# Blender 5.2.2 LTS
# www.blender.org
mtllib canon .mtl
o hell_RenderMesh_140155115651687
v 0.014235 0.034369 0.551472
v -0.000001 0.037201 0.551472
v 0.000000 0.022024 0.551472
v -0.008428 0.020348 0.551472
v 0.008428 0.020348 0.551472
v -0.014237 0.034369 0.551472
v 0.026304 0.026305 0.551472
v -0.015573 0.015574 0.551472
v 0.015574 0.015574 0.551472
v -0.026306 0.026305 0.551472
v 0.034369 0.014236 0.551472
v -0.020348 0.008428 0.551472
v 0.020348 0.008429 0.551472
v -0.034370 0.014236 0.551472
v 0.022024 0.000000 0.551472
v -0.022024 0.000000 0.551472
v 0.037200 0.000000 0.551472
v -0.037201 0.000000 0.551472
v 0.020348 -0.008428 0.551472
v -0.020348 -0.008428 0.551472
v 0.034369 -0.014236 0.551472
v -0.034370 -0.014236 0.551472
v 0.015574 -0.015573 0.551472
v -0.026306 -0.026305 0.551472
v 0.026304 -0.026305 0.551472
v -0.015573 -0.015573 0.551472
v 0.008428 -0.020347 0.551472
v -0.014237 -0.034369 0.551472
v 0.014235 -0.034369 0.551472
v -0.008428 -0.020348 0.551472
v 0.000000 -0.022024 0.551472
v -0.000001 -0.037201 0.551472
v -0.032942 -0.032941 0.433056
v -0.017828 -0.043040 0.433056
v -0.014291 -0.034500 0.433055
v -0.000001 -0.037342 0.433055
v -0.026405 -0.026405 0.433055
v -0.000001 -0.046586 0.433056
v -0.043040 -0.017828 0.433056
v 0.014289 -0.034500 0.433055
v -0.034500 -0.014290 0.433055
v 0.017827 -0.043040 0.433056
v -0.046586 0.000000 0.433056
v 0.026404 -0.026405 0.433055
v -0.037343 0.000000 0.433055
v 0.032940 -0.032941 0.433056
v -0.043040 0.017828 0.433056
v 0.034499 -0.014290 0.433055
v -0.034500 0.014290 0.433055
v 0.043039 -0.017828 0.433056
v -0.026405 0.026405 0.433055
v 0.037341 0.000000 0.433055
v -0.032942 0.032941 0.433056
v 0.046585 0.000000 0.433056
v -0.014291 0.034500 0.433055
v 0.043039 0.017828 0.433056
v -0.017828 0.043040 0.433056
v 0.034499 0.014290 0.433055
v -0.000001 0.037342 0.433055
v 0.032940 0.032941 0.433056
v -0.000001 0.046586 0.433056
v 0.026404 0.026405 0.433055
v 0.014289 0.034500 0.433055
v 0.017827 0.043040 0.433056
v -0.028260 0.048079 -0.551472
v -0.026031 0.062844 -0.551472
v -0.021150 0.051060 -0.551472
v -0.014485 0.053855 -0.551472
v -0.048099 0.048099 -0.551472
v -0.024291 0.038614 -0.551472
v 0.000000 0.068022 -0.551472
v -0.038825 0.023953 -0.551472
v -0.010515 0.044388 -0.551472
v -0.048324 0.027839 -0.551472
v 0.010515 0.044388 -0.551472
v -0.062844 0.026031 -0.551472
v 0.014485 0.053855 -0.551472
v -0.053980 0.014014 -0.551472
v 0.026031 0.062844 -0.551472
v 0.028260 0.048079 -0.551472
v -0.068022 -0.000000 -0.551472
v -0.044481 0.010128 -0.551472
v -0.044391 -0.010516 -0.551472
v -0.053855 -0.014485 -0.551472
v -0.062844 -0.026031 -0.551472
v -0.048079 -0.028260 -0.551472
v 0.048099 0.048099 -0.551472
v 0.024291 0.038614 -0.551472
v 0.038825 0.023953 -0.551472
v 0.048324 0.027839 -0.551472
v 0.062844 0.026031 -0.551472
v 0.053980 0.014014 -0.551472
v -0.048099 -0.048099 -0.551472
v -0.038614 -0.024291 -0.551472
v -0.023953 -0.038825 -0.551472
v -0.027839 -0.048324 -0.551472
v -0.026031 -0.062844 -0.551472
v -0.014014 -0.053980 -0.551472
v 0.068022 -0.000000 -0.551472
v 0.044481 0.010128 -0.551472
v 0.044391 -0.010516 -0.551472
v 0.053855 -0.014485 -0.551472
v 0.062844 -0.026031 -0.551472
v 0.048079 -0.028260 -0.551472
v 0.000000 -0.068022 -0.551472
v -0.010129 -0.044483 -0.551472
v 0.010129 -0.044483 -0.551472
v 0.014014 -0.053980 -0.551472
v 0.026031 -0.062844 -0.551472
v 0.021150 -0.051060 -0.551472
v 0.027839 -0.048324 -0.551472
v 0.048099 -0.048099 -0.551472
v 0.023953 -0.038825 -0.551472
v 0.038614 -0.024291 -0.551472
v -0.032836 0.030801 -0.509437
v -0.038825 0.023953 -0.551472
v -0.024291 0.038614 -0.551472
v -0.038825 0.023953 -0.509437
v -0.024291 0.038614 -0.479359
v -0.032836 0.030801 -0.479359
v -0.026574 0.026574 -0.466226
v -0.014382 0.034720 -0.466226
v -0.034721 0.014382 -0.466226
v -0.001424 0.044968 -0.479359
v 0.000000 0.037581 -0.466226
v -0.044481 0.010128 -0.479359
v -0.037582 -0.000000 -0.466226
v 0.010515 0.044388 -0.479359
v 0.014381 0.034720 -0.466226
v -0.001424 0.044968 -0.509437
v 0.031089 0.032563 -0.479359
v 0.010515 0.044388 -0.551472
v -0.010515 0.044388 -0.551472
v -0.010515 0.044388 -0.509437
v 0.026573 0.026574 -0.466226
v 0.038825 0.023953 -0.479359
v 0.034720 0.014382 -0.466226
v 0.031089 0.032563 -0.509437
v 0.045009 0.001042 -0.479359
v 0.038825 0.023953 -0.551472
v 0.024291 0.038614 -0.551472
v 0.024291 0.038614 -0.509437
v 0.037581 -0.000000 -0.466226
v 0.044391 -0.010516 -0.479359
v 0.034720 -0.014381 -0.466226
v 0.045009 0.001042 -0.509437
v 0.032564 -0.031088 -0.479359
v 0.044391 -0.010516 -0.551472
v 0.044481 0.010128 -0.551472
v 0.044481 0.010128 -0.509437
v 0.026573 -0.026574 -0.466226
v 0.023953 -0.038825 -0.479359
v 0.014381 -0.034720 -0.466226
v 0.032564 -0.031088 -0.509437
v 0.001058 -0.045039 -0.479359
v 0.023953 -0.038825 -0.551472
v 0.038614 -0.024291 -0.551472
v 0.038614 -0.024291 -0.509437
v 0.000000 -0.037581 -0.466226
v -0.010129 -0.044483 -0.479359
v -0.014382 -0.034720 -0.466226
v 0.001058 -0.045039 -0.509437
v -0.030800 -0.032837 -0.479359
v -0.010129 -0.044483 -0.551472
v 0.010129 -0.044483 -0.551472
v 0.010129 -0.044483 -0.509437
v -0.026574 -0.026574 -0.466226
v -0.038614 -0.024291 -0.479359
v -0.034721 -0.014381 -0.466226
v -0.030800 -0.032837 -0.509437
v -0.044998 -0.001440 -0.479359
v -0.038614 -0.024291 -0.551472
v -0.023953 -0.038825 -0.551472
v -0.023953 -0.038825 -0.509437
v -0.044998 -0.001440 -0.509437
v -0.044481 0.010128 -0.551472
v -0.044391 -0.010516 -0.551472
v -0.044391 -0.010516 -0.509437
v 0.050985 0.050985 -0.547468
v 0.062844 0.026031 -0.551472
v 0.048099 0.048099 -0.551472
v 0.066616 0.027593 -0.547468
v 0.068022 -0.000000 -0.551472
v 0.062844 0.026031 -0.551472
v 0.072104 -0.000000 -0.547468
v 0.066616 -0.027593 -0.547468
v 0.068022 -0.000000 -0.551472
v 0.062844 -0.026031 -0.551472
v 0.050985 -0.050985 -0.547468
v 0.062844 -0.026031 -0.551472
v 0.048099 -0.048099 -0.551472
v 0.026031 -0.062844 -0.551472
v 0.048099 -0.048099 -0.551472
v 0.027593 -0.066616 -0.547468
v 0.000000 -0.068022 -0.551472
v 0.000000 -0.072104 -0.547468
v 0.026031 -0.062844 -0.551472
v 0.000000 -0.068022 -0.551472
v -0.027593 -0.066616 -0.547468
v -0.026031 -0.062844 -0.551472
v 0.000000 -0.072104 -0.547468
v -0.050985 -0.050985 -0.547468
v -0.026031 -0.062844 -0.551472
v -0.048099 -0.048099 -0.551472
v -0.062844 -0.026031 -0.551472
v -0.048099 -0.048099 -0.551472
v -0.066616 -0.027593 -0.547468
v -0.068022 -0.000000 -0.551472
v -0.062844 -0.026031 -0.551472
v -0.072104 -0.000000 -0.547468
v -0.066616 0.027593 -0.547468
v -0.068022 -0.000000 -0.551472
v -0.062844 0.026031 -0.551472
v -0.050985 0.050985 -0.547468
v -0.062844 0.026031 -0.551472
v -0.048099 0.048099 -0.551472
v -0.026031 0.062844 -0.551472
v -0.048099 0.048099 -0.551472
v -0.027593 0.066616 -0.547468
v 0.000000 0.068022 -0.551472
v -0.026031 0.062844 -0.551472
v 0.000000 0.072104 -0.547468
v 0.027593 0.066616 -0.547468
v 0.000000 0.068022 -0.551472
v 0.026031 0.062844 -0.551472
v 0.026031 0.062844 -0.551472
v 0.048099 0.048099 -0.551472
v 0.018717 -0.045188 0.132560
v 0.000000 -0.048911 0.132560
v 0.000000 -0.064377 0.132558
v 0.000000 -0.064377 0.132558
v 0.024636 -0.059476 0.132558
v 0.018717 -0.045188 0.132560
v 0.034585 -0.034585 0.132560
v -0.018718 -0.045188 0.132560
v 0.000000 -0.064377 0.132558
v 0.000000 -0.048911 0.132560
v -0.045521 -0.045521 0.132558
v -0.034585 -0.034585 0.132560
v -0.045188 -0.018717 0.132560
v -0.059476 -0.024636 0.132558
v -0.064377 0.000000 0.132558
v -0.045188 0.018717 0.132560
v -0.059476 0.024636 0.132558
v -0.034585 0.034585 0.132560
v -0.045521 0.045521 0.132558
v -0.018718 0.045188 0.132560
v 0.000000 0.064377 0.132558
v 0.000000 0.048911 0.132560
v 0.018717 0.045188 0.132560
v 0.024636 0.059476 0.132558
v 0.034585 0.034585 0.132560
v 0.000000 -0.064377 0.132558
v -0.018718 -0.045188 0.132560
v -0.024636 -0.059476 0.132558
v -0.045521 -0.045521 0.132558
v -0.045521 0.045521 0.132558
v -0.018718 0.045188 0.132560
v -0.024636 0.059476 0.132558
v 0.000000 0.064377 0.132558
v 0.018717 0.045188 0.132560
v 0.000000 0.048911 0.132560
v -0.064377 0.000000 0.132558
v -0.045188 -0.018717 0.132560
v -0.048911 0.000000 0.132560
v -0.045188 0.018717 0.132560
v 0.064376 0.000000 0.132558
v 0.045187 0.018717 0.132560
v 0.048910 0.000000 0.132560
v 0.059476 0.024636 0.132558
v 0.045521 0.045521 0.132558
v 0.034585 0.034585 0.132560
v 0.024636 0.059476 0.132558
v 0.059476 -0.024636 0.132558
v 0.045187 -0.018717 0.132560
v 0.045521 -0.045521 0.132558
v 0.064376 0.000000 0.132558
v 0.048910 0.000000 0.132560
v 0.045521 -0.045521 0.132558
v 0.045187 -0.018717 0.132560
v 0.034585 -0.034585 0.132560
v 0.024636 -0.059476 0.132558
v 0.010515 0.044388 -0.479359
v 0.014485 0.053855 -0.479359
v 0.028260 0.048079 -0.479359
v 0.031089 0.032563 -0.479359
v 0.034082 0.039701 -0.479359
v 0.044391 -0.010516 -0.479359
v 0.053855 -0.014485 -0.479359
v 0.048079 -0.028260 -0.479359
v 0.032564 -0.031088 -0.479359
v 0.039705 -0.034082 -0.479359
v 0.023953 -0.038825 -0.479359
v 0.027839 -0.048324 -0.479359
v 0.014014 -0.053980 -0.479359
v 0.001058 -0.045039 -0.479359
v 0.003978 -0.052175 -0.479359
v -0.010129 -0.044483 -0.479359
v -0.014014 -0.053980 -0.479359
v -0.027839 -0.048324 -0.479359
v -0.030800 -0.032837 -0.479359
v -0.033731 -0.040001 -0.479359
v -0.038614 -0.024291 -0.479359
v -0.048079 -0.028260 -0.479359
v -0.053855 -0.014485 -0.479359
v -0.044998 -0.001440 -0.479359
v -0.052134 -0.004433 -0.479359
v -0.044481 0.010128 -0.479359
v -0.053980 0.014014 -0.479359
v -0.048324 0.027839 -0.479359
v -0.032836 0.030801 -0.479359
v -0.039997 0.033731 -0.479359
v -0.024291 0.038614 -0.479359
v -0.028260 0.048079 -0.479359
v -0.014485 0.053855 -0.479359
v -0.001424 0.044968 -0.479359
v -0.004429 0.052134 -0.479359
v 0.038825 0.023953 -0.479359
v 0.048324 0.027839 -0.479359
v 0.053980 0.014014 -0.479359
v 0.045009 0.001042 -0.479359
v 0.052175 0.003974 -0.479359
v 0.014381 0.034720 -0.466226
v 0.020873 0.020874 -0.436257
v 0.011296 0.027273 -0.436257
v 0.026573 0.026574 -0.466226
v 0.000000 0.037581 -0.466226
v 0.034720 0.014382 -0.466226
v 0.000000 0.029520 -0.436257
v 0.027272 0.011297 -0.436257
v -0.011297 0.027273 -0.436257
v 0.037581 -0.000000 -0.466226
v -0.014382 0.034720 -0.466226
v 0.029519 -0.000000 -0.436257
v -0.020874 0.020874 -0.436257
v 0.027272 -0.011297 -0.436257
v -0.026574 0.026574 -0.466226
v 0.034720 -0.014381 -0.466226
v -0.034721 0.014382 -0.466226
v 0.020873 -0.020874 -0.436257
v -0.027273 0.011297 -0.436257
v 0.026573 -0.026574 -0.466226
v -0.037582 -0.000000 -0.466226
v -0.029520 -0.000000 -0.436257
v 0.014381 -0.034720 -0.466226
v 0.011296 -0.027273 -0.436257
v 0.000000 -0.037581 -0.466226
v 0.000000 -0.029520 -0.436257
v -0.027273 -0.011297 -0.436257
v -0.034721 -0.014381 -0.466226
v -0.020874 -0.020874 -0.436257
v -0.026574 -0.026574 -0.466226
v -0.014382 -0.034720 -0.466226
v -0.011297 -0.027273 -0.436257
v 0.000000 -0.037581 -0.466226
v 0.000000 -0.029520 -0.436257
v -0.080514 -0.033350 -0.418180
v -0.087148 -0.000000 -0.418180
v -0.072104 -0.000000 -0.424224
v -0.033350 -0.080514 -0.418180
v 0.000000 -0.072104 -0.424224
v 0.000000 -0.087148 -0.418180
v 0.066616 0.027593 -0.424224
v 0.050985 0.050985 -0.424224
v 0.061623 0.061623 -0.418180
v -0.061623 0.061623 -0.418180
v -0.027593 0.066616 -0.424224
v -0.050985 0.050985 -0.424224
v -0.033350 0.080514 -0.418180
v 0.000000 0.087148 -0.418180
v 0.000000 0.072104 -0.424224
v -0.027593 -0.066616 -0.424224
v -0.061623 -0.061623 -0.418180
v -0.050985 -0.050985 -0.424224
v -0.066616 -0.027593 -0.424224
v -0.033350 -0.080514 -0.418180
v 0.000000 -0.072104 -0.424224
v -0.080514 -0.033350 -0.418180
v -0.072104 -0.000000 -0.424224
v -0.080514 0.033350 -0.418180
v -0.087148 -0.000000 -0.418180
v -0.066616 0.027593 -0.424224
v -0.061623 0.061623 -0.418180
v -0.050985 0.050985 -0.424224
v 0.061623 -0.061623 -0.418180
v 0.033350 -0.080514 -0.418180
v 0.027593 -0.066616 -0.424224
v 0.000000 -0.072104 -0.424224
v 0.000000 -0.087148 -0.418180
v 0.050985 -0.050985 -0.424224
v 0.066616 -0.027593 -0.424224
v 0.080514 -0.033350 -0.418180
v 0.072104 -0.000000 -0.424224
v 0.087148 -0.000000 -0.418180
v 0.080514 0.033350 -0.418180
v 0.066616 0.027593 -0.424224
v 0.061623 0.061623 -0.418180
v 0.027593 0.066616 -0.424224
v 0.050985 0.050985 -0.424224
v 0.033350 0.080514 -0.418180
v 0.000000 0.072104 -0.424224
v 0.000000 0.087148 -0.418180
v -0.033350 0.080514 -0.418180
v -0.027593 0.066616 -0.424224
v 0.000000 -0.087148 -0.418180
v 0.033350 -0.080514 -0.418180
v 0.000000 -0.087148 -0.397584
v 0.033350 -0.080514 -0.397584
v 0.061623 -0.061623 -0.418180
v 0.061623 -0.061623 -0.397584
v 0.080514 -0.033350 -0.397584
v 0.080514 -0.033350 -0.418180
v 0.087148 -0.000000 -0.397584
v 0.087148 -0.000000 -0.418180
v 0.080514 0.033350 -0.418180
v 0.080514 0.033350 -0.397584
v 0.061623 0.061623 -0.418180
v 0.061623 0.061623 -0.397584
v 0.033350 0.080514 -0.418180
v 0.033350 0.080514 -0.397584
v 0.000000 0.087148 -0.418180
v 0.000000 0.087148 -0.397584
v -0.033350 0.080514 -0.418180
v -0.033350 0.080514 -0.397584
v -0.061623 0.061623 -0.418180
v -0.061623 0.061623 -0.397584
v -0.080514 0.033350 -0.418180
v -0.080514 0.033350 -0.397584
v -0.087148 -0.000000 -0.397584
v -0.087148 -0.000000 -0.418180
v -0.080514 -0.033350 -0.418180
v -0.080514 -0.033350 -0.397584
v -0.061623 -0.061623 -0.418180
v -0.061623 -0.061623 -0.397584
v -0.033350 -0.080514 -0.418180
v -0.033350 -0.080514 -0.397584
v 0.000000 -0.087148 -0.418180
v 0.000000 -0.087148 -0.397584
v 0.000000 -0.072104 -0.424224
v 0.000000 -0.072104 -0.547468
v 0.027593 -0.066616 -0.547468
v 0.027593 -0.066616 -0.424224
v 0.050985 -0.050985 -0.547468
v 0.050985 -0.050985 -0.424224
v 0.066616 -0.027593 -0.547468
v 0.066616 -0.027593 -0.424224
v 0.072104 -0.000000 -0.547468
v 0.072104 -0.000000 -0.424224
v 0.066616 0.027593 -0.547468
v 0.066616 0.027593 -0.424224
v 0.050985 0.050985 -0.547468
v 0.050985 0.050985 -0.424224
v 0.027593 0.066616 -0.547468
v 0.027593 0.066616 -0.424224
v 0.000000 0.072104 -0.547468
v 0.000000 0.072104 -0.424224
v -0.027593 0.066616 -0.547468
v -0.027593 0.066616 -0.424224
v -0.050985 0.050985 -0.547468
v -0.050985 0.050985 -0.424224
v -0.066616 0.027593 -0.424224
v -0.066616 0.027593 -0.547468
v -0.072104 -0.000000 -0.424224
v -0.072104 -0.000000 -0.547468
v -0.066616 -0.027593 -0.424224
v -0.066616 -0.027593 -0.547468
v -0.050985 -0.050985 -0.424224
v -0.050985 -0.050985 -0.547468
v -0.027593 -0.066616 -0.547468
v -0.027593 -0.066616 -0.424224
v 0.000000 -0.072104 -0.547468
v 0.000000 -0.072104 -0.424224
v -0.020348 0.008428 -0.315711
v -0.029520 -0.000000 -0.335212
v -0.027273 0.011297 -0.335212
v -0.022024 -0.000000 -0.315711
v -0.015573 0.015574 -0.315711
v -0.020348 -0.008428 -0.315711
v -0.020874 0.020874 -0.335212
v -0.027273 -0.011297 -0.335212
v -0.011297 0.027273 -0.335212
v -0.015573 -0.015573 -0.315711
v -0.008428 0.020348 -0.315711
v -0.020874 -0.020874 -0.335212
v 0.000000 0.029520 -0.335212
v -0.011297 -0.027273 -0.335212
v 0.000000 0.022024 -0.315711
v -0.008428 -0.020348 -0.315711
v 0.000000 -0.029520 -0.335212
v 0.000000 -0.022024 -0.315711
v 0.008428 0.020348 -0.315711
v 0.011297 0.027273 -0.335212
v 0.015573 0.015574 -0.315711
v 0.020874 0.020874 -0.335212
v 0.027273 0.011297 -0.335212
v 0.020348 0.008428 -0.315711
v 0.029520 -0.000000 -0.335212
v 0.022024 -0.000000 -0.315711
v 0.020348 -0.008428 -0.315711
v 0.027273 -0.011297 -0.335212
v 0.015573 -0.015573 -0.315711
v 0.020874 -0.020874 -0.335212
v 0.011297 -0.027273 -0.335212
v 0.008428 -0.020348 -0.315711
v 0.000000 -0.029520 -0.335212
v 0.000000 -0.022024 -0.315711
v 0.059469 -0.024633 0.123494
v 0.064376 0.000000 0.132558
v 0.059476 -0.024636 0.132558
v 0.045516 -0.045516 0.123494
v -0.045516 -0.045516 0.123494
v -0.024633 -0.059470 0.123494
v -0.024636 -0.059476 0.132558
v 0.024633 -0.059470 0.123494
v 0.000000 -0.064377 0.132558
v 0.000000 -0.064369 0.123494
v 0.000000 -0.072897 -0.267469
v -0.023315 -0.056289 -0.107716
v -0.027897 -0.067348 -0.267469
v 0.000000 -0.060926 -0.107716
v 0.000000 -0.072897 -0.391540
v -0.027897 -0.067348 -0.391540
v -0.043081 -0.043081 -0.107716
v -0.051546 -0.051546 -0.267469
v -0.051546 -0.051546 -0.391540
v -0.067348 -0.027897 -0.267469
v 0.045516 -0.045516 0.123494
v 0.024636 -0.059476 0.132558
v 0.024633 -0.059470 0.123494
v 0.000000 -0.064377 0.132558
v 0.045521 -0.045521 0.132558
v 0.059476 -0.024636 0.132558
v 0.064376 0.000000 0.132558
v 0.059469 -0.024633 0.123494
v 0.064369 0.000000 0.123494
v 0.059469 0.024633 0.123494
v 0.059476 0.024636 0.132558
v 0.045516 0.045516 0.123494
v 0.045521 0.045521 0.132558
v 0.024636 0.059476 0.132558
v 0.024633 0.059470 0.123494
v -0.034786 -0.034786 0.281093
v -0.032942 -0.032941 0.433056
v -0.045450 -0.018826 0.281093
v 0.024636 0.059476 0.132558
v 0.045521 0.045521 0.132558
v 0.045516 0.045516 0.123494
v 0.000000 0.064377 0.132558
v 0.024633 0.059470 0.123494
v 0.000000 0.064369 0.123494
v -0.024633 0.059470 0.123494
v -0.045516 0.045516 0.123494
v -0.024636 0.059476 0.132558
v -0.059470 0.024633 0.123494
v -0.059476 0.024636 0.132558
v 0.049194 0.000000 0.281093
v 0.043039 -0.017828 0.433056
v 0.045450 -0.018826 0.281093
v 0.046585 0.000000 0.433056
v 0.032940 -0.032941 0.433056
v 0.034786 -0.034786 0.281093
v 0.018826 -0.045450 0.281093
v 0.034585 -0.034585 0.132560
v 0.045187 -0.018717 0.132560
v 0.018717 -0.045188 0.132560
v 0.017827 -0.043040 0.433056
v 0.000000 -0.049195 0.281093
v 0.054820 -0.022707 0.109002
v 0.061003 0.000000 0.116413
v 0.056359 -0.023345 0.116413
v 0.064369 0.000000 0.123494
v 0.056359 0.023345 0.116413
v 0.059469 0.024633 0.123494
v 0.041957 -0.041958 0.109002
v 0.043136 -0.043136 0.116413
v 0.056289 -0.023316 -0.107716
v 0.060926 -0.000000 -0.107716
v 0.059337 0.000000 0.109002
v 0.054820 0.022707 0.109002
v 0.024633 -0.059470 0.123494
v 0.045516 -0.045516 0.123494
v 0.059469 -0.024633 0.123494
v 0.023345 -0.056360 0.116413
v 0.022707 -0.054820 0.109002
v 0.000000 -0.061003 0.116413
v 0.023315 -0.056289 -0.107716
v 0.000000 -0.060926 -0.107716
v -0.045450 0.018826 0.281093
v -0.032942 0.032941 0.433056
v -0.034786 0.034786 0.281093
v -0.018826 0.045450 0.281093
v -0.017828 0.043040 0.433056
v 0.000000 0.049195 0.281093
v 0.018826 0.045450 0.281093
v 0.018717 0.045188 0.132560
v 0.034585 0.034585 0.132560
v -0.064377 0.000000 0.132558
v -0.059476 0.024636 0.132558
v -0.059470 0.024633 0.123494
v -0.064370 0.000000 0.123494
v -0.059470 -0.024633 0.123494
v -0.059476 -0.024636 0.132558
v -0.045516 -0.045516 0.123494
v -0.045521 -0.045521 0.132558
v -0.024636 -0.059476 0.132558
v -0.045521 0.045521 0.132558
v -0.045516 0.045516 0.123494
v -0.024636 0.059476 0.132558
v 0.000000 0.064377 0.132558
v -0.024633 0.059470 0.123494
v -0.024633 -0.059470 0.123494
v 0.000000 -0.064377 0.132558
v 0.000000 -0.064369 0.123494
v 0.018826 -0.045450 0.281093
v 0.032940 -0.032941 0.433056
v 0.017827 -0.043040 0.433056
v 0.000000 -0.049195 0.281093
v -0.000001 -0.046586 0.433056
v 0.018717 -0.045188 0.132560
v 0.000000 -0.048911 0.132560
v 0.034585 -0.034585 0.132560
v 0.034786 -0.034786 0.281093
v 0.045450 -0.018826 0.281093
v 0.045187 -0.018717 0.132560
v 0.049194 0.000000 0.281093
v 0.048910 0.000000 0.132560
v 0.045187 0.018717 0.132560
v 0.045450 0.018826 0.281093
v 0.034585 0.034585 0.132560
v 0.043039 0.017828 0.433056
v 0.046585 0.000000 0.433056
v 0.032940 0.032941 0.433056
v 0.034786 0.034786 0.281093
v 0.018826 0.045450 0.281093
v 0.017827 0.043040 0.433056
v 0.000000 0.049195 0.281093
v -0.000001 0.046586 0.433056
v -0.017828 0.043040 0.433056
v 0.018717 0.045188 0.132560
v 0.000000 0.048911 0.132560
v -0.018718 0.045188 0.132560
v -0.018826 0.045450 0.281093
v -0.034585 0.034585 0.132560
v -0.034786 0.034786 0.281093
v -0.045450 0.018826 0.281093
v -0.045188 0.018717 0.132560
v -0.049195 0.000000 0.281093
v -0.048911 0.000000 0.132560
v -0.045188 -0.018717 0.132560
v -0.032942 0.032941 0.433056
v -0.043040 0.017828 0.433056
v -0.046586 0.000000 0.433056
v -0.043040 -0.017828 0.433056
v -0.045450 -0.018826 0.281093
v -0.034585 -0.034585 0.132560
v -0.032942 -0.032941 0.433056
v -0.034786 -0.034786 0.281093
v -0.018826 -0.045450 0.281093
v -0.017828 -0.043040 0.433056
v -0.018718 -0.045188 0.132560
v 0.000000 -0.049195 0.281093
v -0.000001 -0.046586 0.433056
v 0.000000 -0.048911 0.132560
v 0.022707 -0.054820 0.109002
v 0.000000 -0.061003 0.116413
v 0.000000 -0.059337 0.109002
v 0.000000 -0.060926 -0.107716
v 0.023345 -0.056360 0.116413
v 0.000000 -0.064369 0.123494
v 0.024633 -0.059470 0.123494
v 0.043136 -0.043136 0.116413
v 0.056359 -0.023345 0.116413
v 0.059469 -0.024633 0.123494
v 0.064369 0.000000 0.123494
v -0.026306 0.026305 0.551472
v -0.034500 0.014290 0.433055
v -0.034370 0.014236 0.551472
v -0.014237 0.034369 0.551472
v -0.014291 0.034500 0.433055
v -0.026306 0.026305 0.551472
v -0.026405 0.026405 0.433055
v -0.034500 0.014290 0.433055
v 0.037341 0.000000 0.433055
v 0.034369 0.014236 0.551472
v 0.037200 0.000000 0.551472
v 0.034369 -0.014236 0.551472
v 0.034499 -0.014290 0.433055
v -0.027273 -0.011297 -0.436257
v -0.037582 -0.000000 -0.466226
v -0.029520 -0.000000 -0.436257
v 0.026304 0.026305 0.551472
v 0.014289 0.034500 0.433055
v 0.014235 0.034369 0.551472
v 0.034499 0.014290 0.433055
v 0.026404 0.026405 0.433055
v 0.034369 0.014236 0.551472
v 0.037341 0.000000 0.433055
v -0.000001 0.037201 0.551472
v -0.000001 0.037342 0.433055
v -0.014237 0.034369 0.551472
v -0.014291 0.034500 0.433055
v 0.014235 0.034369 0.551472
v 0.014289 0.034500 0.433055
v 0.026304 0.026305 0.551472
v 0.026404 0.026405 0.433055
v -0.026306 -0.026305 0.551472
v -0.014291 -0.034500 0.433055
v -0.014237 -0.034369 0.551472
v -0.000001 -0.037342 0.433055
v -0.026405 -0.026405 0.433055
v -0.034500 -0.014290 0.433055
v -0.034370 -0.014236 0.551472
v -0.037343 0.000000 0.433055
v 0.026404 -0.026405 0.433055
v 0.026304 -0.026305 0.551472
v 0.014289 -0.034500 0.433055
v 0.034499 -0.014290 0.433055
v 0.034369 -0.014236 0.551472
v 0.014235 -0.034369 0.551472
v -0.000001 -0.037342 0.433055
v -0.000001 -0.037201 0.551472
v -0.014237 -0.034369 0.551472
v -0.037343 0.000000 0.433055
v -0.034370 0.014236 0.551472
v -0.037201 0.000000 0.551472
v -0.034370 -0.014236 0.551472
v -0.034500 -0.014290 0.433055
v -0.026306 -0.026305 0.551472
v -0.014291 -0.034500 0.433055
v -0.026405 -0.026405 0.433055
v 0.000000 -0.072897 -0.267469
v 0.000000 -0.072897 -0.391540
v 0.027897 -0.067348 -0.391540
v 0.023315 -0.056289 -0.107716
v 0.000000 -0.060926 -0.107716
v 0.043081 -0.043081 -0.107716
v 0.041957 -0.041958 0.109002
v 0.056289 -0.023316 -0.107716
v 0.072897 -0.000000 -0.267469
v 0.060926 -0.000000 -0.107716
v 0.056289 0.023315 -0.107716
v 0.067348 0.027897 -0.267469
v 0.054820 0.022707 0.109002
v 0.043081 0.043081 -0.107716
v 0.051546 0.051546 -0.267469
v 0.027897 0.067348 -0.267469
v 0.023315 0.056289 -0.107716
v 0.000000 0.072897 -0.267469
v 0.041957 0.041958 0.109002
v 0.023315 0.056289 -0.107716
v 0.000000 0.060926 -0.107716
v 0.022707 0.054820 0.109002
v 0.000000 0.059337 0.109002
v 0.000000 0.061003 0.116413
v -0.022708 0.054820 0.109002
v -0.023345 0.056360 0.116413
v -0.023315 0.056289 -0.107716
v -0.027897 0.067348 -0.267469
v -0.041958 0.041958 0.109002
v -0.043081 0.043081 -0.107716
v -0.056289 0.023315 -0.107716
v -0.043081 0.043081 -0.107716
v -0.051546 0.051546 -0.267469
v -0.067348 0.027897 -0.267469
v -0.056289 0.023315 -0.107716
v -0.072897 -0.000000 -0.267469
v -0.060926 -0.000000 -0.107716
v -0.054820 0.022707 0.109002
v -0.056360 0.023345 0.116413
v -0.056289 -0.023316 -0.107716
v -0.064370 0.000000 0.123494
v -0.059470 0.024633 0.123494
v -0.059337 0.000000 0.109002
v -0.054820 -0.022707 0.109002
v -0.061004 0.000000 0.116413
v -0.056360 -0.023345 0.116413
v -0.043136 0.043136 0.116413
v -0.045516 0.045516 0.123494
v -0.024633 0.059470 0.123494
v -0.043081 -0.043081 -0.107716
v -0.041958 -0.041958 0.109002
v -0.022708 -0.054820 0.109002
v 0.000000 -0.060926 -0.107716
v 0.000000 -0.059337 0.109002
v 0.000000 -0.061003 0.116413
v -0.023345 -0.056360 0.116413
v 0.000000 -0.064369 0.123494
v -0.024633 -0.059470 0.123494
v -0.020874 -0.020874 -0.335212
v -0.011297 -0.027273 -0.436257
v -0.020874 -0.020874 -0.436257
v -0.011297 -0.027273 -0.335212
v 0.000000 -0.029520 -0.436257
v 0.000000 -0.029520 -0.335212
v -0.027273 -0.011297 -0.436257
v -0.027273 -0.011297 -0.335212
v -0.029520 -0.000000 -0.436257
v -0.029520 -0.000000 -0.335212
v -0.027273 0.011297 -0.436257
v -0.027273 0.011297 -0.335212
v -0.020874 0.020874 -0.436257
v -0.020874 0.020874 -0.335212
v -0.011297 0.027273 -0.436257
v -0.011297 0.027273 -0.335212
v 0.000000 0.029520 -0.436257
v 0.000000 0.029520 -0.335212
v 0.011296 0.027273 -0.436257
v 0.011297 0.027273 -0.335212
v 0.020873 0.020874 -0.436257
v 0.020874 0.020874 -0.335212
v 0.027273 0.011297 -0.335212
v 0.027272 0.011297 -0.436257
v 0.029520 -0.000000 -0.335212
v 0.029519 -0.000000 -0.436257
v 0.027273 -0.011297 -0.335212
v 0.027272 -0.011297 -0.436257
v 0.020874 -0.020874 -0.335212
v 0.020873 -0.020874 -0.436257
v 0.011297 -0.027273 -0.335212
v 0.011296 -0.027273 -0.436257
v 0.000000 -0.029520 -0.335212
v 0.000000 -0.029520 -0.436257
v -0.061004 0.000000 0.116413
v -0.056360 0.023345 0.116413
v -0.054820 0.022707 0.109002
v -0.041958 0.041958 0.109002
v -0.056289 0.023315 -0.107716
v -0.064370 0.000000 0.123494
v -0.043136 0.043136 0.116413
v -0.059470 0.024633 0.123494
v -0.023345 0.056360 0.116413
v -0.024633 0.059470 0.123494
v 0.000000 0.064369 0.123494
v 0.000000 0.061003 0.116413
v 0.023345 0.056360 0.116413
v 0.022707 0.054820 0.109002
v 0.041957 0.041958 0.109002
v 0.023315 0.056289 -0.107716
v -0.056360 -0.023345 0.116413
v -0.059470 -0.024633 0.123494
v -0.043136 -0.043136 0.116413
v -0.045516 -0.045516 0.123494
v -0.024633 -0.059470 0.123494
v -0.023345 -0.056360 0.116413
v -0.041958 -0.041958 0.109002
v -0.054820 -0.022707 0.109002
v -0.056289 -0.023316 -0.107716
v -0.022708 -0.054820 0.109002
v 0.000000 -0.061003 0.116413
v 0.027839 -0.048324 -0.551472
v 0.023953 -0.038825 -0.479359
v 0.023953 -0.038825 -0.551472
v 0.027839 -0.048324 -0.479359
v -0.038614 -0.024291 -0.479359
v -0.038614 -0.024291 -0.551472
v -0.048079 -0.028260 -0.479359
v -0.048079 -0.028260 -0.551472
v 0.053855 -0.014485 -0.551472
v 0.053855 -0.014485 -0.479359
v 0.044391 -0.010516 -0.551472
v 0.044391 -0.010516 -0.479359
v -0.024291 0.038614 -0.479359
v -0.028260 0.048079 -0.551472
v -0.028260 0.048079 -0.479359
v -0.024291 0.038614 -0.551472
v 0.014485 0.053855 -0.551472
v 0.010515 0.044388 -0.479359
v 0.010515 0.044388 -0.551472
v 0.014485 0.053855 -0.479359
v 0.038825 0.023953 -0.479359
v 0.038825 0.023953 -0.551472
v 0.048324 0.027839 -0.551472
v 0.048324 0.027839 -0.479359
v -0.044481 0.010128 -0.479359
v -0.044481 0.010128 -0.551472
v -0.053980 0.014014 -0.479359
v -0.053980 0.014014 -0.551472
v 0.048079 -0.028260 -0.551472
v 0.038614 -0.024291 -0.509437
v 0.048079 -0.028260 -0.509437
v 0.038614 -0.024291 -0.551472
v 0.028260 0.048079 -0.551472
v 0.024291 0.038614 -0.509437
v 0.028260 0.048079 -0.509437
v 0.024291 0.038614 -0.551472
v 0.014014 -0.053980 -0.509437
v 0.014014 -0.053980 -0.551472
v 0.010129 -0.044483 -0.509437
v 0.010129 -0.044483 -0.551472
v -0.023953 -0.038825 -0.551472
v -0.023953 -0.038825 -0.509437
v -0.027839 -0.048324 -0.509437
v -0.027839 -0.048324 -0.551472
v -0.038825 0.023953 -0.551472
v -0.038825 0.023953 -0.509437
v -0.048324 0.027839 -0.551472
v -0.048324 0.027839 -0.509437
v -0.044391 -0.010516 -0.551472
v -0.044391 -0.010516 -0.509437
v -0.053855 -0.014485 -0.551472
v -0.053855 -0.014485 -0.509437
v 0.044481 0.010128 -0.551472
v 0.044481 0.010128 -0.509437
v 0.053980 0.014014 -0.509437
v 0.053980 0.014014 -0.551472
v -0.014485 0.053855 -0.551472
v -0.010515 0.044388 -0.509437
v -0.014485 0.053855 -0.509437
v -0.010515 0.044388 -0.551472
v -0.014014 -0.053980 -0.551472
v -0.014014 -0.053980 -0.479359
v -0.010129 -0.044483 -0.551472
v -0.010129 -0.044483 -0.479359
v -0.067348 -0.027897 -0.391540
v -0.072897 -0.000000 -0.391540
v -0.067348 0.027897 -0.391540
v -0.067348 0.027897 -0.267469
v -0.051546 0.051546 -0.391540
v -0.051546 0.051546 -0.267469
v -0.027897 0.067348 -0.391540
v 0.000000 0.072897 -0.391540
v 0.027897 0.067348 -0.267469
v 0.027897 0.067348 -0.391540
v 0.051546 0.051546 -0.391540
v 0.067348 0.027897 -0.267469
v 0.067348 0.027897 -0.391540
v 0.072897 -0.000000 -0.391540
v 0.067348 -0.027897 -0.267469
v 0.067348 -0.027897 -0.391540
v 0.051546 -0.051546 -0.391540
v 0.051546 -0.051546 -0.267469
v 0.043081 -0.043081 -0.107716
v 0.027897 -0.067348 -0.267469
v 0.027897 -0.067348 -0.267469
v -0.004429 0.052134 -0.479359
v -0.004429 0.052134 -0.509437
v -0.001424 0.044968 -0.509437
v -0.001424 0.044968 -0.479359
v 0.045009 0.001042 -0.509437
v 0.045009 0.001042 -0.479359
v 0.052175 0.003974 -0.479359
v 0.052175 0.003974 -0.509437
v -0.044998 -0.001440 -0.509437
v -0.052134 -0.004433 -0.479359
v -0.052134 -0.004433 -0.509437
v -0.044998 -0.001440 -0.479359
v -0.032836 0.030801 -0.509437
v -0.039997 0.033731 -0.479359
v -0.039997 0.033731 -0.509437
v -0.032836 0.030801 -0.479359
v -0.033731 -0.040001 -0.479359
v -0.033731 -0.040001 -0.509437
v -0.030800 -0.032837 -0.479359
v -0.030800 -0.032837 -0.509437
v 0.001058 -0.045039 -0.509437
v 0.001058 -0.045039 -0.479359
v 0.003978 -0.052175 -0.479359
v 0.003978 -0.052175 -0.509437
v 0.034082 0.039701 -0.479359
v 0.034082 0.039701 -0.509437
v 0.031089 0.032563 -0.509437
v 0.031089 0.032563 -0.479359
v 0.039705 -0.034082 -0.479359
v 0.039705 -0.034082 -0.509437
v 0.032564 -0.031088 -0.479359
v 0.032564 -0.031088 -0.509437
v -0.022024 0.000000 0.551472
v -0.020348 0.008428 -0.315711
v -0.020348 0.008428 0.551472
v -0.022024 -0.000000 -0.315711
v -0.020348 -0.008428 0.551472
v -0.015573 0.015574 -0.315711
v -0.015573 0.015574 0.551472
v -0.008428 0.020348 -0.315711
v -0.008428 0.020348 0.551472
v 0.000000 0.022024 -0.315711
v 0.000000 0.022024 0.551472
v 0.008428 0.020348 -0.315711
v 0.008428 0.020348 0.551472
v 0.020348 -0.008428 -0.315711
v 0.015574 -0.015573 0.551472
v 0.020348 -0.008428 0.551472
v 0.015573 -0.015573 -0.315711
v 0.008428 -0.020347 0.551472
v 0.008428 -0.020348 -0.315711
v 0.000000 -0.022024 0.551472
v 0.000000 -0.022024 -0.315711
v -0.008428 -0.020348 0.551472
v 0.015574 -0.015573 0.551472
v 0.020348 -0.008428 -0.315711
v 0.015573 -0.015573 -0.315711
v 0.008428 -0.020347 0.551472
v 0.008428 -0.020348 -0.315711
v 0.020348 -0.008428 0.551472
v 0.022024 -0.000000 -0.315711
v 0.022024 0.000000 0.551472
v 0.020348 0.008428 -0.315711
v -0.022024 -0.000000 -0.315711
v -0.020348 -0.008428 0.551472
v -0.020348 -0.008428 -0.315711
v -0.015573 -0.015573 0.551472
v 0.015573 0.015574 -0.315711
v 0.020348 0.008429 0.551472
v 0.015574 0.015574 0.551472
v 0.008428 0.020348 0.551472
v 0.008428 0.020348 -0.315711
v 0.020348 0.008428 -0.315711
v 0.022024 0.000000 0.551472
v -0.020348 -0.008428 -0.315711
v -0.015573 -0.015573 0.551472
v -0.015573 -0.015573 -0.315711
v -0.008428 -0.020348 -0.315711
v -0.008428 -0.020348 0.551472
v 0.000000 -0.022024 -0.315711
v -0.015573 0.015574 -0.315711
v -0.020348 0.008428 0.551472
v -0.020348 0.008428 -0.315711
v -0.011297 0.027273 -0.436257
v -0.020874 0.020874 -0.335212
v -0.020874 0.020874 -0.436257
v -0.027273 -0.011297 -0.436257
v -0.020874 -0.020874 -0.335212
v -0.020874 -0.020874 -0.436257
v 0.061003 0.000000 0.116413
v 0.054820 -0.022707 0.109002
v 0.059337 0.000000 0.109002
v 0.056359 0.023345 0.116413
v 0.043136 0.043136 0.116413
v 0.059469 0.024633 0.123494
v 0.045516 0.045516 0.123494
v 0.023345 0.056360 0.116413
v 0.024633 0.059470 0.123494
v 0.000000 0.064369 0.123494
v 0.048079 -0.028260 -0.509437
v 0.053855 -0.014485 -0.551472
v 0.048079 -0.028260 -0.551472
v 0.053855 -0.014485 -0.479359
v 0.048079 -0.028260 -0.479359
v 0.039705 -0.034082 -0.479359
v 0.039705 -0.034082 -0.509437
v -0.053980 0.014014 -0.551472
v -0.048324 0.027839 -0.509437
v -0.053980 0.014014 -0.479359
v -0.048324 0.027839 -0.551472
v -0.048324 0.027839 -0.479359
v -0.039997 0.033731 -0.509437
v -0.039997 0.033731 -0.479359
v -0.014014 -0.053980 -0.479359
v -0.027839 -0.048324 -0.509437
v -0.027839 -0.048324 -0.479359
v -0.033731 -0.040001 -0.479359
v -0.033731 -0.040001 -0.509437
v -0.014014 -0.053980 -0.551472
v -0.027839 -0.048324 -0.551472
v 0.034082 0.039701 -0.509437
v 0.028260 0.048079 -0.479359
v 0.028260 0.048079 -0.509437
v 0.034082 0.039701 -0.479359
v 0.014485 0.053855 -0.479359
v 0.014485 0.053855 -0.551472
v 0.028260 0.048079 -0.551472
v -0.052134 -0.004433 -0.479359
v -0.053855 -0.014485 -0.509437
v -0.052134 -0.004433 -0.509437
v -0.053855 -0.014485 -0.479359
v -0.048079 -0.028260 -0.479359
v -0.048079 -0.028260 -0.551472
v -0.053855 -0.014485 -0.551472
v -0.014485 0.053855 -0.551472
v -0.014485 0.053855 -0.509437
v -0.021150 0.051060 -0.551472
v -0.028260 0.048079 -0.551472
v -0.028260 0.048079 -0.479359
v -0.014485 0.053855 -0.479359
v -0.004429 0.052134 -0.479359
v -0.004429 0.052134 -0.509437
v 0.052175 0.003974 -0.509437
v 0.053980 0.014014 -0.479359
v 0.053980 0.014014 -0.509437
v 0.052175 0.003974 -0.479359
v 0.048324 0.027839 -0.479359
v 0.048324 0.027839 -0.551472
v 0.053980 0.014014 -0.551472
v 0.027839 -0.048324 -0.479359
v 0.014014 -0.053980 -0.509437
v 0.014014 -0.053980 -0.479359
v 0.003978 -0.052175 -0.479359
v 0.003978 -0.052175 -0.509437
v 0.027839 -0.048324 -0.551472
v 0.021150 -0.051060 -0.551472
v 0.014014 -0.053980 -0.551472
v 0.072897 -0.000000 -0.391540
v 0.080514 0.033350 -0.397584
v 0.067348 0.027897 -0.391540
v 0.087148 -0.000000 -0.397584
v 0.000000 -0.072897 -0.391540
v 0.033350 -0.080514 -0.397584
v 0.027897 -0.067348 -0.391540
v 0.000000 -0.087148 -0.397584
v -0.080514 0.033350 -0.397584
v -0.072897 -0.000000 -0.391540
v -0.067348 0.027897 -0.391540
v -0.087148 -0.000000 -0.397584
v -0.080514 -0.033350 -0.397584
v -0.067348 -0.027897 -0.391540
v 0.080514 -0.033350 -0.397584
v 0.087148 -0.000000 -0.397584
v 0.072897 -0.000000 -0.391540
v 0.067348 -0.027897 -0.391540
v 0.061623 -0.061623 -0.397584
v 0.051546 -0.051546 -0.391540
v 0.027897 -0.067348 -0.391540
v 0.033350 -0.080514 -0.397584
v -0.080514 -0.033350 -0.397584
v -0.072897 -0.000000 -0.391540
v -0.087148 -0.000000 -0.397584
v -0.061623 -0.061623 -0.397584
v -0.067348 -0.027897 -0.391540
v -0.051546 -0.051546 -0.391540
v -0.027897 -0.067348 -0.391540
v -0.033350 -0.080514 -0.397584
v 0.000000 -0.072897 -0.391540
v 0.000000 -0.087148 -0.397584
v -0.061623 0.061623 -0.397584
v -0.027897 0.067348 -0.391540
v -0.033350 0.080514 -0.397584
v -0.051546 0.051546 -0.391540
v -0.067348 0.027897 -0.391540
v -0.080514 0.033350 -0.397584
v 0.000000 0.072897 -0.391540
v 0.000000 0.087148 -0.397584
v 0.033350 0.080514 -0.397584
v 0.027897 0.067348 -0.391540
v 0.061623 0.061623 -0.397584
v 0.051546 0.051546 -0.391540
v 0.067348 0.027897 -0.391540
v 0.080514 0.033350 -0.397584
v 0.048079 -0.028260 -0.509437
v 0.038614 -0.024291 -0.509437
v 0.039705 -0.034082 -0.509437
v 0.032564 -0.031088 -0.509437
v -0.052134 -0.004433 -0.509437
v -0.044391 -0.010516 -0.509437
v -0.044998 -0.001440 -0.509437
v -0.053855 -0.014485 -0.509437
v 0.034082 0.039701 -0.509437
v 0.024291 0.038614 -0.509437
v 0.031089 0.032563 -0.509437
v 0.028260 0.048079 -0.509437
v 0.044481 0.010128 -0.509437
v 0.052175 0.003974 -0.509437
v 0.053980 0.014014 -0.509437
v 0.045009 0.001042 -0.509437
v -0.010515 0.044388 -0.509437
v -0.004429 0.052134 -0.509437
v -0.014485 0.053855 -0.509437
v -0.001424 0.044968 -0.509437
v 0.001058 -0.045039 -0.509437
v 0.003978 -0.052175 -0.509437
v 0.010129 -0.044483 -0.509437
v 0.014014 -0.053980 -0.509437
v -0.027839 -0.048324 -0.509437
v -0.023953 -0.038825 -0.509437
v -0.033731 -0.040001 -0.509437
v -0.030800 -0.032837 -0.509437
v -0.032836 0.030801 -0.509437
v -0.039997 0.033731 -0.509437
v -0.038825 0.023953 -0.509437
v -0.048324 0.027839 -0.509437
v 0.057934 -0.002757 -0.045073
v 0.057934 0.002757 -0.046927
v 0.062929 0.002995 -0.046927
v 0.062929 -0.002995 -0.045073
v 0.057986 -0.001281 -0.040370
v 0.057845 0.004232 -0.042224
v 0.062832 0.004596 -0.042224
v 0.062985 -0.001391 -0.040370
v 0.058000 0.000197 -0.035666
v 0.057719 0.005703 -0.037520
v 0.062695 0.006195 -0.037520
v 0.063000 0.000213 -0.035666
v 0.057976 0.001674 -0.030963
v 0.057555 0.007172 -0.032817
v 0.062517 0.007790 -0.032817
v 0.062974 0.001818 -0.030963
v 0.057914 0.003150 -0.026259
v 0.057354 0.008635 -0.028113
v 0.062298 0.009379 -0.028113
v 0.062907 0.003421 -0.026259
v 0.057815 0.004624 -0.021556
v 0.057115 0.010093 -0.023410
v 0.062039 0.010963 -0.023410
v 0.062800 0.005022 -0.021556
v 0.057679 0.006094 -0.016852
v 0.056840 0.011544 -0.018706
v 0.061739 0.012539 -0.018706
v 0.062651 0.006620 -0.016852
v 0.057505 0.007561 -0.012149
v 0.056527 0.012988 -0.014003
v 0.061400 0.014108 -0.014003
v 0.062462 0.008213 -0.012149
v 0.057294 0.009024 -0.007445
v 0.056178 0.014424 -0.009299
v 0.061021 0.015667 -0.009299
v 0.062233 0.009801 -0.007445
v 0.057045 0.010480 -0.002742
v 0.055792 0.015850 -0.004596
v 0.060602 0.017216 -0.004596
v 0.061963 0.011383 -0.002742
v 0.056760 0.011929 0.001961
v 0.055371 0.017265 0.000107
v 0.060144 0.018754 0.000107
v 0.061653 0.012958 0.001961
v 0.053804 0.021661 -0.030461
v 0.052438 0.024784 -0.025607
v 0.056959 0.026920 -0.025607
v 0.058442 0.023528 -0.030461
v 0.055127 0.018027 -0.027555
v 0.053973 0.021235 -0.022701
v 0.058626 0.023065 -0.022701
v 0.059880 0.019581 -0.027555
v 0.056206 0.014314 -0.024648
v 0.055268 0.017591 -0.019794
v 0.060033 0.019108 -0.019794
v 0.061051 0.015548 -0.024648
v 0.057035 0.010537 -0.021741
v 0.056317 0.013869 -0.016887
v 0.061172 0.015065 -0.016887
v 0.061952 0.011445 -0.021741
v 0.057610 0.006713 -0.018834
v 0.057116 0.010086 -0.013980
v 0.062040 0.010955 -0.013980
v 0.062577 0.007292 -0.018834
v 0.057929 0.002859 -0.015927
v 0.057661 0.006257 -0.011073
v 0.062632 0.006797 -0.011073
v 0.062923 0.003106 -0.015927
v 0.057991 -0.001007 -0.013020
v 0.057950 0.002401 -0.008166
v 0.062946 0.002608 -0.008166
v 0.062991 -0.001094 -0.013020
v 0.057795 -0.004869 -0.010113
v 0.057981 -0.001465 -0.005259
v 0.062980 -0.001592 -0.005259
v 0.062778 -0.005289 -0.010113
v 0.057342 -0.008709 -0.007206
v 0.057755 -0.005326 -0.002352
v 0.062734 -0.005785 -0.002352
v 0.062286 -0.009460 -0.007206
v 0.056635 -0.012511 -0.004299
v 0.057272 -0.009162 0.000555
v 0.062209 -0.009952 0.000555
v 0.061517 -0.013589 -0.004299
v 0.055675 -0.016257 -0.001393
v 0.056534 -0.012958 0.003461
v 0.061408 -0.014075 0.003461
v 0.060475 -0.017658 -0.001393
v 0.055675 0.016257 -0.001393
v 0.056534 0.012958 0.003461
v 0.061408 0.014075 0.003461
v 0.060475 0.017658 -0.001393
v 0.056635 0.012511 -0.004299
v 0.057272 0.009162 0.000555
v 0.062209 0.009952 0.000555
v 0.061517 0.013589 -0.004299
v 0.057342 0.008709 -0.007206
v 0.057755 0.005326 -0.002352
v 0.062734 0.005785 -0.002352
v 0.062286 0.009460 -0.007206
v 0.057795 0.004869 -0.010113
v 0.057981 0.001465 -0.005259
v 0.062980 0.001592 -0.005259
v 0.062778 0.005289 -0.010113
v 0.057991 0.001007 -0.013020
v 0.057950 -0.002401 -0.008166
v 0.062946 -0.002608 -0.008166
v 0.062991 0.001094 -0.013020
v 0.057929 -0.002859 -0.015927
v 0.057661 -0.006257 -0.011073
v 0.062632 -0.006797 -0.011073
v 0.062923 -0.003106 -0.015927
v 0.057610 -0.006713 -0.018834
v 0.057116 -0.010086 -0.013980
v 0.062040 -0.010955 -0.013980
v 0.062577 -0.007292 -0.018834
v 0.057035 -0.010537 -0.021741
v 0.056317 -0.013869 -0.016887
v 0.061172 -0.015065 -0.016887
v 0.061952 -0.011445 -0.021741
v 0.056206 -0.014314 -0.024648
v 0.055268 -0.017591 -0.019794
v 0.060033 -0.019108 -0.019794
v 0.061051 -0.015548 -0.024648
v 0.055127 -0.018027 -0.027555
v 0.053973 -0.021235 -0.022701
v 0.058626 -0.023065 -0.022701
v 0.059880 -0.019581 -0.027555
v 0.053804 -0.021661 -0.030461
v 0.052438 -0.024784 -0.025607
v 0.056959 -0.026920 -0.025607
v 0.058442 -0.023528 -0.030461
v 0.056760 -0.011929 0.001961
v 0.055371 -0.017265 0.000107
v 0.060144 -0.018754 0.000107
v 0.061653 -0.012958 0.001961
v 0.057045 -0.010480 -0.002742
v 0.055792 -0.015850 -0.004596
v 0.060602 -0.017216 -0.004596
v 0.061963 -0.011383 -0.002742
v 0.057294 -0.009024 -0.007445
v 0.056178 -0.014424 -0.009299
v 0.061021 -0.015667 -0.009299
v 0.062233 -0.009801 -0.007445
v 0.057505 -0.007561 -0.012149
v 0.056527 -0.012988 -0.014003
v 0.061400 -0.014108 -0.014003
v 0.062462 -0.008213 -0.012149
v 0.057679 -0.006094 -0.016852
v 0.056840 -0.011544 -0.018706
v 0.061739 -0.012539 -0.018706
v 0.062651 -0.006620 -0.016852
v 0.057815 -0.004624 -0.021556
v 0.057115 -0.010093 -0.023410
v 0.062039 -0.010963 -0.023410
v 0.062800 -0.005022 -0.021556
v 0.057914 -0.003150 -0.026259
v 0.057354 -0.008635 -0.028113
v 0.062298 -0.009379 -0.028113
v 0.062907 -0.003421 -0.026259
v 0.057976 -0.001674 -0.030963
v 0.057555 -0.007172 -0.032817
v 0.062517 -0.007790 -0.032817
v 0.062974 -0.001818 -0.030963
v 0.058000 -0.000197 -0.035666
v 0.057719 -0.005703 -0.037520
v 0.062695 -0.006195 -0.037520
v 0.063000 -0.000213 -0.035666
v 0.057986 0.001281 -0.040370
v 0.057845 -0.004232 -0.042224
v 0.062832 -0.004596 -0.042224
v 0.062985 0.001391 -0.040370
v 0.057934 0.002757 -0.045073
v 0.057934 -0.002757 -0.046927
v 0.062929 -0.002995 -0.046927
v 0.062929 0.002995 -0.045073
v 0.053144 -0.023232 -0.025034
v 0.053144 -0.023232 -0.031034
v 0.057725 -0.025235 -0.031034
v 0.057725 -0.025235 -0.025034
v 0.054876 -0.018778 -0.025034
v 0.054876 -0.018778 -0.031034
v 0.059607 -0.020397 -0.031034
v 0.059607 -0.020397 -0.025034
v 0.056236 -0.014196 -0.025034
v 0.056236 -0.014196 -0.031034
v 0.061084 -0.015420 -0.031034
v 0.061084 -0.015420 -0.025034
v 0.057214 -0.009518 -0.025034
v 0.057214 -0.009518 -0.031034
v 0.062146 -0.010339 -0.031034
v 0.062146 -0.010339 -0.025034
v 0.057803 -0.004775 -0.025034
v 0.057803 -0.004775 -0.031034
v 0.062786 -0.005187 -0.031034
v 0.062786 -0.005187 -0.025034
v 0.058000 -0.000000 -0.025034
v 0.058000 -0.000000 -0.031034
v 0.063000 -0.000000 -0.031034
v 0.063000 -0.000000 -0.025034
v 0.057803 0.004775 -0.025034
v 0.057803 0.004775 -0.031034
v 0.062786 0.005187 -0.031034
v 0.062786 0.005187 -0.025034
v 0.057214 0.009518 -0.025034
v 0.057214 0.009518 -0.031034
v 0.062146 0.010339 -0.031034
v 0.062146 0.010339 -0.025034
v 0.056236 0.014196 -0.025034
v 0.056236 0.014196 -0.031034
v 0.061084 0.015420 -0.031034
v 0.061084 0.015420 -0.025034
v 0.054876 0.018778 -0.025034
v 0.054876 0.018778 -0.031034
v 0.059607 0.020397 -0.031034
v 0.059607 0.020397 -0.025034
v 0.053144 0.023232 -0.025034
v 0.053144 0.023232 -0.031034
v 0.057725 0.025235 -0.031034
v 0.057725 0.025235 -0.025034
v 0.051175 0.027296 -0.020000
v 0.047540 0.033226 -0.020000
v 0.051638 0.036091 -0.020000
v 0.055587 0.029649 -0.020000
v 0.051339 0.026987 -0.015401
v 0.047788 0.032868 -0.014274
v 0.051907 0.035702 -0.014274
v 0.055765 0.029314 -0.015401
v 0.051815 0.026061 -0.010915
v 0.048510 0.031792 -0.008690
v 0.052692 0.034533 -0.008690
v 0.056282 0.028308 -0.010915
v 0.052559 0.024526 -0.006653
v 0.049642 0.029995 -0.003384
v 0.053921 0.032580 -0.003384
v 0.057090 0.026640 -0.006653
v 0.053502 0.022395 -0.002719
v 0.051079 0.027475 0.001513
v 0.055483 0.029844 0.001513
v 0.058114 0.024325 -0.002719
v 0.054553 0.019696 0.000789
v 0.052688 0.024249 0.005880
v 0.057230 0.026339 0.005880
v 0.059256 0.021394 0.000789
v 0.055611 0.016475 0.003785
v 0.054312 0.020353 0.009610
v 0.058994 0.022108 0.009610
v 0.060405 0.017895 0.003785
v 0.056571 0.012796 0.006196
v 0.055790 0.015858 0.012611
v 0.060600 0.017225 0.012611
v 0.061448 0.013899 0.006196
v 0.057336 0.008749 0.007961
v 0.056973 0.010868 0.014809
v 0.061884 0.011805 0.014809
v 0.062279 0.009503 0.007961
v 0.057830 0.004442 0.009038
v 0.057736 0.005526 0.016149
v 0.062713 0.006003 0.016149
v 0.062815 0.004824 0.009038
v 0.058000 0.000000 0.009400
v 0.058000 0.000000 0.016600
v 0.063000 0.000000 0.016600
v 0.063000 0.000000 0.009400
v 0.057830 -0.004442 0.009038
v 0.057736 -0.005526 0.016149
v 0.062713 -0.006003 0.016149
v 0.062815 -0.004824 0.009038
v 0.057336 -0.008749 0.007961
v 0.056973 -0.010868 0.014809
v 0.061884 -0.011805 0.014809
v 0.062279 -0.009503 0.007961
v 0.056571 -0.012796 0.006196
v 0.055790 -0.015858 0.012611
v 0.060600 -0.017225 0.012611
v 0.061448 -0.013899 0.006196
v 0.055611 -0.016475 0.003785
v 0.054312 -0.020353 0.009610
v 0.058994 -0.022108 0.009610
v 0.060405 -0.017895 0.003785
v 0.054553 -0.019696 0.000789
v 0.052688 -0.024249 0.005880
v 0.057230 -0.026339 0.005880
v 0.059256 -0.021394 0.000789
v 0.053502 -0.022395 -0.002719
v 0.051079 -0.027475 0.001513
v 0.055483 -0.029844 0.001513
v 0.058114 -0.024325 -0.002719
v 0.052559 -0.024526 -0.006653
v 0.049642 -0.029995 -0.003384
v 0.053921 -0.032580 -0.003384
v 0.057090 -0.026640 -0.006653
v 0.051815 -0.026061 -0.010915
v 0.048510 -0.031792 -0.008690
v 0.052692 -0.034533 -0.008690
v 0.056282 -0.028308 -0.010915
v 0.051339 -0.026987 -0.015401
v 0.047788 -0.032868 -0.014274
v 0.051907 -0.035702 -0.014274
v 0.055765 -0.029314 -0.015401
v 0.051175 -0.027296 -0.020000
v 0.047540 -0.033226 -0.020000
v 0.051638 -0.036091 -0.020000
v 0.055587 -0.029649 -0.020000
v 0.051339 -0.026987 -0.024599
v 0.047788 -0.032868 -0.025726
v 0.051907 -0.035702 -0.025726
v 0.055765 -0.029314 -0.024599
v 0.051815 -0.026061 -0.029085
v 0.048510 -0.031792 -0.031310
v 0.052692 -0.034533 -0.031310
v 0.056282 -0.028308 -0.029085
v 0.052559 -0.024526 -0.033347
v 0.049642 -0.029995 -0.036616
v 0.053921 -0.032580 -0.036616
v 0.057090 -0.026640 -0.033347
v 0.053502 -0.022395 -0.037281
v 0.051079 -0.027475 -0.041513
v 0.055483 -0.029844 -0.041513
v 0.058114 -0.024325 -0.037281
v 0.054553 -0.019696 -0.040789
v 0.052688 -0.024249 -0.045880
v 0.057230 -0.026339 -0.045880
v 0.059256 -0.021394 -0.040789
v 0.055611 -0.016475 -0.043785
v 0.054312 -0.020353 -0.049610
v 0.058994 -0.022108 -0.049610
v 0.060405 -0.017895 -0.043785
v 0.056571 -0.012796 -0.046196
v 0.055790 -0.015858 -0.052611
v 0.060600 -0.017225 -0.052611
v 0.061448 -0.013899 -0.046196
v 0.057336 -0.008749 -0.047961
v 0.056973 -0.010868 -0.054809
v 0.061884 -0.011805 -0.054809
v 0.062279 -0.009503 -0.047961
v 0.057830 -0.004442 -0.049038
v 0.057736 -0.005526 -0.056149
v 0.062713 -0.006003 -0.056149
v 0.062815 -0.004824 -0.049038
v 0.058000 -0.000000 -0.049400
v 0.058000 -0.000000 -0.056600
v 0.063000 -0.000000 -0.056600
v 0.063000 -0.000000 -0.049400
v 0.057830 0.004442 -0.049038
v 0.057736 0.005526 -0.056149
v 0.062713 0.006003 -0.056149
v 0.062815 0.004824 -0.049038
v 0.057336 0.008749 -0.047961
v 0.056973 0.010868 -0.054809
v 0.061884 0.011805 -0.054809
v 0.062279 0.009503 -0.047961
v 0.056571 0.012796 -0.046196
v 0.055790 0.015858 -0.052611
v 0.060600 0.017225 -0.052611
v 0.061448 0.013899 -0.046196
v 0.055611 0.016475 -0.043785
v 0.054312 0.020353 -0.049610
v 0.058994 0.022108 -0.049610
v 0.060405 0.017895 -0.043785
v 0.054553 0.019696 -0.040789
v 0.052688 0.024249 -0.045880
v 0.057230 0.026339 -0.045880
v 0.059256 0.021394 -0.040789
v 0.053502 0.022395 -0.037281
v 0.051079 0.027475 -0.041513
v 0.055483 0.029844 -0.041513
v 0.058114 0.024325 -0.037281
v 0.052559 0.024526 -0.033347
v 0.049642 0.029995 -0.036616
v 0.053921 0.032580 -0.036616
v 0.057090 0.026640 -0.033347
v 0.051815 0.026061 -0.029085
v 0.048510 0.031792 -0.031310
v 0.052692 0.034533 -0.031310
v 0.056282 0.028308 -0.029085
v 0.051339 0.026987 -0.024599
v 0.047788 0.032868 -0.025726
v 0.051907 0.035702 -0.025726
v 0.055765 0.029314 -0.024599
v -0.057934 0.002757 -0.045073
v -0.057934 -0.002757 -0.046927
v -0.062929 -0.002995 -0.046927
v -0.062929 0.002995 -0.045073
v -0.057986 0.001281 -0.040370
v -0.057845 -0.004232 -0.042224
v -0.062832 -0.004596 -0.042224
v -0.062985 0.001391 -0.040370
v -0.058000 -0.000197 -0.035666
v -0.057719 -0.005703 -0.037520
v -0.062695 -0.006195 -0.037520
v -0.063000 -0.000213 -0.035666
v -0.057976 -0.001674 -0.030963
v -0.057555 -0.007172 -0.032817
v -0.062517 -0.007790 -0.032817
v -0.062974 -0.001818 -0.030963
v -0.057914 -0.003150 -0.026259
v -0.057354 -0.008635 -0.028113
v -0.062298 -0.009379 -0.028113
v -0.062907 -0.003421 -0.026259
v -0.057815 -0.004624 -0.021556
v -0.057115 -0.010093 -0.023410
v -0.062039 -0.010963 -0.023410
v -0.062800 -0.005022 -0.021556
v -0.057679 -0.006094 -0.016852
v -0.056840 -0.011544 -0.018706
v -0.061739 -0.012539 -0.018706
v -0.062651 -0.006620 -0.016852
v -0.057505 -0.007561 -0.012149
v -0.056527 -0.012988 -0.014003
v -0.061400 -0.014108 -0.014003
v -0.062462 -0.008213 -0.012149
v -0.057294 -0.009024 -0.007445
v -0.056178 -0.014424 -0.009299
v -0.061021 -0.015667 -0.009299
v -0.062233 -0.009801 -0.007445
v -0.057045 -0.010480 -0.002742
v -0.055792 -0.015850 -0.004596
v -0.060602 -0.017216 -0.004596
v -0.061963 -0.011383 -0.002742
v -0.056760 -0.011929 0.001961
v -0.055371 -0.017265 0.000107
v -0.060144 -0.018754 0.000107
v -0.061653 -0.012958 0.001961
v -0.053804 -0.021661 -0.030461
v -0.052438 -0.024784 -0.025607
v -0.056959 -0.026920 -0.025607
v -0.058442 -0.023528 -0.030461
v -0.055127 -0.018027 -0.027555
v -0.053973 -0.021235 -0.022701
v -0.058626 -0.023065 -0.022701
v -0.059880 -0.019581 -0.027555
v -0.056206 -0.014314 -0.024648
v -0.055268 -0.017591 -0.019794
v -0.060033 -0.019108 -0.019794
v -0.061051 -0.015548 -0.024648
v -0.057035 -0.010537 -0.021741
v -0.056317 -0.013869 -0.016887
v -0.061172 -0.015065 -0.016887
v -0.061952 -0.011445 -0.021741
v -0.057610 -0.006713 -0.018834
v -0.057116 -0.010086 -0.013980
v -0.062040 -0.010955 -0.013980
v -0.062577 -0.007292 -0.018834
v -0.057929 -0.002859 -0.015927
v -0.057661 -0.006257 -0.011073
v -0.062632 -0.006797 -0.011073
v -0.062923 -0.003106 -0.015927
v -0.057991 0.001007 -0.013020
v -0.057950 -0.002401 -0.008166
v -0.062946 -0.002608 -0.008166
v -0.062991 0.001094 -0.013020
v -0.057795 0.004869 -0.010113
v -0.057981 0.001465 -0.005259
v -0.062980 0.001592 -0.005259
v -0.062778 0.005289 -0.010113
v -0.057342 0.008709 -0.007206
v -0.057755 0.005326 -0.002352
v -0.062734 0.005785 -0.002352
v -0.062286 0.009460 -0.007206
v -0.056635 0.012511 -0.004299
v -0.057272 0.009162 0.000555
v -0.062209 0.009952 0.000555
v -0.061517 0.013589 -0.004299
v -0.055675 0.016257 -0.001393
v -0.056534 0.012958 0.003461
v -0.061408 0.014075 0.003461
v -0.060475 0.017658 -0.001393
v -0.055675 -0.016257 -0.001393
v -0.056534 -0.012958 0.003461
v -0.061408 -0.014075 0.003461
v -0.060475 -0.017658 -0.001393
v -0.056635 -0.012511 -0.004299
v -0.057272 -0.009162 0.000555
v -0.062209 -0.009952 0.000555
v -0.061517 -0.013589 -0.004299
v -0.057342 -0.008709 -0.007206
v -0.057755 -0.005326 -0.002352
v -0.062734 -0.005785 -0.002352
v -0.062286 -0.009460 -0.007206
v -0.057795 -0.004869 -0.010113
v -0.057981 -0.001465 -0.005259
v -0.062980 -0.001592 -0.005259
v -0.062778 -0.005289 -0.010113
v -0.057991 -0.001007 -0.013020
v -0.057950 0.002401 -0.008166
v -0.062946 0.002608 -0.008166
v -0.062991 -0.001094 -0.013020
v -0.057929 0.002859 -0.015927
v -0.057661 0.006257 -0.011073
v -0.062632 0.006797 -0.011073
v -0.062923 0.003106 -0.015927
v -0.057610 0.006713 -0.018834
v -0.057116 0.010086 -0.013980
v -0.062040 0.010955 -0.013980
v -0.062577 0.007292 -0.018834
v -0.057035 0.010537 -0.021741
v -0.056317 0.013869 -0.016887
v -0.061172 0.015065 -0.016887
v -0.061952 0.011445 -0.021741
v -0.056206 0.014314 -0.024648
v -0.055268 0.017591 -0.019794
v -0.060033 0.019108 -0.019794
v -0.061051 0.015548 -0.024648
v -0.055127 0.018027 -0.027555
v -0.053973 0.021235 -0.022701
v -0.058626 0.023065 -0.022701
v -0.059880 0.019581 -0.027555
v -0.053804 0.021661 -0.030461
v -0.052438 0.024784 -0.025607
v -0.056959 0.026920 -0.025607
v -0.058442 0.023528 -0.030461
v -0.056760 0.011929 0.001961
v -0.055371 0.017265 0.000107
v -0.060144 0.018754 0.000107
v -0.061653 0.012958 0.001961
v -0.057045 0.010480 -0.002742
v -0.055792 0.015850 -0.004596
v -0.060602 0.017216 -0.004596
v -0.061963 0.011383 -0.002742
v -0.057294 0.009024 -0.007445
v -0.056178 0.014424 -0.009299
v -0.061021 0.015667 -0.009299
v -0.062233 0.009801 -0.007445
v -0.057505 0.007561 -0.012149
v -0.056527 0.012988 -0.014003
v -0.061400 0.014108 -0.014003
v -0.062462 0.008213 -0.012149
v -0.057679 0.006094 -0.016852
v -0.056840 0.011544 -0.018706
v -0.061739 0.012539 -0.018706
v -0.062651 0.006620 -0.016852
v -0.057815 0.004624 -0.021556
v -0.057115 0.010093 -0.023410
v -0.062039 0.010963 -0.023410
v -0.062800 0.005022 -0.021556
v -0.057914 0.003150 -0.026259
v -0.057354 0.008635 -0.028113
v -0.062298 0.009379 -0.028113
v -0.062907 0.003421 -0.026259
v -0.057976 0.001674 -0.030963
v -0.057555 0.007172 -0.032817
v -0.062517 0.007790 -0.032817
v -0.062974 0.001818 -0.030963
v -0.058000 0.000197 -0.035666
v -0.057719 0.005703 -0.037520
v -0.062695 0.006195 -0.037520
v -0.063000 0.000213 -0.035666
v -0.057986 -0.001281 -0.040370
v -0.057845 0.004232 -0.042224
v -0.062832 0.004596 -0.042224
v -0.062985 -0.001391 -0.040370
v -0.057934 -0.002757 -0.045073
v -0.057934 0.002757 -0.046927
v -0.062929 0.002995 -0.046927
v -0.062929 -0.002995 -0.045073
v -0.053144 0.023232 -0.025034
v -0.053144 0.023232 -0.031034
v -0.057725 0.025235 -0.031034
v -0.057725 0.025235 -0.025034
v -0.054876 0.018778 -0.025034
v -0.054876 0.018778 -0.031034
v -0.059607 0.020397 -0.031034
v -0.059607 0.020397 -0.025034
v -0.056236 0.014196 -0.025034
v -0.056236 0.014196 -0.031034
v -0.061084 0.015420 -0.031034
v -0.061084 0.015420 -0.025034
v -0.057214 0.009518 -0.025034
v -0.057214 0.009518 -0.031034
v -0.062146 0.010339 -0.031034
v -0.062146 0.010339 -0.025034
v -0.057803 0.004775 -0.025034
v -0.057803 0.004775 -0.031034
v -0.062786 0.005187 -0.031034
v -0.062786 0.005187 -0.025034
v -0.058000 -0.000000 -0.025034
v -0.058000 -0.000000 -0.031034
v -0.063000 -0.000000 -0.031034
v -0.063000 -0.000000 -0.025034
v -0.057803 -0.004775 -0.025034
v -0.057803 -0.004775 -0.031034
v -0.062786 -0.005187 -0.031034
v -0.062786 -0.005187 -0.025034
v -0.057214 -0.009518 -0.025034
v -0.057214 -0.009518 -0.031034
v -0.062146 -0.010339 -0.031034
v -0.062146 -0.010339 -0.025034
v -0.056236 -0.014196 -0.025034
v -0.056236 -0.014196 -0.031034
v -0.061084 -0.015420 -0.031034
v -0.061084 -0.015420 -0.025034
v -0.054876 -0.018778 -0.025034
v -0.054876 -0.018778 -0.031034
v -0.059607 -0.020397 -0.031034
v -0.059607 -0.020397 -0.025034
v -0.053144 -0.023232 -0.025034
v -0.053144 -0.023232 -0.031034
v -0.057725 -0.025235 -0.031034
v -0.057725 -0.025235 -0.025034
v -0.051175 -0.027296 -0.020000
v -0.047540 -0.033226 -0.020000
v -0.051638 -0.036091 -0.020000
v -0.055587 -0.029649 -0.020000
v -0.051339 -0.026987 -0.015401
v -0.047788 -0.032868 -0.014274
v -0.051907 -0.035702 -0.014274
v -0.055765 -0.029314 -0.015401
v -0.051815 -0.026061 -0.010915
v -0.048510 -0.031792 -0.008690
v -0.052692 -0.034533 -0.008690
v -0.056282 -0.028308 -0.010915
v -0.052559 -0.024526 -0.006653
v -0.049642 -0.029995 -0.003384
v -0.053921 -0.032580 -0.003384
v -0.057090 -0.026640 -0.006653
v -0.053502 -0.022395 -0.002719
v -0.051079 -0.027475 0.001513
v -0.055483 -0.029844 0.001513
v -0.058114 -0.024325 -0.002719
v -0.054553 -0.019696 0.000789
v -0.052688 -0.024249 0.005880
v -0.057230 -0.026339 0.005880
v -0.059256 -0.021394 0.000789
v -0.055611 -0.016475 0.003785
v -0.054312 -0.020353 0.009610
v -0.058994 -0.022108 0.009610
v -0.060405 -0.017895 0.003785
v -0.056571 -0.012796 0.006196
v -0.055790 -0.015858 0.012611
v -0.060600 -0.017225 0.012611
v -0.061448 -0.013899 0.006196
v -0.057336 -0.008749 0.007961
v -0.056973 -0.010868 0.014809
v -0.061884 -0.011805 0.014809
v -0.062279 -0.009503 0.007961
v -0.057830 -0.004442 0.009038
v -0.057736 -0.005526 0.016149
v -0.062713 -0.006003 0.016149
v -0.062815 -0.004824 0.009038
v -0.058000 0.000000 0.009400
v -0.058000 0.000000 0.016600
v -0.063000 0.000000 0.016600
v -0.063000 0.000000 0.009400
v -0.057830 0.004442 0.009038
v -0.057736 0.005526 0.016149
v -0.062713 0.006003 0.016149
v -0.062815 0.004824 0.009038
v -0.057336 0.008749 0.007961
v -0.056973 0.010868 0.014809
v -0.061884 0.011805 0.014809
v -0.062279 0.009503 0.007961
v -0.056571 0.012796 0.006196
v -0.055790 0.015858 0.012611
v -0.060600 0.017225 0.012611
v -0.061448 0.013899 0.006196
v -0.055611 0.016475 0.003785
v -0.054312 0.020353 0.009610
v -0.058994 0.022108 0.009610
v -0.060405 0.017895 0.003785
v -0.054553 0.019696 0.000789
v -0.052688 0.024249 0.005880
v -0.057230 0.026339 0.005880
v -0.059256 0.021394 0.000789
v -0.053502 0.022395 -0.002719
v -0.051079 0.027475 0.001513
v -0.055483 0.029844 0.001513
v -0.058114 0.024325 -0.002719
v -0.052559 0.024526 -0.006653
v -0.049642 0.029995 -0.003384
v -0.053921 0.032580 -0.003384
v -0.057090 0.026640 -0.006653
v -0.051815 0.026061 -0.010915
v -0.048510 0.031792 -0.008690
v -0.052692 0.034533 -0.008690
v -0.056282 0.028308 -0.010915
v -0.051339 0.026987 -0.015401
v -0.047788 0.032868 -0.014274
v -0.051907 0.035702 -0.014274
v -0.055765 0.029314 -0.015401
v -0.051175 0.027296 -0.020000
v -0.047540 0.033226 -0.020000
v -0.051638 0.036091 -0.020000
v -0.055587 0.029649 -0.020000
v -0.051339 0.026987 -0.024599
v -0.047788 0.032868 -0.025726
v -0.051907 0.035702 -0.025726
v -0.055765 0.029314 -0.024599
v -0.051815 0.026061 -0.029085
v -0.048510 0.031792 -0.031310
v -0.052692 0.034533 -0.031310
v -0.056282 0.028308 -0.029085
v -0.052559 0.024526 -0.033347
v -0.049642 0.029995 -0.036616
v -0.053921 0.032580 -0.036616
v -0.057090 0.026640 -0.033347
v -0.053502 0.022395 -0.037281
v -0.051079 0.027475 -0.041513
v -0.055483 0.029844 -0.041513
v -0.058114 0.024325 -0.037281
v -0.054553 0.019696 -0.040789
v -0.052688 0.024249 -0.045880
v -0.057230 0.026339 -0.045880
v -0.059256 0.021394 -0.040789
v -0.055611 0.016475 -0.043785
v -0.054312 0.020353 -0.049610
v -0.058994 0.022108 -0.049610
v -0.060405 0.017895 -0.043785
v -0.056571 0.012796 -0.046196
v -0.055790 0.015858 -0.052611
v -0.060600 0.017225 -0.052611
v -0.061448 0.013899 -0.046196
v -0.057336 0.008749 -0.047961
v -0.056973 0.010868 -0.054809
v -0.061884 0.011805 -0.054809
v -0.062279 0.009503 -0.047961
v -0.057830 0.004442 -0.049038
v -0.057736 0.005526 -0.056149
v -0.062713 0.006003 -0.056149
v -0.062815 0.004824 -0.049038
v -0.058000 -0.000000 -0.049400
v -0.058000 -0.000000 -0.056600
v -0.063000 -0.000000 -0.056600
v -0.063000 -0.000000 -0.049400
v -0.057830 -0.004442 -0.049038
v -0.057736 -0.005526 -0.056149
v -0.062713 -0.006003 -0.056149
v -0.062815 -0.004824 -0.049038
v -0.057336 -0.008749 -0.047961
v -0.056973 -0.010868 -0.054809
v -0.061884 -0.011805 -0.054809
v -0.062279 -0.009503 -0.047961
v -0.056571 -0.012796 -0.046196
v -0.055790 -0.015858 -0.052611
v -0.060600 -0.017225 -0.052611
v -0.061448 -0.013899 -0.046196
v -0.055611 -0.016475 -0.043785
v -0.054312 -0.020353 -0.049610
v -0.058994 -0.022108 -0.049610
v -0.060405 -0.017895 -0.043785
v -0.054553 -0.019696 -0.040789
v -0.052688 -0.024249 -0.045880
v -0.057230 -0.026339 -0.045880
v -0.059256 -0.021394 -0.040789
v -0.053502 -0.022395 -0.037281
v -0.051079 -0.027475 -0.041513
v -0.055483 -0.029844 -0.041513
v -0.058114 -0.024325 -0.037281
v -0.052559 -0.024526 -0.033347
v -0.049642 -0.029995 -0.036616
v -0.053921 -0.032580 -0.036616
v -0.057090 -0.026640 -0.033347
v -0.051815 -0.026061 -0.029085
v -0.048510 -0.031792 -0.031310
v -0.052692 -0.034533 -0.031310
v -0.056282 -0.028308 -0.029085
v -0.051339 -0.026987 -0.024599
v -0.047788 -0.032868 -0.025726
v -0.051907 -0.035702 -0.025726
v -0.055765 -0.029314 -0.024599
v 0.055038 0.017340 0.330000
v 0.055038 0.014620 0.332771
v 0.055038 0.009180 0.332771
v 0.055038 0.006460 0.330000
v 0.055038 0.009180 0.327229
v 0.055038 0.014620 0.327229
v 0.049938 0.015017 0.330000
v 0.050738 0.012661 0.332771
v 0.052338 0.007950 0.332771
v 0.053138 0.005595 0.330000
v 0.052338 0.007950 0.327229
v 0.050738 0.012661 0.327229
v 0.046205 0.008670 0.330000
v 0.047591 0.007310 0.332771
v 0.050362 0.004590 0.332771
v 0.051748 0.003230 0.330000
v 0.050362 0.004590 0.327229
v 0.047591 0.007310 0.327229
v 0.044838 0.000000 0.330000
v 0.046438 0.000000 0.332771
v 0.049638 0.000000 0.332771
v 0.051238 0.000000 0.330000
v 0.049638 0.000000 0.327229
v 0.046438 0.000000 0.327229
v 0.046205 -0.008670 0.330000
v 0.047591 -0.007310 0.332771
v 0.050362 -0.004590 0.332771
v 0.051748 -0.003230 0.330000
v 0.050362 -0.004590 0.327229
v 0.047591 -0.007310 0.327229
v 0.049938 -0.015017 0.330000
v 0.050738 -0.012661 0.332771
v 0.052338 -0.007950 0.332771
v 0.053138 -0.005595 0.330000
v 0.052338 -0.007950 0.327229
v 0.050738 -0.012661 0.327229
v 0.055038 -0.017340 0.330000
v 0.055038 -0.014620 0.332771
v 0.055038 -0.009180 0.332771
v 0.055038 -0.006460 0.330000
v 0.055038 -0.009180 0.327229
v 0.055038 -0.014620 0.327229
v 0.060138 -0.015017 0.330000
v 0.059338 -0.012661 0.332771
v 0.057738 -0.007950 0.332771
v 0.056938 -0.005595 0.330000
v 0.057738 -0.007950 0.327229
v 0.059338 -0.012661 0.327229
v 0.063872 -0.008670 0.330000
v 0.062486 -0.007310 0.332771
v 0.059715 -0.004590 0.332771
v 0.058329 -0.003230 0.330000
v 0.059715 -0.004590 0.327229
v 0.062486 -0.007310 0.327229
v 0.065238 0.000000 0.330000
v 0.063638 0.000000 0.332771
v 0.060438 0.000000 0.332771
v 0.058838 0.000000 0.330000
v 0.060438 0.000000 0.327229
v 0.063638 0.000000 0.327229
v 0.063872 0.008670 0.330000
v 0.062486 0.007310 0.332771
v 0.059715 0.004590 0.332771
v 0.058329 0.003230 0.330000
v 0.059715 0.004590 0.327229
v 0.062486 0.007310 0.327229
v 0.060138 0.015017 0.330000
v 0.059338 0.012661 0.332771
v 0.057738 0.007950 0.332771
v 0.056938 0.005595 0.330000
v 0.057738 0.007950 0.327229
v 0.059338 0.012661 0.327229
v 0.044213 0.037082 0.330000
v 0.047814 0.035630 0.330000
v 0.049896 0.030604 0.330000
v 0.048377 0.027031 0.330000
v 0.044776 0.028483 0.330000
v 0.042694 0.033509 0.330000
v 0.045102 0.034936 0.335100
v 0.048564 0.033820 0.334300
v 0.050367 0.029468 0.332700
v 0.048708 0.026231 0.331900
v 0.045246 0.027347 0.332700
v 0.043443 0.031699 0.334300
v 0.047531 0.029072 0.338833
v 0.050612 0.028876 0.337448
v 0.051653 0.026363 0.334677
v 0.049613 0.024046 0.333291
v 0.046532 0.024242 0.334677
v 0.045491 0.026755 0.337448
v 0.050849 0.021062 0.340200
v 0.053409 0.022123 0.338600
v 0.053409 0.022123 0.335400
v 0.050849 0.021062 0.333800
v 0.048289 0.020002 0.335400
v 0.048289 0.020002 0.338600
v 0.054167 0.013052 0.338833
v 0.056207 0.015369 0.337448
v 0.055166 0.017882 0.334677
v 0.052085 0.018078 0.333291
v 0.050045 0.015761 0.334677
v 0.051086 0.013248 0.337448
v 0.056596 0.007189 0.335100
v 0.058255 0.010425 0.334300
v 0.056452 0.014778 0.332700
v 0.052990 0.015894 0.331900
v 0.051331 0.012657 0.332700
v 0.053134 0.008304 0.334300
v 0.057485 0.005042 0.330000
v 0.059004 0.008616 0.330000
v 0.056922 0.013642 0.330000
v 0.053321 0.015094 0.330000
v 0.051802 0.011521 0.330000
v 0.053883 0.006495 0.330000
v 0.056596 0.007189 0.324900
v 0.058255 0.010425 0.325700
v 0.056452 0.014778 0.327300
v 0.052990 0.015894 0.328100
v 0.051331 0.012657 0.327300
v 0.053134 0.008304 0.325700
v 0.054167 0.013052 0.321167
v 0.056207 0.015369 0.322552
v 0.055166 0.017882 0.325323
v 0.052085 0.018078 0.326709
v 0.050045 0.015761 0.325323
v 0.051086 0.013248 0.322552
v 0.050849 0.021062 0.319800
v 0.053409 0.022123 0.321400
v 0.053409 0.022123 0.324600
v 0.050849 0.021062 0.326200
v 0.048289 0.020002 0.324600
v 0.048289 0.020002 0.321400
v 0.047531 0.029072 0.321167
v 0.050612 0.028876 0.322552
v 0.051653 0.026363 0.325323
v 0.049613 0.024046 0.326709
v 0.046532 0.024242 0.325323
v 0.045491 0.026755 0.322552
v 0.045102 0.034936 0.324900
v 0.048564 0.033820 0.325700
v 0.050367 0.029468 0.327300
v 0.048708 0.026231 0.328100
v 0.045246 0.027347 0.327300
v 0.043443 0.031699 0.325700
v 0.026657 0.051179 0.330000
v 0.028580 0.049256 0.332771
v 0.032427 0.045409 0.332771
v 0.034350 0.043486 0.330000
v 0.032427 0.045409 0.327229
v 0.028580 0.049256 0.327229
v 0.024693 0.045930 0.330000
v 0.026925 0.044830 0.332771
v 0.031387 0.042630 0.332771
v 0.033619 0.041530 0.330000
v 0.031387 0.042630 0.327229
v 0.026925 0.044830 0.327229
v 0.026541 0.038802 0.330000
v 0.028483 0.038821 0.332771
v 0.032366 0.038857 0.332771
v 0.034307 0.038875 0.330000
v 0.032366 0.038857 0.327229
v 0.028483 0.038821 0.327229
v 0.031706 0.031706 0.330000
v 0.032837 0.032837 0.332771
v 0.035100 0.035100 0.332771
v 0.036231 0.036231 0.330000
v 0.035100 0.035100 0.327229
v 0.032837 0.032837 0.327229
v 0.038802 0.026541 0.330000
v 0.038821 0.028483 0.332771
v 0.038857 0.032366 0.332771
v 0.038875 0.034307 0.330000
v 0.038857 0.032366 0.327229
v 0.038821 0.028483 0.327229
v 0.045930 0.024693 0.330000
v 0.044830 0.026925 0.332771
v 0.042630 0.031387 0.332771
v 0.041530 0.033619 0.330000
v 0.042630 0.031387 0.327229
v 0.044830 0.026925 0.327229
v 0.051179 0.026657 0.330000
v 0.049256 0.028580 0.332771
v 0.045409 0.032427 0.332771
v 0.043486 0.034350 0.330000
v 0.045409 0.032427 0.327229
v 0.049256 0.028580 0.327229
v 0.053143 0.031906 0.330000
v 0.050912 0.033006 0.332771
v 0.046449 0.035206 0.332771
v 0.044217 0.036306 0.330000
v 0.046449 0.035206 0.327229
v 0.050912 0.033006 0.327229
v 0.051295 0.039034 0.330000
v 0.049353 0.039016 0.332771
v 0.045471 0.038979 0.332771
v 0.043529 0.038961 0.330000
v 0.045471 0.038979 0.327229
v 0.049353 0.039016 0.327229
v 0.046131 0.046131 0.330000
v 0.044999 0.044999 0.332771
v 0.042736 0.042736 0.332771
v 0.041605 0.041605 0.330000
v 0.042736 0.042736 0.327229
v 0.044999 0.044999 0.327229
v 0.039034 0.051295 0.330000
v 0.039016 0.049353 0.332771
v 0.038979 0.045471 0.332771
v 0.038961 0.043529 0.330000
v 0.038979 0.045471 0.327229
v 0.039016 0.049353 0.327229
v 0.031906 0.053143 0.330000
v 0.033006 0.050912 0.332771
v 0.035206 0.046449 0.332771
v 0.036306 0.044217 0.330000
v 0.035206 0.046449 0.327229
v 0.033006 0.050912 0.327229
v 0.005042 0.057485 0.330000
v 0.008616 0.059004 0.330000
v 0.013642 0.056922 0.330000
v 0.015094 0.053321 0.330000
v 0.011521 0.051802 0.330000
v 0.006495 0.053883 0.330000
v 0.007189 0.056596 0.335100
v 0.010425 0.058255 0.334300
v 0.014778 0.056452 0.332700
v 0.015894 0.052990 0.331900
v 0.012657 0.051331 0.332700
v 0.008304 0.053134 0.334300
v 0.013052 0.054167 0.338833
v 0.015369 0.056207 0.337448
v 0.017882 0.055166 0.334677
v 0.018078 0.052085 0.333291
v 0.015761 0.050045 0.334677
v 0.013248 0.051086 0.337448
v 0.021062 0.050849 0.340200
v 0.022123 0.053409 0.338600
v 0.022123 0.053409 0.335400
v 0.021062 0.050849 0.333800
v 0.020002 0.048289 0.335400
v 0.020002 0.048289 0.338600
v 0.029072 0.047531 0.338833
v 0.028876 0.050612 0.337448
v 0.026363 0.051653 0.334677
v 0.024046 0.049613 0.333291
v 0.024242 0.046532 0.334677
v 0.026755 0.045491 0.337448
v 0.034936 0.045102 0.335100
v 0.033820 0.048564 0.334300
v 0.029468 0.050367 0.332700
v 0.026231 0.048708 0.331900
v 0.027347 0.045246 0.332700
v 0.031699 0.043443 0.334300
v 0.037082 0.044213 0.330000
v 0.035630 0.047814 0.330000
v 0.030604 0.049896 0.330000
v 0.027031 0.048377 0.330000
v 0.028483 0.044776 0.330000
v 0.033509 0.042694 0.330000
v 0.034936 0.045102 0.324900
v 0.033820 0.048564 0.325700
v 0.029468 0.050367 0.327300
v 0.026231 0.048708 0.328100
v 0.027347 0.045246 0.327300
v 0.031699 0.043443 0.325700
v 0.029072 0.047531 0.321167
v 0.028876 0.050612 0.322552
v 0.026363 0.051653 0.325323
v 0.024046 0.049613 0.326709
v 0.024242 0.046532 0.325323
v 0.026755 0.045491 0.322552
v 0.021062 0.050849 0.319800
v 0.022123 0.053409 0.321400
v 0.022123 0.053409 0.324600
v 0.021062 0.050849 0.326200
v 0.020002 0.048289 0.324600
v 0.020002 0.048289 0.321400
v 0.013052 0.054167 0.321167
v 0.015369 0.056207 0.322552
v 0.017882 0.055166 0.325323
v 0.018078 0.052085 0.326709
v 0.015761 0.050045 0.325323
v 0.013248 0.051086 0.322552
v 0.007189 0.056596 0.324900
v 0.010425 0.058255 0.325700
v 0.014778 0.056452 0.327300
v 0.015894 0.052990 0.328100
v 0.012657 0.051331 0.327300
v 0.008304 0.053134 0.325700
v -0.017340 0.055038 0.330000
v -0.014620 0.055038 0.332771
v -0.009180 0.055038 0.332771
v -0.006460 0.055038 0.330000
v -0.009180 0.055038 0.327229
v -0.014620 0.055038 0.327229
v -0.015017 0.049938 0.330000
v -0.012661 0.050738 0.332771
v -0.007950 0.052338 0.332771
v -0.005595 0.053138 0.330000
v -0.007950 0.052338 0.327229
v -0.012661 0.050738 0.327229
v -0.008670 0.046205 0.330000
v -0.007310 0.047591 0.332771
v -0.004590 0.050362 0.332771
v -0.003230 0.051748 0.330000
v -0.004590 0.050362 0.327229
v -0.007310 0.047591 0.327229
v 0.000000 0.044838 0.330000
v 0.000000 0.046438 0.332771
v 0.000000 0.049638 0.332771
v 0.000000 0.051238 0.330000
v 0.000000 0.049638 0.327229
v 0.000000 0.046438 0.327229
v 0.008670 0.046205 0.330000
v 0.007310 0.047591 0.332771
v 0.004590 0.050362 0.332771
v 0.003230 0.051748 0.330000
v 0.004590 0.050362 0.327229
v 0.007310 0.047591 0.327229
v 0.015017 0.049938 0.330000
v 0.012661 0.050738 0.332771
v 0.007950 0.052338 0.332771
v 0.005595 0.053138 0.330000
v 0.007950 0.052338 0.327229
v 0.012661 0.050738 0.327229
v 0.017340 0.055038 0.330000
v 0.014620 0.055038 0.332771
v 0.009180 0.055038 0.332771
v 0.006460 0.055038 0.330000
v 0.009180 0.055038 0.327229
v 0.014620 0.055038 0.327229
v 0.015017 0.060138 0.330000
v 0.012661 0.059338 0.332771
v 0.007950 0.057738 0.332771
v 0.005595 0.056938 0.330000
v 0.007950 0.057738 0.327229
v 0.012661 0.059338 0.327229
v 0.008670 0.063872 0.330000
v 0.007310 0.062486 0.332771
v 0.004590 0.059715 0.332771
v 0.003230 0.058329 0.330000
v 0.004590 0.059715 0.327229
v 0.007310 0.062486 0.327229
v 0.000000 0.065238 0.330000
v 0.000000 0.063638 0.332771
v 0.000000 0.060438 0.332771
v 0.000000 0.058838 0.330000
v 0.000000 0.060438 0.327229
v 0.000000 0.063638 0.327229
v -0.008670 0.063872 0.330000
v -0.007310 0.062486 0.332771
v -0.004590 0.059715 0.332771
v -0.003230 0.058329 0.330000
v -0.004590 0.059715 0.327229
v -0.007310 0.062486 0.327229
v -0.015017 0.060138 0.330000
v -0.012661 0.059338 0.332771
v -0.007950 0.057738 0.332771
v -0.005595 0.056938 0.330000
v -0.007950 0.057738 0.327229
v -0.012661 0.059338 0.327229
v -0.037082 0.044213 0.330000
v -0.035630 0.047814 0.330000
v -0.030604 0.049896 0.330000
v -0.027031 0.048377 0.330000
v -0.028483 0.044776 0.330000
v -0.033509 0.042694 0.330000
v -0.034936 0.045102 0.335100
v -0.033820 0.048564 0.334300
v -0.029468 0.050367 0.332700
v -0.026231 0.048708 0.331900
v -0.027347 0.045246 0.332700
v -0.031699 0.043443 0.334300
v -0.029072 0.047531 0.338833
v -0.028876 0.050612 0.337448
v -0.026363 0.051653 0.334677
v -0.024046 0.049613 0.333291
v -0.024242 0.046532 0.334677
v -0.026755 0.045491 0.337448
v -0.021062 0.050849 0.340200
v -0.022123 0.053409 0.338600
v -0.022123 0.053409 0.335400
v -0.021062 0.050849 0.333800
v -0.020002 0.048289 0.335400
v -0.020002 0.048289 0.338600
v -0.013052 0.054167 0.338833
v -0.015369 0.056207 0.337448
v -0.017882 0.055166 0.334677
v -0.018078 0.052085 0.333291
v -0.015761 0.050045 0.334677
v -0.013248 0.051086 0.337448
v -0.007189 0.056596 0.335100
v -0.010425 0.058255 0.334300
v -0.014778 0.056452 0.332700
v -0.015894 0.052990 0.331900
v -0.012657 0.051331 0.332700
v -0.008304 0.053134 0.334300
v -0.005042 0.057485 0.330000
v -0.008616 0.059004 0.330000
v -0.013642 0.056922 0.330000
v -0.015094 0.053321 0.330000
v -0.011521 0.051802 0.330000
v -0.006495 0.053883 0.330000
v -0.007189 0.056596 0.324900
v -0.010425 0.058255 0.325700
v -0.014778 0.056452 0.327300
v -0.015894 0.052990 0.328100
v -0.012657 0.051331 0.327300
v -0.008304 0.053134 0.325700
v -0.013052 0.054167 0.321167
v -0.015369 0.056207 0.322552
v -0.017882 0.055166 0.325323
v -0.018078 0.052085 0.326709
v -0.015761 0.050045 0.325323
v -0.013248 0.051086 0.322552
v -0.021062 0.050849 0.319800
v -0.022123 0.053409 0.321400
v -0.022123 0.053409 0.324600
v -0.021062 0.050849 0.326200
v -0.020002 0.048289 0.324600
v -0.020002 0.048289 0.321400
v -0.029072 0.047531 0.321167
v -0.028876 0.050612 0.322552
v -0.026363 0.051653 0.325323
v -0.024046 0.049613 0.326709
v -0.024242 0.046532 0.325323
v -0.026755 0.045491 0.322552
v -0.034936 0.045102 0.324900
v -0.033820 0.048564 0.325700
v -0.029468 0.050367 0.327300
v -0.026231 0.048708 0.328100
v -0.027347 0.045246 0.327300
v -0.031699 0.043443 0.325700
v -0.051179 0.026657 0.330000
v -0.049256 0.028580 0.332771
v -0.045409 0.032427 0.332771
v -0.043486 0.034350 0.330000
v -0.045409 0.032427 0.327229
v -0.049256 0.028580 0.327229
v -0.045930 0.024693 0.330000
v -0.044830 0.026925 0.332771
v -0.042630 0.031387 0.332771
v -0.041530 0.033619 0.330000
v -0.042630 0.031387 0.327229
v -0.044830 0.026925 0.327229
v -0.038802 0.026541 0.330000
v -0.038821 0.028483 0.332771
v -0.038857 0.032366 0.332771
v -0.038875 0.034307 0.330000
v -0.038857 0.032366 0.327229
v -0.038821 0.028483 0.327229
v -0.031706 0.031706 0.330000
v -0.032837 0.032837 0.332771
v -0.035100 0.035100 0.332771
v -0.036231 0.036231 0.330000
v -0.035100 0.035100 0.327229
v -0.032837 0.032837 0.327229
v -0.026541 0.038802 0.330000
v -0.028483 0.038821 0.332771
v -0.032366 0.038857 0.332771
v -0.034307 0.038875 0.330000
v -0.032366 0.038857 0.327229
v -0.028483 0.038821 0.327229
v -0.024693 0.045930 0.330000
v -0.026925 0.044830 0.332771
v -0.031387 0.042630 0.332771
v -0.033619 0.041530 0.330000
v -0.031387 0.042630 0.327229
v -0.026925 0.044830 0.327229
v -0.026657 0.051179 0.330000
v -0.028580 0.049256 0.332771
v -0.032427 0.045409 0.332771
v -0.034350 0.043486 0.330000
v -0.032427 0.045409 0.327229
v -0.028580 0.049256 0.327229
v -0.031906 0.053143 0.330000
v -0.033006 0.050912 0.332771
v -0.035206 0.046449 0.332771
v -0.036306 0.044217 0.330000
v -0.035206 0.046449 0.327229
v -0.033006 0.050912 0.327229
v -0.039034 0.051295 0.330000
v -0.039016 0.049353 0.332771
v -0.038979 0.045471 0.332771
v -0.038961 0.043529 0.330000
v -0.038979 0.045471 0.327229
v -0.039016 0.049353 0.327229
v -0.046131 0.046131 0.330000
v -0.044999 0.044999 0.332771
v -0.042736 0.042736 0.332771
v -0.041605 0.041605 0.330000
v -0.042736 0.042736 0.327229
v -0.044999 0.044999 0.327229
v -0.051295 0.039034 0.330000
v -0.049353 0.039016 0.332771
v -0.045471 0.038979 0.332771
v -0.043529 0.038961 0.330000
v -0.045471 0.038979 0.327229
v -0.049353 0.039016 0.327229
v -0.053143 0.031906 0.330000
v -0.050912 0.033006 0.332771
v -0.046449 0.035206 0.332771
v -0.044217 0.036306 0.330000
v -0.046449 0.035206 0.327229
v -0.050912 0.033006 0.327229
v -0.057485 0.005042 0.330000
v -0.059004 0.008616 0.330000
v -0.056922 0.013642 0.330000
v -0.053321 0.015094 0.330000
v -0.051802 0.011521 0.330000
v -0.053883 0.006495 0.330000
v -0.056596 0.007189 0.335100
v -0.058255 0.010425 0.334300
v -0.056452 0.014778 0.332700
v -0.052990 0.015894 0.331900
v -0.051331 0.012657 0.332700
v -0.053134 0.008304 0.334300
v -0.054167 0.013052 0.338833
v -0.056207 0.015369 0.337448
v -0.055166 0.017882 0.334677
v -0.052085 0.018078 0.333291
v -0.050045 0.015761 0.334677
v -0.051086 0.013248 0.337448
v -0.050849 0.021062 0.340200
v -0.053409 0.022123 0.338600
v -0.053409 0.022123 0.335400
v -0.050849 0.021062 0.333800
v -0.048289 0.020002 0.335400
v -0.048289 0.020002 0.338600
v -0.047531 0.029072 0.338833
v -0.050612 0.028876 0.337448
v -0.051653 0.026363 0.334677
v -0.049613 0.024046 0.333291
v -0.046532 0.024242 0.334677
v -0.045491 0.026755 0.337448
v -0.045102 0.034936 0.335100
v -0.048564 0.033820 0.334300
v -0.050367 0.029468 0.332700
v -0.048708 0.026231 0.331900
v -0.045246 0.027347 0.332700
v -0.043443 0.031699 0.334300
v -0.044213 0.037082 0.330000
v -0.047814 0.035630 0.330000
v -0.049896 0.030604 0.330000
v -0.048377 0.027031 0.330000
v -0.044776 0.028483 0.330000
v -0.042694 0.033509 0.330000
v -0.045102 0.034936 0.324900
v -0.048564 0.033820 0.325700
v -0.050367 0.029468 0.327300
v -0.048708 0.026231 0.328100
v -0.045246 0.027347 0.327300
v -0.043443 0.031699 0.325700
v -0.047531 0.029072 0.321167
v -0.050612 0.028876 0.322552
v -0.051653 0.026363 0.325323
v -0.049613 0.024046 0.326709
v -0.046532 0.024242 0.325323
v -0.045491 0.026755 0.322552
v -0.050849 0.021062 0.319800
v -0.053409 0.022123 0.321400
v -0.053409 0.022123 0.324600
v -0.050849 0.021062 0.326200
v -0.048289 0.020002 0.324600
v -0.048289 0.020002 0.321400
v -0.054167 0.013052 0.321167
v -0.056207 0.015369 0.322552
v -0.055166 0.017882 0.325323
v -0.052085 0.018078 0.326709
v -0.050045 0.015761 0.325323
v -0.051086 0.013248 0.322552
v -0.056596 0.007189 0.324900
v -0.058255 0.010425 0.325700
v -0.056452 0.014778 0.327300
v -0.052990 0.015894 0.328100
v -0.051331 0.012657 0.327300
v -0.053134 0.008304 0.325700
v -0.055038 -0.017340 0.330000
v -0.055038 -0.014620 0.332771
v -0.055038 -0.009180 0.332771
v -0.055038 -0.006460 0.330000
v -0.055038 -0.009180 0.327229
v -0.055038 -0.014620 0.327229
v -0.049938 -0.015017 0.330000
v -0.050738 -0.012661 0.332771
v -0.052338 -0.007950 0.332771
v -0.053138 -0.005595 0.330000
v -0.052338 -0.007950 0.327229
v -0.050738 -0.012661 0.327229
v -0.046205 -0.008670 0.330000
v -0.047591 -0.007310 0.332771
v -0.050362 -0.004590 0.332771
v -0.051748 -0.003230 0.330000
v -0.050362 -0.004590 0.327229
v -0.047591 -0.007310 0.327229
v -0.044838 0.000000 0.330000
v -0.046438 0.000000 0.332771
v -0.049638 0.000000 0.332771
v -0.051238 0.000000 0.330000
v -0.049638 0.000000 0.327229
v -0.046438 0.000000 0.327229
v -0.046205 0.008670 0.330000
v -0.047591 0.007310 0.332771
v -0.050362 0.004590 0.332771
v -0.051748 0.003230 0.330000
v -0.050362 0.004590 0.327229
v -0.047591 0.007310 0.327229
v -0.049938 0.015017 0.330000
v -0.050738 0.012661 0.332771
v -0.052338 0.007950 0.332771
v -0.053138 0.005595 0.330000
v -0.052338 0.007950 0.327229
v -0.050738 0.012661 0.327229
v -0.055038 0.017340 0.330000
v -0.055038 0.014620 0.332771
v -0.055038 0.009180 0.332771
v -0.055038 0.006460 0.330000
v -0.055038 0.009180 0.327229
v -0.055038 0.014620 0.327229
v -0.060138 0.015017 0.330000
v -0.059338 0.012661 0.332771
v -0.057738 0.007950 0.332771
v -0.056938 0.005595 0.330000
v -0.057738 0.007950 0.327229
v -0.059338 0.012661 0.327229
v -0.063872 0.008670 0.330000
v -0.062486 0.007310 0.332771
v -0.059715 0.004590 0.332771
v -0.058329 0.003230 0.330000
v -0.059715 0.004590 0.327229
v -0.062486 0.007310 0.327229
v -0.065238 0.000000 0.330000
v -0.063638 0.000000 0.332771
v -0.060438 0.000000 0.332771
v -0.058838 0.000000 0.330000
v -0.060438 0.000000 0.327229
v -0.063638 0.000000 0.327229
v -0.063872 -0.008670 0.330000
v -0.062486 -0.007310 0.332771
v -0.059715 -0.004590 0.332771
v -0.058329 -0.003230 0.330000
v -0.059715 -0.004590 0.327229
v -0.062486 -0.007310 0.327229
v -0.060138 -0.015017 0.330000
v -0.059338 -0.012661 0.332771
v -0.057738 -0.007950 0.332771
v -0.056938 -0.005595 0.330000
v -0.057738 -0.007950 0.327229
v -0.059338 -0.012661 0.327229
v -0.044213 -0.037082 0.330000
v -0.047814 -0.035630 0.330000
v -0.049896 -0.030604 0.330000
v -0.048377 -0.027031 0.330000
v -0.044776 -0.028483 0.330000
v -0.042694 -0.033509 0.330000
v -0.045102 -0.034936 0.335100
v -0.048564 -0.033820 0.334300
v -0.050367 -0.029468 0.332700
v -0.048708 -0.026231 0.331900
v -0.045246 -0.027347 0.332700
v -0.043443 -0.031699 0.334300
v -0.047531 -0.029072 0.338833
v -0.050612 -0.028876 0.337448
v -0.051653 -0.026363 0.334677
v -0.049613 -0.024046 0.333291
v -0.046532 -0.024242 0.334677
v -0.045491 -0.026755 0.337448
v -0.050849 -0.021062 0.340200
v -0.053409 -0.022123 0.338600
v -0.053409 -0.022123 0.335400
v -0.050849 -0.021062 0.333800
v -0.048289 -0.020002 0.335400
v -0.048289 -0.020002 0.338600
v -0.054167 -0.013052 0.338833
v -0.056207 -0.015369 0.337448
v -0.055166 -0.017882 0.334677
v -0.052085 -0.018078 0.333291
v -0.050045 -0.015761 0.334677
v -0.051086 -0.013248 0.337448
v -0.056596 -0.007189 0.335100
v -0.058255 -0.010425 0.334300
v -0.056452 -0.014778 0.332700
v -0.052990 -0.015894 0.331900
v -0.051331 -0.012657 0.332700
v -0.053134 -0.008304 0.334300
v -0.057485 -0.005042 0.330000
v -0.059004 -0.008616 0.330000
v -0.056922 -0.013642 0.330000
v -0.053321 -0.015094 0.330000
v -0.051802 -0.011521 0.330000
v -0.053883 -0.006495 0.330000
v -0.056596 -0.007189 0.324900
v -0.058255 -0.010425 0.325700
v -0.056452 -0.014778 0.327300
v -0.052990 -0.015894 0.328100
v -0.051331 -0.012657 0.327300
v -0.053134 -0.008304 0.325700
v -0.054167 -0.013052 0.321167
v -0.056207 -0.015369 0.322552
v -0.055166 -0.017882 0.325323
v -0.052085 -0.018078 0.326709
v -0.050045 -0.015761 0.325323
v -0.051086 -0.013248 0.322552
v -0.050849 -0.021062 0.319800
v -0.053409 -0.022123 0.321400
v -0.053409 -0.022123 0.324600
v -0.050849 -0.021062 0.326200
v -0.048289 -0.020002 0.324600
v -0.048289 -0.020002 0.321400
v -0.047531 -0.029072 0.321167
v -0.050612 -0.028876 0.322552
v -0.051653 -0.026363 0.325323
v -0.049613 -0.024046 0.326709
v -0.046532 -0.024242 0.325323
v -0.045491 -0.026755 0.322552
v -0.045102 -0.034936 0.324900
v -0.048564 -0.033820 0.325700
v -0.050367 -0.029468 0.327300
v -0.048708 -0.026231 0.328100
v -0.045246 -0.027347 0.327300
v -0.043443 -0.031699 0.325700
v -0.026657 -0.051179 0.330000
v -0.028580 -0.049256 0.332771
v -0.032427 -0.045409 0.332771
v -0.034350 -0.043486 0.330000
v -0.032427 -0.045409 0.327229
v -0.028580 -0.049256 0.327229
v -0.024693 -0.045930 0.330000
v -0.026925 -0.044830 0.332771
v -0.031387 -0.042630 0.332771
v -0.033619 -0.041530 0.330000
v -0.031387 -0.042630 0.327229
v -0.026925 -0.044830 0.327229
v -0.026541 -0.038802 0.330000
v -0.028483 -0.038821 0.332771
v -0.032366 -0.038857 0.332771
v -0.034307 -0.038875 0.330000
v -0.032366 -0.038857 0.327229
v -0.028483 -0.038821 0.327229
v -0.031706 -0.031706 0.330000
v -0.032837 -0.032837 0.332771
v -0.035100 -0.035100 0.332771
v -0.036231 -0.036231 0.330000
v -0.035100 -0.035100 0.327229
v -0.032837 -0.032837 0.327229
v -0.038802 -0.026541 0.330000
v -0.038821 -0.028483 0.332771
v -0.038857 -0.032366 0.332771
v -0.038875 -0.034307 0.330000
v -0.038857 -0.032366 0.327229
v -0.038821 -0.028483 0.327229
v -0.045930 -0.024693 0.330000
v -0.044830 -0.026925 0.332771
v -0.042630 -0.031387 0.332771
v -0.041530 -0.033619 0.330000
v -0.042630 -0.031387 0.327229
v -0.044830 -0.026925 0.327229
v -0.051179 -0.026657 0.330000
v -0.049256 -0.028580 0.332771
v -0.045409 -0.032427 0.332771
v -0.043486 -0.034350 0.330000
v -0.045409 -0.032427 0.327229
v -0.049256 -0.028580 0.327229
v -0.053143 -0.031906 0.330000
v -0.050912 -0.033006 0.332771
v -0.046449 -0.035206 0.332771
v -0.044217 -0.036306 0.330000
v -0.046449 -0.035206 0.327229
v -0.050912 -0.033006 0.327229
v -0.051295 -0.039034 0.330000
v -0.049353 -0.039016 0.332771
v -0.045471 -0.038979 0.332771
v -0.043529 -0.038961 0.330000
v -0.045471 -0.038979 0.327229
v -0.049353 -0.039016 0.327229
v -0.046131 -0.046131 0.330000
v -0.044999 -0.044999 0.332771
v -0.042736 -0.042736 0.332771
v -0.041605 -0.041605 0.330000
v -0.042736 -0.042736 0.327229
v -0.044999 -0.044999 0.327229
v -0.039034 -0.051295 0.330000
v -0.039016 -0.049353 0.332771
v -0.038979 -0.045471 0.332771
v -0.038961 -0.043529 0.330000
v -0.038979 -0.045471 0.327229
v -0.039016 -0.049353 0.327229
v -0.031906 -0.053143 0.330000
v -0.033006 -0.050912 0.332771
v -0.035206 -0.046449 0.332771
v -0.036306 -0.044217 0.330000
v -0.035206 -0.046449 0.327229
v -0.033006 -0.050912 0.327229
v -0.005042 -0.057485 0.330000
v -0.008616 -0.059004 0.330000
v -0.013642 -0.056922 0.330000
v -0.015094 -0.053321 0.330000
v -0.011521 -0.051802 0.330000
v -0.006495 -0.053883 0.330000
v -0.007189 -0.056596 0.335100
v -0.010425 -0.058255 0.334300
v -0.014778 -0.056452 0.332700
v -0.015894 -0.052990 0.331900
v -0.012657 -0.051331 0.332700
v -0.008304 -0.053134 0.334300
v -0.013052 -0.054167 0.338833
v -0.015369 -0.056207 0.337448
v -0.017882 -0.055166 0.334677
v -0.018078 -0.052085 0.333291
v -0.015761 -0.050045 0.334677
v -0.013248 -0.051086 0.337448
v -0.021062 -0.050849 0.340200
v -0.022123 -0.053409 0.338600
v -0.022123 -0.053409 0.335400
v -0.021062 -0.050849 0.333800
v -0.020002 -0.048289 0.335400
v -0.020002 -0.048289 0.338600
v -0.029072 -0.047531 0.338833
v -0.028876 -0.050612 0.337448
v -0.026363 -0.051653 0.334677
v -0.024046 -0.049613 0.333291
v -0.024242 -0.046532 0.334677
v -0.026755 -0.045491 0.337448
v -0.034936 -0.045102 0.335100
v -0.033820 -0.048564 0.334300
v -0.029468 -0.050367 0.332700
v -0.026231 -0.048708 0.331900
v -0.027347 -0.045246 0.332700
v -0.031699 -0.043443 0.334300
v -0.037082 -0.044213 0.330000
v -0.035630 -0.047814 0.330000
v -0.030604 -0.049896 0.330000
v -0.027031 -0.048377 0.330000
v -0.028483 -0.044776 0.330000
v -0.033509 -0.042694 0.330000
v -0.034936 -0.045102 0.324900
v -0.033820 -0.048564 0.325700
v -0.029468 -0.050367 0.327300
v -0.026231 -0.048708 0.328100
v -0.027347 -0.045246 0.327300
v -0.031699 -0.043443 0.325700
v -0.029072 -0.047531 0.321167
v -0.028876 -0.050612 0.322552
v -0.026363 -0.051653 0.325323
v -0.024046 -0.049613 0.326709
v -0.024242 -0.046532 0.325323
v -0.026755 -0.045491 0.322552
v -0.021062 -0.050849 0.319800
v -0.022123 -0.053409 0.321400
v -0.022123 -0.053409 0.324600
v -0.021062 -0.050849 0.326200
v -0.020002 -0.048289 0.324600
v -0.020002 -0.048289 0.321400
v -0.013052 -0.054167 0.321167
v -0.015369 -0.056207 0.322552
v -0.017882 -0.055166 0.325323
v -0.018078 -0.052085 0.326709
v -0.015761 -0.050045 0.325323
v -0.013248 -0.051086 0.322552
v -0.007189 -0.056596 0.324900
v -0.010425 -0.058255 0.325700
v -0.014778 -0.056452 0.327300
v -0.015894 -0.052990 0.328100
v -0.012657 -0.051331 0.327300
v -0.008304 -0.053134 0.325700
v 0.017340 -0.055038 0.330000
v 0.014620 -0.055038 0.332771
v 0.009180 -0.055038 0.332771
v 0.006460 -0.055038 0.330000
v 0.009180 -0.055038 0.327229
v 0.014620 -0.055038 0.327229
v 0.015017 -0.049938 0.330000
v 0.012661 -0.050738 0.332771
v 0.007950 -0.052338 0.332771
v 0.005595 -0.053138 0.330000
v 0.007950 -0.052338 0.327229
v 0.012661 -0.050738 0.327229
v 0.008670 -0.046205 0.330000
v 0.007310 -0.047591 0.332771
v 0.004590 -0.050362 0.332771
v 0.003230 -0.051748 0.330000
v 0.004590 -0.050362 0.327229
v 0.007310 -0.047591 0.327229
v 0.000000 -0.044838 0.330000
v 0.000000 -0.046438 0.332771
v 0.000000 -0.049638 0.332771
v 0.000000 -0.051238 0.330000
v 0.000000 -0.049638 0.327229
v 0.000000 -0.046438 0.327229
v -0.008670 -0.046205 0.330000
v -0.007310 -0.047591 0.332771
v -0.004590 -0.050362 0.332771
v -0.003230 -0.051748 0.330000
v -0.004590 -0.050362 0.327229
v -0.007310 -0.047591 0.327229
v -0.015017 -0.049938 0.330000
v -0.012661 -0.050738 0.332771
v -0.007950 -0.052338 0.332771
v -0.005595 -0.053138 0.330000
v -0.007950 -0.052338 0.327229
v -0.012661 -0.050738 0.327229
v -0.017340 -0.055038 0.330000
v -0.014620 -0.055038 0.332771
v -0.009180 -0.055038 0.332771
v -0.006460 -0.055038 0.330000
v -0.009180 -0.055038 0.327229
v -0.014620 -0.055038 0.327229
v -0.015017 -0.060138 0.330000
v -0.012661 -0.059338 0.332771
v -0.007950 -0.057738 0.332771
v -0.005595 -0.056938 0.330000
v -0.007950 -0.057738 0.327229
v -0.012661 -0.059338 0.327229
v -0.008670 -0.063872 0.330000
v -0.007310 -0.062486 0.332771
v -0.004590 -0.059715 0.332771
v -0.003230 -0.058329 0.330000
v -0.004590 -0.059715 0.327229
v -0.007310 -0.062486 0.327229
v 0.000000 -0.065238 0.330000
v 0.000000 -0.063638 0.332771
v 0.000000 -0.060438 0.332771
v 0.000000 -0.058838 0.330000
v 0.000000 -0.060438 0.327229
v 0.000000 -0.063638 0.327229
v 0.008670 -0.063872 0.330000
v 0.007310 -0.062486 0.332771
v 0.004590 -0.059715 0.332771
v 0.003230 -0.058329 0.330000
v 0.004590 -0.059715 0.327229
v 0.007310 -0.062486 0.327229
v 0.015017 -0.060138 0.330000
v 0.012661 -0.059338 0.332771
v 0.007950 -0.057738 0.332771
v 0.005595 -0.056938 0.330000
v 0.007950 -0.057738 0.327229
v 0.012661 -0.059338 0.327229
v 0.037082 -0.044213 0.330000
v 0.035630 -0.047814 0.330000
v 0.030604 -0.049896 0.330000
v 0.027031 -0.048377 0.330000
v 0.028483 -0.044776 0.330000
v 0.033509 -0.042694 0.330000
v 0.034936 -0.045102 0.335100
v 0.033820 -0.048564 0.334300
v 0.029468 -0.050367 0.332700
v 0.026231 -0.048708 0.331900
v 0.027347 -0.045246 0.332700
v 0.031699 -0.043443 0.334300
v 0.029072 -0.047531 0.338833
v 0.028876 -0.050612 0.337448
v 0.026363 -0.051653 0.334677
v 0.024046 -0.049613 0.333291
v 0.024242 -0.046532 0.334677
v 0.026755 -0.045491 0.337448
v 0.021062 -0.050849 0.340200
v 0.022123 -0.053409 0.338600
v 0.022123 -0.053409 0.335400
v 0.021062 -0.050849 0.333800
v 0.020002 -0.048289 0.335400
v 0.020002 -0.048289 0.338600
v 0.013052 -0.054167 0.338833
v 0.015369 -0.056207 0.337448
v 0.017882 -0.055166 0.334677
v 0.018078 -0.052085 0.333291
v 0.015761 -0.050045 0.334677
v 0.013248 -0.051086 0.337448
v 0.007189 -0.056596 0.335100
v 0.010425 -0.058255 0.334300
v 0.014778 -0.056452 0.332700
v 0.015894 -0.052990 0.331900
v 0.012657 -0.051331 0.332700
v 0.008304 -0.053134 0.334300
v 0.005042 -0.057485 0.330000
v 0.008616 -0.059004 0.330000
v 0.013642 -0.056922 0.330000
v 0.015094 -0.053321 0.330000
v 0.011521 -0.051802 0.330000
v 0.006495 -0.053883 0.330000
v 0.007189 -0.056596 0.324900
v 0.010425 -0.058255 0.325700
v 0.014778 -0.056452 0.327300
v 0.015894 -0.052990 0.328100
v 0.012657 -0.051331 0.327300
v 0.008304 -0.053134 0.325700
v 0.013052 -0.054167 0.321167
v 0.015369 -0.056207 0.322552
v 0.017882 -0.055166 0.325323
v 0.018078 -0.052085 0.326709
v 0.015761 -0.050045 0.325323
v 0.013248 -0.051086 0.322552
v 0.021062 -0.050849 0.319800
v 0.022123 -0.053409 0.321400
v 0.022123 -0.053409 0.324600
v 0.021062 -0.050849 0.326200
v 0.020002 -0.048289 0.324600
v 0.020002 -0.048289 0.321400
v 0.029072 -0.047531 0.321167
v 0.028876 -0.050612 0.322552
v 0.026363 -0.051653 0.325323
v 0.024046 -0.049613 0.326709
v 0.024242 -0.046532 0.325323
v 0.026755 -0.045491 0.322552
v 0.034936 -0.045102 0.324900
v 0.033820 -0.048564 0.325700
v 0.029468 -0.050367 0.327300
v 0.026231 -0.048708 0.328100
v 0.027347 -0.045246 0.327300
v 0.031699 -0.043443 0.325700
v 0.051179 -0.026657 0.330000
v 0.049256 -0.028580 0.332771
v 0.045409 -0.032427 0.332771
v 0.043486 -0.034350 0.330000
v 0.045409 -0.032427 0.327229
v 0.049256 -0.028580 0.327229
v 0.045930 -0.024693 0.330000
v 0.044830 -0.026925 0.332771
v 0.042630 -0.031387 0.332771
v 0.041530 -0.033619 0.330000
v 0.042630 -0.031387 0.327229
v 0.044830 -0.026925 0.327229
v 0.038802 -0.026541 0.330000
v 0.038821 -0.028483 0.332771
v 0.038857 -0.032366 0.332771
v 0.038875 -0.034307 0.330000
v 0.038857 -0.032366 0.327229
v 0.038821 -0.028483 0.327229
v 0.031706 -0.031706 0.330000
v 0.032837 -0.032837 0.332771
v 0.035100 -0.035100 0.332771
v 0.036231 -0.036231 0.330000
v 0.035100 -0.035100 0.327229
v 0.032837 -0.032837 0.327229
v 0.026541 -0.038802 0.330000
v 0.028483 -0.038821 0.332771
v 0.032366 -0.038857 0.332771
v 0.034307 -0.038875 0.330000
v 0.032366 -0.038857 0.327229
v 0.028483 -0.038821 0.327229
v 0.024693 -0.045930 0.330000
v 0.026925 -0.044830 0.332771
v 0.031387 -0.042630 0.332771
v 0.033619 -0.041530 0.330000
v 0.031387 -0.042630 0.327229
v 0.026925 -0.044830 0.327229
v 0.026657 -0.051179 0.330000
v 0.028580 -0.049256 0.332771
v 0.032427 -0.045409 0.332771
v 0.034350 -0.043486 0.330000
v 0.032427 -0.045409 0.327229
v 0.028580 -0.049256 0.327229
v 0.031906 -0.053143 0.330000
v 0.033006 -0.050912 0.332771
v 0.035206 -0.046449 0.332771
v 0.036306 -0.044217 0.330000
v 0.035206 -0.046449 0.327229
v 0.033006 -0.050912 0.327229
v 0.039034 -0.051295 0.330000
v 0.039016 -0.049353 0.332771
v 0.038979 -0.045471 0.332771
v 0.038961 -0.043529 0.330000
v 0.038979 -0.045471 0.327229
v 0.039016 -0.049353 0.327229
v 0.046131 -0.046131 0.330000
v 0.044999 -0.044999 0.332771
v 0.042736 -0.042736 0.332771
v 0.041605 -0.041605 0.330000
v 0.042736 -0.042736 0.327229
v 0.044999 -0.044999 0.327229
v 0.051295 -0.039034 0.330000
v 0.049353 -0.039016 0.332771
v 0.045471 -0.038979 0.332771
v 0.043529 -0.038961 0.330000
v 0.045471 -0.038979 0.327229
v 0.049353 -0.039016 0.327229
v 0.053143 -0.031906 0.330000
v 0.050912 -0.033006 0.332771
v 0.046449 -0.035206 0.332771
v 0.044217 -0.036306 0.330000
v 0.046449 -0.035206 0.327229
v 0.050912 -0.033006 0.327229
v 0.057485 -0.005042 0.330000
v 0.059004 -0.008616 0.330000
v 0.056922 -0.013642 0.330000
v 0.053321 -0.015094 0.330000
v 0.051802 -0.011521 0.330000
v 0.053883 -0.006495 0.330000
v 0.056596 -0.007189 0.335100
v 0.058255 -0.010425 0.334300
v 0.056452 -0.014778 0.332700
v 0.052990 -0.015894 0.331900
v 0.051331 -0.012657 0.332700
v 0.053134 -0.008304 0.334300
v 0.054167 -0.013052 0.338833
v 0.056207 -0.015369 0.337448
v 0.055166 -0.017882 0.334677
v 0.052085 -0.018078 0.333291
v 0.050045 -0.015761 0.334677
v 0.051086 -0.013248 0.337448
v 0.050849 -0.021062 0.340200
v 0.053409 -0.022123 0.338600
v 0.053409 -0.022123 0.335400
v 0.050849 -0.021062 0.333800
v 0.048289 -0.020002 0.335400
v 0.048289 -0.020002 0.338600
v 0.047531 -0.029072 0.338833
v 0.050612 -0.028876 0.337448
v 0.051653 -0.026363 0.334677
v 0.049613 -0.024046 0.333291
v 0.046532 -0.024242 0.334677
v 0.045491 -0.026755 0.337448
v 0.045102 -0.034936 0.335100
v 0.048564 -0.033820 0.334300
v 0.050367 -0.029468 0.332700
v 0.048708 -0.026231 0.331900
v 0.045246 -0.027347 0.332700
v 0.043443 -0.031699 0.334300
v 0.044213 -0.037082 0.330000
v 0.047814 -0.035630 0.330000
v 0.049896 -0.030604 0.330000
v 0.048377 -0.027031 0.330000
v 0.044776 -0.028483 0.330000
v 0.042694 -0.033509 0.330000
v 0.045102 -0.034936 0.324900
v 0.048564 -0.033820 0.325700
v 0.050367 -0.029468 0.327300
v 0.048708 -0.026231 0.328100
v 0.045246 -0.027347 0.327300
v 0.043443 -0.031699 0.325700
v 0.047531 -0.029072 0.321167
v 0.050612 -0.028876 0.322552
v 0.051653 -0.026363 0.325323
v 0.049613 -0.024046 0.326709
v 0.046532 -0.024242 0.325323
v 0.045491 -0.026755 0.322552
v 0.050849 -0.021062 0.319800
v 0.053409 -0.022123 0.321400
v 0.053409 -0.022123 0.324600
v 0.050849 -0.021062 0.326200
v 0.048289 -0.020002 0.324600
v 0.048289 -0.020002 0.321400
v 0.054167 -0.013052 0.321167
v 0.056207 -0.015369 0.322552
v 0.055166 -0.017882 0.325323
v 0.052085 -0.018078 0.326709
v 0.050045 -0.015761 0.325323
v 0.051086 -0.013248 0.322552
v 0.056596 -0.007189 0.324900
v 0.058255 -0.010425 0.325700
v 0.056452 -0.014778 0.327300
v 0.052990 -0.015894 0.328100
v 0.051331 -0.012657 0.327300
v 0.053134 -0.008304 0.325700
v 0.055885 0.017340 0.220000
v 0.055885 0.014620 0.222771
v 0.055885 0.009180 0.222771
v 0.055885 0.006460 0.220000
v 0.055885 0.009180 0.217229
v 0.055885 0.014620 0.217229
v 0.050785 0.015017 0.220000
v 0.051585 0.012661 0.222771
v 0.053185 0.007950 0.222771
v 0.053985 0.005595 0.220000
v 0.053185 0.007950 0.217229
v 0.051585 0.012661 0.217229
v 0.047051 0.008670 0.220000
v 0.048437 0.007310 0.222771
v 0.051208 0.004590 0.222771
v 0.052594 0.003230 0.220000
v 0.051208 0.004590 0.217229
v 0.048437 0.007310 0.217229
v 0.045685 0.000000 0.220000
v 0.047285 0.000000 0.222771
v 0.050485 0.000000 0.222771
v 0.052085 0.000000 0.220000
v 0.050485 0.000000 0.217229
v 0.047285 0.000000 0.217229
v 0.047051 -0.008670 0.220000
v 0.048437 -0.007310 0.222771
v 0.051208 -0.004590 0.222771
v 0.052594 -0.003230 0.220000
v 0.051208 -0.004590 0.217229
v 0.048437 -0.007310 0.217229
v 0.050785 -0.015017 0.220000
v 0.051585 -0.012661 0.222771
v 0.053185 -0.007950 0.222771
v 0.053985 -0.005595 0.220000
v 0.053185 -0.007950 0.217229
v 0.051585 -0.012661 0.217229
v 0.055885 -0.017340 0.220000
v 0.055885 -0.014620 0.222771
v 0.055885 -0.009180 0.222771
v 0.055885 -0.006460 0.220000
v 0.055885 -0.009180 0.217229
v 0.055885 -0.014620 0.217229
v 0.060985 -0.015017 0.220000
v 0.060185 -0.012661 0.222771
v 0.058585 -0.007950 0.222771
v 0.057785 -0.005595 0.220000
v 0.058585 -0.007950 0.217229
v 0.060185 -0.012661 0.217229
v 0.064718 -0.008670 0.220000
v 0.063332 -0.007310 0.222771
v 0.060561 -0.004590 0.222771
v 0.059176 -0.003230 0.220000
v 0.060561 -0.004590 0.217229
v 0.063332 -0.007310 0.217229
v 0.066085 0.000000 0.220000
v 0.064485 0.000000 0.222771
v 0.061285 0.000000 0.222771
v 0.059685 0.000000 0.220000
v 0.061285 0.000000 0.217229
v 0.064485 0.000000 0.217229
v 0.064718 0.008670 0.220000
v 0.063332 0.007310 0.222771
v 0.060561 0.004590 0.222771
v 0.059176 0.003230 0.220000
v 0.060561 0.004590 0.217229
v 0.063332 0.007310 0.217229
v 0.060985 0.015017 0.220000
v 0.060185 0.012661 0.222771
v 0.058585 0.007950 0.222771
v 0.057785 0.005595 0.220000
v 0.058585 0.007950 0.217229
v 0.060185 0.012661 0.217229
v 0.044995 0.037406 0.220000
v 0.048596 0.035954 0.220000
v 0.050678 0.030928 0.220000
v 0.049159 0.027354 0.220000
v 0.045557 0.028807 0.220000
v 0.043475 0.033833 0.220000
v 0.045884 0.035260 0.225100
v 0.049346 0.034144 0.224300
v 0.051149 0.029792 0.222700
v 0.049490 0.026555 0.221900
v 0.046028 0.027671 0.222700
v 0.044225 0.032023 0.224300
v 0.048313 0.029396 0.228833
v 0.051394 0.029200 0.227448
v 0.052434 0.026687 0.224677
v 0.050395 0.024370 0.223291
v 0.047314 0.024566 0.224677
v 0.046273 0.027079 0.227448
v 0.051631 0.021386 0.230200
v 0.054191 0.022447 0.228600
v 0.054191 0.022447 0.225400
v 0.051631 0.021386 0.223800
v 0.049070 0.020326 0.225400
v 0.049070 0.020326 0.228600
v 0.054949 0.013376 0.228833
v 0.056988 0.015693 0.227448
v 0.055947 0.018206 0.224677
v 0.052867 0.018402 0.223291
v 0.050827 0.016085 0.224677
v 0.051868 0.013572 0.227448
v 0.057377 0.007512 0.225100
v 0.059036 0.010749 0.224300
v 0.057233 0.015102 0.222700
v 0.053772 0.016217 0.221900
v 0.052113 0.012981 0.222700
v 0.053916 0.008628 0.224300
v 0.058266 0.005366 0.220000
v 0.059786 0.008940 0.220000
v 0.057704 0.013965 0.220000
v 0.054103 0.015418 0.220000
v 0.052583 0.011844 0.220000
v 0.054665 0.006818 0.220000
v 0.057377 0.007512 0.214900
v 0.059036 0.010749 0.215700
v 0.057233 0.015102 0.217300
v 0.053772 0.016217 0.218100
v 0.052113 0.012981 0.217300
v 0.053916 0.008628 0.215700
v 0.054949 0.013376 0.211167
v 0.056988 0.015693 0.212552
v 0.055947 0.018206 0.215323
v 0.052867 0.018402 0.216709
v 0.050827 0.016085 0.215323
v 0.051868 0.013572 0.212552
v 0.051631 0.021386 0.209800
v 0.054191 0.022447 0.211400
v 0.054191 0.022447 0.214600
v 0.051631 0.021386 0.216200
v 0.049070 0.020326 0.214600
v 0.049070 0.020326 0.211400
v 0.048313 0.029396 0.211167
v 0.051394 0.029200 0.212552
v 0.052434 0.026687 0.215323
v 0.050395 0.024370 0.216709
v 0.047314 0.024566 0.215323
v 0.046273 0.027079 0.212552
v 0.045884 0.035260 0.214900
v 0.049346 0.034144 0.215700
v 0.051149 0.029792 0.217300
v 0.049490 0.026555 0.218100
v 0.046028 0.027671 0.217300
v 0.044225 0.032023 0.215700
v 0.027255 0.051778 0.220000
v 0.029178 0.049854 0.222771
v 0.033025 0.046008 0.222771
v 0.034948 0.044084 0.220000
v 0.033025 0.046008 0.217229
v 0.029178 0.049854 0.217229
v 0.025292 0.046529 0.220000
v 0.027523 0.045429 0.222771
v 0.031986 0.043229 0.222771
v 0.034217 0.042129 0.220000
v 0.031986 0.043229 0.217229
v 0.027523 0.045429 0.217229
v 0.027140 0.039401 0.220000
v 0.029081 0.039419 0.222771
v 0.032964 0.039455 0.222771
v 0.034905 0.039473 0.220000
v 0.032964 0.039455 0.217229
v 0.029081 0.039419 0.217229
v 0.032304 0.032304 0.220000
v 0.033435 0.033435 0.222771
v 0.035698 0.035698 0.222771
v 0.036829 0.036829 0.220000
v 0.035698 0.035698 0.217229
v 0.033435 0.033435 0.217229
v 0.039401 0.027140 0.220000
v 0.039419 0.029081 0.222771
v 0.039455 0.032964 0.222771
v 0.039473 0.034905 0.220000
v 0.039455 0.032964 0.217229
v 0.039419 0.029081 0.217229
v 0.046529 0.025292 0.220000
v 0.045429 0.027523 0.222771
v 0.043229 0.031986 0.222771
v 0.042129 0.034217 0.220000
v 0.043229 0.031986 0.217229
v 0.045429 0.027523 0.217229
v 0.051778 0.027255 0.220000
v 0.049854 0.029178 0.222771
v 0.046008 0.033025 0.222771
v 0.044084 0.034948 0.220000
v 0.046008 0.033025 0.217229
v 0.049854 0.029178 0.217229
v 0.053741 0.032504 0.220000
v 0.051510 0.033604 0.222771
v 0.047047 0.035804 0.222771
v 0.044816 0.036904 0.220000
v 0.047047 0.035804 0.217229
v 0.051510 0.033604 0.217229
v 0.051893 0.039632 0.220000
v 0.049952 0.039614 0.222771
v 0.046069 0.039578 0.222771
v 0.044127 0.039559 0.220000
v 0.046069 0.039578 0.217229
v 0.049952 0.039614 0.217229
v 0.046729 0.046729 0.220000
v 0.045598 0.045598 0.222771
v 0.043335 0.043335 0.222771
v 0.042203 0.042203 0.220000
v 0.043335 0.043335 0.217229
v 0.045598 0.045598 0.217229
v 0.039632 0.051893 0.220000
v 0.039614 0.049952 0.222771
v 0.039578 0.046069 0.222771
v 0.039559 0.044127 0.220000
v 0.039578 0.046069 0.217229
v 0.039614 0.049952 0.217229
v 0.032504 0.053741 0.220000
v 0.033604 0.051510 0.222771
v 0.035804 0.047047 0.222771
v 0.036904 0.044816 0.220000
v 0.035804 0.047047 0.217229
v 0.033604 0.051510 0.217229
v 0.005366 0.058266 0.220000
v 0.008940 0.059786 0.220000
v 0.013965 0.057704 0.220000
v 0.015418 0.054103 0.220000
v 0.011844 0.052583 0.220000
v 0.006818 0.054665 0.220000
v 0.007512 0.057377 0.225100
v 0.010749 0.059036 0.224300
v 0.015102 0.057233 0.222700
v 0.016217 0.053772 0.221900
v 0.012981 0.052113 0.222700
v 0.008628 0.053916 0.224300
v 0.013376 0.054949 0.228833
v 0.015693 0.056988 0.227448
v 0.018206 0.055947 0.224677
v 0.018402 0.052867 0.223291
v 0.016085 0.050827 0.224677
v 0.013572 0.051868 0.227448
v 0.021386 0.051631 0.230200
v 0.022447 0.054191 0.228600
v 0.022447 0.054191 0.225400
v 0.021386 0.051631 0.223800
v 0.020326 0.049070 0.225400
v 0.020326 0.049070 0.228600
v 0.029396 0.048313 0.228833
v 0.029200 0.051394 0.227448
v 0.026687 0.052434 0.224677
v 0.024370 0.050395 0.223291
v 0.024566 0.047314 0.224677
v 0.027079 0.046273 0.227448
v 0.035260 0.045884 0.225100
v 0.034144 0.049346 0.224300
v 0.029792 0.051149 0.222700
v 0.026555 0.049490 0.221900
v 0.027671 0.046028 0.222700
v 0.032023 0.044225 0.224300
v 0.037406 0.044995 0.220000
v 0.035954 0.048596 0.220000
v 0.030928 0.050678 0.220000
v 0.027354 0.049159 0.220000
v 0.028807 0.045557 0.220000
v 0.033833 0.043475 0.220000
v 0.035260 0.045884 0.214900
v 0.034144 0.049346 0.215700
v 0.029792 0.051149 0.217300
v 0.026555 0.049490 0.218100
v 0.027671 0.046028 0.217300
v 0.032023 0.044225 0.215700
v 0.029396 0.048313 0.211167
v 0.029200 0.051394 0.212552
v 0.026687 0.052434 0.215323
v 0.024370 0.050395 0.216709
v 0.024566 0.047314 0.215323
v 0.027079 0.046273 0.212552
v 0.021386 0.051631 0.209800
v 0.022447 0.054191 0.211400
v 0.022447 0.054191 0.214600
v 0.021386 0.051631 0.216200
v 0.020326 0.049070 0.214600
v 0.020326 0.049070 0.211400
v 0.013376 0.054949 0.211167
v 0.015693 0.056988 0.212552
v 0.018206 0.055947 0.215323
v 0.018402 0.052867 0.216709
v 0.016085 0.050827 0.215323
v 0.013572 0.051868 0.212552
v 0.007512 0.057377 0.214900
v 0.010749 0.059036 0.215700
v 0.015102 0.057233 0.217300
v 0.016217 0.053772 0.218100
v 0.012981 0.052113 0.217300
v 0.008628 0.053916 0.215700
v -0.017340 0.055885 0.220000
v -0.014620 0.055885 0.222771
v -0.009180 0.055885 0.222771
v -0.006460 0.055885 0.220000
v -0.009180 0.055885 0.217229
v -0.014620 0.055885 0.217229
v -0.015017 0.050785 0.220000
v -0.012661 0.051585 0.222771
v -0.007950 0.053185 0.222771
v -0.005595 0.053985 0.220000
v -0.007950 0.053185 0.217229
v -0.012661 0.051585 0.217229
v -0.008670 0.047051 0.220000
v -0.007310 0.048437 0.222771
v -0.004590 0.051208 0.222771
v -0.003230 0.052594 0.220000
v -0.004590 0.051208 0.217229
v -0.007310 0.048437 0.217229
v 0.000000 0.045685 0.220000
v 0.000000 0.047285 0.222771
v 0.000000 0.050485 0.222771
v 0.000000 0.052085 0.220000
v 0.000000 0.050485 0.217229
v 0.000000 0.047285 0.217229
v 0.008670 0.047051 0.220000
v 0.007310 0.048437 0.222771
v 0.004590 0.051208 0.222771
v 0.003230 0.052594 0.220000
v 0.004590 0.051208 0.217229
v 0.007310 0.048437 0.217229
v 0.015017 0.050785 0.220000
v 0.012661 0.051585 0.222771
v 0.007950 0.053185 0.222771
v 0.005595 0.053985 0.220000
v 0.007950 0.053185 0.217229
v 0.012661 0.051585 0.217229
v 0.017340 0.055885 0.220000
v 0.014620 0.055885 0.222771
v 0.009180 0.055885 0.222771
v 0.006460 0.055885 0.220000
v 0.009180 0.055885 0.217229
v 0.014620 0.055885 0.217229
v 0.015017 0.060985 0.220000
v 0.012661 0.060185 0.222771
v 0.007950 0.058585 0.222771
v 0.005595 0.057785 0.220000
v 0.007950 0.058585 0.217229
v 0.012661 0.060185 0.217229
v 0.008670 0.064718 0.220000
v 0.007310 0.063332 0.222771
v 0.004590 0.060561 0.222771
v 0.003230 0.059176 0.220000
v 0.004590 0.060561 0.217229
v 0.007310 0.063332 0.217229
v 0.000000 0.066085 0.220000
v 0.000000 0.064485 0.222771
v 0.000000 0.061285 0.222771
v 0.000000 0.059685 0.220000
v 0.000000 0.061285 0.217229
v 0.000000 0.064485 0.217229
v -0.008670 0.064718 0.220000
v -0.007310 0.063332 0.222771
v -0.004590 0.060561 0.222771
v -0.003230 0.059176 0.220000
v -0.004590 0.060561 0.217229
v -0.007310 0.063332 0.217229
v -0.015017 0.060985 0.220000
v -0.012661 0.060185 0.222771
v -0.007950 0.058585 0.222771
v -0.005595 0.057785 0.220000
v -0.007950 0.058585 0.217229
v -0.012661 0.060185 0.217229
v -0.037406 0.044995 0.220000
v -0.035954 0.048596 0.220000
v -0.030928 0.050678 0.220000
v -0.027354 0.049159 0.220000
v -0.028807 0.045557 0.220000
v -0.033833 0.043475 0.220000
v -0.035260 0.045884 0.225100
v -0.034144 0.049346 0.224300
v -0.029792 0.051149 0.222700
v -0.026555 0.049490 0.221900
v -0.027671 0.046028 0.222700
v -0.032023 0.044225 0.224300
v -0.029396 0.048313 0.228833
v -0.029200 0.051394 0.227448
v -0.026687 0.052434 0.224677
v -0.024370 0.050395 0.223291
v -0.024566 0.047314 0.224677
v -0.027079 0.046273 0.227448
v -0.021386 0.051631 0.230200
v -0.022447 0.054191 0.228600
v -0.022447 0.054191 0.225400
v -0.021386 0.051631 0.223800
v -0.020326 0.049070 0.225400
v -0.020326 0.049070 0.228600
v -0.013376 0.054949 0.228833
v -0.015693 0.056988 0.227448
v -0.018206 0.055947 0.224677
v -0.018402 0.052867 0.223291
v -0.016085 0.050827 0.224677
v -0.013572 0.051868 0.227448
v -0.007512 0.057377 0.225100
v -0.010749 0.059036 0.224300
v -0.015102 0.057233 0.222700
v -0.016217 0.053772 0.221900
v -0.012981 0.052113 0.222700
v -0.008628 0.053916 0.224300
v -0.005366 0.058266 0.220000
v -0.008940 0.059786 0.220000
v -0.013965 0.057704 0.220000
v -0.015418 0.054103 0.220000
v -0.011844 0.052583 0.220000
v -0.006818 0.054665 0.220000
v -0.007512 0.057377 0.214900
v -0.010749 0.059036 0.215700
v -0.015102 0.057233 0.217300
v -0.016217 0.053772 0.218100
v -0.012981 0.052113 0.217300
v -0.008628 0.053916 0.215700
v -0.013376 0.054949 0.211167
v -0.015693 0.056988 0.212552
v -0.018206 0.055947 0.215323
v -0.018402 0.052867 0.216709
v -0.016085 0.050827 0.215323
v -0.013572 0.051868 0.212552
v -0.021386 0.051631 0.209800
v -0.022447 0.054191 0.211400
v -0.022447 0.054191 0.214600
v -0.021386 0.051631 0.216200
v -0.020326 0.049070 0.214600
v -0.020326 0.049070 0.211400
v -0.029396 0.048313 0.211167
v -0.029200 0.051394 0.212552
v -0.026687 0.052434 0.215323
v -0.024370 0.050395 0.216709
v -0.024566 0.047314 0.215323
v -0.027079 0.046273 0.212552
v -0.035260 0.045884 0.214900
v -0.034144 0.049346 0.215700
v -0.029792 0.051149 0.217300
v -0.026555 0.049490 0.218100
v -0.027671 0.046028 0.217300
v -0.032023 0.044225 0.215700
v -0.051778 0.027255 0.220000
v -0.049854 0.029178 0.222771
v -0.046008 0.033025 0.222771
v -0.044084 0.034948 0.220000
v -0.046008 0.033025 0.217229
v -0.049854 0.029178 0.217229
v -0.046529 0.025292 0.220000
v -0.045429 0.027523 0.222771
v -0.043229 0.031986 0.222771
v -0.042129 0.034217 0.220000
v -0.043229 0.031986 0.217229
v -0.045429 0.027523 0.217229
v -0.039401 0.027140 0.220000
v -0.039419 0.029081 0.222771
v -0.039455 0.032964 0.222771
v -0.039473 0.034905 0.220000
v -0.039455 0.032964 0.217229
v -0.039419 0.029081 0.217229
v -0.032304 0.032304 0.220000
v -0.033435 0.033435 0.222771
v -0.035698 0.035698 0.222771
v -0.036829 0.036829 0.220000
v -0.035698 0.035698 0.217229
v -0.033435 0.033435 0.217229
v -0.027140 0.039401 0.220000
v -0.029081 0.039419 0.222771
v -0.032964 0.039455 0.222771
v -0.034905 0.039473 0.220000
v -0.032964 0.039455 0.217229
v -0.029081 0.039419 0.217229
v -0.025292 0.046529 0.220000
v -0.027523 0.045429 0.222771
v -0.031986 0.043229 0.222771
v -0.034217 0.042129 0.220000
v -0.031986 0.043229 0.217229
v -0.027523 0.045429 0.217229
v -0.027255 0.051778 0.220000
v -0.029178 0.049854 0.222771
v -0.033025 0.046008 0.222771
v -0.034948 0.044084 0.220000
v -0.033025 0.046008 0.217229
v -0.029178 0.049854 0.217229
v -0.032504 0.053741 0.220000
v -0.033604 0.051510 0.222771
v -0.035804 0.047047 0.222771
v -0.036904 0.044816 0.220000
v -0.035804 0.047047 0.217229
v -0.033604 0.051510 0.217229
v -0.039632 0.051893 0.220000
v -0.039614 0.049952 0.222771
v -0.039578 0.046069 0.222771
v -0.039559 0.044127 0.220000
v -0.039578 0.046069 0.217229
v -0.039614 0.049952 0.217229
v -0.046729 0.046729 0.220000
v -0.045598 0.045598 0.222771
v -0.043335 0.043335 0.222771
v -0.042203 0.042203 0.220000
v -0.043335 0.043335 0.217229
v -0.045598 0.045598 0.217229
v -0.051893 0.039632 0.220000
v -0.049952 0.039614 0.222771
v -0.046069 0.039578 0.222771
v -0.044127 0.039559 0.220000
v -0.046069 0.039578 0.217229
v -0.049952 0.039614 0.217229
v -0.053741 0.032504 0.220000
v -0.051510 0.033604 0.222771
v -0.047047 0.035804 0.222771
v -0.044816 0.036904 0.220000
v -0.047047 0.035804 0.217229
v -0.051510 0.033604 0.217229
v -0.058266 0.005366 0.220000
v -0.059786 0.008940 0.220000
v -0.057704 0.013965 0.220000
v -0.054103 0.015418 0.220000
v -0.052583 0.011844 0.220000
v -0.054665 0.006818 0.220000
v -0.057377 0.007512 0.225100
v -0.059036 0.010749 0.224300
v -0.057233 0.015102 0.222700
v -0.053772 0.016217 0.221900
v -0.052113 0.012981 0.222700
v -0.053916 0.008628 0.224300
v -0.054949 0.013376 0.228833
v -0.056988 0.015693 0.227448
v -0.055947 0.018206 0.224677
v -0.052867 0.018402 0.223291
v -0.050827 0.016085 0.224677
v -0.051868 0.013572 0.227448
v -0.051631 0.021386 0.230200
v -0.054191 0.022447 0.228600
v -0.054191 0.022447 0.225400
v -0.051631 0.021386 0.223800
v -0.049070 0.020326 0.225400
v -0.049070 0.020326 0.228600
v -0.048313 0.029396 0.228833
v -0.051394 0.029200 0.227448
v -0.052434 0.026687 0.224677
v -0.050395 0.024370 0.223291
v -0.047314 0.024566 0.224677
v -0.046273 0.027079 0.227448
v -0.045884 0.035260 0.225100
v -0.049346 0.034144 0.224300
v -0.051149 0.029792 0.222700
v -0.049490 0.026555 0.221900
v -0.046028 0.027671 0.222700
v -0.044225 0.032023 0.224300
v -0.044995 0.037406 0.220000
v -0.048596 0.035954 0.220000
v -0.050678 0.030928 0.220000
v -0.049159 0.027354 0.220000
v -0.045557 0.028807 0.220000
v -0.043475 0.033833 0.220000
v -0.045884 0.035260 0.214900
v -0.049346 0.034144 0.215700
v -0.051149 0.029792 0.217300
v -0.049490 0.026555 0.218100
v -0.046028 0.027671 0.217300
v -0.044225 0.032023 0.215700
v -0.048313 0.029396 0.211167
v -0.051394 0.029200 0.212552
v -0.052434 0.026687 0.215323
v -0.050395 0.024370 0.216709
v -0.047314 0.024566 0.215323
v -0.046273 0.027079 0.212552
v -0.051631 0.021386 0.209800
v -0.054191 0.022447 0.211400
v -0.054191 0.022447 0.214600
v -0.051631 0.021386 0.216200
v -0.049070 0.020326 0.214600
v -0.049070 0.020326 0.211400
v -0.054949 0.013376 0.211167
v -0.056988 0.015693 0.212552
v -0.055947 0.018206 0.215323
v -0.052867 0.018402 0.216709
v -0.050827 0.016085 0.215323
v -0.051868 0.013572 0.212552
v -0.057377 0.007512 0.214900
v -0.059036 0.010749 0.215700
v -0.057233 0.015102 0.217300
v -0.053772 0.016217 0.218100
v -0.052113 0.012981 0.217300
v -0.053916 0.008628 0.215700
v -0.055885 -0.017340 0.220000
v -0.055885 -0.014620 0.222771
v -0.055885 -0.009180 0.222771
v -0.055885 -0.006460 0.220000
v -0.055885 -0.009180 0.217229
v -0.055885 -0.014620 0.217229
v -0.050785 -0.015017 0.220000
v -0.051585 -0.012661 0.222771
v -0.053185 -0.007950 0.222771
v -0.053985 -0.005595 0.220000
v -0.053185 -0.007950 0.217229
v -0.051585 -0.012661 0.217229
v -0.047051 -0.008670 0.220000
v -0.048437 -0.007310 0.222771
v -0.051208 -0.004590 0.222771
v -0.052594 -0.003230 0.220000
v -0.051208 -0.004590 0.217229
v -0.048437 -0.007310 0.217229
v -0.045685 0.000000 0.220000
v -0.047285 0.000000 0.222771
v -0.050485 0.000000 0.222771
v -0.052085 0.000000 0.220000
v -0.050485 0.000000 0.217229
v -0.047285 0.000000 0.217229
v -0.047051 0.008670 0.220000
v -0.048437 0.007310 0.222771
v -0.051208 0.004590 0.222771
v -0.052594 0.003230 0.220000
v -0.051208 0.004590 0.217229
v -0.048437 0.007310 0.217229
v -0.050785 0.015017 0.220000
v -0.051585 0.012661 0.222771
v -0.053185 0.007950 0.222771
v -0.053985 0.005595 0.220000
v -0.053185 0.007950 0.217229
v -0.051585 0.012661 0.217229
v -0.055885 0.017340 0.220000
v -0.055885 0.014620 0.222771
v -0.055885 0.009180 0.222771
v -0.055885 0.006460 0.220000
v -0.055885 0.009180 0.217229
v -0.055885 0.014620 0.217229
v -0.060985 0.015017 0.220000
v -0.060185 0.012661 0.222771
v -0.058585 0.007950 0.222771
v -0.057785 0.005595 0.220000
v -0.058585 0.007950 0.217229
v -0.060185 0.012661 0.217229
v -0.064718 0.008670 0.220000
v -0.063332 0.007310 0.222771
v -0.060561 0.004590 0.222771
v -0.059176 0.003230 0.220000
v -0.060561 0.004590 0.217229
v -0.063332 0.007310 0.217229
v -0.066085 0.000000 0.220000
v -0.064485 0.000000 0.222771
v -0.061285 0.000000 0.222771
v -0.059685 0.000000 0.220000
v -0.061285 0.000000 0.217229
v -0.064485 0.000000 0.217229
v -0.064718 -0.008670 0.220000
v -0.063332 -0.007310 0.222771
v -0.060561 -0.004590 0.222771
v -0.059176 -0.003230 0.220000
v -0.060561 -0.004590 0.217229
v -0.063332 -0.007310 0.217229
v -0.060985 -0.015017 0.220000
v -0.060185 -0.012661 0.222771
v -0.058585 -0.007950 0.222771
v -0.057785 -0.005595 0.220000
v -0.058585 -0.007950 0.217229
v -0.060185 -0.012661 0.217229
v -0.044995 -0.037406 0.220000
v -0.048596 -0.035954 0.220000
v -0.050678 -0.030928 0.220000
v -0.049159 -0.027354 0.220000
v -0.045557 -0.028807 0.220000
v -0.043475 -0.033833 0.220000
v -0.045884 -0.035260 0.225100
v -0.049346 -0.034144 0.224300
v -0.051149 -0.029792 0.222700
v -0.049490 -0.026555 0.221900
v -0.046028 -0.027671 0.222700
v -0.044225 -0.032023 0.224300
v -0.048313 -0.029396 0.228833
v -0.051394 -0.029200 0.227448
v -0.052434 -0.026687 0.224677
v -0.050395 -0.024370 0.223291
v -0.047314 -0.024566 0.224677
v -0.046273 -0.027079 0.227448
v -0.051631 -0.021386 0.230200
v -0.054191 -0.022447 0.228600
v -0.054191 -0.022447 0.225400
v -0.051631 -0.021386 0.223800
v -0.049070 -0.020326 0.225400
v -0.049070 -0.020326 0.228600
v -0.054949 -0.013376 0.228833
v -0.056988 -0.015693 0.227448
v -0.055947 -0.018206 0.224677
v -0.052867 -0.018402 0.223291
v -0.050827 -0.016085 0.224677
v -0.051868 -0.013572 0.227448
v -0.057377 -0.007512 0.225100
v -0.059036 -0.010749 0.224300
v -0.057233 -0.015102 0.222700
v -0.053772 -0.016217 0.221900
v -0.052113 -0.012981 0.222700
v -0.053916 -0.008628 0.224300
v -0.058266 -0.005366 0.220000
v -0.059786 -0.008940 0.220000
v -0.057704 -0.013965 0.220000
v -0.054103 -0.015418 0.220000
v -0.052583 -0.011844 0.220000
v -0.054665 -0.006818 0.220000
v -0.057377 -0.007512 0.214900
v -0.059036 -0.010749 0.215700
v -0.057233 -0.015102 0.217300
v -0.053772 -0.016217 0.218100
v -0.052113 -0.012981 0.217300
v -0.053916 -0.008628 0.215700
v -0.054949 -0.013376 0.211167
v -0.056988 -0.015693 0.212552
v -0.055947 -0.018206 0.215323
v -0.052867 -0.018402 0.216709
v -0.050827 -0.016085 0.215323
v -0.051868 -0.013572 0.212552
v -0.051631 -0.021386 0.209800
v -0.054191 -0.022447 0.211400
v -0.054191 -0.022447 0.214600
v -0.051631 -0.021386 0.216200
v -0.049070 -0.020326 0.214600
v -0.049070 -0.020326 0.211400
v -0.048313 -0.029396 0.211167
v -0.051394 -0.029200 0.212552
v -0.052434 -0.026687 0.215323
v -0.050395 -0.024370 0.216709
v -0.047314 -0.024566 0.215323
v -0.046273 -0.027079 0.212552
v -0.045884 -0.035260 0.214900
v -0.049346 -0.034144 0.215700
v -0.051149 -0.029792 0.217300
v -0.049490 -0.026555 0.218100
v -0.046028 -0.027671 0.217300
v -0.044225 -0.032023 0.215700
v -0.027255 -0.051778 0.220000
v -0.029178 -0.049854 0.222771
v -0.033025 -0.046008 0.222771
v -0.034948 -0.044084 0.220000
v -0.033025 -0.046008 0.217229
v -0.029178 -0.049854 0.217229
v -0.025292 -0.046529 0.220000
v -0.027523 -0.045429 0.222771
v -0.031986 -0.043229 0.222771
v -0.034217 -0.042129 0.220000
v -0.031986 -0.043229 0.217229
v -0.027523 -0.045429 0.217229
v -0.027140 -0.039401 0.220000
v -0.029081 -0.039419 0.222771
v -0.032964 -0.039455 0.222771
v -0.034905 -0.039473 0.220000
v -0.032964 -0.039455 0.217229
v -0.029081 -0.039419 0.217229
v -0.032304 -0.032304 0.220000
v -0.033435 -0.033435 0.222771
v -0.035698 -0.035698 0.222771
v -0.036829 -0.036829 0.220000
v -0.035698 -0.035698 0.217229
v -0.033435 -0.033435 0.217229
v -0.039401 -0.027140 0.220000
v -0.039419 -0.029081 0.222771
v -0.039455 -0.032964 0.222771
v -0.039473 -0.034905 0.220000
v -0.039455 -0.032964 0.217229
v -0.039419 -0.029081 0.217229
v -0.046529 -0.025292 0.220000
v -0.045429 -0.027523 0.222771
v -0.043229 -0.031986 0.222771
v -0.042129 -0.034217 0.220000
v -0.043229 -0.031986 0.217229
v -0.045429 -0.027523 0.217229
v -0.051778 -0.027255 0.220000
v -0.049854 -0.029178 0.222771
v -0.046008 -0.033025 0.222771
v -0.044084 -0.034948 0.220000
v -0.046008 -0.033025 0.217229
v -0.049854 -0.029178 0.217229
v -0.053741 -0.032504 0.220000
v -0.051510 -0.033604 0.222771
v -0.047047 -0.035804 0.222771
v -0.044816 -0.036904 0.220000
v -0.047047 -0.035804 0.217229
v -0.051510 -0.033604 0.217229
v -0.051893 -0.039632 0.220000
v -0.049952 -0.039614 0.222771
v -0.046069 -0.039578 0.222771
v -0.044127 -0.039559 0.220000
v -0.046069 -0.039578 0.217229
v -0.049952 -0.039614 0.217229
v -0.046729 -0.046729 0.220000
v -0.045598 -0.045598 0.222771
v -0.043335 -0.043335 0.222771
v -0.042203 -0.042203 0.220000
v -0.043335 -0.043335 0.217229
v -0.045598 -0.045598 0.217229
v -0.039632 -0.051893 0.220000
v -0.039614 -0.049952 0.222771
v -0.039578 -0.046069 0.222771
v -0.039559 -0.044127 0.220000
v -0.039578 -0.046069 0.217229
v -0.039614 -0.049952 0.217229
v -0.032504 -0.053741 0.220000
v -0.033604 -0.051510 0.222771
v -0.035804 -0.047047 0.222771
v -0.036904 -0.044816 0.220000
v -0.035804 -0.047047 0.217229
v -0.033604 -0.051510 0.217229
v -0.005366 -0.058266 0.220000
v -0.008940 -0.059786 0.220000
v -0.013965 -0.057704 0.220000
v -0.015418 -0.054103 0.220000
v -0.011844 -0.052583 0.220000
v -0.006818 -0.054665 0.220000
v -0.007512 -0.057377 0.225100
v -0.010749 -0.059036 0.224300
v -0.015102 -0.057233 0.222700
v -0.016217 -0.053772 0.221900
v -0.012981 -0.052113 0.222700
v -0.008628 -0.053916 0.224300
v -0.013376 -0.054949 0.228833
v -0.015693 -0.056988 0.227448
v -0.018206 -0.055947 0.224677
v -0.018402 -0.052867 0.223291
v -0.016085 -0.050827 0.224677
v -0.013572 -0.051868 0.227448
v -0.021386 -0.051631 0.230200
v -0.022447 -0.054191 0.228600
v -0.022447 -0.054191 0.225400
v -0.021386 -0.051631 0.223800
v -0.020326 -0.049070 0.225400
v -0.020326 -0.049070 0.228600
v -0.029396 -0.048313 0.228833
v -0.029200 -0.051394 0.227448
v -0.026687 -0.052434 0.224677
v -0.024370 -0.050395 0.223291
v -0.024566 -0.047314 0.224677
v -0.027079 -0.046273 0.227448
v -0.035260 -0.045884 0.225100
v -0.034144 -0.049346 0.224300
v -0.029792 -0.051149 0.222700
v -0.026555 -0.049490 0.221900
v -0.027671 -0.046028 0.222700
v -0.032023 -0.044225 0.224300
v -0.037406 -0.044995 0.220000
v -0.035954 -0.048596 0.220000
v -0.030928 -0.050678 0.220000
v -0.027354 -0.049159 0.220000
v -0.028807 -0.045557 0.220000
v -0.033833 -0.043475 0.220000
v -0.035260 -0.045884 0.214900
v -0.034144 -0.049346 0.215700
v -0.029792 -0.051149 0.217300
v -0.026555 -0.049490 0.218100
v -0.027671 -0.046028 0.217300
v -0.032023 -0.044225 0.215700
v -0.029396 -0.048313 0.211167
v -0.029200 -0.051394 0.212552
v -0.026687 -0.052434 0.215323
v -0.024370 -0.050395 0.216709
v -0.024566 -0.047314 0.215323
v -0.027079 -0.046273 0.212552
v -0.021386 -0.051631 0.209800
v -0.022447 -0.054191 0.211400
v -0.022447 -0.054191 0.214600
v -0.021386 -0.051631 0.216200
v -0.020326 -0.049070 0.214600
v -0.020326 -0.049070 0.211400
v -0.013376 -0.054949 0.211167
v -0.015693 -0.056988 0.212552
v -0.018206 -0.055947 0.215323
v -0.018402 -0.052867 0.216709
v -0.016085 -0.050827 0.215323
v -0.013572 -0.051868 0.212552
v -0.007512 -0.057377 0.214900
v -0.010749 -0.059036 0.215700
v -0.015102 -0.057233 0.217300
v -0.016217 -0.053772 0.218100
v -0.012981 -0.052113 0.217300
v -0.008628 -0.053916 0.215700
v 0.017340 -0.055885 0.220000
v 0.014620 -0.055885 0.222771
v 0.009180 -0.055885 0.222771
v 0.006460 -0.055885 0.220000
v 0.009180 -0.055885 0.217229
v 0.014620 -0.055885 0.217229
v 0.015017 -0.050785 0.220000
v 0.012661 -0.051585 0.222771
v 0.007950 -0.053185 0.222771
v 0.005595 -0.053985 0.220000
v 0.007950 -0.053185 0.217229
v 0.012661 -0.051585 0.217229
v 0.008670 -0.047051 0.220000
v 0.007310 -0.048437 0.222771
v 0.004590 -0.051208 0.222771
v 0.003230 -0.052594 0.220000
v 0.004590 -0.051208 0.217229
v 0.007310 -0.048437 0.217229
v 0.000000 -0.045685 0.220000
v 0.000000 -0.047285 0.222771
v 0.000000 -0.050485 0.222771
v 0.000000 -0.052085 0.220000
v 0.000000 -0.050485 0.217229
v 0.000000 -0.047285 0.217229
v -0.008670 -0.047051 0.220000
v -0.007310 -0.048437 0.222771
v -0.004590 -0.051208 0.222771
v -0.003230 -0.052594 0.220000
v -0.004590 -0.051208 0.217229
v -0.007310 -0.048437 0.217229
v -0.015017 -0.050785 0.220000
v -0.012661 -0.051585 0.222771
v -0.007950 -0.053185 0.222771
v -0.005595 -0.053985 0.220000
v -0.007950 -0.053185 0.217229
v -0.012661 -0.051585 0.217229
v -0.017340 -0.055885 0.220000
v -0.014620 -0.055885 0.222771
v -0.009180 -0.055885 0.222771
v -0.006460 -0.055885 0.220000
v -0.009180 -0.055885 0.217229
v -0.014620 -0.055885 0.217229
v -0.015017 -0.060985 0.220000
v -0.012661 -0.060185 0.222771
v -0.007950 -0.058585 0.222771
v -0.005595 -0.057785 0.220000
v -0.007950 -0.058585 0.217229
v -0.012661 -0.060185 0.217229
v -0.008670 -0.064718 0.220000
v -0.007310 -0.063332 0.222771
v -0.004590 -0.060561 0.222771
v -0.003230 -0.059176 0.220000
v -0.004590 -0.060561 0.217229
v -0.007310 -0.063332 0.217229
v 0.000000 -0.066085 0.220000
v 0.000000 -0.064485 0.222771
v 0.000000 -0.061285 0.222771
v 0.000000 -0.059685 0.220000
v 0.000000 -0.061285 0.217229
v 0.000000 -0.064485 0.217229
v 0.008670 -0.064718 0.220000
v 0.007310 -0.063332 0.222771
v 0.004590 -0.060561 0.222771
v 0.003230 -0.059176 0.220000
v 0.004590 -0.060561 0.217229
v 0.007310 -0.063332 0.217229
v 0.015017 -0.060985 0.220000
v 0.012661 -0.060185 0.222771
v 0.007950 -0.058585 0.222771
v 0.005595 -0.057785 0.220000
v 0.007950 -0.058585 0.217229
v 0.012661 -0.060185 0.217229
v 0.037406 -0.044995 0.220000
v 0.035954 -0.048596 0.220000
v 0.030928 -0.050678 0.220000
v 0.027354 -0.049159 0.220000
v 0.028807 -0.045557 0.220000
v 0.033833 -0.043475 0.220000
v 0.035260 -0.045884 0.225100
v 0.034144 -0.049346 0.224300
v 0.029792 -0.051149 0.222700
v 0.026555 -0.049490 0.221900
v 0.027671 -0.046028 0.222700
v 0.032023 -0.044225 0.224300
v 0.029396 -0.048313 0.228833
v 0.029200 -0.051394 0.227448
v 0.026687 -0.052434 0.224677
v 0.024370 -0.050395 0.223291
v 0.024566 -0.047314 0.224677
v 0.027079 -0.046273 0.227448
v 0.021386 -0.051631 0.230200
v 0.022447 -0.054191 0.228600
v 0.022447 -0.054191 0.225400
v 0.021386 -0.051631 0.223800
v 0.020326 -0.049070 0.225400
v 0.020326 -0.049070 0.228600
v 0.013376 -0.054949 0.228833
v 0.015693 -0.056988 0.227448
v 0.018206 -0.055947 0.224677
v 0.018402 -0.052867 0.223291
v 0.016085 -0.050827 0.224677
v 0.013572 -0.051868 0.227448
v 0.007512 -0.057377 0.225100
v 0.010749 -0.059036 0.224300
v 0.015102 -0.057233 0.222700
v 0.016217 -0.053772 0.221900
v 0.012981 -0.052113 0.222700
v 0.008628 -0.053916 0.224300
v 0.005366 -0.058266 0.220000
v 0.008940 -0.059786 0.220000
v 0.013965 -0.057704 0.220000
v 0.015418 -0.054103 0.220000
v 0.011844 -0.052583 0.220000
v 0.006818 -0.054665 0.220000
v 0.007512 -0.057377 0.214900
v 0.010749 -0.059036 0.215700
v 0.015102 -0.057233 0.217300
v 0.016217 -0.053772 0.218100
v 0.012981 -0.052113 0.217300
v 0.008628 -0.053916 0.215700
v 0.013376 -0.054949 0.211167
v 0.015693 -0.056988 0.212552
v 0.018206 -0.055947 0.215323
v 0.018402 -0.052867 0.216709
v 0.016085 -0.050827 0.215323
v 0.013572 -0.051868 0.212552
v 0.021386 -0.051631 0.209800
v 0.022447 -0.054191 0.211400
v 0.022447 -0.054191 0.214600
v 0.021386 -0.051631 0.216200
v 0.020326 -0.049070 0.214600
v 0.020326 -0.049070 0.211400
v 0.029396 -0.048313 0.211167
v 0.029200 -0.051394 0.212552
v 0.026687 -0.052434 0.215323
v 0.024370 -0.050395 0.216709
v 0.024566 -0.047314 0.215323
v 0.027079 -0.046273 0.212552
v 0.035260 -0.045884 0.214900
v 0.034144 -0.049346 0.215700
v 0.029792 -0.051149 0.217300
v 0.026555 -0.049490 0.218100
v 0.027671 -0.046028 0.217300
v 0.032023 -0.044225 0.215700
v 0.051778 -0.027255 0.220000
v 0.049854 -0.029178 0.222771
v 0.046008 -0.033025 0.222771
v 0.044084 -0.034948 0.220000
v 0.046008 -0.033025 0.217229
v 0.049854 -0.029178 0.217229
v 0.046529 -0.025292 0.220000
v 0.045429 -0.027523 0.222771
v 0.043229 -0.031986 0.222771
v 0.042129 -0.034217 0.220000
v 0.043229 -0.031986 0.217229
v 0.045429 -0.027523 0.217229
v 0.039401 -0.027140 0.220000
v 0.039419 -0.029081 0.222771
v 0.039455 -0.032964 0.222771
v 0.039473 -0.034905 0.220000
v 0.039455 -0.032964 0.217229
v 0.039419 -0.029081 0.217229
v 0.032304 -0.032304 0.220000
v 0.033435 -0.033435 0.222771
v 0.035698 -0.035698 0.222771
v 0.036829 -0.036829 0.220000
v 0.035698 -0.035698 0.217229
v 0.033435 -0.033435 0.217229
v 0.027140 -0.039401 0.220000
v 0.029081 -0.039419 0.222771
v 0.032964 -0.039455 0.222771
v 0.034905 -0.039473 0.220000
v 0.032964 -0.039455 0.217229
v 0.029081 -0.039419 0.217229
v 0.025292 -0.046529 0.220000
v 0.027523 -0.045429 0.222771
v 0.031986 -0.043229 0.222771
v 0.034217 -0.042129 0.220000
v 0.031986 -0.043229 0.217229
v 0.027523 -0.045429 0.217229
v 0.027255 -0.051778 0.220000
v 0.029178 -0.049854 0.222771
v 0.033025 -0.046008 0.222771
v 0.034948 -0.044084 0.220000
v 0.033025 -0.046008 0.217229
v 0.029178 -0.049854 0.217229
v 0.032504 -0.053741 0.220000
v 0.033604 -0.051510 0.222771
v 0.035804 -0.047047 0.222771
v 0.036904 -0.044816 0.220000
v 0.035804 -0.047047 0.217229
v 0.033604 -0.051510 0.217229
v 0.039632 -0.051893 0.220000
v 0.039614 -0.049952 0.222771
v 0.039578 -0.046069 0.222771
v 0.039559 -0.044127 0.220000
v 0.039578 -0.046069 0.217229
v 0.039614 -0.049952 0.217229
v 0.046729 -0.046729 0.220000
v 0.045598 -0.045598 0.222771
v 0.043335 -0.043335 0.222771
v 0.042203 -0.042203 0.220000
v 0.043335 -0.043335 0.217229
v 0.045598 -0.045598 0.217229
v 0.051893 -0.039632 0.220000
v 0.049952 -0.039614 0.222771
v 0.046069 -0.039578 0.222771
v 0.044127 -0.039559 0.220000
v 0.046069 -0.039578 0.217229
v 0.049952 -0.039614 0.217229
v 0.053741 -0.032504 0.220000
v 0.051510 -0.033604 0.222771
v 0.047047 -0.035804 0.222771
v 0.044816 -0.036904 0.220000
v 0.047047 -0.035804 0.217229
v 0.051510 -0.033604 0.217229
v 0.058266 -0.005366 0.220000
v 0.059786 -0.008940 0.220000
v 0.057704 -0.013965 0.220000
v 0.054103 -0.015418 0.220000
v 0.052583 -0.011844 0.220000
v 0.054665 -0.006818 0.220000
v 0.057377 -0.007512 0.225100
v 0.059036 -0.010749 0.224300
v 0.057233 -0.015102 0.222700
v 0.053772 -0.016217 0.221900
v 0.052113 -0.012981 0.222700
v 0.053916 -0.008628 0.224300
v 0.054949 -0.013376 0.228833
v 0.056988 -0.015693 0.227448
v 0.055947 -0.018206 0.224677
v 0.052867 -0.018402 0.223291
v 0.050827 -0.016085 0.224677
v 0.051868 -0.013572 0.227448
v 0.051631 -0.021386 0.230200
v 0.054191 -0.022447 0.228600
v 0.054191 -0.022447 0.225400
v 0.051631 -0.021386 0.223800
v 0.049070 -0.020326 0.225400
v 0.049070 -0.020326 0.228600
v 0.048313 -0.029396 0.228833
v 0.051394 -0.029200 0.227448
v 0.052434 -0.026687 0.224677
v 0.050395 -0.024370 0.223291
v 0.047314 -0.024566 0.224677
v 0.046273 -0.027079 0.227448
v 0.045884 -0.035260 0.225100
v 0.049346 -0.034144 0.224300
v 0.051149 -0.029792 0.222700
v 0.049490 -0.026555 0.221900
v 0.046028 -0.027671 0.222700
v 0.044225 -0.032023 0.224300
v 0.044995 -0.037406 0.220000
v 0.048596 -0.035954 0.220000
v 0.050678 -0.030928 0.220000
v 0.049159 -0.027354 0.220000
v 0.045557 -0.028807 0.220000
v 0.043475 -0.033833 0.220000
v 0.045884 -0.035260 0.214900
v 0.049346 -0.034144 0.215700
v 0.051149 -0.029792 0.217300
v 0.049490 -0.026555 0.218100
v 0.046028 -0.027671 0.217300
v 0.044225 -0.032023 0.215700
v 0.048313 -0.029396 0.211167
v 0.051394 -0.029200 0.212552
v 0.052434 -0.026687 0.215323
v 0.050395 -0.024370 0.216709
v 0.047314 -0.024566 0.215323
v 0.046273 -0.027079 0.212552
v 0.051631 -0.021386 0.209800
v 0.054191 -0.022447 0.211400
v 0.054191 -0.022447 0.214600
v 0.051631 -0.021386 0.216200
v 0.049070 -0.020326 0.214600
v 0.049070 -0.020326 0.211400
v 0.054949 -0.013376 0.211167
v 0.056988 -0.015693 0.212552
v 0.055947 -0.018206 0.215323
v 0.052867 -0.018402 0.216709
v 0.050827 -0.016085 0.215323
v 0.051868 -0.013572 0.212552
v 0.057377 -0.007512 0.214900
v 0.059036 -0.010749 0.215700
v 0.057233 -0.015102 0.217300
v 0.053772 -0.016217 0.218100
v 0.052113 -0.012981 0.217300
v 0.053916 -0.008628 0.215700
v 0.070214 0.017340 -0.120000
v 0.070214 0.014620 -0.117229
v 0.070214 0.009180 -0.117229
v 0.070214 0.006460 -0.120000
v 0.070214 0.009180 -0.122771
v 0.070214 0.014620 -0.122771
v 0.065114 0.015017 -0.120000
v 0.065914 0.012661 -0.117229
v 0.067514 0.007950 -0.117229
v 0.068314 0.005595 -0.120000
v 0.067514 0.007950 -0.122771
v 0.065914 0.012661 -0.122771
v 0.061381 0.008670 -0.120000
v 0.062766 0.007310 -0.117229
v 0.065538 0.004590 -0.117229
v 0.066923 0.003230 -0.120000
v 0.065538 0.004590 -0.122771
v 0.062766 0.007310 -0.122771
v 0.060014 -0.000000 -0.120000
v 0.061614 -0.000000 -0.117229
v 0.064814 -0.000000 -0.117229
v 0.066414 -0.000000 -0.120000
v 0.064814 -0.000000 -0.122771
v 0.061614 -0.000000 -0.122771
v 0.061381 -0.008670 -0.120000
v 0.062766 -0.007310 -0.117229
v 0.065538 -0.004590 -0.117229
v 0.066923 -0.003230 -0.120000
v 0.065538 -0.004590 -0.122771
v 0.062766 -0.007310 -0.122771
v 0.065114 -0.015017 -0.120000
v 0.065914 -0.012661 -0.117229
v 0.067514 -0.007950 -0.117229
v 0.068314 -0.005595 -0.120000
v 0.067514 -0.007950 -0.122771
v 0.065914 -0.012661 -0.122771
v 0.070214 -0.017340 -0.120000
v 0.070214 -0.014620 -0.117229
v 0.070214 -0.009180 -0.117229
v 0.070214 -0.006460 -0.120000
v 0.070214 -0.009180 -0.122771
v 0.070214 -0.014620 -0.122771
v 0.075314 -0.015017 -0.120000
v 0.074514 -0.012661 -0.117229
v 0.072914 -0.007950 -0.117229
v 0.072114 -0.005595 -0.120000
v 0.072914 -0.007950 -0.122771
v 0.074514 -0.012661 -0.122771
v 0.079048 -0.008670 -0.120000
v 0.077662 -0.007310 -0.117229
v 0.074891 -0.004590 -0.117229
v 0.073505 -0.003230 -0.120000
v 0.074891 -0.004590 -0.122771
v 0.077662 -0.007310 -0.122771
v 0.080414 -0.000000 -0.120000
v 0.078814 -0.000000 -0.117229
v 0.075614 -0.000000 -0.117229
v 0.074014 -0.000000 -0.120000
v 0.075614 -0.000000 -0.122771
v 0.078814 -0.000000 -0.122771
v 0.079048 0.008670 -0.120000
v 0.077662 0.007310 -0.117229
v 0.074891 0.004590 -0.117229
v 0.073505 0.003230 -0.120000
v 0.074891 0.004590 -0.122771
v 0.077662 0.007310 -0.122771
v 0.075314 0.015017 -0.120000
v 0.074514 0.012661 -0.117229
v 0.072914 0.007950 -0.117229
v 0.072114 0.005595 -0.120000
v 0.072914 0.007950 -0.122771
v 0.074514 0.012661 -0.122771
v 0.061984 0.037266 -0.120000
v 0.065434 0.035483 -0.120000
v 0.067037 0.030285 -0.120000
v 0.065191 0.026869 -0.120000
v 0.061741 0.028651 -0.120000
v 0.060137 0.033850 -0.120000
v 0.062669 0.035046 -0.114900
v 0.066011 0.033612 -0.115700
v 0.067400 0.029110 -0.117300
v 0.065446 0.026042 -0.118100
v 0.062103 0.027476 -0.117300
v 0.060715 0.031978 -0.115700
v 0.064539 0.028981 -0.111167
v 0.067588 0.028498 -0.112552
v 0.068390 0.025899 -0.115323
v 0.066143 0.023783 -0.116709
v 0.063094 0.024265 -0.115323
v 0.062292 0.026864 -0.112552
v 0.067095 0.020696 -0.109800
v 0.069743 0.021513 -0.111400
v 0.069743 0.021513 -0.114600
v 0.067095 0.020696 -0.116200
v 0.064447 0.019879 -0.114600
v 0.064447 0.019879 -0.111400
v 0.069650 0.012411 -0.111167
v 0.071898 0.014528 -0.112552
v 0.071096 0.017127 -0.115323
v 0.068047 0.017610 -0.116709
v 0.065800 0.015493 -0.115323
v 0.066601 0.012894 -0.112552
v 0.071521 0.006346 -0.114900
v 0.073475 0.009414 -0.115700
v 0.072086 0.013916 -0.117300
v 0.068744 0.015350 -0.118100
v 0.066790 0.012282 -0.117300
v 0.068179 0.007780 -0.115700
v 0.072206 0.004126 -0.120000
v 0.074052 0.007542 -0.120000
v 0.072449 0.012741 -0.120000
v 0.068999 0.014523 -0.120000
v 0.067153 0.011107 -0.120000
v 0.068756 0.005909 -0.120000
v 0.071521 0.006346 -0.125100
v 0.073475 0.009414 -0.124300
v 0.072086 0.013916 -0.122700
v 0.068744 0.015350 -0.121900
v 0.066790 0.012282 -0.122700
v 0.068179 0.007780 -0.124300
v 0.069650 0.012411 -0.128833
v 0.071898 0.014528 -0.127448
v 0.071096 0.017127 -0.124677
v 0.068047 0.017610 -0.123291
v 0.065800 0.015493 -0.124677
v 0.066601 0.012894 -0.127448
v 0.067095 0.020696 -0.130200
v 0.069743 0.021513 -0.128600
v 0.069743 0.021513 -0.125400
v 0.067095 0.020696 -0.123800
v 0.064447 0.019879 -0.125400
v 0.064447 0.019879 -0.128600
v 0.064539 0.028981 -0.128833
v 0.067588 0.028498 -0.127448
v 0.068390 0.025899 -0.124677
v 0.066143 0.023783 -0.123291
v 0.063094 0.024265 -0.124677
v 0.062292 0.026864 -0.127448
v 0.062669 0.035046 -0.125100
v 0.066011 0.033612 -0.124300
v 0.067400 0.029110 -0.122700
v 0.065446 0.026042 -0.121900
v 0.062103 0.027476 -0.122700
v 0.060715 0.031978 -0.124300
v 0.048246 0.053880 -0.120000
v 0.049778 0.051633 -0.117229
v 0.052842 0.047138 -0.117229
v 0.054375 0.044891 -0.120000
v 0.052842 0.047138 -0.122771
v 0.049778 0.051633 -0.122771
v 0.045341 0.049088 -0.120000
v 0.047329 0.047592 -0.117229
v 0.051304 0.044601 -0.117229
v 0.053292 0.043105 -0.120000
v 0.051304 0.044601 -0.122771
v 0.047329 0.047592 -0.122771
v 0.045831 0.041741 -0.120000
v 0.047742 0.041397 -0.117229
v 0.051564 0.040711 -0.117229
v 0.053475 0.040368 -0.120000
v 0.051564 0.040711 -0.122771
v 0.047742 0.041397 -0.122771
v 0.049586 0.033807 -0.120000
v 0.050908 0.034709 -0.117229
v 0.053552 0.036511 -0.117229
v 0.054874 0.037412 -0.120000
v 0.053552 0.036511 -0.122771
v 0.050908 0.034709 -0.122771
v 0.055599 0.027414 -0.120000
v 0.055978 0.029318 -0.117229
v 0.056735 0.033126 -0.117229
v 0.057114 0.035031 -0.120000
v 0.056735 0.033126 -0.122771
v 0.055978 0.029318 -0.122771
v 0.062259 0.024273 -0.120000
v 0.061593 0.026670 -0.117229
v 0.060261 0.031463 -0.117229
v 0.059595 0.033860 -0.120000
v 0.060261 0.031463 -0.122771
v 0.061593 0.026670 -0.122771
v 0.067782 0.025226 -0.120000
v 0.066250 0.027474 -0.117229
v 0.063185 0.031968 -0.117229
v 0.061653 0.034216 -0.120000
v 0.063185 0.031968 -0.122771
v 0.066250 0.027474 -0.122771
v 0.070687 0.030019 -0.120000
v 0.068699 0.031514 -0.117229
v 0.064723 0.034505 -0.117229
v 0.062735 0.036001 -0.120000
v 0.064723 0.034505 -0.122771
v 0.068699 0.031514 -0.122771
v 0.070196 0.037366 -0.120000
v 0.068285 0.037709 -0.117229
v 0.064463 0.038395 -0.117229
v 0.062552 0.038738 -0.120000
v 0.064463 0.038395 -0.122771
v 0.068285 0.037709 -0.122771
v 0.066441 0.045299 -0.120000
v 0.065119 0.044398 -0.117229
v 0.062475 0.042595 -0.117229
v 0.061153 0.041694 -0.120000
v 0.062475 0.042595 -0.122771
v 0.065119 0.044398 -0.122771
v 0.060428 0.051693 -0.120000
v 0.060050 0.049788 -0.117229
v 0.059292 0.045980 -0.117229
v 0.058913 0.044076 -0.120000
v 0.059292 0.045980 -0.122771
v 0.060050 0.049788 -0.122771
v 0.053768 0.054834 -0.120000
v 0.054434 0.052437 -0.117229
v 0.055766 0.047643 -0.117229
v 0.056432 0.045246 -0.120000
v 0.055766 0.047643 -0.122771
v 0.054434 0.052437 -0.122771
v 0.030221 0.065707 -0.120000
v 0.034075 0.066178 -0.120000
v 0.038329 0.062786 -0.120000
v 0.038727 0.058923 -0.120000
v 0.034873 0.058453 -0.120000
v 0.030620 0.061844 -0.120000
v 0.032037 0.064259 -0.114900
v 0.035607 0.064957 -0.115700
v 0.039290 0.062019 -0.117300
v 0.039404 0.058384 -0.118100
v 0.035834 0.057686 -0.117300
v 0.032151 0.060623 -0.115700
v 0.036999 0.060301 -0.111167
v 0.039791 0.061620 -0.112552
v 0.041917 0.059924 -0.115323
v 0.041253 0.056910 -0.116709
v 0.038461 0.055591 -0.115323
v 0.036335 0.057287 -0.112552
v 0.043778 0.054896 -0.109800
v 0.045506 0.057062 -0.111400
v 0.045506 0.057062 -0.114600
v 0.043778 0.054896 -0.116200
v 0.042050 0.052729 -0.114600
v 0.042050 0.052729 -0.111400
v 0.050556 0.049490 -0.111167
v 0.051221 0.052505 -0.112552
v 0.049094 0.054201 -0.115323
v 0.046303 0.052882 -0.116709
v 0.045639 0.049867 -0.115323
v 0.047765 0.048171 -0.112552
v 0.055519 0.045533 -0.114900
v 0.055405 0.049168 -0.115700
v 0.051721 0.052106 -0.117300
v 0.048152 0.051408 -0.118100
v 0.048266 0.047772 -0.117300
v 0.051949 0.044835 -0.115700
v 0.057335 0.044084 -0.120000
v 0.056936 0.047947 -0.120000
v 0.052683 0.051339 -0.120000
v 0.048829 0.050868 -0.120000
v 0.049227 0.047005 -0.120000
v 0.053480 0.043614 -0.120000
v 0.055519 0.045533 -0.125100
v 0.055405 0.049168 -0.124300
v 0.051721 0.052106 -0.122700
v 0.048152 0.051408 -0.121900
v 0.048266 0.047772 -0.122700
v 0.051949 0.044835 -0.124300
v 0.050556 0.049490 -0.128833
v 0.051221 0.052505 -0.127448
v 0.049094 0.054201 -0.124677
v 0.046303 0.052882 -0.123291
v 0.045639 0.049867 -0.124677
v 0.047765 0.048171 -0.127448
v 0.043778 0.054896 -0.130200
v 0.045506 0.057062 -0.128600
v 0.045506 0.057062 -0.125400
v 0.043778 0.054896 -0.123800
v 0.042050 0.052729 -0.125400
v 0.042050 0.052729 -0.128600
v 0.036999 0.060301 -0.128833
v 0.039791 0.061620 -0.127448
v 0.041917 0.059924 -0.124677
v 0.041253 0.056910 -0.123291
v 0.038461 0.055591 -0.124677
v 0.036335 0.057287 -0.127448
v 0.032037 0.064259 -0.125100
v 0.035607 0.064957 -0.124300
v 0.039290 0.062019 -0.122700
v 0.039404 0.058384 -0.121900
v 0.035834 0.057686 -0.122700
v 0.032151 0.060623 -0.124300
v 0.009511 0.071696 -0.120000
v 0.012043 0.070702 -0.117229
v 0.017107 0.068714 -0.117229
v 0.019639 0.067721 -0.120000
v 0.017107 0.068714 -0.122771
v 0.012043 0.070702 -0.122771
v 0.009810 0.066099 -0.120000
v 0.012295 0.065984 -0.117229
v 0.017265 0.065752 -0.117229
v 0.019750 0.065636 -0.120000
v 0.017265 0.065752 -0.122771
v 0.012295 0.065984 -0.122771
v 0.014354 0.060305 -0.120000
v 0.016126 0.061098 -0.117229
v 0.019671 0.062684 -0.117229
v 0.021443 0.063477 -0.120000
v 0.019671 0.062684 -0.122771
v 0.016126 0.061098 -0.122771
v 0.021926 0.055866 -0.120000
v 0.022510 0.057355 -0.117229
v 0.023679 0.060334 -0.117229
v 0.024264 0.061823 -0.120000
v 0.023679 0.060334 -0.122771
v 0.022510 0.057355 -0.122771
v 0.030496 0.053970 -0.120000
v 0.029736 0.055757 -0.117229
v 0.028216 0.059330 -0.117229
v 0.027457 0.061117 -0.120000
v 0.028216 0.059330 -0.122771
v 0.029736 0.055757 -0.122771
v 0.037768 0.055127 -0.120000
v 0.035867 0.056732 -0.117229
v 0.032066 0.059943 -0.117229
v 0.030166 0.061548 -0.120000
v 0.032066 0.059943 -0.122771
v 0.035867 0.056732 -0.122771
v 0.041794 0.059026 -0.120000
v 0.039262 0.060019 -0.117229
v 0.034198 0.062007 -0.117229
v 0.031666 0.063001 -0.120000
v 0.034198 0.062007 -0.122771
v 0.039262 0.060019 -0.122771
v 0.041494 0.064622 -0.120000
v 0.039009 0.064738 -0.117229
v 0.034039 0.064969 -0.117229
v 0.031554 0.065085 -0.120000
v 0.034039 0.064969 -0.122771
v 0.039009 0.064738 -0.122771
v 0.036950 0.070416 -0.120000
v 0.035178 0.069623 -0.117229
v 0.031633 0.068037 -0.117229
v 0.029861 0.067244 -0.120000
v 0.031633 0.068037 -0.122771
v 0.035178 0.069623 -0.122771
v 0.029379 0.074856 -0.120000
v 0.028794 0.073366 -0.117229
v 0.027625 0.070387 -0.117229
v 0.027040 0.068898 -0.120000
v 0.027625 0.070387 -0.122771
v 0.028794 0.073366 -0.122771
v 0.020809 0.076751 -0.120000
v 0.021568 0.074964 -0.117229
v 0.023088 0.071391 -0.117229
v 0.023848 0.069604 -0.120000
v 0.023088 0.071391 -0.122771
v 0.021568 0.074964 -0.122771
v 0.013537 0.075594 -0.120000
v 0.015437 0.073989 -0.117229
v 0.019238 0.070778 -0.117229
v 0.021139 0.069173 -0.120000
v 0.019238 0.070778 -0.122771
v 0.015437 0.073989 -0.122771
v -0.012044 0.071314 -0.120000
v -0.009125 0.073874 -0.120000
v -0.003700 0.073468 -0.120000
v -0.001195 0.070501 -0.120000
v -0.004114 0.067940 -0.120000
v -0.009539 0.068347 -0.120000
v -0.009728 0.071140 -0.114900
v -0.007172 0.073728 -0.115700
v -0.002474 0.073376 -0.117300
v -0.000332 0.070436 -0.118100
v -0.002888 0.067849 -0.117300
v -0.007586 0.068201 -0.115700
v -0.003399 0.070666 -0.111167
v -0.001835 0.073328 -0.112552
v 0.000877 0.073124 -0.115323
v 0.002026 0.070259 -0.116709
v 0.000463 0.067597 -0.115323
v -0.002250 0.067801 -0.112552
v 0.005247 0.070018 -0.109800
v 0.005454 0.072781 -0.111400
v 0.005454 0.072781 -0.114600
v 0.005247 0.070018 -0.116200
v 0.005040 0.067254 -0.114600
v 0.005040 0.067254 -0.111400
v 0.013893 0.069370 -0.111167
v 0.012744 0.072235 -0.112552
v 0.010031 0.072438 -0.115323
v 0.008468 0.069777 -0.116709
v 0.009617 0.066911 -0.115323
v 0.012330 0.066708 -0.112552
v 0.020222 0.068896 -0.114900
v 0.018080 0.071835 -0.115700
v 0.013382 0.072187 -0.117300
v 0.010826 0.069600 -0.118100
v 0.012968 0.066660 -0.117300
v 0.017666 0.066308 -0.115700
v 0.022539 0.068722 -0.120000
v 0.020033 0.071689 -0.120000
v 0.014609 0.072095 -0.120000
v 0.011689 0.069535 -0.120000
v 0.014194 0.066568 -0.120000
v 0.019619 0.066162 -0.120000
v 0.020222 0.068896 -0.125100
v 0.018080 0.071835 -0.124300
v 0.013382 0.072187 -0.122700
v 0.010826 0.069600 -0.121900
v 0.012968 0.066660 -0.122700
v 0.017666 0.066308 -0.124300
v 0.013893 0.069370 -0.128833
v 0.012744 0.072235 -0.127448
v 0.010031 0.072438 -0.124677
v 0.008468 0.069777 -0.123291
v 0.009617 0.066911 -0.124677
v 0.012330 0.066708 -0.127448
v 0.005247 0.070018 -0.130200
v 0.005454 0.072781 -0.128600
v 0.005454 0.072781 -0.125400
v 0.005247 0.070018 -0.123800
v 0.005040 0.067254 -0.125400
v 0.005040 0.067254 -0.128600
v -0.003399 0.070666 -0.128833
v -0.001835 0.073328 -0.127448
v 0.000877 0.073124 -0.124677
v 0.002026 0.070259 -0.123291
v 0.000463 0.067597 -0.124677
v -0.002250 0.067801 -0.127448
v -0.009728 0.071140 -0.125100
v -0.007172 0.073728 -0.124300
v -0.002474 0.073376 -0.122700
v -0.000332 0.070436 -0.121900
v -0.002888 0.067849 -0.122700
v -0.007586 0.068201 -0.124300
v -0.032529 0.064595 -0.120000
v -0.029878 0.065201 -0.117229
v -0.024574 0.066411 -0.117229
v -0.021922 0.067016 -0.120000
v -0.024574 0.066411 -0.122771
v -0.029878 0.065201 -0.122771
v -0.029130 0.060140 -0.120000
v -0.027011 0.061444 -0.117229
v -0.022774 0.064052 -0.117229
v -0.020656 0.065357 -0.120000
v -0.022774 0.064052 -0.122771
v -0.027011 0.061444 -0.122771
v -0.022111 0.057913 -0.120000
v -0.021094 0.059566 -0.117229
v -0.019058 0.062873 -0.117229
v -0.018041 0.064527 -0.120000
v -0.019058 0.062873 -0.122771
v -0.021094 0.059566 -0.122771
v -0.013354 0.058510 -0.120000
v -0.013710 0.060069 -0.117229
v -0.014423 0.063189 -0.117229
v -0.014779 0.064749 -0.120000
v -0.014423 0.063189 -0.122771
v -0.013710 0.060069 -0.122771
v -0.005206 0.061771 -0.120000
v -0.006840 0.062819 -0.117229
v -0.010109 0.064916 -0.117229
v -0.011743 0.065964 -0.120000
v -0.010109 0.064916 -0.122771
v -0.006840 0.062819 -0.122771
v 0.000151 0.066823 -0.120000
v -0.002323 0.067079 -0.117229
v -0.007273 0.067591 -0.117229
v -0.009747 0.067846 -0.120000
v -0.007273 0.067591 -0.122771
v -0.002323 0.067079 -0.122771
v 0.001281 0.072312 -0.120000
v -0.001371 0.071707 -0.117229
v -0.006674 0.070497 -0.117229
v -0.009326 0.069891 -0.120000
v -0.006674 0.070497 -0.122771
v -0.001371 0.071707 -0.122771
v -0.002119 0.076768 -0.120000
v -0.004237 0.075463 -0.117229
v -0.008474 0.072855 -0.117229
v -0.010593 0.071551 -0.120000
v -0.008474 0.072855 -0.122771
v -0.004237 0.075463 -0.122771
v -0.009137 0.078995 -0.120000
v -0.010155 0.077342 -0.117229
v -0.012190 0.074035 -0.117229
v -0.013207 0.072381 -0.120000
v -0.012190 0.074035 -0.122771
v -0.010155 0.077342 -0.122771
v -0.017894 0.078398 -0.120000
v -0.017538 0.076838 -0.117229
v -0.016826 0.073718 -0.117229
v -0.016470 0.072159 -0.120000
v -0.016826 0.073718 -0.122771
v -0.017538 0.076838 -0.122771
v -0.026042 0.075137 -0.120000
v -0.024408 0.074088 -0.117229
v -0.021140 0.071992 -0.117229
v -0.019505 0.070944 -0.120000
v -0.021140 0.071992 -0.122771
v -0.024408 0.074088 -0.122771
v -0.031399 0.070084 -0.120000
v -0.028925 0.069829 -0.117229
v -0.023976 0.069317 -0.117229
v -0.021501 0.069061 -0.120000
v -0.023976 0.069317 -0.122771
v -0.028925 0.069829 -0.122771
v -0.050124 0.052137 -0.120000
v -0.049154 0.055897 -0.120000
v -0.044443 0.058617 -0.120000
v -0.040702 0.057577 -0.120000
v -0.041672 0.053817 -0.120000
v -0.046383 0.051097 -0.120000
v -0.048112 0.053299 -0.114900
v -0.047458 0.056877 -0.115700
v -0.043378 0.059232 -0.117300
v -0.039952 0.058010 -0.118100
v -0.040607 0.054432 -0.117300
v -0.044687 0.052077 -0.115700
v -0.042616 0.056472 -0.111167
v -0.042823 0.059552 -0.112552
v -0.040468 0.060912 -0.115323
v -0.037904 0.059192 -0.116709
v -0.037697 0.056112 -0.115323
v -0.040052 0.054752 -0.112552
v -0.035107 0.060807 -0.109800
v -0.036493 0.063207 -0.111400
v -0.036493 0.063207 -0.114600
v -0.035107 0.060807 -0.116200
v -0.033722 0.058407 -0.114600
v -0.033722 0.058407 -0.111400
v -0.027599 0.065142 -0.111167
v -0.030162 0.066862 -0.112552
v -0.032518 0.065502 -0.115323
v -0.032310 0.062422 -0.116709
v -0.029746 0.060702 -0.115323
v -0.027391 0.062062 -0.112552
v -0.022102 0.068316 -0.114900
v -0.025528 0.069538 -0.115700
v -0.029608 0.067182 -0.117300
v -0.030262 0.063605 -0.118100
v -0.026837 0.062382 -0.117300
v -0.022757 0.064738 -0.115700
v -0.020090 0.069477 -0.120000
v -0.023831 0.070517 -0.120000
v -0.028543 0.067797 -0.120000
v -0.029513 0.064037 -0.120000
v -0.025771 0.062997 -0.120000
v -0.021060 0.065717 -0.120000
v -0.022102 0.068316 -0.125100
v -0.025528 0.069538 -0.124300
v -0.029608 0.067182 -0.122700
v -0.030262 0.063605 -0.121900
v -0.026837 0.062382 -0.122700
v -0.022757 0.064738 -0.124300
v -0.027599 0.065142 -0.128833
v -0.030162 0.066862 -0.127448
v -0.032518 0.065502 -0.124677
v -0.032310 0.062422 -0.123291
v -0.029746 0.060702 -0.124677
v -0.027391 0.062062 -0.127448
v -0.035107 0.060807 -0.130200
v -0.036493 0.063207 -0.128600
v -0.036493 0.063207 -0.125400
v -0.035107 0.060807 -0.123800
v -0.033722 0.058407 -0.125400
v -0.033722 0.058407 -0.128600
v -0.042616 0.056472 -0.128833
v -0.042823 0.059552 -0.127448
v -0.040468 0.060912 -0.124677
v -0.037904 0.059192 -0.123291
v -0.037697 0.056112 -0.124677
v -0.040052 0.054752 -0.127448
v -0.048112 0.053299 -0.125100
v -0.047458 0.056877 -0.124300
v -0.043378 0.059232 -0.122700
v -0.039952 0.058010 -0.121900
v -0.040607 0.054432 -0.122700
v -0.044687 0.052077 -0.124300
v -0.063265 0.035047 -0.120000
v -0.061415 0.037041 -0.117229
v -0.057715 0.041028 -0.117229
v -0.055865 0.043022 -0.120000
v -0.057715 0.041028 -0.122771
v -0.061415 0.037041 -0.122771
v -0.057946 0.033281 -0.120000
v -0.056930 0.035552 -0.117229
v -0.054899 0.040094 -0.117229
v -0.053883 0.042364 -0.120000
v -0.054899 0.040094 -0.122771
v -0.056930 0.035552 -0.122771
v -0.050892 0.035394 -0.120000
v -0.050983 0.037333 -0.117229
v -0.051165 0.041212 -0.117229
v -0.051255 0.043152 -0.120000
v -0.051165 0.041212 -0.122771
v -0.050983 0.037333 -0.122771
v -0.043994 0.040820 -0.120000
v -0.045166 0.041908 -0.117229
v -0.047512 0.044085 -0.117229
v -0.048685 0.045173 -0.120000
v -0.047512 0.044085 -0.122771
v -0.045166 0.041908 -0.122771
v -0.039098 0.048105 -0.120000
v -0.041039 0.048051 -0.117229
v -0.044921 0.047942 -0.117229
v -0.046861 0.047887 -0.120000
v -0.044921 0.047942 -0.122771
v -0.041039 0.048051 -0.122771
v -0.037518 0.055297 -0.120000
v -0.039707 0.054114 -0.117229
v -0.044084 0.051749 -0.117229
v -0.046273 0.050567 -0.120000
v -0.044084 0.051749 -0.122771
v -0.039707 0.054114 -0.122771
v -0.039677 0.060469 -0.120000
v -0.041527 0.058475 -0.117229
v -0.045227 0.054487 -0.117229
v -0.047077 0.052493 -0.120000
v -0.045227 0.054487 -0.122771
v -0.041527 0.058475 -0.122771
v -0.044995 0.062235 -0.120000
v -0.046011 0.059964 -0.117229
v -0.048043 0.055422 -0.117229
v -0.049058 0.053151 -0.120000
v -0.048043 0.055422 -0.122771
v -0.046011 0.059964 -0.122771
v -0.052049 0.060122 -0.120000
v -0.051958 0.058182 -0.117229
v -0.051777 0.054303 -0.117229
v -0.051686 0.052364 -0.120000
v -0.051777 0.054303 -0.122771
v -0.051958 0.058182 -0.122771
v -0.058948 0.054696 -0.120000
v -0.057775 0.053607 -0.117229
v -0.055429 0.051431 -0.117229
v -0.054256 0.050342 -0.120000
v -0.055429 0.051431 -0.122771
v -0.057775 0.053607 -0.122771
v -0.063843 0.047411 -0.120000
v -0.061902 0.047465 -0.117229
v -0.058021 0.047574 -0.117229
v -0.056080 0.047628 -0.120000
v -0.058021 0.047574 -0.122771
v -0.061902 0.047465 -0.122771
v -0.065423 0.040219 -0.120000
v -0.063235 0.041401 -0.117229
v -0.058857 0.043766 -0.117229
v -0.056669 0.044949 -0.120000
v -0.058857 0.043766 -0.122771
v -0.063235 0.041401 -0.122771
v -0.070784 0.014842 -0.120000
v -0.072101 0.018495 -0.120000
v -0.069741 0.023396 -0.120000
v -0.066064 0.024645 -0.120000
v -0.064747 0.020992 -0.120000
v -0.067107 0.016090 -0.120000
v -0.069776 0.016935 -0.114900
v -0.071251 0.020260 -0.115700
v -0.069207 0.024504 -0.117300
v -0.065688 0.025424 -0.118100
v -0.064213 0.022100 -0.117300
v -0.066258 0.017855 -0.115700
v -0.067023 0.022653 -0.111167
v -0.068929 0.025081 -0.112552
v -0.067749 0.027532 -0.115323
v -0.064662 0.027555 -0.116709
v -0.062756 0.025127 -0.115323
v -0.063936 0.022676 -0.112552
v -0.063261 0.030465 -0.109800
v -0.065758 0.031667 -0.111400
v -0.065758 0.031667 -0.114600
v -0.063261 0.030465 -0.116200
v -0.060764 0.029262 -0.114600
v -0.060764 0.029262 -0.111400
v -0.059499 0.038276 -0.111167
v -0.062586 0.038253 -0.112552
v -0.063766 0.035803 -0.115323
v -0.061859 0.033375 -0.116709
v -0.058773 0.033398 -0.115323
v -0.057592 0.035849 -0.112552
v -0.056745 0.043995 -0.114900
v -0.060264 0.043075 -0.115700
v -0.062308 0.038830 -0.117300
v -0.060834 0.035505 -0.118100
v -0.057315 0.036425 -0.117300
v -0.055271 0.040670 -0.115700
v -0.055737 0.046088 -0.120000
v -0.059414 0.044839 -0.120000
v -0.061775 0.039938 -0.120000
v -0.060458 0.036285 -0.120000
v -0.056781 0.037533 -0.120000
v -0.054421 0.042435 -0.120000
v -0.056745 0.043995 -0.125100
v -0.060264 0.043075 -0.124300
v -0.062308 0.038830 -0.122700
v -0.060834 0.035505 -0.121900
v -0.057315 0.036425 -0.122700
v -0.055271 0.040670 -0.124300
v -0.059499 0.038276 -0.128833
v -0.062586 0.038253 -0.127448
v -0.063766 0.035803 -0.124677
v -0.061859 0.033375 -0.123291
v -0.058773 0.033398 -0.124677
v -0.057592 0.035849 -0.127448
v -0.063261 0.030465 -0.130200
v -0.065758 0.031667 -0.128600
v -0.065758 0.031667 -0.125400
v -0.063261 0.030465 -0.123800
v -0.060764 0.029262 -0.125400
v -0.060764 0.029262 -0.128600
v -0.067023 0.022653 -0.128833
v -0.068929 0.025081 -0.127448
v -0.067749 0.027532 -0.124677
v -0.064662 0.027555 -0.123291
v -0.062756 0.025127 -0.124677
v -0.063936 0.022676 -0.127448
v -0.069776 0.016935 -0.125100
v -0.071251 0.020260 -0.124300
v -0.069207 0.024504 -0.122700
v -0.065688 0.025424 -0.121900
v -0.064213 0.022100 -0.122700
v -0.066258 0.017855 -0.124300
v -0.072014 -0.006681 -0.120000
v -0.071609 -0.003992 -0.117229
v -0.070798 0.001387 -0.117229
v -0.070393 0.004077 -0.120000
v -0.070798 0.001387 -0.122771
v -0.071609 -0.003992 -0.122771
v -0.066625 -0.005144 -0.120000
v -0.067065 -0.002696 -0.117229
v -0.067945 0.002201 -0.117229
v -0.068385 0.004650 -0.120000
v -0.067945 0.002201 -0.122771
v -0.067065 -0.002696 -0.122771
v -0.061987 0.000575 -0.120000
v -0.063155 0.002127 -0.117229
v -0.065490 0.005229 -0.117229
v -0.066657 0.006780 -0.120000
v -0.065490 0.005229 -0.122771
v -0.063155 0.002127 -0.122771
v -0.059344 0.008945 -0.120000
v -0.060926 0.009183 -0.117229
v -0.064090 0.009660 -0.117229
v -0.065672 0.009899 -0.120000
v -0.064090 0.009660 -0.122771
v -0.060926 0.009183 -0.122771
v -0.059403 0.017722 -0.120000
v -0.060976 0.016583 -0.117229
v -0.064122 0.014307 -0.117229
v -0.065695 0.013168 -0.120000
v -0.064122 0.014307 -0.122771
v -0.060976 0.016583 -0.122771
v -0.062149 0.024554 -0.120000
v -0.063291 0.022344 -0.117229
v -0.065575 0.017924 -0.117229
v -0.066717 0.015714 -0.120000
v -0.065575 0.017924 -0.122771
v -0.063291 0.022344 -0.122771
v -0.066846 0.027611 -0.120000
v -0.067251 0.024922 -0.117229
v -0.068062 0.019542 -0.117229
v -0.068467 0.016853 -0.120000
v -0.068062 0.019542 -0.122771
v -0.067251 0.024922 -0.122771
v -0.072235 0.026074 -0.120000
v -0.071795 0.023626 -0.117229
v -0.070915 0.018729 -0.117229
v -0.070475 0.016280 -0.120000
v -0.070915 0.018729 -0.122771
v -0.071795 0.023626 -0.122771
v -0.076873 0.020355 -0.120000
v -0.075705 0.018803 -0.117229
v -0.073370 0.015701 -0.117229
v -0.072203 0.014149 -0.120000
v -0.073370 0.015701 -0.122771
v -0.075705 0.018803 -0.122771
v -0.079516 0.011985 -0.120000
v -0.077934 0.011747 -0.117229
v -0.074770 0.011270 -0.117229
v -0.073188 0.011031 -0.120000
v -0.074770 0.011270 -0.122771
v -0.077934 0.011747 -0.122771
v -0.079457 0.003208 -0.120000
v -0.077884 0.004347 -0.117229
v -0.074738 0.006623 -0.117229
v -0.073166 0.007761 -0.120000
v -0.074738 0.006623 -0.122771
v -0.077884 0.004347 -0.122771
v -0.076711 -0.003624 -0.120000
v -0.075569 -0.001414 -0.117229
v -0.073285 0.003006 -0.117229
v -0.072143 0.005216 -0.120000
v -0.073285 0.003006 -0.122771
v -0.075569 -0.001414 -0.122771
v -0.066846 -0.027611 -0.120000
v -0.069991 -0.025335 -0.120000
v -0.070802 -0.019955 -0.120000
v -0.068467 -0.016853 -0.120000
v -0.065322 -0.019129 -0.120000
v -0.064511 -0.024509 -0.120000
v -0.067192 -0.025314 -0.114900
v -0.070283 -0.023398 -0.115700
v -0.070985 -0.018739 -0.117300
v -0.068596 -0.015997 -0.118100
v -0.065505 -0.017913 -0.117300
v -0.064803 -0.022572 -0.115700
v -0.068138 -0.019038 -0.111167
v -0.071081 -0.018106 -0.112552
v -0.071486 -0.015417 -0.115323
v -0.068949 -0.013659 -0.116709
v -0.066006 -0.014591 -0.115323
v -0.065600 -0.017280 -0.112552
v -0.069430 -0.010465 -0.109800
v -0.072170 -0.010878 -0.111400
v -0.072170 -0.010878 -0.114600
v -0.069430 -0.010465 -0.116200
v -0.066690 -0.010052 -0.114600
v -0.066690 -0.010052 -0.111400
v -0.070722 -0.001892 -0.111167
v -0.073260 -0.003650 -0.112552
v -0.072854 -0.006339 -0.115323
v -0.069911 -0.007271 -0.116709
v -0.067374 -0.005513 -0.115323
v -0.067779 -0.002824 -0.112552
v -0.071668 0.004384 -0.114900
v -0.074057 0.001642 -0.115700
v -0.073355 -0.003017 -0.117300
v -0.070264 -0.004933 -0.118100
v -0.067875 -0.002191 -0.117300
v -0.068577 0.002468 -0.115700
v -0.072014 0.006681 -0.120000
v -0.074349 0.003579 -0.120000
v -0.073539 -0.001800 -0.120000
v -0.070393 -0.004077 -0.120000
v -0.068058 -0.000974 -0.120000
v -0.068869 0.004405 -0.120000
v -0.071668 0.004384 -0.125100
v -0.074057 0.001642 -0.124300
v -0.073355 -0.003017 -0.122700
v -0.070264 -0.004933 -0.121900
v -0.067875 -0.002191 -0.122700
v -0.068577 0.002468 -0.124300
v -0.070722 -0.001892 -0.128833
v -0.073260 -0.003650 -0.127448
v -0.072854 -0.006339 -0.124677
v -0.069911 -0.007271 -0.123291
v -0.067374 -0.005513 -0.124677
v -0.067779 -0.002824 -0.127448
v -0.069430 -0.010465 -0.130200
v -0.072170 -0.010878 -0.128600
v -0.072170 -0.010878 -0.125400
v -0.069430 -0.010465 -0.123800
v -0.066690 -0.010052 -0.125400
v -0.066690 -0.010052 -0.128600
v -0.068138 -0.019038 -0.128833
v -0.071081 -0.018106 -0.127448
v -0.071486 -0.015417 -0.124677
v -0.068949 -0.013659 -0.123291
v -0.066006 -0.014591 -0.124677
v -0.065600 -0.017280 -0.127448
v -0.067192 -0.025314 -0.125100
v -0.070283 -0.023398 -0.124300
v -0.070985 -0.018739 -0.122700
v -0.068596 -0.015997 -0.121900
v -0.065505 -0.017913 -0.122700
v -0.064803 -0.022572 -0.124300
v -0.055737 -0.046088 -0.120000
v -0.056918 -0.043637 -0.117229
v -0.059278 -0.038736 -0.117229
v -0.060458 -0.036285 -0.120000
v -0.059278 -0.038736 -0.122771
v -0.056918 -0.043637 -0.122771
v -0.052150 -0.041782 -0.120000
v -0.053893 -0.040007 -0.117229
v -0.057379 -0.036456 -0.117229
v -0.059122 -0.034681 -0.120000
v -0.057379 -0.036456 -0.122771
v -0.053893 -0.040007 -0.122771
v -0.051540 -0.034444 -0.120000
v -0.053379 -0.033819 -0.117229
v -0.057056 -0.032571 -0.117229
v -0.058894 -0.031947 -0.120000
v -0.057056 -0.032571 -0.122771
v -0.053379 -0.033819 -0.122771
v -0.054071 -0.026039 -0.120000
v -0.055513 -0.026733 -0.117229
v -0.058396 -0.028122 -0.117229
v -0.059837 -0.028816 -0.120000
v -0.058396 -0.028122 -0.122771
v -0.055513 -0.026733 -0.122771
v -0.059064 -0.018821 -0.120000
v -0.059722 -0.020647 -0.117229
v -0.061039 -0.024300 -0.117229
v -0.061697 -0.026127 -0.120000
v -0.061039 -0.024300 -0.122771
v -0.059722 -0.020647 -0.122771
v -0.065182 -0.014722 -0.120000
v -0.064880 -0.017192 -0.117229
v -0.064278 -0.022131 -0.117229
v -0.063976 -0.024600 -0.120000
v -0.064278 -0.022131 -0.122771
v -0.064880 -0.017192 -0.122771
v -0.070784 -0.014842 -0.120000
v -0.069604 -0.017293 -0.117229
v -0.067244 -0.022194 -0.117229
v -0.066064 -0.024645 -0.120000
v -0.067244 -0.022194 -0.122771
v -0.069604 -0.017293 -0.122771
v -0.074371 -0.019148 -0.120000
v -0.072629 -0.020923 -0.117229
v -0.069143 -0.024474 -0.117229
v -0.067400 -0.026249 -0.120000
v -0.069143 -0.024474 -0.122771
v -0.072629 -0.020923 -0.122771
v -0.074981 -0.026486 -0.120000
v -0.073143 -0.027110 -0.117229
v -0.069466 -0.028358 -0.117229
v -0.067627 -0.028983 -0.120000
v -0.069466 -0.028358 -0.122771
v -0.073143 -0.027110 -0.122771
v -0.072451 -0.034890 -0.120000
v -0.071009 -0.034196 -0.117229
v -0.068126 -0.032808 -0.117229
v -0.066685 -0.032114 -0.120000
v -0.068126 -0.032808 -0.122771
v -0.071009 -0.034196 -0.122771
v -0.067458 -0.042109 -0.120000
v -0.066799 -0.040282 -0.117229
v -0.065483 -0.036629 -0.117229
v -0.064824 -0.034803 -0.120000
v -0.065483 -0.036629 -0.122771
v -0.066799 -0.040282 -0.122771
v -0.061340 -0.046207 -0.120000
v -0.061642 -0.043738 -0.117229
v -0.062244 -0.038799 -0.117229
v -0.062545 -0.036330 -0.120000
v -0.062244 -0.038799 -0.122771
v -0.061642 -0.043738 -0.122771
v -0.039677 -0.060469 -0.120000
v -0.043558 -0.060360 -0.120000
v -0.047258 -0.056372 -0.120000
v -0.047077 -0.052493 -0.120000
v -0.043195 -0.052602 -0.120000
v -0.039495 -0.056590 -0.120000
v -0.041257 -0.058766 -0.114900
v -0.044890 -0.058924 -0.115700
v -0.048095 -0.055471 -0.117300
v -0.047665 -0.051859 -0.118100
v -0.044032 -0.051701 -0.117300
v -0.040827 -0.055154 -0.115700
v -0.045574 -0.054113 -0.111167
v -0.048530 -0.055001 -0.112552
v -0.050380 -0.053008 -0.115323
v -0.049274 -0.050126 -0.116709
v -0.046317 -0.049238 -0.115323
v -0.044467 -0.051232 -0.112552
v -0.051471 -0.047758 -0.109800
v -0.053502 -0.049643 -0.111400
v -0.053502 -0.049643 -0.114600
v -0.051471 -0.047758 -0.116200
v -0.049439 -0.045873 -0.114600
v -0.049439 -0.045873 -0.111400
v -0.057368 -0.041402 -0.111167
v -0.058474 -0.044284 -0.112552
v -0.056624 -0.046278 -0.115323
v -0.053668 -0.045390 -0.116709
v -0.052561 -0.042508 -0.115323
v -0.054411 -0.040514 -0.112552
v -0.061685 -0.036750 -0.114900
v -0.062114 -0.040361 -0.115700
v -0.058910 -0.043815 -0.117300
v -0.055276 -0.043657 -0.118100
v -0.054847 -0.040045 -0.117300
v -0.058051 -0.036592 -0.115700
v -0.063265 -0.035047 -0.120000
v -0.063446 -0.038926 -0.120000
v -0.059746 -0.042913 -0.120000
v -0.055865 -0.043022 -0.120000
v -0.055683 -0.039143 -0.120000
v -0.059383 -0.035156 -0.120000
v -0.061685 -0.036750 -0.125100
v -0.062114 -0.040361 -0.124300
v -0.058910 -0.043815 -0.122700
v -0.055276 -0.043657 -0.121900
v -0.054847 -0.040045 -0.122700
v -0.058051 -0.036592 -0.124300
v -0.057368 -0.041402 -0.128833
v -0.058474 -0.044284 -0.127448
v -0.056624 -0.046278 -0.124677
v -0.053668 -0.045390 -0.123291
v -0.052561 -0.042508 -0.124677
v -0.054411 -0.040514 -0.127448
v -0.051471 -0.047758 -0.130200
v -0.053502 -0.049643 -0.128600
v -0.053502 -0.049643 -0.125400
v -0.051471 -0.047758 -0.123800
v -0.049439 -0.045873 -0.125400
v -0.049439 -0.045873 -0.128600
v -0.045574 -0.054113 -0.128833
v -0.048530 -0.055001 -0.127448
v -0.050380 -0.053008 -0.124677
v -0.049274 -0.050126 -0.123291
v -0.046317 -0.049238 -0.124677
v -0.044467 -0.051232 -0.127448
v -0.041257 -0.058766 -0.125100
v -0.044890 -0.058924 -0.124300
v -0.048095 -0.055471 -0.122700
v -0.047665 -0.051859 -0.121900
v -0.044032 -0.051701 -0.122700
v -0.040827 -0.055154 -0.124300
v -0.020090 -0.069477 -0.120000
v -0.022446 -0.068117 -0.117229
v -0.027157 -0.065397 -0.117229
v -0.029513 -0.064037 -0.120000
v -0.027157 -0.065397 -0.122771
v -0.022446 -0.068117 -0.122771
v -0.019552 -0.063899 -0.120000
v -0.021992 -0.063414 -0.117229
v -0.026872 -0.062444 -0.117229
v -0.029312 -0.061959 -0.120000
v -0.026872 -0.062444 -0.122771
v -0.021992 -0.063414 -0.122771
v -0.023182 -0.057492 -0.120000
v -0.025053 -0.058012 -0.117229
v -0.028794 -0.059052 -0.117229
v -0.030664 -0.059572 -0.120000
v -0.028794 -0.059052 -0.122771
v -0.025053 -0.058012 -0.122771
v -0.030007 -0.051974 -0.120000
v -0.030807 -0.053360 -0.117229
v -0.032407 -0.056131 -0.117229
v -0.033207 -0.057516 -0.120000
v -0.032407 -0.056131 -0.122771
v -0.030807 -0.053360 -0.122771
v -0.038199 -0.048822 -0.120000
v -0.037714 -0.050702 -0.117229
v -0.036744 -0.054462 -0.117229
v -0.036259 -0.056342 -0.120000
v -0.036744 -0.054462 -0.122771
v -0.037714 -0.050702 -0.122771
v -0.045562 -0.048882 -0.120000
v -0.043922 -0.050753 -0.117229
v -0.040642 -0.054494 -0.117229
v -0.039002 -0.056365 -0.120000
v -0.040642 -0.054494 -0.122771
v -0.043922 -0.050753 -0.122771
v -0.050124 -0.052137 -0.120000
v -0.047768 -0.053497 -0.117229
v -0.043057 -0.056217 -0.117229
v -0.040702 -0.057577 -0.120000
v -0.043057 -0.056217 -0.122771
v -0.047768 -0.053497 -0.122771
v -0.050662 -0.057716 -0.120000
v -0.048222 -0.058201 -0.117229
v -0.043342 -0.059171 -0.117229
v -0.040902 -0.059656 -0.120000
v -0.043342 -0.059171 -0.122771
v -0.048222 -0.058201 -0.122771
v -0.047032 -0.064122 -0.120000
v -0.045162 -0.063602 -0.117229
v -0.041420 -0.062562 -0.117229
v -0.039550 -0.062042 -0.120000
v -0.041420 -0.062562 -0.122771
v -0.045162 -0.063602 -0.122771
v -0.040207 -0.069641 -0.120000
v -0.039407 -0.068255 -0.117229
v -0.037807 -0.065484 -0.117229
v -0.037007 -0.064098 -0.120000
v -0.037807 -0.065484 -0.122771
v -0.039407 -0.068255 -0.122771
v -0.032015 -0.072792 -0.120000
v -0.032500 -0.070912 -0.117229
v -0.033470 -0.067152 -0.117229
v -0.033955 -0.065272 -0.120000
v -0.033470 -0.067152 -0.122771
v -0.032500 -0.070912 -0.122771
v -0.024652 -0.072733 -0.120000
v -0.026292 -0.070862 -0.117229
v -0.029572 -0.067121 -0.117229
v -0.031212 -0.065250 -0.120000
v -0.029572 -0.067121 -0.122771
v -0.026292 -0.070862 -0.122771
v 0.001281 -0.072312 -0.120000
v -0.001987 -0.074409 -0.120000
v -0.007291 -0.073198 -0.120000
v -0.009326 -0.069891 -0.120000
v -0.006058 -0.067795 -0.120000
v -0.000754 -0.069005 -0.120000
v -0.000984 -0.071795 -0.114900
v -0.003897 -0.073973 -0.115700
v -0.008490 -0.072925 -0.117300
v -0.010170 -0.069699 -0.118100
v -0.007257 -0.067521 -0.117300
v -0.002664 -0.068569 -0.115700
v -0.007172 -0.070383 -0.111167
v -0.009114 -0.072782 -0.112552
v -0.011766 -0.072177 -0.115323
v -0.012475 -0.069173 -0.116709
v -0.010533 -0.066773 -0.115323
v -0.007881 -0.067379 -0.112552
v -0.015624 -0.068454 -0.109800
v -0.016241 -0.071156 -0.111400
v -0.016241 -0.071156 -0.114600
v -0.015624 -0.068454 -0.116200
v -0.015007 -0.065752 -0.114600
v -0.015007 -0.065752 -0.111400
v -0.024077 -0.066525 -0.111167
v -0.023368 -0.069529 -0.112552
v -0.020716 -0.070134 -0.115323
v -0.018773 -0.067735 -0.116709
v -0.019482 -0.064731 -0.115323
v -0.022134 -0.064125 -0.112552
v -0.030265 -0.065112 -0.114900
v -0.028585 -0.068338 -0.115700
v -0.023992 -0.069387 -0.117300
v -0.021078 -0.067209 -0.118100
v -0.022758 -0.063983 -0.117300
v -0.027351 -0.062935 -0.115700
v -0.032529 -0.064595 -0.120000
v -0.030494 -0.067902 -0.120000
v -0.025191 -0.069113 -0.120000
v -0.021922 -0.067016 -0.120000
v -0.023957 -0.063709 -0.120000
v -0.029261 -0.062499 -0.120000
v -0.030265 -0.065112 -0.125100
v -0.028585 -0.068338 -0.124300
v -0.023992 -0.069387 -0.122700
v -0.021078 -0.067209 -0.121900
v -0.022758 -0.063983 -0.122700
v -0.027351 -0.062935 -0.124300
v -0.024077 -0.066525 -0.128833
v -0.023368 -0.069529 -0.127448
v -0.020716 -0.070134 -0.124677
v -0.018773 -0.067735 -0.123291
v -0.019482 -0.064731 -0.124677
v -0.022134 -0.064125 -0.127448
v -0.015624 -0.068454 -0.130200
v -0.016241 -0.071156 -0.128600
v -0.016241 -0.071156 -0.125400
v -0.015624 -0.068454 -0.123800
v -0.015007 -0.065752 -0.125400
v -0.015007 -0.065752 -0.128600
v -0.007172 -0.070383 -0.128833
v -0.009114 -0.072782 -0.127448
v -0.011766 -0.072177 -0.124677
v -0.012475 -0.069173 -0.123291
v -0.010533 -0.066773 -0.124677
v -0.007881 -0.067379 -0.127448
v -0.000984 -0.071795 -0.125100
v -0.003897 -0.073973 -0.124300
v -0.008490 -0.072925 -0.122700
v -0.010170 -0.069699 -0.121900
v -0.007257 -0.067521 -0.122700
v -0.002664 -0.068569 -0.124300
v 0.022539 -0.068722 -0.120000
v 0.019826 -0.068925 -0.117229
v 0.014401 -0.069332 -0.117229
v 0.011689 -0.069535 -0.120000
v 0.014401 -0.069332 -0.122771
v 0.019826 -0.068925 -0.122771
v 0.019841 -0.063810 -0.120000
v 0.017552 -0.064784 -0.117229
v 0.012973 -0.066731 -0.117229
v 0.010684 -0.067705 -0.120000
v 0.012973 -0.066731 -0.122771
v 0.017552 -0.064784 -0.122771
v 0.013233 -0.060561 -0.120000
v 0.011980 -0.062045 -0.117229
v 0.009475 -0.065011 -0.117229
v 0.008222 -0.066495 -0.120000
v 0.009475 -0.065011 -0.122771
v 0.011980 -0.062045 -0.122771
v 0.004485 -0.059846 -0.120000
v 0.004604 -0.061442 -0.117229
v 0.004844 -0.064633 -0.117229
v 0.004963 -0.066229 -0.120000
v 0.004844 -0.064633 -0.122771
v 0.004604 -0.061442 -0.122771
v -0.004059 -0.061857 -0.120000
v -0.002599 -0.063137 -0.117229
v 0.000320 -0.065698 -0.117229
v 0.001780 -0.066978 -0.120000
v 0.000320 -0.065698 -0.122771
v -0.002599 -0.063137 -0.122771
v -0.010109 -0.066054 -0.120000
v -0.007700 -0.066676 -0.117229
v -0.002883 -0.067920 -0.117229
v -0.000474 -0.068541 -0.120000
v -0.002883 -0.067920 -0.122771
v -0.007700 -0.066676 -0.122771
v -0.012044 -0.071314 -0.120000
v -0.009332 -0.071111 -0.117229
v -0.003907 -0.070704 -0.117229
v -0.001195 -0.070501 -0.120000
v -0.003907 -0.070704 -0.122771
v -0.009332 -0.071111 -0.122771
v -0.009347 -0.076226 -0.120000
v -0.007057 -0.075252 -0.117229
v -0.002479 -0.073305 -0.117229
v -0.000190 -0.072331 -0.120000
v -0.002479 -0.073305 -0.122771
v -0.007057 -0.075252 -0.122771
v -0.002739 -0.079475 -0.120000
v -0.001486 -0.077991 -0.117229
v 0.001019 -0.075024 -0.117229
v 0.002272 -0.073541 -0.120000
v 0.001019 -0.075024 -0.122771
v -0.001486 -0.077991 -0.122771
v 0.006009 -0.080189 -0.120000
v 0.005890 -0.078594 -0.117229
v 0.005651 -0.075403 -0.117229
v 0.005531 -0.073807 -0.120000
v 0.005651 -0.075403 -0.122771
v 0.005890 -0.078594 -0.122771
v 0.014553 -0.078179 -0.120000
v 0.013093 -0.076899 -0.117229
v 0.010174 -0.074338 -0.117229
v 0.008714 -0.073058 -0.120000
v 0.010174 -0.074338 -0.122771
v 0.013093 -0.076899 -0.122771
v 0.020603 -0.073981 -0.120000
v 0.018194 -0.073360 -0.117229
v 0.013377 -0.072116 -0.117229
v 0.010968 -0.071495 -0.120000
v 0.013377 -0.072116 -0.122771
v 0.018194 -0.073360 -0.122771
v 0.041794 -0.059026 -0.120000
v 0.040274 -0.062599 -0.120000
v 0.035210 -0.064587 -0.120000
v 0.031666 -0.063001 -0.120000
v 0.033185 -0.059427 -0.120000
v 0.038249 -0.057440 -0.120000
v 0.039631 -0.059874 -0.114900
v 0.038451 -0.063315 -0.115700
v 0.034065 -0.065036 -0.117300
v 0.030860 -0.063317 -0.118100
v 0.032040 -0.059876 -0.117300
v 0.036426 -0.058155 -0.115700
v 0.033723 -0.062193 -0.111167
v 0.033469 -0.065270 -0.112552
v 0.030937 -0.066263 -0.115323
v 0.028659 -0.064181 -0.116709
v 0.028912 -0.061104 -0.115323
v 0.031444 -0.060110 -0.112552
v 0.025652 -0.065361 -0.109800
v 0.026665 -0.067940 -0.111400
v 0.026665 -0.067940 -0.114600
v 0.025652 -0.065361 -0.116200
v 0.024640 -0.062781 -0.114600
v 0.024640 -0.062781 -0.111400
v 0.017581 -0.068528 -0.111167
v 0.019860 -0.070611 -0.112552
v 0.022392 -0.069617 -0.115323
v 0.022645 -0.066541 -0.116709
v 0.020367 -0.064458 -0.115323
v 0.017835 -0.065452 -0.112552
v 0.011673 -0.070847 -0.114900
v 0.014879 -0.072566 -0.115700
v 0.019264 -0.070845 -0.117300
v 0.020444 -0.067405 -0.118100
v 0.017239 -0.065685 -0.117300
v 0.012854 -0.067407 -0.115700
v 0.009511 -0.071696 -0.120000
v 0.013055 -0.073282 -0.120000
v 0.018119 -0.071294 -0.120000
v 0.019639 -0.067721 -0.120000
v 0.016094 -0.066135 -0.120000
v 0.011030 -0.068122 -0.120000
v 0.011673 -0.070847 -0.125100
v 0.014879 -0.072566 -0.124300
v 0.019264 -0.070845 -0.122700
v 0.020444 -0.067405 -0.121900
v 0.017239 -0.065685 -0.122700
v 0.012854 -0.067407 -0.124300
v 0.017581 -0.068528 -0.128833
v 0.019860 -0.070611 -0.127448
v 0.022392 -0.069617 -0.124677
v 0.022645 -0.066541 -0.123291
v 0.020367 -0.064458 -0.124677
v 0.017835 -0.065452 -0.127448
v 0.025652 -0.065361 -0.130200
v 0.026665 -0.067940 -0.128600
v 0.026665 -0.067940 -0.125400
v 0.025652 -0.065361 -0.123800
v 0.024640 -0.062781 -0.125400
v 0.024640 -0.062781 -0.128600
v 0.033723 -0.062193 -0.128833
v 0.033469 -0.065270 -0.127448
v 0.030937 -0.066263 -0.124677
v 0.028659 -0.064181 -0.123291
v 0.028912 -0.061104 -0.124677
v 0.031444 -0.060110 -0.127448
v 0.039631 -0.059874 -0.125100
v 0.038451 -0.063315 -0.124300
v 0.034065 -0.065036 -0.122700
v 0.030860 -0.063317 -0.121900
v 0.032040 -0.059876 -0.122700
v 0.036426 -0.058155 -0.124300
v 0.057335 -0.044084 -0.120000
v 0.055208 -0.045780 -0.117229
v 0.050955 -0.049172 -0.117229
v 0.048829 -0.050868 -0.120000
v 0.050955 -0.049172 -0.122771
v 0.055208 -0.045780 -0.122771
v 0.052339 -0.041546 -0.120000
v 0.050996 -0.043640 -0.117229
v 0.048310 -0.047828 -0.117229
v 0.046967 -0.049922 -0.120000
v 0.048310 -0.047828 -0.122771
v 0.050996 -0.043640 -0.122771
v 0.045049 -0.042584 -0.120000
v 0.044849 -0.044515 -0.117229
v 0.044451 -0.048378 -0.117229
v 0.044251 -0.050309 -0.120000
v 0.044451 -0.048378 -0.122771
v 0.044849 -0.044515 -0.122771
v 0.037418 -0.046921 -0.120000
v 0.038416 -0.048172 -0.117229
v 0.040411 -0.050674 -0.117229
v 0.041409 -0.051925 -0.120000
v 0.040411 -0.050674 -0.122771
v 0.038416 -0.048172 -0.122771
v 0.031492 -0.053395 -0.120000
v 0.033419 -0.053631 -0.117229
v 0.037274 -0.054101 -0.117229
v 0.039201 -0.054337 -0.120000
v 0.037274 -0.054101 -0.122771
v 0.033419 -0.053631 -0.122771
v 0.028857 -0.060271 -0.120000
v 0.031198 -0.059428 -0.117229
v 0.035879 -0.057742 -0.117229
v 0.038219 -0.056898 -0.120000
v 0.035879 -0.057742 -0.122771
v 0.031198 -0.059428 -0.122771
v 0.030221 -0.065707 -0.120000
v 0.032348 -0.064011 -0.117229
v 0.036601 -0.060619 -0.117229
v 0.038727 -0.058923 -0.120000
v 0.036601 -0.060619 -0.122771
v 0.032348 -0.064011 -0.122771
v 0.035217 -0.068246 -0.120000
v 0.036560 -0.066152 -0.117229
v 0.039246 -0.061963 -0.117229
v 0.040589 -0.059869 -0.120000
v 0.039246 -0.061963 -0.122771
v 0.036560 -0.066152 -0.122771
v 0.042507 -0.067208 -0.120000
v 0.042706 -0.065276 -0.117229
v 0.043105 -0.061414 -0.117229
v 0.043304 -0.059483 -0.120000
v 0.043105 -0.061414 -0.122771
v 0.042706 -0.065276 -0.122771
v 0.050137 -0.062870 -0.120000
v 0.049140 -0.061619 -0.117229
v 0.047145 -0.059118 -0.117229
v 0.046147 -0.057867 -0.120000
v 0.047145 -0.059118 -0.122771
v 0.049140 -0.061619 -0.122771
v 0.056064 -0.056396 -0.120000
v 0.054137 -0.056161 -0.117229
v 0.050282 -0.055690 -0.117229
v 0.048355 -0.055455 -0.120000
v 0.050282 -0.055690 -0.122771
v 0.054137 -0.056161 -0.122771
v 0.058698 -0.049520 -0.120000
v 0.056358 -0.050363 -0.117229
v 0.051677 -0.052050 -0.117229
v 0.049336 -0.052893 -0.120000
v 0.051677 -0.052050 -0.122771
v 0.056358 -0.050363 -0.122771
v 0.067782 -0.025226 -0.120000
v 0.068539 -0.029035 -0.120000
v 0.065475 -0.033529 -0.120000
v 0.061653 -0.034216 -0.120000
v 0.060895 -0.030407 -0.120000
v 0.063960 -0.025912 -0.120000
v 0.066473 -0.027146 -0.114900
v 0.067436 -0.030653 -0.115700
v 0.064782 -0.034546 -0.117300
v 0.061165 -0.034931 -0.118100
v 0.060202 -0.031423 -0.117300
v 0.062856 -0.027531 -0.115700
v 0.062898 -0.032390 -0.111167
v 0.064421 -0.035074 -0.112552
v 0.062889 -0.037322 -0.115323
v 0.059833 -0.036884 -0.116709
v 0.058310 -0.034200 -0.115323
v 0.059842 -0.031952 -0.112552
v 0.058014 -0.039553 -0.109800
v 0.060304 -0.041114 -0.111400
v 0.060304 -0.041114 -0.114600
v 0.058014 -0.039553 -0.116200
v 0.055724 -0.037992 -0.114600
v 0.055724 -0.037992 -0.111400
v 0.053130 -0.046717 -0.111167
v 0.056186 -0.047154 -0.112552
v 0.057718 -0.044907 -0.115323
v 0.056194 -0.042222 -0.116709
v 0.053138 -0.041784 -0.115323
v 0.051606 -0.044032 -0.112552
v 0.049554 -0.051961 -0.114900
v 0.053171 -0.051575 -0.115700
v 0.055825 -0.047683 -0.117300
v 0.054862 -0.044176 -0.118100
v 0.051246 -0.044561 -0.117300
v 0.048592 -0.048453 -0.115700
v 0.048246 -0.053880 -0.120000
v 0.052068 -0.053194 -0.120000
v 0.055132 -0.048699 -0.120000
v 0.054375 -0.044891 -0.120000
v 0.050553 -0.045577 -0.120000
v 0.047488 -0.050072 -0.120000
v 0.049554 -0.051961 -0.125100
v 0.053171 -0.051575 -0.124300
v 0.055825 -0.047683 -0.122700
v 0.054862 -0.044176 -0.121900
v 0.051246 -0.044561 -0.122700
v 0.048592 -0.048453 -0.124300
v 0.053130 -0.046717 -0.128833
v 0.056186 -0.047154 -0.127448
v 0.057718 -0.044907 -0.124677
v 0.056194 -0.042222 -0.123291
v 0.053138 -0.041784 -0.124677
v 0.051606 -0.044032 -0.127448
v 0.058014 -0.039553 -0.130200
v 0.060304 -0.041114 -0.128600
v 0.060304 -0.041114 -0.125400
v 0.058014 -0.039553 -0.123800
v 0.055724 -0.037992 -0.125400
v 0.055724 -0.037992 -0.128600
v 0.062898 -0.032390 -0.128833
v 0.064421 -0.035074 -0.127448
v 0.062889 -0.037322 -0.124677
v 0.059833 -0.036884 -0.123291
v 0.058310 -0.034200 -0.124677
v 0.059842 -0.031952 -0.127448
v 0.066473 -0.027146 -0.125100
v 0.067436 -0.030653 -0.124300
v 0.064782 -0.034546 -0.122700
v 0.061165 -0.034931 -0.121900
v 0.060202 -0.031423 -0.122700
v 0.062856 -0.027531 -0.124300
v 0.072206 -0.004126 -0.120000
v 0.071404 -0.006726 -0.117229
v 0.069801 -0.011924 -0.117229
v 0.068999 -0.014523 -0.120000
v 0.069801 -0.011924 -0.122771
v 0.071404 -0.006726 -0.122771
v 0.066648 -0.004843 -0.120000
v 0.066718 -0.007330 -0.117229
v 0.066858 -0.012303 -0.117229
v 0.066928 -0.014790 -0.120000
v 0.066858 -0.012303 -0.122771
v 0.066718 -0.007330 -0.122771
v 0.061209 -0.009808 -0.120000
v 0.062133 -0.011516 -0.117229
v 0.063979 -0.014932 -0.117229
v 0.064902 -0.016640 -0.120000
v 0.063979 -0.014932 -0.122771
v 0.062133 -0.011516 -0.122771
v 0.057348 -0.017690 -0.120000
v 0.058877 -0.018161 -0.117229
v 0.061935 -0.019104 -0.117229
v 0.063464 -0.019576 -0.120000
v 0.061935 -0.019104 -0.122771
v 0.058877 -0.018161 -0.122771
v 0.056098 -0.026377 -0.120000
v 0.057823 -0.025486 -0.117229
v 0.061273 -0.023704 -0.117229
v 0.062998 -0.022813 -0.120000
v 0.061273 -0.023704 -0.122771
v 0.057823 -0.025486 -0.122771
v 0.057795 -0.033542 -0.120000
v 0.059254 -0.031527 -0.117229
v 0.062171 -0.027497 -0.117229
v 0.063630 -0.025482 -0.120000
v 0.062171 -0.027497 -0.122771
v 0.059254 -0.031527 -0.122771
v 0.061984 -0.037266 -0.120000
v 0.062786 -0.034666 -0.117229
v 0.064389 -0.029468 -0.117229
v 0.065191 -0.026869 -0.120000
v 0.064389 -0.029468 -0.122771
v 0.062786 -0.034666 -0.122771
v 0.067542 -0.036549 -0.120000
v 0.067472 -0.034062 -0.117229
v 0.067332 -0.029089 -0.117229
v 0.067261 -0.026602 -0.120000
v 0.067332 -0.029089 -0.122771
v 0.067472 -0.034062 -0.122771
v 0.072980 -0.031585 -0.120000
v 0.072057 -0.029877 -0.117229
v 0.070211 -0.026461 -0.117229
v 0.069287 -0.024753 -0.120000
v 0.070211 -0.026461 -0.122771
v 0.072057 -0.029877 -0.122771
v 0.076842 -0.023703 -0.120000
v 0.075313 -0.023231 -0.117229
v 0.072255 -0.022288 -0.117229
v 0.070726 -0.021816 -0.120000
v 0.072255 -0.022288 -0.122771
v 0.075313 -0.023231 -0.122771
v 0.078091 -0.015015 -0.120000
v 0.076366 -0.015906 -0.117229
v 0.072917 -0.017688 -0.117229
v 0.071192 -0.018580 -0.120000
v 0.072917 -0.017688 -0.122771
v 0.076366 -0.015906 -0.122771
v 0.076395 -0.007850 -0.120000
v 0.074936 -0.009865 -0.117229
v 0.072018 -0.013895 -0.117229
v 0.070559 -0.015910 -0.120000
v 0.072018 -0.013895 -0.122771
v 0.074936 -0.009865 -0.122771
v 0.044734 0.010210 0.279000
v 0.043578 0.015276 0.282000
v 0.043578 0.015276 0.288000
v 0.044734 0.010210 0.291000
v 0.045890 0.005144 0.288000
v 0.045890 0.005144 0.282000
v 0.075932 0.017331 0.283000
v 0.075546 0.019020 0.284000
v 0.075546 0.019020 0.286000
v 0.075932 0.017331 0.287000
v 0.076317 0.015642 0.286000
v 0.076317 0.015642 0.284000
v 0.044734 0.010210 0.285000
v 0.075932 0.017331 0.285000
v 0.035874 0.028609 0.279000
v 0.032634 0.032671 0.282000
v 0.032634 0.032671 0.288000
v 0.035874 0.028609 0.291000
v 0.039114 0.024546 0.288000
v 0.039114 0.024546 0.282000
v 0.060893 0.048560 0.283000
v 0.059813 0.049914 0.284000
v 0.059813 0.049914 0.286000
v 0.060893 0.048560 0.287000
v 0.061973 0.047206 0.286000
v 0.061973 0.047206 0.284000
v 0.035874 0.028609 0.285000
v 0.060893 0.048560 0.285000
v 0.019909 0.041341 0.279000
v 0.015227 0.043595 0.282000
v 0.015227 0.043595 0.288000
v 0.019909 0.041341 0.291000
v 0.024590 0.039086 0.288000
v 0.024590 0.039086 0.282000
v 0.033793 0.070172 0.283000
v 0.032232 0.070923 0.284000
v 0.032232 0.070923 0.286000
v 0.033793 0.070172 0.287000
v 0.035353 0.069420 0.286000
v 0.035353 0.069420 0.284000
v 0.019909 0.041341 0.285000
v 0.033793 0.070172 0.285000
v 0.000000 0.045885 0.279000
v -0.005196 0.045885 0.282000
v -0.005196 0.045885 0.288000
v 0.000000 0.045885 0.291000
v 0.005196 0.045885 0.288000
v 0.005196 0.045885 0.282000
v 0.000000 0.077885 0.283000
v -0.001732 0.077885 0.284000
v -0.001732 0.077885 0.286000
v 0.000000 0.077885 0.287000
v 0.001732 0.077885 0.286000
v 0.001732 0.077885 0.284000
v 0.000000 0.045885 0.285000
v 0.000000 0.077885 0.285000
v -0.019909 0.041341 0.279000
v -0.024590 0.039086 0.282000
v -0.024590 0.039086 0.288000
v -0.019909 0.041341 0.291000
v -0.015227 0.043595 0.288000
v -0.015227 0.043595 0.282000
v -0.033793 0.070172 0.283000
v -0.035353 0.069420 0.284000
v -0.035353 0.069420 0.286000
v -0.033793 0.070172 0.287000
v -0.032232 0.070923 0.286000
v -0.032232 0.070923 0.284000
v -0.019909 0.041341 0.285000
v -0.033793 0.070172 0.285000
v -0.035874 0.028609 0.279000
v -0.039114 0.024546 0.282000
v -0.039114 0.024546 0.288000
v -0.035874 0.028609 0.291000
v -0.032634 0.032671 0.288000
v -0.032634 0.032671 0.282000
v -0.060893 0.048560 0.283000
v -0.061973 0.047206 0.284000
v -0.061973 0.047206 0.286000
v -0.060893 0.048560 0.287000
v -0.059813 0.049914 0.286000
v -0.059813 0.049914 0.284000
v -0.035874 0.028609 0.285000
v -0.060893 0.048560 0.285000
v -0.044734 0.010210 0.279000
v -0.045890 0.005144 0.282000
v -0.045890 0.005144 0.288000
v -0.044734 0.010210 0.291000
v -0.043578 0.015276 0.288000
v -0.043578 0.015276 0.282000
v -0.075932 0.017331 0.283000
v -0.076317 0.015642 0.284000
v -0.076317 0.015642 0.286000
v -0.075932 0.017331 0.287000
v -0.075546 0.019020 0.286000
v -0.075546 0.019020 0.284000
v -0.044734 0.010210 0.285000
v -0.075932 0.017331 0.285000
v -0.044734 -0.010210 0.279000
v -0.043578 -0.015276 0.282000
v -0.043578 -0.015276 0.288000
v -0.044734 -0.010210 0.291000
v -0.045890 -0.005144 0.288000
v -0.045890 -0.005144 0.282000
v -0.075932 -0.017331 0.283000
v -0.075546 -0.019020 0.284000
v -0.075546 -0.019020 0.286000
v -0.075932 -0.017331 0.287000
v -0.076317 -0.015642 0.286000
v -0.076317 -0.015642 0.284000
v -0.044734 -0.010210 0.285000
v -0.075932 -0.017331 0.285000
v -0.035874 -0.028609 0.279000
v -0.032634 -0.032671 0.282000
v -0.032634 -0.032671 0.288000
v -0.035874 -0.028609 0.291000
v -0.039114 -0.024546 0.288000
v -0.039114 -0.024546 0.282000
v -0.060893 -0.048560 0.283000
v -0.059813 -0.049914 0.284000
v -0.059813 -0.049914 0.286000
v -0.060893 -0.048560 0.287000
v -0.061973 -0.047206 0.286000
v -0.061973 -0.047206 0.284000
v -0.035874 -0.028609 0.285000
v -0.060893 -0.048560 0.285000
v -0.019909 -0.041341 0.279000
v -0.015227 -0.043595 0.282000
v -0.015227 -0.043595 0.288000
v -0.019909 -0.041341 0.291000
v -0.024590 -0.039086 0.288000
v -0.024590 -0.039086 0.282000
v -0.033793 -0.070172 0.283000
v -0.032232 -0.070923 0.284000
v -0.032232 -0.070923 0.286000
v -0.033793 -0.070172 0.287000
v -0.035353 -0.069420 0.286000
v -0.035353 -0.069420 0.284000
v -0.019909 -0.041341 0.285000
v -0.033793 -0.070172 0.285000
v 0.000000 -0.045885 0.279000
v 0.005196 -0.045885 0.282000
v 0.005196 -0.045885 0.288000
v 0.000000 -0.045885 0.291000
v -0.005196 -0.045885 0.288000
v -0.005196 -0.045885 0.282000
v 0.000000 -0.077885 0.283000
v 0.001732 -0.077885 0.284000
v 0.001732 -0.077885 0.286000
v 0.000000 -0.077885 0.287000
v -0.001732 -0.077885 0.286000
v -0.001732 -0.077885 0.284000
v 0.000000 -0.045885 0.285000
v 0.000000 -0.077885 0.285000
v 0.019909 -0.041341 0.279000
v 0.024590 -0.039086 0.282000
v 0.024590 -0.039086 0.288000
v 0.019909 -0.041341 0.291000
v 0.015227 -0.043595 0.288000
v 0.015227 -0.043595 0.282000
v 0.033793 -0.070172 0.283000
v 0.035353 -0.069420 0.284000
v 0.035353 -0.069420 0.286000
v 0.033793 -0.070172 0.287000
v 0.032232 -0.070923 0.286000
v 0.032232 -0.070923 0.284000
v 0.019909 -0.041341 0.285000
v 0.033793 -0.070172 0.285000
v 0.035874 -0.028609 0.279000
v 0.039114 -0.024546 0.282000
v 0.039114 -0.024546 0.288000
v 0.035874 -0.028609 0.291000
v 0.032634 -0.032671 0.288000
v 0.032634 -0.032671 0.282000
v 0.060893 -0.048560 0.283000
v 0.061973 -0.047206 0.284000
v 0.061973 -0.047206 0.286000
v 0.060893 -0.048560 0.287000
v 0.059813 -0.049914 0.286000
v 0.059813 -0.049914 0.284000
v 0.035874 -0.028609 0.285000
v 0.060893 -0.048560 0.285000
v 0.044734 -0.010210 0.279000
v 0.045890 -0.005144 0.282000
v 0.045890 -0.005144 0.288000
v 0.044734 -0.010210 0.291000
v 0.043578 -0.015276 0.288000
v 0.043578 -0.015276 0.282000
v 0.075932 -0.017331 0.283000
v 0.076317 -0.015642 0.284000
v 0.076317 -0.015642 0.286000
v 0.075932 -0.017331 0.287000
v 0.075546 -0.019020 0.286000
v 0.075546 -0.019020 0.284000
v 0.044734 -0.010210 0.285000
v 0.075932 -0.017331 0.285000
v 0.085500 -0.000000 -0.398000
v 0.082750 0.004763 -0.398000
v 0.077250 0.004763 -0.398000
v 0.074500 -0.000000 -0.398000
v 0.077250 -0.004763 -0.398000
v 0.082750 -0.004763 -0.398000
v 0.082000 -0.000000 -0.328000
v 0.081000 0.001732 -0.328000
v 0.079000 0.001732 -0.328000
v 0.078000 -0.000000 -0.328000
v 0.079000 -0.001732 -0.328000
v 0.081000 -0.001732 -0.328000
v 0.080000 -0.000000 -0.398000
v 0.080000 -0.000000 -0.328000
v 0.079410 0.030615 -0.398000
v 0.076660 0.035378 -0.398000
v 0.071160 0.035378 -0.398000
v 0.068410 0.030615 -0.398000
v 0.071160 0.025852 -0.398000
v 0.076660 0.025852 -0.398000
v 0.075910 0.030615 -0.328000
v 0.074910 0.032347 -0.328000
v 0.072910 0.032347 -0.328000
v 0.071910 0.030615 -0.328000
v 0.072910 0.028883 -0.328000
v 0.074910 0.028883 -0.328000
v 0.073910 0.030615 -0.398000
v 0.073910 0.030615 -0.328000
v 0.062069 0.056569 -0.398000
v 0.059319 0.061332 -0.398000
v 0.053819 0.061332 -0.398000
v 0.051069 0.056569 -0.398000
v 0.053819 0.051805 -0.398000
v 0.059319 0.051805 -0.398000
v 0.058569 0.056569 -0.328000
v 0.057569 0.058301 -0.328000
v 0.055569 0.058301 -0.328000
v 0.054569 0.056569 -0.328000
v 0.055569 0.054836 -0.328000
v 0.057569 0.054836 -0.328000
v 0.056569 0.056569 -0.398000
v 0.056569 0.056569 -0.328000
v 0.036115 0.073910 -0.398000
v 0.033365 0.078674 -0.398000
v 0.027865 0.078674 -0.398000
v 0.025115 0.073910 -0.398000
v 0.027865 0.069147 -0.398000
v 0.033365 0.069147 -0.398000
v 0.032615 0.073910 -0.328000
v 0.031615 0.075642 -0.328000
v 0.029615 0.075642 -0.328000
v 0.028615 0.073910 -0.328000
v 0.029615 0.072178 -0.328000
v 0.031615 0.072178 -0.328000
v 0.030615 0.073910 -0.398000
v 0.030615 0.073910 -0.328000
v 0.005500 0.080000 -0.398000
v 0.002750 0.084763 -0.398000
v -0.002750 0.084763 -0.398000
v -0.005500 0.080000 -0.398000
v -0.002750 0.075237 -0.398000
v 0.002750 0.075237 -0.398000
v 0.002000 0.080000 -0.328000
v 0.001000 0.081732 -0.328000
v -0.001000 0.081732 -0.328000
v -0.002000 0.080000 -0.328000
v -0.001000 0.078268 -0.328000
v 0.001000 0.078268 -0.328000
v 0.000000 0.080000 -0.398000
v 0.000000 0.080000 -0.328000
v -0.025115 0.073910 -0.398000
v -0.027865 0.078674 -0.398000
v -0.033365 0.078674 -0.398000
v -0.036115 0.073910 -0.398000
v -0.033365 0.069147 -0.398000
v -0.027865 0.069147 -0.398000
v -0.028615 0.073910 -0.328000
v -0.029615 0.075642 -0.328000
v -0.031615 0.075642 -0.328000
v -0.032615 0.073910 -0.328000
v -0.031615 0.072178 -0.328000
v -0.029615 0.072178 -0.328000
v -0.030615 0.073910 -0.398000
v -0.030615 0.073910 -0.328000
v -0.051069 0.056569 -0.398000
v -0.053819 0.061332 -0.398000
v -0.059319 0.061332 -0.398000
v -0.062069 0.056569 -0.398000
v -0.059319 0.051805 -0.398000
v -0.053819 0.051805 -0.398000
v -0.054569 0.056569 -0.328000
v -0.055569 0.058301 -0.328000
v -0.057569 0.058301 -0.328000
v -0.058569 0.056569 -0.328000
v -0.057569 0.054836 -0.328000
v -0.055569 0.054836 -0.328000
v -0.056569 0.056569 -0.398000
v -0.056569 0.056569 -0.328000
v -0.068410 0.030615 -0.398000
v -0.071160 0.035378 -0.398000
v -0.076660 0.035378 -0.398000
v -0.079410 0.030615 -0.398000
v -0.076660 0.025852 -0.398000
v -0.071160 0.025852 -0.398000
v -0.071910 0.030615 -0.328000
v -0.072910 0.032347 -0.328000
v -0.074910 0.032347 -0.328000
v -0.075910 0.030615 -0.328000
v -0.074910 0.028883 -0.328000
v -0.072910 0.028883 -0.328000
v -0.073910 0.030615 -0.398000
v -0.073910 0.030615 -0.328000
v -0.074500 -0.000000 -0.398000
v -0.077250 0.004763 -0.398000
v -0.082750 0.004763 -0.398000
v -0.085500 -0.000000 -0.398000
v -0.082750 -0.004763 -0.398000
v -0.077250 -0.004763 -0.398000
v -0.078000 -0.000000 -0.328000
v -0.079000 0.001732 -0.328000
v -0.081000 0.001732 -0.328000
v -0.082000 -0.000000 -0.328000
v -0.081000 -0.001732 -0.328000
v -0.079000 -0.001732 -0.328000
v -0.080000 -0.000000 -0.398000
v -0.080000 -0.000000 -0.328000
v -0.068410 -0.030615 -0.398000
v -0.071160 -0.025852 -0.398000
v -0.076660 -0.025852 -0.398000
v -0.079410 -0.030615 -0.398000
v -0.076660 -0.035378 -0.398000
v -0.071160 -0.035378 -0.398000
v -0.071910 -0.030615 -0.328000
v -0.072910 -0.028883 -0.328000
v -0.074910 -0.028883 -0.328000
v -0.075910 -0.030615 -0.328000
v -0.074910 -0.032347 -0.328000
v -0.072910 -0.032347 -0.328000
v -0.073910 -0.030615 -0.398000
v -0.073910 -0.030615 -0.328000
v -0.051069 -0.056569 -0.398000
v -0.053819 -0.051805 -0.398000
v -0.059319 -0.051805 -0.398000
v -0.062069 -0.056569 -0.398000
v -0.059319 -0.061332 -0.398000
v -0.053819 -0.061332 -0.398000
v -0.054569 -0.056569 -0.328000
v -0.055569 -0.054836 -0.328000
v -0.057569 -0.054836 -0.328000
v -0.058569 -0.056569 -0.328000
v -0.057569 -0.058301 -0.328000
v -0.055569 -0.058301 -0.328000
v -0.056569 -0.056569 -0.398000
v -0.056569 -0.056569 -0.328000
v -0.025115 -0.073910 -0.398000
v -0.027865 -0.069147 -0.398000
v -0.033365 -0.069147 -0.398000
v -0.036115 -0.073910 -0.398000
v -0.033365 -0.078674 -0.398000
v -0.027865 -0.078674 -0.398000
v -0.028615 -0.073910 -0.328000
v -0.029615 -0.072178 -0.328000
v -0.031615 -0.072178 -0.328000
v -0.032615 -0.073910 -0.328000
v -0.031615 -0.075642 -0.328000
v -0.029615 -0.075642 -0.328000
v -0.030615 -0.073910 -0.398000
v -0.030615 -0.073910 -0.328000
v 0.005500 -0.080000 -0.398000
v 0.002750 -0.075237 -0.398000
v -0.002750 -0.075237 -0.398000
v -0.005500 -0.080000 -0.398000
v -0.002750 -0.084763 -0.398000
v 0.002750 -0.084763 -0.398000
v 0.002000 -0.080000 -0.328000
v 0.001000 -0.078268 -0.328000
v -0.001000 -0.078268 -0.328000
v -0.002000 -0.080000 -0.328000
v -0.001000 -0.081732 -0.328000
v 0.001000 -0.081732 -0.328000
v 0.000000 -0.080000 -0.398000
v 0.000000 -0.080000 -0.328000
v 0.036115 -0.073910 -0.398000
v 0.033365 -0.069147 -0.398000
v 0.027865 -0.069147 -0.398000
v 0.025115 -0.073910 -0.398000
v 0.027865 -0.078674 -0.398000
v 0.033365 -0.078674 -0.398000
v 0.032615 -0.073910 -0.328000
v 0.031615 -0.072178 -0.328000
v 0.029615 -0.072178 -0.328000
v 0.028615 -0.073910 -0.328000
v 0.029615 -0.075642 -0.328000
v 0.031615 -0.075642 -0.328000
v 0.030615 -0.073910 -0.398000
v 0.030615 -0.073910 -0.328000
v 0.062069 -0.056569 -0.398000
v 0.059319 -0.051805 -0.398000
v 0.053819 -0.051805 -0.398000
v 0.051069 -0.056569 -0.398000
v 0.053819 -0.061332 -0.398000
v 0.059319 -0.061332 -0.398000
v 0.058569 -0.056569 -0.328000
v 0.057569 -0.054836 -0.328000
v 0.055569 -0.054836 -0.328000
v 0.054569 -0.056569 -0.328000
v 0.055569 -0.058301 -0.328000
v 0.057569 -0.058301 -0.328000
v 0.056569 -0.056569 -0.398000
v 0.056569 -0.056569 -0.328000
v 0.079410 -0.030615 -0.398000
v 0.076660 -0.025852 -0.398000
v 0.071160 -0.025852 -0.398000
v 0.068410 -0.030615 -0.398000
v 0.071160 -0.035378 -0.398000
v 0.076660 -0.035378 -0.398000
v 0.075910 -0.030615 -0.328000
v 0.074910 -0.028883 -0.328000
v 0.072910 -0.028883 -0.328000
v 0.071910 -0.030615 -0.328000
v 0.072910 -0.032347 -0.328000
v 0.074910 -0.032347 -0.328000
v 0.073910 -0.030615 -0.398000
v 0.073910 -0.030615 -0.328000
v 0.046200 0.000000 0.432000
v 0.044100 0.003637 0.432000
v 0.039900 0.003637 0.432000
v 0.037800 0.000000 0.432000
v 0.039900 -0.003637 0.432000
v 0.044100 -0.003637 0.432000
v 0.044000 0.000000 0.537000
v 0.043000 0.001732 0.537000
v 0.041000 0.001732 0.537000
v 0.040000 0.000000 0.537000
v 0.041000 -0.001732 0.537000
v 0.043000 -0.001732 0.537000
v 0.042000 0.000000 0.432000
v 0.042000 0.000000 0.537000
v 0.038179 0.024687 0.432000
v 0.036079 0.028324 0.432000
v 0.031879 0.028324 0.432000
v 0.029779 0.024687 0.432000
v 0.031879 0.021050 0.432000
v 0.036079 0.021050 0.432000
v 0.035979 0.024687 0.537000
v 0.034979 0.026419 0.537000
v 0.032979 0.026419 0.537000
v 0.031979 0.024687 0.537000
v 0.032979 0.022955 0.537000
v 0.034979 0.022955 0.537000
v 0.033979 0.024687 0.432000
v 0.033979 0.024687 0.537000
v 0.017179 0.039944 0.432000
v 0.015079 0.043582 0.432000
v 0.010879 0.043582 0.432000
v 0.008779 0.039944 0.432000
v 0.010879 0.036307 0.432000
v 0.015079 0.036307 0.432000
v 0.014979 0.039944 0.537000
v 0.013979 0.041676 0.537000
v 0.011979 0.041676 0.537000
v 0.010979 0.039944 0.537000
v 0.011979 0.038212 0.537000
v 0.013979 0.038212 0.537000
v 0.012979 0.039944 0.432000
v 0.012979 0.039944 0.537000
v -0.008779 0.039944 0.432000
v -0.010879 0.043582 0.432000
v -0.015079 0.043582 0.432000
v -0.017179 0.039944 0.432000
v -0.015079 0.036307 0.432000
v -0.010879 0.036307 0.432000
v -0.010979 0.039944 0.537000
v -0.011979 0.041676 0.537000
v -0.013979 0.041676 0.537000
v -0.014979 0.039944 0.537000
v -0.013979 0.038212 0.537000
v -0.011979 0.038212 0.537000
v -0.012979 0.039944 0.432000
v -0.012979 0.039944 0.537000
v -0.029779 0.024687 0.432000
v -0.031879 0.028324 0.432000
v -0.036079 0.028324 0.432000
v -0.038179 0.024687 0.432000
v -0.036079 0.021050 0.432000
v -0.031879 0.021050 0.432000
v -0.031979 0.024687 0.537000
v -0.032979 0.026419 0.537000
v -0.034979 0.026419 0.537000
v -0.035979 0.024687 0.537000
v -0.034979 0.022955 0.537000
v -0.032979 0.022955 0.537000
v -0.033979 0.024687 0.432000
v -0.033979 0.024687 0.537000
v -0.037800 0.000000 0.432000
v -0.039900 0.003637 0.432000
v -0.044100 0.003637 0.432000
v -0.046200 0.000000 0.432000
v -0.044100 -0.003637 0.432000
v -0.039900 -0.003637 0.432000
v -0.040000 0.000000 0.537000
v -0.041000 0.001732 0.537000
v -0.043000 0.001732 0.537000
v -0.044000 0.000000 0.537000
v -0.043000 -0.001732 0.537000
v -0.041000 -0.001732 0.537000
v -0.042000 0.000000 0.432000
v -0.042000 0.000000 0.537000
v -0.029779 -0.024687 0.432000
v -0.031879 -0.021050 0.432000
v -0.036079 -0.021050 0.432000
v -0.038179 -0.024687 0.432000
v -0.036079 -0.028324 0.432000
v -0.031879 -0.028324 0.432000
v -0.031979 -0.024687 0.537000
v -0.032979 -0.022955 0.537000
v -0.034979 -0.022955 0.537000
v -0.035979 -0.024687 0.537000
v -0.034979 -0.026419 0.537000
v -0.032979 -0.026419 0.537000
v -0.033979 -0.024687 0.432000
v -0.033979 -0.024687 0.537000
v -0.008779 -0.039944 0.432000
v -0.010879 -0.036307 0.432000
v -0.015079 -0.036307 0.432000
v -0.017179 -0.039944 0.432000
v -0.015079 -0.043582 0.432000
v -0.010879 -0.043582 0.432000
v -0.010979 -0.039944 0.537000
v -0.011979 -0.038212 0.537000
v -0.013979 -0.038212 0.537000
v -0.014979 -0.039944 0.537000
v -0.013979 -0.041676 0.537000
v -0.011979 -0.041676 0.537000
v -0.012979 -0.039944 0.432000
v -0.012979 -0.039944 0.537000
v 0.017179 -0.039944 0.432000
v 0.015079 -0.036307 0.432000
v 0.010879 -0.036307 0.432000
v 0.008779 -0.039944 0.432000
v 0.010879 -0.043582 0.432000
v 0.015079 -0.043582 0.432000
v 0.014979 -0.039944 0.537000
v 0.013979 -0.038212 0.537000
v 0.011979 -0.038212 0.537000
v 0.010979 -0.039944 0.537000
v 0.011979 -0.041676 0.537000
v 0.013979 -0.041676 0.537000
v 0.012979 -0.039944 0.432000
v 0.012979 -0.039944 0.537000
v 0.038179 -0.024687 0.432000
v 0.036079 -0.021050 0.432000
v 0.031879 -0.021050 0.432000
v 0.029779 -0.024687 0.432000
v 0.031879 -0.028324 0.432000
v 0.036079 -0.028324 0.432000
v 0.035979 -0.024687 0.537000
v 0.034979 -0.022955 0.537000
v 0.032979 -0.022955 0.537000
v 0.031979 -0.024687 0.537000
v 0.032979 -0.026419 0.537000
v 0.034979 -0.026419 0.537000
v 0.033979 -0.024687 0.432000
v 0.033979 -0.024687 0.537000
vn 0.0005 -0.0005 1.0000
vn 0.0005 0.0005 1.0000
vn -0.0005 0.0005 1.0000
vn -0.0005 -0.0005 1.0000
vn 0.0005 0.0005 -1.0000
vn 0.0005 -0.0005 -1.0000
vn 0.0004 0.0004 -1.0000
vn 0.0004 -0.0004 -1.0000
vn 0.6943 -0.7197 0.0034
vn 0.7235 -0.6903 0.0093
vn 0.7153 -0.6988 0.0073
vn 0.5380 -0.7742 -0.3335
vn 0.6982 -0.6378 -0.3250
vn 0.6176 -0.5898 -0.5203
vn 0.3074 -0.8097 -0.4998
vn 0.7898 -0.3542 -0.5007
vn 0.0406 -0.9452 -0.3239
vn 0.0197 -0.8548 -0.5186
vn 0.9280 -0.1664 -0.3335
vn 0.8538 0.0196 -0.5203
vn -0.1715 -0.9269 -0.3338
vn -0.3554 -0.7889 -0.5013
vn -0.0220 -0.9998 0.0034
vn -0.6437 -0.6927 -0.3253
vn 0.0073 -0.9999 0.0083
vn 0.0191 -0.9998 0.0093
vn -0.5899 -0.6190 -0.5185
vn -0.7782 -0.5320 -0.3337
vn -0.8091 -0.3065 -0.5014
vn -0.7254 -0.6883 0.0034
vn -0.9451 -0.0347 -0.3248
vn -0.7051 -0.7090 0.0073
vn -0.6962 -0.7178 0.0093
vn -0.6962 -0.7177 0.0093
vn -0.8548 -0.0206 -0.5185
vn -0.9265 0.1744 -0.3336
vn -0.7888 0.3554 -0.5015
vn -0.9996 0.0268 0.0034
vn -0.6927 0.6439 -0.3250
vn -1.0000 -0.0034 0.0073
vn -0.9998 -0.0151 0.0093
vn -0.9998 -0.0152 0.0093
vn -0.6190 0.5899 -0.5185
vn -0.5320 0.7782 -0.3337
vn -0.3074 0.8086 -0.5017
vn -0.6883 0.7254 0.0034
vn -0.0378 0.9447 -0.3258
vn -0.7090 0.7051 0.0073
vn -0.7178 0.6962 0.0093
vn -0.7177 0.6962 0.0093
vn -0.0201 0.8537 -0.5204
vn 0.1694 0.9271 -0.3344
vn 0.3542 0.7899 -0.5007
vn 0.0230 0.9997 0.0034
vn 0.6378 0.6982 -0.3251
vn -0.0073 0.9999 0.0073
vn -0.0191 0.9998 0.0093
vn 0.5898 0.6176 -0.5203
vn 0.7735 0.5388 -0.3337
vn 0.8092 0.3074 -0.5007
vn 0.7197 0.6943 0.0034
vn 0.9447 0.0428 -0.3250
vn 0.6988 0.7153 0.0073
vn 0.6903 0.7235 0.0093
vn 0.9998 -0.0181 0.0034
vn 0.9999 0.0122 0.0073
vn 0.9997 0.0239 0.0093
vn 0.9997 0.0240 0.0093
vn 0.4951 0.4951 -0.7140
vn 0.6472 0.2682 -0.7136
vn 0.7002 0.0005 -0.7139
vn 0.6472 0.2681 -0.7136
vn 0.6472 -0.2681 -0.7136
vn 0.7002 0.0004 -0.7139
vn 0.4951 -0.4951 -0.7140
vn 0.6472 -0.2682 -0.7136
vn 0.4950 -0.4951 -0.7140
vn 0.2682 -0.6472 -0.7136
vn 0.0005 -0.7002 -0.7139
vn 0.2681 -0.6472 -0.7136
vn 0.0004 -0.7002 -0.7139
vn -0.2681 -0.6472 -0.7136
vn -0.4950 -0.4951 -0.7140
vn -0.2682 -0.6472 -0.7136
vn -0.4951 -0.4951 -0.7140
vn -0.6472 -0.2682 -0.7136
vn -0.6472 -0.2681 -0.7136
vn -0.7002 0.0004 -0.7139
vn -0.6472 0.2681 -0.7136
vn -0.7002 0.0005 -0.7139
vn -0.4951 0.4951 -0.7140
vn -0.6472 0.2682 -0.7136
vn -0.2682 0.6472 -0.7136
vn -0.4950 0.4951 -0.7140
vn 0.0004 0.7002 -0.7139
vn -0.2681 0.6472 -0.7136
vn 0.2681 0.6472 -0.7136
vn 0.0005 0.7002 -0.7139
vn 0.4950 0.4951 -0.7140
vn 0.2682 0.6472 -0.7136
vn -0.0004 -0.0005 1.0000
vn -0.0005 0.0004 1.0000
vn 0.0004 0.0005 1.0000
vn -0.0006 0.0006 1.0000
vn 0.0005 -0.0004 1.0000
vn 0.0006 0.0006 1.0000
vn 0.0004 -0.0004 1.0000
vn 0.0006 -0.0006 1.0000
vn -0.3697 -0.8922 -0.2594
vn -0.6829 -0.6829 -0.2594
vn -0.3697 -0.8922 -0.2593
vn -0.6828 -0.6829 -0.2597
vn 0.0004 -0.9658 -0.2595
vn -0.8922 -0.3697 -0.2594
vn -0.0005 -0.9658 -0.2594
vn -0.8922 -0.3695 -0.2598
vn 0.3697 -0.8923 -0.2592
vn -0.9658 -0.0004 -0.2595
vn 0.3695 -0.8922 -0.2597
vn -0.9658 -0.0005 -0.2594
vn 0.6828 -0.6828 -0.2598
vn -0.8922 0.3697 -0.2594
vn 0.6828 -0.6829 -0.2597
vn 0.8922 -0.3697 -0.2594
vn -0.6828 0.6828 -0.2597
vn 0.8922 -0.3697 -0.2593
vn 0.9658 -0.0005 -0.2594
vn 0.9658 -0.0006 -0.2594
vn -0.3697 0.8922 -0.2593
vn -0.3696 0.8922 -0.2597
vn 0.0005 0.9658 -0.2594
vn -0.0005 0.9658 -0.2594
vn 0.8922 0.3697 -0.2593
vn 0.8922 0.3697 -0.2594
vn 0.6828 0.6828 -0.2597
vn 0.3697 0.8922 -0.2593
vn 0.3697 0.8922 -0.2594
vn -0.3445 -0.1431 -0.9278
vn -0.3728 0.0005 -0.9279
vn -0.1431 -0.3445 -0.9278
vn 0.0005 -0.3728 -0.9279
vn 0.3445 0.1432 -0.9278
vn 0.2634 0.2634 -0.9280
vn -0.2634 0.2634 -0.9280
vn -0.1432 0.3444 -0.9278
vn -0.1431 0.3445 -0.9278
vn 0.0005 0.3728 -0.9279
vn -0.1427 -0.3444 -0.9279
vn -0.2636 -0.2636 -0.9279
vn -0.3445 -0.1432 -0.9278
vn -0.1432 -0.3445 -0.9278
vn -0.3444 0.1430 -0.9279
vn -0.3445 0.1431 -0.9278
vn 0.2634 -0.2634 -0.9280
vn 0.1427 -0.3444 -0.9279
vn 0.2636 -0.2636 -0.9279
vn 0.3445 -0.1432 -0.9278
vn 0.3444 -0.1430 -0.9279
vn 0.3728 0.0005 -0.9279
vn 0.3728 0.0006 -0.9279
vn 0.1427 0.3444 -0.9279
vn 0.0005 -1.0000 -0.0005
vn 0.3827 -0.9239 -0.0000
vn 0.7071 -0.7071 -0.0005
vn 0.7071 -0.7071 -0.0004
vn 0.9239 -0.3827 -0.0000
vn 0.9239 -0.3826 -0.0004
vn 1.0000 0.0005 0.0005
vn 0.9239 0.3826 0.0004
vn 0.9239 0.3827 -0.0000
vn 0.7071 0.7071 0.0005
vn 0.3827 0.9239 -0.0000
vn 0.0005 1.0000 0.0005
vn -0.3827 0.9239 -0.0000
vn -0.7071 0.7071 0.0004
vn -0.7071 0.7071 -0.0000
vn -0.9239 0.3826 0.0005
vn -0.9239 0.3826 0.0004
vn -1.0000 0.0005 0.0005
vn -0.9239 -0.3826 -0.0004
vn -0.9239 -0.3827 -0.0000
vn -0.7071 -0.7071 -0.0005
vn -0.3827 -0.9239 -0.0000
vn 0.0004 -1.0000 -0.0005
vn 0.3826 -0.9239 -0.0005
vn 0.7071 -0.7071 -0.0000
vn 0.9239 -0.3826 -0.0005
vn 0.9239 -0.3826 -0.0003
vn 0.9239 0.3826 0.0003
vn 0.7071 0.7071 -0.0000
vn 0.3826 0.9239 0.0003
vn 0.3826 0.9239 0.0005
vn -0.3826 0.9239 0.0005
vn -0.7071 0.7071 0.0005
vn -0.9239 0.3826 0.0003
vn -0.9239 0.3827 -0.0000
vn -0.9239 -0.3826 -0.0003
vn -0.9239 -0.3826 -0.0005
vn -0.7071 -0.7071 -0.0004
vn -0.3826 -0.9239 -0.0003
vn -0.3826 -0.9239 -0.0005
vn 0.8624 -0.3572 -0.3588
vn 0.9334 0.0005 -0.3590
vn 0.6600 -0.6600 -0.3588
vn 0.8624 0.3572 -0.3588
vn 0.6599 -0.6599 -0.3591
vn 0.3572 -0.8624 -0.3588
vn 0.6599 0.6599 -0.3591
vn 0.6599 0.6599 -0.3592
vn 0.0005 -0.9334 -0.3590
vn 0.3572 0.8624 -0.3588
vn -0.0007 -0.9333 -0.3590
vn 0.0005 0.9333 -0.3590
vn -0.0005 0.9333 -0.3590
vn -0.3572 -0.8624 -0.3588
vn -0.6600 -0.6600 -0.3588
vn -0.6599 -0.6599 -0.3591
vn -0.8624 -0.3572 -0.3588
vn -0.9334 0.0005 -0.3590
vn -0.8624 0.3572 -0.3588
vn -0.6599 0.6599 -0.3591
vn -0.6600 0.6600 -0.3588
vn -0.3572 0.8624 -0.3588
vn 0.0004 0.9333 -0.3590
vn 1.0000 0.0005 -0.0005
vn 0.7072 -0.7071 -0.0005
vn 0.3825 -0.9239 -0.0005
vn -0.0005 -1.0000 -0.0005
vn 0.0004 -0.9993 0.0376
vn -0.3826 -0.9230 0.0416
vn -0.3826 -0.9232 0.0375
vn 0.0004 -0.9991 0.0415
vn -0.7065 -0.7065 0.0415
vn -0.7066 -0.7066 0.0372
vn -0.9232 -0.3826 0.0375
vn 0.3827 -0.9239 -0.0007
vn 0.7071 -0.7071 -0.0008
vn 0.9239 -0.3825 -0.0005
vn 0.9239 0.3827 -0.0008
vn 0.7071 0.7071 -0.0005
vn 0.3826 0.9239 -0.0005
vn -0.7071 -0.7071 0.0073
vn -0.7070 -0.7070 0.0171
vn -0.9239 -0.3826 0.0073
vn -0.0005 1.0000 -0.0005
vn 0.3825 0.9239 -0.0005
vn 0.0005 1.0000 -0.0005
vn -0.3825 0.9239 -0.0005
vn -0.7071 0.7071 -0.0005
vn -0.3826 0.9239 -0.0005
vn -0.9239 0.3826 -0.0005
vn 1.0000 0.0004 0.0073
vn 0.9237 -0.3826 0.0172
vn 0.9239 -0.3826 0.0073
vn 0.9999 0.0004 0.0171
vn 0.7070 -0.7070 0.0171
vn 0.7071 -0.7071 0.0074
vn 0.3826 -0.9239 0.0073
vn 0.7071 -0.7071 -0.0015
vn 0.9239 -0.3826 -0.0015
vn 0.3826 -0.9239 -0.0015
vn 0.3825 -0.9239 0.0073
vn 0.3825 -0.9238 0.0171
vn -0.0004 -1.0000 0.0073
vn 0.9185 -0.3804 -0.1079
vn 0.9437 0.0005 -0.3309
vn 0.8720 -0.3610 -0.3307
vn 0.9031 0.0005 -0.4293
vn 0.8720 0.3610 -0.3307
vn 0.8343 0.3455 -0.4296
vn 0.7030 -0.7030 -0.1080
vn 0.6674 -0.6674 -0.3305
vn 0.9230 -0.3825 0.0415
vn 0.9991 0.0004 0.0415
vn 0.9942 0.0005 -0.1080
vn 0.9185 0.3803 -0.1079
vn 0.3456 -0.8343 -0.4296
vn 0.6386 -0.6386 -0.4293
vn 0.8343 -0.3456 -0.4296
vn 0.3610 -0.8720 -0.3307
vn 0.3804 -0.9185 -0.1079
vn -0.0004 -0.9437 -0.3308
vn 0.3825 -0.9230 0.0415
vn 0.0005 -0.9991 0.0415
vn -0.9239 0.3826 0.0073
vn -0.7070 0.7070 0.0171
vn -0.7071 0.7071 0.0073
vn -0.3826 0.9239 0.0074
vn -0.3825 0.9238 0.0171
vn -0.0005 1.0000 0.0073
vn 0.3825 0.9239 0.0073
vn 0.3826 0.9239 -0.0015
vn 0.7071 0.7071 -0.0015
vn -1.0000 0.0005 -0.0005
vn -0.9239 0.3825 -0.0005
vn -0.9239 -0.3827 -0.0007
vn -0.7071 0.7071 -0.0004
vn -0.7071 0.7071 -0.0008
vn -0.3825 -0.9239 -0.0005
vn -0.0004 -0.9999 0.0171
vn -0.0005 -1.0000 0.0073
vn 0.3825 -0.9239 -0.0015
vn -0.0004 -1.0000 -0.0015
vn 0.7071 -0.7071 -0.0016
vn 0.7071 -0.7071 0.0073
vn 1.0000 0.0005 0.0073
vn 0.9239 -0.3825 0.0073
vn 1.0000 0.0005 -0.0015
vn 0.9239 0.3825 -0.0013
vn 0.9239 0.3825 0.0071
vn 0.9237 0.3826 0.0172
vn 0.9999 0.0005 0.0171
vn 0.7070 0.7070 0.0172
vn 0.7071 0.7071 0.0073
vn 0.3826 0.9239 0.0073
vn 0.3826 0.9237 0.0172
vn -0.0004 1.0000 0.0073
vn -0.0005 0.9999 0.0171
vn 0.3825 0.9240 -0.0015
vn 0.0005 1.0000 -0.0015
vn -0.3826 0.9239 -0.0014
vn -0.3826 0.9239 0.0073
vn -0.7071 0.7071 -0.0016
vn -0.9239 0.3826 -0.0014
vn -1.0000 -0.0000 0.0076
vn -1.0000 0.0005 -0.0015
vn -0.9239 -0.3826 -0.0014
vn -0.9237 0.3826 0.0172
vn -0.9999 0.0005 0.0171
vn -0.9237 -0.3826 0.0172
vn -0.7071 -0.7071 -0.0016
vn -0.3825 -0.9239 0.0073
vn -0.3826 -0.9237 0.0172
vn -0.3826 -0.9239 -0.0014
vn -0.0005 -0.9999 0.0171
vn -0.0005 -1.0000 -0.0015
vn -0.0005 -0.9942 -0.1080
vn 0.0005 -0.9031 -0.4293
vn -0.0004 -0.9437 -0.3309
vn 0.3455 -0.8343 -0.4296
vn 0.6673 -0.6674 -0.3305
vn 0.8343 -0.3455 -0.4296
vn 0.9031 0.0004 -0.4293
vn -0.7071 0.7071 0.0015
vn -0.9239 0.3826 0.0015
vn -0.3826 0.9239 0.0015
vn -0.7071 0.7071 0.0012
vn 1.0000 -0.0005 0.0015
vn 0.9239 0.3825 0.0015
vn 0.9239 -0.3825 0.0015
vn 0.8923 0.3696 -0.2593
vn 0.7071 0.7071 0.0015
vn 0.3826 0.9239 0.0014
vn 0.3826 0.9239 0.0015
vn 0.9239 0.3826 0.0015
vn -0.0005 1.0000 0.0015
vn -0.3825 0.9239 0.0014
vn -0.3825 0.9239 0.0015
vn 0.3825 0.9239 0.0015
vn -0.7071 -0.7071 0.0015
vn -0.3825 -0.9239 0.0015
vn -0.3826 -0.9239 0.0015
vn -0.0005 -1.0000 0.0015
vn -0.9239 -0.3826 0.0015
vn -0.9239 -0.3825 0.0015
vn -1.0000 -0.0005 0.0015
vn 0.7071 -0.7071 0.0012
vn 0.3825 -0.9240 0.0017
vn 0.9239 -0.3826 0.0015
vn 0.3827 -0.9239 0.0012
vn -0.0004 -1.0000 0.0015
vn -0.3825 -0.9239 0.0014
vn -1.0000 -0.0004 0.0015
vn -0.9239 0.3825 0.0015
vn 0.0005 -0.9993 0.0376
vn 0.3826 -0.9239 -0.0003
vn 0.3826 -0.9230 0.0416
vn 0.7065 -0.7065 0.0415
vn 0.7030 -0.7030 -0.1079
vn 0.3826 -0.9230 0.0415
vn 0.9230 -0.3826 0.0415
vn 0.9230 -0.3826 0.0416
vn 0.9993 0.0003 0.0374
vn 0.9991 0.0005 0.0415
vn 0.9231 0.3824 0.0412
vn 0.9231 0.3826 0.0377
vn 0.9185 0.3804 -0.1079
vn 0.7065 0.7065 0.0416
vn 0.7066 0.7066 0.0376
vn 0.3826 0.9231 0.0377
vn 0.3826 0.9230 0.0416
vn -0.0004 0.9993 0.0375
vn 0.7030 0.7029 -0.1080
vn 0.3826 0.9230 0.0415
vn -0.0003 0.9991 0.0414
vn 0.3804 0.9185 -0.1079
vn 0.3825 0.9230 0.0415
vn -0.0004 0.9942 -0.1080
vn -0.0005 0.9437 -0.3308
vn -0.3804 0.9185 -0.1083
vn -0.3610 0.8720 -0.3307
vn -0.3824 0.9231 0.0412
vn -0.3826 0.9232 0.0375
vn -0.7029 0.7030 -0.1079
vn -0.7065 0.7065 0.0415
vn -0.9230 0.3826 0.0415
vn -0.7066 0.7066 0.0376
vn -0.9231 0.3826 0.0377
vn -0.9230 0.3826 0.0416
vn -0.9993 0.0004 0.0375
vn -0.9991 0.0003 0.0414
vn -0.9185 0.3804 -0.1079
vn -0.9230 0.3825 0.0415
vn -0.7030 0.7029 -0.1080
vn -0.8720 0.3610 -0.3307
vn -0.9230 -0.3826 0.0415
vn -0.9031 0.0005 -0.4293
vn -0.8343 0.3455 -0.4296
vn -0.9941 0.0004 -0.1080
vn -0.9185 -0.3804 -0.1079
vn -0.9437 0.0005 -0.3308
vn -0.8720 -0.3610 -0.3307
vn -0.6674 0.6674 -0.3305
vn -0.8343 0.3456 -0.4296
vn -0.6386 0.6386 -0.4293
vn -0.3456 0.8343 -0.4296
vn -0.7029 -0.7030 -0.1079
vn -0.3826 -0.9230 0.0415
vn -0.3804 -0.9185 -0.1079
vn -0.0005 -0.9437 -0.3308
vn -0.3609 -0.8720 -0.3307
vn -0.0005 -0.9437 -0.3309
vn 0.0005 -0.9031 -0.4294
vn -0.3455 -0.8343 -0.4296
vn 0.0005 1.0000 -0.0000
vn -0.0004 1.0000 0.0005
vn 0.9239 0.3825 -0.0000
vn 0.9239 0.3826 -0.0003
vn 0.3825 -0.9239 -0.0000
vn 0.0005 -1.0000 0.0005
vn -0.0005 -1.0000 0.0005
vn -0.3826 -0.9239 0.0005
vn -0.3826 -0.9239 0.0004
vn -0.7071 -0.7071 0.0005
vn -0.9239 -0.3826 0.0004
vn -0.3826 0.9239 0.0004
vn -0.0005 1.0000 -0.0000
vn 0.0004 1.0000 0.0005
vn -0.9185 0.3803 -0.1079
vn -0.7030 0.7030 -0.1079
vn -0.7030 0.7030 -0.1080
vn -0.3455 0.8343 -0.4296
vn -0.0005 0.9031 -0.4293
vn -0.0005 0.9437 -0.3309
vn 0.3610 0.8720 -0.3307
vn 0.7029 0.7030 -0.1079
vn -0.8719 -0.3610 -0.3307
vn -0.8344 -0.3456 -0.4293
vn -0.6674 -0.6674 -0.3303
vn -0.6386 -0.6386 -0.4293
vn -0.3456 -0.8343 -0.4296
vn -0.3610 -0.8720 -0.3307
vn -0.7030 -0.7030 -0.1080
vn -0.9256 -0.3785 -0.0005
vn -0.9256 -0.3786 -0.0003
vn -0.3867 0.9222 -0.0000
vn -0.3866 0.9222 0.0005
vn -0.3866 -0.9222 -0.0005
vn -0.3867 -0.9222 -0.0000
vn 0.9222 0.3866 0.0005
vn 0.9222 0.3867 -0.0000
vn 0.9222 -0.3867 -0.0000
vn 0.9222 -0.3866 -0.0003
vn 0.3785 -0.9256 -0.0005
vn 0.3786 -0.9256 -0.0003
vn 0.3785 0.9256 0.0005
vn 0.3866 0.9222 0.0005
vn 0.3867 0.9222 -0.0000
vn 0.3866 0.9222 0.0003
vn -0.9222 0.3866 0.0003
vn 0.9256 0.3785 0.0005
vn 0.9256 0.3786 0.0003
vn 0.9256 0.3785 0.0006
vn 0.9256 -0.3785 0.0005
vn -0.3785 -0.9256 0.0005
vn -0.3786 -0.9256 0.0003
vn 0.3867 -0.9222 -0.0000
vn 0.3866 -0.9222 -0.0005
vn -0.3785 0.9256 0.0006
vn -0.3785 0.9256 0.0005
vn -0.9222 -0.3866 -0.0005
vn -0.9222 -0.3867 -0.0000
vn -0.9222 -0.3866 -0.0003
vn -0.9256 0.3786 0.0003
vn -0.9256 0.3785 0.0005
vn -0.9256 0.3785 0.0006
vn -0.9231 0.3826 0.0376
vn -0.3826 0.9239 0.0003
vn 0.3826 0.9231 0.0376
vn 0.7071 0.7071 0.0004
vn 0.9231 0.3826 0.0376
vn 0.9232 -0.3824 0.0372
vn 0.7066 -0.7066 0.0372
vn 0.3826 -0.9231 0.0376
vn 0.3826 -0.9231 0.0377
vn -0.3786 0.9256 0.0003
vn 0.3867 -0.9222 -0.0003
vn 0.3868 -0.9222 -0.0000
vn -0.3785 -0.9256 -0.0005
vn -0.3786 -0.9256 -0.0003
vn 0.9256 -0.3785 -0.0005
vn 0.9256 -0.3785 -0.0006
vn 0.9255 -0.3787 -0.0000
vn 0.9256 0.3786 0.0004
vn -0.9222 0.3867 -0.0000
vn -0.9222 0.3866 0.0005
vn 1.0000 -0.0005 -0.0005
vn 0.9240 -0.3825 -0.0005
vn 0.9240 -0.3825 -0.0000
vn 1.0000 -0.0005 -0.0000
vn 0.9240 0.3825 -0.0005
vn 0.3826 -0.9239 0.0005
vn 0.3826 -0.9239 0.0004
vn -0.3825 -0.9240 0.0005
vn -0.3825 -0.9240 -0.0000
vn -0.3826 0.9239 -0.0000
vn -0.3825 0.9240 -0.0000
vn 0.3825 0.9240 -0.0000
vn -0.9239 0.3826 -0.0000
vn -0.9240 0.3825 -0.0000
vn -0.9240 0.3825 0.0005
vn -1.0000 -0.0004 0.0005
vn -0.9240 -0.3825 -0.0000
vn 1.0000 -0.0004 -0.0005
vn 0.9239 0.3826 -0.0000
vn -0.3826 -0.9239 -0.0000
vn -0.9239 -0.3826 0.0005
vn -1.0000 -0.0005 -0.0000
vn 0.9239 0.3826 -0.0005
vn -0.0004 1.0000 -0.0000
vn 0.7071 -0.7071 0.0005
vn 0.9239 -0.3826 -0.0000
vn 0.9437 0.0005 -0.3308
vn 0.9185 -0.3803 -0.1079
vn 0.6674 0.6674 -0.3304
vn 0.8343 0.3456 -0.4296
vn 0.6386 0.6386 -0.4293
vn 0.3610 0.8719 -0.3307
vn 0.3455 0.8342 -0.4298
vn -0.8348 0.5506 0.0004
vn -0.7775 0.6289 -0.0000
vn -0.5709 0.8210 0.0005
vn 0.8391 -0.5439 -0.0005
vn 0.7830 -0.6220 -0.0003
vn 0.5778 -0.8162 -0.0004
vn 0.5779 -0.8161 -0.0006
vn 0.5439 0.8391 0.0005
vn 0.6220 0.7831 0.0004
vn 0.8162 0.5778 0.0005
vn 0.8162 0.5778 -0.0000
vn -0.8210 -0.5709 -0.0005
vn -0.6290 -0.7774 -0.0000
vn -0.5505 -0.8349 -0.0006
vn -0.8210 -0.5709 -0.0004
vn -0.3866 -0.9222 -0.0003
vn 0.9857 -0.1686 0.0005
vn 0.9779 0.2089 -0.0000
vn 0.9935 0.1138 0.0005
vn 0.9222 0.3866 0.0003
vn 0.2087 -0.9780 -0.0004
vn 0.3866 -0.9222 -0.0003
vn 0.1139 -0.9935 -0.0005
vn -0.1686 -0.9857 -0.0005
vn -0.1686 -0.9857 -0.0006
vn -0.9842 0.1771 -0.0003
vn -0.9945 -0.1051 -0.0003
vn -0.9797 -0.2007 -0.0003
vn -0.9842 0.1772 -0.0004
vn -0.9256 -0.3785 0.0006
vn -0.9256 -0.3785 0.0005
vn -0.2007 0.9797 0.0003
vn -0.1051 0.9945 0.0005
vn 0.1772 0.9842 -0.0003
vn 0.1773 0.9842 -0.0005
vn -0.3786 0.9256 0.0004
vn 0.3903 0.0005 0.9207
vn 0.3609 0.1489 0.9206
vn 0.0005 -0.3903 0.9207
vn 0.1489 -0.3609 0.9206
vn -0.3609 0.1489 0.9206
vn -0.3903 -0.0005 0.9207
vn -0.3609 -0.1489 0.9206
vn 0.3609 -0.1491 0.9206
vn 0.3607 -0.1494 0.9206
vn 0.2758 -0.2758 0.9208
vn 0.2759 -0.2759 0.9208
vn 0.1490 -0.3609 0.9206
vn -0.2758 -0.2758 0.9208
vn -0.3609 -0.1490 0.9206
vn -0.2759 -0.2759 0.9208
vn -0.1491 -0.3609 0.9206
vn -0.2761 0.2761 0.9206
vn -0.1491 0.3609 0.9206
vn -0.1490 0.3609 0.9206
vn -0.2759 0.2759 0.9208
vn -0.3609 0.1490 0.9206
vn 0.0005 0.3903 0.9207
vn 0.1494 0.3607 0.9206
vn 0.2758 0.2758 0.9208
vn 0.2759 0.2759 0.9208
vn 0.3609 0.1490 0.9206
vn -0.9998 -0.0058 -0.0171
vn -0.9997 -0.0198 0.0173
vn -0.0450 0.9454 -0.3228
vn -0.0694 0.9515 -0.2997
vn 0.9999 -0.0033 -0.0108
vn 0.9995 0.0289 0.0108
vn -0.0454 -0.9530 0.2996
vn -0.0208 -0.9462 0.3230
vn -0.9994 -0.0313 -0.0170
vn -0.9988 -0.0452 0.0172
vn -0.0689 0.9439 -0.3229
vn -0.0939 0.9495 -0.2994
vn 0.9997 0.0222 -0.0108
vn 0.9985 0.0542 0.0107
vn -0.0210 -0.9538 0.2997
vn 0.0034 -0.9464 0.3230
vn -0.9982 -0.0567 -0.0171
vn -0.9974 -0.0706 0.0171
vn -0.0931 0.9418 -0.3229
vn -0.1179 0.9467 -0.2998
vn 0.9988 0.0476 -0.0107
vn 0.9968 0.0796 0.0107
vn 0.0031 -0.9540 0.2996
vn 0.0273 -0.9460 0.3230
vn -0.9965 -0.0821 -0.0171
vn -0.9952 -0.0959 0.0170
vn -0.1170 0.9392 -0.3227
vn -0.1420 0.9435 -0.2995
vn 0.9973 0.0730 -0.0107
vn 0.9944 0.1050 0.0108
vn 0.0275 -0.9537 0.2996
vn 0.0513 -0.9451 0.3228
vn -0.9941 -0.1075 -0.0170
vn -0.9925 -0.1212 0.0171
vn -0.1408 0.9359 -0.3230
vn -0.1660 0.9395 -0.2997
vn 0.9951 0.0983 -0.0108
vn 0.9914 0.1303 0.0107
vn 0.0517 -0.9526 0.2997
vn 0.0757 -0.9434 0.3228
vn -0.9910 -0.1326 -0.0170
vn -0.9891 -0.1464 0.0172
vn -0.1647 0.9320 -0.3228
vn -0.1899 0.9350 -0.2995
vn 0.9923 0.1238 -0.0106
vn 0.9878 0.1556 0.0109
vn 0.0761 -0.9510 0.2997
vn 0.0996 -0.9412 0.3229
vn -0.9873 -0.1579 -0.0172
vn -0.9850 -0.1717 0.0171
vn -0.1884 0.9275 -0.3230
vn -0.2137 0.9298 -0.2997
vn 0.9888 0.1490 -0.0107
vn 0.9835 0.1805 0.0107
vn 0.1004 -0.9488 0.2997
vn 0.1234 -0.9384 0.3228
vn -0.9830 -0.1830 -0.0171
vn -0.9803 -0.1967 0.0172
vn -0.2120 0.9224 -0.3228
vn -0.2372 0.9241 -0.2997
vn 0.9847 0.1740 -0.0108
vn 0.9786 0.2056 0.0107
vn 0.1244 -0.9459 0.2998
vn 0.1474 -0.9349 0.3229
vn -0.9780 -0.2080 -0.0172
vn -0.9750 -0.2215 0.0173
vn -0.2353 0.9167 -0.3229
vn -0.2606 0.9178 -0.2997
vn 0.9799 0.1991 -0.0107
vn 0.9730 0.2305 0.0108
vn 0.1483 -0.9425 0.2996
vn 0.1709 -0.9309 0.3229
vn -0.9724 -0.2328 -0.0170
vn -0.9690 -0.2463 0.0172
vn -0.2586 0.9104 -0.3229
vn -0.2838 0.9108 -0.2998
vn 0.9745 0.2240 -0.0108
vn 0.9668 0.2551 0.0107
vn 0.1723 -0.9384 0.2996
vn 0.1948 -0.9261 0.3230
vn -0.0152 0.3187 0.9477
vn 0.0141 0.2956 0.9552
vn 0.0882 -0.2826 -0.9552
vn 0.0657 -0.3122 -0.9477
vn -0.9173 -0.3983 -0.0019
vn -0.9401 -0.3409 0.0018
vn -0.9415 -0.3370 -0.0014
vn -0.9403 -0.3403 0.0011
vn -0.2432 0.5146 0.8222
vn -0.2200 0.5593 0.7992
vn 0.9315 0.3624 0.0313
vn 0.9258 0.3768 -0.0313
vn 0.2246 -0.5578 -0.7990
vn 0.1771 -0.5413 -0.8220
vn -0.9418 -0.3361 -0.0018
vn -0.9607 -0.2777 0.0019
vn -0.9619 -0.2735 -0.0012
vn -0.9609 -0.2768 0.0012
vn -0.2084 0.5299 0.8221
vn -0.1823 0.5728 0.7992
vn 0.9536 0.2995 0.0314
vn 0.9488 0.3142 -0.0315
vn 0.1868 -0.5714 -0.7991
vn 0.1405 -0.5518 -0.8221
vn -0.9621 -0.2726 -0.0019
vn -0.9770 -0.2131 0.0018
vn -0.9780 -0.2088 -0.0011
vn -0.9772 -0.2121 0.0013
vn -0.1727 0.5425 0.8221
vn -0.1438 0.5837 0.7992
vn 0.9714 0.2353 0.0314
vn 0.9676 0.2504 -0.0314
vn 0.1484 -0.5825 -0.7992
vn 0.1034 -0.5598 -0.8222
vn -0.9781 -0.2080 -0.0019
vn -0.9891 -0.1474 0.0018
vn -0.9897 -0.1431 -0.0012
vn -0.9892 -0.1466 0.0012
vn -0.1362 0.5527 0.8221
vn -0.1045 0.5920 0.7991
vn 0.9849 0.1702 0.0314
vn 0.9822 0.1854 -0.0312
vn 0.1092 -0.5911 -0.7992
vn 0.0659 -0.5655 -0.8221
vn -0.9898 -0.1423 -0.0019
vn -0.9967 -0.0812 0.0018
vn -0.9970 -0.0769 -0.0012
vn -0.9968 -0.0804 0.0012
vn -0.0989 0.5607 0.8221
vn -0.0649 0.5975 0.7992
vn 0.9941 0.1040 0.0315
vn 0.9924 0.1194 -0.0313
vn 0.0696 -0.5970 -0.7992
vn 0.0281 -0.5686 -0.8221
vn -0.9971 -0.0761 -0.0018
vn -0.9999 -0.0147 0.0018
vn -0.9999 -0.0103 -0.0012
vn -0.9999 -0.0137 0.0012
vn -0.0615 0.5659 0.8222
vn -0.0249 0.6006 0.7992
vn 0.9988 0.0377 0.0312
vn 0.9981 0.0531 -0.0313
vn 0.0297 -0.6004 -0.7991
vn -0.0099 -0.5692 -0.8221
vn -1.0000 -0.0094 -0.0018
vn -0.9986 0.0520 0.0018
vn -0.9984 0.0564 -0.0011
vn -0.9986 0.0529 0.0013
vn -0.0236 0.5688 0.8221
vn 0.0153 0.6010 0.7991
vn 0.9991 -0.0290 0.0314
vn 0.9994 -0.0136 -0.0313
vn -0.0105 -0.6010 -0.7992
vn -0.0478 -0.5673 -0.8221
vn -0.9983 0.0574 -0.0019
vn -0.9929 0.1185 0.0019
vn -0.9924 0.1227 -0.0013
vn -0.9929 0.1193 0.0011
vn 0.0145 0.5691 0.8221
vn 0.0552 0.5985 0.7992
vn 0.9949 -0.0955 0.0313
vn 0.9963 -0.0801 -0.0313
vn -0.0505 -0.5990 -0.7991
vn -0.0855 -0.5629 -0.8221
vn -0.9923 0.1236 -0.0017
vn -0.9829 0.1842 0.0019
vn -0.9821 0.1886 -0.0011
vn -0.9827 0.1852 0.0013
vn 0.0523 0.5669 0.8221
vn 0.0950 0.5936 0.7991
vn 0.9864 -0.1616 0.0313
vn 0.9887 -0.1464 -0.0313
vn -0.0903 -0.5943 -0.7992
vn -0.1228 -0.5559 -0.8221
vn -0.9819 0.1895 -0.0019
vn -0.9684 0.2495 0.0018
vn 0.0899 0.5620 0.8222
vn 0.1342 0.5858 0.7993
vn 0.9734 -0.2269 0.0313
vn 0.9768 -0.2119 -0.0314
vn -0.1296 -0.5868 -0.7993
vn -0.1595 -0.5464 -0.8222
vn 0.3496 -0.7400 0.5745
vn 0.2970 -0.7377 0.6063
vn 0.1776 0.7751 -0.6063
vn 0.2293 0.7857 -0.5746
vn -0.9769 -0.2120 0.0288
vn -0.9735 -0.2270 -0.0289
vn 0.1271 -0.5548 0.8222
vn 0.0950 -0.5934 0.7993
vn 0.9684 0.2494 -0.0020
vn 0.9819 0.1894 0.0019
vn 0.9827 0.1852 -0.0014
vn 0.9820 0.1887 0.0014
vn -0.1686 0.5771 -0.7991
vn -0.1227 0.5558 -0.8222
vn -0.9888 -0.1463 0.0288
vn -0.9865 -0.1615 -0.0286
vn 0.0900 -0.5622 0.8221
vn 0.0552 -0.5986 0.7991
vn 0.9828 0.1844 -0.0019
vn 0.9923 0.1236 0.0020
vn 0.9929 0.1193 -0.0014
vn 0.9924 0.1229 0.0014
vn -0.1296 0.5870 -0.7992
vn -0.0855 0.5629 -0.8221
vn -0.9964 -0.0802 0.0286
vn -0.9950 -0.0955 -0.0289
vn 0.0523 -0.5669 0.8221
vn 0.0153 -0.6008 0.7992
vn 0.9930 0.1185 -0.0019
vn 0.9984 0.0572 0.0020
vn 0.9986 0.0529 -0.0014
vn 0.9984 0.0565 0.0013
vn -0.0903 0.5943 -0.7991
vn -0.0478 0.5673 -0.8221
vn -0.9995 -0.0136 0.0288
vn -0.9992 -0.0290 -0.0288
vn 0.0145 -0.5691 0.8221
vn -0.0249 -0.6007 0.7991
vn 0.9986 0.0520 -0.0019
vn 1.0000 -0.0095 0.0020
vn 0.9999 -0.0138 -0.0015
vn 0.9999 -0.0102 0.0012
vn -0.0505 0.5990 -0.7992
vn -0.0099 0.5692 -0.8221
vn -0.9982 0.0531 0.0288
vn -0.9989 0.0377 -0.0288
vn -0.0236 -0.5688 0.8222
vn -0.0649 -0.5976 0.7992
vn 0.9999 -0.0148 -0.0020
vn 0.9971 -0.0761 0.0019
vn 0.9968 -0.0804 -0.0013
vn 0.9970 -0.0768 0.0014
vn -0.0105 0.6011 -0.7991
vn 0.0281 0.5686 -0.8221
vn -0.9924 0.1194 0.0288
vn -0.9942 0.1041 -0.0289
vn -0.0615 -0.5660 0.8221
vn -0.1045 -0.5919 0.7992
vn 0.9967 -0.0811 -0.0019
vn 0.9898 -0.1424 0.0021
vn 0.9892 -0.1465 -0.0015
vn 0.9897 -0.1430 0.0012
vn 0.0297 0.6004 -0.7992
vn 0.0659 0.5655 -0.8221
vn -0.9823 0.1853 0.0288
vn -0.9850 0.1701 -0.0289
vn -0.0989 -0.5606 0.8221
vn -0.1438 -0.5837 0.7991
vn 0.9891 -0.1475 -0.0019
vn 0.9781 -0.2080 0.0020
vn 0.9772 -0.2122 -0.0015
vn 0.9780 -0.2086 0.0012
vn 0.0696 0.5971 -0.7992
vn 0.1034 0.5599 -0.8221
vn -0.9677 0.2503 0.0287
vn -0.9715 0.2354 -0.0288
vn -0.1362 -0.5528 0.8221
vn -0.1824 -0.5728 0.7992
vn 0.9770 -0.2132 -0.0020
vn 0.9622 -0.2725 0.0020
vn 0.9609 -0.2770 -0.0011
vn 0.9619 -0.2736 0.0017
vn 0.1092 0.5911 -0.7992
vn 0.1405 0.5516 -0.8222
vn -0.9489 0.3143 0.0288
vn -0.9536 0.2996 -0.0287
vn -0.1727 -0.5425 0.8221
vn -0.2200 -0.5594 0.7992
vn 0.9607 -0.2775 -0.0020
vn 0.9419 -0.3360 0.0021
vn 0.9403 -0.3403 -0.0015
vn 0.9415 -0.3369 0.0013
vn 0.1484 0.5825 -0.7991
vn 0.1769 0.5412 -0.8221
vn -0.9259 0.3768 0.0289
vn -0.9315 0.3625 -0.0287
vn -0.2083 -0.5297 0.8222
vn -0.2567 -0.5434 0.7993
vn 0.9400 -0.3411 -0.0019
vn 0.9173 -0.3982 0.0020
vn 0.1867 0.5712 -0.7993
vn 0.2125 0.5280 -0.8222
vn 0.1828 -0.7978 -0.5746
vn 0.2228 -0.7634 -0.6063
vn 0.3397 0.7190 0.6063
vn 0.3056 0.7593 0.5745
vn -0.9669 0.2551 -0.0098
vn -0.9745 0.2240 0.0099
vn -0.2819 -0.9035 -0.3229
vn -0.2607 -0.9178 -0.2995
vn 0.9690 -0.2463 -0.0186
vn 0.9724 -0.2328 0.0186
vn 0.1963 0.9337 0.2996
vn 0.1712 0.9309 0.3226
vn -0.9730 0.2305 -0.0100
vn -0.9799 0.1992 0.0098
vn -0.2586 -0.9104 -0.3229
vn -0.2372 -0.9241 -0.2997
vn 0.9750 -0.2216 -0.0186
vn 0.9780 -0.2080 0.0186
vn 0.1723 0.9384 0.2996
vn 0.1471 0.9349 0.3229
vn -0.9786 0.2056 -0.0098
vn -0.9847 0.1740 0.0100
vn -0.2353 -0.9168 -0.3228
vn -0.2137 -0.9298 -0.2997
vn 0.9803 -0.1966 -0.0187
vn 0.9830 -0.1829 0.0186
vn 0.1483 0.9424 0.2998
vn 0.1234 0.9384 0.3228
vn -0.9835 0.1806 -0.0100
vn -0.9888 0.1489 0.0099
vn -0.2120 -0.9224 -0.3230
vn -0.1899 -0.9349 -0.2997
vn 0.9850 -0.1716 -0.0185
vn 0.9873 -0.1579 0.0185
vn 0.1244 0.9459 0.2997
vn 0.0993 0.9412 0.3229
vn -0.9878 0.1554 -0.0098
vn -0.9923 0.1236 0.0099
vn -0.1884 -0.9275 -0.3228
vn -0.1661 -0.9394 -0.2998
vn 0.9890 -0.1466 -0.0185
vn 0.9910 -0.1328 0.0187
vn 0.1004 0.9488 0.2994
vn 0.0753 0.9434 0.3229
vn -0.9914 0.1303 -0.0100
vn -0.9951 0.0983 0.0099
vn -0.1647 -0.9320 -0.3230
vn -0.1420 -0.9434 -0.2997
vn 0.9924 -0.1213 -0.0187
vn 0.9940 -0.1074 0.0186
vn 0.0763 0.9510 0.2996
vn 0.0513 0.9450 0.3229
vn -0.9944 0.1049 -0.0099
vn -0.9973 0.0731 0.0098
vn -0.1408 -0.9360 -0.3227
vn -0.1181 -0.9466 -0.2999
vn 0.9952 -0.0960 -0.0185
vn 0.9965 -0.0820 0.0187
vn 0.0517 0.9527 0.2996
vn 0.0273 0.9461 0.3228
vn -0.9968 0.0797 -0.0099
vn -0.9988 0.0477 0.0099
vn -0.1170 -0.9392 -0.3229
vn -0.0939 -0.9494 -0.2998
vn 0.9973 -0.0706 -0.0186
vn 0.9982 -0.0567 0.0186
vn 0.0275 0.9537 0.2996
vn 0.0034 0.9465 0.3227
vn -0.9985 0.0543 -0.0098
vn -0.9997 0.0222 0.0100
vn -0.0931 -0.9419 -0.3229
vn -0.0695 -0.9516 -0.2994
vn 0.9988 -0.0452 -0.0186
vn 0.9993 -0.0313 0.0185
vn 0.0031 0.9540 0.2997
vn -0.0210 0.9462 0.3230
vn -0.9995 0.0289 -0.0099
vn -0.9999 -0.0034 0.0100
vn -0.0689 -0.9440 -0.3228
vn -0.0454 -0.9529 -0.2997
vn 0.9996 -0.0198 -0.0186
vn 0.9998 -0.0058 0.0187
vn -0.0210 0.9538 0.2996
vn -0.0450 0.9453 0.3230
vn 0.0950 0.3046 -0.9477
vn 0.0609 0.2897 -0.9552
vn -0.0141 -0.2956 0.9552
vn 0.0152 -0.3187 0.9477
vn -0.9320 0.3624 -0.0000
vn -0.0000 -0.0000 -1.0000
vn 0.9320 -0.3625 -0.0000
vn -0.0000 -0.0000 1.0000
vn -0.9587 0.2845 -0.0000
vn 0.9587 -0.2845 -0.0000
vn -0.9788 0.2046 -0.0000
vn 0.9788 -0.2046 -0.0000
vn -0.9924 0.1232 -0.0000
vn 0.9924 -0.1233 -0.0000
vn -0.9992 0.0412 -0.0000
vn 0.9991 -0.0412 -0.0000
vn 0.9992 -0.0412 -0.0000
vn -0.9992 -0.0412 -0.0000
vn 0.9991 0.0412 -0.0000
vn 0.9992 0.0412 -0.0000
vn -0.9924 -0.1232 -0.0000
vn 0.9924 0.1233 -0.0000
vn -0.9788 -0.2046 -0.0000
vn 0.9788 0.2046 -0.0000
vn -0.9587 -0.2845 -0.0000
vn 0.9587 0.2845 -0.0000
vn -0.9320 -0.3624 -0.0000
vn 0.9320 0.3625 -0.0000
vn 0.4006 0.9162 -0.0000
vn 0.4006 -0.9162 -0.0000
vn -0.8552 -0.5183 -0.0025
vn -0.8559 -0.5171 -0.0034
vn -0.8535 -0.5210 0.0015
vn -0.8564 -0.5163 -0.0042
vn -0.5649 0.8216 0.0770
vn -0.5697 0.8176 0.0831
vn -0.5710 0.8168 0.0823
vn -0.5649 0.8217 0.0759
vn 0.8535 0.5210 0.0015
vn 0.8554 0.5179 -0.0043
vn 0.8553 0.5181 -0.0026
vn 0.8556 0.5176 -0.0050
vn 0.4699 -0.8794 -0.0770
vn 0.4644 -0.8818 -0.0826
vn 0.4692 -0.8798 -0.0758
vn 0.4638 -0.8821 -0.0822
vn -0.8551 -0.5184 0.0107
vn -0.8680 -0.4965 -0.0104
vn -0.5496 0.7988 0.2445
vn -0.5340 0.8147 0.2260
vn 0.8572 0.5148 0.0166
vn 0.8637 0.5038 -0.0159
vn 0.4533 -0.8622 -0.2261
vn 0.4357 -0.8662 -0.2445
vn -0.8640 -0.5034 0.0135
vn -0.8854 -0.4646 -0.0128
vn -0.5027 0.7670 0.3988
vn -0.4801 0.7947 0.3715
vn 0.8702 0.4920 0.0276
vn 0.8761 0.4815 -0.0257
vn 0.4172 -0.8294 -0.3715
vn 0.3877 -0.8311 -0.3988
vn -0.8791 -0.4765 0.0128
vn -0.9063 -0.4225 -0.0117
vn -0.4349 0.7199 0.5409
vn -0.4076 0.7578 0.5096
vn 0.8898 0.4549 0.0361
vn 0.8922 0.4505 -0.0329
vn 0.3638 -0.7797 -0.5096
vn 0.3247 -0.7758 -0.5410
vn -0.8996 -0.4366 0.0090
vn -0.9284 -0.3716 -0.0078
vn -0.3528 0.6558 0.6675
vn -0.3224 0.7007 0.6364
vn 0.9136 0.4045 0.0405
vn 0.9114 0.4100 -0.0355
vn 0.2977 -0.7114 -0.6366
vn 0.2529 -0.7004 -0.6675
vn -0.9241 -0.3821 0.0032
vn -0.9494 -0.3142 -0.0025
vn -0.9494 -0.3141 -0.0026
vn -0.9494 -0.3140 -0.0027
vn -0.2639 0.5736 0.7755
vn -0.2325 0.6203 0.7491
vn 0.9385 0.3428 0.0405
vn 0.9327 0.3591 -0.0338
vn 0.2249 -0.6230 -0.7492
vn 0.1793 -0.6052 -0.7756
vn -0.9679 -0.2512 0.0021
vn -0.1771 0.4724 0.8634
vn -0.1465 0.5155 0.8443
vn 0.9615 0.2725 0.0358
vn 0.9545 0.2969 -0.0277
vn 0.1521 -0.5137 -0.8444
vn 0.1113 -0.4919 -0.8635
vn -0.9723 -0.2336 -0.0069
vn -0.9830 -0.1837 0.0047
vn -0.1004 0.3534 0.9301
vn -0.0739 0.3873 0.9190
vn 0.9801 0.1964 0.0277
vn 0.9746 0.2232 -0.0188
vn 0.0869 -0.3844 -0.9191
vn 0.0554 -0.3630 -0.9301
vn -0.9896 -0.1434 -0.0081
vn -0.9936 -0.1129 0.0041
vn -0.0418 0.2192 0.9748
vn -0.0230 0.2401 0.9705
vn 0.9929 0.1178 0.0177
vn 0.9902 0.1394 -0.0089
vn 0.0364 -0.2385 -0.9705
vn 0.0170 -0.2224 -0.9748
vn -0.9989 -0.0475 -0.0052
vn -0.9992 -0.0396 -0.0006
vn -0.9988 -0.0482 -0.0059
vn -0.9993 -0.0382 -0.0000
vn -0.0001 0.0806 0.9967
vn -0.0064 0.0743 0.9972
vn -0.0071 0.0746 0.9972
vn -0.0000 0.0813 0.9967
vn 0.9992 0.0398 0.0069
vn 0.9989 0.0470 0.0002
vn 0.9992 0.0389 0.0079
vn 0.9989 0.0478 -0.0000
vn 0.0061 -0.0807 -0.9967
vn 0.0032 -0.0780 -0.9970
vn 0.0062 -0.0810 -0.9967
vn -0.0000 -0.0748 -0.9972
vn -0.9989 0.0469 -0.0005
vn -0.9992 0.0400 -0.0063
vn -0.9989 0.0477 -0.0000
vn -0.9992 0.0388 -0.0073
vn -0.0076 -0.0803 0.9967
vn -0.0007 -0.0746 0.9972
vn -0.0000 -0.0749 0.9972
vn -0.0078 -0.0810 0.9967
vn 0.9992 -0.0394 0.0007
vn 0.9988 -0.0476 0.0060
vn 0.9993 -0.0383 -0.0000
vn 0.9988 -0.0482 0.0063
vn 0.0002 0.0810 -0.9967
vn 0.0028 0.0780 -0.9970
vn -0.0000 0.0812 -0.9967
vn 0.0057 0.0746 -0.9972
vn -0.9902 0.1394 0.0082
vn -0.9929 0.1179 -0.0161
vn -0.0213 -0.2221 0.9748
vn -0.0452 -0.2370 0.9705
vn 0.9936 -0.1128 -0.0044
vn 0.9896 -0.1434 0.0089
vn 0.0184 0.2406 -0.9705
vn 0.0336 0.2205 -0.9748
vn -0.9746 0.2234 0.0175
vn -0.9802 0.1964 -0.0256
vn -0.0689 -0.3609 0.9301
vn -0.1078 -0.3792 0.9190
vn 0.9830 -0.1838 -0.0051
vn 0.9724 -0.2334 0.0075
vn 0.0594 0.3896 -0.9191
vn 0.0810 0.3581 -0.9301
vn -0.9546 0.2969 0.0255
vn -0.9616 0.2725 -0.0330
vn -0.1379 -0.4853 0.8634
vn -0.1881 -0.5018 0.8443
vn 0.9679 -0.2512 -0.0023
vn 0.9494 -0.3140 0.0029
vn 0.9494 -0.3140 0.0028
vn 0.9494 -0.3141 0.0028
vn 0.1182 0.5225 -0.8444
vn 0.1432 0.4836 -0.8635
vn -0.9328 0.3591 0.0311
vn -0.9386 0.3429 -0.0372
vn -0.2216 -0.5912 0.7755
vn -0.2769 -0.6018 0.7491
vn 0.9241 -0.3822 -0.0035
vn 0.1881 0.6351 -0.7492
vn 0.2144 0.5937 -0.7756
vn -0.9114 0.4101 0.0329
vn -0.9137 0.4046 -0.0375
vn -0.3113 -0.6765 0.6675
vn -0.3654 -0.6793 0.6364
vn 0.9283 -0.3717 0.0084
vn 0.8997 -0.4364 -0.0097
vn 0.2619 0.7254 -0.6366
vn 0.2874 0.6869 -0.6675
vn -0.8922 0.4505 0.0300
vn -0.8899 0.4549 -0.0331
vn -0.3984 -0.7407 0.5409
vn -0.4449 -0.7365 0.5096
vn 0.9063 -0.4224 0.0126
vn 0.8791 -0.4765 -0.0138
vn 0.3322 0.7937 -0.5096
vn 0.3556 0.7621 -0.5410
vn -0.8761 0.4815 0.0238
vn -0.8702 0.4920 -0.0253
vn -0.4742 -0.7849 0.3988
vn -0.5089 -0.7765 0.3716
vn 0.8854 -0.4647 0.0140
vn 0.8639 -0.5035 -0.0148
vn 0.3925 0.8413 -0.3715
vn 0.4121 0.8192 -0.3988
vn -0.8637 0.5038 0.0146
vn -0.8572 0.5147 -0.0153
vn -0.5315 -0.8110 0.2445
vn -0.5522 -0.8025 0.2260
vn 0.8680 -0.4965 0.0113
vn 0.8550 -0.5184 -0.0117
vn 0.4377 0.8702 -0.2261
vn 0.4512 0.8583 -0.2445
vn -0.8554 0.5180 0.0043
vn -0.8535 0.5210 -0.0015
vn -0.8556 0.5175 0.0047
vn -0.8552 0.5183 0.0025
vn -0.5704 -0.8179 0.0753
vn -0.5649 -0.8212 0.0815
vn -0.5649 -0.8210 0.0823
vn -0.5713 -0.8172 0.0758
vn 0.8559 -0.5171 0.0034
vn 0.8553 -0.5181 0.0026
vn 0.8563 -0.5164 0.0045
vn 0.8535 -0.5210 -0.0015
vn 0.4632 0.8829 -0.0772
vn 0.4682 0.8797 -0.0827
vn 0.4640 0.8826 -0.0758
vn 0.4690 0.8794 -0.0822
vn -0.8559 0.5171 0.0034
vn -0.8564 0.5163 0.0042
vn -0.5649 -0.8216 -0.0770
vn -0.5697 -0.8176 -0.0831
vn -0.5708 -0.8170 -0.0824
vn -0.5652 -0.8215 -0.0758
vn 0.8554 -0.5179 0.0043
vn 0.8556 -0.5176 0.0050
vn 0.4699 0.8794 0.0770
vn 0.4644 0.8818 0.0826
vn 0.4692 0.8798 0.0758
vn 0.4636 0.8822 0.0825
vn -0.8551 0.5184 -0.0107
vn -0.8680 0.4965 0.0104
vn -0.5496 -0.7988 -0.2445
vn -0.5340 -0.8147 -0.2260
vn 0.8572 -0.5148 -0.0166
vn 0.8637 -0.5038 0.0159
vn 0.4533 0.8622 0.2261
vn 0.4357 0.8662 0.2445
vn -0.8639 0.5035 -0.0138
vn -0.8854 0.4646 0.0128
vn -0.5027 -0.7670 -0.3987
vn -0.4801 -0.7947 -0.3715
vn 0.8702 -0.4920 -0.0276
vn 0.8761 -0.4815 0.0257
vn 0.4172 0.8294 0.3715
vn 0.3877 0.8311 0.3988
vn -0.8791 0.4765 -0.0128
vn -0.9063 0.4225 0.0117
vn -0.4349 -0.7199 -0.5409
vn -0.4076 -0.7578 -0.5096
vn 0.8898 -0.4549 -0.0361
vn 0.8922 -0.4505 0.0329
vn 0.3638 0.7797 0.5096
vn 0.3247 0.7758 0.5410
vn -0.8996 0.4366 -0.0090
vn -0.9284 0.3716 0.0078
vn -0.3528 -0.6558 -0.6675
vn -0.3224 -0.7007 -0.6364
vn 0.9136 -0.4045 -0.0405
vn 0.9114 -0.4100 0.0355
vn 0.2977 0.7114 0.6366
vn 0.2529 0.7004 0.6675
vn -0.9241 0.3821 -0.0032
vn -0.9494 0.3142 0.0025
vn -0.9494 0.3141 0.0026
vn -0.9494 0.3140 0.0027
vn -0.2639 -0.5736 -0.7755
vn -0.2325 -0.6203 -0.7491
vn 0.9385 -0.3428 -0.0405
vn 0.9327 -0.3591 0.0338
vn 0.2249 0.6230 0.7492
vn 0.1793 0.6052 0.7756
vn -0.9679 0.2512 -0.0021
vn -0.1771 -0.4724 -0.8634
vn -0.1465 -0.5155 -0.8443
vn 0.9615 -0.2725 -0.0358
vn 0.9545 -0.2969 0.0277
vn 0.1521 0.5137 0.8444
vn 0.1113 0.4919 0.8635
vn -0.9723 0.2336 0.0069
vn -0.9829 0.1840 -0.0046
vn -0.1004 -0.3534 -0.9301
vn -0.0739 -0.3873 -0.9190
vn 0.9801 -0.1964 -0.0277
vn 0.9746 -0.2232 0.0188
vn 0.0869 0.3844 0.9191
vn 0.0554 0.3630 0.9301
vn -0.9896 0.1434 0.0081
vn -0.9936 0.1129 -0.0041
vn -0.0418 -0.2192 -0.9748
vn -0.0230 -0.2401 -0.9705
vn 0.9929 -0.1178 -0.0177
vn 0.9902 -0.1394 0.0089
vn 0.0364 0.2385 0.9705
vn 0.0170 0.2224 0.9748
vn -0.9989 0.0475 0.0052
vn -0.9992 0.0396 0.0006
vn -0.9988 0.0482 0.0059
vn -0.9993 0.0382 -0.0000
vn -0.0001 -0.0806 -0.9967
vn -0.0064 -0.0743 -0.9972
vn -0.0071 -0.0746 -0.9972
vn -0.0000 -0.0813 -0.9967
vn 0.9992 -0.0398 -0.0069
vn 0.9989 -0.0470 -0.0002
vn 0.9992 -0.0389 -0.0079
vn 0.9989 -0.0478 -0.0000
vn 0.0061 0.0807 0.9967
vn 0.0032 0.0780 0.9970
vn 0.0062 0.0810 0.9967
vn -0.0000 0.0748 0.9972
vn -0.9989 -0.0469 0.0005
vn -0.9992 -0.0400 0.0063
vn -0.9989 -0.0477 -0.0000
vn -0.9992 -0.0388 0.0073
vn -0.0076 0.0803 -0.9967
vn -0.0007 0.0746 -0.9972
vn -0.0000 0.0749 -0.9972
vn -0.0078 0.0810 -0.9967
vn 0.9992 0.0394 -0.0007
vn 0.9988 0.0476 -0.0060
vn 0.9993 0.0383 -0.0000
vn 0.9988 0.0482 -0.0063
vn 0.0002 -0.0810 0.9967
vn 0.0028 -0.0780 0.9970
vn -0.0000 -0.0812 0.9967
vn 0.0057 -0.0746 0.9972
vn -0.9902 -0.1394 -0.0082
vn -0.9929 -0.1179 0.0161
vn -0.0213 0.2221 -0.9748
vn -0.0452 0.2370 -0.9705
vn 0.9936 0.1128 0.0044
vn 0.9896 0.1434 -0.0089
vn 0.0184 -0.2406 0.9705
vn 0.0336 -0.2205 0.9748
vn -0.9746 -0.2234 -0.0175
vn -0.9802 -0.1964 0.0256
vn -0.0689 0.3609 -0.9301
vn -0.1078 0.3792 -0.9190
vn 0.9830 0.1838 0.0051
vn 0.9724 0.2334 -0.0075
vn 0.0594 -0.3896 0.9191
vn 0.0810 -0.3581 0.9301
vn -0.9546 -0.2969 -0.0255
vn -0.9616 -0.2725 0.0330
vn -0.1379 0.4853 -0.8634
vn -0.1881 0.5018 -0.8443
vn 0.9679 0.2512 0.0023
vn 0.9494 0.3140 -0.0029
vn 0.9494 0.3140 -0.0028
vn 0.9494 0.3141 -0.0028
vn 0.1182 -0.5225 0.8444
vn 0.1432 -0.4836 0.8635
vn -0.9328 -0.3591 -0.0311
vn -0.9386 -0.3429 0.0372
vn -0.2216 0.5912 -0.7755
vn -0.2769 0.6018 -0.7491
vn 0.9241 0.3822 0.0035
vn 0.1881 -0.6351 0.7492
vn 0.2144 -0.5937 0.7756
vn -0.9114 -0.4101 -0.0329
vn -0.9137 -0.4046 0.0375
vn -0.3113 0.6765 -0.6675
vn -0.3654 0.6793 -0.6364
vn 0.9283 0.3717 -0.0084
vn 0.8997 0.4364 0.0097
vn 0.2619 -0.7254 0.6366
vn 0.2874 -0.6869 0.6675
vn -0.8923 -0.4505 -0.0300
vn -0.8899 -0.4549 0.0331
vn -0.3984 0.7407 -0.5409
vn -0.4449 0.7365 -0.5096
vn 0.9063 0.4224 -0.0126
vn 0.8790 0.4767 0.0140
vn 0.3322 -0.7937 0.5096
vn 0.3556 -0.7621 0.5410
vn -0.8761 -0.4815 -0.0238
vn -0.8702 -0.4920 0.0253
vn -0.4742 0.7849 -0.3988
vn -0.5089 0.7765 -0.3716
vn 0.8854 0.4647 -0.0140
vn 0.8639 0.5035 0.0148
vn 0.3925 -0.8413 0.3715
vn 0.4121 -0.8192 0.3988
vn -0.8637 -0.5038 -0.0146
vn -0.8572 -0.5147 0.0153
vn -0.5315 0.8110 -0.2445
vn -0.5522 0.8025 -0.2260
vn 0.8680 0.4965 -0.0113
vn 0.8550 0.5184 0.0117
vn 0.4377 -0.8702 0.2261
vn 0.4512 -0.8583 0.2445
vn -0.8554 -0.5180 -0.0043
vn -0.8556 -0.5175 -0.0047
vn -0.5704 0.8179 -0.0753
vn -0.5649 0.8212 -0.0815
vn -0.5649 0.8210 -0.0823
vn -0.5713 0.8172 -0.0758
vn 0.8559 0.5171 -0.0034
vn 0.8563 0.5164 -0.0045
vn 0.4632 -0.8829 0.0772
vn 0.4682 -0.8797 0.0827
vn 0.4640 -0.8826 0.0758
vn 0.4690 -0.8794 0.0822
vn 0.9998 0.0058 -0.0171
vn 0.9997 0.0198 0.0173
vn 0.0450 -0.9454 -0.3228
vn 0.0694 -0.9515 -0.2997
vn -0.9999 0.0033 -0.0108
vn -0.9995 -0.0289 0.0108
vn 0.0454 0.9530 0.2996
vn 0.0208 0.9462 0.3230
vn 0.9994 0.0313 -0.0170
vn 0.9988 0.0452 0.0172
vn 0.0689 -0.9439 -0.3229
vn 0.0939 -0.9495 -0.2994
vn -0.9997 -0.0222 -0.0108
vn -0.9985 -0.0542 0.0107
vn 0.0210 0.9538 0.2997
vn -0.0034 0.9464 0.3230
vn 0.9982 0.0567 -0.0171
vn 0.9974 0.0706 0.0171
vn 0.0931 -0.9418 -0.3229
vn 0.1179 -0.9467 -0.2998
vn -0.9988 -0.0476 -0.0107
vn -0.9968 -0.0796 0.0107
vn -0.0031 0.9540 0.2996
vn -0.0273 0.9460 0.3230
vn 0.9965 0.0821 -0.0171
vn 0.9952 0.0959 0.0170
vn 0.1170 -0.9392 -0.3227
vn 0.1420 -0.9435 -0.2995
vn -0.9973 -0.0730 -0.0107
vn -0.9944 -0.1050 0.0108
vn -0.0275 0.9537 0.2996
vn -0.0513 0.9451 0.3228
vn 0.9941 0.1075 -0.0170
vn 0.9925 0.1212 0.0171
vn 0.1408 -0.9359 -0.3230
vn 0.1660 -0.9395 -0.2997
vn -0.9951 -0.0983 -0.0108
vn -0.9914 -0.1303 0.0107
vn -0.0517 0.9526 0.2997
vn -0.0757 0.9434 0.3228
vn 0.9910 0.1326 -0.0170
vn 0.9891 0.1464 0.0172
vn 0.1647 -0.9320 -0.3228
vn 0.1899 -0.9350 -0.2995
vn -0.9923 -0.1238 -0.0106
vn -0.9878 -0.1556 0.0109
vn -0.0761 0.9510 0.2997
vn -0.0996 0.9412 0.3229
vn 0.9873 0.1579 -0.0172
vn 0.9850 0.1717 0.0171
vn 0.1884 -0.9275 -0.3230
vn 0.2137 -0.9298 -0.2997
vn -0.9888 -0.1490 -0.0107
vn -0.9835 -0.1805 0.0107
vn -0.1004 0.9488 0.2997
vn -0.1234 0.9384 0.3228
vn 0.9830 0.1830 -0.0171
vn 0.9803 0.1967 0.0172
vn 0.2120 -0.9224 -0.3228
vn 0.2372 -0.9241 -0.2997
vn -0.9847 -0.1740 -0.0108
vn -0.9786 -0.2056 0.0107
vn -0.1244 0.9459 0.2998
vn -0.1474 0.9349 0.3229
vn 0.9780 0.2080 -0.0172
vn 0.9750 0.2215 0.0173
vn 0.2353 -0.9167 -0.3229
vn 0.2606 -0.9178 -0.2997
vn -0.9799 -0.1991 -0.0107
vn -0.9730 -0.2305 0.0108
vn -0.1483 0.9425 0.2996
vn -0.1709 0.9309 0.3229
vn 0.9724 0.2328 -0.0170
vn 0.9690 0.2463 0.0172
vn 0.2586 -0.9104 -0.3229
vn 0.2838 -0.9108 -0.2998
vn -0.9745 -0.2240 -0.0108
vn -0.9668 -0.2551 0.0107
vn -0.1723 0.9384 0.2996
vn -0.1948 0.9261 0.3230
vn -0.0882 0.2826 -0.9552
vn -0.0657 0.3122 -0.9477
vn 0.9173 0.3983 -0.0019
vn 0.9401 0.3409 0.0018
vn 0.9415 0.3370 -0.0014
vn 0.9403 0.3403 0.0011
vn 0.2432 -0.5146 0.8222
vn 0.2200 -0.5593 0.7992
vn -0.9315 -0.3624 0.0313
vn -0.9258 -0.3768 -0.0313
vn -0.2246 0.5578 -0.7990
vn -0.1771 0.5413 -0.8220
vn 0.9418 0.3361 -0.0018
vn 0.9607 0.2777 0.0019
vn 0.9619 0.2735 -0.0012
vn 0.9609 0.2768 0.0012
vn 0.2084 -0.5299 0.8221
vn 0.1823 -0.5728 0.7992
vn -0.9536 -0.2995 0.0314
vn -0.9488 -0.3142 -0.0315
vn -0.1868 0.5714 -0.7991
vn -0.1405 0.5518 -0.8221
vn 0.9621 0.2726 -0.0019
vn 0.9770 0.2131 0.0018
vn 0.9780 0.2088 -0.0011
vn 0.9772 0.2121 0.0013
vn 0.1727 -0.5425 0.8221
vn 0.1438 -0.5837 0.7992
vn -0.9714 -0.2353 0.0314
vn -0.9676 -0.2504 -0.0314
vn -0.1484 0.5825 -0.7992
vn -0.1034 0.5598 -0.8222
vn 0.9781 0.2080 -0.0019
vn 0.9891 0.1474 0.0018
vn 0.9897 0.1431 -0.0012
vn 0.9892 0.1466 0.0012
vn 0.1362 -0.5527 0.8221
vn 0.1045 -0.5920 0.7991
vn -0.9849 -0.1702 0.0314
vn -0.9822 -0.1854 -0.0312
vn -0.1092 0.5911 -0.7992
vn -0.0659 0.5655 -0.8221
vn 0.9898 0.1423 -0.0019
vn 0.9967 0.0812 0.0018
vn 0.9970 0.0769 -0.0012
vn 0.9968 0.0804 0.0012
vn 0.0989 -0.5607 0.8221
vn 0.0649 -0.5975 0.7992
vn -0.9941 -0.1040 0.0315
vn -0.9924 -0.1194 -0.0313
vn -0.0696 0.5970 -0.7992
vn -0.0281 0.5686 -0.8221
vn 0.9971 0.0761 -0.0018
vn 0.9999 0.0147 0.0018
vn 0.9999 0.0103 -0.0012
vn 0.9999 0.0137 0.0012
vn 0.0615 -0.5659 0.8222
vn 0.0249 -0.6006 0.7992
vn -0.9988 -0.0377 0.0312
vn -0.9981 -0.0531 -0.0313
vn -0.0297 0.6004 -0.7991
vn 0.0099 0.5692 -0.8221
vn 1.0000 0.0094 -0.0018
vn 0.9986 -0.0520 0.0018
vn 0.9984 -0.0564 -0.0011
vn 0.9986 -0.0529 0.0013
vn 0.0236 -0.5688 0.8221
vn -0.0153 -0.6010 0.7991
vn -0.9991 0.0290 0.0314
vn -0.9994 0.0136 -0.0313
vn 0.0105 0.6010 -0.7992
vn 0.0478 0.5673 -0.8221
vn 0.9983 -0.0574 -0.0019
vn 0.9929 -0.1185 0.0019
vn 0.9924 -0.1227 -0.0013
vn 0.9929 -0.1193 0.0011
vn -0.0145 -0.5691 0.8221
vn -0.0552 -0.5985 0.7992
vn -0.9949 0.0955 0.0313
vn -0.9963 0.0801 -0.0313
vn 0.0505 0.5990 -0.7991
vn 0.0855 0.5629 -0.8221
vn 0.9923 -0.1236 -0.0017
vn 0.9829 -0.1842 0.0019
vn 0.9821 -0.1886 -0.0011
vn 0.9827 -0.1852 0.0013
vn -0.0523 -0.5669 0.8221
vn -0.0950 -0.5936 0.7991
vn -0.9864 0.1616 0.0313
vn -0.9887 0.1464 -0.0313
vn 0.0903 0.5943 -0.7992
vn 0.1228 0.5559 -0.8221
vn 0.9819 -0.1895 -0.0019
vn 0.9684 -0.2495 0.0018
vn -0.0899 -0.5620 0.8222
vn -0.1342 -0.5858 0.7993
vn -0.9734 0.2269 0.0313
vn -0.9768 0.2119 -0.0314
vn 0.1296 0.5868 -0.7993
vn 0.1595 0.5464 -0.8222
vn -0.3496 0.7400 0.5745
vn -0.2970 0.7377 0.6063
vn -0.1776 -0.7751 -0.6063
vn -0.2293 -0.7857 -0.5746
vn 0.9769 0.2120 0.0288
vn 0.9735 0.2270 -0.0289
vn -0.1271 0.5548 0.8222
vn -0.0950 0.5934 0.7993
vn -0.9684 -0.2494 -0.0020
vn -0.9819 -0.1894 0.0019
vn -0.9827 -0.1852 -0.0014
vn -0.9820 -0.1887 0.0014
vn 0.1686 -0.5771 -0.7991
vn 0.1227 -0.5558 -0.8222
vn 0.9888 0.1463 0.0288
vn 0.9865 0.1615 -0.0286
vn -0.0900 0.5622 0.8221
vn -0.0552 0.5986 0.7991
vn -0.9828 -0.1844 -0.0019
vn -0.9923 -0.1236 0.0020
vn -0.9929 -0.1193 -0.0014
vn -0.9924 -0.1229 0.0014
vn 0.1296 -0.5870 -0.7992
vn 0.0855 -0.5629 -0.8221
vn 0.9964 0.0802 0.0286
vn 0.9950 0.0955 -0.0289
vn -0.0523 0.5669 0.8221
vn -0.0153 0.6008 0.7992
vn -0.9930 -0.1185 -0.0019
vn -0.9984 -0.0572 0.0020
vn -0.9986 -0.0529 -0.0014
vn -0.9984 -0.0565 0.0013
vn 0.0903 -0.5943 -0.7991
vn 0.0478 -0.5673 -0.8221
vn 0.9995 0.0136 0.0288
vn 0.9992 0.0290 -0.0288
vn -0.0145 0.5691 0.8221
vn 0.0249 0.6007 0.7991
vn -0.9986 -0.0520 -0.0019
vn -1.0000 0.0095 0.0020
vn -0.9999 0.0138 -0.0015
vn -0.9999 0.0102 0.0012
vn 0.0505 -0.5990 -0.7992
vn 0.0099 -0.5692 -0.8221
vn 0.9982 -0.0531 0.0288
vn 0.9989 -0.0377 -0.0288
vn 0.0236 0.5688 0.8222
vn 0.0649 0.5976 0.7992
vn -0.9999 0.0148 -0.0020
vn -0.9971 0.0761 0.0019
vn -0.9968 0.0804 -0.0013
vn -0.9970 0.0768 0.0014
vn 0.0105 -0.6011 -0.7991
vn -0.0281 -0.5686 -0.8221
vn 0.9924 -0.1194 0.0288
vn 0.9942 -0.1041 -0.0289
vn 0.0615 0.5660 0.8221
vn 0.1045 0.5919 0.7992
vn -0.9967 0.0811 -0.0019
vn -0.9898 0.1424 0.0021
vn -0.9892 0.1465 -0.0015
vn -0.9897 0.1430 0.0012
vn -0.0297 -0.6004 -0.7992
vn -0.0659 -0.5655 -0.8221
vn 0.9823 -0.1853 0.0288
vn 0.9850 -0.1701 -0.0289
vn 0.0989 0.5606 0.8221
vn 0.1438 0.5837 0.7991
vn -0.9891 0.1475 -0.0019
vn -0.9781 0.2080 0.0020
vn -0.9772 0.2122 -0.0015
vn -0.9780 0.2086 0.0012
vn -0.0696 -0.5971 -0.7992
vn -0.1034 -0.5599 -0.8221
vn 0.9677 -0.2503 0.0287
vn 0.9715 -0.2354 -0.0288
vn 0.1362 0.5528 0.8221
vn 0.1824 0.5728 0.7992
vn -0.9770 0.2132 -0.0020
vn -0.9622 0.2725 0.0020
vn -0.9609 0.2770 -0.0011
vn -0.9619 0.2736 0.0017
vn -0.1092 -0.5911 -0.7992
vn -0.1405 -0.5516 -0.8222
vn 0.9489 -0.3143 0.0288
vn 0.9536 -0.2996 -0.0287
vn 0.1727 0.5425 0.8221
vn 0.2200 0.5594 0.7992
vn -0.9607 0.2775 -0.0020
vn -0.9419 0.3360 0.0021
vn -0.9403 0.3403 -0.0015
vn -0.9415 0.3369 0.0013
vn -0.1484 -0.5825 -0.7991
vn -0.1769 -0.5412 -0.8221
vn 0.9259 -0.3768 0.0289
vn 0.9315 -0.3625 -0.0287
vn 0.2083 0.5297 0.8222
vn 0.2567 0.5434 0.7993
vn -0.9400 0.3411 -0.0019
vn -0.9173 0.3982 0.0020
vn -0.1867 -0.5712 -0.7993
vn -0.2125 -0.5280 -0.8222
vn -0.1828 0.7978 -0.5746
vn -0.2228 0.7634 -0.6063
vn -0.3397 -0.7190 0.6063
vn -0.3056 -0.7593 0.5745
vn 0.9669 -0.2551 -0.0098
vn 0.9745 -0.2240 0.0099
vn 0.2819 0.9035 -0.3229
vn 0.2607 0.9178 -0.2995
vn -0.9690 0.2463 -0.0186
vn -0.9724 0.2328 0.0186
vn -0.1963 -0.9337 0.2996
vn -0.1712 -0.9309 0.3226
vn 0.9730 -0.2305 -0.0100
vn 0.9799 -0.1992 0.0098
vn 0.2586 0.9104 -0.3229
vn 0.2372 0.9241 -0.2997
vn -0.9750 0.2216 -0.0186
vn -0.9780 0.2080 0.0186
vn -0.1723 -0.9384 0.2996
vn -0.1471 -0.9349 0.3229
vn 0.9786 -0.2056 -0.0098
vn 0.9847 -0.1740 0.0100
vn 0.2353 0.9168 -0.3228
vn 0.2137 0.9298 -0.2997
vn -0.9803 0.1966 -0.0187
vn -0.9830 0.1829 0.0186
vn -0.1483 -0.9424 0.2998
vn -0.1234 -0.9384 0.3228
vn 0.9835 -0.1806 -0.0100
vn 0.9888 -0.1489 0.0099
vn 0.2120 0.9224 -0.3230
vn 0.1899 0.9349 -0.2997
vn -0.9850 0.1716 -0.0185
vn -0.9873 0.1579 0.0185
vn -0.1244 -0.9459 0.2997
vn -0.0993 -0.9412 0.3229
vn 0.9878 -0.1554 -0.0098
vn 0.9923 -0.1236 0.0099
vn 0.1884 0.9275 -0.3228
vn 0.1661 0.9394 -0.2998
vn -0.9890 0.1466 -0.0185
vn -0.9910 0.1328 0.0187
vn -0.1004 -0.9488 0.2994
vn -0.0753 -0.9434 0.3229
vn 0.9914 -0.1303 -0.0100
vn 0.9951 -0.0983 0.0099
vn 0.1647 0.9320 -0.3230
vn 0.1420 0.9434 -0.2997
vn -0.9924 0.1213 -0.0187
vn -0.9940 0.1074 0.0186
vn -0.0763 -0.9510 0.2996
vn -0.0513 -0.9450 0.3229
vn 0.9944 -0.1049 -0.0099
vn 0.9973 -0.0731 0.0098
vn 0.1408 0.9360 -0.3227
vn 0.1181 0.9466 -0.2999
vn -0.9952 0.0960 -0.0185
vn -0.9965 0.0820 0.0187
vn -0.0517 -0.9527 0.2996
vn -0.0273 -0.9461 0.3228
vn 0.9968 -0.0797 -0.0099
vn 0.9988 -0.0477 0.0099
vn 0.1170 0.9392 -0.3229
vn 0.0939 0.9494 -0.2998
vn -0.9973 0.0706 -0.0186
vn -0.9982 0.0567 0.0186
vn -0.0275 -0.9537 0.2996
vn -0.0034 -0.9465 0.3227
vn 0.9985 -0.0543 -0.0098
vn 0.9997 -0.0222 0.0100
vn 0.0931 0.9419 -0.3229
vn 0.0695 0.9516 -0.2994
vn -0.9988 0.0452 -0.0186
vn -0.9993 0.0313 0.0185
vn -0.0031 -0.9540 0.2997
vn 0.0210 -0.9462 0.3230
vn 0.9995 -0.0289 -0.0099
vn 0.9999 0.0034 0.0100
vn 0.0689 0.9440 -0.3228
vn 0.0454 0.9529 -0.2997
vn -0.9996 0.0198 -0.0186
vn -0.9998 0.0058 0.0187
vn 0.0210 -0.9538 0.2996
vn 0.0450 -0.9453 0.3230
vn -0.0950 -0.3046 -0.9477
vn -0.0609 -0.2897 -0.9552
vn 0.9320 -0.3624 -0.0000
vn -0.9320 0.3625 -0.0000
vn 0.9924 -0.1232 -0.0000
vn -0.9924 0.1233 -0.0000
vn 0.9924 0.1232 -0.0000
vn -0.9924 -0.1233 -0.0000
vn 0.9320 0.3624 -0.0000
vn -0.9320 -0.3625 -0.0000
vn -0.4006 -0.9162 -0.0000
vn -0.4006 0.9162 -0.0000
vn 0.8552 0.5183 -0.0025
vn 0.8564 0.5163 -0.0042
vn 0.5649 -0.8216 0.0770
vn 0.5697 -0.8176 0.0831
vn 0.5710 -0.8168 0.0823
vn 0.5649 -0.8217 0.0759
vn -0.8554 -0.5179 -0.0043
vn -0.8553 -0.5181 -0.0026
vn -0.8556 -0.5176 -0.0050
vn -0.4699 0.8794 -0.0770
vn -0.4644 0.8818 -0.0826
vn -0.4692 0.8798 -0.0758
vn -0.4638 0.8821 -0.0822
vn 0.8551 0.5184 0.0107
vn 0.8680 0.4965 -0.0104
vn 0.5496 -0.7988 0.2445
vn 0.5340 -0.8147 0.2260
vn -0.8572 -0.5148 0.0166
vn -0.8637 -0.5038 -0.0159
vn -0.4533 0.8622 -0.2261
vn -0.4357 0.8662 -0.2445
vn 0.8640 0.5034 0.0135
vn 0.8854 0.4646 -0.0128
vn 0.5027 -0.7670 0.3988
vn 0.4801 -0.7947 0.3715
vn -0.8702 -0.4920 0.0276
vn -0.8761 -0.4815 -0.0257
vn -0.4172 0.8294 -0.3715
vn -0.3877 0.8311 -0.3988
vn 0.8791 0.4765 0.0128
vn 0.9063 0.4225 -0.0117
vn 0.4349 -0.7199 0.5409
vn 0.4076 -0.7578 0.5096
vn -0.8898 -0.4549 0.0361
vn -0.8922 -0.4505 -0.0329
vn -0.3638 0.7797 -0.5096
vn -0.3247 0.7758 -0.5410
vn 0.8996 0.4366 0.0090
vn 0.9284 0.3716 -0.0078
vn 0.3528 -0.6558 0.6675
vn 0.3224 -0.7007 0.6364
vn -0.9136 -0.4045 0.0405
vn -0.9114 -0.4100 -0.0355
vn -0.2977 0.7114 -0.6366
vn -0.2529 0.7004 -0.6675
vn 0.9241 0.3821 0.0032
vn 0.9494 0.3142 -0.0025
vn 0.9494 0.3141 -0.0026
vn 0.9494 0.3140 -0.0027
vn 0.2639 -0.5736 0.7755
vn 0.2325 -0.6203 0.7491
vn -0.9385 -0.3428 0.0405
vn -0.9327 -0.3591 -0.0338
vn -0.2249 0.6230 -0.7492
vn -0.1793 0.6052 -0.7756
vn 0.9679 0.2512 0.0021
vn 0.1771 -0.4724 0.8634
vn 0.1465 -0.5155 0.8443
vn -0.9615 -0.2725 0.0358
vn -0.9545 -0.2969 -0.0277
vn -0.1521 0.5137 -0.8444
vn -0.1113 0.4919 -0.8635
vn 0.9723 0.2336 -0.0069
vn 0.9830 0.1837 0.0047
vn 0.1004 -0.3534 0.9301
vn 0.0739 -0.3873 0.9190
vn -0.9801 -0.1964 0.0277
vn -0.9746 -0.2232 -0.0188
vn -0.0869 0.3844 -0.9191
vn -0.0554 0.3630 -0.9301
vn 0.9896 0.1434 -0.0081
vn 0.9936 0.1129 0.0041
vn 0.0418 -0.2192 0.9748
vn 0.0230 -0.2401 0.9705
vn -0.9929 -0.1178 0.0177
vn -0.9902 -0.1394 -0.0089
vn -0.0364 0.2385 -0.9705
vn -0.0170 0.2224 -0.9748
vn 0.9989 0.0475 -0.0052
vn 0.9992 0.0396 -0.0006
vn 0.9988 0.0482 -0.0059
vn 0.9993 0.0382 -0.0000
vn 0.0001 -0.0806 0.9967
vn 0.0064 -0.0743 0.9972
vn 0.0071 -0.0746 0.9972
vn -0.0000 -0.0813 0.9967
vn -0.9992 -0.0398 0.0069
vn -0.9989 -0.0470 0.0002
vn -0.9992 -0.0389 0.0079
vn -0.9989 -0.0478 -0.0000
vn -0.0061 0.0807 -0.9967
vn -0.0032 0.0780 -0.9970
vn -0.0062 0.0810 -0.9967
vn -0.0000 0.0748 -0.9972
vn 0.9989 -0.0469 -0.0005
vn 0.9992 -0.0400 -0.0063
vn 0.9989 -0.0477 -0.0000
vn 0.9992 -0.0388 -0.0073
vn 0.0076 0.0803 0.9967
vn 0.0007 0.0746 0.9972
vn -0.0000 0.0749 0.9972
vn 0.0078 0.0810 0.9967
vn -0.9992 0.0394 0.0007
vn -0.9988 0.0476 0.0060
vn -0.9993 0.0383 -0.0000
vn -0.9988 0.0482 0.0063
vn -0.0002 -0.0810 -0.9967
vn -0.0028 -0.0780 -0.9970
vn -0.0000 -0.0812 -0.9967
vn -0.0057 -0.0746 -0.9972
vn 0.9902 -0.1394 0.0082
vn 0.9929 -0.1179 -0.0161
vn 0.0213 0.2221 0.9748
vn 0.0452 0.2370 0.9705
vn -0.9936 0.1128 -0.0044
vn -0.9896 0.1434 0.0089
vn -0.0184 -0.2406 -0.9705
vn -0.0336 -0.2205 -0.9748
vn 0.9746 -0.2234 0.0175
vn 0.9802 -0.1964 -0.0256
vn 0.0689 0.3609 0.9301
vn 0.1078 0.3792 0.9190
vn -0.9830 0.1838 -0.0051
vn -0.9724 0.2334 0.0075
vn -0.0594 -0.3896 -0.9191
vn -0.0810 -0.3581 -0.9301
vn 0.9546 -0.2969 0.0255
vn 0.9616 -0.2725 -0.0330
vn 0.1379 0.4853 0.8634
vn 0.1881 0.5018 0.8443
vn -0.9679 0.2512 -0.0023
vn -0.9494 0.3140 0.0029
vn -0.9494 0.3140 0.0028
vn -0.9494 0.3141 0.0028
vn -0.1182 -0.5225 -0.8444
vn -0.1432 -0.4836 -0.8635
vn 0.9328 -0.3591 0.0311
vn 0.9386 -0.3429 -0.0372
vn 0.2216 0.5912 0.7755
vn 0.2769 0.6018 0.7491
vn -0.9241 0.3822 -0.0035
vn -0.1881 -0.6351 -0.7492
vn -0.2144 -0.5937 -0.7756
vn 0.9114 -0.4101 0.0329
vn 0.9137 -0.4046 -0.0375
vn 0.3113 0.6765 0.6675
vn 0.3654 0.6793 0.6364
vn -0.9283 0.3717 0.0084
vn -0.8997 0.4364 -0.0097
vn -0.2619 -0.7254 -0.6366
vn -0.2874 -0.6869 -0.6675
vn 0.8922 -0.4505 0.0300
vn 0.8899 -0.4549 -0.0331
vn 0.3984 0.7407 0.5409
vn 0.4449 0.7365 0.5096
vn -0.9063 0.4224 0.0126
vn -0.8791 0.4765 -0.0138
vn -0.3322 -0.7937 -0.5096
vn -0.3556 -0.7621 -0.5410
vn 0.8761 -0.4815 0.0238
vn 0.8702 -0.4920 -0.0253
vn 0.4742 0.7849 0.3988
vn 0.5089 0.7765 0.3716
vn -0.8854 0.4647 0.0140
vn -0.8639 0.5035 -0.0148
vn -0.3925 -0.8413 -0.3715
vn -0.4121 -0.8192 -0.3988
vn 0.8637 -0.5038 0.0146
vn 0.8572 -0.5147 -0.0153
vn 0.5315 0.8110 0.2445
vn 0.5522 0.8025 0.2260
vn -0.8680 0.4965 0.0113
vn -0.8550 0.5184 -0.0117
vn -0.4377 -0.8702 -0.2261
vn -0.4512 -0.8583 -0.2445
vn 0.8554 -0.5180 0.0043
vn 0.8556 -0.5175 0.0047
vn 0.8552 -0.5183 0.0025
vn 0.5704 0.8179 0.0753
vn 0.5649 0.8212 0.0815
vn 0.5649 0.8210 0.0823
vn 0.5713 0.8172 0.0758
vn -0.8553 0.5181 0.0026
vn -0.8563 0.5164 0.0045
vn -0.4632 -0.8829 -0.0772
vn -0.4682 -0.8797 -0.0827
vn -0.4640 -0.8826 -0.0758
vn -0.4690 -0.8794 -0.0822
vn 0.8564 -0.5163 0.0042
vn 0.5649 0.8216 -0.0770
vn 0.5697 0.8176 -0.0831
vn 0.5708 0.8170 -0.0824
vn 0.5652 0.8215 -0.0758
vn -0.8554 0.5179 0.0043
vn -0.8556 0.5176 0.0050
vn -0.4699 -0.8794 0.0770
vn -0.4644 -0.8818 0.0826
vn -0.4692 -0.8798 0.0758
vn -0.4636 -0.8822 0.0825
vn 0.8551 -0.5184 -0.0107
vn 0.8680 -0.4965 0.0104
vn 0.5496 0.7988 -0.2445
vn 0.5340 0.8147 -0.2260
vn -0.8572 0.5148 -0.0166
vn -0.8637 0.5038 0.0159
vn -0.4533 -0.8622 0.2261
vn -0.4357 -0.8662 0.2445
vn 0.8639 -0.5035 -0.0138
vn 0.8854 -0.4646 0.0128
vn 0.5027 0.7670 -0.3988
vn 0.4801 0.7947 -0.3715
vn -0.8702 0.4920 -0.0276
vn -0.8761 0.4815 0.0257
vn -0.4172 -0.8294 0.3715
vn -0.3877 -0.8311 0.3988
vn 0.8791 -0.4765 -0.0128
vn 0.9063 -0.4225 0.0117
vn 0.4349 0.7199 -0.5409
vn 0.4076 0.7578 -0.5096
vn -0.8898 0.4549 -0.0361
vn -0.8922 0.4505 0.0329
vn -0.3638 -0.7797 0.5096
vn -0.3247 -0.7758 0.5410
vn 0.8996 -0.4366 -0.0090
vn 0.9284 -0.3716 0.0078
vn 0.3528 0.6558 -0.6675
vn 0.3224 0.7007 -0.6364
vn -0.9136 0.4045 -0.0405
vn -0.9114 0.4100 0.0355
vn -0.2977 -0.7114 0.6366
vn -0.2529 -0.7004 0.6675
vn 0.9241 -0.3821 -0.0032
vn 0.9494 -0.3142 0.0025
vn 0.9494 -0.3141 0.0026
vn 0.9494 -0.3140 0.0027
vn 0.2639 0.5736 -0.7755
vn 0.2325 0.6203 -0.7491
vn -0.9385 0.3428 -0.0405
vn -0.9327 0.3591 0.0338
vn -0.2249 -0.6230 0.7492
vn -0.1793 -0.6052 0.7756
vn 0.9679 -0.2512 -0.0021
vn 0.1771 0.4724 -0.8634
vn 0.1465 0.5155 -0.8443
vn -0.9615 0.2725 -0.0358
vn -0.9545 0.2969 0.0277
vn -0.1521 -0.5137 0.8444
vn -0.1113 -0.4919 0.8635
vn 0.9723 -0.2336 0.0069
vn 0.9829 -0.1840 -0.0046
vn 0.1004 0.3534 -0.9301
vn 0.0739 0.3873 -0.9190
vn -0.9801 0.1964 -0.0277
vn -0.9746 0.2232 0.0188
vn -0.0869 -0.3844 0.9191
vn -0.0554 -0.3630 0.9301
vn 0.9896 -0.1434 0.0081
vn 0.9936 -0.1129 -0.0041
vn 0.0418 0.2192 -0.9748
vn 0.0230 0.2401 -0.9705
vn -0.9929 0.1178 -0.0177
vn -0.9902 0.1394 0.0089
vn -0.0364 -0.2385 0.9705
vn -0.0170 -0.2224 0.9748
vn 0.9989 -0.0475 0.0052
vn 0.9992 -0.0396 0.0006
vn 0.9988 -0.0482 0.0059
vn 0.9993 -0.0382 -0.0000
vn 0.0001 0.0806 -0.9967
vn 0.0064 0.0743 -0.9972
vn 0.0071 0.0746 -0.9972
vn -0.0000 0.0813 -0.9967
vn -0.9992 0.0398 -0.0069
vn -0.9989 0.0470 -0.0002
vn -0.9992 0.0389 -0.0079
vn -0.9989 0.0478 -0.0000
vn -0.0061 -0.0807 0.9967
vn -0.0032 -0.0780 0.9970
vn -0.0062 -0.0810 0.9967
vn -0.0000 -0.0748 0.9972
vn 0.9989 0.0469 0.0005
vn 0.9992 0.0400 0.0063
vn 0.9989 0.0477 -0.0000
vn 0.9992 0.0388 0.0073
vn 0.0076 -0.0803 -0.9967
vn 0.0007 -0.0746 -0.9972
vn -0.0000 -0.0749 -0.9972
vn 0.0078 -0.0810 -0.9967
vn -0.9992 -0.0394 -0.0007
vn -0.9988 -0.0476 -0.0060
vn -0.9993 -0.0383 -0.0000
vn -0.9988 -0.0482 -0.0063
vn -0.0002 0.0810 0.9967
vn -0.0028 0.0780 0.9970
vn -0.0000 0.0812 0.9967
vn -0.0057 0.0746 0.9972
vn 0.9902 0.1394 -0.0082
vn 0.9929 0.1179 0.0161
vn 0.0213 -0.2221 -0.9748
vn 0.0452 -0.2370 -0.9705
vn -0.9936 -0.1128 0.0044
vn -0.9896 -0.1434 -0.0089
vn -0.0184 0.2406 0.9705
vn -0.0336 0.2205 0.9748
vn 0.9746 0.2234 -0.0175
vn 0.9802 0.1964 0.0256
vn 0.0689 -0.3609 -0.9301
vn 0.1078 -0.3792 -0.9190
vn -0.9830 -0.1838 0.0051
vn -0.9724 -0.2334 -0.0075
vn -0.0594 0.3896 0.9191
vn -0.0810 0.3581 0.9301
vn 0.9546 0.2969 -0.0255
vn 0.9616 0.2725 0.0330
vn 0.1379 -0.4853 -0.8634
vn 0.1881 -0.5018 -0.8443
vn -0.9679 -0.2512 0.0023
vn -0.9494 -0.3140 -0.0029
vn -0.9494 -0.3140 -0.0028
vn -0.9494 -0.3141 -0.0028
vn -0.1182 0.5225 0.8444
vn -0.1432 0.4836 0.8635
vn 0.9328 0.3591 -0.0311
vn 0.9386 0.3429 0.0372
vn 0.2216 -0.5912 -0.7755
vn 0.2769 -0.6018 -0.7491
vn -0.9241 -0.3822 0.0035
vn -0.1881 0.6351 0.7492
vn -0.2144 0.5937 0.7756
vn 0.9114 0.4101 -0.0329
vn 0.9137 0.4046 0.0375
vn 0.3113 -0.6765 -0.6675
vn 0.3654 -0.6793 -0.6364
vn -0.9283 -0.3717 -0.0084
vn -0.8997 -0.4364 0.0097
vn -0.2619 0.7254 0.6366
vn -0.2874 0.6869 0.6675
vn 0.8923 0.4505 -0.0300
vn 0.8899 0.4549 0.0331
vn 0.3984 -0.7407 -0.5409
vn 0.4449 -0.7365 -0.5096
vn -0.9063 -0.4224 -0.0126
vn -0.8790 -0.4767 0.0140
vn -0.3322 0.7937 0.5096
vn -0.3556 0.7621 0.5410
vn 0.8761 0.4815 -0.0238
vn 0.8702 0.4920 0.0253
vn 0.4742 -0.7849 -0.3988
vn 0.5089 -0.7765 -0.3716
vn -0.8854 -0.4647 -0.0140
vn -0.8639 -0.5035 0.0148
vn -0.3925 0.8413 0.3715
vn -0.4121 0.8192 0.3988
vn 0.8637 0.5038 -0.0146
vn 0.8572 0.5147 0.0153
vn 0.5315 -0.8110 -0.2445
vn 0.5522 -0.8025 -0.2260
vn -0.8680 -0.4965 -0.0113
vn -0.8550 -0.5184 0.0117
vn -0.4377 0.8702 0.2261
vn -0.4512 0.8583 0.2445
vn 0.8554 0.5180 -0.0043
vn 0.8556 0.5175 -0.0047
vn 0.5704 -0.8179 -0.0753
vn 0.5649 -0.8212 -0.0815
vn 0.5649 -0.8210 -0.0823
vn 0.5713 -0.8172 -0.0758
vn -0.8563 -0.5164 -0.0045
vn -0.4632 0.8829 0.0772
vn -0.4682 0.8797 0.0827
vn -0.4640 0.8826 0.0758
vn -0.4690 0.8794 0.0822
vn -0.3092 0.6787 0.6662
vn -0.3091 0.6786 0.6663
vn -0.3091 0.6787 0.6662
vn 0.3091 -0.6787 0.6661
vn 0.3092 -0.6787 0.6661
vn 0.3091 -0.6787 0.6662
vn 0.3090 -0.6787 0.6662
vn 0.3091 -0.6788 -0.6661
vn 0.3090 -0.6788 -0.6661
vn 0.3091 -0.6787 -0.6662
vn 0.3092 -0.6787 -0.6662
vn -0.3091 0.6787 -0.6662
vn -0.3092 0.6786 -0.6662
vn -0.3092 0.6787 -0.6662
vn -0.7128 0.4192 0.5623
vn -0.7128 0.4192 0.5622
vn 0.7129 -0.4192 0.5622
vn 0.7128 -0.4192 0.5623
vn 0.7128 -0.4193 0.5622
vn 0.7129 -0.4191 -0.5622
vn 0.7129 -0.4190 -0.5623
vn 0.7129 -0.4192 -0.5622
vn 0.7129 -0.4193 -0.5621
vn -0.7128 0.4192 -0.5623
vn -0.7128 0.4192 -0.5622
vn -0.8580 0.1353 0.4955
vn -0.8580 0.1353 0.4954
vn -0.8580 0.1353 0.4956
vn 0.8580 -0.1354 0.4955
vn 0.8580 -0.1353 0.4954
vn 0.8579 -0.1355 0.4956
vn 0.8580 -0.1354 -0.4955
vn 0.8580 -0.1355 -0.4954
vn 0.8580 -0.1353 -0.4956
vn -0.8580 0.1353 -0.4955
vn -0.8580 0.1353 -0.4954
vn -0.8580 -0.1353 0.4955
vn -0.8580 -0.1353 0.4954
vn 0.8581 0.1351 0.4953
vn 0.8580 0.1353 0.4956
vn 0.8580 0.1354 0.4955
vn 0.8580 0.1355 0.4954
vn 0.8580 0.1354 -0.4955
vn 0.8579 0.1355 -0.4956
vn 0.8580 0.1353 -0.4954
vn -0.8580 -0.1353 -0.4955
vn -0.8580 -0.1353 -0.4956
vn -0.8580 -0.1353 -0.4954
vn -0.7128 -0.4192 0.5623
vn 0.7129 0.4192 0.5622
vn 0.7129 0.4193 0.5621
vn 0.7129 0.4191 0.5622
vn 0.7129 0.4190 0.5623
vn 0.7129 0.4192 -0.5622
vn 0.7128 0.4193 -0.5622
vn 0.7128 0.4192 -0.5623
vn -0.7128 -0.4192 -0.5623
vn -0.7128 -0.4192 -0.5622
vn -0.3092 -0.6786 0.6662
vn -0.3091 -0.6787 0.6662
vn 0.3091 0.6787 0.6662
vn 0.3092 0.6787 0.6662
vn 0.3091 0.6788 0.6661
vn 0.3090 0.6788 0.6661
vn 0.3091 0.6787 -0.6662
vn 0.3090 0.6787 -0.6662
vn 0.3091 0.6787 -0.6661
vn 0.3092 0.6787 -0.6661
vn -0.3091 -0.6787 -0.6662
vn -0.3092 -0.6787 -0.6662
vn -0.3091 -0.6786 -0.6662
vn 0.3092 -0.6787 0.6662
vn 0.3091 -0.6786 0.6663
vn -0.3091 0.6787 0.6661
vn -0.3092 0.6787 0.6661
vn -0.3090 0.6787 0.6662
vn -0.3091 0.6788 -0.6661
vn -0.3090 0.6788 -0.6661
vn 0.3092 -0.6786 -0.6662
vn 0.7127 -0.4193 0.5623
vn 0.7128 -0.4193 0.5623
vn -0.7128 0.4193 0.5622
vn -0.7129 0.4193 0.5621
vn -0.7129 0.4193 0.5622
vn -0.7128 0.4193 -0.5622
vn -0.7128 0.4194 -0.5622
vn 0.7127 -0.4193 -0.5623
vn 0.8580 -0.1352 0.4955
vn 0.8581 -0.1352 0.4954
vn -0.8580 0.1352 0.4955
vn -0.8581 0.1352 0.4954
vn -0.8580 0.1352 -0.4955
vn -0.8580 0.1352 -0.4954
vn 0.8580 -0.1352 -0.4955
vn 0.8581 -0.1352 -0.4954
vn 0.8580 0.1352 0.4955
vn 0.8580 0.1352 0.4954
vn -0.8580 -0.1352 0.4955
vn -0.8580 -0.1352 0.4954
vn -0.8580 -0.1352 -0.4955
vn -0.8581 -0.1352 -0.4954
vn 0.8580 0.1352 -0.4955
vn 0.8581 0.1352 -0.4954
vn 0.7127 0.4193 0.5623
vn -0.7128 -0.4193 0.5622
vn -0.7128 -0.4194 0.5622
vn -0.7128 -0.4193 -0.5622
vn -0.7129 -0.4193 -0.5621
vn -0.7127 -0.4194 -0.5623
vn 0.7127 0.4193 -0.5623
vn 0.7128 0.4193 -0.5623
vn 0.3092 0.6786 0.6662
vn -0.3092 -0.6787 0.6662
vn -0.3091 -0.6788 0.6661
vn -0.3090 -0.6788 0.6661
vn -0.3090 -0.6787 -0.6662
vn -0.3091 -0.6787 -0.6661
vn -0.3092 -0.6787 -0.6661
vn 0.3092 0.6787 -0.6662
vn 0.3091 0.6786 -0.6662
vn 0.3557 0.8820 0.3092
vn 0.3557 0.8820 0.3091
vn 0.3556 0.8820 0.3092
vn 0.8752 -0.3721 -0.3092
vn 0.8752 -0.3721 -0.3091
vn -0.3557 -0.8819 -0.3093
vn -0.3556 -0.8821 -0.3089
vn -0.3557 -0.8820 -0.3092
vn -0.3556 -0.8820 -0.3092
vn -0.9239 -0.3827 -0.0001
vn -0.8752 0.3721 0.3091
vn -0.8752 0.3722 0.3091
vn 0.3589 0.6025 0.7128
vn 0.3588 0.6025 0.7129
vn 0.3589 0.6025 0.7129
vn 0.3589 0.6026 0.7128
vn 0.9239 0.3827 0.0001
vn 0.6799 -0.1722 -0.7128
vn 0.6798 -0.1722 -0.7129
vn -0.3590 -0.6025 -0.7128
vn -0.6798 0.1723 0.7129
vn -0.6797 0.1723 0.7129
vn -0.6798 0.1722 0.7129
vn 0.4058 0.3145 0.8581
vn 0.4059 0.3146 0.8581
vn 0.4058 0.3145 0.8582
vn 0.5095 0.0647 -0.8581
vn 0.5095 0.0647 -0.8580
vn -0.4060 -0.3145 -0.8580
vn -0.5094 -0.0646 0.8581
vn -0.5095 -0.0647 0.8581
vn -0.5094 -0.0647 0.8581
vn -0.5093 -0.0645 0.8581
vn 0.5094 0.0647 0.8581
vn 0.5093 0.0645 0.8581
vn 0.5094 0.0646 0.8581
vn 0.5095 0.0647 0.8581
vn 0.4060 0.3145 -0.8581
vn -0.5095 -0.0647 -0.8580
vn -0.9239 -0.3826 0.0001
vn -0.4060 -0.3146 0.8581
vn -0.4058 -0.3144 0.8582
vn -0.4058 -0.3145 0.8581
vn -0.4060 -0.3146 0.8580
vn 0.6798 -0.1723 0.7129
vn 0.9239 0.3827 -0.0001
vn 0.3590 0.6027 -0.7127
vn 0.3589 0.6024 -0.7129
vn -0.6799 0.1723 -0.7128
vn -0.3588 -0.6025 0.7129
vn 0.8752 -0.3722 0.3091
vn 0.8752 -0.3720 0.3092
vn 0.8752 -0.3721 0.3091
vn 0.8752 -0.3723 0.3091
vn 0.3557 0.8820 -0.3092
vn 0.3556 0.8820 -0.3092
vn 0.3557 0.8819 -0.3093
vn 0.3558 0.8819 -0.3093
vn -0.8752 0.3721 -0.3092
vn -0.8752 0.3721 -0.3091
vn -0.9239 -0.3826 -0.0001
vn -0.9239 -0.3826 -0.0000
vn -0.3556 -0.8820 0.3092
vn -0.3558 -0.8820 0.3091
vn -0.3557 -0.8820 0.3092
vn -0.3555 -0.8820 0.3093
vn 0.8751 -0.3722 -0.3092
vn 0.8753 -0.3720 -0.3090
vn 0.3558 0.8820 0.3090
vn -0.8752 0.3721 0.3092
vn -0.9239 -0.3827 0.0001
vn -0.3555 -0.8821 -0.3092
vn -0.3558 -0.8819 -0.3093
vn 0.6798 -0.1723 -0.7129
vn 0.6797 -0.1723 -0.7129
vn 0.3590 0.6027 0.7127
vn 0.3589 0.6027 0.7127
vn -0.6799 0.1723 0.7128
vn -0.6799 0.1722 0.7128
vn -0.3588 -0.6025 -0.7129
vn 0.5093 0.0646 -0.8581
vn 0.5095 0.0646 -0.8580
vn 0.5094 0.0646 -0.8581
vn 0.5093 0.0646 -0.8582
vn 0.4060 0.3145 0.8581
vn 0.4060 0.3145 0.8580
vn -0.5095 -0.0647 0.8580
vn -0.4058 -0.3145 -0.8581
vn -0.4061 -0.3145 -0.8580
vn -0.4060 -0.3145 -0.8581
vn -0.4058 -0.3145 -0.8582
vn 0.4059 0.3145 -0.8581
vn 0.4058 0.3145 -0.8582
vn 0.4058 0.3145 -0.8581
vn 0.5095 0.0647 0.8580
vn -0.4060 -0.3145 0.8580
vn -0.9238 -0.3828 -0.0000
vn -0.5095 -0.0646 -0.8581
vn -0.5093 -0.0646 -0.8582
vn -0.5093 -0.0646 -0.8581
vn -0.5095 -0.0646 -0.8580
vn 0.3588 0.6025 -0.7129
vn 0.3590 0.6025 -0.7129
vn 0.3589 0.6025 -0.7129
vn 0.6799 -0.1722 0.7128
vn 0.6799 -0.1723 0.7128
vn -0.3590 -0.6025 0.7128
vn -0.3590 -0.6025 0.7129
vn -0.6798 0.1723 -0.7129
vn -0.6797 0.1723 -0.7129
vn 0.3556 0.8820 -0.3091
vn 0.3558 0.8820 -0.3092
vn 0.8752 -0.3721 0.3092
vn -0.3558 -0.8820 0.3090
vn -0.3556 -0.8819 0.3094
vn -0.6985 0.2613 0.6662
vn -0.6984 0.2613 0.6663
vn -0.6986 0.2612 0.6661
vn 0.6985 -0.2613 0.6662
vn 0.6984 -0.2614 0.6663
vn 0.6986 -0.2612 0.6662
vn 0.6984 -0.2615 0.6662
vn 0.6985 -0.2612 -0.6662
vn 0.6985 -0.2611 -0.6663
vn 0.6985 -0.2613 -0.6662
vn 0.6985 -0.2614 -0.6661
vn -0.6985 0.2613 -0.6662
vn -0.6985 0.2612 -0.6663
vn -0.6985 0.2614 -0.6661
vn -0.8004 -0.2075 0.5624
vn -0.8004 -0.2075 0.5623
vn 0.8005 0.2076 0.5622
vn 0.8006 0.2077 0.5621
vn 0.8004 0.2074 0.5624
vn 0.8005 0.2076 -0.5622
vn 0.8006 0.2075 -0.5621
vn 0.8004 0.2077 -0.5623
vn -0.8004 -0.2075 -0.5624
vn -0.8006 -0.2076 -0.5621
vn -0.7023 -0.5111 0.4956
vn -0.7024 -0.5112 0.4953
vn -0.7023 -0.5112 0.4954
vn -0.7023 -0.5110 0.4957
vn 0.7024 0.5111 0.4953
vn 0.7024 0.5111 -0.4953
vn -0.7023 -0.5111 -0.4956
vn -0.7024 -0.5111 -0.4953
vn -0.7024 -0.5111 -0.4954
vn -0.7025 -0.5111 -0.4953
vn -0.5111 -0.7024 0.4954
vn -0.5111 -0.7025 0.4953
vn -0.5111 -0.7024 0.4953
vn 0.5111 0.7024 0.4953
vn 0.5111 0.7024 -0.4953
vn 0.5112 0.7024 -0.4953
vn -0.5112 -0.7023 -0.4954
vn -0.5111 -0.7024 -0.4954
vn -0.5112 -0.7024 -0.4953
vn -0.2075 -0.8004 0.5624
vn 0.2076 0.8005 0.5622
vn 0.2077 0.8004 0.5623
vn 0.2075 0.8006 0.5621
vn 0.2076 0.8005 -0.5622
vn 0.2076 0.8006 -0.5621
vn 0.2077 0.8006 -0.5621
vn -0.2075 -0.8004 -0.5624
vn -0.2075 -0.8004 -0.5623
vn 0.2613 -0.6985 0.6662
vn 0.2614 -0.6985 0.6661
vn 0.2612 -0.6985 0.6663
vn -0.2613 0.6985 0.6662
vn -0.2614 0.6985 0.6662
vn -0.2612 0.6985 0.6662
vn -0.2614 0.6985 0.6661
vn -0.2612 0.6986 -0.6662
vn -0.2611 0.6987 -0.6661
vn -0.2613 0.6985 -0.6662
vn -0.2614 0.6984 -0.6663
vn 0.2613 -0.6985 -0.6662
vn 0.2612 -0.6986 -0.6661
vn 0.2613 -0.6984 -0.6663
vn 0.6985 -0.2614 0.6661
vn 0.6985 -0.2614 0.6662
vn -0.6984 0.2614 0.6663
vn -0.6986 0.2612 0.6662
vn -0.6985 0.2614 0.6662
vn -0.6985 0.2612 -0.6662
vn -0.6985 0.2610 -0.6663
vn 0.8004 0.2075 0.5623
vn 0.8005 0.2076 0.5623
vn -0.8005 -0.2075 0.5623
vn -0.8004 -0.2074 0.5624
vn -0.8005 -0.2074 -0.5623
vn 0.8004 0.2076 -0.5623
vn 0.8005 0.2076 -0.5623
vn 0.8006 0.2076 -0.5622
vn 0.7023 0.5111 0.4956
vn 0.7023 0.5110 0.4957
vn 0.7025 0.5112 0.4952
vn 0.7023 0.5111 0.4955
vn -0.7024 -0.5110 0.4955
vn -0.7023 -0.5111 0.4955
vn -0.7023 -0.5112 -0.4954
vn -0.7022 -0.5112 -0.4955
vn 0.7023 0.5110 -0.4956
vn 0.7022 0.5111 -0.4957
vn 0.7024 0.5112 -0.4953
vn 0.5110 0.7023 0.4956
vn 0.5110 0.7023 0.4955
vn 0.5112 0.7025 0.4952
vn -0.5112 -0.7023 0.4954
vn -0.5112 -0.7022 0.4955
vn -0.5111 -0.7023 -0.4955
vn -0.5113 -0.7023 -0.4953
vn 0.5110 0.7023 -0.4956
vn 0.5111 0.7023 -0.4955
vn 0.5111 0.7023 -0.4956
vn 0.5111 0.7024 -0.4954
vn 0.2076 0.8005 0.5623
vn 0.2075 0.8006 0.5622
vn 0.2076 0.8004 0.5623
vn -0.2074 -0.8005 0.5623
vn -0.2074 -0.8004 -0.5624
vn -0.2075 -0.8005 -0.5623
vn 0.2076 0.8005 -0.5623
vn 0.2076 0.8006 -0.5620
vn 0.2614 -0.6985 0.6662
vn 0.2612 -0.6985 0.6662
vn 0.2610 -0.6985 0.6663
vn 0.2612 -0.6986 -0.6662
vn 0.2611 -0.6987 -0.6661
vn 0.2614 -0.6984 -0.6663
vn -0.2614 0.6985 -0.6661
vn -0.3721 0.8752 0.3091
vn -0.3722 0.8751 0.3092
vn -0.3720 0.8753 0.3090
vn 0.8820 0.3557 -0.3092
vn 0.8820 0.3558 -0.3092
vn 0.8819 0.3557 -0.3093
vn 0.8820 0.3557 -0.3091
vn 0.3721 -0.8752 -0.3092
vn -0.3826 -0.9239 0.0001
vn -0.3827 -0.9239 -0.0001
vn -0.8820 -0.3557 0.3092
vn -0.8821 -0.3555 0.3092
vn -0.8820 -0.3556 0.3092
vn -0.8819 -0.3558 0.3093
vn -0.1723 0.6798 0.7129
vn -0.1723 0.6797 0.7129
vn 0.6027 0.3590 -0.7127
vn 0.1723 -0.6799 -0.7128
vn -0.6025 -0.3588 0.7129
vn 0.0646 0.5093 0.8581
vn 0.0646 0.5095 0.8580
vn 0.0646 0.5094 0.8581
vn 0.0647 0.5097 0.8579
vn 0.3145 0.4060 -0.8581
vn 0.3145 0.4060 -0.8580
vn -0.0647 -0.5095 -0.8580
vn -0.3145 -0.4058 0.8581
vn -0.3145 -0.4060 0.8580
vn -0.3145 -0.4060 0.8581
vn 0.3145 0.4059 0.8581
vn 0.3145 0.4058 0.8581
vn 0.0647 0.5095 -0.8580
vn 0.0647 0.5095 -0.8581
vn -0.3145 -0.4060 -0.8580
vn -0.3146 -0.4060 -0.8580
vn -0.3828 -0.9238 -0.0000
vn -0.0646 -0.5095 0.8581
vn -0.0646 -0.5095 0.8580
vn -0.0646 -0.5093 0.8581
vn 0.6025 0.3588 0.7129
vn 0.6025 0.3589 0.7129
vn -0.1722 0.6799 -0.7128
vn -0.1723 0.6799 -0.7128
vn -0.6025 -0.3590 -0.7128
vn -0.6025 -0.3589 -0.7129
vn 0.1723 -0.6798 0.7129
vn 0.1723 -0.6798 0.7128
vn 0.1723 -0.6797 0.7129
vn 0.8820 0.3557 0.3092
vn 0.8820 0.3556 0.3091
vn 0.8820 0.3558 0.3092
vn -0.3721 0.8752 -0.3092
vn -0.8820 -0.3557 -0.3093
vn -0.8820 -0.3558 -0.3090
vn -0.8820 -0.3557 -0.3092
vn -0.8820 -0.3558 -0.3092
vn 0.3721 -0.8752 0.3091
vn 0.8820 0.3556 -0.3092
vn -0.3721 0.8752 0.3092
vn -0.8819 -0.3557 0.3093
vn -0.8821 -0.3556 0.3089
vn -0.3827 -0.9239 0.0001
vn 0.3721 -0.8752 -0.3091
vn 0.6025 0.3589 -0.7128
vn 0.6025 0.3588 -0.7129
vn 0.6025 0.3589 -0.7129
vn 0.6026 0.3590 -0.7128
vn 0.3827 0.9239 -0.0001
vn -0.1722 0.6799 0.7128
vn -0.1722 0.6798 0.7129
vn -0.6025 -0.3590 0.7128
vn -0.6025 -0.3589 0.7128
vn 0.1723 -0.6798 -0.7129
vn 0.1724 -0.6798 -0.7129
vn 0.1722 -0.6798 -0.7129
vn 0.3145 0.4058 -0.8581
vn 0.3146 0.4059 -0.8581
vn 0.3145 0.4058 -0.8582
vn 0.0647 0.5095 0.8580
vn 0.0647 0.5095 0.8581
vn -0.3146 -0.4060 0.8580
vn -0.0646 -0.5094 -0.8581
vn -0.0647 -0.5094 -0.8581
vn -0.0647 -0.5096 -0.8580
vn 0.0647 0.5094 -0.8581
vn 0.0645 0.5093 -0.8581
vn 0.0646 0.5094 -0.8581
vn 0.3145 0.4060 0.8581
vn -0.0647 -0.5095 0.8580
vn -0.3826 -0.9239 -0.0001
vn -0.3146 -0.4059 -0.8581
vn -0.3145 -0.4058 -0.8581
vn -0.1723 0.6798 -0.7129
vn -0.1724 0.6798 -0.7129
vn 0.3827 0.9239 0.0001
vn 0.6027 0.3590 0.7127
vn 0.1723 -0.6799 0.7128
vn -0.6025 -0.3588 -0.7129
vn -0.3721 0.8752 -0.3091
vn -0.3720 0.8752 -0.3092
vn -0.3723 0.8752 -0.3091
vn 0.8820 0.3556 0.3092
vn 0.8820 0.3557 0.3090
vn 0.8820 0.3557 0.3091
vn 0.3721 -0.8752 0.3092
vn -0.8820 -0.3556 -0.3092
vn -0.8820 -0.3558 -0.3091
vn -0.8820 -0.3555 -0.3093
vn -0.6787 -0.3092 0.6662
vn -0.6786 -0.3091 0.6663
vn -0.6787 -0.3091 0.6662
vn 0.6787 0.3091 0.6661
vn 0.6787 0.3092 0.6661
vn 0.6787 0.3091 0.6662
vn 0.6787 0.3090 0.6662
vn 0.6788 0.3091 -0.6661
vn 0.6788 0.3090 -0.6661
vn 0.6787 0.3091 -0.6662
vn 0.6787 0.3092 -0.6662
vn -0.6787 -0.3091 -0.6662
vn -0.6786 -0.3092 -0.6662
vn -0.6787 -0.3092 -0.6662
vn -0.4192 -0.7128 0.5623
vn -0.4192 -0.7128 0.5622
vn 0.4192 0.7129 0.5622
vn 0.4192 0.7128 0.5623
vn 0.4191 0.7131 0.5620
vn 0.4191 0.7129 -0.5622
vn 0.4190 0.7129 -0.5623
vn 0.4192 0.7129 -0.5622
vn 0.4193 0.7129 -0.5621
vn -0.4192 -0.7128 -0.5623
vn -0.4193 -0.7128 -0.5622
vn -0.1353 -0.8580 0.4955
vn -0.1353 -0.8580 0.4954
vn -0.1353 -0.8580 0.4956
vn 0.1354 0.8580 0.4955
vn 0.1353 0.8580 0.4954
vn 0.1355 0.8579 0.4956
vn 0.1354 0.8580 -0.4955
vn 0.1355 0.8580 -0.4954
vn 0.1353 0.8580 -0.4956
vn -0.1353 -0.8580 -0.4955
vn -0.1353 -0.8580 -0.4954
vn 0.1353 -0.8580 0.4955
vn 0.1353 -0.8580 0.4954
vn -0.1354 0.8580 0.4955
vn -0.1353 0.8580 0.4956
vn -0.1355 0.8580 0.4954
vn -0.1354 0.8580 -0.4955
vn -0.1355 0.8579 -0.4956
vn -0.1353 0.8580 -0.4954
vn 0.1353 -0.8580 -0.4955
vn 0.1353 -0.8580 -0.4956
vn 0.1353 -0.8580 -0.4954
vn 0.4192 -0.7128 0.5623
vn -0.4192 0.7129 0.5622
vn -0.4193 0.7129 0.5621
vn -0.4191 0.7129 0.5622
vn -0.4190 0.7129 0.5623
vn -0.4192 0.7129 -0.5622
vn -0.4193 0.7128 -0.5622
vn -0.4192 0.7128 -0.5623
vn 0.4192 -0.7128 -0.5623
vn 0.4192 -0.7128 -0.5622
vn 0.6787 -0.3092 0.6662
vn 0.6787 -0.3091 0.6662
vn 0.6786 -0.3092 0.6662
vn -0.6787 0.3091 0.6662
vn -0.6787 0.3092 0.6662
vn -0.6788 0.3091 0.6662
vn -0.6788 0.3090 0.6661
vn -0.6787 0.3091 -0.6662
vn -0.6787 0.3090 -0.6662
vn -0.6787 0.3091 -0.6661
vn -0.6787 0.3092 -0.6661
vn 0.6787 -0.3091 -0.6662
vn 0.6787 -0.3092 -0.6662
vn 0.6786 -0.3091 -0.6662
vn 0.6787 0.3092 0.6662
vn 0.6786 0.3091 0.6663
vn -0.6787 -0.3092 0.6661
vn -0.6787 -0.3090 0.6662
vn -0.6788 -0.3091 -0.6661
vn -0.6788 -0.3090 -0.6661
vn 0.6786 0.3092 -0.6662
vn 0.4193 0.7127 0.5623
vn -0.4193 -0.7128 0.5622
vn -0.4194 -0.7127 0.5623
vn -0.4193 -0.7129 0.5621
vn -0.4194 -0.7128 -0.5622
vn 0.4193 0.7127 -0.5623
vn 0.1352 0.8580 0.4955
vn 0.1352 0.8581 0.4955
vn -0.1352 -0.8580 0.4955
vn -0.1352 -0.8581 0.4955
vn -0.1352 -0.8580 -0.4955
vn -0.1352 -0.8581 -0.4954
vn 0.1352 0.8580 -0.4955
vn 0.1352 0.8581 -0.4954
vn -0.1352 0.8580 0.4955
vn -0.1352 0.8580 0.4954
vn 0.1352 -0.8580 0.4955
vn 0.1352 -0.8580 0.4954
vn 0.1352 -0.8580 -0.4955
vn 0.1352 -0.8581 -0.4954
vn -0.1352 0.8580 -0.4955
vn -0.1352 0.8581 -0.4954
vn -0.4193 0.7127 0.5623
vn 0.4193 -0.7128 0.5622
vn 0.4194 -0.7128 0.5622
vn 0.4193 -0.7128 -0.5622
vn 0.4193 -0.7129 -0.5621
vn 0.4194 -0.7127 -0.5623
vn -0.4193 0.7127 -0.5623
vn -0.6786 0.3092 0.6662
vn 0.6788 -0.3091 0.6662
vn 0.6788 -0.3090 0.6661
vn 0.6787 -0.3090 -0.6662
vn 0.6787 -0.3091 -0.6661
vn 0.6787 -0.3092 -0.6661
vn -0.6787 0.3092 -0.6662
vn -0.6786 0.3091 -0.6662
vn -0.8820 0.3557 0.3092
vn -0.8820 0.3557 0.3091
vn -0.8820 0.3556 0.3092
vn 0.3721 0.8752 -0.3092
vn 0.3721 0.8752 -0.3091
vn 0.8819 -0.3557 -0.3093
vn 0.8819 -0.3558 -0.3094
vn 0.8820 -0.3557 -0.3092
vn 0.8820 -0.3556 -0.3092
vn 0.3827 -0.9239 -0.0001
vn -0.3721 -0.8752 0.3091
vn -0.3722 -0.8752 0.3091
vn -0.6025 0.3589 0.7128
vn -0.6025 0.3588 0.7129
vn -0.6025 0.3589 0.7129
vn -0.6026 0.3590 0.7128
vn -0.3827 0.9239 0.0001
vn 0.1722 0.6799 -0.7128
vn 0.1722 0.6798 -0.7129
vn 0.6025 -0.3590 -0.7128
vn -0.1723 -0.6798 0.7129
vn -0.1722 -0.6798 0.7129
vn -0.3145 0.4058 0.8581
vn -0.3146 0.4059 0.8581
vn -0.3145 0.4058 0.8582
vn -0.0647 0.5095 -0.8580
vn -0.0647 0.5095 -0.8581
vn 0.3145 -0.4060 -0.8580
vn 0.0646 -0.5094 0.8581
vn 0.0647 -0.5095 0.8580
vn 0.0647 -0.5094 0.8581
vn 0.0645 -0.5093 0.8581
vn -0.0647 0.5094 0.8581
vn -0.0645 0.5093 0.8581
vn -0.0646 0.5094 0.8581
vn -0.0647 0.5095 0.8581
vn -0.3145 0.4060 -0.8581
vn -0.3145 0.4059 -0.8581
vn 0.0647 -0.5095 -0.8580
vn 0.3826 -0.9239 0.0001
vn 0.3146 -0.4059 0.8581
vn 0.3146 -0.4060 0.8580
vn 0.3145 -0.4058 0.8581
vn 0.1723 0.6798 0.7129
vn -0.3827 0.9239 -0.0001
vn -0.6027 0.3590 -0.7127
vn -0.6024 0.3589 -0.7129
vn -0.1723 -0.6799 -0.7128
vn 0.6025 -0.3588 0.7129
vn 0.3721 0.8752 0.3091
vn 0.3720 0.8752 0.3092
vn 0.3723 0.8752 0.3091
vn -0.8820 0.3557 -0.3092
vn -0.8820 0.3556 -0.3092
vn -0.8820 0.3557 -0.3090
vn -0.8819 0.3558 -0.3094
vn -0.3721 -0.8752 -0.3092
vn -0.3721 -0.8752 -0.3091
vn 0.3826 -0.9239 -0.0001
vn 0.3826 -0.9239 -0.0000
vn 0.8820 -0.3556 0.3092
vn 0.8820 -0.3558 0.3091
vn 0.8820 -0.3557 0.3092
vn 0.8820 -0.3559 0.3090
vn 0.3722 0.8751 -0.3092
vn 0.3720 0.8753 -0.3090
vn -0.8820 0.3557 0.3093
vn -0.8820 0.3558 0.3091
vn -0.3721 -0.8752 0.3092
vn 0.3827 -0.9239 0.0001
vn 0.8819 -0.3558 -0.3092
vn 0.8819 -0.3558 -0.3093
vn 0.1723 0.6798 -0.7129
vn 0.1723 0.6797 -0.7129
vn -0.6027 0.3590 0.7127
vn -0.6026 0.3590 0.7127
vn -0.1723 -0.6799 0.7128
vn -0.1722 -0.6799 0.7128
vn 0.6025 -0.3588 -0.7129
vn -0.0647 0.5096 -0.8580
vn -0.0646 0.5095 -0.8580
vn -0.0646 0.5094 -0.8581
vn -0.0647 0.5097 -0.8579
vn -0.3145 0.4060 0.8581
vn -0.3146 0.4060 0.8580
vn 0.3145 -0.4058 -0.8581
vn 0.3145 -0.4060 -0.8581
vn -0.3145 0.4058 -0.8581
vn -0.0647 0.5095 0.8580
vn 0.3145 -0.4060 0.8580
vn 0.3828 -0.9238 -0.0000
vn 0.0646 -0.5095 -0.8581
vn 0.0646 -0.5095 -0.8580
vn 0.0646 -0.5093 -0.8581
vn -0.6025 0.3588 -0.7129
vn -0.6025 0.3589 -0.7129
vn 0.1722 0.6799 0.7128
vn 0.1723 0.6799 0.7128
vn 0.6025 -0.3590 0.7128
vn 0.6025 -0.3589 0.7129
vn -0.1723 -0.6798 -0.7129
vn -0.1723 -0.6797 -0.7129
vn -0.8820 0.3556 -0.3091
vn -0.8820 0.3558 -0.3092
vn 0.3721 0.8752 0.3092
vn 0.8820 -0.3557 0.3093
vn 0.8819 -0.3556 0.3094
vn -0.2613 -0.6985 0.6662
vn -0.2613 -0.6984 0.6663
vn -0.2612 -0.6986 0.6661
vn 0.2613 0.6985 0.6662
vn 0.2614 0.6984 0.6663
vn 0.2612 0.6986 0.6662
vn 0.2611 0.6987 0.6661
vn 0.2612 0.6985 -0.6662
vn 0.2610 0.6985 -0.6663
vn 0.2613 0.6985 -0.6662
vn 0.2614 0.6985 -0.6662
vn -0.2613 -0.6985 -0.6662
vn -0.2612 -0.6985 -0.6663
vn -0.2614 -0.6985 -0.6661
vn 0.2075 -0.8004 0.5624
vn -0.2076 0.8005 0.5622
vn -0.2074 0.8005 0.5622
vn -0.2074 0.8004 0.5624
vn -0.2076 0.8005 -0.5622
vn -0.2075 0.8006 -0.5621
vn -0.2077 0.8004 -0.5623
vn 0.2075 -0.8004 -0.5624
vn 0.5112 -0.7025 0.4952
vn 0.5112 -0.7024 0.4953
vn 0.5112 -0.7023 0.4954
vn 0.5111 -0.7024 0.4954
vn -0.5111 0.7024 0.4953
vn -0.5112 0.7024 0.4953
vn -0.5111 0.7024 -0.4953
vn 0.5111 -0.7025 -0.4953
vn 0.5111 -0.7024 -0.4953
vn 0.5111 -0.7024 -0.4954
vn 0.7024 -0.5111 0.4954
vn 0.7022 -0.5111 0.4956
vn 0.7023 -0.5111 0.4956
vn 0.7024 -0.5111 0.4953
vn -0.7024 0.5111 0.4953
vn -0.7024 0.5111 -0.4953
vn 0.7023 -0.5112 -0.4954
vn 0.7024 -0.5111 -0.4954
vn 0.7023 -0.5111 -0.4956
vn 0.7024 -0.5112 -0.4953
vn 0.8004 -0.2075 0.5624
vn 0.8006 -0.2076 0.5621
vn -0.8005 0.2076 0.5622
vn -0.8004 0.2077 0.5623
vn -0.8006 0.2075 0.5621
vn -0.8005 0.2076 -0.5622
vn -0.8004 0.2074 -0.5624
vn -0.8006 0.2077 -0.5621
vn 0.8004 -0.2075 -0.5624
vn 0.8004 -0.2075 -0.5623
vn 0.8006 -0.2076 -0.5621
vn 0.6985 0.2613 0.6662
vn 0.6985 0.2614 0.6662
vn 0.6985 0.2612 0.6663
vn -0.6985 -0.2613 0.6662
vn -0.6985 -0.2614 0.6661
vn -0.6985 -0.2612 0.6662
vn -0.6985 -0.2615 0.6661
vn -0.6986 -0.2612 -0.6662
vn -0.6985 -0.2614 -0.6662
vn -0.6985 -0.2613 -0.6662
vn -0.6984 -0.2614 -0.6663
vn 0.6985 0.2613 -0.6662
vn 0.6986 0.2612 -0.6661
vn 0.6984 0.2613 -0.6663
vn 0.2614 0.6985 0.6661
vn 0.2614 0.6985 0.6662
vn -0.2614 -0.6984 0.6663
vn -0.2612 -0.6986 0.6662
vn -0.2611 -0.6987 0.6661
vn -0.2612 -0.6985 -0.6662
vn -0.2610 -0.6985 -0.6663
vn 0.2614 0.6985 -0.6661
vn -0.2075 0.8005 0.5623
vn -0.2076 0.8005 0.5623
vn -0.2077 0.8006 0.5621
vn 0.2075 -0.8005 0.5623
vn 0.2074 -0.8004 0.5624
vn 0.2074 -0.8005 -0.5623
vn -0.2076 0.8004 -0.5623
vn -0.2076 0.8005 -0.5623
vn -0.2076 0.8006 -0.5622
vn -0.5111 0.7023 0.4956
vn -0.5110 0.7023 0.4957
vn -0.5110 0.7023 0.4956
vn -0.5111 0.7023 0.4955
vn 0.5110 -0.7024 0.4955
vn 0.5111 -0.7023 0.4955
vn 0.5112 -0.7023 -0.4954
vn 0.5112 -0.7022 -0.4955
vn -0.5110 0.7023 -0.4956
vn -0.5110 0.7023 -0.4957
vn -0.5112 0.7025 -0.4952
vn -0.5110 0.7023 -0.4955
vn -0.7023 0.5110 0.4956
vn -0.7023 0.5110 0.4955
vn -0.7024 0.5111 0.4954
vn 0.7023 -0.5112 0.4954
vn 0.7023 -0.5112 0.4955
vn 0.7023 -0.5111 -0.4955
vn 0.7023 -0.5113 -0.4953
vn -0.7025 0.5112 -0.4952
vn -0.7023 0.5111 -0.4955
vn -0.7023 0.5111 -0.4956
vn -0.7023 0.5110 -0.4956
vn -0.8005 0.2076 0.5623
vn -0.8006 0.2076 0.5622
vn -0.8004 0.2076 0.5623
vn 0.8005 -0.2075 0.5624
vn 0.8005 -0.2074 0.5623
vn 0.8004 -0.2074 -0.5624
vn 0.8005 -0.2075 -0.5623
vn -0.8005 0.2076 -0.5623
vn -0.8005 0.2075 -0.5623
vn -0.6985 -0.2614 0.6662
vn 0.6985 0.2614 0.6661
vn 0.6985 0.2612 0.6662
vn 0.6985 0.2610 0.6663
vn 0.6986 0.2612 -0.6662
vn 0.6987 0.2611 -0.6661
vn 0.6984 0.2614 -0.6663
vn -0.6985 -0.2614 -0.6661
vn -0.8752 -0.3721 0.3091
vn -0.8751 -0.3722 0.3092
vn -0.8753 -0.3720 0.3090
vn -0.3557 0.8820 -0.3092
vn -0.3557 0.8820 -0.3093
vn -0.3556 0.8819 -0.3094
vn 0.8752 0.3721 -0.3092
vn 0.9239 -0.3826 0.0001
vn 0.9239 -0.3827 -0.0001
vn 0.3557 -0.8820 0.3092
vn 0.3555 -0.8821 0.3092
vn 0.3556 -0.8820 0.3092
vn 0.3558 -0.8819 0.3093
vn -0.6798 -0.1723 0.7129
vn -0.6797 -0.1723 0.7129
vn -0.3590 0.6027 -0.7127
vn 0.6799 0.1723 -0.7128
vn 0.6799 0.1722 -0.7128
vn 0.3588 -0.6025 0.7129
vn -0.5093 0.0646 0.8581
vn -0.5095 0.0646 0.8580
vn -0.5095 0.0646 0.8581
vn -0.5093 0.0646 0.8582
vn -0.4060 0.3145 -0.8581
vn -0.4060 0.3145 -0.8580
vn 0.5095 -0.0647 -0.8580
vn 0.5095 -0.0647 -0.8581
vn 0.4058 -0.3145 0.8581
vn 0.4060 -0.3145 0.8580
vn 0.4060 -0.3145 0.8581
vn 0.4061 -0.3145 0.8580
vn -0.4059 0.3145 0.8581
vn -0.4061 0.3145 0.8580
vn -0.4058 0.3145 0.8581
vn -0.5095 0.0647 -0.8581
vn 0.4060 -0.3145 -0.8580
vn 0.4060 -0.3146 -0.8580
vn 0.9238 -0.3828 -0.0000
vn 0.5095 -0.0646 0.8581
vn 0.5093 -0.0646 0.8582
vn 0.5093 -0.0646 0.8581
vn 0.5095 -0.0646 0.8580
vn -0.3588 0.6025 0.7129
vn -0.3590 0.6025 0.7129
vn -0.3589 0.6025 0.7129
vn -0.6799 -0.1722 -0.7128
vn -0.6799 -0.1723 -0.7128
vn 0.3590 -0.6025 -0.7128
vn 0.3590 -0.6025 -0.7129
vn 0.6798 0.1723 0.7129
vn 0.6799 0.1723 0.7128
vn 0.6797 0.1723 0.7129
vn -0.3557 0.8820 0.3092
vn -0.3556 0.8820 0.3091
vn -0.8752 -0.3721 -0.3092
vn 0.3557 -0.8820 -0.3093
vn 0.3558 -0.8820 -0.3090
vn 0.3557 -0.8820 -0.3092
vn 0.8752 0.3721 0.3091
vn -0.3557 0.8820 -0.3091
vn -0.3556 0.8820 -0.3092
vn -0.8752 -0.3721 0.3092
vn 0.3557 -0.8819 0.3093
vn 0.9239 -0.3827 0.0001
vn 0.8752 0.3721 -0.3091
vn 0.8752 0.3722 -0.3091
vn -0.3589 0.6025 -0.7128
vn -0.3588 0.6025 -0.7129
vn -0.3589 0.6025 -0.7129
vn -0.3590 0.6026 -0.7128
vn -0.9239 0.3827 -0.0001
vn -0.6799 -0.1722 0.7128
vn -0.6798 -0.1722 0.7128
vn 0.3590 -0.6025 0.7128
vn 0.6798 0.1723 -0.7129
vn 0.6798 0.1722 -0.7129
vn -0.4058 0.3145 -0.8581
vn -0.4059 0.3146 -0.8581
vn -0.4058 0.3145 -0.8582
vn -0.5095 0.0647 0.8580
vn 0.5094 -0.0646 -0.8581
vn 0.5094 -0.0647 -0.8581
vn 0.5097 -0.0648 -0.8579
vn -0.5094 0.0647 -0.8581
vn -0.5096 0.0647 -0.8580
vn -0.5094 0.0646 -0.8581
vn -0.5095 0.0647 -0.8580
vn -0.4060 0.3145 0.8581
vn 0.5095 -0.0647 0.8580
vn 0.9239 -0.3826 -0.0001
vn 0.4059 -0.3146 -0.8581
vn 0.4058 -0.3144 -0.8582
vn 0.4058 -0.3145 -0.8581
vn -0.6798 -0.1723 -0.7129
vn -0.9239 0.3827 0.0001
vn -0.3590 0.6027 0.7127
vn 0.3588 -0.6025 -0.7129
vn 0.3591 -0.6025 -0.7128
vn -0.8752 -0.3721 -0.3091
vn -0.8752 -0.3720 -0.3092
vn -0.8752 -0.3723 -0.3091
vn -0.3556 0.8820 0.3092
vn -0.3557 0.8820 0.3090
vn -0.3558 0.8819 0.3093
vn 0.8752 0.3721 0.3092
vn 0.3556 -0.8820 -0.3092
vn 0.3558 -0.8820 -0.3091
vn 0.7128 -0.4192 0.5622
vn -0.7129 0.4192 0.5622
vn -0.7129 0.4191 -0.5622
vn -0.7129 0.4190 -0.5623
vn -0.7129 0.4192 -0.5622
vn -0.7129 0.4193 -0.5621
vn 0.7128 -0.4192 -0.5623
vn 0.7128 -0.4192 -0.5622
vn 0.8580 -0.1353 0.4955
vn 0.8580 -0.1353 0.4956
vn -0.8580 0.1354 0.4955
vn -0.8579 0.1355 0.4956
vn -0.8580 0.1354 -0.4955
vn -0.8580 0.1355 -0.4954
vn -0.8580 0.1353 -0.4956
vn 0.8580 -0.1353 -0.4955
vn 0.8580 -0.1353 -0.4954
vn 0.8580 0.1353 0.4955
vn 0.8580 0.1353 0.4954
vn -0.8581 -0.1351 0.4953
vn -0.8580 -0.1353 0.4956
vn -0.8580 -0.1354 0.4955
vn -0.8580 -0.1355 0.4954
vn -0.8580 -0.1354 -0.4955
vn -0.8579 -0.1355 -0.4956
vn 0.8580 0.1353 -0.4955
vn 0.8580 0.1353 -0.4956
vn 0.7128 0.4192 0.5623
vn -0.7129 -0.4192 0.5622
vn -0.7129 -0.4193 0.5621
vn -0.7129 -0.4191 0.5622
vn -0.7129 -0.4190 0.5623
vn -0.7129 -0.4192 -0.5622
vn 0.7128 0.4192 -0.5622
vn -0.7127 0.4193 0.5623
vn -0.7128 0.4193 0.5623
vn 0.7129 -0.4193 0.5621
vn 0.7129 -0.4193 0.5622
vn 0.7128 -0.4193 -0.5622
vn 0.7128 -0.4194 -0.5622
vn -0.7127 0.4193 -0.5623
vn 0.8580 -0.1352 -0.4954
vn -0.8581 0.1352 -0.4954
vn -0.7127 -0.4193 0.5623
vn 0.7128 0.4193 0.5622
vn 0.7128 0.4194 0.5622
vn 0.7129 0.4193 -0.5621
vn 0.7127 0.4194 -0.5623
vn -0.7127 -0.4193 -0.5623
vn -0.7128 -0.4193 -0.5623
vn -0.3557 -0.8820 0.3091
vn 0.3556 0.8821 -0.3089
vn -0.3589 -0.6025 0.7128
vn -0.3589 -0.6025 0.7129
vn -0.3589 -0.6026 0.7128
vn -0.6799 0.1722 -0.7128
vn -0.6798 0.1722 -0.7129
vn 0.3590 0.6025 -0.7128
vn 0.6797 -0.1723 0.7129
vn 0.6798 -0.1722 0.7129
vn -0.4059 -0.3146 0.8581
vn -0.4058 -0.3145 0.8582
vn -0.5095 -0.0647 -0.8581
vn 0.4060 0.3145 -0.8580
vn 0.9239 0.3826 0.0001
vn 0.4060 0.3146 0.8581
vn 0.4058 0.3144 0.8582
vn 0.4060 0.3146 0.8580
vn -0.3590 -0.6027 -0.7127
vn -0.3589 -0.6024 -0.7129
vn 0.6799 -0.1723 -0.7128
vn -0.8752 0.3720 0.3092
vn -0.8752 0.3723 0.3091
vn 0.9239 0.3826 -0.0001
vn 0.3558 0.8820 0.3091
vn 0.3555 0.8820 0.3093
vn -0.8751 0.3722 -0.3092
vn -0.8753 0.3720 -0.3090
vn 0.3555 0.8821 -0.3092
vn -0.3590 -0.6027 0.7127
vn -0.3589 -0.6027 0.7127
vn -0.5094 -0.0646 -0.8581
vn -0.4060 -0.3145 0.8581
vn 0.4061 0.3145 -0.8580
vn -0.4059 -0.3145 -0.8581
vn 0.9238 0.3828 -0.0000
vn 0.5095 0.0646 -0.8581
vn -0.3590 -0.6025 -0.7129
vn -0.3589 -0.6025 -0.7129
vn 0.3590 0.6025 0.7128
vn 0.3590 0.6025 0.7129
vn -0.3556 -0.8820 -0.3091
vn -0.3558 -0.8820 -0.3092
vn 0.3556 0.8819 0.3094
vn 0.6984 -0.2613 0.6663
vn 0.6986 -0.2612 0.6661
vn -0.6984 0.2615 0.6662
vn -0.6985 0.2611 -0.6663
vn 0.6985 -0.2612 -0.6663
vn 0.8004 0.2075 0.5624
vn -0.8005 -0.2076 0.5622
vn -0.8006 -0.2077 0.5621
vn -0.8005 -0.2076 -0.5622
vn -0.8006 -0.2075 -0.5621
vn -0.8004 -0.2077 -0.5623
vn 0.8004 0.2075 -0.5624
vn 0.8006 0.2076 -0.5621
vn 0.7024 0.5112 0.4953
vn 0.7023 0.5112 0.4954
vn -0.7024 -0.5111 0.4953
vn 0.7023 0.5111 -0.4956
vn 0.7024 0.5111 -0.4954
vn 0.7025 0.5111 -0.4953
vn 0.5111 0.7024 0.4954
vn 0.5111 0.7025 0.4953
vn -0.5111 -0.7024 -0.4953
vn 0.5112 0.7023 -0.4954
vn 0.2075 0.8004 0.5624
vn -0.2076 -0.8005 0.5622
vn -0.2077 -0.8004 0.5623
vn -0.2075 -0.8006 0.5621
vn -0.2076 -0.8005 -0.5622
vn -0.2076 -0.8006 -0.5621
vn -0.2077 -0.8006 -0.5621
vn 0.2075 0.8004 -0.5624
vn 0.2075 0.8004 -0.5623
vn -0.2612 0.6985 0.6663
vn -0.2612 0.6986 -0.6661
vn -0.2613 0.6984 -0.6663
vn -0.6985 0.2614 0.6661
vn 0.6985 -0.2610 -0.6663
vn -0.8005 -0.2076 0.5623
vn 0.8005 0.2075 0.5623
vn 0.8005 0.2074 -0.5623
vn -0.8004 -0.2076 -0.5623
vn -0.8005 -0.2076 -0.5623
vn -0.8006 -0.2076 -0.5622
vn -0.7025 -0.5112 0.4952
vn 0.7024 0.5110 0.4955
vn 0.7023 0.5112 -0.4954
vn 0.7022 0.5112 -0.4955
vn -0.7023 -0.5110 -0.4956
vn -0.7022 -0.5111 -0.4957
vn -0.7024 -0.5112 -0.4953
vn -0.5110 -0.7023 0.4956
vn -0.5110 -0.7023 0.4955
vn -0.5112 -0.7025 0.4952
vn 0.5112 0.7023 0.4954
vn 0.5112 0.7022 0.4955
vn 0.5113 0.7023 -0.4953
vn -0.5110 -0.7023 -0.4956
vn -0.5111 -0.7023 -0.4956
vn -0.2076 -0.8005 0.5623
vn -0.2075 -0.8006 0.5622
vn -0.2076 -0.8004 0.5623
vn 0.2074 0.8005 0.5623
vn 0.2074 0.8004 -0.5624
vn 0.2075 0.8005 -0.5623
vn -0.2076 -0.8005 -0.5623
vn -0.2076 -0.8006 -0.5620
vn -0.2610 0.6985 0.6663
vn 0.2614 -0.6985 -0.6661
vn 0.3722 -0.8751 0.3092
vn 0.3720 -0.8753 0.3090
vn -0.8819 -0.3557 -0.3093
vn -0.8820 -0.3557 -0.3091
vn 0.3826 0.9239 0.0001
vn 0.3826 0.9239 -0.0000
vn 0.8821 0.3555 0.3092
vn 0.8819 0.3558 0.3093
vn -0.6027 -0.3590 -0.7127
vn -0.0646 -0.5094 0.8581
vn -0.0647 -0.5097 0.8579
vn -0.3145 -0.4060 -0.8581
vn 0.3145 0.4060 0.8580
vn -0.3145 -0.4059 0.8581
vn -0.0647 -0.5095 -0.8581
vn 0.3146 0.4060 -0.8580
vn 0.3828 0.9238 -0.0000
vn 0.0646 0.5095 0.8581
vn -0.6025 -0.3589 0.7129
vn 0.1722 -0.6799 -0.7128
vn 0.6025 0.3590 -0.7128
vn -0.1723 0.6798 0.7128
vn -0.8820 -0.3556 0.3091
vn -0.8820 -0.3558 0.3092
vn 0.8820 0.3557 -0.3093
vn 0.8820 0.3558 -0.3090
vn 0.8819 0.3557 0.3093
vn 0.8821 0.3556 0.3089
vn -0.6025 -0.3589 -0.7128
vn -0.6026 -0.3590 -0.7128
vn 0.1722 -0.6799 0.7128
vn 0.1722 -0.6798 0.7129
vn 0.6025 0.3590 0.7128
vn 0.6025 0.3589 0.7128
vn -0.1722 0.6798 -0.7129
vn -0.3145 -0.4058 -0.8582
vn -0.0647 -0.5095 0.8581
vn 0.3146 0.4060 0.8580
vn 0.0647 0.5096 -0.8580
vn -0.0645 -0.5093 -0.8581
vn 0.3826 0.9239 -0.0001
vn -0.6027 -0.3590 0.7127
vn -0.1723 0.6799 0.7128
vn 0.3720 -0.8752 -0.3092
vn 0.3723 -0.8752 -0.3091
vn -0.8820 -0.3557 0.3090
vn -0.8820 -0.3557 0.3091
vn 0.8820 0.3558 -0.3091
vn 0.8820 0.3555 -0.3093
vn -0.6787 -0.3091 0.6661
vn 0.4192 0.7128 0.5622
vn -0.4192 -0.7129 0.5622
vn -0.4191 -0.7131 0.5620
vn -0.4191 -0.7129 -0.5622
vn -0.4190 -0.7129 -0.5623
vn -0.4192 -0.7129 -0.5622
vn -0.4193 -0.7129 -0.5621
vn 0.4192 0.7128 -0.5623
vn 0.4193 0.7128 -0.5622
vn 0.1353 0.8580 0.4955
vn 0.1353 0.8580 0.4956
vn -0.1354 -0.8580 0.4955
vn -0.1355 -0.8579 0.4956
vn -0.1354 -0.8580 -0.4955
vn -0.1355 -0.8580 -0.4954
vn -0.1353 -0.8580 -0.4956
vn 0.1353 0.8580 -0.4955
vn 0.1353 0.8580 -0.4954
vn -0.1353 0.8580 0.4955
vn -0.1353 0.8580 0.4954
vn 0.1354 -0.8580 0.4955
vn 0.1353 -0.8580 0.4956
vn 0.1355 -0.8580 0.4954
vn 0.1354 -0.8580 -0.4955
vn 0.1355 -0.8579 -0.4956
vn -0.1353 0.8580 -0.4955
vn -0.1353 0.8580 -0.4956
vn -0.4192 0.7128 0.5623
vn 0.4192 -0.7129 0.5622
vn 0.4193 -0.7129 0.5621
vn 0.4191 -0.7129 0.5622
vn 0.4190 -0.7129 0.5623
vn 0.4192 -0.7129 -0.5622
vn -0.4192 0.7128 -0.5622
vn -0.4193 -0.7127 0.5623
vn 0.4193 0.7128 0.5622
vn 0.4194 0.7127 0.5623
vn 0.4193 0.7129 0.5621
vn 0.4194 0.7128 -0.5622
vn -0.4193 -0.7127 -0.5623
vn 0.4193 -0.7127 0.5623
vn -0.4193 0.7128 0.5622
vn -0.4194 0.7128 0.5622
vn -0.4193 0.7129 -0.5621
vn -0.4194 0.7127 -0.5623
vn 0.4193 -0.7127 -0.5623
vn 0.4193 -0.7128 -0.5623
vn 0.8820 -0.3557 0.3091
vn -0.8819 0.3557 -0.3093
vn 0.3722 0.8752 0.3091
vn 0.6025 -0.3589 0.7128
vn 0.6026 -0.3590 0.7128
vn -0.1722 -0.6799 -0.7128
vn -0.1722 -0.6798 -0.7129
vn -0.6025 0.3590 -0.7128
vn 0.1722 0.6798 0.7129
vn 0.3145 -0.4058 0.8582
vn 0.0647 -0.5095 -0.8581
vn -0.3145 0.4060 -0.8580
vn 0.0647 -0.5095 0.8581
vn 0.3145 -0.4059 -0.8581
vn -0.3826 0.9239 0.0001
vn 0.6027 -0.3590 -0.7127
vn 0.6024 -0.3589 -0.7129
vn 0.1723 0.6799 -0.7128
vn -0.3720 -0.8752 0.3092
vn -0.3723 -0.8752 0.3091
vn 0.8820 -0.3557 -0.3090
vn -0.3826 0.9239 -0.0001
vn -0.8820 0.3559 0.3090
vn -0.3722 -0.8751 -0.3092
vn -0.3720 -0.8753 -0.3090
vn -0.8819 0.3558 -0.3092
vn -0.8819 0.3558 -0.3093
vn 0.6027 -0.3590 0.7127
vn 0.6026 -0.3590 0.7127
vn 0.0647 -0.5096 -0.8580
vn 0.0646 -0.5094 -0.8581
vn 0.0647 -0.5097 -0.8579
vn 0.3145 -0.4060 0.8581
vn -0.3145 0.4060 0.8580
vn -0.3828 0.9238 -0.0000
vn -0.0646 0.5095 -0.8581
vn -0.0646 0.5093 -0.8581
vn 0.6025 -0.3589 -0.7129
vn -0.6025 0.3590 0.7128
vn 0.8820 -0.3556 -0.3091
vn 0.8820 -0.3558 -0.3092
vn -0.8819 0.3556 0.3094
vn 0.2613 0.6984 0.6663
vn 0.2612 0.6986 0.6661
vn -0.2614 -0.6985 -0.6662
vn 0.2612 0.6985 -0.6663
vn -0.2075 0.8004 0.5624
vn 0.2076 -0.8005 0.5622
vn 0.2074 -0.8005 0.5622
vn 0.2076 -0.8005 -0.5622
vn 0.2075 -0.8006 -0.5621
vn 0.2077 -0.8004 -0.5623
vn -0.2075 0.8004 -0.5624
vn -0.5112 0.7025 0.4952
vn -0.5112 0.7023 0.4954
vn -0.5111 0.7024 0.4954
vn 0.5111 -0.7024 0.4953
vn -0.5111 0.7025 -0.4953
vn -0.5111 0.7024 -0.4954
vn -0.7022 0.5111 0.4956
vn -0.7023 0.5111 0.4956
vn 0.7024 -0.5111 -0.4953
vn -0.7023 0.5112 -0.4954
vn -0.7024 0.5111 -0.4954
vn -0.7024 0.5112 -0.4953
vn -0.8004 0.2075 0.5624
vn -0.8006 0.2076 0.5621
vn 0.8005 -0.2076 0.5622
vn 0.8004 -0.2077 0.5623
vn 0.8006 -0.2075 0.5621
vn 0.8005 -0.2076 -0.5622
vn 0.8006 -0.2077 -0.5621
vn -0.8004 0.2075 -0.5624
vn -0.8004 0.2075 -0.5623
vn -0.8006 0.2076 -0.5621
vn -0.6985 -0.2612 0.6663
vn 0.6985 0.2615 0.6661
vn 0.6985 0.2614 -0.6662
vn -0.6986 -0.2612 -0.6661
vn -0.6984 -0.2613 -0.6663
vn -0.2614 -0.6985 0.6661
vn -0.2614 -0.6985 0.6662
vn 0.2076 -0.8005 0.5623
vn 0.2077 -0.8006 0.5621
vn -0.2074 0.8005 -0.5623
vn 0.2076 -0.8004 -0.5623
vn 0.2076 -0.8005 -0.5623
vn 0.2076 -0.8006 -0.5622
vn 0.5111 -0.7023 0.4956
vn 0.5110 -0.7023 0.4957
vn 0.5110 -0.7023 0.4956
vn -0.5110 0.7024 0.4955
vn -0.5112 0.7023 -0.4954
vn -0.5112 0.7022 -0.4955
vn 0.5110 -0.7023 -0.4956
vn 0.5110 -0.7023 -0.4957
vn 0.5112 -0.7025 -0.4952
vn 0.5110 -0.7023 -0.4955
vn 0.7023 -0.5110 0.4956
vn 0.7023 -0.5110 0.4955
vn -0.7023 0.5112 0.4954
vn -0.7023 0.5112 0.4955
vn -0.7023 0.5113 -0.4953
vn 0.7025 -0.5112 -0.4952
vn 0.7023 -0.5110 -0.4956
vn 0.8005 -0.2076 0.5623
vn 0.8006 -0.2076 0.5622
vn 0.8004 -0.2076 0.5623
vn -0.8005 0.2075 0.5624
vn -0.8005 0.2074 0.5623
vn 0.8005 -0.2076 -0.5623
vn -0.6985 -0.2610 0.6663
vn -0.6987 -0.2611 -0.6661
vn 0.6985 0.2614 -0.6661
vn 0.8751 0.3722 0.3092
vn 0.8753 0.3720 0.3090
vn 0.3556 -0.8819 -0.3094
vn -0.9239 0.3826 0.0001
vn -0.3555 0.8821 0.3092
vn 0.3590 -0.6027 -0.7127
vn 0.4060 -0.3145 -0.8581
vn -0.4060 0.3145 0.8580
vn 0.4059 -0.3145 0.8581
vn -0.4060 0.3146 -0.8580
vn -0.9238 0.3828 -0.0000
vn 0.3590 -0.6025 0.7129
vn 0.3589 -0.6025 0.7129
vn -0.3590 0.6025 -0.7128
vn -0.3590 0.6025 -0.7129
vn -0.6799 -0.1723 0.7128
vn 0.3556 -0.8820 0.3091
vn -0.3558 0.8820 -0.3090
vn 0.3557 -0.8820 -0.3091
vn -0.3557 0.8819 0.3093
vn -0.8752 -0.3722 -0.3091
vn 0.3589 -0.6025 -0.7128
vn 0.3589 -0.6025 -0.7129
vn 0.3590 -0.6026 -0.7128
vn 0.6799 0.1722 0.7128
vn 0.6798 0.1722 0.7128
vn -0.3590 0.6025 0.7128
vn -0.6798 -0.1722 -0.7129
vn 0.4058 -0.3145 -0.8582
vn -0.5097 0.0648 -0.8579
vn 0.5096 -0.0647 -0.8580
vn -0.9239 0.3826 -0.0001
vn -0.4058 0.3144 -0.8582
vn 0.3590 -0.6027 0.7127
vn -0.3591 0.6025 -0.7128
vn 0.8752 0.3720 -0.3092
vn 0.8752 0.3723 -0.3091
vn 0.3557 -0.8820 0.3090
vn -0.3558 0.8820 -0.3091
vn 0.7127 -0.4194 0.5623
vn -0.7128 0.4193 -0.5623
vn 0.8581 -0.1352 0.4955
vn 0.8581 0.1352 0.4954
vn 0.8581 0.1352 -0.4955
vn -0.7130 -0.4193 -0.5620
vn 0.3094 0.6787 -0.6660
vn -0.3094 0.6785 -0.6662
vn -0.8581 0.1353 0.4954
vn -0.8581 0.1352 0.4953
vn -0.8581 0.1353 -0.4954
vn -0.8581 0.1354 -0.4953
vn -0.8581 -0.1353 0.4954
vn -0.8581 -0.1354 0.4953
vn -0.8581 -0.1352 0.4954
vn -0.8581 -0.1353 -0.4954
vn -0.8581 -0.1352 -0.4953
vn 0.7128 0.4192 0.5622
vn 0.9239 0.3827 0.0002
vn 0.8751 -0.3722 -0.3093
vn 0.8753 -0.3720 -0.3089
vn -0.3557 -0.8820 -0.3090
vn -0.3558 -0.8820 -0.3090
vn -0.8751 0.3722 0.3092
vn -0.8752 0.3721 0.3093
vn -0.8751 0.3723 0.3092
vn 0.9239 0.3826 -0.0002
vn 0.9239 0.3827 -0.0002
vn 0.6800 -0.1722 -0.7127
vn 0.5095 0.0648 -0.8580
vn 0.5095 0.0645 -0.8581
vn 0.5096 0.0647 -0.8580
vn -0.5096 -0.0647 0.8580
vn 0.5095 0.0646 0.8581
vn 0.4061 0.3144 -0.8580
vn -0.5094 -0.0647 -0.8581
vn -0.5093 -0.0647 -0.8581
vn -0.4059 -0.3145 0.8581
vn 0.3590 0.6026 -0.7128
vn 0.3589 0.6027 -0.7127
vn 0.3591 0.6025 -0.7128
vn -0.3590 -0.6026 0.7127
vn -0.3588 -0.6024 0.7130
vn 0.8752 -0.3722 0.3092
vn 0.8751 -0.3722 0.3092
vn 0.9239 0.3828 -0.0000
vn 0.3558 0.8819 -0.3092
vn 0.3557 0.8820 -0.3091
vn 0.3556 0.8821 -0.3090
vn -0.8752 0.3722 -0.3090
vn -0.8752 0.3721 -0.3093
vn -0.8752 0.3720 -0.3093
vn -0.8751 0.3723 -0.3091
vn -0.3558 -0.8820 0.3092
vn -0.3556 -0.8820 0.3093
vn 0.8752 -0.3722 -0.3092
vn 0.3559 0.8820 0.3089
vn -0.8752 0.3723 0.3090
vn -0.3558 -0.8819 -0.3092
vn 0.6798 -0.1723 -0.7128
vn 0.3590 0.6026 0.7128
vn 0.3591 0.6027 0.7127
vn 0.4061 0.3145 0.8580
vn 0.4060 0.3144 0.8581
vn 0.4061 0.3146 0.8580
vn -0.5094 -0.0648 0.8581
vn 0.5095 0.0648 0.8580
vn -0.4059 -0.3144 0.8581
vn 0.6800 -0.1722 0.7127
vn 0.6800 -0.1724 0.7127
vn 0.6800 -0.1721 0.7127
vn -0.6798 0.1723 -0.7128
vn 0.8752 -0.3722 0.3090
vn -0.3557 -0.8819 0.3093
vn -0.3558 -0.8820 0.3089
vn -0.3557 -0.8820 0.3090
vn -0.8751 0.3723 -0.3093
vn -0.6986 0.2613 0.6662
vn -0.6986 0.2613 0.6661
vn 0.6986 -0.2612 -0.6661
vn 0.6984 -0.2615 -0.6662
vn 0.6986 -0.2612 -0.6662
vn -0.6986 0.2613 -0.6662
vn -0.6986 0.2613 -0.6661
vn -0.6986 0.2612 -0.6662
vn -0.8006 -0.2075 0.5622
vn -0.8006 -0.2076 0.5621
vn 0.8006 0.2074 0.5622
vn 0.8006 0.2075 0.5621
vn 0.8006 0.2074 -0.5622
vn 0.8006 0.2074 -0.5621
vn 0.8006 0.2075 -0.5622
vn -0.8006 -0.2075 -0.5622
vn -0.7024 -0.5111 0.4954
vn -0.2076 -0.8006 0.5622
vn 0.2074 0.8006 0.5622
vn 0.2074 0.8006 0.5621
vn 0.2074 0.8006 -0.5622
vn 0.2075 0.8006 -0.5621
vn -0.2075 -0.8006 -0.5622
vn 0.2613 -0.6986 0.6662
vn 0.2612 -0.6986 0.6662
vn 0.2613 -0.6986 0.6661
vn -0.2612 0.6986 0.6661
vn -0.2612 0.6986 0.6662
vn 0.2613 -0.6986 -0.6662
vn -0.6985 0.2612 0.6662
vn 0.6985 -0.2614 -0.6662
vn 0.8006 0.2075 0.5622
vn 0.8006 0.2076 0.5621
vn -0.8006 -0.2078 0.5621
vn -0.8004 -0.2077 -0.5624
vn 0.7024 0.5111 0.4954
vn -0.7023 -0.5110 -0.4957
vn -0.7022 -0.5110 -0.4957
vn -0.5110 -0.7023 0.4957
vn -0.5110 -0.7023 -0.4957
vn 0.2076 0.8006 0.5622
vn -0.2077 -0.8004 0.5624
vn -0.2078 -0.8006 -0.5621
vn 0.2075 0.8006 -0.5622
vn 0.2612 -0.6985 -0.6662
vn -0.2613 0.6987 -0.6660
vn -0.2613 0.6986 -0.6661
vn -0.3722 0.8752 0.3092
vn 0.3828 0.9239 -0.0000
vn 0.8819 0.3556 -0.3094
vn 0.8820 0.3556 -0.3093
vn 0.3722 -0.8752 -0.3090
vn 0.3723 -0.8752 -0.3090
vn 0.3722 -0.8752 -0.3091
vn -0.8819 -0.3558 0.3092
vn -0.6025 -0.3590 0.7129
vn 0.3145 0.4061 -0.8580
vn 0.3144 0.4060 -0.8581
vn 0.3146 0.4061 -0.8580
vn -0.0648 -0.5094 -0.8581
vn 0.0648 0.5095 -0.8580
vn 0.0644 0.5094 -0.8581
vn -0.3144 -0.4060 -0.8581
vn -0.0647 -0.5096 0.8580
vn -0.1722 0.6800 -0.7127
vn -0.1721 0.6797 -0.7130
vn -0.1723 0.6796 -0.7130
vn -0.1721 0.6800 -0.7127
vn -0.3721 0.8752 -0.3093
vn -0.8820 -0.3558 -0.3089
vn -0.8819 -0.3557 -0.3094
vn 0.3723 -0.8751 0.3093
vn 0.3827 0.9239 -0.0002
vn -0.3720 0.8753 0.3089
vn -0.8820 -0.3558 0.3090
vn 0.3722 -0.8751 -0.3092
vn 0.3721 -0.8752 -0.3093
vn 0.3723 -0.8751 -0.3092
vn 0.3826 0.9239 0.0002
vn 0.3827 0.9239 0.0002
vn -0.1722 0.6800 0.7127
vn -0.1723 0.6801 0.7126
vn 0.0648 0.5095 0.8580
vn 0.0648 0.5094 0.8581
vn 0.0645 0.5094 0.8581
vn 0.0648 0.5096 0.8580
vn 0.0646 0.5095 -0.8581
vn 0.0646 0.5095 -0.8580
vn 0.3146 0.4058 0.8581
vn 0.3145 0.4061 0.8580
vn -0.0647 -0.5094 0.8581
vn -0.0647 -0.5093 0.8581
vn 0.6026 0.3590 0.7128
vn 0.6024 0.3590 0.7129
vn 0.6025 0.3591 0.7128
vn -0.6026 -0.3590 -0.7127
vn -0.6024 -0.3588 -0.7130
vn -0.3722 0.8752 -0.3092
vn 0.8819 0.3558 0.3092
vn 0.8821 0.3556 0.3090
vn 0.3722 -0.8752 0.3090
vn 0.3722 -0.8752 0.3091
vn 0.3720 -0.8752 0.3093
vn -0.8820 -0.3556 -0.3093
vn -0.6786 -0.3091 0.6662
vn -0.6786 -0.3092 -0.6663
vn -0.4193 -0.7128 0.5623
vn -0.1352 -0.8581 0.4954
vn 0.1352 0.8581 0.4954
vn 0.1352 0.8580 -0.4954
vn -0.1352 -0.8580 -0.4954
vn 0.4193 -0.7130 0.5620
vn 0.4193 -0.7130 -0.5619
vn -0.6788 0.3091 0.6661
vn -0.6785 0.3094 0.6662
vn 0.6786 0.3091 0.6662
vn -0.1353 -0.8581 0.4954
vn -0.1352 -0.8581 0.4953
vn -0.1353 -0.8581 -0.4954
vn -0.1353 -0.8581 -0.4953
vn 0.1353 -0.8581 0.4954
vn 0.1353 -0.8581 0.4953
vn 0.1352 -0.8581 0.4954
vn 0.1353 -0.8581 -0.4954
vn 0.1352 -0.8581 -0.4953
vn 0.6788 -0.3091 0.6661
vn 0.6785 -0.3094 0.6662
vn -0.3827 0.9239 0.0002
vn 0.8820 -0.3558 -0.3090
vn 0.8820 -0.3556 -0.3093
vn -0.3722 -0.8751 0.3092
vn -0.3721 -0.8752 0.3093
vn -0.3723 -0.8751 0.3092
vn -0.3826 0.9239 -0.0002
vn -0.3827 0.9239 -0.0002
vn 0.1723 0.6800 -0.7127
vn 0.1723 0.6801 -0.7126
vn 0.6025 -0.3589 -0.7128
vn -0.1724 -0.6798 0.7129
vn -0.0648 0.5095 -0.8580
vn -0.0648 0.5094 -0.8581
vn -0.0645 0.5094 -0.8581
vn -0.0648 0.5096 -0.8580
vn 0.0647 -0.5096 0.8580
vn -0.0646 0.5095 0.8581
vn -0.0646 0.5095 0.8580
vn -0.3144 0.4061 -0.8580
vn -0.3145 0.4061 -0.8580
vn 0.0647 -0.5094 -0.8581
vn 0.0647 -0.5093 -0.8581
vn -0.6026 0.3590 -0.7128
vn -0.6024 0.3590 -0.7129
vn -0.6025 0.3591 -0.7128
vn 0.6024 -0.3588 0.7130
vn 0.3722 0.8752 0.3092
vn 0.3722 0.8751 0.3092
vn -0.3828 0.9239 -0.0000
vn -0.8820 0.3557 -0.3091
vn -0.3722 -0.8752 -0.3090
vn -0.3722 -0.8752 -0.3091
vn 0.8820 -0.3558 0.3092
vn 0.8820 -0.3556 0.3093
vn 0.3722 0.8752 -0.3092
vn -0.3722 -0.8752 0.3090
vn -0.3723 -0.8752 0.3090
vn 0.6025 -0.3590 -0.7129
vn -0.3145 0.4061 0.8580
vn -0.3144 0.4060 0.8581
vn -0.3146 0.4061 0.8580
vn 0.0643 -0.5095 0.8581
vn -0.0648 0.5095 0.8580
vn -0.0644 0.5094 0.8581
vn 0.3144 -0.4060 0.8581
vn 0.1722 0.6800 0.7127
vn 0.1721 0.6800 0.7127
vn 0.3722 0.8752 0.3090
vn 0.8819 -0.3557 0.3093
vn 0.8820 -0.3558 0.3089
vn 0.8820 -0.3558 0.3090
vn 0.8820 -0.3557 0.3090
vn -0.2613 -0.6986 0.6662
vn -0.2613 -0.6986 0.6661
vn 0.2612 0.6986 -0.6661
vn 0.2612 0.6986 -0.6662
vn -0.2613 -0.6986 -0.6662
vn -0.2613 -0.6986 -0.6661
vn -0.2612 -0.6986 -0.6662
vn 0.2075 -0.8006 0.5622
vn 0.2076 -0.8006 0.5621
vn -0.2074 0.8006 0.5622
vn -0.2075 0.8006 0.5621
vn -0.2074 0.8006 -0.5622
vn -0.2074 0.8006 -0.5621
vn -0.2075 0.8006 -0.5622
vn -0.8006 0.2074 0.5622
vn -0.8006 0.2075 0.5622
vn -0.8006 0.2074 -0.5622
vn -0.8006 0.2075 -0.5621
vn 0.8006 -0.2075 -0.5622
vn 0.6986 0.2613 0.6662
vn 0.6986 0.2612 0.6662
vn 0.6986 0.2613 0.6661
vn -0.6986 -0.2612 0.6661
vn -0.6986 -0.2612 0.6662
vn 0.6986 0.2613 -0.6662
vn 0.2613 0.6986 0.6661
vn -0.2612 -0.6985 0.6662
vn -0.2075 0.8006 0.5622
vn -0.2076 0.8006 0.5621
vn 0.2078 -0.8006 0.5621
vn 0.2077 -0.8004 -0.5624
vn 0.2075 -0.8006 -0.5622
vn 0.5112 -0.7025 -0.4953
vn 0.7025 -0.5112 0.4952
vn 0.7023 -0.5110 0.4957
vn 0.7023 -0.5110 -0.4957
vn 0.8006 -0.2075 0.5622
vn 0.8004 -0.2077 0.5624
vn 0.8006 -0.2078 -0.5621
vn -0.8006 0.2075 -0.5622
vn 0.6985 0.2612 -0.6662
vn -0.8752 -0.3722 0.3092
vn -0.9239 0.3828 -0.0000
vn -0.3559 0.8820 -0.3089
vn 0.8752 0.3723 -0.3090
vn 0.3555 -0.8821 0.3090
vn 0.3558 -0.8819 0.3092
vn -0.5094 0.0646 0.8581
vn -0.4061 0.3145 -0.8580
vn -0.4060 0.3144 -0.8581
vn -0.4061 0.3146 -0.8580
vn 0.5094 -0.0648 -0.8581
vn -0.5095 0.0648 -0.8580
vn -0.5094 0.0644 -0.8581
vn 0.4059 -0.3144 -0.8581
vn 0.5094 -0.0646 0.8581
vn -0.6800 -0.1722 -0.7127
vn -0.6800 -0.1721 -0.7127
vn -0.3558 0.8820 0.3092
vn -0.8752 -0.3722 -0.3090
vn 0.3557 -0.8820 -0.3090
vn -0.9239 0.3827 -0.0002
vn -0.8753 -0.3720 0.3089
vn 0.3557 -0.8819 0.3094
vn 0.3558 -0.8820 0.3090
vn 0.8751 0.3722 -0.3092
vn 0.8752 0.3721 -0.3093
vn 0.8751 0.3723 -0.3092
vn -0.3589 0.6026 -0.7128
vn -0.9239 0.3826 0.0002
vn -0.9239 0.3827 0.0002
vn -0.6801 -0.1723 0.7126
vn -0.6800 -0.1722 0.7127
vn -0.6798 -0.1722 0.7129
vn 0.3589 -0.6025 0.7128
vn -0.5095 0.0648 0.8580
vn -0.5095 0.0643 0.8581
vn -0.5096 0.0647 0.8580
vn 0.5093 -0.0645 -0.8581
vn -0.5095 0.0646 -0.8581
vn -0.4061 0.3144 0.8580
vn 0.5094 -0.0647 0.8581
vn 0.5093 -0.0647 0.8581
vn -0.3590 0.6026 0.7128
vn -0.3589 0.6027 0.7127
vn -0.3591 0.6025 0.7128
vn 0.3590 -0.6026 -0.7127
vn 0.3588 -0.6024 -0.7130
vn -0.8752 -0.3722 -0.3092
vn -0.8751 -0.3722 -0.3092
vn -0.3558 0.8819 0.3092
vn -0.3557 0.8820 0.3091
vn -0.3556 0.8821 0.3090
vn 0.8752 0.3722 0.3090
vn 0.8752 0.3722 0.3091
vn 0.8751 0.3722 0.3091
vn 0.3558 -0.8820 -0.3092
vn 0.3556 -0.8820 -0.3093
vn -0.7127 0.4194 0.5623
vn 0.7128 -0.4193 -0.5623
vn -0.8581 0.1352 0.4955
vn -0.8581 -0.1352 -0.4955
vn 0.7130 0.4193 -0.5620
vn -0.3094 -0.6787 -0.6660
vn 0.3094 -0.6785 -0.6662
vn 0.8581 -0.1353 0.4954
vn 0.8581 -0.1352 0.4953
vn 0.8581 -0.1353 -0.4954
vn 0.8581 -0.1354 -0.4953
vn 0.8581 0.1353 0.4954
vn 0.8581 0.1354 0.4953
vn 0.8581 0.1353 -0.4954
vn 0.8581 0.1352 -0.4953
vn -0.7128 -0.4192 0.5622
vn -0.9239 -0.3827 0.0002
vn -0.8751 0.3722 -0.3093
vn -0.8753 0.3720 -0.3089
vn 0.3557 0.8820 -0.3090
vn 0.3558 0.8820 -0.3090
vn 0.8752 -0.3721 0.3093
vn 0.8751 -0.3723 0.3092
vn -0.9239 -0.3826 -0.0002
vn -0.9239 -0.3827 -0.0002
vn -0.6800 0.1722 -0.7127
vn -0.5095 -0.0648 -0.8580
vn -0.5095 -0.0645 -0.8581
vn -0.5096 -0.0647 -0.8580
vn 0.5096 0.0647 0.8580
vn -0.5095 -0.0646 0.8581
vn -0.4061 -0.3144 -0.8580
vn 0.5094 0.0647 -0.8581
vn 0.5093 0.0647 -0.8581
vn -0.3590 -0.6026 -0.7128
vn -0.3589 -0.6027 -0.7127
vn -0.3591 -0.6025 -0.7128
vn 0.3590 0.6026 0.7127
vn 0.3588 0.6024 0.7130
vn -0.8752 0.3722 0.3092
vn -0.9239 -0.3828 -0.0000
vn -0.3557 -0.8820 -0.3091
vn -0.3556 -0.8821 -0.3090
vn 0.8752 -0.3722 -0.3090
vn 0.8752 -0.3721 -0.3093
vn 0.8752 -0.3720 -0.3093
vn 0.8751 -0.3723 -0.3091
vn 0.3558 0.8820 0.3092
vn 0.3556 0.8820 0.3093
vn -0.8752 0.3722 -0.3092
vn -0.3559 -0.8820 0.3089
vn 0.8752 -0.3723 0.3090
vn -0.3590 -0.6026 0.7128
vn -0.3591 -0.6027 0.7127
vn -0.4061 -0.3145 0.8580
vn -0.4060 -0.3144 0.8581
vn -0.4061 -0.3146 0.8580
vn 0.5094 0.0648 0.8581
vn -0.5095 -0.0648 0.8580
vn 0.4059 0.3144 0.8581
vn -0.6800 0.1722 0.7127
vn -0.6800 0.1724 0.7127
vn -0.6800 0.1721 0.7127
vn -0.8752 0.3722 0.3090
vn 0.3557 0.8819 0.3093
vn 0.3558 0.8820 0.3089
vn 0.3557 0.8820 0.3090
vn 0.8751 -0.3723 -0.3093
vn 0.6986 -0.2613 0.6662
vn 0.6986 -0.2613 0.6661
vn -0.6986 0.2612 -0.6661
vn -0.6984 0.2615 -0.6662
vn 0.6986 -0.2613 -0.6662
vn 0.6986 -0.2613 -0.6661
vn -0.8006 -0.2074 0.5622
vn -0.8006 -0.2075 0.5621
vn -0.8006 -0.2074 -0.5622
vn -0.8006 -0.2074 -0.5621
vn -0.2074 -0.8006 0.5622
vn -0.2074 -0.8006 0.5621
vn -0.2074 -0.8006 -0.5622
vn -0.2075 -0.8006 -0.5621
vn -0.2613 0.6986 0.6662
vn -0.2613 0.6986 0.6661
vn 0.2612 -0.6986 0.6661
vn -0.2613 0.6986 -0.6662
vn 0.6985 -0.2612 0.6662
vn -0.6985 0.2614 -0.6662
vn 0.8006 0.2078 0.5621
vn 0.8004 0.2077 -0.5624
vn 0.7023 0.5110 -0.4957
vn 0.7022 0.5110 -0.4957
vn 0.5110 0.7023 0.4957
vn 0.5110 0.7023 -0.4957
vn 0.2077 0.8004 0.5624
vn 0.2078 0.8006 -0.5621
vn -0.2612 0.6985 -0.6662
vn 0.2613 -0.6987 -0.6660
vn 0.2613 -0.6986 -0.6661
vn 0.3722 -0.8752 0.3092
vn -0.3828 -0.9239 -0.0000
vn -0.8819 -0.3556 -0.3094
vn -0.3722 0.8752 -0.3090
vn -0.3723 0.8752 -0.3090
vn -0.3722 0.8752 -0.3091
vn 0.6025 0.3590 0.7129
vn -0.3145 -0.4061 -0.8580
vn -0.3146 -0.4061 -0.8580
vn 0.0648 0.5094 -0.8581
vn -0.0648 -0.5095 -0.8580
vn -0.0644 -0.5094 -0.8581
vn 0.0647 0.5096 0.8580
vn 0.1722 -0.6800 -0.7127
vn 0.1721 -0.6797 -0.7130
vn 0.1723 -0.6796 -0.7130
vn 0.1721 -0.6800 -0.7127
vn 0.8820 0.3558 -0.3089
vn 0.8819 0.3557 -0.3094
vn -0.3723 0.8751 0.3093
vn -0.3827 -0.9239 -0.0002
vn 0.3720 -0.8753 0.3089
vn 0.8820 0.3558 0.3090
vn -0.3722 0.8751 -0.3092
vn -0.3723 0.8751 -0.3092
vn -0.3826 -0.9239 0.0002
vn -0.3827 -0.9239 0.0002
vn 0.1722 -0.6800 0.7127
vn 0.1723 -0.6801 0.7126
vn -0.0648 -0.5095 0.8580
vn -0.0648 -0.5094 0.8581
vn -0.0645 -0.5094 0.8581
vn -0.0648 -0.5096 0.8580
vn -0.0646 -0.5095 -0.8581
vn -0.0646 -0.5095 -0.8580
vn -0.3146 -0.4058 0.8581
vn -0.3145 -0.4061 0.8580
vn 0.0647 0.5094 0.8581
vn 0.0647 0.5093 0.8581
vn -0.6026 -0.3590 0.7128
vn -0.6024 -0.3590 0.7129
vn -0.6025 -0.3591 0.7128
vn 0.6026 0.3590 -0.7127
vn 0.6024 0.3588 -0.7130
vn 0.3722 -0.8752 -0.3092
vn -0.8821 -0.3556 0.3090
vn -0.3722 0.8752 0.3090
vn -0.3722 0.8752 0.3091
vn -0.3720 0.8752 0.3093
vn 0.6786 0.3092 -0.6663
vn 0.4193 0.7128 0.5623
vn -0.4193 0.7130 0.5620
vn -0.4193 0.7130 -0.5619
vn -0.4193 0.7128 -0.5623
vn 0.1353 0.8581 0.4954
vn 0.1352 0.8581 0.4953
vn 0.1353 0.8581 -0.4954
vn 0.1353 0.8581 -0.4953
vn -0.1353 0.8581 0.4954
vn -0.1353 0.8581 0.4953
vn -0.1352 0.8581 0.4954
vn -0.1353 0.8581 -0.4954
vn -0.1352 0.8581 -0.4953
vn 0.3827 -0.9239 0.0002
vn -0.8820 0.3558 -0.3090
vn -0.8820 0.3556 -0.3093
vn 0.3721 0.8752 0.3093
vn 0.3723 0.8751 0.3092
vn 0.3826 -0.9239 -0.0002
vn 0.3827 -0.9239 -0.0002
vn -0.1723 -0.6800 -0.7127
vn -0.1723 -0.6801 -0.7126
vn -0.6025 0.3589 -0.7128
vn 0.1724 0.6798 0.7129
vn 0.0648 -0.5095 -0.8580
vn 0.0648 -0.5094 -0.8581
vn 0.0645 -0.5094 -0.8581
vn 0.0648 -0.5096 -0.8580
vn -0.0647 0.5096 0.8580
vn 0.0646 -0.5095 0.8581
vn 0.0646 -0.5095 0.8580
vn 0.3144 -0.4061 -0.8580
vn 0.3145 -0.4061 -0.8580
vn -0.0647 0.5094 -0.8581
vn -0.0647 0.5093 -0.8581
vn 0.6026 -0.3590 -0.7128
vn 0.6024 -0.3590 -0.7129
vn 0.6025 -0.3591 -0.7128
vn -0.6024 0.3588 0.7130
vn -0.3722 -0.8752 0.3092
vn 0.3828 -0.9239 -0.0000
vn 0.8820 -0.3557 -0.3091
vn 0.3722 0.8752 -0.3090
vn 0.3722 0.8752 -0.3091
vn -0.8820 0.3558 0.3092
vn -0.8820 0.3556 0.3093
vn -0.3722 -0.8752 -0.3092
vn 0.3723 0.8752 0.3090
vn -0.6025 0.3590 -0.7129
vn 0.3145 -0.4061 0.8580
vn 0.3146 -0.4061 0.8580
vn -0.0643 0.5095 0.8581
vn 0.0648 -0.5095 0.8580
vn 0.0644 -0.5094 0.8581
vn -0.1722 -0.6800 0.7127
vn -0.1721 -0.6800 0.7127
vn -0.8819 0.3557 0.3093
vn -0.8820 0.3558 0.3089
vn -0.8820 0.3558 0.3090
vn -0.8820 0.3557 0.3090
vn 0.2613 0.6986 0.6662
vn -0.2612 -0.6986 -0.6661
vn 0.2613 0.6986 -0.6662
vn 0.2613 0.6986 -0.6661
vn 0.2074 -0.8006 0.5622
vn 0.2075 -0.8006 0.5621
vn 0.2074 -0.8006 -0.5622
vn 0.2074 -0.8006 -0.5621
vn 0.8006 -0.2074 0.5622
vn 0.8006 -0.2074 -0.5622
vn 0.8006 -0.2075 -0.5621
vn -0.6986 -0.2613 0.6662
vn -0.6986 -0.2613 0.6661
vn 0.6986 0.2612 0.6661
vn -0.6986 -0.2613 -0.6662
vn 0.2612 0.6985 0.6662
vn -0.2078 0.8006 0.5621
vn -0.2077 0.8004 -0.5624
vn -0.5112 0.7025 -0.4953
vn -0.7025 0.5112 0.4952
vn -0.7023 0.5110 0.4957
vn -0.7023 0.5110 -0.4957
vn -0.8004 0.2077 0.5624
vn -0.8006 0.2078 -0.5621
vn -0.6985 -0.2612 -0.6662
vn 0.8752 0.3722 0.3092
vn 0.9239 -0.3828 -0.0000
vn 0.3559 -0.8820 -0.3089
vn -0.8752 -0.3723 -0.3090
vn -0.3555 0.8821 0.3090
vn 0.4061 -0.3145 -0.8580
vn 0.4060 -0.3144 -0.8581
vn 0.4061 -0.3146 -0.8580
vn -0.5094 0.0648 -0.8581
vn 0.5095 -0.0648 -0.8580
vn 0.5094 -0.0644 -0.8581
vn -0.4059 0.3144 -0.8581
vn 0.6800 0.1722 -0.7127
vn 0.6800 0.1721 -0.7127
vn 0.3558 -0.8820 0.3092
vn 0.8752 0.3722 -0.3090
vn -0.3557 0.8820 -0.3090
vn 0.9239 -0.3827 -0.0002
vn 0.8753 0.3720 0.3089
vn -0.3557 0.8819 0.3094
vn -0.3558 0.8820 0.3090
vn -0.8752 -0.3721 -0.3093
vn -0.8751 -0.3723 -0.3092
vn 0.3589 -0.6026 -0.7128
vn 0.9239 -0.3826 0.0002
vn 0.9239 -0.3827 0.0002
vn 0.6801 0.1723 0.7126
vn 0.6800 0.1722 0.7127
vn 0.6798 0.1722 0.7129
vn -0.3589 0.6025 0.7128
vn 0.5095 -0.0648 0.8580
vn 0.5095 -0.0643 0.8581
vn 0.5096 -0.0647 0.8580
vn -0.5093 0.0645 -0.8581
vn 0.5095 -0.0646 -0.8581
vn 0.4061 -0.3144 0.8580
vn -0.5094 0.0647 0.8581
vn -0.5093 0.0647 0.8581
vn 0.3590 -0.6026 0.7128
vn 0.3589 -0.6027 0.7127
vn 0.3591 -0.6025 0.7128
vn -0.3590 0.6026 -0.7127
vn -0.3588 0.6024 -0.7130
vn 0.8752 0.3722 -0.3092
vn 0.3557 -0.8820 0.3091
vn 0.3556 -0.8821 0.3090
vn -0.8752 -0.3722 0.3090
vn -0.8752 -0.3722 0.3091
vn -0.3558 0.8820 -0.3092
vn -0.3556 0.8820 -0.3093
vn 0.3093 -0.6786 -0.6662
vn -0.7128 0.4194 -0.5621
vn -0.8581 0.1353 0.4953
vn -0.8581 0.1353 -0.4953
vn -0.8581 -0.1353 0.4953
vn -0.8581 -0.1353 -0.4953
vn -0.7128 -0.4194 0.5621
vn -0.7129 -0.4193 -0.5622
vn 0.3094 0.6785 0.6662
vn 0.4366 0.8449 0.3091
vn 0.4365 0.8449 0.3091
vn 0.4367 0.8449 0.3090
vn 0.9556 0.2947 -0.0000
vn 0.9556 0.2948 0.0001
vn 0.9556 0.2947 0.0001
vn 0.9556 0.2947 -0.0001
vn 0.8366 -0.4522 -0.3092
vn 0.8366 -0.4522 -0.3093
vn 0.8367 -0.4521 -0.3091
vn -0.4364 -0.8449 -0.3092
vn -0.9556 -0.2948 0.0001
vn -0.9556 -0.2947 -0.0000
vn -0.9556 -0.2948 -0.0000
vn -0.8366 0.4523 0.3093
vn -0.8366 0.4522 0.3093
vn -0.8365 0.4523 0.3092
vn 0.4136 0.5663 0.7129
vn 0.4136 0.5664 0.7128
vn 0.6609 -0.2350 -0.7127
vn 0.6608 -0.2350 -0.7128
vn -0.4136 -0.5665 -0.7128
vn -0.9555 -0.2948 -0.0000
vn -0.6608 0.2350 0.7128
vn 0.4334 0.2753 0.8581
vn 0.4335 0.2753 0.8581
vn 0.4334 0.2752 0.8581
vn 0.9556 0.2948 -0.0000
vn 0.5133 0.0169 -0.8580
vn 0.5133 0.0169 -0.8581
vn 0.5134 0.0168 -0.8580
vn -0.4336 -0.2752 -0.8581
vn -0.5132 -0.0168 0.8581
vn -0.5133 -0.0168 0.8581
vn -0.5132 -0.0167 0.8581
vn 0.5132 0.0168 0.8581
vn 0.5131 0.0166 0.8582
vn 0.5131 0.0167 0.8582
vn 0.5133 0.0168 0.8581
vn 0.9556 0.2948 -0.0001
vn 0.4336 0.2752 -0.8580
vn 0.4335 0.2753 -0.8581
vn -0.5133 -0.0169 -0.8580
vn -0.5134 -0.0168 -0.8580
vn -0.5133 -0.0169 -0.8581
vn -0.9556 -0.2947 -0.0002
vn -0.4335 -0.2753 0.8581
vn -0.4334 -0.2752 0.8582
vn -0.4334 -0.2752 0.8581
vn 0.6607 -0.2351 0.7129
vn 0.6608 -0.2349 0.7129
vn 0.6607 -0.2350 0.7129
vn 0.4137 0.5664 -0.7128
vn 0.4137 0.5663 -0.7128
vn -0.6609 0.2350 -0.7127
vn -0.6608 0.2350 -0.7129
vn -0.6610 0.2350 -0.7127
vn -0.9556 -0.2947 0.0001
vn -0.4136 -0.5664 0.7129
vn -0.4137 -0.5664 0.7128
vn -0.4136 -0.5664 0.7128
vn -0.4135 -0.5664 0.7129
vn 0.8366 -0.4522 0.3092
vn 0.8367 -0.4521 0.3092
vn 0.8366 -0.4522 0.3091
vn 0.4365 0.8450 -0.3091
vn 0.4366 0.8448 -0.3093
vn 0.4365 0.8449 -0.3091
vn 0.4365 0.8449 -0.3092
vn -0.8366 0.4522 -0.3092
vn -0.8367 0.4521 -0.3091
vn -0.8366 0.4522 -0.3093
vn -0.9556 -0.2947 -0.0001
vn -0.4366 -0.8449 0.3091
vn -0.4366 -0.8449 0.3090
vn -0.4365 -0.8449 0.3091
vn 0.4365 0.8450 0.3091
vn 0.4365 0.8450 0.3090
vn 0.4364 0.8449 0.3092
vn -0.8366 0.4522 0.3092
vn -0.8366 0.4522 0.3091
vn -0.8366 0.4521 0.3092
vn -0.4366 -0.8449 -0.3091
vn -0.4365 -0.8449 -0.3091
vn 0.6607 -0.2350 -0.7129
vn 0.6606 -0.2350 -0.7130
vn 0.4137 0.5664 0.7128
vn -0.6609 0.2350 0.7127
vn -0.6609 0.2349 0.7128
vn -0.6609 0.2351 0.7127
vn -0.4136 -0.5664 -0.7128
vn -0.4135 -0.5664 -0.7129
vn -0.4137 -0.5664 -0.7128
vn 0.5131 0.0167 -0.8582
vn 0.5133 0.0167 -0.8581
vn 0.5132 0.0167 -0.8581
vn 0.5133 0.0168 -0.8581
vn 0.4336 0.2752 0.8580
vn 0.4336 0.2752 0.8581
vn 0.4336 0.2753 0.8580
vn -0.5133 -0.0169 0.8580
vn -0.4334 -0.2752 -0.8581
vn -0.4335 -0.2752 -0.8581
vn -0.4334 -0.2753 -0.8581
vn 0.4334 0.2753 -0.8581
vn 0.5133 0.0169 0.8580
vn -0.4336 -0.2752 0.8581
vn -0.5132 -0.0168 -0.8581
vn -0.5131 -0.0168 -0.8581
vn -0.5133 -0.0168 -0.8581
vn 0.4136 0.5663 -0.7129
vn 0.4135 0.5664 -0.7129
vn 0.6609 -0.2350 0.7127
vn 0.6609 -0.2351 0.7127
vn -0.4136 -0.5665 0.7128
vn -0.6608 0.2350 -0.7128
vn 0.4366 0.8449 -0.3091
vn 0.4363 0.8450 -0.3092
vn 0.8366 -0.4521 0.3092
vn -0.4364 -0.8449 0.3092
vn -0.8367 0.4522 -0.3091
vn -0.8365 0.4522 -0.3093
vn -0.6378 0.3866 0.6662
vn -0.6377 0.3866 0.6662
vn -0.6379 0.3866 0.6661
vn 0.6377 -0.3866 0.6663
vn 0.6377 -0.3866 0.6662
vn 0.6376 -0.3866 0.6663
vn 0.6377 -0.3866 -0.6662
vn 0.6377 -0.3867 -0.6662
vn 0.6377 -0.3866 -0.6663
vn -0.6378 0.3866 -0.6662
vn -0.6378 0.3865 -0.6662
vn -0.6378 0.3866 -0.6661
vn -0.8251 -0.0550 0.5623
vn -0.8251 -0.0550 0.5622
vn 0.8251 0.0552 0.5622
vn 0.8251 0.0551 0.5622
vn 0.8252 0.0552 0.5622
vn 0.8251 0.0552 -0.5622
vn 0.8252 0.0551 -0.5622
vn -0.8251 -0.0550 -0.5623
vn -0.8251 -0.0550 -0.5622
vn -0.7851 -0.3717 0.4954
vn -0.7853 -0.3717 0.4951
vn -0.7851 -0.3716 0.4955
vn -0.7852 -0.3717 0.4953
vn 0.7851 0.3716 0.4954
vn 0.7851 0.3716 0.4955
vn 0.7851 0.3716 -0.4954
vn 0.7852 0.3716 -0.4954
vn 0.7851 0.3716 -0.4955
vn -0.7852 -0.3716 -0.4954
vn -0.7851 -0.3716 -0.4955
vn -0.6327 -0.5951 0.4955
vn -0.6327 -0.5950 0.4956
vn 0.6327 0.5951 0.4955
vn 0.6328 0.5950 0.4956
vn 0.6327 0.5952 0.4954
vn 0.6327 0.5951 -0.4955
vn 0.6326 0.5951 -0.4957
vn 0.6328 0.5951 -0.4954
vn -0.6327 -0.5951 -0.4955
vn -0.6328 -0.5951 -0.4954
vn -0.6327 -0.5951 -0.4956
vn -0.3528 -0.7480 0.5622
vn -0.3527 -0.7480 0.5622
vn 0.3528 0.7479 0.5623
vn 0.3528 0.7480 0.5622
vn 0.3529 0.7479 0.5623
vn 0.3529 0.7478 0.5624
vn 0.3526 0.7482 -0.5620
vn 0.3530 0.7479 -0.5621
vn 0.3528 0.7479 -0.5623
vn 0.3527 0.7479 -0.5624
vn -0.3528 -0.7480 -0.5622
vn -0.3527 -0.7480 -0.5622
vn 0.1268 -0.7349 0.6662
vn 0.1268 -0.7349 0.6663
vn 0.1269 -0.7349 0.6662
vn -0.1270 0.7348 0.6663
vn -0.1269 0.7348 0.6663
vn -0.1270 0.7348 0.6662
vn -0.1271 0.7348 0.6662
vn -0.1270 0.7348 -0.6663
vn -0.1271 0.7347 -0.6663
vn -0.1270 0.7348 -0.6662
vn -0.1269 0.7349 -0.6662
vn 0.1268 -0.7349 -0.6662
vn 0.1269 -0.7348 -0.6663
vn 0.6378 -0.3866 0.6662
vn -0.6377 0.3866 -0.6662
vn 0.6378 -0.3866 -0.6662
vn -0.8251 -0.0552 0.5622
vn -0.8252 -0.0552 0.5622
vn -0.8251 -0.0552 -0.5622
vn -0.8252 -0.0552 -0.5622
vn 0.8251 0.0551 -0.5622
vn -0.7851 -0.3716 0.4954
vn -0.7851 -0.3716 -0.4954
vn 0.6328 0.5951 0.4954
vn -0.6328 -0.5951 0.4954
vn 0.3528 0.7480 -0.5622
vn 0.3528 0.7479 -0.5622
vn 0.3527 0.7479 -0.5623
vn -0.1269 0.7349 0.6662
vn -0.1270 0.7349 0.6662
vn 0.1269 -0.7349 -0.6662
vn 0.1268 -0.7350 -0.6661
vn -0.1269 0.7350 -0.6661
vn -0.1270 0.7349 -0.6662
vn -0.1153 0.9440 0.3091
vn -0.1154 0.9440 0.3092
vn 0.6235 0.7818 -0.0000
vn 0.6236 0.7818 -0.0002
vn 0.6235 0.7818 -0.0001
vn 0.6235 0.7818 0.0001
vn 0.9460 0.0976 -0.3091
vn 0.9459 0.0976 -0.3094
vn 0.9460 0.0975 -0.3092
vn 0.9460 0.0977 -0.3091
vn 0.1153 -0.9440 -0.3090
vn 0.1154 -0.9441 -0.3089
vn 0.1152 -0.9440 -0.3091
vn 0.1151 -0.9440 -0.3091
vn -0.6234 -0.7819 0.0001
vn -0.6235 -0.7818 -0.0000
vn -0.6235 -0.7819 -0.0000
vn -0.6234 -0.7819 -0.0000
vn -0.9460 -0.0977 0.3091
vn 0.0227 0.7009 0.7129
vn 0.0226 0.7008 0.7130
vn 0.6784 0.1782 -0.7127
vn 0.6785 0.1782 -0.7127
vn 0.6783 0.1782 -0.7129
vn -0.0227 -0.7010 -0.7128
vn -0.0226 -0.7010 -0.7128
vn -0.6235 -0.7818 0.0001
vn -0.6783 -0.1781 0.7128
vn 0.2032 0.4718 0.8580
vn 0.2031 0.4718 0.8580
vn 0.2031 0.4717 0.8581
vn 0.4147 0.3031 -0.8580
vn 0.4146 0.3031 -0.8581
vn 0.4146 0.3031 -0.8580
vn 0.4146 0.3029 -0.8581
vn -0.2032 -0.4716 -0.8581
vn -0.4146 -0.3030 0.8581
vn 0.4146 0.3030 0.8581
vn 0.4146 0.3028 0.8582
vn 0.4146 0.3028 0.8581
vn 0.4146 0.3031 0.8580
vn 0.6235 0.7819 -0.0000
vn 0.2032 0.4717 -0.8580
vn 0.2033 0.4717 -0.8580
vn -0.4146 -0.3031 -0.8581
vn -0.4147 -0.3031 -0.8580
vn -0.4145 -0.3030 -0.8581
vn -0.6235 -0.7818 -0.0001
vn -0.2031 -0.4716 0.8581
vn -0.2030 -0.4715 0.8582
vn -0.2031 -0.4715 0.8582
vn 0.6783 0.1780 0.7129
vn 0.6783 0.1782 0.7129
vn 0.6783 0.1781 0.7129
vn 0.6783 0.1779 0.7129
vn 0.0227 0.7010 -0.7128
vn -0.6784 -0.1782 -0.7128
vn -0.6783 -0.1781 -0.7129
vn -0.6785 -0.1782 -0.7127
vn -0.0226 -0.7009 0.7129
vn -0.0227 -0.7010 0.7128
vn -0.0226 -0.7010 0.7128
vn 0.9460 0.0977 0.3091
vn -0.1153 0.9440 -0.3093
vn -0.1154 0.9440 -0.3093
vn -0.1153 0.9439 -0.3093
vn -0.1153 0.9439 -0.3094
vn -0.9460 -0.0975 -0.3092
vn -0.9460 -0.0978 -0.3090
vn -0.9460 -0.0976 -0.3091
vn -0.9460 -0.0976 -0.3090
vn 0.1152 -0.9440 0.3092
vn 0.1151 -0.9441 0.3091
vn 0.1152 -0.9440 0.3091
vn 0.1153 -0.9440 0.3092
vn -0.1153 0.9440 0.3093
vn -0.1153 0.9440 0.3092
vn -0.1153 0.9439 0.3093
vn -0.1154 0.9439 0.3094
vn -0.9460 -0.0976 0.3092
vn -0.9459 -0.0977 0.3093
vn -0.9460 -0.0975 0.3091
vn -0.9460 -0.0975 0.3090
vn 0.1152 -0.9440 -0.3092
vn 0.1153 -0.9440 -0.3091
vn 0.1151 -0.9440 -0.3092
vn 0.6783 0.1781 -0.7129
vn 0.6782 0.1780 -0.7130
vn 0.6784 0.1781 -0.7128
vn 0.0227 0.7010 0.7128
vn -0.6784 -0.1782 0.7128
vn -0.6783 -0.1783 0.7128
vn -0.6784 -0.1781 0.7128
vn -0.0226 -0.7009 -0.7129
vn -0.0225 -0.7009 -0.7129
vn 0.4145 0.3029 -0.8582
vn 0.4147 0.3030 -0.8580
vn 0.4145 0.3028 -0.8582
vn 0.2032 0.4717 0.8580
vn 0.2032 0.4716 0.8581
vn -0.4146 -0.3031 0.8581
vn -0.4146 -0.3029 0.8581
vn -0.4146 -0.3031 0.8580
vn -0.2032 -0.4718 -0.8580
vn -0.2031 -0.4716 -0.8581
vn -0.2033 -0.4718 -0.8579
vn 0.2031 0.4716 -0.8581
vn 0.2029 0.4716 -0.8582
vn 0.2030 0.4716 -0.8581
vn 0.6236 0.7818 0.0001
vn 0.4146 0.3032 0.8580
vn 0.4147 0.3030 0.8580
vn -0.2032 -0.4716 0.8581
vn -0.4146 -0.3030 -0.8581
vn 0.0226 0.7009 -0.7129
vn 0.0227 0.7009 -0.7129
vn 0.6236 0.7818 -0.0000
vn 0.6784 0.1782 0.7127
vn 0.6784 0.1781 0.7127
vn 0.6784 0.1783 0.7128
vn -0.6235 -0.7819 0.0001
vn -0.6783 -0.1781 -0.7128
vn -0.1153 0.9440 -0.3091
vn -0.1154 0.9440 -0.3091
vn 0.9460 0.0976 0.3091
vn 0.9460 0.0975 0.3090
vn 0.9460 0.0976 0.3092
vn 0.9460 0.0976 0.3090
vn 0.1152 -0.9441 0.3090
vn 0.1153 -0.9440 0.3093
vn -0.9460 -0.0977 -0.3091
vn -0.7447 -0.0398 0.6662
vn 0.7447 0.0397 0.6662
vn 0.7447 0.0396 0.6662
vn 0.7447 0.0397 -0.6662
vn 0.7447 0.0396 -0.6662
vn 0.7448 0.0400 -0.6661
vn -0.7447 -0.0398 -0.6662
vn -0.6507 -0.5103 0.5623
vn -0.6508 -0.5104 0.5622
vn -0.6507 -0.5103 0.5622
vn -0.6507 -0.5102 0.5624
vn 0.6508 0.5103 0.5622
vn 0.6508 0.5103 -0.5622
vn 0.6507 0.5103 -0.5622
vn -0.6507 -0.5103 -0.5623
vn -0.6508 -0.5103 -0.5622
vn -0.4394 -0.7494 0.4954
vn -0.4393 -0.7494 0.4953
vn -0.4394 -0.7494 0.4953
vn 0.4394 0.7493 0.4954
vn 0.4394 0.7494 0.4954
vn 0.4394 0.7493 -0.4954
vn 0.4394 0.7494 -0.4954
vn -0.4393 -0.7494 -0.4954
vn -0.4394 -0.7494 -0.4953
vn -0.1876 -0.8482 0.4954
vn -0.1876 -0.8481 0.4955
vn -0.1876 -0.8481 0.4954
vn -0.1876 -0.8482 0.4953
vn 0.1876 0.8481 0.4954
vn 0.1877 0.8481 0.4955
vn 0.1876 0.8481 0.4955
vn 0.1875 0.8482 0.4954
vn 0.1876 0.8481 -0.4955
vn 0.1875 0.8481 -0.4956
vn 0.1877 0.8482 -0.4954
vn -0.1876 -0.8482 -0.4954
vn -0.1876 -0.8481 -0.4955
vn -0.1877 -0.8482 -0.4953
vn 0.1299 -0.8167 0.5623
vn 0.1299 -0.8167 0.5622
vn -0.1300 0.8167 0.5622
vn -0.1299 0.8167 0.5623
vn -0.1300 0.8167 -0.5622
vn -0.1299 0.8167 -0.5622
vn -0.1300 0.8167 -0.5623
vn 0.1299 -0.8167 -0.5623
vn 0.1299 -0.8168 -0.5622
vn 0.1299 -0.8167 -0.5622
vn 0.5188 -0.5358 0.6662
vn 0.5189 -0.5358 0.6661
vn 0.5187 -0.5358 0.6662
vn -0.5188 0.5358 0.6662
vn -0.5190 0.5357 0.6661
vn -0.5189 0.5358 0.6661
vn -0.5189 0.5357 0.6661
vn -0.5188 0.5357 -0.6662
vn -0.5188 0.5359 -0.6660
vn -0.5188 0.5358 -0.6662
vn -0.5189 0.5356 -0.6662
vn 0.5188 -0.5358 -0.6662
vn 0.5188 -0.5359 -0.6661
vn 0.5188 -0.5358 -0.6661
vn 0.5188 -0.5357 -0.6662
vn 0.7447 0.0399 0.6662
vn -0.7448 -0.0397 0.6661
vn -0.7447 -0.0400 0.6662
vn -0.7447 -0.0400 -0.6662
vn -0.7448 -0.0397 -0.6661
vn 0.7447 0.0399 -0.6662
vn 0.6507 0.5103 0.5622
vn 0.6508 0.5104 0.5622
vn 0.6507 0.5104 0.5622
vn -0.6508 -0.5103 0.5622
vn -0.6507 -0.5103 -0.5622
vn 0.4394 0.7493 0.4955
vn 0.4394 0.7492 0.4956
vn -0.4394 -0.7493 0.4954
vn -0.4394 -0.7493 -0.4954
vn -0.4394 -0.7494 -0.4954
vn 0.4394 0.7493 -0.4955
vn 0.4394 0.7494 -0.4953
vn 0.4393 0.7493 -0.4956
vn 0.1875 0.8481 0.4956
vn 0.1877 0.8483 0.4952
vn 0.1876 0.8482 0.4953
vn -0.1877 -0.8481 0.4955
vn -0.1877 -0.8481 -0.4954
vn -0.1876 -0.8481 -0.4954
vn -0.1877 -0.8482 -0.4954
vn 0.1876 0.8482 -0.4953
vn -0.1299 0.8167 0.5622
vn 0.1300 -0.8167 0.5623
vn 0.1300 -0.8167 0.5622
vn 0.1300 -0.8167 -0.5623
vn 0.1300 -0.8166 -0.5623
vn -0.1299 0.8168 -0.5621
vn -0.1299 0.8167 -0.5623
vn 0.5189 -0.5357 0.6661
vn 0.5190 -0.5357 0.6661
vn -0.5188 0.5359 -0.6661
vn -0.6271 0.7150 0.3091
vn -0.6271 0.7149 0.3092
vn 0.0747 0.9972 -0.0000
vn 0.0748 0.9972 0.0002
vn 0.7267 0.6135 -0.3091
vn 0.6271 -0.7150 -0.3091
vn 0.6269 -0.7151 -0.3092
vn 0.6272 -0.7150 -0.3090
vn 0.6273 -0.7149 -0.3089
vn -0.0748 -0.9972 -0.0001
vn -0.0747 -0.9972 0.0001
vn -0.0748 -0.9972 -0.0000
vn -0.7266 -0.6136 0.3091
vn -0.7265 -0.6137 0.3091
vn -0.7267 -0.6135 0.3091
vn -0.3761 0.5919 0.7129
vn 0.0748 0.9972 -0.0002
vn 0.0748 0.9972 -0.0001
vn 0.4602 0.5293 -0.7127
vn 0.4603 0.5294 -0.7127
vn 0.4602 0.5293 -0.7128
vn 0.3761 -0.5920 -0.7128
vn 0.3760 -0.5920 -0.7128
vn -0.0749 -0.9972 0.0001
vn -0.0749 -0.9972 -0.0000
vn -0.4601 -0.5293 0.7128
vn -0.4602 -0.5292 0.7129
vn -0.4602 -0.5292 0.7128
vn -0.0978 0.5040 0.8581
vn -0.0979 0.5042 0.8580
vn -0.0979 0.5041 0.8581
vn -0.0978 0.5040 0.8582
vn 0.0748 0.9972 -0.0000
vn 0.1718 0.4840 -0.8580
vn 0.0978 -0.5041 -0.8581
vn 0.0979 -0.5041 -0.8581
vn 0.0978 -0.5042 -0.8581
vn -0.0747 -0.9972 -0.0000
vn -0.1719 -0.4838 0.8581
vn -0.1719 -0.4839 0.8581
vn -0.1718 -0.4841 0.8580
vn 0.1719 0.4839 0.8581
vn 0.1719 0.4838 0.8581
vn 0.1718 0.4840 0.8580
vn 0.0747 0.9972 -0.0001
vn -0.0979 0.5038 -0.8582
vn -0.0977 0.5043 -0.8580
vn -0.0979 0.5040 -0.8581
vn -0.0979 0.5042 -0.8580
vn -0.1718 -0.4839 -0.8581
vn 0.0979 -0.5040 0.8581
vn 0.0978 -0.5044 0.8579
vn 0.0978 -0.5043 0.8580
vn 0.0979 -0.5041 0.8581
vn 0.4602 0.5292 0.7128
vn 0.4601 0.5293 0.7128
vn 0.4600 0.5294 0.7128
vn -0.3761 0.5921 -0.7127
vn -0.3761 0.5920 -0.7127
vn -0.3760 0.5921 -0.7128
vn -0.4602 -0.5292 -0.7128
vn -0.4602 -0.5293 -0.7128
vn 0.3762 -0.5918 0.7129
vn 0.3762 -0.5919 0.7129
vn 0.3761 -0.5921 0.7128
vn 0.7265 0.6137 0.3091
vn -0.6269 0.7151 -0.3093
vn -0.6269 0.7151 -0.3092
vn -0.6270 0.7151 -0.3092
vn -0.7267 -0.6135 -0.3091
vn 0.6270 -0.7150 0.3092
vn 0.6270 -0.7151 0.3090
vn 0.6270 -0.7150 0.3091
vn 0.6271 -0.7149 0.3093
vn 0.7265 0.6137 -0.3091
vn -0.6269 0.7151 0.3093
vn -0.6269 0.7151 0.3092
vn 0.6270 -0.7150 -0.3092
vn 0.6271 -0.7149 -0.3091
vn 0.6271 -0.7150 -0.3092
vn 0.4601 0.5292 -0.7129
vn 0.4602 0.5294 -0.7127
vn 0.0747 0.9972 0.0001
vn -0.3762 0.5918 0.7129
vn -0.3761 0.5921 0.7127
vn -0.3761 0.5921 0.7128
vn -0.3761 0.5920 0.7128
vn 0.3762 -0.5918 -0.7129
vn 0.3761 -0.5921 -0.7128
vn 0.3762 -0.5919 -0.7129
vn 0.1719 0.4838 -0.8581
vn 0.1719 0.4840 -0.8580
vn 0.1719 0.4839 -0.8581
vn 0.1718 0.4838 -0.8582
vn -0.0979 0.5039 0.8582
vn -0.0978 0.5042 0.8580
vn -0.0978 0.5043 0.8580
vn -0.1718 -0.4839 0.8581
vn 0.0978 -0.5044 -0.8579
vn 0.0979 -0.5040 -0.8581
vn -0.0978 0.5041 -0.8581
vn -0.0978 0.5042 -0.8580
vn 0.0749 0.9972 -0.0000
vn 0.0749 0.9972 0.0001
vn 0.0978 -0.5041 0.8581
vn 0.0979 -0.5042 0.8580
vn -0.1719 -0.4838 -0.8581
vn -0.3761 0.5919 -0.7129
vn -0.3762 0.5919 -0.7129
vn 0.4602 0.5293 0.7127
vn 0.4603 0.5293 0.7127
vn 0.4602 0.5294 0.7127
vn 0.3761 -0.5920 0.7128
vn 0.3761 -0.5920 0.7129
vn -0.0748 -0.9972 0.0001
vn -0.4601 -0.5292 -0.7129
vn -0.4602 -0.5294 -0.7127
vn -0.6271 0.7150 -0.3091
vn -0.6271 0.7150 -0.3092
vn -0.6271 0.7149 -0.3091
vn 0.7267 0.6135 0.3091
vn 0.6271 -0.7149 0.3091
vn 0.6272 -0.7148 0.3093
vn 0.6270 -0.7150 0.3093
vn -0.7266 -0.6136 -0.3091
vn -0.7266 -0.6135 -0.3092
vn -0.7266 -0.6137 -0.3090
vn -0.5929 -0.4524 0.6662
vn -0.5929 -0.4523 0.6662
vn 0.5929 0.4524 0.6662
vn 0.5929 0.4524 -0.6662
vn -0.5929 -0.4524 -0.6662
vn -0.5928 -0.4524 -0.6662
vn -0.2502 -0.7883 0.5622
vn -0.2501 -0.7884 0.5621
vn -0.2501 -0.7883 0.5621
vn -0.2502 -0.7882 0.5622
vn 0.2501 0.7882 0.5623
vn 0.2502 0.7881 0.5624
vn 0.2501 0.7882 -0.5623
vn 0.2502 0.7882 -0.5623
vn -0.2501 -0.7883 -0.5622
vn -0.2502 -0.7883 -0.5621
vn 0.0591 -0.8667 0.4953
vn 0.0591 -0.8667 0.4952
vn 0.0590 -0.8667 0.4953
vn -0.0590 0.8666 0.4955
vn -0.0591 0.8666 0.4955
vn -0.0591 0.8667 0.4953
vn -0.0590 0.8666 -0.4955
vn -0.0591 0.8666 -0.4956
vn 0.0591 -0.8667 -0.4953
vn 0.0590 -0.8668 -0.4952
vn 0.3228 -0.8065 0.4953
vn 0.3228 -0.8065 0.4954
vn 0.3228 -0.8065 0.4952
vn -0.3228 0.8065 0.4954
vn -0.3227 0.8064 0.4955
vn -0.3228 0.8064 -0.4954
vn -0.3228 0.8065 -0.4953
vn -0.3228 0.8065 -0.4954
vn -0.3228 0.8064 -0.4955
vn 0.3228 -0.8065 -0.4953
vn 0.3228 -0.8065 -0.4954
vn 0.3228 -0.8066 -0.4952
vn 0.5674 -0.6017 0.5622
vn -0.5675 0.6017 0.5621
vn -0.5674 0.6017 0.5621
vn -0.5675 0.6017 -0.5621
vn -0.5674 0.6016 -0.5623
vn -0.5675 0.6016 -0.5622
vn 0.5674 -0.6017 -0.5622
vn 0.5674 -0.6016 -0.5622
vn 0.7305 -0.1503 0.6662
vn 0.7304 -0.1504 0.6662
vn 0.7305 -0.1503 0.6661
vn -0.7305 0.1505 0.6661
vn -0.7305 0.1506 0.6662
vn -0.7306 0.1504 0.6661
vn -0.7305 0.1505 -0.6661
vn -0.7305 0.1504 -0.6662
vn -0.7305 0.1501 -0.6663
vn 0.7305 -0.1503 -0.6662
vn 0.7304 -0.1503 -0.6663
vn 0.7305 -0.1504 -0.6661
vn -0.5928 -0.4525 0.6662
vn -0.5928 -0.4525 0.6663
vn -0.5928 -0.4524 0.6663
vn -0.5928 -0.4525 -0.6662
vn -0.5931 -0.4524 -0.6660
vn 0.2502 0.7884 0.5620
vn 0.2501 0.7883 0.5621
vn 0.2502 0.7882 0.5622
vn 0.2502 0.7883 0.5621
vn -0.2500 -0.7884 0.5620
vn -0.2503 -0.7882 0.5623
vn -0.2503 -0.7882 -0.5623
vn -0.2501 -0.7884 -0.5621
vn 0.2503 0.7883 -0.5622
vn 0.2502 0.7882 -0.5622
vn 0.2503 0.7884 -0.5620
vn -0.0591 0.8666 0.4954
vn -0.0592 0.8667 0.4953
vn 0.0591 -0.8666 0.4954
vn 0.0593 -0.8667 0.4952
vn 0.0591 -0.8667 0.4954
vn 0.0590 -0.8665 0.4956
vn 0.0591 -0.8666 -0.4954
vn 0.0591 -0.8667 -0.4954
vn 0.0593 -0.8666 -0.4955
vn -0.0591 0.8667 -0.4953
vn -0.0592 0.8666 -0.4955
vn -0.0591 0.8666 -0.4954
vn -0.3228 0.8064 0.4955
vn -0.3227 0.8064 0.4956
vn 0.3227 -0.8065 0.4954
vn 0.3229 -0.8065 0.4952
vn 0.3228 -0.8064 -0.4955
vn 0.3227 -0.8066 -0.4952
vn -0.3228 0.8064 -0.4956
vn -0.5674 0.6017 0.5622
vn -0.5673 0.6017 0.5623
vn 0.5674 -0.6015 0.5623
vn 0.5675 -0.6015 0.5623
vn 0.5674 -0.6015 -0.5623
vn 0.5674 -0.6015 -0.5624
vn 0.5674 -0.6016 -0.5623
vn -0.5674 0.6016 -0.5622
vn -0.5674 0.6018 -0.5620
vn -0.5674 0.6017 -0.5621
vn -0.5674 0.6015 -0.5623
vn -0.7305 0.1504 0.6661
vn 0.7304 -0.1503 0.6663
vn 0.7304 -0.1503 0.6662
vn 0.7308 -0.1505 0.6658
vn 0.7304 -0.1503 -0.6662
vn 0.7304 -0.1504 -0.6662
vn -0.7306 0.1504 -0.6661
vn -0.7304 0.1503 -0.6663
vn -0.9209 0.2375 0.3091
vn -0.9209 0.2375 0.3092
vn -0.9209 0.2376 0.3091
vn -0.5000 0.8660 -0.0000
vn -0.5000 0.8661 -0.0001
vn 0.2547 0.9163 -0.3092
vn 0.2546 0.9163 -0.3091
vn 0.2547 0.9162 -0.3093
vn 0.9208 -0.2377 -0.3092
vn 0.9208 -0.2377 -0.3093
vn 0.9208 -0.2376 -0.3092
vn 0.9209 -0.2376 -0.3091
vn 0.5000 -0.8660 -0.0000
vn 0.4999 -0.8661 -0.0000
vn 0.5000 -0.8661 0.0001
vn -0.2547 -0.9162 0.3093
vn -0.2547 -0.9162 0.3092
vn -0.6442 0.2772 0.7129
vn -0.6442 0.2772 0.7128
vn -0.6443 0.2773 0.7127
vn -0.5000 0.8660 0.0001
vn 0.0820 0.6966 -0.7127
vn 0.0820 0.6964 -0.7130
vn 0.6443 -0.2774 -0.7127
vn 0.6442 -0.2774 -0.7127
vn 0.6443 -0.2773 -0.7127
vn 0.5000 -0.8660 -0.0001
vn -0.0821 -0.6965 0.7128
vn -0.0822 -0.6965 0.7128
vn -0.0820 -0.6965 0.7128
vn -0.3648 0.3614 0.8581
vn -0.3648 0.3613 0.8581
vn -0.1306 0.4966 -0.8581
vn -0.1306 0.4967 -0.8580
vn 0.3648 -0.3615 -0.8580
vn 0.3649 -0.3615 -0.8580
vn 0.3648 -0.3616 -0.8580
vn 0.1305 -0.4966 0.8581
vn 0.1306 -0.4967 0.8581
vn 0.1306 -0.4966 0.8581
vn 0.1307 -0.4967 0.8580
vn -0.1306 0.4966 0.8581
vn -0.1307 0.4968 0.8580
vn -0.1305 0.4966 0.8581
vn -0.3648 0.3614 -0.8581
vn -0.3648 0.3615 -0.8581
vn 0.1306 -0.4967 -0.8581
vn 0.1306 -0.4967 -0.8580
vn 0.5000 -0.8660 0.0001
vn 0.3649 -0.3614 0.8581
vn 0.3647 -0.3613 0.8582
vn 0.3648 -0.3613 0.8581
vn 0.3649 -0.3614 0.8580
vn 0.0821 0.6964 0.7129
vn 0.0820 0.6965 0.7129
vn -0.6443 0.2772 -0.7128
vn -0.0821 -0.6965 -0.7129
vn -0.0820 -0.6966 -0.7127
vn -0.0821 -0.6966 -0.7127
vn 0.5001 -0.8660 -0.0000
vn 0.6442 -0.2772 0.7129
vn 0.6443 -0.2773 0.7127
vn 0.6442 -0.2772 0.7128
vn 0.6443 -0.2774 0.7126
vn 0.2547 0.9163 0.3091
vn 0.2546 0.9163 0.3091
vn -0.5000 0.8660 -0.0001
vn -0.9209 0.2375 -0.3091
vn -0.9209 0.2376 -0.3091
vn -0.9209 0.2375 -0.3090
vn -0.2548 -0.9163 -0.3090
vn -0.2547 -0.9162 -0.3092
vn -0.2548 -0.9162 -0.3091
vn -0.2549 -0.9162 -0.3093
vn 0.9208 -0.2376 0.3092
vn 0.9208 -0.2375 0.3093
vn 0.9208 -0.2377 0.3092
vn 0.2547 0.9163 -0.3091
vn -0.9209 0.2376 0.3090
vn -0.2546 -0.9163 0.3092
vn -0.2547 -0.9163 0.3092
vn -0.2548 -0.9163 0.3091
vn 0.5001 -0.8660 -0.0001
vn 0.0820 0.6965 -0.7129
vn 0.0820 0.6964 -0.7129
vn 0.0820 0.6965 -0.7128
vn -0.6443 0.2772 0.7128
vn -0.0820 -0.6965 0.7129
vn -0.0819 -0.6965 0.7129
vn -0.0821 -0.6965 0.7129
vn 0.6442 -0.2772 -0.7128
vn 0.6443 -0.2771 -0.7129
vn 0.6442 -0.2771 -0.7129
vn 0.6442 -0.2773 -0.7128
vn -0.1305 0.4966 -0.8581
vn -0.1305 0.4967 -0.8581
vn -0.1305 0.4965 -0.8581
vn -0.3647 0.3614 0.8581
vn -0.3649 0.3615 0.8580
vn 0.1307 -0.4967 0.8581
vn 0.3648 -0.3613 -0.8581
vn 0.3648 -0.3614 -0.8581
vn -0.3648 0.3613 -0.8581
vn -0.1307 0.4966 0.8581
vn 0.3648 -0.3615 0.8580
vn 0.3649 -0.3616 0.8580
vn 0.1305 -0.4967 -0.8581
vn 0.1307 -0.4969 -0.8579
vn 0.1305 -0.4966 -0.8581
vn 0.1305 -0.4967 -0.8580
vn -0.6442 0.2772 -0.7129
vn -0.6442 0.2771 -0.7129
vn -0.6442 0.2773 -0.7129
vn -0.5000 0.8661 0.0001
vn -0.4999 0.8661 -0.0000
vn 0.0820 0.6966 0.7127
vn 0.6443 -0.2774 0.7127
vn 0.6442 -0.2773 0.7128
vn 0.5000 -0.8661 -0.0001
vn -0.0821 -0.6965 -0.7128
vn -0.0821 -0.6966 -0.7128
vn -0.9209 0.2376 -0.3092
vn -0.9209 0.2374 -0.3091
vn 0.2547 0.9163 0.3092
vn 0.2546 0.9163 0.3093
vn 0.9208 -0.2376 0.3093
vn 0.9209 -0.2377 0.3091
vn -0.2547 -0.9162 -0.3093
vn -0.2350 -0.7078 0.6662
vn 0.2349 0.7079 0.6661
vn 0.2348 0.7080 0.6661
vn 0.2350 0.7078 0.6662
vn 0.2349 0.7079 -0.6661
vn 0.2350 0.7079 -0.6661
vn 0.2352 0.7077 -0.6662
vn -0.2350 -0.7078 -0.6662
vn 0.2373 -0.7922 0.5622
vn 0.2372 -0.7922 0.5623
vn -0.2373 0.7922 0.5622
vn -0.2372 0.7922 0.5623
vn -0.2374 0.7922 0.5622
vn -0.2376 0.7923 0.5620
vn -0.2374 0.7922 -0.5622
vn -0.2375 0.7921 -0.5623
vn -0.2372 0.7923 -0.5621
vn 0.2373 -0.7922 -0.5622
vn 0.2373 -0.7923 -0.5622
vn 0.5370 -0.6828 0.4954
vn 0.5371 -0.6828 0.4953
vn -0.5370 0.6828 0.4954
vn -0.5369 0.6828 0.4955
vn -0.5370 0.6828 -0.4954
vn -0.5370 0.6828 -0.4955
vn 0.5371 -0.6828 -0.4954
vn 0.5371 -0.6829 -0.4953
vn 0.5371 -0.6828 -0.4953
vn 0.7211 -0.4845 0.4953
vn 0.7209 -0.4845 0.4955
vn 0.7210 -0.4845 0.4955
vn 0.7211 -0.4845 0.4952
vn -0.7210 0.4845 0.4953
vn -0.7211 0.4844 0.4953
vn -0.7211 0.4845 0.4953
vn -0.7210 0.4845 0.4954
vn -0.7211 0.4845 -0.4953
vn -0.7211 0.4846 -0.4952
vn -0.7211 0.4844 -0.4954
vn 0.7210 -0.4845 -0.4953
vn 0.7210 -0.4844 -0.4956
vn 0.7210 -0.4844 -0.4955
vn 0.7210 -0.4846 -0.4952
vn 0.8077 -0.1774 0.5623
vn -0.8077 0.1774 0.5622
vn -0.8078 0.1774 0.5621
vn -0.8078 0.1774 0.5622
vn -0.8077 0.1776 0.5623
vn -0.8077 0.1774 -0.5622
vn -0.8076 0.1772 -0.5624
vn -0.8078 0.1776 -0.5620
vn 0.8077 -0.1774 -0.5623
vn 0.6882 0.2872 0.6662
vn 0.6882 0.2873 0.6662
vn 0.6884 0.2873 0.6660
vn -0.6882 -0.2873 0.6662
vn -0.6882 -0.2873 -0.6662
vn 0.6882 0.2873 -0.6662
vn 0.6883 0.2872 -0.6662
vn 0.6882 0.2872 -0.6662
vn 0.6882 0.2873 -0.6663
vn -0.2351 -0.7077 0.6662
vn -0.2351 -0.7078 -0.6662
vn 0.2350 0.7078 -0.6662
vn -0.2373 0.7922 0.5623
vn -0.2373 0.7921 0.5624
vn -0.2373 0.7921 0.5623
vn 0.2374 -0.7922 0.5622
vn 0.2374 -0.7922 -0.5623
vn -0.2373 0.7922 -0.5623
vn -0.2374 0.7921 -0.5624
vn -0.2373 0.7923 -0.5620
vn -0.2373 0.7922 -0.5622
vn -0.5369 0.6827 0.4956
vn -0.5371 0.6828 0.4953
vn -0.5371 0.6829 0.4952
vn 0.5370 -0.6827 0.4955
vn 0.5371 -0.6827 0.4954
vn 0.5370 -0.6827 -0.4955
vn 0.5371 -0.6826 -0.4956
vn 0.5370 -0.6828 -0.4954
vn -0.5369 0.6827 -0.4956
vn -0.7209 0.4844 0.4956
vn 0.7209 -0.4845 0.4956
vn 0.7209 -0.4845 -0.4956
vn 0.7211 -0.4845 -0.4953
vn 0.7209 -0.4845 -0.4955
vn -0.7209 0.4844 -0.4956
vn -0.8077 0.1775 0.5622
vn -0.8078 0.1775 0.5621
vn -0.8078 0.1775 0.5622
vn -0.8077 0.1775 0.5623
vn 0.8077 -0.1774 0.5622
vn 0.8078 -0.1773 0.5621
vn 0.8077 -0.1775 0.5622
vn 0.8077 -0.1776 0.5623
vn 0.8078 -0.1775 -0.5622
vn 0.8078 -0.1776 -0.5620
vn 0.8077 -0.1774 -0.5622
vn 0.8077 -0.1773 -0.5623
vn -0.8077 0.1775 -0.5622
vn -0.8078 0.1776 -0.5621
vn -0.8077 0.1774 -0.5623
vn -0.6883 -0.2873 0.6661
vn -0.6883 -0.2872 0.6662
vn -0.6883 -0.2872 0.6661
vn 0.6883 0.2871 0.6661
vn 0.6883 0.2871 0.6662
vn 0.6883 0.2872 0.6661
vn 0.6883 0.2871 -0.6661
vn 0.6884 0.2871 -0.6661
vn -0.6883 -0.2872 -0.6661
vn -0.6883 -0.2873 -0.6661
vn -0.6884 -0.2872 -0.6661
vn -0.8946 -0.3225 0.3092
vn -0.8947 -0.3225 0.3092
vn -0.9010 0.4339 -0.0000
vn -0.3057 0.9005 -0.3093
vn -0.3057 0.9006 -0.3091
vn -0.3057 0.9005 -0.3092
vn -0.3057 0.9005 -0.3091
vn 0.8946 0.3225 -0.3093
vn 0.9010 -0.4338 0.0001
vn 0.9009 -0.4339 -0.0000
vn 0.9010 -0.4339 0.0001
vn 0.9010 -0.4338 -0.0000
vn 0.3057 -0.9005 0.3092
vn 0.3058 -0.9005 0.3092
vn 0.3057 -0.9006 0.3092
vn -0.6884 -0.1339 0.7128
vn -0.6885 -0.1339 0.7128
vn -0.9010 0.4339 0.0001
vn -0.9010 0.4338 -0.0000
vn -0.3246 0.6217 -0.7128
vn -0.3247 0.6217 -0.7128
vn -0.3246 0.6216 -0.7129
vn 0.6886 0.1339 -0.7127
vn 0.6883 0.1340 -0.7129
vn 0.6886 0.1340 -0.7127
vn 0.9010 -0.4339 -0.0000
vn 0.3246 -0.6217 0.7128
vn 0.3245 -0.6217 0.7129
vn 0.3245 -0.6217 0.7128
vn 0.3247 -0.6217 0.7128
vn -0.5050 0.0931 0.8581
vn -0.3877 0.3367 -0.8581
vn -0.3877 0.3368 -0.8580
vn 0.5051 -0.0932 -0.8580
vn 0.5050 -0.0930 -0.8581
vn 0.5050 -0.0932 -0.8581
vn 0.5051 -0.0933 -0.8580
vn 0.3875 -0.3368 0.8581
vn 0.3876 -0.3368 0.8581
vn 0.3879 -0.3368 0.8579
vn -0.3876 0.3368 0.8581
vn -0.3880 0.3368 0.8579
vn -0.3877 0.3368 0.8581
vn -0.9009 0.4339 -0.0000
vn -0.5050 0.0932 -0.8581
vn 0.3877 -0.3367 -0.8581
vn 0.3875 -0.3367 -0.8582
vn 0.3878 -0.3368 -0.8580
vn 0.3876 -0.3371 -0.8580
vn 0.9010 -0.4339 -0.0002
vn 0.5050 -0.0930 0.8581
vn 0.5049 -0.0930 0.8582
vn 0.5049 -0.0930 0.8581
vn 0.5050 -0.0931 0.8581
vn -0.3245 0.6217 0.7129
vn -0.3246 0.6216 0.7129
vn -0.6886 -0.1339 -0.7127
vn -0.6886 -0.1338 -0.7127
vn -0.6884 -0.1338 -0.7129
vn 0.3247 -0.6218 -0.7127
vn 0.3246 -0.6217 -0.7128
vn 0.6884 0.1339 0.7129
vn 0.6886 0.1338 0.7127
vn 0.6885 0.1339 0.7128
vn 0.6883 0.1339 0.7130
vn -0.3058 0.9005 0.3091
vn -0.3059 0.9005 0.3091
vn -0.3057 0.9006 0.3090
vn -0.9009 0.4340 -0.0000
vn -0.9009 0.4339 -0.0001
vn -0.8947 -0.3224 -0.3091
vn -0.8947 -0.3226 -0.3090
vn -0.8947 -0.3223 -0.3092
vn -0.8947 -0.3222 -0.3093
vn 0.3057 -0.9005 -0.3092
vn 0.3057 -0.9005 -0.3091
vn 0.3057 -0.9006 -0.3091
vn 0.8947 0.3223 0.3091
vn 0.8947 0.3223 0.3092
vn 0.8948 0.3223 0.3091
vn -0.3056 0.9005 -0.3093
vn -0.3058 0.9005 -0.3091
vn -0.3059 0.9005 -0.3090
vn -0.8947 -0.3224 0.3091
vn -0.8948 -0.3223 0.3089
vn -0.8947 -0.3224 0.3092
vn -0.8946 -0.3225 0.3094
vn 0.3057 -0.9006 0.3091
vn 0.8947 0.3223 -0.3091
vn 0.8946 0.3226 -0.3092
vn -0.3246 0.6217 -0.7129
vn -0.3245 0.6216 -0.7129
vn -0.6886 -0.1339 0.7127
vn -0.6884 -0.1339 0.7129
vn 0.3245 -0.6216 0.7130
vn 0.3244 -0.6217 0.7129
vn 0.3247 -0.6218 0.7127
vn 0.3246 -0.6218 0.7127
vn 0.6885 0.1338 -0.7128
vn 0.6884 0.1341 -0.7129
vn 0.6884 0.1340 -0.7128
vn 0.6885 0.1337 -0.7128
vn -0.3880 0.3369 -0.8579
vn -0.3876 0.3369 -0.8580
vn -0.3876 0.3368 -0.8581
vn -0.3878 0.3369 -0.8580
vn -0.5050 0.0932 0.8581
vn 0.3878 -0.3367 0.8581
vn 0.3877 -0.3368 0.8581
vn 0.5049 -0.0930 -0.8581
vn 0.5050 -0.0931 -0.8581
vn 0.5049 -0.0930 -0.8582
vn -0.5050 0.0931 -0.8581
vn -0.5050 0.0930 -0.8581
vn -0.3877 0.3367 0.8581
vn -0.3878 0.3367 0.8581
vn 0.5050 -0.0932 0.8580
vn 0.5052 -0.0932 0.8580
vn 0.5051 -0.0932 0.8580
vn 0.5049 -0.0932 0.8581
vn 0.9009 -0.4339 0.0001
vn 0.3876 -0.3368 -0.8581
vn -0.6885 -0.1339 -0.7128
vn -0.6885 -0.1338 -0.7128
vn -0.9010 0.4339 -0.0001
vn -0.3246 0.6217 0.7128
vn -0.3247 0.6216 0.7128
vn 0.6886 0.1339 0.7127
vn 0.3245 -0.6217 -0.7129
vn -0.8946 -0.3225 -0.3092
vn -0.3058 0.9006 0.3090
vn -0.3059 0.9005 0.3090
vn -0.3058 0.9006 0.3089
vn -0.3057 0.9006 0.3091
vn 0.8946 0.3225 0.3093
vn 0.3056 -0.9005 -0.3093
vn 0.3058 -0.9005 -0.3091
vn 0.2046 -0.7172 0.6661
vn -0.2046 0.7171 0.6663
vn -0.2045 0.7173 0.6660
vn -0.2046 0.7171 0.6662
vn -0.2046 0.7171 -0.6663
vn -0.2046 0.7171 -0.6662
vn 0.2046 -0.7172 -0.6661
vn 0.6424 -0.5208 0.5622
vn 0.6422 -0.5208 0.5624
vn 0.6423 -0.5208 0.5623
vn 0.6425 -0.5208 0.5621
vn -0.6423 0.5209 0.5622
vn -0.6424 0.5209 0.5621
vn -0.6421 0.5209 0.5624
vn -0.6423 0.5209 -0.5622
vn -0.6424 0.5208 -0.5622
vn -0.6423 0.5208 -0.5623
vn 0.6423 -0.5209 -0.5622
vn 0.6423 -0.5207 -0.5624
vn 0.6423 -0.5208 -0.5623
vn 0.8282 -0.2616 0.4956
vn 0.8284 -0.2616 0.4954
vn 0.8283 -0.2616 0.4954
vn -0.8283 0.2617 0.4954
vn -0.8284 0.2616 0.4953
vn -0.8283 0.2617 -0.4954
vn -0.8283 0.2616 -0.4955
vn -0.8283 0.2617 -0.4953
vn 0.8283 -0.2616 -0.4955
vn 0.8283 -0.2617 -0.4954
vn 0.8283 -0.2616 -0.4954
vn 0.8282 -0.2615 -0.4956
vn 0.8686 0.0059 0.4954
vn 0.8686 0.0058 0.4955
vn -0.8686 -0.0060 0.4955
vn -0.8687 -0.0057 0.4953
vn -0.8686 -0.0061 0.4954
vn -0.8686 -0.0060 -0.4955
vn -0.8686 -0.0061 -0.4956
vn -0.8686 -0.0060 -0.4954
vn 0.8686 0.0058 -0.4954
vn 0.8686 0.0059 -0.4955
vn 0.7673 0.3084 0.5623
vn 0.7673 0.3084 0.5622
vn 0.7674 0.3085 0.5620
vn -0.7674 -0.3082 0.5622
vn -0.7674 -0.3083 0.5622
vn -0.7673 -0.3085 0.5622
vn -0.7674 -0.3081 0.5623
vn -0.7674 -0.3082 -0.5622
vn -0.7673 -0.3085 -0.5622
vn -0.7673 -0.3086 -0.5622
vn -0.7673 -0.3083 -0.5623
vn 0.7673 0.3084 -0.5623
vn 0.7674 0.3084 -0.5622
vn 0.7673 0.3084 -0.5622
vn 0.4069 0.6251 0.6661
vn 0.4069 0.6250 0.6662
vn -0.4068 -0.6251 0.6661
vn -0.4067 -0.6252 0.6661
vn -0.4068 -0.6251 0.6662
vn -0.4068 -0.6251 -0.6661
vn -0.4069 -0.6251 -0.6661
vn -0.4068 -0.6251 -0.6662
vn -0.4067 -0.6251 -0.6662
vn 0.4069 0.6251 -0.6661
vn 0.4068 0.6251 -0.6662
vn -0.2046 0.7172 0.6661
vn 0.2045 -0.7172 0.6662
vn 0.2044 -0.7172 0.6663
vn 0.2047 -0.7172 0.6661
vn 0.2045 -0.7172 -0.6662
vn 0.2046 -0.7171 -0.6663
vn 0.2044 -0.7173 -0.6662
vn -0.2046 0.7172 -0.6661
vn -0.6424 0.5208 0.5622
vn -0.6422 0.5208 0.5624
vn -0.6423 0.5208 0.5623
vn -0.6424 0.5208 0.5621
vn 0.6424 -0.5208 -0.5623
vn -0.6423 0.5207 -0.5624
vn -0.8282 0.2616 0.4956
vn -0.8284 0.2616 0.4954
vn -0.8283 0.2616 0.4954
vn 0.8283 -0.2617 0.4954
vn -0.8283 0.2616 -0.4954
vn -0.8282 0.2615 -0.4956
vn -0.8686 -0.0059 0.4954
vn -0.8686 -0.0058 0.4955
vn 0.8687 0.0059 0.4953
vn 0.8687 0.0060 0.4953
vn 0.8686 0.0058 0.4954
vn 0.8687 0.0059 -0.4953
vn 0.8687 0.0058 -0.4952
vn 0.8686 0.0060 -0.4954
vn -0.8686 -0.0058 -0.4954
vn -0.8686 -0.0059 -0.4955
vn -0.7673 -0.3084 0.5623
vn -0.7673 -0.3084 0.5622
vn -0.7673 -0.3083 0.5623
vn 0.7674 0.3084 0.5621
vn 0.7674 0.3083 0.5622
vn 0.7674 0.3085 0.5621
vn 0.7674 0.3084 -0.5621
vn 0.7675 0.3083 -0.5620
vn -0.7673 -0.3084 -0.5623
vn -0.7674 -0.3084 -0.5622
vn -0.7673 -0.3084 -0.5622
vn -0.7675 -0.3084 -0.5620
vn -0.4069 -0.6251 0.6661
vn -0.4069 -0.6250 0.6662
vn 0.4068 0.6250 0.6662
vn 0.4068 0.6251 0.6662
vn 0.4068 0.6250 -0.6662
vn 0.4069 0.6250 -0.6662
vn -0.5576 -0.7704 0.3092
vn -0.5575 -0.7704 0.3092
vn -0.9888 -0.1490 -0.0000
vn -0.9888 -0.1490 -0.0001
vn -0.7599 0.5719 -0.3091
vn -0.7598 0.5719 -0.3092
vn 0.5576 0.7704 -0.3092
vn 0.5575 0.7704 -0.3092
vn 0.9888 0.1490 -0.0000
vn 0.9888 0.1490 -0.0001
vn 0.7598 -0.5719 0.3092
vn 0.7599 -0.5718 0.3092
vn 0.7598 -0.5719 0.3091
vn -0.4934 -0.4984 0.7128
vn -0.4933 -0.4984 0.7129
vn -0.4934 -0.4984 0.7129
vn -0.6185 0.3308 -0.7128
vn -0.6186 0.3308 -0.7127
vn -0.6184 0.3308 -0.7129
vn 0.4935 0.4985 -0.7127
vn 0.4935 0.4986 -0.7127
vn 0.9888 0.1491 -0.0001
vn 0.6184 -0.3308 0.7129
vn 0.6183 -0.3310 0.7129
vn 0.6183 -0.3309 0.7129
vn -0.4696 -0.2075 0.8581
vn -0.4698 -0.2076 0.8580
vn -0.4697 -0.2076 0.8581
vn -0.4696 -0.2075 0.8582
vn -0.5101 0.0598 -0.8580
vn -0.5101 0.0598 -0.8581
vn -0.5102 0.0599 -0.8580
vn 0.4698 0.2075 -0.8581
vn 0.4698 0.2075 -0.8580
vn 0.5099 -0.0600 0.8581
vn 0.5101 -0.0598 0.8581
vn 0.5100 -0.0599 0.8581
vn 0.5099 -0.0600 0.8582
vn -0.5100 0.0599 0.8581
vn -0.5099 0.0600 0.8582
vn -0.5099 0.0600 0.8581
vn -0.5101 0.0598 0.8581
vn -0.9888 -0.1491 -0.0001
vn -0.4698 -0.2075 -0.8581
vn -0.4698 -0.2075 -0.8580
vn 0.5101 -0.0598 -0.8580
vn 0.5102 -0.0599 -0.8580
vn 0.5101 -0.0598 -0.8581
vn 0.4697 0.2076 0.8581
vn 0.4696 0.2075 0.8582
vn 0.4696 0.2075 0.8581
vn 0.4698 0.2076 0.8580
vn -0.6183 0.3309 0.7129
vn -0.6184 0.3308 0.7129
vn -0.6183 0.3310 0.7129
vn -0.9888 -0.1490 0.0001
vn -0.9888 -0.1491 -0.0000
vn -0.4935 -0.4985 -0.7127
vn -0.4935 -0.4986 -0.7127
vn 0.6185 -0.3308 -0.7128
vn 0.6184 -0.3308 -0.7129
vn 0.6186 -0.3308 -0.7127
vn 0.4934 0.4984 0.7129
vn 0.4934 0.4984 0.7128
vn 0.4933 0.4984 0.7129
vn -0.7598 0.5719 0.3092
vn -0.7598 0.5719 0.3091
vn -0.7599 0.5718 0.3092
vn -0.9888 -0.1489 -0.0000
vn -0.5576 -0.7704 -0.3092
vn 0.7599 -0.5718 -0.3092
vn 0.9888 0.1491 0.0001
vn 0.9888 0.1491 -0.0000
vn 0.5576 0.7704 0.3092
vn 0.5575 0.7704 0.3092
vn -0.6184 0.3309 -0.7128
vn -0.6182 0.3309 -0.7129
vn -0.6183 0.3309 -0.7129
vn -0.9888 -0.1491 0.0002
vn -0.4935 -0.4985 0.7127
vn -0.4935 -0.4986 0.7127
vn 0.6185 -0.3308 0.7128
vn 0.6185 -0.3307 0.7128
vn 0.6185 -0.3309 0.7127
vn 0.9888 0.1490 0.0001
vn 0.4934 0.4984 -0.7129
vn 0.4933 0.4984 -0.7129
vn 0.4934 0.4984 -0.7128
vn -0.5099 0.0599 -0.8582
vn -0.5101 0.0599 -0.8580
vn -0.5100 0.0599 -0.8581
vn -0.5098 0.0599 -0.8582
vn -0.4698 -0.2075 0.8580
vn -0.4695 -0.2079 0.8581
vn 0.5101 -0.0598 0.8580
vn 0.5101 -0.0599 0.8580
vn 0.4696 0.2076 -0.8581
vn 0.4697 0.2076 -0.8581
vn -0.4697 -0.2076 -0.8581
vn -0.4696 -0.2076 -0.8581
vn -0.5101 0.0599 0.8580
vn -0.5102 0.0598 0.8580
vn -0.5101 0.0598 0.8580
vn 0.4698 0.2075 0.8580
vn 0.4696 0.2077 0.8581
vn 0.9888 0.1491 0.0002
vn 0.5100 -0.0599 -0.8581
vn 0.5098 -0.0599 -0.8582
vn 0.5099 -0.0599 -0.8581
vn 0.5101 -0.0599 -0.8580
vn -0.4934 -0.4984 -0.7129
vn -0.4934 -0.4984 -0.7128
vn -0.4933 -0.4984 -0.7129
vn -0.6185 0.3308 0.7128
vn -0.6185 0.3309 0.7127
vn -0.6185 0.3307 0.7128
vn 0.4934 0.4983 0.7129
vn 0.4935 0.4985 0.7127
vn 0.4933 0.4983 0.7130
vn 0.6183 -0.3309 -0.7129
vn 0.6184 -0.3309 -0.7128
vn -0.5575 -0.7704 -0.3092
vn -0.7598 0.5720 0.3091
vn -0.7599 0.5719 0.3092
vn 0.7598 -0.5719 -0.3092
vn 0.7599 -0.5719 -0.3091
vn 0.5729 -0.4773 0.6663
vn 0.5730 -0.4773 0.6662
vn 0.5731 -0.4774 0.6661
vn -0.5730 0.4773 0.6662
vn -0.5730 0.4773 -0.6662
vn 0.5731 -0.4774 -0.6660
vn 0.5729 -0.4774 -0.6662
vn 0.5729 -0.4774 -0.6663
vn 0.5732 -0.4775 -0.6660
vn 0.8241 -0.0685 0.5623
vn 0.8241 -0.0685 0.5622
vn -0.8241 0.0686 0.5622
vn -0.8242 0.0685 0.5621
vn -0.8240 0.0687 0.5623
vn -0.8241 0.0686 -0.5622
vn -0.8242 0.0687 -0.5621
vn -0.8241 0.0685 -0.5623
vn 0.8241 -0.0685 -0.5623
vn 0.8241 -0.0684 -0.5623
vn 0.8317 0.2505 0.4955
vn 0.8317 0.2504 0.4955
vn -0.8318 -0.2505 0.4953
vn -0.8318 -0.2505 -0.4953
vn 0.8317 0.2505 -0.4955
vn 0.7144 0.4941 0.4955
vn 0.7144 0.4942 0.4953
vn 0.7144 0.4942 0.4954
vn -0.7145 -0.4941 0.4954
vn -0.7145 -0.4942 0.4953
vn -0.7145 -0.4941 -0.4954
vn -0.7144 -0.4941 -0.4954
vn -0.7145 -0.4941 -0.4953
vn 0.7144 0.4941 -0.4955
vn 0.7145 0.4941 -0.4953
vn 0.4603 0.6871 0.5621
vn 0.4603 0.6870 0.5622
vn 0.4603 0.6871 0.5622
vn 0.4603 0.6872 0.5621
vn -0.4602 -0.6871 0.5622
vn -0.4604 -0.6870 0.5622
vn -0.4603 -0.6870 0.5623
vn -0.4602 -0.6871 -0.5622
vn -0.4604 -0.6871 -0.5621
vn -0.4605 -0.6870 -0.5621
vn 0.4603 0.6871 -0.5621
vn 0.4602 0.6871 -0.5623
vn 0.4603 0.6871 -0.5622
vn 0.4604 0.6871 -0.5621
vn -0.0160 0.7455 0.6663
vn -0.0160 0.7456 0.6663
vn -0.0159 0.7455 0.6663
vn 0.0159 -0.7456 0.6662
vn 0.0158 -0.7456 0.6662
vn 0.0160 -0.7456 0.6662
vn 0.0161 -0.7457 0.6661
vn 0.0160 -0.7456 -0.6662
vn 0.0158 -0.7458 -0.6660
vn 0.0159 -0.7456 -0.6662
vn 0.0158 -0.7457 -0.6661
vn -0.0160 0.7455 -0.6663
vn -0.0159 0.7456 -0.6662
vn -0.5730 0.4774 0.6662
vn -0.5731 0.4774 0.6661
vn -0.5730 0.4774 0.6661
vn -0.5733 0.4773 0.6660
vn 0.5730 -0.4773 -0.6662
vn -0.5730 0.4774 -0.6662
vn -0.5730 0.4775 -0.6661
vn -0.5730 0.4774 -0.6661
vn -0.8243 0.0685 0.5620
vn 0.8241 -0.0685 0.5624
vn 0.8241 -0.0684 0.5622
vn -0.8242 0.0685 -0.5621
vn -0.8243 0.0685 -0.5621
vn -0.8318 -0.2505 0.4954
vn -0.8317 -0.2504 0.4955
vn 0.8318 0.2504 0.4954
vn 0.8318 0.2505 0.4953
vn 0.8317 0.2502 0.4956
vn 0.8318 0.2504 -0.4954
vn 0.8319 0.2503 -0.4953
vn -0.8318 -0.2504 -0.4954
vn -0.8317 -0.2505 -0.4955
vn -0.7143 -0.4941 0.4955
vn -0.7143 -0.4941 0.4956
vn -0.7143 -0.4942 0.4955
vn 0.7143 0.4943 0.4954
vn 0.7143 0.4944 0.4953
vn 0.7144 0.4942 -0.4954
vn 0.7144 0.4941 -0.4954
vn 0.7143 0.4942 -0.4954
vn 0.7145 0.4942 -0.4953
vn -0.7144 -0.4941 -0.4955
vn -0.7145 -0.4942 -0.4952
vn -0.7143 -0.4941 -0.4956
vn -0.4603 -0.6872 0.5621
vn -0.4603 -0.6871 0.5622
vn -0.4603 -0.6872 0.5620
vn 0.4604 0.6871 -0.5622
vn -0.4603 -0.6870 -0.5623
vn -0.4605 -0.6871 -0.5620
vn -0.4604 -0.6871 -0.5622
vn -0.4602 -0.6870 -0.5624
vn 0.0159 -0.7457 0.6661
vn -0.0159 0.7456 0.6662
vn -0.0158 0.7456 0.6662
vn -0.0160 0.7456 0.6662
vn -0.0156 0.7456 0.6662
vn -0.0160 0.7456 -0.6662
vn -0.0159 0.7457 -0.6661
vn -0.0158 0.7457 -0.6661
vn 0.0159 -0.7456 -0.6663
vn -0.0267 -0.9506 0.3092
vn -0.7330 -0.6802 -0.0000
vn -0.7330 -0.6803 0.0001
vn -0.7330 -0.6802 0.0001
vn -0.7330 -0.6802 -0.0001
vn -0.9500 0.0445 -0.3092
vn -0.9499 0.0446 -0.3093
vn -0.9500 0.0444 -0.3090
vn -0.9501 0.0443 -0.3088
vn 0.0267 0.9507 -0.3090
vn 0.7330 0.6802 -0.0001
vn 0.7330 0.6803 -0.0000
vn 0.7330 0.6802 -0.0000
vn 0.9500 -0.0446 0.3092
vn -0.1269 -0.6897 0.7128
vn -0.1269 -0.6897 0.7129
vn -0.1270 -0.6898 0.7128
vn -0.7330 -0.6802 0.0002
vn -0.6973 -0.0750 -0.7128
vn -0.6975 -0.0751 -0.7127
vn -0.6974 -0.0751 -0.7127
vn 0.1269 0.6899 -0.7127
vn 0.7331 0.6801 -0.0000
vn 0.6972 0.0749 0.7129
vn 0.6972 0.0748 0.7129
vn 0.6974 0.0752 0.7127
vn 0.6974 0.0751 0.7127
vn -0.2711 -0.4361 0.8581
vn -0.2711 -0.4362 0.8580
vn -0.2711 -0.4360 0.8581
vn -0.7331 -0.6802 -0.0000
vn -0.4552 -0.2379 -0.8580
vn -0.4551 -0.2379 -0.8580
vn 0.2712 0.4360 -0.8581
vn 0.2713 0.4360 -0.8581
vn 0.4551 0.2377 0.8581
vn 0.4551 0.2378 0.8581
vn -0.4552 -0.2378 0.8581
vn -0.4551 -0.2377 0.8581
vn -0.4552 -0.2379 0.8580
vn -0.7331 -0.6802 0.0001
vn -0.2713 -0.4361 -0.8580
vn -0.2712 -0.4361 -0.8581
vn 0.4551 0.2378 -0.8581
vn 0.7331 0.6802 -0.0000
vn 0.2711 0.4361 0.8581
vn 0.2710 0.4359 0.8582
vn 0.2711 0.4360 0.8582
vn -0.6973 -0.0750 0.7128
vn -0.6973 -0.0751 0.7128
vn -0.7331 -0.6801 -0.0000
vn -0.1269 -0.6899 -0.7127
vn 0.6973 0.0750 -0.7128
vn 0.6974 0.0750 -0.7127
vn 0.6973 0.0750 -0.7129
vn 0.1268 0.6898 0.7128
vn 0.1269 0.6899 0.7127
vn 0.1269 0.6898 0.7128
vn 0.1268 0.6897 0.7129
vn -0.9500 0.0444 0.3091
vn -0.9500 0.0443 0.3091
vn -0.0267 -0.9506 -0.3093
vn -0.0267 -0.9506 -0.3094
vn -0.0268 -0.9506 -0.3094
vn 0.9500 -0.0445 -0.3092
vn 0.9500 -0.0444 -0.3091
vn 0.9500 -0.0445 -0.3091
vn 0.9500 -0.0444 -0.3090
vn 0.7330 0.6802 0.0001
vn 0.0267 0.9506 0.3092
vn -0.9500 0.0443 -0.3091
vn -0.9500 0.0444 -0.3091
vn -0.7331 -0.6801 -0.0001
vn -0.7331 -0.6802 -0.0001
vn -0.0267 -0.9506 0.3093
vn -0.0268 -0.9506 0.3093
vn -0.0267 -0.9506 0.3094
vn 0.9500 -0.0444 0.3092
vn 0.9499 -0.0443 0.3093
vn 0.9500 -0.0445 0.3091
vn 0.9500 -0.0446 0.3090
vn 0.0267 0.9506 -0.3092
vn -0.6973 -0.0750 -0.7129
vn -0.6973 -0.0751 -0.7128
vn -0.1269 -0.6899 0.7127
vn -0.1269 -0.6898 0.7127
vn 0.6973 0.0750 0.7128
vn 0.6974 0.0749 0.7128
vn 0.6973 0.0751 0.7128
vn 0.1269 0.6898 -0.7128
vn 0.1267 0.6898 -0.7128
vn 0.1268 0.6898 -0.7128
vn -0.4551 -0.2378 -0.8581
vn -0.4552 -0.2378 -0.8580
vn -0.4552 -0.2378 -0.8581
vn -0.4551 -0.2377 -0.8581
vn -0.2713 -0.4361 0.8580
vn -0.2713 -0.4360 0.8581
vn 0.4551 0.2379 0.8581
vn 0.2710 0.4360 -0.8582
vn 0.2711 0.4360 -0.8581
vn -0.2711 -0.4361 -0.8581
vn -0.2710 -0.4361 -0.8581
vn -0.7330 -0.6802 -0.0002
vn -0.4552 -0.2380 0.8580
vn 0.2712 0.4360 0.8581
vn 0.2712 0.4361 0.8581
vn 0.4551 0.2377 -0.8581
vn 0.4550 0.2377 -0.8582
vn -0.1269 -0.6897 -0.7129
vn -0.1270 -0.6897 -0.7129
vn -0.1268 -0.6897 -0.7129
vn -0.7330 -0.6803 -0.0000
vn -0.6974 -0.0748 0.7128
vn -0.6973 -0.0752 0.7128
vn 0.1269 0.6898 0.7127
vn 0.7330 0.6803 0.0001
vn 0.6972 0.0749 -0.7129
vn 0.6974 0.0751 -0.7128
vn -0.0267 -0.9506 -0.3092
vn -0.9500 0.0444 0.3092
vn -0.9499 0.0443 0.3093
vn -0.9500 0.0445 0.3091
vn 0.0267 0.9507 0.3090
vn 0.9500 -0.0446 -0.3092
vn 0.9500 -0.0443 -0.3092
vn 0.9500 -0.0443 -0.3091
vn 0.7423 -0.0716 0.6662
vn 0.7423 -0.0717 0.6663
vn -0.7423 0.0717 0.6662
vn -0.7423 0.0716 0.6662
vn -0.7423 0.0717 0.6663
vn -0.7424 0.0716 0.6661
vn -0.7423 0.0717 -0.6662
vn -0.7423 0.0718 -0.6662
vn -0.7423 0.0716 -0.6663
vn 0.7423 -0.0716 -0.6662
vn 0.7423 -0.0717 -0.6662
vn 0.7195 0.4077 0.5622
vn 0.7195 0.4076 0.5623
vn 0.7195 0.4077 0.5623
vn -0.7196 -0.4077 0.5622
vn -0.7196 -0.4077 0.5621
vn -0.7196 -0.4076 0.5622
vn -0.7196 -0.4076 0.5623
vn -0.7196 -0.4077 -0.5622
vn -0.7196 -0.4076 -0.5621
vn -0.7195 -0.4077 -0.5622
vn 0.7195 0.4077 -0.5622
vn 0.7195 0.4077 -0.5623
vn 0.5461 0.6755 0.4955
vn -0.5462 -0.6755 0.4953
vn -0.5462 -0.6755 -0.4953
vn 0.5461 0.6755 -0.4955
vn 0.3119 0.8107 0.4955
vn 0.3119 0.8107 0.4954
vn 0.3120 0.8106 0.4955
vn -0.3119 -0.8108 0.4954
vn -0.3120 -0.8107 0.4954
vn -0.3119 -0.8107 0.4954
vn -0.3119 -0.8108 0.4953
vn -0.3119 -0.8107 -0.4954
vn -0.3119 -0.8107 -0.4955
vn -0.3120 -0.8108 -0.4953
vn 0.3119 0.8107 -0.4955
vn 0.3120 0.8107 -0.4954
vn -0.0068 0.8269 0.5623
vn -0.0067 0.8271 0.5620
vn -0.0068 0.8269 0.5622
vn 0.0069 -0.8269 0.5623
vn 0.0068 -0.8269 0.5623
vn 0.0069 -0.8269 -0.5623
vn 0.0069 -0.8268 -0.5624
vn 0.0068 -0.8269 -0.5623
vn 0.0068 -0.8269 -0.5622
vn -0.0068 0.8269 -0.5623
vn -0.0067 0.8270 -0.5622
vn -0.4331 0.6071 0.6662
vn 0.4331 -0.6072 0.6662
vn 0.4332 -0.6071 0.6661
vn 0.4330 -0.6072 0.6662
vn 0.4329 -0.6072 0.6662
vn 0.4331 -0.6072 -0.6661
vn 0.4330 -0.6073 -0.6661
vn 0.4331 -0.6072 -0.6662
vn 0.4331 -0.6071 -0.6662
vn -0.4331 0.6071 -0.6662
vn -0.7423 0.0716 0.6663
vn 0.7424 -0.0716 0.6662
vn 0.7424 -0.0715 0.6661
vn 0.7423 -0.0718 0.6663
vn 0.7424 -0.0715 -0.6662
vn 0.7424 -0.0717 -0.6661
vn 0.7424 -0.0716 -0.6661
vn -0.7423 0.0716 -0.6662
vn -0.7195 -0.4077 0.5622
vn 0.7195 0.4078 0.5621
vn 0.7196 0.4075 0.5623
vn 0.7195 0.4078 0.5622
vn 0.7195 0.4078 -0.5621
vn 0.7196 0.4077 -0.5621
vn 0.7195 0.4078 -0.5622
vn -0.7196 -0.4077 -0.5621
vn -0.5462 -0.6755 0.4954
vn -0.5462 -0.6754 0.4955
vn 0.5462 0.6755 0.4954
vn 0.5462 0.6754 0.4955
vn 0.5462 0.6754 0.4954
vn 0.5462 0.6755 0.4953
vn 0.5462 0.6754 -0.4954
vn -0.5462 -0.6755 -0.4954
vn -0.5461 -0.6754 -0.4955
vn -0.5461 -0.6755 -0.4955
vn -0.3119 -0.8107 0.4955
vn -0.3118 -0.8107 0.4955
vn -0.3120 -0.8108 0.4952
vn 0.3118 0.8107 0.4955
vn 0.3118 0.8107 -0.4955
vn -0.3118 -0.8107 -0.4955
vn 0.0066 -0.8269 0.5622
vn 0.0066 -0.8269 0.5623
vn 0.0067 -0.8270 0.5622
vn -0.0066 0.8270 0.5622
vn -0.0066 0.8269 0.5622
vn -0.0066 0.8270 -0.5622
vn -0.0066 0.8269 -0.5623
vn 0.0066 -0.8270 -0.5622
vn 0.0067 -0.8269 -0.5623
vn 0.0066 -0.8269 -0.5623
vn 0.4332 -0.6070 0.6662
vn -0.4333 0.6069 0.6663
vn -0.4333 0.6069 -0.6663
vn -0.4333 0.6069 -0.6662
vn 0.4332 -0.6070 -0.6662
vn 0.5136 -0.8004 0.3092
vn 0.5135 -0.8004 0.3092
vn 0.5136 -0.8004 0.3093
vn -0.2226 -0.9749 -0.0000
vn -0.2225 -0.9749 0.0001
vn -0.2225 -0.9749 -0.0000
vn -0.2225 -0.9749 -0.0001
vn -0.8099 -0.4984 -0.3093
vn -0.8099 -0.4985 -0.3092
vn -0.8099 -0.4984 -0.3094
vn -0.5135 0.8005 -0.3091
vn -0.5136 0.8004 -0.3090
vn -0.5135 0.8005 -0.3092
vn -0.5134 0.8005 -0.3092
vn 0.2224 0.9749 -0.0000
vn 0.2225 0.9749 -0.0000
vn 0.8099 0.4984 0.3092
vn 0.2837 -0.6413 0.7129
vn -0.5340 -0.4548 -0.7127
vn -0.5340 -0.4549 -0.7127
vn -0.5340 -0.4548 -0.7128
vn -0.5339 -0.4548 -0.7128
vn -0.2838 0.6413 -0.7128
vn -0.2838 0.6413 -0.7129
vn 0.2226 0.9749 0.0001
vn 0.5338 0.4548 0.7129
vn 0.5339 0.4547 0.7129
vn 0.0217 -0.5130 0.8581
vn 0.0217 -0.5131 0.8581
vn -0.2420 -0.4529 -0.8581
vn -0.2421 -0.4527 -0.8582
vn -0.0216 0.5130 -0.8581
vn 0.2421 0.4528 0.8581
vn -0.2421 -0.4528 0.8581
vn 0.0215 -0.5131 -0.8581
vn 0.0214 -0.5131 -0.8581
vn 0.0216 -0.5130 -0.8581
vn 0.2420 0.4529 -0.8581
vn 0.2421 0.4530 -0.8580
vn 0.2225 0.9749 0.0001
vn 0.2225 0.9749 -0.0002
vn -0.0217 0.5130 0.8581
vn -0.0216 0.5131 0.8581
vn -0.0217 0.5129 0.8582
vn -0.0217 0.5131 0.8581
vn -0.5339 -0.4547 0.7128
vn -0.5339 -0.4548 0.7128
vn -0.5339 -0.4547 0.7129
vn -0.2223 -0.9750 -0.0000
vn 0.2838 -0.6415 -0.7127
vn 0.2837 -0.6415 -0.7127
vn 0.5340 0.4548 -0.7127
vn 0.5339 0.4548 -0.7128
vn 0.5340 0.4549 -0.7127
vn -0.2837 0.6413 0.7129
vn -0.2837 0.6416 0.7127
vn -0.2837 0.6414 0.7128
vn -0.2837 0.6412 0.7130
vn -0.8100 -0.4984 0.3090
vn 0.5134 -0.8005 -0.3093
vn 0.5135 -0.8004 -0.3093
vn 0.5135 -0.8005 -0.3091
vn 0.8099 0.4984 -0.3091
vn 0.8099 0.4984 -0.3092
vn -0.5133 0.8006 0.3091
vn -0.5134 0.8005 0.3092
vn -0.5134 0.8006 0.3091
vn -0.5133 0.8006 0.3090
vn -0.8100 -0.4984 -0.3090
vn -0.8100 -0.4984 -0.3091
vn 0.5135 -0.8005 0.3090
vn 0.5134 -0.8005 0.3092
vn 0.5134 -0.8004 0.3093
vn 0.5135 -0.8005 0.3091
vn 0.8099 0.4984 0.3091
vn 0.8100 0.4984 0.3091
vn -0.5134 0.8006 -0.3091
vn -0.5133 0.8006 -0.3092
vn -0.5133 0.8006 -0.3091
vn -0.5134 0.8005 -0.3091
vn -0.5339 -0.4547 -0.7129
vn -0.2226 -0.9749 0.0001
vn 0.2838 -0.6415 0.7127
vn 0.2838 -0.6416 0.7126
vn 0.2838 -0.6414 0.7128
vn 0.5340 0.4548 0.7127
vn 0.5339 0.4549 0.7128
vn -0.2836 0.6414 -0.7128
vn -0.2839 0.6412 -0.7129
vn -0.2835 0.6415 -0.7128
vn -0.2421 -0.4528 -0.8581
vn 0.0215 -0.5131 0.8581
vn 0.0218 -0.5131 0.8580
vn 0.0215 -0.5132 0.8580
vn 0.2420 0.4529 0.8581
vn 0.2420 0.4530 0.8580
vn -0.0217 0.5129 -0.8582
vn -0.0215 0.5132 -0.8580
vn 0.0217 -0.5130 -0.8581
vn 0.0216 -0.5131 -0.8581
vn -0.2420 -0.4529 0.8581
vn -0.2420 -0.4530 0.8580
vn -0.0216 0.5130 0.8581
vn 0.2421 0.4528 -0.8581
vn 0.2421 0.4531 -0.8580
vn 0.2838 -0.6413 -0.7129
vn 0.2837 -0.6413 -0.7129
vn -0.5340 -0.4548 0.7127
vn -0.5339 -0.4549 0.7128
vn -0.2838 0.6413 0.7128
vn -0.2838 0.6414 0.7128
vn -0.2838 0.6413 0.7129
vn 0.5338 0.4547 -0.7129
vn 0.5339 0.4548 -0.7129
vn 0.5136 -0.8004 -0.3092
vn -0.8099 -0.4984 0.3093
vn -0.8098 -0.4985 0.3094
vn -0.5135 0.8005 0.3091
vn -0.5135 0.8006 0.3090
vn -0.5135 0.8005 0.3092
vn -0.5135 0.8004 0.3093
vn 0.6537 0.3590 0.6662
vn 0.6536 0.3589 0.6663
vn -0.6537 -0.3590 0.6662
vn -0.6537 -0.3589 0.6662
vn -0.6537 -0.3590 0.6661
vn -0.6537 -0.3590 -0.6662
vn -0.6538 -0.3589 -0.6661
vn 0.6537 0.3590 -0.6662
vn 0.6536 0.3590 -0.6662
vn 0.3648 0.7421 0.5623
vn 0.3649 0.7423 0.5620
vn 0.3648 0.7422 0.5622
vn -0.3649 -0.7423 0.5620
vn -0.3649 -0.7422 0.5621
vn -0.3648 -0.7422 0.5622
vn -0.3649 -0.7423 -0.5620
vn -0.3647 -0.7421 -0.5624
vn -0.3648 -0.7421 -0.5623
vn -0.3649 -0.7421 -0.5623
vn 0.3649 0.7421 -0.5623
vn 0.3650 0.7423 -0.5620
vn 0.3648 0.7421 -0.5623
vn 0.0708 0.8657 0.4956
vn 0.0707 0.8658 0.4953
vn -0.0708 -0.8658 0.4953
vn -0.0707 -0.8657 0.4956
vn -0.0707 -0.8657 -0.4956
vn 0.0707 0.8658 -0.4953
vn 0.0708 0.8657 -0.4956
vn -0.1990 0.8455 0.4955
vn -0.1990 0.8455 0.4954
vn 0.1990 -0.8455 0.4955
vn 0.1990 -0.8455 0.4954
vn 0.1990 -0.8455 -0.4955
vn 0.1990 -0.8456 -0.4954
vn 0.1989 -0.8457 -0.4951
vn -0.1990 0.8455 -0.4955
vn -0.1990 0.8456 -0.4954
vn -0.1990 0.8455 -0.4954
vn -0.1990 0.8457 -0.4952
vn -0.4714 0.6795 0.5623
vn -0.4715 0.6796 0.5620
vn -0.4714 0.6795 0.5622
vn 0.4713 -0.6796 0.5622
vn 0.4714 -0.6795 0.5621
vn 0.4712 -0.6796 0.5622
vn 0.4713 -0.6796 -0.5622
vn 0.4713 -0.6797 -0.5621
vn 0.4714 -0.6795 -0.5622
vn -0.4714 0.6795 -0.5623
vn -0.4714 0.6794 -0.5623
vn -0.4714 0.6795 -0.5622
vn -0.6999 0.2575 0.6662
vn 0.6999 -0.2575 0.6662
vn 0.6999 -0.2578 0.6661
vn 0.6999 -0.2575 -0.6662
vn 0.6999 -0.2579 -0.6661
vn -0.6999 0.2575 -0.6662
vn -0.6999 0.2576 -0.6662
vn -0.6538 -0.3591 0.6661
vn -0.6537 -0.3591 0.6661
vn 0.6537 0.3589 0.6662
vn 0.6537 0.3590 0.6661
vn 0.6538 0.3589 -0.6661
vn -0.6535 -0.3590 -0.6663
vn -0.6536 -0.3590 -0.6662
vn -0.6538 -0.3590 -0.6661
vn 0.3650 0.7421 0.5622
vn 0.3648 0.7422 -0.5622
vn 0.3651 0.7421 -0.5622
vn 0.3652 0.7420 -0.5622
vn -0.3648 -0.7421 -0.5624
vn -0.3649 -0.7421 -0.5624
vn -0.0707 -0.8657 0.4955
vn -0.0707 -0.8658 0.4953
vn -0.0707 -0.8658 0.4954
vn -0.0708 -0.8657 0.4956
vn 0.0708 0.8658 0.4954
vn 0.0708 0.8657 0.4955
vn 0.0708 0.8657 -0.4954
vn 0.0707 0.8657 -0.4955
vn 0.0708 0.8658 -0.4954
vn -0.0707 -0.8657 -0.4955
vn -0.0708 -0.8658 -0.4953
vn -0.0707 -0.8658 -0.4954
vn 0.1990 -0.8456 0.4953
vn 0.1989 -0.8456 0.4954
vn -0.1991 0.8455 0.4955
vn -0.1989 0.8455 0.4956
vn -0.1991 0.8454 -0.4956
vn 0.1989 -0.8456 -0.4953
vn 0.1991 -0.8455 -0.4955
vn 0.4714 -0.6795 0.5622
vn 0.4715 -0.6795 0.5622
vn -0.4713 0.6796 0.5622
vn -0.4714 0.6795 0.5621
vn -0.4712 0.6796 0.5622
vn -0.4713 0.6796 -0.5622
vn -0.4713 0.6797 -0.5621
vn 0.4714 -0.6795 -0.5621
vn 0.4714 -0.6794 -0.5622
vn 0.6999 -0.2576 0.6662
vn 0.6998 -0.2576 0.6663
vn 0.6998 -0.2576 0.6662
vn -0.6999 0.2579 0.6661
vn -0.6999 0.2579 -0.6661
vn 0.6998 -0.2576 -0.6662
vn 0.6998 -0.2575 -0.6663
vn 0.6999 -0.2576 -0.6662
vn 0.8752 -0.3720 0.3093
vn 0.3654 -0.9309 -0.0000
vn 0.3653 -0.9309 -0.0001
vn 0.3653 -0.9309 0.0001
vn 0.3654 -0.9309 0.0001
vn -0.3885 -0.8681 -0.3091
vn -0.3884 -0.8681 -0.3091
vn -0.3885 -0.8681 -0.3092
vn -0.8751 0.3720 -0.3094
vn -0.3653 0.9309 -0.0000
vn 0.3884 0.8681 0.3091
vn 0.3885 0.8681 0.3090
vn 0.5957 -0.3700 0.7129
vn 0.5957 -0.3701 0.7129
vn 0.3653 -0.9309 -0.0002
vn -0.1849 -0.6767 -0.7127
vn -0.1849 -0.6767 -0.7126
vn -0.1849 -0.6766 -0.7127
vn -0.1849 -0.6765 -0.7128
vn -0.5958 0.3701 -0.7128
vn -0.5958 0.3700 -0.7128
vn -0.3654 0.9308 -0.0000
vn -0.3654 0.9309 -0.0000
vn 0.1849 0.6765 0.7129
vn 0.1850 0.6764 0.7129
vn 0.3069 -0.4116 0.8581
vn 0.3069 -0.4118 0.8580
vn 0.3069 -0.4117 0.8581
vn 0.3070 -0.4120 0.8579
vn 0.3653 -0.9309 -0.0000
vn 0.0552 -0.5107 -0.8580
vn 0.0549 -0.5105 -0.8581
vn -0.3068 0.4118 -0.8581
vn -0.3069 0.4117 -0.8581
vn -0.0550 0.5104 0.8581
vn -0.0551 0.5105 0.8581
vn -0.0550 0.5104 0.8582
vn 0.0551 -0.5106 0.8581
vn 0.0550 -0.5105 0.8581
vn 0.0552 -0.5106 0.8580
vn 0.3068 -0.4118 -0.8580
vn 0.3068 -0.4119 -0.8580
vn 0.3068 -0.4118 -0.8581
vn -0.0552 0.5106 -0.8581
vn -0.0551 0.5106 -0.8580
vn -0.0552 0.5105 -0.8581
vn -0.3654 0.9309 0.0001
vn -0.3069 0.4117 0.8581
vn -0.3069 0.4118 0.8581
vn -0.1850 -0.6765 0.7129
vn -0.1849 -0.6765 0.7128
vn -0.1850 -0.6764 0.7129
vn 0.5958 -0.3701 -0.7128
vn 0.5958 -0.3702 -0.7128
vn 0.1850 0.6765 -0.7128
vn 0.1850 0.6764 -0.7129
vn 0.1851 0.6766 -0.7127
vn -0.3654 0.9309 0.0002
vn -0.3654 0.9308 0.0002
vn -0.5957 0.3702 0.7128
vn -0.5958 0.3703 0.7127
vn -0.3884 -0.8681 0.3092
vn -0.3885 -0.8680 0.3092
vn -0.3883 -0.8681 0.3093
vn 0.8752 -0.3722 -0.3091
vn 0.8751 -0.3723 -0.3092
vn 0.8753 -0.3721 -0.3090
vn 0.3885 0.8681 -0.3092
vn 0.3884 0.8682 -0.3090
vn 0.3885 0.8680 -0.3093
vn 0.3885 0.8679 -0.3094
vn -0.3653 0.9309 -0.0001
vn -0.8752 0.3720 0.3094
vn -0.3884 -0.8681 -0.3092
vn -0.3883 -0.8681 -0.3091
vn -0.3884 -0.8681 -0.3090
vn 0.8752 -0.3723 0.3089
vn 0.3885 0.8680 0.3092
vn 0.3887 0.8680 0.3090
vn 0.3885 0.8680 0.3093
vn 0.3885 0.8681 0.3091
vn -0.3655 0.9308 -0.0001
vn -0.3654 0.9309 -0.0001
vn -0.8753 0.3720 -0.3091
vn -0.1850 -0.6764 -0.7129
vn -0.1849 -0.6765 -0.7129
vn -0.1849 -0.6766 -0.7128
vn 0.5958 -0.3701 0.7128
vn 0.5958 -0.3702 0.7127
vn 0.1850 0.6765 0.7128
vn 0.1849 0.6765 0.7128
vn 0.1851 0.6765 0.7128
vn -0.5957 0.3702 -0.7128
vn -0.5957 0.3703 -0.7128
vn 0.0551 -0.5105 -0.8581
vn 0.0551 -0.5107 -0.8580
vn 0.0551 -0.5106 -0.8580
vn 0.0550 -0.5104 -0.8582
vn 0.3068 -0.4118 0.8580
vn 0.3068 -0.4118 0.8581
vn -0.0552 0.5106 0.8581
vn -0.0551 0.5106 0.8581
vn -0.3069 0.4118 -0.8581
vn 0.3069 -0.4117 -0.8581
vn 0.3069 -0.4116 -0.8581
vn 0.3069 -0.4118 -0.8581
vn 0.3652 -0.9309 0.0001
vn 0.0552 -0.5107 0.8580
vn 0.0553 -0.5107 0.8580
vn 0.0551 -0.5107 0.8580
vn -0.3068 0.4118 0.8581
vn -0.3068 0.4117 0.8581
vn -0.0551 0.5105 -0.8581
vn -0.0551 0.5104 -0.8582
vn 0.5957 -0.3700 -0.7129
vn 0.5957 -0.3703 -0.7127
vn 0.5957 -0.3701 -0.7129
vn 0.3652 -0.9309 -0.0000
vn -0.1849 -0.6767 0.7127
vn -0.1850 -0.6766 0.7127
vn -0.1848 -0.6767 0.7127
vn -0.5958 0.3700 0.7128
vn -0.5958 0.3701 0.7128
vn 0.1849 0.6765 -0.7128
vn 0.1849 0.6765 -0.7129
vn 0.8752 -0.3720 -0.3091
vn -0.3885 -0.8681 0.3091
vn -0.3884 -0.8681 0.3091
vn -0.8752 0.3720 0.3093
vn 0.3884 0.8681 -0.3091
vn 0.3884 0.8681 -0.3090
vn 0.3884 0.8680 -0.3094
vn 0.3378 0.6649 0.6662
vn -0.3378 -0.6649 0.6662
vn -0.3378 -0.6649 -0.6662
vn -0.3379 -0.6649 -0.6662
vn 0.3378 0.6649 -0.6662
vn -0.1166 0.8187 0.5622
vn -0.1166 0.8188 0.5622
vn -0.1165 0.8187 0.5622
vn 0.1167 -0.8188 0.5622
vn 0.1167 -0.8188 0.5621
vn 0.1167 -0.8187 0.5622
vn 0.1167 -0.8188 -0.5622
vn 0.1167 -0.8188 -0.5621
vn -0.1166 0.8187 -0.5622
vn -0.1166 0.8188 -0.5622
vn -0.4293 0.7552 0.4954
vn -0.4292 0.7552 0.4955
vn -0.4293 0.7552 0.4953
vn 0.4293 -0.7552 0.4954
vn 0.4292 -0.7552 0.4955
vn 0.4294 -0.7552 0.4953
vn 0.4293 -0.7552 -0.4954
vn 0.4293 -0.7551 -0.4955
vn 0.4292 -0.7553 -0.4953
vn -0.4292 0.7552 -0.4954
vn -0.4293 0.7551 -0.4955
vn -0.4293 0.7552 -0.4955
vn -0.4292 0.7553 -0.4953
vn -0.6407 0.5865 0.4955
vn 0.6407 -0.5865 0.4955
vn 0.6407 -0.5865 -0.4955
vn -0.6407 0.5865 -0.4955
vn -0.7722 0.2959 0.5623
vn -0.7725 0.2958 0.5619
vn -0.7722 0.2959 0.5622
vn 0.7723 -0.2956 0.5624
vn 0.7721 -0.2958 0.5625
vn 0.7723 -0.2960 0.5621
vn 0.7724 -0.2956 0.5622
vn 0.7723 -0.2960 -0.5621
vn 0.7722 -0.2957 -0.5623
vn 0.7723 -0.2957 -0.5623
vn 0.7722 -0.2959 -0.5622
vn -0.7722 0.2959 -0.5623
vn -0.7725 0.2959 -0.5619
vn -0.7724 0.2959 -0.5620
vn -0.7722 0.2959 -0.5622
vn -0.7233 -0.1815 0.6663
vn -0.7235 -0.1814 0.6660
vn -0.7236 -0.1814 0.6659
vn 0.7234 0.1815 0.6661
vn 0.7234 0.1815 0.6662
vn 0.7234 0.1815 -0.6661
vn 0.7234 0.1815 -0.6662
vn -0.7233 -0.1815 -0.6663
vn -0.3379 -0.6648 0.6662
vn -0.3379 -0.6649 0.6662
vn -0.3378 -0.6650 0.6660
vn 0.3379 0.6649 -0.6662
vn -0.3379 -0.6648 -0.6662
vn 0.1166 -0.8187 0.5622
vn 0.1167 -0.8189 0.5620
vn 0.1166 -0.8189 0.5619
vn -0.1169 0.8188 0.5621
vn -0.1165 0.8188 0.5622
vn -0.1164 0.8187 0.5622
vn -0.1164 0.8187 0.5623
vn -0.1164 0.8187 -0.5622
vn -0.1167 0.8187 -0.5622
vn -0.1169 0.8188 -0.5621
vn -0.1165 0.8187 -0.5622
vn 0.1166 -0.8187 -0.5622
vn 0.1165 -0.8189 -0.5620
vn 0.1166 -0.8187 -0.5623
vn 0.4292 -0.7551 0.4956
vn 0.4293 -0.7551 0.4954
vn -0.4292 0.7552 -0.4955
vn -0.4292 0.7551 -0.4955
vn 0.4293 -0.7551 -0.4956
vn 0.4292 -0.7552 -0.4954
vn 0.4293 -0.7550 -0.4956
vn 0.6407 -0.5866 0.4953
vn 0.6407 -0.5866 0.4954
vn -0.6408 0.5865 0.4955
vn -0.6408 0.5864 0.4954
vn -0.6408 0.5865 0.4954
vn -0.6408 0.5865 -0.4955
vn -0.6408 0.5866 -0.4953
vn -0.6408 0.5865 -0.4954
vn -0.6408 0.5864 -0.4955
vn 0.6407 -0.5866 -0.4953
vn 0.6407 -0.5866 -0.4954
vn 0.7723 -0.2958 0.5622
vn -0.7722 0.2958 0.5623
vn -0.7725 0.2958 0.5620
vn -0.7722 0.2958 0.5622
vn -0.7723 0.2957 0.5622
vn -0.7722 0.2958 -0.5623
vn -0.7723 0.2959 -0.5622
vn -0.7723 0.2960 -0.5621
vn 0.7723 -0.2958 -0.5622
vn 0.7233 0.1814 0.6662
vn 0.7234 0.1814 0.6662
vn -0.7234 -0.1814 0.6662
vn -0.7234 -0.1815 0.6661
vn -0.7234 -0.1817 0.6661
vn -0.7234 -0.1816 0.6661
vn -0.7235 -0.1813 -0.6661
vn -0.7236 -0.1812 -0.6660
vn -0.7234 -0.1814 -0.6662
vn 0.7234 0.1814 -0.6662
vn 0.7233 0.1815 -0.6663
vn 0.7235 0.1814 -0.6661
vn 0.9328 0.1855 0.3091
vn 0.9327 0.1856 0.3093
vn 0.9327 0.1855 0.3092
vn 0.9328 0.1854 0.3090
vn 0.8262 -0.5633 -0.0000
vn 0.8263 -0.5633 0.0001
vn 0.8262 -0.5633 0.0001
vn 0.1681 -0.9360 -0.3093
vn 0.1681 -0.9360 -0.3094
vn 0.1682 -0.9360 -0.3092
vn 0.1683 -0.9360 -0.3090
vn -0.9327 -0.1855 -0.3093
vn -0.9327 -0.1855 -0.3094
vn -0.9327 -0.1856 -0.3093
vn -0.9327 -0.1856 -0.3092
vn -0.8262 0.5634 -0.0000
vn -0.8262 0.5633 -0.0000
vn -0.1680 0.9360 0.3093
vn -0.1681 0.9361 0.3090
vn 0.7007 0.0298 0.7129
vn 0.7007 0.0298 0.7128
vn 0.8263 -0.5633 0.0002
vn 0.8262 -0.5634 -0.0003
vn 0.2282 -0.6633 -0.7127
vn 0.2282 -0.6632 -0.7128
vn -0.7008 -0.0298 -0.7127
vn -0.7008 -0.0296 -0.7127
vn -0.7006 -0.0297 -0.7129
vn -0.8263 0.5632 -0.0000
vn -0.2282 0.6631 0.7129
vn -0.2281 0.6631 0.7129
vn -0.2283 0.6631 0.7129
vn 0.4855 -0.1673 0.8581
vn 0.8263 -0.5633 -0.0000
vn 0.3332 -0.3907 -0.8581
vn -0.4855 0.1674 -0.8580
vn -0.4855 0.1673 -0.8581
vn -0.4856 0.1675 -0.8580
vn -0.3330 0.3908 0.8582
vn -0.3331 0.3908 0.8581
vn -0.3329 0.3908 0.8582
vn 0.3331 -0.3908 0.8581
vn 0.3333 -0.3909 0.8580
vn 0.8262 -0.5634 -0.0000
vn 0.4854 -0.1674 -0.8581
vn -0.3331 0.3908 -0.8581
vn -0.8262 0.5633 0.0001
vn -0.8263 0.5633 0.0001
vn -0.4855 0.1673 0.8581
vn -0.4853 0.1672 0.8582
vn -0.4854 0.1672 0.8582
vn 0.2283 -0.6632 0.7128
vn 0.2284 -0.6632 0.7128
vn 0.2282 -0.6632 0.7128
vn 0.7007 0.0298 -0.7128
vn -0.2283 0.6631 -0.7129
vn -0.7006 -0.0298 0.7129
vn -0.7009 -0.0297 0.7127
vn -0.7007 -0.0297 0.7128
vn -0.7005 -0.0298 0.7130
vn 0.1682 -0.9360 0.3092
vn 0.1680 -0.9361 0.3091
vn 0.1681 -0.9360 0.3092
vn 0.9328 0.1855 -0.3091
vn 0.9328 0.1854 -0.3092
vn 0.9328 0.1856 -0.3090
vn 0.9327 0.1855 -0.3092
vn -0.1680 0.9361 -0.3092
vn -0.1680 0.9360 -0.3092
vn -0.1680 0.9361 -0.3091
vn -0.9328 -0.1855 0.3091
vn -0.9326 -0.1856 0.3094
vn -0.9327 -0.1855 0.3092
vn -0.9328 -0.1853 0.3090
vn 0.1681 -0.9360 -0.3092
vn 0.1682 -0.9360 -0.3091
vn 0.1680 -0.9360 -0.3093
vn 0.8262 -0.5634 -0.0001
vn 0.9327 0.1856 0.3092
vn 0.9328 0.1855 0.3090
vn -0.1680 0.9360 0.3091
vn -0.1681 0.9360 0.3092
vn -0.1680 0.9361 0.3091
vn -0.9327 -0.1855 -0.3091
vn -0.9328 -0.1853 -0.3092
vn -0.9328 -0.1854 -0.3092
vn -0.9327 -0.1857 -0.3091
vn 0.2284 -0.6632 -0.7128
vn 0.2283 -0.6631 -0.7129
vn 0.2283 -0.6632 -0.7128
vn 0.2284 -0.6632 -0.7127
vn -0.7007 -0.0297 -0.7128
vn -0.7006 -0.0300 -0.7129
vn -0.7007 -0.0298 -0.7129
vn -0.7007 -0.0296 -0.7128
vn 0.3331 -0.3908 -0.8581
vn 0.3330 -0.3907 -0.8581
vn 0.4855 -0.1674 0.8581
vn 0.4854 -0.1674 0.8581
vn -0.3332 0.3908 0.8581
vn -0.4854 0.1672 -0.8582
vn 0.4855 -0.1673 -0.8581
vn 0.8263 -0.5633 -0.0001
vn 0.8261 -0.5635 0.0003
vn 0.3332 -0.3907 0.8581
vn -0.4855 0.1674 0.8580
vn -0.4857 0.1674 0.8579
vn -0.4856 0.1674 0.8580
vn -0.4854 0.1674 0.8581
vn -0.3330 0.3907 -0.8582
vn -0.3331 0.3909 -0.8581
vn 0.7007 0.0298 -0.7129
vn 0.7007 0.0297 -0.7129
vn 0.2282 -0.6633 0.7127
vn 0.2282 -0.6632 0.7127
vn -0.7008 -0.0298 0.7127
vn -0.7007 -0.0298 0.7128
vn -0.7009 -0.0298 0.7126
vn -0.8262 0.5633 0.0002
vn -0.2281 0.6631 -0.7129
vn -0.2282 0.6632 -0.7128
vn -0.2282 0.6631 -0.7129
vn -0.2281 0.6630 -0.7130
vn 0.9327 0.1855 -0.3091
vn 0.9327 0.1856 -0.3091
vn 0.1682 -0.9360 0.3093
vn 0.1682 -0.9359 0.3094
vn -0.9327 -0.1856 0.3093
vn -0.1680 0.9360 -0.3093
vn -0.0954 0.7399 0.6659
vn -0.0954 0.7396 0.6662
vn -0.0954 0.7396 0.6663
vn -0.0953 0.7395 0.6663
vn 0.0953 -0.7396 0.6662
vn 0.0952 -0.7396 0.6662
vn 0.0953 -0.7397 0.6662
vn 0.0954 -0.7397 0.6662
vn 0.0953 -0.7396 -0.6662
vn 0.0953 -0.7397 -0.6662
vn -0.0954 0.7396 -0.6663
vn -0.0953 0.7396 -0.6662
vn -0.5576 0.6107 0.5623
vn -0.5575 0.6107 0.5623
vn -0.5577 0.6110 0.5619
vn -0.5576 0.6107 0.5622
vn 0.5577 -0.6107 0.5622
vn 0.5573 -0.6110 0.5622
vn 0.5577 -0.6107 -0.5622
vn -0.5575 0.6107 -0.5623
vn -0.5575 0.6108 -0.5622
vn -0.7800 0.3822 0.4956
vn -0.7801 0.3821 0.4954
vn -0.7801 0.3821 0.4955
vn -0.7801 0.3822 0.4954
vn 0.7801 -0.3821 0.4954
vn 0.7800 -0.3822 0.4955
vn 0.7801 -0.3821 0.4955
vn 0.7801 -0.3821 -0.4954
vn 0.7801 -0.3821 -0.4955
vn 0.7801 -0.3822 -0.4954
vn -0.7800 0.3821 -0.4956
vn -0.7801 0.3822 -0.4954
vn -0.7800 0.3822 -0.4954
vn -0.8598 0.1237 0.4954
vn 0.8598 -0.1238 0.4955
vn 0.8598 -0.1237 0.4954
vn 0.8598 -0.1237 0.4955
vn 0.8598 -0.1237 -0.4955
vn 0.8598 -0.1238 -0.4954
vn 0.8598 -0.1238 -0.4955
vn -0.8598 0.1237 -0.4954
vn -0.8598 0.1237 -0.4955
vn -0.8047 -0.1906 0.5623
vn -0.8047 -0.1906 0.5622
vn 0.8047 0.1905 0.5622
vn 0.8047 0.1906 0.5622
vn 0.8047 0.1905 -0.5622
vn 0.8047 0.1906 -0.5623
vn -0.8047 -0.1906 -0.5622
vn -0.8047 -0.1906 -0.5623
vn -0.4954 -0.5574 0.6662
vn -0.4954 -0.5573 0.6663
vn -0.4954 -0.5574 0.6663
vn 0.4954 0.5575 0.6662
vn 0.4954 0.5574 0.6662
vn 0.4954 0.5575 -0.6662
vn 0.4953 0.5575 -0.6662
vn -0.4954 -0.5574 -0.6662
vn -0.4953 -0.5574 -0.6663
vn -0.4954 -0.5574 -0.6663
vn -0.4955 -0.5574 -0.6662
vn 0.0954 -0.7396 0.6663
vn 0.0954 -0.7396 0.6662
vn 0.0953 -0.7395 0.6663
vn -0.0953 0.7396 0.6662
vn -0.0952 0.7396 0.6663
vn -0.0953 0.7397 0.6662
vn -0.0954 0.7397 0.6662
vn -0.0954 0.7396 -0.6662
vn -0.0953 0.7397 -0.6662
vn -0.0956 0.7397 -0.6661
vn 0.0954 -0.7399 -0.6659
vn 0.0954 -0.7396 -0.6663
vn 0.5575 -0.6108 0.5622
vn 0.5576 -0.6108 0.5622
vn 0.5575 -0.6108 0.5623
vn -0.5576 0.6108 0.5621
vn -0.5577 0.6109 0.5620
vn -0.5574 0.6107 0.5624
vn -0.5578 0.6109 -0.5619
vn -0.5577 0.6108 -0.5620
vn -0.5574 0.6107 -0.5624
vn -0.5577 0.6109 -0.5620
vn 0.5575 -0.6108 -0.5622
vn 0.5575 -0.6108 -0.5623
vn 0.7801 -0.3822 0.4954
vn -0.7800 0.3821 0.4956
vn -0.7801 0.3823 0.4952
vn -0.7800 0.3822 -0.4955
vn -0.7800 0.3821 -0.4955
vn 0.7800 -0.3822 -0.4954
vn 0.7800 -0.3821 -0.4955
vn 0.7800 -0.3822 -0.4955
vn 0.8598 -0.1236 0.4955
vn -0.8598 0.1238 0.4954
vn -0.8597 0.1238 0.4955
vn -0.8598 0.1238 -0.4954
vn -0.8598 0.1235 -0.4954
vn 0.8598 -0.1236 -0.4955
vn -0.8046 -0.1907 0.5623
vn -0.8049 -0.1904 0.5620
vn -0.8049 -0.1904 0.5621
vn -0.8049 -0.1904 -0.5621
vn -0.8048 -0.1905 -0.5622
vn -0.8046 -0.1907 -0.5623
vn 0.4954 0.5573 0.6663
vn 0.4954 0.5574 0.6663
vn -0.4955 -0.5574 0.6662
vn -0.4955 -0.5573 0.6662
vn 0.4954 0.5574 -0.6662
vn 0.4953 0.5574 -0.6663
vn 0.4954 0.5574 -0.6663
vn 0.4955 0.5574 -0.6662
vn -0.0057 0.5086 -0.8610
vn -0.0057 0.5085 -0.8610
vn -0.9749 -0.2225 -0.0000
vn 0.9749 0.2225 -0.0000
vn -0.1163 0.9932 -0.0000
vn 0.9749 0.2228 -0.0000
vn -0.0057 0.5086 0.8610
vn -0.0057 0.5085 0.8610
vn 0.2155 -0.4607 0.8610
vn 0.2155 -0.4606 0.8610
vn 0.9749 0.2226 -0.0000
vn 0.3262 -0.9453 -0.0000
vn 0.9750 0.2222 -0.0000
vn 0.2155 -0.4607 -0.8610
vn -0.2258 0.4558 -0.8610
vn -0.7818 -0.6235 -0.0000
vn -0.7818 -0.6236 -0.0000
vn 0.7818 0.6236 -0.0000
vn -0.5357 0.8444 -0.0000
vn -0.2258 0.4558 0.8610
vn 0.3941 -0.3215 0.8610
vn 0.3941 -0.3216 0.8610
vn 0.7040 -0.7102 -0.0000
vn 0.3940 -0.3215 -0.8610
vn 0.3941 -0.3216 -0.8610
vn -0.4012 0.3126 -0.8610
vn -0.4011 0.3126 -0.8610
vn -0.4339 -0.9010 -0.0000
vn -0.4342 -0.9008 -0.0000
vn 0.4339 0.9010 -0.0000
vn 0.4338 0.9010 -0.0000
vn -0.8490 0.5283 -0.0000
vn -0.4341 -0.9009 -0.0000
vn -0.4012 0.3126 0.8610
vn 0.4946 -0.1187 0.8610
vn 0.4946 -0.1188 0.8609
vn -0.4340 -0.9009 -0.0000
vn 0.9424 -0.3344 -0.0000
vn 0.4342 0.9008 -0.0000
vn 0.4946 -0.1187 -0.8610
vn 0.4946 -0.1187 -0.8609
vn -0.4971 0.1076 -0.8610
vn -0.0000 -1.0000 -0.0000
vn -0.0000 1.0000 -0.0000
vn -0.9942 0.1076 -0.0000
vn -0.4971 0.1076 0.8610
vn 0.4971 0.1076 0.8610
vn 0.9942 0.1076 -0.0000
vn 0.4971 0.1076 -0.8610
vn -0.4946 -0.1187 -0.8610
vn -0.4946 -0.1188 -0.8609
vn 0.4339 -0.9010 -0.0000
vn 0.4340 -0.9009 -0.0000
vn -0.4339 0.9010 -0.0000
vn -0.4342 0.9008 -0.0000
vn -0.9424 -0.3344 -0.0000
vn -0.4338 0.9010 -0.0000
vn -0.4946 -0.1187 0.8610
vn 0.4012 0.3126 0.8610
vn 0.4341 -0.9009 -0.0000
vn 0.8490 0.5283 -0.0000
vn 0.4342 -0.9008 -0.0000
vn 0.4012 0.3126 -0.8610
vn -0.3941 -0.3215 -0.8610
vn -0.3941 -0.3216 -0.8610
vn 0.7818 -0.6235 -0.0000
vn -0.7818 0.6236 -0.0000
vn -0.7040 -0.7102 -0.0000
vn -0.3941 -0.3215 0.8610
vn 0.2258 0.4558 0.8610
vn 0.7818 -0.6236 -0.0000
vn 0.5357 0.8444 -0.0000
vn 0.2258 0.4558 -0.8610
vn -0.2155 -0.4607 -0.8610
vn 0.9749 -0.2225 -0.0000
vn -0.9749 0.2225 -0.0000
vn -0.9750 0.2222 -0.0000
vn -0.3262 -0.9453 -0.0000
vn -0.9749 0.2226 -0.0000
vn -0.2155 -0.4607 0.8610
vn -0.2155 -0.4606 0.8610
vn 0.0057 0.5086 0.8610
vn 0.0057 0.5085 0.8610
vn -0.9749 0.2228 -0.0000
vn 0.1163 0.9932 -0.0000
vn 0.0057 0.5086 -0.8610
vn 0.0057 0.5085 -0.8610
vn 0.0057 -0.5086 -0.8610
vn 0.0057 -0.5085 -0.8610
vn 0.1163 -0.9932 -0.0000
vn -0.9749 -0.2228 -0.0000
vn 0.0057 -0.5086 0.8610
vn 0.0057 -0.5085 0.8610
vn -0.2155 0.4607 0.8610
vn -0.2155 0.4606 0.8610
vn -0.9749 -0.2226 -0.0000
vn -0.3262 0.9453 -0.0000
vn -0.9750 -0.2222 -0.0000
vn -0.2155 0.4607 -0.8610
vn 0.2258 -0.4558 -0.8610
vn 0.7818 0.6235 -0.0000
vn 0.5357 -0.8444 -0.0000
vn 0.2258 -0.4558 0.8610
vn -0.3941 0.3215 0.8610
vn -0.3941 0.3216 0.8610
vn -0.7040 0.7102 -0.0000
vn -0.3940 0.3215 -0.8610
vn -0.3941 0.3216 -0.8610
vn 0.4012 -0.3126 -0.8610
vn 0.4011 -0.3126 -0.8610
vn -0.4338 -0.9010 -0.0000
vn 0.8490 -0.5283 -0.0000
vn 0.4341 0.9009 -0.0000
vn 0.4012 -0.3126 0.8610
vn -0.4946 0.1187 0.8610
vn -0.4946 0.1188 0.8609
vn 0.4340 0.9009 -0.0000
vn -0.9424 0.3344 -0.0000
vn -0.4946 0.1187 -0.8610
vn -0.4946 0.1187 -0.8609
vn 0.4971 -0.1076 -0.8610
vn 0.9942 -0.1076 -0.0000
vn 0.4971 -0.1076 0.8610
vn -0.4971 -0.1076 0.8610
vn -0.9942 -0.1076 -0.0000
vn -0.4971 -0.1076 -0.8610
vn 0.4946 0.1187 -0.8610
vn 0.4946 0.1188 -0.8609
vn -0.4340 0.9009 -0.0000
vn 0.9424 0.3344 -0.0000
vn 0.4338 -0.9010 -0.0000
vn 0.4946 0.1187 0.8610
vn -0.4012 -0.3126 0.8610
vn -0.4341 0.9009 -0.0000
vn -0.8490 -0.5283 -0.0000
vn -0.4012 -0.3126 -0.8610
vn 0.3941 0.3215 -0.8610
vn 0.3941 0.3216 -0.8610
vn -0.7818 0.6235 -0.0000
vn 0.7040 0.7102 -0.0000
vn 0.3941 0.3215 0.8610
vn -0.2258 -0.4558 0.8610
vn -0.5357 -0.8444 -0.0000
vn -0.2258 -0.4558 -0.8610
vn 0.2155 0.4607 -0.8610
vn 0.9750 -0.2222 -0.0000
vn 0.3262 0.9453 -0.0000
vn 0.9749 -0.2226 -0.0000
vn 0.2155 0.4607 0.8610
vn 0.2155 0.4606 0.8610
vn -0.0057 -0.5086 0.8610
vn -0.0057 -0.5085 0.8610
vn 0.9749 -0.2228 -0.0000
vn -0.1163 -0.9932 -0.0000
vn -0.0057 -0.5086 -0.8610
vn -0.0057 -0.5085 -0.8610
vn 0.8652 0.4995 0.0433
vn -0.0000 0.9991 0.0433
vn -0.8652 0.4995 0.0433
vn -0.8652 -0.4995 0.0433
vn -0.0000 -0.9991 0.0433
vn 0.8652 -0.4995 0.0433
vn -0.8653 -0.4995 0.0433
vn -0.8653 -0.4993 0.0433
vn 0.8653 -0.4995 0.0433
vn 0.8653 -0.4993 0.0433
vn 0.8653 0.4995 0.0433
vn -0.8653 0.4995 0.0433
vn 0.8653 0.4993 0.0433
vn -0.8653 0.4993 0.0433
vn 0.8659 0.4999 0.0181
vn -0.0000 0.9998 0.0181
vn -0.8659 0.4999 0.0181
vn -0.8659 -0.4999 0.0181
vn -0.0000 -0.9998 0.0181
vn 0.8659 -0.4999 0.0181
vn -0.8659 0.5000 0.0181
vn -0.8659 -0.5000 0.0181
vn 0.8659 0.4998 0.0181
vn -0.8659 0.4998 0.0181
vn 0.8659 0.5000 0.0181
vn 0.8659 -0.5000 0.0181
vn -0.8659 -0.4998 0.0181
vn 0.8659 -0.4998 0.0181
vt 0.196850 0.121685
vt 0.250000 0.111113
vt 0.249997 0.160215
vt 0.284357 0.167049
vt 0.215638 0.167049
vt 0.303150 0.121685
vt 0.151792 0.151792
vt 0.313485 0.186512
vt 0.186510 0.186512
vt 0.348208 0.151792
vt 0.121685 0.196850
vt 0.332948 0.215641
vt 0.167047 0.215641
vt 0.378315 0.196850
vt 0.160212 0.250000
vt 0.339783 0.250000
vt 0.111113 0.250000
vt 0.388887 0.250000
vt 0.167047 0.284359
vt 0.332948 0.284359
vt 0.121685 0.303150
vt 0.378315 0.303150
vt 0.186510 0.313488
vt 0.348208 0.348208
vt 0.151792 0.348208
vt 0.313485 0.313488
vt 0.215638 0.332951
vt 0.303150 0.378315
vt 0.196850 0.378315
vt 0.284357 0.332951
vt 0.249997 0.339785
vt 0.250000 0.388887
vt 0.391563 0.391563
vt 0.326613 0.434960
vt 0.319307 0.417322
vt 0.250000 0.431108
vt 0.378062 0.378062
vt 0.250000 0.450200
vt 0.434960 0.326613
vt 0.180693 0.417322
vt 0.417322 0.319307
vt 0.173387 0.434960
vt 0.450200 0.250000
vt 0.121938 0.378062
vt 0.431108 0.250000
vt 0.108437 0.391563
vt 0.434961 0.173387
vt 0.082678 0.319307
vt 0.417322 0.180693
vt 0.065040 0.326613
vt 0.378062 0.121938
vt 0.068892 0.250000
vt 0.391563 0.108437
vt 0.049800 0.250000
vt 0.319307 0.082678
vt 0.065040 0.173387
vt 0.326613 0.065040
vt 0.082678 0.180693
vt 0.250000 0.068892
vt 0.108437 0.108437
vt 0.250000 0.049800
vt 0.121938 0.121938
vt 0.180693 0.082678
vt 0.173387 0.065040
vt 0.844063 0.089969
vt 0.836644 0.040822
vt 0.820398 0.080045
vt 0.798213 0.070742
vt 0.910098 0.089902
vt 0.830852 0.121472
vt 0.750000 0.023588
vt 0.879229 0.170272
vt 0.784999 0.102254
vt 0.910846 0.157337
vt 0.715001 0.102254
vt 0.959178 0.163356
vt 0.701787 0.070742
vt 0.929672 0.203353
vt 0.663356 0.040822
vt 0.655937 0.089969
vt 0.976412 0.250000
vt 0.898055 0.216288
vt 0.897755 0.285003
vt 0.929258 0.298213
vt 0.959178 0.336644
vt 0.910031 0.344063
vt 0.589902 0.089902
vt 0.669148 0.121472
vt 0.620771 0.170272
vt 0.589154 0.157337
vt 0.540822 0.163356
vt 0.570328 0.203353
vt 0.910097 0.410098
vt 0.878528 0.330853
vt 0.829728 0.379230
vt 0.842663 0.410846
vt 0.836644 0.459178
vt 0.796647 0.429672
vt 0.523588 0.250000
vt 0.601945 0.216288
vt 0.602245 0.285003
vt 0.570742 0.298213
vt 0.540822 0.336644
vt 0.589969 0.344063
vt 0.750000 0.476412
vt 0.783716 0.398064
vt 0.716285 0.398064
vt 0.703353 0.429672
vt 0.663356 0.459178
vt 0.679602 0.419955
vt 0.657337 0.410846
vt 0.589902 0.410098
vt 0.670272 0.379230
vt 0.621472 0.330853
vt 0.000000 0.000000
vt 0.375000 0.508660
vt 0.314269 0.500000
vt 0.373231 0.500000
vt 0.312500 0.508660
vt 0.251769 0.500000
vt 0.310731 0.500000
vt 0.250000 0.508660
vt 0.187500 0.508660
vt 0.248231 0.500000
vt 0.189269 0.500000
vt 0.125000 0.508660
vt 0.185731 0.500000
vt 0.126769 0.500000
vt 0.064269 0.500000
vt 0.123231 0.500000
vt 0.062500 0.508660
vt 0.001769 0.500000
vt 0.000000 0.508660
vt 0.060731 0.500000
vt 0.998231 0.500000
vt 0.937500 0.508660
vt 0.939269 0.500000
vt 1.000000 0.508660
vt 0.875000 0.508660
vt 0.935731 0.500000
vt 0.876769 0.500000
vt 0.814269 0.500000
vt 0.873231 0.500000
vt 0.812500 0.508660
vt 0.751769 0.500000
vt 0.810731 0.500000
vt 0.750000 0.508660
vt 0.687500 0.508660
vt 0.748231 0.500000
vt 0.689269 0.500000
vt 0.625000 0.508660
vt 0.685731 0.500000
vt 0.626769 0.500000
vt 0.564269 0.500000
vt 0.623231 0.500000
vt 0.562500 0.508660
vt 0.501769 0.500000
vt 0.560731 0.500000
vt 0.500000 0.508660
vt 0.437500 0.508660
vt 0.498231 0.500000
vt 0.439269 0.500000
vt 0.435731 0.500000
vt 0.376769 0.500000
vt 0.063686 1.000000
vt 0.002898 1.000000
vt 0.002890 1.000000
vt 0.063683 1.000000
vt 0.125129 1.000000
vt 0.936312 1.000000
vt 0.997109 1.000000
vt 0.997100 1.000000
vt 0.874871 1.000000
vt 0.874870 1.000000
vt 0.812496 1.000000
vt 0.750000 1.000000
vt 0.687500 1.000000
vt 0.625000 1.000000
vt 0.625001 1.000000
vt 0.562501 1.000000
vt 0.500001 1.000000
vt 0.437501 1.000000
vt 0.375000 1.000000
vt 0.936315 1.000000
vt 0.250000 1.000000
vt 0.312500 1.000000
vt 0.187504 1.000000
vt 0.125128 1.000000
vt 0.437500 0.500000
vt 0.375000 0.500000
vt 0.500000 0.500000
vt 0.312500 0.500000
vt 0.562500 0.500000
vt 0.250000 0.500000
vt 0.625000 0.500000
vt 0.187500 0.500000
vt 0.687500 0.500000
vt 0.125000 0.500000
vt 0.750000 0.500000
vt 0.062500 0.500000
vt 0.000000 0.500000
vt 0.812500 0.500000
vt 0.875000 0.500000
vt 0.937500 0.500000
vt 1.000000 0.500000
vt 0.812500 0.775228
vt 0.750000 0.775228
vt 0.937500 0.775228
vt 1.000000 0.775228
vt 0.312500 0.775228
vt 0.375000 0.775228
vt 0.625000 0.775228
vt 0.562500 0.775228
vt 0.500000 0.775228
vt 0.875000 0.775228
vt 0.687500 0.775228
vt 0.125000 0.775228
vt 0.062500 0.775228
vt 0.000000 0.775228
vt 0.187500 0.775228
vt 0.250000 0.775228
vt 0.437500 0.775228
vt 0.000000 0.845922
vt 0.062500 0.845922
vt 0.125000 0.845922
vt 0.187500 0.845922
vt 0.250000 0.845922
vt 0.312500 0.845922
vt 0.375000 0.845922
vt 0.437500 0.845922
vt 0.500000 0.845922
vt 0.562500 0.845922
vt 0.625000 0.845922
vt 0.687500 0.845922
vt 0.750000 0.845922
vt 0.812500 0.845922
vt 0.875000 0.845922
vt 0.937500 0.845922
vt 1.000000 0.845922
vt 0.125127 1.000000
vt 0.874872 1.000000
vt 0.936325 1.000000
vt 0.063674 1.000000
vt 0.002869 1.000000
vt 1.000000 0.993718
vt 0.937478 1.000000
vt 0.937500 0.993718
vt 0.999947 1.000000
vt 0.874997 1.000000
vt 0.875000 0.993718
vt 0.812500 0.993718
vt 0.874830 1.000000
vt 0.874714 1.000000
vt 0.812495 1.000000
vt 0.187508 1.000000
vt 0.187505 1.000000
vt 0.125284 1.000000
vt 0.125169 1.000000
vt 0.064057 1.000000
vt 0.065116 1.000000
vt 0.003803 1.000000
vt 0.187503 1.000000
vt 0.125124 1.000000
vt 0.125125 1.000000
vt 0.187500 1.000000
vt 0.063657 1.000000
vt 0.063642 1.000000
vt 0.002826 1.000000
vt 0.062522 1.000000
vt 0.000053 1.000000
vt 0.997130 1.000000
vt 0.006391 1.000000
vt 0.312501 1.000000
vt 0.375001 1.000000
vt 0.500002 1.000000
vt 0.687501 1.000000
vt 0.812491 1.000000
vt 0.935942 1.000000
vt 0.934881 1.000000
vt 0.996195 1.000000
vt 0.993606 1.000000
vt 0.002790 1.000000
vt 0.356050 0.143950
vt 0.388562 0.192606
vt 0.307394 0.111438
vt 0.100022 0.250000
vt 0.111438 0.192606
vt 0.111438 0.307394
vt 0.143950 0.143950
vt 0.192606 0.111438
vt 0.250000 0.100022
vt 0.356050 0.356050
vt 0.307394 0.388562
vt 0.250000 0.399978
vt 0.388562 0.307394
vt 0.399978 0.250000
vt 0.143950 0.356050
vt 0.192606 0.388562
vt 0.000000 0.993718
vt 0.125002 1.000000
vt 0.250000 0.993718
vt 0.312500 0.993718
vt 0.375000 0.993718
vt 0.437500 0.993717
vt 0.437500 1.000000
vt 0.500000 0.993718
vt 0.500000 1.000000
vt 0.562500 1.000000
vt 0.562500 0.993717
vt 0.625000 0.993718
vt 0.687500 0.993717
vt 0.750000 0.993718
vt 0.812500 1.000000
vt 0.874998 1.000000
vt 0.874875 1.000000
vt 0.936357 1.000000
vt 0.997208 1.000000
vt 0.997172 1.000000
vt 0.936342 1.000000
vt 0.874874 1.000000
vt 0.437500 0.993718
vt 0.312500 0.993717
vt 0.187500 0.993718
vt 0.125000 0.993718
vt 0.062500 0.993718
s 1
f 1/1/1 2/2/1 3/3/1
f 2/2/1 4/4/1 3/3/1
f 1/1/1 3/3/1 5/5/1
f 6/6/1 4/4/1 2/2/1
f 5/5/1 7/7/1 1/1/1
f 8/8/1 4/4/1 6/6/1
f 7/7/1 5/5/1 9/9/1
f 10/10/1 8/8/1 6/6/1
f 9/9/1 11/11/1 7/7/1
f 10/10/1 12/12/1 8/8/1
f 11/11/1 9/9/1 13/13/1
f 12/12/1 10/10/1 14/14/1
f 15/15/1 11/11/1 13/13/1
f 14/14/1 16/16/1 12/12/1
f 11/11/1 15/15/1 17/17/1
f 16/16/1 14/14/1 18/18/1
f 19/19/1 17/17/1 15/15/1
f 18/18/1 20/20/1 16/16/1
f 17/17/1 19/19/1 21/21/1
f 20/20/1 18/18/1 22/22/1
f 23/23/1 21/21/1 19/19/1
f 24/24/1 20/20/1 22/22/1
f 21/21/1 23/23/1 25/25/1
f 20/20/1 24/24/1 26/26/1
f 27/27/1 25/25/1 23/23/1
f 28/28/1 26/26/1 24/24/1
f 29/29/1 25/25/1 27/27/1
f 26/26/1 28/28/1 30/30/1
f 31/31/1 29/29/1 27/27/1
f 32/32/1 30/30/1 28/28/1
f 29/29/1 31/31/1 32/32/1
f 30/30/1 32/32/1 31/31/1
f 33/33/2 34/34/2 35/35/2
f 34/34/2 36/36/2 35/35/2
f 35/35/2 37/37/2 33/33/2
f 36/36/2 34/34/2 38/38/2
f 39/39/2 33/33/2 37/37/2
f 38/38/2 40/40/3 36/36/2
f 39/39/2 37/37/2 41/41/2
f 40/40/3 38/38/2 42/42/3
f 41/41/2 43/43/2 39/39/2
f 40/40/3 42/42/3 44/44/3
f 43/43/2 41/41/2 45/45/2
f 42/42/3 46/46/3 44/44/3
f 45/45/2 47/47/1 43/43/2
f 46/46/3 48/48/3 44/44/3
f 47/47/1 45/45/2 49/49/1
f 46/46/3 50/50/3 48/48/3
f 51/51/1 47/47/1 49/49/1
f 50/50/3 52/52/3 48/48/3
f 47/47/1 51/51/1 53/53/1
f 50/50/3 54/54/3 52/52/3
f 55/55/1 53/53/1 51/51/1
f 56/56/4 52/52/3 54/54/3
f 53/53/1 55/55/1 57/57/1
f 52/52/3 56/56/4 58/58/4
f 55/55/1 59/59/1 57/57/1
f 60/60/4 58/58/4 56/56/4
f 61/61/1 57/57/1 59/59/1
f 58/58/4 60/60/4 62/62/4
f 63/63/4 61/61/1 59/59/1
f 64/64/4 62/62/4 60/60/4
f 61/61/1 63/63/4 64/64/4
f 62/62/4 64/64/4 63/63/4
f 65/65/5 66/66/6 67/67/6
f 66/66/6 68/68/6 67/67/6
f 66/66/6 65/65/5 69/69/7
f 70/70/5 69/69/7 65/65/5
f 71/71/8 68/68/6 66/66/6
f 69/69/7 70/70/5 72/72/5
f 71/71/8 73/73/6 68/68/6
f 69/69/7 72/72/5 74/74/5
f 73/73/6 71/71/8 75/75/6
f 76/76/5 69/69/7 74/74/5
f 75/75/6 71/71/8 77/77/6
f 78/78/5 76/76/5 74/74/5
f 79/79/6 77/77/6 71/71/8
f 79/79/6 80/80/6 77/77/6
f 76/76/5 78/78/5 81/81/7
f 82/82/5 81/81/7 78/78/5
f 83/83/5 81/81/7 82/82/5
f 81/81/7 83/83/5 84/84/5
f 81/81/7 84/84/5 85/85/5
f 86/86/5 85/85/5 84/84/5
f 80/80/6 79/79/6 87/87/8
f 87/87/8 88/88/6 80/80/6
f 87/87/8 89/89/6 88/88/6
f 89/89/6 87/87/8 90/90/6
f 90/90/6 87/87/8 91/91/6
f 92/92/6 90/90/6 91/91/6
f 85/85/5 86/86/5 93/93/7
f 94/94/5 93/93/7 86/86/5
f 95/95/5 93/93/7 94/94/5
f 93/93/7 95/95/5 96/96/5
f 97/97/5 93/93/7 96/96/5
f 96/96/5 98/98/5 97/97/5
f 91/91/6 99/99/8 92/92/6
f 99/99/8 100/100/6 92/92/6
f 100/100/6 99/99/8 101/101/6
f 101/101/6 99/99/8 102/102/6
f 103/103/6 102/102/6 99/99/8
f 102/102/6 103/103/6 104/104/6
f 98/98/5 105/105/7 97/97/5
f 106/106/5 105/105/7 98/98/5
f 105/105/7 106/106/5 107/107/5
f 105/105/7 107/107/5 108/108/5
f 105/105/7 108/108/5 109/109/6
f 110/110/6 109/109/6 108/108/5
f 111/111/6 109/109/6 110/110/6
f 109/109/6 111/111/6 112/112/8
f 112/112/8 104/104/6 103/103/6
f 113/113/6 112/112/8 111/111/6
f 112/112/8 114/114/6 104/104/6
f 114/114/6 112/112/8 113/113/6
f 115/115/9 116/115/10 117/115/11
f 116/115/10 115/115/9 118/115/10
f 119/115/12 115/115/9 117/115/11
f 115/115/9 119/115/12 120/115/13
f 120/115/13 119/115/12 121/115/14
f 122/115/15 121/115/14 119/115/12
f 121/115/14 123/115/16 120/115/13
f 124/115/17 122/115/15 119/115/12
f 125/115/18 122/115/15 124/115/17
f 120/115/13 123/115/16 126/115/19
f 123/115/16 127/115/20 126/115/19
f 124/115/17 128/115/21 125/115/18
f 129/115/22 125/115/18 128/115/21
f 130/115/23 128/115/21 124/115/17
f 129/115/22 128/115/21 131/115/24
f 132/115/25 128/115/21 130/115/23
f 130/115/23 133/115/26 132/115/25
f 133/115/26 130/115/23 134/115/26
f 131/115/24 135/115/27 129/115/22
f 135/115/27 131/115/24 136/115/28
f 137/115/29 135/115/27 136/115/28
f 138/115/30 136/115/28 131/115/24
f 139/115/31 137/115/29 136/115/28
f 136/115/28 138/115/30 140/115/32
f 140/115/32 138/115/30 141/115/33
f 141/115/33 138/115/30 142/115/34
f 139/115/31 143/115/35 137/115/29
f 143/115/35 139/115/31 144/115/36
f 145/115/37 143/115/35 144/115/36
f 139/115/31 146/115/38 144/115/36
f 147/115/39 145/115/37 144/115/36
f 148/115/40 144/115/36 146/115/38
f 146/115/38 149/115/41 148/115/40
f 149/115/41 146/115/38 150/115/42
f 151/115/43 145/115/37 147/115/39
f 147/115/39 152/115/44 151/115/43
f 153/115/45 151/115/43 152/115/44
f 147/115/39 154/115/46 152/115/44
f 155/115/47 153/115/45 152/115/44
f 156/115/48 152/115/44 154/115/46
f 154/115/46 157/115/49 156/115/48
f 157/115/49 154/115/46 158/115/50
f 159/115/51 153/115/45 155/115/47
f 155/115/47 160/115/52 159/115/51
f 161/115/53 159/115/51 160/115/52
f 162/115/54 160/115/52 155/115/47
f 163/115/55 161/115/53 160/115/52
f 164/115/56 160/115/52 162/115/54
f 162/115/54 165/115/57 164/115/56
f 166/115/57 165/115/57 162/115/54
f 167/115/58 161/115/53 163/115/55
f 163/115/55 168/115/59 167/115/58
f 169/115/60 167/115/58 168/115/59
f 170/115/61 168/115/59 163/115/55
f 171/115/62 169/115/60 168/115/59
f 172/115/63 168/115/59 170/115/61
f 170/115/61 173/115/64 172/115/63
f 173/115/64 170/115/61 174/115/64
f 127/115/20 169/115/60 171/115/62
f 171/115/62 126/115/19 127/115/20
f 175/115/65 126/115/19 171/115/62
f 176/115/66 126/115/19 175/115/65
f 175/115/65 177/115/67 176/115/66
f 177/115/67 175/115/65 178/115/68
f 179/116/69 180/117/70 181/118/69
f 180/117/70 179/116/69 182/119/70
f 183/120/71 184/121/72 182/119/72
f 182/119/72 185/122/71 183/120/71
f 186/123/73 187/124/74 185/122/74
f 187/124/74 186/123/73 188/125/73
f 189/126/75 190/127/76 186/123/76
f 190/127/76 189/126/75 191/128/75
f 189/126/77 192/129/78 193/130/75
f 192/129/78 189/126/77 194/131/78
f 195/132/79 194/131/80 196/133/79
f 194/131/80 195/132/79 197/134/80
f 198/135/81 199/136/82 200/137/82
f 199/136/82 198/135/81 201/138/81
f 202/139/83 203/140/84 199/136/84
f 203/140/84 202/139/83 204/141/85
f 202/139/85 205/142/86 206/143/85
f 202/139/85 207/144/86 205/142/86
f 207/144/87 208/145/88 209/146/87
f 208/145/88 207/144/87 210/147/88
f 211/148/89 212/149/90 210/147/90
f 212/149/90 211/148/89 213/150/89
f 214/151/91 215/152/92 211/148/92
f 215/152/92 214/151/91 216/153/91
f 217/154/93 218/155/91 214/151/94
f 214/151/94 219/156/93 217/154/93
f 220/157/95 221/158/96 219/156/96
f 219/156/96 222/159/95 220/157/95
f 223/160/97 224/161/98 222/159/98
f 224/161/98 223/160/97 225/162/97
f 179/116/99 226/163/100 223/160/100
f 226/163/100 179/116/99 227/164/69
f 228/165/1 229/166/101 230/167/101
f 231/167/101 232/168/1 233/165/1
f 233/165/1 232/168/1 234/169/1
f 235/170/4 236/171/4 237/172/4
f 238/173/4 235/170/4 239/174/4
f 240/175/4 238/173/4 239/174/4
f 238/173/4 240/175/4 241/175/4
f 242/176/102 241/175/4 240/175/4
f 242/176/3 243/177/3 244/177/3
f 245/178/3 244/177/3 243/177/3
f 244/177/3 245/178/3 246/179/3
f 247/180/3 246/179/3 245/178/3
f 248/181/103 247/180/3 249/181/103
f 248/181/2 250/182/2 251/182/2
f 252/183/2 251/182/2 250/182/2
f 253/171/4 254/170/4 255/184/4
f 254/170/4 256/173/4 255/184/4
f 257/179/104 258/180/3 259/180/3
f 258/180/3 260/181/103 259/180/3
f 261/182/2 260/181/2 262/181/2
f 263/176/3 264/175/4 265/176/3
f 266/177/3 263/176/3 265/176/3
f 267/185/105 268/186/2 269/185/105
f 268/186/2 267/185/105 270/186/2
f 271/183/2 268/186/2 270/186/2
f 268/186/2 271/183/2 272/183/2
f 273/182/106 272/183/2 271/183/2
f 274/187/1 275/187/1 276/188/107
f 277/185/1 275/187/1 274/187/1
f 275/187/1 277/185/1 278/185/1
f 279/188/1 280/187/1 281/169/1
f 282/168/108 279/188/1 281/169/1
f 283/115/6 284/115/6 285/115/6
f 283/115/6 285/115/6 286/115/5
f 285/115/6 287/115/6 286/115/5
f 288/115/5 289/115/5 290/115/6
f 290/115/6 291/115/6 288/115/5
f 290/115/6 292/115/5 291/115/6
f 293/115/5 294/115/5 295/115/5
f 295/115/5 296/115/6 293/115/5
f 295/115/5 297/115/6 296/115/6
f 298/115/5 299/115/5 300/115/6
f 300/115/6 301/115/6 298/115/5
f 300/115/6 302/115/6 301/115/6
f 303/115/6 304/115/5 305/115/6
f 305/115/6 306/115/6 303/115/6
f 305/115/6 307/115/5 306/115/6
f 308/115/5 309/115/5 310/115/5
f 310/115/5 311/115/5 308/115/5
f 310/115/5 312/115/5 311/115/5
f 313/115/5 314/115/5 315/115/5
f 315/115/5 316/115/5 313/115/5
f 315/115/5 317/115/5 316/115/5
f 318/115/6 319/115/6 320/115/5
f 320/115/5 321/115/5 318/115/6
f 320/115/5 322/115/5 321/115/5
f 323/189/109 324/190/110 325/189/111
f 324/190/110 323/189/109 326/190/112
f 325/189/111 327/191/113 323/189/109
f 324/190/110 326/190/112 328/192/114
f 327/191/113 325/189/111 329/191/115
f 324/190/110 328/192/114 330/192/116
f 331/193/117 327/191/113 329/191/115
f 330/192/116 328/192/114 332/194/118
f 327/191/113 331/193/117 333/193/119
f 330/192/116 332/194/118 334/194/120
f 335/195/121 333/193/119 331/193/117
f 332/194/118 336/196/122 334/194/120
f 333/193/119 335/195/121 337/195/123
f 336/196/122 332/194/118 338/196/122
f 335/195/121 339/197/124 337/195/123
f 338/196/122 340/198/125 336/196/122
f 339/197/124 335/195/121 341/197/126
f 340/198/125 338/196/122 342/198/125
f 341/197/126 343/199/127 339/197/124
f 343/199/127 341/197/126 344/199/128
f 345/200/129 340/198/125 342/198/125
f 340/198/125 345/200/129 346/200/130
f 347/201/131 346/200/130 345/200/129
f 346/200/130 347/201/131 348/201/132
f 343/199/127 349/202/133 350/202/134
f 351/203/135 350/202/134 349/202/133
f 350/202/134 351/203/135 352/203/135
f 351/203/135 353/204/136 352/203/135
f 353/204/136 351/203/135 354/204/137
f 354/204/137 355/205/131 353/204/136
f 355/205/131 354/204/137 356/205/132
f 357/206/138 358/207/139 359/207/139
f 360/208/140 361/209/141 362/209/141
f 363/210/142 364/211/143 365/211/143
f 366/212/144 367/213/145 368/212/144
f 367/213/145 366/212/144 369/213/145
f 369/213/146 370/214/147 371/214/147
f 372/208/148 373/215/149 374/215/149
f 373/215/149 375/206/150 374/215/149
f 373/215/149 372/208/148 376/208/151
f 377/209/141 376/208/151 372/208/148
f 373/215/149 378/206/150 375/206/150
f 378/206/150 379/207/139 375/206/150
f 380/216/152 379/207/139 381/207/139
f 379/207/139 380/216/152 382/216/153
f 383/212/144 382/216/153 380/216/152
f 382/216/153 383/212/144 384/212/144
f 385/217/154 386/218/155 387/218/155
f 388/219/141 387/218/155 386/218/155
f 388/219/141 386/218/155 389/219/141
f 387/218/155 390/217/156 385/217/154
f 391/220/157 385/217/154 390/217/156
f 385/217/154 391/220/157 392/220/158
f 393/221/159 392/220/158 391/220/157
f 392/220/158 393/221/159 394/221/160
f 393/221/159 395/210/142 394/221/160
f 395/210/142 393/221/159 396/210/142
f 396/210/142 397/211/143 395/210/142
f 398/222/161 397/211/143 399/211/143
f 397/211/143 398/222/161 400/222/161
f 401/214/147 400/222/161 398/222/161
f 400/222/161 401/214/147 402/214/147
f 403/213/146 401/214/147 404/213/146
f 405/219/162 406/218/163 407/223/162
f 406/218/163 408/224/163 407/223/162
f 406/218/163 409/217/164 408/224/163
f 409/217/164 410/225/165 408/224/163
f 409/217/164 411/226/166 410/225/165
f 411/226/166 409/217/164 412/220/167
f 412/220/167 413/227/168 411/226/166
f 413/227/168 412/220/167 414/221/168
f 415/210/169 413/227/168 414/221/168
f 413/227/168 415/210/169 416/228/170
f 417/211/171 416/228/170 415/210/169
f 418/229/171 416/228/170 417/211/171
f 419/222/172 418/229/171 417/211/171
f 418/229/171 419/222/172 420/230/172
f 421/214/173 420/230/172 419/222/172
f 420/230/172 421/214/173 422/231/173
f 423/213/174 422/231/173 421/214/173
f 422/231/173 423/213/174 424/232/174
f 425/212/175 424/232/174 423/213/174
f 424/232/174 425/212/175 426/233/176
f 426/233/176 425/212/175 427/216/177
f 426/233/176 427/216/177 428/234/178
f 427/216/177 429/235/179 428/234/178
f 429/235/179 427/216/177 430/207/179
f 429/235/179 430/207/179 431/206/180
f 429/235/179 431/206/180 432/236/181
f 432/236/181 431/206/180 433/215/182
f 432/236/181 433/215/182 434/237/182
f 433/215/182 435/208/183 434/237/182
f 435/208/183 436/238/183 434/237/182
f 435/208/183 437/209/184 436/238/183
f 437/209/184 438/239/184 436/238/183
f 439/219/162 440/133/162 441/131/185
f 441/131/185 442/218/185 439/219/162
f 442/218/185 441/131/185 443/126/165
f 443/126/165 444/217/186 442/218/185
f 445/123/187 444/217/186 443/126/165
f 445/123/187 446/220/188 444/217/186
f 447/122/168 446/220/188 445/123/187
f 447/122/168 448/221/168 446/220/188
f 449/119/170 448/221/168 447/122/168
f 449/119/170 450/210/189 448/221/168
f 451/116/190 450/210/189 449/119/170
f 451/116/190 452/211/190 450/210/189
f 453/160/191 452/211/190 451/116/190
f 452/211/190 453/160/191 454/222/192
f 455/159/173 454/222/192 453/160/191
f 454/222/192 455/159/173 456/214/173
f 457/156/193 456/214/173 455/159/173
f 456/214/173 457/156/193 458/213/193
f 459/151/194 458/213/193 457/156/193
f 458/213/193 459/151/194 460/212/194
f 459/151/194 461/216/195 460/212/194
f 461/216/195 459/151/194 462/148/196
f 462/148/196 463/207/179 461/216/195
f 463/207/179 462/148/196 464/147/179
f 464/147/179 465/206/197 463/207/179
f 465/206/197 464/147/179 466/144/198
f 466/144/198 467/215/182 465/206/197
f 467/215/182 466/144/198 468/139/199
f 467/215/182 468/139/199 469/136/200
f 469/136/200 470/208/201 467/215/182
f 470/208/201 469/136/200 471/138/162
f 471/138/162 472/209/162 470/208/201
f 473/197/202 474/199/203 475/197/202
f 474/199/203 473/197/202 476/199/203
f 475/197/202 477/195/204 473/197/202
f 474/199/203 476/199/203 478/202/205
f 477/195/204 475/197/202 479/195/206
f 474/199/203 478/202/205 480/202/205
f 481/193/207 477/195/204 479/195/206
f 480/202/205 478/202/205 482/203/208
f 477/195/204 481/193/207 483/193/207
f 480/202/205 482/203/208 484/203/209
f 485/191/210 483/193/207 481/193/207
f 482/203/208 486/204/211 484/203/209
f 483/193/207 485/191/210 487/191/212
f 486/204/211 482/203/208 488/204/211
f 488/204/211 489/205/213 486/204/211
f 489/205/213 488/204/211 490/205/214
f 485/191/210 491/189/215 487/191/212
f 491/189/215 485/191/210 492/189/215
f 492/189/215 493/190/216 491/189/215
f 493/190/216 492/189/215 494/190/217
f 493/190/216 494/190/217 495/192/218
f 493/190/216 495/192/218 496/192/218
f 496/192/218 495/192/218 497/194/219
f 496/192/218 497/194/219 498/194/219
f 497/194/219 499/196/220 498/194/219
f 499/196/220 497/194/219 500/196/220
f 500/196/220 501/198/221 499/196/220
f 501/198/221 500/196/220 502/198/222
f 501/198/221 502/198/222 503/200/223
f 503/200/223 504/200/223 501/198/221
f 504/200/223 503/200/223 505/201/224
f 505/201/224 506/201/214 504/200/223
f 507/187/187 508/185/225 509/187/187
f 509/187/187 510/240/226 507/187/187
f 511/241/182 512/242/201 513/184/201
f 514/243/227 515/167/162 516/244/228
f 517/245/229 518/246/230 519/247/231
f 518/246/230 517/245/229 520/248/232
f 521/239/184 517/245/229 519/247/231
f 519/247/231 522/238/200 521/239/184
f 523/249/233 519/247/231 518/246/230
f 522/238/200 519/247/231 524/250/234
f 519/247/231 523/249/233 524/250/234
f 524/250/234 525/237/199 522/238/200
f 524/250/234 523/249/233 526/251/235
f 526/251/235 525/237/199 524/250/234
f 527/240/164 528/168/236 529/243/185
f 530/167/162 529/243/185 528/168/236
f 528/168/236 527/240/164 531/188/237
f 527/240/164 532/187/187 531/188/237
f 533/185/225 534/187/238 535/185/225
f 536/186/239 533/185/225 535/185/225
f 533/185/225 536/186/239 537/186/239
f 538/183/240 537/186/239 536/186/239
f 537/186/239 538/183/240 539/183/240
f 540/182/241 538/183/240 541/182/241
f 542/252/242 543/253/243 544/254/244
f 545/182/241 546/183/240 547/183/240
f 548/181/245 545/182/246 549/182/246
f 548/181/245 549/182/246 550/181/247
f 551/180/248 548/181/245 550/181/247
f 552/178/249 553/180/250 551/180/250
f 552/178/249 554/177/251 555/177/251
f 556/185/252 557/255/253 558/256/254
f 557/255/253 556/185/252 559/185/255
f 560/257/256 558/256/254 557/255/253
f 558/256/254 560/257/256 561/258/257
f 561/258/257 560/257/256 562/259/258
f 558/256/254 563/169/259 564/187/260
f 563/169/259 562/259/258 565/165/261
f 562/259/262 566/260/263 567/261/264
f 568/262/265 569/185/266 570/262/267
f 570/262/267 569/185/266 571/185/268
f 572/186/269 571/185/268 569/185/266
f 571/185/268 572/186/269 573/186/270
f 570/262/267 574/263/271 568/262/265
f 574/263/271 570/262/267 575/264/272
f 574/263/271 576/265/273 568/262/265
f 577/185/274 568/262/265 576/265/273
f 568/262/265 577/185/274 578/185/275
f 577/185/274 579/186/276 578/185/275
f 580/243/277 575/264/272 581/240/278
f 582/187/279 581/240/278 575/264/272
f 583/266/280 574/263/271 575/264/272
f 574/263/271 583/266/280 584/267/281
f 585/268/282 584/267/281 583/266/280
f 586/269/283 574/263/271 584/267/281
f 586/269/283 584/267/281 587/270/284
f 588/177/285 589/179/286 590/179/287
f 589/179/286 591/180/288 590/179/287
f 592/180/289 591/180/288 589/179/286
f 592/180/289 593/181/290 591/180/288
f 594/182/291 595/182/292 593/181/290
f 594/182/291 596/183/293 595/182/292
f 597/176/294 598/177/295 599/177/295
f 599/177/295 600/176/294 597/176/294
f 601/175/296 597/176/294 600/176/294
f 597/176/294 601/175/296 602/175/296
f 603/241/182 602/175/296 601/175/296
f 602/175/296 603/241/182 604/173/199
f 603/241/182 605/184/201 604/173/199
f 598/177/251 606/179/297 607/178/298
f 608/180/250 607/178/298 606/179/297
f 609/181/245 610/180/248 608/180/248
f 611/242/299 612/171/162 605/184/299
f 611/242/299 613/271/228 612/171/162
f 614/259/258 615/257/256 616/260/263
f 617/261/264 616/260/263 618/272/300
f 617/261/301 619/165/302 614/259/262
f 619/165/302 617/261/301 620/166/303
f 614/259/258 621/169/304 622/258/305
f 621/169/304 623/256/254 622/258/305
f 624/187/260 625/185/306 623/256/307
f 625/185/306 624/187/260 626/185/308
f 627/186/309 625/185/306 626/185/308
f 625/185/306 627/186/309 628/186/310
f 629/183/293 628/186/310 627/186/309
f 630/273/311 625/185/306 628/186/310
f 625/185/306 630/273/311 631/185/312
f 628/186/310 632/274/313 630/273/311
f 628/186/310 629/183/293 633/274/314
f 632/274/313 628/186/310 633/274/314
f 633/274/314 629/183/293 634/182/315
f 634/182/315 632/274/313 633/274/314
f 632/274/313 634/182/315 635/182/316
f 636/181/317 635/182/316 634/182/315
f 635/182/316 636/181/317 637/275/318
f 637/275/318 636/181/317 638/180/289
f 636/181/290 639/182/319 640/181/320
f 641/180/321 636/181/290 640/181/320
f 636/181/290 641/180/321 642/180/322
f 643/178/323 642/180/322 641/180/321
f 642/180/322 643/178/323 644/179/287
f 644/179/287 643/178/323 645/177/285
f 646/177/324 645/177/285 643/178/323
f 645/177/285 646/177/324 647/176/325
f 648/176/326 647/176/325 646/177/324
f 649/175/327 647/176/325 648/176/326
f 650/179/286 645/177/285 651/276/328
f 647/176/325 651/276/328 645/177/285
f 651/276/328 647/176/325 652/176/329
f 652/176/329 647/176/325 653/277/330
f 647/176/325 649/175/327 654/254/244
f 654/254/244 653/277/330 647/176/325
f 655/174/331 654/254/244 649/175/327
f 653/277/330 654/254/244 656/253/243
f 654/254/244 655/174/331 657/252/242
f 658/278/332 656/253/243 657/252/242
f 655/174/331 658/278/332 657/252/242
f 656/253/243 658/278/332 659/279/333
f 660/170/334 658/278/332 655/174/331
f 661/280/301 659/279/333 658/278/332
f 660/170/334 661/280/301 658/278/332
f 659/279/333 661/280/301 662/281/335
f 663/172/336 661/280/301 660/170/334
f 664/267/281 665/268/282 666/282/337
f 667/270/284 664/267/281 666/282/337
f 668/266/280 669/244/338 665/268/339
f 669/244/338 668/266/280 670/243/340
f 671/264/341 670/243/340 668/266/280
f 671/264/272 672/262/267 673/187/342
f 674/185/343 673/187/342 672/262/267
f 675/283/344 676/284/345 677/284/345
f 678/285/346 679/285/346 680/283/344
f 680/283/344 679/285/346 681/283/347
f 682/284/345 680/283/344 681/283/347
f 683/286/348 684/287/349 685/286/348
f 686/288/350 683/286/348 685/286/348
f 683/286/348 686/288/350 687/288/350
f 688/202/351 689/199/127 690/199/127
f 691/289/352 692/290/353 693/290/354
f 691/289/352 694/287/349 695/289/352
f 694/287/349 691/289/352 696/287/355
f 696/287/355 697/286/348 694/287/349
f 698/291/356 699/291/356 700/285/357
f 700/285/357 699/291/356 701/285/358
f 702/290/359 699/291/356 698/291/356
f 699/291/356 702/290/359 703/290/359
f 703/290/354 704/289/352 705/289/352
f 706/292/360 707/293/361 708/293/362
f 709/294/363 708/293/362 707/293/361
f 710/292/360 706/292/360 711/295/364
f 711/295/365 712/295/365 713/296/366
f 714/297/367 715/297/367 716/298/368
f 717/288/369 715/297/367 714/297/367
f 715/297/367 717/288/369 718/288/369
f 716/298/368 715/297/367 719/298/370
f 716/298/368 719/298/370 720/294/371
f 720/294/371 719/298/370 721/294/363
f 722/293/372 720/294/371 721/294/363
f 723/296/373 724/284/374 682/284/374
f 724/284/374 723/296/373 725/296/366
f 725/296/366 723/296/373 726/295/365
f 726/295/364 727/295/364 728/292/360
f 729/293/362 728/292/360 730/292/360
f 731/299/375 732/223/162 733/224/376
f 731/299/375 734/269/377 735/270/284
f 736/300/378 737/263/379 734/269/380
f 738/265/381 737/263/379 736/300/378
f 738/265/382 739/301/383 740/185/384
f 739/301/383 741/186/385 740/185/384
f 741/186/385 739/301/383 742/302/386
f 743/186/387 740/185/384 741/186/385
f 742/302/386 744/183/388 741/186/385
f 744/183/388 742/302/386 745/303/389
f 746/304/390 744/183/388 745/303/389
f 744/183/388 746/304/390 747/305/391
f 748/306/392 747/305/391 746/304/390
f 749/183/393 741/186/385 744/183/388
f 741/186/385 749/183/393 743/186/387
f 750/305/394 749/183/393 744/183/388
f 747/305/391 748/306/392 751/307/395
f 751/307/395 752/182/396 750/305/397
f 752/182/396 751/307/395 753/181/398
f 754/181/399 752/182/396 753/181/398
f 755/180/400 754/181/399 753/181/398
f 753/181/398 751/307/395 755/180/400
f 754/181/399 755/180/400 756/180/401
f 751/307/395 748/306/392 757/308/402
f 755/180/400 751/307/395 757/308/402
f 757/308/402 748/306/392 758/309/403
f 759/178/404 756/180/401 755/180/400
f 755/180/400 757/308/402 759/178/404
f 759/178/404 757/308/402 760/178/405
f 761/177/406 759/178/404 760/178/405
f 757/308/402 758/309/403 762/178/405
f 758/309/403 763/310/407 762/178/405
f 764/311/408 762/178/405 763/310/407
f 762/178/405 764/311/408 765/177/409
f 766/312/410 765/177/409 764/311/408
f 765/177/409 766/312/410 767/176/411
f 767/176/411 768/177/412 761/177/413
f 759/178/414 768/177/412 769/177/415
f 767/176/411 766/312/410 770/313/416
f 769/177/415 771/176/417 772/177/418
f 768/177/412 767/176/411 773/176/419
f 770/313/416 774/175/420 767/176/411
f 773/176/419 767/176/411 774/175/420
f 768/177/412 773/176/419 775/176/421
f 774/175/420 775/176/421 773/176/419
f 775/176/421 774/175/420 776/175/422
f 777/178/423 772/177/424 778/178/425
f 779/180/426 777/178/423 778/178/425
f 780/314/233 781/315/427 770/313/416
f 518/246/428 781/315/427 780/314/233
f 781/315/427 518/246/428 782/316/429
f 783/248/232 782/316/429 518/246/428
f 782/316/429 783/248/232 784/317/337
f 782/316/429 784/317/337 785/318/430
f 786/319/431 785/318/432 787/271/433
f 786/319/431 787/271/433 788/242/434
f 789/203/190 790/204/241 791/203/240
f 790/204/241 789/203/190 792/204/241
f 792/204/241 793/205/435 790/204/241
f 793/205/435 792/204/241 794/205/436
f 795/202/437 796/202/438 789/203/240
f 797/199/225 796/202/438 795/202/437
f 797/199/225 798/199/225 796/202/438
f 799/197/187 798/199/225 797/199/225
f 799/197/187 800/197/188 798/199/225
f 801/195/164 800/197/188 799/197/187
f 801/195/164 802/195/186 800/197/188
f 802/195/164 803/193/439 804/193/185
f 805/191/440 804/193/185 803/193/439
f 804/193/185 805/191/440 806/191/441
f 807/189/442 806/191/441 805/191/440
f 806/191/441 807/189/442 808/189/443
f 809/190/444 808/189/443 807/189/442
f 808/189/443 809/190/444 810/190/444
f 809/190/444 811/192/181 810/190/444
f 811/192/181 809/190/444 812/192/445
f 812/192/445 813/194/179 811/192/181
f 813/194/179 812/192/445 814/194/179
f 814/194/179 815/196/178 813/194/179
f 815/196/178 814/194/179 816/196/196
f 816/196/196 817/198/175 815/196/178
f 817/198/175 816/196/196 818/198/175
f 818/198/175 819/200/446 817/198/175
f 819/200/446 818/198/175 820/200/193
f 820/200/193 821/201/447 819/200/446
f 821/201/447 820/200/193 822/201/448
f 823/176/421 824/177/415 825/177/449
f 826/178/450 827/177/406 825/177/412
f 828/176/417 824/177/415 823/176/421
f 824/177/415 829/178/423 826/178/451
f 830/177/424 829/178/423 824/177/415
f 831/180/401 826/178/451 829/178/423
f 829/178/423 832/180/452 831/180/401
f 833/181/453 831/180/401 832/180/452
f 831/180/401 833/181/453 834/181/454
f 833/181/453 835/182/455 834/181/454
f 834/181/454 835/182/455 836/182/396
f 835/182/455 837/183/456 836/182/396
f 837/183/456 838/305/394 836/182/396
f 839/175/457 828/176/417 823/176/421
f 828/176/417 839/175/457 840/175/458
f 841/320/459 840/175/458 839/175/457
f 840/175/458 841/320/459 842/241/460
f 843/242/461 842/241/460 841/320/459
f 841/320/459 844/319/462 843/242/461
f 839/175/457 845/315/463 841/320/459
f 845/315/463 844/319/462 841/320/459
f 845/315/463 839/175/457 846/175/420
f 846/175/420 847/313/416 845/315/463
f 845/315/463 848/316/429 844/319/462
f 848/316/429 849/318/430 844/319/462
f 850/115/464 851/115/464 852/115/465
f 851/115/464 850/115/464 853/115/465
f 854/115/466 855/115/467 856/115/467
f 856/115/467 855/115/467 857/115/467
f 858/115/468 859/115/468 860/115/468
f 860/115/468 859/115/468 861/115/469
f 862/115/470 863/115/470 864/115/470
f 863/115/470 862/115/470 865/115/471
f 866/115/472 867/115/473 868/115/472
f 867/115/473 866/115/472 869/115/473
f 870/115/474 871/115/474 872/115/475
f 872/115/475 873/115/474 870/115/474
f 874/115/476 875/115/476 876/115/476
f 876/115/476 875/115/476 877/115/476
f 878/115/477 879/115/478 880/115/479
f 879/115/478 878/115/477 881/115/478
f 882/115/480 883/115/480 884/115/480
f 883/115/480 882/115/480 885/115/480
f 886/115/481 887/115/482 888/115/483
f 889/115/481 888/115/483 887/115/482
f 890/115/484 891/115/484 892/115/484
f 890/115/484 892/115/484 893/115/484
f 894/115/485 895/115/486 896/115/485
f 896/115/485 895/115/486 897/115/486
f 898/115/487 899/115/488 900/115/488
f 900/115/488 899/115/488 901/115/487
f 902/115/489 903/115/490 904/115/490
f 904/115/490 905/115/490 902/115/489
f 906/115/491 907/115/491 908/115/492
f 907/115/491 906/115/491 909/115/493
f 910/115/494 911/115/495 912/115/496
f 913/115/495 912/115/496 911/115/495
f 526/251/235 914/236/198 525/237/199
f 526/251/235 915/235/179 914/236/198
f 770/313/416 526/251/235 523/249/233
f 915/235/179 526/251/235 766/312/410
f 526/251/235 770/313/416 766/312/410
f 766/312/410 916/234/195 915/235/179
f 916/234/195 766/312/410 917/311/497
f 917/311/497 918/233/194 916/234/195
f 918/233/194 917/311/497 919/310/407
f 758/309/403 918/233/194 919/310/407
f 918/233/194 758/309/403 920/232/498
f 748/306/392 920/232/498 758/309/403
f 920/232/498 748/306/392 921/231/173
f 922/321/499 921/231/173 748/306/392
f 921/231/173 922/321/499 923/230/191
f 745/303/389 923/230/191 922/321/499
f 923/230/191 745/303/389 924/229/500
f 924/229/500 745/303/389 925/322/501
f 924/229/500 925/322/501 926/228/189
f 926/228/189 925/322/501 739/301/383
f 926/228/189 739/301/383 927/227/168
f 927/227/168 739/301/383 928/323/502
f 927/227/168 928/323/502 929/226/187
f 928/323/502 930/225/164 929/226/187
f 739/301/383 738/265/382 928/323/502
f 930/225/164 928/323/502 931/324/503
f 932/300/378 928/323/502 738/265/382
f 928/323/502 932/300/378 931/324/503
f 930/225/164 931/324/503 933/325/504
f 931/324/503 932/300/378 934/325/505
f 933/325/504 733/224/376 930/225/164
f 934/325/505 932/300/378 734/269/377
f 733/224/376 933/325/504 731/299/375
f 934/325/505 734/269/377 731/299/375
f 935/115/491 936/115/491 937/115/491
f 935/115/491 937/115/491 938/115/493
f 939/115/490 940/115/490 941/115/490
f 941/115/490 942/115/506 939/115/490
f 943/115/507 944/115/508 945/115/507
f 944/115/508 943/115/507 946/115/508
f 947/115/509 948/115/510 949/115/509
f 948/115/510 947/115/509 950/115/509
f 951/115/511 952/115/512 953/115/511
f 954/115/513 953/115/511 952/115/512
f 955/115/514 956/115/481 957/115/481
f 955/115/514 957/115/481 958/115/483
f 959/115/515 960/115/516 961/115/515
f 959/115/515 961/115/515 962/115/516
f 963/115/477 964/115/479 965/115/478
f 965/115/478 964/115/479 966/115/478
f 967/16/517 968/12/518 969/12/519
f 968/12/518 967/16/517 970/16/520
f 971/20/521 970/16/520 967/16/517
f 969/12/187 972/8/186 973/8/186
f 974/4/522 973/8/186 972/8/186
f 973/8/186 974/4/522 975/4/523
f 976/3/440 975/4/523 974/4/522
f 975/4/523 976/3/440 977/3/440
f 978/5/524 977/3/440 976/3/440
f 977/3/440 978/5/524 979/5/525
f 980/19/177 981/23/176 982/19/177
f 981/23/194 983/23/194 984/27/526
f 984/27/248 985/27/527 986/31/245
f 986/31/245 985/27/527 987/31/245
f 987/31/245 988/30/528 986/31/245
f 989/23/194 990/19/529 991/23/194
f 992/27/250 991/23/176 993/27/250
f 994/19/530 995/15/179 990/19/531
f 995/15/179 994/19/530 996/15/532
f 996/15/532 997/13/533 995/15/179
f 998/16/534 999/20/535 1000/20/437
f 1001/26/171 1000/20/437 999/20/535
f 1002/9/444 1003/13/445 1004/9/444
f 1005/5/442 1002/9/444 1004/9/444
f 1002/9/444 1005/5/442 1006/5/536
f 1003/13/445 1002/9/444 1007/13/537
f 1007/13/537 1008/15/538 1003/13/445
f 1009/20/539 1010/26/190 1011/26/171
f 1010/26/190 1012/30/191 1011/26/171
f 1013/30/192 1012/30/191 1010/26/190
f 1013/30/192 1014/31/540 1012/30/191
f 1015/8/541 1016/12/187 1017/12/542
f 1018/193/185 1019/195/164 1020/195/186
f 1021/202/539 1022/203/240 1023/203/190
f 1024/185/543 1025/262/544 1026/185/275
f 743/186/387 1024/185/543 1026/185/275
f 1024/185/543 743/186/387 1027/186/269
f 749/183/393 1027/186/269 743/186/387
f 1027/186/269 749/183/393 1028/183/545
f 1028/183/545 1029/186/546 1027/186/269
f 1029/186/546 1028/183/545 1030/183/547
f 1031/182/548 1028/183/545 749/183/393
f 1032/182/549 1030/183/547 1028/183/545
f 1032/182/549 1028/183/545 1031/182/548
f 1033/181/453 1032/182/549 1031/182/548
f 1034/115/550 1035/115/480 1036/115/516
f 1037/115/515 1035/115/480 1034/115/550
f 1037/115/515 1034/115/550 1038/115/551
f 1038/115/551 1034/115/550 1039/115/552
f 1039/115/552 1034/115/550 1040/115/552
f 1041/115/511 1042/115/553 1043/115/512
f 1042/115/553 1041/115/511 1044/115/513
f 1042/115/553 1045/115/554 1043/115/512
f 1046/115/555 1045/115/554 1042/115/553
f 1045/115/554 1046/115/555 1047/115/556
f 1048/115/476 1049/115/557 1050/115/558
f 1049/115/557 1051/115/559 1050/115/558
f 1051/115/559 1049/115/557 1052/115/560
f 1048/115/476 1053/115/476 1049/115/557
f 1054/115/476 1049/115/557 1053/115/476
f 1055/115/561 1056/115/562 1057/115/563
f 1056/115/562 1055/115/561 1058/115/564
f 1057/115/563 1056/115/562 1059/115/565
f 1060/115/565 1057/115/563 1059/115/565
f 1057/115/563 1060/115/565 1061/115/565
f 1062/115/566 1063/115/567 1064/115/566
f 1063/115/567 1062/115/566 1065/115/568
f 1063/115/567 1065/115/568 1066/115/470
f 1067/115/569 1063/115/567 1066/115/470
f 1063/115/567 1067/115/569 1068/115/470
f 1069/115/488 1070/115/570 1071/115/571
f 1070/115/570 1072/115/487 1071/115/571
f 1073/115/487 1072/115/487 1070/115/570
f 1070/115/570 1074/115/572 1073/115/487
f 1070/115/570 1075/115/573 1074/115/572
f 1075/115/573 1070/115/570 1076/115/574
f 1077/115/575 1078/115/576 1079/115/577
f 1078/115/576 1077/115/575 1080/115/578
f 1081/115/579 1079/115/577 1078/115/576
f 1081/115/579 1082/115/580 1079/115/577
f 1079/115/577 1082/115/580 1083/115/580
f 1084/115/490 1085/115/581 1086/115/582
f 1086/115/582 1085/115/581 1087/115/583
f 1087/115/583 1085/115/581 1088/115/584
f 1084/115/490 1089/115/489 1085/115/581
f 1085/115/581 1089/115/489 1090/115/490
f 1085/115/581 1090/115/490 1091/115/585
f 1092/227/586 1093/228/587 1094/228/587
f 1093/228/587 1092/227/586 1095/227/586
f 1096/223/588 1097/224/589 1098/224/589
f 1097/224/589 1096/223/588 1099/223/588
f 1100/234/590 1101/235/591 1102/234/590
f 1101/235/591 1100/234/590 1103/235/591
f 1101/235/591 1104/236/592 1105/236/592
f 1106/226/593 1107/227/586 1108/227/586
f 1106/226/593 1108/227/586 1109/226/594
f 1110/225/595 1106/226/593 1109/226/594
f 1110/225/595 1109/226/594 1111/225/596
f 1112/224/597 1110/225/595 1111/225/596
f 1110/225/595 1112/224/597 1113/224/597
f 1114/236/592 1115/235/591 1116/235/591
f 1117/237/598 1118/236/599 1114/236/599
f 1118/236/599 1117/237/598 1119/237/600
f 1120/238/601 1119/237/600 1117/237/598
f 1117/237/598 1121/238/601 1120/238/601
f 1122/239/588 1120/238/601 1121/238/601
f 1122/239/588 1121/238/601 1123/239/588
f 1124/233/602 1125/232/603 1126/232/604
f 1125/232/603 1124/233/602 1127/233/605
f 1128/234/606 1127/233/605 1124/233/602
f 1128/234/606 1124/233/602 1129/234/606
f 1130/231/607 1126/232/604 1125/232/603
f 1126/232/604 1130/231/607 1131/231/607
f 1132/230/608 1131/231/607 1130/231/607
f 1132/230/608 1130/231/607 1133/230/608
f 1133/230/608 1134/229/609 1132/230/608
f 1134/229/609 1133/230/608 1135/229/610
f 1136/228/611 1134/229/609 1135/229/610
f 1134/229/609 1136/228/611 1137/228/611
f 1138/115/1 1139/115/1 1140/115/1
f 1140/115/1 1139/115/1 1141/115/1
f 1142/115/1 1143/115/1 1144/115/1
f 1142/115/1 1145/115/1 1143/115/1
f 1146/115/1 1147/115/1 1148/115/1
f 1147/115/1 1146/115/1 1149/115/1
f 1150/115/1 1151/115/1 1152/115/1
f 1151/115/1 1150/115/1 1153/115/1
f 1154/115/1 1155/115/1 1156/115/1
f 1155/115/1 1154/115/1 1157/115/1
f 1158/115/2 1159/115/2 1160/115/2
f 1160/115/2 1159/115/2 1161/115/2
f 1162/115/1 1163/115/1 1164/115/1
f 1163/115/1 1165/115/1 1164/115/1
f 1166/115/1 1167/115/1 1168/115/1
f 1169/115/1 1168/115/1 1167/115/1
f 1170/115/612 1175/115/612 1171/115/612
f 1170/115/613 1174/115/613 1175/115/613
f 1171/115/614 1176/115/614 1172/115/614
f 1171/115/615 1175/115/615 1176/115/615
f 1172/115/616 1177/115/616 1173/115/616
f 1172/115/617 1176/115/617 1177/115/617
f 1173/115/618 1174/115/618 1170/115/618
f 1173/115/619 1177/115/619 1174/115/619
f 1174/115/620 1179/115/620 1175/115/620
f 1174/115/621 1178/115/621 1179/115/621
f 1175/115/622 1180/115/622 1176/115/622
f 1175/115/623 1179/115/623 1180/115/623
f 1176/115/624 1181/115/624 1177/115/624
f 1176/115/625 1180/115/625 1181/115/625
f 1177/115/626 1178/115/626 1174/115/626
f 1177/115/627 1181/115/627 1178/115/627
f 1178/115/628 1183/115/628 1179/115/628
f 1178/115/629 1182/115/629 1183/115/629
f 1179/115/630 1184/115/630 1180/115/630
f 1179/115/631 1183/115/631 1184/115/631
f 1180/115/632 1185/115/632 1181/115/632
f 1180/115/633 1184/115/633 1185/115/633
f 1181/115/634 1182/115/634 1178/115/634
f 1181/115/635 1185/115/635 1182/115/635
f 1182/115/636 1187/115/636 1183/115/636
f 1182/115/637 1186/115/637 1187/115/637
f 1183/115/638 1188/115/638 1184/115/638
f 1183/115/639 1187/115/639 1188/115/639
f 1184/115/640 1189/115/640 1185/115/640
f 1184/115/641 1188/115/641 1189/115/641
f 1185/115/642 1186/115/642 1182/115/642
f 1185/115/643 1189/115/643 1186/115/643
f 1186/115/644 1191/115/644 1187/115/644
f 1186/115/645 1190/115/645 1191/115/645
f 1187/115/646 1192/115/646 1188/115/646
f 1187/115/647 1191/115/647 1192/115/647
f 1188/115/648 1193/115/648 1189/115/648
f 1188/115/649 1192/115/649 1193/115/649
f 1189/115/650 1190/115/650 1186/115/650
f 1189/115/651 1193/115/651 1190/115/651
f 1190/115/652 1195/115/652 1191/115/652
f 1190/115/653 1194/115/653 1195/115/653
f 1191/115/654 1196/115/654 1192/115/654
f 1191/115/655 1195/115/655 1196/115/655
f 1192/115/656 1197/115/656 1193/115/656
f 1192/115/657 1196/115/657 1197/115/657
f 1193/115/658 1194/115/658 1190/115/658
f 1193/115/659 1197/115/659 1194/115/659
f 1194/115/660 1199/115/660 1195/115/660
f 1194/115/661 1198/115/661 1199/115/661
f 1195/115/662 1200/115/662 1196/115/662
f 1195/115/663 1199/115/663 1200/115/663
f 1196/115/664 1201/115/664 1197/115/664
f 1196/115/665 1200/115/665 1201/115/665
f 1197/115/666 1198/115/666 1194/115/666
f 1197/115/667 1201/115/667 1198/115/667
f 1198/115/668 1203/115/668 1199/115/668
f 1198/115/669 1202/115/669 1203/115/669
f 1199/115/670 1204/115/670 1200/115/670
f 1199/115/671 1203/115/671 1204/115/671
f 1200/115/672 1205/115/672 1201/115/672
f 1200/115/673 1204/115/673 1205/115/673
f 1201/115/674 1202/115/674 1198/115/674
f 1201/115/675 1205/115/675 1202/115/675
f 1202/115/676 1207/115/676 1203/115/676
f 1202/115/677 1206/115/677 1207/115/677
f 1203/115/678 1208/115/678 1204/115/678
f 1203/115/679 1207/115/679 1208/115/679
f 1204/115/680 1209/115/680 1205/115/680
f 1204/115/681 1208/115/681 1209/115/681
f 1205/115/682 1206/115/682 1202/115/682
f 1205/115/683 1209/115/683 1206/115/683
f 1206/115/684 1211/115/684 1207/115/684
f 1206/115/685 1210/115/685 1211/115/685
f 1207/115/686 1212/115/686 1208/115/686
f 1207/115/687 1211/115/687 1212/115/687
f 1208/115/688 1213/115/688 1209/115/688
f 1208/115/689 1212/115/689 1213/115/689
f 1209/115/690 1210/115/690 1206/115/690
f 1209/115/691 1213/115/691 1210/115/691
f 1170/115/692 1172/115/692 1171/115/692
f 1170/115/693 1173/115/693 1172/115/693
f 1213/115/694 1211/115/694 1212/115/694
f 1213/115/695 1210/115/695 1211/115/695
f 1214/115/696 1219/115/696 1215/115/696
f 1214/115/697 1218/115/698 1219/115/699
f 1215/115/700 1220/115/700 1216/115/700
f 1215/115/701 1219/115/701 1220/115/701
f 1216/115/702 1221/115/702 1217/115/702
f 1216/115/703 1220/115/703 1221/115/703
f 1217/115/704 1218/115/704 1214/115/704
f 1217/115/705 1221/115/705 1218/115/705
f 1218/115/698 1223/115/706 1219/115/699
f 1218/115/707 1222/115/708 1223/115/709
f 1219/115/710 1224/115/710 1220/115/710
f 1219/115/711 1223/115/711 1224/115/711
f 1220/115/712 1225/115/712 1221/115/712
f 1220/115/713 1224/115/713 1225/115/713
f 1221/115/714 1222/115/714 1218/115/714
f 1221/115/715 1225/115/715 1222/115/715
f 1222/115/708 1227/115/716 1223/115/709
f 1222/115/717 1226/115/718 1227/115/719
f 1223/115/720 1228/115/720 1224/115/720
f 1223/115/721 1227/115/721 1228/115/721
f 1224/115/722 1229/115/722 1225/115/722
f 1224/115/723 1228/115/723 1229/115/723
f 1225/115/724 1226/115/724 1222/115/724
f 1225/115/725 1229/115/725 1226/115/725
f 1226/115/718 1231/115/726 1227/115/719
f 1226/115/727 1230/115/728 1231/115/729
f 1227/115/730 1232/115/730 1228/115/730
f 1227/115/731 1231/115/731 1232/115/731
f 1228/115/732 1233/115/732 1229/115/732
f 1228/115/733 1232/115/733 1233/115/733
f 1229/115/734 1230/115/734 1226/115/734
f 1229/115/735 1233/115/735 1230/115/735
f 1230/115/728 1235/115/736 1231/115/729
f 1230/115/737 1234/115/738 1235/115/739
f 1231/115/740 1236/115/740 1232/115/740
f 1231/115/741 1235/115/741 1236/115/741
f 1232/115/742 1237/115/742 1233/115/742
f 1232/115/743 1236/115/743 1237/115/743
f 1233/115/744 1234/115/744 1230/115/744
f 1233/115/745 1237/115/745 1234/115/745
f 1234/115/738 1239/115/746 1235/115/739
f 1234/115/747 1238/115/748 1239/115/749
f 1235/115/750 1240/115/750 1236/115/750
f 1235/115/751 1239/115/751 1240/115/751
f 1236/115/752 1241/115/752 1237/115/752
f 1236/115/753 1240/115/753 1241/115/753
f 1237/115/754 1238/115/754 1234/115/754
f 1237/115/755 1241/115/755 1238/115/755
f 1238/115/748 1243/115/756 1239/115/749
f 1238/115/757 1242/115/758 1243/115/759
f 1239/115/760 1244/115/760 1240/115/760
f 1239/115/761 1243/115/761 1244/115/761
f 1240/115/762 1245/115/762 1241/115/762
f 1240/115/763 1244/115/763 1245/115/763
f 1241/115/764 1242/115/764 1238/115/764
f 1241/115/765 1245/115/765 1242/115/765
f 1242/115/758 1247/115/766 1243/115/759
f 1242/115/767 1246/115/768 1247/115/769
f 1243/115/770 1248/115/770 1244/115/770
f 1243/115/771 1247/115/771 1248/115/771
f 1244/115/772 1249/115/772 1245/115/772
f 1244/115/773 1248/115/773 1249/115/773
f 1245/115/774 1246/115/774 1242/115/774
f 1245/115/775 1249/115/775 1246/115/775
f 1246/115/768 1251/115/776 1247/115/769
f 1246/115/777 1250/115/778 1251/115/779
f 1247/115/780 1252/115/780 1248/115/780
f 1247/115/781 1251/115/781 1252/115/781
f 1248/115/782 1253/115/782 1249/115/782
f 1248/115/783 1252/115/783 1253/115/783
f 1249/115/784 1250/115/784 1246/115/784
f 1249/115/785 1253/115/785 1250/115/785
f 1250/115/778 1255/115/786 1251/115/779
f 1250/115/787 1254/115/787 1255/115/787
f 1251/115/788 1256/115/788 1252/115/788
f 1251/115/789 1255/115/789 1256/115/789
f 1252/115/790 1257/115/790 1253/115/790
f 1252/115/791 1256/115/791 1257/115/791
f 1253/115/792 1254/115/792 1250/115/792
f 1253/115/793 1257/115/793 1254/115/793
f 1214/115/794 1216/115/794 1215/115/794
f 1214/115/795 1217/115/795 1216/115/795
f 1257/115/796 1255/115/796 1256/115/796
f 1257/115/797 1254/115/797 1255/115/797
f 1258/115/798 1263/115/798 1259/115/798
f 1258/115/799 1262/115/799 1263/115/799
f 1259/115/800 1264/115/800 1260/115/800
f 1259/115/801 1263/115/801 1264/115/801
f 1260/115/802 1265/115/802 1261/115/802
f 1260/115/803 1264/115/804 1265/115/805
f 1261/115/806 1262/115/806 1258/115/806
f 1261/115/807 1265/115/807 1262/115/807
f 1262/115/808 1267/115/808 1263/115/808
f 1262/115/809 1266/115/809 1267/115/809
f 1263/115/810 1268/115/810 1264/115/810
f 1263/115/811 1267/115/811 1268/115/811
f 1264/115/804 1269/115/812 1265/115/805
f 1264/115/813 1268/115/814 1269/115/815
f 1265/115/816 1266/115/816 1262/115/816
f 1265/115/817 1269/115/817 1266/115/817
f 1266/115/818 1271/115/818 1267/115/818
f 1266/115/819 1270/115/819 1271/115/819
f 1267/115/820 1272/115/820 1268/115/820
f 1267/115/821 1271/115/821 1272/115/821
f 1268/115/814 1273/115/822 1269/115/815
f 1268/115/823 1272/115/824 1273/115/825
f 1269/115/826 1270/115/826 1266/115/826
f 1269/115/827 1273/115/827 1270/115/827
f 1270/115/828 1275/115/828 1271/115/828
f 1270/115/829 1274/115/829 1275/115/829
f 1271/115/830 1276/115/830 1272/115/830
f 1271/115/831 1275/115/831 1276/115/831
f 1272/115/824 1277/115/832 1273/115/825
f 1272/115/833 1276/115/834 1277/115/835
f 1273/115/836 1274/115/836 1270/115/836
f 1273/115/837 1277/115/837 1274/115/837
f 1274/115/838 1279/115/838 1275/115/838
f 1274/115/839 1278/115/839 1279/115/839
f 1275/115/840 1280/115/840 1276/115/840
f 1275/115/841 1279/115/841 1280/115/841
f 1276/115/834 1281/115/842 1277/115/835
f 1276/115/843 1280/115/844 1281/115/845
f 1277/115/846 1278/115/846 1274/115/846
f 1277/115/847 1281/115/847 1278/115/847
f 1278/115/848 1283/115/848 1279/115/848
f 1278/115/849 1282/115/849 1283/115/849
f 1279/115/850 1284/115/850 1280/115/850
f 1279/115/851 1283/115/851 1284/115/851
f 1280/115/844 1285/115/852 1281/115/845
f 1280/115/853 1284/115/854 1285/115/855
f 1281/115/856 1282/115/856 1278/115/856
f 1281/115/857 1285/115/857 1282/115/857
f 1282/115/858 1287/115/858 1283/115/858
f 1282/115/859 1286/115/859 1287/115/859
f 1283/115/860 1288/115/860 1284/115/860
f 1283/115/861 1287/115/861 1288/115/861
f 1284/115/854 1289/115/862 1285/115/855
f 1284/115/863 1288/115/864 1289/115/865
f 1285/115/866 1286/115/866 1282/115/866
f 1285/115/867 1289/115/867 1286/115/867
f 1286/115/868 1291/115/868 1287/115/868
f 1286/115/869 1290/115/869 1291/115/869
f 1287/115/870 1292/115/870 1288/115/870
f 1287/115/871 1291/115/871 1292/115/871
f 1288/115/864 1293/115/872 1289/115/865
f 1288/115/873 1292/115/874 1293/115/875
f 1289/115/876 1290/115/876 1286/115/876
f 1289/115/877 1293/115/877 1290/115/877
f 1290/115/878 1295/115/878 1291/115/878
f 1290/115/879 1294/115/879 1295/115/879
f 1291/115/880 1296/115/880 1292/115/880
f 1291/115/881 1295/115/881 1296/115/881
f 1292/115/874 1297/115/882 1293/115/875
f 1292/115/883 1296/115/884 1297/115/885
f 1293/115/886 1294/115/886 1290/115/886
f 1293/115/887 1297/115/887 1294/115/887
f 1294/115/888 1299/115/888 1295/115/888
f 1294/115/889 1298/115/889 1299/115/889
f 1295/115/890 1300/115/890 1296/115/890
f 1295/115/891 1299/115/891 1300/115/891
f 1296/115/884 1301/115/892 1297/115/885
f 1296/115/893 1300/115/893 1301/115/893
f 1297/115/894 1298/115/894 1294/115/894
f 1297/115/895 1301/115/895 1298/115/895
f 1258/115/896 1260/115/896 1259/115/896
f 1258/115/897 1261/115/897 1260/115/897
f 1301/115/898 1299/115/898 1300/115/898
f 1301/115/899 1298/115/899 1299/115/899
f 1302/115/900 1307/115/900 1303/115/900
f 1302/115/901 1306/115/901 1307/115/901
f 1303/115/902 1308/115/902 1304/115/902
f 1303/115/903 1307/115/903 1308/115/903
f 1304/115/904 1309/115/904 1305/115/904
f 1304/115/905 1308/115/905 1309/115/905
f 1305/115/906 1306/115/906 1302/115/906
f 1305/115/907 1309/115/907 1306/115/907
f 1306/115/908 1311/115/908 1307/115/908
f 1306/115/909 1310/115/909 1311/115/909
f 1307/115/910 1312/115/910 1308/115/910
f 1307/115/911 1311/115/911 1312/115/911
f 1308/115/912 1313/115/912 1309/115/912
f 1308/115/913 1312/115/913 1313/115/913
f 1309/115/914 1310/115/914 1306/115/914
f 1309/115/915 1313/115/915 1310/115/915
f 1310/115/916 1315/115/916 1311/115/916
f 1310/115/917 1314/115/917 1315/115/917
f 1311/115/918 1316/115/918 1312/115/918
f 1311/115/919 1315/115/919 1316/115/919
f 1312/115/920 1317/115/920 1313/115/920
f 1312/115/921 1316/115/921 1317/115/921
f 1313/115/922 1314/115/922 1310/115/922
f 1313/115/923 1317/115/923 1314/115/923
f 1314/115/924 1319/115/924 1315/115/924
f 1314/115/925 1318/115/925 1319/115/925
f 1315/115/926 1320/115/926 1316/115/926
f 1315/115/927 1319/115/927 1320/115/927
f 1316/115/928 1321/115/928 1317/115/928
f 1316/115/929 1320/115/929 1321/115/929
f 1317/115/930 1318/115/930 1314/115/930
f 1317/115/931 1321/115/931 1318/115/931
f 1318/115/932 1323/115/932 1319/115/932
f 1318/115/933 1322/115/933 1323/115/933
f 1319/115/934 1324/115/934 1320/115/934
f 1319/115/935 1323/115/935 1324/115/935
f 1320/115/936 1325/115/936 1321/115/936
f 1320/115/937 1324/115/937 1325/115/937
f 1321/115/938 1322/115/938 1318/115/938
f 1321/115/939 1325/115/939 1322/115/939
f 1322/115/940 1327/115/940 1323/115/940
f 1322/115/941 1326/115/941 1327/115/941
f 1323/115/942 1328/115/942 1324/115/942
f 1323/115/943 1327/115/943 1328/115/943
f 1324/115/944 1329/115/944 1325/115/944
f 1324/115/945 1328/115/945 1329/115/945
f 1325/115/946 1326/115/946 1322/115/946
f 1325/115/947 1329/115/947 1326/115/947
f 1326/115/948 1331/115/948 1327/115/948
f 1326/115/949 1330/115/949 1331/115/949
f 1327/115/950 1332/115/950 1328/115/950
f 1327/115/951 1331/115/951 1332/115/951
f 1328/115/952 1333/115/952 1329/115/952
f 1328/115/953 1332/115/953 1333/115/953
f 1329/115/954 1330/115/954 1326/115/954
f 1329/115/955 1333/115/955 1330/115/955
f 1330/115/956 1335/115/956 1331/115/956
f 1330/115/957 1334/115/957 1335/115/957
f 1331/115/958 1336/115/958 1332/115/958
f 1331/115/959 1335/115/959 1336/115/959
f 1332/115/960 1337/115/960 1333/115/960
f 1332/115/961 1336/115/961 1337/115/961
f 1333/115/962 1334/115/962 1330/115/962
f 1333/115/963 1337/115/963 1334/115/963
f 1334/115/964 1339/115/964 1335/115/964
f 1334/115/965 1338/115/965 1339/115/965
f 1335/115/966 1340/115/966 1336/115/966
f 1335/115/967 1339/115/967 1340/115/967
f 1336/115/968 1341/115/968 1337/115/968
f 1336/115/969 1340/115/969 1341/115/969
f 1337/115/970 1338/115/970 1334/115/970
f 1337/115/971 1341/115/971 1338/115/971
f 1338/115/972 1343/115/972 1339/115/972
f 1338/115/973 1342/115/973 1343/115/973
f 1339/115/974 1344/115/974 1340/115/974
f 1339/115/975 1343/115/975 1344/115/975
f 1340/115/976 1345/115/976 1341/115/976
f 1340/115/977 1344/115/977 1345/115/977
f 1341/115/978 1342/115/978 1338/115/978
f 1341/115/979 1345/115/979 1342/115/979
f 1302/115/980 1304/115/980 1303/115/980
f 1302/115/981 1305/115/981 1304/115/981
f 1345/115/982 1343/115/982 1344/115/982
f 1345/115/983 1342/115/983 1343/115/983
f 1346/115/984 1351/115/984 1347/115/984
f 1346/115/984 1350/115/984 1351/115/984
f 1347/115/985 1352/115/985 1348/115/985
f 1347/115/985 1351/115/985 1352/115/985
f 1348/115/986 1353/115/986 1349/115/986
f 1348/115/986 1352/115/986 1353/115/986
f 1349/115/987 1350/115/987 1346/115/987
f 1349/115/987 1353/115/987 1350/115/987
f 1350/115/988 1355/115/988 1351/115/988
f 1350/115/988 1354/115/988 1355/115/988
f 1351/115/985 1356/115/985 1352/115/985
f 1351/115/985 1355/115/985 1356/115/985
f 1352/115/989 1357/115/989 1353/115/989
f 1352/115/989 1356/115/989 1357/115/989
f 1353/115/987 1354/115/987 1350/115/987
f 1353/115/987 1357/115/987 1354/115/987
f 1354/115/990 1359/115/990 1355/115/990
f 1354/115/990 1358/115/990 1359/115/990
f 1355/115/985 1360/115/985 1356/115/985
f 1355/115/985 1359/115/985 1360/115/985
f 1356/115/991 1361/115/991 1357/115/991
f 1356/115/991 1360/115/991 1361/115/991
f 1357/115/987 1358/115/987 1354/115/987
f 1357/115/987 1361/115/987 1358/115/987
f 1358/115/992 1363/115/992 1359/115/992
f 1358/115/992 1362/115/992 1363/115/992
f 1359/115/985 1364/115/985 1360/115/985
f 1359/115/985 1363/115/985 1364/115/985
f 1360/115/993 1365/115/993 1361/115/993
f 1360/115/993 1364/115/993 1365/115/993
f 1361/115/987 1362/115/987 1358/115/987
f 1361/115/987 1365/115/987 1362/115/987
f 1362/115/994 1367/115/994 1363/115/994
f 1362/115/994 1366/115/994 1367/115/994
f 1363/115/985 1368/115/985 1364/115/985
f 1363/115/985 1367/115/985 1368/115/985
f 1364/115/995 1369/115/995 1365/115/995
f 1364/115/995 1368/115/996 1369/115/995
f 1365/115/987 1366/115/987 1362/115/987
f 1365/115/987 1369/115/987 1366/115/987
f 1366/115/997 1371/115/997 1367/115/997
f 1366/115/997 1370/115/997 1371/115/997
f 1367/115/985 1372/115/985 1368/115/985
f 1367/115/985 1371/115/985 1372/115/985
f 1368/115/998 1373/115/998 1369/115/999
f 1368/115/998 1372/115/998 1373/115/998
f 1369/115/987 1370/115/987 1366/115/987
f 1369/115/987 1373/115/987 1370/115/987
f 1370/115/1000 1375/115/1000 1371/115/1000
f 1370/115/1000 1374/115/1000 1375/115/1000
f 1371/115/985 1376/115/985 1372/115/985
f 1371/115/985 1375/115/985 1376/115/985
f 1372/115/1001 1377/115/1001 1373/115/1001
f 1372/115/1001 1376/115/1001 1377/115/1001
f 1373/115/987 1374/115/987 1370/115/987
f 1373/115/987 1377/115/987 1374/115/987
f 1374/115/1002 1379/115/1002 1375/115/1002
f 1374/115/1002 1378/115/1002 1379/115/1002
f 1375/115/985 1380/115/985 1376/115/985
f 1375/115/985 1379/115/985 1380/115/985
f 1376/115/1003 1381/115/1003 1377/115/1003
f 1376/115/1003 1380/115/1003 1381/115/1003
f 1377/115/987 1378/115/987 1374/115/987
f 1377/115/987 1381/115/987 1378/115/987
f 1378/115/1004 1383/115/1004 1379/115/1004
f 1378/115/1004 1382/115/1004 1383/115/1004
f 1379/115/985 1384/115/985 1380/115/985
f 1379/115/985 1383/115/985 1384/115/985
f 1380/115/1005 1385/115/1005 1381/115/1005
f 1380/115/1005 1384/115/1005 1385/115/1005
f 1381/115/987 1382/115/987 1378/115/987
f 1381/115/987 1385/115/987 1382/115/987
f 1382/115/1006 1387/115/1006 1383/115/1006
f 1382/115/1006 1386/115/1006 1387/115/1006
f 1383/115/985 1388/115/985 1384/115/985
f 1383/115/985 1387/115/985 1388/115/985
f 1384/115/1007 1389/115/1007 1385/115/1007
f 1384/115/1007 1388/115/1007 1389/115/1007
f 1385/115/987 1386/115/987 1382/115/987
f 1385/115/987 1389/115/987 1386/115/987
f 1346/115/1008 1348/115/1008 1347/115/1008
f 1346/115/1008 1349/115/1008 1348/115/1008
f 1389/115/1009 1387/115/1009 1388/115/1009
f 1389/115/1009 1386/115/1009 1387/115/1009
f 1390/115/1010 1395/115/1011 1391/115/1012
f 1390/115/1010 1394/115/1013 1395/115/1011
f 1391/115/1014 1396/115/1015 1392/115/1016
f 1391/115/1014 1395/115/1017 1396/115/1015
f 1392/115/1018 1397/115/1019 1393/115/1020
f 1392/115/1018 1396/115/1021 1397/115/1019
f 1393/115/1022 1394/115/1023 1390/115/1024
f 1393/115/1022 1397/115/1025 1394/115/1023
f 1394/115/1026 1399/115/1026 1395/115/1026
f 1394/115/1027 1398/115/1027 1399/115/1027
f 1395/115/1028 1400/115/1028 1396/115/1028
f 1395/115/1029 1399/115/1029 1400/115/1029
f 1396/115/1030 1401/115/1030 1397/115/1030
f 1396/115/1031 1400/115/1031 1401/115/1031
f 1397/115/1032 1398/115/1032 1394/115/1032
f 1397/115/1033 1401/115/1033 1398/115/1033
f 1398/115/1034 1403/115/1034 1399/115/1034
f 1398/115/1035 1402/115/1035 1403/115/1035
f 1399/115/1036 1404/115/1036 1400/115/1036
f 1399/115/1037 1403/115/1037 1404/115/1037
f 1400/115/1038 1405/115/1038 1401/115/1038
f 1400/115/1039 1404/115/1039 1405/115/1039
f 1401/115/1040 1402/115/1040 1398/115/1040
f 1401/115/1041 1405/115/1041 1402/115/1041
f 1402/115/1042 1407/115/1042 1403/115/1042
f 1402/115/1043 1406/115/1043 1407/115/1043
f 1403/115/1044 1408/115/1044 1404/115/1044
f 1403/115/1045 1407/115/1045 1408/115/1045
f 1404/115/1046 1409/115/1046 1405/115/1046
f 1404/115/1047 1408/115/1047 1409/115/1047
f 1405/115/1048 1406/115/1048 1402/115/1048
f 1405/115/1049 1409/115/1049 1406/115/1049
f 1406/115/1050 1411/115/1050 1407/115/1050
f 1406/115/1051 1410/115/1051 1411/115/1051
f 1407/115/1052 1412/115/1052 1408/115/1052
f 1407/115/1053 1411/115/1053 1412/115/1053
f 1408/115/1054 1413/115/1054 1409/115/1054
f 1408/115/1055 1412/115/1055 1413/115/1055
f 1409/115/1056 1410/115/1056 1406/115/1056
f 1409/115/1057 1413/115/1057 1410/115/1057
f 1410/115/1058 1415/115/1058 1411/115/1058
f 1410/115/1059 1414/115/1060 1415/115/1061
f 1411/115/1062 1416/115/1062 1412/115/1062
f 1411/115/1063 1415/115/1063 1416/115/1063
f 1412/115/1064 1417/115/1064 1413/115/1064
f 1412/115/1065 1416/115/1065 1417/115/1065
f 1413/115/1066 1414/115/1066 1410/115/1066
f 1413/115/1067 1417/115/1067 1414/115/1067
f 1414/115/1060 1419/115/1061 1415/115/1061
f 1414/115/1068 1418/115/1068 1419/115/1068
f 1415/115/1069 1420/115/1069 1416/115/1069
f 1415/115/1070 1419/115/1070 1420/115/1070
f 1416/115/1071 1421/115/1071 1417/115/1071
f 1416/115/1072 1420/115/1072 1421/115/1072
f 1417/115/1073 1418/115/1073 1414/115/1073
f 1417/115/1074 1421/115/1074 1418/115/1074
f 1418/115/1075 1423/115/1075 1419/115/1075
f 1418/115/1076 1422/115/1076 1423/115/1076
f 1419/115/1077 1424/115/1077 1420/115/1077
f 1419/115/1078 1423/115/1078 1424/115/1078
f 1420/115/1079 1425/115/1079 1421/115/1079
f 1420/115/1080 1424/115/1080 1425/115/1080
f 1421/115/1081 1422/115/1081 1418/115/1081
f 1421/115/1082 1425/115/1082 1422/115/1082
f 1422/115/1083 1427/115/1083 1423/115/1083
f 1422/115/1084 1426/115/1084 1427/115/1084
f 1423/115/1085 1428/115/1085 1424/115/1085
f 1423/115/1086 1427/115/1086 1428/115/1086
f 1424/115/1087 1429/115/1087 1425/115/1087
f 1424/115/1088 1428/115/1088 1429/115/1088
f 1425/115/1089 1426/115/1089 1422/115/1089
f 1425/115/1090 1429/115/1090 1426/115/1090
f 1426/115/1091 1431/115/1092 1427/115/1093
f 1426/115/1091 1430/115/1094 1431/115/1092
f 1427/115/1095 1432/115/1096 1428/115/1097
f 1427/115/1095 1431/115/1098 1432/115/1096
f 1428/115/1099 1433/115/1100 1429/115/1101
f 1428/115/1099 1432/115/1102 1433/115/1100
f 1429/115/1103 1430/115/1104 1426/115/1105
f 1429/115/1103 1433/115/1106 1430/115/1104
f 1430/115/1107 1435/115/1108 1431/115/1109
f 1430/115/1107 1434/115/1110 1435/115/1108
f 1431/115/1111 1436/115/1112 1432/115/1113
f 1431/115/1111 1435/115/1114 1436/115/1112
f 1432/115/1115 1437/115/1116 1433/115/1117
f 1432/115/1115 1436/115/1118 1437/115/1116
f 1433/115/1119 1434/115/1120 1430/115/1121
f 1433/115/1119 1437/115/1122 1434/115/1120
f 1434/115/1123 1439/115/1123 1435/115/1123
f 1434/115/1124 1438/115/1124 1439/115/1124
f 1435/115/1125 1440/115/1125 1436/115/1125
f 1435/115/1126 1439/115/1126 1440/115/1126
f 1436/115/1127 1441/115/1127 1437/115/1127
f 1436/115/1128 1440/115/1128 1441/115/1128
f 1437/115/1129 1438/115/1129 1434/115/1129
f 1437/115/1130 1441/115/1130 1438/115/1130
f 1438/115/1131 1443/115/1131 1439/115/1131
f 1438/115/1132 1442/115/1132 1443/115/1132
f 1439/115/1133 1444/115/1133 1440/115/1133
f 1439/115/1134 1443/115/1134 1444/115/1134
f 1440/115/1135 1445/115/1135 1441/115/1135
f 1440/115/1136 1444/115/1136 1445/115/1136
f 1441/115/1137 1442/115/1137 1438/115/1137
f 1441/115/1138 1445/115/1138 1442/115/1138
f 1442/115/1139 1447/115/1139 1443/115/1139
f 1442/115/1140 1446/115/1140 1447/115/1140
f 1443/115/1141 1448/115/1141 1444/115/1141
f 1443/115/1142 1447/115/1142 1448/115/1142
f 1444/115/1143 1449/115/1143 1445/115/1143
f 1444/115/1144 1448/115/1145 1449/115/1146
f 1445/115/1147 1446/115/1147 1442/115/1147
f 1445/115/1148 1449/115/1148 1446/115/1148
f 1446/115/1149 1451/115/1149 1447/115/1149
f 1446/115/1150 1450/115/1150 1451/115/1150
f 1447/115/1151 1452/115/1151 1448/115/1151
f 1447/115/1152 1451/115/1152 1452/115/1152
f 1448/115/1145 1453/115/1146 1449/115/1146
f 1448/115/1153 1452/115/1153 1453/115/1153
f 1449/115/1154 1450/115/1154 1446/115/1154
f 1449/115/1155 1453/115/1155 1450/115/1155
f 1450/115/1156 1455/115/1156 1451/115/1156
f 1450/115/1157 1454/115/1157 1455/115/1157
f 1451/115/1158 1456/115/1158 1452/115/1158
f 1451/115/1159 1455/115/1159 1456/115/1159
f 1452/115/1160 1457/115/1160 1453/115/1160
f 1452/115/1161 1456/115/1161 1457/115/1161
f 1453/115/1162 1454/115/1162 1450/115/1162
f 1453/115/1163 1457/115/1163 1454/115/1163
f 1454/115/1164 1459/115/1164 1455/115/1164
f 1454/115/1165 1458/115/1165 1459/115/1165
f 1455/115/1166 1460/115/1166 1456/115/1166
f 1455/115/1167 1459/115/1167 1460/115/1167
f 1456/115/1168 1461/115/1168 1457/115/1168
f 1456/115/1169 1460/115/1169 1461/115/1169
f 1457/115/1170 1458/115/1170 1454/115/1170
f 1457/115/1171 1461/115/1171 1458/115/1171
f 1458/115/1172 1463/115/1172 1459/115/1172
f 1458/115/1173 1462/115/1173 1463/115/1173
f 1459/115/1174 1464/115/1174 1460/115/1174
f 1459/115/1175 1463/115/1175 1464/115/1175
f 1460/115/1176 1465/115/1176 1461/115/1176
f 1460/115/1177 1464/115/1177 1465/115/1177
f 1461/115/1178 1462/115/1178 1458/115/1178
f 1461/115/1179 1465/115/1179 1462/115/1179
f 1462/115/1180 1467/115/1180 1463/115/1180
f 1462/115/1181 1466/115/1181 1467/115/1181
f 1463/115/1182 1468/115/1182 1464/115/1182
f 1463/115/1183 1467/115/1183 1468/115/1183
f 1464/115/1184 1469/115/1184 1465/115/1184
f 1464/115/1185 1468/115/1185 1469/115/1185
f 1465/115/1186 1466/115/1186 1462/115/1186
f 1465/115/1187 1469/115/1187 1466/115/1187
f 1466/115/1188 1471/115/1189 1467/115/1190
f 1466/115/1188 1470/115/1191 1471/115/1189
f 1467/115/1192 1472/115/1193 1468/115/1194
f 1467/115/1192 1471/115/1195 1472/115/1193
f 1468/115/1196 1473/115/1197 1469/115/1198
f 1468/115/1196 1472/115/1199 1473/115/1197
f 1469/115/1200 1470/115/1201 1466/115/1202
f 1469/115/1200 1473/115/1203 1470/115/1201
f 1470/115/1191 1475/115/1204 1471/115/1189
f 1470/115/1191 1474/115/1205 1475/115/1204
f 1471/115/1206 1476/115/1207 1472/115/1208
f 1471/115/1206 1475/115/1209 1476/115/1207
f 1472/115/1199 1477/115/1210 1473/115/1197
f 1472/115/1199 1476/115/1211 1477/115/1210
f 1473/115/1212 1474/115/1213 1470/115/1214
f 1473/115/1212 1477/115/1215 1474/115/1213
f 1474/115/1216 1479/115/1216 1475/115/1216
f 1474/115/1217 1478/115/1217 1479/115/1217
f 1475/115/1218 1480/115/1218 1476/115/1218
f 1475/115/1219 1479/115/1219 1480/115/1219
f 1476/115/1220 1481/115/1220 1477/115/1220
f 1476/115/1221 1480/115/1221 1481/115/1221
f 1477/115/1222 1478/115/1222 1474/115/1222
f 1477/115/1223 1481/115/1223 1478/115/1223
f 1478/115/1224 1483/115/1224 1479/115/1224
f 1478/115/1225 1482/115/1225 1483/115/1225
f 1479/115/1226 1484/115/1226 1480/115/1226
f 1479/115/1227 1483/115/1227 1484/115/1227
f 1480/115/1228 1485/115/1228 1481/115/1228
f 1480/115/1229 1484/115/1229 1485/115/1229
f 1481/115/1230 1482/115/1230 1478/115/1230
f 1481/115/1231 1485/115/1231 1482/115/1231
f 1482/115/1232 1487/115/1232 1483/115/1232
f 1482/115/1233 1486/115/1233 1487/115/1233
f 1483/115/1234 1488/115/1234 1484/115/1234
f 1483/115/1235 1487/115/1235 1488/115/1235
f 1484/115/1236 1489/115/1236 1485/115/1236
f 1484/115/1237 1488/115/1237 1489/115/1237
f 1485/115/1238 1486/115/1238 1482/115/1238
f 1485/115/1239 1489/115/1239 1486/115/1239
f 1486/115/1240 1491/115/1240 1487/115/1240
f 1486/115/1241 1490/115/1241 1491/115/1241
f 1487/115/1242 1492/115/1242 1488/115/1242
f 1487/115/1243 1491/115/1243 1492/115/1243
f 1488/115/1244 1493/115/1244 1489/115/1244
f 1488/115/1245 1492/115/1245 1493/115/1245
f 1489/115/1246 1490/115/1246 1486/115/1246
f 1489/115/1247 1493/115/1247 1490/115/1247
f 1490/115/1248 1495/115/1248 1491/115/1248
f 1490/115/1249 1494/115/1250 1495/115/1251
f 1491/115/1252 1496/115/1252 1492/115/1252
f 1491/115/1253 1495/115/1253 1496/115/1253
f 1492/115/1254 1497/115/1254 1493/115/1254
f 1492/115/1255 1496/115/1255 1497/115/1255
f 1493/115/1256 1494/115/1256 1490/115/1256
f 1493/115/1257 1497/115/1257 1494/115/1257
f 1494/115/1250 1499/115/1251 1495/115/1251
f 1494/115/1258 1498/115/1258 1499/115/1258
f 1495/115/1259 1500/115/1259 1496/115/1259
f 1495/115/1260 1499/115/1260 1500/115/1260
f 1496/115/1261 1501/115/1261 1497/115/1261
f 1496/115/1262 1500/115/1262 1501/115/1262
f 1497/115/1263 1498/115/1263 1494/115/1263
f 1497/115/1264 1501/115/1264 1498/115/1264
f 1498/115/1265 1503/115/1265 1499/115/1265
f 1498/115/1266 1502/115/1266 1503/115/1266
f 1499/115/1267 1504/115/1267 1500/115/1267
f 1499/115/1268 1503/115/1268 1504/115/1268
f 1500/115/1269 1505/115/1269 1501/115/1269
f 1500/115/1270 1504/115/1270 1505/115/1270
f 1501/115/1271 1502/115/1271 1498/115/1271
f 1501/115/1272 1505/115/1272 1502/115/1272
f 1502/115/1273 1507/115/1273 1503/115/1273
f 1502/115/1274 1506/115/1274 1507/115/1274
f 1503/115/1275 1508/115/1275 1504/115/1275
f 1503/115/1276 1507/115/1276 1508/115/1276
f 1504/115/1277 1509/115/1277 1505/115/1277
f 1504/115/1278 1508/115/1278 1509/115/1278
f 1505/115/1279 1506/115/1279 1502/115/1279
f 1505/115/1280 1509/115/1280 1506/115/1280
f 1506/115/1281 1511/115/1282 1507/115/1283
f 1506/115/1281 1510/115/1284 1511/115/1282
f 1507/115/1285 1512/115/1286 1508/115/1287
f 1507/115/1285 1511/115/1288 1512/115/1286
f 1508/115/1289 1513/115/1290 1509/115/1291
f 1508/115/1289 1512/115/1292 1513/115/1290
f 1509/115/1293 1510/115/1294 1506/115/1295
f 1509/115/1293 1513/115/1296 1510/115/1294
f 1510/115/1297 1515/115/1298 1511/115/1299
f 1510/115/1297 1514/115/1300 1515/115/1298
f 1511/115/1301 1516/115/1302 1512/115/1303
f 1511/115/1301 1515/115/1304 1516/115/1302
f 1512/115/1305 1517/115/1306 1513/115/1307
f 1512/115/1305 1516/115/1308 1517/115/1306
f 1513/115/1309 1514/115/1310 1510/115/1311
f 1513/115/1309 1517/115/1312 1514/115/1310
f 1514/115/1313 1519/115/1313 1515/115/1313
f 1514/115/1314 1518/115/1314 1519/115/1314
f 1515/115/1315 1520/115/1315 1516/115/1315
f 1515/115/1316 1519/115/1316 1520/115/1316
f 1516/115/1317 1521/115/1317 1517/115/1317
f 1516/115/1318 1520/115/1318 1521/115/1318
f 1517/115/1319 1518/115/1319 1514/115/1319
f 1517/115/1320 1521/115/1320 1518/115/1320
f 1518/115/1321 1523/115/1321 1519/115/1321
f 1518/115/1322 1522/115/1322 1523/115/1322
f 1519/115/1323 1524/115/1323 1520/115/1323
f 1519/115/1324 1523/115/1324 1524/115/1324
f 1520/115/1325 1525/115/1325 1521/115/1325
f 1520/115/1326 1524/115/1326 1525/115/1326
f 1521/115/1327 1522/115/1327 1518/115/1327
f 1521/115/1328 1525/115/1328 1522/115/1328
f 1522/115/1329 1527/115/1329 1523/115/1329
f 1522/115/1330 1526/115/1330 1527/115/1330
f 1523/115/1331 1528/115/1331 1524/115/1331
f 1523/115/1332 1527/115/1332 1528/115/1332
f 1524/115/1333 1529/115/1333 1525/115/1333
f 1524/115/1334 1528/115/1335 1529/115/1336
f 1525/115/1337 1526/115/1337 1522/115/1337
f 1525/115/1338 1529/115/1338 1526/115/1338
f 1526/115/1339 1531/115/1339 1527/115/1339
f 1526/115/1340 1530/115/1340 1531/115/1340
f 1527/115/1341 1532/115/1341 1528/115/1341
f 1527/115/1342 1531/115/1342 1532/115/1342
f 1528/115/1335 1533/115/1336 1529/115/1336
f 1528/115/1343 1532/115/1343 1533/115/1343
f 1529/115/1344 1530/115/1344 1526/115/1344
f 1529/115/1345 1533/115/1345 1530/115/1345
f 1530/115/1346 1535/115/1346 1531/115/1346
f 1530/115/1347 1534/115/1347 1535/115/1347
f 1531/115/1348 1536/115/1348 1532/115/1348
f 1531/115/1349 1535/115/1349 1536/115/1349
f 1532/115/1350 1537/115/1350 1533/115/1350
f 1532/115/1351 1536/115/1351 1537/115/1351
f 1533/115/1352 1534/115/1352 1530/115/1352
f 1533/115/1353 1537/115/1353 1534/115/1353
f 1534/115/1354 1539/115/1354 1535/115/1354
f 1534/115/1355 1538/115/1355 1539/115/1355
f 1535/115/1356 1540/115/1356 1536/115/1356
f 1535/115/1357 1539/115/1357 1540/115/1357
f 1536/115/1358 1541/115/1358 1537/115/1358
f 1536/115/1359 1540/115/1359 1541/115/1359
f 1537/115/1360 1538/115/1360 1534/115/1360
f 1537/115/1361 1541/115/1361 1538/115/1361
f 1538/115/1362 1543/115/1362 1539/115/1362
f 1538/115/1363 1542/115/1363 1543/115/1363
f 1539/115/1364 1544/115/1364 1540/115/1364
f 1539/115/1365 1543/115/1365 1544/115/1365
f 1540/115/1366 1545/115/1366 1541/115/1366
f 1540/115/1367 1544/115/1367 1545/115/1367
f 1541/115/1368 1542/115/1368 1538/115/1368
f 1541/115/1369 1545/115/1369 1542/115/1369
f 1542/115/1370 1547/115/1370 1543/115/1370
f 1542/115/1371 1546/115/1371 1547/115/1371
f 1543/115/1372 1548/115/1372 1544/115/1372
f 1543/115/1373 1547/115/1373 1548/115/1373
f 1544/115/1374 1549/115/1374 1545/115/1374
f 1544/115/1375 1548/115/1375 1549/115/1375
f 1545/115/1376 1546/115/1376 1542/115/1376
f 1545/115/1377 1549/115/1377 1546/115/1377
f 1546/115/1378 1391/115/1012 1547/115/1379
f 1546/115/1378 1390/115/1010 1391/115/1012
f 1547/115/1380 1392/115/1381 1548/115/1382
f 1547/115/1380 1391/115/1383 1392/115/1381
f 1548/115/1384 1393/115/1020 1549/115/1385
f 1548/115/1384 1392/115/1018 1393/115/1020
f 1549/115/1386 1390/115/1387 1546/115/1388
f 1549/115/1386 1393/115/1389 1390/115/1387
f 1550/115/1390 1555/115/1390 1551/115/1390
f 1550/115/1391 1554/115/1391 1555/115/1391
f 1551/115/1392 1556/115/1392 1552/115/1392
f 1551/115/1393 1555/115/1393 1556/115/1393
f 1552/115/1394 1557/115/1394 1553/115/1394
f 1552/115/1395 1556/115/1395 1557/115/1395
f 1553/115/1396 1554/115/1396 1550/115/1396
f 1553/115/1397 1557/115/1397 1554/115/1397
f 1554/115/1398 1559/115/1398 1555/115/1398
f 1554/115/1399 1558/115/1399 1559/115/1399
f 1555/115/1400 1560/115/1400 1556/115/1400
f 1555/115/1401 1559/115/1401 1560/115/1401
f 1556/115/1402 1561/115/1402 1557/115/1402
f 1556/115/1403 1560/115/1403 1561/115/1403
f 1557/115/1404 1558/115/1404 1554/115/1404
f 1557/115/1405 1561/115/1405 1558/115/1405
f 1558/115/1406 1563/115/1406 1559/115/1406
f 1558/115/1407 1562/115/1407 1563/115/1407
f 1559/115/1408 1564/115/1408 1560/115/1408
f 1559/115/1409 1563/115/1409 1564/115/1409
f 1560/115/1410 1565/115/1410 1561/115/1410
f 1560/115/1411 1564/115/1411 1565/115/1411
f 1561/115/1412 1562/115/1412 1558/115/1412
f 1561/115/1413 1565/115/1413 1562/115/1413
f 1562/115/1414 1567/115/1414 1563/115/1414
f 1562/115/1415 1566/115/1415 1567/115/1415
f 1563/115/1416 1568/115/1416 1564/115/1416
f 1563/115/1417 1567/115/1417 1568/115/1417
f 1564/115/1418 1569/115/1418 1565/115/1418
f 1564/115/1419 1568/115/1419 1569/115/1419
f 1565/115/1420 1566/115/1420 1562/115/1420
f 1565/115/1421 1569/115/1421 1566/115/1421
f 1566/115/1422 1571/115/1422 1567/115/1422
f 1566/115/1423 1570/115/1423 1571/115/1423
f 1567/115/1424 1572/115/1424 1568/115/1424
f 1567/115/1425 1571/115/1425 1572/115/1425
f 1568/115/1426 1573/115/1426 1569/115/1426
f 1568/115/1427 1572/115/1427 1573/115/1427
f 1569/115/1428 1570/115/1428 1566/115/1428
f 1569/115/1429 1573/115/1429 1570/115/1429
f 1570/115/1430 1575/115/1430 1571/115/1430
f 1570/115/1431 1574/115/1431 1575/115/1431
f 1571/115/1432 1576/115/1432 1572/115/1432
f 1571/115/1433 1575/115/1433 1576/115/1433
f 1572/115/1434 1577/115/1434 1573/115/1434
f 1572/115/1435 1576/115/1435 1577/115/1435
f 1573/115/1436 1574/115/1436 1570/115/1436
f 1573/115/1437 1577/115/1437 1574/115/1437
f 1574/115/1438 1579/115/1438 1575/115/1438
f 1574/115/1439 1578/115/1439 1579/115/1439
f 1575/115/1440 1580/115/1440 1576/115/1440
f 1575/115/1441 1579/115/1441 1580/115/1441
f 1576/115/1442 1581/115/1442 1577/115/1442
f 1576/115/1443 1580/115/1443 1581/115/1443
f 1577/115/1444 1578/115/1444 1574/115/1444
f 1577/115/1445 1581/115/1445 1578/115/1445
f 1578/115/1446 1583/115/1446 1579/115/1446
f 1578/115/1447 1582/115/1447 1583/115/1447
f 1579/115/1448 1584/115/1448 1580/115/1448
f 1579/115/1449 1583/115/1449 1584/115/1449
f 1580/115/1450 1585/115/1450 1581/115/1450
f 1580/115/1451 1584/115/1451 1585/115/1451
f 1581/115/1452 1582/115/1452 1578/115/1452
f 1581/115/1453 1585/115/1453 1582/115/1453
f 1582/115/1454 1587/115/1454 1583/115/1454
f 1582/115/1455 1586/115/1455 1587/115/1455
f 1583/115/1456 1588/115/1456 1584/115/1456
f 1583/115/1457 1587/115/1457 1588/115/1457
f 1584/115/1458 1589/115/1458 1585/115/1458
f 1584/115/1459 1588/115/1459 1589/115/1459
f 1585/115/1460 1586/115/1460 1582/115/1460
f 1585/115/1461 1589/115/1461 1586/115/1461
f 1586/115/1462 1591/115/1462 1587/115/1462
f 1586/115/1463 1590/115/1463 1591/115/1463
f 1587/115/1464 1592/115/1464 1588/115/1464
f 1587/115/1465 1591/115/1465 1592/115/1465
f 1588/115/1466 1593/115/1466 1589/115/1466
f 1588/115/1467 1592/115/1467 1593/115/1467
f 1589/115/1468 1590/115/1468 1586/115/1468
f 1589/115/1469 1593/115/1469 1590/115/1469
f 1550/115/983 1552/115/983 1551/115/983
f 1550/115/982 1553/115/982 1552/115/982
f 1593/115/1470 1591/115/1470 1592/115/1470
f 1593/115/1471 1590/115/1471 1591/115/1471
f 1594/115/1472 1599/115/1472 1595/115/1472
f 1594/115/1473 1598/115/1474 1599/115/1475
f 1595/115/1476 1600/115/1476 1596/115/1476
f 1595/115/1477 1599/115/1477 1600/115/1477
f 1596/115/1478 1601/115/1478 1597/115/1478
f 1596/115/1479 1600/115/1479 1601/115/1479
f 1597/115/1480 1598/115/1480 1594/115/1480
f 1597/115/1481 1601/115/1481 1598/115/1481
f 1598/115/1474 1603/115/1482 1599/115/1475
f 1598/115/1483 1602/115/1484 1603/115/1485
f 1599/115/1486 1604/115/1486 1600/115/1486
f 1599/115/1487 1603/115/1487 1604/115/1487
f 1600/115/1488 1605/115/1488 1601/115/1488
f 1600/115/1489 1604/115/1489 1605/115/1489
f 1601/115/1490 1602/115/1490 1598/115/1490
f 1601/115/1491 1605/115/1491 1602/115/1491
f 1602/115/1484 1607/115/1492 1603/115/1485
f 1602/115/1493 1606/115/1494 1607/115/1495
f 1603/115/1496 1608/115/1496 1604/115/1496
f 1603/115/1497 1607/115/1497 1608/115/1497
f 1604/115/1498 1609/115/1498 1605/115/1498
f 1604/115/1499 1608/115/1499 1609/115/1499
f 1605/115/1500 1606/115/1500 1602/115/1500
f 1605/115/1501 1609/115/1501 1606/115/1501
f 1606/115/1494 1611/115/1502 1607/115/1495
f 1606/115/1503 1610/115/1504 1611/115/1505
f 1607/115/1506 1612/115/1506 1608/115/1506
f 1607/115/1507 1611/115/1507 1612/115/1507
f 1608/115/1508 1613/115/1508 1609/115/1508
f 1608/115/1509 1612/115/1509 1613/115/1509
f 1609/115/1510 1610/115/1510 1606/115/1510
f 1609/115/1511 1613/115/1511 1610/115/1511
f 1610/115/1504 1615/115/1512 1611/115/1505
f 1610/115/1513 1614/115/1514 1615/115/1515
f 1611/115/1516 1616/115/1516 1612/115/1516
f 1611/115/1517 1615/115/1517 1616/115/1517
f 1612/115/1518 1617/115/1518 1613/115/1518
f 1612/115/1519 1616/115/1519 1617/115/1519
f 1613/115/1520 1614/115/1520 1610/115/1520
f 1613/115/1521 1617/115/1521 1614/115/1521
f 1614/115/1514 1619/115/1522 1615/115/1515
f 1614/115/1523 1618/115/1524 1619/115/1525
f 1615/115/1526 1620/115/1526 1616/115/1526
f 1615/115/1527 1619/115/1527 1620/115/1527
f 1616/115/1528 1621/115/1528 1617/115/1528
f 1616/115/1529 1620/115/1529 1621/115/1529
f 1617/115/1530 1618/115/1530 1614/115/1530
f 1617/115/1531 1621/115/1531 1618/115/1531
f 1618/115/1524 1623/115/1532 1619/115/1525
f 1618/115/1533 1622/115/1534 1623/115/1535
f 1619/115/1536 1624/115/1536 1620/115/1536
f 1619/115/1537 1623/115/1537 1624/115/1537
f 1620/115/1538 1625/115/1538 1621/115/1538
f 1620/115/1539 1624/115/1539 1625/115/1539
f 1621/115/1540 1622/115/1540 1618/115/1540
f 1621/115/1541 1625/115/1541 1622/115/1541
f 1622/115/1534 1627/115/1542 1623/115/1535
f 1622/115/1543 1626/115/1544 1627/115/1545
f 1623/115/1546 1628/115/1546 1624/115/1546
f 1623/115/1547 1627/115/1547 1628/115/1547
f 1624/115/1548 1629/115/1548 1625/115/1548
f 1624/115/1549 1628/115/1549 1629/115/1549
f 1625/115/1550 1626/115/1550 1622/115/1550
f 1625/115/1551 1629/115/1551 1626/115/1551
f 1626/115/1544 1631/115/1552 1627/115/1545
f 1626/115/1553 1630/115/1554 1631/115/1555
f 1627/115/1556 1632/115/1556 1628/115/1556
f 1627/115/1557 1631/115/1557 1632/115/1557
f 1628/115/1558 1633/115/1558 1629/115/1558
f 1628/115/1559 1632/115/1559 1633/115/1559
f 1629/115/1560 1630/115/1560 1626/115/1560
f 1629/115/1561 1633/115/1561 1630/115/1561
f 1630/115/1554 1635/115/1562 1631/115/1555
f 1630/115/1563 1634/115/1563 1635/115/1563
f 1631/115/1564 1636/115/1564 1632/115/1564
f 1631/115/1565 1635/115/1565 1636/115/1565
f 1632/115/1566 1637/115/1566 1633/115/1566
f 1632/115/1567 1636/115/1567 1637/115/1567
f 1633/115/1568 1634/115/1568 1630/115/1568
f 1633/115/1569 1637/115/1569 1634/115/1569
f 1594/115/1570 1596/115/1570 1595/115/1570
f 1594/115/1571 1597/115/1571 1596/115/1571
f 1637/115/1572 1635/115/1572 1636/115/1572
f 1637/115/1573 1634/115/1573 1635/115/1573
f 1638/115/1574 1643/115/1574 1639/115/1574
f 1638/115/1575 1642/115/1575 1643/115/1575
f 1639/115/1576 1644/115/1576 1640/115/1576
f 1639/115/1577 1643/115/1577 1644/115/1577
f 1640/115/1578 1645/115/1578 1641/115/1578
f 1640/115/1579 1644/115/1580 1645/115/1581
f 1641/115/1582 1642/115/1582 1638/115/1582
f 1641/115/1583 1645/115/1583 1642/115/1583
f 1642/115/1584 1647/115/1584 1643/115/1584
f 1642/115/1585 1646/115/1585 1647/115/1585
f 1643/115/1586 1648/115/1586 1644/115/1586
f 1643/115/1587 1647/115/1587 1648/115/1587
f 1644/115/1580 1649/115/1588 1645/115/1581
f 1644/115/1589 1648/115/1590 1649/115/1591
f 1645/115/1592 1646/115/1592 1642/115/1592
f 1645/115/1593 1649/115/1593 1646/115/1593
f 1646/115/1594 1651/115/1594 1647/115/1594
f 1646/115/1595 1650/115/1595 1651/115/1595
f 1647/115/1596 1652/115/1596 1648/115/1596
f 1647/115/1597 1651/115/1597 1652/115/1597
f 1648/115/1590 1653/115/1598 1649/115/1591
f 1648/115/1599 1652/115/1600 1653/115/1601
f 1649/115/1602 1650/115/1602 1646/115/1602
f 1649/115/1603 1653/115/1603 1650/115/1603
f 1650/115/1604 1655/115/1604 1651/115/1604
f 1650/115/1605 1654/115/1605 1655/115/1605
f 1651/115/1606 1656/115/1606 1652/115/1606
f 1651/115/1607 1655/115/1607 1656/115/1607
f 1652/115/1600 1657/115/1608 1653/115/1601
f 1652/115/1609 1656/115/1610 1657/115/1611
f 1653/115/1612 1654/115/1612 1650/115/1612
f 1653/115/1613 1657/115/1613 1654/115/1613
f 1654/115/1614 1659/115/1614 1655/115/1614
f 1654/115/1615 1658/115/1615 1659/115/1615
f 1655/115/1616 1660/115/1616 1656/115/1616
f 1655/115/1617 1659/115/1617 1660/115/1617
f 1656/115/1610 1661/115/1618 1657/115/1611
f 1656/115/1619 1660/115/1620 1661/115/1621
f 1657/115/1622 1658/115/1622 1654/115/1622
f 1657/115/1623 1661/115/1623 1658/115/1623
f 1658/115/1624 1663/115/1624 1659/115/1624
f 1658/115/1625 1662/115/1625 1663/115/1625
f 1659/115/1626 1664/115/1626 1660/115/1626
f 1659/115/1627 1663/115/1627 1664/115/1627
f 1660/115/1620 1665/115/1628 1661/115/1621
f 1660/115/1629 1664/115/1630 1665/115/1631
f 1661/115/1632 1662/115/1632 1658/115/1632
f 1661/115/1633 1665/115/1633 1662/115/1633
f 1662/115/1634 1667/115/1634 1663/115/1634
f 1662/115/1635 1666/115/1635 1667/115/1635
f 1663/115/1636 1668/115/1636 1664/115/1636
f 1663/115/1637 1667/115/1637 1668/115/1637
f 1664/115/1630 1669/115/1638 1665/115/1631
f 1664/115/1639 1668/115/1640 1669/115/1641
f 1665/115/1642 1666/115/1642 1662/115/1642
f 1665/115/1643 1669/115/1643 1666/115/1643
f 1666/115/1644 1671/115/1644 1667/115/1644
f 1666/115/1645 1670/115/1645 1671/115/1645
f 1667/115/1646 1672/115/1646 1668/115/1646
f 1667/115/1647 1671/115/1647 1672/115/1647
f 1668/115/1640 1673/115/1648 1669/115/1641
f 1668/115/1649 1672/115/1650 1673/115/1651
f 1669/115/1652 1670/115/1652 1666/115/1652
f 1669/115/1653 1673/115/1653 1670/115/1653
f 1670/115/1654 1675/115/1654 1671/115/1654
f 1670/115/1655 1674/115/1655 1675/115/1655
f 1671/115/1656 1676/115/1656 1672/115/1656
f 1671/115/1657 1675/115/1657 1676/115/1657
f 1672/115/1650 1677/115/1658 1673/115/1651
f 1672/115/1659 1676/115/1660 1677/115/1661
f 1673/115/1662 1674/115/1662 1670/115/1662
f 1673/115/1663 1677/115/1663 1674/115/1663
f 1674/115/1664 1679/115/1664 1675/115/1664
f 1674/115/1665 1678/115/1665 1679/115/1665
f 1675/115/1666 1680/115/1666 1676/115/1666
f 1675/115/1667 1679/115/1667 1680/115/1667
f 1676/115/1660 1681/115/1668 1677/115/1661
f 1676/115/1669 1680/115/1669 1681/115/1669
f 1677/115/1670 1678/115/1670 1674/115/1670
f 1677/115/1671 1681/115/1671 1678/115/1671
f 1638/115/1672 1640/115/1672 1639/115/1672
f 1638/115/1673 1641/115/1673 1640/115/1673
f 1681/115/1674 1679/115/1674 1680/115/1674
f 1681/115/1675 1678/115/1675 1679/115/1675
f 1682/115/1676 1687/115/1676 1683/115/1676
f 1682/115/1677 1686/115/1677 1687/115/1677
f 1683/115/1678 1688/115/1678 1684/115/1678
f 1683/115/1679 1687/115/1679 1688/115/1679
f 1684/115/1680 1689/115/1680 1685/115/1680
f 1684/115/1681 1688/115/1681 1689/115/1681
f 1685/115/1682 1686/115/1682 1682/115/1682
f 1685/115/1683 1689/115/1683 1686/115/1683
f 1686/115/1684 1691/115/1684 1687/115/1684
f 1686/115/1685 1690/115/1685 1691/115/1685
f 1687/115/1686 1692/115/1686 1688/115/1686
f 1687/115/1687 1691/115/1687 1692/115/1687
f 1688/115/1688 1693/115/1688 1689/115/1688
f 1688/115/1689 1692/115/1689 1693/115/1689
f 1689/115/1690 1690/115/1690 1686/115/1690
f 1689/115/1691 1693/115/1691 1690/115/1691
f 1690/115/1692 1695/115/1692 1691/115/1692
f 1690/115/1693 1694/115/1693 1695/115/1693
f 1691/115/1694 1696/115/1694 1692/115/1694
f 1691/115/1695 1695/115/1695 1696/115/1695
f 1692/115/1696 1697/115/1696 1693/115/1696
f 1692/115/1697 1696/115/1697 1697/115/1697
f 1693/115/1698 1694/115/1698 1690/115/1698
f 1693/115/1699 1697/115/1699 1694/115/1699
f 1694/115/1700 1699/115/1700 1695/115/1700
f 1694/115/1701 1698/115/1701 1699/115/1701
f 1695/115/1702 1700/115/1702 1696/115/1702
f 1695/115/1703 1699/115/1703 1700/115/1703
f 1696/115/1704 1701/115/1704 1697/115/1704
f 1696/115/1705 1700/115/1705 1701/115/1705
f 1697/115/1706 1698/115/1706 1694/115/1706
f 1697/115/1707 1701/115/1707 1698/115/1707
f 1698/115/1708 1703/115/1708 1699/115/1708
f 1698/115/1709 1702/115/1709 1703/115/1709
f 1699/115/1710 1704/115/1710 1700/115/1710
f 1699/115/1711 1703/115/1711 1704/115/1711
f 1700/115/1712 1705/115/1712 1701/115/1712
f 1700/115/1713 1704/115/1713 1705/115/1713
f 1701/115/1714 1702/115/1714 1698/115/1714
f 1701/115/1715 1705/115/1715 1702/115/1715
f 1702/115/1716 1707/115/1716 1703/115/1716
f 1702/115/1717 1706/115/1717 1707/115/1717
f 1703/115/1718 1708/115/1718 1704/115/1718
f 1703/115/1719 1707/115/1719 1708/115/1719
f 1704/115/1720 1709/115/1720 1705/115/1720
f 1704/115/1721 1708/115/1721 1709/115/1721
f 1705/115/1722 1706/115/1722 1702/115/1722
f 1705/115/1723 1709/115/1723 1706/115/1723
f 1706/115/1724 1711/115/1724 1707/115/1724
f 1706/115/1725 1710/115/1725 1711/115/1725
f 1707/115/1726 1712/115/1726 1708/115/1726
f 1707/115/1727 1711/115/1727 1712/115/1727
f 1708/115/1728 1713/115/1728 1709/115/1728
f 1708/115/1729 1712/115/1729 1713/115/1729
f 1709/115/1730 1710/115/1730 1706/115/1730
f 1709/115/1731 1713/115/1731 1710/115/1731
f 1710/115/1732 1715/115/1732 1711/115/1732
f 1710/115/1733 1714/115/1733 1715/115/1733
f 1711/115/1734 1716/115/1734 1712/115/1734
f 1711/115/1735 1715/115/1735 1716/115/1735
f 1712/115/1736 1717/115/1736 1713/115/1736
f 1712/115/1737 1716/115/1737 1717/115/1737
f 1713/115/1738 1714/115/1738 1710/115/1738
f 1713/115/1739 1717/115/1739 1714/115/1739
f 1714/115/1740 1719/115/1740 1715/115/1740
f 1714/115/1741 1718/115/1741 1719/115/1741
f 1715/115/1742 1720/115/1742 1716/115/1742
f 1715/115/1743 1719/115/1743 1720/115/1743
f 1716/115/1744 1721/115/1744 1717/115/1744
f 1716/115/1745 1720/115/1745 1721/115/1745
f 1717/115/1746 1718/115/1746 1714/115/1746
f 1717/115/1747 1721/115/1747 1718/115/1747
f 1718/115/1748 1723/115/1748 1719/115/1748
f 1718/115/1749 1722/115/1749 1723/115/1749
f 1719/115/1750 1724/115/1750 1720/115/1750
f 1719/115/1751 1723/115/1751 1724/115/1751
f 1720/115/1752 1725/115/1752 1721/115/1752
f 1720/115/1753 1724/115/1753 1725/115/1753
f 1721/115/1754 1722/115/1754 1718/115/1754
f 1721/115/1755 1725/115/1755 1722/115/1755
f 1682/115/1756 1684/115/1756 1683/115/1756
f 1682/115/1757 1685/115/1757 1684/115/1757
f 1725/115/693 1723/115/693 1724/115/693
f 1725/115/692 1722/115/692 1723/115/692
f 1726/115/1758 1731/115/1758 1727/115/1758
f 1726/115/1758 1730/115/1758 1731/115/1758
f 1727/115/985 1732/115/985 1728/115/985
f 1727/115/985 1731/115/985 1732/115/985
f 1728/115/1759 1733/115/1759 1729/115/1759
f 1728/115/1759 1732/115/1759 1733/115/1759
f 1729/115/987 1730/115/987 1726/115/987
f 1729/115/987 1733/115/987 1730/115/987
f 1730/115/989 1735/115/989 1731/115/989
f 1730/115/989 1734/115/989 1735/115/989
f 1731/115/985 1736/115/985 1732/115/985
f 1731/115/985 1735/115/985 1736/115/985
f 1732/115/988 1737/115/988 1733/115/988
f 1732/115/988 1736/115/988 1737/115/988
f 1733/115/987 1734/115/987 1730/115/987
f 1733/115/987 1737/115/987 1734/115/987
f 1734/115/991 1739/115/991 1735/115/991
f 1734/115/991 1738/115/991 1739/115/991
f 1735/115/985 1740/115/985 1736/115/985
f 1735/115/985 1739/115/985 1740/115/985
f 1736/115/990 1741/115/990 1737/115/990
f 1736/115/990 1740/115/990 1741/115/990
f 1737/115/987 1738/115/987 1734/115/987
f 1737/115/987 1741/115/987 1738/115/987
f 1738/115/1760 1743/115/1760 1739/115/1760
f 1738/115/1760 1742/115/1760 1743/115/1760
f 1739/115/985 1744/115/985 1740/115/985
f 1739/115/985 1743/115/985 1744/115/985
f 1740/115/1761 1745/115/1761 1741/115/1761
f 1740/115/1761 1744/115/1761 1745/115/1761
f 1741/115/987 1742/115/987 1738/115/987
f 1741/115/987 1745/115/987 1742/115/987
f 1742/115/995 1747/115/995 1743/115/995
f 1742/115/995 1746/115/996 1747/115/995
f 1743/115/985 1748/115/985 1744/115/985
f 1743/115/985 1747/115/985 1748/115/985
f 1744/115/994 1749/115/994 1745/115/994
f 1744/115/994 1748/115/994 1749/115/994
f 1745/115/987 1746/115/987 1742/115/987
f 1745/115/987 1749/115/987 1746/115/987
f 1746/115/998 1751/115/998 1747/115/999
f 1746/115/998 1750/115/998 1751/115/998
f 1747/115/985 1752/115/985 1748/115/985
f 1747/115/985 1751/115/985 1752/115/985
f 1748/115/997 1753/115/997 1749/115/997
f 1748/115/997 1752/115/997 1753/115/997
f 1749/115/987 1750/115/987 1746/115/987
f 1749/115/987 1753/115/987 1750/115/987
f 1750/115/1762 1755/115/1762 1751/115/1762
f 1750/115/1762 1754/115/1762 1755/115/1762
f 1751/115/985 1756/115/985 1752/115/985
f 1751/115/985 1755/115/985 1756/115/985
f 1752/115/1763 1757/115/1763 1753/115/1763
f 1752/115/1763 1756/115/1763 1757/115/1763
f 1753/115/987 1754/115/987 1750/115/987
f 1753/115/987 1757/115/987 1754/115/987
f 1754/115/1003 1759/115/1003 1755/115/1003
f 1754/115/1003 1758/115/1003 1759/115/1003
f 1755/115/985 1760/115/985 1756/115/985
f 1755/115/985 1759/115/985 1760/115/985
f 1756/115/1002 1761/115/1002 1757/115/1002
f 1756/115/1002 1760/115/1002 1761/115/1002
f 1757/115/987 1758/115/987 1754/115/987
f 1757/115/987 1761/115/987 1758/115/987
f 1758/115/1005 1763/115/1005 1759/115/1005
f 1758/115/1005 1762/115/1005 1763/115/1005
f 1759/115/985 1764/115/985 1760/115/985
f 1759/115/985 1763/115/985 1764/115/985
f 1760/115/1004 1765/115/1004 1761/115/1004
f 1760/115/1004 1764/115/1004 1765/115/1004
f 1761/115/987 1762/115/987 1758/115/987
f 1761/115/987 1765/115/987 1762/115/987
f 1762/115/1764 1767/115/1764 1763/115/1764
f 1762/115/1764 1766/115/1764 1767/115/1764
f 1763/115/985 1768/115/985 1764/115/985
f 1763/115/985 1767/115/985 1768/115/985
f 1764/115/1765 1769/115/1765 1765/115/1765
f 1764/115/1765 1768/115/1765 1769/115/1765
f 1765/115/987 1766/115/987 1762/115/987
f 1765/115/987 1769/115/987 1766/115/987
f 1726/115/1766 1728/115/1766 1727/115/1766
f 1726/115/1766 1729/115/1766 1728/115/1766
f 1769/115/1767 1767/115/1767 1768/115/1767
f 1769/115/1767 1766/115/1767 1767/115/1767
f 1770/115/1768 1775/115/1384 1771/115/1018
f 1770/115/1768 1774/115/1769 1775/115/1384
f 1771/115/1770 1776/115/1771 1772/115/1772
f 1771/115/1770 1775/115/1773 1776/115/1771
f 1772/115/1012 1777/115/1774 1773/115/1775
f 1772/115/1012 1776/115/1776 1777/115/1774
f 1773/115/1777 1774/115/1778 1770/115/1779
f 1773/115/1777 1777/115/1780 1774/115/1778
f 1774/115/1781 1779/115/1781 1775/115/1781
f 1774/115/1782 1778/115/1782 1779/115/1782
f 1775/115/1783 1780/115/1783 1776/115/1783
f 1775/115/1784 1779/115/1784 1780/115/1784
f 1776/115/1785 1781/115/1785 1777/115/1785
f 1776/115/1786 1780/115/1786 1781/115/1786
f 1777/115/1787 1778/115/1787 1774/115/1787
f 1777/115/1788 1781/115/1788 1778/115/1788
f 1778/115/1789 1783/115/1789 1779/115/1789
f 1778/115/1790 1782/115/1790 1783/115/1790
f 1779/115/1791 1784/115/1791 1780/115/1791
f 1779/115/1792 1783/115/1792 1784/115/1792
f 1780/115/1793 1785/115/1793 1781/115/1793
f 1780/115/1794 1784/115/1794 1785/115/1794
f 1781/115/1795 1782/115/1795 1778/115/1795
f 1781/115/1796 1785/115/1796 1782/115/1796
f 1782/115/1797 1787/115/1797 1783/115/1797
f 1782/115/1798 1786/115/1798 1787/115/1798
f 1783/115/1799 1788/115/1799 1784/115/1799
f 1783/115/1800 1787/115/1800 1788/115/1800
f 1784/115/1801 1789/115/1801 1785/115/1801
f 1784/115/1802 1788/115/1802 1789/115/1802
f 1785/115/1803 1786/115/1803 1782/115/1803
f 1785/115/1804 1789/115/1804 1786/115/1804
f 1786/115/1805 1791/115/1805 1787/115/1805
f 1786/115/1806 1790/115/1806 1791/115/1806
f 1787/115/1807 1792/115/1807 1788/115/1807
f 1787/115/1808 1791/115/1808 1792/115/1808
f 1788/115/1809 1793/115/1809 1789/115/1809
f 1788/115/1810 1792/115/1810 1793/115/1810
f 1789/115/1811 1790/115/1811 1786/115/1811
f 1789/115/1812 1793/115/1812 1790/115/1812
f 1790/115/1813 1795/115/1813 1791/115/1813
f 1790/115/1814 1794/115/1815 1795/115/1816
f 1791/115/1817 1796/115/1817 1792/115/1817
f 1791/115/1818 1795/115/1818 1796/115/1818
f 1792/115/1819 1797/115/1819 1793/115/1819
f 1792/115/1820 1796/115/1820 1797/115/1820
f 1793/115/1821 1794/115/1821 1790/115/1821
f 1793/115/1822 1797/115/1822 1794/115/1822
f 1794/115/1815 1799/115/1816 1795/115/1816
f 1794/115/1823 1798/115/1823 1799/115/1823
f 1795/115/1824 1800/115/1824 1796/115/1824
f 1795/115/1825 1799/115/1825 1800/115/1825
f 1796/115/1826 1801/115/1826 1797/115/1826
f 1796/115/1827 1800/115/1827 1801/115/1827
f 1797/115/1828 1798/115/1828 1794/115/1828
f 1797/115/1829 1801/115/1829 1798/115/1829
f 1798/115/1830 1803/115/1830 1799/115/1830
f 1798/115/1831 1802/115/1831 1803/115/1831
f 1799/115/1832 1804/115/1832 1800/115/1832
f 1799/115/1833 1803/115/1833 1804/115/1833
f 1800/115/1834 1805/115/1834 1801/115/1834
f 1800/115/1835 1804/115/1835 1805/115/1835
f 1801/115/1836 1802/115/1836 1798/115/1836
f 1801/115/1837 1805/115/1837 1802/115/1837
f 1802/115/1838 1807/115/1838 1803/115/1838
f 1802/115/1839 1806/115/1839 1807/115/1839
f 1803/115/1840 1808/115/1840 1804/115/1840
f 1803/115/1841 1807/115/1841 1808/115/1841
f 1804/115/1842 1809/115/1842 1805/115/1842
f 1804/115/1843 1808/115/1843 1809/115/1843
f 1805/115/1844 1806/115/1844 1802/115/1844
f 1805/115/1845 1809/115/1845 1806/115/1845
f 1806/115/1846 1811/115/1847 1807/115/1848
f 1806/115/1846 1810/115/1849 1811/115/1847
f 1807/115/1850 1812/115/1851 1808/115/1852
f 1807/115/1850 1811/115/1853 1812/115/1851
f 1808/115/1854 1813/115/1855 1809/115/1856
f 1808/115/1854 1812/115/1857 1813/115/1855
f 1809/115/1858 1810/115/1859 1806/115/1860
f 1809/115/1858 1813/115/1861 1810/115/1859
f 1810/115/1862 1815/115/1863 1811/115/1864
f 1810/115/1862 1814/115/1865 1815/115/1863
f 1811/115/1866 1816/115/1867 1812/115/1868
f 1811/115/1866 1815/115/1869 1816/115/1867
f 1812/115/1870 1817/115/1871 1813/115/1872
f 1812/115/1870 1816/115/1873 1817/115/1871
f 1813/115/1874 1814/115/1875 1810/115/1876
f 1813/115/1874 1817/115/1877 1814/115/1875
f 1814/115/1878 1819/115/1878 1815/115/1878
f 1814/115/1879 1818/115/1879 1819/115/1879
f 1815/115/1880 1820/115/1880 1816/115/1880
f 1815/115/1881 1819/115/1881 1820/115/1881
f 1816/115/1882 1821/115/1882 1817/115/1882
f 1816/115/1883 1820/115/1883 1821/115/1883
f 1817/115/1884 1818/115/1884 1814/115/1884
f 1817/115/1885 1821/115/1885 1818/115/1885
f 1818/115/1886 1823/115/1886 1819/115/1886
f 1818/115/1887 1822/115/1887 1823/115/1887
f 1819/115/1888 1824/115/1888 1820/115/1888
f 1819/115/1889 1823/115/1889 1824/115/1889
f 1820/115/1890 1825/115/1890 1821/115/1890
f 1820/115/1891 1824/115/1891 1825/115/1891
f 1821/115/1892 1822/115/1892 1818/115/1892
f 1821/115/1893 1825/115/1893 1822/115/1893
f 1822/115/1894 1827/115/1894 1823/115/1894
f 1822/115/1895 1826/115/1895 1827/115/1895
f 1823/115/1896 1828/115/1896 1824/115/1896
f 1823/115/1897 1827/115/1897 1828/115/1897
f 1824/115/1898 1829/115/1898 1825/115/1898
f 1824/115/1899 1828/115/1900 1829/115/1901
f 1825/115/1902 1826/115/1902 1822/115/1902
f 1825/115/1903 1829/115/1903 1826/115/1903
f 1826/115/1904 1831/115/1904 1827/115/1904
f 1826/115/1905 1830/115/1905 1831/115/1905
f 1827/115/1906 1832/115/1906 1828/115/1906
f 1827/115/1907 1831/115/1907 1832/115/1907
f 1828/115/1900 1833/115/1901 1829/115/1901
f 1828/115/1908 1832/115/1908 1833/115/1908
f 1829/115/1909 1830/115/1909 1826/115/1909
f 1829/115/1910 1833/115/1910 1830/115/1910
f 1830/115/1911 1835/115/1911 1831/115/1911
f 1830/115/1912 1834/115/1912 1835/115/1912
f 1831/115/1913 1836/115/1913 1832/115/1913
f 1831/115/1914 1835/115/1914 1836/115/1914
f 1832/115/1915 1837/115/1915 1833/115/1915
f 1832/115/1916 1836/115/1916 1837/115/1916
f 1833/115/1917 1834/115/1917 1830/115/1917
f 1833/115/1918 1837/115/1918 1834/115/1918
f 1834/115/1919 1839/115/1919 1835/115/1919
f 1834/115/1920 1838/115/1920 1839/115/1920
f 1835/115/1921 1840/115/1921 1836/115/1921
f 1835/115/1922 1839/115/1922 1840/115/1922
f 1836/115/1923 1841/115/1923 1837/115/1923
f 1836/115/1924 1840/115/1924 1841/115/1924
f 1837/115/1925 1838/115/1925 1834/115/1925
f 1837/115/1926 1841/115/1926 1838/115/1926
f 1838/115/1927 1843/115/1927 1839/115/1927
f 1838/115/1928 1842/115/1928 1843/115/1928
f 1839/115/1929 1844/115/1929 1840/115/1929
f 1839/115/1930 1843/115/1930 1844/115/1930
f 1840/115/1931 1845/115/1931 1841/115/1931
f 1840/115/1932 1844/115/1932 1845/115/1932
f 1841/115/1933 1842/115/1933 1838/115/1933
f 1841/115/1934 1845/115/1934 1842/115/1934
f 1842/115/1935 1847/115/1935 1843/115/1935
f 1842/115/1936 1846/115/1936 1847/115/1936
f 1843/115/1937 1848/115/1937 1844/115/1937
f 1843/115/1938 1847/115/1938 1848/115/1938
f 1844/115/1939 1849/115/1939 1845/115/1939
f 1844/115/1940 1848/115/1940 1849/115/1940
f 1845/115/1941 1846/115/1941 1842/115/1941
f 1845/115/1942 1849/115/1942 1846/115/1942
f 1846/115/1943 1851/115/1199 1847/115/1944
f 1846/115/1943 1850/115/1945 1851/115/1199
f 1847/115/1946 1852/115/1947 1848/115/1948
f 1847/115/1946 1851/115/1949 1852/115/1947
f 1848/115/1204 1853/115/1950 1849/115/1951
f 1848/115/1204 1852/115/1189 1853/115/1950
f 1849/115/1952 1850/115/1953 1846/115/1954
f 1849/115/1952 1853/115/1955 1850/115/1953
f 1850/115/1945 1855/115/1196 1851/115/1199
f 1850/115/1945 1854/115/1956 1855/115/1196
f 1851/115/1957 1856/115/1958 1852/115/1959
f 1851/115/1957 1855/115/1960 1856/115/1958
f 1852/115/1189 1857/115/1961 1853/115/1950
f 1852/115/1189 1856/115/1962 1857/115/1961
f 1853/115/1963 1854/115/1964 1850/115/1965
f 1853/115/1963 1857/115/1966 1854/115/1964
f 1854/115/1967 1859/115/1967 1855/115/1967
f 1854/115/1968 1858/115/1968 1859/115/1968
f 1855/115/1969 1860/115/1969 1856/115/1969
f 1855/115/1970 1859/115/1970 1860/115/1970
f 1856/115/1971 1861/115/1971 1857/115/1971
f 1856/115/1972 1860/115/1972 1861/115/1972
f 1857/115/1973 1858/115/1973 1854/115/1973
f 1857/115/1974 1861/115/1974 1858/115/1974
f 1858/115/1975 1863/115/1975 1859/115/1975
f 1858/115/1976 1862/115/1976 1863/115/1976
f 1859/115/1977 1864/115/1977 1860/115/1977
f 1859/115/1978 1863/115/1978 1864/115/1978
f 1860/115/1979 1865/115/1979 1861/115/1979
f 1860/115/1980 1864/115/1980 1865/115/1980
f 1861/115/1981 1862/115/1981 1858/115/1981
f 1861/115/1982 1865/115/1982 1862/115/1982
f 1862/115/1983 1867/115/1983 1863/115/1983
f 1862/115/1984 1866/115/1984 1867/115/1984
f 1863/115/1985 1868/115/1985 1864/115/1985
f 1863/115/1986 1867/115/1986 1868/115/1986
f 1864/115/1987 1869/115/1987 1865/115/1987
f 1864/115/1988 1868/115/1988 1869/115/1988
f 1865/115/1989 1866/115/1989 1862/115/1989
f 1865/115/1990 1869/115/1990 1866/115/1990
f 1866/115/1991 1871/115/1991 1867/115/1991
f 1866/115/1992 1870/115/1992 1871/115/1992
f 1867/115/1993 1872/115/1993 1868/115/1993
f 1867/115/1994 1871/115/1994 1872/115/1994
f 1868/115/1995 1873/115/1995 1869/115/1995
f 1868/115/1996 1872/115/1996 1873/115/1996
f 1869/115/1997 1870/115/1997 1866/115/1997
f 1869/115/1998 1873/115/1998 1870/115/1998
f 1870/115/1999 1875/115/1999 1871/115/1999
f 1870/115/2000 1874/115/2001 1875/115/2002
f 1871/115/2003 1876/115/2003 1872/115/2003
f 1871/115/2004 1875/115/2004 1876/115/2004
f 1872/115/2005 1877/115/2005 1873/115/2005
f 1872/115/2006 1876/115/2006 1877/115/2006
f 1873/115/2007 1874/115/2007 1870/115/2007
f 1873/115/2008 1877/115/2008 1874/115/2008
f 1874/115/2001 1879/115/2002 1875/115/2002
f 1874/115/2009 1878/115/2009 1879/115/2009
f 1875/115/2010 1880/115/2010 1876/115/2010
f 1875/115/2011 1879/115/2011 1880/115/2011
f 1876/115/2012 1881/115/2012 1877/115/2012
f 1876/115/2013 1880/115/2013 1881/115/2013
f 1877/115/2014 1878/115/2014 1874/115/2014
f 1877/115/2015 1881/115/2015 1878/115/2015
f 1878/115/2016 1883/115/2016 1879/115/2016
f 1878/115/2017 1882/115/2017 1883/115/2017
f 1879/115/2018 1884/115/2018 1880/115/2018
f 1879/115/2019 1883/115/2019 1884/115/2019
f 1880/115/2020 1885/115/2020 1881/115/2020
f 1880/115/2021 1884/115/2021 1885/115/2021
f 1881/115/2022 1882/115/2022 1878/115/2022
f 1881/115/2023 1885/115/2023 1882/115/2023
f 1882/115/2024 1887/115/2024 1883/115/2024
f 1882/115/2025 1886/115/2025 1887/115/2025
f 1883/115/2026 1888/115/2026 1884/115/2026
f 1883/115/2027 1887/115/2027 1888/115/2027
f 1884/115/2028 1889/115/2028 1885/115/2028
f 1884/115/2029 1888/115/2029 1889/115/2029
f 1885/115/2030 1886/115/2030 1882/115/2030
f 1885/115/2031 1889/115/2031 1886/115/2031
f 1886/115/2032 1891/115/2033 1887/115/2034
f 1886/115/2032 1890/115/2035 1891/115/2033
f 1887/115/2036 1892/115/2037 1888/115/2038
f 1887/115/2036 1891/115/2039 1892/115/2037
f 1888/115/2040 1893/115/2041 1889/115/2042
f 1888/115/2040 1892/115/2043 1893/115/2041
f 1889/115/2044 1890/115/2045 1886/115/2046
f 1889/115/2044 1893/115/2047 1890/115/2045
f 1890/115/2048 1895/115/2049 1891/115/2050
f 1890/115/2048 1894/115/2051 1895/115/2049
f 1891/115/2052 1896/115/2053 1892/115/2054
f 1891/115/2052 1895/115/2055 1896/115/2053
f 1892/115/2056 1897/115/2057 1893/115/2058
f 1892/115/2056 1896/115/2059 1897/115/2057
f 1893/115/2060 1894/115/2061 1890/115/2062
f 1893/115/2060 1897/115/2063 1894/115/2061
f 1894/115/2064 1899/115/2064 1895/115/2064
f 1894/115/2065 1898/115/2065 1899/115/2065
f 1895/115/2066 1900/115/2066 1896/115/2066
f 1895/115/2067 1899/115/2067 1900/115/2067
f 1896/115/2068 1901/115/2068 1897/115/2068
f 1896/115/2069 1900/115/2069 1901/115/2069
f 1897/115/2070 1898/115/2070 1894/115/2070
f 1897/115/2071 1901/115/2071 1898/115/2071
f 1898/115/2072 1903/115/2072 1899/115/2072
f 1898/115/2073 1902/115/2073 1903/115/2073
f 1899/115/2074 1904/115/2074 1900/115/2074
f 1899/115/2075 1903/115/2075 1904/115/2075
f 1900/115/2076 1905/115/2076 1901/115/2076
f 1900/115/2077 1904/115/2077 1905/115/2077
f 1901/115/2078 1902/115/2078 1898/115/2078
f 1901/115/2079 1905/115/2079 1902/115/2079
f 1902/115/2080 1907/115/2080 1903/115/2080
f 1902/115/2081 1906/115/2081 1907/115/2081
f 1903/115/2082 1908/115/2082 1904/115/2082
f 1903/115/2083 1907/115/2083 1908/115/2083
f 1904/115/2084 1909/115/2084 1905/115/2084
f 1904/115/2085 1908/115/2086 1909/115/2087
f 1905/115/2088 1906/115/2088 1902/115/2088
f 1905/115/2089 1909/115/2089 1906/115/2089
f 1906/115/2090 1911/115/2090 1907/115/2090
f 1906/115/2091 1910/115/2091 1911/115/2091
f 1907/115/2092 1912/115/2092 1908/115/2092
f 1907/115/2093 1911/115/2093 1912/115/2093
f 1908/115/2086 1913/115/2087 1909/115/2087
f 1908/115/2094 1912/115/2094 1913/115/2094
f 1909/115/2095 1910/115/2095 1906/115/2095
f 1909/115/2096 1913/115/2096 1910/115/2096
f 1910/115/2097 1915/115/2097 1911/115/2097
f 1910/115/2098 1914/115/2098 1915/115/2098
f 1911/115/2099 1916/115/2099 1912/115/2099
f 1911/115/2100 1915/115/2100 1916/115/2100
f 1912/115/2101 1917/115/2101 1913/115/2101
f 1912/115/2102 1916/115/2102 1917/115/2102
f 1913/115/2103 1914/115/2103 1910/115/2103
f 1913/115/2104 1917/115/2104 1914/115/2104
f 1914/115/2105 1919/115/2105 1915/115/2105
f 1914/115/2106 1918/115/2106 1919/115/2106
f 1915/115/2107 1920/115/2107 1916/115/2107
f 1915/115/2108 1919/115/2108 1920/115/2108
f 1916/115/2109 1921/115/2109 1917/115/2109
f 1916/115/2110 1920/115/2110 1921/115/2110
f 1917/115/2111 1918/115/2111 1914/115/2111
f 1917/115/2112 1921/115/2112 1918/115/2112
f 1918/115/2113 1923/115/2113 1919/115/2113
f 1918/115/2114 1922/115/2114 1923/115/2114
f 1919/115/2115 1924/115/2115 1920/115/2115
f 1919/115/2116 1923/115/2116 1924/115/2116
f 1920/115/2117 1925/115/2117 1921/115/2117
f 1920/115/2118 1924/115/2118 1925/115/2118
f 1921/115/2119 1922/115/2119 1918/115/2119
f 1921/115/2120 1925/115/2120 1922/115/2120
f 1922/115/2121 1927/115/2121 1923/115/2121
f 1922/115/2122 1926/115/2122 1927/115/2122
f 1923/115/2123 1928/115/2123 1924/115/2123
f 1923/115/2124 1927/115/2124 1928/115/2124
f 1924/115/2125 1929/115/2125 1925/115/2125
f 1924/115/2126 1928/115/2126 1929/115/2126
f 1925/115/2127 1926/115/2127 1922/115/2127
f 1925/115/2128 1929/115/2128 1926/115/2128
f 1926/115/2129 1771/115/1018 1927/115/2130
f 1926/115/2129 1770/115/1768 1771/115/1018
f 1927/115/2131 1772/115/2132 1928/115/2133
f 1927/115/2131 1771/115/2134 1772/115/2132
f 1928/115/1011 1773/115/1775 1929/115/2135
f 1928/115/1011 1772/115/1012 1773/115/1775
f 1929/115/2136 1770/115/2137 1926/115/2138
f 1929/115/2136 1773/115/2139 1770/115/2137
f 1930/115/2140 1936/115/2141 1937/115/2142
f 1930/115/2140 1937/115/2142 1931/115/2140
f 1931/115/987 1937/115/987 1938/115/987
f 1931/115/987 1938/115/987 1932/115/987
f 1932/115/2143 1938/115/2144 1939/115/2145
f 1932/115/2143 1939/115/2145 1933/115/2146
f 1933/115/2147 1939/115/2148 1940/115/2149
f 1933/115/2147 1940/115/2149 1934/115/2150
f 1934/115/985 1940/115/985 1941/115/985
f 1934/115/985 1941/115/985 1935/115/985
f 1935/115/2151 1941/115/2152 1936/115/2153
f 1935/115/2151 1936/115/2153 1930/115/2151
f 1936/115/2154 1942/115/2154 1943/115/2154
f 1936/115/2154 1943/115/2154 1937/115/2155
f 1937/115/987 1943/115/987 1944/115/987
f 1937/115/987 1944/115/987 1938/115/987
f 1938/115/2156 1944/115/2157 1945/115/2156
f 1938/115/2156 1945/115/2156 1939/115/2158
f 1939/115/2159 1945/115/2160 1946/115/2161
f 1939/115/2159 1946/115/2161 1940/115/2162
f 1940/115/985 1946/115/985 1947/115/985
f 1940/115/985 1947/115/985 1941/115/985
f 1941/115/2163 1947/115/2163 1942/115/2163
f 1941/115/2163 1942/115/2163 1936/115/2164
f 1942/115/2165 1948/115/2166 1949/115/2165
f 1942/115/2165 1949/115/2165 1943/115/2167
f 1943/115/987 1949/115/987 1950/115/987
f 1943/115/987 1950/115/987 1944/115/987
f 1944/115/2168 1950/115/2169 1951/115/2168
f 1944/115/2168 1951/115/2168 1945/115/2170
f 1945/115/2171 1951/115/2172 1952/115/2171
f 1945/115/2171 1952/115/2171 1946/115/2173
f 1946/115/985 1952/115/985 1953/115/985
f 1946/115/985 1953/115/985 1947/115/985
f 1947/115/2174 1953/115/2175 1948/115/2174
f 1947/115/2174 1948/115/2174 1942/115/2174
f 1948/115/2176 1954/115/2176 1955/115/2176
f 1948/115/2176 1955/115/2176 1949/115/2177
f 1949/115/987 1955/115/987 1956/115/987
f 1949/115/987 1956/115/987 1950/115/987
f 1950/115/2178 1956/115/2179 1957/115/2180
f 1950/115/2178 1957/115/2180 1951/115/2181
f 1951/115/2182 1957/115/2183 1958/115/2182
f 1951/115/2182 1958/115/2182 1952/115/2184
f 1952/115/985 1958/115/985 1959/115/985
f 1952/115/985 1959/115/985 1953/115/985
f 1953/115/2185 1959/115/2186 1954/115/2185
f 1953/115/2185 1954/115/2185 1948/115/2187
f 1954/115/2188 1960/115/2188 1961/115/2188
f 1954/115/2188 1961/115/2188 1955/115/2188
f 1955/115/987 1961/115/987 1962/115/987
f 1955/115/987 1962/115/987 1956/115/987
f 1956/115/2189 1962/115/2190 1963/115/2191
f 1956/115/2189 1963/115/2191 1957/115/2192
f 1957/115/2193 1963/115/2194 1964/115/2193
f 1957/115/2193 1964/115/2193 1958/115/2195
f 1958/115/985 1964/115/985 1965/115/985
f 1958/115/985 1965/115/985 1959/115/985
f 1959/115/2196 1965/115/2197 1960/115/2196
f 1959/115/2196 1960/115/2196 1954/115/2196
f 1960/115/2198 1966/115/2199 1967/115/2199
f 1960/115/2198 1967/115/2199 1961/115/2198
f 1961/115/987 1967/115/987 1968/115/987
f 1961/115/987 1968/115/987 1962/115/987
f 1962/115/2200 1968/115/2201 1969/115/2202
f 1962/115/2200 1969/115/2202 1963/115/2203
f 1963/115/2204 1969/115/2205 1970/115/2206
f 1963/115/2204 1970/115/2206 1964/115/2207
f 1964/115/985 1970/115/985 1971/115/985
f 1964/115/985 1971/115/985 1965/115/985
f 1965/115/2208 1971/115/2209 1966/115/2209
f 1965/115/2208 1966/115/2209 1960/115/2210
f 1966/115/2211 1972/115/2212 1973/115/2145
f 1966/115/2211 1973/115/2145 1967/115/2211
f 1967/115/987 1973/115/987 1974/115/987
f 1967/115/987 1974/115/987 1968/115/987
f 1968/115/2213 1974/115/2214 1975/115/2142
f 1968/115/2213 1975/115/2142 1969/115/2215
f 1969/115/2216 1975/115/2217 1976/115/2151
f 1969/115/2216 1976/115/2151 1970/115/2153
f 1970/115/985 1976/115/985 1977/115/985
f 1970/115/985 1977/115/985 1971/115/985
f 1971/115/2149 1977/115/2218 1972/115/2150
f 1971/115/2149 1972/115/2150 1966/115/2149
f 1972/115/2219 1978/115/2219 1979/115/2219
f 1972/115/2219 1979/115/2219 1973/115/2220
f 1973/115/987 1979/115/987 1980/115/987
f 1973/115/987 1980/115/987 1974/115/987
f 1974/115/2221 1980/115/2222 1981/115/2221
f 1974/115/2221 1981/115/2221 1975/115/2223
f 1975/115/2224 1981/115/2163 1982/115/2224
f 1975/115/2224 1982/115/2224 1976/115/2225
f 1976/115/985 1982/115/985 1983/115/985
f 1976/115/985 1983/115/985 1977/115/985
f 1977/115/2226 1983/115/2226 1978/115/2226
f 1977/115/2226 1978/115/2226 1972/115/2226
f 1978/115/2227 1984/115/2228 1985/115/2227
f 1978/115/2227 1985/115/2227 1979/115/2227
f 1979/115/987 1985/115/987 1986/115/987
f 1979/115/987 1986/115/987 1980/115/987
f 1980/115/2229 1986/115/2230 1987/115/2229
f 1980/115/2229 1987/115/2229 1981/115/2229
f 1981/115/2231 1987/115/2232 1988/115/2231
f 1981/115/2231 1988/115/2231 1982/115/2231
f 1982/115/985 1988/115/985 1989/115/985
f 1982/115/985 1989/115/985 1983/115/985
f 1983/115/2233 1989/115/2234 1984/115/2233
f 1983/115/2233 1984/115/2233 1978/115/2233
f 1984/115/2235 1990/115/2235 1991/115/2235
f 1984/115/2235 1991/115/2235 1985/115/2236
f 1985/115/987 1991/115/987 1992/115/987
f 1985/115/987 1992/115/987 1986/115/987
f 1986/115/2237 1992/115/2237 1993/115/2237
f 1986/115/2237 1993/115/2237 1987/115/2238
f 1987/115/2239 1993/115/2239 1994/115/2239
f 1987/115/2239 1994/115/2239 1988/115/2240
f 1988/115/985 1994/115/985 1995/115/985
f 1988/115/985 1995/115/985 1989/115/985
f 1989/115/2241 1995/115/2241 1990/115/2241
f 1989/115/2241 1990/115/2241 1984/115/2242
f 1990/115/2243 1996/115/2243 1997/115/2243
f 1990/115/2243 1997/115/2243 1991/115/2243
f 1991/115/987 1997/115/987 1998/115/987
f 1991/115/987 1998/115/987 1992/115/987
f 1992/115/2244 1998/115/2245 1999/115/2244
f 1992/115/2244 1999/115/2244 1993/115/2188
f 1993/115/2246 1999/115/2247 2000/115/2246
f 1993/115/2246 2000/115/2246 1994/115/2248
f 1994/115/985 2000/115/985 2001/115/985
f 1994/115/985 2001/115/985 1995/115/985
f 1995/115/2249 2001/115/2250 1996/115/2249
f 1995/115/2249 1996/115/2249 1990/115/2249
f 1996/115/2251 1930/115/2200 1931/115/2200
f 1996/115/2251 1931/115/2200 1997/115/2251
f 1997/115/987 1931/115/987 1932/115/987
f 1997/115/987 1932/115/987 1998/115/987
f 1998/115/2199 1932/115/2252 1933/115/2253
f 1998/115/2199 1933/115/2253 1999/115/2254
f 1999/115/2208 1933/115/2255 1934/115/2256
f 1999/115/2208 1934/115/2256 2000/115/2257
f 2000/115/985 1934/115/985 1935/115/985
f 2000/115/985 1935/115/985 2001/115/985
f 2001/115/2204 1935/115/2258 1930/115/2258
f 2001/115/2204 1930/115/2258 1996/115/2259
f 2002/115/2260 2008/115/2261 2009/115/2260
f 2002/115/2260 2009/115/2260 2003/115/2262
f 2003/115/170 2009/115/170 2010/115/170
f 2003/115/170 2010/115/170 2004/115/170
f 2004/115/2263 2010/115/2263 2011/115/2263
f 2004/115/2263 2011/115/2263 2005/115/2264
f 2005/115/2265 2011/115/2266 2012/115/2267
f 2005/115/2265 2012/115/2267 2006/115/2268
f 2006/115/181 2012/115/2269 2013/115/2269
f 2006/115/181 2013/115/2269 2007/115/181
f 2007/115/2270 2013/115/2271 2008/115/2270
f 2007/115/2270 2008/115/2270 2002/115/2270
f 2008/115/2272 2014/115/2273 2015/115/2274
f 2008/115/2272 2015/115/2274 2009/115/2275
f 2009/115/170 2015/115/170 2016/115/2276
f 2009/115/170 2016/115/2276 2010/115/170
f 2010/115/2277 2016/115/2277 2017/115/2277
f 2010/115/2277 2017/115/2277 2011/115/2278
f 2011/115/2279 2017/115/2279 2018/115/2279
f 2011/115/2279 2018/115/2279 2012/115/2279
f 2012/115/2269 2018/115/181 2019/115/181
f 2012/115/2269 2019/115/181 2013/115/2269
f 2013/115/2280 2019/115/2281 2014/115/2280
f 2013/115/2280 2014/115/2280 2008/115/2282
f 2014/115/2283 2020/115/2284 2021/115/2284
f 2014/115/2283 2021/115/2284 2015/115/2285
f 2015/115/170 2021/115/170 2022/115/170
f 2015/115/170 2022/115/170 2016/115/2276
f 2016/115/2286 2022/115/2286 2023/115/2286
f 2016/115/2286 2023/115/2286 2017/115/2287
f 2017/115/2288 2023/115/2288 2024/115/2288
f 2017/115/2288 2024/115/2288 2018/115/2288
f 2018/115/181 2024/115/181 2025/115/181
f 2018/115/181 2025/115/181 2019/115/181
f 2019/115/2289 2025/115/2290 2020/115/2291
f 2019/115/2289 2020/115/2291 2014/115/2292
f 2020/115/2293 2026/115/2294 2027/115/2295
f 2020/115/2293 2027/115/2295 2021/115/2296
f 2021/115/170 2027/115/170 2028/115/170
f 2021/115/170 2028/115/170 2022/115/170
f 2022/115/2297 2028/115/2297 2029/115/2297
f 2022/115/2297 2029/115/2297 2023/115/2297
f 2023/115/2298 2029/115/2298 2030/115/2298
f 2023/115/2298 2030/115/2298 2024/115/2298
f 2024/115/181 2030/115/2299 2031/115/181
f 2024/115/181 2031/115/181 2025/115/181
f 2025/115/2300 2031/115/2301 2026/115/2302
f 2025/115/2300 2026/115/2302 2020/115/2303
f 2026/115/2304 2032/115/2304 2033/115/2304
f 2026/115/2304 2033/115/2304 2027/115/2304
f 2027/115/170 2033/115/2305 2034/115/170
f 2027/115/170 2034/115/170 2028/115/170
f 2028/115/2306 2034/115/2306 2035/115/2307
f 2028/115/2306 2035/115/2307 2029/115/2306
f 2029/115/2308 2035/115/2308 2036/115/2308
f 2029/115/2308 2036/115/2308 2030/115/2308
f 2030/115/2299 2036/115/2269 2037/115/181
f 2030/115/2299 2037/115/181 2031/115/181
f 2031/115/2309 2037/115/2309 2032/115/2309
f 2031/115/2309 2032/115/2309 2026/115/2309
f 2032/115/2310 2038/115/2311 2039/115/2312
f 2032/115/2310 2039/115/2312 2033/115/2313
f 2033/115/2305 2039/115/170 2040/115/170
f 2033/115/2305 2040/115/170 2034/115/170
f 2034/115/2314 2040/115/2315 2041/115/2316
f 2034/115/2314 2041/115/2316 2035/115/2317
f 2035/115/2318 2041/115/2319 2042/115/2318
f 2035/115/2318 2042/115/2318 2036/115/2318
f 2036/115/2269 2042/115/2320 2043/115/2321
f 2036/115/2269 2043/115/2321 2037/115/181
f 2037/115/2322 2043/115/2323 2038/115/2324
f 2037/115/2322 2038/115/2324 2032/115/2325
f 2038/115/2264 2044/115/2326 2045/115/2264
f 2038/115/2264 2045/115/2264 2039/115/2327
f 2039/115/170 2045/115/170 2046/115/170
f 2039/115/170 2046/115/170 2040/115/170
f 2040/115/2260 2046/115/2260 2047/115/2328
f 2040/115/2260 2047/115/2328 2041/115/2261
f 2041/115/2329 2047/115/2329 2048/115/2329
f 2041/115/2329 2048/115/2329 2042/115/2329
f 2042/115/2320 2048/115/2330 2049/115/2321
f 2042/115/2320 2049/115/2321 2043/115/2321
f 2043/115/2267 2049/115/2331 2044/115/2268
f 2043/115/2267 2044/115/2268 2038/115/2332
f 2044/115/2333 2050/115/2334 2051/115/2333
f 2044/115/2333 2051/115/2333 2045/115/2333
f 2045/115/170 2051/115/170 2052/115/170
f 2045/115/170 2052/115/170 2046/115/170
f 2046/115/2335 2052/115/2336 2053/115/2335
f 2046/115/2335 2053/115/2335 2047/115/2335
f 2047/115/2337 2053/115/2338 2054/115/2337
f 2047/115/2337 2054/115/2337 2048/115/2337
f 2048/115/2330 2054/115/181 2055/115/181
f 2048/115/2330 2055/115/181 2049/115/2321
f 2049/115/2339 2055/115/2339 2050/115/2339
f 2049/115/2339 2050/115/2339 2044/115/2339
f 2050/115/2340 2056/115/2341 2057/115/2342
f 2050/115/2340 2057/115/2342 2051/115/2343
f 2051/115/170 2057/115/170 2058/115/170
f 2051/115/170 2058/115/170 2052/115/170
f 2052/115/2344 2058/115/2344 2059/115/2344
f 2052/115/2344 2059/115/2344 2053/115/2345
f 2053/115/2346 2059/115/2346 2060/115/2346
f 2053/115/2346 2060/115/2346 2054/115/2346
f 2054/115/181 2060/115/181 2061/115/181
f 2054/115/181 2061/115/181 2055/115/181
f 2055/115/2347 2061/115/2348 2056/115/2349
f 2055/115/2347 2056/115/2349 2050/115/2350
f 2056/115/2351 2062/115/2352 2063/115/2353
f 2056/115/2351 2063/115/2353 2057/115/2297
f 2057/115/170 2063/115/170 2064/115/170
f 2057/115/170 2064/115/170 2058/115/170
f 2058/115/2354 2064/115/2354 2065/115/2354
f 2058/115/2354 2065/115/2354 2059/115/2354
f 2059/115/2355 2065/115/2355 2066/115/2355
f 2059/115/2355 2066/115/2355 2060/115/2303
f 2060/115/181 2066/115/2356 2067/115/181
f 2060/115/181 2067/115/181 2061/115/181
f 2061/115/2357 2067/115/2358 2062/115/2359
f 2061/115/2357 2062/115/2359 2056/115/2360
f 2062/115/2361 2068/115/2362 2069/115/2363
f 2062/115/2361 2069/115/2363 2063/115/2361
f 2063/115/170 2069/115/170 2070/115/170
f 2063/115/170 2070/115/170 2064/115/170
f 2064/115/2364 2070/115/2365 2071/115/2364
f 2064/115/2364 2071/115/2364 2065/115/2364
f 2065/115/2366 2071/115/2367 2072/115/2366
f 2065/115/2366 2072/115/2366 2066/115/2366
f 2066/115/2356 2072/115/2330 2073/115/2330
f 2066/115/2356 2073/115/2330 2067/115/181
f 2067/115/2368 2073/115/2308 2068/115/2368
f 2067/115/2368 2068/115/2368 2062/115/2369
f 2068/115/2314 2002/115/2370 2003/115/2314
f 2068/115/2314 2003/115/2314 2069/115/2371
f 2069/115/170 2003/115/170 2004/115/170
f 2069/115/170 2004/115/170 2070/115/170
f 2070/115/2372 2004/115/2372 2005/115/2372
f 2070/115/2372 2005/115/2372 2071/115/2372
f 2071/115/2373 2005/115/2374 2006/115/2324
f 2071/115/2373 2006/115/2324 2072/115/2324
f 2072/115/2330 2006/115/181 2007/115/181
f 2072/115/2330 2007/115/181 2073/115/2330
f 2073/115/2319 2007/115/2319 2002/115/2319
f 2073/115/2319 2002/115/2319 2068/115/2319
f 2074/115/2375 2080/115/2376 2081/115/2375
f 2074/115/2375 2081/115/2375 2075/115/2377
f 2075/115/987 2081/115/987 2082/115/987
f 2075/115/987 2082/115/987 2076/115/987
f 2076/115/2378 2082/115/2379 2083/115/2380
f 2076/115/2378 2083/115/2380 2077/115/2381
f 2077/115/2382 2083/115/2383 2084/115/2384
f 2077/115/2382 2084/115/2384 2078/115/2385
f 2078/115/985 2084/115/985 2085/115/985
f 2078/115/985 2085/115/985 2079/115/985
f 2079/115/2386 2085/115/2387 2080/115/2386
f 2079/115/2386 2080/115/2386 2074/115/2388
f 2080/115/2389 2086/115/2389 2087/115/2389
f 2080/115/2389 2087/115/2389 2081/115/2390
f 2081/115/987 2087/115/987 2088/115/987
f 2081/115/987 2088/115/987 2082/115/987
f 2082/115/2391 2088/115/2392 2089/115/2391
f 2082/115/2391 2089/115/2391 2083/115/2393
f 2083/115/2394 2089/115/2395 2090/115/2394
f 2083/115/2394 2090/115/2394 2084/115/2396
f 2084/115/985 2090/115/985 2091/115/985
f 2084/115/985 2091/115/985 2085/115/985
f 2085/115/2397 2091/115/2397 2086/115/2398
f 2085/115/2397 2086/115/2398 2080/115/2397
f 2086/115/2399 2092/115/2400 2093/115/2401
f 2086/115/2399 2093/115/2401 2087/115/2402
f 2087/115/987 2093/115/987 2094/115/987
f 2087/115/987 2094/115/987 2088/115/987
f 2088/115/2403 2094/115/2403 2095/115/2403
f 2088/115/2403 2095/115/2403 2089/115/2403
f 2089/115/2404 2095/115/2404 2096/115/2404
f 2089/115/2404 2096/115/2404 2090/115/2404
f 2090/115/985 2096/115/985 2097/115/985
f 2090/115/985 2097/115/985 2091/115/985
f 2091/115/2405 2097/115/2406 2092/115/2407
f 2091/115/2405 2092/115/2407 2086/115/2408
f 2092/115/2409 2098/115/2409 2099/115/2410
f 2092/115/2409 2099/115/2410 2093/115/2411
f 2093/115/987 2099/115/987 2100/115/987
f 2093/115/987 2100/115/987 2094/115/987
f 2094/115/2412 2100/115/2412 2101/115/2412
f 2094/115/2412 2101/115/2412 2095/115/2412
f 2095/115/2413 2101/115/2413 2102/115/2413
f 2095/115/2413 2102/115/2413 2096/115/2414
f 2096/115/985 2102/115/985 2103/115/985
f 2096/115/985 2103/115/985 2097/115/985
f 2097/115/2415 2103/115/2416 2098/115/2417
f 2097/115/2415 2098/115/2417 2092/115/2417
f 2098/115/2418 2104/115/2418 2105/115/2418
f 2098/115/2418 2105/115/2418 2099/115/2418
f 2099/115/987 2105/115/987 2106/115/987
f 2099/115/987 2106/115/987 2100/115/987
f 2100/115/2419 2106/115/2420 2107/115/2419
f 2100/115/2419 2107/115/2419 2101/115/2421
f 2101/115/2422 2107/115/2423 2108/115/2422
f 2101/115/2422 2108/115/2422 2102/115/2424
f 2102/115/985 2108/115/985 2109/115/985
f 2102/115/985 2109/115/985 2103/115/985
f 2103/115/2425 2109/115/2426 2104/115/2425
f 2103/115/2425 2104/115/2425 2098/115/2425
f 2104/115/2427 2110/115/2428 2111/115/2427
f 2104/115/2427 2111/115/2427 2105/115/2429
f 2105/115/987 2111/115/987 2112/115/987
f 2105/115/987 2112/115/987 2106/115/987
f 2106/115/2430 2112/115/2431 2113/115/2432
f 2106/115/2430 2113/115/2432 2107/115/2433
f 2107/115/2434 2113/115/2435 2114/115/2436
f 2107/115/2434 2114/115/2436 2108/115/2437
f 2108/115/985 2114/115/985 2115/115/985
f 2108/115/985 2115/115/985 2109/115/985
f 2109/115/2438 2115/115/2439 2110/115/2438
f 2109/115/2438 2110/115/2438 2104/115/2440
f 2110/115/2441 2116/115/2442 2117/115/2442
f 2110/115/2441 2117/115/2442 2111/115/2441
f 2111/115/987 2117/115/987 2118/115/987
f 2111/115/987 2118/115/987 2112/115/987
f 2112/115/2375 2118/115/2443 2119/115/2444
f 2112/115/2375 2119/115/2444 2113/115/2445
f 2113/115/2446 2119/115/2447 2120/115/2386
f 2113/115/2446 2120/115/2386 2114/115/2388
f 2114/115/985 2120/115/985 2121/115/985
f 2114/115/985 2121/115/985 2115/115/985
f 2115/115/2385 2121/115/2385 2116/115/2385
f 2115/115/2385 2116/115/2385 2110/115/2385
f 2116/115/2391 2122/115/2448 2123/115/2449
f 2116/115/2391 2123/115/2449 2117/115/2392
f 2117/115/987 2123/115/987 2124/115/987
f 2117/115/987 2124/115/987 2118/115/987
f 2118/115/2389 2124/115/2450 2125/115/2389
f 2118/115/2389 2125/115/2389 2119/115/2451
f 2119/115/2397 2125/115/2452 2126/115/2397
f 2119/115/2397 2126/115/2397 2120/115/2397
f 2120/115/985 2126/115/985 2127/115/985
f 2120/115/985 2127/115/985 2121/115/985
f 2121/115/2394 2127/115/2453 2122/115/2454
f 2121/115/2394 2122/115/2454 2116/115/2455
f 2122/115/2456 2128/115/2457 2129/115/2458
f 2122/115/2456 2129/115/2458 2123/115/2459
f 2123/115/987 2129/115/987 2130/115/987
f 2123/115/987 2130/115/987 2124/115/987
f 2124/115/2401 2130/115/2460 2131/115/2401
f 2124/115/2401 2131/115/2401 2125/115/2461
f 2125/115/2462 2131/115/2406 2132/115/2462
f 2125/115/2462 2132/115/2462 2126/115/2463
f 2126/115/985 2132/115/985 2133/115/985
f 2126/115/985 2133/115/985 2127/115/985
f 2127/115/2464 2133/115/2465 2128/115/2464
f 2127/115/2464 2128/115/2464 2122/115/2466
f 2128/115/2467 2134/115/2468 2135/115/2467
f 2128/115/2467 2135/115/2467 2129/115/2469
f 2129/115/987 2135/115/987 2136/115/987
f 2129/115/987 2136/115/987 2130/115/987
f 2130/115/2470 2136/115/2471 2137/115/2470
f 2130/115/2470 2137/115/2470 2131/115/2411
f 2131/115/2415 2137/115/2472 2138/115/2415
f 2131/115/2415 2138/115/2415 2132/115/2473
f 2132/115/985 2138/115/985 2139/115/985
f 2132/115/985 2139/115/985 2133/115/985
f 2133/115/2474 2139/115/2475 2134/115/2476
f 2133/115/2474 2134/115/2476 2128/115/2477
f 2134/115/2478 2140/115/2479 2141/115/2419
f 2134/115/2478 2141/115/2419 2135/115/2480
f 2135/115/987 2141/115/987 2142/115/987
f 2135/115/987 2142/115/987 2136/115/987
f 2136/115/2418 2142/115/2418 2143/115/2418
f 2136/115/2418 2143/115/2418 2137/115/2481
f 2137/115/2425 2143/115/2482 2144/115/2425
f 2137/115/2425 2144/115/2425 2138/115/2483
f 2138/115/985 2144/115/985 2145/115/985
f 2138/115/985 2145/115/985 2139/115/985
f 2139/115/2484 2145/115/2424 2140/115/2422
f 2139/115/2484 2140/115/2422 2134/115/2485
f 2140/115/2433 2074/115/2433 2075/115/2433
f 2140/115/2433 2075/115/2433 2141/115/2431
f 2141/115/987 2075/115/987 2076/115/987
f 2141/115/987 2076/115/987 2142/115/987
f 2142/115/2427 2076/115/2486 2077/115/2487
f 2142/115/2427 2077/115/2487 2143/115/2488
f 2143/115/2489 2077/115/2490 2078/115/2438
f 2143/115/2489 2078/115/2438 2144/115/2491
f 2144/115/985 2078/115/985 2079/115/985
f 2144/115/985 2079/115/985 2145/115/985
f 2145/115/2492 2079/115/2492 2074/115/2492
f 2145/115/2492 2074/115/2492 2140/115/2492
f 2146/115/2493 2152/115/2494 2153/115/2493
f 2146/115/2493 2153/115/2493 2147/115/2495
f 2147/115/172 2153/115/172 2154/115/172
f 2147/115/172 2154/115/172 2148/115/172
f 2148/115/2496 2154/115/2497 2155/115/2498
f 2148/115/2496 2155/115/2498 2149/115/2499
f 2149/115/2500 2155/115/2500 2156/115/2500
f 2149/115/2500 2156/115/2500 2150/115/2500
f 2150/115/2501 2156/115/2502 2157/115/536
f 2150/115/2501 2157/115/536 2151/115/536
f 2151/115/2503 2157/115/2504 2152/115/2505
f 2151/115/2503 2152/115/2505 2146/115/2506
f 2152/115/2507 2158/115/2508 2159/115/2507
f 2152/115/2507 2159/115/2507 2153/115/2507
f 2153/115/172 2159/115/172 2160/115/172
f 2153/115/172 2160/115/172 2154/115/172
f 2154/115/2509 2160/115/2509 2161/115/2509
f 2154/115/2509 2161/115/2509 2155/115/2509
f 2155/115/2510 2161/115/2510 2162/115/2510
f 2155/115/2510 2162/115/2510 2156/115/2510
f 2156/115/2502 2162/115/183 2163/115/183
f 2156/115/2502 2163/115/183 2157/115/536
f 2157/115/2511 2163/115/2511 2158/115/2511
f 2157/115/2511 2158/115/2511 2152/115/2511
f 2158/115/2512 2164/115/2513 2165/115/2514
f 2158/115/2512 2165/115/2514 2159/115/2515
f 2159/115/172 2165/115/172 2166/115/172
f 2159/115/172 2166/115/172 2160/115/172
f 2160/115/2516 2166/115/2516 2167/115/2516
f 2160/115/2516 2167/115/2516 2161/115/2517
f 2161/115/2518 2167/115/2518 2168/115/2518
f 2161/115/2518 2168/115/2518 2162/115/2518
f 2162/115/183 2168/115/183 2169/115/183
f 2162/115/183 2169/115/183 2163/115/183
f 2163/115/2519 2169/115/2520 2164/115/2521
f 2163/115/2519 2164/115/2521 2158/115/2519
f 2164/115/2522 2170/115/2523 2171/115/2523
f 2164/115/2522 2171/115/2523 2165/115/2522
f 2165/115/172 2171/115/172 2172/115/172
f 2165/115/172 2172/115/172 2166/115/172
f 2166/115/2524 2172/115/2524 2173/115/2524
f 2166/115/2524 2173/115/2524 2167/115/2525
f 2167/115/2526 2173/115/2526 2174/115/2526
f 2167/115/2526 2174/115/2526 2168/115/2527
f 2168/115/183 2174/115/2528 2175/115/183
f 2168/115/183 2175/115/183 2169/115/183
f 2169/115/2529 2175/115/2530 2170/115/2531
f 2169/115/2529 2170/115/2531 2164/115/2530
f 2170/115/2532 2176/115/2533 2177/115/2533
f 2170/115/2532 2177/115/2533 2171/115/2532
f 2171/115/172 2177/115/172 2178/115/172
f 2171/115/172 2178/115/172 2172/115/172
f 2172/115/2534 2178/115/2535 2179/115/2534
f 2172/115/2534 2179/115/2534 2173/115/2534
f 2173/115/2536 2179/115/2537 2180/115/2536
f 2173/115/2536 2180/115/2536 2174/115/2536
f 2174/115/2528 2180/115/2502 2181/115/2502
f 2174/115/2528 2181/115/2502 2175/115/183
f 2175/115/2538 2181/115/2539 2176/115/2538
f 2175/115/2538 2176/115/2538 2170/115/2540
f 2176/115/2541 2182/115/2542 2183/115/2541
f 2176/115/2541 2183/115/2541 2177/115/2543
f 2177/115/172 2183/115/172 2184/115/172
f 2177/115/172 2184/115/172 2178/115/172
f 2178/115/2544 2184/115/2544 2185/115/2544
f 2178/115/2544 2185/115/2544 2179/115/2544
f 2179/115/2545 2185/115/2546 2186/115/2547
f 2179/115/2545 2186/115/2547 2180/115/2548
f 2180/115/2502 2186/115/183 2187/115/183
f 2180/115/2502 2187/115/183 2181/115/2502
f 2181/115/2549 2187/115/2549 2182/115/2549
f 2181/115/2549 2182/115/2549 2176/115/2549
f 2182/115/2496 2188/115/2499 2189/115/2496
f 2182/115/2496 2189/115/2496 2183/115/2550
f 2183/115/172 2189/115/172 2190/115/172
f 2183/115/172 2190/115/172 2184/115/172
f 2184/115/2551 2190/115/2551 2191/115/2551
f 2184/115/2551 2191/115/2551 2185/115/2493
f 2185/115/2552 2191/115/2553 2192/115/2503
f 2185/115/2552 2192/115/2503 2186/115/2505
f 2186/115/183 2192/115/2554 2193/115/2554
f 2186/115/183 2193/115/2554 2187/115/183
f 2187/115/2555 2193/115/2555 2188/115/2555
f 2187/115/2555 2188/115/2555 2182/115/2555
f 2188/115/2556 2194/115/2557 2195/115/2558
f 2188/115/2556 2195/115/2558 2189/115/2559
f 2189/115/172 2195/115/172 2196/115/2560
f 2189/115/172 2196/115/2560 2190/115/172
f 2190/115/2561 2196/115/2561 2197/115/2561
f 2190/115/2561 2197/115/2561 2191/115/2562
f 2191/115/2563 2197/115/2563 2198/115/2563
f 2191/115/2563 2198/115/2563 2192/115/2564
f 2192/115/2554 2198/115/183 2199/115/183
f 2192/115/2554 2199/115/183 2193/115/2554
f 2193/115/2565 2199/115/2566 2194/115/2565
f 2193/115/2565 2194/115/2565 2188/115/2567
f 2194/115/2568 2200/115/2569 2201/115/2569
f 2194/115/2568 2201/115/2569 2195/115/2570
f 2195/115/172 2201/115/172 2202/115/172
f 2195/115/172 2202/115/172 2196/115/2560
f 2196/115/2571 2202/115/2572 2203/115/2571
f 2196/115/2571 2203/115/2571 2197/115/2571
f 2197/115/2573 2203/115/2573 2204/115/2573
f 2197/115/2573 2204/115/2573 2198/115/2573
f 2198/115/183 2204/115/183 2205/115/183
f 2198/115/183 2205/115/183 2199/115/183
f 2199/115/2574 2205/115/2518 2200/115/2575
f 2199/115/2574 2200/115/2575 2194/115/2576
f 2200/115/2577 2206/115/2578 2207/115/2579
f 2200/115/2577 2207/115/2579 2201/115/2525
f 2201/115/172 2207/115/172 2208/115/172
f 2201/115/172 2208/115/172 2202/115/172
f 2202/115/2580 2208/115/2580 2209/115/2580
f 2202/115/2580 2209/115/2580 2203/115/2522
f 2203/115/2581 2209/115/2581 2210/115/2581
f 2203/115/2581 2210/115/2581 2204/115/2581
f 2204/115/183 2210/115/2582 2211/115/183
f 2204/115/183 2211/115/183 2205/115/183
f 2205/115/2583 2211/115/2527 2206/115/2584
f 2205/115/2583 2206/115/2584 2200/115/2527
f 2206/115/2585 2212/115/2585 2213/115/2585
f 2206/115/2585 2213/115/2585 2207/115/2586
f 2207/115/172 2213/115/2587 2214/115/172
f 2207/115/172 2214/115/172 2208/115/172
f 2208/115/2588 2214/115/2588 2215/115/2588
f 2208/115/2588 2215/115/2588 2209/115/2588
f 2209/115/2589 2215/115/2589 2216/115/2589
f 2209/115/2589 2216/115/2589 2210/115/2589
f 2210/115/2582 2216/115/2554 2217/115/183
f 2210/115/2582 2217/115/183 2211/115/183
f 2211/115/2590 2217/115/2590 2212/115/2590
f 2211/115/2590 2212/115/2590 2206/115/2590
f 2212/115/2591 2146/115/2592 2147/115/2591
f 2212/115/2591 2147/115/2591 2213/115/2593
f 2213/115/2587 2147/115/172 2148/115/172
f 2213/115/2587 2148/115/172 2214/115/172
f 2214/115/2541 2148/115/2594 2149/115/2595
f 2214/115/2541 2149/115/2595 2215/115/2596
f 2215/115/2597 2149/115/2549 2150/115/2597
f 2215/115/2597 2150/115/2597 2216/115/2597
f 2216/115/2554 2150/115/2501 2151/115/536
f 2216/115/2554 2151/115/536 2217/115/183
f 2217/115/2598 2151/115/2599 2146/115/2547
f 2217/115/2598 2146/115/2547 2212/115/2600
f 2218/115/2601 2224/115/2602 2225/115/2603
f 2218/115/2601 2225/115/2603 2219/115/2601
f 2219/115/987 2225/115/987 2226/115/987
f 2219/115/987 2226/115/987 2220/115/987
f 2220/115/2604 2226/115/2605 2227/115/2606
f 2220/115/2604 2227/115/2606 2221/115/2607
f 2221/115/2608 2227/115/2609 2228/115/2610
f 2221/115/2608 2228/115/2610 2222/115/2611
f 2222/115/985 2228/115/985 2229/115/985
f 2222/115/985 2229/115/985 2223/115/985
f 2223/115/2612 2229/115/2613 2224/115/2614
f 2223/115/2612 2224/115/2614 2218/115/2612
f 2224/115/2615 2230/115/2615 2231/115/2615
f 2224/115/2615 2231/115/2615 2225/115/2616
f 2225/115/987 2231/115/987 2232/115/987
f 2225/115/987 2232/115/987 2226/115/987
f 2226/115/2617 2232/115/2618 2233/115/2617
f 2226/115/2617 2233/115/2617 2227/115/2619
f 2227/115/2620 2233/115/2621 2234/115/2622
f 2227/115/2620 2234/115/2622 2228/115/2623
f 2228/115/985 2234/115/985 2235/115/985
f 2228/115/985 2235/115/985 2229/115/985
f 2229/115/2624 2235/115/2624 2230/115/2624
f 2229/115/2624 2230/115/2624 2224/115/2625
f 2230/115/2626 2236/115/2627 2237/115/2626
f 2230/115/2626 2237/115/2626 2231/115/2628
f 2231/115/987 2237/115/987 2238/115/987
f 2231/115/987 2238/115/987 2232/115/987
f 2232/115/2629 2238/115/2630 2239/115/2629
f 2232/115/2629 2239/115/2629 2233/115/2631
f 2233/115/2632 2239/115/2633 2240/115/2632
f 2233/115/2632 2240/115/2632 2234/115/2634
f 2234/115/985 2240/115/985 2241/115/985
f 2234/115/985 2241/115/985 2235/115/985
f 2235/115/2635 2241/115/2636 2236/115/2635
f 2235/115/2635 2236/115/2635 2230/115/2635
f 2236/115/2637 2242/115/2637 2243/115/2637
f 2236/115/2637 2243/115/2637 2237/115/2638
f 2237/115/987 2243/115/987 2244/115/987
f 2237/115/987 2244/115/987 2238/115/987
f 2238/115/2639 2244/115/2640 2245/115/2639
f 2238/115/2639 2245/115/2639 2239/115/2641
f 2239/115/2642 2245/115/2643 2246/115/2642
f 2239/115/2642 2246/115/2642 2240/115/2644
f 2240/115/985 2246/115/985 2247/115/985
f 2240/115/985 2247/115/985 2241/115/985
f 2241/115/2645 2247/115/2646 2242/115/2645
f 2241/115/2645 2242/115/2645 2236/115/2647
f 2242/115/2648 2248/115/2648 2249/115/2648
f 2242/115/2648 2249/115/2648 2243/115/2648
f 2243/115/987 2249/115/987 2250/115/987
f 2243/115/987 2250/115/987 2244/115/987
f 2244/115/2649 2250/115/2650 2251/115/2651
f 2244/115/2649 2251/115/2651 2245/115/2652
f 2245/115/2653 2251/115/2654 2252/115/2653
f 2245/115/2653 2252/115/2653 2246/115/2655
f 2246/115/985 2252/115/985 2253/115/985
f 2246/115/985 2253/115/985 2247/115/985
f 2247/115/2656 2253/115/2657 2248/115/2656
f 2247/115/2656 2248/115/2656 2242/115/2656
f 2248/115/2658 2254/115/2659 2255/115/2659
f 2248/115/2658 2255/115/2659 2249/115/2660
f 2249/115/987 2255/115/987 2256/115/987
f 2249/115/987 2256/115/987 2250/115/987
f 2250/115/2661 2256/115/2662 2257/115/2663
f 2250/115/2661 2257/115/2663 2251/115/2664
f 2251/115/2665 2257/115/2666 2258/115/2667
f 2251/115/2665 2258/115/2667 2252/115/2668
f 2252/115/985 2258/115/985 2259/115/985
f 2252/115/985 2259/115/985 2253/115/985
f 2253/115/2669 2259/115/2670 2254/115/2670
f 2253/115/2669 2254/115/2670 2248/115/2671
f 2254/115/2672 2260/115/2673 2261/115/2606
f 2254/115/2672 2261/115/2606 2255/115/2672
f 2255/115/987 2261/115/987 2262/115/987
f 2255/115/987 2262/115/987 2256/115/987
f 2256/115/2603 2262/115/2674 2263/115/2603
f 2256/115/2603 2263/115/2603 2257/115/2675
f 2257/115/2676 2263/115/2677 2264/115/2612
f 2257/115/2676 2264/115/2612 2258/115/2614
f 2258/115/985 2264/115/985 2265/115/985
f 2258/115/985 2265/115/985 2259/115/985
f 2259/115/2610 2265/115/2678 2260/115/2611
f 2259/115/2610 2260/115/2611 2254/115/2610
f 2260/115/2679 2266/115/2679 2267/115/2679
f 2260/115/2679 2267/115/2679 2261/115/2679
f 2261/115/987 2267/115/987 2268/115/987
f 2261/115/987 2268/115/987 2262/115/987
f 2262/115/2680 2268/115/2681 2269/115/2680
f 2262/115/2680 2269/115/2680 2263/115/2682
f 2263/115/2625 2269/115/2624 2270/115/2625
f 2263/115/2625 2270/115/2625 2264/115/2683
f 2264/115/985 2270/115/985 2271/115/985
f 2264/115/985 2271/115/985 2265/115/985
f 2265/115/2684 2271/115/2684 2266/115/2684
f 2265/115/2684 2266/115/2684 2260/115/2684
f 2266/115/2685 2272/115/2686 2273/115/2685
f 2266/115/2685 2273/115/2685 2267/115/2685
f 2267/115/987 2273/115/987 2274/115/987
f 2267/115/987 2274/115/987 2268/115/987
f 2268/115/2687 2274/115/2688 2275/115/2687
f 2268/115/2687 2275/115/2687 2269/115/2687
f 2269/115/2689 2275/115/2690 2276/115/2689
f 2269/115/2689 2276/115/2689 2270/115/2689
f 2270/115/985 2276/115/985 2277/115/985
f 2270/115/985 2277/115/985 2271/115/985
f 2271/115/2691 2277/115/2692 2272/115/2691
f 2271/115/2691 2272/115/2691 2266/115/2691
f 2272/115/2693 2278/115/2693 2279/115/2693
f 2272/115/2693 2279/115/2693 2273/115/2694
f 2273/115/987 2279/115/987 2280/115/987
f 2273/115/987 2280/115/987 2274/115/987
f 2274/115/2695 2280/115/2695 2281/115/2695
f 2274/115/2695 2281/115/2695 2275/115/2696
f 2275/115/2697 2281/115/2697 2282/115/2697
f 2275/115/2697 2282/115/2697 2276/115/2698
f 2276/115/985 2282/115/985 2283/115/985
f 2276/115/985 2283/115/985 2277/115/985
f 2277/115/2699 2283/115/2699 2278/115/2699
f 2277/115/2699 2278/115/2699 2272/115/2700
f 2278/115/2701 2284/115/2701 2285/115/2701
f 2278/115/2701 2285/115/2701 2279/115/2701
f 2279/115/987 2285/115/987 2286/115/987
f 2279/115/987 2286/115/987 2280/115/987
f 2280/115/2702 2286/115/2703 2287/115/2702
f 2280/115/2702 2287/115/2702 2281/115/2648
f 2281/115/2704 2287/115/2705 2288/115/2704
f 2281/115/2704 2288/115/2704 2282/115/2706
f 2282/115/985 2288/115/985 2289/115/985
f 2282/115/985 2289/115/985 2283/115/985
f 2283/115/2707 2289/115/2707 2284/115/2707
f 2283/115/2707 2284/115/2707 2278/115/2707
f 2284/115/2708 2218/115/2661 2219/115/2661
f 2284/115/2708 2219/115/2661 2285/115/2708
f 2285/115/987 2219/115/987 2220/115/987
f 2285/115/987 2220/115/987 2286/115/987
f 2286/115/2659 2220/115/2658 2221/115/2709
f 2286/115/2659 2221/115/2709 2287/115/2710
f 2287/115/2669 2221/115/2711 2222/115/2712
f 2287/115/2669 2222/115/2712 2288/115/2713
f 2288/115/985 2222/115/985 2223/115/985
f 2288/115/985 2223/115/985 2289/115/985
f 2289/115/2665 2223/115/2714 2218/115/2714
f 2289/115/2665 2218/115/2714 2284/115/2715
f 2290/115/2716 2296/115/2717 2297/115/2716
f 2290/115/2716 2297/115/2716 2291/115/2718
f 2291/115/174 2297/115/174 2298/115/174
f 2291/115/174 2298/115/174 2292/115/174
f 2292/115/2719 2298/115/2719 2299/115/2719
f 2292/115/2719 2299/115/2719 2293/115/2720
f 2293/115/2721 2299/115/2722 2300/115/2723
f 2293/115/2721 2300/115/2723 2294/115/2724
f 2294/115/163 2300/115/2725 2301/115/2725
f 2294/115/163 2301/115/2725 2295/115/163
f 2295/115/2726 2301/115/2727 2296/115/2726
f 2295/115/2726 2296/115/2726 2290/115/2726
f 2296/115/2728 2302/115/2729 2303/115/2730
f 2296/115/2728 2303/115/2730 2297/115/2731
f 2297/115/174 2303/115/174 2304/115/2732
f 2297/115/174 2304/115/2732 2298/115/174
f 2298/115/2733 2304/115/2733 2305/115/2733
f 2298/115/2733 2305/115/2733 2299/115/2734
f 2299/115/2735 2305/115/2735 2306/115/2735
f 2299/115/2735 2306/115/2735 2300/115/2735
f 2300/115/2725 2306/115/163 2307/115/163
f 2300/115/2725 2307/115/163 2301/115/2725
f 2301/115/2736 2307/115/2736 2302/115/2736
f 2301/115/2736 2302/115/2736 2296/115/2737
f 2302/115/2738 2308/115/2739 2309/115/2739
f 2302/115/2738 2309/115/2739 2303/115/2740
f 2303/115/174 2309/115/174 2310/115/174
f 2303/115/174 2310/115/174 2304/115/2732
f 2304/115/2741 2310/115/2742 2311/115/2741
f 2304/115/2741 2311/115/2741 2305/115/2741
f 2305/115/2743 2311/115/2743 2312/115/2743
f 2305/115/2743 2312/115/2743 2306/115/2743
f 2306/115/163 2312/115/163 2313/115/163
f 2306/115/163 2313/115/163 2307/115/163
f 2307/115/2744 2313/115/2745 2308/115/2746
f 2307/115/2744 2308/115/2746 2302/115/2747
f 2308/115/2748 2314/115/2749 2315/115/2750
f 2308/115/2748 2315/115/2750 2309/115/2751
f 2309/115/174 2315/115/174 2316/115/174
f 2309/115/174 2316/115/174 2310/115/174
f 2310/115/2752 2316/115/2752 2317/115/2752
f 2310/115/2752 2317/115/2752 2311/115/2753
f 2311/115/2754 2317/115/2754 2318/115/2754
f 2311/115/2754 2318/115/2754 2312/115/2754
f 2312/115/163 2318/115/2755 2319/115/163
f 2312/115/163 2319/115/163 2313/115/163
f 2313/115/2756 2319/115/2757 2314/115/2758
f 2313/115/2756 2314/115/2758 2308/115/2757
f 2314/115/2759 2320/115/2759 2321/115/2759
f 2314/115/2759 2321/115/2759 2315/115/2759
f 2315/115/174 2321/115/2760 2322/115/174
f 2315/115/174 2322/115/174 2316/115/174
f 2316/115/2761 2322/115/2761 2323/115/2761
f 2316/115/2761 2323/115/2761 2317/115/2762
f 2317/115/2763 2323/115/2763 2324/115/2763
f 2317/115/2763 2324/115/2763 2318/115/2763
f 2318/115/2755 2324/115/2725 2325/115/163
f 2318/115/2755 2325/115/163 2319/115/163
f 2319/115/2764 2325/115/2764 2320/115/2764
f 2319/115/2764 2320/115/2764 2314/115/2764
f 2320/115/2765 2326/115/2766 2327/115/2765
f 2320/115/2765 2327/115/2765 2321/115/2767
f 2321/115/2760 2327/115/174 2328/115/174
f 2321/115/2760 2328/115/174 2322/115/174
f 2322/115/2768 2328/115/2769 2329/115/2770
f 2322/115/2768 2329/115/2770 2323/115/2771
f 2323/115/2772 2329/115/2773 2330/115/2772
f 2323/115/2772 2330/115/2772 2324/115/2772
f 2324/115/2725 2330/115/2774 2331/115/2775
f 2324/115/2725 2331/115/2775 2325/115/163
f 2325/115/2776 2331/115/2777 2326/115/2778
f 2325/115/2776 2326/115/2778 2320/115/2779
f 2326/115/2720 2332/115/2780 2333/115/2720
f 2326/115/2720 2333/115/2720 2327/115/2781
f 2327/115/174 2333/115/174 2334/115/174
f 2327/115/174 2334/115/174 2328/115/174
f 2328/115/2716 2334/115/2716 2335/115/2782
f 2328/115/2716 2335/115/2782 2329/115/2783
f 2329/115/2784 2335/115/2784 2336/115/2784
f 2329/115/2784 2336/115/2784 2330/115/2784
f 2330/115/2774 2336/115/2785 2337/115/2775
f 2330/115/2774 2337/115/2775 2331/115/2775
f 2331/115/2723 2337/115/2786 2332/115/2724
f 2331/115/2723 2332/115/2724 2326/115/2787
f 2332/115/2788 2338/115/2789 2339/115/2788
f 2332/115/2788 2339/115/2788 2333/115/2788
f 2333/115/174 2339/115/174 2340/115/174
f 2333/115/174 2340/115/174 2334/115/174
f 2334/115/2790 2340/115/2791 2341/115/2790
f 2334/115/2790 2341/115/2790 2335/115/2790
f 2335/115/2792 2341/115/2793 2342/115/2792
f 2335/115/2792 2342/115/2792 2336/115/2792
f 2336/115/2785 2342/115/163 2343/115/163
f 2336/115/2785 2343/115/163 2337/115/2775
f 2337/115/2794 2343/115/2794 2338/115/2794
f 2337/115/2794 2338/115/2794 2332/115/2794
f 2338/115/2795 2344/115/2796 2345/115/2797
f 2338/115/2795 2345/115/2797 2339/115/2798
f 2339/115/174 2345/115/174 2346/115/174
f 2339/115/174 2346/115/174 2340/115/174
f 2340/115/2799 2346/115/2799 2347/115/2799
f 2340/115/2799 2347/115/2799 2341/115/2800
f 2341/115/2745 2347/115/2745 2348/115/2745
f 2341/115/2745 2348/115/2745 2342/115/2745
f 2342/115/163 2348/115/163 2349/115/163
f 2342/115/163 2349/115/163 2343/115/163
f 2343/115/2801 2349/115/2743 2344/115/2802
f 2343/115/2801 2344/115/2802 2338/115/2801
f 2344/115/2753 2350/115/2803 2351/115/2803
f 2344/115/2753 2351/115/2803 2345/115/2753
f 2345/115/174 2351/115/174 2352/115/174
f 2345/115/174 2352/115/174 2346/115/174
f 2346/115/2804 2352/115/2804 2353/115/2804
f 2346/115/2804 2353/115/2804 2347/115/2804
f 2347/115/2757 2353/115/2805 2354/115/2757
f 2347/115/2757 2354/115/2757 2348/115/2757
f 2348/115/163 2354/115/2806 2355/115/163
f 2348/115/163 2355/115/163 2349/115/163
f 2349/115/2807 2355/115/2808 2350/115/2809
f 2349/115/2807 2350/115/2809 2344/115/2808
f 2350/115/2810 2356/115/2811 2357/115/2811
f 2350/115/2810 2357/115/2811 2351/115/2810
f 2351/115/174 2357/115/174 2358/115/174
f 2351/115/174 2358/115/174 2352/115/174
f 2352/115/2812 2358/115/2813 2359/115/2812
f 2352/115/2812 2359/115/2812 2353/115/2812
f 2353/115/2814 2359/115/2815 2360/115/2814
f 2353/115/2814 2360/115/2814 2354/115/2814
f 2354/115/2806 2360/115/2785 2361/115/2785
f 2354/115/2806 2361/115/2785 2355/115/163
f 2355/115/2816 2361/115/2763 2356/115/2816
f 2355/115/2816 2356/115/2816 2350/115/2817
f 2356/115/2768 2290/115/2818 2291/115/2768
f 2356/115/2768 2291/115/2768 2357/115/2819
f 2357/115/174 2291/115/174 2292/115/174
f 2357/115/174 2292/115/174 2358/115/174
f 2358/115/2820 2292/115/2820 2293/115/2820
f 2358/115/2820 2293/115/2820 2359/115/2820
f 2359/115/2821 2293/115/2822 2294/115/2778
f 2359/115/2821 2294/115/2778 2360/115/2778
f 2360/115/2785 2294/115/163 2295/115/163
f 2360/115/2785 2295/115/163 2361/115/2785
f 2361/115/2773 2295/115/2773 2290/115/2773
f 2361/115/2773 2290/115/2773 2356/115/2773
f 2362/115/2823 2368/115/2824 2369/115/2823
f 2362/115/2823 2369/115/2823 2363/115/2825
f 2363/115/987 2369/115/987 2370/115/987
f 2363/115/987 2370/115/987 2364/115/987
f 2364/115/2826 2370/115/2827 2371/115/2828
f 2364/115/2826 2371/115/2828 2365/115/2829
f 2365/115/2830 2371/115/2831 2372/115/2832
f 2365/115/2830 2372/115/2832 2366/115/2833
f 2366/115/985 2372/115/985 2373/115/985
f 2366/115/985 2373/115/985 2367/115/985
f 2367/115/2834 2373/115/2835 2368/115/2834
f 2367/115/2834 2368/115/2834 2362/115/2836
f 2368/115/2837 2374/115/2837 2375/115/2837
f 2368/115/2837 2375/115/2837 2369/115/2837
f 2369/115/987 2375/115/987 2376/115/987
f 2369/115/987 2376/115/987 2370/115/987
f 2370/115/2838 2376/115/2839 2377/115/2838
f 2370/115/2838 2377/115/2838 2371/115/2840
f 2371/115/2841 2377/115/2842 2378/115/2841
f 2371/115/2841 2378/115/2841 2372/115/2843
f 2372/115/985 2378/115/985 2379/115/985
f 2372/115/985 2379/115/985 2373/115/985
f 2373/115/2844 2379/115/2844 2374/115/2844
f 2373/115/2844 2374/115/2844 2368/115/2844
f 2374/115/2845 2380/115/2846 2381/115/2847
f 2374/115/2845 2381/115/2847 2375/115/2848
f 2375/115/987 2381/115/987 2382/115/987
f 2375/115/987 2382/115/987 2376/115/987
f 2376/115/2849 2382/115/2850 2383/115/2849
f 2376/115/2849 2383/115/2849 2377/115/2849
f 2377/115/2851 2383/115/2851 2384/115/2851
f 2377/115/2851 2384/115/2851 2378/115/2851
f 2378/115/985 2384/115/985 2385/115/985
f 2378/115/985 2385/115/985 2379/115/985
f 2379/115/2852 2385/115/2853 2380/115/2854
f 2379/115/2852 2380/115/2854 2374/115/2854
f 2380/115/2855 2386/115/2856 2387/115/2857
f 2380/115/2855 2387/115/2857 2381/115/2858
f 2381/115/987 2387/115/987 2388/115/987
f 2381/115/987 2388/115/987 2382/115/987
f 2382/115/2859 2388/115/2859 2389/115/2859
f 2382/115/2859 2389/115/2859 2383/115/2859
f 2383/115/2860 2389/115/2860 2390/115/2860
f 2383/115/2860 2390/115/2860 2384/115/2860
f 2384/115/985 2390/115/985 2391/115/985
f 2384/115/985 2391/115/985 2385/115/985
f 2385/115/2861 2391/115/2862 2386/115/2863
f 2385/115/2861 2386/115/2863 2380/115/2864
f 2386/115/2865 2392/115/2865 2393/115/2865
f 2386/115/2865 2393/115/2865 2387/115/2866
f 2387/115/987 2393/115/987 2394/115/987
f 2387/115/987 2394/115/987 2388/115/987
f 2388/115/2867 2394/115/2868 2395/115/2867
f 2388/115/2867 2395/115/2867 2389/115/2869
f 2389/115/2870 2395/115/2871 2396/115/2870
f 2389/115/2870 2396/115/2870 2390/115/2872
f 2390/115/985 2396/115/985 2397/115/985
f 2390/115/985 2397/115/985 2391/115/985
f 2391/115/2873 2397/115/2874 2392/115/2873
f 2391/115/2873 2392/115/2873 2386/115/2875
f 2392/115/2876 2398/115/2877 2399/115/2876
f 2392/115/2876 2399/115/2876 2393/115/2878
f 2393/115/987 2399/115/987 2400/115/987
f 2393/115/987 2400/115/987 2394/115/987
f 2394/115/2879 2400/115/2880 2401/115/2881
f 2394/115/2879 2401/115/2881 2395/115/2882
f 2395/115/2883 2401/115/2884 2402/115/2885
f 2395/115/2883 2402/115/2885 2396/115/2886
f 2396/115/985 2402/115/985 2403/115/985
f 2396/115/985 2403/115/985 2397/115/985
f 2397/115/2887 2403/115/2888 2398/115/2887
f 2397/115/2887 2398/115/2887 2392/115/2889
f 2398/115/2890 2404/115/2891 2405/115/2890
f 2398/115/2890 2405/115/2890 2399/115/2890
f 2399/115/987 2405/115/987 2406/115/987
f 2399/115/987 2406/115/987 2400/115/987
f 2400/115/2823 2406/115/2892 2407/115/2893
f 2400/115/2823 2407/115/2893 2401/115/2894
f 2401/115/2895 2407/115/2896 2408/115/2834
f 2401/115/2895 2408/115/2834 2402/115/2836
f 2402/115/985 2408/115/985 2409/115/985
f 2402/115/985 2409/115/985 2403/115/985
f 2403/115/2897 2409/115/2897 2404/115/2897
f 2403/115/2897 2404/115/2897 2398/115/2897
f 2404/115/2838 2410/115/2898 2411/115/2899
f 2404/115/2838 2411/115/2899 2405/115/2900
f 2405/115/987 2411/115/987 2412/115/987
f 2405/115/987 2412/115/987 2406/115/987
f 2406/115/2837 2412/115/2901 2413/115/2837
f 2406/115/2837 2413/115/2837 2407/115/2902
f 2407/115/2844 2413/115/2903 2414/115/2844
f 2407/115/2844 2414/115/2844 2408/115/2844
f 2408/115/985 2414/115/985 2415/115/985
f 2408/115/985 2415/115/985 2409/115/985
f 2409/115/2841 2415/115/2904 2410/115/2905
f 2409/115/2841 2410/115/2905 2404/115/2906
f 2410/115/2907 2416/115/2908 2417/115/2909
f 2410/115/2907 2417/115/2909 2411/115/2910
f 2411/115/987 2417/115/987 2418/115/987
f 2411/115/987 2418/115/987 2412/115/987
f 2412/115/2847 2418/115/2911 2419/115/2847
f 2412/115/2847 2419/115/2847 2413/115/2912
f 2413/115/2913 2419/115/2853 2420/115/2913
f 2413/115/2913 2420/115/2913 2414/115/2914
f 2414/115/985 2420/115/985 2421/115/985
f 2414/115/985 2421/115/985 2415/115/985
f 2415/115/2915 2421/115/2916 2416/115/2917
f 2415/115/2915 2416/115/2917 2410/115/2918
f 2416/115/2919 2422/115/2920 2423/115/2919
f 2416/115/2919 2423/115/2919 2417/115/2921
f 2417/115/987 2423/115/987 2424/115/987
f 2417/115/987 2424/115/987 2418/115/987
f 2418/115/2922 2424/115/2923 2425/115/2922
f 2418/115/2922 2425/115/2922 2419/115/2858
f 2419/115/2861 2425/115/2924 2426/115/2861
f 2419/115/2861 2426/115/2861 2420/115/2925
f 2420/115/985 2426/115/985 2427/115/985
f 2420/115/985 2427/115/985 2421/115/985
f 2421/115/2926 2427/115/2927 2422/115/2928
f 2421/115/2926 2422/115/2928 2416/115/2929
f 2422/115/2930 2428/115/2931 2429/115/2867
f 2422/115/2930 2429/115/2867 2423/115/2932
f 2423/115/987 2429/115/987 2430/115/987
f 2423/115/987 2430/115/987 2424/115/987
f 2424/115/2865 2430/115/2865 2431/115/2933
f 2424/115/2865 2431/115/2933 2425/115/2934
f 2425/115/2873 2431/115/2935 2432/115/2873
f 2425/115/2873 2432/115/2873 2426/115/2936
f 2426/115/985 2432/115/985 2433/115/985
f 2426/115/985 2433/115/985 2427/115/985
f 2427/115/2937 2433/115/2872 2428/115/2870
f 2427/115/2937 2428/115/2870 2422/115/2938
f 2428/115/2939 2362/115/2880 2363/115/2880
f 2428/115/2939 2363/115/2880 2429/115/2939
f 2429/115/987 2363/115/987 2364/115/987
f 2429/115/987 2364/115/987 2430/115/987
f 2430/115/2876 2364/115/2940 2365/115/2941
f 2430/115/2876 2365/115/2941 2431/115/2942
f 2431/115/2943 2365/115/2944 2366/115/2887
f 2431/115/2943 2366/115/2887 2432/115/2945
f 2432/115/985 2366/115/985 2367/115/985
f 2432/115/985 2367/115/985 2433/115/985
f 2433/115/2946 2367/115/2946 2362/115/2946
f 2433/115/2946 2362/115/2946 2428/115/2946
f 2434/115/2947 2440/115/2948 2441/115/2947
f 2434/115/2947 2441/115/2947 2435/115/2949
f 2435/115/196 2441/115/196 2442/115/196
f 2435/115/196 2442/115/196 2436/115/196
f 2436/115/2950 2442/115/2950 2443/115/2951
f 2436/115/2950 2443/115/2951 2437/115/2952
f 2437/115/2953 2443/115/2953 2444/115/2953
f 2437/115/2953 2444/115/2953 2438/115/2953
f 2438/115/2954 2444/115/2955 2445/115/542
f 2438/115/2954 2445/115/542 2439/115/542
f 2439/115/2956 2445/115/2957 2440/115/2958
f 2439/115/2956 2440/115/2958 2434/115/2959
f 2440/115/2960 2446/115/2961 2447/115/2960
f 2440/115/2960 2447/115/2960 2441/115/2960
f 2441/115/196 2447/115/196 2448/115/196
f 2441/115/196 2448/115/196 2442/115/196
f 2442/115/2962 2448/115/2962 2449/115/2962
f 2442/115/2962 2449/115/2962 2443/115/2962
f 2443/115/2963 2449/115/2964 2450/115/2963
f 2443/115/2963 2450/115/2963 2444/115/2963
f 2444/115/2955 2450/115/166 2451/115/166
f 2444/115/2955 2451/115/166 2445/115/542
f 2445/115/2965 2451/115/2965 2446/115/2965
f 2445/115/2965 2446/115/2965 2440/115/2965
f 2446/115/2966 2452/115/2967 2453/115/2968
f 2446/115/2966 2453/115/2968 2447/115/2969
f 2447/115/196 2453/115/196 2454/115/196
f 2447/115/196 2454/115/196 2448/115/196
f 2448/115/2970 2454/115/2970 2455/115/2970
f 2448/115/2970 2455/115/2970 2449/115/2971
f 2449/115/2972 2455/115/2972 2456/115/2972
f 2449/115/2972 2456/115/2972 2450/115/2973
f 2450/115/166 2456/115/166 2457/115/166
f 2450/115/166 2457/115/166 2451/115/166
f 2451/115/2974 2457/115/2975 2452/115/2976
f 2451/115/2974 2452/115/2976 2446/115/2977
f 2452/115/2978 2458/115/2979 2459/115/2980
f 2452/115/2978 2459/115/2980 2453/115/2978
f 2453/115/196 2459/115/196 2460/115/196
f 2453/115/196 2460/115/196 2454/115/196
f 2454/115/2981 2460/115/2981 2461/115/2981
f 2454/115/2981 2461/115/2981 2455/115/2981
f 2455/115/2982 2461/115/2982 2462/115/2982
f 2455/115/2982 2462/115/2982 2456/115/2983
f 2456/115/166 2462/115/2984 2463/115/166
f 2456/115/166 2463/115/166 2457/115/166
f 2457/115/2985 2463/115/2986 2458/115/2987
f 2457/115/2985 2458/115/2987 2452/115/2988
f 2458/115/2989 2464/115/2990 2465/115/2991
f 2458/115/2989 2465/115/2991 2459/115/2989
f 2459/115/196 2465/115/196 2466/115/196
f 2459/115/196 2466/115/196 2460/115/196
f 2460/115/2992 2466/115/2993 2467/115/2992
f 2460/115/2992 2467/115/2992 2461/115/2992
f 2461/115/2994 2467/115/2995 2468/115/2994
f 2461/115/2994 2468/115/2994 2462/115/2994
f 2462/115/2984 2468/115/2955 2469/115/2955
f 2462/115/2984 2469/115/2955 2463/115/166
f 2463/115/2996 2469/115/2997 2464/115/2996
f 2463/115/2996 2464/115/2996 2458/115/2998
f 2464/115/2999 2470/115/3000 2471/115/2999
f 2464/115/2999 2471/115/2999 2465/115/2999
f 2465/115/196 2471/115/196 2472/115/196
f 2465/115/196 2472/115/196 2466/115/196
f 2466/115/3001 2472/115/3001 2473/115/3001
f 2466/115/3001 2473/115/3001 2467/115/3001
f 2467/115/3002 2473/115/3003 2474/115/3004
f 2467/115/3002 2474/115/3004 2468/115/3004
f 2468/115/2955 2474/115/166 2475/115/166
f 2468/115/2955 2475/115/166 2469/115/2955
f 2469/115/3005 2475/115/3005 2470/115/3005
f 2469/115/3005 2470/115/3005 2464/115/3005
f 2470/115/2950 2476/115/3006 2477/115/2950
f 2470/115/2950 2477/115/2950 2471/115/3007
f 2471/115/196 2477/115/196 2478/115/196
f 2471/115/196 2478/115/196 2472/115/196
f 2472/115/3008 2478/115/3008 2479/115/3008
f 2472/115/3008 2479/115/3008 2473/115/2947
f 2473/115/3009 2479/115/2959 2480/115/2956
f 2473/115/3009 2480/115/2956 2474/115/2958
f 2474/115/166 2480/115/3010 2481/115/3010
f 2474/115/166 2481/115/3010 2475/115/166
f 2475/115/3011 2481/115/3012 2476/115/3011
f 2475/115/3011 2476/115/3011 2470/115/3011
f 2476/115/3013 2482/115/3014 2483/115/3015
f 2476/115/3013 2483/115/3015 2477/115/3016
f 2477/115/196 2483/115/196 2484/115/3017
f 2477/115/196 2484/115/3017 2478/115/196
f 2478/115/3018 2484/115/3018 2485/115/3018
f 2478/115/3018 2485/115/3018 2479/115/3019
f 2479/115/3020 2485/115/3020 2486/115/3020
f 2479/115/3020 2486/115/3020 2480/115/3020
f 2480/115/3010 2486/115/166 2487/115/166
f 2480/115/3010 2487/115/166 2481/115/3010
f 2481/115/3021 2487/115/3021 2482/115/3021
f 2481/115/3021 2482/115/3021 2476/115/3022
f 2482/115/3023 2488/115/3024 2489/115/3024
f 2482/115/3023 2489/115/3024 2483/115/3025
f 2483/115/196 2489/115/196 2490/115/196
f 2483/115/196 2490/115/196 2484/115/3017
f 2484/115/3026 2490/115/3026 2491/115/3026
f 2484/115/3026 2491/115/3026 2485/115/3026
f 2485/115/2975 2491/115/2975 2492/115/2975
f 2485/115/2975 2492/115/2975 2486/115/2975
f 2486/115/166 2492/115/166 2493/115/166
f 2486/115/166 2493/115/166 2487/115/166
f 2487/115/3027 2493/115/2972 2488/115/3028
f 2487/115/3027 2488/115/3028 2482/115/3029
f 2488/115/3030 2494/115/3031 2495/115/3032
f 2488/115/3030 2495/115/3032 2489/115/3033
f 2489/115/196 2495/115/196 2496/115/196
f 2489/115/196 2496/115/196 2490/115/196
f 2490/115/3034 2496/115/3034 2497/115/3034
f 2490/115/3034 2497/115/3034 2491/115/3034
f 2491/115/3035 2497/115/3035 2498/115/3035
f 2491/115/3035 2498/115/3035 2492/115/3035
f 2492/115/166 2498/115/3036 2499/115/166
f 2492/115/166 2499/115/166 2493/115/166
f 2493/115/3037 2499/115/3038 2494/115/3039
f 2493/115/3037 2494/115/3039 2488/115/2983
f 2494/115/3040 2500/115/3040 2501/115/3040
f 2494/115/3040 2501/115/3040 2495/115/3040
f 2495/115/196 2501/115/3041 2502/115/196
f 2495/115/196 2502/115/196 2496/115/196
f 2496/115/3042 2502/115/3042 2503/115/3042
f 2496/115/3042 2503/115/3042 2497/115/3042
f 2497/115/2997 2503/115/2997 2504/115/2997
f 2497/115/2997 2504/115/2997 2498/115/2997
f 2498/115/3036 2504/115/3010 2505/115/166
f 2498/115/3036 2505/115/166 2499/115/166
f 2499/115/3043 2505/115/3043 2500/115/3043
f 2499/115/3043 2500/115/3043 2494/115/3044
f 2500/115/3045 2434/115/3046 2435/115/3045
f 2500/115/3045 2435/115/3045 2501/115/3047
f 2501/115/3041 2435/115/196 2436/115/196
f 2501/115/3041 2436/115/196 2502/115/196
f 2502/115/2999 2436/115/3048 2437/115/3049
f 2502/115/2999 2437/115/3049 2503/115/3050
f 2503/115/3051 2437/115/3005 2438/115/3051
f 2503/115/3051 2438/115/3051 2504/115/3051
f 2504/115/3010 2438/115/2954 2439/115/542
f 2504/115/3010 2439/115/542 2505/115/166
f 2505/115/3052 2439/115/3053 2434/115/3004
f 2505/115/3052 2434/115/3004 2500/115/3053
f 2506/115/2211 2512/115/2212 2513/115/2145
f 2506/115/2211 2513/115/2145 2507/115/2211
f 2507/115/987 2513/115/987 2514/115/987
f 2507/115/987 2514/115/987 2508/115/987
f 2508/115/2213 2514/115/2214 2515/115/2142
f 2508/115/2213 2515/115/2142 2509/115/2215
f 2509/115/2216 2515/115/2217 2516/115/2151
f 2509/115/2216 2516/115/2151 2510/115/2153
f 2510/115/985 2516/115/985 2517/115/985
f 2510/115/985 2517/115/985 2511/115/985
f 2511/115/2149 2517/115/2218 2512/115/2150
f 2511/115/2149 2512/115/2150 2506/115/2149
f 2512/115/2157 2518/115/2157 2519/115/2157
f 2512/115/2157 2519/115/2157 2513/115/3054
f 2513/115/987 2519/115/987 2520/115/987
f 2513/115/987 2520/115/987 2514/115/987
f 2514/115/3055 2520/115/2154 2521/115/3055
f 2514/115/3055 2521/115/3055 2515/115/2221
f 2515/115/3056 2521/115/3057 2522/115/3058
f 2515/115/3056 2522/115/3058 2516/115/3059
f 2516/115/985 2522/115/985 2523/115/985
f 2516/115/985 2523/115/985 2517/115/985
f 2517/115/3060 2523/115/3060 2518/115/3060
f 2517/115/3060 2518/115/3060 2512/115/3061
f 2518/115/3062 2524/115/2169 2525/115/3062
f 2518/115/3062 2525/115/3062 2519/115/3063
f 2519/115/987 2525/115/987 2526/115/987
f 2519/115/987 2526/115/987 2520/115/987
f 2520/115/3064 2526/115/2166 2527/115/3064
f 2520/115/3064 2527/115/3064 2521/115/3065
f 2521/115/3066 2527/115/3067 2528/115/3066
f 2521/115/3066 2528/115/3066 2522/115/3068
f 2522/115/985 2528/115/985 2529/115/985
f 2522/115/985 2529/115/985 2523/115/985
f 2523/115/3069 2529/115/3070 2524/115/3069
f 2523/115/3069 2524/115/3069 2518/115/3069
f 2524/115/3071 2530/115/3071 2531/115/3071
f 2524/115/3071 2531/115/3071 2525/115/3072
f 2525/115/987 2531/115/987 2532/115/987
f 2525/115/987 2532/115/987 2526/115/987
f 2526/115/3073 2532/115/3074 2533/115/3075
f 2526/115/3073 2533/115/3075 2527/115/3076
f 2527/115/3077 2533/115/3078 2534/115/3077
f 2527/115/3077 2534/115/3077 2528/115/2187
f 2528/115/985 2534/115/985 2535/115/985
f 2528/115/985 2535/115/985 2529/115/985
f 2529/115/3079 2535/115/3080 2530/115/3079
f 2529/115/3079 2530/115/3079 2524/115/2184
f 2530/115/3081 2536/115/3081 2537/115/3081
f 2530/115/3081 2537/115/3081 2531/115/3081
f 2531/115/987 2537/115/987 2538/115/987
f 2531/115/987 2538/115/987 2532/115/987
f 2532/115/3082 2538/115/3083 2539/115/3084
f 2532/115/3082 2539/115/3084 2533/115/3085
f 2533/115/3086 2539/115/2246 2540/115/3086
f 2533/115/3086 2540/115/3086 2534/115/2196
f 2534/115/985 2540/115/985 2541/115/985
f 2534/115/985 2541/115/985 2535/115/985
f 2535/115/2195 2541/115/3087 2536/115/2195
f 2535/115/2195 2536/115/2195 2530/115/2195
f 2536/115/2251 2542/115/2200 2543/115/2200
f 2536/115/2251 2543/115/2200 2537/115/2251
f 2537/115/987 2543/115/987 2544/115/987
f 2537/115/987 2544/115/987 2538/115/987
f 2538/115/2199 2544/115/2252 2545/115/2253
f 2538/115/2199 2545/115/2253 2539/115/2254
f 2539/115/2208 2545/115/2255 2546/115/2256
f 2539/115/2208 2546/115/2256 2540/115/2257
f 2540/115/985 2546/115/985 2547/115/985
f 2540/115/985 2547/115/985 2541/115/985
f 2541/115/2204 2547/115/2258 2542/115/2258
f 2541/115/2204 2542/115/2258 2536/115/2259
f 2542/115/2140 2548/115/2141 2549/115/2142
f 2542/115/2140 2549/115/2142 2543/115/2140
f 2543/115/987 2549/115/987 2550/115/987
f 2543/115/987 2550/115/987 2544/115/987
f 2544/115/2143 2550/115/2144 2551/115/2145
f 2544/115/2143 2551/115/2145 2545/115/2146
f 2545/115/2147 2551/115/2148 2552/115/2149
f 2545/115/2147 2552/115/2149 2546/115/2150
f 2546/115/985 2552/115/985 2553/115/985
f 2546/115/985 2553/115/985 2547/115/985
f 2547/115/2151 2553/115/2152 2548/115/2153
f 2547/115/2151 2548/115/2153 2542/115/2151
f 2548/115/3088 2554/115/3088 2555/115/3088
f 2548/115/3088 2555/115/3088 2549/115/3089
f 2549/115/987 2555/115/987 2556/115/987
f 2549/115/987 2556/115/987 2550/115/987
f 2550/115/2158 2556/115/3090 2557/115/2158
f 2550/115/2158 2557/115/2158 2551/115/3091
f 2551/115/3092 2557/115/3060 2558/115/3092
f 2551/115/3092 2558/115/3092 2552/115/3093
f 2552/115/985 2558/115/985 2559/115/985
f 2552/115/985 2559/115/985 2553/115/985
f 2553/115/3094 2559/115/3094 2554/115/3094
f 2553/115/3094 2554/115/3094 2548/115/3094
f 2554/115/2229 2560/115/2230 2561/115/2229
f 2554/115/2229 2561/115/2229 2555/115/2229
f 2555/115/987 2561/115/987 2562/115/987
f 2555/115/987 2562/115/987 2556/115/987
f 2556/115/2227 2562/115/2228 2563/115/2227
f 2556/115/2227 2563/115/2227 2557/115/2227
f 2557/115/2233 2563/115/3095 2564/115/2233
f 2557/115/2233 2564/115/2233 2558/115/2233
f 2558/115/985 2564/115/985 2565/115/985
f 2558/115/985 2565/115/985 2559/115/985
f 2559/115/2231 2565/115/3096 2560/115/2231
f 2559/115/2231 2560/115/2231 2554/115/2231
f 2560/115/2237 2566/115/2237 2567/115/2237
f 2560/115/2237 2567/115/2237 2561/115/2238
f 2561/115/987 2567/115/987 2568/115/987
f 2561/115/987 2568/115/987 2562/115/987
f 2562/115/2235 2568/115/2235 2569/115/2235
f 2562/115/2235 2569/115/2235 2563/115/2236
f 2563/115/2241 2569/115/2241 2570/115/2241
f 2563/115/2241 2570/115/2241 2564/115/2242
f 2564/115/985 2570/115/985 2571/115/985
f 2564/115/985 2571/115/985 2565/115/985
f 2565/115/2239 2571/115/2239 2566/115/2239
f 2565/115/2239 2566/115/2239 2560/115/2240
f 2566/115/3097 2572/115/3097 2573/115/3097
f 2566/115/3097 2573/115/3097 2567/115/3097
f 2567/115/987 2573/115/987 2574/115/987
f 2567/115/987 2574/115/987 2568/115/987
f 2568/115/3098 2574/115/3099 2575/115/3098
f 2568/115/3098 2575/115/3098 2569/115/3081
f 2569/115/2194 2575/115/3100 2576/115/2194
f 2569/115/2194 2576/115/2194 2570/115/3101
f 2570/115/985 2576/115/985 2577/115/985
f 2570/115/985 2577/115/985 2571/115/985
f 2571/115/3102 2577/115/3103 2572/115/3102
f 2571/115/3102 2572/115/3102 2566/115/3102
f 2572/115/2198 2506/115/2199 2507/115/2199
f 2572/115/2198 2507/115/2199 2573/115/2198
f 2573/115/987 2507/115/987 2508/115/987
f 2573/115/987 2508/115/987 2574/115/987
f 2574/115/2200 2508/115/2201 2509/115/2202
f 2574/115/2200 2509/115/2202 2575/115/2203
f 2575/115/2204 2509/115/2205 2510/115/2206
f 2575/115/2204 2510/115/2206 2576/115/2207
f 2576/115/985 2510/115/985 2511/115/985
f 2576/115/985 2511/115/985 2577/115/985
f 2577/115/2208 2511/115/2209 2506/115/2209
f 2577/115/2208 2506/115/2209 2572/115/2210
f 2578/115/2324 2584/115/3104 2585/115/2324
f 2578/115/2324 2585/115/2324 2579/115/2322
f 2579/115/181 2585/115/181 2586/115/181
f 2579/115/181 2586/115/181 2580/115/181
f 2580/115/2318 2586/115/2318 2587/115/2318
f 2580/115/2318 2587/115/2318 2581/115/2319
f 2581/115/2316 2587/115/3105 2588/115/2314
f 2581/115/2316 2588/115/2314 2582/115/2315
f 2582/115/170 2588/115/2305 2589/115/2305
f 2582/115/170 2589/115/2305 2583/115/170
f 2583/115/2312 2589/115/2310 2584/115/2312
f 2583/115/2312 2584/115/2312 2578/115/2312
f 2584/115/3106 2590/115/2309 2591/115/3107
f 2584/115/3106 2591/115/3107 2585/115/3108
f 2585/115/181 2591/115/181 2592/115/2330
f 2585/115/181 2592/115/2330 2586/115/181
f 2586/115/3109 2592/115/3109 2593/115/3109
f 2586/115/3109 2593/115/3109 2587/115/3110
f 2587/115/3111 2593/115/3111 2594/115/3111
f 2587/115/3111 2594/115/3111 2588/115/3111
f 2588/115/2305 2594/115/170 2595/115/170
f 2588/115/2305 2595/115/170 2589/115/2305
f 2589/115/2304 2595/115/3112 2590/115/2304
f 2589/115/2304 2590/115/2304 2584/115/3113
f 2590/115/2302 2596/115/3114 2597/115/3114
f 2590/115/2302 2597/115/3114 2591/115/3115
f 2591/115/181 2597/115/181 2598/115/181
f 2591/115/181 2598/115/181 2592/115/2330
f 2592/115/3116 2598/115/3116 2599/115/3116
f 2592/115/3116 2599/115/3116 2593/115/2298
f 2593/115/3117 2599/115/3117 2600/115/3117
f 2593/115/3117 2600/115/3117 2594/115/3117
f 2594/115/170 2600/115/170 2601/115/170
f 2594/115/170 2601/115/170 2595/115/170
f 2595/115/2295 2601/115/2296 2596/115/2293
f 2595/115/2295 2596/115/2293 2590/115/2294
f 2596/115/2291 2602/115/2292 2603/115/2289
f 2596/115/2291 2603/115/2289 2597/115/2290
f 2597/115/181 2603/115/181 2604/115/181
f 2597/115/181 2604/115/181 2598/115/181
f 2598/115/2349 2604/115/2349 2605/115/2349
f 2598/115/2349 2605/115/2349 2599/115/2349
f 2599/115/2287 2605/115/2287 2606/115/2287
f 2599/115/2287 2606/115/2287 2600/115/2287
f 2600/115/170 2606/115/3118 2607/115/170
f 2600/115/170 2607/115/170 2601/115/170
f 2601/115/3119 2607/115/3120 2602/115/2283
f 2601/115/3119 2602/115/2283 2596/115/3121
f 2602/115/2280 2608/115/2280 2609/115/2280
f 2602/115/2280 2609/115/2280 2603/115/2280
f 2603/115/181 2609/115/2269 2610/115/181
f 2603/115/181 2610/115/181 2604/115/181
f 2604/115/3122 2610/115/3122 2611/115/3123
f 2604/115/3122 2611/115/3123 2605/115/3122
f 2605/115/3124 2611/115/3124 2612/115/3124
f 2605/115/3124 2612/115/3124 2606/115/3124
f 2606/115/3118 2612/115/2305 2613/115/170
f 2606/115/3118 2613/115/170 2607/115/170
f 2607/115/2273 2613/115/2273 2608/115/2273
f 2607/115/2273 2608/115/2273 2602/115/2273
f 2608/115/2271 2614/115/3125 2615/115/2270
f 2608/115/2271 2615/115/2270 2609/115/3126
f 2609/115/2269 2615/115/181 2616/115/181
f 2609/115/2269 2616/115/181 2610/115/181
f 2610/115/2267 2616/115/2268 2617/115/2265
f 2610/115/2267 2617/115/2265 2611/115/2332
f 2611/115/2263 2617/115/2264 2618/115/2263
f 2611/115/2263 2618/115/2263 2612/115/2263
f 2612/115/2305 2618/115/3127 2619/115/535
f 2612/115/2305 2619/115/535 2613/115/170
f 2613/115/2262 2619/115/3128 2614/115/2260
f 2613/115/2262 2614/115/2260 2608/115/3129
f 2614/115/2319 2620/115/3130 2621/115/2319
f 2614/115/2319 2621/115/2319 2615/115/3131
f 2615/115/181 2621/115/181 2622/115/181
f 2615/115/181 2622/115/181 2616/115/181
f 2616/115/2324 2622/115/2324 2623/115/2373
f 2616/115/2324 2623/115/2373 2617/115/3104
f 2617/115/2372 2623/115/2372 2624/115/2372
f 2617/115/2372 2624/115/2372 2618/115/2372
f 2618/115/3127 2624/115/2276 2625/115/535
f 2618/115/3127 2625/115/535 2619/115/535
f 2619/115/2314 2625/115/3132 2620/115/2315
f 2619/115/2314 2620/115/2315 2614/115/2317
f 2620/115/2368 2626/115/2369 2627/115/2368
f 2620/115/2368 2627/115/2368 2621/115/2368
f 2621/115/181 2627/115/181 2628/115/181
f 2621/115/181 2628/115/181 2622/115/181
f 2622/115/3133 2628/115/3134 2629/115/3133
f 2622/115/3133 2629/115/3133 2623/115/3133
f 2623/115/2365 2629/115/2364 2630/115/2365
f 2623/115/2365 2630/115/2365 2624/115/2365
f 2624/115/2276 2630/115/170 2631/115/170
f 2624/115/2276 2631/115/170 2625/115/535
f 2625/115/2361 2631/115/2361 2626/115/2361
f 2625/115/2361 2626/115/2361 2620/115/2361
f 2626/115/2359 2632/115/2360 2633/115/3135
f 2626/115/2359 2633/115/3135 2627/115/2358
f 2627/115/181 2633/115/181 2634/115/181
f 2627/115/181 2634/115/181 2628/115/181
f 2628/115/3136 2634/115/3136 2635/115/3136
f 2628/115/3136 2635/115/3136 2629/115/2355
f 2629/115/2354 2635/115/2354 2636/115/2354
f 2629/115/2354 2636/115/2354 2630/115/2354
f 2630/115/170 2636/115/170 2637/115/170
f 2630/115/170 2637/115/170 2631/115/170
f 2631/115/2353 2637/115/3137 2632/115/2297
f 2631/115/2353 2632/115/2297 2626/115/2352
f 2632/115/3138 2638/115/2350 2639/115/2347
f 2632/115/3138 2639/115/2347 2633/115/2349
f 2633/115/181 2639/115/181 2640/115/181
f 2633/115/181 2640/115/181 2634/115/181
f 2634/115/2346 2640/115/2346 2641/115/2346
f 2634/115/2346 2641/115/2346 2635/115/2346
f 2635/115/2345 2641/115/2345 2642/115/2345
f 2635/115/2345 2642/115/2345 2636/115/3121
f 2636/115/170 2642/115/3139 2643/115/170
f 2636/115/170 2643/115/170 2637/115/170
f 2637/115/3140 2643/115/2343 2638/115/2340
f 2637/115/3140 2638/115/2340 2632/115/2341
f 2638/115/2339 2644/115/3141 2645/115/3142
f 2638/115/2339 2645/115/3142 2639/115/2339
f 2639/115/181 2645/115/181 2646/115/181
f 2639/115/181 2646/115/181 2640/115/181
f 2640/115/2338 2646/115/2337 2647/115/2338
f 2640/115/2338 2647/115/2338 2641/115/2338
f 2641/115/3143 2647/115/3144 2648/115/3143
f 2641/115/3143 2648/115/3143 2642/115/3143
f 2642/115/3139 2648/115/2276 2649/115/2276
f 2642/115/3139 2649/115/2276 2643/115/170
f 2643/115/2333 2649/115/3124 2644/115/2333
f 2643/115/2333 2644/115/2333 2638/115/2334
f 2644/115/2267 2578/115/3145 2579/115/2267
f 2644/115/2267 2579/115/2267 2645/115/3146
f 2645/115/181 2579/115/181 2580/115/181
f 2645/115/181 2580/115/181 2646/115/181
f 2646/115/2329 2580/115/2329 2581/115/2329
f 2646/115/2329 2581/115/2329 2647/115/2329
f 2647/115/2328 2581/115/3147 2582/115/2260
f 2647/115/2328 2582/115/2260 2648/115/2260
f 2648/115/2276 2582/115/170 2583/115/170
f 2648/115/2276 2583/115/170 2649/115/2276
f 2649/115/2264 2583/115/2264 2578/115/2264
f 2649/115/2264 2578/115/2264 2644/115/2264
f 2650/115/2378 2656/115/3148 2657/115/2378
f 2650/115/2378 2657/115/2378 2651/115/3149
f 2651/115/987 2657/115/987 2658/115/987
f 2651/115/987 2658/115/987 2652/115/987
f 2652/115/2375 2658/115/2443 2659/115/2444
f 2652/115/2375 2659/115/2444 2653/115/3150
f 2653/115/2446 2659/115/3151 2660/115/2386
f 2653/115/2446 2660/115/2386 2654/115/2388
f 2654/115/985 2660/115/985 2661/115/985
f 2654/115/985 2661/115/985 2655/115/985
f 2655/115/2384 2661/115/3152 2656/115/2384
f 2655/115/2384 2656/115/2384 2650/115/2385
f 2656/115/3153 2662/115/3153 2663/115/3153
f 2656/115/3153 2663/115/3153 2657/115/2448
f 2657/115/987 2663/115/987 2664/115/987
f 2657/115/987 2664/115/987 2658/115/987
f 2658/115/3154 2664/115/3155 2665/115/3154
f 2658/115/3154 2665/115/3154 2659/115/2451
f 2659/115/3156 2665/115/3157 2666/115/3156
f 2659/115/3156 2666/115/3156 2660/115/3158
f 2660/115/985 2666/115/985 2667/115/985
f 2660/115/985 2667/115/985 2661/115/985
f 2661/115/3159 2667/115/3159 2662/115/3160
f 2661/115/3159 2662/115/3160 2656/115/3159
f 2662/115/2456 2668/115/3161 2669/115/3162
f 2662/115/2456 2669/115/3162 2663/115/2457
f 2663/115/987 2669/115/987 2670/115/987
f 2663/115/987 2670/115/987 2664/115/987
f 2664/115/3163 2670/115/3163 2671/115/3163
f 2664/115/3163 2671/115/3163 2665/115/3163
f 2665/115/2406 2671/115/2406 2672/115/2406
f 2665/115/2406 2672/115/2406 2666/115/2406
f 2666/115/985 2672/115/985 2673/115/985
f 2666/115/985 2673/115/985 2667/115/985
f 2667/115/3164 2673/115/2404 2668/115/3165
f 2667/115/3164 2668/115/3165 2662/115/3166
f 2668/115/3167 2674/115/3167 2675/115/3168
f 2668/115/3167 2675/115/3168 2669/115/2412
f 2669/115/987 2675/115/987 2676/115/987
f 2669/115/987 2676/115/987 2670/115/987
f 2670/115/2411 2676/115/2411 2677/115/2411
f 2670/115/2411 2677/115/2411 2671/115/2411
f 2671/115/3169 2677/115/3169 2678/115/3169
f 2671/115/3169 2678/115/3169 2672/115/2417
f 2672/115/985 2678/115/985 2679/115/985
f 2672/115/985 2679/115/985 2673/115/985
f 2673/115/3170 2679/115/2477 2674/115/2414
f 2673/115/3170 2674/115/2414 2668/115/2414
f 2674/115/3171 2680/115/3171 2681/115/3171
f 2674/115/3171 2681/115/3171 2675/115/3171
f 2675/115/987 2681/115/987 2682/115/987
f 2675/115/987 2682/115/987 2676/115/987
f 2676/115/3172 2682/115/3173 2683/115/3172
f 2676/115/3172 2683/115/3172 2677/115/3174
f 2677/115/3175 2683/115/3176 2684/115/3175
f 2677/115/3175 2684/115/3175 2678/115/3177
f 2678/115/985 2684/115/985 2685/115/985
f 2678/115/985 2685/115/985 2679/115/985
f 2679/115/3178 2685/115/3179 2680/115/3178
f 2679/115/3178 2680/115/3178 2674/115/3178
f 2680/115/2430 2686/115/2433 2687/115/2430
f 2680/115/2430 2687/115/2430 2681/115/3180
f 2681/115/987 2687/115/987 2688/115/987
f 2681/115/987 2688/115/987 2682/115/987
f 2682/115/2427 2688/115/2486 2689/115/2487
f 2682/115/2427 2689/115/2487 2683/115/2428
f 2683/115/2489 2689/115/2490 2690/115/2438
f 2683/115/2489 2690/115/2438 2684/115/2491
f 2684/115/985 2690/115/985 2691/115/985
f 2684/115/985 2691/115/985 2685/115/985
f 2685/115/2436 2691/115/3181 2686/115/2436
f 2685/115/2436 2686/115/2436 2680/115/3182
f 2686/115/3183 2692/115/2445 2693/115/2445
f 2686/115/3183 2693/115/2445 2687/115/3183
f 2687/115/987 2693/115/987 2694/115/987
f 2687/115/987 2694/115/987 2688/115/987
f 2688/115/2378 2694/115/2379 2695/115/2380
f 2688/115/2378 2695/115/2380 2689/115/2442
f 2689/115/2382 2695/115/3184 2696/115/2384
f 2689/115/2382 2696/115/2384 2690/115/2385
f 2690/115/985 2696/115/985 2697/115/985
f 2690/115/985 2697/115/985 2691/115/985
f 2691/115/2388 2697/115/2388 2692/115/2388
f 2691/115/2388 2692/115/2388 2686/115/2388
f 2692/115/3154 2698/115/2390 2699/115/3185
f 2692/115/3154 2699/115/3185 2693/115/3155
f 2693/115/987 2699/115/987 2700/115/987
f 2693/115/987 2700/115/987 2694/115/987
f 2694/115/3153 2700/115/3186 2701/115/3153
f 2694/115/3153 2701/115/3153 2695/115/2393
f 2695/115/3159 2701/115/3187 2702/115/3159
f 2695/115/3159 2702/115/3159 2696/115/3159
f 2696/115/985 2702/115/985 2703/115/985
f 2696/115/985 2703/115/985 2697/115/985
f 2697/115/3156 2703/115/3188 2698/115/3189
f 2697/115/3156 2698/115/3189 2692/115/3190
f 2698/115/2399 2704/115/2402 2705/115/3191
f 2698/115/2399 2705/115/3191 2699/115/2461
f 2699/115/987 2705/115/987 2706/115/987
f 2699/115/987 2706/115/987 2700/115/987
f 2700/115/3162 2706/115/3192 2707/115/3162
f 2700/115/3162 2707/115/3162 2701/115/2459
f 2701/115/3193 2707/115/2404 2708/115/3193
f 2701/115/3193 2708/115/3193 2702/115/3194
f 2702/115/985 2708/115/985 2709/115/985
f 2702/115/985 2709/115/985 2703/115/985
f 2703/115/3195 2709/115/3196 2704/115/3195
f 2703/115/3195 2704/115/3195 2698/115/3197
f 2704/115/3198 2710/115/3199 2711/115/3198
f 2704/115/3198 2711/115/3198 2705/115/3200
f 2705/115/987 2711/115/987 2712/115/987
f 2705/115/987 2712/115/987 2706/115/987
f 2706/115/3201 2712/115/3202 2713/115/3201
f 2706/115/3201 2713/115/3201 2707/115/2412
f 2707/115/3170 2713/115/2475 2714/115/3170
f 2707/115/3170 2714/115/3170 2708/115/3203
f 2708/115/985 2714/115/985 2715/115/985
f 2708/115/985 2715/115/985 2709/115/985
f 2709/115/3204 2715/115/2472 2710/115/3205
f 2709/115/3204 2710/115/3205 2704/115/2416
f 2710/115/3206 2716/115/3207 2717/115/3172
f 2710/115/3206 2717/115/3172 2711/115/3208
f 2711/115/987 2717/115/987 2718/115/987
f 2711/115/987 2718/115/987 2712/115/987
f 2712/115/3171 2718/115/3171 2719/115/3171
f 2712/115/3171 2719/115/3171 2713/115/3209
f 2713/115/3178 2719/115/3210 2720/115/3178
f 2713/115/3178 2720/115/3178 2714/115/3211
f 2714/115/985 2720/115/985 2721/115/985
f 2714/115/985 2721/115/985 2715/115/985
f 2715/115/3212 2721/115/3177 2716/115/3175
f 2715/115/3212 2716/115/3175 2710/115/3213
f 2716/115/2428 2650/115/2428 2651/115/2428
f 2716/115/2428 2651/115/2428 2717/115/2486
f 2717/115/987 2651/115/987 2652/115/987
f 2717/115/987 2652/115/987 2718/115/987
f 2718/115/2430 2652/115/2431 2653/115/2432
f 2718/115/2430 2653/115/2432 2719/115/3214
f 2719/115/2434 2653/115/2435 2654/115/2436
f 2719/115/2434 2654/115/2436 2720/115/2437
f 2720/115/985 2654/115/985 2655/115/985
f 2720/115/985 2655/115/985 2721/115/985
f 2721/115/3215 2655/115/3215 2650/115/3215
f 2721/115/3215 2650/115/3215 2716/115/3215
f 2722/115/2549 2728/115/3216 2729/115/2549
f 2722/115/2549 2729/115/2549 2723/115/3217
f 2723/115/183 2729/115/183 2730/115/183
f 2723/115/183 2730/115/183 2724/115/183
f 2724/115/2547 2730/115/2548 2731/115/3218
f 2724/115/2547 2731/115/3218 2725/115/3219
f 2725/115/2544 2731/115/2544 2732/115/2544
f 2725/115/2544 2732/115/2544 2726/115/2544
f 2726/115/3220 2732/115/2560 2733/115/3221
f 2726/115/3220 2733/115/3221 2727/115/3221
f 2727/115/2541 2733/115/3222 2728/115/2594
f 2727/115/2541 2728/115/2594 2722/115/3223
f 2728/115/2538 2734/115/2540 2735/115/2538
f 2728/115/2538 2735/115/2538 2729/115/2538
f 2729/115/183 2735/115/183 2736/115/183
f 2729/115/183 2736/115/183 2730/115/183
f 2730/115/3224 2736/115/3224 2737/115/3224
f 2730/115/3224 2737/115/3224 2731/115/3224
f 2731/115/2535 2737/115/2535 2738/115/2535
f 2731/115/2535 2738/115/2535 2732/115/2535
f 2732/115/2560 2738/115/172 2739/115/172
f 2732/115/2560 2739/115/172 2733/115/3221
f 2733/115/2532 2739/115/2532 2734/115/2532
f 2733/115/2532 2734/115/2532 2728/115/2532
f 2734/115/2531 2740/115/2530 2741/115/3225
f 2734/115/2531 2741/115/3225 2735/115/3226
f 2735/115/183 2741/115/183 2742/115/183
f 2735/115/183 2742/115/183 2736/115/183
f 2736/115/3227 2742/115/3227 2743/115/3227
f 2736/115/3227 2743/115/3227 2737/115/2526
f 2737/115/2524 2743/115/2524 2744/115/2524
f 2737/115/2524 2744/115/2524 2738/115/2524
f 2738/115/172 2744/115/172 2745/115/172
f 2738/115/172 2745/115/172 2739/115/172
f 2739/115/2523 2745/115/3228 2740/115/2580
f 2739/115/2523 2740/115/2580 2734/115/2523
f 2740/115/3229 2746/115/2519 2747/115/2519
f 2740/115/3229 2747/115/2519 2741/115/3229
f 2741/115/183 2747/115/183 2748/115/183
f 2741/115/183 2748/115/183 2742/115/183
f 2742/115/2518 2748/115/2518 2749/115/2518
f 2742/115/2518 2749/115/2518 2743/115/3230
f 2743/115/2517 2749/115/2517 2750/115/2517
f 2743/115/2517 2750/115/2517 2744/115/3231
f 2744/115/172 2750/115/3232 2751/115/172
f 2744/115/172 2751/115/172 2745/115/172
f 2745/115/3233 2751/115/2513 2746/115/2512
f 2745/115/3233 2746/115/2512 2740/115/2513
f 2746/115/2511 2752/115/3234 2753/115/3234
f 2746/115/2511 2753/115/3234 2747/115/2511
f 2747/115/183 2753/115/183 2754/115/183
f 2747/115/183 2754/115/183 2748/115/183
f 2748/115/3235 2754/115/2510 2755/115/3235
f 2748/115/3235 2755/115/3235 2749/115/3235
f 2749/115/3236 2755/115/2558 2756/115/3236
f 2749/115/3236 2756/115/3236 2750/115/3236
f 2750/115/3232 2756/115/2560 2757/115/2560
f 2750/115/3232 2757/115/2560 2751/115/172
f 2751/115/2507 2757/115/3237 2752/115/2507
f 2751/115/2507 2752/115/2507 2746/115/2508
f 2752/115/2503 2758/115/3238 2759/115/2503
f 2752/115/2503 2759/115/2503 2753/115/3239
f 2753/115/183 2759/115/183 2760/115/183
f 2753/115/183 2760/115/183 2754/115/183
f 2754/115/2500 2760/115/2500 2761/115/2500
f 2754/115/2500 2761/115/2500 2755/115/2500
f 2755/115/3240 2761/115/3241 2762/115/2496
f 2755/115/3240 2762/115/2496 2756/115/2497
f 2756/115/2560 2762/115/172 2763/115/172
f 2756/115/2560 2763/115/172 2757/115/2560
f 2757/115/2493 2763/115/2493 2758/115/2493
f 2757/115/2493 2758/115/2493 2752/115/2493
f 2758/115/2547 2764/115/3219 2765/115/2547
f 2758/115/2547 2765/115/2547 2759/115/2598
f 2759/115/183 2765/115/183 2766/115/183
f 2759/115/183 2766/115/183 2760/115/183
f 2760/115/2597 2766/115/2597 2767/115/2597
f 2760/115/2597 2767/115/2597 2761/115/2549
f 2761/115/3242 2767/115/3243 2768/115/2541
f 2761/115/3242 2768/115/2541 2762/115/2594
f 2762/115/172 2768/115/2587 2769/115/2587
f 2762/115/172 2769/115/2587 2763/115/172
f 2763/115/2591 2769/115/2591 2764/115/2591
f 2763/115/2591 2764/115/2591 2758/115/2591
f 2764/115/3244 2770/115/2590 2771/115/2537
f 2764/115/3244 2771/115/2537 2765/115/3245
f 2765/115/183 2771/115/183 2772/115/2502
f 2765/115/183 2772/115/2502 2766/115/183
f 2766/115/3246 2772/115/3246 2773/115/3246
f 2766/115/3246 2773/115/3246 2767/115/3247
f 2767/115/3248 2773/115/3248 2774/115/3248
f 2767/115/3248 2774/115/3248 2768/115/3249
f 2768/115/2587 2774/115/172 2775/115/172
f 2768/115/2587 2775/115/172 2769/115/2587
f 2769/115/2585 2775/115/2586 2770/115/2585
f 2769/115/2585 2770/115/2585 2764/115/3250
f 2770/115/2584 2776/115/2583 2777/115/2583
f 2770/115/2584 2777/115/2583 2771/115/3251
f 2771/115/183 2777/115/183 2778/115/183
f 2771/115/183 2778/115/183 2772/115/2502
f 2772/115/2581 2778/115/3252 2779/115/2581
f 2772/115/2581 2779/115/2581 2773/115/2581
f 2773/115/3253 2779/115/3253 2780/115/3253
f 2773/115/3253 2780/115/3253 2774/115/3253
f 2774/115/172 2780/115/172 2781/115/172
f 2774/115/172 2781/115/172 2775/115/172
f 2775/115/2579 2781/115/2524 2776/115/2577
f 2775/115/2579 2776/115/2577 2770/115/3254
f 2776/115/2575 2782/115/3255 2783/115/2574
f 2776/115/2575 2783/115/2574 2777/115/3230
f 2777/115/183 2783/115/183 2784/115/183
f 2777/115/183 2784/115/183 2778/115/183
f 2778/115/2521 2784/115/2521 2785/115/2521
f 2778/115/2521 2785/115/2521 2779/115/3229
f 2779/115/2571 2785/115/2571 2786/115/2571
f 2779/115/2571 2786/115/2571 2780/115/2571
f 2780/115/172 2786/115/3256 2787/115/172
f 2780/115/172 2787/115/172 2781/115/172
f 2781/115/2569 2787/115/3231 2782/115/2568
f 2781/115/2569 2782/115/2568 2776/115/3231
f 2782/115/2565 2788/115/2565 2789/115/2565
f 2782/115/2565 2789/115/2565 2783/115/2566
f 2783/115/183 2789/115/2554 2790/115/183
f 2783/115/183 2790/115/183 2784/115/183
f 2784/115/3257 2790/115/3257 2791/115/3257
f 2784/115/3257 2791/115/3257 2785/115/3257
f 2785/115/3258 2791/115/3258 2792/115/3258
f 2785/115/3258 2792/115/3258 2786/115/3258
f 2786/115/3256 2792/115/2587 2793/115/172
f 2786/115/3256 2793/115/172 2787/115/172
f 2787/115/2557 2793/115/2557 2788/115/2557
f 2787/115/2557 2788/115/2557 2782/115/2557
f 2788/115/2555 2722/115/3259 2723/115/2555
f 2788/115/2555 2723/115/2555 2789/115/3260
f 2789/115/2554 2723/115/183 2724/115/183
f 2789/115/2554 2724/115/183 2790/115/183
f 2790/115/2503 2724/115/2505 2725/115/3261
f 2790/115/2503 2725/115/3261 2791/115/3262
f 2791/115/2551 2725/115/2493 2726/115/2551
f 2791/115/2551 2726/115/2551 2792/115/2551
f 2792/115/2587 2726/115/3220 2727/115/3221
f 2792/115/2587 2727/115/3221 2793/115/172
f 2793/115/2550 2727/115/3263 2722/115/2496
f 2793/115/2550 2722/115/2496 2788/115/3264
f 2794/115/2672 2800/115/2673 2801/115/2606
f 2794/115/2672 2801/115/2606 2795/115/2672
f 2795/115/987 2801/115/987 2802/115/987
f 2795/115/987 2802/115/987 2796/115/987
f 2796/115/3265 2802/115/2674 2803/115/2603
f 2796/115/3265 2803/115/2603 2797/115/2675
f 2797/115/2676 2803/115/2677 2804/115/2612
f 2797/115/2676 2804/115/2612 2798/115/2614
f 2798/115/985 2804/115/985 2805/115/985
f 2798/115/985 2805/115/985 2799/115/985
f 2799/115/2610 2805/115/2678 2800/115/2611
f 2799/115/2610 2800/115/2611 2794/115/2610
f 2800/115/2618 2806/115/2618 2807/115/2618
f 2800/115/2618 2807/115/2618 2801/115/3266
f 2801/115/987 2807/115/987 2808/115/987
f 2801/115/987 2808/115/987 2802/115/987
f 2802/115/3267 2808/115/2615 2809/115/3267
f 2802/115/3267 2809/115/3267 2803/115/3268
f 2803/115/3269 2809/115/3270 2810/115/3271
f 2803/115/3269 2810/115/3271 2804/115/3272
f 2804/115/985 2810/115/985 2811/115/985
f 2804/115/985 2811/115/985 2805/115/985
f 2805/115/3273 2811/115/3273 2806/115/3273
f 2805/115/3273 2806/115/3273 2800/115/3274
f 2806/115/3275 2812/115/2630 2813/115/3275
f 2806/115/3275 2813/115/3275 2807/115/3276
f 2807/115/987 2813/115/987 2814/115/987
f 2807/115/987 2814/115/987 2808/115/987
f 2808/115/3277 2814/115/2627 2815/115/3277
f 2808/115/3277 2815/115/3277 2809/115/3278
f 2809/115/3279 2815/115/3280 2816/115/3279
f 2809/115/3279 2816/115/3279 2810/115/3281
f 2810/115/985 2816/115/985 2817/115/985
f 2810/115/985 2817/115/985 2811/115/985
f 2811/115/3282 2817/115/3283 2812/115/3282
f 2811/115/3282 2812/115/3282 2806/115/3282
f 2812/115/3284 2818/115/3284 2819/115/3284
f 2812/115/3284 2819/115/3284 2813/115/3285
f 2813/115/987 2819/115/987 2820/115/987
f 2813/115/987 2820/115/987 2814/115/987
f 2814/115/3286 2820/115/3287 2821/115/3286
f 2814/115/3286 2821/115/3286 2815/115/3288
f 2815/115/3289 2821/115/3290 2822/115/3289
f 2815/115/3289 2822/115/3289 2816/115/2647
f 2816/115/985 2822/115/985 2823/115/985
f 2816/115/985 2823/115/985 2817/115/985
f 2817/115/3291 2823/115/3292 2818/115/3291
f 2817/115/3291 2818/115/3291 2812/115/2644
f 2818/115/3293 2824/115/3293 2825/115/3293
f 2818/115/3293 2825/115/3293 2819/115/3293
f 2819/115/987 2825/115/987 2826/115/987
f 2819/115/987 2826/115/987 2820/115/987
f 2820/115/3294 2826/115/3295 2827/115/3296
f 2820/115/3294 2827/115/3296 2821/115/3297
f 2821/115/3298 2827/115/2704 2828/115/3298
f 2821/115/3298 2828/115/3298 2822/115/2656
f 2822/115/985 2828/115/985 2829/115/985
f 2822/115/985 2829/115/985 2823/115/985
f 2823/115/2655 2829/115/3299 2824/115/2655
f 2823/115/2655 2824/115/2655 2818/115/2655
f 2824/115/2662 2830/115/2661 2831/115/2661
f 2824/115/2662 2831/115/2661 2825/115/2708
f 2825/115/987 2831/115/987 2832/115/987
f 2825/115/987 2832/115/987 2826/115/987
f 2826/115/2659 2832/115/2658 2833/115/2709
f 2826/115/2659 2833/115/2709 2827/115/2710
f 2827/115/2669 2833/115/2711 2834/115/2712
f 2827/115/2669 2834/115/2712 2828/115/2713
f 2828/115/985 2834/115/985 2835/115/985
f 2828/115/985 2835/115/985 2829/115/985
f 2829/115/2665 2835/115/2714 2830/115/2714
f 2829/115/2665 2830/115/2714 2824/115/2715
f 2830/115/2601 2836/115/2602 2837/115/2603
f 2830/115/2601 2837/115/2603 2831/115/2601
f 2831/115/987 2837/115/987 2838/115/987
f 2831/115/987 2838/115/987 2832/115/987
f 2832/115/2606 2838/115/2605 2839/115/2606
f 2832/115/2606 2839/115/2606 2833/115/2607
f 2833/115/2608 2839/115/2609 2840/115/2610
f 2833/115/2608 2840/115/2610 2834/115/2611
f 2834/115/985 2840/115/985 2841/115/985
f 2834/115/985 2841/115/985 2835/115/985
f 2835/115/2612 2841/115/2613 2836/115/2614
f 2835/115/2612 2836/115/2614 2830/115/2612
f 2836/115/3300 2842/115/3300 2843/115/3300
f 2836/115/3300 2843/115/3300 2837/115/3300
f 2837/115/987 2843/115/987 2844/115/987
f 2837/115/987 2844/115/987 2838/115/987
f 2838/115/3301 2844/115/3302 2845/115/3301
f 2838/115/3301 2845/115/3301 2839/115/3303
f 2839/115/3274 2845/115/3273 2846/115/3274
f 2839/115/3274 2846/115/3274 2840/115/3304
f 2840/115/985 2846/115/985 2847/115/985
f 2840/115/985 2847/115/985 2841/115/985
f 2841/115/3305 2847/115/3305 2842/115/3305
f 2841/115/3305 2842/115/3305 2836/115/3305
f 2842/115/2687 2848/115/2688 2849/115/2687
f 2842/115/2687 2849/115/2687 2843/115/2687
f 2843/115/987 2849/115/987 2850/115/987
f 2843/115/987 2850/115/987 2844/115/987
f 2844/115/2685 2850/115/2686 2851/115/2685
f 2844/115/2685 2851/115/2685 2845/115/2685
f 2845/115/2691 2851/115/2692 2852/115/2691
f 2845/115/2691 2852/115/2691 2846/115/2691
f 2846/115/985 2852/115/985 2853/115/985
f 2846/115/985 2853/115/985 2847/115/985
f 2847/115/2689 2853/115/2690 2848/115/2689
f 2847/115/2689 2848/115/2689 2842/115/2689
f 2848/115/2695 2854/115/2695 2855/115/2695
f 2848/115/2695 2855/115/2695 2849/115/2696
f 2849/115/987 2855/115/987 2856/115/987
f 2849/115/987 2856/115/987 2850/115/987
f 2850/115/2693 2856/115/2693 2857/115/2693
f 2850/115/2693 2857/115/2693 2851/115/2694
f 2851/115/2699 2857/115/2699 2858/115/2699
f 2851/115/2699 2858/115/2699 2852/115/2700
f 2852/115/985 2858/115/985 2859/115/985
f 2852/115/985 2859/115/985 2853/115/985
f 2853/115/2697 2859/115/2697 2854/115/2697
f 2853/115/2697 2854/115/2697 2848/115/2698
f 2854/115/3306 2860/115/3306 2861/115/3306
f 2854/115/3306 2861/115/3306 2855/115/3306
f 2855/115/987 2861/115/987 2862/115/987
f 2855/115/987 2862/115/987 2856/115/987
f 2856/115/3307 2862/115/3308 2863/115/3307
f 2856/115/3307 2863/115/3307 2857/115/3293
f 2857/115/2654 2863/115/3309 2864/115/2654
f 2857/115/2654 2864/115/2654 2858/115/3310
f 2858/115/985 2864/115/985 2865/115/985
f 2858/115/985 2865/115/985 2859/115/985
f 2859/115/3311 2865/115/3312 2860/115/3311
f 2859/115/3311 2860/115/3311 2854/115/3311
f 2860/115/2660 2794/115/2659 2795/115/2659
f 2860/115/2660 2795/115/2659 2861/115/2660
f 2861/115/987 2795/115/987 2796/115/987
f 2861/115/987 2796/115/987 2862/115/987
f 2862/115/2661 2796/115/2662 2797/115/2663
f 2862/115/2661 2797/115/2663 2863/115/2664
f 2863/115/2665 2797/115/2666 2798/115/2667
f 2863/115/2665 2798/115/2667 2864/115/2668
f 2864/115/985 2798/115/985 2799/115/985
f 2864/115/985 2799/115/985 2865/115/985
f 2865/115/2669 2799/115/2670 2794/115/2670
f 2865/115/2669 2794/115/2670 2860/115/2671
f 2866/115/2778 2872/115/3313 2873/115/2778
f 2866/115/2778 2873/115/2778 2867/115/2776
f 2867/115/163 2873/115/163 2874/115/163
f 2867/115/163 2874/115/163 2868/115/163
f 2868/115/2772 2874/115/2772 2875/115/2772
f 2868/115/2772 2875/115/2772 2869/115/2773
f 2869/115/3314 2875/115/2771 2876/115/2768
f 2869/115/3314 2876/115/2768 2870/115/2769
f 2870/115/174 2876/115/2760 2877/115/2760
f 2870/115/174 2877/115/2760 2871/115/174
f 2871/115/2765 2877/115/3315 2872/115/2765
f 2871/115/2765 2872/115/2765 2866/115/2765
f 2872/115/3316 2878/115/2764 2879/115/2815
f 2872/115/3316 2879/115/2815 2873/115/3317
f 2873/115/163 2879/115/163 2880/115/2785
f 2873/115/163 2880/115/2785 2874/115/163
f 2874/115/3318 2880/115/3318 2881/115/3318
f 2874/115/3318 2881/115/3318 2875/115/3319
f 2875/115/3320 2881/115/3320 2882/115/3320
f 2875/115/3320 2882/115/3320 2876/115/3320
f 2876/115/2760 2882/115/174 2883/115/174
f 2876/115/2760 2883/115/174 2877/115/2760
f 2877/115/2759 2883/115/2759 2878/115/2759
f 2877/115/2759 2878/115/2759 2872/115/3321
f 2878/115/2758 2884/115/2756 2885/115/2756
f 2878/115/2758 2885/115/2756 2879/115/3322
f 2879/115/163 2885/115/163 2886/115/163
f 2879/115/163 2886/115/163 2880/115/2785
f 2880/115/2754 2886/115/3323 2887/115/2754
f 2880/115/2754 2887/115/2754 2881/115/2754
f 2881/115/3324 2887/115/3324 2888/115/3324
f 2881/115/3324 2888/115/3324 2882/115/3324
f 2882/115/174 2888/115/174 2889/115/174
f 2882/115/174 2889/115/174 2883/115/174
f 2883/115/2750 2889/115/2804 2884/115/2748
f 2883/115/2750 2884/115/2748 2878/115/2749
f 2884/115/2746 2890/115/2747 2891/115/2744
f 2884/115/2746 2891/115/2744 2885/115/3325
f 2885/115/163 2891/115/163 2892/115/163
f 2885/115/163 2892/115/163 2886/115/163
f 2886/115/2802 2892/115/2802 2893/115/2802
f 2886/115/2802 2893/115/2802 2887/115/3326
f 2887/115/2741 2893/115/2741 2894/115/2741
f 2887/115/2741 2894/115/2741 2888/115/2741
f 2888/115/174 2894/115/3327 2895/115/174
f 2888/115/174 2895/115/174 2889/115/174
f 2889/115/2739 2895/115/2800 2890/115/2738
f 2889/115/2739 2890/115/2738 2884/115/2800
f 2890/115/2736 2896/115/2736 2897/115/2736
f 2890/115/2736 2897/115/2736 2891/115/2736
f 2891/115/163 2897/115/2725 2898/115/163
f 2891/115/163 2898/115/163 2892/115/163
f 2892/115/3328 2898/115/3328 2899/115/3328
f 2892/115/3328 2899/115/3328 2893/115/3329
f 2893/115/3330 2899/115/3330 2900/115/3330
f 2893/115/3330 2900/115/3330 2894/115/3330
f 2894/115/3327 2900/115/2760 2901/115/174
f 2894/115/3327 2901/115/174 2895/115/174
f 2895/115/2729 2901/115/2729 2896/115/2729
f 2895/115/2729 2896/115/2729 2890/115/2729
f 2896/115/2726 2902/115/3331 2903/115/2726
f 2896/115/2726 2903/115/2726 2897/115/3332
f 2897/115/2725 2903/115/163 2904/115/163
f 2897/115/2725 2904/115/163 2898/115/163
f 2898/115/2723 2904/115/2724 2905/115/3333
f 2898/115/2723 2905/115/3333 2899/115/2722
f 2899/115/2719 2905/115/2720 2906/115/2719
f 2899/115/2719 2906/115/2719 2900/115/2719
f 2900/115/2760 2906/115/3334 2907/115/526
f 2900/115/2760 2907/115/526 2901/115/174
f 2901/115/2718 2907/115/2783 2902/115/2716
f 2901/115/2718 2902/115/2716 2896/115/3335
f 2902/115/2773 2908/115/3336 2909/115/2773
f 2902/115/2773 2909/115/2773 2903/115/3337
f 2903/115/163 2909/115/163 2910/115/163
f 2903/115/163 2910/115/163 2904/115/163
f 2904/115/2778 2910/115/2778 2911/115/2821
f 2904/115/2778 2911/115/2821 2905/115/2777
f 2905/115/2820 2911/115/2820 2912/115/2820
f 2905/115/2820 2912/115/2820 2906/115/2820
f 2906/115/3334 2912/115/2732 2913/115/526
f 2906/115/3334 2913/115/526 2907/115/526
f 2907/115/2768 2913/115/3338 2908/115/2769
f 2907/115/2768 2908/115/2769 2902/115/3339
f 2908/115/2816 2914/115/2817 2915/115/2816
f 2908/115/2816 2915/115/2816 2909/115/2816
f 2909/115/163 2915/115/163 2916/115/163
f 2909/115/163 2916/115/163 2910/115/163
f 2910/115/3340 2916/115/3341 2917/115/3340
f 2910/115/3340 2917/115/3340 2911/115/3340
f 2911/115/2813 2917/115/2812 2918/115/2813
f 2911/115/2813 2918/115/2813 2912/115/2813
f 2912/115/2732 2918/115/174 2919/115/174
f 2912/115/2732 2919/115/174 2913/115/526
f 2913/115/2810 2919/115/2810 2914/115/2810
f 2913/115/2810 2914/115/2810 2908/115/2810
f 2914/115/3342 2920/115/2808 2921/115/3343
f 2914/115/3342 2921/115/3343 2915/115/3344
f 2915/115/163 2921/115/163 2922/115/163
f 2915/115/163 2922/115/163 2916/115/163
f 2916/115/3345 2922/115/3345 2923/115/3345
f 2916/115/3345 2923/115/3345 2917/115/2757
f 2917/115/2804 2923/115/2804 2924/115/2804
f 2917/115/2804 2924/115/2804 2918/115/2804
f 2918/115/174 2924/115/174 2925/115/174
f 2918/115/174 2925/115/174 2919/115/174
f 2919/115/2803 2925/115/3324 2920/115/2752
f 2919/115/2803 2920/115/2752 2914/115/2803
f 2920/115/3326 2926/115/2801 2927/115/2801
f 2920/115/3326 2927/115/2801 2921/115/3326
f 2921/115/163 2927/115/163 2928/115/163
f 2921/115/163 2928/115/163 2922/115/163
f 2922/115/2745 2928/115/2745 2929/115/2745
f 2922/115/2745 2929/115/2745 2923/115/2745
f 2923/115/2800 2929/115/3346 2930/115/2800
f 2923/115/2800 2930/115/2800 2924/115/2800
f 2924/115/174 2930/115/3347 2931/115/174
f 2924/115/174 2931/115/174 2925/115/174
f 2925/115/3348 2931/115/2796 2926/115/3349
f 2925/115/3348 2926/115/3349 2920/115/2796
f 2926/115/2794 2932/115/3350 2933/115/3350
f 2926/115/2794 2933/115/3350 2927/115/2794
f 2927/115/163 2933/115/163 2934/115/163
f 2927/115/163 2934/115/163 2928/115/163
f 2928/115/2793 2934/115/2792 2935/115/2793
f 2928/115/2793 2935/115/2793 2929/115/2793
f 2929/115/3351 2935/115/2730 2936/115/3351
f 2929/115/3351 2936/115/3351 2930/115/3351
f 2930/115/3347 2936/115/2732 2937/115/2732
f 2930/115/3347 2937/115/2732 2931/115/174
f 2931/115/2788 2937/115/3330 2932/115/2788
f 2931/115/2788 2932/115/2788 2926/115/2789
f 2932/115/2723 2866/115/3352 2867/115/2723
f 2932/115/2723 2867/115/2723 2933/115/3353
f 2933/115/163 2867/115/163 2868/115/163
f 2933/115/163 2868/115/163 2934/115/163
f 2934/115/2784 2868/115/2784 2869/115/2784
f 2934/115/2784 2869/115/2784 2935/115/2784
f 2935/115/2782 2869/115/3354 2870/115/2716
f 2935/115/2782 2870/115/2716 2936/115/2716
f 2936/115/2732 2870/115/174 2871/115/174
f 2936/115/2732 2871/115/174 2937/115/2732
f 2937/115/2720 2871/115/2720 2866/115/2720
f 2937/115/2720 2866/115/2720 2932/115/2720
f 2938/115/2826 2944/115/3355 2945/115/2826
f 2938/115/2826 2945/115/2826 2939/115/3356
f 2939/115/987 2945/115/987 2946/115/987
f 2939/115/987 2946/115/987 2940/115/987
f 2940/115/2823 2946/115/2892 2947/115/2893
f 2940/115/2823 2947/115/2893 2941/115/2894
f 2941/115/2895 2947/115/2896 2948/115/2834
f 2941/115/2895 2948/115/2834 2942/115/3357
f 2942/115/985 2948/115/985 2949/115/985
f 2942/115/985 2949/115/985 2943/115/985
f 2943/115/2832 2949/115/3358 2944/115/2832
f 2943/115/2832 2944/115/2832 2938/115/2897
f 2944/115/3359 2950/115/3359 2951/115/3359
f 2944/115/3359 2951/115/3359 2945/115/3359
f 2945/115/987 2951/115/987 2952/115/987
f 2945/115/987 2952/115/987 2946/115/987
f 2946/115/3360 2952/115/3361 2953/115/3360
f 2946/115/3360 2953/115/3360 2947/115/2902
f 2947/115/3362 2953/115/3363 2954/115/3362
f 2947/115/3362 2954/115/3362 2948/115/3364
f 2948/115/985 2954/115/985 2955/115/985
f 2948/115/985 2955/115/985 2949/115/985
f 2949/115/3365 2955/115/3365 2950/115/3365
f 2949/115/3365 2950/115/3365 2944/115/3365
f 2950/115/3366 2956/115/2850 2957/115/3367
f 2950/115/3366 2957/115/3367 2951/115/3368
f 2951/115/987 2957/115/987 2958/115/987
f 2951/115/987 2958/115/987 2952/115/987
f 2952/115/3369 2958/115/2846 2959/115/3369
f 2952/115/3369 2959/115/3369 2953/115/3369
f 2953/115/2853 2959/115/2853 2960/115/2853
f 2953/115/2853 2960/115/2853 2954/115/2853
f 2954/115/985 2960/115/985 2961/115/985
f 2954/115/985 2961/115/985 2955/115/985
f 2955/115/3370 2961/115/2851 2956/115/3371
f 2955/115/3370 2956/115/3371 2950/115/3371
f 2956/115/2921 2962/115/3372 2963/115/3373
f 2956/115/2921 2963/115/3373 2957/115/2859
f 2957/115/987 2963/115/987 2964/115/987
f 2957/115/987 2964/115/987 2958/115/987
f 2958/115/2858 2964/115/2858 2965/115/2858
f 2958/115/2858 2965/115/2858 2959/115/2858
f 2959/115/3374 2965/115/3374 2966/115/3374
f 2959/115/3374 2966/115/3374 2960/115/3374
f 2960/115/985 2966/115/985 2967/115/985
f 2960/115/985 2967/115/985 2961/115/985
f 2961/115/3375 2967/115/3376 2962/115/2928
f 2961/115/3375 2962/115/2928 2956/115/3377
f 2962/115/3378 2968/115/3378 2969/115/3378
f 2962/115/3378 2969/115/3378 2963/115/3379
f 2963/115/987 2969/115/987 2970/115/987
f 2963/115/987 2970/115/987 2964/115/987
f 2964/115/3380 2970/115/3381 2971/115/3380
f 2964/115/3380 2971/115/3380 2965/115/3382
f 2965/115/3383 2971/115/2935 2972/115/3383
f 2965/115/3383 2972/115/3383 2966/115/3384
f 2966/115/985 2972/115/985 2973/115/985
f 2966/115/985 2973/115/985 2967/115/985
f 2967/115/3385 2973/115/3386 2968/115/3385
f 2967/115/3385 2968/115/3385 2962/115/3387
f 2968/115/2879 2974/115/2939 2975/115/2879
f 2968/115/2879 2975/115/2879 2969/115/3388
f 2969/115/987 2975/115/987 2976/115/987
f 2969/115/987 2976/115/987 2970/115/987
f 2970/115/2876 2976/115/2940 2977/115/2941
f 2970/115/2876 2977/115/2941 2971/115/3389
f 2971/115/2943 2977/115/3390 2978/115/2887
f 2971/115/2943 2978/115/2887 2972/115/2945
f 2972/115/985 2978/115/985 2979/115/985
f 2972/115/985 2979/115/985 2973/115/985
f 2973/115/2885 2979/115/3391 2974/115/2885
f 2973/115/2885 2974/115/2885 2968/115/3392
f 2974/115/3393 2980/115/3394 2981/115/3393
f 2974/115/3393 2981/115/3393 2975/115/3393
f 2975/115/987 2981/115/987 2982/115/987
f 2975/115/987 2982/115/987 2976/115/987
f 2976/115/2826 2982/115/2827 2983/115/2828
f 2976/115/2826 2983/115/2828 2977/115/2829
f 2977/115/2830 2983/115/2831 2984/115/2832
f 2977/115/2830 2984/115/2832 2978/115/2833
f 2978/115/985 2984/115/985 2985/115/985
f 2978/115/985 2985/115/985 2979/115/985
f 2979/115/2836 2985/115/2836 2980/115/2836
f 2979/115/2836 2980/115/2836 2974/115/2836
f 2980/115/3360 2986/115/2901 2987/115/3395
f 2980/115/3360 2987/115/3395 2981/115/3396
f 2981/115/987 2987/115/987 2988/115/987
f 2981/115/987 2988/115/987 2982/115/987
f 2982/115/3359 2988/115/2898 2989/115/3359
f 2982/115/3359 2989/115/3359 2983/115/2840
f 2983/115/3365 2989/115/3397 2990/115/3365
f 2983/115/3365 2990/115/3365 2984/115/3365
f 2984/115/985 2990/115/985 2991/115/985
f 2984/115/985 2991/115/985 2985/115/985
f 2985/115/3362 2991/115/3398 2986/115/3399
f 2985/115/3362 2986/115/3399 2980/115/3400
f 2986/115/3401 2992/115/3402 2993/115/3403
f 2986/115/3401 2993/115/3403 2987/115/2912
f 2987/115/987 2993/115/987 2994/115/987
f 2987/115/987 2994/115/987 2988/115/987
f 2988/115/3367 2994/115/3404 2995/115/3367
f 2988/115/3367 2995/115/3367 2989/115/2910
f 2989/115/3405 2995/115/2851 2996/115/3405
f 2989/115/3405 2996/115/3405 2990/115/3406
f 2990/115/985 2996/115/985 2997/115/985
f 2990/115/985 2997/115/985 2991/115/985
f 2991/115/3407 2997/115/3408 2992/115/3409
f 2991/115/3407 2992/115/3409 2986/115/3410
f 2992/115/3411 2998/115/3412 2999/115/3411
f 2992/115/3411 2999/115/3411 2993/115/2855
f 2993/115/987 2999/115/987 3000/115/987
f 2993/115/987 3000/115/987 2994/115/987
f 2994/115/3413 3000/115/3414 3001/115/3413
f 2994/115/3413 3001/115/3413 2995/115/2859
f 2995/115/3375 3001/115/2927 3002/115/3375
f 2995/115/3375 3002/115/3375 2996/115/3415
f 2996/115/985 3002/115/985 3003/115/985
f 2996/115/985 3003/115/985 2997/115/985
f 2997/115/3416 3003/115/2924 2998/115/2863
f 2997/115/3416 2998/115/2863 2992/115/3417
f 2998/115/3418 3004/115/3419 3005/115/3380
f 2998/115/3418 3005/115/3380 2999/115/3420
f 2999/115/987 3005/115/987 3006/115/987
f 2999/115/987 3006/115/987 3000/115/987
f 3000/115/3378 3006/115/3378 3007/115/3421
f 3000/115/3378 3007/115/3421 3001/115/3422
f 3001/115/3385 3007/115/2871 3008/115/3385
f 3001/115/3385 3008/115/3385 3002/115/2938
f 3002/115/985 3008/115/985 3009/115/985
f 3002/115/985 3009/115/985 3003/115/985
f 3003/115/3423 3009/115/3384 3004/115/3383
f 3003/115/3423 3004/115/3383 2998/115/2936
f 3004/115/2877 2938/115/2940 2939/115/2940
f 3004/115/2877 2939/115/2940 3005/115/2877
f 3005/115/987 2939/115/987 2940/115/987
f 3005/115/987 2940/115/987 3006/115/987
f 3006/115/2879 2940/115/2880 2941/115/2881
f 3006/115/2879 2941/115/2881 3007/115/3424
f 3007/115/2883 2941/115/3425 2942/115/2885
f 3007/115/2883 2942/115/2885 3008/115/2886
f 3008/115/985 2942/115/985 2943/115/985
f 3008/115/985 2943/115/985 3009/115/985
f 3009/115/3426 2943/115/3426 2938/115/3426
f 3009/115/3426 2938/115/3426 3004/115/3426
f 3010/115/3005 3016/115/3427 3017/115/3005
f 3010/115/3005 3017/115/3005 3011/115/3428
f 3011/115/166 3017/115/166 3018/115/166
f 3011/115/166 3018/115/166 3012/115/166
f 3012/115/3004 3018/115/3004 3019/115/3002
f 3012/115/3004 3019/115/3002 3013/115/3429
f 3013/115/3001 3019/115/3001 3020/115/3001
f 3013/115/3001 3020/115/3001 3014/115/3001
f 3014/115/3430 3020/115/3017 3021/115/529
f 3014/115/3430 3021/115/529 3015/115/529
f 3015/115/2999 3021/115/3431 3016/115/3048
f 3015/115/2999 3016/115/3048 3010/115/3050
f 3016/115/2996 3022/115/2998 3023/115/2996
f 3016/115/2996 3023/115/2996 3017/115/2996
f 3017/115/166 3023/115/166 3024/115/166
f 3017/115/166 3024/115/166 3018/115/166
f 3018/115/3432 3024/115/3432 3025/115/3432
f 3018/115/3432 3025/115/3432 3019/115/3432
f 3019/115/2993 3025/115/2992 3026/115/2993
f 3019/115/2993 3026/115/2993 3020/115/2993
f 3020/115/3017 3026/115/196 3027/115/196
f 3020/115/3017 3027/115/196 3021/115/529
f 3021/115/2989 3027/115/2989 3022/115/2989
f 3021/115/2989 3022/115/2989 3016/115/2989
f 3022/115/2987 3028/115/2988 3029/115/2985
f 3022/115/2987 3029/115/2985 3023/115/2986
f 3023/115/166 3029/115/166 3030/115/166
f 3023/115/166 3030/115/166 3024/115/166
f 3024/115/3433 3030/115/3433 3031/115/3433
f 3024/115/3433 3031/115/3433 3025/115/2982
f 3025/115/3033 3031/115/3033 3032/115/3033
f 3025/115/3033 3032/115/3033 3026/115/2981
f 3026/115/196 3032/115/196 3033/115/196
f 3026/115/196 3033/115/196 3027/115/196
f 3027/115/2980 3033/115/3434 3028/115/3034
f 3027/115/2980 3028/115/3034 3022/115/2979
f 3028/115/3435 3034/115/2977 3035/115/2974
f 3028/115/3435 3035/115/2974 3029/115/3435
f 3029/115/166 3035/115/166 3036/115/166
f 3029/115/166 3036/115/166 3030/115/166
f 3030/115/2973 3036/115/2973 3037/115/2973
f 3030/115/2973 3037/115/2973 3031/115/2973
f 3031/115/2971 3037/115/2971 3038/115/2971
f 3031/115/2971 3038/115/2971 3032/115/3436
f 3032/115/196 3038/115/3437 3039/115/196
f 3032/115/196 3039/115/196 3033/115/196
f 3033/115/2968 3039/115/2969 3034/115/2966
f 3033/115/2968 3034/115/2966 3028/115/2967
f 3034/115/2965 3040/115/3438 3041/115/3439
f 3034/115/2965 3041/115/3439 3035/115/2965
f 3035/115/166 3041/115/166 3042/115/166
f 3035/115/166 3042/115/166 3036/115/166
f 3036/115/2964 3042/115/2963 3043/115/2964
f 3036/115/2964 3043/115/2964 3037/115/2964
f 3037/115/3440 3043/115/3441 3044/115/3440
f 3037/115/3440 3044/115/3440 3038/115/3440
f 3038/115/3437 3044/115/3017 3045/115/3017
f 3038/115/3437 3045/115/3017 3039/115/196
f 3039/115/2960 3045/115/3442 3040/115/2960
f 3039/115/2960 3040/115/2960 3034/115/2961
f 3040/115/2956 3046/115/3443 3047/115/2956
f 3040/115/2956 3047/115/2956 3041/115/2956
f 3041/115/166 3047/115/166 3048/115/166
f 3041/115/166 3048/115/166 3042/115/166
f 3042/115/2953 3048/115/2953 3049/115/2953
f 3042/115/2953 3049/115/2953 3043/115/2953
f 3043/115/2951 3049/115/3444 3050/115/2950
f 3043/115/2951 3050/115/2950 3044/115/2950
f 3044/115/3017 3050/115/196 3051/115/196
f 3044/115/3017 3051/115/196 3045/115/3017
f 3045/115/2947 3051/115/2947 3046/115/2947
f 3045/115/2947 3046/115/2947 3040/115/2947
f 3046/115/3004 3052/115/3445 3053/115/3004
f 3046/115/3004 3053/115/3004 3047/115/3052
f 3047/115/166 3053/115/166 3054/115/166
f 3047/115/166 3054/115/166 3048/115/166
f 3048/115/3051 3054/115/3051 3055/115/3051
f 3048/115/3051 3055/115/3051 3049/115/3005
f 3049/115/3446 3055/115/3050 3056/115/2999
f 3049/115/3446 3056/115/2999 3050/115/3048
f 3050/115/196 3056/115/3041 3057/115/3041
f 3050/115/196 3057/115/3041 3051/115/196
f 3051/115/3045 3057/115/3447 3052/115/3045
f 3051/115/3045 3052/115/3045 3046/115/3045
f 3052/115/3448 3058/115/3043 3059/115/3449
f 3052/115/3448 3059/115/3449 3053/115/3450
f 3053/115/166 3059/115/166 3060/115/2955
f 3053/115/166 3060/115/2955 3054/115/166
f 3054/115/3451 3060/115/3451 3061/115/3451
f 3054/115/3451 3061/115/3451 3055/115/3452
f 3055/115/3453 3061/115/3453 3062/115/3453
f 3055/115/3453 3062/115/3453 3056/115/3453
f 3056/115/3041 3062/115/196 3063/115/196
f 3056/115/3041 3063/115/196 3057/115/3041
f 3057/115/3040 3063/115/3040 3058/115/3040
f 3057/115/3040 3058/115/3040 3052/115/3454
f 3058/115/3039 3064/115/3037 3065/115/3037
f 3058/115/3039 3065/115/3037 3059/115/3455
f 3059/115/166 3065/115/166 3066/115/166
f 3059/115/166 3066/115/166 3060/115/2955
f 3060/115/3035 3066/115/3035 3067/115/3035
f 3060/115/3035 3067/115/3035 3061/115/3035
f 3061/115/3434 3067/115/3434 3068/115/3434
f 3061/115/3434 3068/115/3434 3062/115/3434
f 3062/115/196 3068/115/196 3069/115/196
f 3062/115/196 3069/115/196 3063/115/196
f 3063/115/3032 3069/115/3033 3064/115/3030
f 3063/115/3032 3064/115/3030 3058/115/3456
f 3064/115/3028 3070/115/3457 3071/115/3027
f 3064/115/3028 3071/115/3027 3065/115/2972
f 3065/115/166 3071/115/166 3072/115/166
f 3065/115/166 3072/115/166 3066/115/166
f 3066/115/2976 3072/115/2976 3073/115/2976
f 3066/115/2976 3073/115/2976 3067/115/2976
f 3067/115/3026 3073/115/3026 3074/115/3026
f 3067/115/3026 3074/115/3026 3068/115/3026
f 3068/115/196 3074/115/3458 3075/115/196
f 3068/115/196 3075/115/196 3069/115/196
f 3069/115/3024 3075/115/3459 3070/115/3023
f 3069/115/3024 3070/115/3023 3064/115/3436
f 3070/115/3021 3076/115/3021 3077/115/3021
f 3070/115/3021 3077/115/3021 3071/115/3021
f 3071/115/166 3077/115/3010 3078/115/166
f 3071/115/166 3078/115/166 3072/115/166
f 3072/115/3460 3078/115/3460 3079/115/3460
f 3072/115/3460 3079/115/3460 3073/115/3460
f 3073/115/3442 3079/115/3442 3080/115/3442
f 3073/115/3442 3080/115/3442 3074/115/3442
f 3074/115/3458 3080/115/3041 3081/115/196
f 3074/115/3458 3081/115/196 3075/115/196
f 3075/115/3014 3081/115/3014 3076/115/3014
f 3075/115/3014 3076/115/3014 3070/115/3461
f 3076/115/3011 3010/115/3462 3011/115/3011
f 3076/115/3011 3011/115/3011 3077/115/3463
f 3077/115/3010 3011/115/166 3012/115/166
f 3077/115/3010 3012/115/166 3078/115/166
f 3078/115/2956 3012/115/2958 3013/115/3464
f 3078/115/2956 3013/115/3464 3079/115/2959
f 3079/115/3008 3013/115/2947 3014/115/3008
f 3079/115/3008 3014/115/3008 3080/115/3008
f 3080/115/3041 3014/115/3430 3015/115/529
f 3080/115/3041 3015/115/529 3081/115/196
f 3081/115/3007 3015/115/3465 3010/115/2950
f 3081/115/3007 3010/115/2950 3076/115/3465
f 3082/115/2140 3088/115/2141 3089/115/2142
f 3082/115/2140 3089/115/2142 3083/115/2140
f 3083/115/987 3089/115/987 3090/115/987
f 3083/115/987 3090/115/987 3084/115/987
f 3084/115/2143 3090/115/2144 3091/115/2145
f 3084/115/2143 3091/115/2145 3085/115/2146
f 3085/115/2147 3091/115/2148 3092/115/2149
f 3085/115/2147 3092/115/2149 3086/115/2150
f 3086/115/985 3092/115/985 3093/115/985
f 3086/115/985 3093/115/985 3087/115/985
f 3087/115/2153 3093/115/2152 3088/115/2153
f 3087/115/2153 3088/115/2153 3082/115/2151
f 3088/115/3088 3094/115/3088 3095/115/3088
f 3088/115/3088 3095/115/3088 3089/115/3088
f 3089/115/987 3095/115/987 3096/115/987
f 3089/115/987 3096/115/987 3090/115/987
f 3090/115/2158 3096/115/3466 3097/115/2158
f 3090/115/2158 3097/115/2158 3091/115/3090
f 3091/115/3092 3097/115/3060 3098/115/3092
f 3091/115/3092 3098/115/3092 3092/115/3093
f 3092/115/985 3098/115/985 3099/115/985
f 3092/115/985 3099/115/985 3093/115/985
f 3093/115/3094 3099/115/3094 3094/115/3094
f 3093/115/3094 3094/115/3094 3088/115/3467
f 3094/115/2229 3100/115/2230 3101/115/2229
f 3094/115/2229 3101/115/2229 3095/115/2229
f 3095/115/987 3101/115/987 3102/115/987
f 3095/115/987 3102/115/987 3096/115/987
f 3096/115/2227 3102/115/3468 3103/115/2227
f 3096/115/2227 3103/115/2227 3097/115/2227
f 3097/115/2233 3103/115/2234 3104/115/2233
f 3097/115/2233 3104/115/2233 3098/115/2233
f 3098/115/985 3104/115/985 3105/115/985
f 3098/115/985 3105/115/985 3099/115/985
f 3099/115/2231 3105/115/2232 3100/115/2231
f 3099/115/2231 3100/115/2231 3094/115/2231
f 3100/115/2237 3106/115/2237 3107/115/2237
f 3100/115/2237 3107/115/2237 3101/115/2238
f 3101/115/987 3107/115/987 3108/115/987
f 3101/115/987 3108/115/987 3102/115/987
f 3102/115/2235 3108/115/2235 3109/115/2235
f 3102/115/2235 3109/115/2235 3103/115/3469
f 3103/115/2241 3109/115/2241 3110/115/2241
f 3103/115/2241 3110/115/2241 3104/115/3470
f 3104/115/985 3110/115/985 3111/115/985
f 3104/115/985 3111/115/985 3105/115/985
f 3105/115/2239 3111/115/2239 3106/115/2239
f 3105/115/2239 3106/115/2239 3100/115/2240
f 3106/115/3097 3112/115/3097 3113/115/3097
f 3106/115/3097 3113/115/3097 3107/115/3097
f 3107/115/987 3113/115/987 3114/115/987
f 3107/115/987 3114/115/987 3108/115/987
f 3108/115/3098 3114/115/3099 3115/115/3098
f 3108/115/3098 3115/115/3098 3109/115/3081
f 3109/115/2194 3115/115/3100 3116/115/2194
f 3109/115/2194 3116/115/2194 3110/115/3100
f 3110/115/985 3116/115/985 3117/115/985
f 3110/115/985 3117/115/985 3111/115/985
f 3111/115/3102 3117/115/3103 3112/115/3102
f 3111/115/3102 3112/115/3102 3106/115/3471
f 3112/115/2252 3118/115/2199 3119/115/2199
f 3112/115/2252 3119/115/2199 3113/115/2198
f 3113/115/987 3119/115/987 3120/115/987
f 3113/115/987 3120/115/987 3114/115/987
f 3114/115/2200 3120/115/2201 3121/115/2202
f 3114/115/2200 3121/115/2202 3115/115/2203
f 3115/115/2204 3121/115/3472 3122/115/2206
f 3115/115/2204 3122/115/2206 3116/115/2207
f 3116/115/985 3122/115/985 3123/115/985
f 3116/115/985 3123/115/985 3117/115/985
f 3117/115/2208 3123/115/2209 3118/115/2209
f 3117/115/2208 3118/115/2209 3112/115/2210
f 3118/115/2211 3124/115/2212 3125/115/2145
f 3118/115/2211 3125/115/2145 3119/115/2211
f 3119/115/987 3125/115/987 3126/115/987
f 3119/115/987 3126/115/987 3120/115/987
f 3120/115/2213 3126/115/2214 3127/115/2142
f 3120/115/2213 3127/115/2142 3121/115/2215
f 3121/115/2216 3127/115/3473 3128/115/2151
f 3121/115/2216 3128/115/2151 3122/115/2153
f 3122/115/985 3128/115/985 3129/115/985
f 3122/115/985 3129/115/985 3123/115/985
f 3123/115/2150 3129/115/2218 3124/115/2150
f 3123/115/2150 3124/115/2150 3118/115/2149
f 3124/115/2157 3130/115/2157 3131/115/2157
f 3124/115/2157 3131/115/2157 3125/115/3054
f 3125/115/987 3131/115/987 3132/115/987
f 3125/115/987 3132/115/987 3126/115/987
f 3126/115/2222 3132/115/2222 3133/115/2222
f 3126/115/2222 3133/115/2222 3127/115/2222
f 3127/115/3059 3133/115/3059 3134/115/3059
f 3127/115/3059 3134/115/3059 3128/115/3059
f 3128/115/985 3134/115/985 3135/115/985
f 3128/115/985 3135/115/985 3129/115/985
f 3129/115/3060 3135/115/3060 3130/115/3060
f 3129/115/3060 3130/115/3060 3124/115/3061
f 3130/115/3062 3136/115/2169 3137/115/3062
f 3130/115/3062 3137/115/3062 3131/115/3063
f 3131/115/987 3137/115/987 3138/115/987
f 3131/115/987 3138/115/987 3132/115/987
f 3132/115/3474 3138/115/2166 3139/115/3474
f 3132/115/3474 3139/115/3474 3133/115/3475
f 3133/115/3476 3139/115/3096 3140/115/3476
f 3133/115/3476 3140/115/3476 3134/115/3477
f 3134/115/985 3140/115/985 3141/115/985
f 3134/115/985 3141/115/985 3135/115/985
f 3135/115/3069 3141/115/3070 3136/115/3069
f 3135/115/3069 3136/115/3069 3130/115/3069
f 3136/115/3071 3142/115/3071 3143/115/3071
f 3136/115/3071 3143/115/3071 3137/115/3072
f 3137/115/987 3143/115/987 3144/115/987
f 3137/115/987 3144/115/987 3138/115/987
f 3138/115/3478 3144/115/3479 3145/115/3478
f 3138/115/3478 3145/115/3478 3139/115/3480
f 3139/115/3481 3145/115/3482 3146/115/3481
f 3139/115/3481 3146/115/3481 3140/115/2187
f 3140/115/985 3146/115/985 3147/115/985
f 3140/115/985 3147/115/985 3141/115/985
f 3141/115/3079 3147/115/3080 3142/115/3079
f 3141/115/3079 3142/115/3079 3136/115/2184
f 3142/115/3081 3148/115/3483 3149/115/3081
f 3142/115/3081 3149/115/3081 3143/115/3081
f 3143/115/987 3149/115/987 3150/115/987
f 3143/115/987 3150/115/987 3144/115/987
f 3144/115/3083 3150/115/3083 3151/115/3083
f 3144/115/3083 3151/115/3083 3145/115/3083
f 3145/115/2247 3151/115/2247 3152/115/2247
f 3145/115/2247 3152/115/2247 3146/115/2247
f 3146/115/985 3152/115/985 3153/115/985
f 3146/115/985 3153/115/985 3147/115/985
f 3147/115/2195 3153/115/3087 3148/115/2195
f 3147/115/2195 3148/115/2195 3142/115/2195
f 3148/115/2201 3082/115/2200 3083/115/2200
f 3148/115/2201 3083/115/2200 3149/115/2251
f 3149/115/987 3083/115/987 3084/115/987
f 3149/115/987 3084/115/987 3150/115/987
f 3150/115/2199 3084/115/2252 3085/115/2253
f 3150/115/2199 3085/115/2253 3151/115/2254
f 3151/115/2208 3085/115/2255 3086/115/2256
f 3151/115/2208 3086/115/2256 3152/115/2257
f 3152/115/985 3086/115/985 3087/115/985
f 3152/115/985 3087/115/985 3153/115/985
f 3153/115/2204 3087/115/2258 3082/115/2258
f 3153/115/2204 3082/115/2258 3148/115/2259
f 3154/115/2260 3160/115/2261 3161/115/2260
f 3154/115/2260 3161/115/2260 3155/115/2262
f 3155/115/170 3161/115/170 3162/115/3484
f 3155/115/170 3162/115/3484 3156/115/170
f 3156/115/2264 3162/115/2263 3163/115/3485
f 3156/115/2264 3163/115/3485 3157/115/3486
f 3157/115/3487 3163/115/3487 3164/115/3488
f 3157/115/3487 3164/115/3488 3158/115/3488
f 3158/115/181 3164/115/181 3165/115/181
f 3158/115/181 3165/115/181 3159/115/181
f 3159/115/3489 3165/115/3490 3160/115/3489
f 3159/115/3489 3160/115/3489 3154/115/3491
f 3160/115/2272 3166/115/2273 3167/115/2274
f 3160/115/2272 3167/115/2274 3161/115/2275
f 3161/115/170 3167/115/3492 3168/115/3493
f 3161/115/170 3168/115/3493 3162/115/3484
f 3162/115/2333 3168/115/2333 3169/115/3494
f 3162/115/2333 3169/115/3494 3163/115/2278
f 3163/115/2279 3169/115/2279 3170/115/2279
f 3163/115/2279 3170/115/2279 3164/115/2279
f 3164/115/181 3170/115/181 3171/115/181
f 3164/115/181 3171/115/181 3165/115/181
f 3165/115/2280 3171/115/2280 3166/115/2280
f 3165/115/2280 3166/115/2280 3160/115/2282
f 3166/115/2283 3172/115/2284 3173/115/2284
f 3166/115/2283 3173/115/2284 3167/115/2285
f 3167/115/3492 3173/115/535 3174/115/535
f 3167/115/3492 3174/115/535 3168/115/3493
f 3168/115/3495 3174/115/3496 3175/115/3495
f 3168/115/3495 3175/115/3495 3169/115/3497
f 3169/115/2349 3175/115/3138 3176/115/2349
f 3169/115/2349 3176/115/2349 3170/115/2349
f 3170/115/181 3176/115/181 3177/115/181
f 3170/115/181 3177/115/181 3171/115/181
f 3171/115/2292 3177/115/2289 3172/115/2289
f 3171/115/2292 3172/115/2289 3166/115/3498
f 3172/115/3499 3178/115/3499 3179/115/3499
f 3172/115/3499 3179/115/3499 3173/115/3499
f 3173/115/535 3179/115/170 3180/115/170
f 3173/115/535 3180/115/170 3174/115/535
f 3174/115/3117 3180/115/3500 3181/115/3137
f 3174/115/3117 3181/115/3137 3175/115/2297
f 3175/115/3501 3181/115/2298 3182/115/3501
f 3175/115/3501 3182/115/3501 3176/115/3502
f 3176/115/181 3182/115/181 3183/115/181
f 3176/115/181 3183/115/181 3177/115/181
f 3177/115/3503 3183/115/3115 3178/115/2302
f 3177/115/3503 3178/115/2302 3172/115/3114
f 3178/115/2364 3184/115/2365 3185/115/2365
f 3178/115/2364 3185/115/2365 3179/115/2364
f 3179/115/170 3185/115/2276 3186/115/170
f 3179/115/170 3186/115/170 3180/115/170
f 3180/115/3504 3186/115/3505 3187/115/3504
f 3180/115/3504 3187/115/3504 3181/115/3506
f 3181/115/2308 3187/115/2368 3188/115/2308
f 3181/115/2308 3188/115/2308 3182/115/2308
f 3182/115/181 3188/115/181 3189/115/2330
f 3182/115/181 3189/115/2330 3183/115/181
f 3183/115/3107 3189/115/3507 3184/115/2366
f 3183/115/3107 3184/115/2366 3178/115/3508
f 3184/115/3509 3190/115/3510 3191/115/3509
f 3184/115/3509 3191/115/3509 3185/115/2372
f 3185/115/2276 3191/115/3511 3192/115/170
f 3185/115/2276 3192/115/170 3186/115/170
f 3186/115/3512 3192/115/2370 3193/115/3513
f 3186/115/3512 3193/115/3513 3187/115/3514
f 3187/115/3515 3193/115/3516 3194/115/3517
f 3187/115/3515 3194/115/3517 3188/115/3518
f 3188/115/181 3194/115/2330 3195/115/181
f 3188/115/181 3195/115/181 3189/115/2330
f 3189/115/3519 3195/115/2373 3190/115/2324
f 3189/115/3519 3190/115/2324 3184/115/3520
f 3190/115/3521 3196/115/2264 3197/115/3521
f 3190/115/3521 3197/115/3521 3191/115/2326
f 3191/115/3511 3197/115/2305 3198/115/2305
f 3191/115/3511 3198/115/2305 3192/115/170
f 3192/115/2260 3198/115/3128 3199/115/3128
f 3192/115/2260 3199/115/3128 3193/115/3522
f 3193/115/3523 3199/115/3523 3200/115/2271
f 3193/115/3523 3200/115/2271 3194/115/2271
f 3194/115/2330 3200/115/2269 3201/115/2269
f 3194/115/2330 3201/115/2269 3195/115/181
f 3195/115/2267 3201/115/3524 3196/115/3524
f 3195/115/2267 3196/115/3524 3190/115/3145
f 3196/115/3124 3202/115/2277 3203/115/3124
f 3196/115/3124 3203/115/3124 3197/115/3525
f 3197/115/2305 3203/115/170 3204/115/3118
f 3197/115/2305 3204/115/3118 3198/115/2305
f 3198/115/3526 3204/115/3527 3205/115/3526
f 3198/115/3526 3205/115/3526 3199/115/2274
f 3199/115/2337 3205/115/2338 3206/115/2337
f 3199/115/2337 3206/115/2337 3200/115/2337
f 3200/115/2269 3206/115/181 3207/115/181
f 3200/115/2269 3207/115/181 3201/115/2269
f 3201/115/3141 3207/115/2339 3202/115/3142
f 3201/115/3141 3202/115/3142 3196/115/2279
f 3202/115/2342 3208/115/2341 3209/115/3140
f 3202/115/2342 3209/115/3140 3203/115/2342
f 3203/115/170 3209/115/170 3210/115/170
f 3203/115/170 3210/115/170 3204/115/3118
f 3204/115/3528 3210/115/3529 3211/115/2345
f 3204/115/3528 3211/115/2345 3205/115/3530
f 3205/115/2291 3211/115/2289 3212/115/2291
f 3205/115/2291 3212/115/2291 3206/115/3531
f 3206/115/181 3212/115/181 3213/115/181
f 3206/115/181 3213/115/181 3207/115/181
f 3207/115/2347 3213/115/3138 3208/115/3138
f 3207/115/2347 3208/115/3138 3202/115/2347
f 3208/115/2351 3214/115/2353 3215/115/2353
f 3208/115/2351 3215/115/2353 3209/115/2351
f 3209/115/170 3215/115/3118 3216/115/3118
f 3209/115/170 3216/115/3118 3210/115/170
f 3210/115/3532 3216/115/3532 3217/115/3532
f 3210/115/3532 3217/115/3532 3211/115/2354
f 3211/115/3136 3217/115/2355 3218/115/3136
f 3211/115/3136 3218/115/3136 3212/115/3533
f 3212/115/181 3218/115/2330 3219/115/181
f 3212/115/181 3219/115/181 3213/115/181
f 3213/115/3135 3219/115/2358 3214/115/2359
f 3213/115/3135 3214/115/2359 3208/115/3135
f 3214/115/2361 3220/115/2363 3221/115/2363
f 3214/115/2361 3221/115/2363 3215/115/2361
f 3215/115/3118 3221/115/170 3222/115/170
f 3215/115/3118 3222/115/170 3216/115/3118
f 3216/115/3534 3222/115/3535 3223/115/3112
f 3216/115/3534 3223/115/3112 3217/115/3536
f 3217/115/2366 3223/115/3107 3224/115/2366
f 3217/115/2366 3224/115/2366 3218/115/2366
f 3218/115/2330 3224/115/181 3225/115/181
f 3218/115/2330 3225/115/181 3219/115/181
f 3219/115/2368 3225/115/3537 3220/115/2368
f 3219/115/2368 3220/115/2368 3214/115/2369
f 3220/115/2314 3154/115/2370 3155/115/2314
f 3220/115/2314 3155/115/2314 3221/115/2371
f 3221/115/170 3155/115/170 3156/115/170
f 3221/115/170 3156/115/170 3222/115/170
f 3222/115/2312 3156/115/2311 3157/115/2312
f 3222/115/2312 3157/115/2312 3223/115/3538
f 3223/115/3539 3157/115/3540 3158/115/2373
f 3223/115/3539 3158/115/2373 3224/115/3541
f 3224/115/181 3158/115/181 3159/115/181
f 3224/115/181 3159/115/181 3225/115/181
f 3225/115/3130 3159/115/3542 3154/115/3130
f 3225/115/3130 3154/115/3130 3220/115/2319
f 3226/115/3543 3232/115/3544 3233/115/3543
f 3226/115/3543 3233/115/3543 3227/115/2375
f 3227/115/987 3233/115/987 3234/115/987
f 3227/115/987 3234/115/987 3228/115/987
f 3228/115/3149 3234/115/3149 3235/115/3149
f 3228/115/3149 3235/115/3149 3229/115/2380
f 3229/115/3545 3235/115/3546 3236/115/3545
f 3229/115/3545 3236/115/3545 3230/115/3547
f 3230/115/985 3236/115/985 3237/115/985
f 3230/115/985 3237/115/985 3231/115/985
f 3231/115/3548 3237/115/3549 3232/115/3548
f 3231/115/3548 3232/115/3548 3226/115/3550
f 3232/115/3551 3238/115/3552 3239/115/3552
f 3232/115/3551 3239/115/3552 3233/115/3551
f 3233/115/987 3239/115/987 3240/115/987
f 3233/115/987 3240/115/987 3234/115/987
f 3234/115/3553 3240/115/3554 3241/115/3553
f 3234/115/3553 3241/115/3553 3235/115/3553
f 3235/115/3555 3241/115/3556 3242/115/3555
f 3235/115/3555 3242/115/3555 3236/115/3557
f 3236/115/985 3242/115/985 3243/115/985
f 3236/115/985 3243/115/985 3237/115/985
f 3237/115/3558 3243/115/3157 3238/115/3157
f 3237/115/3558 3238/115/3157 3232/115/3190
f 3238/115/3163 3244/115/3163 3245/115/3163
f 3238/115/3163 3245/115/3163 3239/115/3559
f 3239/115/987 3245/115/987 3246/115/987
f 3239/115/987 3246/115/987 3240/115/987
f 3240/115/2403 3246/115/3161 3247/115/2403
f 3240/115/2403 3247/115/2403 3241/115/2403
f 3241/115/2404 3247/115/2404 3248/115/2404
f 3241/115/2404 3248/115/2404 3242/115/2404
f 3242/115/985 3248/115/985 3249/115/985
f 3242/115/985 3249/115/985 3243/115/985
f 3243/115/2406 3249/115/2406 3244/115/2406
f 3243/115/2406 3244/115/2406 3238/115/2406
f 3244/115/2411 3250/115/2411 3251/115/2411
f 3244/115/2411 3251/115/2411 3245/115/2411
f 3245/115/987 3251/115/987 3252/115/987
f 3245/115/987 3252/115/987 3246/115/987
f 3246/115/2412 3252/115/2412 3253/115/2412
f 3246/115/2412 3253/115/2412 3247/115/2412
f 3247/115/2413 3253/115/2413 3254/115/2413
f 3247/115/2413 3254/115/2413 3248/115/2413
f 3248/115/985 3254/115/985 3255/115/985
f 3248/115/985 3255/115/985 3249/115/985
f 3249/115/3169 3255/115/2416 3250/115/3169
f 3249/115/3169 3250/115/3169 3244/115/3169
f 3250/115/3174 3256/115/3560 3257/115/3560
f 3250/115/3174 3257/115/3560 3251/115/3174
f 3251/115/987 3257/115/987 3258/115/987
f 3251/115/987 3258/115/987 3252/115/987
f 3252/115/3561 3258/115/2479 3259/115/3561
f 3252/115/3561 3259/115/3561 3253/115/3562
f 3253/115/3563 3259/115/3563 3260/115/3563
f 3253/115/3563 3260/115/3563 3254/115/3564
f 3254/115/985 3260/115/985 3261/115/985
f 3254/115/985 3261/115/985 3255/115/985
f 3255/115/3176 3261/115/3565 3256/115/3565
f 3255/115/3176 3256/115/3565 3250/115/3176
f 3256/115/3566 3262/115/3567 3263/115/3566
f 3256/115/3566 3263/115/3566 3257/115/3568
f 3257/115/987 3263/115/987 3264/115/987
f 3257/115/987 3264/115/987 3258/115/987
f 3258/115/3569 3264/115/3570 3265/115/3569
f 3258/115/3569 3265/115/3569 3259/115/3569
f 3259/115/2434 3265/115/2434 3266/115/3181
f 3259/115/2434 3266/115/3181 3260/115/3181
f 3260/115/985 3266/115/985 3267/115/985
f 3260/115/985 3267/115/985 3261/115/985
f 3261/115/3571 3267/115/2438 3262/115/3571
f 3261/115/3571 3262/115/3571 3256/115/2439
f 3262/115/2378 3268/115/3149 3269/115/2378
f 3262/115/2378 3269/115/2378 3263/115/3148
f 3263/115/987 3269/115/987 3270/115/987
f 3263/115/987 3270/115/987 3264/115/987
f 3264/115/3572 3270/115/2377 3271/115/2375
f 3264/115/3572 3271/115/2375 3265/115/2443
f 3265/115/2386 3271/115/2388 3272/115/2446
f 3265/115/2386 3272/115/2446 3266/115/2446
f 3266/115/985 3272/115/985 3273/115/985
f 3266/115/985 3273/115/985 3267/115/985
f 3267/115/2384 3273/115/3573 3268/115/2384
f 3267/115/2384 3268/115/2384 3262/115/2382
f 3268/115/3574 3274/115/3575 3275/115/3575
f 3268/115/3574 3275/115/3575 3269/115/3574
f 3269/115/987 3275/115/987 3276/115/987
f 3269/115/987 3276/115/987 3270/115/987
f 3270/115/3185 3276/115/2451 3277/115/3185
f 3270/115/3185 3277/115/3185 3271/115/3576
f 3271/115/3189 3277/115/3577 3278/115/3189
f 3271/115/3189 3278/115/3189 3272/115/3558
f 3272/115/985 3278/115/985 3279/115/985
f 3272/115/985 3279/115/985 3273/115/985
f 3273/115/3557 3279/115/2395 3274/115/2395
f 3273/115/3557 3274/115/2395 3268/115/2455
f 3274/115/2403 3280/115/2403 3281/115/2403
f 3274/115/2403 3281/115/2403 3275/115/3578
f 3275/115/987 3281/115/987 3282/115/987
f 3275/115/987 3282/115/987 3276/115/987
f 3276/115/2402 3282/115/3559 3283/115/3559
f 3276/115/2402 3283/115/3559 3277/115/3559
f 3277/115/2407 3283/115/3579 3284/115/3579
f 3277/115/2407 3284/115/3579 3278/115/3580
f 3278/115/985 3284/115/985 3285/115/985
f 3278/115/985 3285/115/985 3279/115/985
f 3279/115/2404 3285/115/2404 3280/115/2404
f 3279/115/2404 3280/115/2404 3274/115/2404
f 3280/115/2412 3286/115/2412 3287/115/2412
f 3280/115/2412 3287/115/2412 3281/115/2412
f 3281/115/987 3287/115/987 3288/115/987
f 3281/115/987 3288/115/987 3282/115/987
f 3282/115/2409 3288/115/3581 3289/115/3200
f 3282/115/2409 3289/115/3200 3283/115/2409
f 3283/115/2416 3289/115/3582 3290/115/3582
f 3283/115/2416 3290/115/3582 3284/115/2416
f 3284/115/985 3290/115/985 3291/115/985
f 3284/115/985 3291/115/985 3285/115/985
f 3285/115/2413 3291/115/2477 3286/115/2413
f 3285/115/2413 3286/115/2413 3280/115/2413
f 3286/115/2421 3292/115/3583 3293/115/3583
f 3286/115/2421 3293/115/3583 3287/115/2421
f 3287/115/987 3293/115/987 3294/115/987
f 3287/115/987 3294/115/987 3288/115/987
f 3288/115/3206 3294/115/3207 3295/115/3206
f 3288/115/3206 3295/115/3206 3289/115/3584
f 3289/115/3175 3295/115/3585 3296/115/3212
f 3289/115/3175 3296/115/3212 3290/115/2482
f 3290/115/985 3296/115/985 3297/115/985
f 3290/115/985 3297/115/985 3291/115/985
f 3291/115/3564 3297/115/3586 3292/115/3586
f 3291/115/3564 3292/115/3586 3286/115/2423
f 3292/115/2430 3226/115/3180 3227/115/2430
f 3292/115/2430 3227/115/2430 3293/115/2433
f 3293/115/987 3227/115/987 3228/115/987
f 3293/115/987 3228/115/987 3294/115/987
f 3294/115/2487 3228/115/2487 3229/115/2427
f 3294/115/2487 3229/115/2427 3295/115/2486
f 3295/115/2438 3229/115/2491 3230/115/3587
f 3295/115/2438 3230/115/3587 3296/115/2439
f 3296/115/985 3230/115/985 3231/115/985
f 3296/115/985 3231/115/985 3297/115/985
f 3297/115/2436 3231/115/3588 3226/115/2436
f 3297/115/2436 3226/115/2436 3292/115/3589
f 3298/115/3590 3304/115/2493 3305/115/3590
f 3298/115/3590 3305/115/3590 3299/115/2494
f 3299/115/3591 3305/115/2587 3306/115/2587
f 3299/115/3591 3306/115/2587 3300/115/172
f 3300/115/2496 3306/115/3592 3307/115/3263
f 3300/115/2496 3307/115/3263 3301/115/3593
f 3301/115/3594 3307/115/3595 3308/115/3596
f 3301/115/3594 3308/115/3596 3302/115/3596
f 3302/115/2502 3308/115/2554 3309/115/2554
f 3302/115/2502 3309/115/2554 3303/115/183
f 3303/115/2503 3309/115/3597 3304/115/3597
f 3303/115/2503 3304/115/3597 3298/115/3238
f 3304/115/3258 3310/115/2561 3311/115/3258
f 3304/115/3258 3311/115/3258 3305/115/3258
f 3305/115/2587 3311/115/172 3312/115/3256
f 3305/115/2587 3312/115/3256 3306/115/2587
f 3306/115/2559 3312/115/2509 3313/115/2559
f 3306/115/2559 3313/115/2559 3307/115/2558
f 3307/115/2510 3313/115/3235 3314/115/2510
f 3307/115/2510 3314/115/2510 3308/115/2510
f 3308/115/2554 3314/115/183 3315/115/183
f 3308/115/2554 3315/115/183 3309/115/2554
f 3309/115/3598 3315/115/2511 3310/115/3234
f 3309/115/3598 3310/115/3234 3304/115/2563
f 3310/115/3233 3316/115/2513 3317/115/3233
f 3310/115/3233 3317/115/3233 3311/115/2514
f 3311/115/172 3317/115/172 3318/115/172
f 3311/115/172 3318/115/172 3312/115/3256
f 3312/115/3599 3318/115/3600 3319/115/2517
f 3312/115/3599 3319/115/2517 3313/115/3601
f 3313/115/2575 3319/115/2574 3320/115/2575
f 3313/115/2575 3320/115/2575 3314/115/3602
f 3314/115/183 3320/115/183 3321/115/183
f 3314/115/183 3321/115/183 3315/115/183
f 3315/115/2519 3321/115/3229 3316/115/3229
f 3315/115/2519 3316/115/3229 3310/115/2519
f 3316/115/2522 3322/115/2523 3323/115/2523
f 3316/115/2522 3323/115/2523 3317/115/2522
f 3317/115/172 3323/115/3256 3324/115/3256
f 3317/115/172 3324/115/3256 3318/115/172
f 3318/115/3603 3324/115/3604 3325/115/3603
f 3318/115/3603 3325/115/3603 3319/115/2524
f 3319/115/3227 3325/115/2526 3326/115/3227
f 3319/115/3227 3326/115/3227 3320/115/3605
f 3320/115/183 3326/115/2502 3327/115/183
f 3320/115/183 3327/115/183 3321/115/183
f 3321/115/3225 3327/115/3606 3322/115/3606
f 3321/115/3225 3322/115/3606 3316/115/3225
f 3322/115/2532 3328/115/2533 3329/115/2533
f 3322/115/2532 3329/115/2533 3323/115/2532
f 3323/115/3256 3329/115/172 3330/115/172
f 3323/115/3256 3330/115/172 3324/115/3256
f 3324/115/3607 3330/115/3608 3331/115/3609
f 3324/115/3607 3331/115/3609 3325/115/3610
f 3325/115/2536 3331/115/2537 3332/115/2536
f 3325/115/2536 3332/115/2536 3326/115/2536
f 3326/115/2502 3332/115/183 3333/115/183
f 3326/115/2502 3333/115/183 3327/115/183
f 3327/115/2538 3333/115/2589 3328/115/2538
f 3327/115/2538 3328/115/2538 3322/115/2540
f 3328/115/2541 3334/115/2542 3335/115/2541
f 3328/115/2541 3335/115/2541 3329/115/2543
f 3329/115/172 3335/115/172 3336/115/172
f 3329/115/172 3336/115/172 3330/115/172
f 3330/115/2591 3336/115/2592 3337/115/2591
f 3330/115/2591 3337/115/2591 3331/115/3611
f 3331/115/2546 3337/115/3612 3338/115/2546
f 3331/115/2546 3338/115/2546 3332/115/3613
f 3332/115/183 3338/115/183 3339/115/183
f 3332/115/183 3339/115/183 3333/115/183
f 3333/115/3216 3339/115/3614 3334/115/3216
f 3333/115/3216 3334/115/3216 3328/115/2549
f 3334/115/2496 3340/115/2499 3341/115/2496
f 3334/115/2496 3341/115/2496 3335/115/2550
f 3335/115/172 3341/115/172 3342/115/3615
f 3335/115/172 3342/115/3615 3336/115/172
f 3336/115/2493 3342/115/2551 3343/115/2493
f 3336/115/2493 3343/115/2493 3337/115/3616
f 3337/115/2552 3343/115/2552 3344/115/3617
f 3337/115/2552 3344/115/3617 3338/115/3617
f 3338/115/183 3344/115/183 3345/115/183
f 3338/115/183 3345/115/183 3339/115/183
f 3339/115/3618 3345/115/3619 3340/115/3618
f 3339/115/3618 3340/115/3618 3334/115/3620
f 3340/115/2556 3346/115/2557 3347/115/2558
f 3340/115/2556 3347/115/2558 3341/115/2559
f 3341/115/172 3347/115/3621 3348/115/3622
f 3341/115/172 3348/115/3622 3342/115/3615
f 3342/115/3623 3348/115/3624 3349/115/3623
f 3342/115/3623 3349/115/3623 3343/115/2562
f 3343/115/2563 3349/115/2563 3350/115/2563
f 3343/115/2563 3350/115/2563 3344/115/2564
f 3344/115/183 3350/115/183 3351/115/183
f 3344/115/183 3351/115/183 3345/115/183
f 3345/115/2565 3351/115/2566 3346/115/2565
f 3345/115/2565 3346/115/2565 3340/115/2567
f 3346/115/2568 3352/115/2569 3353/115/2569
f 3346/115/2568 3353/115/2569 3347/115/3231
f 3347/115/3621 3353/115/3221 3354/115/3221
f 3347/115/3621 3354/115/3221 3348/115/3622
f 3348/115/3625 3354/115/3626 3355/115/3627
f 3348/115/3625 3355/115/3627 3349/115/3628
f 3349/115/2521 3355/115/3229 3356/115/2521
f 3349/115/2521 3356/115/2521 3350/115/2521
f 3350/115/183 3356/115/183 3357/115/183
f 3350/115/183 3357/115/183 3351/115/183
f 3351/115/3255 3357/115/2574 3352/115/2574
f 3351/115/3255 3352/115/2574 3346/115/2576
f 3352/115/3629 3358/115/3629 3359/115/3629
f 3352/115/3629 3359/115/3629 3353/115/3630
f 3353/115/3221 3359/115/172 3360/115/172
f 3353/115/3221 3360/115/172 3354/115/3221
f 3354/115/3228 3360/115/3631 3361/115/3632
f 3354/115/3228 3361/115/3632 3355/115/2522
f 3355/115/3633 3361/115/2581 3362/115/3633
f 3355/115/3633 3362/115/3633 3356/115/3634
f 3356/115/183 3362/115/183 3363/115/183
f 3356/115/183 3363/115/183 3357/115/183
f 3357/115/2583 3363/115/3251 3358/115/2584
f 3357/115/2583 3358/115/2584 3352/115/2583
f 3358/115/2534 3364/115/2535 3365/115/2535
f 3358/115/2534 3365/115/2535 3359/115/2534
f 3359/115/172 3365/115/2560 3366/115/172
f 3359/115/172 3366/115/172 3360/115/172
f 3360/115/3635 3366/115/3636 3367/115/3635
f 3360/115/3635 3367/115/3635 3361/115/3637
f 3361/115/2589 3367/115/2538 3368/115/2589
f 3361/115/2589 3368/115/2589 3362/115/2589
f 3362/115/183 3368/115/183 3369/115/2502
f 3362/115/183 3369/115/2502 3363/115/183
f 3363/115/2537 3369/115/3638 3364/115/2536
f 3363/115/2537 3364/115/2536 3358/115/3639
f 3364/115/3640 3298/115/3640 3299/115/3640
f 3364/115/3640 3299/115/3640 3365/115/2544
f 3365/115/2560 3299/115/3591 3300/115/172
f 3365/115/2560 3300/115/172 3366/115/172
f 3366/115/3641 3300/115/2542 3301/115/2596
f 3366/115/3641 3301/115/2596 3367/115/3642
f 3367/115/3643 3301/115/3643 3302/115/3644
f 3367/115/3643 3302/115/3644 3368/115/3645
f 3368/115/183 3302/115/2502 3303/115/183
f 3368/115/183 3303/115/183 3369/115/2502
f 3369/115/2548 3303/115/3646 3298/115/2547
f 3369/115/2548 3298/115/2547 3364/115/2599
f 3370/115/2601 3376/115/3647 3377/115/2603
f 3370/115/2601 3377/115/2603 3371/115/2601
f 3371/115/987 3377/115/987 3378/115/987
f 3371/115/987 3378/115/987 3372/115/987
f 3372/115/2604 3378/115/2605 3379/115/2606
f 3372/115/2604 3379/115/2606 3373/115/2607
f 3373/115/2608 3379/115/2609 3380/115/2610
f 3373/115/2608 3380/115/2610 3374/115/2611
f 3374/115/985 3380/115/985 3381/115/985
f 3374/115/985 3381/115/985 3375/115/985
f 3375/115/2612 3381/115/3648 3376/115/2614
f 3375/115/2612 3376/115/2614 3370/115/2612
f 3376/115/3300 3382/115/3300 3383/115/3300
f 3376/115/3300 3383/115/3300 3377/115/3649
f 3377/115/987 3383/115/987 3384/115/987
f 3377/115/987 3384/115/987 3378/115/987
f 3378/115/3301 3384/115/3302 3385/115/3301
f 3378/115/3301 3385/115/3301 3379/115/3303
f 3379/115/3274 3385/115/3273 3386/115/3274
f 3379/115/3274 3386/115/3274 3380/115/3304
f 3380/115/985 3386/115/985 3387/115/985
f 3380/115/985 3387/115/985 3381/115/985
f 3381/115/3305 3387/115/3305 3382/115/3305
f 3381/115/3305 3382/115/3305 3376/115/3305
f 3382/115/2687 3388/115/3650 3389/115/2687
f 3382/115/2687 3389/115/2687 3383/115/2687
f 3383/115/987 3389/115/987 3390/115/987
f 3383/115/987 3390/115/987 3384/115/987
f 3384/115/2685 3390/115/3651 3391/115/2685
f 3384/115/2685 3391/115/2685 3385/115/2685
f 3385/115/2691 3391/115/3652 3392/115/2691
f 3385/115/2691 3392/115/2691 3386/115/2691
f 3386/115/985 3392/115/985 3393/115/985
f 3386/115/985 3393/115/985 3387/115/985
f 3387/115/2689 3393/115/3653 3388/115/2689
f 3387/115/2689 3388/115/2689 3382/115/2689
f 3388/115/2695 3394/115/2695 3395/115/2695
f 3388/115/2695 3395/115/2695 3389/115/2696
f 3389/115/987 3395/115/987 3396/115/987
f 3389/115/987 3396/115/987 3390/115/987
f 3390/115/2693 3396/115/2693 3397/115/2693
f 3390/115/2693 3397/115/2693 3391/115/2694
f 3391/115/2699 3397/115/2699 3398/115/2699
f 3391/115/2699 3398/115/2699 3392/115/2700
f 3392/115/985 3398/115/985 3399/115/985
f 3392/115/985 3399/115/985 3393/115/985
f 3393/115/2697 3399/115/2697 3394/115/2697
f 3393/115/2697 3394/115/2697 3388/115/2698
f 3394/115/3654 3400/115/3306 3401/115/3306
f 3394/115/3654 3401/115/3306 3395/115/3306
f 3395/115/987 3401/115/987 3402/115/987
f 3395/115/987 3402/115/987 3396/115/987
f 3396/115/3307 3402/115/3308 3403/115/3307
f 3396/115/3307 3403/115/3307 3397/115/3293
f 3397/115/2654 3403/115/3309 3404/115/2654
f 3397/115/2654 3404/115/2654 3398/115/3310
f 3398/115/985 3404/115/985 3405/115/985
f 3398/115/985 3405/115/985 3399/115/985
f 3399/115/3655 3405/115/3312 3400/115/3311
f 3399/115/3655 3400/115/3311 3394/115/3311
f 3400/115/2660 3406/115/2659 3407/115/2659
f 3400/115/2660 3407/115/2659 3401/115/2660
f 3401/115/987 3407/115/987 3408/115/987
f 3401/115/987 3408/115/987 3402/115/987
f 3402/115/2661 3408/115/2662 3409/115/3656
f 3402/115/2661 3409/115/3656 3403/115/3657
f 3403/115/2665 3409/115/2666 3410/115/2665
f 3403/115/2665 3410/115/2665 3404/115/2668
f 3404/115/985 3410/115/985 3411/115/985
f 3404/115/985 3411/115/985 3405/115/985
f 3405/115/2669 3411/115/2670 3406/115/2670
f 3405/115/2669 3406/115/2670 3400/115/2669
f 3406/115/2672 3412/115/3658 3413/115/2606
f 3406/115/2672 3413/115/2606 3407/115/2672
f 3407/115/987 3413/115/987 3414/115/987
f 3407/115/987 3414/115/987 3408/115/987
f 3408/115/3265 3414/115/2674 3415/115/2603
f 3408/115/3265 3415/115/2603 3409/115/2675
f 3409/115/2676 3415/115/2677 3416/115/2612
f 3409/115/2676 3416/115/2612 3410/115/2614
f 3410/115/985 3416/115/985 3417/115/985
f 3410/115/985 3417/115/985 3411/115/985
f 3411/115/2610 3417/115/2678 3412/115/2611
f 3411/115/2610 3412/115/2611 3406/115/2610
f 3412/115/2618 3418/115/2618 3419/115/2618
f 3412/115/2618 3419/115/2618 3413/115/3266
f 3413/115/987 3419/115/987 3420/115/987
f 3413/115/987 3420/115/987 3414/115/987
f 3414/115/2682 3420/115/2682 3421/115/2682
f 3414/115/2682 3421/115/2682 3415/115/2682
f 3415/115/3272 3421/115/3272 3422/115/3272
f 3415/115/3272 3422/115/3272 3416/115/3272
f 3416/115/985 3422/115/985 3423/115/985
f 3416/115/985 3423/115/985 3417/115/985
f 3417/115/3273 3423/115/3273 3418/115/3273
f 3417/115/3273 3418/115/3273 3412/115/3274
f 3418/115/3275 3424/115/2630 3425/115/3275
f 3418/115/3275 3425/115/3275 3419/115/3276
f 3419/115/987 3425/115/987 3426/115/987
f 3419/115/987 3426/115/987 3420/115/987
f 3420/115/3659 3426/115/2627 3427/115/3659
f 3420/115/3659 3427/115/3659 3421/115/3660
f 3421/115/3661 3427/115/2690 3428/115/3661
f 3421/115/3661 3428/115/3661 3422/115/3662
f 3422/115/985 3428/115/985 3429/115/985
f 3422/115/985 3429/115/985 3423/115/985
f 3423/115/3282 3429/115/3283 3424/115/3282
f 3423/115/3282 3424/115/3282 3418/115/3282
f 3424/115/3284 3430/115/3284 3431/115/3284
f 3424/115/3284 3431/115/3284 3425/115/3285
f 3425/115/987 3431/115/987 3432/115/987
f 3425/115/987 3432/115/987 3426/115/987
f 3426/115/3663 3432/115/3664 3433/115/3663
f 3426/115/3663 3433/115/3663 3427/115/3665
f 3427/115/3666 3433/115/3667 3434/115/3666
f 3427/115/3666 3434/115/3666 3428/115/2647
f 3428/115/985 3434/115/985 3435/115/985
f 3428/115/985 3435/115/985 3429/115/985
f 3429/115/3291 3435/115/3292 3430/115/3291
f 3429/115/3291 3430/115/3291 3424/115/2644
f 3430/115/3293 3436/115/3293 3437/115/3293
f 3430/115/3293 3437/115/3293 3431/115/3293
f 3431/115/987 3437/115/987 3438/115/987
f 3431/115/987 3438/115/987 3432/115/987
f 3432/115/3295 3438/115/3295 3439/115/3295
f 3432/115/3295 3439/115/3295 3433/115/3295
f 3433/115/2705 3439/115/2705 3440/115/2705
f 3433/115/2705 3440/115/2705 3434/115/2705
f 3434/115/985 3440/115/985 3441/115/985
f 3434/115/985 3441/115/985 3435/115/985
f 3435/115/2655 3441/115/3299 3436/115/2655
f 3435/115/2655 3436/115/2655 3430/115/2655
f 3436/115/2662 3370/115/2661 3371/115/2661
f 3436/115/2662 3371/115/2661 3437/115/2708
f 3437/115/987 3371/115/987 3372/115/987
f 3437/115/987 3372/115/987 3438/115/987
f 3438/115/2659 3372/115/2658 3373/115/3668
f 3438/115/2659 3373/115/3668 3439/115/3669
f 3439/115/2669 3373/115/2711 3374/115/2669
f 3439/115/2669 3374/115/2669 3440/115/2713
f 3440/115/985 3374/115/985 3375/115/985
f 3440/115/985 3375/115/985 3441/115/985
f 3441/115/2665 3375/115/2714 3370/115/2714
f 3441/115/2665 3370/115/2714 3436/115/2665
f 3442/115/2716 3448/115/2717 3449/115/2716
f 3442/115/2716 3449/115/2716 3443/115/2718
f 3443/115/174 3449/115/174 3450/115/3670
f 3443/115/174 3450/115/3670 3444/115/174
f 3444/115/2720 3450/115/2719 3451/115/2720
f 3444/115/2720 3451/115/2720 3445/115/2719
f 3445/115/3671 3451/115/2721 3452/115/3671
f 3445/115/3671 3452/115/3671 3446/115/3672
f 3446/115/163 3452/115/163 3453/115/163
f 3446/115/163 3453/115/163 3447/115/163
f 3447/115/3673 3453/115/3674 3448/115/3673
f 3447/115/3673 3448/115/3673 3442/115/3675
f 3448/115/2728 3454/115/2729 3455/115/2730
f 3448/115/2728 3455/115/2730 3449/115/2731
f 3449/115/174 3455/115/3676 3456/115/3677
f 3449/115/174 3456/115/3677 3450/115/3670
f 3450/115/3678 3456/115/3679 3457/115/2789
f 3450/115/3678 3457/115/2789 3451/115/2734
f 3451/115/2735 3457/115/2735 3458/115/2735
f 3451/115/2735 3458/115/2735 3452/115/3680
f 3452/115/163 3458/115/163 3459/115/163
f 3452/115/163 3459/115/163 3453/115/163
f 3453/115/2736 3459/115/3681 3454/115/2736
f 3453/115/2736 3454/115/2736 3448/115/2737
f 3454/115/2738 3460/115/2739 3461/115/2739
f 3454/115/2738 3461/115/2739 3455/115/2800
f 3455/115/3676 3461/115/526 3462/115/526
f 3455/115/3676 3462/115/526 3456/115/3677
f 3456/115/3682 3462/115/3683 3463/115/3684
f 3456/115/3682 3463/115/3684 3457/115/3685
f 3457/115/2802 3463/115/3326 3464/115/2802
f 3457/115/2802 3464/115/2802 3458/115/2802
f 3458/115/163 3464/115/163 3465/115/163
f 3458/115/163 3465/115/163 3459/115/163
f 3459/115/2747 3465/115/2744 3460/115/2744
f 3459/115/2747 3460/115/2744 3454/115/3686
f 3460/115/3687 3466/115/3687 3467/115/3687
f 3460/115/3687 3467/115/3687 3461/115/3688
f 3461/115/526 3467/115/174 3468/115/174
f 3461/115/526 3468/115/174 3462/115/526
f 3462/115/3324 3468/115/3689 3469/115/3690
f 3462/115/3324 3469/115/3690 3463/115/2753
f 3463/115/3691 3469/115/2754 3470/115/3691
f 3463/115/3691 3470/115/3691 3464/115/3692
f 3464/115/163 3470/115/163 3471/115/163
f 3464/115/163 3471/115/163 3465/115/163
f 3465/115/2756 3471/115/3322 3466/115/2758
f 3465/115/2756 3466/115/2758 3460/115/2756
f 3466/115/2812 3472/115/2813 3473/115/2813
f 3466/115/2812 3473/115/2813 3467/115/2812
f 3467/115/174 3473/115/2732 3474/115/174
f 3467/115/174 3474/115/174 3468/115/174
f 3468/115/3693 3474/115/3694 3475/115/3693
f 3468/115/3693 3475/115/3693 3469/115/3695
f 3469/115/2763 3475/115/2816 3476/115/2763
f 3469/115/2763 3476/115/2763 3470/115/2763
f 3470/115/163 3476/115/163 3477/115/2785
f 3470/115/163 3477/115/2785 3471/115/163
f 3471/115/2815 3477/115/3317 3472/115/2814
f 3471/115/2815 3472/115/2814 3466/115/3696
f 3472/115/3697 3478/115/3698 3479/115/3697
f 3472/115/3697 3479/115/3697 3473/115/2820
f 3473/115/2732 3479/115/3699 3480/115/174
f 3473/115/2732 3480/115/174 3474/115/174
f 3474/115/3338 3480/115/2818 3481/115/3700
f 3474/115/3338 3481/115/3700 3475/115/3338
f 3475/115/3701 3481/115/3701 3482/115/3702
f 3475/115/3701 3482/115/3702 3476/115/3702
f 3476/115/163 3482/115/2785 3483/115/163
f 3476/115/163 3483/115/163 3477/115/2785
f 3477/115/3703 3483/115/3704 3478/115/2778
f 3477/115/3703 3478/115/2778 3472/115/2777
f 3478/115/3705 3484/115/2720 3485/115/3705
f 3478/115/3705 3485/115/3705 3479/115/2780
f 3479/115/3699 3485/115/2760 3486/115/2760
f 3479/115/3699 3486/115/2760 3480/115/174
f 3480/115/2716 3486/115/3354 3487/115/2783
f 3480/115/2716 3487/115/2783 3481/115/2716
f 3481/115/3706 3487/115/3707 3488/115/2727
f 3481/115/3706 3488/115/2727 3482/115/2727
f 3482/115/2785 3488/115/2725 3489/115/2725
f 3482/115/2785 3489/115/2725 3483/115/163
f 3483/115/2723 3489/115/2786 3484/115/2786
f 3483/115/2723 3484/115/2786 3478/115/3352
f 3484/115/3330 3490/115/2733 3491/115/3330
f 3484/115/3330 3491/115/3330 3485/115/3330
f 3485/115/2760 3491/115/174 3492/115/3327
f 3485/115/2760 3492/115/3327 3486/115/2760
f 3486/115/2731 3492/115/2790 3493/115/2731
f 3486/115/2731 3493/115/2731 3487/115/2730
f 3487/115/2792 3493/115/2793 3494/115/2792
f 3487/115/2792 3494/115/2792 3488/115/2792
f 3488/115/2725 3494/115/163 3495/115/163
f 3488/115/2725 3495/115/163 3489/115/2725
f 3489/115/3708 3495/115/2794 3490/115/3350
f 3489/115/3708 3490/115/3350 3484/115/2735
f 3490/115/3348 3496/115/2796 3497/115/3348
f 3490/115/3348 3497/115/3348 3491/115/2797
f 3491/115/174 3497/115/174 3498/115/174
f 3491/115/174 3498/115/174 3492/115/3327
f 3492/115/3709 3498/115/3710 3499/115/3346
f 3492/115/3709 3499/115/3346 3493/115/3711
f 3493/115/2746 3499/115/2744 3500/115/2746
f 3493/115/2746 3500/115/2746 3494/115/3712
f 3494/115/163 3500/115/163 3501/115/163
f 3494/115/163 3501/115/163 3495/115/163
f 3495/115/2801 3501/115/3326 3496/115/3326
f 3495/115/2801 3496/115/3326 3490/115/2801
f 3496/115/2753 3502/115/2803 3503/115/2803
f 3496/115/2753 3503/115/2803 3497/115/2753
f 3497/115/174 3503/115/3327 3504/115/3327
f 3497/115/174 3504/115/3327 3498/115/174
f 3498/115/3713 3504/115/3714 3505/115/3713
f 3498/115/3713 3505/115/3713 3499/115/2804
f 3499/115/3345 3505/115/2805 3506/115/3345
f 3499/115/3345 3506/115/3345 3500/115/3715
f 3500/115/163 3506/115/2785 3507/115/163
f 3500/115/163 3507/115/163 3501/115/163
f 3501/115/3343 3507/115/3342 3502/115/3342
f 3501/115/3343 3502/115/3342 3496/115/3343
f 3502/115/2810 3508/115/2811 3509/115/2811
f 3502/115/2810 3509/115/2811 3503/115/2810
f 3503/115/3327 3509/115/174 3510/115/174
f 3503/115/3327 3510/115/174 3504/115/3327
f 3504/115/3716 3510/115/3321 3511/115/3716
f 3504/115/3716 3511/115/3716 3505/115/3717
f 3505/115/2814 3511/115/2815 3512/115/2814
f 3505/115/2814 3512/115/2814 3506/115/2814
f 3506/115/2785 3512/115/163 3513/115/163
f 3506/115/2785 3513/115/163 3507/115/163
f 3507/115/2816 3513/115/2763 3508/115/2816
f 3507/115/2816 3508/115/2816 3502/115/2817
f 3508/115/2768 3442/115/2818 3443/115/2768
f 3508/115/2768 3443/115/2768 3509/115/2819
f 3509/115/174 3443/115/174 3444/115/174
f 3509/115/174 3444/115/174 3510/115/174
f 3510/115/2765 3444/115/2766 3445/115/2765
f 3510/115/2765 3445/115/2765 3511/115/3718
f 3511/115/3719 3445/115/3720 3446/115/3721
f 3511/115/3719 3446/115/3721 3512/115/3722
f 3512/115/163 3446/115/163 3447/115/163
f 3512/115/163 3447/115/163 3513/115/163
f 3513/115/3336 3447/115/2773 3442/115/3336
f 3513/115/3336 3442/115/3336 3508/115/2773
f 3514/115/3723 3520/115/3724 3521/115/3723
f 3514/115/3723 3521/115/3723 3515/115/2823
f 3515/115/987 3521/115/987 3522/115/987
f 3515/115/987 3522/115/987 3516/115/987
f 3516/115/3356 3522/115/3356 3523/115/3356
f 3516/115/3356 3523/115/3356 3517/115/2828
f 3517/115/3725 3523/115/3725 3524/115/3725
f 3517/115/3725 3524/115/3725 3518/115/3726
f 3518/115/985 3524/115/985 3525/115/985
f 3518/115/985 3525/115/985 3519/115/985
f 3519/115/3727 3525/115/3728 3520/115/3727
f 3519/115/3727 3520/115/3727 3514/115/3729
f 3520/115/3730 3526/115/3731 3527/115/3731
f 3520/115/3730 3527/115/3731 3521/115/3730
f 3521/115/987 3527/115/987 3528/115/987
f 3521/115/987 3528/115/987 3522/115/987
f 3522/115/3732 3528/115/3733 3529/115/3732
f 3522/115/3732 3529/115/3732 3523/115/3732
f 3523/115/3734 3529/115/3735 3530/115/3734
f 3523/115/3734 3530/115/3734 3524/115/3736
f 3524/115/985 3530/115/985 3531/115/985
f 3524/115/985 3531/115/985 3525/115/985
f 3525/115/3400 3531/115/3363 3526/115/3363
f 3525/115/3400 3526/115/3363 3520/115/3400
f 3526/115/3369 3532/115/3369 3533/115/3369
f 3526/115/3369 3533/115/3369 3527/115/2848
f 3527/115/987 3533/115/987 3534/115/987
f 3527/115/987 3534/115/987 3528/115/987
f 3528/115/2849 3534/115/2850 3535/115/2849
f 3528/115/2849 3535/115/2849 3529/115/2849
f 3529/115/2851 3535/115/2851 3536/115/2851
f 3529/115/2851 3536/115/2851 3530/115/2851
f 3530/115/985 3536/115/985 3537/115/985
f 3530/115/985 3537/115/985 3531/115/985
f 3531/115/2853 3537/115/2853 3532/115/2853
f 3531/115/2853 3532/115/2853 3526/115/2853
f 3532/115/2858 3538/115/2858 3539/115/2858
f 3532/115/2858 3539/115/2858 3533/115/2858
f 3533/115/987 3539/115/987 3540/115/987
f 3533/115/987 3540/115/987 3534/115/987
f 3534/115/2859 3540/115/2859 3541/115/2859
f 3534/115/2859 3541/115/2859 3535/115/2859
f 3535/115/2860 3541/115/2860 3542/115/2860
f 3535/115/2860 3542/115/2860 3536/115/3377
f 3536/115/985 3542/115/985 3543/115/985
f 3536/115/985 3543/115/985 3537/115/985
f 3537/115/3374 3543/115/2862 3538/115/3374
f 3537/115/3374 3538/115/3374 3532/115/3374
f 3538/115/3382 3544/115/3419 3545/115/3382
f 3538/115/3382 3545/115/3382 3539/115/3382
f 3539/115/987 3545/115/987 3546/115/987
f 3539/115/987 3546/115/987 3540/115/987
f 3540/115/3737 3546/115/3738 3547/115/3737
f 3540/115/3737 3547/115/3737 3541/115/3737
f 3541/115/3739 3547/115/3739 3548/115/3739
f 3541/115/3739 3548/115/3739 3542/115/3740
f 3542/115/985 3548/115/985 3549/115/985
f 3542/115/985 3549/115/985 3543/115/985
f 3543/115/2875 3549/115/3741 3544/115/3741
f 3543/115/2875 3544/115/3741 3538/115/2875
f 3544/115/3742 3550/115/3743 3551/115/3742
f 3544/115/3742 3551/115/3742 3545/115/3744
f 3545/115/987 3551/115/987 3552/115/987
f 3545/115/987 3552/115/987 3546/115/987
f 3546/115/3745 3552/115/3746 3553/115/3745
f 3546/115/3745 3553/115/3745 3547/115/3745
f 3547/115/3391 3553/115/3391 3554/115/3391
f 3547/115/3391 3554/115/3391 3548/115/3391
f 3548/115/985 3554/115/985 3555/115/985
f 3548/115/985 3555/115/985 3549/115/985
f 3549/115/3747 3555/115/2887 3550/115/3747
f 3549/115/3747 3550/115/3747 3544/115/2888
f 3550/115/2826 3556/115/3748 3557/115/2826
f 3550/115/2826 3557/115/2826 3551/115/3355
f 3551/115/987 3557/115/987 3558/115/987
f 3551/115/987 3558/115/987 3552/115/987
f 3552/115/3749 3558/115/2825 3559/115/2823
f 3552/115/3749 3559/115/2823 3553/115/2892
f 3553/115/2834 3559/115/3357 3560/115/2895
f 3553/115/2834 3560/115/2895 3554/115/2895
f 3554/115/985 3560/115/985 3561/115/985
f 3554/115/985 3561/115/985 3555/115/985
f 3555/115/2832 3561/115/2897 3556/115/2832
f 3555/115/2832 3556/115/2832 3550/115/3358
f 3556/115/3750 3562/115/3751 3563/115/3751
f 3556/115/3750 3563/115/3751 3557/115/3750
f 3557/115/987 3563/115/987 3564/115/987
f 3557/115/987 3564/115/987 3558/115/987
f 3558/115/3395 3564/115/2902 3565/115/3360
f 3558/115/3395 3565/115/3360 3559/115/3752
f 3559/115/3399 3565/115/3753 3566/115/3399
f 3559/115/3399 3566/115/3399 3560/115/3754
f 3560/115/985 3566/115/985 3567/115/985
f 3560/115/985 3567/115/985 3561/115/985
f 3561/115/2906 3567/115/2842 3562/115/2842
f 3561/115/2906 3562/115/2842 3556/115/2906
f 3562/115/2849 3568/115/2849 3569/115/2849
f 3562/115/2849 3569/115/2849 3563/115/3368
f 3563/115/987 3569/115/987 3570/115/987
f 3563/115/987 3570/115/987 3564/115/987
f 3564/115/3402 3570/115/2848 3571/115/3402
f 3564/115/3402 3571/115/3402 3565/115/3402
f 3565/115/2854 3571/115/2854 3572/115/3408
f 3565/115/2854 3572/115/3408 3566/115/3755
f 3566/115/985 3572/115/985 3573/115/985
f 3566/115/985 3573/115/985 3567/115/985
f 3567/115/2851 3573/115/2851 3568/115/2851
f 3567/115/2851 3568/115/2851 3562/115/2851
f 3568/115/2859 3574/115/2859 3575/115/2859
f 3568/115/2859 3575/115/2859 3569/115/2859
f 3569/115/987 3575/115/987 3576/115/987
f 3569/115/987 3576/115/987 3570/115/987
f 3570/115/3756 3576/115/3756 3577/115/3757
f 3570/115/3756 3577/115/3757 3571/115/2855
f 3571/115/2862 3577/115/3758 3578/115/3758
f 3571/115/2862 3578/115/3758 3572/115/2862
f 3572/115/985 3578/115/985 3579/115/985
f 3572/115/985 3579/115/985 3573/115/985
f 3573/115/2860 3579/115/3376 3574/115/2860
f 3573/115/2860 3574/115/2860 3568/115/2860
f 3574/115/2869 3580/115/2931 3581/115/2869
f 3574/115/2869 3581/115/2869 3575/115/2869
f 3575/115/987 3581/115/987 3582/115/987
f 3575/115/987 3582/115/987 3576/115/987
f 3576/115/3418 3582/115/3759 3583/115/3418
f 3576/115/3418 3583/115/3418 3577/115/3760
f 3577/115/3383 3583/115/3761 3584/115/3423
f 3577/115/3383 3584/115/3423 3578/115/2935
f 3578/115/985 3584/115/985 3585/115/985
f 3578/115/985 3585/115/985 3579/115/985
f 3579/115/3387 3585/115/3762 3580/115/3762
f 3579/115/3387 3580/115/3762 3574/115/3387
f 3580/115/2879 3514/115/2881 3515/115/2879
f 3580/115/2879 3515/115/2879 3581/115/2939
f 3581/115/987 3515/115/987 3516/115/987
f 3581/115/987 3516/115/987 3582/115/987
f 3582/115/2941 3516/115/2941 3517/115/2876
f 3582/115/2941 3517/115/2876 3583/115/2877
f 3583/115/2887 3517/115/2945 3518/115/3763
f 3583/115/2887 3518/115/3763 3584/115/2888
f 3584/115/985 3518/115/985 3519/115/985
f 3584/115/985 3519/115/985 3585/115/985
f 3585/115/2885 3519/115/3392 3514/115/2885
f 3585/115/2885 3514/115/2885 3580/115/3391
f 3586/115/3764 3592/115/2947 3593/115/3764
f 3586/115/3764 3593/115/3764 3587/115/2948
f 3587/115/3765 3593/115/3041 3594/115/3041
f 3587/115/3765 3594/115/3041 3588/115/196
f 3588/115/2950 3594/115/2952 3595/115/3465
f 3588/115/2950 3595/115/3465 3589/115/3766
f 3589/115/3767 3595/115/3767 3596/115/3012
f 3589/115/3767 3596/115/3012 3590/115/3012
f 3590/115/2955 3596/115/3010 3597/115/3010
f 3590/115/2955 3597/115/3010 3591/115/166
f 3591/115/2956 3597/115/3768 3592/115/3769
f 3591/115/2956 3592/115/3769 3586/115/3443
f 3592/115/3442 3598/115/3018 3599/115/3442
f 3592/115/3442 3599/115/3442 3593/115/3442
f 3593/115/3041 3599/115/196 3600/115/3458
f 3593/115/3041 3600/115/3458 3594/115/3041
f 3594/115/3016 3600/115/2962 3601/115/3016
f 3594/115/3016 3601/115/3016 3595/115/3015
f 3595/115/2963 3601/115/2964 3602/115/2963
f 3595/115/2963 3602/115/2963 3596/115/2963
f 3596/115/3010 3602/115/166 3603/115/166
f 3596/115/3010 3603/115/166 3597/115/3010
f 3597/115/3438 3603/115/2965 3598/115/3439
f 3597/115/3438 3598/115/3439 3592/115/3020
f 3598/115/3770 3604/115/2967 3605/115/2967
f 3598/115/3770 3605/115/2967 3599/115/3770
f 3599/115/196 3605/115/196 3606/115/196
f 3599/115/196 3606/115/196 3600/115/3458
f 3600/115/3771 3606/115/3772 3607/115/2971
f 3600/115/3771 3607/115/2971 3601/115/3773
f 3601/115/3028 3607/115/3027 3608/115/3028
f 3601/115/3028 3608/115/3028 3602/115/3774
f 3602/115/166 3608/115/166 3609/115/166
f 3602/115/166 3609/115/166 3603/115/166
f 3603/115/2974 3609/115/3435 3604/115/3435
f 3603/115/2974 3604/115/3435 3598/115/2974
f 3604/115/2978 3610/115/2980 3611/115/2980
f 3604/115/2978 3611/115/2980 3605/115/2978
f 3605/115/196 3611/115/3458 3612/115/3458
f 3605/115/196 3612/115/3458 3606/115/196
f 3606/115/3775 3612/115/3776 3613/115/3775
f 3606/115/3775 3613/115/3775 3607/115/3033
f 3607/115/3433 3613/115/2982 3614/115/3433
f 3607/115/3433 3614/115/3433 3608/115/3777
f 3608/115/166 3614/115/2955 3615/115/166
f 3608/115/166 3615/115/166 3609/115/166
f 3609/115/3778 3615/115/2986 3610/115/2987
f 3609/115/3778 3610/115/2987 3604/115/3778
f 3610/115/2989 3616/115/2991 3617/115/2991
f 3610/115/2989 3617/115/2991 3611/115/2989
f 3611/115/3458 3617/115/196 3618/115/196
f 3611/115/3458 3618/115/196 3612/115/3458
f 3612/115/3779 3618/115/3454 3619/115/3779
f 3612/115/3779 3619/115/3779 3613/115/3780
f 3613/115/2994 3619/115/3449 3620/115/2994
f 3613/115/2994 3620/115/2994 3614/115/2994
f 3614/115/2955 3620/115/166 3621/115/166
f 3614/115/2955 3621/115/166 3615/115/166
f 3615/115/2996 3621/115/2997 3616/115/2996
f 3615/115/2996 3616/115/2996 3610/115/2998
f 3616/115/2999 3622/115/3000 3623/115/2999
f 3616/115/2999 3623/115/2999 3617/115/3781
f 3617/115/196 3623/115/196 3624/115/196
f 3617/115/196 3624/115/196 3618/115/196
f 3618/115/3045 3624/115/3046 3625/115/3045
f 3618/115/3045 3625/115/3045 3619/115/3782
f 3619/115/3003 3625/115/3004 3626/115/3003
f 3619/115/3003 3626/115/3003 3620/115/3783
f 3620/115/166 3626/115/166 3627/115/166
f 3620/115/166 3627/115/166 3621/115/166
f 3621/115/3427 3627/115/3005 3622/115/3427
f 3621/115/3427 3622/115/3427 3616/115/3005
f 3622/115/2950 3628/115/3006 3629/115/2950
f 3622/115/2950 3629/115/2950 3623/115/3007
f 3623/115/196 3629/115/196 3630/115/3784
f 3623/115/196 3630/115/3784 3624/115/196
f 3624/115/2947 3630/115/3008 3631/115/2947
f 3624/115/2947 3631/115/2947 3625/115/3785
f 3625/115/3464 3631/115/3786 3632/115/3787
f 3625/115/3464 3632/115/3787 3626/115/3787
f 3626/115/166 3632/115/166 3633/115/166
f 3626/115/166 3633/115/166 3627/115/166
f 3627/115/3788 3633/115/3789 3628/115/3788
f 3627/115/3788 3628/115/3788 3622/115/3790
f 3628/115/3013 3634/115/3014 3635/115/3015
f 3628/115/3013 3635/115/3015 3629/115/3791
f 3629/115/196 3635/115/3792 3636/115/3793
f 3629/115/196 3636/115/3793 3630/115/3784
f 3630/115/2961 3636/115/3794 3637/115/3795
f 3630/115/2961 3637/115/3795 3631/115/3796
f 3631/115/3020 3637/115/3020 3638/115/3020
f 3631/115/3020 3638/115/3020 3632/115/3797
f 3632/115/166 3638/115/166 3639/115/166
f 3632/115/166 3639/115/166 3633/115/166
f 3633/115/3021 3639/115/3021 3634/115/3021
f 3633/115/3021 3634/115/3021 3628/115/3022
f 3634/115/3023 3640/115/3024 3641/115/3024
f 3634/115/3023 3641/115/3024 3635/115/3025
f 3635/115/3792 3641/115/529 3642/115/529
f 3635/115/3792 3642/115/529 3636/115/3793
f 3636/115/3798 3642/115/3799 3643/115/3798
f 3636/115/3798 3643/115/3798 3637/115/3800
f 3637/115/2976 3643/115/3435 3644/115/2976
f 3637/115/2976 3644/115/2976 3638/115/2976
f 3638/115/166 3644/115/166 3645/115/166
f 3638/115/166 3645/115/166 3639/115/166
f 3639/115/3801 3645/115/3027 3640/115/3027
f 3639/115/3801 3640/115/3027 3634/115/3457
f 3640/115/3802 3646/115/3802 3647/115/3802
f 3640/115/3802 3647/115/3802 3641/115/3802
f 3641/115/529 3647/115/196 3648/115/196
f 3641/115/529 3648/115/196 3642/115/529
f 3642/115/3434 3648/115/3803 3649/115/2979
f 3642/115/3434 3649/115/2979 3643/115/3034
f 3643/115/3804 3649/115/3035 3650/115/3804
f 3643/115/3804 3650/115/3804 3644/115/3805
f 3644/115/166 3650/115/166 3651/115/166
f 3644/115/166 3651/115/166 3645/115/166
f 3645/115/3037 3651/115/3455 3646/115/3039
f 3645/115/3037 3646/115/3039 3640/115/3037
f 3646/115/2992 3652/115/2993 3653/115/2993
f 3646/115/2992 3653/115/2993 3647/115/2992
f 3647/115/196 3653/115/3017 3654/115/196
f 3647/115/196 3654/115/196 3648/115/196
f 3648/115/3806 3654/115/3807 3655/115/3806
f 3648/115/3806 3655/115/3806 3649/115/3808
f 3649/115/2997 3655/115/2996 3656/115/2997
f 3649/115/2997 3656/115/2997 3650/115/2997
f 3650/115/166 3656/115/166 3657/115/2955
f 3650/115/166 3657/115/2955 3651/115/166
f 3651/115/3449 3657/115/3809 3652/115/2994
f 3651/115/3449 3652/115/2994 3646/115/3810
f 3652/115/3811 3586/115/3812 3587/115/3811
f 3652/115/3811 3587/115/3811 3653/115/3001
f 3653/115/3017 3587/115/3765 3588/115/196
f 3653/115/3017 3588/115/196 3654/115/196
f 3654/115/3813 3588/115/3000 3589/115/3814
f 3654/115/3813 3589/115/3814 3655/115/3815
f 3655/115/3816 3589/115/3816 3590/115/3817
f 3655/115/3816 3590/115/3817 3656/115/3818
f 3656/115/166 3590/115/2955 3591/115/166
f 3656/115/166 3591/115/166 3657/115/2955
f 3657/115/3819 3591/115/3820 3586/115/3004
f 3657/115/3819 3586/115/3004 3652/115/3053
f 3658/115/2211 3664/115/2212 3665/115/2145
f 3658/115/2211 3665/115/2145 3659/115/2211
f 3659/115/987 3665/115/987 3666/115/987
f 3659/115/987 3666/115/987 3660/115/987
f 3660/115/2213 3666/115/2214 3667/115/2142
f 3660/115/2213 3667/115/2142 3661/115/2215
f 3661/115/2216 3667/115/2217 3668/115/2151
f 3661/115/2216 3668/115/2151 3662/115/2153
f 3662/115/985 3668/115/985 3669/115/985
f 3662/115/985 3669/115/985 3663/115/985
f 3663/115/2150 3669/115/2218 3664/115/2150
f 3663/115/2150 3664/115/2150 3658/115/2149
f 3664/115/2219 3670/115/2219 3671/115/2219
f 3664/115/2219 3671/115/2219 3665/115/2219
f 3665/115/987 3671/115/987 3672/115/987
f 3665/115/987 3672/115/987 3666/115/987
f 3666/115/2221 3672/115/3821 3673/115/2221
f 3666/115/2221 3673/115/2221 3667/115/2222
f 3667/115/2224 3673/115/2163 3674/115/2224
f 3667/115/2224 3674/115/2224 3668/115/2225
f 3668/115/985 3674/115/985 3675/115/985
f 3668/115/985 3675/115/985 3669/115/985
f 3669/115/2226 3675/115/2226 3670/115/2226
f 3669/115/2226 3670/115/2226 3664/115/3822
f 3670/115/2227 3676/115/2228 3677/115/2227
f 3670/115/2227 3677/115/2227 3671/115/2227
f 3671/115/987 3677/115/987 3678/115/987
f 3671/115/987 3678/115/987 3672/115/987
f 3672/115/2229 3678/115/3823 3679/115/2229
f 3672/115/2229 3679/115/2229 3673/115/2229
f 3673/115/2231 3679/115/3096 3680/115/2231
f 3673/115/2231 3680/115/2231 3674/115/2231
f 3674/115/985 3680/115/985 3681/115/985
f 3674/115/985 3681/115/985 3675/115/985
f 3675/115/2233 3681/115/3095 3676/115/2233
f 3675/115/2233 3676/115/2233 3670/115/2233
f 3676/115/2235 3682/115/2235 3683/115/2235
f 3676/115/2235 3683/115/2235 3677/115/2236
f 3677/115/987 3683/115/987 3684/115/987
f 3677/115/987 3684/115/987 3678/115/987
f 3678/115/2237 3684/115/2237 3685/115/2237
f 3678/115/2237 3685/115/2237 3679/115/3480
f 3679/115/2239 3685/115/2239 3686/115/2239
f 3679/115/2239 3686/115/2239 3680/115/3824
f 3680/115/985 3686/115/985 3687/115/985
f 3680/115/985 3687/115/985 3681/115/985
f 3681/115/2241 3687/115/2241 3682/115/2241
f 3681/115/2241 3682/115/2241 3676/115/2242
f 3682/115/2243 3688/115/2243 3689/115/2243
f 3682/115/2243 3689/115/2243 3683/115/2243
f 3683/115/987 3689/115/987 3690/115/987
f 3683/115/987 3690/115/987 3684/115/987
f 3684/115/2244 3690/115/2245 3691/115/2244
f 3684/115/2244 3691/115/2244 3685/115/2188
f 3685/115/2246 3691/115/2247 3692/115/2246
f 3685/115/2246 3692/115/2246 3686/115/2247
f 3686/115/985 3692/115/985 3693/115/985
f 3686/115/985 3693/115/985 3687/115/985
f 3687/115/2249 3693/115/2250 3688/115/2249
f 3687/115/2249 3688/115/2249 3682/115/3825
f 3688/115/2201 3694/115/2200 3695/115/2200
f 3688/115/2201 3695/115/2200 3689/115/2251
f 3689/115/987 3695/115/987 3696/115/987
f 3689/115/987 3696/115/987 3690/115/987
f 3690/115/2199 3696/115/2252 3697/115/2253
f 3690/115/2199 3697/115/2253 3691/115/2254
f 3691/115/2208 3697/115/3826 3698/115/2256
f 3691/115/2208 3698/115/2256 3692/115/2257
f 3692/115/985 3698/115/985 3699/115/985
f 3692/115/985 3699/115/985 3693/115/985
f 3693/115/2204 3699/115/2258 3694/115/2258
f 3693/115/2204 3694/115/2258 3688/115/2259
f 3694/115/2140 3700/115/2141 3701/115/2142
f 3694/115/2140 3701/115/2142 3695/115/2140
f 3695/115/987 3701/115/987 3702/115/987
f 3695/115/987 3702/115/987 3696/115/987
f 3696/115/2143 3702/115/2144 3703/115/2145
f 3696/115/2143 3703/115/2145 3697/115/2146
f 3697/115/2147 3703/115/3827 3704/115/2149
f 3697/115/2147 3704/115/2149 3698/115/2150
f 3698/115/985 3704/115/985 3705/115/985
f 3698/115/985 3705/115/985 3699/115/985
f 3699/115/2153 3705/115/2152 3700/115/2153
f 3699/115/2153 3700/115/2153 3694/115/2151
f 3700/115/2154 3706/115/2154 3707/115/2154
f 3700/115/2154 3707/115/2154 3701/115/2155
f 3701/115/987 3707/115/987 3708/115/987
f 3701/115/987 3708/115/987 3702/115/987
f 3702/115/3090 3708/115/3090 3709/115/3090
f 3702/115/3090 3709/115/3090 3703/115/3090
f 3703/115/2162 3709/115/2162 3710/115/2162
f 3703/115/2162 3710/115/2162 3704/115/2162
f 3704/115/985 3710/115/985 3711/115/985
f 3704/115/985 3711/115/985 3705/115/985
f 3705/115/2163 3711/115/2163 3706/115/2163
f 3705/115/2163 3706/115/2163 3700/115/2164
f 3706/115/2165 3712/115/2166 3713/115/2165
f 3706/115/2165 3713/115/2165 3707/115/2167
f 3707/115/987 3713/115/987 3714/115/987
f 3707/115/987 3714/115/987 3708/115/987
f 3708/115/3828 3714/115/2169 3715/115/3828
f 3708/115/3828 3715/115/3828 3709/115/3829
f 3709/115/3830 3715/115/2234 3716/115/3830
f 3709/115/3830 3716/115/3830 3710/115/3831
f 3710/115/985 3716/115/985 3717/115/985
f 3710/115/985 3717/115/985 3711/115/985
f 3711/115/2174 3717/115/2175 3712/115/2174
f 3711/115/2174 3712/115/2174 3706/115/2174
f 3712/115/2176 3718/115/2176 3719/115/2176
f 3712/115/2176 3719/115/2176 3713/115/2177
f 3713/115/987 3719/115/987 3720/115/987
f 3713/115/987 3720/115/987 3714/115/987
f 3714/115/3832 3720/115/3833 3721/115/3832
f 3714/115/3832 3721/115/3832 3715/115/3469
f 3715/115/3834 3721/115/3835 3722/115/3834
f 3715/115/3834 3722/115/3834 3716/115/2184
f 3716/115/985 3722/115/985 3723/115/985
f 3716/115/985 3723/115/985 3717/115/985
f 3717/115/2185 3723/115/2186 3718/115/2185
f 3717/115/2185 3718/115/2185 3712/115/2187
f 3718/115/2188 3724/115/3836 3725/115/2188
f 3718/115/2188 3725/115/2188 3719/115/2188
f 3719/115/987 3725/115/987 3726/115/987
f 3719/115/987 3726/115/987 3720/115/987
f 3720/115/2190 3726/115/2190 3727/115/2190
f 3720/115/2190 3727/115/2190 3721/115/2190
f 3721/115/3100 3727/115/3100 3728/115/3100
f 3721/115/3100 3728/115/3100 3722/115/3100
f 3722/115/985 3728/115/985 3729/115/985
f 3722/115/985 3729/115/985 3723/115/985
f 3723/115/2196 3729/115/2197 3724/115/2196
f 3723/115/2196 3724/115/2196 3718/115/2196
f 3724/115/2252 3658/115/2199 3659/115/2199
f 3724/115/2252 3659/115/2199 3725/115/2198
f 3725/115/987 3659/115/987 3660/115/987
f 3725/115/987 3660/115/987 3726/115/987
f 3726/115/2200 3660/115/2201 3661/115/2202
f 3726/115/2200 3661/115/2202 3727/115/2203
f 3727/115/2204 3661/115/2205 3662/115/2206
f 3727/115/2204 3662/115/2206 3728/115/2207
f 3728/115/985 3662/115/985 3663/115/985
f 3728/115/985 3663/115/985 3729/115/985
f 3729/115/2208 3663/115/2209 3658/115/2209
f 3729/115/2208 3658/115/2209 3724/115/2210
f 3730/115/2324 3736/115/3104 3737/115/2324
f 3730/115/2324 3737/115/2324 3731/115/2322
f 3731/115/181 3737/115/181 3738/115/3837
f 3731/115/181 3738/115/3837 3732/115/181
f 3732/115/2319 3738/115/2318 3739/115/3838
f 3732/115/2319 3739/115/3838 3733/115/3839
f 3733/115/3840 3739/115/3840 3740/115/3841
f 3733/115/3840 3740/115/3841 3734/115/3841
f 3734/115/170 3740/115/170 3741/115/170
f 3734/115/170 3741/115/170 3735/115/170
f 3735/115/3510 3741/115/3842 3736/115/3510
f 3735/115/3510 3736/115/3510 3730/115/3843
f 3736/115/3106 3742/115/2309 3743/115/3107
f 3736/115/3106 3743/115/3107 3737/115/3108
f 3737/115/181 3743/115/3844 3744/115/3845
f 3737/115/181 3744/115/3845 3738/115/3837
f 3738/115/2368 3744/115/2368 3745/115/3846
f 3738/115/2368 3745/115/3846 3739/115/3110
f 3739/115/3111 3745/115/3111 3746/115/3111
f 3739/115/3111 3746/115/3111 3740/115/3111
f 3740/115/170 3746/115/170 3747/115/170
f 3740/115/170 3747/115/170 3741/115/170
f 3741/115/2304 3747/115/2304 3742/115/2304
f 3741/115/2304 3742/115/2304 3736/115/3113
f 3742/115/2302 3748/115/3114 3749/115/3114
f 3742/115/2302 3749/115/3114 3743/115/3115
f 3743/115/3844 3749/115/2321 3750/115/2321
f 3743/115/3844 3750/115/2321 3744/115/3845
f 3744/115/3847 3750/115/3848 3751/115/3847
f 3744/115/3847 3751/115/3847 3745/115/3849
f 3745/115/2297 3751/115/2351 3752/115/2297
f 3745/115/2297 3752/115/2297 3746/115/2297
f 3746/115/170 3752/115/170 3753/115/170
f 3746/115/170 3753/115/170 3747/115/170
f 3747/115/2294 3753/115/2295 3748/115/2295
f 3747/115/2294 3748/115/2295 3742/115/3850
f 3748/115/3851 3754/115/3851 3755/115/3851
f 3748/115/3851 3755/115/3851 3749/115/3851
f 3749/115/2321 3755/115/181 3756/115/181
f 3749/115/2321 3756/115/181 3750/115/2321
f 3750/115/2288 3756/115/3852 3757/115/2348
f 3750/115/2288 3757/115/2348 3751/115/2349
f 3751/115/3853 3757/115/2287 3758/115/3853
f 3751/115/3853 3758/115/3853 3752/115/3854
f 3752/115/170 3758/115/170 3759/115/170
f 3752/115/170 3759/115/170 3753/115/170
f 3753/115/2284 3759/115/2285 3754/115/2283
f 3753/115/2284 3754/115/2283 3748/115/2284
f 3754/115/2338 3760/115/2337 3761/115/2337
f 3754/115/2338 3761/115/2337 3755/115/2338
f 3755/115/181 3761/115/2330 3762/115/181
f 3755/115/181 3762/115/181 3756/115/181
f 3756/115/3855 3762/115/3856 3763/115/3855
f 3756/115/3855 3763/115/3855 3757/115/3857
f 3757/115/3124 3763/115/2333 3764/115/3124
f 3757/115/3124 3764/115/3124 3758/115/3124
f 3758/115/170 3764/115/170 3765/115/2276
f 3758/115/170 3765/115/2276 3759/115/170
f 3759/115/2274 3765/115/3858 3760/115/3143
f 3759/115/2274 3760/115/3143 3754/115/3859
f 3760/115/3860 3766/115/3489 3767/115/3860
f 3760/115/3860 3767/115/3860 3761/115/2329
f 3761/115/2330 3767/115/3861 3768/115/181
f 3761/115/2330 3768/115/181 3762/115/181
f 3762/115/3524 3768/115/3145 3769/115/3862
f 3762/115/3524 3769/115/3862 3763/115/3863
f 3763/115/3864 3769/115/3865 3770/115/3866
f 3763/115/3864 3770/115/3866 3764/115/3867
f 3764/115/170 3770/115/2276 3771/115/170
f 3764/115/170 3771/115/170 3765/115/2276
f 3765/115/3868 3771/115/2328 3766/115/2260
f 3765/115/3868 3766/115/2260 3760/115/3869
f 3766/115/3870 3772/115/2319 3773/115/3870
f 3766/115/3870 3773/115/3870 3767/115/3130
f 3767/115/3861 3773/115/2269 3774/115/2269
f 3767/115/3861 3774/115/2269 3768/115/181
f 3768/115/2324 3774/115/2323 3775/115/2323
f 3768/115/2324 3775/115/2323 3769/115/3871
f 3769/115/3872 3775/115/3872 3776/115/2310
f 3769/115/3872 3776/115/2310 3770/115/2310
f 3770/115/2276 3776/115/2305 3777/115/2305
f 3770/115/2276 3777/115/2305 3771/115/170
f 3771/115/2314 3777/115/3512 3772/115/3512
f 3771/115/2314 3772/115/3512 3766/115/2370
f 3772/115/2308 3778/115/3109 3779/115/2308
f 3772/115/2308 3779/115/2308 3773/115/3537
f 3773/115/2269 3779/115/181 3780/115/2299
f 3773/115/2269 3780/115/2299 3774/115/2269
f 3774/115/3873 3780/115/3874 3781/115/3873
f 3774/115/3873 3781/115/3873 3775/115/3107
f 3775/115/2365 3781/115/2364 3782/115/2365
f 3775/115/2365 3782/115/2365 3776/115/2365
f 3776/115/2305 3782/115/170 3783/115/170
f 3776/115/2305 3783/115/170 3777/115/2305
f 3777/115/2362 3783/115/2361 3778/115/2363
f 3777/115/2362 3778/115/2363 3772/115/3111
f 3778/115/3135 3784/115/2360 3785/115/2357
f 3778/115/3135 3785/115/2357 3779/115/3135
f 3779/115/181 3785/115/181 3786/115/181
f 3779/115/181 3786/115/181 3780/115/2299
f 3780/115/3875 3786/115/3876 3787/115/2355
f 3780/115/3875 3787/115/2355 3781/115/3877
f 3781/115/2293 3787/115/2295 3788/115/2293
f 3781/115/2293 3788/115/2293 3782/115/3878
f 3782/115/170 3788/115/170 3789/115/170
f 3782/115/170 3789/115/170 3783/115/170
f 3783/115/2353 3789/115/2351 3784/115/2351
f 3783/115/2353 3784/115/2351 3778/115/2353
f 3784/115/3138 3790/115/2347 3791/115/2347
f 3784/115/3138 3791/115/2347 3785/115/3138
f 3785/115/181 3791/115/2299 3792/115/2299
f 3785/115/181 3792/115/2299 3786/115/181
f 3786/115/3879 3792/115/3879 3793/115/3879
f 3786/115/3879 3793/115/3879 3787/115/2346
f 3787/115/2344 3793/115/2345 3794/115/2344
f 3787/115/2344 3794/115/2344 3788/115/3880
f 3788/115/170 3794/115/2276 3795/115/170
f 3788/115/170 3795/115/170 3789/115/170
f 3789/115/2342 3795/115/2343 3790/115/2340
f 3789/115/2342 3790/115/2340 3784/115/2342
f 3790/115/2339 3796/115/3142 3797/115/3142
f 3790/115/2339 3797/115/3142 3791/115/2339
f 3791/115/2299 3797/115/181 3798/115/181
f 3791/115/2299 3798/115/181 3792/115/2299
f 3792/115/3881 3798/115/3882 3799/115/2281
f 3792/115/3881 3799/115/2281 3793/115/3883
f 3793/115/3143 3799/115/2274 3800/115/3143
f 3793/115/3143 3800/115/3143 3794/115/3143
f 3794/115/2276 3800/115/170 3801/115/170
f 3794/115/2276 3801/115/170 3795/115/170
f 3795/115/2333 3801/115/3525 3796/115/2333
f 3795/115/2333 3796/115/2333 3790/115/2334
f 3796/115/2267 3730/115/3145 3731/115/2267
f 3796/115/2267 3731/115/2267 3797/115/3146
f 3797/115/181 3731/115/181 3732/115/181
f 3797/115/181 3732/115/181 3798/115/181
f 3798/115/2270 3732/115/3125 3733/115/2270
f 3798/115/2270 3733/115/2270 3799/115/3884
f 3799/115/3885 3733/115/3886 3734/115/2328
f 3799/115/3885 3734/115/2328 3800/115/3887
f 3800/115/170 3734/115/170 3735/115/170
f 3800/115/170 3735/115/170 3801/115/170
f 3801/115/2326 3735/115/3888 3730/115/2326
f 3801/115/2326 3730/115/2326 3796/115/2264
f 3802/115/3889 3808/115/3890 3809/115/3889
f 3802/115/3889 3809/115/3889 3803/115/2378
f 3803/115/987 3809/115/987 3810/115/987
f 3803/115/987 3810/115/987 3804/115/987
f 3804/115/2377 3810/115/2377 3811/115/2377
f 3804/115/2377 3811/115/2377 3805/115/2444
f 3805/115/3891 3811/115/3892 3812/115/3891
f 3805/115/3891 3812/115/3891 3806/115/3550
f 3806/115/985 3812/115/985 3813/115/985
f 3806/115/985 3813/115/985 3807/115/985
f 3807/115/3893 3813/115/3894 3808/115/3893
f 3807/115/3893 3808/115/3893 3802/115/3547
f 3808/115/3574 3814/115/3575 3815/115/3575
f 3808/115/3574 3815/115/3575 3809/115/3574
f 3809/115/987 3815/115/987 3816/115/987
f 3809/115/987 3816/115/987 3810/115/987
f 3810/115/3895 3816/115/3896 3817/115/3895
f 3810/115/3895 3817/115/3895 3811/115/3895
f 3811/115/3897 3817/115/3898 3818/115/3897
f 3811/115/3897 3818/115/3897 3812/115/3558
f 3812/115/985 3818/115/985 3819/115/985
f 3812/115/985 3819/115/985 3813/115/985
f 3813/115/3557 3819/115/2395 3814/115/2395
f 3813/115/3557 3814/115/2395 3808/115/2455
f 3814/115/2403 3820/115/2403 3821/115/2403
f 3814/115/2403 3821/115/2403 3815/115/3578
f 3815/115/987 3821/115/987 3822/115/987
f 3815/115/987 3822/115/987 3816/115/987
f 3816/115/3163 3822/115/2400 3823/115/3163
f 3816/115/3163 3823/115/3163 3817/115/3163
f 3817/115/2406 3823/115/2406 3824/115/2406
f 3817/115/2406 3824/115/2406 3818/115/2406
f 3818/115/985 3824/115/985 3825/115/985
f 3818/115/985 3825/115/985 3819/115/985
f 3819/115/2404 3825/115/2404 3820/115/2404
f 3819/115/2404 3820/115/2404 3814/115/2404
f 3820/115/2412 3826/115/2412 3827/115/2412
f 3820/115/2412 3827/115/2412 3821/115/2412
f 3821/115/987 3827/115/987 3828/115/987
f 3821/115/987 3828/115/987 3822/115/987
f 3822/115/2411 3828/115/2411 3829/115/2411
f 3822/115/2411 3829/115/2411 3823/115/2411
f 3823/115/3169 3829/115/3169 3830/115/3169
f 3823/115/3169 3830/115/3169 3824/115/3169
f 3824/115/985 3830/115/985 3831/115/985
f 3824/115/985 3831/115/985 3825/115/985
f 3825/115/2413 3831/115/2477 3826/115/2413
f 3825/115/2413 3826/115/2413 3820/115/2413
f 3826/115/2421 3832/115/3583 3833/115/3583
f 3826/115/2421 3833/115/3583 3827/115/2421
f 3827/115/987 3833/115/987 3834/115/987
f 3827/115/987 3834/115/987 3828/115/987
f 3828/115/3899 3834/115/3207 3835/115/3899
f 3828/115/3899 3835/115/3899 3829/115/3900
f 3829/115/3901 3835/115/3901 3836/115/3901
f 3829/115/3901 3836/115/3901 3830/115/3902
f 3830/115/985 3836/115/985 3837/115/985
f 3830/115/985 3837/115/985 3831/115/985
f 3831/115/2423 3837/115/3586 3832/115/3586
f 3831/115/2423 3832/115/3586 3826/115/2423
f 3832/115/3903 3838/115/3570 3839/115/3903
f 3832/115/3903 3839/115/3903 3833/115/3904
f 3833/115/987 3839/115/987 3840/115/987
f 3833/115/987 3840/115/987 3834/115/987
f 3834/115/3905 3840/115/3567 3841/115/3905
f 3834/115/3905 3841/115/3905 3835/115/3905
f 3835/115/2439 3841/115/2489 3842/115/2439
f 3835/115/2439 3842/115/2439 3836/115/2439
f 3836/115/985 3842/115/985 3843/115/985
f 3836/115/985 3843/115/985 3837/115/985
f 3837/115/3906 3843/115/2436 3838/115/3906
f 3837/115/3906 3838/115/3906 3832/115/3589
f 3838/115/2375 3844/115/2377 3845/115/2375
f 3838/115/2375 3845/115/2375 3839/115/2376
f 3839/115/987 3845/115/987 3846/115/987
f 3839/115/987 3846/115/987 3840/115/987
f 3840/115/3907 3846/115/3149 3847/115/2378
f 3840/115/3907 3847/115/2378 3841/115/2379
f 3841/115/2384 3847/115/2385 3848/115/2382
f 3841/115/2384 3848/115/2382 3842/115/2382
f 3842/115/985 3848/115/985 3849/115/985
f 3842/115/985 3849/115/985 3843/115/985
f 3843/115/2386 3849/115/3908 3844/115/2386
f 3843/115/2386 3844/115/2386 3838/115/2446
f 3844/115/3551 3850/115/3552 3851/115/3552
f 3844/115/3551 3851/115/3552 3845/115/3551
f 3845/115/987 3851/115/987 3852/115/987
f 3845/115/987 3852/115/987 3846/115/987
f 3846/115/2449 3852/115/2393 3853/115/2449
f 3846/115/2449 3853/115/2449 3847/115/3909
f 3847/115/2454 3853/115/3910 3854/115/2454
f 3847/115/2454 3854/115/2454 3848/115/3557
f 3848/115/985 3854/115/985 3855/115/985
f 3848/115/985 3855/115/985 3849/115/985
f 3849/115/3558 3855/115/3157 3850/115/3157
f 3849/115/3558 3850/115/3157 3844/115/3190
f 3850/115/3163 3856/115/3163 3857/115/3163
f 3850/115/3163 3857/115/3163 3851/115/3559
f 3851/115/987 3857/115/987 3858/115/987
f 3851/115/987 3858/115/987 3852/115/987
f 3852/115/2457 3858/115/3578 3859/115/3578
f 3852/115/2457 3859/115/3578 3853/115/3578
f 3853/115/3165 3859/115/3911 3860/115/3911
f 3853/115/3165 3860/115/3911 3854/115/3912
f 3854/115/985 3860/115/985 3861/115/985
f 3854/115/985 3861/115/985 3855/115/985
f 3855/115/2406 3861/115/2406 3856/115/2406
f 3855/115/2406 3856/115/2406 3850/115/2406
f 3856/115/2411 3862/115/2411 3863/115/2411
f 3856/115/2411 3863/115/2411 3857/115/2411
f 3857/115/987 3863/115/987 3864/115/987
f 3857/115/987 3864/115/987 3858/115/987
f 3858/115/3167 3864/115/3913 3865/115/2469
f 3858/115/3167 3865/115/2469 3859/115/3167
f 3859/115/2477 3865/115/3914 3866/115/3914
f 3859/115/2477 3866/115/3914 3860/115/2477
f 3860/115/985 3866/115/985 3867/115/985
f 3860/115/985 3867/115/985 3861/115/985
f 3861/115/3169 3867/115/2416 3862/115/3169
f 3861/115/3169 3862/115/3169 3856/115/3169
f 3862/115/3174 3868/115/3560 3869/115/3560
f 3862/115/3174 3869/115/3560 3863/115/3174
f 3863/115/987 3869/115/987 3870/115/987
f 3863/115/987 3870/115/987 3864/115/987
f 3864/115/2478 3870/115/2479 3871/115/2478
f 3864/115/2478 3871/115/2478 3865/115/3915
f 3865/115/2422 3871/115/3916 3872/115/2484
f 3865/115/2422 3872/115/2484 3866/115/3210
f 3866/115/985 3872/115/985 3873/115/985
f 3866/115/985 3873/115/985 3867/115/985
f 3867/115/3902 3873/115/3565 3868/115/3565
f 3867/115/3902 3868/115/3565 3862/115/3176
f 3868/115/2427 3802/115/2429 3803/115/2427
f 3868/115/2427 3803/115/2427 3869/115/2428
f 3869/115/987 3803/115/987 3804/115/987
f 3869/115/987 3804/115/987 3870/115/987
f 3870/115/2432 3804/115/2432 3805/115/2430
f 3870/115/2432 3805/115/2430 3871/115/2431
f 3871/115/2436 3805/115/2437 3806/115/3917
f 3871/115/2436 3806/115/3917 3872/115/3181
f 3872/115/985 3806/115/985 3807/115/985
f 3872/115/985 3807/115/985 3873/115/985
f 3873/115/2438 3807/115/3918 3802/115/2438
f 3873/115/2438 3802/115/2438 3868/115/3919
f 3874/115/3920 3880/115/2549 3881/115/3920
f 3874/115/3920 3881/115/3920 3875/115/3216
f 3875/115/3921 3881/115/2554 3882/115/2554
f 3875/115/3921 3882/115/2554 3876/115/183
f 3876/115/2547 3882/115/3922 3883/115/2599
f 3876/115/2547 3883/115/2599 3877/115/3646
f 3877/115/3923 3883/115/3924 3884/115/3925
f 3877/115/3923 3884/115/3925 3878/115/3925
f 3878/115/2560 3884/115/2587 3885/115/2587
f 3878/115/2560 3885/115/2587 3879/115/172
f 3879/115/2541 3885/115/3641 3880/115/3641
f 3879/115/2541 3880/115/3641 3874/115/2542
f 3880/115/2589 3886/115/3246 3887/115/2589
f 3880/115/2589 3887/115/2589 3881/115/2589
f 3881/115/2554 3887/115/183 3888/115/2582
f 3881/115/2554 3888/115/2582 3882/115/2554
f 3882/115/3245 3888/115/3224 3889/115/3245
f 3882/115/3245 3889/115/3245 3883/115/2537
f 3883/115/2535 3889/115/2534 3890/115/2535
f 3883/115/2535 3890/115/2535 3884/115/2535
f 3884/115/2587 3890/115/172 3891/115/172
f 3884/115/2587 3891/115/172 3885/115/2587
f 3885/115/3926 3891/115/2532 3886/115/2533
f 3885/115/3926 3886/115/2533 3880/115/3248
f 3886/115/2529 3892/115/2530 3893/115/2529
f 3886/115/2529 3893/115/2529 3887/115/3225
f 3887/115/183 3893/115/183 3894/115/183
f 3887/115/183 3894/115/183 3888/115/2582
f 3888/115/3927 3894/115/3605 3895/115/2526
f 3888/115/3927 3895/115/2526 3889/115/3928
f 3889/115/2577 3895/115/2579 3896/115/2577
f 3889/115/2577 3896/115/2577 3890/115/3929
f 3890/115/172 3896/115/172 3897/115/172
f 3890/115/172 3897/115/172 3891/115/172
f 3891/115/2523 3897/115/2522 3892/115/2522
f 3891/115/2523 3892/115/2522 3886/115/2523
f 3892/115/3229 3898/115/2519 3899/115/2519
f 3892/115/3229 3899/115/2519 3893/115/3229
f 3893/115/183 3899/115/2582 3900/115/2582
f 3893/115/183 3900/115/2582 3894/115/183
f 3894/115/3930 3900/115/3931 3901/115/3930
f 3894/115/3930 3901/115/3930 3895/115/2518
f 3895/115/2516 3901/115/2517 3902/115/2516
f 3895/115/2516 3902/115/2516 3896/115/3600
f 3896/115/172 3902/115/2560 3903/115/172
f 3896/115/172 3903/115/172 3897/115/172
f 3897/115/2514 3903/115/3932 3898/115/3932
f 3897/115/2514 3898/115/3932 3892/115/2514
f 3898/115/2511 3904/115/3234 3905/115/3234
f 3898/115/2511 3905/115/3234 3899/115/2511
f 3899/115/2582 3905/115/183 3906/115/183
f 3899/115/2582 3906/115/183 3900/115/2582
f 3900/115/3933 3906/115/3934 3907/115/3935
f 3900/115/3933 3907/115/3935 3901/115/3936
f 3901/115/3236 3907/115/2558 3908/115/3236
f 3901/115/3236 3908/115/3236 3902/115/3236
f 3902/115/2560 3908/115/172 3909/115/172
f 3902/115/2560 3909/115/172 3903/115/172
f 3903/115/2507 3909/115/3258 3904/115/2507
f 3903/115/2507 3904/115/2507 3898/115/2508
f 3904/115/2503 3910/115/3238 3911/115/2503
f 3904/115/2503 3911/115/2503 3905/115/3239
f 3905/115/183 3911/115/183 3912/115/183
f 3905/115/183 3912/115/183 3906/115/183
f 3906/115/2555 3912/115/3259 3913/115/2555
f 3906/115/2555 3913/115/2555 3907/115/3619
f 3907/115/3241 3913/115/3937 3914/115/3241
f 3907/115/3241 3914/115/3241 3908/115/3938
f 3908/115/172 3914/115/172 3915/115/172
f 3908/115/172 3915/115/172 3909/115/172
f 3909/115/2494 3915/115/3939 3910/115/2494
f 3909/115/2494 3910/115/2494 3904/115/2493
f 3910/115/2547 3916/115/3219 3917/115/2547
f 3910/115/2547 3917/115/2547 3911/115/2598
f 3911/115/183 3917/115/183 3918/115/3940
f 3911/115/183 3918/115/3940 3912/115/183
f 3912/115/2549 3918/115/2597 3919/115/2549
f 3912/115/2549 3919/115/2549 3913/115/3941
f 3913/115/3242 3919/115/3242 3920/115/3942
f 3913/115/3242 3920/115/3942 3914/115/3942
f 3914/115/172 3920/115/172 3921/115/172
f 3914/115/172 3921/115/172 3915/115/172
f 3915/115/3943 3921/115/3611 3916/115/3943
f 3915/115/3943 3916/115/3943 3910/115/3944
f 3916/115/3244 3922/115/2590 3923/115/2537
f 3916/115/3244 3923/115/2537 3917/115/3245
f 3917/115/183 3923/115/3945 3924/115/3946
f 3917/115/183 3924/115/3946 3918/115/3940
f 3918/115/3947 3924/115/3948 3925/115/3947
f 3918/115/3947 3925/115/3947 3919/115/3247
f 3919/115/3248 3925/115/3248 3926/115/3248
f 3919/115/3248 3926/115/3248 3920/115/3249
f 3920/115/172 3926/115/172 3927/115/172
f 3920/115/172 3927/115/172 3921/115/172
f 3921/115/2585 3927/115/2586 3922/115/2585
f 3921/115/2585 3922/115/2585 3916/115/3250
f 3922/115/2584 3928/115/2583 3929/115/2583
f 3922/115/2584 3929/115/2583 3923/115/2527
f 3923/115/3945 3929/115/536 3930/115/536
f 3923/115/3945 3930/115/536 3924/115/3946
f 3924/115/3949 3930/115/3950 3931/115/3951
f 3924/115/3949 3931/115/3951 3925/115/3952
f 3925/115/2580 3931/115/2522 3932/115/2580
f 3925/115/2580 3932/115/2580 3926/115/2580
f 3926/115/172 3932/115/172 3933/115/172
f 3926/115/172 3933/115/172 3927/115/172
f 3927/115/2578 3933/115/2579 3928/115/2579
f 3927/115/2578 3928/115/2579 3922/115/3254
f 3928/115/3953 3934/115/3953 3935/115/3953
f 3928/115/3953 3935/115/3953 3929/115/3954
f 3929/115/536 3935/115/183 3936/115/183
f 3929/115/536 3936/115/183 3930/115/536
f 3930/115/2520 3936/115/3955 3937/115/3956
f 3930/115/2520 3937/115/3956 3931/115/3229
f 3931/115/3957 3937/115/2571 3938/115/3957
f 3931/115/3957 3938/115/3957 3932/115/3958
f 3932/115/172 3938/115/172 3939/115/172
f 3932/115/172 3939/115/172 3933/115/172
f 3933/115/2569 3939/115/2570 3934/115/2568
f 3933/115/2569 3934/115/2568 3928/115/2569
f 3934/115/3235 3940/115/2510 3941/115/2510
f 3934/115/3235 3941/115/2510 3935/115/3235
f 3935/115/183 3941/115/2502 3942/115/183
f 3935/115/183 3942/115/183 3936/115/183
f 3936/115/3959 3942/115/3960 3943/115/3959
f 3936/115/3959 3943/115/3959 3937/115/3961
f 3937/115/3258 3943/115/2507 3944/115/3258
f 3937/115/3258 3944/115/3258 3938/115/3258
f 3938/115/172 3944/115/172 3945/115/2560
f 3938/115/172 3945/115/2560 3939/115/172
f 3939/115/2558 3945/115/3962 3940/115/3236
f 3939/115/2558 3940/115/3236 3934/115/3963
f 3940/115/3964 3874/115/3964 3875/115/3964
f 3940/115/3964 3875/115/3964 3941/115/2500
f 3941/115/2502 3875/115/3921 3876/115/183
f 3941/115/2502 3876/115/183 3942/115/183
f 3942/115/3597 3876/115/3238 3877/115/3262
f 3942/115/3597 3877/115/3262 3943/115/3965
f 3943/115/3966 3877/115/3966 3878/115/3967
f 3943/115/3966 3878/115/3967 3944/115/3968
f 3944/115/172 3878/115/2560 3879/115/172
f 3944/115/172 3879/115/172 3945/115/2560
f 3945/115/2497 3879/115/3593 3874/115/2496
f 3945/115/2497 3874/115/2496 3940/115/3263
f 3946/115/2672 3952/115/3658 3953/115/2606
f 3946/115/2672 3953/115/2606 3947/115/2672
f 3947/115/987 3953/115/987 3954/115/987
f 3947/115/987 3954/115/987 3948/115/987
f 3948/115/3265 3954/115/2674 3955/115/2603
f 3948/115/3265 3955/115/2603 3949/115/2675
f 3949/115/2676 3955/115/2677 3956/115/2612
f 3949/115/2676 3956/115/2612 3950/115/2614
f 3950/115/985 3956/115/985 3957/115/985
f 3950/115/985 3957/115/985 3951/115/985
f 3951/115/2610 3957/115/3969 3952/115/2611
f 3951/115/2610 3952/115/2611 3946/115/2610
f 3952/115/2679 3958/115/2679 3959/115/2679
f 3952/115/2679 3959/115/2679 3953/115/3970
f 3953/115/987 3959/115/987 3960/115/987
f 3953/115/987 3960/115/987 3954/115/987
f 3954/115/2680 3960/115/2681 3961/115/2680
f 3954/115/2680 3961/115/2680 3955/115/2682
f 3955/115/2625 3961/115/2624 3962/115/2625
f 3955/115/2625 3962/115/2625 3956/115/2683
f 3956/115/985 3962/115/985 3963/115/985
f 3956/115/985 3963/115/985 3957/115/985
f 3957/115/2684 3963/115/2684 3958/115/2684
f 3957/115/2684 3958/115/2684 3952/115/2684
f 3958/115/2685 3964/115/3651 3965/115/2685
f 3958/115/2685 3965/115/2685 3959/115/2685
f 3959/115/987 3965/115/987 3966/115/987
f 3959/115/987 3966/115/987 3960/115/987
f 3960/115/2687 3966/115/3650 3967/115/2687
f 3960/115/2687 3967/115/2687 3961/115/2687
f 3961/115/2689 3967/115/3653 3968/115/2689
f 3961/115/2689 3968/115/2689 3962/115/2689
f 3962/115/985 3968/115/985 3969/115/985
f 3962/115/985 3969/115/985 3963/115/985
f 3963/115/2691 3969/115/3652 3964/115/2691
f 3963/115/2691 3964/115/2691 3958/115/2691
f 3964/115/2693 3970/115/2693 3971/115/2693
f 3964/115/2693 3971/115/2693 3965/115/2694
f 3965/115/987 3971/115/987 3972/115/987
f 3965/115/987 3972/115/987 3966/115/987
f 3966/115/2695 3972/115/2695 3973/115/2695
f 3966/115/2695 3973/115/2695 3967/115/2696
f 3967/115/2697 3973/115/2697 3974/115/2697
f 3967/115/2697 3974/115/2697 3968/115/2698
f 3968/115/985 3974/115/985 3975/115/985
f 3968/115/985 3975/115/985 3969/115/985
f 3969/115/2699 3975/115/2699 3970/115/2699
f 3969/115/2699 3970/115/2699 3964/115/2700
f 3970/115/3971 3976/115/2701 3977/115/2701
f 3970/115/3971 3977/115/2701 3971/115/2701
f 3971/115/987 3977/115/987 3978/115/987
f 3971/115/987 3978/115/987 3972/115/987
f 3972/115/2702 3978/115/2703 3979/115/2702
f 3972/115/2702 3979/115/2702 3973/115/2648
f 3973/115/2704 3979/115/2705 3980/115/2704
f 3973/115/2704 3980/115/2704 3974/115/2706
f 3974/115/985 3980/115/985 3981/115/985
f 3974/115/985 3981/115/985 3975/115/985
f 3975/115/3972 3981/115/3973 3976/115/2707
f 3975/115/3972 3976/115/2707 3970/115/2707
f 3976/115/2708 3982/115/2661 3983/115/2661
f 3976/115/2708 3983/115/2661 3977/115/2708
f 3977/115/987 3983/115/987 3984/115/987
f 3977/115/987 3984/115/987 3978/115/987
f 3978/115/2659 3984/115/2658 3985/115/3668
f 3978/115/2659 3985/115/3668 3979/115/3669
f 3979/115/2669 3985/115/2711 3986/115/2669
f 3979/115/2669 3986/115/2669 3980/115/2713
f 3980/115/985 3986/115/985 3987/115/985
f 3980/115/985 3987/115/985 3981/115/985
f 3981/115/2665 3987/115/2714 3982/115/2714
f 3981/115/2665 3982/115/2714 3976/115/2665
f 3982/115/2601 3988/115/3647 3989/115/2603
f 3982/115/2601 3989/115/2603 3983/115/2601
f 3983/115/987 3989/115/987 3990/115/987
f 3983/115/987 3990/115/987 3984/115/987
f 3984/115/2604 3990/115/2605 3991/115/2606
f 3984/115/2604 3991/115/2606 3985/115/2607
f 3985/115/2608 3991/115/2609 3992/115/2610
f 3985/115/2608 3992/115/2610 3986/115/2611
f 3986/115/985 3992/115/985 3993/115/985
f 3986/115/985 3993/115/985 3987/115/985
f 3987/115/2612 3993/115/2613 3988/115/2614
f 3987/115/2612 3988/115/2614 3982/115/2612
f 3988/115/2615 3994/115/2615 3995/115/2615
f 3988/115/2615 3995/115/2615 3989/115/2616
f 3989/115/987 3995/115/987 3996/115/987
f 3989/115/987 3996/115/987 3990/115/987
f 3990/115/3303 3996/115/3303 3997/115/3303
f 3990/115/3303 3997/115/3303 3991/115/3303
f 3991/115/2623 3997/115/2623 3998/115/2623
f 3991/115/2623 3998/115/2623 3992/115/2623
f 3992/115/985 3998/115/985 3999/115/985
f 3992/115/985 3999/115/985 3993/115/985
f 3993/115/2624 3999/115/2624 3994/115/2624
f 3993/115/2624 3994/115/2624 3988/115/2625
f 3994/115/2626 4000/115/2627 4001/115/2626
f 3994/115/2626 4001/115/2626 3995/115/2628
f 3995/115/987 4001/115/987 4002/115/987
f 3995/115/987 4002/115/987 3996/115/987
f 3996/115/3974 4002/115/2630 4003/115/3974
f 3996/115/3974 4003/115/3974 3997/115/3975
f 3997/115/3976 4003/115/2692 4004/115/3976
f 3997/115/3976 4004/115/3976 3998/115/3977
f 3998/115/985 4004/115/985 4005/115/985
f 3998/115/985 4005/115/985 3999/115/985
f 3999/115/2635 4005/115/2636 4000/115/2635
f 3999/115/2635 4000/115/2635 3994/115/2635
f 4000/115/2637 4006/115/2637 4007/115/2637
f 4000/115/2637 4007/115/2637 4001/115/2638
f 4001/115/987 4007/115/987 4008/115/987
f 4001/115/987 4008/115/987 4002/115/987
f 4002/115/3978 4008/115/3979 4009/115/3978
f 4002/115/3978 4009/115/3978 4003/115/3980
f 4003/115/3981 4009/115/3982 4010/115/3981
f 4003/115/3981 4010/115/3981 4004/115/2644
f 4004/115/985 4010/115/985 4011/115/985
f 4004/115/985 4011/115/985 4005/115/985
f 4005/115/2645 4011/115/2646 4006/115/2645
f 4005/115/2645 4006/115/2645 4000/115/2647
f 4006/115/2648 4012/115/2648 4013/115/2648
f 4006/115/2648 4013/115/2648 4007/115/2648
f 4007/115/987 4013/115/987 4014/115/987
f 4007/115/987 4014/115/987 4008/115/987
f 4008/115/2650 4014/115/2650 4015/115/2650
f 4008/115/2650 4015/115/2650 4009/115/2650
f 4009/115/3309 4015/115/3309 4016/115/3309
f 4009/115/3309 4016/115/3309 4010/115/3309
f 4010/115/985 4016/115/985 4017/115/985
f 4010/115/985 4017/115/985 4011/115/985
f 4011/115/2656 4017/115/2657 4012/115/2656
f 4011/115/2656 4012/115/2656 4006/115/2656
f 4012/115/2658 3946/115/2659 3947/115/2659
f 4012/115/2658 3947/115/2659 4013/115/2660
f 4013/115/987 3947/115/987 3948/115/987
f 4013/115/987 3948/115/987 4014/115/987
f 4014/115/2661 3948/115/2662 3949/115/3656
f 4014/115/2661 3949/115/3656 4015/115/3657
f 4015/115/2665 3949/115/2666 3950/115/2665
f 4015/115/2665 3950/115/2665 4016/115/2668
f 4016/115/985 3950/115/985 3951/115/985
f 4016/115/985 3951/115/985 4017/115/985
f 4017/115/2669 3951/115/2670 3946/115/2670
f 4017/115/2669 3946/115/2670 4012/115/2669
f 4018/115/2778 4024/115/3313 4025/115/2778
f 4018/115/2778 4025/115/2778 4019/115/2776
f 4019/115/163 4025/115/163 4026/115/3983
f 4019/115/163 4026/115/3983 4020/115/163
f 4020/115/2773 4026/115/2772 4027/115/2773
f 4020/115/2773 4027/115/2773 4021/115/2772
f 4021/115/3984 4027/115/3314 4028/115/3984
f 4021/115/3984 4028/115/3984 4022/115/3985
f 4022/115/174 4028/115/174 4029/115/174
f 4022/115/174 4029/115/174 4023/115/174
f 4023/115/3698 4029/115/3986 4024/115/3698
f 4023/115/3698 4024/115/3698 4018/115/3987
f 4024/115/3316 4030/115/2764 4031/115/2815
f 4024/115/3316 4031/115/2815 4025/115/3317
f 4025/115/163 4031/115/3988 4032/115/3989
f 4025/115/163 4032/115/3989 4026/115/3983
f 4026/115/3990 4032/115/3991 4033/115/2817
f 4026/115/3990 4033/115/2817 4027/115/3319
f 4027/115/3320 4033/115/3320 4034/115/3320
f 4027/115/3320 4034/115/3320 4028/115/3992
f 4028/115/174 4034/115/174 4035/115/174
f 4028/115/174 4035/115/174 4029/115/174
f 4029/115/2759 4035/115/3993 4030/115/2759
f 4029/115/2759 4030/115/2759 4024/115/3321
f 4030/115/2758 4036/115/2756 4037/115/2756
f 4030/115/2758 4037/115/2756 4031/115/2757
f 4031/115/3988 4037/115/2775 4038/115/2775
f 4031/115/3988 4038/115/2775 4032/115/3989
f 4032/115/3994 4038/115/3995 4039/115/3996
f 4032/115/3994 4039/115/3996 4033/115/3997
f 4033/115/2752 4039/115/2753 4040/115/2752
f 4033/115/2752 4040/115/2752 4034/115/2752
f 4034/115/174 4040/115/174 4041/115/174
f 4034/115/174 4041/115/174 4035/115/174
f 4035/115/2749 4041/115/2750 4036/115/2750
f 4035/115/2749 4036/115/2750 4030/115/3998
f 4036/115/3999 4042/115/3999 4043/115/3999
f 4036/115/3999 4043/115/3999 4037/115/4000
f 4037/115/2775 4043/115/163 4044/115/163
f 4037/115/2775 4044/115/163 4038/115/2775
f 4038/115/2743 4044/115/4001 4045/115/4002
f 4038/115/2743 4045/115/4002 4039/115/3326
f 4039/115/4003 4045/115/2741 4046/115/4003
f 4039/115/4003 4046/115/4003 4040/115/4004
f 4040/115/174 4046/115/174 4047/115/174
f 4040/115/174 4047/115/174 4041/115/174
f 4041/115/2739 4047/115/2740 4042/115/2738
f 4041/115/2739 4042/115/2738 4036/115/2739
f 4042/115/2793 4048/115/2792 4049/115/2792
f 4042/115/2793 4049/115/2792 4043/115/2793
f 4043/115/163 4049/115/2785 4050/115/163
f 4043/115/163 4050/115/163 4044/115/163
f 4044/115/4005 4050/115/4006 4051/115/4005
f 4044/115/4005 4051/115/4005 4045/115/4007
f 4045/115/3330 4051/115/2788 4052/115/3330
f 4045/115/3330 4052/115/3330 4046/115/3330
f 4046/115/174 4052/115/174 4053/115/2732
f 4046/115/174 4053/115/2732 4047/115/174
f 4047/115/2730 4053/115/2731 4048/115/3351
f 4047/115/2730 4048/115/3351 4042/115/4008
f 4048/115/4009 4054/115/3673 4055/115/4009
f 4048/115/4009 4055/115/4009 4049/115/2784
f 4049/115/2785 4055/115/4010 4056/115/163
f 4049/115/2785 4056/115/163 4050/115/163
f 4050/115/2786 4056/115/3352 4057/115/4011
f 4050/115/2786 4057/115/4011 4051/115/2786
f 4051/115/4012 4057/115/4012 4058/115/4013
f 4051/115/4012 4058/115/4013 4052/115/4013
f 4052/115/174 4058/115/2732 4059/115/174
f 4052/115/174 4059/115/174 4053/115/2732
f 4053/115/4014 4059/115/4015 4054/115/2716
f 4053/115/4014 4054/115/2716 4048/115/2783
f 4054/115/4016 4060/115/2773 4061/115/4016
f 4054/115/4016 4061/115/4016 4055/115/3336
f 4055/115/4010 4061/115/2725 4062/115/2725
f 4055/115/4010 4062/115/2725 4056/115/163
f 4056/115/2778 4062/115/2822 4063/115/2777
f 4056/115/2778 4063/115/2777 4057/115/2778
f 4057/115/3718 4063/115/4017 4064/115/3315
f 4057/115/3718 4064/115/3315 4058/115/3315
f 4058/115/2732 4064/115/2760 4065/115/2760
f 4058/115/2732 4065/115/2760 4059/115/174
f 4059/115/2768 4065/115/3338 4060/115/3338
f 4059/115/2768 4060/115/3338 4054/115/2818
f 4060/115/2763 4066/115/3318 4067/115/2763
f 4060/115/2763 4067/115/2763 4061/115/2763
f 4061/115/2725 4067/115/163 4068/115/2755
f 4061/115/2725 4068/115/2755 4062/115/2725
f 4062/115/3317 4068/115/3340 4069/115/3317
f 4062/115/3317 4069/115/3317 4063/115/2815
f 4063/115/2813 4069/115/2812 4070/115/2813
f 4063/115/2813 4070/115/2813 4064/115/2813
f 4064/115/2760 4070/115/174 4071/115/174
f 4064/115/2760 4071/115/174 4065/115/2760
f 4065/115/4018 4071/115/2810 4066/115/2811
f 4065/115/4018 4066/115/2811 4060/115/3320
f 4066/115/2807 4072/115/2808 4073/115/2807
f 4066/115/2807 4073/115/2807 4067/115/3343
f 4067/115/163 4073/115/163 4074/115/163
f 4067/115/163 4074/115/163 4068/115/2755
f 4068/115/4019 4074/115/3715 4075/115/2805
f 4068/115/4019 4075/115/2805 4069/115/4020
f 4069/115/2748 4075/115/2750 4076/115/2748
f 4069/115/2748 4076/115/2748 4070/115/4021
f 4070/115/174 4076/115/174 4077/115/174
f 4070/115/174 4077/115/174 4071/115/174
f 4071/115/2803 4077/115/2753 4072/115/2753
f 4071/115/2803 4072/115/2753 4066/115/2803
f 4072/115/3326 4078/115/2801 4079/115/2801
f 4072/115/3326 4079/115/2801 4073/115/3326
f 4073/115/163 4079/115/2755 4080/115/2755
f 4073/115/163 4080/115/2755 4074/115/163
f 4074/115/4022 4080/115/4023 4081/115/4022
f 4074/115/4022 4081/115/4022 4075/115/2745
f 4075/115/2799 4081/115/3346 4082/115/2799
f 4075/115/2799 4082/115/2799 4076/115/3710
f 4076/115/174 4082/115/2732 4083/115/174
f 4076/115/174 4083/115/174 4077/115/174
f 4077/115/2797 4083/115/2795 4078/115/2795
f 4077/115/2797 4078/115/2795 4072/115/2797
f 4078/115/2794 4084/115/3350 4085/115/3350
f 4078/115/2794 4085/115/3350 4079/115/2794
f 4079/115/2755 4085/115/163 4086/115/163
f 4079/115/2755 4086/115/163 4080/115/2755
f 4080/115/4024 4086/115/2737 4087/115/4024
f 4080/115/4024 4087/115/4024 4081/115/4025
f 4081/115/3351 4087/115/2730 4088/115/3351
f 4081/115/3351 4088/115/3351 4082/115/3351
f 4082/115/2732 4088/115/174 4089/115/174
f 4082/115/2732 4089/115/174 4083/115/174
f 4083/115/2788 4089/115/3330 4084/115/2788
f 4083/115/2788 4084/115/2788 4078/115/2789
f 4084/115/2723 4018/115/3352 4019/115/2723
f 4084/115/2723 4019/115/2723 4085/115/3353
f 4085/115/163 4019/115/163 4020/115/163
f 4085/115/163 4020/115/163 4086/115/163
f 4086/115/2726 4020/115/3331 4021/115/2726
f 4086/115/2726 4021/115/2726 4087/115/3706
f 4087/115/4026 4021/115/4027 4022/115/4028
f 4087/115/4026 4022/115/4028 4088/115/4029
f 4088/115/174 4022/115/174 4023/115/174
f 4088/115/174 4023/115/174 4089/115/174
f 4089/115/2780 4023/115/2720 4018/115/2780
f 4089/115/2780 4018/115/2780 4084/115/2720
f 4090/115/4030 4096/115/3748 4097/115/4030
f 4090/115/4030 4097/115/4030 4091/115/2826
f 4091/115/987 4097/115/987 4098/115/987
f 4091/115/987 4098/115/987 4092/115/987
f 4092/115/2825 4098/115/2825 4099/115/2825
f 4092/115/2825 4099/115/2825 4093/115/2893
f 4093/115/4031 4099/115/4031 4100/115/4031
f 4093/115/4031 4100/115/4031 4094/115/3729
f 4094/115/985 4100/115/985 4101/115/985
f 4094/115/985 4101/115/985 4095/115/985
f 4095/115/4032 4101/115/4033 4096/115/4032
f 4095/115/4032 4096/115/4032 4090/115/3726
f 4096/115/3750 4102/115/3751 4103/115/3751
f 4096/115/3750 4103/115/3751 4097/115/3750
f 4097/115/987 4103/115/987 4104/115/987
f 4097/115/987 4104/115/987 4098/115/987
f 4098/115/4034 4104/115/4035 4105/115/4034
f 4098/115/4034 4105/115/4034 4099/115/4034
f 4099/115/4036 4105/115/4037 4106/115/4036
f 4099/115/4036 4106/115/4036 4100/115/3754
f 4100/115/985 4106/115/985 4107/115/985
f 4100/115/985 4107/115/985 4101/115/985
f 4101/115/2906 4107/115/2842 4102/115/2842
f 4101/115/2906 4102/115/2842 4096/115/2906
f 4102/115/2849 4108/115/2849 4109/115/2849
f 4102/115/2849 4109/115/2849 4103/115/3368
f 4103/115/987 4109/115/987 4110/115/987
f 4103/115/987 4110/115/987 4104/115/987
f 4104/115/3369 4110/115/2846 4111/115/3369
f 4104/115/3369 4111/115/3369 4105/115/3369
f 4105/115/2853 4111/115/2853 4112/115/2853
f 4105/115/2853 4112/115/2853 4106/115/2853
f 4106/115/985 4112/115/985 4113/115/985
f 4106/115/985 4113/115/985 4107/115/985
f 4107/115/2851 4113/115/2851 4108/115/2851
f 4107/115/2851 4108/115/2851 4102/115/2851
f 4108/115/2859 4114/115/2859 4115/115/2859
f 4108/115/2859 4115/115/2859 4109/115/2859
f 4109/115/987 4115/115/987 4116/115/987
f 4109/115/987 4116/115/987 4110/115/987
f 4110/115/2858 4116/115/2858 4117/115/2858
f 4110/115/2858 4117/115/2858 4111/115/2858
f 4111/115/3374 4117/115/3374 4118/115/3374
f 4111/115/3374 4118/115/3374 4112/115/2864
f 4112/115/985 4118/115/985 4119/115/985
f 4112/115/985 4119/115/985 4113/115/985
f 4113/115/2860 4119/115/3376 4114/115/2860
f 4113/115/2860 4114/115/2860 4108/115/2860
f 4114/115/2869 4120/115/2931 4121/115/2869
f 4114/115/2869 4121/115/2869 4115/115/2869
f 4115/115/987 4121/115/987 4122/115/987
f 4115/115/987 4122/115/987 4116/115/987
f 4116/115/4038 4122/115/3759 4123/115/4038
f 4116/115/4038 4123/115/4038 4117/115/4038
f 4117/115/4039 4123/115/4039 4124/115/4039
f 4117/115/4039 4124/115/4039 4118/115/4040
f 4118/115/985 4124/115/985 4125/115/985
f 4118/115/985 4125/115/985 4119/115/985
f 4119/115/3387 4125/115/3762 4120/115/3762
f 4119/115/3387 4120/115/3762 4114/115/3387
f 4120/115/4041 4126/115/3746 4127/115/4041
f 4120/115/4041 4127/115/4041 4121/115/4042
f 4121/115/987 4127/115/987 4128/115/987
f 4121/115/987 4128/115/987 4122/115/987
f 4122/115/4043 4128/115/3743 4129/115/4043
f 4122/115/4043 4129/115/4043 4123/115/4043
f 4123/115/2888 4129/115/2888 4130/115/2888
f 4123/115/2888 4130/115/2888 4124/115/2888
f 4124/115/985 4130/115/985 4131/115/985
f 4124/115/985 4131/115/985 4125/115/985
f 4125/115/4044 4131/115/2885 4126/115/4044
f 4125/115/4044 4126/115/4044 4120/115/3391
f 4126/115/2823 4132/115/3724 4133/115/2823
f 4126/115/2823 4133/115/2823 4127/115/2824
f 4127/115/987 4133/115/987 4134/115/987
f 4127/115/987 4134/115/987 4128/115/987
f 4128/115/4045 4134/115/3356 4135/115/2826
f 4128/115/4045 4135/115/2826 4129/115/2827
f 4129/115/2832 4135/115/2833 4136/115/2830
f 4129/115/2832 4136/115/2830 4130/115/2830
f 4130/115/985 4136/115/985 4137/115/985
f 4130/115/985 4137/115/985 4131/115/985
f 4131/115/2834 4137/115/2836 4132/115/2834
f 4131/115/2834 4132/115/2834 4126/115/2835
f 4132/115/3730 4138/115/3731 4139/115/3731
f 4132/115/3730 4139/115/3731 4133/115/3730
f 4133/115/987 4139/115/987 4140/115/987
f 4133/115/987 4140/115/987 4134/115/987
f 4134/115/2899 4140/115/2840 4141/115/2838
f 4134/115/2899 4141/115/2838 4135/115/4046
f 4135/115/2905 4141/115/4047 4142/115/2905
f 4135/115/2905 4142/115/2905 4136/115/3736
f 4136/115/985 4142/115/985 4143/115/985
f 4136/115/985 4143/115/985 4137/115/985
f 4137/115/3754 4143/115/3363 4138/115/3363
f 4137/115/3754 4138/115/3363 4132/115/3400
f 4138/115/3369 4144/115/3369 4145/115/3369
f 4138/115/3369 4145/115/3369 4139/115/2848
f 4139/115/987 4145/115/987 4146/115/987
f 4139/115/987 4146/115/987 4140/115/987
f 4140/115/2908 4146/115/3368 4147/115/2908
f 4140/115/2908 4147/115/2908 4141/115/2908
f 4141/115/3371 4147/115/3371 4148/115/2916
f 4141/115/3371 4148/115/2916 4142/115/4048
f 4142/115/985 4148/115/985 4149/115/985
f 4142/115/985 4149/115/985 4143/115/985
f 4143/115/2853 4149/115/2853 4144/115/2853
f 4143/115/2853 4144/115/2853 4138/115/2853
f 4144/115/2858 4150/115/2858 4151/115/2858
f 4144/115/2858 4151/115/2858 4145/115/2858
f 4145/115/987 4151/115/987 4152/115/987
f 4145/115/987 4152/115/987 4146/115/987
f 4146/115/4049 4152/115/4049 4153/115/4050
f 4146/115/4049 4153/115/4050 4147/115/2921
f 4147/115/3376 4153/115/4051 4154/115/4051
f 4147/115/3376 4154/115/4051 4148/115/3376
f 4148/115/985 4154/115/985 4155/115/985
f 4148/115/985 4155/115/985 4149/115/985
f 4149/115/3374 4155/115/2862 4150/115/3374
f 4149/115/3374 4150/115/3374 4144/115/3374
f 4150/115/3382 4156/115/3419 4157/115/3382
f 4150/115/3382 4157/115/3382 4151/115/3382
f 4151/115/987 4157/115/987 4158/115/987
f 4151/115/987 4158/115/987 4152/115/987
f 4152/115/2930 4158/115/3738 4159/115/2930
f 4152/115/2930 4159/115/2930 4153/115/4052
f 4153/115/2870 4159/115/4053 4160/115/2937
f 4153/115/2870 4160/115/2937 4154/115/2871
f 4154/115/985 4160/115/985 4161/115/985
f 4154/115/985 4161/115/985 4155/115/985
f 4155/115/2875 4161/115/3741 4156/115/3741
f 4155/115/2875 4156/115/3741 4150/115/2875
f 4156/115/2876 4090/115/2941 4091/115/2876
f 4156/115/2876 4091/115/2876 4157/115/2877
f 4157/115/987 4091/115/987 4092/115/987
f 4157/115/987 4092/115/987 4158/115/987
f 4158/115/2881 4092/115/2881 4093/115/2879
f 4158/115/2881 4093/115/2879 4159/115/2939
f 4159/115/2885 4093/115/2886 4094/115/4054
f 4159/115/2885 4094/115/4054 4160/115/3391
f 4160/115/985 4094/115/985 4095/115/985
f 4160/115/985 4095/115/985 4161/115/985
f 4161/115/2887 4095/115/2889 4090/115/2887
f 4161/115/2887 4090/115/2887 4156/115/2888
f 4162/115/4055 4168/115/3005 4169/115/4055
f 4162/115/4055 4169/115/4055 4163/115/3427
f 4163/115/4056 4169/115/3010 4170/115/3010
f 4163/115/4056 4170/115/3010 4164/115/166
f 4164/115/3004 4170/115/3429 4171/115/3053
f 4164/115/3004 4171/115/3053 4165/115/4057
f 4165/115/4058 4171/115/4058 4172/115/3447
f 4165/115/4058 4172/115/3447 4166/115/3447
f 4166/115/3017 4172/115/3041 4173/115/3041
f 4166/115/3017 4173/115/3041 4167/115/196
f 4167/115/2999 4173/115/4059 4168/115/3813
f 4167/115/2999 4168/115/3813 4162/115/3000
f 4168/115/2997 4174/115/3451 4175/115/2997
f 4168/115/2997 4175/115/2997 4169/115/2997
f 4169/115/3010 4175/115/166 4176/115/3036
f 4169/115/3010 4176/115/3036 4170/115/3010
f 4170/115/3450 4176/115/3432 4177/115/3450
f 4170/115/3450 4177/115/3450 4171/115/3449
f 4171/115/2993 4177/115/2992 4178/115/2993
f 4171/115/2993 4178/115/2993 4172/115/2993
f 4172/115/3041 4178/115/196 4179/115/196
f 4172/115/3041 4179/115/196 4173/115/3041
f 4173/115/2990 4179/115/2989 4174/115/2991
f 4173/115/2990 4174/115/2991 4168/115/3453
f 4174/115/3778 4180/115/2988 4181/115/2988
f 4174/115/3778 4181/115/2988 4175/115/3778
f 4175/115/166 4181/115/166 4182/115/166
f 4175/115/166 4182/115/166 4176/115/3036
f 4176/115/4060 4182/115/4061 4183/115/2982
f 4176/115/4060 4183/115/2982 4177/115/4062
f 4177/115/3030 4183/115/3032 4184/115/3030
f 4177/115/3030 4184/115/3030 4178/115/4063
f 4178/115/196 4184/115/196 4185/115/196
f 4178/115/196 4185/115/196 4179/115/196
f 4179/115/2980 4185/115/2978 4180/115/2978
f 4179/115/2980 4180/115/2978 4174/115/2980
f 4180/115/3435 4186/115/2974 4187/115/2974
f 4180/115/3435 4187/115/2974 4181/115/3435
f 4181/115/166 4187/115/3036 4188/115/3036
f 4181/115/166 4188/115/3036 4182/115/166
f 4182/115/4064 4188/115/4065 4189/115/4064
f 4182/115/4064 4189/115/4064 4183/115/2972
f 4183/115/2970 4189/115/2971 4190/115/2970
f 4183/115/2970 4190/115/2970 4184/115/4066
f 4184/115/196 4190/115/3017 4191/115/196
f 4184/115/196 4191/115/196 4185/115/196
f 4185/115/3770 4191/115/2969 4186/115/2966
f 4185/115/3770 4186/115/2966 4180/115/3770
f 4186/115/2965 4192/115/3439 4193/115/3439
f 4186/115/2965 4193/115/3439 4187/115/2965
f 4187/115/3036 4193/115/166 4194/115/166
f 4187/115/3036 4194/115/166 4188/115/3036
f 4188/115/4067 4194/115/3022 4195/115/4067
f 4188/115/4067 4195/115/4067 4189/115/4068
f 4189/115/3440 4195/115/3015 4196/115/3440
f 4189/115/3440 4196/115/3440 4190/115/3440
f 4190/115/3017 4196/115/196 4197/115/196
f 4190/115/3017 4197/115/196 4191/115/196
f 4191/115/2960 4197/115/3442 4192/115/2960
f 4191/115/2960 4192/115/2960 4186/115/2961
f 4192/115/2956 4198/115/3443 4199/115/2956
f 4192/115/2956 4199/115/2956 4193/115/4069
f 4193/115/166 4199/115/166 4200/115/166
f 4193/115/166 4200/115/166 4194/115/166
f 4194/115/3011 4200/115/3462 4201/115/3011
f 4194/115/3011 4201/115/3011 4195/115/4070
f 4195/115/3444 4201/115/2950 4202/115/3444
f 4195/115/3444 4202/115/3444 4196/115/4071
f 4196/115/196 4202/115/196 4203/115/196
f 4196/115/196 4203/115/196 4197/115/196
f 4197/115/2948 4203/115/2947 4198/115/2948
f 4197/115/2948 4198/115/2948 4192/115/2947
f 4198/115/3004 4204/115/3445 4205/115/3004
f 4198/115/3004 4205/115/3004 4199/115/3052
f 4199/115/166 4205/115/166 4206/115/4072
f 4199/115/166 4206/115/4072 4200/115/166
f 4200/115/3005 4206/115/3051 4207/115/3005
f 4200/115/3005 4207/115/3005 4201/115/4073
f 4201/115/3049 4207/115/4074 4208/115/4075
f 4201/115/3049 4208/115/4075 4202/115/4075
f 4202/115/196 4208/115/196 4209/115/196
f 4202/115/196 4209/115/196 4203/115/196
f 4203/115/3812 4209/115/4076 4204/115/3812
f 4203/115/3812 4204/115/3812 4198/115/4077
f 4204/115/3448 4210/115/3043 4211/115/3449
f 4204/115/3448 4211/115/3449 4205/115/4078
f 4205/115/166 4211/115/4079 4212/115/4080
f 4205/115/166 4212/115/4080 4206/115/4072
f 4206/115/2998 4212/115/4081 4213/115/4082
f 4206/115/2998 4213/115/4082 4207/115/4083
f 4207/115/3453 4213/115/3453 4214/115/3453
f 4207/115/3453 4214/115/3453 4208/115/4084
f 4208/115/196 4214/115/196 4215/115/196
f 4208/115/196 4215/115/196 4209/115/196
f 4209/115/3040 4215/115/3040 4210/115/3040
f 4209/115/3040 4210/115/3040 4204/115/3454
f 4210/115/3039 4216/115/3037 4217/115/3037
f 4210/115/3039 4217/115/3037 4211/115/3455
f 4211/115/4079 4217/115/542 4218/115/542
f 4211/115/4079 4218/115/542 4212/115/4080
f 4212/115/4085 4218/115/4086 4219/115/4085
f 4212/115/4085 4219/115/4085 4213/115/4087
f 4213/115/3034 4219/115/2978 4220/115/3034
f 4213/115/3034 4220/115/3034 4214/115/3034
f 4214/115/196 4220/115/196 4221/115/196
f 4214/115/196 4221/115/196 4215/115/196
f 4215/115/4088 4221/115/3032 4216/115/3032
f 4215/115/4088 4216/115/3032 4210/115/3031
f 4216/115/4089 4222/115/4089 4223/115/4089
f 4216/115/4089 4223/115/4089 4217/115/4089
f 4217/115/542 4223/115/166 4224/115/166
f 4217/115/542 4224/115/166 4218/115/542
f 4218/115/2975 4224/115/4090 4225/115/2977
f 4218/115/2975 4225/115/2977 4219/115/2976
f 4219/115/4091 4225/115/3026 4226/115/4091
f 4219/115/4091 4226/115/4091 4220/115/4092
f 4220/115/196 4226/115/196 4227/115/196
f 4220/115/196 4227/115/196 4221/115/196
f 4221/115/3024 4227/115/3025 4222/115/3023
f 4221/115/3024 4222/115/3023 4216/115/3024
f 4222/115/2964 4228/115/2963 4229/115/2963
f 4222/115/2964 4229/115/2963 4223/115/2964
f 4223/115/166 4229/115/2955 4230/115/166
f 4223/115/166 4230/115/166 4224/115/166
f 4224/115/4093 4230/115/4094 4231/115/4093
f 4224/115/4093 4231/115/4093 4225/115/4095
f 4225/115/3442 4231/115/2960 4232/115/3442
f 4225/115/3442 4232/115/3442 4226/115/3442
f 4226/115/196 4232/115/196 4233/115/3017
f 4226/115/196 4233/115/3017 4227/115/196
f 4227/115/3015 4233/115/4096 4228/115/3440
f 4227/115/3015 4228/115/3440 4222/115/4097
f 4228/115/4098 4162/115/3788 4163/115/4098
f 4228/115/4098 4163/115/4098 4229/115/2953
f 4229/115/2955 4163/115/4056 4164/115/166
f 4229/115/2955 4164/115/166 4230/115/166
f 4230/115/3769 4164/115/3443 4165/115/4099
f 4230/115/3769 4165/115/4099 4231/115/4100
f 4231/115/4101 4165/115/4101 4166/115/4102
f 4231/115/4101 4166/115/4102 4232/115/4102
f 4232/115/196 4166/115/3017 4167/115/196
f 4232/115/196 4167/115/196 4233/115/3017
f 4233/115/4103 4167/115/4104 4162/115/2950
f 4233/115/4103 4162/115/2950 4228/115/3465
f 4234/115/2140 4240/115/2141 4241/115/2142
f 4234/115/2140 4241/115/2142 4235/115/2140
f 4235/115/987 4241/115/987 4242/115/987
f 4235/115/987 4242/115/987 4236/115/987
f 4236/115/2145 4242/115/2144 4243/115/2145
f 4236/115/2145 4243/115/2145 4237/115/2146
f 4237/115/2147 4243/115/4105 4244/115/2149
f 4237/115/2147 4244/115/2149 4238/115/2150
f 4238/115/985 4244/115/985 4245/115/985
f 4238/115/985 4245/115/985 4239/115/985
f 4239/115/2151 4245/115/2152 4240/115/2153
f 4239/115/2151 4240/115/2153 4234/115/2151
f 4240/115/2221 4246/115/2222 4247/115/2223
f 4240/115/2221 4247/115/2223 4241/115/3089
f 4241/115/987 4247/115/987 4248/115/987
f 4241/115/987 4248/115/987 4242/115/987
f 4242/115/3090 4248/115/3090 4249/115/3090
f 4242/115/3090 4249/115/3090 4243/115/3090
f 4243/115/2162 4249/115/2162 4250/115/2162
f 4243/115/2162 4250/115/2162 4244/115/2162
f 4244/115/985 4250/115/985 4251/115/985
f 4244/115/985 4251/115/985 4245/115/985
f 4245/115/2224 4251/115/4106 4246/115/2224
f 4245/115/2224 4246/115/2224 4240/115/2164
f 4246/115/4107 4252/115/2166 4253/115/3474
f 4246/115/4107 4253/115/3474 4247/115/3475
f 4247/115/987 4253/115/987 4254/115/987
f 4247/115/987 4254/115/987 4248/115/987
f 4248/115/3828 4254/115/2169 4255/115/3828
f 4248/115/3828 4255/115/3828 4249/115/3829
f 4249/115/3830 4255/115/2234 4256/115/3830
f 4249/115/3830 4256/115/3830 4250/115/3831
f 4250/115/985 4256/115/985 4257/115/985
f 4250/115/985 4257/115/985 4251/115/985
f 4251/115/4108 4257/115/2232 4252/115/3096
f 4251/115/4108 4252/115/3096 4246/115/4108
f 4252/115/3480 4258/115/4109 4259/115/4109
f 4252/115/3480 4259/115/4109 4253/115/2238
f 4253/115/987 4259/115/987 4260/115/987
f 4253/115/987 4260/115/987 4254/115/987
f 4254/115/3832 4260/115/3833 4261/115/3832
f 4254/115/3832 4261/115/3832 4255/115/3469
f 4255/115/3834 4261/115/3835 4262/115/3834
f 4255/115/3834 4262/115/3834 4256/115/2184
f 4256/115/985 4262/115/985 4263/115/985
f 4256/115/985 4263/115/985 4257/115/985
f 4257/115/3481 4263/115/3482 4258/115/4110
f 4257/115/3481 4258/115/4110 4252/115/2187
f 4258/115/2244 4264/115/3836 4265/115/2244
f 4258/115/2244 4265/115/2244 4259/115/4111
f 4259/115/987 4265/115/987 4266/115/987
f 4259/115/987 4266/115/987 4260/115/987
f 4260/115/2190 4266/115/2190 4267/115/2190
f 4260/115/2190 4267/115/2190 4261/115/2190
f 4261/115/3100 4267/115/3100 4268/115/3100
f 4261/115/3100 4268/115/3100 4262/115/3100
f 4262/115/985 4268/115/985 4269/115/985
f 4262/115/985 4269/115/985 4263/115/985
f 4263/115/4112 4269/115/3103 4264/115/2246
f 4263/115/4112 4264/115/2246 4258/115/2247
f 4264/115/2252 4270/115/2199 4271/115/2199
f 4264/115/2252 4271/115/2199 4265/115/2198
f 4265/115/987 4271/115/987 4272/115/987
f 4265/115/987 4272/115/987 4266/115/987
f 4266/115/2200 4272/115/2201 4273/115/2202
f 4266/115/2200 4273/115/2202 4267/115/4113
f 4267/115/2204 4273/115/2205 4274/115/2206
f 4267/115/2204 4274/115/2206 4268/115/2207
f 4268/115/985 4274/115/985 4275/115/985
f 4268/115/985 4275/115/985 4269/115/985
f 4269/115/2208 4275/115/2209 4270/115/2209
f 4269/115/2208 4270/115/2209 4264/115/2210
f 4270/115/2211 4276/115/2212 4277/115/2145
f 4270/115/2211 4277/115/2145 4271/115/2211
f 4271/115/987 4277/115/987 4278/115/987
f 4271/115/987 4278/115/987 4272/115/987
f 4272/115/2142 4278/115/2214 4279/115/2142
f 4272/115/2142 4279/115/2142 4273/115/2215
f 4273/115/2216 4279/115/2217 4280/115/2151
f 4273/115/2216 4280/115/2151 4274/115/2153
f 4274/115/985 4280/115/985 4281/115/985
f 4274/115/985 4281/115/985 4275/115/985
f 4275/115/2149 4281/115/2218 4276/115/2150
f 4275/115/2149 4276/115/2150 4270/115/2149
f 4276/115/2219 4282/115/2219 4283/115/2219
f 4276/115/2219 4283/115/2219 4277/115/2220
f 4277/115/987 4283/115/987 4284/115/987
f 4277/115/987 4284/115/987 4278/115/987
f 4278/115/2221 4284/115/3821 4285/115/2221
f 4278/115/2221 4285/115/2221 4279/115/2222
f 4279/115/2224 4285/115/2163 4286/115/2224
f 4279/115/2224 4286/115/2224 4280/115/2225
f 4280/115/985 4286/115/985 4287/115/985
f 4280/115/985 4287/115/985 4281/115/985
f 4281/115/2226 4287/115/2226 4282/115/2226
f 4281/115/2226 4282/115/2226 4276/115/2226
f 4282/115/2227 4288/115/2228 4289/115/2227
f 4282/115/2227 4289/115/2227 4283/115/2227
f 4283/115/987 4289/115/987 4290/115/987
f 4283/115/987 4290/115/987 4284/115/987
f 4284/115/2229 4290/115/3823 4291/115/2229
f 4284/115/2229 4291/115/2229 4285/115/2229
f 4285/115/2231 4291/115/3096 4292/115/2231
f 4285/115/2231 4292/115/2231 4286/115/2231
f 4286/115/985 4292/115/985 4293/115/985
f 4286/115/985 4293/115/985 4287/115/985
f 4287/115/2233 4293/115/3095 4288/115/2233
f 4287/115/2233 4288/115/2233 4282/115/2233
f 4288/115/2235 4294/115/2235 4295/115/2235
f 4288/115/2235 4295/115/2235 4289/115/2236
f 4289/115/987 4295/115/987 4296/115/987
f 4289/115/987 4296/115/987 4290/115/987
f 4290/115/2237 4296/115/2237 4297/115/2237
f 4290/115/2237 4297/115/2237 4291/115/3480
f 4291/115/2239 4297/115/2239 4298/115/2239
f 4291/115/2239 4298/115/2239 4292/115/2240
f 4292/115/985 4298/115/985 4299/115/985
f 4292/115/985 4299/115/985 4293/115/985
f 4293/115/2241 4299/115/2241 4294/115/2241
f 4293/115/2241 4294/115/2241 4288/115/2242
f 4294/115/2243 4300/115/2243 4301/115/2243
f 4294/115/2243 4301/115/2243 4295/115/2243
f 4295/115/987 4301/115/987 4302/115/987
f 4295/115/987 4302/115/987 4296/115/987
f 4296/115/2244 4302/115/2245 4303/115/2244
f 4296/115/2244 4303/115/2244 4297/115/2188
f 4297/115/2246 4303/115/2247 4304/115/2246
f 4297/115/2246 4304/115/2246 4298/115/2248
f 4298/115/985 4304/115/985 4305/115/985
f 4298/115/985 4305/115/985 4299/115/985
f 4299/115/2249 4305/115/2249 4300/115/2249
f 4299/115/2249 4300/115/2249 4294/115/2249
f 4300/115/2201 4234/115/2200 4235/115/2200
f 4300/115/2201 4235/115/2200 4301/115/2251
f 4301/115/987 4235/115/987 4236/115/987
f 4301/115/987 4236/115/987 4302/115/987
f 4302/115/2199 4236/115/2252 4237/115/2253
f 4302/115/2199 4237/115/2253 4303/115/2254
f 4303/115/2208 4237/115/2255 4238/115/2256
f 4303/115/2208 4238/115/2256 4304/115/2257
f 4304/115/985 4238/115/985 4239/115/985
f 4304/115/985 4239/115/985 4305/115/985
f 4305/115/2204 4239/115/2258 4234/115/2258
f 4305/115/2204 4234/115/2258 4300/115/2259
f 4306/115/4114 4312/115/4115 4313/115/4114
f 4306/115/4114 4313/115/4114 4307/115/4116
f 4307/115/4117 4313/115/4118 4314/115/4119
f 4307/115/4117 4314/115/4119 4308/115/4120
f 4308/115/4121 4314/115/4122 4315/115/4121
f 4308/115/4121 4315/115/4121 4309/115/4123
f 4309/115/4124 4315/115/4124 4316/115/4124
f 4309/115/4124 4316/115/4124 4310/115/4124
f 4310/115/4125 4316/115/4126 4317/115/4126
f 4310/115/4125 4317/115/4126 4311/115/4127
f 4311/115/4128 4317/115/4129 4312/115/4129
f 4311/115/4128 4312/115/4129 4306/115/4130
f 4312/115/4131 4318/115/4131 4319/115/4131
f 4312/115/4131 4319/115/4131 4313/115/4132
f 4313/115/4118 4319/115/4118 4320/115/4118
f 4313/115/4118 4320/115/4118 4314/115/4119
f 4314/115/4133 4320/115/4133 4321/115/4133
f 4314/115/4133 4321/115/4133 4315/115/4134
f 4315/115/4135 4321/115/4135 4322/115/4135
f 4315/115/4135 4322/115/4135 4316/115/4135
f 4316/115/4126 4322/115/4136 4323/115/4127
f 4316/115/4126 4323/115/4127 4317/115/4126
f 4317/115/4137 4323/115/4137 4318/115/4137
f 4317/115/4137 4318/115/4137 4312/115/4137
f 4318/115/4138 4324/115/4139 4325/115/4139
f 4318/115/4138 4325/115/4139 4319/115/4140
f 4319/115/4118 4325/115/4141 4326/115/4141
f 4319/115/4118 4326/115/4141 4320/115/4118
f 4320/115/4142 4326/115/4143 4327/115/4142
f 4320/115/4142 4327/115/4142 4321/115/4144
f 4321/115/4145 4327/115/4145 4328/115/4145
f 4321/115/4145 4328/115/4145 4322/115/4145
f 4322/115/4136 4328/115/4126 4329/115/4126
f 4322/115/4136 4329/115/4126 4323/115/4127
f 4323/115/4146 4329/115/4147 4324/115/4146
f 4323/115/4146 4324/115/4146 4318/115/4148
f 4324/115/4149 4330/115/4150 4331/115/4151
f 4324/115/4149 4331/115/4151 4325/115/4152
f 4325/115/4141 4331/115/4153 4332/115/4153
f 4325/115/4141 4332/115/4153 4326/115/4141
f 4326/115/4154 4332/115/4154 4333/115/4154
f 4326/115/4154 4333/115/4154 4327/115/4155
f 4327/115/4156 4333/115/4157 4334/115/4156
f 4327/115/4156 4334/115/4156 4328/115/4158
f 4328/115/4126 4334/115/4159 4335/115/4159
f 4328/115/4126 4335/115/4159 4329/115/4126
f 4329/115/4160 4335/115/4161 4330/115/4162
f 4329/115/4160 4330/115/4162 4324/115/4160
f 4330/115/4163 4336/115/4164 4337/115/4165
f 4330/115/4163 4337/115/4165 4331/115/4163
f 4331/115/4153 4337/115/4117 4338/115/4141
f 4331/115/4153 4338/115/4141 4332/115/4153
f 4332/115/4166 4338/115/4166 4339/115/4166
f 4332/115/4166 4339/115/4166 4333/115/4167
f 4333/115/4168 4339/115/4169 4340/115/4168
f 4333/115/4168 4340/115/4168 4334/115/4170
f 4334/115/4159 4340/115/4171 4341/115/4127
f 4334/115/4159 4341/115/4127 4335/115/4159
f 4335/115/4172 4341/115/4173 4336/115/4174
f 4335/115/4172 4336/115/4174 4330/115/4175
f 4336/115/4176 4342/115/4177 4343/115/4176
f 4336/115/4176 4343/115/4176 4337/115/4178
f 4337/115/4117 4343/115/4117 4344/115/4120
f 4337/115/4117 4344/115/4120 4338/115/4141
f 4338/115/4179 4344/115/4180 4345/115/4181
f 4338/115/4179 4345/115/4181 4339/115/4182
f 4339/115/4183 4345/115/4184 4346/115/4183
f 4339/115/4183 4346/115/4183 4340/115/4185
f 4340/115/4171 4346/115/4186 4347/115/4126
f 4340/115/4171 4347/115/4126 4341/115/4127
f 4341/115/4187 4347/115/4188 4342/115/4187
f 4341/115/4187 4342/115/4187 4336/115/4189
f 4342/115/4121 4348/115/4121 4349/115/4121
f 4342/115/4121 4349/115/4121 4343/115/4123
f 4343/115/4117 4349/115/4118 4350/115/4119
f 4343/115/4117 4350/115/4119 4344/115/4120
f 4344/115/4190 4350/115/4191 4351/115/4115
f 4344/115/4190 4351/115/4115 4345/115/4192
f 4345/115/4193 4351/115/4194 4352/115/4193
f 4345/115/4193 4352/115/4193 4346/115/4195
f 4346/115/4186 4352/115/4125 4353/115/4127
f 4346/115/4186 4353/115/4127 4347/115/4126
f 4347/115/4196 4353/115/4197 4348/115/4196
f 4347/115/4196 4348/115/4196 4342/115/4196
f 4348/115/4198 4354/115/4199 4355/115/4198
f 4348/115/4198 4355/115/4198 4349/115/4134
f 4349/115/4118 4355/115/4118 4356/115/4118
f 4349/115/4118 4356/115/4118 4350/115/4119
f 4350/115/4200 4356/115/4200 4357/115/4200
f 4350/115/4200 4357/115/4200 4351/115/4131
f 4351/115/4201 4357/115/4202 4358/115/4201
f 4351/115/4201 4358/115/4201 4352/115/4203
f 4352/115/4125 4358/115/4171 4359/115/4171
f 4352/115/4125 4359/115/4171 4353/115/4127
f 4353/115/4204 4359/115/4205 4354/115/4204
f 4353/115/4204 4354/115/4204 4348/115/4206
f 4354/115/4207 4360/115/4208 4361/115/4209
f 4354/115/4207 4361/115/4209 4355/115/4210
f 4355/115/4118 4361/115/4141 4362/115/4141
f 4355/115/4118 4362/115/4141 4356/115/4118
f 4356/115/4211 4362/115/4212 4363/115/4211
f 4356/115/4211 4363/115/4211 4357/115/4213
f 4357/115/4214 4363/115/4147 4364/115/4214
f 4357/115/4214 4364/115/4214 4358/115/4214
f 4358/115/4171 4364/115/4127 4365/115/4127
f 4358/115/4171 4365/115/4127 4359/115/4171
f 4359/115/4215 4365/115/4145 4360/115/4216
f 4359/115/4215 4360/115/4216 4354/115/4217
f 4360/115/4155 4366/115/4218 4367/115/4218
f 4360/115/4155 4367/115/4218 4361/115/4155
f 4361/115/4141 4367/115/4153 4368/115/4153
f 4361/115/4141 4368/115/4153 4362/115/4141
f 4362/115/4219 4368/115/4219 4369/115/4219
f 4362/115/4219 4369/115/4219 4363/115/4152
f 4363/115/4220 4369/115/4220 4370/115/4220
f 4363/115/4220 4370/115/4220 4364/115/4220
f 4364/115/4127 4370/115/4127 4371/115/4125
f 4364/115/4127 4371/115/4125 4365/115/4127
f 4365/115/4221 4371/115/4222 4366/115/4221
f 4365/115/4221 4366/115/4221 4360/115/4223
f 4366/115/4224 4372/115/4224 4373/115/4224
f 4366/115/4224 4373/115/4224 4367/115/4225
f 4367/115/4153 4373/115/4141 4374/115/4141
f 4367/115/4153 4374/115/4141 4368/115/4153
f 4368/115/4226 4374/115/4227 4375/115/4226
f 4368/115/4226 4375/115/4226 4369/115/4226
f 4369/115/4228 4375/115/4228 4376/115/4228
f 4369/115/4228 4376/115/4228 4370/115/4228
f 4370/115/4127 4376/115/4159 4377/115/4186
f 4370/115/4127 4377/115/4186 4371/115/4125
f 4371/115/4229 4377/115/4229 4372/115/4229
f 4371/115/4229 4372/115/4229 4366/115/4229
f 4372/115/4230 4306/115/4231 4307/115/4230
f 4372/115/4230 4307/115/4230 4373/115/4181
f 4373/115/4141 4307/115/4117 4308/115/4120
f 4373/115/4141 4308/115/4120 4374/115/4141
f 4374/115/4176 4308/115/4232 4309/115/4176
f 4374/115/4176 4309/115/4176 4375/115/4178
f 4375/115/4233 4309/115/4233 4310/115/4233
f 4375/115/4233 4310/115/4233 4376/115/4233
f 4376/115/4159 4310/115/4125 4311/115/4127
f 4376/115/4159 4311/115/4127 4377/115/4186
f 4377/115/4185 4311/115/4234 4306/115/4235
f 4377/115/4185 4306/115/4235 4372/115/4183
f 4378/115/4236 4384/115/4237 4385/115/4236
f 4378/115/4236 4385/115/4236 4379/115/4238
f 4379/115/987 4385/115/987 4386/115/987
f 4379/115/987 4386/115/987 4380/115/987
f 4380/115/4239 4386/115/4240 4387/115/4239
f 4380/115/4239 4387/115/4239 4381/115/4241
f 4381/115/4242 4387/115/4243 4388/115/4244
f 4381/115/4242 4388/115/4244 4382/115/4244
f 4382/115/985 4388/115/985 4389/115/985
f 4382/115/985 4389/115/985 4383/115/985
f 4383/115/4245 4389/115/4246 4384/115/4245
f 4383/115/4245 4384/115/4245 4378/115/4247
f 4384/115/4248 4390/115/4249 4391/115/4249
f 4384/115/4248 4391/115/4249 4385/115/4248
f 4385/115/987 4391/115/987 4392/115/987
f 4385/115/987 4392/115/987 4386/115/987
f 4386/115/4250 4392/115/4251 4393/115/4250
f 4386/115/4250 4393/115/4250 4387/115/4252
f 4387/115/4253 4393/115/4253 4394/115/4253
f 4387/115/4253 4394/115/4253 4388/115/4254
f 4388/115/985 4394/115/985 4395/115/985
f 4388/115/985 4395/115/985 4389/115/985
f 4389/115/4255 4395/115/4256 4390/115/4256
f 4389/115/4255 4390/115/4256 4384/115/4255
f 4390/115/4257 4396/115/4258 4397/115/4259
f 4390/115/4257 4397/115/4259 4391/115/4260
f 4391/115/987 4397/115/987 4398/115/987
f 4391/115/987 4398/115/987 4392/115/987
f 4392/115/4261 4398/115/4261 4399/115/4261
f 4392/115/4261 4399/115/4261 4393/115/4262
f 4393/115/4263 4399/115/4264 4400/115/4263
f 4393/115/4263 4400/115/4263 4394/115/4265
f 4394/115/985 4400/115/985 4401/115/985
f 4394/115/985 4401/115/985 4395/115/985
f 4395/115/4266 4401/115/4267 4396/115/4267
f 4395/115/4266 4396/115/4267 4390/115/4266
f 4396/115/4268 4402/115/4268 4403/115/4268
f 4396/115/4268 4403/115/4268 4397/115/4269
f 4397/115/987 4403/115/987 4404/115/987
f 4397/115/987 4404/115/987 4398/115/987
f 4398/115/4270 4404/115/4271 4405/115/4270
f 4398/115/4270 4405/115/4270 4399/115/4272
f 4399/115/4273 4405/115/4274 4406/115/4273
f 4399/115/4273 4406/115/4273 4400/115/4275
f 4400/115/985 4406/115/985 4407/115/985
f 4400/115/985 4407/115/985 4401/115/985
f 4401/115/4276 4407/115/4277 4402/115/4276
f 4401/115/4276 4402/115/4276 4396/115/4278
f 4402/115/4279 4408/115/4279 4409/115/4279
f 4402/115/4279 4409/115/4279 4403/115/4280
f 4403/115/987 4409/115/987 4410/115/987
f 4403/115/987 4410/115/987 4404/115/987
f 4404/115/4281 4410/115/4282 4411/115/4283
f 4404/115/4281 4411/115/4283 4405/115/4284
f 4405/115/4285 4411/115/4286 4412/115/4287
f 4405/115/4285 4412/115/4287 4406/115/4288
f 4406/115/985 4412/115/985 4413/115/985
f 4406/115/985 4413/115/985 4407/115/985
f 4407/115/4289 4413/115/4290 4408/115/4290
f 4407/115/4289 4408/115/4290 4402/115/4289
f 4408/115/4291 4414/115/4292 4415/115/4291
f 4408/115/4291 4415/115/4291 4409/115/4293
f 4409/115/987 4415/115/987 4416/115/987
f 4409/115/987 4416/115/987 4410/115/987
f 4410/115/4294 4416/115/4295 4417/115/4296
f 4410/115/4294 4417/115/4296 4411/115/4297
f 4411/115/4298 4417/115/4299 4418/115/4300
f 4411/115/4298 4418/115/4300 4412/115/4301
f 4412/115/985 4418/115/985 4419/115/985
f 4412/115/985 4419/115/985 4413/115/985
f 4413/115/4302 4419/115/4303 4414/115/4302
f 4413/115/4302 4414/115/4302 4408/115/4302
f 4414/115/4304 4420/115/4304 4421/115/4304
f 4414/115/4304 4421/115/4304 4415/115/4240
f 4415/115/987 4421/115/987 4422/115/987
f 4415/115/987 4422/115/987 4416/115/987
f 4416/115/4237 4422/115/4237 4423/115/4237
f 4416/115/4237 4423/115/4237 4417/115/4237
f 4417/115/4305 4423/115/4305 4424/115/4305
f 4417/115/4305 4424/115/4305 4418/115/4305
f 4418/115/985 4424/115/985 4425/115/985
f 4418/115/985 4425/115/985 4419/115/985
f 4419/115/4306 4425/115/4306 4420/115/4306
f 4419/115/4306 4420/115/4306 4414/115/4306
f 4420/115/4251 4426/115/4251 4427/115/4251
f 4420/115/4251 4427/115/4251 4421/115/4251
f 4421/115/987 4427/115/987 4428/115/987
f 4421/115/987 4428/115/987 4422/115/987
f 4422/115/4307 4428/115/4307 4429/115/4307
f 4422/115/4307 4429/115/4307 4423/115/4308
f 4423/115/4309 4429/115/4309 4430/115/4309
f 4423/115/4309 4430/115/4309 4424/115/4310
f 4424/115/985 4430/115/985 4431/115/985
f 4424/115/985 4431/115/985 4425/115/985
f 4425/115/4311 4431/115/4311 4426/115/4311
f 4425/115/4311 4426/115/4311 4420/115/4311
f 4426/115/4261 4432/115/4261 4433/115/4261
f 4426/115/4261 4433/115/4261 4427/115/4262
f 4427/115/987 4433/115/987 4434/115/987
f 4427/115/987 4434/115/987 4428/115/987
f 4428/115/4312 4434/115/4312 4435/115/4312
f 4428/115/4312 4435/115/4312 4429/115/4259
f 4429/115/4313 4435/115/4266 4436/115/4313
f 4429/115/4313 4436/115/4313 4430/115/4267
f 4430/115/985 4436/115/985 4437/115/985
f 4430/115/985 4437/115/985 4431/115/985
f 4431/115/4263 4437/115/4263 4432/115/4263
f 4431/115/4263 4432/115/4263 4426/115/4265
f 4432/115/4314 4438/115/4314 4439/115/4314
f 4432/115/4314 4439/115/4314 4433/115/4314
f 4433/115/987 4439/115/987 4440/115/987
f 4433/115/987 4440/115/987 4434/115/987
f 4434/115/4315 4440/115/4315 4441/115/4315
f 4434/115/4315 4441/115/4315 4435/115/4315
f 4435/115/4277 4441/115/4277 4442/115/4277
f 4435/115/4277 4442/115/4277 4436/115/4277
f 4436/115/985 4442/115/985 4443/115/985
f 4436/115/985 4443/115/985 4437/115/985
f 4437/115/4275 4443/115/4275 4438/115/4275
f 4437/115/4275 4438/115/4275 4432/115/4275
f 4438/115/4281 4444/115/4282 4445/115/4282
f 4438/115/4281 4445/115/4282 4439/115/4281
f 4439/115/987 4445/115/987 4446/115/987
f 4439/115/987 4446/115/987 4440/115/987
f 4440/115/4279 4446/115/4279 4447/115/4279
f 4440/115/4279 4447/115/4279 4441/115/4280
f 4441/115/4289 4447/115/4290 4448/115/4289
f 4441/115/4289 4448/115/4289 4442/115/4289
f 4442/115/985 4448/115/985 4449/115/985
f 4442/115/985 4449/115/985 4443/115/985
f 4443/115/4287 4449/115/4316 4444/115/4317
f 4443/115/4287 4444/115/4317 4438/115/4318
f 4444/115/4319 4378/115/4320 4379/115/4319
f 4444/115/4319 4379/115/4319 4445/115/4319
f 4445/115/987 4379/115/987 4380/115/987
f 4445/115/987 4380/115/987 4446/115/987
f 4446/115/4293 4380/115/4293 4381/115/4293
f 4446/115/4293 4381/115/4293 4447/115/4291
f 4447/115/4321 4381/115/4322 4382/115/4321
f 4447/115/4321 4382/115/4321 4448/115/4321
f 4448/115/985 4382/115/985 4383/115/985
f 4448/115/985 4383/115/985 4449/115/985
f 4449/115/4301 4383/115/4323 4378/115/4301
f 4449/115/4301 4378/115/4301 4444/115/4324
f 4450/115/4325 4456/115/4325 4457/115/4325
f 4450/115/4325 4457/115/4325 4451/115/4326
f 4451/115/4327 4457/115/4328 4458/115/4329
f 4451/115/4327 4458/115/4329 4452/115/4330
f 4452/115/4331 4458/115/4332 4459/115/4333
f 4452/115/4331 4459/115/4333 4453/115/4334
f 4453/115/4335 4459/115/4336 4460/115/4337
f 4453/115/4335 4460/115/4337 4454/115/4338
f 4454/115/4339 4460/115/4340 4461/115/4341
f 4454/115/4339 4461/115/4341 4455/115/4342
f 4455/115/4343 4461/115/4343 4456/115/4343
f 4455/115/4343 4456/115/4343 4450/115/4343
f 4456/115/4344 4462/115/4345 4463/115/4345
f 4456/115/4344 4463/115/4345 4457/115/4344
f 4457/115/4328 4463/115/4329 4464/115/4329
f 4457/115/4328 4464/115/4329 4458/115/4329
f 4458/115/4346 4464/115/4347 4465/115/4346
f 4458/115/4346 4465/115/4346 4459/115/4348
f 4459/115/4349 4465/115/4350 4466/115/4349
f 4459/115/4349 4466/115/4349 4460/115/4349
f 4460/115/4340 4466/115/4351 4467/115/4351
f 4460/115/4340 4467/115/4351 4461/115/4341
f 4461/115/4352 4467/115/4352 4462/115/4352
f 4461/115/4352 4462/115/4352 4456/115/4352
f 4462/115/4353 4468/115/4354 4469/115/4355
f 4462/115/4353 4469/115/4355 4463/115/4353
f 4463/115/4329 4469/115/4327 4470/115/4327
f 4463/115/4329 4470/115/4327 4464/115/4329
f 4464/115/4356 4470/115/4357 4471/115/4358
f 4464/115/4356 4471/115/4358 4465/115/4359
f 4465/115/4360 4471/115/4360 4472/115/4360
f 4465/115/4360 4472/115/4360 4466/115/4360
f 4466/115/4351 4472/115/4340 4473/115/4340
f 4466/115/4351 4473/115/4340 4467/115/4351
f 4467/115/4361 4473/115/4361 4468/115/4361
f 4467/115/4361 4468/115/4361 4462/115/4361
f 4468/115/4362 4474/115/4363 4475/115/4364
f 4468/115/4362 4475/115/4364 4469/115/4365
f 4469/115/4327 4475/115/4327 4476/115/4366
f 4469/115/4327 4476/115/4366 4470/115/4327
f 4470/115/4367 4476/115/4367 4477/115/4367
f 4470/115/4367 4477/115/4367 4471/115/4368
f 4471/115/4369 4477/115/4370 4478/115/4369
f 4471/115/4369 4478/115/4369 4472/115/4371
f 4472/115/4340 4478/115/4372 4479/115/4372
f 4472/115/4340 4479/115/4372 4473/115/4340
f 4473/115/4373 4479/115/4374 4474/115/4375
f 4473/115/4373 4474/115/4375 4468/115/4373
f 4474/115/4376 4480/115/4377 4481/115/4378
f 4474/115/4376 4481/115/4378 4475/115/4379
f 4475/115/4327 4481/115/4327 4482/115/4327
f 4475/115/4327 4482/115/4327 4476/115/4366
f 4476/115/4380 4482/115/4380 4483/115/4380
f 4476/115/4380 4483/115/4380 4477/115/4380
f 4477/115/4381 4483/115/4382 4484/115/4381
f 4477/115/4381 4484/115/4381 4478/115/4383
f 4478/115/4372 4484/115/4351 4485/115/4340
f 4478/115/4372 4485/115/4340 4479/115/4372
f 4479/115/4384 4485/115/4385 4480/115/4386
f 4479/115/4384 4480/115/4386 4474/115/4384
f 4480/115/4387 4486/115/4387 4487/115/4387
f 4480/115/4387 4487/115/4387 4481/115/4387
f 4481/115/4327 4487/115/4327 4488/115/4327
f 4481/115/4327 4488/115/4327 4482/115/4327
f 4482/115/4388 4488/115/4389 4489/115/4390
f 4482/115/4388 4489/115/4390 4483/115/4391
f 4483/115/4392 4489/115/4393 4490/115/4394
f 4483/115/4392 4490/115/4394 4484/115/4395
f 4484/115/4351 4490/115/4339 4491/115/4342
f 4484/115/4351 4491/115/4342 4485/115/4340
f 4485/115/4396 4491/115/4397 4486/115/4398
f 4485/115/4396 4486/115/4398 4480/115/4399
f 4486/115/4334 4492/115/4334 4493/115/4334
f 4486/115/4334 4493/115/4334 4487/115/4334
f 4487/115/4327 4493/115/4327 4494/115/4327
f 4487/115/4327 4494/115/4327 4488/115/4327
f 4488/115/4400 4494/115/4401 4495/115/4402
f 4488/115/4400 4495/115/4402 4489/115/4403
f 4489/115/4404 4495/115/4405 4496/115/4406
f 4489/115/4404 4496/115/4406 4490/115/4407
f 4490/115/4339 4496/115/4340 4497/115/4341
f 4490/115/4339 4497/115/4341 4491/115/4342
f 4491/115/4408 4497/115/4409 4492/115/4337
f 4491/115/4408 4492/115/4337 4486/115/4410
f 4492/115/4411 4498/115/4412 4499/115/4346
f 4492/115/4411 4499/115/4346 4493/115/4413
f 4493/115/4327 4499/115/4330 4500/115/4366
f 4493/115/4327 4500/115/4366 4494/115/4327
f 4494/115/4414 4500/115/4414 4501/115/4414
f 4494/115/4414 4501/115/4414 4495/115/4414
f 4495/115/4415 4501/115/4416 4502/115/4415
f 4495/115/4415 4502/115/4415 4496/115/4417
f 4496/115/4340 4502/115/4351 4503/115/4351
f 4496/115/4340 4503/115/4351 4497/115/4341
f 4497/115/4418 4503/115/4419 4498/115/4418
f 4497/115/4418 4498/115/4418 4492/115/4349
f 4498/115/4420 4504/115/4421 4505/115/4359
f 4498/115/4420 4505/115/4359 4499/115/4422
f 4499/115/4330 4505/115/4327 4506/115/4366
f 4499/115/4330 4506/115/4366 4500/115/4366
f 4500/115/4423 4506/115/4423 4507/115/4423
f 4500/115/4423 4507/115/4423 4501/115/4424
f 4501/115/4425 4507/115/4426 4508/115/4361
f 4501/115/4425 4508/115/4361 4502/115/4427
f 4502/115/4351 4508/115/4340 4509/115/4340
f 4502/115/4351 4509/115/4340 4503/115/4351
f 4503/115/4428 4509/115/4429 4504/115/4429
f 4503/115/4428 4504/115/4429 4498/115/4430
f 4504/115/4431 4510/115/4432 4511/115/4433
f 4504/115/4431 4511/115/4433 4505/115/4367
f 4505/115/4327 4511/115/4434 4512/115/4330
f 4505/115/4327 4512/115/4330 4506/115/4366
f 4506/115/4365 4512/115/4435 4513/115/4365
f 4506/115/4365 4513/115/4365 4507/115/4436
f 4507/115/4437 4513/115/4437 4514/115/4437
f 4507/115/4437 4514/115/4437 4508/115/4437
f 4508/115/4340 4514/115/4372 4515/115/4372
f 4508/115/4340 4515/115/4372 4509/115/4340
f 4509/115/4438 4515/115/4438 4510/115/4438
f 4509/115/4438 4510/115/4438 4504/115/4438
f 4510/115/4439 4516/115/4440 4517/115/4440
f 4510/115/4439 4517/115/4440 4511/115/4439
f 4511/115/4434 4517/115/4330 4518/115/4441
f 4511/115/4434 4518/115/4441 4512/115/4330
f 4512/115/4442 4518/115/4443 4519/115/4442
f 4512/115/4442 4519/115/4442 4513/115/4444
f 4513/115/4385 4519/115/4385 4520/115/4385
f 4513/115/4385 4520/115/4385 4514/115/4385
f 4514/115/4372 4520/115/4445 4521/115/4340
f 4514/115/4372 4521/115/4340 4515/115/4372
f 4515/115/4446 4521/115/4446 4516/115/4446
f 4515/115/4446 4516/115/4446 4510/115/4446
f 4516/115/4447 4450/115/4448 4451/115/4447
f 4516/115/4447 4451/115/4447 4517/115/4447
f 4517/115/4330 4451/115/4327 4452/115/4330
f 4517/115/4330 4452/115/4330 4518/115/4441
f 4518/115/4449 4452/115/4450 4453/115/4451
f 4518/115/4449 4453/115/4451 4519/115/4452
f 4519/115/4453 4453/115/4454 4454/115/4398
f 4519/115/4453 4454/115/4398 4520/115/4399
f 4520/115/4445 4454/115/4339 4455/115/4342
f 4520/115/4445 4455/115/4342 4521/115/4340
f 4521/115/4455 4455/115/4455 4450/115/4455
f 4521/115/4455 4450/115/4455 4516/115/4455
f 4522/115/4456 4528/115/4456 4529/115/4456
f 4522/115/4456 4529/115/4456 4523/115/4456
f 4523/115/987 4529/115/987 4530/115/987
f 4523/115/987 4530/115/987 4524/115/987
f 4524/115/4457 4530/115/4457 4531/115/4457
f 4524/115/4457 4531/115/4457 4525/115/4458
f 4525/115/4459 4531/115/4460 4532/115/4461
f 4525/115/4459 4532/115/4461 4526/115/4459
f 4526/115/985 4532/115/985 4533/115/985
f 4526/115/985 4533/115/985 4527/115/985
f 4527/115/4462 4533/115/4462 4528/115/4462
f 4527/115/4462 4528/115/4462 4522/115/4462
f 4528/115/4463 4534/115/4464 4535/115/4465
f 4528/115/4463 4535/115/4465 4529/115/4466
f 4529/115/987 4535/115/987 4536/115/987
f 4529/115/987 4536/115/987 4530/115/987
f 4530/115/4467 4536/115/4467 4537/115/4467
f 4530/115/4467 4537/115/4467 4531/115/4467
f 4531/115/4468 4537/115/4468 4538/115/4468
f 4531/115/4468 4538/115/4468 4532/115/4469
f 4532/115/985 4538/115/985 4539/115/985
f 4532/115/985 4539/115/985 4533/115/985
f 4533/115/4470 4539/115/4471 4534/115/4471
f 4533/115/4470 4534/115/4471 4528/115/4470
f 4534/115/4472 4540/115/4473 4541/115/4474
f 4534/115/4472 4541/115/4474 4535/115/4472
f 4535/115/987 4541/115/987 4542/115/987
f 4535/115/987 4542/115/987 4536/115/987
f 4536/115/4475 4542/115/4475 4543/115/4475
f 4536/115/4475 4543/115/4475 4537/115/4476
f 4537/115/4477 4543/115/4478 4544/115/4478
f 4537/115/4477 4544/115/4478 4538/115/4477
f 4538/115/985 4544/115/985 4545/115/985
f 4538/115/985 4545/115/985 4539/115/985
f 4539/115/4479 4545/115/4480 4540/115/4480
f 4539/115/4479 4540/115/4480 4534/115/4479
f 4540/115/4481 4546/115/4482 4547/115/4483
f 4540/115/4481 4547/115/4483 4541/115/4484
f 4541/115/987 4547/115/987 4548/115/987
f 4541/115/987 4548/115/987 4542/115/987
f 4542/115/4485 4548/115/4486 4549/115/4487
f 4542/115/4485 4549/115/4487 4543/115/4488
f 4543/115/4489 4549/115/4490 4550/115/4489
f 4543/115/4489 4550/115/4489 4544/115/4491
f 4544/115/985 4550/115/985 4551/115/985
f 4544/115/985 4551/115/985 4545/115/985
f 4545/115/4492 4551/115/4493 4546/115/4493
f 4545/115/4492 4546/115/4493 4540/115/4494
f 4546/115/4495 4552/115/4496 4553/115/4496
f 4546/115/4495 4553/115/4496 4547/115/4495
f 4547/115/987 4553/115/987 4554/115/987
f 4547/115/987 4554/115/987 4548/115/987
f 4548/115/4497 4554/115/4497 4555/115/4497
f 4548/115/4497 4555/115/4497 4549/115/4498
f 4549/115/4499 4555/115/4500 4556/115/4499
f 4549/115/4499 4556/115/4499 4550/115/4501
f 4550/115/985 4556/115/985 4557/115/985
f 4550/115/985 4557/115/985 4551/115/985
f 4551/115/4502 4557/115/4503 4552/115/4504
f 4551/115/4502 4552/115/4504 4546/115/4502
f 4552/115/4505 4558/115/4506 4559/115/4505
f 4552/115/4505 4559/115/4505 4553/115/4507
f 4553/115/987 4559/115/987 4560/115/987
f 4553/115/987 4560/115/987 4554/115/987
f 4554/115/4508 4560/115/4509 4561/115/4510
f 4554/115/4508 4561/115/4510 4555/115/4511
f 4555/115/4512 4561/115/4513 4562/115/4514
f 4555/115/4512 4562/115/4514 4556/115/4515
f 4556/115/985 4562/115/985 4563/115/985
f 4556/115/985 4563/115/985 4557/115/985
f 4557/115/4516 4563/115/4517 4558/115/4518
f 4557/115/4516 4558/115/4518 4552/115/4519
f 4558/115/4520 4564/115/4520 4565/115/4520
f 4558/115/4520 4565/115/4520 4559/115/4520
f 4559/115/987 4565/115/987 4566/115/987
f 4559/115/987 4566/115/987 4560/115/987
f 4560/115/4521 4566/115/4522 4567/115/4522
f 4560/115/4521 4567/115/4522 4561/115/4522
f 4561/115/4523 4567/115/4524 4568/115/4524
f 4561/115/4523 4568/115/4524 4562/115/4523
f 4562/115/985 4568/115/985 4569/115/985
f 4562/115/985 4569/115/985 4563/115/985
f 4563/115/4525 4569/115/4525 4564/115/4525
f 4563/115/4525 4564/115/4525 4558/115/4525
f 4564/115/4526 4570/115/4527 4571/115/4528
f 4564/115/4526 4571/115/4528 4565/115/4526
f 4565/115/987 4571/115/987 4572/115/987
f 4565/115/987 4572/115/987 4566/115/987
f 4566/115/4529 4572/115/4529 4573/115/4529
f 4566/115/4529 4573/115/4529 4567/115/4529
f 4567/115/4471 4573/115/4471 4574/115/4471
f 4567/115/4471 4574/115/4471 4568/115/4530
f 4568/115/985 4574/115/985 4575/115/985
f 4568/115/985 4575/115/985 4569/115/985
f 4569/115/4469 4575/115/4468 4570/115/4468
f 4569/115/4469 4570/115/4468 4564/115/4469
f 4570/115/4531 4576/115/4532 4577/115/4532
f 4570/115/4531 4577/115/4532 4571/115/4476
f 4571/115/987 4577/115/987 4578/115/987
f 4571/115/987 4578/115/987 4572/115/987
f 4572/115/4472 4578/115/4533 4579/115/4533
f 4572/115/4472 4579/115/4533 4573/115/4472
f 4573/115/4534 4579/115/4535 4580/115/4534
f 4573/115/4534 4580/115/4534 4574/115/4534
f 4574/115/985 4580/115/985 4581/115/985
f 4574/115/985 4581/115/985 4575/115/985
f 4575/115/4536 4581/115/4537 4576/115/4538
f 4575/115/4536 4576/115/4538 4570/115/4477
f 4576/115/4539 4582/115/4540 4583/115/4539
f 4576/115/4539 4583/115/4539 4577/115/4541
f 4577/115/987 4583/115/987 4584/115/987
f 4577/115/987 4584/115/987 4578/115/987
f 4578/115/4483 4584/115/4542 4585/115/4483
f 4578/115/4483 4585/115/4483 4579/115/4481
f 4579/115/4543 4585/115/4493 4586/115/4544
f 4579/115/4543 4586/115/4544 4580/115/4545
f 4580/115/985 4586/115/985 4587/115/985
f 4580/115/985 4587/115/985 4581/115/985
f 4581/115/4490 4587/115/4490 4582/115/4546
f 4581/115/4490 4582/115/4546 4576/115/4546
f 4582/115/4547 4588/115/4547 4589/115/4547
f 4582/115/4547 4589/115/4547 4583/115/4498
f 4583/115/987 4589/115/987 4590/115/987
f 4583/115/987 4590/115/987 4584/115/987
f 4584/115/4548 4590/115/4549 4591/115/4548
f 4584/115/4548 4591/115/4548 4585/115/4495
f 4585/115/4550 4591/115/4504 4592/115/4550
f 4585/115/4550 4592/115/4550 4586/115/4551
f 4586/115/985 4592/115/985 4593/115/985
f 4586/115/985 4593/115/985 4587/115/985
f 4587/115/4500 4593/115/4552 4588/115/4500
f 4587/115/4500 4588/115/4500 4582/115/4553
f 4588/115/4508 4522/115/4508 4523/115/4508
f 4588/115/4508 4523/115/4508 4589/115/4510
f 4589/115/987 4523/115/987 4524/115/987
f 4589/115/987 4524/115/987 4590/115/987
f 4590/115/4505 4524/115/4554 4525/115/4505
f 4590/115/4505 4525/115/4505 4591/115/4555
f 4591/115/4518 4525/115/4517 4526/115/4516
f 4591/115/4518 4526/115/4516 4592/115/4519
f 4592/115/985 4526/115/985 4527/115/985
f 4592/115/985 4527/115/985 4593/115/985
f 4593/115/4514 4527/115/4512 4522/115/4514
f 4593/115/4514 4522/115/4514 4588/115/4556
f 4594/115/4557 4600/115/4558 4601/115/4557
f 4594/115/4557 4601/115/4557 4595/115/4557
f 4595/115/4559 4601/115/4559 4602/115/4560
f 4595/115/4559 4602/115/4560 4596/115/4559
f 4596/115/4561 4602/115/4561 4603/115/4561
f 4596/115/4561 4603/115/4561 4597/115/4561
f 4597/115/4562 4603/115/4563 4604/115/4564
f 4597/115/4562 4604/115/4564 4598/115/4565
f 4598/115/4566 4604/115/4567 4605/115/4567
f 4598/115/4566 4605/115/4567 4599/115/4568
f 4599/115/4569 4605/115/4570 4600/115/4569
f 4599/115/4569 4600/115/4569 4594/115/4571
f 4600/115/4572 4606/115/4572 4607/115/4572
f 4600/115/4572 4607/115/4572 4601/115/4572
f 4601/115/4559 4607/115/4573 4608/115/4574
f 4601/115/4559 4608/115/4574 4602/115/4560
f 4602/115/4575 4608/115/4576 4609/115/4575
f 4602/115/4575 4609/115/4575 4603/115/4577
f 4603/115/4578 4609/115/4578 4610/115/4578
f 4603/115/4578 4610/115/4578 4604/115/4579
f 4604/115/4567 4610/115/4580 4611/115/4581
f 4604/115/4567 4611/115/4581 4605/115/4567
f 4605/115/4582 4611/115/4583 4606/115/4584
f 4605/115/4582 4606/115/4584 4600/115/4582
f 4606/115/4585 4612/115/4586 4613/115/4587
f 4606/115/4585 4613/115/4587 4607/115/4588
f 4607/115/4573 4613/115/4589 4614/115/4589
f 4607/115/4573 4614/115/4589 4608/115/4574
f 4608/115/4590 4614/115/4590 4615/115/4590
f 4608/115/4590 4615/115/4590 4609/115/4590
f 4609/115/4591 4615/115/4592 4616/115/4591
f 4609/115/4591 4616/115/4591 4610/115/4593
f 4610/115/4580 4616/115/4594 4617/115/4594
f 4610/115/4580 4617/115/4594 4611/115/4581
f 4611/115/4595 4617/115/4596 4612/115/4595
f 4611/115/4595 4612/115/4595 4606/115/4597
f 4612/115/4598 4618/115/4599 4619/115/4599
f 4612/115/4598 4619/115/4599 4613/115/4600
f 4613/115/4589 4619/115/4601 4620/115/4559
f 4613/115/4589 4620/115/4559 4614/115/4589
f 4614/115/4602 4620/115/4603 4621/115/4604
f 4614/115/4602 4621/115/4604 4615/115/4605
f 4615/115/4606 4621/115/4606 4622/115/4606
f 4615/115/4606 4622/115/4606 4616/115/4606
f 4616/115/4594 4622/115/4567 4623/115/4567
f 4616/115/4594 4623/115/4567 4617/115/4594
f 4617/115/4607 4623/115/4608 4618/115/4609
f 4617/115/4607 4618/115/4609 4612/115/4610
f 4618/115/4611 4624/115/4612 4625/115/4612
f 4618/115/4611 4625/115/4612 4619/115/4613
f 4619/115/4601 4625/115/4559 4626/115/4559
f 4619/115/4601 4626/115/4559 4620/115/4559
f 4620/115/4614 4626/115/4615 4627/115/4614
f 4620/115/4614 4627/115/4614 4621/115/4616
f 4621/115/4617 4627/115/4618 4628/115/4617
f 4621/115/4617 4628/115/4617 4622/115/4617
f 4622/115/4567 4628/115/4594 4629/115/4594
f 4622/115/4567 4629/115/4594 4623/115/4567
f 4623/115/4619 4629/115/4620 4624/115/4620
f 4623/115/4619 4624/115/4620 4618/115/4621
f 4624/115/4622 4630/115/4622 4631/115/4622
f 4624/115/4622 4631/115/4622 4625/115/4622
f 4625/115/4559 4631/115/4559 4632/115/4559
f 4625/115/4559 4632/115/4559 4626/115/4559
f 4626/115/4623 4632/115/4623 4633/115/4624
f 4626/115/4623 4633/115/4624 4627/115/4625
f 4627/115/4626 4633/115/4626 4634/115/4626
f 4627/115/4626 4634/115/4626 4628/115/4626
f 4628/115/4594 4634/115/4594 4635/115/4594
f 4628/115/4594 4635/115/4594 4629/115/4594
f 4629/115/4627 4635/115/4628 4630/115/4629
f 4629/115/4627 4630/115/4629 4624/115/4630
f 4630/115/4631 4636/115/4631 4637/115/4631
f 4630/115/4631 4637/115/4631 4631/115/4631
f 4631/115/4559 4637/115/4559 4638/115/4559
f 4631/115/4559 4638/115/4559 4632/115/4559
f 4632/115/4632 4638/115/4632 4639/115/4633
f 4632/115/4632 4639/115/4633 4633/115/4633
f 4633/115/4571 4639/115/4571 4640/115/4571
f 4633/115/4571 4640/115/4571 4634/115/4571
f 4634/115/4594 4640/115/4594 4641/115/4594
f 4634/115/4594 4641/115/4594 4635/115/4594
f 4635/115/4634 4641/115/4635 4636/115/4636
f 4635/115/4634 4636/115/4636 4630/115/4563
f 4636/115/4577 4642/115/4637 4643/115/4637
f 4636/115/4577 4643/115/4637 4637/115/4638
f 4637/115/4559 4643/115/4639 4644/115/4639
f 4637/115/4559 4644/115/4639 4638/115/4559
f 4638/115/4640 4644/115/4641 4645/115/4642
f 4638/115/4640 4645/115/4642 4639/115/4643
f 4639/115/4584 4645/115/4584 4646/115/4584
f 4639/115/4584 4646/115/4584 4640/115/4584
f 4640/115/4594 4646/115/4594 4647/115/4594
f 4640/115/4594 4647/115/4594 4641/115/4594
f 4641/115/4644 4647/115/4645 4642/115/4644
f 4641/115/4644 4642/115/4644 4636/115/4646
f 4642/115/4647 4648/115/4648 4649/115/4649
f 4642/115/4647 4649/115/4649 4643/115/4650
f 4643/115/4639 4649/115/4559 4650/115/4559
f 4643/115/4639 4650/115/4559 4644/115/4639
f 4644/115/4651 4650/115/4652 4651/115/4653
f 4644/115/4651 4651/115/4653 4645/115/4651
f 4645/115/4654 4651/115/4654 4652/115/4654
f 4645/115/4654 4652/115/4654 4646/115/4654
f 4646/115/4594 4652/115/4568 4653/115/4568
f 4646/115/4594 4653/115/4568 4647/115/4594
f 4647/115/4655 4653/115/4592 4648/115/4656
f 4647/115/4655 4648/115/4656 4642/115/4655
f 4648/115/4657 4654/115/4604 4655/115/4604
f 4648/115/4657 4655/115/4604 4649/115/4658
f 4649/115/4559 4655/115/4659 4656/115/4660
f 4649/115/4559 4656/115/4660 4650/115/4559
f 4650/115/4600 4656/115/4600 4657/115/4600
f 4650/115/4600 4657/115/4600 4651/115/4600
f 4651/115/4661 4657/115/4662 4658/115/4661
f 4651/115/4661 4658/115/4661 4652/115/4661
f 4652/115/4568 4658/115/4566 4659/115/4566
f 4652/115/4568 4659/115/4566 4653/115/4568
f 4653/115/4663 4659/115/4663 4654/115/4663
f 4653/115/4663 4654/115/4663 4648/115/4663
f 4654/115/4664 4660/115/4665 4661/115/4664
f 4654/115/4664 4661/115/4664 4655/115/4664
f 4655/115/4659 4661/115/4559 4662/115/4589
f 4655/115/4659 4662/115/4589 4656/115/4660
f 4656/115/4666 4662/115/4667 4663/115/4666
f 4656/115/4666 4663/115/4666 4657/115/4668
f 4657/115/4669 4663/115/4669 4664/115/4669
f 4657/115/4669 4664/115/4669 4658/115/4670
f 4658/115/4566 4664/115/4671 4665/115/4594
f 4658/115/4566 4665/115/4594 4659/115/4566
f 4659/115/4672 4665/115/4673 4660/115/4618
f 4659/115/4672 4660/115/4618 4654/115/4672
f 4660/115/4674 4594/115/4675 4595/115/4674
f 4660/115/4674 4595/115/4674 4661/115/4676
f 4661/115/4559 4595/115/4559 4596/115/4559
f 4661/115/4559 4596/115/4559 4662/115/4589
f 4662/115/4677 4596/115/4677 4597/115/4677
f 4662/115/4677 4597/115/4677 4663/115/4677
f 4663/115/4678 4597/115/4679 4598/115/4680
f 4663/115/4678 4598/115/4680 4664/115/4627
f 4664/115/4671 4598/115/4566 4599/115/4568
f 4664/115/4671 4599/115/4568 4665/115/4594
f 4665/115/4681 4599/115/4682 4594/115/4681
f 4665/115/4681 4594/115/4681 4660/115/4683
f 4666/115/4684 4672/115/4685 4673/115/4684
f 4666/115/4684 4673/115/4684 4667/115/4684
f 4667/115/987 4673/115/987 4674/115/987
f 4667/115/987 4674/115/987 4668/115/987
f 4668/115/4686 4674/115/4686 4675/115/4686
f 4668/115/4686 4675/115/4686 4669/115/4686
f 4669/115/4687 4675/115/4687 4676/115/4687
f 4669/115/4687 4676/115/4687 4670/115/4687
f 4670/115/985 4676/115/985 4677/115/985
f 4670/115/985 4677/115/985 4671/115/985
f 4671/115/4688 4677/115/4689 4672/115/4688
f 4671/115/4688 4672/115/4688 4666/115/4688
f 4672/115/4690 4678/115/4691 4679/115/4692
f 4672/115/4690 4679/115/4692 4673/115/4693
f 4673/115/987 4679/115/987 4680/115/987
f 4673/115/987 4680/115/987 4674/115/987
f 4674/115/4694 4680/115/4694 4681/115/4694
f 4674/115/4694 4681/115/4694 4675/115/4695
f 4675/115/4696 4681/115/4697 4682/115/4696
f 4675/115/4696 4682/115/4696 4676/115/4696
f 4676/115/985 4682/115/985 4683/115/985
f 4676/115/985 4683/115/985 4677/115/985
f 4677/115/4698 4683/115/4699 4678/115/4699
f 4677/115/4698 4678/115/4699 4672/115/4698
f 4678/115/4700 4684/115/4701 4685/115/4700
f 4678/115/4700 4685/115/4700 4679/115/4702
f 4679/115/987 4685/115/987 4686/115/987
f 4679/115/987 4686/115/987 4680/115/987
f 4680/115/4703 4686/115/4704 4687/115/4703
f 4680/115/4703 4687/115/4703 4681/115/4705
f 4681/115/4706 4687/115/4706 4688/115/4706
f 4681/115/4706 4688/115/4706 4682/115/4707
f 4682/115/985 4688/115/985 4689/115/985
f 4682/115/985 4689/115/985 4683/115/985
f 4683/115/4708 4689/115/4709 4684/115/4708
f 4683/115/4708 4684/115/4708 4678/115/4708
f 4684/115/4710 4690/115/4711 4691/115/4710
f 4684/115/4710 4691/115/4710 4685/115/4712
f 4685/115/987 4691/115/987 4692/115/987
f 4685/115/987 4692/115/987 4686/115/987
f 4686/115/4713 4692/115/4713 4693/115/4713
f 4686/115/4713 4693/115/4713 4687/115/4714
f 4687/115/4715 4693/115/4716 4694/115/4717
f 4687/115/4715 4694/115/4717 4688/115/4718
f 4688/115/985 4694/115/985 4695/115/985
f 4688/115/985 4695/115/985 4689/115/985
f 4689/115/4719 4695/115/4720 4690/115/4719
f 4689/115/4719 4690/115/4719 4684/115/4721
f 4690/115/4722 4696/115/4722 4697/115/4722
f 4690/115/4722 4697/115/4722 4691/115/4722
f 4691/115/987 4697/115/987 4698/115/987
f 4691/115/987 4698/115/987 4692/115/987
f 4692/115/4723 4698/115/4723 4699/115/4724
f 4692/115/4723 4699/115/4724 4693/115/4724
f 4693/115/4725 4699/115/4726 4700/115/4725
f 4693/115/4725 4700/115/4725 4694/115/4727
f 4694/115/985 4700/115/985 4701/115/985
f 4694/115/985 4701/115/985 4695/115/985
f 4695/115/4728 4701/115/4729 4696/115/4728
f 4695/115/4728 4696/115/4728 4690/115/4728
f 4696/115/4730 4702/115/4731 4703/115/4730
f 4696/115/4730 4703/115/4730 4697/115/4732
f 4697/115/987 4703/115/987 4704/115/987
f 4697/115/987 4704/115/987 4698/115/987
f 4698/115/4733 4704/115/4734 4705/115/4733
f 4698/115/4733 4705/115/4733 4699/115/4735
f 4699/115/4736 4705/115/4737 4706/115/4736
f 4699/115/4736 4706/115/4736 4700/115/4738
f 4700/115/985 4706/115/985 4707/115/985
f 4700/115/985 4707/115/985 4701/115/985
f 4701/115/4739 4707/115/4740 4702/115/4739
f 4701/115/4739 4702/115/4739 4696/115/4741
f 4702/115/4686 4708/115/4686 4709/115/4686
f 4702/115/4686 4709/115/4686 4703/115/4686
f 4703/115/987 4709/115/987 4710/115/987
f 4703/115/987 4710/115/987 4704/115/987
f 4704/115/4742 4710/115/4742 4711/115/4743
f 4704/115/4742 4711/115/4743 4705/115/4744
f 4705/115/4745 4711/115/4745 4712/115/4745
f 4705/115/4745 4712/115/4745 4706/115/4746
f 4706/115/985 4712/115/985 4713/115/985
f 4706/115/985 4713/115/985 4707/115/985
f 4707/115/4687 4713/115/4687 4708/115/4687
f 4707/115/4687 4708/115/4687 4702/115/4687
f 4708/115/4747 4714/115/4748 4715/115/4749
f 4708/115/4747 4715/115/4749 4709/115/4750
f 4709/115/987 4715/115/987 4716/115/987
f 4709/115/987 4716/115/987 4710/115/987
f 4710/115/4751 4716/115/4752 4717/115/4752
f 4710/115/4751 4717/115/4752 4711/115/4752
f 4711/115/4753 4717/115/4753 4718/115/4754
f 4711/115/4753 4718/115/4754 4712/115/4753
f 4712/115/985 4718/115/985 4719/115/985
f 4712/115/985 4719/115/985 4713/115/985
f 4713/115/4696 4719/115/4755 4714/115/4756
f 4713/115/4696 4714/115/4756 4708/115/4757
f 4714/115/4705 4720/115/4704 4721/115/4758
f 4714/115/4705 4721/115/4758 4715/115/4759
f 4715/115/987 4721/115/987 4722/115/987
f 4715/115/987 4722/115/987 4716/115/987
f 4716/115/4760 4722/115/4761 4723/115/4762
f 4716/115/4760 4723/115/4762 4717/115/4763
f 4717/115/4764 4723/115/4709 4724/115/4765
f 4717/115/4764 4724/115/4765 4718/115/4766
f 4718/115/985 4724/115/985 4725/115/985
f 4718/115/985 4725/115/985 4719/115/985
f 4719/115/4767 4725/115/4768 4720/115/4769
f 4719/115/4767 4720/115/4769 4714/115/4767
f 4720/115/4770 4726/115/4771 4727/115/4771
f 4720/115/4770 4727/115/4771 4721/115/4770
f 4721/115/987 4727/115/987 4728/115/987
f 4721/115/987 4728/115/987 4722/115/987
f 4722/115/4710 4728/115/4772 4729/115/4710
f 4722/115/4710 4729/115/4710 4723/115/4773
f 4723/115/4719 4729/115/4774 4730/115/4720
f 4723/115/4719 4730/115/4720 4724/115/4775
f 4724/115/985 4730/115/985 4731/115/985
f 4724/115/985 4731/115/985 4725/115/985
f 4725/115/4718 4731/115/4776 4726/115/4776
f 4725/115/4718 4726/115/4776 4720/115/4718
f 4726/115/4777 4732/115/4723 4733/115/4723
f 4726/115/4777 4733/115/4723 4727/115/4778
f 4727/115/987 4733/115/987 4734/115/987
f 4727/115/987 4734/115/987 4728/115/987
f 4728/115/4779 4734/115/4779 4735/115/4779
f 4728/115/4779 4735/115/4779 4729/115/4780
f 4729/115/4781 4735/115/4782 4736/115/4781
f 4729/115/4781 4736/115/4781 4730/115/4783
f 4730/115/985 4736/115/985 4737/115/985
f 4730/115/985 4737/115/985 4731/115/985
f 4731/115/4784 4737/115/4785 4732/115/4786
f 4731/115/4784 4732/115/4786 4726/115/4787
f 4732/115/4735 4666/115/4735 4667/115/4735
f 4732/115/4735 4667/115/4735 4733/115/4788
f 4733/115/987 4667/115/987 4668/115/987
f 4733/115/987 4668/115/987 4734/115/987
f 4734/115/4789 4668/115/4790 4669/115/4789
f 4734/115/4789 4669/115/4789 4735/115/4791
f 4735/115/4792 4669/115/4793 4670/115/4740
f 4735/115/4792 4670/115/4740 4736/115/4740
f 4736/115/985 4670/115/985 4671/115/985
f 4736/115/985 4671/115/985 4737/115/985
f 4737/115/4794 4671/115/4795 4666/115/4794
f 4737/115/4794 4666/115/4794 4732/115/4794
f 4738/115/4796 4744/115/4797 4745/115/4796
f 4738/115/4796 4745/115/4796 4739/115/4798
f 4739/115/4799 4745/115/4800 4746/115/4800
f 4739/115/4799 4746/115/4800 4740/115/4799
f 4740/115/4801 4746/115/4802 4747/115/4803
f 4740/115/4801 4747/115/4803 4741/115/4803
f 4741/115/4804 4747/115/4805 4748/115/4806
f 4741/115/4804 4748/115/4806 4742/115/4807
f 4742/115/4808 4748/115/4809 4749/115/4810
f 4742/115/4808 4749/115/4810 4743/115/4808
f 4743/115/4811 4749/115/4811 4744/115/4811
f 4743/115/4811 4744/115/4811 4738/115/4812
f 4744/115/4813 4750/115/4814 4751/115/4813
f 4744/115/4813 4751/115/4813 4745/115/4815
f 4745/115/4800 4751/115/4816 4752/115/4816
f 4745/115/4800 4752/115/4816 4746/115/4800
f 4746/115/4817 4752/115/4818 4753/115/4817
f 4746/115/4817 4753/115/4817 4747/115/4817
f 4747/115/4819 4753/115/4820 4754/115/4819
f 4747/115/4819 4754/115/4819 4748/115/4821
f 4748/115/4809 4754/115/4822 4755/115/4822
f 4748/115/4809 4755/115/4822 4749/115/4810
f 4749/115/4823 4755/115/4824 4750/115/4823
f 4749/115/4823 4750/115/4823 4744/115/4825
f 4750/115/4826 4756/115/4826 4757/115/4826
f 4750/115/4826 4757/115/4826 4751/115/4827
f 4751/115/4816 4757/115/4799 4758/115/4799
f 4751/115/4816 4758/115/4799 4752/115/4816
f 4752/115/4828 4758/115/4828 4759/115/4828
f 4752/115/4828 4759/115/4828 4753/115/4829
f 4753/115/4830 4759/115/4831 4760/115/4830
f 4753/115/4830 4760/115/4830 4754/115/4832
f 4754/115/4822 4760/115/4808 4761/115/4808
f 4754/115/4822 4761/115/4808 4755/115/4822
f 4755/115/4833 4761/115/4834 4756/115/4835
f 4755/115/4833 4756/115/4835 4750/115/4836
f 4756/115/4837 4762/115/4838 4763/115/4839
f 4756/115/4837 4763/115/4839 4757/115/4837
f 4757/115/4799 4763/115/4799 4764/115/4799
f 4757/115/4799 4764/115/4799 4758/115/4799
f 4758/115/4840 4764/115/4841 4765/115/4840
f 4758/115/4840 4765/115/4840 4759/115/4840
f 4759/115/4842 4765/115/4843 4766/115/4842
f 4759/115/4842 4766/115/4842 4760/115/4842
f 4760/115/4808 4766/115/4844 4767/115/4808
f 4760/115/4808 4767/115/4808 4761/115/4808
f 4761/115/4845 4767/115/4846 4762/115/4847
f 4761/115/4845 4762/115/4847 4756/115/4848
f 4762/115/4849 4768/115/4850 4769/115/4850
f 4762/115/4849 4769/115/4850 4763/115/4849
f 4763/115/4799 4769/115/4799 4770/115/4799
f 4763/115/4799 4770/115/4799 4764/115/4799
f 4764/115/4851 4770/115/4851 4771/115/4851
f 4764/115/4851 4771/115/4851 4765/115/4851
f 4765/115/4852 4771/115/4853 4772/115/4852
f 4765/115/4852 4772/115/4852 4766/115/4854
f 4766/115/4844 4772/115/4855 4773/115/4844
f 4766/115/4844 4773/115/4844 4767/115/4808
f 4767/115/4856 4773/115/4857 4768/115/4858
f 4767/115/4856 4768/115/4858 4762/115/4859
f 4768/115/4860 4774/115/4860 4775/115/4860
f 4768/115/4860 4775/115/4860 4769/115/4861
f 4769/115/4799 4775/115/4799 4776/115/4862
f 4769/115/4799 4776/115/4862 4770/115/4799
f 4770/115/4863 4776/115/4864 4777/115/4863
f 4770/115/4863 4777/115/4863 4771/115/4865
f 4771/115/4866 4777/115/4867 4778/115/4868
f 4771/115/4866 4778/115/4868 4772/115/4869
f 4772/115/4855 4778/115/4808 4779/115/4808
f 4772/115/4855 4779/115/4808 4773/115/4844
f 4773/115/4870 4779/115/4871 4774/115/4870
f 4773/115/4870 4774/115/4870 4768/115/4872
f 4774/115/4873 4780/115/4873 4781/115/4873
f 4774/115/4873 4781/115/4873 4775/115/4873
f 4775/115/4799 4781/115/4816 4782/115/4816
f 4775/115/4799 4782/115/4816 4776/115/4862
f 4776/115/4796 4782/115/4796 4783/115/4796
f 4776/115/4796 4783/115/4796 4777/115/4874
f 4777/115/4875 4783/115/4876 4784/115/4877
f 4777/115/4875 4784/115/4877 4778/115/4876
f 4778/115/4808 4784/115/4878 4785/115/4822
f 4778/115/4808 4785/115/4822 4779/115/4808
f 4779/115/4806 4785/115/4805 4780/115/4806
f 4779/115/4806 4780/115/4806 4774/115/4806
f 4780/115/4879 4786/115/4817 4787/115/4880
f 4780/115/4879 4787/115/4880 4781/115/4881
f 4781/115/4816 4787/115/4862 4788/115/4862
f 4781/115/4816 4788/115/4862 4782/115/4816
f 4782/115/4882 4788/115/4882 4789/115/4882
f 4782/115/4882 4789/115/4882 4783/115/4882
f 4783/115/4883 4789/115/4884 4790/115/4885
f 4783/115/4883 4790/115/4885 4784/115/4824
f 4784/115/4878 4790/115/4808 4791/115/4855
f 4784/115/4878 4791/115/4855 4785/115/4822
f 4785/115/4886 4791/115/4887 4786/115/4888
f 4785/115/4886 4786/115/4888 4780/115/4889
f 4786/115/4890 4792/115/4891 4793/115/4890
f 4786/115/4890 4793/115/4890 4787/115/4892
f 4787/115/4862 4793/115/4799 4794/115/4799
f 4787/115/4862 4794/115/4799 4788/115/4862
f 4788/115/4826 4794/115/4893 4795/115/4826
f 4788/115/4826 4795/115/4826 4789/115/4894
f 4789/115/4834 4795/115/4834 4796/115/4834
f 4789/115/4834 4796/115/4834 4790/115/4895
f 4790/115/4808 4796/115/4808 4797/115/4808
f 4790/115/4808 4797/115/4808 4791/115/4855
f 4791/115/4896 4797/115/4830 4792/115/4897
f 4791/115/4896 4792/115/4897 4786/115/4832
f 4792/115/4840 4798/115/4898 4799/115/4840
f 4792/115/4840 4799/115/4840 4793/115/4840
f 4793/115/4799 4799/115/4862 4800/115/4862
f 4793/115/4799 4800/115/4862 4794/115/4799
f 4794/115/4837 4800/115/4899 4801/115/4837
f 4794/115/4837 4801/115/4837 4795/115/4837
f 4795/115/4900 4801/115/4901 4802/115/4900
f 4795/115/4900 4802/115/4900 4796/115/4900
f 4796/115/4808 4802/115/4844 4803/115/4844
f 4796/115/4808 4803/115/4844 4797/115/4808
f 4797/115/4902 4803/115/4903 4798/115/4904
f 4797/115/4902 4798/115/4904 4792/115/4905
f 4798/115/4906 4804/115/4907 4805/115/4906
f 4798/115/4906 4805/115/4906 4799/115/4908
f 4799/115/4862 4805/115/4909 4806/115/4910
f 4799/115/4862 4806/115/4910 4800/115/4862
f 4800/115/4911 4806/115/4911 4807/115/4911
f 4800/115/4911 4807/115/4911 4801/115/4911
f 4801/115/4912 4807/115/4913 4808/115/4912
f 4801/115/4912 4808/115/4912 4802/115/4856
f 4802/115/4844 4808/115/4914 4809/115/4914
f 4802/115/4844 4809/115/4914 4803/115/4844
f 4803/115/4915 4809/115/4916 4804/115/4915
f 4803/115/4915 4804/115/4915 4798/115/4852
f 4804/115/4863 4738/115/4917 4739/115/4863
f 4804/115/4863 4739/115/4863 4805/115/4918
f 4805/115/4909 4739/115/4799 4740/115/4799
f 4805/115/4909 4740/115/4799 4806/115/4910
f 4806/115/4919 4740/115/4919 4741/115/4920
f 4806/115/4919 4741/115/4920 4807/115/4920
f 4807/115/4870 4741/115/4921 4742/115/4870
f 4807/115/4870 4742/115/4870 4808/115/4922
f 4808/115/4914 4742/115/4808 4743/115/4808
f 4808/115/4914 4743/115/4808 4809/115/4914
f 4809/115/4923 4743/115/4923 4738/115/4923
f 4809/115/4923 4738/115/4923 4804/115/4867
f 4810/115/4924 4816/115/4924 4817/115/4924
f 4810/115/4924 4817/115/4924 4811/115/4924
f 4811/115/987 4817/115/987 4818/115/987
f 4811/115/987 4818/115/987 4812/115/987
f 4812/115/4925 4818/115/4926 4819/115/4925
f 4812/115/4925 4819/115/4925 4813/115/4927
f 4813/115/4928 4819/115/4929 4820/115/4930
f 4813/115/4928 4820/115/4930 4814/115/4930
f 4814/115/985 4820/115/985 4821/115/985
f 4814/115/985 4821/115/985 4815/115/985
f 4815/115/4931 4821/115/4931 4816/115/4931
f 4815/115/4931 4816/115/4931 4810/115/4931
f 4816/115/4932 4822/115/4932 4823/115/4932
f 4816/115/4932 4823/115/4932 4817/115/4933
f 4817/115/987 4823/115/987 4824/115/987
f 4817/115/987 4824/115/987 4818/115/987
f 4818/115/4934 4824/115/4935 4825/115/4936
f 4818/115/4934 4825/115/4936 4819/115/4937
f 4819/115/4938 4825/115/4939 4826/115/4938
f 4819/115/4938 4826/115/4938 4820/115/4940
f 4820/115/985 4826/115/985 4827/115/985
f 4820/115/985 4827/115/985 4821/115/985
f 4821/115/4941 4827/115/4942 4822/115/4941
f 4821/115/4941 4822/115/4941 4816/115/4941
f 4822/115/4943 4828/115/4944 4829/115/4944
f 4822/115/4943 4829/115/4944 4823/115/4943
f 4823/115/987 4829/115/987 4830/115/987
f 4823/115/987 4830/115/987 4824/115/987
f 4824/115/4945 4830/115/4945 4831/115/4945
f 4824/115/4945 4831/115/4945 4825/115/4946
f 4825/115/4947 4831/115/4947 4832/115/4947
f 4825/115/4947 4832/115/4947 4826/115/4948
f 4826/115/985 4832/115/985 4833/115/985
f 4826/115/985 4833/115/985 4827/115/985
f 4827/115/4949 4833/115/4950 4828/115/4951
f 4827/115/4949 4828/115/4951 4822/115/4949
f 4828/115/4952 4834/115/4953 4835/115/4954
f 4828/115/4952 4835/115/4954 4829/115/4955
f 4829/115/987 4835/115/987 4836/115/987
f 4829/115/987 4836/115/987 4830/115/987
f 4830/115/4956 4836/115/4957 4837/115/4958
f 4830/115/4956 4837/115/4958 4831/115/4959
f 4831/115/4960 4837/115/4961 4838/115/4960
f 4831/115/4960 4838/115/4960 4832/115/4962
f 4832/115/985 4838/115/985 4839/115/985
f 4832/115/985 4839/115/985 4833/115/985
f 4833/115/4963 4839/115/4964 4834/115/4965
f 4833/115/4963 4834/115/4965 4828/115/4966
f 4834/115/4967 4840/115/4967 4841/115/4967
f 4834/115/4967 4841/115/4967 4835/115/4967
f 4835/115/987 4841/115/987 4842/115/987
f 4835/115/987 4842/115/987 4836/115/987
f 4836/115/4968 4842/115/4969 4843/115/4970
f 4836/115/4968 4843/115/4970 4837/115/4971
f 4837/115/4972 4843/115/4973 4844/115/4972
f 4837/115/4972 4844/115/4972 4838/115/4974
f 4838/115/985 4844/115/985 4845/115/985
f 4838/115/985 4845/115/985 4839/115/985
f 4839/115/4975 4845/115/4975 4840/115/4975
f 4839/115/4975 4840/115/4975 4834/115/4975
f 4840/115/4976 4846/115/4977 4847/115/4977
f 4840/115/4976 4847/115/4977 4841/115/4978
f 4841/115/987 4847/115/987 4848/115/987
f 4841/115/987 4848/115/987 4842/115/987
f 4842/115/4979 4848/115/4979 4849/115/4979
f 4842/115/4979 4849/115/4979 4843/115/4979
f 4843/115/4980 4849/115/4980 4850/115/4980
f 4843/115/4980 4850/115/4980 4844/115/4980
f 4844/115/985 4850/115/985 4851/115/985
f 4844/115/985 4851/115/985 4845/115/985
f 4845/115/4981 4851/115/4982 4846/115/4983
f 4845/115/4981 4846/115/4983 4840/115/4984
f 4846/115/4927 4852/115/4927 4853/115/4927
f 4846/115/4927 4853/115/4927 4847/115/4927
f 4847/115/987 4853/115/987 4854/115/987
f 4847/115/987 4854/115/987 4848/115/987
f 4848/115/4924 4854/115/4924 4855/115/4924
f 4848/115/4924 4855/115/4924 4849/115/4985
f 4849/115/4986 4855/115/4986 4856/115/4931
f 4849/115/4986 4856/115/4931 4850/115/4931
f 4850/115/985 4856/115/985 4857/115/985
f 4850/115/985 4857/115/985 4851/115/985
f 4851/115/4987 4857/115/4987 4852/115/4987
f 4851/115/4987 4852/115/4987 4846/115/4987
f 4852/115/4988 4858/115/4989 4859/115/4990
f 4852/115/4988 4859/115/4990 4853/115/4936
f 4853/115/987 4859/115/987 4860/115/987
f 4853/115/987 4860/115/987 4854/115/987
f 4854/115/4932 4860/115/4991 4861/115/4932
f 4854/115/4932 4861/115/4932 4855/115/4933
f 4855/115/4941 4861/115/4942 4862/115/4941
f 4855/115/4941 4862/115/4941 4856/115/4992
f 4856/115/985 4862/115/985 4863/115/985
f 4856/115/985 4863/115/985 4857/115/985
f 4857/115/4993 4863/115/4994 4858/115/4995
f 4857/115/4993 4858/115/4995 4852/115/4996
f 4858/115/4997 4864/115/4998 4865/115/4998
f 4858/115/4997 4865/115/4998 4859/115/4999
f 4859/115/987 4865/115/987 4866/115/987
f 4859/115/987 4866/115/987 4860/115/987
f 4860/115/5000 4866/115/4944 4867/115/5000
f 4860/115/5000 4867/115/5000 4861/115/5001
f 4861/115/5002 4867/115/5003 4868/115/5002
f 4861/115/5002 4868/115/5002 4862/115/5004
f 4862/115/985 4868/115/985 4869/115/985
f 4862/115/985 4869/115/985 4863/115/985
f 4863/115/5005 4869/115/5005 4864/115/5005
f 4863/115/5005 4864/115/5005 4858/115/5005
f 4864/115/5006 4870/115/5006 4871/115/5006
f 4864/115/5006 4871/115/5006 4865/115/5006
f 4865/115/987 4871/115/987 4872/115/987
f 4865/115/987 4872/115/987 4866/115/987
f 4866/115/5007 4872/115/4953 4873/115/5007
f 4866/115/5007 4873/115/5007 4867/115/5007
f 4867/115/5008 4873/115/5009 4874/115/5010
f 4867/115/5008 4874/115/5010 4868/115/5008
f 4868/115/985 4874/115/985 4875/115/985
f 4868/115/985 4875/115/985 4869/115/985
f 4869/115/5011 4875/115/5011 4870/115/5011
f 4869/115/5011 4870/115/5011 4864/115/5011
f 4870/115/5012 4876/115/5013 4877/115/5014
f 4870/115/5012 4877/115/5014 4871/115/5015
f 4871/115/987 4877/115/987 4878/115/987
f 4871/115/987 4878/115/987 4872/115/987
f 4872/115/5016 4878/115/5017 4879/115/5018
f 4872/115/5016 4879/115/5018 4873/115/5019
f 4873/115/5020 4879/115/5021 4880/115/5022
f 4873/115/5020 4880/115/5022 4874/115/5023
f 4874/115/985 4880/115/985 4881/115/985
f 4874/115/985 4881/115/985 4875/115/985
f 4875/115/5024 4881/115/5025 4876/115/5024
f 4875/115/5024 4876/115/5024 4870/115/5026
f 4876/115/5027 4810/115/5028 4811/115/5029
f 4876/115/5027 4811/115/5029 4877/115/5027
f 4877/115/987 4811/115/987 4812/115/987
f 4877/115/987 4812/115/987 4878/115/987
f 4878/115/5030 4812/115/5031 4813/115/5032
f 4878/115/5030 4813/115/5032 4879/115/5032
f 4879/115/5033 4813/115/4982 4814/115/5033
f 4879/115/5033 4814/115/5033 4880/115/5034
f 4880/115/985 4814/115/985 4815/115/985
f 4880/115/985 4815/115/985 4881/115/985
f 4881/115/5035 4815/115/4980 4810/115/5036
f 4881/115/5035 4810/115/5036 4876/115/5037
f 4882/115/5038 4888/115/5039 4889/115/5038
f 4882/115/5038 4889/115/5038 4883/115/5038
f 4883/115/5040 4889/115/5040 4890/115/5040
f 4883/115/5040 4890/115/5040 4884/115/5040
f 4884/115/5041 4890/115/5042 4891/115/5043
f 4884/115/5041 4891/115/5043 4885/115/5044
f 4885/115/5045 4891/115/5045 4892/115/5045
f 4885/115/5045 4892/115/5045 4886/115/5045
f 4886/115/5046 4892/115/5047 4893/115/5048
f 4886/115/5046 4893/115/5048 4887/115/5049
f 4887/115/5050 4893/115/5051 4888/115/5050
f 4887/115/5050 4888/115/5050 4882/115/5052
f 4888/115/5053 4894/115/5054 4895/115/5054
f 4888/115/5053 4895/115/5054 4889/115/5053
f 4889/115/5040 4895/115/5055 4896/115/5056
f 4889/115/5040 4896/115/5056 4890/115/5040
f 4890/115/5057 4896/115/5058 4897/115/5057
f 4890/115/5057 4897/115/5057 4891/115/5059
f 4891/115/5060 4897/115/5061 4898/115/5060
f 4891/115/5060 4898/115/5060 4892/115/5062
f 4892/115/5047 4898/115/5063 4899/115/5063
f 4892/115/5047 4899/115/5063 4893/115/5048
f 4893/115/5064 4899/115/5065 4894/115/5066
f 4893/115/5064 4894/115/5066 4888/115/5067
f 4894/115/5068 4900/115/5068 4901/115/5068
f 4894/115/5068 4901/115/5068 4895/115/5068
f 4895/115/5055 4901/115/5040 4902/115/5040
f 4895/115/5055 4902/115/5040 4896/115/5056
f 4896/115/5069 4902/115/5069 4903/115/5069
f 4896/115/5069 4903/115/5069 4897/115/5070
f 4897/115/5071 4903/115/5072 4904/115/5073
f 4897/115/5071 4904/115/5073 4898/115/5074
f 4898/115/5063 4904/115/5047 4905/115/5063
f 4898/115/5063 4905/115/5063 4899/115/5063
f 4899/115/5075 4905/115/5076 4900/115/5076
f 4899/115/5075 4900/115/5076 4894/115/5077
f 4900/115/5078 4906/115/5079 4907/115/5078
f 4900/115/5078 4907/115/5078 4901/115/5080
f 4901/115/5040 4907/115/5040 4908/115/5081
f 4901/115/5040 4908/115/5081 4902/115/5040
f 4902/115/5082 4908/115/5082 4909/115/5082
f 4902/115/5082 4909/115/5082 4903/115/5082
f 4903/115/5083 4909/115/5084 4910/115/5085
f 4903/115/5083 4910/115/5085 4904/115/5086
f 4904/115/5047 4910/115/5048 4911/115/5087
f 4904/115/5047 4911/115/5087 4905/115/5063
f 4905/115/5088 4911/115/5089 4906/115/5090
f 4905/115/5088 4906/115/5090 4900/115/5091
f 4906/115/5092 4912/115/5093 4913/115/5093
f 4906/115/5092 4913/115/5093 4907/115/5092
f 4907/115/5040 4913/115/5040 4914/115/5056
f 4907/115/5040 4914/115/5056 4908/115/5081
f 4908/115/5094 4914/115/5095 4915/115/5094
f 4908/115/5094 4915/115/5094 4909/115/5096
f 4909/115/5097 4915/115/5098 4916/115/5097
f 4909/115/5097 4916/115/5097 4910/115/5097
f 4910/115/5048 4916/115/5048 4917/115/5063
f 4910/115/5048 4917/115/5063 4911/115/5087
f 4911/115/5099 4917/115/5100 4912/115/5101
f 4911/115/5099 4912/115/5101 4906/115/5102
f 4912/115/5103 4918/115/5104 4919/115/5103
f 4912/115/5103 4919/115/5103 4913/115/5105
f 4913/115/5040 4919/115/5106 4920/115/5107
f 4913/115/5040 4920/115/5107 4914/115/5056
f 4914/115/5108 4920/115/5109 4921/115/5110
f 4914/115/5108 4921/115/5110 4915/115/5111
f 4915/115/5112 4921/115/5112 4922/115/5113
f 4915/115/5112 4922/115/5113 4916/115/5114
f 4916/115/5048 4922/115/5049 4923/115/5049
f 4916/115/5048 4923/115/5049 4917/115/5063
f 4917/115/5115 4923/115/5116 4918/115/5115
f 4917/115/5115 4918/115/5115 4912/115/5117
f 4918/115/5118 4924/115/5044 4925/115/5119
f 4918/115/5118 4925/115/5119 4919/115/5120
f 4919/115/5106 4925/115/5055 4926/115/5055
f 4919/115/5106 4926/115/5055 4920/115/5107
f 4920/115/5121 4926/115/5122 4927/115/5123
f 4920/115/5121 4927/115/5123 4921/115/5124
f 4921/115/5050 4927/115/5050 4928/115/5125
f 4921/115/5050 4928/115/5125 4922/115/5125
f 4922/115/5049 4928/115/5063 4929/115/5049
f 4922/115/5049 4929/115/5049 4923/115/5049
f 4923/115/5126 4929/115/5127 4924/115/5126
f 4923/115/5126 4924/115/5126 4918/115/5126
f 4924/115/5128 4930/115/5129 4931/115/5129
f 4924/115/5128 4931/115/5129 4925/115/5128
f 4925/115/5055 4931/115/5040 4932/115/5040
f 4925/115/5055 4932/115/5040 4926/115/5055
f 4926/115/5130 4932/115/5054 4933/115/5130
f 4926/115/5130 4933/115/5130 4927/115/5131
f 4927/115/5132 4933/115/5133 4934/115/5134
f 4927/115/5132 4934/115/5134 4928/115/5135
f 4928/115/5063 4934/115/5048 4935/115/5048
f 4928/115/5063 4935/115/5048 4929/115/5049
f 4929/115/5136 4935/115/5137 4930/115/5138
f 4929/115/5136 4930/115/5138 4924/115/5139
f 4930/115/5140 4936/115/5141 4937/115/5142
f 4930/115/5140 4937/115/5142 4931/115/5143
f 4931/115/5040 4937/115/5040 4938/115/5040
f 4931/115/5040 4938/115/5040 4932/115/5040
f 4932/115/5144 4938/115/5144 4939/115/5144
f 4932/115/5144 4939/115/5144 4933/115/5144
f 4933/115/5145 4939/115/5076 4940/115/5146
f 4933/115/5145 4940/115/5146 4934/115/5076
f 4934/115/5048 4940/115/5049 4941/115/5063
f 4934/115/5048 4941/115/5063 4935/115/5048
f 4935/115/5147 4941/115/5148 4936/115/5148
f 4935/115/5147 4936/115/5148 4930/115/5149
f 4936/115/5150 4942/115/5151 4943/115/5151
f 4936/115/5150 4943/115/5151 4937/115/5150
f 4937/115/5040 4943/115/5056 4944/115/5056
f 4937/115/5040 4944/115/5056 4938/115/5040
f 4938/115/5152 4944/115/5153 4945/115/5152
f 4938/115/5152 4945/115/5152 4939/115/5080
f 4939/115/5154 4945/115/5155 4946/115/5156
f 4939/115/5154 4946/115/5156 4940/115/5157
f 4940/115/5049 4946/115/5158 4947/115/5048
f 4940/115/5049 4947/115/5048 4941/115/5063
f 4941/115/5159 4947/115/5084 4942/115/5085
f 4941/115/5159 4942/115/5085 4936/115/5159
f 4942/115/5160 4948/115/5160 4949/115/5160
f 4942/115/5160 4949/115/5160 4943/115/5161
f 4943/115/5056 4949/115/5040 4950/115/5162
f 4943/115/5056 4950/115/5162 4944/115/5056
f 4944/115/5163 4950/115/5163 4951/115/5163
f 4944/115/5163 4951/115/5163 4945/115/5164
f 4945/115/5165 4951/115/5099 4952/115/5165
f 4945/115/5165 4952/115/5165 4946/115/5101
f 4946/115/5158 4952/115/5087 4953/115/5087
f 4946/115/5158 4953/115/5087 4947/115/5048
f 4947/115/5166 4953/115/5097 4948/115/5098
f 4947/115/5166 4948/115/5098 4942/115/5166
f 4948/115/5167 4882/115/5167 4883/115/5167
f 4948/115/5167 4883/115/5167 4949/115/5167
f 4949/115/5040 4883/115/5040 4884/115/5040
f 4949/115/5040 4884/115/5040 4950/115/5162
f 4950/115/5168 4884/115/5169 4885/115/5170
f 4950/115/5168 4885/115/5170 4951/115/5171
f 4951/115/5172 4885/115/5172 4886/115/5172
f 4951/115/5172 4886/115/5172 4952/115/5172
f 4952/115/5087 4886/115/5046 4887/115/5049
f 4952/115/5087 4887/115/5049 4953/115/5087
f 4953/115/5112 4887/115/5173 4882/115/5112
f 4953/115/5112 4882/115/5112 4948/115/5174
f 4954/115/5175 4960/115/5175 4961/115/5175
f 4954/115/5175 4961/115/5175 4955/115/5175
f 4955/115/987 4961/115/987 4962/115/987
f 4955/115/987 4962/115/987 4956/115/987
f 4956/115/5176 4962/115/5177 4963/115/5176
f 4956/115/5176 4963/115/5176 4957/115/5178
f 4957/115/5179 4963/115/5179 4964/115/5179
f 4957/115/5179 4964/115/5179 4958/115/5180
f 4958/115/985 4964/115/985 4965/115/985
f 4958/115/985 4965/115/985 4959/115/985
f 4959/115/5181 4965/115/5181 4960/115/5181
f 4959/115/5181 4960/115/5181 4954/115/5181
f 4960/115/5182 4966/115/5183 4967/115/5184
f 4960/115/5182 4967/115/5184 4961/115/5185
f 4961/115/987 4967/115/987 4968/115/987
f 4961/115/987 4968/115/987 4962/115/987
f 4962/115/5186 4968/115/5187 4969/115/5186
f 4962/115/5186 4969/115/5186 4963/115/5188
f 4963/115/5189 4969/115/5190 4970/115/5189
f 4963/115/5189 4970/115/5189 4964/115/5191
f 4964/115/985 4970/115/985 4971/115/985
f 4964/115/985 4971/115/985 4965/115/985
f 4965/115/5192 4971/115/5193 4966/115/5194
f 4965/115/5192 4966/115/5194 4960/115/5192
f 4966/115/5195 4972/115/5196 4973/115/5197
f 4966/115/5195 4973/115/5197 4967/115/5195
f 4967/115/987 4973/115/987 4974/115/987
f 4967/115/987 4974/115/987 4968/115/987
f 4968/115/5198 4974/115/5198 4975/115/5198
f 4968/115/5198 4975/115/5198 4969/115/5199
f 4969/115/5200 4975/115/5201 4976/115/5200
f 4969/115/5200 4976/115/5200 4970/115/5202
f 4970/115/985 4976/115/985 4977/115/985
f 4970/115/985 4977/115/985 4971/115/985
f 4971/115/5203 4977/115/5204 4972/115/5205
f 4971/115/5203 4972/115/5205 4966/115/5206
f 4972/115/5207 4978/115/5208 4979/115/5208
f 4972/115/5207 4979/115/5208 4973/115/5207
f 4973/115/987 4979/115/987 4980/115/987
f 4973/115/987 4980/115/987 4974/115/987
f 4974/115/5209 4980/115/5210 4981/115/5209
f 4974/115/5209 4981/115/5209 4975/115/5211
f 4975/115/5212 4981/115/5213 4982/115/5212
f 4975/115/5212 4982/115/5212 4976/115/5214
f 4976/115/985 4982/115/985 4983/115/985
f 4976/115/985 4983/115/985 4977/115/985
f 4977/115/5215 4983/115/5216 4978/115/5216
f 4977/115/5215 4978/115/5216 4972/115/5215
f 4978/115/5217 4984/115/5218 4985/115/5218
f 4978/115/5217 4985/115/5218 4979/115/5219
f 4979/115/987 4985/115/987 4986/115/987
f 4979/115/987 4986/115/987 4980/115/987
f 4980/115/5220 4986/115/5221 4987/115/5222
f 4980/115/5220 4987/115/5222 4981/115/5223
f 4981/115/5224 4987/115/5225 4988/115/5226
f 4981/115/5224 4988/115/5226 4982/115/5227
f 4982/115/985 4988/115/985 4989/115/985
f 4982/115/985 4989/115/985 4983/115/985
f 4983/115/5228 4989/115/5229 4984/115/5230
f 4983/115/5228 4984/115/5230 4978/115/5228
f 4984/115/5231 4990/115/5231 4991/115/5231
f 4984/115/5231 4991/115/5231 4985/115/5232
f 4985/115/987 4991/115/987 4992/115/987
f 4985/115/987 4992/115/987 4986/115/987
f 4986/115/5233 4992/115/5234 4993/115/5235
f 4986/115/5233 4993/115/5235 4987/115/5235
f 4987/115/5236 4993/115/5237 4994/115/5238
f 4987/115/5236 4994/115/5238 4988/115/5239
f 4988/115/985 4994/115/985 4995/115/985
f 4988/115/985 4995/115/985 4989/115/985
f 4989/115/5240 4995/115/5240 4990/115/5240
f 4989/115/5240 4990/115/5240 4984/115/5241
f 4990/115/5242 4996/115/5242 4997/115/5242
f 4990/115/5242 4997/115/5242 4991/115/5242
f 4991/115/987 4997/115/987 4998/115/987
f 4991/115/987 4998/115/987 4992/115/987
f 4992/115/5243 4998/115/5244 4999/115/5243
f 4992/115/5243 4999/115/5243 4993/115/5245
f 4993/115/5246 4999/115/5247 5000/115/5246
f 4993/115/5246 5000/115/5246 4994/115/5248
f 4994/115/985 5000/115/985 5001/115/985
f 4994/115/985 5001/115/985 4995/115/985
f 4995/115/5249 5001/115/5249 4996/115/5249
f 4995/115/5249 4996/115/5249 4990/115/5249
f 4996/115/5250 5002/115/5251 5003/115/5252
f 4996/115/5250 5003/115/5252 4997/115/5253
f 4997/115/987 5003/115/987 5004/115/987
f 4997/115/987 5004/115/987 4998/115/987
f 4998/115/5184 5004/115/5182 5005/115/5184
f 4998/115/5184 5005/115/5184 4999/115/5184
f 4999/115/5194 5005/115/5192 5006/115/5194
f 4999/115/5194 5006/115/5194 5000/115/5254
f 5000/115/985 5006/115/985 5007/115/985
f 5000/115/985 5007/115/985 5001/115/985
f 5001/115/5189 5007/115/5255 5002/115/5191
f 5001/115/5189 5002/115/5191 4996/115/5189
f 5002/115/5256 5008/115/5257 5009/115/5258
f 5002/115/5256 5009/115/5258 5003/115/5256
f 5003/115/987 5009/115/987 5010/115/987
f 5003/115/987 5010/115/987 5004/115/987
f 5004/115/5259 5010/115/5259 5011/115/5259
f 5004/115/5259 5011/115/5259 5005/115/5259
f 5005/115/5204 5011/115/5204 5012/115/5204
f 5005/115/5204 5012/115/5204 5006/115/5204
f 5006/115/985 5012/115/985 5013/115/985
f 5006/115/985 5013/115/985 5007/115/985
f 5007/115/5201 5013/115/5200 5008/115/5260
f 5007/115/5201 5008/115/5260 5002/115/5261
f 5008/115/5262 5014/115/5263 5015/115/5263
f 5008/115/5262 5015/115/5263 5009/115/5262
f 5009/115/987 5015/115/987 5016/115/987
f 5009/115/987 5016/115/987 5010/115/987
f 5010/115/5264 5016/115/5265 5017/115/5264
f 5010/115/5264 5017/115/5264 5011/115/5266
f 5011/115/5267 5017/115/5268 5018/115/5267
f 5011/115/5267 5018/115/5267 5012/115/5269
f 5012/115/985 5018/115/985 5019/115/985
f 5012/115/985 5019/115/985 5013/115/985
f 5013/115/5270 5019/115/5271 5014/115/5271
f 5013/115/5270 5014/115/5271 5008/115/5270
f 5014/115/5272 5020/115/5273 5021/115/5273
f 5014/115/5272 5021/115/5273 5015/115/5274
f 5015/115/987 5021/115/987 5022/115/987
f 5015/115/987 5022/115/987 5016/115/987
f 5016/115/5275 5022/115/5276 5023/115/5275
f 5016/115/5275 5023/115/5275 5017/115/5277
f 5017/115/5278 5023/115/5230 5024/115/5278
f 5017/115/5278 5024/115/5278 5018/115/5279
f 5018/115/985 5024/115/985 5025/115/985
f 5018/115/985 5025/115/985 5019/115/985
f 5019/115/5280 5025/115/5281 5020/115/5282
f 5019/115/5280 5020/115/5282 5014/115/5283
f 5020/115/5284 4954/115/5284 4955/115/5284
f 5020/115/5284 4955/115/5284 5021/115/5285
f 5021/115/987 4955/115/987 4956/115/987
f 5021/115/987 4956/115/987 5022/115/987
f 5022/115/5232 4956/115/5232 4957/115/5286
f 5022/115/5232 4957/115/5286 5023/115/5287
f 5023/115/5288 4957/115/5288 4958/115/5289
f 5023/115/5288 4958/115/5289 5024/115/5289
f 5024/115/985 4958/115/985 4959/115/985
f 5024/115/985 4959/115/985 5025/115/985
f 5025/115/5237 4959/115/5237 4954/115/5237
f 5025/115/5237 4954/115/5237 5020/115/5238
f 5026/115/5290 5032/115/5290 5033/115/5290
f 5026/115/5290 5033/115/5290 5027/115/5291
f 5027/115/5292 5033/115/5293 5034/115/5293
f 5027/115/5292 5034/115/5293 5028/115/5292
f 5028/115/5294 5034/115/5294 5035/115/5295
f 5028/115/5294 5035/115/5295 5029/115/5295
f 5029/115/5296 5035/115/5296 5036/115/5296
f 5029/115/5296 5036/115/5296 5030/115/5297
f 5030/115/5298 5036/115/5299 5037/115/5298
f 5030/115/5298 5037/115/5298 5031/115/5298
f 5031/115/5300 5037/115/5301 5032/115/5300
f 5031/115/5300 5032/115/5300 5026/115/5302
f 5032/115/5303 5038/115/5304 5039/115/5305
f 5032/115/5303 5039/115/5305 5033/115/5303
f 5033/115/5293 5039/115/5293 5040/115/5293
f 5033/115/5293 5040/115/5293 5034/115/5293
f 5034/115/5306 5040/115/5307 5041/115/5306
f 5034/115/5306 5041/115/5306 5035/115/5308
f 5035/115/5309 5041/115/5309 5042/115/5309
f 5035/115/5309 5042/115/5309 5036/115/5310
f 5036/115/5299 5042/115/5311 5043/115/5311
f 5036/115/5299 5043/115/5311 5037/115/5298
f 5037/115/5312 5043/115/5313 5038/115/5314
f 5037/115/5312 5038/115/5314 5032/115/5312
f 5038/115/5315 5044/115/5316 5045/115/5317
f 5038/115/5315 5045/115/5317 5039/115/5318
f 5039/115/5293 5045/115/5292 5046/115/5292
f 5039/115/5293 5046/115/5292 5040/115/5293
f 5040/115/5319 5046/115/5320 5047/115/5319
f 5040/115/5319 5047/115/5319 5041/115/5321
f 5041/115/5322 5047/115/5322 5048/115/5322
f 5041/115/5322 5048/115/5322 5042/115/5323
f 5042/115/5311 5048/115/5298 5049/115/5298
f 5042/115/5311 5049/115/5298 5043/115/5311
f 5043/115/5324 5049/115/5325 5044/115/5326
f 5043/115/5324 5044/115/5326 5038/115/5327
f 5044/115/5328 5050/115/5329 5051/115/5330
f 5044/115/5328 5051/115/5330 5045/115/5331
f 5045/115/5292 5051/115/5332 5052/115/5332
f 5045/115/5292 5052/115/5332 5046/115/5292
f 5046/115/5333 5052/115/5334 5053/115/5333
f 5046/115/5333 5053/115/5333 5047/115/5333
f 5047/115/5335 5053/115/5336 5054/115/5335
f 5047/115/5335 5054/115/5335 5048/115/5337
f 5048/115/5298 5054/115/5299 5055/115/5299
f 5048/115/5298 5055/115/5299 5049/115/5298
f 5049/115/5338 5055/115/5339 5050/115/5340
f 5049/115/5338 5050/115/5340 5044/115/5341
f 5050/115/5342 5056/115/5343 5057/115/5343
f 5050/115/5342 5057/115/5343 5051/115/5344
f 5051/115/5332 5057/115/5345 5058/115/5346
f 5051/115/5332 5058/115/5346 5052/115/5332
f 5052/115/5347 5058/115/5348 5059/115/5347
f 5052/115/5347 5059/115/5347 5053/115/5347
f 5053/115/5349 5059/115/5350 5060/115/5349
f 5053/115/5349 5060/115/5349 5054/115/5351
f 5054/115/5299 5060/115/5299 5061/115/5299
f 5054/115/5299 5061/115/5299 5055/115/5299
f 5055/115/5352 5061/115/5353 5056/115/5353
f 5055/115/5352 5056/115/5353 5050/115/5354
f 5056/115/5355 5062/115/5356 5063/115/5355
f 5056/115/5355 5063/115/5355 5057/115/5357
f 5057/115/5345 5063/115/5358 5064/115/5293
f 5057/115/5345 5064/115/5293 5058/115/5346
f 5058/115/5359 5064/115/5359 5065/115/5359
f 5058/115/5359 5065/115/5359 5059/115/5359
f 5059/115/5360 5065/115/5360 5066/115/5360
f 5059/115/5360 5066/115/5360 5060/115/5360
f 5060/115/5299 5066/115/5361 5067/115/5362
f 5060/115/5299 5067/115/5362 5061/115/5299
f 5061/115/5363 5067/115/5364 5062/115/5363
f 5061/115/5363 5062/115/5363 5056/115/5363
f 5062/115/5295 5068/115/5294 5069/115/5295
f 5062/115/5295 5069/115/5295 5063/115/5295
f 5063/115/5358 5069/115/5292 5070/115/5293
f 5063/115/5358 5070/115/5293 5064/115/5293
f 5064/115/5290 5070/115/5290 5071/115/5290
f 5064/115/5290 5071/115/5290 5065/115/5290
f 5065/115/5301 5071/115/5301 5072/115/5301
f 5065/115/5301 5072/115/5301 5066/115/5301
f 5066/115/5361 5072/115/5298 5073/115/5298
f 5066/115/5361 5073/115/5298 5067/115/5362
f 5067/115/5296 5073/115/5296 5068/115/5296
f 5067/115/5296 5068/115/5296 5062/115/5297
f 5068/115/5365 5074/115/5366 5075/115/5367
f 5068/115/5365 5075/115/5367 5069/115/5365
f 5069/115/5292 5075/115/5368 5076/115/5368
f 5069/115/5292 5076/115/5368 5070/115/5293
f 5070/115/5369 5076/115/5370 5077/115/5369
f 5070/115/5369 5077/115/5369 5071/115/5369
f 5071/115/5371 5077/115/5372 5078/115/5371
f 5071/115/5371 5078/115/5371 5072/115/5373
f 5072/115/5298 5078/115/5374 5079/115/5374
f 5072/115/5298 5079/115/5374 5073/115/5298
f 5073/115/5375 5079/115/5376 5074/115/5375
f 5073/115/5375 5074/115/5375 5068/115/5377
f 5074/115/5378 5080/115/5379 5081/115/5380
f 5074/115/5378 5081/115/5380 5075/115/5381
f 5075/115/5368 5081/115/5346 5082/115/5346
f 5075/115/5368 5082/115/5346 5076/115/5368
f 5076/115/5382 5082/115/5383 5083/115/5382
f 5076/115/5382 5083/115/5382 5077/115/5382
f 5077/115/5384 5083/115/5385 5084/115/5385
f 5077/115/5384 5084/115/5385 5078/115/5324
f 5078/115/5374 5084/115/5362 5085/115/5362
f 5078/115/5374 5085/115/5362 5079/115/5374
f 5079/115/5386 5085/115/5323 5080/115/5387
f 5079/115/5386 5080/115/5387 5074/115/5386
f 5080/115/5388 5086/115/5389 5087/115/5389
f 5080/115/5388 5087/115/5389 5081/115/5334
f 5081/115/5346 5087/115/5345 5088/115/5345
f 5081/115/5346 5088/115/5345 5082/115/5346
f 5082/115/5390 5088/115/5391 5089/115/5392
f 5082/115/5390 5089/115/5392 5083/115/5390
f 5083/115/5393 5089/115/5393 5090/115/5393
f 5083/115/5393 5090/115/5393 5084/115/5394
f 5084/115/5362 5090/115/5395 5091/115/5395
f 5084/115/5362 5091/115/5395 5085/115/5362
f 5085/115/5396 5091/115/5397 5086/115/5398
f 5085/115/5396 5086/115/5398 5080/115/5399
f 5086/115/5400 5092/115/5401 5093/115/5400
f 5086/115/5400 5093/115/5400 5087/115/5402
f 5087/115/5345 5093/115/5292 5094/115/5292
f 5087/115/5345 5094/115/5292 5088/115/5345
f 5088/115/5403 5094/115/5404 5095/115/5403
f 5088/115/5403 5095/115/5403 5089/115/5405
f 5089/115/5406 5095/115/5407 5096/115/5408
f 5089/115/5406 5096/115/5408 5090/115/5352
f 5090/115/5395 5096/115/5299 5097/115/5298
f 5090/115/5395 5097/115/5298 5091/115/5395
f 5091/115/5409 5097/115/5410 5092/115/5410
f 5091/115/5409 5092/115/5410 5086/115/5409
f 5092/115/5359 5026/115/5411 5027/115/5359
f 5092/115/5359 5027/115/5359 5093/115/5359
f 5093/115/5292 5027/115/5292 5028/115/5292
f 5093/115/5292 5028/115/5292 5094/115/5292
f 5094/115/5356 5028/115/5412 5029/115/5413
f 5094/115/5356 5029/115/5413 5095/115/5357
f 5095/115/5364 5029/115/5364 5030/115/5363
f 5095/115/5364 5030/115/5363 5096/115/5363
f 5096/115/5299 5030/115/5298 5031/115/5298
f 5096/115/5299 5031/115/5298 5097/115/5298
f 5097/115/5414 5031/115/5414 5026/115/5414
f 5097/115/5414 5026/115/5414 5092/115/5415
f 5098/115/5416 5104/115/5417 5105/115/5416
f 5098/115/5416 5105/115/5416 5099/115/5418
f 5099/115/987 5105/115/987 5106/115/987
f 5099/115/987 5106/115/987 5100/115/987
f 5100/115/5419 5106/115/5419 5107/115/5419
f 5100/115/5419 5107/115/5419 5101/115/5419
f 5101/115/5420 5107/115/5420 5108/115/5420
f 5101/115/5420 5108/115/5420 5102/115/5420
f 5102/115/985 5108/115/985 5109/115/985
f 5102/115/985 5109/115/985 5103/115/985
f 5103/115/5421 5109/115/5422 5104/115/5423
f 5103/115/5421 5104/115/5423 5098/115/5424
f 5104/115/5425 5110/115/5425 5111/115/5425
f 5104/115/5425 5111/115/5425 5105/115/5426
f 5105/115/987 5111/115/987 5112/115/987
f 5105/115/987 5112/115/987 5106/115/987
f 5106/115/5427 5112/115/5428 5113/115/5427
f 5106/115/5427 5113/115/5427 5107/115/5429
f 5107/115/5430 5113/115/5431 5114/115/5430
f 5107/115/5430 5114/115/5430 5108/115/5432
f 5108/115/985 5114/115/985 5115/115/985
f 5108/115/985 5115/115/985 5109/115/985
f 5109/115/5433 5115/115/5434 5110/115/5433
f 5109/115/5433 5110/115/5433 5104/115/5433
f 5110/115/5435 5116/115/5436 5117/115/5435
f 5110/115/5435 5117/115/5435 5111/115/5435
f 5111/115/987 5117/115/987 5118/115/987
f 5111/115/987 5118/115/987 5112/115/987
f 5112/115/5437 5118/115/5437 5119/115/5437
f 5112/115/5437 5119/115/5437 5113/115/5437
f 5113/115/5438 5119/115/5438 5120/115/5438
f 5113/115/5438 5120/115/5438 5114/115/5438
f 5114/115/985 5120/115/985 5121/115/985
f 5114/115/985 5121/115/985 5115/115/985
f 5115/115/5439 5121/115/5439 5116/115/5439
f 5115/115/5439 5116/115/5439 5110/115/5439
f 5116/115/5440 5122/115/5441 5123/115/5442
f 5116/115/5440 5123/115/5442 5117/115/5440
f 5117/115/987 5123/115/987 5124/115/987
f 5117/115/987 5124/115/987 5118/115/987
f 5118/115/5443 5124/115/5443 5125/115/5443
f 5118/115/5443 5125/115/5443 5119/115/5444
f 5119/115/5445 5125/115/5446 5126/115/5445
f 5119/115/5445 5126/115/5445 5120/115/5447
f 5120/115/985 5126/115/985 5127/115/985
f 5120/115/985 5127/115/985 5121/115/985
f 5121/115/5448 5127/115/5449 5122/115/5449
f 5121/115/5448 5122/115/5449 5116/115/5448
f 5122/115/5450 5128/115/5451 5129/115/5452
f 5122/115/5450 5129/115/5452 5123/115/5453
f 5123/115/987 5129/115/987 5130/115/987
f 5123/115/987 5130/115/987 5124/115/987
f 5124/115/5454 5130/115/5455 5131/115/5454
f 5124/115/5454 5131/115/5454 5125/115/5456
f 5125/115/5457 5131/115/5458 5132/115/5457
f 5125/115/5457 5132/115/5457 5126/115/5459
f 5126/115/985 5132/115/985 5133/115/985
f 5126/115/985 5133/115/985 5127/115/985
f 5127/115/5460 5133/115/5461 5128/115/5462
f 5127/115/5460 5128/115/5462 5122/115/5463
f 5128/115/5464 5134/115/5465 5135/115/5464
f 5128/115/5464 5135/115/5464 5129/115/5466
f 5129/115/987 5135/115/987 5136/115/987
f 5129/115/987 5136/115/987 5130/115/987
f 5130/115/5467 5136/115/5468 5137/115/5469
f 5130/115/5467 5137/115/5469 5131/115/5470
f 5131/115/5471 5137/115/5472 5138/115/5473
f 5131/115/5471 5138/115/5473 5132/115/5474
f 5132/115/985 5138/115/985 5139/115/985
f 5132/115/985 5139/115/985 5133/115/985
f 5133/115/5475 5139/115/5476 5134/115/5475
f 5133/115/5475 5134/115/5475 5128/115/5475
f 5134/115/5477 5140/115/5478 5141/115/5479
f 5134/115/5477 5141/115/5479 5135/115/5480
f 5135/115/987 5141/115/987 5142/115/987
f 5135/115/987 5142/115/987 5136/115/987
f 5136/115/5417 5142/115/5417 5143/115/5417
f 5136/115/5417 5143/115/5417 5137/115/5417
f 5137/115/5481 5143/115/5481 5144/115/5481
f 5137/115/5481 5144/115/5481 5138/115/5481
f 5138/115/985 5144/115/985 5145/115/985
f 5138/115/985 5145/115/985 5139/115/985
f 5139/115/5482 5145/115/5483 5140/115/5484
f 5139/115/5482 5140/115/5484 5134/115/5420
f 5140/115/5428 5146/115/5428 5147/115/5428
f 5140/115/5428 5147/115/5428 5141/115/5485
f 5141/115/987 5147/115/987 5148/115/987
f 5141/115/987 5148/115/987 5142/115/987
f 5142/115/5425 5148/115/5486 5149/115/5425
f 5142/115/5425 5149/115/5425 5143/115/5487
f 5143/115/5433 5149/115/5434 5150/115/5433
f 5143/115/5433 5150/115/5433 5144/115/5433
f 5144/115/985 5150/115/985 5151/115/985
f 5144/115/985 5151/115/985 5145/115/985
f 5145/115/5488 5151/115/5488 5146/115/5488
f 5145/115/5488 5146/115/5488 5140/115/5489
f 5146/115/5490 5152/115/5491 5153/115/5491
f 5146/115/5490 5153/115/5491 5147/115/5437
f 5147/115/987 5153/115/987 5154/115/987
f 5147/115/987 5154/115/987 5148/115/987
f 5148/115/5492 5154/115/5493 5155/115/5492
f 5148/115/5492 5155/115/5492 5149/115/5494
f 5149/115/5495 5155/115/5496 5156/115/5495
f 5149/115/5495 5156/115/5495 5150/115/5439
f 5150/115/985 5156/115/985 5157/115/985
f 5150/115/985 5157/115/985 5151/115/985
f 5151/115/5497 5157/115/5498 5152/115/5498
f 5151/115/5497 5152/115/5498 5146/115/5497
f 5152/115/5499 5158/115/5500 5159/115/5500
f 5152/115/5499 5159/115/5500 5153/115/5501
f 5153/115/987 5159/115/987 5160/115/987
f 5153/115/987 5160/115/987 5154/115/987
f 5154/115/5502 5160/115/5440 5161/115/5442
f 5154/115/5502 5161/115/5442 5155/115/5503
f 5155/115/5504 5161/115/5505 5162/115/5506
f 5155/115/5504 5162/115/5506 5156/115/5507
f 5156/115/985 5162/115/985 5163/115/985
f 5156/115/985 5163/115/985 5157/115/985
f 5157/115/5508 5163/115/5509 5158/115/5510
f 5157/115/5508 5158/115/5510 5152/115/5508
f 5158/115/5456 5164/115/5511 5165/115/5512
f 5158/115/5456 5165/115/5512 5159/115/5513
f 5159/115/987 5165/115/987 5166/115/987
f 5159/115/987 5166/115/987 5160/115/987
f 5160/115/5452 5166/115/5452 5167/115/5452
f 5160/115/5452 5167/115/5452 5161/115/5451
f 5161/115/5462 5167/115/5514 5168/115/5462
f 5161/115/5462 5168/115/5462 5162/115/5462
f 5162/115/985 5168/115/985 5169/115/985
f 5162/115/985 5169/115/985 5163/115/985
f 5163/115/5515 5169/115/5516 5164/115/5517
f 5163/115/5515 5164/115/5517 5158/115/5518
f 5164/115/5467 5098/115/5468 5099/115/5467
f 5164/115/5467 5099/115/5467 5165/115/5519
f 5165/115/987 5099/115/987 5100/115/987
f 5165/115/987 5100/115/987 5166/115/987
f 5166/115/5520 5100/115/5521 5101/115/5522
f 5166/115/5520 5101/115/5522 5167/115/5523
f 5167/115/5524 5101/115/5525 5102/115/5476
f 5167/115/5524 5102/115/5476 5168/115/5526
f 5168/115/985 5102/115/985 5103/115/985
f 5168/115/985 5103/115/985 5169/115/985
f 5169/115/5473 5103/115/5527 5098/115/5473
f 5169/115/5473 5098/115/5473 5164/115/5474
f 5170/115/5528 5176/115/5528 5177/115/5528
f 5170/115/5528 5177/115/5528 5171/115/5528
f 5171/115/5529 5177/115/5530 5178/115/5531
f 5171/115/5529 5178/115/5531 5172/115/5532
f 5172/115/5533 5178/115/5534 5179/115/5535
f 5172/115/5533 5179/115/5535 5173/115/5536
f 5173/115/5537 5179/115/5537 5180/115/5537
f 5173/115/5537 5180/115/5537 5174/115/5537
f 5174/115/5538 5180/115/5539 5181/115/5540
f 5174/115/5538 5181/115/5540 5175/115/5540
f 5175/115/5541 5181/115/5541 5176/115/5541
f 5175/115/5541 5176/115/5541 5170/115/5541
f 5176/115/5542 5182/115/5543 5183/115/5543
f 5176/115/5542 5183/115/5543 5177/115/5544
f 5177/115/5530 5183/115/5531 5184/115/5545
f 5177/115/5530 5184/115/5545 5178/115/5531
f 5178/115/5546 5184/115/5547 5185/115/5546
f 5178/115/5546 5185/115/5546 5179/115/5548
f 5179/115/5549 5185/115/5549 5186/115/5549
f 5179/115/5549 5186/115/5549 5180/115/5549
f 5180/115/5539 5186/115/5550 5187/115/5540
f 5180/115/5539 5187/115/5540 5181/115/5540
f 5181/115/5551 5187/115/5552 5182/115/5553
f 5181/115/5551 5182/115/5553 5176/115/5554
f 5182/115/5555 5188/115/5556 5189/115/5555
f 5182/115/5555 5189/115/5555 5183/115/5557
f 5183/115/5531 5189/115/5529 5190/115/5558
f 5183/115/5531 5190/115/5558 5184/115/5545
f 5184/115/5559 5190/115/5560 5191/115/5559
f 5184/115/5559 5191/115/5559 5185/115/5559
f 5185/115/5561 5191/115/5561 5192/115/5561
f 5185/115/5561 5192/115/5561 5186/115/5562
f 5186/115/5550 5192/115/5550 5193/115/5550
f 5186/115/5550 5193/115/5550 5187/115/5540
f 5187/115/5563 5193/115/5564 5188/115/5563
f 5187/115/5563 5188/115/5563 5182/115/5563
f 5188/115/5565 5194/115/5566 5195/115/5566
f 5188/115/5565 5195/115/5566 5189/115/5567
f 5189/115/5529 5195/115/5568 5196/115/5558
f 5189/115/5529 5196/115/5558 5190/115/5558
f 5190/115/5569 5196/115/5569 5197/115/5569
f 5190/115/5569 5197/115/5569 5191/115/5570
f 5191/115/5571 5197/115/5571 5198/115/5571
f 5191/115/5571 5198/115/5571 5192/115/5571
f 5192/115/5550 5198/115/5572 5199/115/5538
f 5192/115/5550 5199/115/5538 5193/115/5550
f 5193/115/5573 5199/115/5574 5194/115/5575
f 5193/115/5573 5194/115/5575 5188/115/5573
f 5194/115/5576 5200/115/5577 5201/115/5577
f 5194/115/5576 5201/115/5577 5195/115/5576
f 5195/115/5568 5201/115/5578 5202/115/5578
f 5195/115/5568 5202/115/5578 5196/115/5558
f 5196/115/5579 5202/115/5579 5203/115/5579
f 5196/115/5579 5203/115/5579 5197/115/5579
f 5197/115/5580 5203/115/5581 5204/115/5580
f 5197/115/5580 5204/115/5580 5198/115/5582
f 5198/115/5572 5204/115/5540 5205/115/5540
f 5198/115/5572 5205/115/5540 5199/115/5538
f 5199/115/5583 5205/115/5584 5200/115/5585
f 5199/115/5583 5200/115/5585 5194/115/5586
f 5200/115/5587 5206/115/5588 5207/115/5588
f 5200/115/5587 5207/115/5588 5201/115/5587
f 5201/115/5578 5207/115/5529 5208/115/5531
f 5201/115/5578 5208/115/5531 5202/115/5578
f 5202/115/5589 5208/115/5589 5209/115/5590
f 5202/115/5589 5209/115/5590 5203/115/5591
f 5203/115/5592 5209/115/5593 5210/115/5594
f 5203/115/5592 5210/115/5594 5204/115/5595
f 5204/115/5540 5210/115/5596 5211/115/5540
f 5204/115/5540 5211/115/5540 5205/115/5540
f 5205/115/5597 5211/115/5597 5206/115/5597
f 5205/115/5597 5206/115/5597 5200/115/5597
f 5206/115/5598 5212/115/5599 5213/115/5599
f 5206/115/5598 5213/115/5599 5207/115/5598
f 5207/115/5529 5213/115/5600 5214/115/5601
f 5207/115/5529 5214/115/5601 5208/115/5531
f 5208/115/5602 5214/115/5603 5215/115/5604
f 5208/115/5602 5215/115/5604 5209/115/5604
f 5209/115/5605 5215/115/5606 5216/115/5607
f 5209/115/5605 5216/115/5607 5210/115/5608
f 5210/115/5596 5216/115/5540 5217/115/5538
f 5210/115/5596 5217/115/5538 5211/115/5540
f 5211/115/5609 5217/115/5609 5212/115/5609
f 5211/115/5609 5212/115/5609 5206/115/5609
f 5212/115/5546 5218/115/5610 5219/115/5610
f 5212/115/5546 5219/115/5610 5213/115/5611
f 5213/115/5600 5219/115/5558 5220/115/5578
f 5213/115/5600 5220/115/5578 5214/115/5601
f 5214/115/5612 5220/115/5612 5221/115/5612
f 5214/115/5612 5221/115/5612 5215/115/5613
f 5215/115/5614 5221/115/5615 5222/115/5614
f 5215/115/5614 5222/115/5614 5216/115/5616
f 5216/115/5540 5222/115/5572 5223/115/5596
f 5216/115/5540 5223/115/5596 5217/115/5538
f 5217/115/5617 5223/115/5618 5218/115/5619
f 5217/115/5617 5218/115/5619 5212/115/5617
f 5218/115/5620 5224/115/5621 5225/115/5622
f 5218/115/5620 5225/115/5622 5219/115/5623
f 5219/115/5558 5225/115/5558 5226/115/5578
f 5219/115/5558 5226/115/5578 5220/115/5578
f 5220/115/5624 5226/115/5625 5227/115/5624
f 5220/115/5624 5227/115/5624 5221/115/5624
f 5221/115/5564 5227/115/5564 5228/115/5564
f 5221/115/5564 5228/115/5564 5222/115/5626
f 5222/115/5572 5228/115/5550 5229/115/5550
f 5222/115/5572 5229/115/5550 5223/115/5596
f 5223/115/5627 5229/115/5561 5224/115/5628
f 5223/115/5627 5224/115/5628 5218/115/5627
f 5224/115/5629 5230/115/5630 5231/115/5629
f 5224/115/5629 5231/115/5629 5225/115/5570
f 5225/115/5558 5231/115/5631 5232/115/5532
f 5225/115/5558 5232/115/5532 5226/115/5578
f 5226/115/5567 5232/115/5632 5233/115/5567
f 5226/115/5567 5233/115/5567 5227/115/5567
f 5227/115/5633 5233/115/5634 5234/115/5633
f 5227/115/5633 5234/115/5633 5228/115/5633
f 5228/115/5550 5234/115/5572 5235/115/5538
f 5228/115/5550 5235/115/5538 5229/115/5550
f 5229/115/5635 5235/115/5636 5230/115/5635
f 5229/115/5635 5230/115/5635 5224/115/5635
f 5230/115/5637 5236/115/5638 5237/115/5637
f 5230/115/5637 5237/115/5637 5231/115/5639
f 5231/115/5631 5237/115/5529 5238/115/5640
f 5231/115/5631 5238/115/5640 5232/115/5532
f 5232/115/5576 5238/115/5641 5239/115/5576
f 5232/115/5576 5239/115/5576 5233/115/5642
f 5233/115/5584 5239/115/5584 5240/115/5584
f 5233/115/5584 5240/115/5584 5234/115/5643
f 5234/115/5572 5240/115/5596 5241/115/5644
f 5234/115/5572 5241/115/5644 5235/115/5538
f 5235/115/5645 5241/115/5645 5236/115/5645
f 5235/115/5645 5236/115/5645 5230/115/5646
f 5236/115/5647 5170/115/5647 5171/115/5647
f 5236/115/5647 5171/115/5647 5237/115/5647
f 5237/115/5529 5171/115/5529 5172/115/5532
f 5237/115/5529 5172/115/5532 5238/115/5640
f 5238/115/5648 5172/115/5649 5173/115/5650
f 5238/115/5648 5173/115/5650 5239/115/5649
f 5239/115/5651 5173/115/5651 5174/115/5651
f 5239/115/5651 5174/115/5651 5240/115/5651
f 5240/115/5596 5174/115/5538 5175/115/5540
f 5240/115/5596 5175/115/5540 5241/115/5644
f 5241/115/5652 5175/115/5652 5170/115/5653
f 5241/115/5652 5170/115/5653 5236/115/5654
f 5242/115/5655 5248/115/5655 5249/115/5655
f 5242/115/5655 5249/115/5655 5243/115/5656
f 5243/115/987 5249/115/987 5250/115/987
f 5243/115/987 5250/115/987 5244/115/987
f 5244/115/5657 5250/115/5658 5251/115/5659
f 5244/115/5657 5251/115/5659 5245/115/5660
f 5245/115/5661 5251/115/5662 5252/115/5661
f 5245/115/5661 5252/115/5661 5246/115/5663
f 5246/115/985 5252/115/985 5253/115/985
f 5246/115/985 5253/115/985 5247/115/985
f 5247/115/5664 5253/115/5665 5248/115/5664
f 5247/115/5664 5248/115/5664 5242/115/5664
f 5248/115/5666 5254/115/5667 5255/115/5668
f 5248/115/5666 5255/115/5668 5249/115/5666
f 5249/115/987 5255/115/987 5256/115/987
f 5249/115/987 5256/115/987 5250/115/987
f 5250/115/5669 5256/115/5670 5257/115/5671
f 5250/115/5669 5257/115/5671 5251/115/5672
f 5251/115/5673 5257/115/5674 5258/115/5673
f 5251/115/5673 5258/115/5673 5252/115/5675
f 5252/115/985 5258/115/985 5259/115/985
f 5252/115/985 5259/115/985 5253/115/985
f 5253/115/5676 5259/115/5677 5254/115/5677
f 5253/115/5676 5254/115/5677 5248/115/5676
f 5254/115/5678 5260/115/5678 5261/115/5678
f 5254/115/5678 5261/115/5678 5255/115/5678
f 5255/115/987 5261/115/987 5262/115/987
f 5255/115/987 5262/115/987 5256/115/987
f 5256/115/5679 5262/115/5679 5263/115/5679
f 5256/115/5679 5263/115/5679 5257/115/5679
f 5257/115/5680 5263/115/5680 5264/115/5680
f 5257/115/5680 5264/115/5680 5258/115/5680
f 5258/115/985 5264/115/985 5265/115/985
f 5258/115/985 5265/115/985 5259/115/985
f 5259/115/5681 5265/115/5681 5260/115/5681
f 5259/115/5681 5260/115/5681 5254/115/5681
f 5260/115/5682 5266/115/5683 5267/115/5682
f 5260/115/5682 5267/115/5682 5261/115/5684
f 5261/115/987 5267/115/987 5268/115/987
f 5261/115/987 5268/115/987 5262/115/987
f 5262/115/5685 5268/115/5686 5269/115/5687
f 5262/115/5685 5269/115/5687 5263/115/5688
f 5263/115/5689 5269/115/5690 5270/115/5689
f 5263/115/5689 5270/115/5689 5264/115/5691
f 5264/115/985 5270/115/985 5271/115/985
f 5264/115/985 5271/115/985 5265/115/985
f 5265/115/5692 5271/115/5693 5266/115/5693
f 5265/115/5692 5266/115/5693 5260/115/5692
f 5266/115/5694 5272/115/5695 5273/115/5694
f 5266/115/5694 5273/115/5694 5267/115/5696
f 5267/115/987 5273/115/987 5274/115/987
f 5267/115/987 5274/115/987 5268/115/987
f 5268/115/5697 5274/115/5698 5275/115/5697
f 5268/115/5697 5275/115/5697 5269/115/5697
f 5269/115/5699 5275/115/5700 5276/115/5701
f 5269/115/5699 5276/115/5701 5270/115/5702
f 5270/115/985 5276/115/985 5277/115/985
f 5270/115/985 5277/115/985 5271/115/985
f 5271/115/5703 5277/115/5703 5272/115/5703
f 5271/115/5703 5272/115/5703 5266/115/5704
f 5272/115/5705 5278/115/5705 5279/115/5705
f 5272/115/5705 5279/115/5705 5273/115/5705
f 5273/115/987 5279/115/987 5280/115/987
f 5273/115/987 5280/115/987 5274/115/987
f 5274/115/5706 5280/115/5707 5281/115/5708
f 5274/115/5706 5281/115/5708 5275/115/5709
f 5275/115/5710 5281/115/5711 5282/115/5712
f 5275/115/5710 5282/115/5712 5276/115/5713
f 5276/115/985 5282/115/985 5283/115/985
f 5276/115/985 5283/115/985 5277/115/985
f 5277/115/5714 5283/115/5714 5278/115/5714
f 5277/115/5714 5278/115/5714 5272/115/5714
f 5278/115/5658 5284/115/5658 5285/115/5658
f 5278/115/5658 5285/115/5658 5279/115/5715
f 5279/115/987 5285/115/987 5286/115/987
f 5279/115/987 5286/115/987 5280/115/987
f 5280/115/5716 5286/115/5655 5287/115/5717
f 5280/115/5716 5287/115/5717 5281/115/5718
f 5281/115/5719 5287/115/5720 5288/115/5721
f 5281/115/5719 5288/115/5721 5282/115/5721
f 5282/115/985 5288/115/985 5289/115/985
f 5282/115/985 5289/115/985 5283/115/985
f 5283/115/5722 5289/115/5722 5284/115/5722
f 5283/115/5722 5284/115/5722 5278/115/5722
f 5284/115/5723 5290/115/5670 5291/115/5670
f 5284/115/5723 5291/115/5670 5285/115/5723
f 5285/115/987 5291/115/987 5292/115/987
f 5285/115/987 5292/115/987 5286/115/987
f 5286/115/5724 5292/115/5725 5293/115/5726
f 5286/115/5724 5293/115/5726 5287/115/5666
f 5287/115/5727 5293/115/5728 5294/115/5727
f 5287/115/5727 5294/115/5727 5288/115/5729
f 5288/115/985 5294/115/985 5295/115/985
f 5288/115/985 5295/115/985 5289/115/985
f 5289/115/5675 5295/115/5730 5290/115/5730
f 5289/115/5675 5290/115/5730 5284/115/5675
f 5290/115/5731 5296/115/5732 5297/115/5732
f 5290/115/5731 5297/115/5732 5291/115/5679
f 5291/115/987 5297/115/987 5298/115/987
f 5291/115/987 5298/115/987 5292/115/987
f 5292/115/5733 5298/115/5734 5299/115/5735
f 5292/115/5733 5299/115/5735 5293/115/5736
f 5293/115/5737 5299/115/5681 5300/115/5737
f 5293/115/5737 5300/115/5737 5294/115/5737
f 5294/115/985 5300/115/985 5301/115/985
f 5294/115/985 5301/115/985 5295/115/985
f 5295/115/5738 5301/115/5739 5296/115/5740
f 5295/115/5738 5296/115/5740 5290/115/5738
f 5296/115/5741 5302/115/5742 5303/115/5742
f 5296/115/5741 5303/115/5742 5297/115/5743
f 5297/115/987 5303/115/987 5304/115/987
f 5297/115/987 5304/115/987 5298/115/987
f 5298/115/5744 5304/115/5744 5305/115/5744
f 5298/115/5744 5305/115/5744 5299/115/5744
f 5299/115/5745 5305/115/5692 5306/115/5745
f 5299/115/5745 5306/115/5745 5300/115/5745
f 5300/115/985 5306/115/985 5307/115/985
f 5300/115/985 5307/115/985 5301/115/985
f 5301/115/5746 5307/115/5689 5302/115/5690
f 5301/115/5746 5302/115/5690 5296/115/5746
f 5302/115/5747 5308/115/5748 5309/115/5748
f 5302/115/5747 5309/115/5748 5303/115/5749
f 5303/115/987 5309/115/987 5310/115/987
f 5303/115/987 5310/115/987 5304/115/987
f 5304/115/5750 5310/115/5751 5311/115/5750
f 5304/115/5750 5311/115/5750 5305/115/5750
f 5305/115/5752 5311/115/5753 5312/115/5752
f 5305/115/5752 5312/115/5752 5306/115/5752
f 5306/115/985 5312/115/985 5313/115/985
f 5306/115/985 5313/115/985 5307/115/985
f 5307/115/5754 5313/115/5755 5308/115/5756
f 5307/115/5754 5308/115/5756 5302/115/5754
f 5308/115/5757 5242/115/5757 5243/115/5757
f 5308/115/5757 5243/115/5757 5309/115/5757
f 5309/115/987 5243/115/987 5244/115/987
f 5309/115/987 5244/115/987 5310/115/987
f 5310/115/5758 5244/115/5758 5245/115/5758
f 5310/115/5758 5245/115/5758 5311/115/5758
f 5311/115/5759 5245/115/5759 5246/115/5759
f 5311/115/5759 5246/115/5759 5312/115/5760
f 5312/115/985 5246/115/985 5247/115/985
f 5312/115/985 5247/115/985 5313/115/985
f 5313/115/5761 5247/115/5761 5242/115/5761
f 5313/115/5761 5242/115/5761 5308/115/5761
f 5314/115/5762 5320/115/5763 5321/115/5762
f 5314/115/5762 5321/115/5762 5315/115/5764
f 5315/115/5765 5321/115/5766 5322/115/5767
f 5315/115/5765 5322/115/5767 5316/115/5768
f 5316/115/5769 5322/115/5770 5323/115/5769
f 5316/115/5769 5323/115/5769 5317/115/5771
f 5317/115/5772 5323/115/5773 5324/115/5774
f 5317/115/5772 5324/115/5774 5318/115/5775
f 5318/115/5776 5324/115/5777 5325/115/5776
f 5318/115/5776 5325/115/5776 5319/115/5776
f 5319/115/5778 5325/115/5778 5320/115/5778
f 5319/115/5778 5320/115/5778 5314/115/5778
f 5320/115/5779 5326/115/5779 5327/115/5779
f 5320/115/5779 5327/115/5779 5321/115/5779
f 5321/115/5766 5327/115/5766 5328/115/5766
f 5321/115/5766 5328/115/5766 5322/115/5767
f 5322/115/5780 5328/115/5781 5329/115/5782
f 5322/115/5780 5329/115/5782 5323/115/5783
f 5323/115/5784 5329/115/5784 5330/115/5784
f 5323/115/5784 5330/115/5784 5324/115/5785
f 5324/115/5777 5330/115/5786 5331/115/5786
f 5324/115/5777 5331/115/5786 5325/115/5776
f 5325/115/5787 5331/115/5788 5326/115/5788
f 5325/115/5787 5326/115/5788 5320/115/5787
f 5326/115/5789 5332/115/5790 5333/115/5789
f 5326/115/5789 5333/115/5789 5327/115/5789
f 5327/115/5766 5333/115/5767 5334/115/5767
f 5327/115/5766 5334/115/5767 5328/115/5766
f 5328/115/5791 5334/115/5791 5335/115/5791
f 5328/115/5791 5335/115/5791 5329/115/5792
f 5329/115/5793 5335/115/5793 5336/115/5793
f 5329/115/5793 5336/115/5793 5330/115/5793
f 5330/115/5786 5336/115/5777 5337/115/5777
f 5330/115/5786 5337/115/5777 5331/115/5786
f 5331/115/5794 5337/115/5794 5332/115/5794
f 5331/115/5794 5332/115/5794 5326/115/5794
f 5332/115/5795 5338/115/5795 5339/115/5795
f 5332/115/5795 5339/115/5795 5333/115/5795
f 5333/115/5767 5339/115/5767 5340/115/5767
f 5333/115/5767 5340/115/5767 5334/115/5767
f 5334/115/5796 5340/115/5797 5341/115/5796
f 5334/115/5796 5341/115/5796 5335/115/5798
f 5335/115/5799 5341/115/5800 5342/115/5799
f 5335/115/5799 5342/115/5799 5336/115/5799
f 5336/115/5777 5342/115/5801 5343/115/5802
f 5336/115/5777 5343/115/5802 5337/115/5777
f 5337/115/5803 5343/115/5804 5338/115/5805
f 5337/115/5803 5338/115/5805 5332/115/5806
f 5338/115/5807 5344/115/5808 5345/115/5808
f 5338/115/5807 5345/115/5808 5339/115/5809
f 5339/115/5767 5345/115/5810 5346/115/5765
f 5339/115/5767 5346/115/5765 5340/115/5767
f 5340/115/5811 5346/115/5811 5347/115/5811
f 5340/115/5811 5347/115/5811 5341/115/5812
f 5341/115/5813 5347/115/5814 5348/115/5813
f 5341/115/5813 5348/115/5813 5342/115/5815
f 5342/115/5801 5348/115/5801 5349/115/5777
f 5342/115/5801 5349/115/5777 5343/115/5802
f 5343/115/5816 5349/115/5817 5344/115/5818
f 5343/115/5816 5344/115/5818 5338/115/5819
f 5344/115/5820 5350/115/5820 5351/115/5820
f 5344/115/5820 5351/115/5820 5345/115/5820
f 5345/115/5810 5351/115/5765 5352/115/5765
f 5345/115/5810 5352/115/5765 5346/115/5765
f 5346/115/5821 5352/115/5822 5353/115/5821
f 5346/115/5821 5353/115/5821 5347/115/5823
f 5347/115/5824 5353/115/5825 5354/115/5824
f 5347/115/5824 5354/115/5824 5348/115/5824
f 5348/115/5801 5354/115/5776 5355/115/5776
f 5348/115/5801 5355/115/5776 5349/115/5777
f 5349/115/5826 5355/115/5827 5350/115/5828
f 5349/115/5826 5350/115/5828 5344/115/5829
f 5350/115/5830 5356/115/5771 5357/115/5830
f 5350/115/5830 5357/115/5830 5351/115/5831
f 5351/115/5765 5357/115/5765 5358/115/5766
f 5351/115/5765 5358/115/5766 5352/115/5765
f 5352/115/5832 5358/115/5833 5359/115/5834
f 5352/115/5832 5359/115/5834 5353/115/5835
f 5353/115/5836 5359/115/5836 5360/115/5836
f 5353/115/5836 5360/115/5836 5354/115/5837
f 5354/115/5776 5360/115/5777 5361/115/5776
f 5354/115/5776 5361/115/5776 5355/115/5776
f 5355/115/5838 5361/115/5839 5356/115/5840
f 5355/115/5838 5356/115/5840 5350/115/5841
f 5356/115/5783 5362/115/5842 5363/115/5842
f 5356/115/5783 5363/115/5842 5357/115/5783
f 5357/115/5765 5363/115/5766 5364/115/5843
f 5357/115/5765 5364/115/5843 5358/115/5766
f 5358/115/5844 5364/115/5845 5365/115/5844
f 5358/115/5844 5365/115/5844 5359/115/5846
f 5359/115/5847 5365/115/5848 5366/115/5847
f 5359/115/5847 5366/115/5847 5360/115/5847
f 5360/115/5777 5366/115/5786 5367/115/5786
f 5360/115/5777 5367/115/5786 5361/115/5776
f 5361/115/5849 5367/115/5850 5362/115/5785
f 5361/115/5849 5362/115/5785 5356/115/5851
f 5362/115/5852 5368/115/5852 5369/115/5852
f 5362/115/5852 5369/115/5852 5363/115/5852
f 5363/115/5766 5369/115/5767 5370/115/5767
f 5363/115/5766 5370/115/5767 5364/115/5843
f 5364/115/5853 5370/115/5854 5371/115/5853
f 5364/115/5853 5371/115/5853 5365/115/5855
f 5365/115/5856 5371/115/5794 5372/115/5856
f 5365/115/5856 5372/115/5856 5366/115/5857
f 5366/115/5786 5372/115/5777 5373/115/5777
f 5366/115/5786 5373/115/5777 5367/115/5786
f 5367/115/5858 5373/115/5793 5368/115/5793
f 5367/115/5858 5368/115/5793 5362/115/5859
f 5368/115/5860 5374/115/5860 5375/115/5860
f 5368/115/5860 5375/115/5860 5369/115/5861
f 5369/115/5767 5375/115/5768 5376/115/5768
f 5369/115/5767 5376/115/5768 5370/115/5767
f 5370/115/5862 5376/115/5863 5377/115/5862
f 5370/115/5862 5377/115/5862 5371/115/5795
f 5371/115/5864 5377/115/5864 5378/115/5864
f 5371/115/5864 5378/115/5864 5372/115/5864
f 5372/115/5777 5378/115/5801 5379/115/5802
f 5372/115/5777 5379/115/5802 5373/115/5777
f 5373/115/5865 5379/115/5866 5374/115/5865
f 5373/115/5865 5374/115/5865 5368/115/5865
f 5374/115/5867 5380/115/5868 5381/115/5868
f 5374/115/5867 5381/115/5868 5375/115/5867
f 5375/115/5768 5381/115/5767 5382/115/5767
f 5375/115/5768 5382/115/5767 5376/115/5768
f 5376/115/5869 5382/115/5869 5383/115/5869
f 5376/115/5869 5383/115/5869 5377/115/5870
f 5377/115/5871 5383/115/5872 5384/115/5871
f 5377/115/5871 5384/115/5871 5378/115/5873
f 5378/115/5801 5384/115/5801 5385/115/5777
f 5378/115/5801 5385/115/5777 5379/115/5802
f 5379/115/5874 5385/115/5814 5380/115/5875
f 5379/115/5874 5380/115/5875 5374/115/5874
f 5380/115/5876 5314/115/5876 5315/115/5876
f 5380/115/5876 5315/115/5876 5381/115/5822
f 5381/115/5767 5315/115/5765 5316/115/5768
f 5381/115/5767 5316/115/5768 5382/115/5767
f 5382/115/5877 5316/115/5877 5317/115/5877
f 5382/115/5877 5317/115/5877 5383/115/5878
f 5383/115/5879 5317/115/5880 5318/115/5881
f 5383/115/5879 5318/115/5881 5384/115/5882
f 5384/115/5801 5318/115/5776 5319/115/5776
f 5384/115/5801 5319/115/5776 5385/115/5777
f 5385/115/5825 5319/115/5825 5314/115/5825
f 5385/115/5825 5314/115/5825 5380/115/5825
f 5386/115/5883 5392/115/5883 5393/115/5883
f 5386/115/5883 5393/115/5883 5387/115/5884
f 5387/115/987 5393/115/987 5394/115/987
f 5387/115/987 5394/115/987 5388/115/987
f 5388/115/5885 5394/115/5886 5395/115/5885
f 5388/115/5885 5395/115/5885 5389/115/5887
f 5389/115/5888 5395/115/5888 5396/115/5888
f 5389/115/5888 5396/115/5888 5390/115/5889
f 5390/115/985 5396/115/985 5397/115/985
f 5390/115/985 5397/115/985 5391/115/985
f 5391/115/5890 5397/115/5890 5392/115/5890
f 5391/115/5890 5392/115/5890 5386/115/5891
f 5392/115/5892 5398/115/5893 5399/115/5892
f 5392/115/5892 5399/115/5892 5393/115/5894
f 5393/115/987 5399/115/987 5400/115/987
f 5393/115/987 5400/115/987 5394/115/987
f 5394/115/5895 5400/115/5896 5401/115/5895
f 5394/115/5895 5401/115/5895 5395/115/5897
f 5395/115/5898 5401/115/5899 5402/115/5900
f 5395/115/5898 5402/115/5900 5396/115/5901
f 5396/115/985 5402/115/985 5403/115/985
f 5396/115/985 5403/115/985 5397/115/985
f 5397/115/5902 5403/115/5903 5398/115/5904
f 5397/115/5902 5398/115/5904 5392/115/5902
f 5398/115/5905 5404/115/5905 5405/115/5906
f 5398/115/5905 5405/115/5906 5399/115/5905
f 5399/115/987 5405/115/987 5406/115/987
f 5399/115/987 5406/115/987 5400/115/987
f 5400/115/5907 5406/115/5908 5407/115/5908
f 5400/115/5907 5407/115/5908 5401/115/5908
f 5401/115/5909 5407/115/5909 5408/115/5909
f 5401/115/5909 5408/115/5909 5402/115/5909
f 5402/115/985 5408/115/985 5409/115/985
f 5402/115/985 5409/115/985 5403/115/985
f 5403/115/5910 5409/115/5911 5404/115/5911
f 5403/115/5910 5404/115/5911 5398/115/5911
f 5404/115/5912 5410/115/5913 5411/115/5912
f 5404/115/5912 5411/115/5912 5405/115/5912
f 5405/115/987 5411/115/987 5412/115/987
f 5405/115/987 5412/115/987 5406/115/987
f 5406/115/5914 5412/115/5915 5413/115/5914
f 5406/115/5914 5413/115/5914 5407/115/5914
f 5407/115/5916 5413/115/5917 5414/115/5916
f 5407/115/5916 5414/115/5916 5408/115/5918
f 5408/115/985 5414/115/985 5415/115/985
f 5408/115/985 5415/115/985 5409/115/985
f 5409/115/5919 5415/115/5920 5410/115/5921
f 5409/115/5919 5410/115/5921 5404/115/5922
f 5410/115/5923 5416/115/5924 5417/115/5923
f 5410/115/5923 5417/115/5923 5411/115/5925
f 5411/115/987 5417/115/987 5418/115/987
f 5411/115/987 5418/115/987 5412/115/987
f 5412/115/5926 5418/115/5927 5419/115/5926
f 5412/115/5926 5419/115/5926 5413/115/5928
f 5413/115/5929 5419/115/5930 5420/115/5929
f 5413/115/5929 5420/115/5929 5414/115/5931
f 5414/115/985 5420/115/985 5421/115/985
f 5414/115/985 5421/115/985 5415/115/985
f 5415/115/5932 5421/115/5933 5416/115/5933
f 5415/115/5932 5416/115/5933 5410/115/5934
f 5416/115/5935 5422/115/5935 5423/115/5935
f 5416/115/5935 5423/115/5935 5417/115/5935
f 5417/115/987 5423/115/987 5424/115/987
f 5417/115/987 5424/115/987 5418/115/987
f 5418/115/5936 5424/115/5937 5425/115/5936
f 5418/115/5936 5425/115/5936 5419/115/5936
f 5419/115/5938 5425/115/5938 5426/115/5939
f 5419/115/5938 5426/115/5939 5420/115/5939
f 5420/115/985 5426/115/985 5427/115/985
f 5420/115/985 5427/115/985 5421/115/985
f 5421/115/5940 5427/115/5941 5422/115/5940
f 5421/115/5940 5422/115/5940 5416/115/5940
f 5422/115/5885 5428/115/5942 5429/115/5885
f 5422/115/5885 5429/115/5885 5423/115/5943
f 5423/115/987 5429/115/987 5430/115/987
f 5423/115/987 5430/115/987 5424/115/987
f 5424/115/5883 5430/115/5944 5431/115/5883
f 5424/115/5883 5431/115/5883 5425/115/5945
f 5425/115/5890 5431/115/5890 5432/115/5890
f 5425/115/5890 5432/115/5890 5426/115/5946
f 5426/115/985 5432/115/985 5433/115/985
f 5426/115/985 5433/115/985 5427/115/985
f 5427/115/5888 5433/115/5947 5428/115/5948
f 5427/115/5888 5428/115/5948 5422/115/5949
f 5428/115/5896 5434/115/5896 5435/115/5895
f 5428/115/5896 5435/115/5895 5429/115/5895
f 5429/115/987 5435/115/987 5436/115/987
f 5429/115/987 5436/115/987 5430/115/987
f 5430/115/5894 5436/115/5950 5437/115/5894
f 5430/115/5894 5437/115/5894 5431/115/5894
f 5431/115/5951 5437/115/5951 5438/115/5952
f 5431/115/5951 5438/115/5952 5432/115/5953
f 5432/115/985 5438/115/985 5439/115/985
f 5432/115/985 5439/115/985 5433/115/985
f 5433/115/5954 5439/115/5954 5434/115/5898
f 5433/115/5954 5434/115/5898 5428/115/5955
f 5434/115/5956 5440/115/5957 5441/115/5958
f 5434/115/5956 5441/115/5958 5435/115/5959
f 5435/115/987 5441/115/987 5442/115/987
f 5435/115/987 5442/115/987 5436/115/987
f 5436/115/5960 5442/115/5961 5443/115/5961
f 5436/115/5960 5443/115/5961 5437/115/5906
f 5437/115/5962 5443/115/5963 5444/115/5963
f 5437/115/5962 5444/115/5963 5438/115/5964
f 5438/115/985 5444/115/985 5445/115/985
f 5438/115/985 5445/115/985 5439/115/985
f 5439/115/5965 5445/115/5966 5440/115/5967
f 5439/115/5965 5440/115/5967 5434/115/5909
f 5440/115/5968 5446/115/5969 5447/115/5969
f 5440/115/5968 5447/115/5969 5441/115/5968
f 5441/115/987 5447/115/987 5448/115/987
f 5441/115/987 5448/115/987 5442/115/987
f 5442/115/5912 5448/115/5970 5449/115/5912
f 5442/115/5912 5449/115/5912 5443/115/5971
f 5443/115/5919 5449/115/5920 5450/115/5919
f 5443/115/5919 5450/115/5919 5444/115/5972
f 5444/115/985 5450/115/985 5451/115/985
f 5444/115/985 5451/115/985 5445/115/985
f 5445/115/5973 5451/115/5917 5446/115/5917
f 5445/115/5973 5446/115/5917 5440/115/5974
f 5446/115/5975 5452/115/5976 5453/115/5976
f 5446/115/5975 5453/115/5976 5447/115/5975
f 5447/115/987 5453/115/987 5454/115/987
f 5447/115/987 5454/115/987 5448/115/987
f 5448/115/5977 5454/115/5978 5455/115/5977
f 5448/115/5977 5455/115/5977 5449/115/5979
f 5449/115/5980 5455/115/5981 5456/115/5980
f 5449/115/5980 5456/115/5980 5450/115/5934
f 5450/115/985 5456/115/985 5457/115/985
f 5450/115/985 5457/115/985 5451/115/985
f 5451/115/5931 5457/115/5982 5452/115/5931
f 5451/115/5931 5452/115/5931 5446/115/5983
f 5452/115/5984 5386/115/5985 5387/115/5986
f 5452/115/5984 5387/115/5986 5453/115/5984
f 5453/115/987 5387/115/987 5388/115/987
f 5453/115/987 5388/115/987 5454/115/987
f 5454/115/5935 5388/115/5987 5389/115/5935
f 5454/115/5935 5389/115/5935 5455/115/5935
f 5455/115/5940 5389/115/5940 5390/115/5940
f 5455/115/5940 5390/115/5940 5456/115/5988
f 5456/115/985 5390/115/985 5391/115/985
f 5456/115/985 5391/115/985 5457/115/985
f 5457/115/5989 5391/115/5990 5386/115/5989
f 5457/115/5989 5386/115/5989 5452/115/5991
f 5458/115/3509 5464/115/5992 5465/115/2372
f 5458/115/3509 5465/115/2372 5459/115/3872
f 5459/115/5993 5465/115/5994 5466/115/5995
f 5459/115/5993 5466/115/5995 5460/115/5996
f 5460/115/5997 5466/115/5998 5467/115/5997
f 5460/115/5997 5467/115/5997 5461/115/5999
f 5461/115/3517 5467/115/6000 5468/115/3517
f 5461/115/3517 5468/115/3517 5462/115/3517
f 5462/115/6001 5468/115/6001 5469/115/6001
f 5462/115/6001 5469/115/6001 5463/115/6001
f 5463/115/6002 5469/115/6003 5464/115/6002
f 5463/115/6002 5464/115/6002 5458/115/6002
f 5464/115/6004 5470/115/6005 5471/115/6004
f 5464/115/6004 5471/115/6004 5465/115/6004
f 5465/115/5994 5471/115/5994 5472/115/6006
f 5465/115/5994 5472/115/6006 5466/115/5995
f 5466/115/6007 5472/115/6008 5473/115/6009
f 5466/115/6007 5473/115/6009 5467/115/6010
f 5467/115/6011 5473/115/6011 5474/115/6012
f 5467/115/6011 5474/115/6012 5468/115/6012
f 5468/115/6001 5474/115/6013 5475/115/6014
f 5468/115/6001 5475/115/6014 5469/115/6001
f 5469/115/6015 5475/115/6016 5470/115/6016
f 5469/115/6015 5470/115/6016 5464/115/6015
f 5470/115/6017 5476/115/6018 5477/115/6019
f 5470/115/6017 5477/115/6019 5471/115/6020
f 5471/115/5994 5477/115/6021 5478/115/6021
f 5471/115/5994 5478/115/6021 5472/115/6006
f 5472/115/6022 5478/115/6023 5479/115/6022
f 5472/115/6022 5479/115/6022 5473/115/6022
f 5473/115/6024 5479/115/6024 5480/115/6024
f 5473/115/6024 5480/115/6024 5474/115/6025
f 5474/115/6013 5480/115/6014 5481/115/6014
f 5474/115/6013 5481/115/6014 5475/115/6014
f 5475/115/6026 5481/115/6027 5476/115/6027
f 5475/115/6026 5476/115/6027 5470/115/6028
f 5476/115/6029 5482/115/6030 5483/115/6030
f 5476/115/6029 5483/115/6030 5477/115/6031
f 5477/115/6021 5483/115/5993 5484/115/5993
f 5477/115/6021 5484/115/5993 5478/115/6021
f 5478/115/6032 5484/115/6033 5485/115/6032
f 5478/115/6032 5485/115/6032 5479/115/6034
f 5479/115/6035 5485/115/6036 5486/115/6035
f 5479/115/6035 5486/115/6035 5480/115/6037
f 5480/115/6014 5486/115/6038 5487/115/6014
f 5480/115/6014 5487/115/6014 5481/115/6014
f 5481/115/6039 5487/115/6039 5482/115/6039
f 5481/115/6039 5482/115/6039 5476/115/6040
f 5482/115/6041 5488/115/6042 5489/115/6042
f 5482/115/6041 5489/115/6042 5483/115/6043
f 5483/115/5993 5489/115/5993 5490/115/5993
f 5483/115/5993 5490/115/5993 5484/115/5993
f 5484/115/6044 5490/115/6044 5491/115/6044
f 5484/115/6044 5491/115/6044 5485/115/6045
f 5485/115/6046 5491/115/6047 5492/115/6046
f 5485/115/6046 5492/115/6046 5486/115/6048
f 5486/115/6038 5492/115/6049 5493/115/6050
f 5486/115/6038 5493/115/6050 5487/115/6014
f 5487/115/6051 5493/115/6052 5488/115/6051
f 5487/115/6051 5488/115/6051 5482/115/6051
f 5488/115/6053 5494/115/6054 5495/115/6053
f 5488/115/6053 5495/115/6053 5489/115/6055
f 5489/115/5993 5495/115/5993 5496/115/5993
f 5489/115/5993 5496/115/5993 5490/115/5993
f 5490/115/6056 5496/115/6057 5497/115/6056
f 5490/115/6056 5497/115/6056 5491/115/6058
f 5491/115/6059 5497/115/6060 5498/115/6061
f 5491/115/6059 5498/115/6061 5492/115/6062
f 5492/115/6049 5498/115/6063 5499/115/6001
f 5492/115/6049 5499/115/6001 5493/115/6050
f 5493/115/3860 5499/115/6064 5494/115/2329
f 5493/115/3860 5494/115/2329 5488/115/3523
f 5494/115/6065 5500/115/6066 5501/115/6065
f 5494/115/6065 5501/115/6065 5495/115/6067
f 5495/115/5993 5501/115/5993 5502/115/5993
f 5495/115/5993 5502/115/5993 5496/115/5993
f 5496/115/2310 5502/115/2372 5503/115/3538
f 5496/115/2310 5503/115/3538 5497/115/6068
f 5497/115/6069 5503/115/6070 5504/115/6071
f 5497/115/6069 5504/115/6071 5498/115/6072
f 5498/115/6063 5504/115/6073 5505/115/6074
f 5498/115/6063 5505/115/6074 5499/115/6001
f 5499/115/2318 5505/115/3542 5500/115/3130
f 5499/115/2318 5500/115/3130 5494/115/6075
f 5500/115/6010 5506/115/6076 5507/115/6077
f 5500/115/6010 5507/115/6077 5501/115/6078
f 5501/115/5993 5507/115/5993 5508/115/5993
f 5501/115/5993 5508/115/5993 5502/115/5993
f 5502/115/6079 5508/115/6080 5509/115/6079
f 5502/115/6079 5509/115/6079 5503/115/6079
f 5503/115/6081 5509/115/6082 5510/115/6081
f 5503/115/6081 5510/115/6081 5504/115/6083
f 5504/115/6073 5510/115/6063 5511/115/6074
f 5504/115/6073 5511/115/6074 5505/115/6074
f 5505/115/6084 5511/115/6011 5506/115/6084
f 5505/115/6084 5506/115/6084 5500/115/6085
f 5506/115/6086 5512/115/6087 5513/115/6088
f 5506/115/6086 5513/115/6088 5507/115/6089
f 5507/115/5993 5513/115/5993 5514/115/5993
f 5507/115/5993 5514/115/5993 5508/115/5993
f 5508/115/6090 5514/115/6091 5515/115/6090
f 5508/115/6090 5515/115/6090 5509/115/6017
f 5509/115/6092 5515/115/6027 5516/115/6093
f 5509/115/6092 5516/115/6093 5510/115/6092
f 5510/115/6063 5516/115/6014 5517/115/6014
f 5510/115/6063 5517/115/6014 5511/115/6074
f 5511/115/6025 5517/115/6094 5512/115/6025
f 5511/115/6025 5512/115/6025 5506/115/6025
f 5512/115/6095 5518/115/6096 5519/115/6096
f 5512/115/6095 5519/115/6096 5513/115/6097
f 5513/115/5993 5519/115/6098 5520/115/6098
f 5513/115/5993 5520/115/6098 5514/115/5993
f 5514/115/6099 5520/115/6100 5521/115/6099
f 5514/115/6099 5521/115/6099 5515/115/6101
f 5515/115/6102 5521/115/6103 5522/115/6102
f 5515/115/6102 5522/115/6102 5516/115/6040
f 5516/115/6014 5522/115/6014 5523/115/6038
f 5516/115/6014 5523/115/6038 5517/115/6014
f 5517/115/6104 5523/115/6105 5518/115/6105
f 5517/115/6104 5518/115/6105 5512/115/6104
f 5518/115/6106 5524/115/6107 5525/115/6106
f 5518/115/6106 5525/115/6106 5519/115/6108
f 5519/115/6098 5525/115/6021 5526/115/6109
f 5519/115/6098 5526/115/6109 5520/115/6098
f 5520/115/6110 5526/115/6111 5527/115/6110
f 5520/115/6110 5527/115/6110 5521/115/6112
f 5521/115/6113 5527/115/6113 5528/115/6113
f 5521/115/6113 5528/115/6113 5522/115/6114
f 5522/115/6014 5528/115/6063 5529/115/6001
f 5522/115/6014 5529/115/6001 5523/115/6038
f 5523/115/6047 5529/115/6115 5524/115/6116
f 5523/115/6047 5524/115/6116 5518/115/6047
f 5524/115/2263 5458/115/6057 5459/115/2326
f 5524/115/2263 5459/115/2326 5525/115/6117
f 5525/115/6021 5459/115/5993 5460/115/5996
f 5525/115/6021 5460/115/5996 5526/115/6109
f 5526/115/6118 5460/115/6118 5461/115/6119
f 5526/115/6118 5461/115/6119 5527/115/6119
f 5527/115/6120 5461/115/6064 5462/115/6120
f 5527/115/6120 5462/115/6120 5528/115/6120
f 5528/115/6063 5462/115/6001 5463/115/6001
f 5528/115/6063 5463/115/6001 5529/115/6001
f 5529/115/6121 5463/115/6122 5458/115/6123
f 5529/115/6121 5458/115/6123 5524/115/6121
f 5530/115/6124 5536/115/6124 5537/115/6124
f 5530/115/6124 5537/115/6124 5531/115/6124
f 5531/115/987 5537/115/987 5538/115/987
f 5531/115/987 5538/115/987 5532/115/987
f 5532/115/6125 5538/115/6125 5539/115/6125
f 5532/115/6125 5539/115/6125 5533/115/6125
f 5533/115/6126 5539/115/6126 5540/115/6126
f 5533/115/6126 5540/115/6126 5534/115/6127
f 5534/115/985 5540/115/985 5541/115/985
f 5534/115/985 5541/115/985 5535/115/985
f 5535/115/6128 5541/115/6128 5536/115/6128
f 5535/115/6128 5536/115/6128 5530/115/6128
f 5536/115/6129 5542/115/6130 5543/115/6130
f 5536/115/6129 5543/115/6130 5537/115/6131
f 5537/115/987 5543/115/987 5544/115/987
f 5537/115/987 5544/115/987 5538/115/987
f 5538/115/6132 5544/115/6133 5545/115/6132
f 5538/115/6132 5545/115/6132 5539/115/6134
f 5539/115/6135 5545/115/6136 5546/115/6135
f 5539/115/6135 5546/115/6135 5540/115/6135
f 5540/115/985 5546/115/985 5547/115/985
f 5540/115/985 5547/115/985 5541/115/985
f 5541/115/6137 5547/115/6138 5542/115/6138
f 5541/115/6137 5542/115/6138 5536/115/6137
f 5542/115/6139 5548/115/6140 5549/115/6140
f 5542/115/6139 5549/115/6140 5543/115/6141
f 5543/115/987 5549/115/987 5550/115/987
f 5543/115/987 5550/115/987 5544/115/987
f 5544/115/6142 5550/115/6143 5551/115/6142
f 5544/115/6142 5551/115/6142 5545/115/6144
f 5545/115/6145 5551/115/6146 5552/115/6145
f 5545/115/6145 5552/115/6145 5546/115/6147
f 5546/115/985 5552/115/985 5553/115/985
f 5546/115/985 5553/115/985 5547/115/985
f 5547/115/6148 5553/115/6149 5548/115/6150
f 5547/115/6148 5548/115/6150 5542/115/6151
f 5548/115/6152 5554/115/6152 5555/115/6152
f 5548/115/6152 5555/115/6152 5549/115/6152
f 5549/115/987 5555/115/987 5556/115/987
f 5549/115/987 5556/115/987 5550/115/987
f 5550/115/6153 5556/115/6153 5557/115/6153
f 5550/115/6153 5557/115/6153 5551/115/6153
f 5551/115/6154 5557/115/6154 5558/115/6154
f 5551/115/6154 5558/115/6154 5552/115/6154
f 5552/115/985 5558/115/985 5559/115/985
f 5552/115/985 5559/115/985 5553/115/985
f 5553/115/6155 5559/115/6155 5554/115/6155
f 5553/115/6155 5554/115/6155 5548/115/6155
f 5554/115/6156 5560/115/6156 5561/115/6157
f 5554/115/6156 5561/115/6157 5555/115/6158
f 5555/115/987 5561/115/987 5562/115/987
f 5555/115/987 5562/115/987 5556/115/987
f 5556/115/6159 5562/115/6160 5563/115/6161
f 5556/115/6159 5563/115/6161 5557/115/6162
f 5557/115/6163 5563/115/6164 5564/115/6165
f 5557/115/6163 5564/115/6165 5558/115/6166
f 5558/115/985 5564/115/985 5565/115/985
f 5558/115/985 5565/115/985 5559/115/985
f 5559/115/6167 5565/115/6168 5560/115/6169
f 5559/115/6167 5560/115/6169 5554/115/6170
f 5560/115/6171 5566/115/6171 5567/115/6172
f 5560/115/6171 5567/115/6172 5561/115/6173
f 5561/115/987 5567/115/987 5568/115/987
f 5561/115/987 5568/115/987 5562/115/987
f 5562/115/6174 5568/115/6174 5569/115/6174
f 5562/115/6174 5569/115/6174 5563/115/6175
f 5563/115/6176 5569/115/6176 5570/115/6176
f 5563/115/6176 5570/115/6176 5564/115/6177
f 5564/115/985 5570/115/985 5571/115/985
f 5564/115/985 5571/115/985 5565/115/985
f 5565/115/6178 5571/115/6178 5566/115/6178
f 5565/115/6178 5566/115/6178 5560/115/6178
f 5566/115/6179 5572/115/6180 5573/115/6179
f 5566/115/6179 5573/115/6179 5567/115/6181
f 5567/115/987 5573/115/987 5574/115/987
f 5567/115/987 5574/115/987 5568/115/987
f 5568/115/6124 5574/115/6124 5575/115/6124
f 5568/115/6124 5575/115/6124 5569/115/6124
f 5569/115/6128 5575/115/6128 5576/115/6128
f 5569/115/6128 5576/115/6128 5570/115/6182
f 5570/115/985 5576/115/985 5577/115/985
f 5570/115/985 5577/115/985 5571/115/985
f 5571/115/6183 5577/115/6183 5572/115/6183
f 5571/115/6183 5572/115/6183 5566/115/6183
f 5572/115/6184 5578/115/6185 5579/115/6186
f 5572/115/6184 5579/115/6186 5573/115/6132
f 5573/115/987 5579/115/987 5580/115/987
f 5573/115/987 5580/115/987 5574/115/987
f 5574/115/6187 5580/115/6188 5581/115/6189
f 5574/115/6187 5581/115/6189 5575/115/6190
f 5575/115/6191 5581/115/6192 5582/115/6193
f 5575/115/6191 5582/115/6193 5576/115/6194
f 5576/115/985 5582/115/985 5583/115/985
f 5576/115/985 5583/115/985 5577/115/985
f 5577/115/6195 5583/115/6196 5578/115/6197
f 5577/115/6195 5578/115/6197 5572/115/6195
f 5578/115/6198 5584/115/6142 5585/115/6199
f 5578/115/6198 5585/115/6199 5579/115/6198
f 5579/115/987 5585/115/987 5586/115/987
f 5579/115/987 5586/115/987 5580/115/987
f 5580/115/6140 5586/115/6140 5587/115/6140
f 5580/115/6140 5587/115/6140 5581/115/6139
f 5581/115/6200 5587/115/6201 5588/115/6200
f 5581/115/6200 5588/115/6200 5582/115/6148
f 5582/115/985 5588/115/985 5589/115/985
f 5582/115/985 5589/115/985 5583/115/985
f 5583/115/6202 5589/115/6203 5584/115/6145
f 5583/115/6202 5584/115/6145 5578/115/6204
f 5584/115/6205 5590/115/6205 5591/115/6205
f 5584/115/6205 5591/115/6205 5585/115/6206
f 5585/115/987 5591/115/987 5592/115/987
f 5585/115/987 5592/115/987 5586/115/987
f 5586/115/6207 5592/115/6208 5593/115/6209
f 5586/115/6207 5593/115/6209 5587/115/6152
f 5587/115/6210 5593/115/6211 5594/115/6212
f 5587/115/6210 5594/115/6212 5588/115/6213
f 5588/115/985 5594/115/985 5595/115/985
f 5588/115/985 5595/115/985 5589/115/985
f 5589/115/6214 5595/115/6214 5590/115/6214
f 5589/115/6214 5590/115/6214 5584/115/6215
f 5590/115/6216 5596/115/6216 5597/115/6216
f 5590/115/6216 5597/115/6216 5591/115/6216
f 5591/115/987 5597/115/987 5598/115/987
f 5591/115/987 5598/115/987 5592/115/987
f 5592/115/6217 5598/115/6218 5599/115/6219
f 5592/115/6217 5599/115/6219 5593/115/6220
f 5593/115/6221 5599/115/6222 5600/115/6221
f 5593/115/6221 5600/115/6221 5594/115/6223
f 5594/115/985 5600/115/985 5601/115/985
f 5594/115/985 5601/115/985 5595/115/985
f 5595/115/6224 5601/115/6224 5596/115/6224
f 5595/115/6224 5596/115/6224 5590/115/6224
f 5596/115/6175 5530/115/6225 5531/115/6226
f 5596/115/6175 5531/115/6226 5597/115/6174
f 5597/115/987 5531/115/987 5532/115/987
f 5597/115/987 5532/115/987 5598/115/987
f 5598/115/6227 5532/115/6228 5533/115/6229
f 5598/115/6227 5533/115/6229 5599/115/6230
f 5599/115/6231 5533/115/6232 5534/115/6233
f 5599/115/6231 5534/115/6233 5600/115/6178
f 5600/115/985 5534/115/985 5535/115/985
f 5600/115/985 5535/115/985 5601/115/985
f 5601/115/6234 5535/115/6235 5530/115/6234
f 5601/115/6234 5530/115/6234 5596/115/6236
f 5602/115/6237 5608/115/6238 5609/115/6239
f 5602/115/6237 5609/115/6239 5603/115/6240
f 5603/115/6241 5609/115/6242 5610/115/6243
f 5603/115/6241 5610/115/6243 5604/115/6241
f 5604/115/6244 5610/115/6245 5611/115/6246
f 5604/115/6244 5611/115/6246 5605/115/6247
f 5605/115/6248 5611/115/6249 5612/115/6250
f 5605/115/6248 5612/115/6250 5606/115/6251
f 5606/115/6252 5612/115/6253 5613/115/6252
f 5606/115/6252 5613/115/6252 5607/115/6252
f 5607/115/6254 5613/115/6255 5608/115/6254
f 5607/115/6254 5608/115/6254 5602/115/6254
f 5608/115/6256 5614/115/6257 5615/115/6256
f 5608/115/6256 5615/115/6256 5609/115/6256
f 5609/115/6242 5615/115/6258 5616/115/6259
f 5609/115/6242 5616/115/6259 5610/115/6243
f 5610/115/6260 5616/115/6261 5617/115/6260
f 5610/115/6260 5617/115/6260 5611/115/6260
f 5611/115/6262 5617/115/6263 5618/115/6262
f 5611/115/6262 5618/115/6262 5612/115/6264
f 5612/115/6253 5618/115/6265 5619/115/6265
f 5612/115/6253 5619/115/6265 5613/115/6252
f 5613/115/6266 5619/115/6267 5614/115/6267
f 5613/115/6266 5614/115/6267 5608/115/6268
f 5614/115/6269 5620/115/6269 5621/115/6269
f 5614/115/6269 5621/115/6269 5615/115/6269
f 5615/115/6258 5621/115/6270 5622/115/6270
f 5615/115/6258 5622/115/6270 5616/115/6259
f 5616/115/6271 5622/115/6271 5623/115/6271
f 5616/115/6271 5623/115/6271 5617/115/6271
f 5617/115/6272 5623/115/6273 5624/115/6272
f 5617/115/6272 5624/115/6272 5618/115/6274
f 5618/115/6265 5624/115/6252 5625/115/6253
f 5618/115/6265 5625/115/6253 5619/115/6265
f 5619/115/6275 5625/115/6276 5620/115/6276
f 5619/115/6275 5620/115/6276 5614/115/6277
f 5620/115/6278 5626/115/6279 5627/115/6278
f 5620/115/6278 5627/115/6278 5621/115/6278
f 5621/115/6270 5627/115/6280 5628/115/6241
f 5621/115/6270 5628/115/6241 5622/115/6270
f 5622/115/6281 5628/115/6281 5629/115/6281
f 5622/115/6281 5629/115/6281 5623/115/6281
f 5623/115/6282 5629/115/6282 5630/115/6282
f 5623/115/6282 5630/115/6282 5624/115/6282
f 5624/115/6252 5630/115/6283 5631/115/6284
f 5624/115/6252 5631/115/6284 5625/115/6253
f 5625/115/6285 5631/115/6286 5626/115/6287
f 5625/115/6285 5626/115/6287 5620/115/6285
f 5626/115/6288 5632/115/6289 5633/115/6289
f 5626/115/6288 5633/115/6289 5627/115/6290
f 5627/115/6280 5633/115/6241 5634/115/6280
f 5627/115/6280 5634/115/6280 5628/115/6241
f 5628/115/6291 5634/115/6291 5635/115/6291
f 5628/115/6291 5635/115/6291 5629/115/6291
f 5629/115/6292 5635/115/6292 5636/115/6292
f 5629/115/6292 5636/115/6292 5630/115/6292
f 5630/115/6283 5636/115/6283 5637/115/6253
f 5630/115/6283 5637/115/6253 5631/115/6284
f 5631/115/6293 5637/115/6294 5632/115/6295
f 5631/115/6293 5632/115/6295 5626/115/6296
f 5632/115/6297 5638/115/6298 5639/115/6299
f 5632/115/6297 5639/115/6299 5633/115/6298
f 5633/115/6241 5639/115/6270 5640/115/6242
f 5633/115/6241 5640/115/6242 5634/115/6280
f 5634/115/6300 5640/115/6301 5641/115/6302
f 5634/115/6300 5641/115/6302 5635/115/6303
f 5635/115/6304 5641/115/6305 5642/115/6306
f 5635/115/6304 5642/115/6306 5636/115/6306
f 5636/115/6283 5642/115/6252 5643/115/6252
f 5636/115/6283 5643/115/6252 5637/115/6253
f 5637/115/6307 5643/115/6308 5638/115/6309
f 5637/115/6307 5638/115/6309 5632/115/6310
f 5638/115/6311 5644/115/6312 5645/115/6246
f 5638/115/6311 5645/115/6246 5639/115/6313
f 5639/115/6270 5645/115/6314 5646/115/6280
f 5639/115/6270 5646/115/6280 5640/115/6242
f 5640/115/6237 5646/115/6315 5647/115/6316
f 5640/115/6237 5647/115/6316 5641/115/6239
f 5641/115/6317 5647/115/6318 5648/115/6319
f 5641/115/6317 5648/115/6319 5642/115/6319
f 5642/115/6252 5648/115/6253 5649/115/6252
f 5642/115/6252 5649/115/6252 5643/115/6252
f 5643/115/6320 5649/115/6321 5644/115/6322
f 5643/115/6320 5644/115/6322 5638/115/6323
f 5644/115/6324 5650/115/6325 5651/115/6326
f 5644/115/6324 5651/115/6326 5645/115/6327
f 5645/115/6314 5651/115/6280 5652/115/6241
f 5645/115/6314 5652/115/6241 5646/115/6280
f 5646/115/6257 5652/115/6257 5653/115/6257
f 5646/115/6257 5653/115/6257 5647/115/6257
f 5647/115/6268 5653/115/6268 5654/115/6268
f 5647/115/6268 5654/115/6268 5648/115/6268
f 5648/115/6253 5654/115/6265 5655/115/6265
f 5648/115/6253 5655/115/6265 5649/115/6252
f 5649/115/6328 5655/115/6329 5650/115/6330
f 5649/115/6328 5650/115/6330 5644/115/6331
f 5650/115/6332 5656/115/6332 5657/115/6332
f 5650/115/6332 5657/115/6332 5651/115/6333
f 5651/115/6280 5657/115/6270 5658/115/6270
f 5651/115/6280 5658/115/6270 5652/115/6241
f 5652/115/6334 5658/115/6335 5659/115/6335
f 5652/115/6334 5659/115/6335 5653/115/6334
f 5653/115/6276 5659/115/6276 5660/115/6276
f 5653/115/6276 5660/115/6276 5654/115/6336
f 5654/115/6265 5660/115/6252 5661/115/6253
f 5654/115/6265 5661/115/6253 5655/115/6265
f 5655/115/6337 5661/115/6273 5656/115/6273
f 5655/115/6337 5656/115/6273 5650/115/6337
f 5656/115/6338 5662/115/6338 5663/115/6338
f 5656/115/6338 5663/115/6338 5657/115/6338
f 5657/115/6270 5663/115/6339 5664/115/6340
f 5657/115/6270 5664/115/6340 5658/115/6270
f 5658/115/6341 5664/115/6341 5665/115/6341
f 5658/115/6341 5665/115/6341 5659/115/6341
f 5659/115/6342 5665/115/6343 5666/115/6344
f 5659/115/6342 5666/115/6344 5660/115/6345
f 5660/115/6252 5666/115/6283 5667/115/6284
f 5660/115/6252 5667/115/6284 5661/115/6253
f 5661/115/6282 5667/115/6346 5662/115/6346
f 5661/115/6282 5662/115/6346 5656/115/6347
f 5662/115/6348 5668/115/6348 5669/115/6348
f 5662/115/6348 5669/115/6348 5663/115/6349
f 5663/115/6339 5669/115/6241 5670/115/6339
f 5663/115/6339 5670/115/6339 5664/115/6340
f 5664/115/6350 5670/115/6351 5671/115/6350
f 5664/115/6350 5671/115/6350 5665/115/6350
f 5665/115/6352 5671/115/6353 5672/115/6352
f 5665/115/6352 5672/115/6352 5666/115/6354
f 5666/115/6283 5672/115/6355 5673/115/6253
f 5666/115/6283 5673/115/6253 5667/115/6284
f 5667/115/6356 5673/115/6357 5668/115/6358
f 5667/115/6356 5668/115/6358 5662/115/6359
f 5668/115/6360 5602/115/6301 5603/115/6303
f 5668/115/6360 5603/115/6303 5669/115/6361
f 5669/115/6241 5603/115/6241 5604/115/6241
f 5669/115/6241 5604/115/6241 5670/115/6339
f 5670/115/6362 5604/115/6363 5605/115/6299
f 5670/115/6362 5605/115/6299 5671/115/6298
f 5671/115/6364 5605/115/6308 5606/115/6364
f 5671/115/6364 5606/115/6364 5672/115/6309
f 5672/115/6355 5606/115/6252 5607/115/6252
f 5672/115/6355 5607/115/6252 5673/115/6253
f 5673/115/6365 5607/115/6365 5602/115/6365
f 5673/115/6365 5602/115/6365 5668/115/6365
f 5674/115/6366 5680/115/6367 5681/115/6368
f 5674/115/6366 5681/115/6368 5675/115/6369
f 5675/115/987 5681/115/987 5682/115/987
f 5675/115/987 5682/115/987 5676/115/987
f 5676/115/6370 5682/115/6371 5683/115/6372
f 5676/115/6370 5683/115/6372 5677/115/6373
f 5677/115/6374 5683/115/6374 5684/115/6375
f 5677/115/6374 5684/115/6375 5678/115/6375
f 5678/115/985 5684/115/985 5685/115/985
f 5678/115/985 5685/115/985 5679/115/985
f 5679/115/6376 5685/115/6377 5680/115/6376
f 5679/115/6376 5680/115/6376 5674/115/6376
f 5680/115/6378 5686/115/6379 5687/115/6380
f 5680/115/6378 5687/115/6380 5681/115/6381
f 5681/115/987 5687/115/987 5688/115/987
f 5681/115/987 5688/115/987 5682/115/987
f 5682/115/6382 5688/115/6383 5689/115/6382
f 5682/115/6382 5689/115/6382 5683/115/6382
f 5683/115/6384 5689/115/6384 5690/115/6384
f 5683/115/6384 5690/115/6384 5684/115/6384
f 5684/115/985 5690/115/985 5691/115/985
f 5684/115/985 5691/115/985 5685/115/985
f 5685/115/6385 5691/115/6385 5686/115/6385
f 5685/115/6385 5686/115/6385 5680/115/6386
f 5686/115/6387 5692/115/6388 5693/115/6389
f 5686/115/6387 5693/115/6389 5687/115/6390
f 5687/115/987 5693/115/987 5694/115/987
f 5687/115/987 5694/115/987 5688/115/987
f 5688/115/6391 5694/115/6392 5695/115/6393
f 5688/115/6391 5695/115/6393 5689/115/6391
f 5689/115/6394 5695/115/6395 5696/115/6395
f 5689/115/6394 5696/115/6395 5690/115/6396
f 5690/115/985 5696/115/985 5697/115/985
f 5690/115/985 5697/115/985 5691/115/985
f 5691/115/6397 5697/115/6398 5692/115/6399
f 5691/115/6397 5692/115/6399 5686/115/6397
f 5692/115/6400 5698/115/6400 5699/115/6400
f 5692/115/6400 5699/115/6400 5693/115/6400
f 5693/115/987 5699/115/987 5700/115/987
f 5693/115/987 5700/115/987 5694/115/987
f 5694/115/6401 5700/115/6402 5701/115/6403
f 5694/115/6401 5701/115/6403 5695/115/6401
f 5695/115/6404 5701/115/6405 5702/115/6406
f 5695/115/6404 5702/115/6406 5696/115/6404
f 5696/115/985 5702/115/985 5703/115/985
f 5696/115/985 5703/115/985 5697/115/985
f 5697/115/6407 5703/115/6408 5698/115/6407
f 5697/115/6407 5698/115/6407 5692/115/6407
f 5698/115/6409 5704/115/6409 5705/115/6409
f 5698/115/6409 5705/115/6409 5699/115/6410
f 5699/115/987 5705/115/987 5706/115/987
f 5699/115/987 5706/115/987 5700/115/987
f 5700/115/6411 5706/115/6411 5707/115/6411
f 5700/115/6411 5707/115/6411 5701/115/6412
f 5701/115/6413 5707/115/6414 5708/115/6413
f 5701/115/6413 5708/115/6413 5702/115/6413
f 5702/115/985 5708/115/985 5709/115/985
f 5702/115/985 5709/115/985 5703/115/985
f 5703/115/6415 5709/115/6416 5704/115/6416
f 5703/115/6415 5704/115/6416 5698/115/6415
f 5704/115/6417 5710/115/6418 5711/115/6419
f 5704/115/6417 5711/115/6419 5705/115/6417
f 5705/115/987 5711/115/987 5712/115/987
f 5705/115/987 5712/115/987 5706/115/987
f 5706/115/6420 5712/115/6421 5713/115/6420
f 5706/115/6420 5713/115/6420 5707/115/6420
f 5707/115/6422 5713/115/6423 5714/115/6422
f 5707/115/6422 5714/115/6422 5708/115/6422
f 5708/115/985 5714/115/985 5715/115/985
f 5708/115/985 5715/115/985 5709/115/985
f 5709/115/6424 5715/115/6425 5710/115/6426
f 5709/115/6424 5710/115/6426 5704/115/6427
f 5710/115/6428 5716/115/6429 5717/115/6428
f 5710/115/6428 5717/115/6428 5711/115/6430
f 5711/115/987 5717/115/987 5718/115/987
f 5711/115/987 5718/115/987 5712/115/987
f 5712/115/6431 5718/115/6432 5719/115/6433
f 5712/115/6431 5719/115/6433 5713/115/6434
f 5713/115/6377 5719/115/6435 5720/115/6436
f 5713/115/6377 5720/115/6436 5714/115/6437
f 5714/115/985 5720/115/985 5721/115/985
f 5714/115/985 5721/115/985 5715/115/985
f 5715/115/6438 5721/115/6374 5716/115/6439
f 5715/115/6438 5716/115/6439 5710/115/6439
f 5716/115/6440 5722/115/6441 5723/115/6440
f 5716/115/6440 5723/115/6440 5717/115/6442
f 5717/115/987 5723/115/987 5724/115/987
f 5717/115/987 5724/115/987 5718/115/987
f 5718/115/6443 5724/115/6443 5725/115/6444
f 5718/115/6443 5725/115/6444 5719/115/6445
f 5719/115/6446 5725/115/6447 5726/115/6448
f 5719/115/6446 5726/115/6448 5720/115/6449
f 5720/115/985 5726/115/985 5727/115/985
f 5720/115/985 5727/115/985 5721/115/985
f 5721/115/6450 5727/115/6450 5722/115/6450
f 5721/115/6450 5722/115/6450 5716/115/6451
f 5722/115/6452 5728/115/6392 5729/115/6392
f 5722/115/6452 5729/115/6392 5723/115/6452
f 5723/115/987 5729/115/987 5730/115/987
f 5723/115/987 5730/115/987 5724/115/987
f 5724/115/6453 5730/115/6454 5731/115/6453
f 5724/115/6453 5731/115/6453 5725/115/6453
f 5725/115/6397 5731/115/6455 5732/115/6456
f 5725/115/6397 5732/115/6456 5726/115/6397
f 5726/115/985 5732/115/985 5733/115/985
f 5726/115/985 5733/115/985 5727/115/985
f 5727/115/6457 5733/115/6458 5728/115/6459
f 5727/115/6457 5728/115/6459 5722/115/6396
f 5728/115/6460 5734/115/6460 5735/115/6460
f 5728/115/6460 5735/115/6460 5729/115/6460
f 5729/115/987 5735/115/987 5736/115/987
f 5729/115/987 5736/115/987 5730/115/987
f 5730/115/6461 5736/115/6400 5737/115/6461
f 5730/115/6461 5737/115/6461 5731/115/6462
f 5731/115/6463 5737/115/6464 5738/115/6463
f 5731/115/6463 5738/115/6463 5732/115/6408
f 5732/115/985 5738/115/985 5739/115/985
f 5732/115/985 5739/115/985 5733/115/985
f 5733/115/6465 5739/115/6465 5734/115/6465
f 5733/115/6465 5734/115/6465 5728/115/6465
f 5734/115/6411 5740/115/6411 5741/115/6411
f 5734/115/6411 5741/115/6411 5735/115/6411
f 5735/115/987 5741/115/987 5742/115/987
f 5735/115/987 5742/115/987 5736/115/987
f 5736/115/6466 5742/115/6467 5743/115/6468
f 5736/115/6466 5743/115/6468 5737/115/6468
f 5737/115/6469 5743/115/6470 5744/115/6471
f 5737/115/6469 5744/115/6471 5738/115/6471
f 5738/115/985 5744/115/985 5745/115/985
f 5738/115/985 5745/115/985 5739/115/985
f 5739/115/6413 5745/115/6413 5740/115/6413
f 5739/115/6413 5740/115/6413 5734/115/6413
f 5740/115/6421 5674/115/6472 5675/115/6473
f 5740/115/6421 5675/115/6473 5741/115/6421
f 5741/115/987 5675/115/987 5676/115/987
f 5741/115/987 5676/115/987 5742/115/987
f 5742/115/6474 5676/115/6474 5677/115/6474
f 5742/115/6474 5677/115/6474 5743/115/6475
f 5743/115/6427 5677/115/6427 5678/115/6427
f 5743/115/6427 5678/115/6427 5744/115/6427
f 5744/115/985 5678/115/985 5679/115/985
f 5744/115/985 5679/115/985 5745/115/985
f 5745/115/6476 5679/115/6477 5674/115/6478
f 5745/115/6476 5674/115/6478 5740/115/6479
f 5746/115/6480 5747/115/6480 5753/115/6481
f 5746/115/6480 5753/115/6481 5752/115/6481
f 5758/115/6482 5747/115/6482 5746/115/6482
f 5759/115/6483 5752/115/6483 5753/115/6483
f 5747/115/6484 5748/115/6484 5754/115/6484
f 5747/115/6484 5754/115/6484 5753/115/6484
f 5758/115/6482 5748/115/6482 5747/115/6482
f 5759/115/6483 5753/115/6483 5754/115/6485
f 5748/115/6486 5749/115/6486 5755/115/6487
f 5748/115/6486 5755/115/6487 5754/115/6487
f 5758/115/6482 5749/115/6482 5748/115/6482
f 5759/115/6483 5754/115/6485 5755/115/6483
f 5749/115/6488 5750/115/6488 5756/115/6489
f 5749/115/6488 5756/115/6489 5755/115/6489
f 5758/115/6482 5750/115/6482 5749/115/6482
f 5759/115/6483 5755/115/6483 5756/115/6490
f 5750/115/6491 5751/115/6491 5757/115/6491
f 5750/115/6491 5757/115/6491 5756/115/6491
f 5758/115/6482 5751/115/6482 5750/115/6482
f 5759/115/6483 5756/115/6490 5757/115/6492
f 5751/115/6493 5746/115/6493 5752/115/6493
f 5751/115/6493 5752/115/6493 5757/115/6493
f 5758/115/6482 5746/115/6482 5751/115/6482
f 5759/115/6483 5757/115/6492 5752/115/6483
f 5760/115/6494 5761/115/6494 5767/115/6494
f 5760/115/6494 5767/115/6494 5766/115/6494
f 5772/115/6495 5761/115/6496 5760/115/6495
f 5773/115/6497 5766/115/6497 5767/115/6497
f 5761/115/6498 5762/115/6498 5768/115/6498
f 5761/115/6498 5768/115/6498 5767/115/6498
f 5772/115/6495 5762/115/6496 5761/115/6496
f 5773/115/6497 5767/115/6497 5768/115/6497
f 5762/115/6499 5763/115/6499 5769/115/6499
f 5762/115/6499 5769/115/6499 5768/115/6499
f 5772/115/6495 5763/115/6495 5762/115/6496
f 5773/115/6497 5768/115/6497 5769/115/6497
f 5763/115/6500 5764/115/6500 5770/115/6500
f 5763/115/6500 5770/115/6500 5769/115/6501
f 5772/115/6495 5764/115/6495 5763/115/6495
f 5773/115/6497 5769/115/6497 5770/115/6497
f 5764/115/6502 5765/115/6502 5771/115/6502
f 5764/115/6502 5771/115/6502 5770/115/6502
f 5772/115/6495 5765/115/6495 5764/115/6495
f 5773/115/6497 5770/115/6497 5771/115/6497
f 5765/115/6503 5760/115/6503 5766/115/6504
f 5765/115/6503 5766/115/6504 5771/115/6504
f 5772/115/6495 5760/115/6495 5765/115/6495
f 5773/115/6497 5771/115/6497 5766/115/6497
f 5774/115/6505 5775/115/6505 5781/115/6506
f 5774/115/6505 5781/115/6506 5780/115/6506
f 5786/115/6507 5775/115/6508 5774/115/6507
f 5787/115/6509 5780/115/6509 5781/115/6510
f 5775/115/6511 5776/115/6511 5782/115/6511
f 5775/115/6511 5782/115/6511 5781/115/6511
f 5786/115/6507 5776/115/6512 5775/115/6508
f 5787/115/6509 5781/115/6510 5782/115/6510
f 5776/115/6513 5777/115/6513 5783/115/6513
f 5776/115/6513 5783/115/6513 5782/115/6513
f 5786/115/6507 5777/115/6507 5776/115/6512
f 5787/115/6509 5782/115/6510 5783/115/6509
f 5777/115/6514 5778/115/6514 5784/115/6514
f 5777/115/6514 5784/115/6514 5783/115/6515
f 5786/115/6507 5778/115/6516 5777/115/6507
f 5787/115/6509 5783/115/6509 5784/115/6510
f 5778/115/6517 5779/115/6517 5785/115/6517
f 5778/115/6517 5785/115/6517 5784/115/6517
f 5786/115/6507 5779/115/6516 5778/115/6516
f 5787/115/6509 5784/115/6510 5785/115/6518
f 5779/115/6519 5774/115/6519 5780/115/6519
f 5779/115/6519 5780/115/6519 5785/115/6520
f 5786/115/6507 5774/115/6507 5779/115/6516
f 5787/115/6509 5785/115/6518 5780/115/6509
f 5788/115/6521 5789/115/6521 5795/115/6521
f 5788/115/6521 5795/115/6521 5794/115/6521
f 5800/115/6522 5789/115/6522 5788/115/6522
f 5801/115/6523 5794/115/6523 5795/115/6523
f 5789/115/6524 5790/115/6524 5796/115/6524
f 5789/115/6524 5796/115/6524 5795/115/6524
f 5800/115/6522 5790/115/6522 5789/115/6522
f 5801/115/6523 5795/115/6523 5796/115/6523
f 5790/115/6525 5791/115/6525 5797/115/6525
f 5790/115/6525 5797/115/6525 5796/115/6525
f 5800/115/6522 5791/115/6522 5790/115/6522
f 5801/115/6523 5796/115/6523 5797/115/6523
f 5791/115/6526 5792/115/6526 5798/115/6526
f 5791/115/6526 5798/115/6526 5797/115/6526
f 5800/115/6522 5792/115/6522 5791/115/6522
f 5801/115/6523 5797/115/6523 5798/115/6523
f 5792/115/6527 5793/115/6527 5799/115/6527
f 5792/115/6527 5799/115/6527 5798/115/6527
f 5800/115/6522 5793/115/6522 5792/115/6522
f 5801/115/6523 5798/115/6523 5799/115/6523
f 5793/115/6528 5788/115/6528 5794/115/6528
f 5793/115/6528 5794/115/6528 5799/115/6528
f 5800/115/6522 5788/115/6522 5793/115/6522
f 5801/115/6523 5799/115/6523 5794/115/6523
f 5802/115/6529 5803/115/6529 5809/115/6530
f 5802/115/6529 5809/115/6530 5808/115/6530
f 5814/115/6531 5803/115/6532 5802/115/6531
f 5815/115/6533 5808/115/6533 5809/115/6534
f 5803/115/6535 5804/115/6535 5810/115/6535
f 5803/115/6535 5810/115/6535 5809/115/6535
f 5814/115/6531 5804/115/6532 5803/115/6532
f 5815/115/6533 5809/115/6534 5810/115/6536
f 5804/115/6537 5805/115/6537 5811/115/6537
f 5804/115/6537 5811/115/6537 5810/115/6537
f 5814/115/6531 5805/115/6531 5804/115/6532
f 5815/115/6533 5810/115/6536 5811/115/6533
f 5805/115/6538 5806/115/6538 5812/115/6538
f 5805/115/6538 5812/115/6538 5811/115/6538
f 5814/115/6531 5806/115/6539 5805/115/6531
f 5815/115/6533 5811/115/6533 5812/115/6536
f 5806/115/6540 5807/115/6540 5813/115/6540
f 5806/115/6540 5813/115/6540 5812/115/6540
f 5814/115/6531 5807/115/6541 5806/115/6539
f 5815/115/6533 5812/115/6536 5813/115/6536
f 5807/115/6542 5802/115/6542 5808/115/6542
f 5807/115/6542 5808/115/6542 5813/115/6542
f 5814/115/6531 5802/115/6531 5807/115/6541
f 5815/115/6533 5813/115/6536 5808/115/6533
f 5816/115/6543 5817/115/6543 5823/115/6544
f 5816/115/6543 5823/115/6544 5822/115/6544
f 5828/115/6545 5817/115/6545 5816/115/6545
f 5829/115/6546 5822/115/6546 5823/115/6546
f 5817/115/6547 5818/115/6547 5824/115/6547
f 5817/115/6547 5824/115/6547 5823/115/6547
f 5828/115/6545 5818/115/6545 5817/115/6545
f 5829/115/6546 5823/115/6546 5824/115/6546
f 5818/115/6548 5819/115/6548 5825/115/6548
f 5818/115/6548 5825/115/6548 5824/115/6548
f 5828/115/6545 5819/115/6545 5818/115/6545
f 5829/115/6546 5824/115/6546 5825/115/6546
f 5819/115/6549 5820/115/6549 5826/115/6549
f 5819/115/6549 5826/115/6549 5825/115/6549
f 5828/115/6545 5820/115/6550 5819/115/6545
f 5829/115/6546 5825/115/6546 5826/115/6546
f 5820/115/6551 5821/115/6551 5827/115/6551
f 5820/115/6551 5827/115/6551 5826/115/6551
f 5828/115/6545 5821/115/6550 5820/115/6550
f 5829/115/6546 5826/115/6546 5827/115/6546
f 5821/115/6552 5816/115/6552 5822/115/6552
f 5821/115/6552 5822/115/6552 5827/115/6552
f 5828/115/6545 5816/115/6545 5821/115/6550
f 5829/115/6546 5827/115/6546 5822/115/6546
f 5830/115/6553 5831/115/6553 5837/115/6553
f 5830/115/6553 5837/115/6553 5836/115/6553
f 5842/115/6554 5831/115/6554 5830/115/6554
f 5843/115/6555 5836/115/6555 5837/115/6556
f 5831/115/6557 5832/115/6557 5838/115/6557
f 5831/115/6557 5838/115/6557 5837/115/6557
f 5842/115/6554 5832/115/6554 5831/115/6554
f 5843/115/6555 5837/115/6556 5838/115/6558
f 5832/115/6559 5833/115/6559 5839/115/6559
f 5832/115/6559 5839/115/6559 5838/115/6560
f 5842/115/6554 5833/115/6554 5832/115/6554
f 5843/115/6555 5838/115/6558 5839/115/6555
f 5833/115/6561 5834/115/6561 5840/115/6562
f 5833/115/6561 5840/115/6562 5839/115/6562
f 5842/115/6554 5834/115/6554 5833/115/6554
f 5843/115/6555 5839/115/6555 5840/115/6563
f 5834/115/6564 5835/115/6564 5841/115/6564
f 5834/115/6564 5841/115/6564 5840/115/6564
f 5842/115/6554 5835/115/6554 5834/115/6554
f 5843/115/6555 5840/115/6563 5841/115/6555
f 5835/115/6565 5830/115/6565 5836/115/6566
f 5835/115/6565 5836/115/6566 5841/115/6566
f 5842/115/6554 5830/115/6554 5835/115/6554
f 5843/115/6555 5841/115/6555 5836/115/6555
f 5844/115/6567 5845/115/6567 5851/115/6568
f 5844/115/6567 5851/115/6568 5850/115/6568
f 5856/115/6483 5845/115/6483 5844/115/6483
f 5857/115/6482 5850/115/6482 5851/115/6482
f 5845/115/6569 5846/115/6569 5852/115/6569
f 5845/115/6569 5852/115/6569 5851/115/6569
f 5856/115/6483 5846/115/6483 5845/115/6483
f 5857/115/6482 5851/115/6482 5852/115/6570
f 5846/115/6571 5847/115/6571 5853/115/6572
f 5846/115/6571 5853/115/6572 5852/115/6572
f 5856/115/6483 5847/115/6483 5846/115/6483
f 5857/115/6482 5852/115/6570 5853/115/6482
f 5847/115/6573 5848/115/6573 5854/115/6574
f 5847/115/6573 5854/115/6574 5853/115/6574
f 5856/115/6483 5848/115/6483 5847/115/6483
f 5857/115/6482 5853/115/6482 5854/115/6575
f 5848/115/6576 5849/115/6576 5855/115/6576
f 5848/115/6576 5855/115/6576 5854/115/6576
f 5856/115/6483 5849/115/6483 5848/115/6483
f 5857/115/6482 5854/115/6575 5855/115/6577
f 5849/115/6578 5844/115/6578 5850/115/6578
f 5849/115/6578 5850/115/6578 5855/115/6578
f 5856/115/6483 5844/115/6483 5849/115/6483
f 5857/115/6482 5855/115/6577 5850/115/6482
f 5858/115/6579 5859/115/6579 5865/115/6579
f 5858/115/6579 5865/115/6579 5864/115/6579
f 5870/115/6580 5859/115/6497 5858/115/6580
f 5871/115/6496 5864/115/6496 5865/115/6496
f 5859/115/6581 5860/115/6581 5866/115/6581
f 5859/115/6581 5866/115/6581 5865/115/6581
f 5870/115/6580 5860/115/6497 5859/115/6497
f 5871/115/6496 5865/115/6496 5866/115/6496
f 5860/115/6582 5861/115/6582 5867/115/6582
f 5860/115/6582 5867/115/6582 5866/115/6582
f 5870/115/6580 5861/115/6580 5860/115/6497
f 5871/115/6496 5866/115/6496 5867/115/6496
f 5861/115/6583 5862/115/6583 5868/115/6583
f 5861/115/6583 5868/115/6583 5867/115/6584
f 5870/115/6580 5862/115/6580 5861/115/6580
f 5871/115/6496 5867/115/6496 5868/115/6496
f 5862/115/6585 5863/115/6585 5869/115/6585
f 5862/115/6585 5869/115/6585 5868/115/6585
f 5870/115/6580 5863/115/6580 5862/115/6580
f 5871/115/6496 5868/115/6496 5869/115/6496
f 5863/115/6586 5858/115/6586 5864/115/6587
f 5863/115/6586 5864/115/6587 5869/115/6587
f 5870/115/6580 5858/115/6580 5863/115/6580
f 5871/115/6496 5869/115/6496 5864/115/6496
f 5872/115/6588 5873/115/6588 5879/115/6589
f 5872/115/6588 5879/115/6589 5878/115/6589
f 5884/115/6509 5873/115/6518 5872/115/6509
f 5885/115/6507 5878/115/6507 5879/115/6590
f 5873/115/6591 5874/115/6591 5880/115/6591
f 5873/115/6591 5880/115/6591 5879/115/6591
f 5884/115/6509 5874/115/6592 5873/115/6518
f 5885/115/6507 5879/115/6590 5880/115/6590
f 5874/115/6593 5875/115/6593 5881/115/6593
f 5874/115/6593 5881/115/6593 5880/115/6593
f 5884/115/6509 5875/115/6509 5874/115/6592
f 5885/115/6507 5880/115/6590 5881/115/6507
f 5875/115/6594 5876/115/6594 5882/115/6594
f 5875/115/6594 5882/115/6594 5881/115/6595
f 5884/115/6509 5876/115/6596 5875/115/6509
f 5885/115/6507 5881/115/6507 5882/115/6590
f 5876/115/6597 5877/115/6597 5883/115/6597
f 5876/115/6597 5883/115/6597 5882/115/6597
f 5884/115/6509 5877/115/6596 5876/115/6596
f 5885/115/6507 5882/115/6590 5883/115/6508
f 5877/115/6598 5872/115/6598 5878/115/6598
f 5877/115/6598 5878/115/6598 5883/115/6599
f 5884/115/6509 5872/115/6509 5877/115/6596
f 5885/115/6507 5883/115/6508 5878/115/6507
f 5886/115/6600 5887/115/6600 5893/115/6600
f 5886/115/6600 5893/115/6600 5892/115/6600
f 5898/115/6523 5887/115/6523 5886/115/6523
f 5899/115/6522 5892/115/6522 5893/115/6522
f 5887/115/6601 5888/115/6601 5894/115/6601
f 5887/115/6601 5894/115/6601 5893/115/6601
f 5898/115/6523 5888/115/6523 5887/115/6523
f 5899/115/6522 5893/115/6522 5894/115/6522
f 5888/115/6602 5889/115/6602 5895/115/6602
f 5888/115/6602 5895/115/6602 5894/115/6602
f 5898/115/6523 5889/115/6523 5888/115/6523
f 5899/115/6522 5894/115/6522 5895/115/6522
f 5889/115/6603 5890/115/6603 5896/115/6603
f 5889/115/6603 5896/115/6603 5895/115/6603
f 5898/115/6523 5890/115/6523 5889/115/6523
f 5899/115/6522 5895/115/6522 5896/115/6522
f 5890/115/6604 5891/115/6604 5897/115/6604
f 5890/115/6604 5897/115/6604 5896/115/6604
f 5898/115/6523 5891/115/6523 5890/115/6523
f 5899/115/6522 5896/115/6522 5897/115/6522
f 5891/115/6605 5886/115/6605 5892/115/6605
f 5891/115/6605 5892/115/6605 5897/115/6605
f 5898/115/6523 5886/115/6523 5891/115/6523
f 5899/115/6522 5897/115/6522 5892/115/6522
f 5900/115/6606 5901/115/6606 5907/115/6607
f 5900/115/6606 5907/115/6607 5906/115/6607
f 5912/115/6533 5901/115/6608 5900/115/6533
f 5913/115/6531 5906/115/6531 5907/115/6541
f 5901/115/6609 5902/115/6609 5908/115/6609
f 5901/115/6609 5908/115/6609 5907/115/6609
f 5912/115/6533 5902/115/6608 5901/115/6608
f 5913/115/6531 5907/115/6541 5908/115/6610
f 5902/115/6611 5903/115/6611 5909/115/6611
f 5902/115/6611 5909/115/6611 5908/115/6611
f 5912/115/6533 5903/115/6533 5902/115/6608
f 5913/115/6531 5908/115/6610 5909/115/6531
f 5903/115/6612 5904/115/6612 5910/115/6612
f 5903/115/6612 5910/115/6612 5909/115/6612
f 5912/115/6533 5904/115/6613 5903/115/6533
f 5913/115/6531 5909/115/6531 5910/115/6610
f 5904/115/6614 5905/115/6614 5911/115/6614
f 5904/115/6614 5911/115/6614 5910/115/6614
f 5912/115/6533 5905/115/6534 5904/115/6613
f 5913/115/6531 5910/115/6610 5911/115/6610
f 5905/115/6615 5900/115/6615 5906/115/6615
f 5905/115/6615 5906/115/6615 5911/115/6615
f 5912/115/6533 5900/115/6533 5905/115/6534
f 5913/115/6531 5911/115/6610 5906/115/6531
f 5914/115/6616 5915/115/6616 5921/115/6617
f 5914/115/6616 5921/115/6617 5920/115/6617
f 5926/115/6618 5915/115/6618 5914/115/6618
f 5927/115/6550 5920/115/6550 5921/115/6550
f 5915/115/6619 5916/115/6619 5922/115/6619
f 5915/115/6619 5922/115/6619 5921/115/6619
f 5926/115/6618 5916/115/6618 5915/115/6618
f 5927/115/6550 5921/115/6550 5922/115/6550
f 5916/115/6620 5917/115/6620 5923/115/6620
f 5916/115/6620 5923/115/6620 5922/115/6620
f 5926/115/6618 5917/115/6618 5916/115/6618
f 5927/115/6550 5922/115/6550 5923/115/6550
f 5917/115/6621 5918/115/6621 5924/115/6621
f 5917/115/6621 5924/115/6621 5923/115/6621
f 5926/115/6618 5918/115/6546 5917/115/6618
f 5927/115/6550 5923/115/6550 5924/115/6550
f 5918/115/6622 5919/115/6622 5925/115/6622
f 5918/115/6622 5925/115/6622 5924/115/6622
f 5926/115/6618 5919/115/6546 5918/115/6546
f 5927/115/6550 5924/115/6550 5925/115/6550
f 5919/115/6623 5914/115/6623 5920/115/6623
f 5919/115/6623 5920/115/6623 5925/115/6623
f 5926/115/6618 5914/115/6618 5919/115/6546
f 5927/115/6550 5925/115/6550 5920/115/6550
f 5928/115/6624 5929/115/6624 5935/115/6624
f 5928/115/6624 5935/115/6624 5934/115/6624
f 5940/115/6555 5929/115/6555 5928/115/6555
f 5941/115/6554 5934/115/6554 5935/115/6625
f 5929/115/6626 5930/115/6626 5936/115/6626
f 5929/115/6626 5936/115/6626 5935/115/6626
f 5940/115/6555 5930/115/6555 5929/115/6555
f 5941/115/6554 5935/115/6625 5936/115/6627
f 5930/115/6628 5931/115/6628 5937/115/6628
f 5930/115/6628 5937/115/6628 5936/115/6629
f 5940/115/6555 5931/115/6555 5930/115/6555
f 5941/115/6554 5936/115/6627 5937/115/6554
f 5931/115/6630 5932/115/6630 5938/115/6631
f 5931/115/6630 5938/115/6631 5937/115/6631
f 5940/115/6555 5932/115/6555 5931/115/6555
f 5941/115/6554 5937/115/6554 5938/115/6632
f 5932/115/6633 5933/115/6633 5939/115/6633
f 5932/115/6633 5939/115/6633 5938/115/6633
f 5940/115/6555 5933/115/6555 5932/115/6555
f 5941/115/6554 5938/115/6632 5939/115/6554
f 5933/115/6634 5928/115/6634 5934/115/6635
f 5933/115/6634 5934/115/6635 5939/115/6635
f 5940/115/6555 5928/115/6555 5933/115/6555
f 5941/115/6554 5939/115/6554 5934/115/6554
f 5942/115/6636 5943/115/6636 5949/115/6636
f 5942/115/6636 5949/115/6636 5948/115/6636
f 5954/115/985 5943/115/985 5942/115/985
f 5955/115/987 5948/115/987 5949/115/987
f 5943/115/6637 5944/115/6637 5950/115/6637
f 5943/115/6637 5950/115/6637 5949/115/6637
f 5954/115/985 5944/115/985 5943/115/985
f 5955/115/987 5949/115/987 5950/115/987
f 5944/115/6638 5945/115/6638 5951/115/6638
f 5944/115/6638 5951/115/6638 5950/115/6638
f 5954/115/985 5945/115/985 5944/115/985
f 5955/115/987 5950/115/987 5951/115/987
f 5945/115/6639 5946/115/6639 5952/115/6639
f 5945/115/6639 5952/115/6639 5951/115/6639
f 5954/115/985 5946/115/985 5945/115/985
f 5955/115/987 5951/115/987 5952/115/987
f 5946/115/6640 5947/115/6640 5953/115/6640
f 5946/115/6640 5953/115/6640 5952/115/6640
f 5954/115/985 5947/115/985 5946/115/985
f 5955/115/987 5952/115/987 5953/115/987
f 5947/115/6641 5942/115/6641 5948/115/6641
f 5947/115/6641 5948/115/6641 5953/115/6641
f 5954/115/985 5942/115/985 5947/115/985
f 5955/115/987 5953/115/987 5948/115/987
f 5956/115/6636 5957/115/6636 5963/115/6636
f 5956/115/6636 5963/115/6636 5962/115/6636
f 5968/115/985 5957/115/985 5956/115/985
f 5969/115/987 5962/115/987 5963/115/987
f 5957/115/6637 5958/115/6637 5964/115/6637
f 5957/115/6637 5964/115/6637 5963/115/6637
f 5968/115/985 5958/115/985 5957/115/985
f 5969/115/987 5963/115/987 5964/115/987
f 5958/115/6638 5959/115/6638 5965/115/6638
f 5958/115/6638 5965/115/6638 5964/115/6638
f 5968/115/985 5959/115/985 5958/115/985
f 5969/115/987 5964/115/987 5965/115/987
f 5959/115/6639 5960/115/6639 5966/115/6639
f 5959/115/6639 5966/115/6639 5965/115/6639
f 5968/115/985 5960/115/985 5959/115/985
f 5969/115/987 5965/115/987 5966/115/987
f 5960/115/6640 5961/115/6640 5967/115/6640
f 5960/115/6640 5967/115/6640 5966/115/6640
f 5968/115/985 5961/115/985 5960/115/985
f 5969/115/987 5966/115/987 5967/115/987
f 5961/115/6641 5956/115/6641 5962/115/6641
f 5961/115/6641 5962/115/6641 5967/115/6641
f 5968/115/985 5956/115/985 5961/115/985
f 5969/115/987 5967/115/987 5962/115/987
f 5970/115/6636 5971/115/6636 5977/115/6636
f 5970/115/6636 5977/115/6636 5976/115/6636
f 5982/115/985 5971/115/985 5970/115/985
f 5983/115/987 5976/115/987 5977/115/987
f 5971/115/6637 5972/115/6637 5978/115/6637
f 5971/115/6637 5978/115/6637 5977/115/6637
f 5982/115/985 5972/115/985 5971/115/985
f 5983/115/987 5977/115/987 5978/115/987
f 5972/115/6638 5973/115/6638 5979/115/6638
f 5972/115/6638 5979/115/6638 5978/115/6638
f 5982/115/985 5973/115/985 5972/115/985
f 5983/115/987 5978/115/987 5979/115/987
f 5973/115/6642 5974/115/6642 5980/115/6643
f 5973/115/6642 5980/115/6643 5979/115/6643
f 5982/115/985 5974/115/985 5973/115/985
f 5983/115/987 5979/115/987 5980/115/987
f 5974/115/6640 5975/115/6640 5981/115/6640
f 5974/115/6640 5981/115/6640 5980/115/6640
f 5982/115/985 5975/115/985 5974/115/985
f 5983/115/987 5980/115/987 5981/115/987
f 5975/115/6644 5970/115/6644 5976/115/6645
f 5975/115/6644 5976/115/6645 5981/115/6645
f 5982/115/985 5970/115/985 5975/115/985
f 5983/115/987 5981/115/987 5976/115/987
f 5984/115/6646 5985/115/6646 5991/115/6636
f 5984/115/6646 5991/115/6636 5990/115/6636
f 5996/115/985 5985/115/985 5984/115/985
f 5997/115/987 5990/115/987 5991/115/987
f 5985/115/6637 5986/115/6637 5992/115/6637
f 5985/115/6637 5992/115/6637 5991/115/6637
f 5996/115/985 5986/115/985 5985/115/985
f 5997/115/987 5991/115/987 5992/115/987
f 5986/115/6647 5987/115/6647 5993/115/6638
f 5986/115/6647 5993/115/6638 5992/115/6638
f 5996/115/985 5987/115/985 5986/115/985
f 5997/115/987 5992/115/987 5993/115/987
f 5987/115/6639 5988/115/6639 5994/115/6639
f 5987/115/6639 5994/115/6639 5993/115/6639
f 5996/115/985 5988/115/985 5987/115/985
f 5997/115/987 5993/115/987 5994/115/987
f 5988/115/6640 5989/115/6640 5995/115/6640
f 5988/115/6640 5995/115/6640 5994/115/6640
f 5996/115/985 5989/115/985 5988/115/985
f 5997/115/987 5994/115/987 5995/115/987
f 5989/115/6641 5984/115/6641 5990/115/6641
f 5989/115/6641 5990/115/6641 5995/115/6641
f 5996/115/985 5984/115/985 5989/115/985
f 5997/115/987 5995/115/987 5990/115/987
f 5998/115/6636 5999/115/6636 6005/115/6636
f 5998/115/6636 6005/115/6636 6004/115/6636
f 6010/115/985 5999/115/985 5998/115/985
f 6011/115/987 6004/115/987 6005/115/987
f 5999/115/6637 6000/115/6637 6006/115/6637
f 5999/115/6637 6006/115/6637 6005/115/6637
f 6010/115/985 6000/115/985 5999/115/985
f 6011/115/987 6005/115/987 6006/115/987
f 6000/115/6638 6001/115/6638 6007/115/6638
f 6000/115/6638 6007/115/6638 6006/115/6638
f 6010/115/985 6001/115/985 6000/115/985
f 6011/115/987 6006/115/987 6007/115/987
f 6001/115/6639 6002/115/6639 6008/115/6639
f 6001/115/6639 6008/115/6639 6007/115/6639
f 6010/115/985 6002/115/985 6001/115/985
f 6011/115/987 6007/115/987 6008/115/987
f 6002/115/6640 6003/115/6640 6009/115/6640
f 6002/115/6640 6009/115/6640 6008/115/6640
f 6010/115/985 6003/115/985 6002/115/985
f 6011/115/987 6008/115/987 6009/115/987
f 6003/115/6641 5998/115/6641 6004/115/6641
f 6003/115/6641 6004/115/6641 6009/115/6641
f 6010/115/985 5998/115/985 6003/115/985
f 6011/115/987 6009/115/987 6004/115/987
f 6012/115/6646 6013/115/6646 6019/115/6636
f 6012/115/6646 6019/115/6636 6018/115/6636
f 6024/115/985 6013/115/985 6012/115/985
f 6025/115/987 6018/115/987 6019/115/987
f 6013/115/6637 6014/115/6637 6020/115/6637
f 6013/115/6637 6020/115/6637 6019/115/6637
f 6024/115/985 6014/115/985 6013/115/985
f 6025/115/987 6019/115/987 6020/115/987
f 6014/115/6647 6015/115/6647 6021/115/6638
f 6014/115/6647 6021/115/6638 6020/115/6638
f 6024/115/985 6015/115/985 6014/115/985
f 6025/115/987 6020/115/987 6021/115/987
f 6015/115/6639 6016/115/6639 6022/115/6639
f 6015/115/6639 6022/115/6639 6021/115/6639
f 6024/115/985 6016/115/985 6015/115/985
f 6025/115/987 6021/115/987 6022/115/987
f 6016/115/6640 6017/115/6640 6023/115/6640
f 6016/115/6640 6023/115/6640 6022/115/6640
f 6024/115/985 6017/115/985 6016/115/985
f 6025/115/987 6022/115/987 6023/115/987
f 6017/115/6641 6012/115/6641 6018/115/6641
f 6017/115/6641 6018/115/6641 6023/115/6641
f 6024/115/985 6012/115/985 6017/115/985
f 6025/115/987 6023/115/987 6018/115/987
f 6026/115/6636 6027/115/6636 6033/115/6636
f 6026/115/6636 6033/115/6636 6032/115/6636
f 6038/115/985 6027/115/985 6026/115/985
f 6039/115/987 6032/115/987 6033/115/987
f 6027/115/6637 6028/115/6637 6034/115/6637
f 6027/115/6637 6034/115/6637 6033/115/6637
f 6038/115/985 6028/115/985 6027/115/985
f 6039/115/987 6033/115/987 6034/115/987
f 6028/115/6638 6029/115/6638 6035/115/6638
f 6028/115/6638 6035/115/6638 6034/115/6638
f 6038/115/985 6029/115/985 6028/115/985
f 6039/115/987 6034/115/987 6035/115/987
f 6029/115/6642 6030/115/6642 6036/115/6643
f 6029/115/6642 6036/115/6643 6035/115/6643
f 6038/115/985 6030/115/985 6029/115/985
f 6039/115/987 6035/115/987 6036/115/987
f 6030/115/6640 6031/115/6640 6037/115/6640
f 6030/115/6640 6037/115/6640 6036/115/6640
f 6038/115/985 6031/115/985 6030/115/985
f 6039/115/987 6036/115/987 6037/115/987
f 6031/115/6644 6026/115/6644 6032/115/6645
f 6031/115/6644 6032/115/6645 6037/115/6645
f 6038/115/985 6026/115/985 6031/115/985
f 6039/115/987 6037/115/987 6032/115/987
f 6040/115/6636 6041/115/6636 6047/115/6636
f 6040/115/6636 6047/115/6636 6046/115/6636
f 6052/115/985 6041/115/985 6040/115/985
f 6053/115/987 6046/115/987 6047/115/987
f 6041/115/6637 6042/115/6637 6048/115/6637
f 6041/115/6637 6048/115/6637 6047/115/6637
f 6052/115/985 6042/115/985 6041/115/985
f 6053/115/987 6047/115/987 6048/115/987
f 6042/115/6638 6043/115/6638 6049/115/6638
f 6042/115/6638 6049/115/6638 6048/115/6638
f 6052/115/985 6043/115/985 6042/115/985
f 6053/115/987 6048/115/987 6049/115/987
f 6043/115/6639 6044/115/6639 6050/115/6639
f 6043/115/6639 6050/115/6639 6049/115/6639
f 6052/115/985 6044/115/985 6043/115/985
f 6053/115/987 6049/115/987 6050/115/987
f 6044/115/6640 6045/115/6640 6051/115/6640
f 6044/115/6640 6051/115/6640 6050/115/6640
f 6052/115/985 6045/115/985 6044/115/985
f 6053/115/987 6050/115/987 6051/115/987
f 6045/115/6641 6040/115/6641 6046/115/6641
f 6045/115/6641 6046/115/6641 6051/115/6641
f 6052/115/985 6040/115/985 6045/115/985
f 6053/115/987 6051/115/987 6046/115/987
f 6054/115/6636 6055/115/6636 6061/115/6636
f 6054/115/6636 6061/115/6636 6060/115/6636
f 6066/115/985 6055/115/985 6054/115/985
f 6067/115/987 6060/115/987 6061/115/987
f 6055/115/6637 6056/115/6637 6062/115/6637
f 6055/115/6637 6062/115/6637 6061/115/6637
f 6066/115/985 6056/115/985 6055/115/985
f 6067/115/987 6061/115/987 6062/115/987
f 6056/115/6638 6057/115/6638 6063/115/6638
f 6056/115/6638 6063/115/6638 6062/115/6638
f 6066/115/985 6057/115/985 6056/115/985
f 6067/115/987 6062/115/987 6063/115/987
f 6057/115/6639 6058/115/6639 6064/115/6639
f 6057/115/6639 6064/115/6639 6063/115/6639
f 6066/115/985 6058/115/985 6057/115/985
f 6067/115/987 6063/115/987 6064/115/987
f 6058/115/6640 6059/115/6640 6065/115/6640
f 6058/115/6640 6065/115/6640 6064/115/6640
f 6066/115/985 6059/115/985 6058/115/985
f 6067/115/987 6064/115/987 6065/115/987
f 6059/115/6641 6054/115/6641 6060/115/6641
f 6059/115/6641 6060/115/6641 6065/115/6641
f 6066/115/985 6054/115/985 6059/115/985
f 6067/115/987 6065/115/987 6060/115/987
f 6068/115/6636 6069/115/6636 6075/115/6636
f 6068/115/6636 6075/115/6636 6074/115/6636
f 6080/115/985 6069/115/985 6068/115/985
f 6081/115/987 6074/115/987 6075/115/987
f 6069/115/6637 6070/115/6637 6076/115/6637
f 6069/115/6637 6076/115/6637 6075/115/6637
f 6080/115/985 6070/115/985 6069/115/985
f 6081/115/987 6075/115/987 6076/115/987
f 6070/115/6638 6071/115/6638 6077/115/6638
f 6070/115/6638 6077/115/6638 6076/115/6638
f 6080/115/985 6071/115/985 6070/115/985
f 6081/115/987 6076/115/987 6077/115/987
f 6071/115/6639 6072/115/6639 6078/115/6639
f 6071/115/6639 6078/115/6639 6077/115/6639
f 6080/115/985 6072/115/985 6071/115/985
f 6081/115/987 6077/115/987 6078/115/987
f 6072/115/6640 6073/115/6640 6079/115/6640
f 6072/115/6640 6079/115/6640 6078/115/6640
f 6080/115/985 6073/115/985 6072/115/985
f 6081/115/987 6078/115/987 6079/115/987
f 6073/115/6641 6068/115/6641 6074/115/6641
f 6073/115/6641 6074/115/6641 6079/115/6641
f 6080/115/985 6068/115/985 6073/115/985
f 6081/115/987 6079/115/987 6074/115/987
f 6082/115/6646 6083/115/6646 6089/115/6648
f 6082/115/6646 6089/115/6648 6088/115/6648
f 6094/115/985 6083/115/985 6082/115/985
f 6095/115/987 6088/115/987 6089/115/987
f 6083/115/6637 6084/115/6637 6090/115/6637
f 6083/115/6637 6090/115/6637 6089/115/6637
f 6094/115/985 6084/115/985 6083/115/985
f 6095/115/987 6089/115/987 6090/115/987
f 6084/115/6647 6085/115/6647 6091/115/6649
f 6084/115/6647 6091/115/6649 6090/115/6649
f 6094/115/985 6085/115/985 6084/115/985
f 6095/115/987 6090/115/987 6091/115/987
f 6085/115/6639 6086/115/6639 6092/115/6639
f 6085/115/6639 6092/115/6639 6091/115/6639
f 6094/115/985 6086/115/985 6085/115/985
f 6095/115/987 6091/115/987 6092/115/987
f 6086/115/6640 6087/115/6640 6093/115/6640
f 6086/115/6640 6093/115/6640 6092/115/6640
f 6094/115/985 6087/115/985 6086/115/985
f 6095/115/987 6092/115/987 6093/115/987
f 6087/115/6641 6082/115/6641 6088/115/6641
f 6087/115/6641 6088/115/6641 6093/115/6641
f 6094/115/985 6082/115/985 6087/115/985
f 6095/115/987 6093/115/987 6088/115/987
f 6096/115/6636 6097/115/6636 6103/115/6636
f 6096/115/6636 6103/115/6636 6102/115/6636
f 6108/115/985 6097/115/985 6096/115/985
f 6109/115/987 6102/115/987 6103/115/987
f 6097/115/6637 6098/115/6637 6104/115/6637
f 6097/115/6637 6104/115/6637 6103/115/6637
f 6108/115/985 6098/115/985 6097/115/985
f 6109/115/987 6103/115/987 6104/115/987
f 6098/115/6638 6099/115/6638 6105/115/6638
f 6098/115/6638 6105/115/6638 6104/115/6638
f 6108/115/985 6099/115/985 6098/115/985
f 6109/115/987 6104/115/987 6105/115/987
f 6099/115/6642 6100/115/6642 6106/115/6639
f 6099/115/6642 6106/115/6639 6105/115/6639
f 6108/115/985 6100/115/985 6099/115/985
f 6109/115/987 6105/115/987 6106/115/987
f 6100/115/6640 6101/115/6640 6107/115/6640
f 6100/115/6640 6107/115/6640 6106/115/6640
f 6108/115/985 6101/115/985 6100/115/985
f 6109/115/987 6106/115/987 6107/115/987
f 6101/115/6644 6096/115/6644 6102/115/6641
f 6101/115/6644 6102/115/6641 6107/115/6641
f 6108/115/985 6096/115/985 6101/115/985
f 6109/115/987 6107/115/987 6102/115/987
f 6110/115/6636 6111/115/6636 6117/115/6636
f 6110/115/6636 6117/115/6636 6116/115/6636
f 6122/115/985 6111/115/985 6110/115/985
f 6123/115/987 6116/115/987 6117/115/987
f 6111/115/6637 6112/115/6637 6118/115/6637
f 6111/115/6637 6118/115/6637 6117/115/6637
f 6122/115/985 6112/115/985 6111/115/985
f 6123/115/987 6117/115/987 6118/115/987
f 6112/115/6638 6113/115/6638 6119/115/6638
f 6112/115/6638 6119/115/6638 6118/115/6638
f 6122/115/985 6113/115/985 6112/115/985
f 6123/115/987 6118/115/987 6119/115/987
f 6113/115/6639 6114/115/6639 6120/115/6639
f 6113/115/6639 6120/115/6639 6119/115/6639
f 6122/115/985 6114/115/985 6113/115/985
f 6123/115/987 6119/115/987 6120/115/987
f 6114/115/6640 6115/115/6640 6121/115/6640
f 6114/115/6640 6121/115/6640 6120/115/6640
f 6122/115/985 6115/115/985 6114/115/985
f 6123/115/987 6120/115/987 6121/115/987
f 6115/115/6641 6110/115/6641 6116/115/6641
f 6115/115/6641 6116/115/6641 6121/115/6641
f 6122/115/985 6110/115/985 6115/115/985
f 6123/115/987 6121/115/987 6116/115/987
f 6124/115/6636 6125/115/6636 6131/115/6636
f 6124/115/6636 6131/115/6636 6130/115/6636
f 6136/115/985 6125/115/985 6124/115/985
f 6137/115/987 6130/115/987 6131/115/987
f 6125/115/6637 6126/115/6637 6132/115/6637
f 6125/115/6637 6132/115/6637 6131/115/6637
f 6136/115/985 6126/115/985 6125/115/985
f 6137/115/987 6131/115/987 6132/115/987
f 6126/115/6638 6127/115/6638 6133/115/6638
f 6126/115/6638 6133/115/6638 6132/115/6638
f 6136/115/985 6127/115/985 6126/115/985
f 6137/115/987 6132/115/987 6133/115/987
f 6127/115/6642 6128/115/6642 6134/115/6639
f 6127/115/6642 6134/115/6639 6133/115/6639
f 6136/115/985 6128/115/985 6127/115/985
f 6137/115/987 6133/115/987 6134/115/987
f 6128/115/6640 6129/115/6640 6135/115/6640
f 6128/115/6640 6135/115/6640 6134/115/6640
f 6136/115/985 6129/115/985 6128/115/985
f 6137/115/987 6134/115/987 6135/115/987
f 6129/115/6644 6124/115/6644 6130/115/6641
f 6129/115/6644 6130/115/6641 6135/115/6641
f 6136/115/985 6124/115/985 6129/115/985
f 6137/115/987 6135/115/987 6130/115/987
f 6138/115/6646 6139/115/6646 6145/115/6648
f 6138/115/6646 6145/115/6648 6144/115/6648
f 6150/115/985 6139/115/985 6138/115/985
f 6151/115/987 6144/115/987 6145/115/987
f 6139/115/6637 6140/115/6637 6146/115/6637
f 6139/115/6637 6146/115/6637 6145/115/6637
f 6150/115/985 6140/115/985 6139/115/985
f 6151/115/987 6145/115/987 6146/115/987
f 6140/115/6647 6141/115/6647 6147/115/6649
f 6140/115/6647 6147/115/6649 6146/115/6649
f 6150/115/985 6141/115/985 6140/115/985
f 6151/115/987 6146/115/987 6147/115/987
f 6141/115/6639 6142/115/6639 6148/115/6639
f 6141/115/6639 6148/115/6639 6147/115/6639
f 6150/115/985 6142/115/985 6141/115/985
f 6151/115/987 6147/115/987 6148/115/987
f 6142/115/6640 6143/115/6640 6149/115/6640
f 6142/115/6640 6149/115/6640 6148/115/6640
f 6150/115/985 6143/115/985 6142/115/985
f 6151/115/987 6148/115/987 6149/115/987
f 6143/115/6641 6138/115/6641 6144/115/6641
f 6143/115/6641 6144/115/6641 6149/115/6641
f 6150/115/985 6138/115/985 6143/115/985
f 6151/115/987 6149/115/987 6144/115/987
f 6152/115/6636 6153/115/6636 6159/115/6636
f 6152/115/6636 6159/115/6636 6158/115/6636
f 6164/115/985 6153/115/985 6152/115/985
f 6165/115/987 6158/115/987 6159/115/987
f 6153/115/6637 6154/115/6637 6160/115/6637
f 6153/115/6637 6160/115/6637 6159/115/6637
f 6164/115/985 6154/115/985 6153/115/985
f 6165/115/987 6159/115/987 6160/115/987
f 6154/115/6638 6155/115/6638 6161/115/6638
f 6154/115/6638 6161/115/6638 6160/115/6638
f 6164/115/985 6155/115/985 6154/115/985
f 6165/115/987 6160/115/987 6161/115/987
f 6155/115/6639 6156/115/6639 6162/115/6639
f 6155/115/6639 6162/115/6639 6161/115/6639
f 6164/115/985 6156/115/985 6155/115/985
f 6165/115/987 6161/115/987 6162/115/987
f 6156/115/6640 6157/115/6640 6163/115/6640
f 6156/115/6640 6163/115/6640 6162/115/6640
f 6164/115/985 6157/115/985 6156/115/985
f 6165/115/987 6162/115/987 6163/115/987
f 6157/115/6641 6152/115/6641 6158/115/6641
f 6157/115/6641 6158/115/6641 6163/115/6641
f 6164/115/985 6152/115/985 6157/115/985
f 6165/115/987 6163/115/987 6158/115/987
f 6166/115/6650 6167/115/6650 6173/115/6650
f 6166/115/6650 6173/115/6650 6172/115/6650
f 6178/115/985 6167/115/985 6166/115/985
f 6179/115/987 6172/115/987 6173/115/987
f 6167/115/6651 6168/115/6651 6174/115/6651
f 6167/115/6651 6174/115/6651 6173/115/6651
f 6178/115/985 6168/115/985 6167/115/985
f 6179/115/987 6173/115/987 6174/115/987
f 6168/115/6652 6169/115/6652 6175/115/6652
f 6168/115/6652 6175/115/6652 6174/115/6652
f 6178/115/985 6169/115/985 6168/115/985
f 6179/115/987 6174/115/987 6175/115/987
f 6169/115/6653 6170/115/6653 6176/115/6653
f 6169/115/6653 6176/115/6653 6175/115/6653
f 6178/115/985 6170/115/985 6169/115/985
f 6179/115/987 6175/115/987 6176/115/987
f 6170/115/6654 6171/115/6654 6177/115/6654
f 6170/115/6654 6177/115/6654 6176/115/6654
f 6178/115/985 6171/115/985 6170/115/985
f 6179/115/987 6176/115/987 6177/115/987
f 6171/115/6655 6166/115/6655 6172/115/6655
f 6171/115/6655 6172/115/6655 6177/115/6655
f 6178/115/985 6166/115/985 6171/115/985
f 6179/115/987 6177/115/987 6172/115/987
f 6180/115/6650 6181/115/6650 6187/115/6650
f 6180/115/6650 6187/115/6650 6186/115/6650
f 6192/115/985 6181/115/985 6180/115/985
f 6193/115/987 6186/115/987 6187/115/987
f 6181/115/6651 6182/115/6651 6188/115/6651
f 6181/115/6651 6188/115/6651 6187/115/6651
f 6192/115/985 6182/115/985 6181/115/985
f 6193/115/987 6187/115/987 6188/115/987
f 6182/115/6652 6183/115/6656 6189/115/6652
f 6182/115/6652 6189/115/6652 6188/115/6652
f 6192/115/985 6183/115/985 6182/115/985
f 6193/115/987 6188/115/987 6189/115/987
f 6183/115/6657 6184/115/6657 6190/115/6653
f 6183/115/6657 6190/115/6653 6189/115/6653
f 6192/115/985 6184/115/985 6183/115/985
f 6193/115/987 6189/115/987 6190/115/987
f 6184/115/6654 6185/115/6654 6191/115/6654
f 6184/115/6654 6191/115/6654 6190/115/6654
f 6192/115/985 6185/115/985 6184/115/985
f 6193/115/987 6190/115/987 6191/115/987
f 6185/115/6655 6180/115/6655 6186/115/6655
f 6185/115/6655 6186/115/6655 6191/115/6655
f 6192/115/985 6180/115/985 6185/115/985
f 6193/115/987 6191/115/987 6186/115/987
f 6194/115/6658 6195/115/6658 6201/115/6650
f 6194/115/6658 6201/115/6650 6200/115/6650
f 6206/115/985 6195/115/985 6194/115/985
f 6207/115/987 6200/115/987 6201/115/987
f 6195/115/6651 6196/115/6651 6202/115/6651
f 6195/115/6651 6202/115/6651 6201/115/6651
f 6206/115/985 6196/115/985 6195/115/985
f 6207/115/987 6201/115/987 6202/115/987
f 6196/115/6659 6197/115/6659 6203/115/6652
f 6196/115/6659 6203/115/6652 6202/115/6652
f 6206/115/985 6197/115/985 6196/115/985
f 6207/115/987 6202/115/987 6203/115/987
f 6197/115/6653 6198/115/6653 6204/115/6653
f 6197/115/6653 6204/115/6653 6203/115/6653
f 6206/115/985 6198/115/985 6197/115/985
f 6207/115/987 6203/115/987 6204/115/987
f 6198/115/6654 6199/115/6654 6205/115/6654
f 6198/115/6654 6205/115/6654 6204/115/6654
f 6206/115/985 6199/115/985 6198/115/985
f 6207/115/987 6204/115/987 6205/115/987
f 6199/115/6655 6194/115/6655 6200/115/6655
f 6199/115/6655 6200/115/6655 6205/115/6655
f 6206/115/985 6194/115/985 6199/115/985
f 6207/115/987 6205/115/987 6200/115/987
f 6208/115/6658 6209/115/6658 6215/115/6650
f 6208/115/6658 6215/115/6650 6214/115/6650
f 6220/115/985 6209/115/985 6208/115/985
f 6221/115/987 6214/115/987 6215/115/987
f 6209/115/6651 6210/115/6651 6216/115/6651
f 6209/115/6651 6216/115/6651 6215/115/6651
f 6220/115/985 6210/115/985 6209/115/985
f 6221/115/987 6215/115/987 6216/115/987
f 6210/115/6659 6211/115/6659 6217/115/6652
f 6210/115/6659 6217/115/6652 6216/115/6652
f 6220/115/985 6211/115/985 6210/115/985
f 6221/115/987 6216/115/987 6217/115/987
f 6211/115/6653 6212/115/6653 6218/115/6653
f 6211/115/6653 6218/115/6653 6217/115/6653
f 6220/115/985 6212/115/985 6211/115/985
f 6221/115/987 6217/115/987 6218/115/987
f 6212/115/6654 6213/115/6654 6219/115/6654
f 6212/115/6654 6219/115/6654 6218/115/6654
f 6220/115/985 6213/115/985 6212/115/985
f 6221/115/987 6218/115/987 6219/115/987
f 6213/115/6655 6208/115/6655 6214/115/6655
f 6213/115/6655 6214/115/6655 6219/115/6655
f 6220/115/985 6208/115/985 6213/115/985
f 6221/115/987 6219/115/987 6214/115/987
f 6222/115/6650 6223/115/6660 6229/115/6650
f 6222/115/6650 6229/115/6650 6228/115/6650
f 6234/115/985 6223/115/985 6222/115/985
f 6235/115/987 6228/115/987 6229/115/987
f 6223/115/6651 6224/115/6651 6230/115/6651
f 6223/115/6651 6230/115/6651 6229/115/6651
f 6234/115/985 6224/115/985 6223/115/985
f 6235/115/987 6229/115/987 6230/115/987
f 6224/115/6652 6225/115/6652 6231/115/6652
f 6224/115/6652 6231/115/6652 6230/115/6652
f 6234/115/985 6225/115/985 6224/115/985
f 6235/115/987 6230/115/987 6231/115/987
f 6225/115/6653 6226/115/6653 6232/115/6653
f 6225/115/6653 6232/115/6653 6231/115/6653
f 6234/115/985 6226/115/985 6225/115/985
f 6235/115/987 6231/115/987 6232/115/987
f 6226/115/6654 6227/115/6654 6233/115/6654
f 6226/115/6654 6233/115/6654 6232/115/6654
f 6234/115/985 6227/115/985 6226/115/985
f 6235/115/987 6232/115/987 6233/115/987
f 6227/115/6661 6222/115/6661 6228/115/6655
f 6227/115/6661 6228/115/6655 6233/115/6655
f 6234/115/985 6222/115/985 6227/115/985
f 6235/115/987 6233/115/987 6228/115/987
f 6236/115/6650 6237/115/6650 6243/115/6650
f 6236/115/6650 6243/115/6650 6242/115/6650
f 6248/115/985 6237/115/985 6236/115/985
f 6249/115/987 6242/115/987 6243/115/987
f 6237/115/6651 6238/115/6651 6244/115/6651
f 6237/115/6651 6244/115/6651 6243/115/6651
f 6248/115/985 6238/115/985 6237/115/985
f 6249/115/987 6243/115/987 6244/115/987
f 6238/115/6652 6239/115/6652 6245/115/6652
f 6238/115/6652 6245/115/6652 6244/115/6652
f 6248/115/985 6239/115/985 6238/115/985
f 6249/115/987 6244/115/987 6245/115/987
f 6239/115/6653 6240/115/6653 6246/115/6653
f 6239/115/6653 6246/115/6653 6245/115/6653
f 6248/115/985 6240/115/985 6239/115/985
f 6249/115/987 6245/115/987 6246/115/987
f 6240/115/6654 6241/115/6654 6247/115/6654
f 6240/115/6654 6247/115/6654 6246/115/6654
f 6248/115/985 6241/115/985 6240/115/985
f 6249/115/987 6246/115/987 6247/115/987
f 6241/115/6655 6236/115/6655 6242/115/6655
f 6241/115/6655 6242/115/6655 6247/115/6655
f 6248/115/985 6236/115/985 6241/115/985
f 6249/115/987 6247/115/987 6242/115/987
f 6250/115/6660 6251/115/6660 6257/115/6650
f 6250/115/6660 6257/115/6650 6256/115/6650
f 6262/115/985 6251/115/985 6250/115/985
f 6263/115/987 6256/115/987 6257/115/987
f 6251/115/6651 6252/115/6651 6258/115/6651
f 6251/115/6651 6258/115/6651 6257/115/6651
f 6262/115/985 6252/115/985 6251/115/985
f 6263/115/987 6257/115/987 6258/115/987
f 6252/115/6652 6253/115/6652 6259/115/6652
f 6252/115/6652 6259/115/6652 6258/115/6652
f 6262/115/985 6253/115/985 6252/115/985
f 6263/115/987 6258/115/987 6259/115/987
f 6253/115/6653 6254/115/6653 6260/115/6653
f 6253/115/6653 6260/115/6653 6259/115/6653
f 6262/115/985 6254/115/985 6253/115/985
f 6263/115/987 6259/115/987 6260/115/987
f 6254/115/6654 6255/115/6654 6261/115/6654
f 6254/115/6654 6261/115/6654 6260/115/6654
f 6262/115/985 6255/115/985 6254/115/985
f 6263/115/987 6260/115/987 6261/115/987
f 6255/115/6655 6250/115/6661 6256/115/6655
f 6255/115/6655 6256/115/6655 6261/115/6655
f 6262/115/985 6250/115/985 6255/115/985
f 6263/115/987 6261/115/987 6256/115/987
f 6264/115/6650 6265/115/6650 6271/115/6650
f 6264/115/6650 6271/115/6650 6270/115/6650
f 6276/115/985 6265/115/985 6264/115/985
f 6277/115/987 6270/115/987 6271/115/987
f 6265/115/6651 6266/115/6651 6272/115/6651
f 6265/115/6651 6272/115/6651 6271/115/6651
f 6276/115/985 6266/115/985 6265/115/985
f 6277/115/987 6271/115/987 6272/115/987
f 6266/115/6652 6267/115/6652 6273/115/6652
f 6266/115/6652 6273/115/6652 6272/115/6652
f 6276/115/985 6267/115/985 6266/115/985
f 6277/115/987 6272/115/987 6273/115/987
f 6267/115/6662 6268/115/6662 6274/115/6653
f 6267/115/6662 6274/115/6653 6273/115/6653
f 6276/115/985 6268/115/985 6267/115/985
f 6277/115/987 6273/115/987 6274/115/987
f 6268/115/6654 6269/115/6654 6275/115/6654
f 6268/115/6654 6275/115/6654 6274/115/6654
f 6276/115/985 6269/115/985 6268/115/985
f 6277/115/987 6274/115/987 6275/115/987
f 6269/115/6663 6264/115/6663 6270/115/6655
f 6269/115/6663 6270/115/6655 6275/115/6655
f 6276/115/985 6264/115/985 6269/115/985
f 6277/115/987 6275/115/987 6270/115/987
f 6278/115/6650 6279/115/6650 6285/115/6650
f 6278/115/6650 6285/115/6650 6284/115/6650
f 6290/115/985 6279/115/985 6278/115/985
f 6291/115/987 6284/115/987 6285/115/987
f 6279/115/6651 6280/115/6651 6286/115/6651
f 6279/115/6651 6286/115/6651 6285/115/6651
f 6290/115/985 6280/115/985 6279/115/985
f 6291/115/987 6285/115/987 6286/115/987
f 6280/115/6652 6281/115/6652 6287/115/6652
f 6280/115/6652 6287/115/6652 6286/115/6652
f 6290/115/985 6281/115/985 6280/115/985
f 6291/115/987 6286/115/987 6287/115/987
f 6281/115/6662 6282/115/6662 6288/115/6653
f 6281/115/6662 6288/115/6653 6287/115/6653
f 6290/115/985 6282/115/985 6281/115/985
f 6291/115/987 6287/115/987 6288/115/987
f 6282/115/6654 6283/115/6654 6289/115/6654
f 6282/115/6654 6289/115/6654 6288/115/6654
f 6290/115/985 6283/115/985 6282/115/985
f 6291/115/987 6288/115/987 6289/115/987
f 6283/115/6663 6278/115/6663 6284/115/6655
f 6283/115/6663 6284/115/6655 6289/115/6655
f 6290/115/985 6278/115/985 6283/115/985
f 6291/115/987 6289/115/987 6284/115/987
f 6292/115/6650 6293/115/6650 6299/115/6650
f 6292/115/6650 6299/115/6650 6298/115/6650
f 6304/115/985 6293/115/985 6292/115/985
f 6305/115/987 6298/115/987 6299/115/987
f 6293/115/6651 6294/115/6651 6300/115/6651
f 6293/115/6651 6300/115/6651 6299/115/6651
f 6304/115/985 6294/115/985 6293/115/985
f 6305/115/987 6299/115/987 6300/115/987
f 6294/115/6656 6295/115/6656 6301/115/6652
f 6294/115/6656 6301/115/6652 6300/115/6652
f 6304/115/985 6295/115/985 6294/115/985
f 6305/115/987 6300/115/987 6301/115/987
f 6295/115/6653 6296/115/6657 6302/115/6653
f 6295/115/6653 6302/115/6653 6301/115/6653
f 6304/115/985 6296/115/985 6295/115/985
f 6305/115/987 6301/115/987 6302/115/987
f 6296/115/6654 6297/115/6654 6303/115/6654
f 6296/115/6654 6303/115/6654 6302/115/6654
f 6304/115/985 6297/115/985 6296/115/985
f 6305/115/987 6302/115/987 6303/115/987
f 6297/115/6655 6292/115/6655 6298/115/6655
f 6297/115/6655 6298/115/6655 6303/115/6655
f 6304/115/985 6292/115/985 6297/115/985
f 6305/115/987 6303/115/987 6298/115/987
