# Blender 5.2.2 LTS
# www.blender.org
mtllib canon tour avec les trou .mtl
o RenderMesh_98910544613270
v 0.107911 -0.024097 -0.478643
v 0.108268 0.011557 -0.478643
v 0.112468 0.013297 -0.478643
v 0.107911 -0.042415 -0.478643
v 0.112468 -0.079810 -0.478643
v 0.108267 -0.078073 -0.478643
v 0.088225 -0.097656 -0.478643
v 0.089923 -0.102355 -0.478643
v 0.088225 -0.102355 -0.478643
v 0.054210 0.071556 -0.478643
v 0.082785 0.036535 -0.478643
v 0.046643 0.071556 -0.478643
v 0.082785 0.036535 -0.478643
v 0.112468 0.013297 -0.478643
v 0.108268 0.011557 -0.478643
v -0.082786 0.036535 -0.478643
v -0.054211 0.071556 -0.478643
v -0.046644 0.071556 -0.478643
v -0.112469 0.013297 -0.478643
v -0.107912 -0.024097 -0.478643
v -0.108269 0.011557 -0.478643
v -0.112469 -0.058346 -0.478643
v -0.107912 -0.042415 -0.478643
v -0.108053 -0.056516 -0.478643
v -0.112469 0.013297 -0.478643
v -0.082786 0.036535 -0.478643
v -0.108269 0.011557 -0.478643
v -0.089924 -0.102355 -0.478643
v -0.088226 -0.097656 -0.478643
v -0.088226 -0.102355 -0.478643
v -0.098811 -0.093468 -0.478643
v -0.094388 -0.091635 -0.478643
v -0.112595 0.013349 0.478643
v -0.125466 -0.079917 0.478643
v -0.112595 -0.079862 0.478643
v -0.125466 0.018680 0.478643
v -0.114417 0.029730 0.478643
v -0.096214 0.029730 0.478643
v 0.112595 0.013349 0.478643
v 0.125466 -0.079917 0.478643
v 0.125466 0.018680 0.478643
v 0.112595 -0.079862 0.478643
v 0.114417 0.029730 0.478643
v 0.096214 0.029730 0.478643
v -0.122045 -0.067820 -0.465321
v -0.108108 -0.062047 -0.465321
v -0.108152 -0.066442 -0.462537
v -0.124045 -0.073025 -0.462537
v -0.108268 -0.078073 -0.462537
v -0.124045 -0.084605 -0.462537
v -0.117377 -0.091273 -0.462537
v -0.101492 -0.084694 -0.462537
v -0.112282 -0.093539 -0.465321
v -0.098347 -0.087767 -0.465321
v 0.000000 0.140279 -0.442619
v 0.046600 0.123476 -0.442619
v 0.033729 0.114287 -0.442619
v 0.063403 0.140279 -0.442619
v 0.000000 0.114287 -0.442619
v 0.046600 0.092130 -0.442619
v 0.033729 0.089567 -0.442619
v 0.054579 0.089567 -0.442619
v 0.052016 0.092130 -0.442619
v -0.033730 0.114287 -0.442619
v 0.000000 0.140279 -0.442619
v 0.000000 0.114287 -0.442619
v -0.046601 0.123476 -0.442619
v -0.063404 0.140279 -0.442619
v -0.046601 0.092130 -0.442619
v -0.033730 0.089567 -0.442619
v -0.054580 0.089567 -0.442619
v -0.052017 0.092130 -0.442619
v 0.082244 -0.128415 -0.442404
v 0.073213 -0.119244 -0.442404
v 0.088225 -0.122433 -0.442404
v 0.088225 -0.104232 -0.442404
v 0.077895 -0.132763 -0.442404
v 0.059693 -0.132763 -0.442404
v -0.088226 -0.122433 -0.442404
v -0.088226 -0.104232 -0.442404
v -0.073214 -0.119244 -0.442404
v -0.082245 -0.128415 -0.442404
v -0.077896 -0.132763 -0.442404
v -0.059694 -0.132763 -0.442404
v -0.052017 0.092130 0.436554
v -0.046685 0.079259 0.445235
v -0.046600 0.092130 0.436554
v -0.096214 0.029730 0.478643
v -0.114417 0.029730 0.478643
v -0.033729 0.079259 0.445235
v -0.033729 0.114287 0.421609
v -0.046600 0.123476 0.415411
v -0.047928 0.151004 0.396843
v 0.000000 0.151004 0.396843
v 0.000000 0.114287 0.421609
v 0.033729 0.114287 0.421609
v 0.047928 0.151004 0.396843
v 0.000000 0.151004 0.396843
v -0.047928 0.151004 0.396843
v -0.033729 0.114287 0.421609
v 0.033729 0.114287 0.421609
v 0.000000 0.114287 0.421609
v 0.047928 0.151004 0.396843
v 0.046600 0.123476 0.415411
v 0.046600 0.092130 0.436554
v 0.033729 0.079259 0.445235
v 0.046685 0.079259 0.445235
v 0.052017 0.092130 0.436554
v 0.096214 0.029730 0.478643
v 0.114417 0.029730 0.478643
v 0.095218 -0.115442 0.451874
v 0.073168 -0.119289 0.448958
v 0.082265 -0.128395 0.442113
v 0.086113 -0.106345 0.458704
v 0.112595 -0.079862 0.478643
v 0.125466 -0.085193 0.474667
v 0.125466 -0.079917 0.478643
v 0.112595 -0.079862 0.478643
v 0.046685 -0.145772 0.429018
v 0.055349 -0.155311 0.421830
v 0.050250 -0.154379 0.422533
v 0.006137 -0.154379 0.422533
v 0.000000 -0.145772 0.429018
v 0.006137 -0.154379 0.422533
v 0.000000 -0.145772 0.429018
v 0.000000 -0.154379 0.422533
v -0.125466 -0.079917 0.478643
v -0.125466 -0.085193 0.474668
v -0.112595 -0.079862 0.478643
v -0.095218 -0.115442 0.451874
v -0.112595 -0.079862 0.478643
v -0.086113 -0.106345 0.458704
v -0.073168 -0.119289 0.448958
v -0.082265 -0.128395 0.442113
v -0.046685 -0.145772 0.429018
v -0.055349 -0.155311 0.421830
v -0.050250 -0.154379 0.422533
v -0.006137 -0.154379 0.422533
v 0.000000 -0.145772 0.429018
v -0.006137 -0.154379 0.422533
v 0.000000 -0.154379 0.422533
v 0.000000 -0.145772 0.429018
v 0.048297 0.158643 -0.411240
v 0.000000 0.140279 -0.411240
v 0.000000 0.158643 -0.411240
v -0.048298 0.158643 -0.411240
v 0.063403 0.140279 -0.411240
v 0.063403 0.143537 -0.411240
v -0.063404 0.140279 -0.411240
v -0.063404 0.143537 -0.411240
v 0.054579 0.089567 -0.460560
v 0.036133 0.081740 -0.468459
v 0.033801 0.089567 -0.460632
v 0.046643 0.071556 -0.478643
v 0.054210 0.071556 -0.478643
v -0.054211 0.071556 -0.478643
v -0.054580 0.089567 -0.460560
v -0.046644 0.071556 -0.478643
v -0.036134 0.081740 -0.468459
v -0.033802 0.089567 -0.460632
v 0.125465 -0.085193 -0.460560
v 0.093130 -0.117528 -0.460560
v 0.089923 -0.102355 -0.478643
v 0.112468 -0.079810 -0.478643
v -0.124045 -0.084605 -0.462537
v -0.117377 -0.091273 -0.462537
v -0.125466 -0.085193 -0.460560
v -0.093131 -0.117528 -0.460560
v -0.112282 -0.093539 -0.465321
v -0.098811 -0.093468 -0.478643
v -0.089924 -0.102355 -0.478643
v 0.125465 0.018680 -0.460560
v 0.125465 -0.085193 -0.460560
v 0.112468 0.013297 -0.478643
v 0.112468 -0.079810 -0.478643
v 0.088225 -0.122433 -0.454715
v 0.088225 -0.102355 -0.478643
v 0.093130 -0.117528 -0.460560
v 0.089923 -0.102355 -0.478643
v -0.088226 -0.102355 -0.478643
v -0.088226 -0.122433 -0.454715
v -0.093131 -0.117528 -0.460560
v -0.089924 -0.102355 -0.478643
v 0.000000 -0.158643 -0.411562
v -0.052017 -0.158643 -0.411562
v -0.009178 -0.145772 -0.426901
v 0.000000 -0.145772 -0.426901
v -0.046686 -0.145772 -0.426901
v -0.059694 -0.132763 -0.442404
v -0.077896 -0.132763 -0.442404
v 0.052016 -0.158643 -0.411562
v 0.009177 -0.145772 -0.426901
v 0.046685 -0.145772 -0.426901
v 0.059693 -0.132763 -0.442404
v 0.077895 -0.132763 -0.442404
v 0.000000 -0.158643 -0.411562
v 0.000000 -0.145772 -0.426901
v -0.125466 0.018680 -0.460560
v -0.112469 -0.058346 -0.478643
v -0.122045 -0.067820 -0.465321
v -0.112469 0.013297 -0.478643
v -0.124045 -0.073025 -0.462537
v -0.125466 -0.085193 -0.460560
v -0.124045 -0.084605 -0.462537
v 0.054210 0.071556 -0.478643
v 0.125465 0.018680 -0.460560
v 0.112468 0.013297 -0.478643
v 0.054579 0.089567 -0.460560
v 0.125465 0.018680 -0.460560
v 0.054210 0.071556 -0.478643
v -0.103296 0.040851 0.345582
v -0.094195 0.031750 0.345582
v -0.090787 0.035158 0.340762
v -0.104571 0.039575 0.352165
v -0.099888 0.044259 0.340762
v -0.095232 0.048914 0.338998
v -0.086132 0.039813 0.338998
v -0.095474 0.030471 0.352165
v -0.104571 0.039575 0.402363
v -0.095474 0.030471 0.402363
v -0.094195 0.031750 0.408947
v -0.103296 0.040851 0.408947
v -0.090787 0.035158 0.413766
v -0.099888 0.044259 0.413766
v -0.082251 0.061896 0.338998
v -0.073150 0.052795 0.338998
v -0.077595 0.066551 0.340762
v -0.068494 0.057450 0.340762
v -0.065087 0.060858 0.345582
v -0.074187 0.069959 0.345582
v -0.063839 0.062106 0.352165
v -0.072940 0.071207 0.352165
v -0.072940 0.071207 0.402363
v -0.063839 0.062106 0.402363
v -0.065086 0.060858 0.408947
v -0.074187 0.069959 0.408947
v 0.104571 0.039575 0.352165
v 0.103295 0.040851 0.345582
v 0.094194 0.031750 0.345582
v 0.095473 0.030471 0.352165
v 0.090786 0.035158 0.340762
v 0.104571 0.039575 0.402363
v 0.099887 0.044259 0.340762
v 0.095232 0.048914 0.338998
v 0.086131 0.039813 0.338998
v 0.095473 0.030471 0.402363
v 0.094194 0.031750 0.408947
v 0.103295 0.040851 0.408947
v 0.090786 0.035158 0.413766
v 0.099887 0.044259 0.413766
v 0.082250 0.061896 0.338998
v 0.073149 0.052795 0.338998
v 0.077595 0.066551 0.340762
v 0.068494 0.057450 0.340762
v 0.065086 0.060858 0.345582
v 0.074187 0.069959 0.345582
v 0.063838 0.062106 0.352165
v 0.072939 0.071207 0.352165
v 0.072939 0.071207 0.402363
v 0.063838 0.062106 0.402363
v 0.065086 0.060858 0.408947
v 0.074187 0.069959 0.408947
v -0.054211 0.071556 -0.478643
v -0.112469 0.013297 -0.478643
v -0.125466 0.018680 -0.460560
v -0.125466 0.018680 -0.460560
v -0.054580 0.089567 -0.460560
v -0.054211 0.071556 -0.478643
v 0.048297 0.158643 -0.351471
v 0.000000 0.140279 -0.351471
v 0.000000 0.158643 -0.351471
v -0.048297 0.158643 -0.351471
v 0.063403 0.140279 -0.351471
v 0.063403 0.143537 -0.351471
v -0.063404 0.140279 -0.351471
v -0.063404 0.143537 -0.351471
v 0.047928 0.151004 0.396843
v 0.063403 0.143537 0.383867
v 0.052515 0.154425 0.389506
v 0.063403 0.140279 0.386065
v 0.046600 0.123476 0.415411
v -0.095233 -0.115427 0.340762
v -0.082251 -0.128409 0.340762
v -0.073150 -0.119308 0.340762
v -0.086132 -0.106326 0.340762
v 0.095232 -0.115427 0.340762
v 0.073149 -0.119308 0.340762
v 0.082250 -0.128409 0.340762
v 0.086131 -0.106326 0.340762
v -0.063403 0.143537 0.383867
v -0.047928 0.151004 0.396843
v -0.052515 0.154425 0.389506
v -0.063403 0.140279 0.386065
v -0.046600 0.123476 0.415411
v -0.086132 0.039813 0.338998
v -0.082251 0.061896 0.338998
v -0.095232 0.048914 0.338998
v 0.082250 0.061896 0.338998
v 0.086131 0.039813 0.338998
v 0.095232 0.048914 0.338998
v 0.000000 0.158643 0.380460
v -0.047928 0.151004 0.396843
v 0.000000 0.151004 0.396843
v -0.048297 0.158643 0.380460
v -0.052515 0.154425 0.389506
v 0.000000 0.158643 0.380460
v 0.047928 0.151004 0.396843
v 0.048297 0.158643 0.380460
v 0.052515 0.154425 0.389506
v 0.000000 0.151004 0.396843
v 0.000000 -0.158643 0.413980
v 0.006137 -0.154379 0.422533
v 0.000000 -0.154379 0.422533
v 0.009178 -0.158643 0.413980
v -0.006137 -0.154379 0.422533
v 0.000000 -0.158643 0.413980
v 0.000000 -0.154379 0.422533
v -0.009178 -0.158643 0.413980
v 0.050250 -0.154379 0.422533
v 0.009178 -0.158643 0.413980
v 0.052017 -0.158643 0.413980
v 0.006137 -0.154379 0.422533
v 0.055349 -0.155311 0.421830
v -0.052017 -0.158643 0.413980
v -0.050250 -0.154379 0.422533
v -0.055349 -0.155311 0.421830
v -0.009178 -0.158643 0.413980
v -0.006137 -0.154379 0.422533
v 0.048297 0.158643 -0.291701
v 0.000000 0.140279 -0.291701
v 0.000000 0.158643 -0.291701
v -0.048297 0.158643 -0.291701
v 0.063403 0.140279 -0.291701
v 0.063403 0.143537 -0.291701
v -0.063404 0.140279 -0.291701
v -0.063404 0.143537 -0.291701
v 0.048297 0.158643 0.274612
v 0.063403 0.140279 0.274612
v 0.063403 0.143537 0.274612
v 0.000000 0.140279 0.274612
v 0.000000 0.158643 0.274612
v -0.048297 0.158643 0.274612
v -0.063403 0.140279 0.274612
v -0.063403 0.143537 0.274612
v 0.049418 -0.150796 -0.199061
v 0.052016 -0.158643 -0.191214
v 0.041890 -0.158643 -0.191051
v 0.059863 -0.150796 -0.199061
v -0.052017 -0.158643 -0.191214
v -0.049418 -0.150796 -0.199060
v -0.041891 -0.158643 -0.191051
v -0.059864 -0.150796 -0.199060
v 0.048297 0.158643 -0.231932
v 0.000000 0.140279 -0.231932
v 0.000000 0.158643 -0.231932
v -0.048297 0.158643 -0.231932
v 0.063403 0.140279 -0.231932
v 0.063403 0.143537 -0.231932
v -0.063403 0.140279 -0.231932
v -0.063403 0.143537 -0.231932
v 0.112595 -0.049020 0.224177
v 0.125466 -0.042436 0.222413
v 0.112595 -0.042436 0.222413
v 0.125466 -0.049020 0.224177
v 0.112595 -0.024077 0.222413
v 0.125466 -0.024077 0.222413
v 0.125466 -0.017493 0.224177
v 0.112595 -0.017493 0.224177
v -0.112596 -0.024077 0.222413
v -0.125466 -0.042436 0.222413
v -0.112596 -0.042436 0.222413
v -0.125466 -0.024077 0.222413
v -0.125466 -0.024077 0.222413
v -0.112596 -0.024077 0.222413
v -0.125466 -0.017493 0.224177
v -0.112596 -0.017493 0.224177
v -0.048297 0.158643 0.214843
v 0.000000 0.140279 0.214843
v 0.000000 0.158643 0.214843
v 0.048297 0.158643 0.214843
v -0.063403 0.140279 0.214843
v -0.063403 0.143537 0.214843
v 0.063403 0.140279 0.214843
v 0.063403 0.143537 0.214843
v -0.125466 -0.049020 0.224177
v -0.112596 -0.049020 0.224177
v -0.125466 -0.042436 0.222413
v -0.112596 -0.042436 0.222413
v 0.065086 0.060858 -0.199902
v 0.077595 0.066551 -0.195082
v 0.068494 0.057450 -0.195082
v 0.074187 0.069959 -0.199902
v 0.073149 0.052795 -0.193318
v 0.082250 0.061896 -0.193318
v 0.086131 0.039813 -0.193318
v 0.095232 0.048914 -0.193318
v 0.090786 0.035158 -0.195082
v 0.099887 0.044259 -0.195082
v -0.095232 0.048914 -0.193318
v -0.082251 0.061896 -0.193318
v -0.086131 0.039813 -0.193318
v -0.090787 0.035158 -0.195082
v -0.099888 0.044259 -0.195082
v -0.073150 0.052795 -0.193318
v -0.077595 0.066551 -0.195082
v -0.068494 0.057450 -0.195082
v -0.065086 0.060858 -0.199902
v -0.074187 0.069959 -0.199902
v 0.077595 -0.133064 -0.195082
v 0.073149 -0.119308 -0.193318
v 0.082250 -0.128409 -0.193318
v 0.068494 -0.123963 -0.195082
v 0.086131 -0.106326 -0.193318
v 0.095233 -0.115425 -0.193319
v -0.086132 -0.106326 -0.193318
v -0.082251 -0.128409 -0.193318
v -0.095234 -0.115425 -0.193319
v -0.073150 -0.119308 -0.193318
v -0.077596 -0.133064 -0.195082
v -0.068495 -0.123963 -0.195082
v -0.041891 -0.158643 -0.191051
v -0.034582 -0.145772 -0.191051
v -0.034582 -0.158643 -0.191051
v 0.041890 -0.145772 -0.191051
v 0.041890 -0.158643 -0.191051
v 0.034582 -0.145772 -0.191051
v 0.034582 -0.158643 -0.191051
v 0.104571 0.039575 0.279414
v 0.094194 0.031750 0.285997
v 0.103295 0.040851 0.285997
v 0.090786 0.035158 0.290817
v 0.099887 0.044259 0.290817
v 0.095474 0.030471 0.279414
v 0.095474 0.030471 0.109216
v 0.104571 0.039575 0.109216
v 0.094194 0.031750 0.102632
v 0.103295 0.040851 0.102632
v 0.099887 0.044259 0.097813
v 0.090786 0.035158 0.097813
v 0.086131 0.039813 0.096049
v 0.095232 0.048914 0.096049
v 0.082250 0.061896 0.096049
v 0.073149 0.052795 0.096049
v 0.077595 0.066551 0.097813
v 0.068494 0.057450 0.097813
v 0.065086 0.060858 0.102632
v 0.074187 0.069959 0.102632
v 0.072940 0.071207 0.109216
v 0.063838 0.062106 0.109216
v 0.063839 0.062106 0.279414
v 0.072940 0.071207 0.279414
v 0.074187 0.069959 0.285997
v 0.065086 0.060858 0.285997
v -0.048298 0.158643 -0.411240
v -0.048297 0.158643 -0.382850
v 0.000000 0.158643 -0.411240
v 0.000000 0.158643 -0.382850
v 0.048297 0.158643 -0.382850
v 0.048297 0.158643 -0.411240
v -0.048297 0.158643 0.380460
v 0.000000 0.158643 0.305991
v -0.048297 0.158643 0.305991
v 0.000000 0.158643 0.380460
v 0.048297 0.158643 0.380460
v 0.048297 0.158643 0.305991
v -0.048297 0.158643 0.246221
v -0.048297 0.158643 0.274612
v 0.000000 0.158643 0.246221
v 0.000000 0.158643 0.274612
v 0.048297 0.158643 0.274612
v 0.048297 0.158643 0.246221
v -0.048297 0.158643 -0.351471
v -0.048297 0.158643 -0.323080
v 0.000000 0.158643 -0.351471
v 0.000000 0.158643 -0.323080
v 0.048297 0.158643 -0.323080
v 0.048297 0.158643 -0.351471
v -0.048297 0.158643 -0.291701
v -0.048297 0.158643 -0.263311
v 0.000000 0.158643 -0.291701
v 0.000000 0.158643 -0.263311
v 0.048297 0.158643 -0.263311
v 0.048297 0.158643 -0.291701
v 0.000000 0.158643 0.126683
v 0.048297 0.158643 0.155073
v 0.048297 0.158643 0.126683
v 0.000000 0.158643 0.155073
v -0.048297 0.158643 0.155073
v -0.048297 0.158643 0.126683
v 0.000000 0.158643 0.186452
v 0.048297 0.158643 0.214843
v 0.048297 0.158643 0.186452
v 0.000000 0.158643 0.214843
v -0.048297 0.158643 0.214843
v -0.048297 0.158643 0.186452
v 0.000000 0.158643 -0.172163
v 0.048297 0.158643 -0.143773
v 0.048297 0.158643 -0.172163
v 0.000000 0.158643 -0.143773
v -0.048297 0.158643 -0.143773
v -0.048297 0.158643 -0.172163
v 0.000000 0.158643 0.066914
v 0.048297 0.158643 0.095304
v 0.048297 0.158643 0.066914
v 0.000000 0.158643 0.095304
v -0.048297 0.158643 0.095304
v -0.048297 0.158643 0.066914
v 0.000000 0.158643 0.007145
v 0.048297 0.158643 0.035535
v 0.048297 0.158643 0.007145
v 0.000000 0.158643 0.035535
v -0.048297 0.158643 0.035535
v -0.048297 0.158643 0.007145
v 0.000000 0.158643 -0.052625
v 0.048297 0.158643 -0.024234
v 0.048297 0.158643 -0.052625
v 0.000000 0.158643 -0.024234
v -0.048297 0.158643 -0.024234
v -0.048297 0.158643 -0.052625
v 0.000000 0.158643 -0.231932
v 0.048297 0.158643 -0.203542
v 0.048297 0.158643 -0.231932
v 0.000000 0.158643 -0.203542
v -0.048297 0.158643 -0.203542
v -0.048297 0.158643 -0.231932
v 0.000000 0.158643 -0.112394
v 0.048297 0.158643 -0.084004
v 0.048297 0.158643 -0.112394
v 0.000000 0.158643 -0.084003
v -0.048297 0.158643 -0.084003
v -0.048297 0.158643 -0.112394
v 0.048297 0.158643 -0.172163
v 0.000000 0.140279 -0.172163
v 0.000000 0.158643 -0.172163
v -0.048297 0.158643 -0.172163
v 0.063403 0.140279 -0.172163
v 0.063403 0.143537 -0.172163
v -0.063403 0.140279 -0.172163
v -0.063403 0.143537 -0.172163
v -0.090787 -0.101671 -0.195082
v -0.099888 -0.110772 -0.195082
v -0.103296 -0.107364 -0.199902
v -0.094195 -0.098263 -0.199902
v -0.095234 -0.115425 -0.193319
v -0.086132 -0.106326 -0.193318
v 0.095233 -0.115425 -0.193319
v 0.086131 -0.106326 -0.193318
v 0.090786 -0.101671 -0.195082
v 0.099887 -0.110772 -0.195082
v 0.103295 -0.107364 -0.199902
v 0.094194 -0.098263 -0.199902
v -0.122045 -0.067820 -0.465321
v -0.112469 -0.058346 -0.478643
v -0.108108 -0.062047 -0.465321
v -0.108053 -0.056516 -0.478643
v 0.063403 0.143537 -0.084003
v 0.063403 0.143537 -0.112394
v 0.048297 0.158643 -0.084004
v 0.048297 0.158643 -0.112394
v 0.063403 0.143537 -0.323080
v 0.063403 0.143537 -0.351471
v 0.048297 0.158643 -0.323080
v 0.048297 0.158643 -0.351471
v 0.063403 0.143537 -0.203542
v 0.063403 0.143537 -0.231932
v 0.048297 0.158643 -0.203542
v 0.048297 0.158643 -0.231932
v 0.063403 0.143537 0.155073
v 0.063403 0.143537 0.126683
v 0.048297 0.158643 0.155073
v 0.048297 0.158643 0.126683
v 0.063403 0.143537 -0.263311
v 0.063403 0.143537 -0.291701
v 0.048297 0.158643 -0.263311
v 0.048297 0.158643 -0.291701
v 0.063403 0.143537 -0.143773
v 0.063403 0.143537 -0.172163
v 0.048297 0.158643 -0.143773
v 0.048297 0.158643 -0.172163
v 0.063403 0.143537 0.214843
v 0.063403 0.143537 0.186452
v 0.048297 0.158643 0.214843
v 0.048297 0.158643 0.186452
v 0.063403 0.143537 0.274612
v 0.063403 0.143537 0.246221
v 0.048297 0.158643 0.274612
v 0.048297 0.158643 0.246221
v 0.063403 0.143537 -0.024234
v 0.063403 0.143537 -0.052625
v 0.048297 0.158643 -0.024234
v 0.048297 0.158643 -0.052625
v 0.063403 0.143537 -0.382850
v 0.063403 0.143537 -0.411240
v 0.048297 0.158643 -0.382850
v 0.048297 0.158643 -0.411240
v 0.063403 0.143537 0.035535
v 0.063403 0.143537 0.007145
v 0.048297 0.158643 0.035535
v 0.048297 0.158643 0.007145
v 0.063403 0.143537 0.383867
v 0.048297 0.158643 0.380460
v 0.052515 0.154425 0.389506
v 0.063403 0.143537 0.305991
v 0.048297 0.158643 0.305991
v 0.063403 0.143537 0.095304
v 0.063403 0.143537 0.066914
v 0.048297 0.158643 0.095304
v 0.048297 0.158643 0.066914
v 0.063403 0.140279 0.214843
v 0.000000 0.140279 0.214843
v 0.000000 0.140279 0.246221
v 0.063403 0.140279 0.246221
v -0.063403 0.140279 0.214843
v -0.063403 0.140279 0.246221
v -0.063403 0.140279 -0.024234
v 0.000000 0.140279 0.007145
v 0.000000 0.140279 -0.024234
v -0.063403 0.140279 0.007145
v 0.063403 0.140279 -0.024234
v 0.063403 0.140279 0.007145
v -0.063404 0.140279 -0.351471
v 0.000000 0.140279 -0.382850
v -0.063404 0.140279 -0.382850
v 0.000000 0.140279 -0.351471
v 0.063403 0.140279 -0.351471
v 0.063403 0.140279 -0.382850
v -0.063404 0.140279 -0.291701
v 0.000000 0.140279 -0.323080
v -0.063404 0.140279 -0.323080
v 0.000000 0.140279 -0.291701
v 0.063403 0.140279 -0.291701
v 0.063403 0.140279 -0.323080
v 0.063403 0.140279 0.035535
v 0.000000 0.140279 0.035535
v 0.000000 0.140279 0.066914
v 0.063403 0.140279 0.066914
v -0.063403 0.140279 0.035535
v -0.063403 0.140279 0.066914
v 0.063403 0.140279 -0.084003
v 0.000000 0.140279 -0.084003
v 0.000000 0.140279 -0.052625
v 0.063403 0.140279 -0.052625
v -0.063403 0.140279 -0.084003
v -0.063403 0.140279 -0.052625
v 0.063403 0.140279 -0.263311
v 0.000000 0.140279 -0.263311
v 0.000000 0.140279 -0.231932
v 0.063403 0.140279 -0.231932
v -0.063404 0.140279 -0.263311
v -0.063403 0.140279 -0.231932
v 0.063403 0.140279 -0.442619
v 0.000000 0.140279 -0.411240
v 0.063403 0.140279 -0.411240
v 0.000000 0.140279 -0.442619
v -0.063404 0.140279 -0.442619
v -0.063404 0.140279 -0.411240
v 0.063403 0.140279 0.155073
v 0.000000 0.140279 0.155073
v 0.000000 0.140279 0.186452
v 0.063403 0.140279 0.186452
v -0.063403 0.140279 0.155073
v -0.063403 0.140279 0.186452
v 0.063403 0.140279 -0.143773
v 0.000000 0.140279 -0.143773
v 0.000000 0.140279 -0.112394
v 0.063403 0.140279 -0.112394
v -0.063403 0.140279 -0.143773
v -0.063403 0.140279 -0.112394
v 0.063403 0.140279 -0.203542
v 0.000000 0.140279 -0.203542
v 0.000000 0.140279 -0.172163
v 0.063403 0.140279 -0.172163
v -0.063403 0.140279 -0.203542
v -0.063403 0.140279 -0.172163
v 0.063403 0.140279 0.095304
v 0.000000 0.140279 0.095304
v 0.000000 0.140279 0.126683
v 0.063403 0.140279 0.126683
v -0.063403 0.140279 0.095304
v -0.063403 0.140279 0.126683
v 0.000000 0.140279 0.274612
v -0.063403 0.140279 0.305991
v 0.000000 0.140279 0.305991
v -0.063403 0.140279 0.274612
v 0.063403 0.140279 0.274612
v 0.063403 0.140279 0.305991
v -0.048297 0.158643 -0.382850
v -0.048298 0.158643 -0.411240
v -0.063404 0.143537 -0.411240
v -0.063404 0.143537 -0.382850
v -0.048297 0.158643 -0.323080
v -0.048297 0.158643 -0.351471
v -0.063404 0.143537 -0.351471
v -0.063404 0.143537 -0.323080
v -0.048297 0.158643 -0.263311
v -0.048297 0.158643 -0.291701
v -0.063404 0.143537 -0.291701
v -0.063403 0.143537 -0.263311
v -0.048297 0.158643 -0.203542
v -0.048297 0.158643 -0.231932
v -0.063403 0.143537 -0.231932
v -0.063403 0.143537 -0.203542
v -0.048297 0.158643 -0.143773
v -0.048297 0.158643 -0.172163
v -0.063403 0.143537 -0.172163
v -0.063403 0.143537 -0.143773
v -0.048297 0.158643 -0.084003
v -0.048297 0.158643 -0.112394
v -0.063403 0.143537 -0.112394
v -0.063403 0.143537 -0.084003
v -0.048297 0.158643 -0.024234
v -0.048297 0.158643 -0.052625
v -0.063403 0.143537 -0.052625
v -0.063403 0.143537 -0.024234
v -0.048297 0.158643 0.035535
v -0.048297 0.158643 0.007145
v -0.063403 0.143537 0.007145
v -0.063403 0.143537 0.035535
v -0.048297 0.158643 0.095304
v -0.048297 0.158643 0.066914
v -0.063403 0.143537 0.066914
v -0.063403 0.143537 0.095304
v -0.048297 0.158643 0.155073
v -0.048297 0.158643 0.126683
v -0.063403 0.143537 0.126683
v -0.063403 0.143537 0.155073
v -0.048297 0.158643 0.214843
v -0.048297 0.158643 0.186452
v -0.063403 0.143537 0.186452
v -0.063403 0.143537 0.214843
v -0.048297 0.158643 0.274612
v -0.048297 0.158643 0.246221
v -0.063403 0.143537 0.246221
v -0.063403 0.143537 0.274612
v -0.063403 0.143537 0.305991
v -0.048297 0.158643 0.380460
v -0.048297 0.158643 0.305991
v -0.063403 0.143537 0.383867
v -0.052515 0.154425 0.389506
v -0.112596 -0.012674 0.228997
v -0.125466 -0.012674 0.228997
v -0.125466 -0.017493 0.224177
v -0.112596 -0.017493 0.224177
v -0.048297 0.158643 0.155073
v 0.000000 0.140279 0.155073
v 0.000000 0.158643 0.155073
v 0.048297 0.158643 0.155073
v -0.063403 0.140279 0.155073
v -0.063403 0.143537 0.155073
v 0.063403 0.140279 0.155073
v 0.063403 0.143537 0.155073
v 0.009177 -0.145772 -0.134943
v 0.008304 -0.158643 -0.134709
v 0.008304 -0.145772 -0.134709
v 0.000000 -0.145772 -0.134709
v 0.014240 -0.158643 -0.136300
v 0.000000 -0.158643 -0.134709
v 0.014240 -0.145772 -0.136300
v -0.008305 -0.158643 -0.134709
v 0.018585 -0.158643 -0.140645
v -0.008305 -0.145772 -0.134709
v 0.018585 -0.145772 -0.140645
v -0.009178 -0.145772 -0.134943
v 0.020175 -0.158643 -0.146580
v -0.014240 -0.158643 -0.136300
v 0.020175 -0.145772 -0.146580
v 0.020175 -0.158643 -0.176645
v 0.020175 -0.145772 -0.176645
v -0.014240 -0.145772 -0.136300
v -0.018585 -0.158643 -0.140645
v -0.018585 -0.145772 -0.140645
v -0.020176 -0.158643 -0.146580
v -0.020176 -0.145772 -0.146580
v -0.020176 -0.158643 -0.176645
v -0.020176 -0.145772 -0.176645
v -0.041891 -0.158643 -0.191051
v -0.049418 -0.150796 -0.199060
v -0.041891 -0.145772 -0.191051
v -0.046686 -0.145772 -0.196153
v -0.049418 -0.143039 -0.199060
v -0.034582 -0.145772 -0.191051
v -0.041891 -0.158643 -0.191051
v -0.098811 -0.093468 -0.478643
v -0.098347 -0.087767 -0.465321
v -0.094388 -0.091635 -0.478643
v -0.112282 -0.093539 -0.465321
v 0.000000 -0.158643 0.174901
v 0.009177 -0.158643 0.128484
v 0.009177 -0.158643 0.174901
v 0.000000 -0.158643 0.128484
v -0.009178 -0.158643 0.128484
v -0.009178 -0.158643 0.174901
v 0.015761 -0.158643 0.126720
v 0.009177 -0.158643 0.174901
v 0.015761 -0.158643 0.176665
v 0.020580 -0.158643 0.181485
v 0.020580 -0.158643 0.121900
v 0.022344 -0.158643 0.115317
v 0.022345 -0.158643 0.188068
v 0.022345 -0.158643 0.358266
v 0.052017 -0.158643 0.413980
v 0.020581 -0.158643 0.364850
v 0.015761 -0.158643 0.369669
v 0.009178 -0.158643 0.413980
v 0.009178 -0.158643 0.371433
v 0.052016 -0.158643 -0.191214
v 0.022344 -0.158643 -0.054881
v 0.020580 -0.158643 -0.061465
v 0.015761 -0.158643 -0.066284
v 0.041890 -0.158643 -0.191051
v 0.052016 -0.158643 -0.262707
v 0.041890 -0.158643 -0.262869
v 0.052016 -0.158643 -0.411562
v 0.020175 -0.158643 -0.277276
v 0.034582 -0.158643 -0.262869
v 0.020175 -0.158643 -0.307341
v 0.018585 -0.158643 -0.313276
v 0.014240 -0.158643 -0.317621
v 0.000000 -0.158643 -0.411562
v 0.008304 -0.158643 -0.319211
v 0.000000 -0.158643 -0.319211
v -0.052017 -0.158643 -0.262707
v -0.052017 -0.158643 -0.411562
v -0.041891 -0.158643 -0.262869
v -0.020176 -0.158643 -0.277276
v -0.034582 -0.158643 -0.262869
v -0.020176 -0.158643 -0.307341
v -0.018585 -0.158643 -0.313276
v -0.014240 -0.158643 -0.317621
v 0.000000 -0.158643 -0.411562
v -0.008305 -0.158643 -0.319211
v 0.000000 -0.158643 -0.319211
v -0.009178 -0.158643 -0.068048
v -0.041891 -0.158643 -0.191051
v -0.018585 -0.158643 -0.140645
v -0.014240 -0.158643 -0.136300
v -0.008305 -0.158643 -0.134709
v -0.020176 -0.158643 -0.146580
v 0.000000 -0.158643 -0.068048
v 0.000000 -0.158643 -0.134709
v -0.020176 -0.158643 -0.176645
v -0.034582 -0.158643 -0.191051
v -0.015761 -0.158643 -0.066284
v -0.009178 -0.158643 -0.068048
v -0.009178 -0.158643 -0.068048
v -0.008305 -0.158643 -0.134709
v 0.000000 -0.158643 -0.068048
v 0.008304 -0.158643 -0.134709
v 0.000000 -0.158643 -0.134709
v 0.009177 -0.158643 -0.068048
v 0.014240 -0.158643 -0.136300
v 0.018585 -0.158643 -0.140645
v 0.041890 -0.158643 -0.191051
v 0.015761 -0.158643 -0.066284
v 0.020175 -0.158643 -0.146580
v 0.020175 -0.158643 -0.176645
v 0.034582 -0.158643 -0.191051
v -0.009178 -0.158643 0.413980
v 0.000000 -0.158643 0.371433
v 0.000000 -0.158643 0.413980
v -0.009178 -0.158643 0.371433
v 0.000000 -0.158643 0.413980
v 0.009178 -0.158643 0.371433
v 0.009178 -0.158643 0.413980
v 0.000000 -0.158643 0.371433
v 0.009178 -0.158643 0.413980
v 0.015761 -0.158643 0.369669
v 0.052017 -0.158643 0.413980
v 0.022344 -0.158643 0.115317
v 0.022345 -0.158643 0.188068
v 0.052016 -0.158643 -0.191214
v -0.022345 -0.158643 0.188068
v -0.022345 -0.158643 0.115317
v -0.020581 -0.158643 0.181485
v -0.020581 -0.158643 0.121900
v -0.015761 -0.158643 0.126720
v -0.015761 -0.158643 0.176665
v -0.009178 -0.158643 0.174901
v -0.009178 -0.158643 0.128484
v -0.022345 -0.158643 0.358266
v -0.052017 -0.158643 0.413980
v -0.020581 -0.158643 0.364850
v -0.015761 -0.158643 0.369669
v -0.009178 -0.158643 0.413980
v -0.009178 -0.158643 0.371433
v -0.052017 -0.158643 -0.191214
v -0.022345 -0.158643 -0.054881
v -0.020581 -0.158643 -0.061465
v -0.015761 -0.158643 -0.066284
v -0.041891 -0.158643 -0.191051
v -0.022345 -0.158643 0.115317
v -0.052017 -0.158643 0.413980
v -0.052017 -0.158643 -0.191214
v -0.022345 -0.158643 0.188068
v -0.015761 -0.158643 0.369669
v -0.009178 -0.158643 0.413980
v 0.095233 -0.115426 -0.146901
v 0.082250 -0.128409 -0.193318
v 0.095233 -0.115425 -0.193319
v 0.082250 -0.128409 -0.146901
v 0.095233 -0.115425 -0.193319
v 0.099887 -0.110772 -0.145137
v 0.099887 -0.110772 -0.195082
v 0.103295 -0.107364 -0.140317
v 0.103295 -0.107364 -0.199902
v 0.104542 -0.106116 -0.206485
v 0.104542 -0.106116 -0.133734
v 0.125465 -0.085193 -0.442619
v 0.104542 -0.106117 0.036464
v 0.125466 -0.085193 0.474667
v 0.103295 -0.107364 0.102632
v 0.104543 -0.106117 0.109216
v 0.103295 -0.107364 0.043048
v 0.099887 -0.110772 0.047867
v 0.099887 -0.110772 0.097813
v 0.095232 -0.115427 0.049631
v 0.095232 -0.115427 0.096049
v 0.082252 -0.128407 0.049631
v 0.082250 -0.128409 0.096049
v 0.104543 -0.106117 0.279414
v 0.077595 -0.133064 0.047867
v 0.082252 -0.128407 0.049631
v 0.077595 -0.133064 0.097813
v 0.074187 -0.136472 0.043048
v 0.074187 -0.136472 0.102632
v 0.072940 -0.137719 0.109216
v 0.072940 -0.137719 0.036464
v 0.052016 -0.158643 -0.191214
v 0.072940 -0.137719 -0.133734
v 0.074187 -0.136472 -0.140317
v 0.077595 -0.133064 -0.145137
v 0.077595 -0.133064 -0.195082
v 0.059863 -0.150796 -0.199061
v 0.074187 -0.136472 -0.199902
v 0.072939 -0.137719 -0.206485
v 0.059863 -0.150796 -0.254860
v 0.072939 -0.137719 -0.376683
v 0.052016 -0.158643 -0.262707
v 0.052016 -0.158643 -0.411562
v 0.074187 -0.136472 -0.383267
v 0.052017 -0.158643 0.413980
v 0.072940 -0.137719 0.279414
v 0.074187 -0.136472 0.285997
v 0.072940 -0.137719 0.353929
v 0.072940 -0.137719 0.404127
v 0.074187 -0.136472 0.347346
v 0.074187 -0.136472 0.410711
v 0.077595 -0.133064 0.290817
v 0.055349 -0.155311 0.421830
v 0.077595 -0.133064 0.342526
v 0.077595 -0.133064 0.415530
v 0.082250 -0.128409 0.340762
v 0.082250 -0.128409 0.292581
v 0.082265 -0.128395 0.442113
v 0.082250 -0.128409 0.417294
v 0.082250 -0.128409 0.292581
v 0.095232 -0.115427 0.340762
v 0.095232 -0.115427 0.292581
v 0.099887 -0.110772 0.290817
v 0.099887 -0.110772 0.342526
v 0.103295 -0.107364 0.347346
v 0.103295 -0.107364 0.285997
v 0.104543 -0.106117 0.353929
v 0.104543 -0.106117 0.404127
v 0.103295 -0.107364 0.410711
v 0.099887 -0.110772 0.415530
v 0.095218 -0.115442 0.451874
v 0.095232 -0.115427 0.417294
v 0.082250 -0.128409 0.417294
v 0.095237 -0.115422 -0.442619
v 0.088225 -0.122433 -0.454715
v 0.093130 -0.117528 -0.460560
v 0.088225 -0.122433 -0.442619
v 0.125465 -0.085193 -0.460560
v 0.125465 -0.085193 -0.442619
v 0.099887 -0.110772 -0.388086
v 0.095236 -0.115422 -0.389849
v 0.103295 -0.107364 -0.383267
v 0.104542 -0.106116 -0.376683
v 0.104542 -0.106116 -0.206485
v 0.104542 -0.106116 -0.133734
v 0.104542 -0.106117 0.036464
v 0.125466 -0.085193 0.474667
v 0.104543 -0.106117 0.109216
v 0.104543 -0.106117 0.353929
v 0.104543 -0.106117 0.279414
v 0.082245 -0.128414 -0.389848
v 0.088225 -0.122433 -0.442404
v 0.095236 -0.115422 -0.389849
v 0.095237 -0.115422 -0.442619
v 0.088225 -0.122433 -0.442619
v 0.082244 -0.128415 -0.442404
v 0.077895 -0.132763 -0.442404
v 0.082244 -0.128415 -0.442404
v 0.052016 -0.158643 -0.191214
v 0.072940 -0.137719 0.109216
v 0.052017 -0.158643 0.413980
v 0.072940 -0.137719 0.036464
v 0.072940 -0.137719 0.279414
v 0.072940 -0.137719 0.353929
v 0.077595 -0.133064 -0.195082
v 0.077595 -0.133064 -0.145137
v 0.082250 -0.128409 -0.146901
v 0.082250 -0.128409 -0.193318
v 0.052016 -0.158643 -0.411562
v 0.082245 -0.128414 -0.389848
v 0.077595 -0.133064 -0.388086
v 0.077895 -0.132763 -0.442404
v 0.074187 -0.136472 -0.383267
v -0.125466 -0.053839 0.228997
v -0.112596 -0.053839 0.228997
v -0.125466 -0.049020 0.224177
v -0.112596 -0.049020 0.224177
v -0.095233 -0.115426 -0.146901
v -0.082251 -0.128409 -0.193318
v -0.082251 -0.128409 -0.146901
v -0.095234 -0.115425 -0.193319
v -0.077596 -0.133064 -0.195082
v -0.082251 -0.128409 -0.193318
v -0.077596 -0.133064 -0.145137
v -0.052017 -0.158643 -0.191214
v -0.072940 -0.137719 0.109216
v -0.052017 -0.158643 0.413980
v -0.072940 -0.137719 0.036464
v -0.074188 -0.136472 0.043048
v -0.072940 -0.137719 0.353929
v -0.072940 -0.137719 0.279414
v -0.095237 -0.115422 -0.389849
v -0.088226 -0.122433 -0.442404
v -0.082246 -0.128414 -0.389848
v -0.082245 -0.128415 -0.442404
v -0.095238 -0.115422 -0.442619
v -0.088226 -0.122433 -0.442619
v -0.099888 -0.110772 -0.388086
v -0.125466 -0.085193 -0.442619
v -0.103296 -0.107364 -0.383267
v -0.104543 -0.106116 -0.376683
v -0.104543 -0.106116 -0.206485
v -0.104543 -0.106116 -0.133734
v -0.104543 -0.106117 0.036464
v -0.104543 -0.106117 0.109216
v -0.125466 -0.085193 0.474668
v -0.104543 -0.106117 0.279414
v -0.104543 -0.106117 0.353929
v -0.125466 -0.085193 -0.460560
v -0.095238 -0.115422 -0.442619
v -0.093131 -0.117528 -0.460560
v -0.088226 -0.122433 -0.454715
v -0.093131 -0.117528 -0.460560
v -0.088226 -0.122433 -0.442619
v -0.082251 -0.128409 0.340762
v -0.095233 -0.115427 0.292581
v -0.082251 -0.128409 0.292581
v -0.095233 -0.115427 0.340762
v -0.077595 -0.133064 0.290817
v -0.082251 -0.128409 0.292581
v -0.077595 -0.133064 0.342526
v -0.074188 -0.136472 0.347346
v -0.074188 -0.136472 0.285997
v -0.072940 -0.137719 0.353929
v -0.072940 -0.137719 0.279414
v -0.095233 -0.115427 0.340762
v -0.099888 -0.110772 0.290817
v -0.099888 -0.110772 0.342526
v -0.103296 -0.107364 0.347346
v -0.103296 -0.107364 0.285997
v -0.104543 -0.106117 0.279414
v -0.104543 -0.106117 0.353929
v -0.052017 -0.158643 0.413980
v -0.072940 -0.137719 0.109216
v -0.072940 -0.137719 0.404127
v -0.074188 -0.136472 0.410711
v -0.055349 -0.155311 0.421830
v -0.077595 -0.133064 0.415530
v -0.082265 -0.128395 0.442113
v -0.082251 -0.128409 0.417294
v -0.074188 -0.136472 0.043048
v -0.074188 -0.136472 0.102632
v -0.077595 -0.133064 0.097813
v -0.077595 -0.133064 0.047867
v -0.082251 -0.128409 0.096049
v -0.082253 -0.128407 0.049631
v -0.095233 -0.115427 0.096049
v -0.082253 -0.128407 0.049631
v -0.095233 -0.115427 0.049631
v -0.099888 -0.110772 0.097813
v -0.095233 -0.115427 0.096049
v -0.099888 -0.110772 0.047867
v -0.103296 -0.107364 0.102632
v -0.103296 -0.107364 0.043048
v -0.104543 -0.106117 0.036464
v -0.104543 -0.106117 0.109216
v -0.125466 -0.085193 0.474668
v -0.125466 -0.085193 -0.442619
v -0.104543 -0.106116 -0.133734
v -0.104543 -0.106116 -0.206485
v -0.103296 -0.107364 -0.140317
v -0.103296 -0.107364 -0.199902
v -0.099888 -0.110772 -0.195082
v -0.099888 -0.110772 -0.145137
v -0.095234 -0.115425 -0.193319
v -0.095233 -0.115426 -0.146901
v -0.104543 -0.106117 0.404127
v -0.103296 -0.107364 0.410711
v -0.099888 -0.110772 0.415530
v -0.095218 -0.115442 0.451874
v -0.095233 -0.115427 0.417294
v -0.082251 -0.128409 0.417294
v -0.099888 -0.110772 -0.388086
v -0.095238 -0.115422 -0.442619
v -0.095237 -0.115422 -0.389849
v -0.077896 -0.132763 -0.442404
v -0.082246 -0.128414 -0.389848
v -0.082245 -0.128415 -0.442404
v -0.082246 -0.128414 -0.389848
v -0.052017 -0.158643 -0.411562
v -0.077596 -0.133064 -0.388086
v -0.074188 -0.136472 -0.383267
v -0.077896 -0.132763 -0.442404
v -0.059864 -0.150796 -0.254860
v -0.072940 -0.137719 -0.376683
v -0.052017 -0.158643 -0.262707
v -0.052017 -0.158643 -0.411562
v -0.074188 -0.136472 -0.383267
v -0.072940 -0.137719 -0.206485
v -0.059864 -0.150796 -0.199060
v -0.074188 -0.136472 -0.199902
v -0.077596 -0.133064 -0.195082
v -0.052017 -0.158643 -0.191214
v -0.077596 -0.133064 -0.145137
v -0.074188 -0.136472 -0.140317
v -0.072940 -0.137719 -0.133734
v -0.072940 -0.137719 0.036464
v 0.049418 -0.150796 -0.199061
v 0.059863 -0.150796 -0.254860
v 0.059863 -0.150796 -0.199061
v 0.049418 -0.150796 -0.254860
v -0.059864 -0.150796 -0.199060
v -0.059864 -0.150796 -0.254860
v -0.049418 -0.150796 -0.199060
v -0.049418 -0.150796 -0.254860
v 0.125466 -0.042436 -0.020537
v 0.125466 -0.042436 -0.066954
v 0.125466 -0.024077 -0.020537
v 0.125466 -0.024077 -0.066954
v 0.125466 -0.024077 -0.066954
v 0.125466 -0.017493 -0.018772
v 0.125466 -0.017493 -0.068718
v 0.125466 -0.012674 -0.013953
v 0.125465 -0.042436 -0.263486
v 0.125465 -0.085193 -0.442619
v 0.125466 -0.024077 -0.263486
v 0.125465 -0.049019 -0.261722
v 0.125466 -0.053839 -0.256903
v 0.125465 0.018680 -0.442619
v 0.125466 -0.055603 -0.007370
v 0.125466 -0.055603 -0.080121
v 0.125465 -0.085193 -0.460560
v 0.125465 0.018680 -0.460560
v 0.125466 -0.010910 -0.080121
v 0.125466 -0.010910 -0.250319
v 0.125466 -0.012674 -0.256902
v 0.125466 -0.017493 -0.261722
v 0.125466 -0.010910 -0.007369
v 0.125466 0.018680 0.478643
v 0.125466 -0.010910 0.162828
v 0.125466 -0.017493 0.417181
v 0.125466 -0.012674 0.412362
v 0.125466 -0.010910 0.405778
v 0.125466 -0.010910 0.235580
v 0.125466 -0.042436 0.222413
v 0.125466 -0.042436 0.175995
v 0.125466 -0.024077 0.222413
v 0.125466 -0.024077 0.175995
v 0.125466 -0.017493 0.224177
v 0.125466 -0.024077 0.175995
v 0.125466 -0.024077 0.418945
v 0.125466 -0.079917 0.478643
v 0.125466 -0.042436 0.418945
v 0.125466 -0.049020 0.417181
v 0.125466 0.018680 0.478643
v 0.125466 -0.017493 0.417181
v 0.125466 -0.085193 0.474667
v 0.125466 -0.053839 0.412361
v 0.125466 -0.055603 0.405778
v 0.125466 -0.055603 0.235580
v 0.125466 -0.010910 0.162828
v 0.125466 -0.010910 0.235580
v 0.125466 -0.012674 0.169412
v 0.125466 -0.012674 0.228997
v 0.125466 -0.017493 0.224177
v 0.125466 -0.017493 0.174231
v 0.125466 -0.024077 0.175995
v 0.125466 -0.055603 -0.007370
v 0.125466 -0.055603 0.162828
v 0.125466 -0.053839 0.169412
v 0.125466 -0.053839 0.228997
v 0.125466 -0.049020 0.224177
v 0.125465 -0.085193 -0.442619
v 0.125466 -0.049020 0.174231
v 0.125466 -0.042436 0.222413
v 0.125466 -0.042436 0.175995
v 0.125466 -0.053839 -0.256903
v 0.125466 -0.055603 -0.250319
v 0.125466 -0.055603 -0.080121
v 0.125466 -0.053839 -0.013953
v 0.125466 -0.053839 -0.073538
v 0.125466 -0.049020 -0.018772
v 0.125466 -0.042436 -0.020537
v 0.125466 -0.042436 -0.066954
v 0.125466 -0.049020 -0.068718
v 0.125466 -0.012674 -0.013953
v 0.125466 -0.017493 -0.068718
v 0.125466 -0.012674 -0.073537
v 0.125466 -0.017493 -0.018772
v 0.125466 -0.024077 -0.066954
v 0.125466 -0.010910 -0.080121
v 0.125466 -0.010910 -0.007369
v 0.125465 0.018680 -0.442619
v 0.125466 -0.024077 -0.263486
v 0.125466 -0.017493 -0.261722
v 0.125466 -0.085193 0.474667
v 0.125466 -0.055603 0.162828
v 0.125466 -0.055603 0.235580
v 0.125466 -0.049020 -0.018772
v 0.125466 -0.053839 -0.073538
v 0.125466 -0.049020 -0.068718
v 0.125466 -0.049020 0.224177
v 0.125466 -0.053839 0.169412
v 0.125466 -0.049020 0.174231
v -0.125466 -0.024077 -0.263486
v -0.125466 0.018680 -0.442619
v -0.125466 -0.085193 -0.442619
v -0.125466 -0.042436 -0.263486
v -0.125466 -0.055603 -0.007369
v -0.125466 -0.055603 -0.080121
v -0.125466 -0.049019 -0.261722
v -0.125466 -0.042436 -0.263486
v -0.125466 -0.085193 -0.460560
v -0.125466 0.018680 -0.460560
v -0.125466 -0.010910 -0.080121
v -0.125466 -0.010910 -0.250319
v -0.125466 -0.012674 -0.256902
v -0.125466 -0.017493 -0.261722
v -0.125466 -0.024077 -0.263486
v -0.125466 -0.010910 -0.007369
v -0.125466 0.018680 0.478643
v -0.125466 -0.010910 0.162829
v -0.125466 -0.010910 0.405778
v -0.125466 -0.012674 0.412362
v -0.125466 -0.010910 0.235580
v -0.125466 -0.042436 -0.066954
v -0.125466 -0.024077 -0.020536
v -0.125466 -0.024077 -0.066954
v -0.125466 -0.042436 -0.020536
v -0.125466 -0.024077 -0.020536
v -0.125466 -0.017493 -0.068718
v -0.125466 -0.012674 -0.013953
v -0.125466 -0.017493 -0.018772
v -0.125466 -0.049020 -0.018772
v -0.125466 -0.042436 -0.020536
v -0.125466 -0.049020 -0.068718
v -0.125466 -0.053839 -0.013953
v -0.125466 -0.024077 0.222413
v -0.125466 -0.024077 0.175996
v -0.125466 -0.042436 0.175996
v -0.125466 -0.042436 0.222413
v -0.125466 -0.017493 0.224177
v -0.125466 -0.017493 0.174232
v -0.125466 -0.024077 0.222413
v -0.125466 -0.079917 0.478643
v -0.125466 -0.024077 0.418945
v -0.125466 -0.042436 0.418945
v -0.125466 0.018680 0.478643
v -0.125466 -0.017493 0.417181
v -0.125466 -0.012674 0.412362
v -0.125466 -0.010910 0.162829
v -0.125466 -0.010910 0.235580
v -0.125466 -0.012674 0.228997
v -0.125466 -0.012674 0.169412
v -0.125466 -0.017493 0.224177
v -0.125466 -0.017493 0.174232
v -0.125466 -0.049020 0.417181
v -0.125466 -0.079917 0.478643
v -0.125466 -0.085193 0.474668
v -0.125466 -0.053839 0.412362
v -0.125466 -0.055603 0.405778
v -0.125466 -0.055603 0.235580
v -0.125466 -0.053839 0.228997
v -0.125466 -0.055603 0.162829
v -0.125466 -0.053839 0.169412
v -0.125466 -0.055603 -0.007369
v -0.125466 -0.085193 -0.442619
v -0.125466 -0.053839 -0.256902
v -0.125466 -0.049019 -0.261722
v -0.125466 -0.055603 -0.250319
v -0.125466 -0.055603 -0.080121
v -0.125466 -0.053839 -0.013953
v -0.125466 -0.053839 -0.073537
v -0.125466 -0.049020 -0.068718
v -0.125466 -0.049020 -0.018772
v -0.125466 -0.042436 -0.066954
v -0.125466 -0.049020 0.224177
v -0.125466 -0.049020 0.174232
v -0.125466 -0.042436 0.222413
v -0.125466 -0.042436 0.175996
v -0.125466 -0.012674 -0.013953
v -0.125466 -0.010910 -0.080121
v -0.125466 -0.012674 -0.073537
v -0.125466 -0.017493 -0.068718
v -0.125466 -0.010910 -0.007369
v -0.125466 0.018680 -0.442619
v -0.125466 -0.024077 -0.020536
v -0.125466 -0.017493 -0.018772
v -0.125466 -0.055603 0.162829
v -0.125466 -0.085193 0.474668
v -0.125466 -0.055603 0.235580
v -0.125466 -0.049020 0.224177
v -0.125466 -0.053839 0.169412
v -0.125466 -0.053839 0.228997
v 0.054579 0.089567 -0.442619
v 0.095231 0.048914 -0.389850
v 0.125465 0.018680 -0.442619
v 0.082250 0.061896 -0.389850
v 0.104571 0.039575 -0.133734
v 0.104571 0.039575 -0.206485
v 0.054579 0.089567 -0.460560
v 0.125465 0.018680 -0.460560
v 0.082250 0.061896 -0.389850
v 0.077594 0.066551 -0.388086
v 0.052016 0.092130 -0.442619
v 0.072939 0.071207 -0.133734
v 0.072939 0.071207 -0.206485
v 0.099887 0.044259 -0.388086
v 0.103295 0.040851 -0.383267
v 0.095231 0.048914 -0.389850
v 0.114417 0.029730 0.478643
v 0.082250 0.061896 0.415530
v 0.052017 0.092130 0.436554
v 0.095232 0.048914 0.415530
v 0.114417 0.029730 0.478643
v 0.099887 0.044259 0.413766
v 0.125466 0.018680 0.478643
v 0.103295 0.040851 0.408947
v 0.104571 0.039575 0.402363
v 0.104571 0.039575 0.352165
v 0.104571 0.039575 0.109216
v 0.104571 0.039575 0.279414
v 0.103295 0.040851 0.285997
v 0.103295 0.040851 0.345582
v 0.099887 0.044259 0.290817
v 0.099887 0.044259 0.340762
v 0.095232 0.048914 0.292581
v 0.095232 0.048914 0.338998
v 0.082250 0.061896 0.292581
v 0.082250 0.061896 0.338998
v 0.077595 0.066551 0.290817
v 0.077595 0.066551 0.340762
v 0.074187 0.069959 0.345582
v 0.074187 0.069959 0.285997
v 0.072940 0.071207 0.279414
v 0.072939 0.071207 0.352165
v 0.052017 0.092130 0.436554
v 0.077595 0.066551 0.413766
v 0.074187 0.069959 0.408947
v 0.072940 0.071207 0.109216
v 0.072939 0.071207 0.036464
v 0.074187 0.069959 0.102632
v 0.052016 0.092130 -0.442619
v 0.074187 0.069959 0.043048
v 0.072939 0.071207 -0.133734
v 0.077595 0.066551 0.047867
v 0.077595 0.066551 0.097813
v 0.082250 0.061896 0.096049
v 0.082250 0.061896 0.049631
v 0.095232 0.048914 0.049631
v 0.095232 0.048914 0.096049
v 0.099887 0.044259 0.097813
v 0.099887 0.044259 0.047867
v 0.103295 0.040851 0.043048
v 0.103295 0.040851 0.102632
v 0.077594 0.066551 -0.388086
v 0.074187 0.069959 -0.383267
v 0.072939 0.071207 -0.376683
v 0.072939 0.071207 -0.206485
v 0.074187 0.069959 -0.140317
v 0.074187 0.069959 -0.199902
v 0.077595 0.066551 -0.145137
v 0.077595 0.066551 -0.195082
v 0.082250 0.061896 -0.193318
v 0.082250 0.061896 -0.146901
v 0.095232 0.048914 -0.193318
v 0.095232 0.048914 -0.146901
v 0.099887 0.044259 -0.145137
v 0.099887 0.044259 -0.195082
v 0.103295 0.040851 -0.140317
v 0.103295 0.040851 -0.199902
v 0.104571 0.039575 -0.206485
v 0.104571 0.039575 -0.133734
v 0.125465 0.018680 -0.442619
v 0.104571 0.039575 0.036464
v 0.104570 0.039575 -0.376683
v 0.103295 0.040851 -0.383267
v 0.072939 0.071207 0.402363
v 0.072939 0.071207 0.352165
v 0.052017 0.092130 0.436554
v 0.074187 0.069959 0.408947
v 0.072940 0.071207 0.109216
v 0.072940 0.071207 0.279414
v 0.103295 0.040851 0.043048
v 0.104571 0.039575 0.109216
v 0.104571 0.039575 0.036464
v 0.125466 0.018680 0.478643
v 0.104571 0.039575 0.279414
v 0.104571 0.039575 0.352165
v 0.103295 0.040851 0.285997
v -0.054580 0.089567 -0.442619
v -0.095232 0.048914 -0.389850
v -0.082251 0.061896 -0.389850
v -0.125466 0.018680 -0.442619
v -0.077595 0.066551 -0.388086
v -0.082251 0.061896 -0.389850
v -0.052017 0.092130 -0.442619
v -0.072940 0.071207 -0.133734
v -0.072940 0.071207 -0.206485
v -0.054580 0.089567 -0.460560
v -0.125466 0.018680 -0.460560
v -0.099888 0.044259 -0.388086
v -0.095232 0.048914 -0.389850
v -0.103296 0.040851 -0.383267
v -0.104571 0.039575 -0.133734
v -0.104571 0.039575 -0.206485
v -0.103296 0.040851 -0.199902
v -0.095232 0.048914 -0.193318
v -0.082251 0.061896 -0.146901
v -0.082251 0.061896 -0.193318
v -0.077595 0.066551 -0.145137
v -0.095232 0.048914 -0.146901
v -0.077595 0.066551 -0.195082
v -0.099888 0.044259 -0.145137
v -0.074187 0.069959 -0.140317
v -0.099888 0.044259 -0.195082
v -0.074187 0.069959 -0.199902
v -0.103296 0.040851 -0.199902
v -0.103296 0.040851 -0.140317
v -0.104571 0.039575 -0.133734
v -0.072940 0.071207 -0.133734
v -0.072940 0.071207 -0.206485
v -0.052017 0.092130 -0.442619
v -0.072940 0.071207 -0.376683
v -0.074187 0.069959 -0.383267
v -0.077595 0.066551 -0.388086
v -0.072940 0.071207 0.036464
v -0.052017 0.092130 0.436554
v -0.072940 0.071207 0.109216
v -0.074187 0.069959 0.102632
v -0.074187 0.069959 0.043048
v -0.077595 0.066551 0.097813
v -0.077595 0.066551 0.047867
v -0.082251 0.061896 0.096049
v -0.082251 0.061896 0.049631
v -0.095232 0.048914 0.096049
v -0.095232 0.048914 0.049631
v -0.099888 0.044259 0.097813
v -0.099888 0.044259 0.047867
v -0.103296 0.040851 0.043048
v -0.103296 0.040851 0.102632
v -0.104571 0.039575 0.109216
v -0.074187 0.069959 0.408947
v -0.077595 0.066551 0.413766
v -0.082251 0.061896 0.415530
v -0.114417 0.029730 0.478643
v -0.052017 0.092130 0.436554
v -0.095232 0.048914 0.415530
v -0.072940 0.071206 0.279414
v -0.072940 0.071207 0.352165
v -0.074187 0.069959 0.285997
v -0.074187 0.069959 0.345582
v -0.077595 0.066551 0.340762
v -0.077595 0.066551 0.290817
v -0.082251 0.061896 0.292581
v -0.082251 0.061896 0.338998
v -0.095232 0.048914 0.292581
v -0.095232 0.048914 0.338998
v -0.099888 0.044259 0.340762
v -0.099888 0.044259 0.290817
v -0.103296 0.040851 0.285997
v -0.103296 0.040851 0.345582
v -0.104571 0.039575 0.279414
v -0.104571 0.039575 0.352165
v -0.104571 0.039575 0.236286
v -0.107942 0.036205 0.235009
v -0.125466 0.018680 0.478643
v -0.104571 0.039575 0.402363
v -0.103296 0.040851 0.408947
v -0.111828 0.032318 0.225488
v -0.099888 0.044259 0.413766
v -0.114417 0.029730 0.478643
v -0.125466 0.018680 -0.442619
v -0.104571 0.039575 0.036464
v -0.104571 0.039575 -0.376683
v -0.103296 0.040851 -0.383267
v -0.104571 0.039575 -0.206485
v -0.052017 0.092130 0.436554
v -0.072940 0.071207 0.352165
v -0.072940 0.071207 0.402363
v -0.074187 0.069959 0.408947
v -0.072940 0.071207 0.109216
v -0.072940 0.071206 0.279414
v -0.104571 0.039575 0.279414
v -0.111828 0.032318 0.225488
v -0.104571 0.039575 0.352165
v -0.110787 0.033360 0.230985
v -0.107942 0.036205 0.235009
v -0.104571 0.039575 0.036464
v -0.104571 0.039575 0.109216
v -0.103296 0.040851 0.043048
v -0.110787 0.033360 0.219992
v -0.107942 0.036205 0.215968
v -0.104571 0.039575 0.214691
v 0.048297 0.158643 -0.112394
v 0.000000 0.140279 -0.112394
v 0.000000 0.158643 -0.112394
v -0.048297 0.158643 -0.112394
v 0.063403 0.140279 -0.112394
v 0.063403 0.143537 -0.112394
v -0.063403 0.140279 -0.112394
v -0.063403 0.143537 -0.112394
v -0.034582 -0.145772 -0.191051
v -0.020176 -0.158643 -0.176645
v -0.034582 -0.158643 -0.191051
v -0.020176 -0.145772 -0.176645
v -0.046600 0.092130 0.436554
v -0.046601 0.092130 -0.442619
v -0.052017 0.092130 -0.442619
v -0.052017 0.092130 -0.442619
v -0.052017 0.092130 0.436554
v -0.046600 0.092130 0.436554
v 0.046600 0.092130 -0.442619
v 0.046600 0.092130 0.436554
v 0.052016 0.092130 -0.442619
v 0.052016 0.092130 -0.442619
v 0.046600 0.092130 0.436554
v 0.052017 0.092130 0.436554
v 0.034582 -0.145772 -0.191051
v 0.020175 -0.158643 -0.176645
v 0.020175 -0.145772 -0.176645
v 0.034582 -0.158643 -0.191051
v 0.033801 0.089567 -0.460632
v 0.054579 0.089567 -0.442619
v 0.054579 0.089567 -0.460560
v 0.033729 0.089567 -0.442619
v -0.033802 0.089567 -0.460632
v -0.054580 0.089567 -0.442619
v -0.033730 0.089567 -0.442619
v -0.054580 0.089567 -0.460560
v 0.049418 -0.143039 -0.199061
v 0.049418 -0.150796 -0.199061
v 0.046685 -0.145772 -0.196153
v 0.041890 -0.145772 -0.191051
v 0.049418 -0.150796 -0.199061
v 0.041890 -0.158643 -0.191051
v 0.046685 -0.145772 -0.196153
v -0.086131 0.039813 0.096049
v -0.082251 0.061896 0.096049
v -0.095232 0.048914 0.096049
v -0.073150 0.052795 0.096049
v -0.095233 -0.115427 0.096049
v -0.082251 -0.128409 0.096049
v -0.073150 -0.119308 0.096049
v -0.086132 -0.106326 0.096049
v 0.095232 -0.115427 0.096049
v 0.073149 -0.119308 0.096049
v 0.082250 -0.128409 0.096049
v 0.086131 -0.106326 0.096049
v -0.048297 0.158643 0.095304
v 0.000000 0.140279 0.095304
v 0.000000 0.158643 0.095304
v 0.048297 0.158643 0.095304
v -0.063403 0.140279 0.095304
v -0.063403 0.143537 0.095304
v 0.063403 0.140279 0.095304
v 0.063403 0.143537 0.095304
v -0.125466 -0.024077 -0.066954
v -0.112596 -0.024077 -0.066954
v -0.112596 -0.042436 -0.066954
v -0.125466 -0.017493 -0.068718
v -0.112596 -0.017493 -0.068718
v -0.125466 -0.042436 -0.066954
v -0.112596 -0.049020 -0.068718
v -0.125466 -0.049020 -0.068718
v 0.125466 -0.049020 -0.068718
v 0.112595 -0.049020 -0.068718
v 0.125466 -0.042436 -0.066954
v 0.112595 -0.042436 -0.066954
v 0.125466 -0.024077 -0.066954
v 0.112595 -0.024077 -0.066954
v 0.125466 -0.017493 -0.068718
v 0.112595 -0.017493 -0.068718
v 0.063403 0.140279 0.214843
v 0.063403 0.143537 0.186452
v 0.063403 0.143537 0.214843
v 0.063403 0.140279 0.186452
v 0.063403 0.143537 0.066914
v 0.063403 0.143537 0.095304
v 0.063403 0.140279 0.095304
v 0.063403 0.140279 0.066914
v 0.063403 0.140279 -0.382850
v 0.063403 0.143537 -0.411240
v 0.063403 0.143537 -0.382850
v 0.063403 0.140279 -0.411240
v 0.063403 0.140279 -0.024234
v 0.063403 0.143537 -0.052625
v 0.063403 0.143537 -0.024234
v 0.063403 0.140279 -0.052625
v 0.063403 0.140279 0.155073
v 0.063403 0.143537 0.126683
v 0.063403 0.143537 0.155073
v 0.063403 0.140279 0.126683
v 0.063403 0.140279 -0.203542
v 0.063403 0.143537 -0.231932
v 0.063403 0.143537 -0.203542
v 0.063403 0.140279 -0.231932
v 0.063403 0.140279 -0.323080
v 0.063403 0.143537 -0.351471
v 0.063403 0.143537 -0.323080
v 0.063403 0.140279 -0.351471
v 0.063403 0.140279 0.274612
v 0.063403 0.143537 0.246221
v 0.063403 0.143537 0.274612
v 0.063403 0.140279 0.246221
v 0.063403 0.140279 -0.143773
v 0.063403 0.143537 -0.172163
v 0.063403 0.143537 -0.143773
v 0.063403 0.140279 -0.172163
v 0.063403 0.140279 -0.084003
v 0.063403 0.143537 -0.112394
v 0.063403 0.143537 -0.084003
v 0.063403 0.140279 -0.112394
v 0.063403 0.140279 0.035535
v 0.063403 0.143537 0.007145
v 0.063403 0.143537 0.035535
v 0.063403 0.140279 0.007145
v 0.063403 0.140279 0.386065
v 0.063403 0.140279 0.305991
v 0.063403 0.143537 0.383867
v 0.063403 0.143537 0.305991
v 0.063403 0.140279 -0.263311
v 0.063403 0.143537 -0.291701
v 0.063403 0.143537 -0.263311
v 0.063403 0.140279 -0.291701
v -0.063404 0.140279 -0.411240
v -0.063404 0.140279 -0.382850
v -0.063404 0.143537 -0.411240
v -0.063404 0.143537 -0.382850
v -0.063404 0.140279 -0.351471
v -0.063404 0.140279 -0.323080
v -0.063404 0.143537 -0.351471
v -0.063404 0.143537 -0.323080
v -0.063404 0.140279 -0.291701
v -0.063404 0.140279 -0.263311
v -0.063404 0.143537 -0.291701
v -0.063403 0.143537 -0.263311
v -0.063403 0.140279 -0.231932
v -0.063403 0.140279 -0.203542
v -0.063403 0.143537 -0.231932
v -0.063403 0.143537 -0.203542
v -0.063403 0.140279 -0.172163
v -0.063403 0.140279 -0.143773
v -0.063403 0.143537 -0.172163
v -0.063403 0.143537 -0.143773
v -0.063403 0.140279 -0.112394
v -0.063403 0.140279 -0.084003
v -0.063403 0.143537 -0.112394
v -0.063403 0.143537 -0.084003
v -0.063403 0.140279 -0.052625
v -0.063403 0.140279 -0.024234
v -0.063403 0.143537 -0.052625
v -0.063403 0.143537 -0.024234
v -0.063403 0.140279 0.007145
v -0.063403 0.140279 0.035535
v -0.063403 0.143537 0.007145
v -0.063403 0.143537 0.035535
v -0.063403 0.140279 0.066914
v -0.063403 0.140279 0.095304
v -0.063403 0.143537 0.066914
v -0.063403 0.143537 0.095304
v -0.063403 0.140279 0.126683
v -0.063403 0.140279 0.155073
v -0.063403 0.143537 0.126683
v -0.063403 0.143537 0.155073
v -0.063403 0.140279 0.186452
v -0.063403 0.140279 0.214843
v -0.063403 0.143537 0.186452
v -0.063403 0.143537 0.214843
v -0.063403 0.140279 0.246221
v -0.063403 0.140279 0.274612
v -0.063403 0.143537 0.246221
v -0.063403 0.143537 0.274612
v -0.063403 0.143537 0.383867
v -0.063403 0.143537 0.305991
v -0.063403 0.140279 0.305991
v -0.063403 0.140279 0.386065
v -0.048297 0.158643 -0.052625
v -0.063403 0.140279 -0.052625
v -0.063403 0.143537 -0.052625
v 0.000000 0.140279 -0.052625
v 0.000000 0.158643 -0.052625
v 0.048297 0.158643 -0.052625
v 0.063403 0.140279 -0.052625
v 0.063403 0.143537 -0.052625
v -0.104543 -0.106117 0.404127
v -0.095442 -0.097016 0.353929
v -0.095442 -0.097016 0.404127
v -0.103296 -0.107364 0.410711
v -0.094195 -0.098263 0.410711
v -0.104543 -0.106117 0.353929
v -0.103296 -0.107364 0.347346
v -0.094195 -0.098263 0.347346
v -0.099888 -0.110772 0.342526
v -0.090787 -0.101671 0.342526
v -0.095233 -0.115427 0.340762
v -0.086132 -0.106326 0.340762
v 0.046600 0.092130 0.436554
v 0.046600 0.092130 -0.442619
v 0.046600 0.123476 0.415411
v 0.046600 0.123476 -0.442619
v 0.125466 -0.017493 -0.068718
v 0.112595 -0.017493 -0.068718
v 0.125466 -0.012674 -0.073537
v 0.112595 -0.012674 -0.073537
v -0.125466 -0.012674 -0.073537
v -0.112596 -0.012674 -0.073537
v -0.112596 -0.017493 -0.068718
v -0.125466 -0.017493 -0.068718
v 0.095442 -0.097016 0.404127
v 0.104543 -0.106117 0.353929
v 0.104543 -0.106117 0.404127
v 0.103295 -0.107364 0.410711
v 0.094194 -0.098263 0.410711
v 0.095442 -0.097016 0.353929
v 0.103295 -0.107364 0.347346
v 0.094194 -0.098263 0.347346
v 0.099887 -0.110772 0.342526
v 0.090786 -0.101671 0.342526
v 0.095232 -0.115427 0.340762
v 0.086131 -0.106326 0.340762
v -0.046600 0.123476 0.415411
v -0.046601 0.123476 -0.442619
v -0.046601 0.092130 -0.442619
v -0.046600 0.123476 0.415411
v -0.046601 0.092130 -0.442619
v -0.046600 0.092130 0.436554
v -0.048297 0.158643 0.035535
v 0.000000 0.140279 0.035535
v 0.000000 0.158643 0.035535
v 0.048297 0.158643 0.035535
v -0.063403 0.140279 0.035535
v -0.063403 0.143537 0.035535
v 0.063403 0.140279 0.035535
v 0.063403 0.143537 0.035535
v -0.112596 -0.049020 -0.068718
v -0.125466 -0.053839 -0.073537
v -0.125466 -0.049020 -0.068718
v -0.112596 -0.053839 -0.073537
v 0.112595 -0.049020 -0.068718
v 0.125466 -0.049020 -0.068718
v 0.125466 -0.053839 -0.073538
v 0.112595 -0.053839 -0.073537
v 0.022345 -0.145772 0.358266
v 0.022345 -0.158643 0.358266
v 0.020581 -0.145772 0.364850
v 0.020581 -0.158643 0.364850
v 0.022345 -0.158643 0.188068
v 0.022345 -0.145772 0.188068
v 0.020580 -0.145772 0.181485
v 0.020580 -0.158643 0.181485
v 0.015761 -0.158643 0.176665
v 0.015761 -0.145772 0.176665
v 0.009177 -0.158643 0.174901
v 0.009177 -0.145772 0.174901
v 0.000000 -0.145772 0.174901
v 0.000000 -0.158643 0.174901
v -0.009178 -0.158643 0.174901
v -0.009178 -0.145772 0.174901
v 0.068494 -0.123963 0.342526
v 0.077595 -0.133064 0.342526
v 0.082250 -0.128409 0.340762
v 0.073149 -0.119308 0.340762
v 0.074187 -0.136472 0.347346
v 0.065086 -0.127371 0.347346
v 0.072940 -0.137719 0.353929
v 0.063839 -0.128618 0.353929
v 0.063839 -0.128618 0.404127
v 0.072940 -0.137719 0.404127
v 0.065086 -0.127371 0.410711
v 0.074187 -0.136472 0.410711
v 0.077595 -0.133064 0.415530
v 0.068494 -0.123963 0.415530
v -0.104543 -0.106117 0.279414
v -0.104543 -0.106117 0.109216
v -0.095442 -0.097016 0.279414
v -0.103296 -0.107364 0.285997
v -0.094195 -0.098263 0.285997
v -0.095442 -0.097016 0.109216
v -0.103296 -0.107364 0.102632
v -0.094195 -0.098263 0.102632
v -0.099888 -0.110772 0.097813
v -0.090787 -0.101671 0.097813
v -0.095233 -0.115427 0.096049
v -0.086132 -0.106326 0.096049
v 0.112595 -0.012674 0.228997
v 0.125466 -0.017493 0.224177
v 0.125466 -0.012674 0.228997
v 0.112595 -0.017493 0.224177
v 0.112595 -0.010910 0.235580
v 0.125466 -0.010910 0.235580
v 0.112595 -0.010910 0.405778
v 0.125466 -0.010910 0.405778
v 0.112595 -0.012674 0.412362
v 0.125466 -0.012674 0.412362
v -0.072940 -0.137719 0.404127
v -0.065087 -0.127371 0.410711
v -0.063839 -0.128618 0.404127
v -0.063839 -0.128618 0.353929
v -0.074188 -0.136472 0.410711
v -0.077595 -0.133064 0.415530
v -0.068494 -0.123963 0.415530
v -0.072940 -0.137719 0.353929
v -0.065087 -0.127371 0.347346
v -0.074188 -0.136472 0.347346
v -0.068494 -0.123963 0.342526
v -0.077595 -0.133064 0.342526
v -0.082251 -0.128409 0.340762
v -0.073150 -0.119308 0.340762
v -0.074187 0.069959 0.285997
v -0.063839 0.062105 0.279414
v -0.065086 0.060858 0.285997
v -0.072940 0.071206 0.279414
v -0.063839 0.062105 0.109216
v -0.072940 0.071207 0.109216
v -0.074187 0.069959 0.102632
v -0.065086 0.060858 0.102632
v -0.068494 0.057450 0.097813
v -0.077595 0.066551 0.097813
v -0.082251 0.061896 0.096049
v -0.073150 0.052795 0.096049
v 0.095442 -0.097016 0.279414
v 0.104543 -0.106117 0.109216
v 0.104543 -0.106117 0.279414
v 0.103295 -0.107364 0.285997
v 0.094194 -0.098263 0.285997
v 0.095442 -0.097016 0.109216
v 0.103295 -0.107364 0.102632
v 0.094194 -0.098263 0.102632
v 0.099887 -0.110772 0.097813
v 0.090786 -0.101671 0.097813
v 0.095232 -0.115427 0.096049
v 0.086131 -0.106326 0.096049
v -0.020581 -0.145772 0.181485
v -0.022345 -0.158643 0.188068
v -0.020581 -0.158643 0.181485
v -0.015761 -0.158643 0.176665
v -0.022345 -0.145772 0.188068
v -0.015761 -0.145772 0.176665
v -0.009178 -0.158643 0.174901
v -0.009178 -0.145772 0.174901
v -0.022345 -0.145772 0.358266
v -0.022345 -0.158643 0.358266
v -0.020581 -0.145772 0.364850
v -0.020581 -0.158643 0.364850
v 0.112595 -0.010910 0.162828
v 0.125466 -0.010910 -0.007369
v 0.125466 -0.010910 0.162828
v 0.112595 -0.012674 0.169412
v 0.125466 -0.012674 0.169412
v 0.112595 -0.010910 -0.007369
v 0.125466 -0.012674 -0.013953
v 0.112595 -0.012674 -0.013953
v 0.112595 -0.017493 -0.018772
v 0.125466 -0.017493 -0.018772
v -0.048297 0.158643 0.007145
v -0.063403 0.140279 0.007145
v -0.063403 0.143537 0.007145
v 0.000000 0.140279 0.007145
v 0.000000 0.158643 0.007145
v 0.048297 0.158643 0.007145
v 0.063403 0.140279 0.007145
v 0.063403 0.143537 0.007145
v -0.125466 -0.010910 0.162829
v -0.125466 -0.010910 -0.007369
v -0.112596 -0.010910 0.162829
v -0.112596 -0.012674 0.169412
v -0.125466 -0.012674 0.169412
v -0.112596 -0.010910 -0.007369
v -0.125466 -0.012674 -0.013953
v -0.112596 -0.012674 -0.013953
v -0.125466 -0.010910 0.405778
v -0.125466 -0.010910 0.235580
v -0.112596 -0.010910 0.405778
v -0.112596 -0.012674 0.412362
v -0.125466 -0.012674 0.412362
v -0.112596 -0.010910 0.235580
v -0.125466 -0.012674 0.228997
v -0.112596 -0.012674 0.228997
v -0.125466 -0.010910 -0.080121
v -0.125466 -0.010910 -0.250319
v -0.112596 -0.010910 -0.080121
v -0.112596 -0.012674 -0.073537
v -0.125466 -0.012674 -0.073537
v -0.112596 -0.010910 -0.250319
v -0.125466 -0.012674 -0.256902
v -0.112596 -0.012674 -0.256902
v -0.125466 -0.017493 -0.261722
v -0.112596 -0.017493 -0.261722
v 0.112595 -0.010910 -0.080121
v 0.125466 -0.010910 -0.250319
v 0.125466 -0.010910 -0.080121
v 0.112595 -0.012674 -0.073537
v 0.125466 -0.012674 -0.073537
v 0.112595 -0.010910 -0.250319
v 0.125466 -0.012674 -0.256902
v 0.112595 -0.012674 -0.256902
v 0.125466 -0.017493 -0.261722
v 0.112595 -0.017493 -0.261722
v -0.095442 -0.097016 0.036464
v -0.104543 -0.106116 -0.133734
v -0.095442 -0.097016 -0.133734
v -0.103296 -0.107364 -0.140317
v -0.104543 -0.106117 0.036464
v -0.103296 -0.107364 0.043048
v -0.094195 -0.098263 0.043048
v -0.094195 -0.098263 -0.140317
v -0.099888 -0.110772 -0.145137
v -0.090787 -0.101671 -0.145137
v -0.095233 -0.115426 -0.146901
v -0.086132 -0.106326 -0.146901
v -0.094194 0.031750 0.102632
v -0.099888 0.044259 0.097813
v -0.103296 0.040851 0.102632
v -0.104571 0.039575 0.109216
v -0.090787 0.035158 0.097813
v -0.095232 0.048914 0.096049
v -0.086131 0.039813 0.096049
v -0.095474 0.030470 0.109216
v -0.104571 0.039575 0.214691
v -0.095474 0.030470 0.214692
v -0.125466 -0.017493 -0.018772
v -0.112596 -0.017493 -0.018772
v -0.125466 -0.012674 -0.013953
v -0.112596 -0.012674 -0.013953
v -0.125466 -0.024077 -0.020536
v -0.112596 -0.024077 -0.020536
v -0.125466 -0.017493 -0.018772
v -0.112596 -0.017493 -0.018772
v -0.022345 -0.145772 -0.054881
v -0.020581 -0.158643 -0.061465
v -0.020581 -0.145772 -0.061465
v -0.015761 -0.158643 -0.066284
v -0.022345 -0.158643 -0.054881
v -0.015761 -0.145772 -0.066284
v -0.009178 -0.158643 -0.068048
v -0.009178 -0.145772 -0.068048
v -0.022345 -0.145772 0.115317
v -0.022345 -0.158643 0.115317
v -0.020581 -0.145772 0.121900
v -0.020581 -0.158643 0.121900
v 0.125466 -0.017493 -0.018772
v 0.112595 -0.017493 -0.018772
v 0.112595 -0.024077 -0.020537
v 0.125466 -0.024077 -0.020537
v 0.125466 -0.042436 -0.020537
v 0.112595 -0.042436 -0.020537
v 0.112595 -0.049020 -0.018772
v 0.125466 -0.049020 -0.018772
v -0.112596 -0.024077 -0.020536
v -0.125466 -0.042436 -0.020536
v -0.112596 -0.042436 -0.020536
v -0.125466 -0.024077 -0.020536
v 0.095233 -0.115426 -0.146901
v 0.090786 -0.101671 -0.145137
v 0.086131 -0.106326 -0.146901
v 0.082250 -0.128409 -0.146901
v 0.073149 -0.119308 -0.146901
v 0.099887 -0.110772 -0.145137
v 0.094194 -0.098263 -0.140317
v 0.103295 -0.107364 -0.140317
v 0.095441 -0.097016 -0.133734
v 0.104542 -0.106116 -0.133734
v 0.095442 -0.097016 0.036464
v 0.104542 -0.106117 0.036464
v 0.103295 -0.107364 0.043048
v 0.094194 -0.098263 0.043048
v 0.022344 -0.145772 0.115317
v 0.022344 -0.158643 0.115317
v 0.020580 -0.145772 0.121900
v 0.020580 -0.158643 0.121900
v 0.022344 -0.158643 -0.054881
v 0.022344 -0.145772 -0.054881
v 0.020580 -0.158643 -0.061465
v 0.020580 -0.145772 -0.061465
v 0.015761 -0.158643 -0.066284
v 0.015761 -0.145772 -0.066284
v 0.009177 -0.158643 -0.068048
v 0.009177 -0.145772 -0.068048
v 0.068494 -0.123963 0.097813
v 0.077595 -0.133064 0.097813
v 0.082250 -0.128409 0.096049
v 0.073149 -0.119308 0.096049
v 0.074187 -0.136472 0.102632
v 0.065086 -0.127371 0.102632
v 0.072940 -0.137719 0.109216
v 0.063839 -0.128618 0.109216
v 0.063839 -0.128618 0.279414
v 0.072940 -0.137719 0.279414
v 0.065086 -0.127371 0.285997
v 0.074187 -0.136472 0.285997
v 0.077595 -0.133064 0.290817
v 0.068494 -0.123963 0.290817
v 0.048297 0.158643 -0.024234
v 0.063403 0.140279 -0.024234
v 0.063403 0.143537 -0.024234
v 0.000000 0.140279 -0.024234
v 0.000000 0.158643 -0.024234
v -0.048297 0.158643 -0.024234
v -0.063403 0.140279 -0.024234
v -0.063403 0.143537 -0.024234
v -0.125466 -0.049020 -0.018772
v -0.112596 -0.049020 -0.018772
v -0.125466 -0.042436 -0.020536
v -0.112596 -0.042436 -0.020536
v -0.072940 -0.137719 0.279414
v -0.065087 -0.127371 0.285997
v -0.063839 -0.128618 0.279414
v -0.074188 -0.136472 0.285997
v -0.077595 -0.133064 0.290817
v -0.068494 -0.123963 0.290817
v -0.072940 -0.137719 0.109216
v -0.063839 -0.128618 0.109216
v -0.065087 -0.127371 0.102632
v -0.074188 -0.136472 0.102632
v -0.068494 -0.123963 0.097813
v -0.077595 -0.133064 0.097813
v -0.082251 -0.128409 0.096049
v -0.073150 -0.119308 0.096049
v -0.072940 0.071207 -0.376683
v -0.074187 0.069959 -0.383267
v -0.063839 0.062106 -0.376683
v -0.072940 0.071207 -0.206485
v -0.065087 0.060858 -0.383267
v -0.063839 0.062106 -0.206485
v -0.074187 0.069959 -0.199902
v -0.065086 0.060858 -0.199902
v -0.077595 0.066551 -0.388086
v -0.068494 0.057450 -0.388086
v -0.073150 0.052795 -0.389850
v -0.082251 0.061896 -0.389850
v 0.065086 -0.127371 -0.140317
v 0.072940 -0.137719 -0.133734
v 0.074187 -0.136472 -0.140317
v 0.063839 -0.128618 -0.133734
v 0.068494 -0.123963 -0.145137
v 0.063839 -0.128618 0.036464
v 0.077595 -0.133064 -0.145137
v 0.082250 -0.128409 -0.146901
v 0.073149 -0.119308 -0.146901
v 0.072940 -0.137719 0.036464
v 0.065086 -0.127371 0.043048
v 0.074187 -0.136472 0.043048
v 0.077595 -0.133064 0.047867
v 0.068494 -0.123963 0.047867
v -0.033802 0.089567 -0.460632
v -0.036134 0.081740 -0.442619
v -0.036134 0.081740 -0.468459
v -0.033729 0.114287 0.421609
v -0.033729 0.079259 0.445235
v -0.125466 -0.053839 -0.013953
v -0.112596 -0.053839 -0.013953
v -0.125466 -0.049020 -0.018772
v -0.112596 -0.049020 -0.018772
v -0.072940 -0.137719 0.036464
v -0.065087 -0.127371 0.043048
v -0.063839 -0.128618 0.036464
v -0.074188 -0.136472 0.043048
v -0.077595 -0.133064 0.047867
v -0.068495 -0.123963 0.047867
v -0.072940 -0.137719 -0.133734
v -0.063839 -0.128618 -0.133734
v -0.065087 -0.127371 -0.140317
v -0.074188 -0.136472 -0.140317
v -0.068495 -0.123963 -0.145137
v -0.077596 -0.133064 -0.145137
v -0.082251 -0.128409 -0.146901
v -0.073150 -0.119308 -0.146901
v 0.112595 -0.053839 0.169412
v 0.125466 -0.055603 0.162828
v 0.112595 -0.055603 0.162828
v 0.125466 -0.055603 -0.007370
v 0.125466 -0.053839 0.169412
v 0.125466 -0.049020 0.174231
v 0.112595 -0.049020 0.174231
v 0.112595 -0.055603 -0.007369
v 0.125466 -0.053839 -0.013953
v 0.112595 -0.053839 -0.013953
v 0.125466 -0.049020 -0.018772
v 0.112595 -0.049020 -0.018772
v 0.112595 -0.055603 0.235580
v 0.125466 -0.053839 0.228997
v 0.112595 -0.053839 0.228997
v 0.125466 -0.049020 0.224177
v 0.112595 -0.049020 0.224177
v 0.125466 -0.055603 0.235580
v 0.112595 -0.055603 0.405778
v 0.125466 -0.055603 0.405778
v 0.112595 -0.053839 0.412362
v 0.125466 -0.053839 0.412361
v 0.112595 -0.049020 0.417181
v 0.125466 -0.049020 0.417181
v -0.125466 -0.053839 -0.073537
v -0.112596 -0.053839 -0.073537
v -0.125466 -0.055603 -0.080121
v -0.112596 -0.055603 -0.080121
v -0.125466 -0.055603 -0.250319
v -0.112596 -0.055603 -0.250319
v -0.125466 -0.053839 -0.256902
v -0.112596 -0.053839 -0.256902
v -0.125466 -0.053839 0.169412
v -0.112596 -0.053839 0.169412
v -0.125466 -0.055603 0.162829
v -0.112596 -0.055603 0.162829
v -0.125466 -0.055603 -0.007369
v -0.112596 -0.055603 -0.007369
v -0.125466 -0.053839 -0.013953
v -0.112596 -0.053839 -0.013953
v -0.125466 -0.053839 0.412362
v -0.112596 -0.053839 0.412362
v -0.125466 -0.055603 0.405778
v -0.112596 -0.055603 0.405778
v -0.125466 -0.055603 0.235580
v -0.112596 -0.055603 0.235580
v -0.125466 -0.053839 0.228997
v -0.112596 -0.053839 0.228997
v 0.033729 0.114287 0.421609
v 0.036133 0.081740 -0.442619
v 0.033729 0.079259 0.445235
v -0.098840 0.027104 0.235009
v -0.107942 0.036205 0.235009
v -0.095474 0.030470 0.236285
v -0.104571 0.039575 0.236286
v -0.101686 0.024259 0.230985
v -0.110787 0.033360 0.230985
v -0.101686 0.024259 0.230985
v -0.111828 0.032318 0.225488
v -0.102727 0.023217 0.225488
v -0.101686 0.024259 0.219992
v -0.110787 0.033360 0.219992
v -0.098840 0.027104 0.215968
v -0.101686 0.024259 0.219992
v -0.107942 0.036205 0.215968
v -0.095474 0.030470 0.214692
v -0.104571 0.039575 0.214691
v 0.065086 -0.127371 -0.199902
v 0.074187 -0.136472 -0.199902
v 0.063839 -0.128618 -0.206485
v 0.068494 -0.123963 -0.195082
v 0.077595 -0.133064 -0.195082
v 0.072939 -0.137719 -0.206485
v 0.072939 -0.137719 -0.376683
v 0.063838 -0.128618 -0.376683
v 0.065086 -0.127371 -0.383267
v 0.074187 -0.136472 -0.383267
v 0.068494 -0.123963 -0.388086
v 0.077595 -0.133064 -0.388086
v 0.082245 -0.128414 -0.389848
v 0.073149 -0.119308 -0.389850
v -0.104571 0.039575 -0.206485
v -0.094195 0.031750 -0.199902
v -0.095474 0.030471 -0.206485
v -0.095474 0.030471 -0.376683
v -0.103296 0.040851 -0.199902
v -0.090787 0.035158 -0.195082
v -0.099888 0.044259 -0.195082
v -0.104571 0.039575 -0.376683
v -0.094195 0.031750 -0.383267
v -0.103296 0.040851 -0.383267
v -0.099888 0.044259 -0.388086
v -0.090787 0.035158 -0.388086
v -0.086132 0.039813 -0.389850
v -0.095232 0.048914 -0.389850
v -0.033802 0.089567 -0.460632
v -0.033730 0.089567 -0.442619
v -0.036134 0.081740 -0.442619
v -0.033729 0.114287 0.421609
v -0.033730 0.114287 -0.442619
v 0.125466 -0.055603 -0.080121
v 0.112595 -0.055603 -0.080121
v 0.112595 -0.053839 -0.073537
v 0.125466 -0.053839 -0.073538
v 0.125466 -0.055603 -0.250319
v 0.112595 -0.055603 -0.250319
v 0.125466 -0.053839 -0.256903
v 0.112595 -0.053839 -0.256902
v 0.125465 -0.049019 -0.261722
v 0.112595 -0.049019 -0.261722
v -0.086120 -0.106337 -0.389850
v -0.082246 -0.128414 -0.389848
v -0.073150 -0.119308 -0.389850
v -0.090787 -0.101671 -0.388086
v -0.095237 -0.115422 -0.389849
v -0.099888 -0.110772 -0.388086
v -0.103296 -0.107364 -0.383267
v -0.094195 -0.098263 -0.383267
v -0.095442 -0.097016 -0.376683
v -0.104543 -0.106116 -0.376683
v -0.095442 -0.097016 -0.206485
v -0.104543 -0.106116 -0.206485
v -0.103296 -0.107364 -0.199902
v -0.094195 -0.098263 -0.199902
v -0.065087 -0.127371 -0.199902
v -0.063839 -0.128618 -0.206485
v -0.074188 -0.136472 -0.199902
v -0.068495 -0.123963 -0.195082
v -0.077596 -0.133064 -0.195082
v -0.072940 -0.137719 -0.206485
v -0.072940 -0.137719 -0.376683
v -0.063839 -0.128618 -0.376683
v -0.065087 -0.127371 -0.383267
v -0.074188 -0.136472 -0.383267
v -0.068495 -0.123963 -0.388086
v -0.077596 -0.133064 -0.388086
v -0.082246 -0.128414 -0.389848
v -0.073150 -0.119308 -0.389850
v 0.036133 0.081740 -0.442619
v 0.033729 0.114287 0.421609
v 0.033729 0.089567 -0.442619
v 0.033729 0.114287 -0.442619
v 0.033801 0.089567 -0.460632
v 0.036133 0.081740 -0.468459
v 0.086131 0.039813 0.049631
v 0.073149 0.052795 0.049631
v 0.082250 0.061896 0.049631
v 0.068494 0.057450 0.047867
v 0.095232 0.048914 0.049631
v 0.090786 0.035158 0.047867
v 0.099887 0.044259 0.047867
v 0.077595 0.066551 0.047867
v 0.074187 0.069959 0.043048
v 0.065086 0.060858 0.043048
v -0.082253 -0.128407 0.049631
v -0.095233 -0.115427 0.049631
v -0.086132 -0.106326 0.049631
v -0.073150 -0.119308 0.049631
v -0.077595 -0.133064 0.047867
v -0.082253 -0.128407 0.049631
v -0.068495 -0.123963 0.047867
v -0.086132 -0.106326 0.049631
v -0.099888 -0.110772 0.047867
v -0.090787 -0.101671 0.047867
v -0.103296 -0.107364 0.043048
v -0.094195 -0.098263 0.043048
v -0.082251 0.061896 0.049631
v -0.068494 0.057450 0.047867
v -0.073150 0.052795 0.049631
v -0.086131 0.039813 0.049631
v -0.077595 0.066551 0.047867
v -0.074187 0.069959 0.043048
v -0.065086 0.060858 0.043048
v -0.095232 0.048914 0.049631
v -0.090787 0.035158 0.047867
v -0.099888 0.044259 0.047867
v 0.086131 -0.106326 0.049631
v 0.099887 -0.110772 0.047867
v 0.095232 -0.115427 0.049631
v 0.090786 -0.101671 0.047867
v 0.103295 -0.107364 0.043048
v 0.094194 -0.098263 0.043048
v 0.082252 -0.128407 0.049631
v 0.086131 -0.106326 0.049631
v 0.073149 -0.119308 0.049631
v 0.077595 -0.133064 0.047867
v 0.082252 -0.128407 0.049631
v 0.068494 -0.123963 0.047867
v -0.049418 -0.150796 -0.199060
v -0.049418 -0.150796 -0.254860
v -0.049418 -0.143039 -0.199060
v -0.049418 -0.143039 -0.254860
v 0.049418 -0.150796 -0.254860
v 0.049418 -0.143039 -0.199061
v 0.049418 -0.143039 -0.254860
v 0.049418 -0.143039 -0.199061
v 0.049418 -0.150796 -0.254860
v 0.049418 -0.150796 -0.199061
v -0.103296 0.040851 -0.140317
v -0.094195 0.031750 -0.140317
v -0.090787 0.035158 -0.145137
v -0.104571 0.039575 -0.133734
v -0.099888 0.044259 -0.145137
v -0.095232 0.048914 -0.146901
v -0.086131 0.039813 -0.146901
v -0.095474 0.030471 -0.133734
v -0.104571 0.039575 0.036464
v -0.095474 0.030471 0.036464
v -0.094195 0.031750 0.043048
v -0.103296 0.040851 0.043048
v -0.090787 0.035158 0.047867
v -0.099888 0.044259 0.047867
v -0.082251 0.061896 -0.146901
v -0.073150 0.052795 -0.146901
v -0.077595 0.066551 -0.145137
v -0.068494 0.057450 -0.145137
v -0.065086 0.060858 -0.140317
v -0.074187 0.069959 -0.140317
v -0.063839 0.062106 -0.133734
v -0.072940 0.071207 -0.133734
v -0.072940 0.071207 0.036464
v -0.063839 0.062106 0.036464
v -0.074187 0.069959 0.043048
v -0.065086 0.060858 0.043048
v 0.104571 0.039575 -0.133734
v 0.103295 0.040851 -0.140317
v 0.094194 0.031750 -0.140317
v 0.095473 0.030471 -0.133734
v 0.090786 0.035158 -0.145137
v 0.104571 0.039575 0.036464
v 0.099887 0.044259 -0.145137
v 0.095232 0.048914 -0.146901
v 0.086131 0.039813 -0.146901
v 0.095473 0.030471 0.036464
v 0.094194 0.031750 0.043048
v 0.103295 0.040851 0.043048
v 0.090786 0.035158 0.047867
v 0.099887 0.044259 0.047867
v 0.082250 0.061896 -0.146901
v 0.073149 0.052795 -0.146901
v 0.077595 0.066551 -0.145137
v 0.068494 0.057450 -0.145137
v 0.065086 0.060858 -0.140317
v 0.074187 0.069959 -0.140317
v 0.063838 0.062106 -0.133734
v 0.072939 0.071207 -0.133734
v 0.072939 0.071207 0.036464
v 0.063838 0.062106 0.036464
v 0.074187 0.069959 0.043048
v 0.065086 0.060858 0.043048
v 0.095236 -0.115422 -0.389849
v 0.090786 -0.101671 -0.388086
v 0.086119 -0.106337 -0.389850
v 0.082245 -0.128414 -0.389848
v 0.073149 -0.119308 -0.389850
v 0.099887 -0.110772 -0.388086
v 0.103295 -0.107364 -0.383267
v 0.094194 -0.098263 -0.383267
v 0.095441 -0.097016 -0.376683
v 0.104542 -0.106116 -0.376683
v 0.095441 -0.097016 -0.206485
v 0.104542 -0.106116 -0.206485
v 0.103295 -0.107364 -0.199902
v 0.094194 -0.098263 -0.199902
v -0.104571 0.039575 0.279414
v -0.094194 0.031750 0.285997
v -0.095474 0.030470 0.279414
v -0.104571 0.039575 0.236286
v -0.095474 0.030470 0.236285
v -0.103296 0.040851 0.285997
v -0.090787 0.035158 0.290817
v -0.099888 0.044259 0.290817
v 0.063403 0.140279 -0.024234
v 0.046600 0.123476 0.415411
v 0.046600 0.123476 -0.442619
v 0.063403 0.140279 0.007145
v 0.063403 0.140279 0.066914
v 0.063403 0.140279 0.035535
v 0.063403 0.140279 -0.084003
v 0.063403 0.140279 -0.052625
v 0.063403 0.140279 -0.143773
v 0.063403 0.140279 -0.112394
v 0.063403 0.140279 -0.411240
v 0.063403 0.140279 -0.442619
v 0.063403 0.140279 -0.382850
v 0.063403 0.140279 -0.351471
v 0.063403 0.140279 -0.323080
v 0.063403 0.140279 -0.291701
v 0.063403 0.140279 -0.263311
v 0.063403 0.140279 -0.231932
v 0.063403 0.140279 -0.203542
v 0.063403 0.140279 -0.172163
v 0.063403 0.140279 0.246221
v 0.046600 0.123476 0.415411
v 0.063403 0.140279 0.214843
v 0.063403 0.140279 0.186452
v 0.063403 0.140279 0.274612
v 0.063403 0.140279 0.155073
v 0.063403 0.140279 0.305991
v 0.063403 0.140279 0.386065
v 0.063403 0.140279 0.126683
v 0.063403 0.140279 0.095304
v 0.063403 0.140279 0.066914
v 0.063403 0.140279 0.035535
v 0.063403 0.140279 0.007145
v 0.046600 0.123476 -0.442619
v 0.063403 0.140279 -0.052625
v 0.063403 0.140279 -0.024234
v 0.063403 0.140279 -0.172163
v 0.063403 0.140279 -0.143773
v 0.063403 0.140279 -0.112394
v 0.063403 0.140279 -0.084003
v 0.048297 0.158643 0.066914
v 0.000000 0.140279 0.066914
v 0.000000 0.158643 0.066914
v -0.048297 0.158643 0.066914
v 0.063403 0.140279 0.066914
v 0.063403 0.143537 0.066914
v -0.063403 0.140279 0.066914
v -0.063403 0.143537 0.066914
v -0.009178 -0.145772 -0.068048
v 0.000000 -0.158643 -0.068048
v 0.000000 -0.145772 -0.068048
v -0.009178 -0.158643 -0.068048
v 0.009177 -0.145772 -0.068048
v 0.000000 -0.158643 -0.068048
v 0.009177 -0.158643 -0.068048
v 0.000000 -0.145772 -0.068048
v -0.063403 0.140279 -0.024234
v -0.046601 0.123476 -0.442619
v -0.046600 0.123476 0.415411
v -0.063403 0.140279 0.007145
v -0.063403 0.140279 -0.231932
v -0.063403 0.140279 -0.203542
v -0.063403 0.140279 0.035535
v -0.063403 0.140279 0.066914
v -0.063403 0.140279 0.095304
v -0.063403 0.140279 0.126683
v -0.063404 0.140279 -0.351471
v -0.063404 0.140279 -0.323080
v -0.063403 0.140279 0.155073
v -0.063404 0.140279 -0.291701
v -0.063404 0.140279 -0.263311
v -0.063404 0.140279 -0.382850
v -0.063404 0.140279 -0.411240
v -0.063403 0.140279 0.186452
v -0.063403 0.140279 0.214843
v -0.063403 0.140279 0.246221
v -0.063403 0.140279 0.274612
v -0.063403 0.140279 0.305991
v -0.046601 0.123476 -0.442619
v -0.063404 0.140279 -0.351471
v -0.063404 0.140279 -0.382850
v -0.063403 0.140279 -0.231932
v -0.063404 0.140279 -0.263311
v -0.063404 0.140279 -0.411240
v -0.063404 0.140279 -0.442619
v -0.063404 0.140279 -0.323080
v -0.063404 0.140279 -0.291701
v -0.063403 0.140279 -0.203542
v -0.063403 0.140279 -0.172163
v -0.063403 0.140279 -0.143773
v -0.063403 0.140279 -0.112394
v -0.063403 0.140279 -0.084003
v -0.063403 0.140279 -0.052625
v -0.063403 0.140279 -0.024234
v -0.046600 0.123476 0.415411
v -0.063403 0.140279 0.386065
v -0.063403 0.140279 0.305991
v -0.048297 0.158643 -0.084003
v 0.000000 0.140279 -0.084003
v 0.000000 0.158643 -0.084003
v 0.048297 0.158643 -0.084004
v -0.063403 0.140279 -0.084003
v -0.063403 0.143537 -0.084003
v 0.063403 0.140279 -0.084003
v 0.063403 0.143537 -0.084003
v -0.088226 -0.097656 -0.478643
v -0.088226 -0.101961 -0.442619
v -0.088226 -0.102355 -0.478643
v -0.088226 -0.097656 -0.442619
v -0.088226 -0.104232 -0.442619
v -0.088226 -0.122433 -0.454715
v -0.088226 -0.122433 -0.442619
v -0.088226 -0.104232 -0.442404
v -0.088226 -0.122433 -0.442404
v -0.049418 -0.150796 -0.254860
v -0.052017 -0.158643 -0.262707
v -0.041891 -0.158643 -0.262869
v 0.049418 -0.150796 -0.254860
v 0.052016 -0.158643 -0.262707
v 0.059863 -0.150796 -0.254860
v 0.041890 -0.158643 -0.262869
v -0.052017 -0.158643 -0.262707
v -0.049418 -0.150796 -0.254860
v -0.059864 -0.150796 -0.254860
v 0.088225 -0.097656 -0.478643
v 0.088225 -0.101961 -0.442619
v 0.088225 -0.097656 -0.442619
v 0.088225 -0.102355 -0.478643
v 0.088225 -0.104232 -0.442619
v 0.088225 -0.122433 -0.454715
v 0.088225 -0.122433 -0.442619
v 0.088225 -0.104232 -0.442404
v 0.088225 -0.122433 -0.442404
v -0.108269 0.011557 -0.442619
v -0.082786 0.036535 -0.478643
v -0.082786 0.036535 -0.442619
v -0.108269 0.011557 -0.478643
v -0.082786 0.036535 -0.442619
v -0.046644 0.071556 -0.478643
v -0.036134 0.081740 -0.442619
v -0.036134 0.081740 -0.468459
v -0.082786 0.036535 -0.478643
v 0.082785 0.036535 -0.442619
v 0.036133 0.081740 -0.442619
v 0.046643 0.071556 -0.478643
v 0.036133 0.081740 -0.468459
v 0.082785 0.036535 -0.478643
v 0.108268 0.011557 -0.442619
v 0.108268 0.011557 -0.478643
v -0.046685 0.079259 0.445235
v -0.036134 0.081740 -0.442619
v -0.033729 0.079259 0.445235
v -0.073150 0.052795 -0.442619
v -0.073150 0.052795 -0.389850
v -0.086132 0.039813 -0.389850
v -0.046686 0.079259 -0.442619
v -0.068494 0.057450 -0.388086
v -0.063839 0.062106 -0.133734
v -0.063839 0.062106 -0.206485
v -0.063839 0.062106 0.036464
v -0.046685 0.079259 0.445235
v -0.063839 0.062105 0.109216
v -0.063839 0.062106 0.352165
v -0.063839 0.062105 0.279414
v -0.065086 0.060858 0.408947
v -0.063839 0.062106 0.402363
v -0.086132 0.039813 -0.389850
v -0.086405 0.039540 -0.442619
v -0.073150 0.052795 -0.442619
v -0.090787 0.035158 -0.388086
v -0.086132 0.039813 -0.389850
v -0.068494 0.057450 -0.388086
v -0.073150 0.052795 -0.389850
v -0.112596 0.013349 -0.442619
v -0.094195 0.031750 -0.383267
v -0.095474 0.030471 -0.376683
v -0.095474 0.030471 -0.206485
v -0.095474 0.030471 -0.133734
v -0.095474 0.030471 0.036464
v -0.094195 0.031750 -0.140317
v -0.046686 0.079259 -0.442619
v -0.065087 0.060858 -0.383267
v -0.063839 0.062106 -0.376683
v -0.063839 0.062106 -0.206485
v -0.094195 0.031750 -0.199902
v -0.090787 0.035158 -0.145137
v -0.090787 0.035158 -0.195082
v -0.086131 0.039813 -0.193318
v -0.086131 0.039813 -0.146901
v -0.073150 0.052795 -0.193318
v -0.073150 0.052795 -0.146901
v -0.068494 0.057450 -0.145137
v -0.068494 0.057450 -0.195082
v -0.065086 0.060858 -0.199902
v -0.065086 0.060858 -0.140317
v -0.063839 0.062106 -0.133734
v -0.063839 0.062106 0.036464
v -0.065086 0.060858 0.102632
v -0.063839 0.062105 0.109216
v -0.065086 0.060858 0.043048
v -0.068494 0.057450 0.097813
v -0.068494 0.057450 0.047867
v -0.073150 0.052795 0.096049
v -0.073150 0.052795 0.049631
v -0.086131 0.039813 0.096049
v -0.086131 0.039813 0.049631
v -0.090787 0.035158 0.047867
v -0.090787 0.035158 0.097813
v -0.094195 0.031750 0.043048
v -0.094194 0.031750 0.102632
v -0.095474 0.030470 0.109216
v -0.095474 0.030470 0.214692
v -0.098840 0.027104 0.215968
v -0.101686 0.024259 0.219992
v -0.102727 0.023217 0.225488
v -0.095474 0.030470 0.279414
v -0.101686 0.024259 0.230985
v -0.098840 0.027104 0.235009
v -0.095474 0.030470 0.236285
v -0.094195 0.031750 0.345582
v -0.095474 0.030471 0.352165
v -0.090787 0.035158 0.290817
v -0.094194 0.031750 0.285997
v -0.090787 0.035158 0.340762
v -0.086131 0.039813 0.292581
v -0.086132 0.039813 0.338998
v -0.073150 0.052795 0.338998
v -0.073149 0.052795 0.292581
v -0.068494 0.057450 0.340762
v -0.068494 0.057450 0.290817
v -0.065086 0.060858 0.285997
v -0.065087 0.060858 0.345582
v -0.063839 0.062106 0.352165
v -0.063839 0.062105 0.279414
v -0.063839 0.062106 0.402363
v -0.046685 0.079259 0.445235
v -0.065086 0.060858 0.408947
v -0.068494 0.057450 0.413766
v -0.073150 0.052795 0.415530
v -0.046685 0.079259 0.445235
v -0.086131 0.039813 0.415530
v -0.096214 0.029730 0.478643
v -0.096214 0.029730 0.478643
v -0.090787 0.035158 0.413766
v -0.112595 0.013349 0.478643
v -0.094195 0.031750 0.408947
v -0.095474 0.030471 0.402363
v -0.095474 0.030470 0.109216
v -0.102727 0.023217 0.225488
v -0.095474 0.030471 0.036464
v -0.094195 0.031750 0.043048
v -0.112596 0.013349 -0.442619
v -0.112595 0.013349 0.478643
v -0.095474 0.030471 0.352165
v -0.095474 0.030470 0.279414
v -0.094195 0.031750 0.345582
v -0.094194 0.031750 0.285997
v -0.086405 0.039540 -0.442619
v -0.090787 0.035158 -0.388086
v -0.095474 0.030471 -0.133734
v -0.095474 0.030471 -0.206485
v -0.094195 0.031750 -0.140317
v -0.094195 0.031750 -0.199902
v 0.046685 0.079259 0.445235
v 0.036133 0.081740 -0.442619
v 0.046685 0.079259 -0.442619
v 0.033729 0.079259 0.445235
v 0.073149 0.052795 -0.389850
v 0.073149 0.052795 -0.442619
v 0.086131 0.039813 -0.389850
v 0.086404 0.039540 -0.442619
v 0.090786 0.035158 -0.388086
v 0.112595 0.013349 -0.442619
v 0.068493 0.057450 -0.388086
v 0.046685 0.079259 -0.442619
v 0.063838 0.062106 -0.133734
v 0.063838 0.062106 -0.206485
v 0.095473 0.030471 -0.133734
v 0.095473 0.030471 -0.206485
v 0.094194 0.031750 -0.199902
v 0.095473 0.030471 0.036464
v 0.112595 0.013349 0.478643
v 0.095474 0.030471 0.109216
v 0.094194 0.031750 0.043048
v 0.096214 0.029730 0.478643
v 0.090786 0.035158 0.413766
v 0.095473 0.030471 0.352165
v 0.095474 0.030471 0.279414
v 0.094194 0.031750 0.285997
v 0.073149 0.052795 -0.146901
v 0.073149 0.052795 -0.193318
v 0.086131 0.039813 -0.146901
v 0.068494 0.057450 -0.145137
v 0.086131 0.039813 -0.193318
v 0.068494 0.057450 -0.195082
v 0.090786 0.035158 -0.145137
v 0.065086 0.060858 -0.199902
v 0.090786 0.035158 -0.195082
v 0.065086 0.060858 -0.140317
v 0.094194 0.031750 -0.140317
v 0.094194 0.031750 -0.199902
v 0.095473 0.030471 -0.133734
v 0.063838 0.062106 -0.133734
v 0.063838 0.062106 -0.206485
v 0.112595 0.013349 -0.442619
v 0.095473 0.030471 0.036464
v 0.090786 0.035158 -0.388086
v 0.094194 0.031750 -0.383267
v 0.095473 0.030471 -0.376683
v 0.095473 0.030471 -0.206485
v 0.063838 0.062106 -0.376683
v 0.046685 0.079259 -0.442619
v 0.065086 0.060858 -0.383267
v 0.068493 0.057450 -0.388086
v 0.073149 0.052795 -0.442619
v 0.073149 0.052795 -0.389850
v 0.063838 0.062106 0.036464
v 0.046685 0.079259 0.445235
v 0.063838 0.062106 0.352165
v 0.063838 0.062106 0.402363
v 0.065086 0.060858 0.408947
v 0.068494 0.057450 0.413766
v 0.073149 0.052795 0.415530
v 0.063838 0.062106 0.109216
v 0.063839 0.062106 0.279414
v 0.065086 0.060858 0.345582
v 0.065086 0.060858 0.102632
v 0.065086 0.060858 0.285997
v 0.065086 0.060858 0.043048
v 0.068494 0.057450 0.340762
v 0.068494 0.057450 0.047867
v 0.068494 0.057450 0.290817
v 0.068494 0.057450 0.097813
v 0.073149 0.052795 0.338998
v 0.073149 0.052795 0.096049
v 0.073149 0.052795 0.292581
v 0.073149 0.052795 0.049631
v 0.086131 0.039813 0.338998
v 0.086131 0.039813 0.049631
v 0.086131 0.039813 0.292581
v 0.086131 0.039813 0.096049
v 0.090786 0.035158 0.340762
v 0.090786 0.035158 0.047867
v 0.090786 0.035158 0.290817
v 0.090786 0.035158 0.097813
v 0.094194 0.031750 0.345582
v 0.094194 0.031750 0.285997
v 0.095473 0.030471 0.352165
v 0.094194 0.031750 0.043048
v 0.094194 0.031750 0.102632
v 0.095474 0.030471 0.109216
v 0.112595 0.013349 0.478643
v 0.095474 0.030471 0.279414
v 0.095473 0.030471 0.402363
v 0.094194 0.031750 0.408947
v 0.090786 0.035158 0.413766
v 0.096214 0.029730 0.478643
v 0.086131 0.039813 0.415530
v 0.046685 0.079259 0.445235
v 0.063839 0.062106 0.279414
v 0.063838 0.062106 0.352165
v 0.046685 0.079259 0.445235
v 0.063838 0.062106 0.109216
v 0.063838 0.062106 0.036464
v 0.063838 0.062106 0.402363
v 0.065086 0.060858 0.408947
v -0.036134 0.081740 -0.442619
v -0.046685 0.079259 0.445235
v -0.046686 0.079259 -0.442619
v -0.108269 0.011557 -0.478643
v -0.108269 0.011557 -0.442619
v -0.107912 -0.024097 -0.478643
v -0.107912 -0.024097 -0.442619
v -0.107912 -0.042415 -0.442619
v -0.107912 -0.042415 -0.478643
v -0.108108 -0.062047 -0.465321
v -0.108053 -0.056516 -0.478643
v -0.108152 -0.066442 -0.462537
v -0.108267 -0.078073 -0.442619
v -0.108268 -0.078073 -0.462537
v 0.108267 -0.078073 -0.442619
v 0.107911 -0.042415 -0.478643
v 0.108267 -0.078073 -0.478643
v 0.108268 0.011557 -0.478643
v 0.107911 -0.024097 -0.478643
v 0.108268 0.011557 -0.442619
v 0.108268 0.011557 -0.442619
v 0.107911 -0.024097 -0.478643
v 0.107911 -0.024097 -0.442619
v 0.107911 -0.042415 -0.442619
v 0.107911 -0.042415 -0.478643
v 0.108267 -0.078073 -0.442619
v -0.112596 -0.024077 -0.020536
v -0.112596 -0.042436 -0.066954
v -0.112596 -0.024077 -0.066954
v -0.112596 -0.042436 -0.020536
v -0.112596 -0.024077 -0.066954
v -0.112596 -0.017493 -0.068718
v -0.112596 -0.049020 -0.068718
v -0.112596 -0.042436 -0.066954
v -0.112596 -0.049020 -0.018772
v -0.112596 -0.053839 -0.013953
v -0.112596 -0.053839 -0.073537
v -0.112596 -0.055603 -0.080121
v -0.112596 -0.055603 -0.007369
v -0.112596 -0.012674 -0.013953
v -0.112596 -0.017493 -0.018772
v -0.112596 -0.012674 -0.073537
v -0.112596 -0.010910 -0.080121
v -0.112596 -0.010910 -0.007369
v -0.112596 0.013349 -0.442619
v -0.112595 0.013349 0.478643
v -0.112596 -0.017493 -0.261722
v -0.112596 -0.012674 -0.256902
v -0.112596 -0.024077 -0.263486
v -0.112596 -0.024077 -0.442619
v -0.112596 -0.042436 -0.263486
v -0.112596 -0.042857 -0.442619
v -0.112596 -0.079862 -0.442619
v -0.112596 -0.049019 -0.261722
v -0.112596 -0.053839 -0.256902
v -0.112596 -0.055603 -0.250319
v -0.112595 -0.079862 0.478643
v -0.112596 -0.053839 0.412362
v -0.112596 -0.049020 0.417181
v -0.112596 -0.055603 0.162829
v -0.112596 -0.055603 0.235580
v -0.112596 -0.053839 0.228997
v -0.112596 -0.053839 0.169412
v -0.112596 -0.049020 0.224177
v -0.112596 -0.049020 0.174232
v -0.112596 -0.042436 0.222413
v -0.112596 -0.042436 0.175996
v -0.112596 -0.024077 0.175996
v -0.112596 -0.024077 0.222413
v -0.112596 -0.042436 0.175996
v -0.112596 -0.049020 -0.068718
v -0.112596 -0.049020 -0.018772
v -0.112596 -0.053839 -0.073537
v -0.112595 -0.079862 0.478643
v -0.112596 -0.055603 0.235580
v -0.112596 -0.055603 0.405778
v -0.112596 -0.053839 0.412362
v -0.112596 -0.055603 0.162829
v -0.112596 -0.055603 -0.007369
v -0.112596 -0.079862 -0.442619
v -0.112596 -0.055603 -0.080121
v -0.112596 -0.049020 0.417181
v -0.112596 -0.042436 0.418945
v -0.112595 0.013349 0.478643
v -0.112596 -0.010910 0.162829
v -0.112596 -0.010910 -0.007369
v -0.112596 -0.010910 0.235580
v -0.112596 -0.012674 0.169412
v -0.112596 -0.010910 0.405778
v -0.112596 -0.012674 0.412362
v -0.112596 -0.017493 0.417181
v -0.112596 -0.024077 0.418945
v -0.112596 -0.042436 0.418945
v -0.112596 -0.017493 0.417181
v -0.112596 -0.010910 0.162829
v -0.112596 -0.010910 0.235580
v -0.112596 -0.012674 0.169412
v -0.112596 -0.012674 0.228997
v -0.112596 -0.017493 0.224177
v -0.112596 -0.017493 0.174232
v -0.112596 -0.024077 0.175996
v -0.112596 -0.024077 0.175996
v -0.112596 -0.017493 0.224177
v -0.112596 -0.024077 0.222413
v -0.112596 -0.012674 -0.256902
v -0.112596 0.013349 -0.442619
v -0.112596 -0.010910 -0.250319
v -0.112596 -0.010910 -0.080121
v -0.112596 -0.024077 -0.020536
v -0.112596 -0.017493 -0.068718
v -0.112596 -0.017493 -0.018772
v 0.112595 -0.024077 -0.442619
v 0.112595 -0.042436 -0.263486
v 0.112595 -0.024077 -0.263486
v 0.112595 -0.042857 -0.442619
v 0.112595 -0.042436 -0.263486
v 0.112595 -0.079862 -0.442619
v 0.112595 -0.049019 -0.261722
v 0.112595 -0.055603 -0.250319
v 0.112595 -0.053839 -0.256902
v 0.112595 -0.055603 -0.080121
v 0.112595 -0.024077 -0.263486
v 0.112595 0.013349 -0.442619
v 0.112595 -0.017493 -0.261722
v 0.112595 -0.012674 -0.256902
v 0.112595 -0.053839 -0.013953
v 0.112595 -0.055603 -0.007369
v 0.112595 -0.053839 -0.073537
v 0.112595 -0.049020 -0.068718
v 0.112595 -0.049020 -0.018772
v 0.112595 -0.042436 -0.020537
v 0.112595 -0.042436 -0.066954
v 0.112595 -0.024077 -0.020537
v 0.112595 -0.042436 -0.020537
v 0.112595 -0.024077 -0.066954
v 0.112595 -0.079862 0.478643
v 0.112595 -0.055603 0.162828
v 0.112595 -0.055603 0.235580
v 0.112595 -0.053839 0.169412
v 0.112595 -0.053839 0.228997
v 0.112595 -0.055603 0.405778
v 0.112595 -0.053839 0.412362
v 0.112595 -0.049020 0.417181
v 0.112595 -0.042436 0.418945
v 0.112595 -0.049020 0.224177
v 0.112595 -0.049020 0.174231
v 0.112595 -0.042436 0.175995
v 0.112595 -0.042436 0.222413
v 0.112595 -0.042436 0.222413
v 0.112595 -0.024077 0.175995
v 0.112595 -0.024077 0.222413
v 0.112595 -0.079862 0.478643
v 0.112595 0.013349 0.478643
v 0.112595 -0.024077 0.418945
v 0.112595 -0.017493 0.417181
v 0.112595 -0.012674 0.412362
v 0.112595 -0.010910 -0.007369
v 0.112595 -0.010910 -0.080121
v 0.112595 -0.012674 -0.013953
v 0.112595 -0.012674 -0.073537
v 0.112595 -0.017493 -0.068718
v 0.112595 -0.017493 -0.018772
v 0.112595 -0.024077 -0.020537
v 0.112595 -0.010910 0.162828
v 0.112595 -0.010910 0.235580
v 0.112595 -0.012674 0.228997
v 0.112595 -0.012674 0.169412
v 0.112595 -0.017493 0.224177
v 0.112595 -0.017493 0.174231
v 0.112595 -0.024077 0.222413
v 0.112595 -0.024077 -0.020537
v 0.112595 -0.017493 -0.068718
v 0.112595 -0.024077 -0.066954
v 0.112595 -0.012674 -0.013953
v 0.112595 -0.012674 -0.073537
v 0.112595 -0.024077 0.222413
v 0.112595 -0.017493 0.174231
v 0.112595 -0.024077 0.175995
v 0.112595 0.013349 0.478643
v 0.112595 -0.010910 0.235580
v 0.112595 -0.010910 0.405778
v 0.112595 -0.012674 0.412362
v 0.112595 -0.010910 0.162828
v 0.112595 -0.010910 -0.007369
v 0.112595 -0.010910 -0.250319
v 0.112595 0.013349 -0.442619
v 0.112595 -0.012674 -0.256902
v 0.112595 -0.010910 -0.080121
v 0.112595 -0.055603 -0.007369
v 0.112595 -0.079862 -0.442619
v 0.112595 -0.079862 0.478643
v 0.112595 -0.055603 -0.080121
v 0.112595 -0.055603 0.162828
v 0.112595 -0.055603 0.235580
v 0.112595 -0.053839 -0.256902
v 0.112595 -0.049019 -0.261722
v 0.112595 -0.049020 0.224177
v 0.112595 -0.053839 0.169412
v 0.112595 -0.053839 0.228997
v -0.108268 -0.078073 -0.462537
v -0.108267 -0.078073 -0.442619
v -0.101492 -0.084694 -0.462537
v -0.088226 -0.097656 -0.442619
v -0.098347 -0.087767 -0.465321
v -0.088226 -0.097656 -0.478643
v -0.094388 -0.091635 -0.478643
v 0.108267 -0.078073 -0.442619
v 0.108267 -0.078073 -0.478643
v 0.088225 -0.097656 -0.478643
v 0.088225 -0.097656 -0.478643
v 0.088225 -0.097656 -0.442619
v 0.108267 -0.078073 -0.442619
v -0.009178 -0.145772 0.128484
v 0.000000 -0.145772 0.128484
v 0.000000 -0.158643 0.128484
v -0.009178 -0.158643 0.128484
v -0.015761 -0.158643 0.126720
v -0.015761 -0.145772 0.126720
v -0.020581 -0.158643 0.121900
v -0.020581 -0.145772 0.121900
v -0.086120 -0.106337 -0.389850
v -0.073150 -0.119308 -0.389850
v -0.073214 -0.119244 -0.442404
v -0.088226 -0.104232 -0.442404
v -0.089334 -0.103124 -0.442619
v -0.088226 -0.104232 -0.442619
v -0.112596 -0.079862 -0.442619
v -0.046686 -0.145772 -0.426901
v -0.073214 -0.119244 -0.442404
v -0.065087 -0.127371 -0.383267
v -0.068495 -0.123963 -0.388086
v -0.063839 -0.128618 -0.376683
v -0.049418 -0.143039 -0.254860
v -0.046686 -0.145772 -0.257767
v -0.063839 -0.128618 -0.206485
v -0.049418 -0.143039 -0.199060
v -0.065087 -0.127371 -0.199902
v -0.068495 -0.123963 -0.195082
v -0.046686 -0.145772 -0.196153
v -0.068495 -0.123963 -0.145137
v -0.065087 -0.127371 -0.140317
v -0.063839 -0.128618 -0.133734
v -0.063839 -0.128618 0.036464
v -0.063839 -0.128618 0.109216
v -0.065087 -0.127371 0.102632
v -0.065087 -0.127371 0.043048
v -0.068495 -0.123963 0.047867
v -0.068494 -0.123963 0.097813
v -0.073150 -0.119308 0.049631
v -0.073150 -0.119308 0.096049
v -0.086132 -0.106326 0.096049
v -0.086132 -0.106326 0.049631
v -0.090787 -0.101671 0.047867
v -0.090787 -0.101671 0.097813
v -0.094195 -0.098263 0.102632
v -0.094195 -0.098263 0.043048
v -0.095442 -0.097016 0.036464
v -0.095442 -0.097016 0.109216
v -0.112595 -0.079862 0.478643
v -0.095442 -0.097016 0.279414
v -0.094195 -0.098263 0.410711
v -0.095442 -0.097016 0.404127
v -0.095442 -0.097016 0.353929
v -0.094195 -0.098263 0.347346
v -0.094195 -0.098263 0.285997
v -0.090787 -0.101671 0.290817
v -0.090787 -0.101671 0.342526
v -0.086132 -0.106326 0.340762
v -0.086116 -0.106342 0.292581
v -0.073150 -0.119308 0.340762
v -0.073165 -0.119293 0.292581
v -0.068494 -0.123963 0.290817
v -0.068494 -0.123963 0.342526
v -0.065087 -0.127371 0.347346
v -0.065087 -0.127371 0.285997
v -0.063839 -0.128618 0.353929
v -0.063839 -0.128618 0.279414
v -0.046685 -0.145772 0.429018
v -0.063839 -0.128618 0.404127
v -0.065087 -0.127371 0.410711
v -0.068494 -0.123963 0.415530
v -0.073168 -0.119289 0.448958
v -0.073165 -0.119293 0.417294
v -0.086116 -0.106342 0.417294
v -0.086113 -0.106345 0.458704
v -0.090787 -0.101671 0.415530
v -0.073150 -0.119308 -0.146901
v -0.073150 -0.119308 -0.193318
v -0.086132 -0.106326 -0.146901
v -0.086132 -0.106326 -0.193318
v -0.090787 -0.101671 -0.145137
v -0.086132 -0.106326 -0.146901
v -0.090787 -0.101671 -0.195082
v -0.094195 -0.098263 -0.140317
v -0.094195 -0.098263 -0.199902
v -0.095442 -0.097016 -0.206485
v -0.095442 -0.097016 -0.133734
v -0.095442 -0.097016 -0.376683
v -0.094195 -0.098263 -0.383267
v -0.090787 -0.101671 -0.388086
v -0.086120 -0.106337 -0.389850
v -0.095442 -0.097016 0.279414
v -0.112595 -0.079862 0.478643
v -0.095442 -0.097016 0.353929
v -0.095442 -0.097016 0.109216
v -0.095442 -0.097016 0.036464
v -0.090787 -0.101671 0.415530
v -0.086113 -0.106345 0.458704
v -0.094195 -0.098263 0.410711
v -0.112596 -0.079862 -0.442619
v -0.095442 -0.097016 -0.133734
v -0.095442 -0.097016 -0.206485
v -0.073214 -0.119244 -0.442404
v -0.046686 -0.145772 -0.426901
v -0.059694 -0.132763 -0.442404
v -0.046686 -0.145772 -0.257767
v -0.063839 -0.128618 -0.376683
v -0.073150 -0.119308 -0.389850
v -0.068495 -0.123963 -0.388086
v -0.068495 -0.123963 -0.145137
v -0.068495 -0.123963 -0.195082
v -0.073150 -0.119308 -0.146901
v -0.073150 -0.119308 -0.193318
v -0.046686 -0.145772 -0.196153
v -0.063839 -0.128618 0.109216
v -0.063839 -0.128618 0.036464
v -0.046685 -0.145772 0.429018
v -0.063839 -0.128618 0.279414
v -0.063839 -0.128618 0.353929
v 0.125466 -0.017493 0.174231
v 0.112595 -0.017493 0.174231
v 0.125466 -0.012674 0.169412
v 0.112595 -0.012674 0.169412
v -0.125466 -0.012674 0.169412
v -0.112596 -0.012674 0.169412
v -0.112596 -0.017493 0.174232
v -0.125466 -0.017493 0.174232
v 0.086119 -0.106337 -0.389850
v 0.073213 -0.119244 -0.442404
v 0.073149 -0.119308 -0.389850
v 0.088225 -0.104232 -0.442404
v 0.089333 -0.103124 -0.442619
v 0.088225 -0.104232 -0.442619
v 0.112595 -0.079862 -0.442619
v 0.090786 -0.101671 -0.388086
v 0.095441 -0.097016 -0.133734
v 0.095441 -0.097016 -0.206485
v 0.046685 -0.145772 -0.426901
v 0.073149 -0.119308 -0.389850
v 0.059693 -0.132763 -0.442404
v 0.046685 -0.145772 -0.257767
v 0.063838 -0.128618 -0.376683
v 0.049418 -0.143039 -0.254860
v 0.095442 -0.097016 0.036464
v 0.112595 -0.079862 0.478643
v 0.095442 -0.097016 0.109216
v 0.095442 -0.097016 0.279414
v 0.095442 -0.097016 0.353929
v 0.094194 -0.098263 0.285997
v 0.073149 -0.119308 -0.193318
v 0.086131 -0.106326 -0.146901
v 0.086131 -0.106326 -0.193318
v 0.073149 -0.119308 -0.146901
v 0.090786 -0.101671 -0.195082
v 0.086131 -0.106326 -0.193318
v 0.068494 -0.123963 -0.195082
v 0.068494 -0.123963 -0.145137
v 0.046685 -0.145772 -0.196153
v 0.063839 -0.128618 0.109216
v 0.063839 -0.128618 0.036464
v 0.046685 -0.145772 0.429018
v 0.063839 -0.128618 0.279414
v 0.063839 -0.128618 0.353929
v 0.086131 -0.106326 0.096049
v 0.073149 -0.119308 0.049631
v 0.073149 -0.119308 0.096049
v 0.086131 -0.106326 0.049631
v 0.090786 -0.101671 0.097813
v 0.090786 -0.101671 0.047867
v 0.094194 -0.098263 0.102632
v 0.094194 -0.098263 0.043048
v 0.095442 -0.097016 0.036464
v 0.095442 -0.097016 0.109216
v 0.068494 -0.123963 0.047867
v 0.073149 -0.119308 0.096049
v 0.068494 -0.123963 0.097813
v 0.065086 -0.127371 0.102632
v 0.065086 -0.127371 0.043048
v 0.063839 -0.128618 0.109216
v 0.063839 -0.128618 0.036464
v 0.112595 -0.079862 -0.442619
v 0.095441 -0.097016 -0.133734
v 0.090786 -0.101671 -0.388086
v 0.094194 -0.098263 -0.383267
v 0.095441 -0.097016 -0.376683
v 0.095441 -0.097016 -0.206485
v 0.094194 -0.098263 -0.140317
v 0.094194 -0.098263 -0.199902
v 0.090786 -0.101671 -0.195082
v 0.090786 -0.101671 -0.145137
v 0.086131 -0.106326 -0.146901
v 0.046685 -0.145772 -0.196153
v 0.063839 -0.128618 -0.133734
v 0.065086 -0.127371 -0.140317
v 0.068494 -0.123963 -0.145137
v 0.073149 -0.119308 -0.193318
v 0.073149 -0.119308 -0.146901
v 0.068494 -0.123963 -0.195082
v 0.049418 -0.143039 -0.199061
v 0.065086 -0.127371 -0.199902
v 0.063839 -0.128618 -0.206485
v 0.049418 -0.143039 -0.254860
v 0.063838 -0.128618 -0.376683
v 0.065086 -0.127371 -0.383267
v 0.046685 -0.145772 -0.426901
v 0.068494 -0.123963 -0.388086
v 0.073149 -0.119308 -0.389850
v 0.086116 -0.106342 0.292581
v 0.073149 -0.119308 0.340762
v 0.086131 -0.106326 0.340762
v 0.073165 -0.119293 0.292581
v 0.090786 -0.101671 0.290817
v 0.086116 -0.106342 0.292581
v 0.090786 -0.101671 0.342526
v 0.094194 -0.098263 0.347346
v 0.094194 -0.098263 0.285997
v 0.095442 -0.097016 0.353929
v 0.068494 -0.123963 0.290817
v 0.073149 -0.119308 0.340762
v 0.068494 -0.123963 0.342526
v 0.065086 -0.127371 0.347346
v 0.065086 -0.127371 0.285997
v 0.063839 -0.128618 0.279414
v 0.063839 -0.128618 0.353929
v 0.046685 -0.145772 0.429018
v 0.063839 -0.128618 0.404127
v 0.065086 -0.127371 0.410711
v 0.068494 -0.123963 0.415530
v 0.073168 -0.119289 0.448958
v 0.073165 -0.119293 0.417294
v 0.086116 -0.106342 0.417294
v 0.086113 -0.106345 0.458704
v 0.090786 -0.101671 0.415530
v 0.086116 -0.106342 0.417294
v 0.112595 -0.079862 0.478643
v 0.094194 -0.098263 0.410711
v 0.095442 -0.097016 0.404127
v 0.095442 -0.097016 0.279414
v -0.009178 -0.145772 0.128484
v 0.000000 -0.158643 0.128484
v -0.009178 -0.158643 0.128484
v 0.009177 -0.145772 0.128484
v 0.000000 -0.145772 0.128484
v 0.009177 -0.158643 0.128484
v 0.015761 -0.158643 0.126720
v 0.015761 -0.145772 0.126720
v 0.020580 -0.158643 0.121900
v 0.020580 -0.145772 0.121900
v -0.048297 0.158643 0.126683
v -0.063403 0.140279 0.126683
v -0.063403 0.143537 0.126683
v 0.000000 0.140279 0.126683
v 0.000000 0.158643 0.126683
v 0.048297 0.158643 0.126683
v 0.063403 0.140279 0.126683
v 0.063403 0.143537 0.126683
v 0.009177 -0.145772 -0.426901
v 0.014240 -0.145772 -0.317621
v 0.046685 -0.145772 -0.426901
v 0.009177 -0.145772 -0.318977
v 0.018585 -0.145772 -0.313276
v 0.020175 -0.145772 -0.307341
v 0.046685 -0.145772 -0.257767
v 0.041890 -0.145772 -0.262869
v 0.020175 -0.145772 -0.277276
v 0.034582 -0.145772 -0.262869
v 0.000000 -0.145772 -0.426901
v 0.008304 -0.145772 -0.319211
v 0.000000 -0.145772 -0.319211
v -0.009178 -0.145772 -0.134943
v -0.009178 -0.145772 -0.068048
v -0.008305 -0.145772 -0.134709
v 0.000000 -0.145772 -0.068048
v 0.000000 -0.145772 -0.134709
v 0.008304 -0.145772 -0.134709
v 0.009177 -0.145772 -0.068048
v 0.009177 -0.145772 -0.134943
v 0.009177 -0.145772 -0.068048
v 0.014240 -0.145772 -0.136300
v 0.000000 -0.145772 -0.068048
v 0.000000 -0.145772 -0.134709
v -0.008305 -0.145772 -0.134709
v -0.009178 -0.145772 -0.426901
v -0.008305 -0.145772 -0.319211
v 0.000000 -0.145772 -0.426901
v 0.000000 -0.145772 -0.319211
v -0.014240 -0.145772 -0.317621
v -0.009178 -0.145772 -0.318977
v -0.046686 -0.145772 -0.426901
v -0.018585 -0.145772 -0.313276
v -0.020176 -0.145772 -0.307341
v -0.046686 -0.145772 -0.257767
v -0.041891 -0.145772 -0.262869
v -0.020176 -0.145772 -0.277276
v -0.034582 -0.145772 -0.262869
v -0.008305 -0.145772 -0.319211
v -0.009178 -0.145772 -0.426901
v -0.009178 -0.145772 -0.318977
v 0.009177 -0.145772 -0.426901
v 0.008304 -0.145772 -0.319211
v 0.009177 -0.145772 -0.318977
v -0.009178 -0.145772 0.371433
v 0.000000 -0.145772 0.429018
v 0.000000 -0.145772 0.371433
v 0.046685 -0.145772 0.429018
v 0.009178 -0.145772 0.371433
v 0.022344 -0.145772 0.115317
v 0.022345 -0.145772 0.188068
v 0.046685 -0.145772 -0.196153
v -0.046685 -0.145772 0.429018
v -0.015761 -0.145772 0.369669
v -0.020581 -0.145772 0.364850
v -0.022345 -0.145772 0.358266
v -0.022345 -0.145772 0.188068
v 0.041890 -0.145772 -0.191051
v 0.020175 -0.145772 -0.146580
v 0.020175 -0.145772 -0.176645
v 0.034582 -0.145772 -0.191051
v -0.020581 -0.145772 0.181485
v -0.022345 -0.145772 0.115317
v -0.020581 -0.145772 0.121900
v -0.015761 -0.145772 0.126720
v -0.015761 -0.145772 0.176665
v -0.009178 -0.145772 0.174901
v -0.009178 -0.145772 0.128484
v 0.000000 -0.145772 0.128484
v 0.000000 -0.145772 0.174901
v -0.046686 -0.145772 -0.196153
v -0.022345 -0.145772 -0.054881
v -0.020581 -0.145772 -0.061465
v -0.018585 -0.145772 -0.140645
v -0.020176 -0.145772 -0.146580
v -0.015761 -0.145772 -0.066284
v -0.014240 -0.145772 -0.136300
v -0.009178 -0.145772 -0.068048
v -0.020176 -0.145772 -0.176645
v -0.041891 -0.145772 -0.191051
v 0.000000 -0.145772 0.429018
v -0.009178 -0.145772 0.371433
v -0.046685 -0.145772 0.429018
v 0.000000 -0.145772 0.371433
v 0.009178 -0.145772 0.371433
v -0.022345 -0.145772 0.115317
v -0.022345 -0.145772 0.188068
v -0.046686 -0.145772 -0.196153
v -0.020176 -0.145772 -0.146580
v -0.041891 -0.145772 -0.191051
v -0.020176 -0.145772 -0.176645
v -0.034582 -0.145772 -0.191051
v 0.046685 -0.145772 0.429018
v 0.015761 -0.145772 0.369669
v 0.020581 -0.145772 0.364850
v 0.022345 -0.145772 0.358266
v 0.022345 -0.145772 0.188068
v 0.022344 -0.145772 0.115317
v 0.020580 -0.145772 0.181485
v 0.020580 -0.145772 0.121900
v 0.015761 -0.145772 0.126720
v 0.015761 -0.145772 0.176665
v 0.009177 -0.145772 0.174901
v 0.009177 -0.145772 0.128484
v 0.000000 -0.145772 0.128484
v 0.000000 -0.145772 0.174901
v 0.046685 -0.145772 -0.196153
v 0.022344 -0.145772 -0.054881
v 0.020580 -0.145772 -0.061465
v 0.018585 -0.145772 -0.140645
v 0.020175 -0.145772 -0.146580
v 0.015761 -0.145772 -0.066284
v 0.014240 -0.145772 -0.136300
v 0.009177 -0.145772 -0.068048
v -0.014240 -0.145772 -0.136300
v -0.009178 -0.145772 -0.068048
v -0.009178 -0.145772 -0.134943
v -0.033729 0.114287 0.421609
v 0.000000 0.114287 -0.442619
v 0.000000 0.114287 0.421609
v -0.033730 0.114287 -0.442619
v 0.033729 0.114287 -0.442619
v 0.033729 0.114287 0.421609
v 0.048297 0.158643 -0.143773
v 0.063403 0.140279 -0.143773
v 0.063403 0.143537 -0.143773
v 0.000000 0.140279 -0.143773
v 0.000000 0.158643 -0.143773
v -0.048297 0.158643 -0.143773
v -0.063403 0.140279 -0.143773
v -0.063403 0.143537 -0.143773
v -0.125466 -0.049020 0.174232
v -0.112596 -0.049020 0.174232
v -0.112596 -0.053839 0.169412
v -0.125466 -0.053839 0.169412
v -0.086131 0.039813 -0.146901
v -0.082251 0.061896 -0.146901
v -0.095232 0.048914 -0.146901
v 0.082250 0.061896 -0.146901
v 0.086131 0.039813 -0.146901
v 0.095232 0.048914 -0.146901
v -0.082251 -0.128409 -0.146901
v -0.086132 -0.106326 -0.146901
v -0.095233 -0.115426 -0.146901
v -0.073150 -0.119308 -0.146901
v -0.112596 -0.024077 0.175996
v -0.125466 -0.042436 0.175996
v -0.125466 -0.024077 0.175996
v -0.112596 -0.017493 0.174232
v -0.125466 -0.017493 0.174232
v -0.112596 -0.042436 0.175996
v -0.112596 -0.049020 0.174232
v -0.125466 -0.049020 0.174232
v 0.125466 -0.049020 0.174231
v 0.112595 -0.049020 0.174231
v 0.125466 -0.042436 0.175995
v 0.112595 -0.042436 0.175995
v 0.112595 -0.024077 0.175995
v 0.125466 -0.024077 0.175995
v 0.112595 -0.017493 0.174231
v 0.125466 -0.017493 0.174231
v -0.048297 0.158643 0.186452
v -0.063403 0.140279 0.186452
v -0.063403 0.143537 0.186452
v 0.000000 0.140279 0.186452
v 0.000000 0.158643 0.186452
v 0.048297 0.158643 0.186452
v 0.063403 0.140279 0.186452
v 0.063403 0.143537 0.186452
v -0.048297 0.158643 -0.203542
v 0.000000 0.140279 -0.203542
v 0.000000 0.158643 -0.203542
v 0.048297 0.158643 -0.203542
v -0.063403 0.140279 -0.203542
v -0.063403 0.143537 -0.203542
v 0.063403 0.140279 -0.203542
v 0.063403 0.143537 -0.203542
v -0.125466 -0.053839 -0.256902
v -0.112596 -0.053839 -0.256902
v -0.125466 -0.049019 -0.261722
v -0.112596 -0.049019 -0.261722
v -0.020176 -0.145772 -0.277276
v -0.034582 -0.145772 -0.262869
v -0.020176 -0.158643 -0.277276
v -0.034582 -0.158643 -0.262869
v -0.049418 -0.150796 -0.254860
v -0.041891 -0.145772 -0.262869
v -0.046686 -0.145772 -0.257767
v 0.049418 -0.150796 -0.254860
v 0.049418 -0.143039 -0.254860
v 0.046685 -0.145772 -0.257767
v 0.020175 -0.145772 -0.277276
v 0.020175 -0.158643 -0.277276
v 0.034582 -0.145772 -0.262869
v 0.034582 -0.158643 -0.262869
v -0.048297 0.158643 0.246221
v -0.063403 0.140279 0.246221
v -0.063403 0.143537 0.246221
v 0.000000 0.140279 0.246221
v 0.000000 0.158643 0.246221
v 0.048297 0.158643 0.246221
v 0.063403 0.140279 0.246221
v 0.063403 0.143537 0.246221
v -0.125466 -0.024077 -0.263486
v -0.112596 -0.024077 -0.263486
v -0.125466 -0.017493 -0.261722
v -0.112596 -0.017493 -0.261722
v -0.049418 -0.143039 -0.254860
v -0.049418 -0.150796 -0.254860
v -0.046686 -0.145772 -0.257767
v -0.041891 -0.145772 -0.262869
v -0.041891 -0.158643 -0.262869
v -0.034582 -0.145772 -0.262869
v -0.034582 -0.158643 -0.262869
v 0.041890 -0.158643 -0.262869
v 0.041890 -0.145772 -0.262869
v 0.034582 -0.145772 -0.262869
v 0.034582 -0.158643 -0.262869
v 0.049418 -0.150796 -0.254860
v 0.046685 -0.145772 -0.257767
v -0.125466 -0.049019 -0.261722
v -0.112596 -0.049019 -0.261722
v -0.125466 -0.042436 -0.263486
v -0.112596 -0.042436 -0.263486
v 0.125465 -0.042436 -0.263486
v 0.112595 -0.042436 -0.263486
v 0.112595 -0.049019 -0.261722
v 0.125465 -0.049019 -0.261722
v 0.125466 -0.024077 -0.263486
v 0.112595 -0.024077 -0.263486
v 0.125466 -0.017493 -0.261722
v 0.112595 -0.017493 -0.261722
v -0.112596 -0.024077 -0.263486
v -0.125466 -0.024077 -0.263486
v -0.112596 -0.042436 -0.263486
v -0.125466 -0.042436 -0.263486
v -0.048297 0.158643 -0.263311
v 0.000000 0.140279 -0.263311
v 0.000000 0.158643 -0.263311
v 0.048297 0.158643 -0.263311
v -0.063404 0.140279 -0.263311
v -0.063403 0.143537 -0.263311
v 0.063403 0.140279 -0.263311
v 0.063403 0.143537 -0.263311
v 0.068494 0.057450 0.290817
v 0.082250 0.061896 0.292581
v 0.073149 0.052795 0.292581
v 0.086131 0.039813 0.292581
v 0.077595 0.066551 0.290817
v 0.074187 0.069959 0.285997
v 0.065086 0.060858 0.285997
v 0.095232 0.048914 0.292581
v 0.090786 0.035158 0.290817
v 0.099887 0.044259 0.290817
v -0.082251 -0.128409 0.292581
v -0.095233 -0.115427 0.292581
v -0.086116 -0.106342 0.292581
v -0.073165 -0.119293 0.292581
v -0.082251 -0.128409 0.292581
v -0.068494 -0.123963 0.290817
v -0.077595 -0.133064 0.290817
v -0.090787 -0.101671 0.290817
v -0.086116 -0.106342 0.292581
v -0.099888 -0.110772 0.290817
v -0.094195 -0.098263 0.285997
v -0.103296 -0.107364 0.285997
v -0.095232 0.048914 0.292581
v -0.090787 0.035158 0.290817
v -0.099888 0.044259 0.290817
v -0.086131 0.039813 0.292581
v -0.082251 0.061896 0.292581
v -0.073149 0.052795 0.292581
v -0.077595 0.066551 0.290817
v -0.068494 0.057450 0.290817
v -0.065086 0.060858 0.285997
v -0.074187 0.069959 0.285997
v 0.099887 -0.110772 0.290817
v 0.094194 -0.098263 0.285997
v 0.103295 -0.107364 0.285997
v 0.090786 -0.101671 0.290817
v 0.095232 -0.115427 0.292581
v 0.086116 -0.106342 0.292581
v 0.082250 -0.128409 0.292581
v 0.086116 -0.106342 0.292581
v 0.073165 -0.119293 0.292581
v 0.082250 -0.128409 0.292581
v 0.068494 -0.123963 0.290817
v 0.077595 -0.133064 0.290817
v -0.112596 -0.017493 0.417181
v -0.125466 -0.017493 0.417181
v -0.125466 -0.012674 0.412362
v -0.112596 -0.012674 0.412362
v 0.112595 -0.017493 0.417181
v 0.125466 -0.012674 0.412362
v 0.125466 -0.017493 0.417181
v 0.112595 -0.012674 0.412362
v 0.104571 0.039575 -0.206485
v 0.104570 0.039575 -0.376683
v 0.095473 0.030471 -0.376683
v 0.095473 0.030471 -0.206485
v 0.094194 0.031750 -0.383267
v 0.094194 0.031750 -0.199902
v 0.103295 0.040851 -0.383267
v 0.103295 0.040851 -0.199902
v 0.090786 0.035158 -0.195082
v 0.099887 0.044259 -0.195082
v 0.099887 0.044259 -0.388086
v 0.090786 0.035158 -0.388086
v 0.086131 0.039813 -0.389850
v 0.095231 0.048914 -0.389850
v 0.082250 0.061896 -0.389850
v 0.073149 0.052795 -0.389850
v 0.077594 0.066551 -0.388086
v 0.068493 0.057450 -0.388086
v 0.065086 0.060858 -0.383267
v 0.074187 0.069959 -0.383267
v 0.063838 0.062106 -0.376683
v 0.072939 0.071207 -0.376683
v 0.072939 0.071207 -0.206485
v 0.063838 0.062106 -0.206485
v 0.074187 0.069959 -0.199902
v 0.065086 0.060858 -0.199902
v 0.020175 -0.145772 -0.307341
v 0.020175 -0.158643 -0.277276
v 0.020175 -0.145772 -0.277276
v 0.020175 -0.158643 -0.307341
v 0.018585 -0.158643 -0.313276
v 0.018585 -0.145772 -0.313276
v 0.014240 -0.158643 -0.317621
v 0.014240 -0.145772 -0.317621
v 0.009177 -0.145772 -0.318977
v 0.008304 -0.158643 -0.319211
v 0.008304 -0.145772 -0.319211
v 0.000000 -0.145772 -0.319211
v 0.000000 -0.158643 -0.319211
v -0.008305 -0.158643 -0.319211
v -0.008305 -0.145772 -0.319211
v -0.009178 -0.145772 -0.318977
v -0.014240 -0.158643 -0.317621
v -0.014240 -0.145772 -0.317621
v -0.018585 -0.145772 -0.313276
v -0.018585 -0.158643 -0.313276
v -0.020176 -0.145772 -0.307341
v -0.020176 -0.158643 -0.307341
v -0.020176 -0.158643 -0.277276
v -0.020176 -0.145772 -0.277276
v 0.048297 0.158643 0.305991
v 0.000000 0.140279 0.305991
v 0.000000 0.158643 0.305991
v -0.048297 0.158643 0.305991
v 0.063403 0.140279 0.305991
v 0.063403 0.143537 0.305991
v -0.063403 0.140279 0.305991
v -0.063403 0.143537 0.305991
v -0.125466 -0.049020 0.417181
v -0.112596 -0.049020 0.417181
v -0.125466 -0.053839 0.412362
v -0.112596 -0.053839 0.412362
v 0.048297 0.158643 -0.323080
v 0.063403 0.140279 -0.323080
v 0.063403 0.143537 -0.323080
v 0.000000 0.140279 -0.323080
v 0.000000 0.158643 -0.323080
v -0.048297 0.158643 -0.323080
v -0.063404 0.140279 -0.323080
v -0.063404 0.143537 -0.323080
v -0.015761 -0.158643 0.369669
v -0.015761 -0.145772 0.369669
v -0.009178 -0.145772 0.371433
v -0.009178 -0.158643 0.371433
v -0.020581 -0.158643 0.364850
v -0.020581 -0.145772 0.364850
v -0.009178 -0.145772 0.371433
v 0.000000 -0.158643 0.371433
v -0.009178 -0.158643 0.371433
v 0.000000 -0.145772 0.371433
v 0.009178 -0.145772 0.371433
v 0.009178 -0.158643 0.371433
v 0.015761 -0.158643 0.369669
v 0.015761 -0.145772 0.369669
v 0.020581 -0.158643 0.364850
v 0.020581 -0.145772 0.364850
v -0.048297 0.158643 -0.382850
v 0.000000 0.140279 -0.382850
v 0.000000 0.158643 -0.382850
v 0.048297 0.158643 -0.382850
v -0.063404 0.140279 -0.382850
v -0.063404 0.143537 -0.382850
v 0.063403 0.140279 -0.382850
v 0.063403 0.143537 -0.382850
v -0.086132 0.039813 -0.389850
v -0.082251 0.061896 -0.389850
v -0.095232 0.048914 -0.389850
v -0.073150 0.052795 -0.389850
v -0.082246 -0.128414 -0.389848
v -0.086120 -0.106337 -0.389850
v -0.095237 -0.115422 -0.389849
v -0.082251 0.061896 0.415530
v -0.068494 0.057450 0.413766
v -0.073150 0.052795 0.415530
v -0.086131 0.039813 0.415530
v -0.077595 0.066551 0.413766
v -0.074187 0.069959 0.408947
v -0.065086 0.060858 0.408947
v -0.095232 0.048914 0.415530
v -0.090787 0.035158 0.413766
v -0.099888 0.044259 0.413766
v 0.086131 0.039813 0.415530
v 0.073149 0.052795 0.415530
v 0.082250 0.061896 0.415530
v 0.068494 0.057450 0.413766
v 0.095232 0.048914 0.415530
v 0.090786 0.035158 0.413766
v 0.099887 0.044259 0.413766
v 0.077595 0.066551 0.413766
v 0.074187 0.069959 0.408947
v 0.065086 0.060858 0.408947
v -0.082251 -0.128409 0.417294
v -0.095233 -0.115427 0.417294
v -0.086116 -0.106342 0.417294
v -0.073165 -0.119293 0.417294
v -0.082251 -0.128409 0.417294
v -0.068494 -0.123963 0.415530
v -0.077595 -0.133064 0.415530
v -0.090787 -0.101671 0.415530
v -0.086116 -0.106342 0.417294
v -0.099888 -0.110772 0.415530
v -0.094195 -0.098263 0.410711
v -0.103296 -0.107364 0.410711
v 0.099887 -0.110772 0.415530
v 0.094194 -0.098263 0.410711
v 0.103295 -0.107364 0.410711
v 0.090786 -0.101671 0.415530
v 0.095232 -0.115427 0.417294
v 0.086116 -0.106342 0.417294
v 0.082250 -0.128409 0.417294
v 0.086116 -0.106342 0.417294
v 0.073165 -0.119293 0.417294
v 0.082250 -0.128409 0.417294
v 0.068494 -0.123963 0.415530
v 0.077595 -0.133064 0.415530
v 0.125466 -0.049020 0.417181
v 0.112595 -0.042436 0.418945
v 0.125466 -0.042436 0.418945
v 0.112595 -0.049020 0.417181
v 0.112595 -0.024077 0.418945
v 0.125466 -0.024077 0.418945
v 0.125466 -0.017493 0.417181
v 0.112595 -0.017493 0.417181
v -0.112596 -0.024077 0.418945
v -0.125466 -0.042436 0.418945
v -0.125466 -0.024077 0.418945
v -0.125466 -0.017493 0.417181
v -0.112596 -0.017493 0.417181
v -0.112596 -0.042436 0.418945
v -0.125466 -0.049020 0.417181
v -0.112596 -0.049020 0.417181
v 0.086404 0.039540 -0.442619
v 0.108268 0.011557 -0.442619
v 0.112595 0.013349 -0.442619
v 0.107911 -0.024097 -0.442619
v 0.112595 -0.024077 -0.442619
v 0.107911 -0.042415 -0.442619
v 0.112595 -0.042857 -0.442619
v 0.108267 -0.078073 -0.442619
v 0.112595 -0.024077 -0.442619
v 0.112595 0.013349 -0.442619
v 0.108268 0.011557 -0.442619
v 0.107911 -0.042415 -0.442619
v 0.107911 -0.024097 -0.442619
v 0.086404 0.039540 -0.442619
v 0.082785 0.036535 -0.442619
v 0.073149 0.052795 -0.442619
v 0.036133 0.081740 -0.442619
v 0.046685 0.079259 -0.442619
v -0.073150 0.052795 -0.442619
v -0.036134 0.081740 -0.442619
v -0.046686 0.079259 -0.442619
v -0.082786 0.036535 -0.442619
v -0.086405 0.039540 -0.442619
v -0.108269 0.011557 -0.442619
v -0.112596 0.013349 -0.442619
v -0.112596 -0.024077 -0.442619
v -0.107912 -0.042415 -0.442619
v -0.107912 -0.024097 -0.442619
v -0.108269 0.011557 -0.442619
v -0.112596 -0.024077 -0.442619
v -0.107912 -0.024097 -0.442619
v -0.107912 -0.042415 -0.442619
v -0.112596 -0.042857 -0.442619
v -0.108267 -0.078073 -0.442619
v 0.089333 -0.103124 -0.442619
v 0.088225 -0.101961 -0.442619
v 0.088225 -0.104232 -0.442619
v 0.088225 -0.097656 -0.442619
v 0.112595 -0.079862 -0.442619
v -0.112596 -0.079862 -0.442619
v -0.088226 -0.097656 -0.442619
v -0.108267 -0.078073 -0.442619
v -0.112596 -0.042857 -0.442619
v -0.088226 -0.097656 -0.442619
v -0.112596 -0.079862 -0.442619
v -0.089334 -0.103124 -0.442619
v -0.088226 -0.101961 -0.442619
v -0.088226 -0.104232 -0.442619
v 0.088225 -0.097656 -0.442619
v 0.112595 -0.079862 -0.442619
v 0.108267 -0.078073 -0.442619
v 0.112595 -0.042857 -0.442619
vn -0.0005 0.0005 -1.0000
vn 0.0005 0.0005 -1.0000
vn 0.0005 -0.0005 1.0000
vn 0.2653 -0.6405 -0.7207
vn 0.3121 -0.7547 -0.5770
vn 0.1403 -0.3396 -0.9300
vn 0.0717 -0.1724 -0.9824
vn -0.0005 -0.0005 -1.0000
vn -0.0713 0.1723 -0.9825
vn -0.1404 0.3397 -0.9300
vn -0.2653 0.6405 -0.7207
vn -0.3122 0.7547 -0.5770
vn -0.0000 0.5592 0.8291
vn -0.0004 0.5593 0.8290
vn -0.0000 0.5592 0.8290
vn -0.0003 0.5593 0.8290
vn 0.0003 0.5593 0.8290
vn 0.0005 0.5593 0.8290
vn -0.0005 0.5593 0.8290
vn 0.0004 0.5593 0.8290
vn -0.0014 -0.6010 0.7992
vn -0.0005 -0.6014 0.7989
vn -0.0005 -0.6013 0.7990
vn -0.0015 -0.6015 0.7989
vn -0.0024 -0.6015 0.7989
vn -0.0015 -0.6010 0.7992
vn -0.0004 -0.6015 0.7989
vn -0.0005 -0.6015 0.7989
vn 0.0005 -0.6015 0.7989
vn 0.0004 -0.6015 0.7988
vn 0.0024 -0.6015 0.7989
vn 0.0014 -0.6015 0.7989
vn 0.0014 -0.6010 0.7993
vn 0.0015 -0.6010 0.7992
vn 0.0015 -0.6009 0.7993
vn 0.0015 -0.6015 0.7989
vn 0.0005 -0.6014 0.7989
vn 0.0005 -0.6013 0.7990
vn 0.0006 -0.6014 0.7989
vn 0.0004 -0.6015 0.7989
vn 0.0017 0.7080 -0.7063
vn 0.0016 0.7080 -0.7062
vn 0.0015 0.7081 -0.7061
vn 0.0012 0.7082 -0.7060
vn 0.0014 0.7081 -0.7061
vn -0.0015 0.7081 -0.7061
vn -0.0017 0.7080 -0.7063
vn -0.0014 0.7081 -0.7061
vn -0.0016 0.7080 -0.7062
vn 0.5742 -0.5742 -0.5836
vn -0.5742 -0.5742 -0.5835
vn -0.5742 -0.5742 -0.5836
vn 0.8121 -0.0007 -0.5835
vn 0.8121 -0.0005 -0.5835
vn -0.0005 -0.7664 -0.6423
vn -0.0005 -0.7664 -0.6424
vn 0.0004 -0.7664 -0.6424
vn -0.0004 -0.7664 -0.6424
vn 0.0006 -0.7665 -0.6423
vn 0.0005 -0.7664 -0.6423
vn -0.0006 -0.7665 -0.6423
vn -0.8121 -0.0006 -0.5835
vn -0.8121 -0.0005 -0.5836
vn -0.8121 -0.0005 -0.5835
vn 0.5742 0.5742 -0.5836
vn 0.6114 0.6114 0.5024
vn 0.6114 0.6112 0.5026
vn 0.3533 0.3533 0.8663
vn 0.7010 0.7006 0.1334
vn 0.3534 0.3534 0.8662
vn 0.0924 0.0924 0.9914
vn 0.7008 0.7008 0.1333
vn 0.7007 0.7009 -0.1333
vn 0.7007 0.7009 -0.1332
vn 0.6114 0.6112 -0.5027
vn 0.6114 0.6114 -0.5025
vn 0.3533 0.3533 -0.8662
vn -0.0924 -0.0924 0.9914
vn 0.0923 0.0923 0.9914
vn -0.0923 -0.0923 0.9914
vn -0.3532 -0.3532 0.8663
vn -0.6124 -0.6123 0.5000
vn -0.7011 -0.7010 0.1306
vn -0.7011 -0.7011 0.1305
vn -0.7011 -0.7011 -0.1305
vn -0.6124 -0.6124 -0.4999
vn -0.7009 0.7006 0.1335
vn -0.6114 0.6114 0.5025
vn -0.6114 0.6112 0.5027
vn -0.7008 0.7007 0.1334
vn -0.3533 0.3533 0.8663
vn -0.7007 0.7009 -0.1333
vn -0.3533 0.3533 0.8662
vn -0.0924 0.0924 0.9914
vn -0.7007 0.7009 -0.1332
vn -0.6114 0.6112 -0.5027
vn -0.6114 0.6113 -0.5025
vn -0.3533 0.3533 -0.8662
vn -0.0923 0.0923 0.9914
vn 0.0924 -0.0924 0.9914
vn 0.0923 -0.0923 0.9914
vn 0.3533 -0.3533 0.8663
vn 0.3532 -0.3532 0.8663
vn 0.6124 -0.6124 0.5000
vn 0.6124 -0.6124 0.5001
vn 0.7010 -0.7011 0.1306
vn 0.7011 -0.7011 0.1306
vn 0.7011 -0.7011 -0.1306
vn 0.6124 -0.6124 -0.4999
vn -0.5742 0.5742 -0.5836
vn 0.6922 0.3825 0.6121
vn 0.6921 0.3825 0.6121
vn -0.6922 0.3825 0.6121
vn -0.6921 0.3825 0.6121
vn 0.0007 0.9063 0.4226
vn -0.0007 0.9063 0.4226
vn -0.0005 0.9063 0.4226
vn 0.0006 0.9063 0.4226
vn 0.0005 0.9063 0.4226
vn 0.0005 -0.8949 0.4462
vn 0.0003 -0.8949 0.4462
vn -0.0000 -0.8949 0.4462
vn -0.0427 -0.8976 0.4387
vn -0.0308 -0.8970 0.4409
vn -0.1059 -0.8983 0.4264
vn 0.0308 -0.8970 0.4409
vn 0.0425 -0.8974 0.4391
vn 0.1059 -0.8983 0.4264
vn 0.0005 0.0005 1.0000
vn -0.0034 -0.8970 -0.4420
vn -0.0054 -0.7081 -0.7061
vn -0.0053 -0.7081 -0.7061
vn -0.0024 -0.9577 -0.2877
vn 0.0054 -0.7081 -0.7061
vn 0.0034 -0.8970 -0.4420
vn 0.0024 -0.9577 -0.2877
vn 0.0005 0.4997 0.8662
vn 0.0005 0.1305 0.9915
vn 0.0004 0.1305 0.9915
vn -0.0000 0.4997 0.8662
vn 0.0005 -0.1305 0.9915
vn 0.0004 -0.1305 0.9915
vn 0.0005 -0.4997 0.8662
vn -0.0000 -0.4997 0.8662
vn 0.0005 -0.1304 0.9915
vn -0.0000 0.1305 0.9915
vn -0.0000 -0.1305 0.9915
vn 0.6124 -0.6124 -0.5000
vn 0.3533 -0.3533 -0.8663
vn 0.3533 -0.3533 -0.8662
vn 0.0923 -0.0923 -0.9914
vn -0.0923 0.0923 -0.9914
vn -0.3532 0.3532 -0.8663
vn 0.0923 0.0923 -0.9914
vn -0.0923 -0.0923 -0.9914
vn 0.3532 0.3532 -0.8663
vn -0.3533 -0.3533 -0.8663
vn -0.6124 -0.6124 -0.5000
vn -0.0924 -0.0923 -0.9914
vn 0.0924 -0.0923 -0.9914
vn 0.2973 -0.0005 -0.9548
vn -0.3971 -0.0005 -0.9178
vn -0.2973 -0.0000 -0.9548
vn -0.7008 0.7008 -0.1333
vn -0.6114 0.6114 -0.5025
vn -0.7008 0.7008 -0.1334
vn -0.7008 0.7008 0.1334
vn -0.7008 0.7008 0.1333
vn -0.6112 0.6112 0.5029
vn -0.3532 0.3532 0.8663
vn 0.3533 -0.3533 0.8662
vn 0.6123 -0.6124 0.5001
vn 0.7010 -0.7011 0.1305
vn 0.7011 -0.7011 -0.1305
vn 0.0005 1.0000 0.0005
vn 0.3532 -0.3532 -0.8663
vn 0.0924 -0.0924 -0.9914
vn -0.0924 -0.0924 -0.9914
vn 0.2653 -0.6405 -0.7206
vn 0.3573 -0.8631 -0.3570
vn 0.3122 -0.7548 -0.5769
vn 0.3572 -0.8631 -0.3570
vn 0.7071 0.7071 -0.0005
vn 0.7071 0.7071 -0.0006
vn 0.7071 0.7071 -0.0003
vn 0.7071 0.7071 -0.0000
vn -0.7071 0.7071 0.0005
vn -0.7071 0.7071 0.0006
vn -0.7071 0.7071 0.0003
vn -0.7071 0.7071 -0.0000
vn 0.0005 -0.8661 0.4998
vn -0.0000 -0.8661 0.4998
vn 0.0005 -0.4998 0.8661
vn -0.0000 -0.4998 0.8661
vn -0.2585 -0.0005 -0.9660
vn -0.1305 -0.0005 -0.9915
vn -0.4998 0.0004 -0.8661
vn -0.4999 0.0003 -0.8661
vn 0.1306 -0.0000 -0.9914
vn -0.8661 0.0003 -0.4998
vn 0.1305 0.0005 -0.9915
vn -0.8661 0.0004 -0.4998
vn 0.2585 0.0004 -0.9660
vn -0.9915 0.0005 -0.1305
vn 0.4999 0.0003 -0.8661
vn -1.0000 0.0005 0.0005
vn 0.8661 0.0004 -0.4998
vn 0.8662 0.0005 -0.4998
vn 0.9914 -0.0000 -0.1306
vn 1.0000 0.0005 -0.0005
vn 0.2974 -0.0005 -0.9547
vn 0.9035 -0.0005 -0.4286
vn 0.3971 -0.0005 -0.9178
vn 0.7288 -0.0005 -0.6848
vn 0.9600 -0.0005 -0.2800
vn 0.3971 -0.0000 -0.9178
vn -0.3571 0.8631 -0.3571
vn -0.3122 0.7548 -0.5769
vn -0.2653 0.6406 -0.7206
vn 0.0005 -1.0000 -0.0005
vn -0.0005 -1.0000 -0.0005
vn -0.0004 -1.0000 -0.0004
vn 0.0004 -1.0000 -0.0004
vn 0.7071 -0.7071 -0.0005
vn 0.7071 -0.7071 -0.0006
vn 0.7071 -0.7071 -0.0000
vn 0.7071 -0.7071 -0.0004
vn 0.7071 -0.7071 -0.0003
vn 0.7071 -0.7072 -0.0004
vn 0.7071 -0.7071 0.0005
vn 0.7070 -0.7072 -0.0003
vn 0.0005 0.8661 0.4998
vn -0.0000 0.8661 0.4998
vn -0.0000 0.4998 0.8661
vn 0.0005 0.4998 0.8661
vn -0.7071 -0.7071 -0.0005
vn -0.7071 -0.7071 -0.0006
vn -0.7071 -0.7071 -0.0004
vn -0.7071 -0.7071 -0.0003
vn -0.7071 -0.7071 -0.0000
vn -0.7071 -0.7071 -0.0007
vn -0.7069 -0.7073 -0.0000
vn -0.0000 -0.8970 -0.4419
vn -0.0000 -0.9577 0.2876
vn -0.0024 -0.9577 -0.2876
vn -0.0034 -0.8970 0.4419
vn -0.0000 -0.9577 -0.2876
vn 0.0024 -0.9577 0.2876
vn 0.0034 -0.8970 -0.4419
vn -0.0000 -0.8970 0.4419
vn 1.0000 -0.0005 -0.0005
vn 1.0000 0.0004 -0.0004
vn -1.0000 -0.0005 0.0005
vn -1.0000 -0.0005 -0.0005
vn 0.7071 0.7071 0.0003
vn 0.7071 0.7071 0.0005
vn 0.7071 0.7071 -0.0004
vn 0.7072 0.7070 -0.0003
vn 0.7071 0.7071 -0.0007
vn -0.7071 0.7071 -0.0005
vn -0.7070 0.7072 0.0001
vn -0.7071 0.7071 0.0004
vn -0.7070 0.7072 -0.0001
vn -0.7072 0.7070 0.0003
vn -0.7072 0.7070 0.0004
vn -0.7071 0.7071 0.0002
vn -0.7073 0.7069 -0.0000
vn 0.7071 0.0005 -0.7071
vn 0.7071 0.0003 -0.7071
vn 0.7071 0.0007 -0.7071
vn -0.0005 1.0000 0.0005
vn -0.7071 0.0005 -0.7071
vn -0.7071 0.0006 -0.7071
vn -0.9600 -0.0005 -0.2799
vn -0.9035 -0.0005 -0.4286
vn -0.7288 -0.0005 -0.6848
vn -0.3971 -0.0000 -0.9178
vn -0.2974 -0.0005 -0.9547
vn -0.0000 -0.1305 -0.9914
vn -0.0004 -0.1305 -0.9915
vn -0.0000 0.1305 -0.9914
vn -0.0005 -0.4997 -0.8662
vn -0.0000 -0.4997 -0.8662
vn -0.0004 0.1305 -0.9915
vn -0.0005 0.4997 -0.8662
vn -0.0000 0.4997 -0.8662
vn 0.0005 0.4997 -0.8662
vn -1.0000 0.0005 0.0006
vn 0.7011 -0.7011 0.1305
vn -0.0005 -0.4998 -0.8661
vn -0.0000 -0.4998 -0.8661
vn -0.0000 -0.8661 -0.4998
vn -0.0005 -0.8661 -0.4998
vn -0.7011 -0.7011 0.1306
vn -0.6124 -0.6124 0.5000
vn -0.3533 -0.3533 0.8662
vn -0.0000 0.4998 -0.8661
vn -0.0000 0.8661 -0.4998
vn -0.0005 0.4998 -0.8661
vn -0.0005 0.8661 -0.4998
vn 0.0005 0.4998 -0.8661
vn -0.0001 0.8661 -0.4998
vn -0.9914 -0.0000 -0.1305
vn -0.8662 -0.0000 -0.4997
vn -0.8662 -0.0005 -0.4997
vn -0.9914 -0.0003 0.1305
vn -0.9915 -0.0006 0.1304
vn -0.8662 0.0005 0.4997
vn -0.8661 0.0004 0.4998
vn -0.4998 0.0004 0.8661
vn -0.1305 -0.0004 0.9915
vn 0.1305 -0.0000 0.9915
vn 0.1305 -0.0005 0.9915
vn 0.3532 0.3532 0.8663
vn 0.6124 0.6124 0.5000
vn 0.7011 0.7011 0.1305
vn 0.7011 0.7011 -0.1305
vn 0.6124 0.6124 -0.5000
vn 0.0003 -0.8661 0.4998
vn 0.0004 -0.8661 0.4998
vn -0.0000 -0.9914 0.1305
vn 0.0005 -0.9915 0.1305
vn -0.0004 -0.9915 -0.1305
vn -0.0000 -0.8662 -0.4997
vn -0.0005 -0.8662 -0.4997
vn -0.7011 0.7011 -0.1305
vn -0.6124 0.6124 -0.5000
vn -0.7011 0.7011 0.1305
vn -0.3533 0.3533 -0.8663
vn -0.7011 0.7011 0.1306
vn -0.6124 0.6124 0.5000
vn -0.7011 -0.7010 0.1305
vn 0.8662 0.0005 0.4997
vn 0.9915 -0.0005 0.1305
vn 0.8662 0.0005 0.4998
vn 0.4999 0.0003 0.8661
vn 0.9915 -0.0004 0.1305
vn 0.5000 -0.0000 0.8660
vn 0.1305 -0.0005 0.9914
vn 0.1305 -0.0000 0.9914
vn 0.9914 -0.0000 -0.1305
vn 0.8662 -0.0005 -0.4997
vn 0.8662 -0.0000 -0.4997
vn -0.0000 -0.9914 -0.1305
vn 0.0004 -0.9915 0.1305
vn 0.0005 -0.8662 0.4997
vn -0.0000 -0.8662 0.4997
vn -0.0000 -0.8660 0.5000
vn 0.6114 0.6112 0.5027
vn 0.6112 0.6112 0.5028
vn 0.7010 0.7006 0.1335
vn 0.7009 0.7007 0.1335
vn 0.7076 0.7066 0.0004
vn 0.8662 -0.0005 0.4998
vn 0.8661 -0.0003 0.4999
vn 0.4998 0.0004 0.8661
vn 0.9914 -0.0000 0.1305
vn 0.1305 0.0005 0.9914
vn 0.9915 -0.0005 -0.1305
vn 0.0004 -0.1305 0.9914
vn 0.0004 0.1305 0.9914
vn -0.7010 -0.7011 0.1305
vn -0.7010 -0.7011 0.1306
vn -0.7011 -0.7010 -0.1305
vn -0.9915 -0.0005 -0.1305
vn -0.8662 0.0005 -0.4997
vn -0.9915 -0.0004 0.1305
vn -0.8661 -0.0004 0.4998
vn -0.1305 -0.0000 0.9915
vn -0.1305 0.0005 0.9915
vn 0.3533 0.3533 0.8662
vn 0.3535 0.3535 0.8660
vn -0.7011 0.7011 -0.1306
vn -0.6124 -0.6123 0.5001
vn -0.7011 -0.7011 -0.1306
vn -0.3533 -0.3533 0.8663
vn 0.9574 -0.2888 -0.0015
vn 0.9865 -0.1637 -0.0015
vn 0.9865 -0.1636 -0.0015
vn 0.9994 -0.0356 -0.0005
vn -0.0004 0.8661 -0.4998
vn -0.0000 0.9914 -0.1305
vn -0.0004 0.9915 -0.1305
vn 0.0004 0.9915 0.1305
vn -0.0000 0.9914 0.1305
vn 0.0004 0.8661 0.4998
vn 0.0005 0.9915 0.1305
vn 0.0003 0.8661 0.4998
vn -0.0003 0.8661 -0.4998
vn -0.0005 0.8662 -0.4997
vn -0.0000 0.8662 -0.4997
vn -0.0000 0.8662 0.4997
vn 0.0005 0.8662 0.4997
vn -0.9994 -0.0356 -0.0005
vn -0.9865 -0.1636 -0.0015
vn 0.1834 0.1834 -0.9658
vn 0.1833 0.1833 -0.9658
vn 0.6124 0.6124 -0.4999
vn 0.6124 0.6124 0.4999
vn 0.6124 0.6123 0.5000
vn 0.1834 0.1834 0.9658
vn 0.1833 0.1833 0.9658
vn 0.7011 0.7010 -0.1305
vn 0.7011 0.7010 -0.1306
vn 0.7010 0.7006 -0.1334
vn 0.6114 0.6112 -0.5026
vn 0.7008 0.7008 -0.1333
vn 0.7009 0.7007 0.1334
vn 0.6114 0.6114 -0.5024
vn 0.6114 0.6114 0.5025
vn 0.9920 -0.1265 -0.0005
vn 0.9994 -0.0357 -0.0005
vn -0.0923 0.0924 0.9914
vn -0.0922 0.0925 0.9914
vn 0.0921 -0.0926 0.9914
vn 0.3532 -0.3532 0.8664
vn 0.6123 -0.6124 0.5000
vn 0.7010 -0.7011 -0.1305
vn 0.7010 -0.7011 -0.1306
vn -0.9865 -0.1637 -0.0015
vn -0.9994 -0.0357 -0.0005
vn -0.9920 -0.1265 -0.0005
vn -0.9994 -0.0357 -0.0000
vn -0.9574 -0.2888 -0.0015
vn -0.0924 0.0924 -0.9914
vn -0.3532 -0.3532 -0.8663
vn -0.3533 -0.3533 -0.8662
vn 0.0924 0.0924 -0.9914
vn 0.0923 0.0924 -0.9914
vn 0.9035 -0.0000 -0.4285
vn 0.9035 -0.0005 0.4285
vn 0.9600 -0.0005 -0.2799
vn 0.9600 -0.0000 0.2799
vn -0.9035 -0.0005 0.4285
vn -0.9600 -0.0000 -0.2799
vn -0.9600 -0.0005 0.2799
vn -0.9035 -0.0000 0.4285
vn -0.9035 -0.0005 -0.4285
vn 0.7011 -0.7011 -0.1302
vn -0.0923 -0.0924 0.9914
vn -0.3532 -0.3531 0.8664
vn 0.0922 0.0924 0.9914
vn -0.6123 -0.6124 0.5000
vn -0.7010 -0.7011 -0.1305
vn -0.7010 -0.7011 -0.1306
vn 0.7010 0.7006 -0.1335
vn 0.7009 0.7007 -0.1334
vn 0.7071 -0.7071 -0.0007
vn 0.1305 0.0005 0.9915
vn -0.7071 -0.7071 0.0005
vn -0.7071 -0.7071 0.0003
vn -0.7071 -0.7071 0.0006
vn 0.9216 0.3882 -0.0005
vn 0.9239 0.3825 -0.0005
vn 0.0034 -0.8970 0.4420
vn 0.0054 -0.7081 0.7061
vn -0.0034 -0.8970 0.4420
vn -0.0054 -0.7081 0.7061
vn -0.0024 -0.9577 0.2877
vn 0.0024 -0.9577 0.2877
vn -0.9216 0.3882 0.0005
vn -0.9239 0.3825 -0.0000
vn -0.9239 0.3825 0.0005
vn 0.7002 -0.7140 -0.0004
vn 0.6982 -0.7159 -0.0005
vn 0.7003 -0.7139 -0.0006
vn 0.6958 -0.7182 -0.0005
vn 0.6958 -0.7182 -0.0003
vn 0.6959 -0.7182 -0.0000
vn 0.6983 -0.7158 -0.0005
vn -0.6982 -0.7159 0.0004
vn -0.6958 -0.7182 0.0005
vn -0.6959 -0.7182 -0.0000
vn -0.6983 -0.7158 0.0005
vn -0.7002 -0.7140 0.0004
vn -0.7003 -0.7139 0.0006
vn 0.1050 -0.9945 -0.0015
vn 0.7072 -0.7070 -0.0001
vn 0.7072 -0.7071 -0.0004
vn 0.7072 -0.7070 -0.0003
vn 0.7072 -0.7070 -0.0004
vn 0.7071 -0.7071 0.0003
vn 0.7071 -0.7071 -0.0001
vn -0.1050 -0.9945 -0.0028
vn -0.1051 -0.9945 -0.0000
vn -0.1051 -0.9945 -0.0015
vn -0.1050 -0.9945 -0.0015
vn -0.7072 -0.7071 0.0004
vn -0.7073 -0.7069 -0.0000
vn -0.7070 -0.7072 0.0004
vn 0.1051 -0.9945 -0.0015
vn 0.9999 0.0102 -0.0004
vn 0.9999 0.0103 -0.0005
vn 1.0000 0.0054 -0.0005
vn 1.0000 -0.0053 -0.0004
vn 1.0000 -0.0054 -0.0005
vn 0.9999 -0.0102 -0.0003
vn 0.9999 -0.0102 -0.0004
vn 0.9999 -0.0103 -0.0005
vn -0.9999 -0.0102 0.0004
vn -1.0000 -0.0054 0.0005
vn -0.9999 0.0102 0.0004
vn -1.0000 0.0054 0.0005
vn -1.0000 0.0053 0.0005
vn -1.0000 -0.0053 0.0005
vn 0.6988 0.7154 -0.0005
vn 0.9215 0.3883 -0.0005
vn 0.6989 0.7153 -0.0000
vn 0.6988 0.7153 -0.0004
vn -0.6988 0.7154 0.0005
vn -0.9215 0.3883 0.0005
vn 0.1305 -0.0000 -0.9915
vn 0.1305 -0.0005 -0.9914
vn 0.1305 -0.0000 -0.9914
vn 0.4997 -0.0005 -0.8662
vn 0.4998 -0.0004 -0.8661
vn 0.8661 -0.0005 -0.4998
vn 0.8661 -0.0000 -0.4998
vn 0.9239 0.3826 -0.0005
vn 0.7072 0.7071 -0.0000
vn 0.7070 0.7072 -0.0003
vn 0.7070 0.7072 -0.0004
vn 0.0005 -0.4998 -0.8661
vn -0.9239 0.3826 -0.0000
vn -0.9239 0.3826 0.0005
vn -0.7072 0.7070 0.0006
vn -0.7070 0.7072 0.0004
vn -0.7071 0.7071 -0.0004
vn 0.1305 -0.0005 -0.9915
vn -0.1305 -0.0004 -0.9915
vn -0.4998 0.0005 -0.8662
vn -0.8661 -0.0000 -0.4998
vn -0.8661 0.0005 -0.4998
vn 0.0924 0.0923 0.9914
vn -0.0005 0.1305 -0.9915
vn 0.0005 -0.4997 -0.8662
vn 0.7071 -0.0005 0.7071
vn 0.7071 -0.0006 0.7071
vn 0.9035 -0.0005 0.4286
vn 0.3971 -0.0000 0.9178
vn 0.7288 -0.0005 0.6848
vn -0.9035 -0.0005 0.4286
vn -0.9600 -0.0005 0.2800
vn -0.7287 -0.0004 0.6848
vn -0.7071 -0.0005 0.7071
vn -0.7071 -0.0003 0.7071
vn -0.0005 -0.1305 0.9915
vn 0.9600 -0.0005 0.2800
vn 0.7287 -0.0000 0.6848
vn 0.3971 -0.0005 0.9178
vn 0.2975 -0.0003 0.9547
vn -0.2975 -0.0003 0.9547
vn -0.3971 -0.0006 0.9178
vn -0.7288 -0.0006 0.6847
vn -0.0000 0.1305 0.9914
vn -0.0005 0.1305 0.9914
vn -0.0000 -0.1305 0.9914
vn -0.0005 -0.1304 0.9915
vn -0.0005 0.1305 0.9915
vn -0.0927 0.0921 -0.9914
vn 0.0923 -0.0925 -0.9914
vn -0.3531 -0.3531 -0.8664
vn -0.3533 -0.3535 -0.8662
vn -0.0921 -0.0927 -0.9914
vn 0.0925 0.0923 -0.9914
vn 0.3534 0.3530 -0.8663
vn -0.7010 0.7006 0.1334
vn -0.7010 0.7005 0.1336
vn -0.7008 0.7007 -0.1334
vn -0.9915 0.0005 0.1305
vn -0.2585 0.0004 0.9660
vn 0.1305 0.0006 0.9915
vn 0.2586 0.0004 0.9660
vn 0.9915 0.0005 0.1305
vn 0.4998 0.0003 -0.8661
vn 0.4998 0.0004 -0.8661
vn -0.1305 0.0004 -0.9915
vn -0.1305 0.0006 -0.9915
vn -0.4998 -0.0003 -0.8661
vn -0.4998 -0.0004 -0.8661
vn -0.8661 -0.0005 -0.4998
vn 0.0006 0.0006 1.0000
vn 0.0924 -0.0923 0.9914
vn 0.3532 -0.3535 -0.8662
vn -0.3535 -0.3535 -0.8660
vn -0.0005 -0.1305 -0.9915
vn -0.0005 0.0005 1.0000
vn -0.0005 -0.0005 1.0000
vt 0.754145 0.962238
vt 0.775794 0.952608
vt 0.779255 0.959701
vt 0.743526 0.966962
vt 0.732077 0.986537
vt 0.721877 0.976592
vt 0.686270 0.977946
vt 0.690232 0.985177
vt 0.687017 0.983355
vt 0.266654 0.484969
vt 0.512002 0.803096
vt 0.221596 0.470082
vt 0.742953 0.980351
vt 0.734964 0.970770
vt 0.706727 0.985713
vt 0.697217 0.977530
vt 0.833455 0.483964
vt 0.756349 0.500000
vt 0.728418 0.489583
vt 0.875000 0.500000
vt 0.893805 0.500000
vt 0.818892 0.465615
vt 0.625000 0.403214
vt 0.625000 0.356328
vt 0.595638 0.360395
vt 0.595638 0.415519
vt 0.490190 0.375000
vt 0.490220 0.429719
vt 0.404362 0.418154
vt 0.404362 0.363060
vt 0.375000 0.405849
vt 0.375000 0.358975
vt 0.521582 0.386315
vt 0.473013 0.392142
vt 0.446452 0.390532
vt 0.521582 0.394243
vt 0.446452 0.386315
vt 0.382408 0.392142
vt 0.375000 0.390532
vt 0.375000 0.393140
vt 0.382408 0.392819
vt 0.500671 0.491525
vt 0.513589 0.478655
vt 0.509146 0.500000
vt 0.534934 0.500000
vt 0.494510 0.485364
vt 0.494510 0.459575
vt 0.518696 0.820644
vt 0.509192 0.822678
vt 0.518696 0.822710
vt 0.472620 0.803785
vt 0.472620 0.796842
vt 0.509192 0.827620
vt 0.535057 0.827620
vt 0.541842 0.822710
vt 0.562168 0.822204
vt 0.496026 0.804165
vt 0.493070 0.812577
vt 0.486098 0.809106
vt 0.502988 0.807640
vt 0.523280 0.797539
vt 0.519212 0.792627
vt 0.523256 0.792627
vt 0.523256 0.797557
vt 0.472778 0.822678
vt 0.465436 0.819431
vt 0.466181 0.821318
vt 0.466181 0.838142
vt 0.472778 0.840486
vt 0.472778 0.840202
vt 0.466181 0.836412
vt 0.000000 0.000000
vt 0.317056 0.609170
vt 0.308559 0.636842
vt 0.307447 0.609170
vt 0.313420 0.672849
vt 0.316919 0.672849
vt 0.750000 0.995450
vt 0.694766 0.995372
vt 0.748040 0.994475
vt 0.736595 0.994438
vt 0.694869 0.995412
vt 0.728195 0.992920
vt 0.875000 0.996482
vt 0.522173 0.456076
vt 0.574095 0.456076
vt 0.534857 0.458302
vt 0.574095 0.456847
vt 0.428535 0.416050
vt 0.428535 0.439649
vt 0.461819 0.420214
vt 0.461819 0.416050
vt 0.461819 0.437230
vt 0.495459 0.443132
vt 0.495459 0.451390
vt 0.760994 0.991769
vt 0.761121 0.994225
vt 0.030840 0.757064
vt 0.251644 0.741625
vt 0.235048 0.741625
vt 0.312097 0.749675
vt 0.250051 0.733251
vt 0.323652 0.749626
vt 0.397305 0.750000
vt 0.390576 0.750000
vt 0.233677 0.733251
vt 0.250051 0.516749
vt 0.233677 0.516749
vt 0.233619 0.508375
vt 0.250000 0.508375
vt 0.233619 0.500000
vt 0.250000 0.500000
vt 0.602695 0.750000
vt 0.609424 0.750000
vt 0.676348 0.749626
vt 0.687903 0.749675
vt 0.764952 0.741625
vt 0.748356 0.741625
vt 0.766381 0.733251
vt 0.750000 0.733251
vt 0.750000 0.516749
vt 0.766381 0.516749
vt 0.766381 0.500000
vt 0.750000 0.500000
vt 0.556655 0.816301
vt 0.564695 0.820454
vt 0.554249 0.816301
vt 0.595921 0.750000
vt 0.404034 0.750000
vt 0.397530 0.750000
vt 0.565996 0.830416
vt 0.520805 0.806799
vt 0.520805 0.830416
vt 0.565996 0.806617
vt 0.541044 0.804539
vt 0.580955 0.584286
vt 0.576085 0.590486
vt 0.581247 0.583324
vt 0.573528 0.594591
vt 0.462912 0.836985
vt 0.462913 0.820644
vt 0.625000 0.454777
vt 0.625000 0.459698
vt 0.597288 0.440913
vt 0.625000 0.474559
vt 0.367855 0.749439
vt 0.429775 0.750000
vt 0.423046 0.750000
vt 0.379410 0.749390
vt 0.576954 0.750000
vt 0.570225 0.750000
vt 0.620590 0.749389
vt 0.632145 0.749439
vt 0.625000 0.358619
vt 0.588174 0.375000
vt 0.588174 0.358619
vt 0.625000 0.375000
vt 0.551347 0.358619
vt 0.551347 0.375000
vt 0.448653 0.358619
vt 0.448653 0.375000
vt 0.375000 0.358619
vt 0.375000 0.375000
vt 0.375000 0.391381
vt 0.448653 0.391381
vt 0.551248 0.375000
vt 0.551347 0.391381
vt 0.597120 0.440915
vt 0.597120 0.429925
vt 0.588174 0.391381
vt 0.625000 0.391381
vt 0.551359 0.391381
vt 0.721786 0.539817
vt 0.761751 0.730380
vt 0.770123 0.539817
vt 0.777069 0.730380
vt 0.684867 0.741625
vt 0.668271 0.741625
vt 0.614879 0.449745
vt 0.240884 0.730380
vt 0.232518 0.539817
vt 0.225541 0.730380
vt 0.280849 0.539817
vt 0.573528 0.763475
vt 0.573528 0.779822
vt 0.588174 0.326916
vt 0.622447 0.750000
vt 0.710265 0.749770
vt 0.797072 0.741625
vt 0.625000 0.326916
vt 0.798084 0.516749
vt 0.798084 0.733251
vt 0.551347 0.326916
vt 0.612833 0.898927
vt 0.625000 0.920610
vt 0.612834 0.925584
vt 0.625000 0.975872
vt 0.604081 0.934271
vt 0.609344 0.926934
vt 0.607456 0.944028
vt 0.608006 0.945980
vt 0.608181 0.947460
vt 0.617570 0.978207
vt 0.607934 0.948072
vt 0.607340 0.948205
vt 0.573528 0.849035
vt 0.588564 0.889969
vt 0.587836 0.888613
vt 0.587342 0.888167
vt 0.589328 0.891873
vt 0.586904 0.888266
vt 0.592734 0.901623
vt 0.606618 0.901407
vt 0.664793 0.749577
vt 0.731759 0.741625
vt 0.733619 0.500000
vt 0.733619 0.516749
vt 0.733619 0.733251
vt 0.750000 0.987387
vt 0.448668 0.391381
vt 0.266381 0.500000
vt 0.335207 0.749577
vt 0.266381 0.508375
vt 0.268241 0.741625
vt 0.266381 0.733251
vt 0.266381 0.516749
vt 0.667580 0.724018
vt 0.625000 0.785015
vt 0.448699 0.391381
vt 0.698556 0.987393
vt 0.686623 0.992827
vt 0.694834 0.995399
vt 0.686623 0.987395
vt 0.595966 0.750000
vt 0.331729 0.741625
vt 0.315133 0.741625
vt 0.694971 0.995452
vt 0.403959 0.750000
vt 0.684085 0.526133
vt 0.667580 0.525982
vt 0.684085 0.723867
vt 0.801454 0.851354
vt 0.801454 0.867701
vt 0.823547 0.851354
vt 0.823547 0.867701
vt 0.551347 0.454044
vt 0.625000 0.454044
vt 0.801454 0.936914
vt 0.823547 0.936914
vt 0.875000 0.987386
vt 0.329044 0.733251
vt 0.329044 0.516749
vt 0.670956 0.516749
vt 0.670956 0.733251
vt 0.620590 0.749390
vt 0.625000 0.454045
vt 0.670955 0.500000
vt 0.670955 0.516749
vt 0.801454 0.765793
vt 0.801454 0.782140
vt 0.823547 0.765793
vt 0.823547 0.782140
vt 0.551347 0.454045
vt 0.448653 0.454045
vt 0.329045 0.508375
vt 0.329045 0.516749
vt 0.329045 0.733251
vt 0.670956 0.500000
vt 0.329044 0.508375
vt 0.448653 0.454044
vt 0.588174 0.454044
vt 0.375000 0.454044
vt 0.588174 0.454045
vt 0.375000 0.454045
vt 0.995638 0.987920
vt 0.926454 0.981416
vt 0.948547 0.981416
vt 0.995638 0.995642
vt 0.967902 0.508025
vt 0.250051 0.571610
vt 0.916667 0.797987
vt 0.750000 0.797987
vt 0.833333 0.797987
vt 0.666667 0.797987
vt 0.583333 0.797987
vt 0.511075 0.797987
vt 0.917318 0.498251
vt 0.040605 0.743051
vt 0.026715 0.743321
vt 0.265532 0.544444
vt 0.268140 0.504755
vt 0.268140 0.555492
vt 0.265532 0.504755
vt 0.551347 0.437664
vt 0.448653 0.437664
vt 0.588174 0.437664
vt 0.375000 0.437664
vt 0.002425 0.001251
vt 0.073543 0.037942
vt 0.003644 0.001880
vt 0.073544 0.037942
vt 0.625000 0.437664
vt 0.312664 0.508375
vt 0.814465 0.516749
vt 0.814465 0.500000
vt 0.798084 0.500000
vt 0.814465 0.733251
vt 0.813668 0.741625
vt 0.721820 0.749819
vt 0.629176 0.750000
vt 0.500026 0.750000
vt 0.250000 0.733251
vt 0.250000 0.516749
vt 0.687336 0.733251
vt 0.687336 0.516749
vt 0.687336 0.500000
vt 0.766382 0.516749
vt 0.766382 0.500000
vt 0.766382 0.733251
vt 0.233676 0.733251
vt 0.250051 0.599081
vt 0.233676 0.599079
vt 0.813669 0.741625
vt 0.397507 0.750000
vt 0.687902 0.749675
vt 0.404016 0.750000
vt 0.404774 0.230962
vt 0.494067 0.281214
vt 0.190636 0.110452
vt 0.312664 0.516749
vt 0.312664 0.733251
vt 0.916667 0.505296
vt 0.988845 0.505296
vt 0.988924 0.797987
vt 0.833333 0.505296
vt 0.833333 0.505295
vt 0.750000 0.505295
vt 0.666667 0.505295
vt 0.583333 0.505296
vt 0.666667 0.505296
vt 0.511155 0.505296
vt 0.312098 0.749675
vt 0.397485 0.750000
vt 0.551237 0.375000
vt 0.233618 0.508375
vt 0.233676 0.516749
vt 0.233676 0.571612
vt 0.233618 0.500000
vt 0.544250 0.551344
vt 0.538151 0.500304
vt 0.537593 0.551344
vt 0.544250 0.500304
vt 0.534934 0.500304
vt 0.509146 0.517443
vt 0.509146 0.500304
vt 0.625000 0.789541
vt 0.597288 0.809046
vt 0.625000 0.771346
vt 0.831547 0.482887
vt 0.797025 0.447658
vt 0.562322 0.318713
vt 0.745569 0.395147
vt 0.780091 0.430376
vt 0.797382 0.448022
vt 0.375000 0.358618
vt 0.448653 0.358618
vt 0.551347 0.358618
vt 0.588174 0.358618
vt 0.625000 0.358618
vt 0.790033 0.485509
vt 0.790051 0.485519
vt 0.769683 0.486803
vt 0.769669 0.486795
vt 0.746815 0.488240
vt 0.753252 0.487832
vt 0.741699 0.488563
vt 0.728156 0.489417
vt 0.790291 0.485656
vt 0.769846 0.486898
vt 0.790263 0.485640
vt 0.769868 0.486910
vt 0.790143 0.485572
vt 0.769754 0.486844
vt 0.769213 0.486831
vt 0.769982 0.486977
vt 0.790411 0.485725
vt 0.790440 0.485741
vt 0.769960 0.486964
vt 0.715935 0.489635
vt 0.692010 0.490064
vt 0.710262 0.489736
vt 0.692007 0.490062
vt 0.703121 0.489864
vt 0.551347 0.310535
vt 0.500010 0.310535
vt 0.588174 0.310535
vt 0.625000 0.310535
vt 0.614403 0.491447
vt 0.614879 0.796636
vt 0.551225 0.375000
vt 0.554372 0.482024
vt 0.562475 0.483296
vt 0.554373 0.482025
vt 0.569429 0.484388
vt 0.571975 0.484787
vt 0.606729 0.490242
vt 0.571975 0.484788
vt 0.595033 0.488407
vt 0.554375 0.482026
vt 0.554377 0.482027
vt 0.554376 0.482026
vt 0.597120 0.809085
vt 0.597120 0.820075
vt 0.691358 0.490074
vt 0.690268 0.490094
vt 0.689605 0.490106
s 1
f 1/1/1 2/2/1 3/3/1
f 3/3/1 4/4/1 1/1/1
f 4/4/1 3/3/1 5/5/1
f 6/6/1 4/4/1 5/5/1
f 5/5/1 7/7/1 6/6/1
f 7/7/1 5/5/1 8/8/1
f 7/7/1 8/8/1 9/9/1
f 10/10/1 3/3/1 11/11/1
f 11/11/1 12/12/1 10/10/1
f 13/11/1 14/3/1 15/2/1
f 16/11/2 17/10/2 18/12/2
f 19/3/2 17/10/2 16/11/2
f 20/1/2 19/3/2 21/2/2
f 22/13/2 19/3/2 20/1/2
f 22/13/2 20/1/2 23/4/2
f 22/13/2 23/4/2 24/14/2
f 25/3/2 26/11/2 27/2/2
f 28/8/2 29/7/2 30/9/2
f 31/15/2 29/7/2 28/8/2
f 29/7/2 31/15/2 32/16/2
f 33/17/3 34/18/3 35/19/3
f 34/18/3 33/17/3 36/20/3
f 37/21/3 36/20/3 33/17/3
f 33/17/3 38/22/3 37/21/3
f 39/17/3 40/18/3 41/20/3
f 40/18/3 39/17/3 42/19/3
f 43/21/3 39/17/3 41/20/3
f 44/22/3 39/17/3 43/21/3
f 45/23/4 46/24/5 47/25/6
f 47/25/6 48/26/7 45/23/4
f 49/27/8 48/26/7 47/25/6
f 48/26/7 49/27/8 50/28/8
f 50/28/8 49/27/8 51/29/9
f 49/27/8 52/30/10 51/29/9
f 52/30/10 53/31/11 51/29/9
f 53/31/11 52/30/10 54/32/12
f 55/33/1 56/34/1 57/35/1
f 56/34/1 55/33/1 58/36/1
f 55/33/1 57/35/1 59/37/1
f 60/38/1 57/35/1 56/34/1
f 61/39/1 57/35/1 60/38/1
f 62/40/1 61/39/1 60/38/1
f 60/38/1 63/41/1 62/40/1
f 64/35/1 65/33/1 66/37/1
f 65/33/1 64/35/1 67/34/1
f 68/36/1 65/33/1 67/34/1
f 64/35/1 69/38/1 67/34/1
f 69/38/1 64/35/1 70/39/1
f 71/40/1 69/38/1 70/39/1
f 69/38/1 71/40/1 72/41/1
f 73/42/1 74/43/1 75/44/1
f 74/43/1 76/45/1 75/44/1
f 77/46/1 74/43/1 73/42/1
f 74/43/1 77/46/1 78/47/1
f 79/44/8 80/45/8 81/43/8
f 81/43/8 82/42/8 79/44/8
f 82/42/8 81/43/8 83/46/8
f 83/46/8 81/43/8 84/47/8
f 85/48/13 86/49/13 87/50/14
f 86/49/13 85/48/13 88/51/15
f 88/51/15 85/48/13 89/52/15
f 90/53/14 87/50/14 86/49/13
f 90/53/14 91/54/15 87/50/14
f 92/55/16 87/50/14 91/54/15
f 91/54/15 93/56/16 92/55/16
f 94/56/17 91/54/16 95/54/17
f 96/54/18 97/56/18 94/56/18
f 98/56/18 99/56/19 100/54/19
f 101/54/17 98/56/17 102/54/17
f 103/56/15 101/54/15 104/55/18
f 105/50/17 104/55/18 101/54/15
f 101/54/15 106/53/20 105/50/17
f 107/49/13 105/50/17 106/53/20
f 105/50/17 107/49/13 108/48/13
f 109/51/15 108/48/13 107/49/13
f 108/48/13 109/51/15 110/52/17
f 111/57/21 112/58/22 113/59/23
f 112/58/22 111/57/21 114/60/21
f 111/57/21 115/61/21 114/60/21
f 115/61/21 111/57/21 116/62/24
f 117/63/25 118/64/26 116/62/24
f 113/59/23 112/58/22 119/65/27
f 119/65/27 120/66/27 113/59/23
f 120/66/27 119/65/27 121/67/28
f 119/65/27 122/68/29 121/67/28
f 122/68/29 119/65/27 123/69/29
f 124/68/30 125/70/30 126/71/30
f 127/63/31 128/62/32 129/64/33
f 130/57/34 131/61/35 128/62/36
f 131/61/35 130/57/34 132/60/34
f 130/57/34 133/58/37 132/60/34
f 133/58/37 130/57/34 134/59/38
f 134/59/38 135/65/39 133/58/37
f 136/66/40 135/65/39 134/59/38
f 135/65/39 136/66/40 137/67/29
f 138/68/29 135/65/39 137/67/29
f 135/65/39 138/68/29 139/69/29
f 140/68/30 141/71/30 142/70/30
f 143/72/1 144/72/1 145/72/1
f 146/72/1 145/72/1 144/72/1
f 143/72/1 147/72/1 144/72/1
f 147/72/1 143/72/1 148/72/1
f 149/72/1 146/72/1 144/72/1
f 146/72/1 149/72/1 150/72/1
f 151/73/41 152/74/42 153/75/43
f 152/74/42 151/73/41 154/76/44
f 151/73/41 155/77/45 154/76/44
f 156/77/46 157/73/47 158/76/48
f 157/73/47 159/74/49 158/76/48
f 159/74/49 157/73/47 160/75/46
f 161/78/50 162/79/50 163/8/50
f 161/78/50 163/8/50 164/5/50
f 165/80/51 166/81/51 167/78/51
f 168/82/52 167/78/51 166/81/51
f 168/82/52 166/81/51 169/83/52
f 170/15/52 168/82/52 169/83/52
f 168/82/52 170/15/52 171/8/52
f 172/84/53 173/78/54 174/3/54
f 174/3/54 173/78/54 175/5/54
f 176/85/55 177/86/55 178/87/55
f 178/87/55 177/86/55 179/88/55
f 180/86/55 181/85/56 182/87/56
f 182/87/56 183/88/55 180/86/55
f 184/89/55 185/90/57 186/91/57
f 184/89/55 186/91/57 187/92/58
f 186/91/57 185/90/57 188/93/59
f 185/90/57 189/94/59 188/93/59
f 189/94/59 185/90/57 190/95/60
f 191/90/61 192/91/58 193/93/58
f 194/94/58 191/90/61 193/93/58
f 191/90/61 194/94/58 195/95/61
f 192/91/58 191/90/61 196/89/55
f 192/91/58 196/89/55 197/92/61
f 198/84/62 199/13/63 200/96/64
f 199/13/63 198/84/62 201/3/64
f 202/97/64 198/84/62 200/96/64
f 203/78/63 198/84/62 202/97/64
f 202/97/64 204/80/63 203/78/63
f 205/10/65 206/84/65 207/3/65
f 208/98/65 209/84/65 210/10/65
f 211/99/66 212/100/67 213/101/68
f 214/102/69 212/100/67 211/99/66
f 213/101/68 215/103/70 211/99/66
f 213/101/68 216/104/71 215/103/70
f 216/104/71 213/101/68 217/105/71
f 212/100/67 214/102/69 218/106/72
f 219/107/73 218/106/72 214/102/69
f 218/106/72 219/107/73 220/108/74
f 219/107/73 221/109/75 220/108/74
f 221/109/75 219/107/73 222/110/76
f 222/110/76 223/111/77 221/109/75
f 223/111/77 222/110/76 224/112/77
f 225/113/78 217/105/79 226/114/80
f 226/114/80 227/115/81 225/113/78
f 227/115/81 226/114/80 228/116/81
f 229/117/82 227/115/81 228/116/81
f 227/115/81 229/117/82 230/118/82
f 230/118/82 229/117/82 231/119/83
f 232/120/84 230/118/82 231/119/83
f 231/119/83 233/121/85 232/120/84
f 233/121/85 231/119/83 234/122/85
f 235/123/86 233/121/85 234/122/85
f 236/124/86 233/121/85 235/123/86
f 237/102/87 238/99/88 239/100/89
f 237/102/87 239/100/89 240/106/90
f 238/99/88 241/101/91 239/100/89
f 242/107/92 237/102/87 240/106/90
f 241/101/91 238/99/88 243/103/93
f 244/104/94 241/101/91 243/103/93
f 241/101/91 244/104/94 245/105/94
f 242/107/92 240/106/90 246/108/95
f 247/109/96 242/107/92 246/108/95
f 242/107/92 247/109/96 248/110/97
f 249/111/98 248/110/97 247/109/96
f 248/110/97 249/111/98 250/112/98
f 245/105/99 251/113/100 252/114/101
f 253/115/102 252/114/101 251/113/100
f 252/114/101 253/115/102 254/116/103
f 254/116/103 253/115/102 255/117/104
f 253/115/102 256/118/105 255/117/104
f 256/118/105 257/119/106 255/117/104
f 258/120/107 257/119/106 256/118/105
f 259/121/108 257/119/106 258/120/107
f 257/119/106 259/121/108 260/122/108
f 261/123/109 260/122/108 259/121/108
f 262/124/109 261/123/109 259/121/108
f 263/10/110 264/3/110 265/84/110
f 266/84/110 267/98/110 268/10/110
f 269/72/1 270/72/1 271/72/1
f 272/72/1 271/72/1 270/72/1
f 269/72/1 273/72/1 270/72/1
f 273/72/1 269/72/1 274/72/1
f 275/72/1 272/72/1 270/72/1
f 272/72/1 275/72/1 276/72/1
f 277/56/111 278/125/111 279/126/112
f 278/125/111 277/56/111 280/127/111
f 280/127/111 277/56/111 281/55/111
f 282/128/101 283/129/99 284/130/99
f 284/130/99 285/113/101 282/128/101
f 286/128/80 287/130/79 288/129/79
f 287/130/79 286/128/80 289/113/80
f 290/125/113 291/56/114 292/126/113
f 291/56/114 290/125/113 293/127/113
f 291/56/114 293/127/113 294/55/113
f 295/105/79 296/113/80 297/104/79
f 298/113/101 299/105/99 300/104/99
f 301/131/115 302/132/116 303/133/115
f 302/132/116 301/131/115 304/134/117
f 302/132/116 304/134/117 305/135/117
f 306/131/118 307/132/115 308/134/115
f 308/134/115 307/132/115 309/135/119
f 307/132/115 306/131/118 310/133/115
f 311/136/120 312/137/120 313/138/120
f 312/137/120 311/136/120 314/139/121
f 315/137/122 316/136/122 317/138/120
f 316/136/122 315/137/122 318/139/120
f 319/67/123 320/140/121 321/141/124
f 320/140/121 319/67/123 322/68/120
f 321/141/124 323/66/125 319/67/123
f 324/141/126 325/67/127 326/66/128
f 327/140/121 325/67/127 324/141/126
f 325/67/127 327/140/121 328/68/121
f 329/72/8 330/72/8 331/72/8
f 332/72/8 331/72/8 330/72/8
f 329/72/8 333/72/8 330/72/8
f 333/72/8 329/72/8 334/72/8
f 335/72/8 332/72/8 330/72/8
f 332/72/8 335/72/8 336/72/8
f 337/72/129 338/72/129 339/72/129
f 337/72/129 340/72/129 338/72/129
f 340/72/129 337/72/129 341/72/129
f 342/72/129 340/72/129 341/72/129
f 340/72/129 342/72/129 343/72/129
f 343/72/129 342/72/129 344/72/129
f 345/142/130 346/143/131 347/144/132
f 346/143/131 345/142/130 348/145/133
f 349/143/134 350/142/135 351/144/134
f 350/142/135 349/143/134 352/145/136
f 353/72/1 354/72/1 355/72/1
f 356/72/1 355/72/1 354/72/1
f 353/72/1 357/72/1 354/72/1
f 357/72/1 353/72/1 358/72/1
f 359/72/1 356/72/1 354/72/1
f 356/72/1 359/72/1 360/72/1
f 361/146/137 362/147/138 363/148/139
f 362/147/138 361/146/137 364/149/140
f 362/147/138 365/150/141 363/148/139
f 365/150/141 362/147/138 366/151/142
f 367/152/143 365/150/141 366/151/142
f 367/152/143 368/153/144 365/150/141
f 369/150/145 370/147/138 371/148/146
f 370/147/138 369/150/145 372/151/147
f 373/151/141 374/150/147 375/152/144
f 376/153/143 375/152/144 374/150/147
f 377/72/129 378/72/129 379/72/129
f 378/72/129 380/72/129 379/72/129
f 378/72/129 377/72/129 381/72/129
f 381/72/129 377/72/129 382/72/129
f 380/72/129 378/72/129 383/72/129
f 380/72/129 383/72/129 384/72/129
f 385/149/137 386/146/140 387/147/146
f 388/148/138 387/147/146 386/146/140
f 389/154/148 390/155/149 391/156/150
f 390/155/149 389/154/148 392/157/148
f 391/156/150 390/155/149 393/158/151
f 393/158/151 390/155/149 394/159/151
f 395/160/152 393/158/151 394/159/151
f 395/160/152 394/159/151 396/161/152
f 396/161/152 397/162/153 395/160/152
f 397/162/153 396/161/152 398/163/153
f 399/161/154 400/159/155 401/160/154
f 402/162/156 399/161/154 401/160/154
f 399/161/154 402/162/156 403/163/156
f 401/160/154 400/159/155 404/158/155
f 404/158/155 400/159/155 405/155/157
f 404/158/155 405/155/157 406/156/157
f 405/155/157 407/154/158 406/156/157
f 407/154/158 405/155/157 408/157/158
f 409/164/156 410/161/154 411/165/154
f 410/161/154 409/164/156 412/163/156
f 413/166/155 411/165/154 410/161/154
f 411/165/154 413/166/155 414/167/159
f 415/166/160 416/165/152 417/167/151
f 416/165/152 415/166/160 418/161/152
f 418/161/152 419/164/153 416/165/152
f 419/164/153 418/161/152 420/163/153
f 421/168/161 422/169/1 423/169/1
f 424/168/162 425/168/163 426/169/1
f 426/169/1 425/168/163 427/169/1
f 428/107/164 429/109/96 430/110/165
f 431/111/98 430/110/165 429/109/96
f 430/110/165 431/111/98 432/112/98
f 429/109/96 428/107/164 433/108/166
f 428/107/164 434/106/167 433/108/166
f 428/107/164 435/102/168 434/106/167
f 435/102/168 436/100/89 434/106/167
f 435/102/168 437/99/169 436/100/89
f 438/103/170 436/100/89 437/99/169
f 436/100/89 438/103/170 439/101/93
f 438/103/170 440/105/99 439/101/93
f 440/105/99 438/103/170 441/104/99
f 442/113/101 440/105/99 441/104/99
f 440/105/99 442/113/101 443/114/101
f 444/115/171 443/114/101 442/113/101
f 443/114/101 444/115/171 445/116/103
f 445/116/103 444/115/171 446/117/172
f 444/115/171 447/118/104 446/117/172
f 448/120/173 446/117/172 447/118/104
f 446/117/172 448/120/173 449/119/106
f 448/120/173 450/122/108 449/119/106
f 448/120/173 451/121/174 450/122/108
f 452/124/109 450/122/108 451/121/174
f 450/122/108 452/124/109 453/123/109
f 454/72/175 455/72/175 456/72/175
f 456/72/175 455/72/175 457/72/175
f 456/72/175 457/72/175 458/72/175
f 459/72/175 456/72/175 458/72/175
f 460/72/175 461/72/175 462/72/175
f 461/72/175 460/72/175 463/72/175
f 461/72/175 463/72/175 464/72/175
f 465/72/175 461/72/175 464/72/175
f 466/72/175 467/72/175 468/72/175
f 468/72/175 467/72/175 469/72/175
f 468/72/175 469/72/175 470/72/175
f 471/72/175 468/72/175 470/72/175
f 472/72/175 473/72/175 474/72/175
f 474/72/175 473/72/175 475/72/175
f 474/72/175 475/72/175 476/72/175
f 477/72/175 474/72/175 476/72/175
f 478/72/175 479/72/175 480/72/175
f 480/72/175 479/72/175 481/72/175
f 480/72/175 481/72/175 482/72/175
f 483/72/175 480/72/175 482/72/175
f 484/72/175 485/72/175 486/72/175
f 485/72/175 484/72/175 487/72/175
f 484/72/175 488/72/175 487/72/175
f 488/72/175 484/72/175 489/72/175
f 490/72/175 491/72/175 492/72/175
f 491/72/175 490/72/175 493/72/175
f 490/72/175 494/72/175 493/72/175
f 494/72/175 490/72/175 495/72/175
f 496/72/175 497/72/175 498/72/175
f 497/72/175 496/72/175 499/72/175
f 496/72/175 500/72/175 499/72/175
f 500/72/175 496/72/175 501/72/175
f 502/72/175 503/72/175 504/72/175
f 503/72/175 502/72/175 505/72/175
f 502/72/175 506/72/175 505/72/175
f 506/72/175 502/72/175 507/72/175
f 508/72/175 509/72/175 510/72/175
f 509/72/175 508/72/175 511/72/175
f 508/72/175 512/72/175 511/72/175
f 512/72/175 508/72/175 513/72/175
f 514/72/175 515/72/175 516/72/175
f 515/72/175 514/72/175 517/72/175
f 514/72/175 518/72/175 517/72/175
f 518/72/175 514/72/175 519/72/175
f 520/72/175 521/72/175 522/72/175
f 521/72/175 520/72/175 523/72/175
f 520/72/175 524/72/175 523/72/175
f 524/72/175 520/72/175 525/72/175
f 526/72/175 527/72/175 528/72/175
f 527/72/175 526/72/175 529/72/175
f 526/72/175 530/72/175 529/72/175
f 530/72/175 526/72/175 531/72/175
f 532/72/8 533/72/8 534/72/8
f 535/72/1 534/72/8 533/72/8
f 532/72/8 536/72/8 533/72/8
f 536/72/8 532/72/8 537/72/8
f 538/72/1 535/72/1 533/72/8
f 535/72/1 538/72/1 539/72/1
f 540/155/176 541/170/149 542/171/148
f 542/171/148 543/157/148 540/155/176
f 541/170/149 540/155/176 544/172/177
f 544/172/177 540/155/176 545/159/177
f 546/172/178 547/159/178 548/155/157
f 546/172/178 548/155/157 549/170/157
f 548/155/157 550/171/158 549/170/157
f 550/171/158 548/155/157 551/157/158
f 552/173/179 553/174/180 554/175/181
f 554/175/181 553/174/180 555/176/182
f 556/72/183 557/72/183 558/72/184
f 559/72/185 558/72/184 557/72/183
f 560/72/185 561/72/183 562/72/183
f 563/72/184 562/72/183 561/72/183
f 564/72/183 565/72/185 566/72/183
f 567/72/183 566/72/183 565/72/185
f 568/72/185 569/72/183 570/72/183
f 571/72/183 570/72/183 569/72/183
f 572/72/183 573/72/185 574/72/185
f 575/72/183 574/72/185 573/72/185
f 576/72/183 577/72/183 578/72/183
f 579/72/185 578/72/183 577/72/183
f 580/72/185 581/72/183 582/72/183
f 583/72/183 582/72/183 581/72/183
f 584/72/183 585/72/183 586/72/183
f 587/72/184 586/72/183 585/72/183
f 588/72/183 589/72/183 590/72/183
f 591/72/183 590/72/183 589/72/183
f 592/72/183 593/72/183 594/72/183
f 595/72/184 594/72/183 593/72/183
f 596/72/183 597/72/183 598/72/183
f 599/72/183 598/72/183 597/72/183
f 600/72/185 601/72/186 602/72/183
f 603/72/183 601/72/186 600/72/185
f 601/72/186 603/72/183 604/72/183
f 605/72/185 606/72/183 607/72/183
f 608/72/185 607/72/183 606/72/183
f 609/72/175 610/72/175 611/72/175
f 609/72/175 611/72/175 612/72/175
f 610/72/175 613/72/175 611/72/175
f 614/72/175 611/72/175 613/72/175
f 615/72/175 616/72/175 617/72/175
f 616/72/175 615/72/175 618/72/175
f 616/72/175 619/72/175 617/72/175
f 619/72/175 616/72/175 620/72/175
f 621/72/175 622/72/175 623/72/175
f 622/72/175 621/72/175 624/72/175
f 624/72/175 625/72/175 622/72/175
f 626/72/175 622/72/175 625/72/175
f 627/72/175 628/72/175 629/72/175
f 628/72/175 627/72/175 630/72/175
f 630/72/175 631/72/175 628/72/175
f 632/72/175 628/72/175 631/72/175
f 633/72/175 634/72/175 635/72/175
f 633/72/175 635/72/175 636/72/175
f 634/72/175 637/72/175 635/72/175
f 638/72/175 635/72/175 637/72/175
f 639/72/175 640/72/175 641/72/175
f 639/72/175 641/72/175 642/72/175
f 640/72/175 643/72/175 641/72/175
f 644/72/175 641/72/175 643/72/175
f 645/72/175 646/72/175 647/72/175
f 645/72/175 647/72/175 648/72/175
f 646/72/175 649/72/175 647/72/175
f 650/72/175 647/72/175 649/72/175
f 651/72/175 652/72/175 653/72/175
f 652/72/175 651/72/175 654/72/175
f 655/72/175 652/72/175 654/72/175
f 652/72/175 655/72/175 656/72/175
f 657/72/175 658/72/175 659/72/175
f 657/72/175 659/72/175 660/72/175
f 658/72/175 661/72/175 659/72/175
f 662/72/175 659/72/175 661/72/175
f 663/72/175 664/72/175 665/72/175
f 663/72/175 665/72/175 666/72/175
f 664/72/175 667/72/175 665/72/175
f 668/72/175 665/72/175 667/72/175
f 669/72/175 670/72/175 671/72/175
f 669/72/175 671/72/175 672/72/175
f 670/72/175 673/72/175 671/72/175
f 674/72/175 671/72/175 673/72/175
f 675/72/175 676/72/175 677/72/175
f 675/72/175 677/72/175 678/72/175
f 676/72/175 679/72/175 677/72/175
f 680/72/175 677/72/175 679/72/175
f 681/72/175 682/72/175 683/72/175
f 682/72/175 681/72/175 684/72/175
f 685/72/175 681/72/175 683/72/175
f 685/72/175 683/72/175 686/72/175
f 687/72/187 688/72/188 689/72/187
f 687/72/187 689/72/187 690/72/189
f 691/72/187 692/72/187 693/72/189
f 691/72/187 693/72/189 694/72/189
f 695/72/187 696/72/190 697/72/187
f 695/72/187 697/72/187 698/72/187
f 699/72/187 700/72/187 701/72/189
f 699/72/187 701/72/189 702/72/187
f 703/72/187 704/72/189 705/72/187
f 703/72/187 705/72/187 706/72/187
f 707/72/189 708/72/187 709/72/189
f 707/72/189 709/72/189 710/72/187
f 711/72/187 712/72/187 713/72/187
f 711/72/187 713/72/187 714/72/187
f 715/72/187 716/72/187 717/72/187
f 715/72/187 717/72/187 718/72/187
f 719/72/187 720/72/189 721/72/187
f 719/72/187 721/72/187 722/72/189
f 723/72/187 724/72/187 725/72/187
f 723/72/187 725/72/187 726/72/189
f 727/72/187 728/72/187 729/72/187
f 727/72/187 729/72/187 730/72/189
f 731/72/187 732/72/188 733/72/187
f 731/72/187 733/72/187 734/72/187
f 735/72/187 736/72/190 737/72/187
f 738/72/189 736/72/190 735/72/187
f 736/72/190 738/72/189 739/72/187
f 740/177/191 741/178/192 742/178/193
f 740/177/191 742/178/193 743/177/194
f 744/72/129 745/72/129 746/72/129
f 745/72/129 747/72/129 746/72/129
f 745/72/129 744/72/129 748/72/129
f 748/72/129 744/72/129 749/72/129
f 747/72/129 745/72/129 750/72/129
f 747/72/129 750/72/129 751/72/129
f 752/72/195 753/72/196 754/72/196
f 753/72/196 755/72/8 754/72/196
f 752/72/195 756/72/197 753/72/196
f 755/72/8 753/72/196 757/72/8
f 756/72/197 752/72/195 758/72/198
f 759/72/199 755/72/8 757/72/8
f 758/72/198 760/72/200 756/72/197
f 755/72/8 759/72/199 761/72/201
f 760/72/200 758/72/198 762/72/202
f 761/72/201 759/72/199 763/72/203
f 762/72/202 764/72/204 760/72/200
f 765/72/205 763/72/203 759/72/199
f 766/72/204 764/72/204 762/72/202
f 766/72/204 767/72/206 764/72/204
f 766/72/204 768/72/206 767/72/206
f 763/72/203 765/72/205 769/72/205
f 770/72/207 769/72/205 765/72/205
f 769/72/205 770/72/207 771/72/208
f 772/72/209 771/72/208 770/72/207
f 771/72/208 772/72/209 773/72/209
f 772/72/209 774/72/210 773/72/209
f 775/72/210 773/72/209 774/72/210
f 776/144/211 777/142/212 778/168/213
f 778/168/213 777/142/212 779/179/214
f 777/142/212 780/142/215 779/179/214
f 781/169/1 782/168/161 778/168/216
f 783/180/217 784/181/218 785/182/217
f 784/181/218 783/180/217 786/183/219
f 787/184/220 788/185/220 789/184/220
f 788/185/220 787/184/220 790/185/220
f 787/184/220 791/185/220 790/185/220
f 791/185/220 787/184/220 792/184/220
f 793/186/220 794/187/220 788/185/220
f 794/187/220 793/186/220 795/188/220
f 793/186/220 796/189/220 795/188/220
f 796/189/220 793/186/220 797/190/220
f 798/191/220 796/189/220 797/190/220
f 796/189/220 798/191/220 799/192/220
f 800/191/220 799/192/220 801/141/220
f 801/141/220 802/190/220 800/191/220
f 801/141/220 803/186/220 802/190/220
f 803/186/220 804/140/220 805/193/220
f 806/143/220 798/191/220 807/192/220
f 806/143/220 807/192/220 808/189/220
f 806/143/220 808/189/220 809/188/220
f 809/188/220 810/194/221 806/143/220
f 811/195/220 812/196/221 813/197/222
f 814/198/221 812/196/221 815/199/221
f 814/198/221 816/200/221 812/196/221
f 816/200/221 813/197/222 812/196/221
f 813/197/222 816/200/221 817/201/221
f 818/202/221 813/197/222 817/201/221
f 813/197/222 818/202/221 819/203/220
f 819/203/220 818/202/221 820/204/221
f 821/205/220 819/203/220 820/204/221
f 822/195/220 823/197/223 824/196/220
f 824/196/220 825/198/220 826/199/220
f 825/198/220 824/196/220 827/200/220
f 823/197/223 827/200/220 824/196/220
f 827/200/220 823/197/223 828/201/220
f 823/197/223 829/202/220 828/201/220
f 830/203/220 829/202/220 823/197/223
f 829/202/220 830/203/220 831/204/220
f 831/204/220 830/203/220 832/205/220
f 833/206/220 834/194/220 835/207/220
f 836/208/220 833/206/220 835/207/220
f 837/209/220 833/206/220 836/208/220
f 835/207/220 834/194/220 838/210/220
f 839/206/221 837/209/220 840/211/221
f 841/212/220 838/210/220 834/194/220
f 841/212/220 834/194/220 842/213/220
f 843/188/220 834/194/220 844/187/220
f 845/206/220 846/209/220 847/206/221
f 848/209/221 847/206/221 849/211/221
f 847/206/221 848/209/221 850/206/222
f 850/206/222 848/209/221 851/208/221
f 850/206/222 851/208/221 852/207/221
f 853/194/222 850/206/222 852/207/221
f 853/194/222 854/188/220 850/206/222
f 853/194/222 852/207/221 855/210/221
f 856/212/221 853/194/222 855/210/221
f 853/194/222 856/212/221 857/213/221
f 858/139/220 859/193/220 860/136/220
f 859/193/220 858/139/220 861/193/220
f 862/136/220 863/193/220 864/139/220
f 863/193/220 862/136/220 865/193/220
f 866/140/220 867/186/220 868/141/220
f 869/191/220 868/141/220 870/192/220
f 869/191/220 871/143/220 868/141/220
f 872/192/220 873/191/220 874/189/220
f 875/190/220 874/189/220 873/191/220
f 876/186/220 874/189/220 875/190/220
f 874/189/220 876/186/220 877/188/220
f 877/188/220 876/186/220 878/187/220
f 878/187/220 876/186/220 879/185/220
f 872/192/220 880/191/220 881/141/220
f 882/190/220 881/141/220 880/191/220
f 883/186/220 881/141/220 882/190/220
f 884/140/220 883/186/220 885/193/220
f 873/191/220 886/143/220 887/192/220
f 887/192/220 886/143/220 888/189/220
f 888/189/220 886/143/220 889/188/220
f 890/194/220 889/188/220 886/143/220
f 891/191/220 892/141/220 893/143/220
f 892/141/220 891/191/220 894/192/220
f 895/186/220 896/140/220 892/141/220
f 897/72/224 898/72/224 899/72/225
f 898/72/224 897/72/224 900/72/224
f 901/172/224 902/214/226 897/72/226
f 902/214/226 901/172/224 903/170/226
f 903/170/226 904/215/224 902/214/226
f 905/216/227 904/215/224 903/170/226
f 906/217/226 904/215/224 905/216/227
f 904/215/224 906/217/226 907/218/227
f 908/219/224 907/218/227 906/217/226
f 909/217/228 908/219/228 910/62/228
f 911/215/227 909/217/224 912/218/229
f 909/217/224 911/215/227 913/216/224
f 913/216/224 911/215/227 914/170/226
f 915/214/226 914/170/226 911/215/227
f 914/170/226 915/214/226 916/167/228
f 916/167/228 915/214/226 917/128/228
f 917/128/228 918/220/224 916/167/228
f 919/129/224 918/220/224 917/128/228
f 912/218/228 910/62/228 920/217/228
f 919/129/228 921/221/226 922/165/225
f 921/221/226 919/129/228 923/222/226
f 923/222/226 924/223/224 921/221/226
f 924/223/224 923/222/226 925/224/224
f 926/225/228 924/223/224 925/224/224
f 926/225/228 927/226/224 924/223/224
f 927/226/228 928/143/226 929/225/224
f 928/143/226 930/224/224 929/225/224
f 928/143/226 931/222/228 930/224/224
f 932/221/224 928/143/224 933/145/224
f 933/145/224 934/223/224 932/221/224
f 933/145/224 935/226/226 934/223/224
f 933/145/224 936/227/224 935/226/226
f 937/225/228 935/226/226 936/227/224
f 937/225/228 936/227/224 938/228/228
f 938/228/228 939/197/224 937/225/228
f 939/197/224 940/224/224 937/225/228
f 941/141/224 926/225/224 942/226/224
f 943/223/226 944/225/224 942/226/224
f 941/141/226 944/225/224 945/226/224
f 944/225/224 943/223/226 946/224/226
f 947/223/228 941/141/226 945/226/224
f 948/221/224 946/224/226 943/223/226
f 947/223/228 949/66/226 941/141/226
f 946/224/226 948/221/224 950/222/228
f 949/66/226 947/223/228 951/221/226
f 950/222/228 948/221/224 952/129/230
f 952/129/230 948/221/224 953/165/230
f 949/66/226 951/221/226 954/59/227
f 954/59/227 951/221/226 955/165/224
f 952/129/230 956/229/230 957/128/230
f 957/128/230 956/229/230 958/167/230
f 959/170/228 957/128/230 958/167/230
f 957/128/230 959/170/228 960/214/225
f 959/170/228 961/215/227 960/214/225
f 961/215/227 959/170/228 962/216/231
f 961/215/227 962/216/231 963/218/227
f 920/217/227 963/218/227 962/216/231
f 964/217/224 963/218/228 910/62/224
f 910/62/224 965/216/227 964/217/224
f 910/62/224 966/170/226 965/216/227
f 967/57/226 966/170/226 910/62/224
f 966/170/226 967/57/226 968/167/226
f 968/167/226 967/57/226 954/59/224
f 968/167/226 954/59/224 969/229/225
f 970/230/224 971/231/224 972/232/227
f 971/231/224 970/230/224 973/233/224
f 970/230/224 972/232/227 974/78/228
f 975/219/225 970/230/224 974/78/228
f 970/230/224 976/214/226 977/234/225
f 976/214/226 970/230/224 975/219/225
f 976/214/226 975/219/225 978/215/228
f 975/219/225 979/218/228 978/215/228
f 975/219/225 980/217/224 979/218/228
f 981/218/224 975/219/224 982/217/224
f 983/62/224 984/218/224 982/217/224
f 985/218/228 986/217/228 983/62/228
f 987/72/224 988/72/226 989/72/228
f 989/72/228 988/72/226 990/72/224
f 991/72/228 990/72/224 988/72/226
f 988/72/226 987/72/224 992/72/224
f 987/72/224 993/95/224 994/42/224
f 995/143/226 996/225/228 997/141/225
f 996/225/228 995/143/226 998/226/224
f 999/226/224 1000/225/224 997/141/224
f 1001/221/226 1002/222/228 995/143/224
f 1001/221/226 1003/72/226 1002/222/228
f 1003/72/226 1001/221/226 1004/165/224
f 1005/197/228 1006/72/224 1007/222/228
f 1008/95/225 1006/72/224 1005/197/228
f 1009/224/226 1005/197/228 1007/222/228
f 1010/235/232 1011/236/233 1012/235/234
f 1013/236/235 1012/235/234 1011/236/233
f 1014/72/236 1015/72/236 1016/72/237
f 1015/72/236 1014/72/236 1017/72/236
f 1018/221/236 1016/72/236 1019/165/236
f 1016/72/236 1018/221/236 1020/222/236
f 1020/222/236 1018/221/236 1021/143/236
f 1022/225/236 1021/143/236 1023/141/237
f 1021/143/236 1022/225/236 1024/226/236
f 1022/225/236 1025/223/238 1024/226/236
f 1026/225/239 1027/226/239 1023/141/239
f 1028/72/239 1029/72/239 1030/72/236
f 1030/72/236 1029/72/239 1031/72/236
f 1029/72/239 1028/72/239 1032/72/239
f 1032/72/239 1033/72/239 1029/72/239
f 1034/214/236 1035/219/236 1032/72/239
f 1035/219/236 1034/214/236 1036/215/238
f 1035/219/236 1036/215/238 1037/218/236
f 1037/218/236 1038/217/236 1035/219/236
f 1035/219/236 1039/218/236 1040/217/236
f 1041/218/240 1042/62/240 1040/217/240
f 1042/62/239 1043/217/239 1044/218/239
f 1035/219/236 1045/78/239 1046/230/236
f 1046/230/236 1045/78/239 1047/82/236
f 1048/231/240 1046/230/236 1049/237/237
f 1046/230/236 1048/231/240 1050/233/239
f 1051/129/241 1052/167/236 1053/229/239
f 1052/167/236 1051/129/241 1054/128/236
f 1055/221/236 1051/129/236 1056/165/236
f 1055/221/236 1057/222/239 1051/129/236
f 1055/221/236 1058/224/238 1057/222/239
f 1059/223/242 1058/224/238 1055/221/236
f 1059/223/242 1060/225/236 1058/224/238
f 1061/226/238 1060/225/236 1059/223/242
f 1062/234/239 1063/170/236 1052/167/236
f 1063/170/236 1062/234/239 1064/214/239
f 1065/215/236 1063/170/236 1064/214/239
f 1063/170/236 1065/215/236 1066/171/239
f 1065/215/236 1067/217/236 1066/171/239
f 1067/217/236 1065/215/236 1068/218/236
f 1069/141/236 1061/226/236 1070/225/236
f 1060/225/236 1069/141/240 1071/226/236
f 1069/141/240 1072/223/240 1071/226/236
f 1073/66/236 1072/223/240 1069/141/240
f 1072/223/240 1073/66/236 1074/221/239
f 1075/59/238 1074/221/239 1073/66/236
f 1074/221/239 1075/59/238 1076/165/237
f 1077/223/239 1070/225/236 1078/224/238
f 1079/222/240 1077/223/239 1078/224/238
f 1077/223/239 1079/222/240 1080/221/240
f 1081/129/239 1080/221/240 1079/222/240
f 1080/221/240 1081/129/239 1082/165/236
f 1083/128/236 1084/220/239 1081/129/236
f 1084/220/239 1083/128/236 1085/167/239
f 1086/214/240 1085/167/240 1087/234/240
f 1085/167/240 1086/214/240 1088/170/240
f 1089/215/236 1088/170/240 1086/214/240
f 1088/170/240 1089/215/236 1090/171/239
f 1090/171/239 1089/215/236 1091/217/236
f 1091/217/236 1089/215/236 1092/218/236
f 1093/62/236 1092/218/236 1067/217/236
f 1091/217/236 1093/62/236 1094/219/236
f 1095/218/238 1094/219/236 1096/217/240
f 1096/217/240 1097/215/238 1095/218/238
f 1097/215/238 1096/217/240 1098/171/238
f 1099/170/239 1097/215/238 1098/171/238
f 1097/215/238 1099/170/239 1100/214/240
f 1101/72/236 1100/214/240 1099/170/239
f 1100/214/240 1101/72/236 1102/234/239
f 1093/62/236 1068/218/236 1103/217/236
f 1093/62/236 1103/217/236 1104/171/240
f 1105/170/240 1093/62/236 1104/171/240
f 1093/62/236 1105/170/240 1106/57/240
f 1106/57/240 1105/170/240 1107/167/240
f 1106/57/240 1107/167/240 1075/59/236
f 1075/59/236 1107/167/240 1108/229/236
f 1109/214/236 1110/72/236 1111/234/236
f 1112/95/236 1113/238/236 1114/42/236
f 1115/238/236 1116/197/240 1117/222/236
f 1116/197/240 1118/224/236 1117/222/236
f 1116/197/240 1115/238/236 1119/95/237
f 1120/227/239 1121/225/236 1122/228/239
f 1123/197/236 1122/228/239 1121/225/236
f 1124/224/241 1123/197/236 1121/225/236
f 1125/226/240 1121/225/236 1120/227/239
f 1126/145/241 1125/226/240 1120/227/239
f 1125/226/240 1126/145/241 1127/223/236
f 1126/145/241 1128/221/236 1127/223/236
f 1129/143/239 1128/221/236 1126/145/241
f 1130/222/236 1129/143/239 1131/224/239
f 1131/224/239 1129/143/239 1132/225/236
f 1129/143/239 1133/226/237 1132/225/236
f 1134/239/243 1135/227/244 1136/240/245
f 1135/227/244 1134/239/243 1137/241/246
f 1138/240/247 1139/227/248 1140/239/249
f 1140/239/249 1139/227/248 1141/241/250
f 1142/242/210 1143/243/210 1144/244/251
f 1145/245/251 1144/244/251 1143/243/210
f 1146/246/251 1147/178/251 1144/244/251
f 1148/247/251 1149/178/251 1147/178/251
f 1150/248/210 1151/219/252 1152/249/251
f 1151/219/252 1150/248/210 1153/149/210
f 1151/219/252 1153/149/210 1154/235/210
f 1155/250/251 1152/249/251 1151/219/252
f 1156/251/210 1151/219/210 1157/252/210
f 1158/78/251 1155/250/251 1151/219/252
f 1155/250/251 1158/78/251 1159/84/251
f 1155/250/251 1160/253/251 1161/254/251
f 1155/250/251 1161/254/251 1162/178/251
f 1163/255/251 1155/250/251 1162/178/251
f 1164/254/251 1155/250/251 1165/20/251
f 1165/20/251 1166/253/251 1164/254/251
f 1165/20/251 1167/256/251 1168/257/251
f 1169/258/251 1165/20/251 1168/257/251
f 1169/258/251 1170/254/251 1165/20/251
f 1171/259/210 1172/260/210 1173/261/251
f 1174/262/251 1173/261/251 1172/260/210
f 1175/152/251 1173/261/251 1176/246/251
f 1177/263/251 1178/18/210 1179/264/210
f 1178/18/210 1180/265/210 1179/264/210
f 1178/18/210 1177/263/251 1181/20/251
f 1181/20/251 1177/263/251 1182/256/251
f 1183/62/210 1180/265/210 1178/18/210
f 1180/265/210 1183/62/210 1184/265/210
f 1184/265/210 1183/62/210 1185/266/210
f 1183/62/210 1186/267/210 1185/266/210
f 1187/253/251 1181/20/251 1188/254/251
f 1187/253/251 1188/254/251 1189/268/251
f 1190/178/251 1189/268/251 1188/254/251
f 1191/152/251 1189/268/251 1190/178/251
f 1189/268/251 1191/152/251 1192/247/251
f 1192/247/251 1191/152/251 1193/246/251
f 1183/62/210 1194/251/210 1195/252/210
f 1186/267/210 1195/252/210 1196/269/210
f 1186/267/210 1196/269/210 1197/235/210
f 1196/269/210 1198/149/210 1197/235/210
f 1194/251/210 1183/62/210 1199/219/210
f 1200/269/210 1201/259/210 1198/149/210
f 1201/259/210 1200/269/210 1202/270/210
f 1199/219/210 1203/235/210 1204/251/210
f 1205/252/210 1199/219/210 1204/251/210
f 1194/251/210 1205/252/210 1206/235/210
f 1207/269/210 1206/235/210 1205/252/210
f 1206/235/210 1207/269/210 1208/149/210
f 1209/242/210 1208/149/210 1210/270/210
f 1208/149/210 1211/269/210 1210/270/210
f 1212/178/251 1213/247/251 1214/268/251
f 1215/178/251 1216/246/251 1213/247/251
f 1217/253/251 1212/178/251 1214/268/251
f 1217/253/251 1218/254/251 1212/178/251
f 1217/253/251 1219/250/251 1218/254/251
f 1220/249/251 1219/250/251 1221/255/251
f 1222/62/210 1223/252/210 1224/267/210
f 1225/149/210 1226/269/210 1227/269/210
f 1228/149/210 1229/269/210 1230/269/210
f 1231/249/253 1232/250/254 1233/219/254
f 1231/249/253 1233/219/254 1234/248/253
f 1233/219/254 1235/251/253 1236/252/253
f 1233/219/254 1237/235/253 1238/147/253
f 1232/250/254 1239/78/254 1233/219/254
f 1239/78/254 1232/250/254 1240/84/254
f 1241/253/253 1232/250/254 1242/254/253
f 1242/254/253 1232/250/254 1243/178/253
f 1232/250/254 1244/178/253 1243/178/253
f 1232/250/254 1245/151/253 1244/178/253
f 1246/254/253 1247/20/253 1232/250/254
f 1248/253/253 1247/20/253 1246/254/253
f 1247/20/253 1249/258/253 1250/256/253
f 1247/20/253 1251/254/253 1249/258/253
f 1252/243/253 1253/244/253 1254/245/253
f 1253/244/253 1252/243/253 1255/242/253
f 1256/151/253 1257/271/253 1254/245/253
f 1258/178/253 1257/271/253 1259/178/253
f 1260/235/253 1261/147/253 1252/243/253
f 1260/235/253 1262/272/253 1263/235/253
f 1264/261/253 1265/262/253 1266/260/253
f 1264/261/253 1266/260/253 1267/259/253
f 1265/262/253 1268/178/253 1269/271/253
f 1268/178/253 1265/262/253 1270/151/253
f 1271/18/253 1272/263/253 1273/264/253
f 1272/263/253 1271/18/253 1274/20/253
f 1272/263/253 1274/20/253 1275/273/253
f 1274/20/253 1276/256/253 1275/273/253
f 1274/20/253 1277/253/253 1278/254/253
f 1278/254/253 1277/253/253 1279/178/253
f 1280/247/253 1279/178/253 1277/253/253
f 1279/178/253 1280/247/253 1281/178/253
f 1282/271/253 1281/178/253 1280/247/253
f 1283/274/253 1284/63/253 1273/264/253
f 1284/63/253 1283/274/253 1285/62/253
f 1285/62/253 1283/274/253 1286/265/253
f 1285/62/253 1286/265/253 1287/266/253
f 1288/267/253 1285/62/253 1287/266/253
f 1289/235/253 1290/252/253 1288/267/253
f 1290/252/253 1289/235/253 1291/269/253
f 1292/251/253 1285/62/253 1290/252/253
f 1292/251/253 1293/219/254 1285/62/253
f 1293/219/254 1294/235/253 1295/235/253
f 1293/219/254 1296/251/253 1294/235/253
f 1293/219/254 1297/252/253 1296/251/253
f 1298/235/253 1297/252/253 1292/251/253
f 1297/252/253 1298/235/253 1299/269/253
f 1299/269/253 1298/235/253 1300/272/253
f 1300/272/253 1301/235/253 1302/243/253
f 1291/269/253 1303/235/253 1304/272/253
f 1304/272/253 1303/235/253 1305/147/253
f 1306/260/253 1304/272/253 1305/147/253
f 1307/178/253 1308/253/253 1309/268/253
f 1307/178/253 1309/268/253 1310/271/253
f 1311/254/253 1308/253/253 1307/178/253
f 1312/250/254 1308/253/253 1311/254/253
f 1310/271/253 1313/151/253 1314/178/253
f 1315/252/253 1316/62/253 1317/267/253
f 1318/235/253 1319/269/253 1320/235/253
f 1321/275/186 1322/276/185 1323/250/185
f 1322/276/185 1321/275/186 1324/277/183
f 1325/102/183 1323/250/183 1326/107/183
f 1323/250/185 1327/278/255 1321/275/186
f 1327/278/255 1323/250/185 1328/84/256
f 1329/113/183 1321/275/183 1330/115/183
f 1331/41/183 1330/115/183 1321/275/183
f 1331/41/183 1332/120/183 1333/121/183
f 1323/250/183 1334/103/184 1335/99/184
f 1323/250/183 1336/104/257 1334/103/184
f 1337/52/183 1338/159/257 1339/48/183
f 1338/159/257 1337/52/183 1340/161/183
f 1341/21/183 1342/163/186 1340/161/183
f 1343/20/183 1342/163/186 1341/21/183
f 1342/163/186 1343/20/183 1344/110/185
f 1344/110/185 1343/20/183 1345/107/183
f 1345/107/183 1343/20/183 1346/102/183
f 1343/20/184 1347/102/184 1348/107/184
f 1346/102/183 1349/110/183 1350/99/186
f 1351/163/185 1350/99/186 1349/110/183
f 1350/99/186 1351/163/185 1352/103/186
f 1353/161/186 1352/103/186 1351/163/185
f 1352/103/186 1353/161/186 1354/104/186
f 1355/159/255 1354/104/186 1353/161/186
f 1354/104/186 1355/159/255 1356/113/186
f 1357/155/183 1356/113/186 1355/159/255
f 1356/113/186 1357/155/183 1358/115/183
f 1357/155/183 1359/118/183 1358/115/183
f 1359/118/183 1357/155/183 1360/157/183
f 1361/121/258 1359/118/183 1360/157/183
f 1361/121/258 1362/120/183 1359/118/183
f 1361/121/258 1363/279/183 1362/120/183
f 1363/279/186 1338/159/183 1364/155/183
f 1363/279/186 1364/155/183 1365/157/183
f 1363/279/183 1366/120/183 1367/121/185
f 1368/118/257 1367/121/185 1366/120/183
f 1367/121/185 1369/41/183 1363/279/183
f 1367/121/185 1368/118/257 1370/157/183
f 1371/120/184 1369/41/183 1367/121/185
f 1370/157/183 1368/118/257 1372/155/183
f 1373/115/183 1372/155/183 1368/118/257
f 1374/113/183 1372/155/183 1373/115/183
f 1372/155/183 1374/113/183 1375/159/183
f 1375/159/183 1374/113/183 1376/161/183
f 1376/161/183 1374/113/183 1377/104/183
f 1378/103/183 1376/161/183 1377/104/183
f 1376/161/183 1378/103/183 1379/163/183
f 1379/163/183 1378/103/183 1380/110/186
f 1381/99/183 1380/110/186 1378/103/183
f 1347/102/259 1380/110/186 1381/99/183
f 1382/115/183 1369/41/186 1383/118/183
f 1383/118/183 1369/41/186 1384/120/183
f 1384/120/183 1369/41/186 1385/121/183
f 1385/121/185 1371/120/183 1386/118/185
f 1385/121/185 1386/118/185 1387/157/186
f 1388/115/183 1387/157/186 1386/118/185
f 1387/157/186 1388/115/183 1389/155/183
f 1388/115/183 1390/159/183 1389/155/183
f 1390/159/183 1388/115/183 1391/113/185
f 1391/113/185 1392/161/183 1390/159/183
f 1392/161/183 1391/113/185 1393/104/183
f 1394/103/186 1392/161/183 1393/104/183
f 1392/161/183 1394/103/186 1395/163/186
f 1396/99/185 1395/163/186 1394/103/186
f 1395/163/186 1396/99/185 1397/110/183
f 1396/99/185 1398/107/186 1397/110/183
f 1398/107/186 1396/99/185 1399/102/183
f 1400/250/183 1399/102/183 1401/107/183
f 1401/107/183 1343/20/186 1400/250/183
f 1402/102/183 1398/107/183 1400/250/183
f 1400/250/183 1403/99/183 1402/102/183
f 1404/121/183 1405/120/183 1406/279/183
f 1406/279/183 1407/157/183 1404/121/183
f 1408/120/184 1406/279/184 1409/121/184
f 1410/110/185 1411/102/183 1412/107/183
f 1411/102/183 1413/20/185 1412/107/183
f 1413/20/185 1414/107/186 1415/102/185
f 1416/110/183 1415/102/185 1414/107/186
f 1417/275/187 1418/276/260 1419/277/260
f 1418/276/260 1417/275/187 1420/250/190
f 1421/115/261 1417/275/187 1422/113/260
f 1417/275/187 1421/115/261 1423/41/187
f 1424/120/187 1423/41/187 1425/121/187
f 1426/278/189 1420/250/190 1417/275/187
f 1420/250/190 1426/278/189 1427/84/187
f 1420/250/262 1428/103/262 1429/104/263
f 1420/250/262 1430/99/187 1428/103/262
f 1420/250/189 1431/102/187 1432/107/187
f 1431/102/187 1433/110/187 1432/107/187
f 1434/161/188 1435/113/190 1436/159/190
f 1437/115/189 1436/159/190 1435/113/190
f 1435/113/190 1434/161/188 1438/104/187
f 1436/159/190 1437/115/189 1439/155/190
f 1434/161/188 1440/103/187 1438/104/187
f 1441/118/264 1439/155/190 1437/115/189
f 1440/103/187 1434/161/188 1442/163/187
f 1439/155/190 1441/118/264 1443/157/262
f 1444/110/190 1440/103/187 1442/163/187
f 1440/103/187 1444/110/190 1445/99/187
f 1444/110/190 1446/102/262 1445/99/187
f 1447/120/265 1443/157/262 1441/118/264
f 1443/157/262 1447/120/265 1448/121/265
f 1448/121/187 1449/41/190 1450/120/187
f 1449/41/190 1451/118/262 1450/120/187
f 1449/41/190 1452/115/187 1451/118/262
f 1449/41/187 1447/120/189 1453/121/187
f 1453/121/187 1454/279/187 1449/41/187
f 1455/120/187 1454/279/187 1453/121/187
f 1453/121/187 1456/118/262 1455/120/187
f 1456/118/262 1453/121/187 1457/157/264
f 1457/157/264 1458/115/190 1456/118/262
f 1458/115/190 1457/157/264 1459/155/187
f 1459/155/187 1460/113/190 1458/115/190
f 1460/113/190 1459/155/187 1461/159/190
f 1461/159/190 1462/104/190 1460/113/190
f 1462/104/190 1461/159/190 1463/161/187
f 1463/161/187 1464/103/187 1462/104/190
f 1465/163/187 1464/103/187 1463/161/187
f 1466/110/189 1464/103/187 1465/163/187
f 1464/103/187 1466/110/189 1467/99/262
f 1467/99/262 1466/110/189 1468/102/265
f 1454/279/187 1469/157/187 1470/155/266
f 1454/279/187 1470/155/266 1471/159/189
f 1472/52/187 1473/48/190 1471/159/189
f 1474/161/187 1472/52/187 1471/159/189
f 1454/279/187 1475/121/190 1476/120/190
f 1477/157/187 1476/120/190 1475/121/190
f 1476/120/190 1477/157/187 1478/118/264
f 1478/118/264 1477/157/187 1479/115/187
f 1480/155/187 1479/115/187 1477/157/187
f 1481/159/190 1479/115/187 1480/155/187
f 1479/115/187 1481/159/190 1482/113/190
f 1482/113/190 1481/159/190 1483/161/260
f 1483/161/260 1484/104/260 1482/113/190
f 1485/103/187 1484/104/260 1483/161/260
f 1486/163/187 1485/103/187 1483/161/260
f 1487/110/267 1485/103/187 1486/163/187
f 1485/103/187 1487/110/267 1488/99/262
f 1489/107/262 1488/99/262 1487/110/267
f 1488/99/262 1489/107/262 1490/102/187
f 1489/107/188 1491/280/188 1492/281/188
f 1490/102/187 1493/20/187 1494/107/187
f 1494/107/187 1493/20/187 1495/110/262
f 1490/102/187 1496/282/190 1493/20/187
f 1493/20/187 1497/163/190 1495/110/262
f 1498/21/187 1497/163/190 1493/20/187
f 1497/163/190 1498/21/187 1474/161/188
f 1496/282/190 1499/250/190 1493/20/187
f 1500/107/189 1499/250/190 1496/282/190
f 1446/102/188 1499/250/190 1500/107/189
f 1499/250/187 1501/102/187 1502/99/262
f 1499/250/187 1503/107/189 1501/102/187
f 1504/279/187 1505/120/187 1506/121/187
f 1504/279/187 1506/121/187 1507/157/187
f 1504/279/187 1508/120/187 1509/121/187
f 1510/107/190 1511/282/187 1512/102/187
f 1511/282/187 1510/107/190 1513/283/187
f 1513/283/187 1510/107/190 1514/281/187
f 1515/107/188 1511/282/187 1516/102/187
f 1515/107/188 1516/102/187 1517/110/187
f 1518/284/187 1516/102/187 1511/282/187
f 1519/285/187 1516/102/187 1518/284/187
f 1520/286/187 1516/102/187 1519/285/187
f 1521/72/1 1522/72/1 1523/72/1
f 1524/72/1 1523/72/1 1522/72/1
f 1521/72/1 1525/72/1 1522/72/1
f 1525/72/1 1521/72/1 1526/72/1
f 1527/72/1 1524/72/1 1522/72/1
f 1524/72/1 1527/72/1 1528/72/1
f 1529/72/268 1530/72/268 1531/72/269
f 1530/72/268 1529/72/268 1532/72/270
f 1533/287/175 1534/288/175 1535/289/175
f 1536/289/175 1537/279/175 1538/287/175
f 1539/288/271 1540/287/271 1541/289/271
f 1542/289/271 1543/287/271 1544/279/271
f 1545/72/272 1546/72/272 1547/72/272
f 1546/72/272 1545/72/272 1548/72/273
f 1549/290/175 1550/291/175 1551/292/175
f 1550/291/175 1549/290/175 1552/293/175
f 1553/290/175 1554/291/175 1555/293/175
f 1554/291/175 1553/290/175 1556/292/175
f 1557/142/274 1558/142/275 1559/179/276
f 1560/168/277 1561/142/275 1562/144/278
f 1561/142/275 1560/168/277 1563/179/276
f 1564/105/79 1565/113/80 1566/104/79
f 1565/113/80 1564/105/79 1567/114/80
f 1568/128/101 1569/129/99 1570/130/99
f 1570/130/99 1571/113/101 1568/128/101
f 1572/128/80 1573/130/79 1574/129/79
f 1573/130/79 1572/128/80 1575/113/80
f 1576/72/129 1577/72/129 1578/72/129
f 1577/72/129 1579/72/129 1578/72/129
f 1577/72/129 1576/72/129 1580/72/129
f 1580/72/129 1576/72/129 1581/72/129
f 1579/72/129 1577/72/129 1582/72/129
f 1579/72/129 1582/72/129 1583/72/129
f 1584/246/279 1585/294/280 1586/295/281
f 1587/271/282 1585/294/280 1584/246/279
f 1587/271/282 1588/296/283 1585/294/280
f 1584/246/279 1586/295/281 1589/270/284
f 1589/270/284 1586/295/281 1590/297/285
f 1589/270/284 1590/297/285 1591/272/286
f 1592/272/287 1593/297/286 1594/270/281
f 1595/295/281 1594/270/281 1593/297/286
f 1595/295/281 1596/246/279 1594/270/281
f 1596/246/279 1595/295/281 1597/294/280
f 1597/294/280 1598/271/283 1596/246/279
f 1598/271/283 1597/294/280 1599/296/282
f 1600/72/210 1601/72/210 1602/72/210
f 1601/72/210 1600/72/210 1603/72/210
f 1604/72/210 1605/72/210 1606/72/210
f 1604/72/210 1606/72/210 1607/72/210
f 1608/72/210 1609/72/210 1610/72/210
f 1609/72/210 1608/72/210 1611/72/210
f 1612/72/210 1613/72/210 1614/72/210
f 1613/72/210 1612/72/210 1615/72/210
f 1616/72/210 1617/72/210 1618/72/210
f 1617/72/210 1616/72/210 1619/72/210
f 1620/72/210 1621/72/210 1622/72/210
f 1621/72/210 1620/72/210 1623/72/210
f 1624/72/210 1625/72/210 1626/72/210
f 1625/72/210 1624/72/210 1627/72/210
f 1628/72/210 1629/72/210 1630/72/210
f 1629/72/210 1628/72/210 1631/72/210
f 1632/72/210 1633/72/210 1634/72/210
f 1633/72/210 1632/72/210 1635/72/210
f 1636/72/210 1637/72/210 1638/72/210
f 1637/72/210 1636/72/210 1639/72/210
f 1640/72/210 1641/72/210 1642/72/210
f 1641/72/210 1640/72/210 1643/72/210
f 1644/72/210 1645/72/210 1646/72/210
f 1647/72/210 1646/72/210 1645/72/210
f 1648/72/210 1649/72/210 1650/72/210
f 1649/72/210 1648/72/210 1651/72/210
f 1652/72/206 1653/72/206 1654/72/206
f 1655/72/206 1654/72/206 1653/72/206
f 1656/72/206 1657/72/206 1658/72/206
f 1659/72/206 1658/72/206 1657/72/206
f 1660/72/206 1661/72/288 1662/72/206
f 1663/72/206 1662/72/206 1661/72/288
f 1664/72/206 1665/72/206 1666/72/206
f 1667/72/206 1666/72/206 1665/72/206
f 1668/72/206 1669/72/206 1670/72/206
f 1671/72/206 1670/72/206 1669/72/206
f 1672/72/206 1673/72/206 1674/72/206
f 1675/72/206 1674/72/206 1673/72/206
f 1676/72/206 1677/72/206 1678/72/206
f 1679/72/206 1678/72/206 1677/72/206
f 1680/72/206 1681/72/206 1682/72/206
f 1683/72/206 1682/72/206 1681/72/206
f 1684/72/206 1685/72/206 1686/72/206
f 1687/72/206 1686/72/206 1685/72/206
f 1688/72/206 1689/72/206 1690/72/206
f 1691/72/206 1690/72/206 1689/72/206
f 1692/72/206 1693/72/206 1694/72/206
f 1695/72/206 1694/72/206 1693/72/206
f 1696/72/206 1697/72/206 1698/72/206
f 1699/72/206 1698/72/206 1697/72/206
f 1700/72/253 1701/72/253 1702/72/253
f 1700/72/253 1702/72/253 1703/72/253
f 1704/72/1 1705/72/1 1706/72/1
f 1704/72/1 1707/72/1 1705/72/1
f 1707/72/1 1704/72/1 1708/72/1
f 1709/72/1 1707/72/1 1708/72/1
f 1707/72/1 1709/72/1 1710/72/1
f 1710/72/1 1709/72/1 1711/72/1
f 1712/217/174 1713/120/289 1714/121/174
f 1714/121/174 1715/216/148 1712/217/174
f 1715/216/148 1714/121/174 1716/124/148
f 1713/120/289 1712/217/174 1717/218/289
f 1713/120/289 1717/218/289 1718/215/104
f 1718/215/104 1719/118/104 1713/120/289
f 1720/214/102 1719/118/104 1718/215/104
f 1719/118/104 1720/214/102 1721/115/103
f 1722/234/100 1721/115/103 1720/214/102
f 1721/115/103 1722/234/100 1723/113/100
f 1724/298/251 1725/299/251 1726/300/251
f 1727/301/251 1726/300/251 1725/299/251
f 1728/247/290 1729/302/291 1730/247/292
f 1731/302/293 1730/247/292 1729/302/291
f 1732/247/293 1733/302/292 1734/302/290
f 1732/247/293 1734/302/290 1735/247/291
f 1736/121/85 1737/218/84 1738/217/85
f 1739/216/86 1736/121/85 1738/217/85
f 1736/121/85 1739/216/86 1740/124/86
f 1737/218/84 1736/121/85 1741/120/294
f 1741/120/294 1742/215/295 1737/218/84
f 1742/215/295 1741/120/294 1743/118/295
f 1743/118/295 1744/214/81 1742/215/295
f 1744/214/81 1743/118/295 1745/115/296
f 1745/115/296 1746/234/78 1744/214/81
f 1746/234/78 1745/115/296 1747/113/78
f 1748/300/253 1749/301/253 1750/299/253
f 1751/300/253 1752/299/253 1753/298/253
f 1754/72/129 1755/72/129 1756/72/129
f 1755/72/129 1757/72/129 1756/72/129
f 1755/72/129 1754/72/129 1758/72/129
f 1758/72/129 1754/72/129 1759/72/129
f 1757/72/129 1755/72/129 1760/72/129
f 1757/72/129 1760/72/129 1761/72/129
f 1762/303/297 1763/269/298 1764/269/299
f 1763/269/298 1762/303/297 1765/303/300
f 1766/303/301 1767/269/297 1768/269/300
f 1766/303/301 1768/269/300 1769/303/302
f 1770/304/303 1771/191/303 1772/305/304
f 1772/305/304 1771/191/303 1773/306/305
f 1770/304/303 1774/192/306 1771/191/303
f 1770/304/303 1775/307/307 1774/192/306
f 1776/308/308 1774/192/306 1775/307/307
f 1774/192/306 1776/308/308 1777/189/309
f 1776/308/308 1778/188/310 1777/189/309
f 1779/309/310 1778/188/310 1776/308/308
f 1779/309/310 1780/187/311 1778/188/310
f 1781/310/311 1780/187/311 1779/309/310
f 1781/310/311 1782/311/3 1780/187/311
f 1782/311/3 1783/187/3 1780/187/311
f 1782/311/3 1784/187/312 1783/187/3
f 1785/310/313 1784/187/312 1782/311/3
f 1786/103/314 1787/222/314 1788/129/71
f 1788/129/71 1789/104/71 1786/103/314
f 1786/103/314 1790/224/315 1787/222/314
f 1790/224/315 1786/103/314 1791/99/315
f 1791/99/315 1792/225/316 1790/224/315
f 1792/225/316 1791/99/315 1793/312/316
f 1793/312/316 1794/313/317 1792/225/316
f 1792/225/316 1794/313/317 1795/226/317
f 1796/110/318 1795/226/317 1794/313/317
f 1795/226/317 1796/110/318 1797/223/318
f 1796/110/318 1798/221/77 1797/223/318
f 1798/221/77 1796/110/318 1799/112/77
f 1800/217/174 1801/218/289 1802/121/174
f 1802/121/174 1803/216/109 1800/217/174
f 1803/216/109 1802/121/174 1804/124/109
f 1802/121/174 1801/218/289 1805/120/289
f 1805/120/289 1801/218/289 1806/215/104
f 1806/215/104 1807/118/104 1805/120/289
f 1808/214/103 1807/118/104 1806/215/104
f 1807/118/104 1808/214/103 1809/115/103
f 1810/234/100 1809/115/103 1808/214/103
f 1809/115/103 1810/234/100 1811/113/100
f 1812/177/319 1813/178/194 1814/178/320
f 1813/178/194 1812/177/319 1815/177/193
f 1814/178/320 1816/314/321 1812/177/319
f 1816/314/321 1814/178/320 1817/254/322
f 1817/254/322 1818/315/323 1816/314/321
f 1818/315/323 1817/254/322 1819/258/323
f 1819/258/323 1820/316/324 1818/315/323
f 1820/316/324 1819/258/323 1821/257/325
f 1822/226/326 1823/110/327 1824/313/326
f 1825/312/328 1822/226/326 1824/313/326
f 1823/110/327 1822/226/326 1826/223/327
f 1823/110/327 1826/223/327 1827/221/329
f 1827/221/329 1828/112/329 1823/110/327
f 1822/226/326 1825/312/328 1829/225/330
f 1830/99/331 1829/225/330 1825/312/328
f 1829/225/330 1830/99/331 1831/224/331
f 1832/103/170 1831/224/331 1830/99/331
f 1831/224/331 1832/103/170 1833/222/170
f 1832/103/170 1834/129/94 1833/222/170
f 1834/129/94 1832/103/170 1835/104/94
f 1836/124/86 1837/317/85 1838/318/86
f 1837/317/85 1836/124/86 1839/121/85
f 1839/121/85 1840/319/332 1837/317/85
f 1840/319/332 1839/121/85 1841/120/332
f 1841/120/332 1842/118/295 1840/319/332
f 1842/118/295 1843/117/295 1840/319/332
f 1842/118/295 1844/116/296 1843/117/295
f 1844/116/296 1842/118/295 1845/115/81
f 1846/113/78 1844/116/296 1845/115/81
f 1844/116/296 1846/113/78 1847/114/78
f 1848/121/85 1849/218/84 1850/217/85
f 1851/216/86 1848/121/85 1850/217/85
f 1848/121/85 1851/216/86 1852/124/86
f 1849/218/84 1848/121/85 1853/120/84
f 1853/120/84 1854/215/295 1849/218/84
f 1854/215/295 1853/120/84 1855/118/295
f 1855/118/295 1856/214/81 1854/215/295
f 1856/214/81 1855/118/295 1857/115/296
f 1857/115/296 1858/234/78 1856/214/81
f 1858/234/78 1857/115/296 1859/113/78
f 1860/308/333 1861/192/334 1862/189/335
f 1863/188/336 1860/308/333 1862/189/335
f 1861/192/334 1860/308/333 1864/307/337
f 1860/308/333 1863/188/336 1865/309/338
f 1866/187/339 1865/309/338 1863/188/336
f 1865/309/338 1866/187/339 1867/310/340
f 1868/304/341 1861/192/334 1864/307/337
f 1861/192/334 1868/304/341 1869/191/341
f 1869/191/341 1868/304/341 1870/305/342
f 1870/305/342 1871/306/343 1869/191/341
f 1872/315/344 1873/254/345 1874/253/344
f 1874/253/344 1875/316/324 1872/315/344
f 1875/316/324 1874/253/344 1876/268/325
f 1873/254/345 1872/315/344 1877/314/321
f 1877/314/321 1878/178/320 1873/254/345
f 1878/178/320 1877/314/321 1879/177/320
f 1880/177/193 1878/178/320 1879/177/320
f 1878/178/320 1880/177/193 1881/178/194
f 1882/72/1 1883/72/1 1884/72/1
f 1883/72/1 1882/72/1 1885/72/1
f 1882/72/1 1886/72/1 1885/72/1
f 1887/72/1 1885/72/1 1886/72/1
f 1887/72/1 1888/72/1 1885/72/1
f 1888/72/1 1887/72/1 1889/72/1
f 1890/253/344 1891/254/345 1892/315/323
f 1893/316/325 1890/253/344 1892/315/323
f 1893/316/325 1894/268/324 1890/253/344
f 1892/315/323 1891/254/345 1895/314/321
f 1895/314/321 1891/254/345 1896/178/346
f 1895/314/321 1896/178/346 1897/177/347
f 1898/258/344 1899/254/321 1900/315/344
f 1901/316/325 1898/258/344 1900/315/344
f 1901/316/325 1902/257/324 1898/258/344
f 1900/315/344 1899/254/321 1903/314/321
f 1903/314/321 1899/254/321 1904/178/346
f 1903/314/321 1904/178/346 1905/177/347
f 1906/253/344 1907/254/345 1908/315/344
f 1909/316/325 1906/253/344 1908/315/344
f 1909/316/325 1910/268/324 1906/253/344
f 1908/315/344 1907/254/345 1911/314/321
f 1911/314/321 1907/254/345 1912/178/320
f 1911/314/321 1912/178/320 1913/177/320
f 1913/177/320 1912/178/320 1914/178/193
f 1913/177/320 1914/178/193 1915/177/194
f 1916/315/344 1917/254/345 1918/253/344
f 1918/253/344 1919/316/324 1916/315/344
f 1919/316/324 1918/253/344 1920/268/325
f 1917/254/345 1916/315/344 1921/314/321
f 1921/314/321 1922/178/348 1917/254/345
f 1922/178/348 1921/314/321 1923/177/348
f 1923/177/348 1924/178/194 1922/178/348
f 1924/178/194 1923/177/348 1925/177/193
f 1926/121/174 1927/218/106 1928/120/173
f 1928/120/173 1927/218/106 1929/215/104
f 1927/218/106 1926/121/174 1930/217/174
f 1926/121/174 1931/216/148 1930/217/174
f 1931/216/148 1926/121/174 1932/124/148
f 1929/215/104 1933/118/104 1928/120/173
f 1934/214/103 1933/118/104 1929/215/104
f 1933/118/104 1934/214/103 1935/115/103
f 1936/234/100 1935/115/103 1934/214/103
f 1935/115/103 1936/234/100 1937/113/100
f 1938/100/349 1939/103/314 1940/99/350
f 1941/102/351 1938/100/349 1940/99/350
f 1939/103/314 1938/100/349 1942/101/68
f 1942/101/68 1943/104/71 1939/103/314
f 1943/104/71 1942/101/68 1944/105/71
f 1938/100/349 1941/102/351 1945/320/352
f 1946/321/353 1945/320/352 1941/102/351
f 1945/320/352 1946/321/353 1947/322/353
f 1948/178/193 1949/177/194 1950/178/192
f 1951/177/191 1950/178/192 1949/177/194
f 1952/151/141 1953/150/147 1954/255/144
f 1955/153/143 1954/255/144 1953/150/147
f 1956/307/337 1957/189/354 1958/323/355
f 1959/188/356 1958/323/355 1957/189/354
f 1957/189/354 1956/307/337 1960/192/357
f 1958/323/355 1959/188/356 1961/309/356
f 1962/187/358 1961/309/356 1959/188/356
f 1961/309/356 1962/187/358 1963/310/340
f 1964/304/341 1960/192/357 1956/307/337
f 1960/192/357 1964/304/341 1965/191/359
f 1965/191/359 1964/304/341 1966/305/342
f 1966/305/342 1967/306/343 1965/191/359
f 1968/255/143 1969/153/144 1970/150/360
f 1968/255/143 1970/150/360 1971/151/141
f 1970/150/360 1972/147/361 1971/151/141
f 1972/147/361 1970/150/360 1973/148/138
f 1972/147/361 1973/148/138 1974/146/137
f 1972/147/361 1974/146/137 1975/149/140
f 1976/150/145 1977/147/138 1978/148/146
f 1977/147/138 1976/150/145 1979/151/147
f 1980/234/80 1981/115/296 1982/113/80
f 1982/113/80 1983/129/79 1980/234/80
f 1983/129/79 1982/113/80 1984/324/79
f 1981/115/296 1980/234/80 1985/214/296
f 1985/214/296 1986/118/295 1981/115/296
f 1986/118/295 1985/214/296 1987/215/295
f 1987/215/295 1988/120/362 1986/118/295
f 1988/120/362 1987/215/295 1989/218/363
f 1990/121/364 1988/120/362 1989/218/363
f 1990/121/364 1989/218/363 1991/217/364
f 1992/216/86 1990/121/364 1991/217/364
f 1990/121/364 1992/216/86 1993/124/86
f 1994/304/303 1995/191/365 1996/305/304
f 1996/305/304 1995/191/365 1997/306/366
f 1994/304/303 1998/192/367 1995/191/365
f 1994/304/303 1999/307/367 1998/192/367
f 1999/307/367 2000/189/368 1998/192/367
f 2001/323/368 2000/189/368 1999/307/367
f 2001/323/368 2002/188/310 2000/189/368
f 2003/309/310 2002/188/310 2001/323/368
f 2003/309/310 2004/187/369 2002/188/310
f 2005/310/370 2004/187/369 2003/309/310
f 2006/103/371 2007/222/372 2008/129/71
f 2008/129/71 2009/104/71 2006/103/371
f 2006/103/371 2010/224/315 2007/222/372
f 2010/224/315 2006/103/371 2011/99/315
f 2011/99/315 2012/225/316 2010/224/315
f 2012/225/316 2011/99/315 2013/312/316
f 2013/312/316 2014/313/317 2012/225/316
f 2012/225/316 2014/313/317 2015/226/317
f 2016/110/318 2015/226/317 2014/313/317
f 2015/226/317 2016/110/318 2017/223/318
f 2016/110/318 2018/221/77 2017/223/318
f 2018/221/77 2016/110/318 2019/112/77
f 2020/72/129 2021/72/129 2022/72/129
f 2020/72/129 2023/72/129 2021/72/129
f 2023/72/129 2020/72/129 2024/72/129
f 2025/72/129 2023/72/129 2024/72/129
f 2023/72/129 2025/72/129 2026/72/129
f 2026/72/129 2025/72/129 2027/72/129
f 2028/149/137 2029/146/140 2030/147/146
f 2031/148/138 2030/147/146 2029/146/140
f 2032/226/373 2033/110/327 2034/313/326
f 2033/110/327 2032/226/373 2035/223/327
f 2033/110/327 2035/223/327 2036/221/329
f 2036/221/329 2037/112/329 2033/110/327
f 2038/225/328 2032/226/373 2034/313/326
f 2034/313/326 2039/312/328 2038/225/328
f 2040/99/331 2038/225/328 2039/312/328
f 2038/225/328 2040/99/331 2041/224/331
f 2042/103/91 2041/224/331 2040/99/331
f 2041/224/331 2042/103/91 2043/222/91
f 2042/103/91 2044/129/94 2043/222/91
f 2044/129/94 2042/103/91 2045/104/94
f 2046/120/84 2047/118/82 2048/119/83
f 2048/119/83 2049/121/85 2046/120/84
f 2047/118/82 2050/117/374 2048/119/83
f 2049/121/85 2048/119/83 2051/122/375
f 2051/122/375 2052/124/86 2049/121/85
f 2052/124/86 2051/122/375 2053/123/86
f 2054/115/81 2050/117/374 2047/118/82
f 2050/117/374 2054/115/81 2055/325/376
f 2054/115/81 2056/114/78 2055/325/376
f 2056/114/78 2054/115/81 2057/113/78
f 2058/99/315 2059/225/316 2060/224/315
f 2059/225/316 2058/99/315 2061/312/316
f 2060/224/315 2062/103/68 2058/99/315
f 2061/312/316 2063/313/317 2059/225/316
f 2064/222/371 2062/103/68 2060/224/315
f 2062/103/68 2064/222/371 2065/326/71
f 2065/326/71 2066/104/71 2062/103/68
f 2059/225/316 2063/313/317 2067/226/317
f 2068/110/318 2067/226/317 2063/313/317
f 2067/226/317 2068/110/318 2069/223/318
f 2068/110/318 2070/221/77 2069/223/318
f 2070/221/77 2068/110/318 2071/112/77
f 2072/327/377 2073/328/378 2074/328/377
f 2073/328/379 2075/329/380 2076/328/380
f 2077/235/232 2078/236/233 2079/235/234
f 2080/236/235 2079/235/234 2078/236/233
f 2081/226/326 2082/110/327 2083/313/326
f 2082/110/327 2081/226/326 2084/223/327
f 2082/110/327 2084/223/327 2085/221/98
f 2085/221/98 2086/112/98 2082/110/327
f 2087/225/330 2081/226/326 2083/313/326
f 2083/313/326 2088/312/328 2087/225/330
f 2089/99/331 2087/225/330 2088/312/328
f 2087/225/330 2089/99/331 2090/224/331
f 2090/224/331 2089/99/331 2091/103/170
f 2090/224/331 2091/103/170 2092/222/93
f 2091/103/170 2093/326/94 2092/222/93
f 2093/326/94 2091/103/170 2094/104/94
f 2095/303/381 2096/252/382 2097/330/383
f 2098/251/384 2097/330/383 2096/252/382
f 2096/252/382 2095/303/381 2099/269/381
f 2099/269/381 2095/303/381 2100/269/297
f 2101/303/299 2100/269/297 2095/303/381
f 2102/331/385 2097/330/383 2098/251/384
f 2103/235/386 2102/331/385 2098/251/384
f 2103/235/386 2104/236/386 2102/331/385
f 2105/235/235 2104/236/386 2103/235/386
f 2105/235/235 2106/236/234 2104/236/386
f 2107/331/387 2108/235/388 2109/236/388
f 2110/235/235 2109/236/388 2108/235/388
f 2110/235/235 2111/236/234 2109/236/388
f 2108/235/388 2107/331/387 2112/267/385
f 2107/331/387 2113/330/382 2112/267/385
f 2112/267/385 2113/330/382 2114/266/382
f 2114/266/382 2113/330/382 2115/303/381
f 2114/266/382 2115/303/381 2116/265/389
f 2116/265/389 2115/303/381 2117/303/299
f 2116/265/389 2117/303/299 2118/265/297
f 2119/269/390 2120/303/391 2121/252/382
f 2122/330/383 2121/252/382 2120/303/391
f 2123/251/385 2121/252/382 2122/330/383
f 2122/330/383 2124/331/385 2123/251/385
f 2123/251/385 2124/331/385 2125/235/392
f 2126/236/393 2125/235/392 2124/331/385
f 2127/269/390 2128/303/391 2129/252/382
f 2130/330/382 2129/252/382 2128/303/391
f 2131/251/385 2129/252/382 2130/330/382
f 2130/330/382 2132/331/385 2131/251/385
f 2131/251/385 2132/331/385 2133/235/392
f 2134/236/393 2133/235/392 2132/331/385
f 2135/265/390 2136/303/391 2137/266/382
f 2138/330/382 2137/266/382 2136/303/391
f 2139/267/385 2137/266/382 2138/330/382
f 2138/330/382 2140/331/384 2139/267/385
f 2139/267/385 2140/331/384 2141/235/392
f 2142/236/393 2141/235/392 2140/331/384
f 2143/329/394 2144/328/395 2145/328/394
f 2146/332/77 2147/281/77 2148/333/396
f 2147/281/77 2149/334/397 2148/333/396
f 2150/335/318 2147/281/77 2146/332/77
f 2147/281/77 2150/335/318 2151/283/318
f 2152/336/318 2153/282/256 2151/283/398
f 2153/282/256 2152/336/318 2154/337/256
f 2155/338/399 2153/282/256 2154/337/256
f 2153/282/256 2155/338/399 2156/284/399
f 2157/339/371 2156/284/315 2158/340/400
f 2156/284/315 2157/339/371 2159/285/371
f 2160/341/401 2159/285/371 2157/339/371
f 2159/285/371 2160/341/401 2161/286/402
f 2162/110/318 2163/223/318 2164/313/403
f 2165/112/77 2163/223/318 2162/110/318
f 2163/223/318 2165/112/77 2166/221/77
f 2164/313/403 2163/223/318 2167/226/404
f 2168/225/316 2164/313/403 2167/226/404
f 2164/313/403 2168/225/316 2169/312/316
f 2168/225/316 2170/99/315 2169/312/316
f 2170/99/315 2168/225/316 2171/224/315
f 2171/224/315 2172/103/314 2170/99/315
f 2172/103/314 2171/224/315 2173/222/314
f 2172/103/314 2173/222/314 2174/238/71
f 2174/238/71 2175/104/71 2172/103/314
f 2176/107/405 2177/109/406 2178/108/407
f 2179/106/408 2176/107/405 2178/108/407
f 2177/109/406 2176/107/405 2180/110/409
f 2180/110/409 2181/111/77 2177/109/406
f 2181/111/77 2180/110/409 2182/112/77
f 2176/107/405 2179/106/408 2183/102/69
f 2184/100/349 2183/102/69 2179/106/408
f 2183/102/69 2184/100/349 2185/99/410
f 2184/100/349 2186/103/314 2185/99/410
f 2186/103/314 2184/100/349 2187/342/314
f 2186/103/314 2187/342/314 2188/105/71
f 2188/105/71 2189/104/71 2186/103/314
f 2190/327/377 2191/327/411 2192/328/378
f 2193/329/412 2192/328/378 2191/327/411
f 2193/329/412 2191/327/411 2194/329/412
f 2195/252/382 2196/330/383 2197/303/390
f 2195/252/382 2197/303/390 2198/269/391
f 2199/251/385 2196/330/383 2195/252/382
f 2200/331/385 2196/330/383 2199/251/385
f 2201/235/386 2200/331/385 2199/251/385
f 2200/331/385 2201/235/386 2202/236/386
f 2203/235/235 2202/236/386 2201/235/386
f 2202/236/386 2203/235/235 2204/236/234
f 2205/113/101 2206/129/413 2207/343/414
f 2208/115/103 2209/234/100 2205/113/415
f 2209/234/100 2208/115/103 2210/214/416
f 2208/115/103 2211/215/417 2210/214/416
f 2211/215/417 2208/115/103 2212/118/104
f 2211/215/417 2212/118/104 2213/120/173
f 2213/120/173 2214/218/173 2211/215/417
f 2215/121/418 2214/218/173 2213/120/173
f 2214/218/173 2215/121/418 2216/217/419
f 2215/121/418 2217/216/109 2216/217/419
f 2217/216/109 2215/121/418 2218/124/109
f 2219/110/327 2220/313/326 2221/223/327
f 2221/223/327 2222/112/98 2219/110/327
f 2222/112/98 2221/223/327 2223/221/98
f 2220/313/326 2224/226/373 2221/223/327
f 2220/313/326 2225/225/328 2224/226/373
f 2220/313/326 2226/312/328 2225/225/328
f 2227/99/331 2225/225/328 2226/312/328
f 2225/225/328 2227/99/331 2228/224/331
f 2229/103/93 2228/224/331 2227/99/331
f 2228/224/331 2229/103/93 2230/222/93
f 2229/103/93 2231/238/94 2230/222/93
f 2231/238/94 2229/103/93 2232/104/94
f 2233/328/420 2234/329/421 2235/327/422
f 2234/329/421 2236/329/423 2235/327/422
f 2235/327/422 2237/327/424 2233/328/420
f 2238/328/424 2233/328/420 2237/327/424
f 2239/160/152 2240/158/151 2241/159/151
f 2242/156/150 2241/159/151 2240/158/151
f 2239/160/152 2241/159/151 2243/161/152
f 2243/161/152 2244/162/153 2239/160/152
f 2244/162/153 2243/161/152 2245/163/153
f 2241/159/151 2242/156/150 2246/155/176
f 2242/156/150 2247/157/148 2246/155/176
f 2248/154/148 2247/157/148 2242/156/150
f 2249/220/152 2250/167/151 2251/344/151
f 2249/220/152 2251/344/151 2252/161/152
f 2252/161/425 2253/164/153 2254/165/425
f 2253/164/153 2252/161/425 2255/163/153
f 2256/159/177 2250/167/177 2257/170/176
f 2257/170/176 2258/155/176 2256/159/177
f 2258/155/176 2257/170/176 2259/171/148
f 2259/171/148 2260/157/148 2258/155/176
f 2261/159/155 2262/156/426 2263/158/155
f 2264/160/154 2261/159/155 2263/158/155
f 2262/156/426 2261/159/155 2265/155/426
f 2262/156/426 2265/155/426 2266/157/158
f 2262/156/426 2266/157/158 2267/154/158
f 2268/161/154 2261/159/155 2264/160/154
f 2269/162/156 2268/161/154 2264/160/154
f 2268/161/154 2269/162/156 2270/163/156
f 2271/159/178 2272/170/426 2273/167/178
f 2272/170/426 2271/159/178 2274/155/427
f 2274/155/427 2275/171/158 2272/170/426
f 2275/171/158 2274/155/427 2276/157/158
f 2277/220/154 2278/344/155 2273/167/155
f 2279/161/154 2278/344/155 2277/220/154
f 2280/164/156 2279/161/428 2281/165/429
f 2279/161/428 2280/164/156 2282/163/156
f 2283/239/430 2284/241/431 2285/239/432
f 2286/241/433 2285/239/432 2284/241/431
f 2287/241/434 2288/239/435 2289/241/436
f 2290/239/274 2291/241/437 2292/239/438
f 2293/99/66 2294/100/67 2295/101/314
f 2296/102/69 2294/100/67 2293/99/66
f 2295/101/314 2297/103/314 2293/99/66
f 2295/101/314 2298/104/71 2297/103/314
f 2298/104/71 2295/101/314 2299/105/71
f 2294/100/67 2296/102/69 2300/106/72
f 2301/107/73 2300/106/72 2296/102/69
f 2300/106/72 2301/107/73 2302/108/407
f 2301/107/73 2303/109/75 2302/108/407
f 2303/109/75 2301/107/73 2304/110/76
f 2304/110/76 2305/111/77 2303/109/75
f 2305/111/77 2304/110/76 2306/112/77
f 2307/113/80 2299/105/79 2308/114/80
f 2308/114/80 2309/115/376 2307/113/80
f 2309/115/376 2308/114/80 2310/116/376
f 2311/117/295 2309/115/376 2310/116/376
f 2309/115/376 2311/117/295 2312/118/295
f 2312/118/295 2311/117/295 2313/119/294
f 2314/120/84 2312/118/295 2313/119/294
f 2313/119/294 2315/121/85 2314/120/84
f 2315/121/85 2313/119/294 2316/122/85
f 2316/122/85 2317/124/86 2315/121/85
f 2317/124/86 2316/122/85 2318/123/86
f 2319/102/87 2320/99/88 2321/100/89
f 2319/102/87 2321/100/89 2322/106/90
f 2320/99/88 2323/101/91 2321/100/89
f 2324/107/92 2319/102/87 2322/106/90
f 2323/101/91 2320/99/88 2325/103/93
f 2326/104/94 2323/101/91 2325/103/93
f 2323/101/91 2326/104/94 2327/105/94
f 2324/107/92 2322/106/90 2328/108/95
f 2329/109/96 2324/107/92 2328/108/95
f 2324/107/92 2329/109/96 2330/110/97
f 2331/111/98 2330/110/97 2329/109/96
f 2330/110/97 2331/111/98 2332/112/98
f 2327/105/99 2333/113/100 2334/114/101
f 2335/115/102 2334/114/101 2333/113/100
f 2334/114/101 2335/115/102 2336/116/171
f 2336/116/171 2335/115/102 2337/117/104
f 2335/115/102 2338/118/105 2337/117/104
f 2338/118/105 2339/119/107 2337/117/104
f 2340/120/107 2339/119/107 2338/118/105
f 2341/121/439 2339/119/107 2340/120/107
f 2339/119/107 2341/121/439 2342/122/108
f 2343/124/109 2342/122/108 2341/121/439
f 2342/122/108 2343/124/109 2344/123/109
f 2345/234/440 2346/115/441 2347/113/80
f 2347/113/80 2348/129/442 2345/234/440
f 2348/129/442 2347/113/80 2349/343/79
f 2346/115/441 2345/234/440 2350/214/296
f 2346/115/441 2350/214/296 2351/215/443
f 2351/215/443 2352/118/295 2346/115/441
f 2351/215/443 2353/120/362 2352/118/295
f 2353/120/362 2351/215/443 2354/218/362
f 2355/121/444 2353/120/362 2354/218/362
f 2355/121/444 2354/218/362 2356/217/445
f 2357/216/86 2355/121/444 2356/217/445
f 2355/121/444 2357/216/86 2358/124/86
f 2359/107/446 2360/345/75 2361/346/447
f 2362/280/353 2359/107/446 2361/346/447
f 2362/280/353 2361/346/447 2363/347/353
f 2360/345/75 2359/107/446 2364/110/409
f 2364/110/409 2365/348/77 2360/345/75
f 2365/348/77 2364/110/409 2366/112/77
f 2367/72/224 2368/55/224 2369/34/228
f 2370/72/224 2368/55/224 2367/72/224
f 2371/72/224 2368/55/224 2372/72/224
f 2369/34/224 2373/72/224 2374/72/224
f 2369/34/224 2375/72/224 2376/72/224
f 2377/72/224 2369/34/225 2378/72/224
f 2369/34/225 2377/72/224 2379/72/224
f 2380/72/224 2369/34/225 2379/72/224
f 2369/34/225 2380/72/224 2381/72/228
f 2369/34/225 2381/72/228 2382/72/224
f 2369/34/225 2382/72/224 2383/72/224
f 2369/34/225 2383/72/224 2384/72/224
f 2385/72/224 2369/34/225 2384/72/224
f 2369/34/225 2385/72/224 2386/72/224
f 2387/72/224 2388/55/448 2389/72/224
f 2388/55/448 2390/72/224 2389/72/224
f 2388/55/448 2387/72/224 2391/72/224
f 2390/72/224 2388/55/448 2392/72/226
f 2388/55/448 2391/72/224 2393/72/224
f 2388/55/448 2393/72/224 2394/127/228
f 2392/72/226 2388/55/448 2395/72/224
f 2395/72/224 2388/55/448 2396/72/224
f 2396/72/224 2388/55/448 2397/72/228
f 2398/72/228 2388/55/228 2399/72/228
f 2400/34/224 2401/72/224 2402/72/224
f 2400/34/224 2403/72/224 2404/72/224
f 2400/34/224 2405/72/224 2406/72/224
f 2407/72/1 2408/72/1 2409/72/1
f 2410/72/1 2409/72/1 2408/72/1
f 2407/72/1 2411/72/1 2408/72/1
f 2411/72/1 2407/72/1 2412/72/1
f 2413/72/1 2410/72/1 2408/72/1
f 2410/72/1 2413/72/1 2414/72/1
f 2415/310/449 2416/187/129 2417/310/129
f 2416/187/129 2415/310/449 2418/187/312
f 2419/310/369 2420/187/129 2421/187/370
f 2420/187/129 2419/310/369 2422/310/129
f 2423/72/450 2424/301/240 2425/55/450
f 2425/55/450 2426/72/450 2423/72/450
f 2427/72/451 2424/301/451 2428/72/451
f 2425/55/450 2429/72/240 2426/72/450
f 2425/55/450 2430/72/450 2429/72/240
f 2425/55/450 2431/72/450 2430/72/450
f 2425/55/450 2432/72/450 2431/72/450
f 2433/72/450 2424/301/450 2434/72/450
f 2425/55/450 2435/72/451 2432/72/450
f 2436/72/450 2424/301/450 2437/72/450
f 2424/301/450 2438/72/450 2439/72/450
f 2425/55/450 2440/72/450 2435/72/451
f 2440/72/450 2425/55/450 2441/72/452
f 2441/72/452 2425/55/450 2442/72/240
f 2442/72/240 2425/55/450 2443/72/450
f 2443/72/450 2425/55/450 2444/72/450
f 2445/301/450 2446/72/450 2447/72/450
f 2445/301/450 2448/72/450 2449/72/450
f 2450/72/450 2451/36/450 2445/301/450
f 2452/72/451 2445/301/451 2453/72/451
f 2454/72/450 2445/301/450 2455/72/451
f 2455/72/451 2445/301/450 2456/72/450
f 2456/72/450 2445/301/450 2457/72/451
f 2457/72/451 2445/301/450 2458/72/450
f 2458/72/450 2445/301/450 2459/72/452
f 2459/72/452 2445/301/450 2460/72/240
f 2461/55/451 2462/72/451 2463/72/451
f 2464/72/129 2465/72/129 2466/72/129
f 2465/72/129 2467/72/129 2466/72/129
f 2465/72/129 2464/72/129 2468/72/129
f 2468/72/129 2464/72/129 2469/72/129
f 2467/72/129 2465/72/129 2470/72/129
f 2467/72/129 2470/72/129 2471/72/129
f 2472/349/453 2473/350/210 2474/351/210
f 2473/350/210 2472/349/453 2475/352/453
f 2473/350/210 2476/353/454 2474/351/210
f 2477/354/210 2474/351/210 2476/353/454
f 2476/353/454 2478/355/210 2477/354/210
f 2478/355/210 2476/353/454 2479/45/454
f 2478/355/210 2479/45/454 2480/44/210
f 2481/356/455 2482/228/456 2483/357/456
f 2484/356/457 2485/228/458 2486/358/459
f 2485/228/458 2484/356/457 2487/357/458
f 2488/228/456 2489/356/455 2490/358/460
f 2491/349/461 2492/350/206 2493/352/461
f 2494/351/206 2492/350/206 2491/349/461
f 2495/353/462 2492/350/206 2494/351/206
f 2494/351/206 2496/354/206 2495/353/462
f 2497/355/206 2495/353/462 2496/354/206
f 2495/353/462 2497/355/206 2498/45/463
f 2498/45/463 2497/355/206 2499/44/206
f 2500/359/464 2501/360/465 2502/360/465
f 2501/360/465 2500/359/464 2503/359/466
f 2504/360/465 2505/361/467 2506/328/468
f 2506/328/468 2505/361/467 2507/328/469
f 2505/361/467 2504/360/465 2508/360/470
f 2509/360/471 2510/328/472 2511/361/473
f 2511/361/473 2510/328/472 2512/328/473
f 2509/360/471 2511/361/473 2513/360/474
f 2513/360/474 2514/359/475 2509/360/471
f 2514/359/475 2513/360/474 2515/359/476
f 2516/362/477 2517/328/477 2518/328/477
f 2519/363/224 2520/363/224 2521/360/224
f 2522/362/226 2523/325/226 2519/363/226
f 2522/362/224 2524/119/224 2525/122/224
f 2526/122/224 2522/362/448 2527/362/224
f 2527/362/224 2528/319/224 2526/122/224
f 2529/119/228 2530/317/228 2527/362/228
f 2527/362/478 2531/154/478 2532/122/478
f 2533/360/224 2534/364/224 2535/363/224
f 2536/342/224 2534/364/224 2537/105/224
f 2535/363/228 2538/325/228 2539/114/228
f 2540/359/228 2536/342/224 2541/100/224
f 2540/359/228 2541/100/224 2542/106/224
f 2542/106/224 2543/108/228 2540/359/228
f 2540/359/224 2544/106/224 2545/108/224
f 2543/108/448 2546/100/448 2544/106/448
f 2538/325/227 2547/362/226 2548/117/224
f 2548/117/224 2547/362/226 2549/119/224
f 2547/362/226 2550/122/228 2549/119/224
f 2551/109/224 2552/101/228 2546/100/224
f 2552/101/228 2551/109/224 2553/162/224
f 2552/101/228 2553/162/224 2554/160/228
f 2552/101/228 2554/160/228 2555/105/226
f 2555/105/226 2554/160/228 2556/158/224
f 2556/158/224 2557/114/224 2555/105/226
f 2556/158/224 2558/116/224 2557/114/224
f 2558/116/224 2556/158/224 2559/156/224
f 2558/116/224 2559/156/224 2560/154/227
f 2558/116/224 2560/154/227 2561/117/227
f 2560/154/227 2562/119/227 2561/117/227
f 2562/119/227 2560/154/227 2550/122/224
f 2562/119/226 2547/362/226 2563/122/226
f 2564/117/226 2563/122/479 2565/319/224
f 2563/122/479 2564/117/226 2566/154/480
f 2567/116/226 2566/154/480 2564/117/226
f 2566/154/480 2567/116/226 2568/156/226
f 2569/114/224 2568/156/226 2567/116/226
f 2568/156/226 2569/114/224 2570/158/226
f 2571/105/224 2570/158/226 2569/114/224
f 2570/158/226 2571/105/224 2572/160/224
f 2571/105/224 2573/162/226 2572/160/224
f 2573/162/226 2571/105/224 2574/101/226
f 2574/101/226 2575/109/226 2573/162/226
f 2575/109/226 2574/101/226 2576/100/226
f 2577/320/224 2575/109/226 2576/100/226
f 2577/320/228 2578/341/228 2579/339/224
f 2579/339/224 2580/338/481 2577/320/228
f 2581/337/481 2577/320/228 2580/338/481
f 2582/346/226 2581/337/224 2583/335/224
f 2584/332/228 2582/346/226 2583/335/224
f 2585/347/224 2582/346/226 2584/332/228
f 2582/346/226 2586/100/226 2587/106/226
f 2588/365/226 2586/100/224 2589/345/228
f 2586/100/224 2588/365/226 2590/101/226
f 2591/366/230 2590/101/226 2588/365/226
f 2590/101/226 2591/366/230 2592/105/230
f 2592/105/230 2591/366/230 2593/114/226
f 2593/114/226 2591/366/230 2594/367/482
f 2594/367/482 2595/116/224 2593/114/226
f 2596/368/224 2595/116/224 2594/367/482
f 2597/369/224 2595/116/224 2596/368/224
f 2595/116/224 2597/369/224 2598/117/228
f 2598/117/228 2597/369/224 2599/119/228
f 2600/317/224 2599/119/228 2597/369/224
f 2601/122/225 2599/119/225 2602/362/225
f 2565/319/224 2602/362/224 2600/317/224
f 2603/154/224 2602/362/226 2604/156/227
f 2602/362/226 2605/158/227 2604/156/227
f 2606/49/224 2607/160/224 2605/158/483
f 2607/160/224 2606/49/224 2608/51/224
f 2609/22/224 2610/162/228 2607/160/224
f 2611/17/224 2610/162/228 2609/22/224
f 2610/162/228 2611/17/224 2612/109/224
f 2612/109/224 2611/17/224 2613/108/224
f 2611/17/224 2587/106/224 2613/108/224
f 2614/320/228 2615/337/224 2616/108/226
f 2614/320/228 2616/108/226 2617/109/228
f 2618/359/224 2616/108/226 2615/337/224
f 2618/359/224 2615/337/224 2619/17/228
f 2619/17/228 2615/337/224 2620/106/228
f 2615/337/224 2621/346/224 2620/106/228
f 2622/100/224 2621/346/224 2623/345/224
f 2624/364/224 2625/342/224 2618/359/224
f 2626/106/225 2618/359/225 2627/108/225
f 2628/100/224 2627/108/224 2629/109/224
f 2630/362/484 2631/328/485 2632/362/486
f 2631/328/485 2630/362/484 2633/328/487
f 2634/363/450 2635/363/451 2636/360/240
f 2636/360/240 2635/363/451 2637/364/240
f 2637/364/240 2638/342/451 2636/360/240
f 2639/359/450 2638/342/451 2637/364/240
f 2635/363/451 2640/325/451 2641/362/451
f 2642/119/451 2641/362/451 2643/122/451
f 2639/359/451 2644/106/450 2645/108/450
f 2645/108/450 2644/106/450 2646/109/450
f 2647/108/240 2639/359/450 2648/17/450
f 2648/17/450 2649/106/450 2647/108/240
f 2649/106/450 2650/109/450 2647/108/240
f 2651/51/450 2652/111/450 2648/17/450
f 2653/106/450 2654/108/450 2648/17/451
f 2654/108/450 2653/106/450 2655/109/450
f 2656/114/450 2657/158/450 2658/105/451
f 2659/116/450 2657/158/450 2656/114/450
f 2658/105/451 2657/158/450 2660/160/450
f 2657/158/450 2659/116/450 2661/156/450
f 2660/160/450 2662/101/240 2658/105/451
f 2661/156/450 2659/116/450 2663/154/240
f 2662/101/240 2660/160/450 2664/111/240
f 2665/117/240 2663/154/240 2659/116/450
f 2664/111/240 2666/100/240 2662/101/240
f 2667/109/450 2666/100/240 2664/111/240
f 2666/100/240 2667/109/450 2668/106/450
f 2669/119/451 2663/154/240 2665/117/240
f 2663/154/240 2669/119/451 2670/122/450
f 2668/106/451 2671/359/451 2672/108/451
f 2673/342/450 2671/359/240 2674/100/450
f 2674/100/450 2671/359/240 2675/106/450
f 2671/359/240 2676/108/451 2675/106/450
f 2677/119/450 2670/122/451 2678/362/240
f 2678/362/240 2679/117/450 2677/119/450
f 2679/117/450 2678/362/240 2680/325/450
f 2680/325/450 2681/363/450 2682/114/450
f 2678/362/450 2669/119/450 2683/122/450
f 2683/122/450 2684/362/450 2678/362/450
f 2685/119/451 2686/122/451 2684/362/451
f 2684/362/451 2687/154/452 2688/156/450
f 2689/158/450 2684/362/451 2688/156/450
f 2684/362/450 2690/119/450 2691/122/450
f 2691/122/488 2692/117/451 2685/119/450
f 2690/119/450 2683/122/452 2693/117/450
f 2692/117/451 2691/122/488 2694/154/489
f 2695/154/450 2693/117/450 2683/122/452
f 2694/154/489 2696/116/240 2692/117/451
f 2697/156/240 2693/117/450 2695/154/450
f 2696/116/240 2694/154/489 2698/156/240
f 2693/117/450 2697/156/240 2699/116/450
f 2698/156/240 2700/114/240 2696/116/240
f 2697/156/240 2701/114/450 2699/116/450
f 2700/114/240 2698/156/240 2702/158/240
f 2701/114/450 2697/156/240 2703/158/450
f 2702/158/240 2704/105/240 2700/114/240
f 2705/160/240 2701/114/450 2703/158/450
f 2704/105/240 2702/158/240 2706/160/236
f 2701/114/450 2705/160/240 2707/105/451
f 2706/160/236 2708/101/240 2704/105/240
f 2709/111/240 2707/105/451 2705/160/240
f 2708/101/240 2706/160/236 2710/111/240
f 2707/105/451 2709/111/240 2711/101/240
f 2710/111/240 2712/100/240 2708/101/240
f 2713/109/450 2712/100/240 2710/111/240
f 2712/100/240 2713/109/450 2714/106/450
f 2715/109/451 2711/101/240 2709/111/240
f 2711/101/240 2715/109/451 2716/100/450
f 2715/109/451 2717/106/490 2716/100/450
f 2717/106/450 2718/17/450 2719/108/450
f 2714/106/450 2718/17/240 2720/108/450
f 2718/17/240 2721/109/450 2720/108/450
f 2718/17/240 2722/111/450 2721/109/450
f 2722/111/450 2723/51/450 2724/160/240
f 2725/49/450 2724/160/240 2723/51/450
f 2724/160/240 2725/49/450 2689/158/451
f 2726/122/450 2727/119/450 2728/362/450
f 2729/119/450 2728/362/450 2730/122/450
f 2728/362/450 2731/122/450 2732/154/450
f 2733/328/491 2734/362/491 2735/362/491
f 2736/359/492 2737/359/493 2738/370/494
f 2737/359/493 2739/371/494 2738/370/494
f 2740/372/495 2738/370/494 2739/371/494
f 2738/370/494 2740/372/495 2741/373/496
f 2741/373/496 2740/372/495 2742/374/497
f 2741/373/496 2742/374/497 2743/375/498
f 2740/372/495 2744/376/498 2742/374/497
f 2744/376/498 2740/372/495 2745/377/499
f 2745/377/499 2746/377/497 2744/376/498
f 2747/377/500 2748/373/501 2749/377/500
f 2750/359/502 2751/370/503 2752/359/502
f 2753/359/502 2754/370/504 2755/371/503
f 2754/370/504 2756/372/505 2755/371/503
f 2756/372/505 2754/370/504 2757/373/501
f 2757/373/501 2758/377/500 2756/372/505
f 2759/378/251 2760/379/210 2761/380/251
f 2760/379/210 2759/378/251 2762/381/210
f 2763/294/251 2764/296/251 2759/378/251
f 2765/303/210 2766/295/210 2762/381/210
f 2767/146/210 2765/303/210 2762/381/210
f 2768/236/210 2769/303/210 2767/146/210
f 2769/303/210 2768/236/210 2770/330/210
f 2771/331/210 2770/330/210 2768/236/210
f 2764/296/251 2772/177/251 2773/153/251
f 2774/316/251 2772/177/251 2764/296/251
f 2775/315/251 2772/177/251 2774/316/251
f 2772/177/251 2775/315/251 2776/314/251
f 2775/315/251 2777/359/251 2776/314/251
f 2776/314/251 2777/359/251 2778/17/251
f 2779/153/251 2777/359/251 2780/177/251
f 2781/382/251 2777/359/251 2779/153/251
f 2777/359/251 2781/382/251 2782/371/251
f 2782/371/251 2781/382/251 2783/383/210
f 2782/371/251 2783/383/210 2784/384/210
f 2783/383/210 2785/377/252 2784/384/210
f 2785/377/252 2783/383/210 2786/146/210
f 2785/377/252 2786/146/210 2787/236/210
f 2788/331/210 2785/377/252 2787/236/210
f 2770/330/210 2785/377/252 2788/331/210
f 2771/331/210 2789/72/210 2785/377/210
f 2789/72/210 2790/303/210 2791/303/210
f 2789/72/210 2792/330/210 2793/331/210
f 2793/331/210 2792/330/210 2794/236/210
f 2794/236/210 2792/330/210 2795/303/210
f 2795/303/210 2796/146/210 2794/236/210
f 2796/146/210 2795/303/210 2797/303/210
f 2797/303/210 2798/385/210 2796/146/210
f 2798/385/210 2797/303/210 2799/295/210
f 2800/386/251 2801/387/251 2798/385/210
f 2800/386/251 2798/385/210 2802/388/210
f 2803/303/210 2804/146/210 2805/303/210
f 2806/72/210 2807/331/210 2808/330/210
f 2806/72/210 2808/330/210 2809/303/210
f 2810/330/210 2806/72/210 2811/331/210
f 2811/331/210 2812/377/210 2813/330/210
f 2806/72/210 2814/303/210 2815/295/210
f 2816/17/251 2806/72/210 2815/295/210
f 2816/17/251 2817/315/251 2818/314/251
f 2817/315/251 2819/314/251 2820/316/251
f 2821/315/251 2819/314/251 2816/17/251
f 2816/17/251 2822/316/251 2821/315/251
f 2816/17/251 2823/302/251 2822/316/251
f 2824/294/251 2778/17/251 2825/295/210
f 2778/17/251 2824/294/251 2826/302/251
f 2827/315/251 2778/17/251 2828/314/251
f 2829/316/251 2828/314/251 2830/177/251
f 2829/316/251 2830/177/251 2831/153/251
f 2829/316/251 2831/153/251 2832/302/251
f 2831/153/251 2833/294/251 2832/302/251
f 2834/294/251 2835/153/251 2836/387/251
f 2837/177/251 2838/359/251 2839/314/251
f 2838/359/251 2840/315/251 2839/314/251
f 2841/378/251 2842/296/251 2843/153/251
f 2844/371/206 2845/383/253 2846/382/206
f 2845/383/253 2844/371/206 2847/384/253
f 2848/148/253 2847/384/253 2849/377/253
f 2849/377/253 2850/236/253 2848/148/253
f 2849/377/253 2851/331/253 2852/236/253
f 2849/377/253 2853/330/253 2851/331/253
f 2854/150/206 2855/359/206 2844/371/206
f 2855/359/206 2854/150/206 2856/177/206
f 2855/359/206 2856/177/206 2857/177/206
f 2858/236/253 2853/330/253 2859/331/253
f 2853/330/253 2858/236/253 2860/303/253
f 2860/303/253 2858/236/253 2861/297/253
f 2862/236/253 2861/297/253 2858/236/253
f 2863/148/253 2861/297/253 2862/236/253
f 2861/297/253 2863/148/253 2864/379/253
f 2865/378/206 2864/379/253 2866/381/253
f 2864/379/253 2865/378/206 2867/380/206
f 2868/61/253 2869/330/253 2859/331/253
f 2870/331/253 2871/303/253 2869/330/253
f 2872/236/253 2871/303/253 2870/331/253
f 2868/61/253 2873/330/253 2870/331/253
f 2873/330/253 2868/61/253 2874/303/253
f 2868/61/253 2875/297/253 2874/303/253
f 2868/61/253 2876/295/253 2875/297/253
f 2871/303/253 2877/236/253 2878/297/253
f 2877/236/253 2879/388/253 2878/297/253
f 2879/388/253 2877/236/253 2880/148/253
f 2881/385/253 2882/386/206 2879/388/253
f 2882/386/206 2881/385/253 2883/387/206
f 2884/19/253 2885/17/206 2876/295/253
f 2876/295/253 2885/17/206 2886/294/206
f 2886/294/206 2885/17/206 2887/296/206
f 2885/17/206 2888/302/206 2887/296/206
f 2889/314/206 2885/17/206 2855/359/206
f 2855/359/206 2890/315/206 2889/314/206
f 2889/314/206 2890/315/206 2891/177/206
f 2891/177/206 2890/315/206 2892/302/206
f 2891/177/206 2893/302/206 2894/177/206
f 2893/302/206 2895/150/206 2894/177/206
f 2885/17/206 2896/315/206 2897/314/206
f 2897/314/206 2896/315/206 2898/177/206
f 2899/302/206 2898/177/206 2896/315/206
f 2898/177/206 2899/302/206 2900/177/206
f 2901/296/206 2900/177/206 2899/302/206
f 2900/177/206 2901/296/206 2902/150/206
f 2903/150/206 2904/302/206 2905/380/206
f 2904/302/206 2906/177/206 2907/302/206
f 2908/150/206 2909/296/206 2910/386/206
f 2911/17/206 2912/314/206 2913/315/206
f 2911/17/206 2913/315/206 2914/302/206
f 2915/315/206 2911/17/206 2916/314/206
f 2917/314/206 2918/359/206 2919/177/206
f 2920/315/206 2918/359/206 2917/314/206
f 2921/331/253 2922/377/253 2923/61/253
f 2922/377/253 2921/331/253 2924/330/253
f 2925/330/253 2923/61/253 2926/331/253
f 2922/377/253 2927/236/253 2928/236/253
f 2929/236/253 2930/303/253 2931/236/253
f 2932/377/506 2933/377/506 2934/389/506
f 2934/389/506 2933/377/506 2935/390/507
f 2934/389/506 2935/390/507 2936/391/508
f 2935/390/507 2937/392/507 2936/391/508
f 2938/393/509 2936/391/508 2937/392/507
f 2939/377/510 2940/377/510 2941/392/511
f 2942/392/511 2943/390/511 2944/377/510
f 2945/394/512 2946/395/8 2947/193/8
f 2945/394/513 2948/193/514 2949/186/515
f 2949/186/515 2950/396/516 2945/394/513
f 2950/396/516 2949/186/515 2951/190/517
f 2951/190/517 2952/397/518 2950/396/516
f 2953/72/186 2954/72/183 2955/72/183
f 2953/72/186 2955/72/183 2956/72/519
f 2957/72/186 2953/72/186 2956/72/519
f 2957/72/186 2956/72/519 2958/72/519
f 2953/72/186 2957/72/186 2959/72/185
f 2954/72/183 2960/398/183 2961/43/183
f 2962/99/257 2960/398/183 2963/103/185
f 2960/398/183 2962/99/257 2964/312/183
f 2964/312/183 2965/241/186 2966/399/259
f 2964/312/183 2967/313/186 2965/241/186
f 2968/142/257 2965/241/186 2967/313/186
f 2968/142/257 2967/313/186 2969/110/183
f 2970/112/183 2968/142/257 2969/110/183
f 2968/142/257 2970/112/183 2971/179/257
f 2971/179/186 2972/103/186 2973/99/183
f 2971/179/186 2973/99/183 2974/312/183
f 2975/313/183 2971/179/186 2974/312/183
f 2976/312/257 2975/313/257 2977/99/257
f 2978/110/257 2977/99/257 2975/313/257
f 2979/112/186 2977/99/257 2978/110/257
f 2977/99/257 2979/112/186 2980/103/520
f 2981/161/183 2980/103/520 2979/112/186
f 2980/103/520 2981/161/183 2982/130/183
f 2981/161/183 2983/113/183 2982/130/183
f 2983/113/183 2981/161/183 2984/344/185
f 2984/344/185 2985/155/183 2983/113/183
f 2985/155/183 2986/115/183 2983/113/183
f 2985/155/183 2987/118/183 2986/115/183
f 2988/157/183 2987/118/183 2985/155/183
f 2989/121/185 2987/118/183 2988/157/183
f 2987/118/183 2989/121/185 2990/120/185
f 2990/120/183 2991/72/183 2992/121/183
f 2991/72/183 2993/157/186 2994/121/183
f 2991/72/183 2994/121/183 2995/120/184
f 2996/118/184 2992/121/185 2995/120/183
f 2992/121/185 2996/118/184 2997/157/183
f 2997/157/183 2996/118/184 2998/155/183
f 2998/155/183 2996/118/184 2999/115/183
f 3000/113/186 2998/155/183 2999/115/183
f 2998/155/183 3000/113/186 3001/400/186
f 3002/130/256 3001/400/186 3000/113/186
f 3001/400/186 3002/130/256 3003/161/256
f 3002/130/256 3004/112/183 3003/161/256
f 3004/112/183 3002/130/256 3005/103/183
f 3006/99/257 3004/112/183 3005/103/183
f 3004/112/183 3006/99/257 3007/110/521
f 3008/312/522 3007/110/521 3006/99/257
f 3008/312/522 3009/313/257 3007/110/521
f 3010/65/183 2976/312/183 3009/313/183
f 3010/65/183 3008/312/185 3011/313/183
f 3010/65/183 3011/313/183 3012/110/183
f 3013/112/186 3010/65/183 3012/110/183
f 3010/65/183 3013/112/186 3014/58/183
f 3013/112/186 3015/161/183 3014/58/183
f 3016/400/186 3014/58/183 3015/161/183
f 3014/58/183 3016/400/186 3017/60/183
f 3017/60/183 3016/400/186 3018/155/186
f 3019/72/185 3020/72/185 3021/72/183
f 3022/72/186 3021/72/183 3020/72/185
f 3022/72/183 3023/115/186 3024/113/183
f 3023/115/186 3022/72/183 3025/155/186
f 3025/155/186 3026/118/183 3023/115/186
f 3026/118/183 3025/155/186 3027/157/183
f 3028/121/183 3026/118/183 3027/157/183
f 3028/121/183 3029/120/183 3026/118/183
f 3029/120/183 2959/72/183 2989/121/183
f 2989/121/183 2959/72/183 2991/72/183
f 3028/121/186 3030/120/185 2959/72/183
f 2959/72/183 3030/120/185 3031/118/183
f 2959/72/183 3031/118/183 3032/115/185
f 3033/113/257 2959/72/183 3032/115/185
f 3034/121/185 3035/72/185 3036/120/185
f 3035/72/184 3037/120/184 3038/121/184
f 3039/155/183 3035/72/183 3040/60/183
f 3035/72/183 3039/155/183 3041/157/183
f 3042/72/183 3043/120/183 3044/121/183
f 3045/43/183 3046/398/183 3047/94/183
f 3048/399/183 3046/398/183 3049/312/183
f 3046/398/183 3050/72/183 3051/103/183
f 3052/103/183 3053/112/186 3054/72/185
f 3054/72/185 3053/112/186 3055/161/183
f 3053/112/186 3052/103/183 3056/179/183
f 3057/312/183 3056/179/183 3058/313/183
f 3057/312/183 3059/65/183 3056/179/183
f 3060/313/183 3061/312/183 3059/65/183
f 3062/247/523 3063/302/291 3064/247/292
f 3065/302/293 3064/247/292 3063/302/291
f 3066/247/293 3067/302/292 3068/302/290
f 3066/247/293 3068/302/290 3069/247/291
f 3070/72/187 3071/72/187 3072/72/187
f 3071/72/187 3070/72/187 3073/72/524
f 3070/72/187 3074/72/190 3073/72/524
f 3075/72/525 3073/72/524 3074/72/190
f 3070/72/187 3076/72/189 3074/72/190
f 3076/72/189 3070/72/187 3077/115/261
f 3078/120/187 3076/72/187 3079/121/187
f 3071/72/187 3080/93/190 3081/104/187
f 3080/93/190 3071/72/187 3082/47/262
f 3083/398/189 3084/312/187 3080/93/187
f 3085/356/187 3084/312/187 3083/398/189
f 3086/121/189 3087/61/187 3076/72/189
f 3088/120/189 3087/61/187 3086/121/189
f 3087/61/187 3089/121/262 3090/120/187
f 3091/124/262 3090/120/187 3089/121/262
f 3092/72/189 3093/72/189 3094/72/189
f 3093/72/189 3092/72/189 3095/72/189
f 3093/72/190 3096/155/190 3097/159/190
f 3098/163/187 3099/103/187 3092/72/187
f 3099/103/187 3098/163/187 3100/179/187
f 3100/179/187 3101/312/187 3102/313/187
f 3101/312/187 3100/179/187 3103/65/187
f 3104/313/187 3103/65/187 3105/312/187
f 3106/113/190 3107/161/187 3108/130/188
f 3107/161/187 3106/113/190 3109/344/190
f 3109/344/190 3106/113/190 3110/115/190
f 3109/344/190 3110/115/190 3111/155/190
f 3112/118/262 3111/155/190 3110/115/190
f 3111/155/190 3112/118/262 3113/124/262
f 3113/124/262 3112/118/262 3114/121/526
f 3114/121/526 3112/118/262 3115/120/527
f 3116/163/188 3117/104/187 3107/161/187
f 3117/104/187 3116/163/188 3118/103/187
f 3118/103/187 3116/163/188 3119/99/189
f 3120/110/190 3119/99/189 3116/163/188
f 3119/99/189 3120/110/190 3121/312/189
f 3121/312/189 3120/110/190 3122/313/187
f 3123/72/188 3124/120/188 3114/121/188
f 3123/72/187 3125/115/187 3126/118/189
f 3123/72/187 3126/118/189 3127/120/187
f 3127/120/187 3128/121/190 3123/72/187
f 3124/120/190 3128/121/188 3129/118/187
f 3129/118/187 3128/121/188 3130/124/187
f 3129/118/187 3130/124/187 3131/155/190
f 3129/118/187 3131/155/190 3132/115/187
f 3131/155/190 3133/72/187 3132/115/187
f 3134/179/190 3122/313/187 3135/312/188
f 3136/99/187 3134/179/190 3135/312/188
f 3137/103/190 3134/179/190 3136/99/187
f 3138/72/189 3137/103/189 3139/104/189
f 3140/163/189 3141/239/189 3134/179/187
f 3141/239/189 3140/163/189 3142/110/187
f 3141/239/189 3142/110/187 3143/313/190
f 3144/356/189 3141/239/189 3143/313/190
f 3143/313/190 3145/312/187 3144/356/189
f 3146/99/187 3147/93/190 3145/312/262
f 3148/103/187 3147/93/190 3146/99/187
f 3149/104/187 3147/93/190 3148/103/187
f 3150/400/190 3151/130/260 3152/113/528
f 3151/130/260 3150/400/190 3153/161/260
f 3152/113/260 3154/155/190 3155/159/260
f 3154/155/190 3152/113/260 3156/115/187
f 3157/118/262 3154/155/190 3156/115/187
f 3154/155/190 3157/118/262 3158/124/187
f 3159/120/187 3158/124/187 3157/118/262
f 3160/163/187 3161/104/260 3153/161/260
f 3161/104/260 3160/163/187 3162/103/187
f 3160/163/187 3163/99/187 3162/103/187
f 3163/99/187 3160/163/187 3164/110/187
f 3165/313/187 3163/99/187 3164/110/187
f 3165/313/187 3166/312/187 3163/99/187
f 3121/312/187 3167/65/187 3165/313/187
f 3168/313/187 3166/312/189 3167/65/187
f 3167/65/187 3169/110/189 3168/313/187
f 3167/65/187 3170/163/190 3169/110/189
f 3167/65/187 3171/58/187 3170/163/190
f 3172/161/187 3170/163/190 3171/58/187
f 3171/58/187 3173/400/189 3172/161/187
f 3173/400/189 3171/58/187 3174/60/187
f 3174/60/187 3175/155/189 3176/159/187
f 3177/61/189 3175/155/189 3174/60/187
f 3175/155/189 3177/61/189 3178/124/262
f 3177/61/189 3179/121/187 3178/124/262
f 3177/61/189 3159/120/188 3179/121/187
f 3177/61/187 3115/120/187 3180/121/187
f 3181/394/529 3182/193/8 3183/193/529
f 3184/394/196 3182/193/8 3185/395/8
f 3182/193/8 3184/394/196 3186/193/530
f 3184/394/196 3187/186/531 3186/193/530
f 3188/396/198 3187/186/531 3184/394/196
f 3188/396/198 3189/190/532 3187/186/531
f 3190/397/533 3189/190/532 3188/396/198
f 3191/72/8 3192/72/8 3193/72/8
f 3191/72/8 3194/72/8 3192/72/8
f 3194/72/8 3191/72/8 3195/72/8
f 3196/72/8 3194/72/8 3195/72/8
f 3194/72/8 3196/72/8 3197/72/8
f 3197/72/8 3196/72/8 3198/72/8
f 3199/401/271 3200/402/175 3201/398/175
f 3200/402/175 3199/401/271 3202/403/271
f 3201/398/175 3200/402/175 3203/404/175
f 3204/405/175 3201/398/175 3203/404/175
f 3201/398/175 3204/405/175 3205/398/175
f 3205/398/175 3204/405/175 3206/406/175
f 3204/405/175 3207/407/175 3206/406/175
f 3208/408/175 3206/406/175 3207/407/175
f 3209/401/175 3210/403/271 3199/401/271
f 3210/403/271 3209/401/175 3211/403/175
f 3212/409/271 3213/410/271 3214/409/175
f 3214/409/175 3213/410/271 3215/410/175
f 3216/411/175 3215/410/175 3217/409/175
f 3217/409/175 3215/410/175 3218/410/175
f 3218/410/175 3219/409/175 3217/409/175
f 3220/310/175 3221/72/175 3219/409/175
f 3222/410/175 3223/411/175 3224/409/175
f 3225/401/175 3226/403/175 3227/401/175
f 3227/401/175 3226/403/175 3228/403/175
f 3225/401/175 3229/402/271 3230/403/175
f 3231/398/271 3229/402/271 3225/401/175
f 3229/402/271 3231/398/271 3232/404/271
f 3231/398/271 3233/405/271 3232/404/271
f 3234/398/271 3233/405/271 3231/398/271
f 3233/405/271 3234/398/271 3235/406/271
f 3236/407/271 3233/405/271 3235/406/271
f 3236/407/271 3235/406/271 3237/408/271
f 3238/403/175 3239/401/175 3240/403/175
f 3241/401/271 3242/403/271 3243/403/271
f 3244/394/271 3245/69/175 3246/394/175
f 3245/69/175 3247/65/175 3248/394/175
f 3247/65/175 3249/304/175 3250/307/175
f 3249/304/175 3247/65/175 3251/179/175
f 3252/65/271 3244/394/271 3253/396/271
f 3252/65/271 3253/396/271 3254/397/271
f 3252/65/271 3254/397/271 3255/304/271
f 3256/307/271 3252/65/271 3255/304/271
f 3257/168/175 3258/72/175 3251/179/175
f 3259/72/175 3258/72/175 3257/168/175
f 3259/72/175 3257/168/175 3260/72/175
f 3261/308/271 3262/304/271 3256/307/271
f 3262/304/271 3261/308/271 3263/397/271
f 3263/397/271 3261/308/271 3264/396/271
f 3264/396/271 3261/308/271 3265/309/271
f 3264/396/271 3265/309/271 3266/310/271
f 3266/310/271 3267/394/271 3264/396/271
f 3266/310/271 3268/395/175 3267/394/271
f 3268/395/175 3266/310/271 3269/311/175
f 3270/179/271 3262/304/271 3271/307/271
f 3272/323/271 3270/179/271 3271/307/271
f 3273/72/271 3270/179/271 3272/323/271
f 3274/72/271 3270/179/271 3273/72/271
f 3275/309/271 3273/72/271 3272/323/271
f 3273/72/271 3275/309/271 3276/72/271
f 3277/310/271 3276/72/271 3275/309/271
f 3278/72/271 3279/168/271 3274/72/271
f 3280/69/175 3281/394/271 3282/65/271
f 3283/394/175 3280/69/175 3284/394/175
f 3285/304/271 3282/65/271 3286/307/271
f 3285/304/271 3287/179/271 3282/65/271
f 3287/179/271 3288/72/271 3289/168/271
f 3289/168/271 3290/72/271 3291/72/271
f 3292/65/175 3293/396/175 3284/394/175
f 3292/65/175 3294/397/175 3293/396/175
f 3292/65/175 3295/304/175 3294/397/175
f 3292/65/175 3296/307/175 3295/304/175
f 3296/307/175 3297/304/175 3298/308/175
f 3299/397/175 3298/308/175 3297/304/175
f 3300/396/175 3298/308/175 3299/397/175
f 3298/308/175 3300/396/175 3301/309/175
f 3300/396/175 3302/310/175 3301/309/175
f 3302/310/175 3300/396/175 3303/394/175
f 3304/395/175 3302/310/175 3303/394/175
f 3302/310/175 3304/395/175 3305/311/175
f 3297/304/175 3306/179/175 3307/307/175
f 3306/179/175 3308/323/175 3307/307/175
f 3309/72/175 3308/323/175 3306/179/175
f 3309/72/175 3306/179/175 3310/72/175
f 3308/323/175 3309/72/175 3311/309/175
f 3312/72/175 3311/309/175 3309/72/175
f 3311/309/175 3312/72/175 3313/310/175
f 3314/72/271 3315/310/271 3316/409/271
f 3317/329/220 3318/329/220 3319/329/220
f 3318/329/220 3317/329/220 3320/329/220
f 3319/329/220 3318/329/220 3321/329/220
f 3321/329/220 3322/329/220 3319/329/220
f 3323/72/129 3324/72/129 3325/72/129
f 3323/72/129 3326/72/129 3324/72/129
f 3326/72/129 3323/72/129 3327/72/129
f 3328/72/129 3326/72/129 3327/72/129
f 3326/72/129 3328/72/129 3329/72/129
f 3329/72/129 3328/72/129 3330/72/129
f 3331/269/299 3332/303/297 3333/303/300
f 3331/269/299 3333/303/300 3334/269/298
f 3335/105/534 3336/113/80 3337/104/79
f 3338/113/101 3339/105/99 3340/104/99
f 3341/129/99 3342/113/101 3343/234/101
f 3342/113/101 3341/129/99 3344/324/99
f 3345/294/280 3346/270/535 3347/246/280
f 3347/246/280 3348/296/283 3345/294/280
f 3348/296/283 3347/246/280 3349/271/282
f 3346/270/535 3345/294/280 3350/295/284
f 3351/297/285 3346/270/535 3350/295/284
f 3346/270/535 3351/297/285 3352/272/286
f 3353/272/285 3354/297/286 3355/270/284
f 3356/295/284 3355/270/284 3354/297/286
f 3357/294/280 3355/270/284 3356/295/284
f 3355/270/284 3357/294/280 3358/246/279
f 3359/296/536 3358/246/279 3357/294/280
f 3358/246/279 3359/296/536 3360/271/283
f 3361/72/1 3362/72/1 3363/72/1
f 3362/72/1 3361/72/1 3364/72/1
f 3361/72/1 3365/72/1 3364/72/1
f 3366/72/1 3364/72/1 3365/72/1
f 3366/72/1 3367/72/1 3364/72/1
f 3367/72/1 3366/72/1 3368/72/1
f 3369/72/129 3370/72/129 3371/72/129
f 3370/72/129 3372/72/129 3371/72/129
f 3370/72/129 3369/72/129 3373/72/129
f 3373/72/129 3369/72/129 3374/72/129
f 3372/72/129 3370/72/129 3375/72/129
f 3372/72/129 3375/72/129 3376/72/129
f 3377/235/232 3378/236/233 3379/235/234
f 3380/236/235 3379/235/234 3378/236/233
f 3381/72/537 3382/72/537 3383/72/537
f 3382/72/537 3384/72/538 3383/72/537
f 3385/356/539 3386/412/540 3387/399/541
f 3388/356/542 3389/356/543 3390/399/544
f 3391/72/545 3392/72/545 3393/72/545
f 3393/72/545 3392/72/545 3394/72/546
f 3395/72/1 3396/72/1 3397/72/1
f 3396/72/1 3395/72/1 3398/72/1
f 3395/72/1 3399/72/1 3398/72/1
f 3400/72/1 3398/72/1 3399/72/1
f 3400/72/1 3401/72/1 3398/72/1
f 3401/72/1 3400/72/1 3402/72/1
f 3403/151/547 3404/150/147 3405/255/144
f 3406/153/143 3405/255/144 3404/150/147
f 3407/356/548 3408/356/539 3409/399/549
f 3410/412/550 3408/356/539 3411/412/551
f 3411/412/551 3412/413/3 3410/412/550
f 3412/413/3 3411/412/551 3413/413/3
f 3414/412/552 3415/412/553 3416/413/3
f 3416/413/3 3417/413/3 3414/412/552
f 3414/412/552 3418/356/542 3415/412/553
f 3415/412/553 3418/356/542 3419/399/554
f 3420/149/137 3421/146/140 3422/147/555
f 3423/148/556 3422/147/555 3421/146/140
f 3424/147/555 3425/148/555 3426/146/137
f 3424/147/555 3426/146/137 3427/149/140
f 3428/151/557 3425/148/555 3424/147/555
f 3429/150/142 3425/148/555 3428/151/557
f 3430/255/143 3429/150/142 3428/151/557
f 3429/150/142 3430/255/143 3431/153/144
f 3432/150/558 3433/151/147 3434/148/146
f 3433/151/147 3435/147/559 3434/148/146
f 3436/72/129 3437/72/129 3438/72/129
f 3439/72/129 3438/72/129 3437/72/129
f 3436/72/129 3440/72/129 3437/72/129
f 3440/72/129 3436/72/129 3441/72/129
f 3442/72/129 3439/72/129 3437/72/129
f 3439/72/129 3442/72/129 3443/72/129
f 3444/156/149 3445/159/151 3446/158/151
f 3447/160/152 3446/158/151 3445/159/151
f 3445/159/151 3444/156/149 3448/155/150
f 3444/156/149 3449/157/148 3448/155/150
f 3450/154/148 3449/157/148 3444/156/149
f 3447/160/152 3445/159/151 3451/161/152
f 3451/161/152 3452/162/153 3447/160/152
f 3452/162/153 3451/161/152 3453/163/153
f 3454/229/152 3455/167/151 3456/400/151
f 3454/229/152 3456/400/151 3457/161/152
f 3458/165/425 3457/161/560 3459/163/153
f 3459/163/153 3460/164/153 3458/165/425
f 3455/167/561 3461/155/176 3462/159/177
f 3461/155/176 3455/167/561 3463/170/149
f 3463/170/149 3464/157/148 3461/155/176
f 3464/157/148 3463/170/149 3465/171/148
f 3466/161/154 3467/365/156 3468/163/156
f 3467/365/156 3466/161/154 3469/366/154
f 3466/161/154 3470/159/155 3469/366/154
f 3469/366/154 3470/159/155 3471/367/155
f 3471/367/155 3470/159/155 3472/155/562
f 3471/367/155 3472/155/562 3473/368/427
f 3472/155/562 3474/369/158 3473/368/427
f 3474/369/158 3472/155/562 3475/157/158
f 3476/170/157 3477/157/158 3478/171/158
f 3477/157/158 3476/170/157 3479/155/563
f 3480/167/178 3479/155/563 3476/170/157
f 3479/155/563 3480/167/178 3481/159/564
f 3482/229/154 3483/400/155 3480/167/155
f 3484/161/154 3483/400/155 3482/229/154
f 3485/165/565 3486/163/566 3484/161/428
f 3486/163/566 3485/165/565 3487/164/156
f 3488/302/290 3489/256/291 3490/256/293
f 3488/302/290 3490/256/293 3491/302/292
f 3492/302/291 3493/256/292 3494/256/290
f 3493/256/292 3492/302/291 3495/302/293
f 3496/107/95 3497/102/567 3498/106/568
f 3496/107/95 3498/106/568 3499/108/569
f 3497/102/567 3500/100/89 3498/106/568
f 3501/109/96 3496/107/95 3499/108/569
f 3497/102/567 3502/99/88 3500/100/89
f 3496/107/95 3501/109/96 3503/110/165
f 3504/111/98 3503/110/165 3501/109/96
f 3503/110/165 3504/111/98 3505/112/98
f 3506/103/170 3500/100/89 3502/99/88
f 3500/100/89 3506/103/170 3507/342/93
f 3506/103/170 3508/105/99 3507/342/93
f 3508/105/99 3506/103/170 3509/104/99
f 3510/113/101 3508/105/99 3509/104/99
f 3508/105/99 3510/113/101 3511/114/101
f 3512/115/102 3511/114/101 3510/113/101
f 3511/114/101 3512/115/102 3513/325/102
f 3513/325/102 3512/115/102 3514/117/104
f 3512/115/102 3515/118/104 3514/117/104
f 3515/118/104 3516/119/107 3514/117/104
f 3517/120/107 3516/119/107 3515/118/104
f 3518/121/108 3516/119/107 3517/120/107
f 3516/119/107 3518/121/108 3519/122/108
f 3520/124/148 3519/122/108 3518/121/108
f 3519/122/108 3520/124/148 3521/123/148
f 3522/72/570 3523/72/206 3524/72/206
f 3523/72/206 3522/72/570 3525/72/570
f 3522/72/570 3526/72/368 3525/72/570
f 3527/72/368 3526/72/368 3522/72/570
f 3527/72/368 3528/72/310 3526/72/368
f 3529/72/310 3528/72/310 3527/72/368
f 3530/72/571 3528/72/310 3529/72/310
f 3528/72/310 3530/72/571 3531/72/370
f 3532/72/370 3531/72/370 3530/72/571
f 3533/72/3 3531/72/370 3532/72/370
f 3531/72/370 3533/72/3 3534/72/3
f 3533/72/3 3535/72/572 3534/72/3
f 3535/72/572 3533/72/3 3536/72/449
f 3537/72/573 3535/72/572 3536/72/449
f 3537/72/573 3538/72/356 3535/72/572
f 3538/72/356 3537/72/573 3539/72/356
f 3540/72/355 3538/72/356 3539/72/356
f 3538/72/356 3540/72/355 3541/72/354
f 3542/72/574 3541/72/354 3540/72/355
f 3541/72/354 3542/72/574 3543/72/574
f 3542/72/574 3544/72/210 3543/72/574
f 3542/72/574 3545/72/210 3544/72/210
f 3546/72/1 3547/72/1 3548/72/1
f 3549/72/1 3548/72/1 3547/72/1
f 3546/72/1 3550/72/1 3547/72/1
f 3550/72/1 3546/72/1 3551/72/1
f 3552/72/1 3549/72/1 3547/72/1
f 3549/72/1 3552/72/1 3553/72/1
f 3554/265/301 3555/303/297 3556/265/298
f 3557/303/300 3556/265/298 3555/303/297
f 3558/72/129 3559/72/129 3560/72/129
f 3559/72/129 3558/72/129 3561/72/129
f 3558/72/129 3562/72/129 3561/72/129
f 3563/72/129 3561/72/129 3562/72/129
f 3563/72/129 3564/72/129 3561/72/129
f 3564/72/129 3563/72/129 3565/72/129
f 3566/186/575 3567/396/576 3568/394/201
f 3568/394/201 3569/193/512 3566/186/575
f 3567/396/576 3566/186/575 3570/190/517
f 3570/190/517 3571/397/518 3567/396/576
f 3572/394/512 3573/193/8 3574/193/201
f 3573/193/8 3572/394/512 3575/394/8
f 3576/394/577 3573/193/8 3575/394/8
f 3573/193/8 3576/394/577 3577/193/578
f 3576/394/577 3578/186/579 3577/193/578
f 3579/396/580 3578/186/579 3576/394/577
f 3579/396/580 3580/190/532 3578/186/579
f 3581/397/581 3580/190/532 3579/396/580
f 3582/72/129 3583/72/129 3584/72/129
f 3585/72/129 3584/72/129 3583/72/129
f 3582/72/129 3586/72/129 3583/72/129
f 3586/72/129 3582/72/129 3587/72/582
f 3588/72/129 3585/72/129 3583/72/129
f 3585/72/129 3588/72/129 3589/72/129
f 3590/105/79 3591/113/80 3592/104/79
f 3591/113/80 3590/105/79 3593/114/80
f 3594/129/99 3595/113/101 3596/234/583
f 3597/159/155 3598/156/426 3599/158/155
f 3600/160/154 3597/159/155 3599/158/155
f 3598/156/426 3597/159/155 3601/155/426
f 3598/156/426 3601/155/426 3602/157/158
f 3598/156/426 3602/157/158 3603/154/158
f 3604/161/154 3597/159/155 3600/160/154
f 3605/162/156 3604/161/154 3600/160/154
f 3604/161/154 3605/162/156 3606/163/156
f 3607/160/152 3608/158/151 3609/159/151
f 3610/156/176 3609/159/151 3608/158/151
f 3607/160/152 3609/159/151 3611/161/152
f 3611/161/152 3612/162/153 3607/160/152
f 3612/162/153 3611/161/152 3613/163/153
f 3609/159/151 3610/156/176 3614/155/176
f 3610/156/176 3615/157/148 3614/155/176
f 3616/154/148 3615/157/148 3610/156/176
f 3617/229/152 3618/167/151 3619/400/151
f 3617/229/152 3619/400/151 3620/161/152
f 3621/165/425 3620/161/560 3622/163/153
f 3622/163/153 3623/164/153 3621/165/425
f 3618/167/561 3624/155/584 3625/159/177
f 3624/155/584 3618/167/561 3626/170/176
f 3626/170/176 3627/157/148 3624/155/584
f 3627/157/148 3626/170/176 3628/171/148
f 3629/170/585 3630/157/158 3631/171/158
f 3630/157/158 3629/170/585 3632/155/563
f 3633/167/178 3632/155/563 3629/170/585
f 3632/155/563 3633/167/178 3634/159/564
f 3635/229/154 3636/400/155 3633/167/155
f 3637/161/154 3636/400/155 3635/229/154
f 3638/165/565 3639/163/566 3637/161/428
f 3639/163/566 3638/165/565 3640/164/156
f 3641/274/285 3642/295/281 3643/264/281
f 3642/295/281 3641/274/285 3644/297/286
f 3645/294/586 3643/264/281 3642/295/281
f 3643/264/281 3645/294/586 3646/263/280
f 3645/294/586 3647/273/283 3646/263/280
f 3647/273/283 3645/294/586 3648/296/282
f 3649/294/586 3650/264/281 3651/263/280
f 3652/273/282 3649/294/586 3651/263/280
f 3652/273/282 3653/296/283 3649/294/586
f 3650/264/281 3649/294/586 3654/295/281
f 3654/295/281 3655/274/286 3650/264/281
f 3655/274/286 3654/295/281 3656/297/287
f 3657/364/129 3658/359/129 3659/359/129
f 3658/359/129 3660/371/3 3661/371/3
f 3661/371/3 3662/372/3 3663/384/3
f 3664/377/3 3663/384/3 3662/372/3
f 3665/371/3 3666/359/129 3667/359/129
f 3668/372/3 3665/371/3 3669/371/3
f 3667/359/129 3670/364/129 3671/360/129
f 3672/363/129 3671/360/129 3670/364/129
f 3673/328/129 3671/360/129 3672/363/129
f 3673/328/129 3672/363/129 3674/362/129
f 3675/363/587 3676/328/587 3677/362/587
f 3678/360/587 3676/328/587 3675/363/587
f 3678/360/587 3675/363/587 3679/364/587
f 3680/359/587 3678/360/587 3679/364/587
f 3679/364/587 3681/359/587 3680/359/587
f 3682/371/588 3680/359/587 3681/359/587
f 3682/371/588 3683/372/588 3684/371/588
f 3685/359/587 3686/371/588 3687/371/588
f 3688/372/588 3686/371/588 3689/384/588
f 3689/384/588 3690/377/588 3688/372/588
f 3691/414/3 3692/415/3 3693/416/3
f 3691/414/3 3694/390/3 3692/415/3
f 3695/377/3 3694/390/3 3691/414/3
f 3696/377/588 3697/390/588 3698/377/588
f 3698/377/588 3699/384/588 3696/377/588
f 3700/390/588 3701/377/588 3702/414/588
f 3700/390/588 3702/414/588 3703/415/588
f 3702/414/588 3704/416/588 3703/415/588
f 3705/390/3 3706/377/3 3707/377/3
f 3708/384/3 3707/377/3 3706/377/3
o hell_rifle.003
v 0.112089 0.094403 -0.369400
v 0.100214 0.094403 -0.381555
v 0.076463 0.094403 -0.381555
v 0.064588 0.094403 -0.369400
v 0.076463 0.094403 -0.357245
v 0.100214 0.094403 -0.357245
v 0.099376 0.122345 -0.369400
v 0.089037 0.118853 -0.381555
v 0.068500 0.111867 -0.381555
v 0.058161 0.108374 -0.369400
v 0.068500 0.111867 -0.357245
v 0.089037 0.118853 -0.357245
v 0.064588 0.142743 -0.369400
v 0.058720 0.136736 -0.381555
v 0.046845 0.124721 -0.381555
v 0.040837 0.118573 -0.369400
v 0.046705 0.124721 -0.357245
v 0.058720 0.136736 -0.357245
v 0.017086 0.150288 -0.369400
v 0.017086 0.143302 -0.381555
v 0.017086 0.129331 -0.381555
v 0.017086 0.122345 -0.369400
v 0.017086 0.129331 -0.357245
v 0.017086 0.143302 -0.357245
v -0.030416 0.142743 -0.369400
v -0.024408 0.136736 -0.381555
v -0.012533 0.124721 -0.381555
v -0.006665 0.118573 -0.369400
v -0.012533 0.124721 -0.357245
v -0.024408 0.136736 -0.357245
v -0.065203 0.122345 -0.369400
v -0.054865 0.118853 -0.381555
v -0.034327 0.111867 -0.381555
v -0.023989 0.108374 -0.369400
v -0.034327 0.111867 -0.357245
v -0.054865 0.118853 -0.357245
v -0.077917 0.094403 -0.369400
v -0.066042 0.094403 -0.381555
v -0.042291 0.094403 -0.381555
v -0.030415 0.094403 -0.369400
v -0.042291 0.094403 -0.357245
v -0.066042 0.094403 -0.357245
v -0.065203 0.066461 -0.369400
v -0.054865 0.069954 -0.381555
v -0.034327 0.076940 -0.381555
v -0.023989 0.080432 -0.369400
v -0.034327 0.076940 -0.357245
v -0.054865 0.069954 -0.357245
v -0.030415 0.046063 -0.369400
v -0.024548 0.052071 -0.381555
v -0.012672 0.064086 -0.381555
v -0.006665 0.070233 -0.369400
v -0.012672 0.064086 -0.357245
v -0.024548 0.052071 -0.357245
v 0.017086 0.038519 -0.369400
v 0.017086 0.045505 -0.381555
v 0.017086 0.059476 -0.381555
v 0.017086 0.066461 -0.369400
v 0.017086 0.059476 -0.357245
v 0.017086 0.045505 -0.357245
v 0.064588 0.046063 -0.369400
v 0.058720 0.052071 -0.381555
v 0.046845 0.064086 -0.381555
v 0.040837 0.070233 -0.369400
v 0.046705 0.064086 -0.357245
v 0.058720 0.052071 -0.357245
v 0.099376 0.066461 -0.369400
v 0.089037 0.069954 -0.381555
v 0.068500 0.076940 -0.381555
v 0.058161 0.080432 -0.369400
v 0.068500 0.076940 -0.357245
v 0.089037 0.069954 -0.357245
v 0.169231 0.028180 -0.369400
v 0.165040 0.044666 -0.369400
v 0.144363 0.056542 -0.369400
v 0.128016 0.051931 -0.369400
v 0.132348 0.035585 -0.369400
v 0.152885 0.023710 -0.369400
v 0.158194 0.034607 -0.397342
v 0.155400 0.050115 -0.393849
v 0.137517 0.060454 -0.386864
v 0.122568 0.055145 -0.383371
v 0.125362 0.039497 -0.386864
v 0.143245 0.029158 -0.393849
v 0.128016 0.051931 -0.417740
v 0.128994 0.065344 -0.411732
v 0.118656 0.071351 -0.399717
v 0.107479 0.063807 -0.393570
v 0.106641 0.050394 -0.399717
v 0.116840 0.044387 -0.411732
v 0.086942 0.075682 -0.425284
v 0.092949 0.086160 -0.418299
v 0.092949 0.086160 -0.404328
v 0.086942 0.075682 -0.397342
v 0.080934 0.065204 -0.404328
v 0.080934 0.065204 -0.418299
v 0.045867 0.099433 -0.417740
v 0.057043 0.106977 -0.411732
v 0.067242 0.100970 -0.399717
v 0.066404 0.087558 -0.393570
v 0.055227 0.080013 -0.399717
v 0.044889 0.086021 -0.411732
v 0.015689 0.116757 -0.397342
v 0.030638 0.122206 -0.393849
v 0.048521 0.111867 -0.386864
v 0.051315 0.096220 -0.383371
v 0.036366 0.090911 -0.386864
v 0.018483 0.101249 -0.393849
v 0.004652 0.123184 -0.369400
v 0.020998 0.127794 -0.369400
v 0.041536 0.115919 -0.369400
v 0.045867 0.099433 -0.369400
v 0.029520 0.094962 -0.369400
v 0.008843 0.106838 -0.369400
v 0.015689 0.116757 -0.341458
v 0.030638 0.122206 -0.344951
v 0.048521 0.111867 -0.351936
v 0.051315 0.096220 -0.355429
v 0.036366 0.090911 -0.351936
v 0.018483 0.101249 -0.344951
v 0.045867 0.099433 -0.321060
v 0.057043 0.106977 -0.327068
v 0.067242 0.100970 -0.339083
v 0.066404 0.087558 -0.345230
v 0.055227 0.080013 -0.339083
v 0.044889 0.086021 -0.327068
v 0.086942 0.075682 -0.313516
v 0.092949 0.086160 -0.320501
v 0.092949 0.086160 -0.334472
v 0.086942 0.075682 -0.341458
v 0.080934 0.065204 -0.334472
v 0.080934 0.065204 -0.320501
v 0.128017 0.051931 -0.321060
v 0.128994 0.065344 -0.327068
v 0.118656 0.071351 -0.339083
v 0.107479 0.063807 -0.345230
v 0.106641 0.050394 -0.339083
v 0.116840 0.044387 -0.327068
v 0.158194 0.034607 -0.341458
v 0.155400 0.050115 -0.344951
v 0.137517 0.060454 -0.351936
v 0.122568 0.055145 -0.355429
v 0.125362 0.039497 -0.351936
v 0.143245 0.029158 -0.344951
v 0.185577 -0.057742 -0.369400
v 0.179709 -0.047403 -0.381555
v 0.167834 -0.026866 -0.381555
v 0.161826 -0.016527 -0.369400
v 0.167834 -0.026866 -0.357245
v 0.179709 -0.047403 -0.357245
v 0.203460 -0.032733 -0.369400
v 0.195217 -0.025608 -0.381555
v 0.178871 -0.011218 -0.381555
v 0.170768 -0.004093 -0.369400
v 0.178871 -0.011218 -0.357245
v 0.195217 -0.025608 -0.357245
v 0.203740 0.007643 -0.369400
v 0.195497 0.009739 -0.381555
v 0.179151 0.013930 -0.381555
v 0.170908 0.016026 -0.369400
v 0.179151 0.013930 -0.357245
v 0.195497 0.009739 -0.357245
v 0.186416 0.052490 -0.369400
v 0.180408 0.048997 -0.381555
v 0.168393 0.042012 -0.381555
v 0.162246 0.038519 -0.369400
v 0.168393 0.042012 -0.357245
v 0.180408 0.048997 -0.357245
v 0.156238 0.089933 -0.369400
v 0.154003 0.081690 -0.381555
v 0.149392 0.065344 -0.381555
v 0.147157 0.057240 -0.369400
v 0.149392 0.065344 -0.357245
v 0.154003 0.081690 -0.357245
v 0.121171 0.109772 -0.369400
v 0.123266 0.099154 -0.381555
v 0.127458 0.077778 -0.381555
v 0.129553 0.067160 -0.369400
v 0.127458 0.077778 -0.357245
v 0.123266 0.099154 -0.357245
v 0.090574 0.106838 -0.369400
v 0.096582 0.096499 -0.381555
v 0.108457 0.075962 -0.381555
v 0.114325 0.065623 -0.369400
v 0.108457 0.075962 -0.357245
v 0.096582 0.096499 -0.357245
v 0.072691 0.081829 -0.369400
v 0.080934 0.074704 -0.381555
v 0.097280 0.060314 -0.381555
v 0.105383 0.053189 -0.369400
v 0.097280 0.060314 -0.357245
v 0.080934 0.074704 -0.357245
v 0.072412 0.041453 -0.369400
v 0.080655 0.039357 -0.381555
v 0.097001 0.035166 -0.381555
v 0.105244 0.033070 -0.369400
v 0.097001 0.035166 -0.357245
v 0.080655 0.039357 -0.357245
v 0.089736 -0.003394 -0.369400
v 0.095743 0.000099 -0.381555
v 0.107898 0.007084 -0.381555
v 0.113906 0.010577 -0.369400
v 0.107898 0.007084 -0.357245
v 0.095743 0.000099 -0.357245
v 0.119913 -0.040837 -0.369400
v 0.122149 -0.032594 -0.381555
v 0.126759 -0.016248 -0.381555
v 0.128994 -0.008144 -0.369400
v 0.126759 -0.016248 -0.357245
v 0.122149 -0.032594 -0.357245
v 0.154981 -0.060676 -0.369400
v 0.152885 -0.050058 -0.381555
v 0.148694 -0.028682 -0.381555
v 0.146598 -0.018064 -0.369400
v 0.148694 -0.028682 -0.357245
v 0.152885 -0.050058 -0.357245
v 0.156797 -0.140311 -0.369400
v 0.168952 -0.128435 -0.369400
v 0.168952 -0.104684 -0.369400
v 0.156797 -0.092809 -0.369400
v 0.144642 -0.104684 -0.369400
v 0.144642 -0.128435 -0.369400
v 0.156797 -0.127597 -0.397342
v 0.168952 -0.117258 -0.393849
v 0.168952 -0.096721 -0.386864
v 0.156797 -0.086382 -0.383371
v 0.144642 -0.096721 -0.386864
v 0.144642 -0.117258 -0.393849
v 0.156797 -0.092809 -0.417740
v 0.168952 -0.086941 -0.411732
v 0.168952 -0.074926 -0.399717
v 0.156797 -0.069058 -0.393570
v 0.144642 -0.074926 -0.399717
v 0.144642 -0.086941 -0.411732
v 0.156797 -0.045307 -0.425284
v 0.168952 -0.045307 -0.418299
v 0.168952 -0.045307 -0.404328
v 0.156797 -0.045307 -0.397342
v 0.144642 -0.045307 -0.404328
v 0.144642 -0.045307 -0.418299
v 0.156797 0.002194 -0.417740
v 0.168952 -0.003813 -0.411732
v 0.168952 -0.015689 -0.399717
v 0.156797 -0.021557 -0.393570
v 0.144642 -0.015689 -0.399717
v 0.144642 -0.003813 -0.411732
v 0.156797 0.036982 -0.397342
v 0.168952 0.026644 -0.393849
v 0.168952 0.006106 -0.386864
v 0.156797 -0.004232 -0.383371
v 0.144642 0.006106 -0.386864
v 0.144642 0.026644 -0.393849
v 0.156797 0.049696 -0.369400
v 0.168952 0.037821 -0.369400
v 0.168952 0.014070 -0.369400
v 0.156797 0.002194 -0.369400
v 0.144642 0.014070 -0.369400
v 0.144642 0.037821 -0.369400
v 0.156797 0.036982 -0.341458
v 0.168952 0.026644 -0.344951
v 0.168952 0.006106 -0.351936
v 0.156797 -0.004232 -0.355429
v 0.144642 0.006106 -0.351936
v 0.144642 0.026644 -0.344951
v 0.156797 0.002194 -0.321060
v 0.168952 -0.003674 -0.327068
v 0.168952 -0.015549 -0.339083
v 0.156797 -0.021557 -0.345230
v 0.144642 -0.015549 -0.339083
v 0.144642 -0.003674 -0.327068
v 0.156797 -0.045307 -0.313516
v 0.168952 -0.045307 -0.320501
v 0.168952 -0.045307 -0.334472
v 0.156797 -0.045307 -0.341458
v 0.144642 -0.045307 -0.334472
v 0.144642 -0.045307 -0.320501
v 0.156797 -0.092809 -0.321060
v 0.168952 -0.086941 -0.327068
v 0.168952 -0.074926 -0.339083
v 0.156797 -0.069058 -0.345230
v 0.144642 -0.074926 -0.339083
v 0.144642 -0.086941 -0.327068
v 0.156797 -0.127597 -0.341458
v 0.168952 -0.117258 -0.344951
v 0.168952 -0.096721 -0.351936
v 0.156797 -0.086382 -0.355429
v 0.144642 -0.096721 -0.351936
v 0.144642 -0.117258 -0.344951
v 0.090574 -0.197452 -0.369400
v 0.096582 -0.187114 -0.381555
v 0.108457 -0.166576 -0.381555
v 0.114325 -0.156238 -0.369400
v 0.108457 -0.166576 -0.357245
v 0.096582 -0.187114 -0.357245
v 0.121171 -0.200386 -0.369400
v 0.123266 -0.189768 -0.381555
v 0.127458 -0.168393 -0.381555
v 0.129553 -0.157775 -0.369400
v 0.127458 -0.168393 -0.357245
v 0.123266 -0.189768 -0.357245
v 0.156238 -0.180547 -0.369400
v 0.154003 -0.172304 -0.381555
v 0.149392 -0.155958 -0.381555
v 0.147157 -0.147855 -0.369400
v 0.149392 -0.155958 -0.357245
v 0.154003 -0.172304 -0.357245
v 0.186416 -0.143105 -0.369400
v 0.180408 -0.139612 -0.381555
v 0.168393 -0.132627 -0.381555
v 0.162246 -0.129134 -0.369400
v 0.168393 -0.132627 -0.357245
v 0.180408 -0.139612 -0.357245
v 0.203740 -0.098258 -0.369400
v 0.195497 -0.100353 -0.381555
v 0.179151 -0.104545 -0.381555
v 0.170908 -0.106640 -0.369400
v 0.179151 -0.104545 -0.357245
v 0.195497 -0.100353 -0.357245
v 0.203460 -0.057881 -0.369400
v 0.195217 -0.065007 -0.381555
v 0.178871 -0.079397 -0.381555
v 0.170768 -0.086522 -0.369400
v 0.178871 -0.079397 -0.357245
v 0.195217 -0.065007 -0.357245
v 0.185577 -0.032873 -0.369400
v 0.179709 -0.043212 -0.381555
v 0.167834 -0.063749 -0.381555
v 0.161826 -0.074088 -0.369400
v 0.167834 -0.063749 -0.357245
v 0.179709 -0.043212 -0.357245
v 0.154981 -0.029939 -0.369400
v 0.152885 -0.040557 -0.381555
v 0.148694 -0.061933 -0.381555
v 0.146598 -0.072551 -0.369400
v 0.148694 -0.061933 -0.357245
v 0.152885 -0.040557 -0.357245
v 0.119913 -0.049778 -0.369400
v 0.122149 -0.058021 -0.381555
v 0.126759 -0.074367 -0.381555
v 0.128994 -0.082470 -0.369400
v 0.126759 -0.074367 -0.357245
v 0.122149 -0.058021 -0.357245
v 0.089736 -0.087221 -0.369400
v 0.095743 -0.090713 -0.381555
v 0.107898 -0.097699 -0.381555
v 0.113906 -0.101192 -0.369400
v 0.107898 -0.097699 -0.357245
v 0.095743 -0.090713 -0.357245
v 0.072412 -0.132068 -0.369400
v 0.080655 -0.129972 -0.381555
v 0.097001 -0.125781 -0.381555
v 0.105244 -0.123685 -0.369400
v 0.097001 -0.125781 -0.357245
v 0.080655 -0.129972 -0.357245
v 0.072691 -0.172444 -0.369400
v 0.080934 -0.165319 -0.381555
v 0.097280 -0.150929 -0.381555
v 0.105383 -0.143803 -0.369400
v 0.097280 -0.150929 -0.357245
v 0.080934 -0.165319 -0.357245
v 0.004652 -0.213799 -0.369400
v 0.020998 -0.218409 -0.369400
v 0.041536 -0.206534 -0.369400
v 0.045867 -0.190048 -0.369400
v 0.029520 -0.185577 -0.369400
v 0.008843 -0.197452 -0.369400
v 0.015689 -0.207372 -0.397342
v 0.030638 -0.212821 -0.393849
v 0.048521 -0.202482 -0.386864
v 0.051315 -0.186834 -0.383371
v 0.036366 -0.181525 -0.386864
v 0.018483 -0.191864 -0.393849
v 0.045867 -0.190048 -0.417740
v 0.057043 -0.197592 -0.411732
v 0.067242 -0.191585 -0.399717
v 0.066404 -0.178172 -0.393570
v 0.055227 -0.170628 -0.399717
v 0.044889 -0.176635 -0.411732
v 0.086942 -0.166297 -0.425284
v 0.092949 -0.176775 -0.418299
v 0.092949 -0.176775 -0.404328
v 0.086942 -0.166297 -0.397342
v 0.080934 -0.155819 -0.404328
v 0.080934 -0.155819 -0.418299
v 0.128017 -0.142546 -0.417740
v 0.128994 -0.155958 -0.411732
v 0.118656 -0.161966 -0.399717
v 0.107479 -0.154421 -0.393570
v 0.106641 -0.141009 -0.399717
v 0.116840 -0.135002 -0.411732
v 0.158194 -0.125222 -0.397342
v 0.155400 -0.140730 -0.393849
v 0.137517 -0.151068 -0.386864
v 0.122568 -0.145759 -0.383371
v 0.125362 -0.130112 -0.386864
v 0.143245 -0.119773 -0.393849
v 0.169231 -0.118795 -0.369400
v 0.165040 -0.135281 -0.369400
v 0.144363 -0.147157 -0.369400
v 0.128017 -0.142546 -0.369400
v 0.132348 -0.126200 -0.369400
v 0.152885 -0.114324 -0.369400
v 0.158194 -0.125222 -0.341458
v 0.155400 -0.140730 -0.344951
v 0.137517 -0.151068 -0.351936
v 0.122568 -0.145759 -0.355429
v 0.125362 -0.130112 -0.351936
v 0.143245 -0.119773 -0.344951
v 0.128017 -0.142546 -0.321060
v 0.128994 -0.155958 -0.327068
v 0.118656 -0.161966 -0.339083
v 0.107479 -0.154421 -0.345230
v 0.106641 -0.141009 -0.339083
v 0.116840 -0.135002 -0.327068
v 0.086942 -0.166297 -0.313516
v 0.092949 -0.176775 -0.320501
v 0.092949 -0.176775 -0.334472
v 0.086942 -0.166297 -0.341458
v 0.080934 -0.155819 -0.334472
v 0.080934 -0.155819 -0.320501
v 0.045867 -0.190048 -0.321060
v 0.057043 -0.197592 -0.327068
v 0.067242 -0.191585 -0.339083
v 0.066404 -0.178172 -0.345230
v 0.055227 -0.170628 -0.339083
v 0.044889 -0.176635 -0.327068
v 0.015689 -0.207372 -0.341458
v 0.030638 -0.212821 -0.344951
v 0.048521 -0.202482 -0.351936
v 0.051315 -0.186834 -0.355429
v 0.036366 -0.181525 -0.351936
v 0.018483 -0.191864 -0.344951
v -0.077917 -0.185018 -0.369400
v -0.066042 -0.185018 -0.381555
v -0.042291 -0.185018 -0.381555
v -0.030415 -0.185018 -0.369400
v -0.042291 -0.185018 -0.357245
v -0.066042 -0.185018 -0.357245
v -0.065203 -0.212960 -0.369400
v -0.054865 -0.209468 -0.381555
v -0.034327 -0.202482 -0.381555
v -0.023989 -0.198989 -0.369400
v -0.034327 -0.202482 -0.357245
v -0.054865 -0.209468 -0.357245
v -0.030415 -0.233358 -0.369400
v -0.024408 -0.227350 -0.381555
v -0.012533 -0.215335 -0.381555
v -0.006665 -0.209188 -0.369400
v -0.012533 -0.215335 -0.357245
v -0.024408 -0.227350 -0.357245
v 0.017086 -0.240902 -0.369400
v 0.017086 -0.233917 -0.381555
v 0.017086 -0.219946 -0.381555
v 0.017086 -0.212960 -0.369400
v 0.017086 -0.219946 -0.357245
v 0.017086 -0.233917 -0.357245
v 0.064588 -0.233358 -0.369400
v 0.058720 -0.227350 -0.381555
v 0.046845 -0.215335 -0.381555
v 0.040837 -0.209188 -0.369400
v 0.046705 -0.215335 -0.357245
v 0.058720 -0.227350 -0.357245
v 0.099376 -0.212960 -0.369400
v 0.089037 -0.209468 -0.381555
v 0.068500 -0.202482 -0.381555
v 0.058161 -0.198989 -0.369400
v 0.068500 -0.202482 -0.357245
v 0.089037 -0.209468 -0.357245
v 0.112089 -0.185018 -0.369400
v 0.100214 -0.185018 -0.381555
v 0.076463 -0.185018 -0.381555
v 0.064588 -0.185018 -0.369400
v 0.076463 -0.185018 -0.357245
v 0.100214 -0.185018 -0.357245
v 0.099376 -0.157076 -0.369400
v 0.089037 -0.160569 -0.381555
v 0.068500 -0.167554 -0.381555
v 0.058161 -0.171047 -0.369400
v 0.068500 -0.167554 -0.357245
v 0.089037 -0.160569 -0.357245
v 0.064588 -0.136678 -0.369400
v 0.058720 -0.142686 -0.381555
v 0.046845 -0.154701 -0.381555
v 0.040837 -0.160848 -0.369400
v 0.046845 -0.154701 -0.357245
v 0.058720 -0.142686 -0.357245
v 0.017086 -0.129134 -0.369400
v 0.017086 -0.136119 -0.381555
v 0.017086 -0.150090 -0.381555
v 0.017086 -0.157076 -0.369400
v 0.017086 -0.150090 -0.357245
v 0.017086 -0.136119 -0.357245
v -0.030415 -0.136678 -0.369400
v -0.024408 -0.142686 -0.381555
v -0.012533 -0.154701 -0.381555
v -0.006665 -0.160848 -0.369400
v -0.012533 -0.154701 -0.357245
v -0.024408 -0.142686 -0.357245
v -0.065203 -0.157076 -0.369400
v -0.054865 -0.160569 -0.381555
v -0.034327 -0.167554 -0.381555
v -0.023989 -0.171047 -0.369400
v -0.034327 -0.167554 -0.357245
v -0.054865 -0.160569 -0.357245
v -0.135059 -0.118795 -0.369400
v -0.130867 -0.135281 -0.369400
v -0.110190 -0.147157 -0.369400
v -0.093844 -0.142546 -0.369400
v -0.098175 -0.126200 -0.369400
v -0.118713 -0.114325 -0.369400
v -0.124022 -0.125222 -0.397342
v -0.121227 -0.140730 -0.393849
v -0.103344 -0.151068 -0.386864
v -0.088395 -0.145759 -0.383371
v -0.091190 -0.130112 -0.386864
v -0.109073 -0.119773 -0.393849
v -0.093844 -0.142546 -0.417740
v -0.094822 -0.155958 -0.411732
v -0.084484 -0.161966 -0.399717
v -0.073307 -0.154421 -0.393570
v -0.072468 -0.141009 -0.399717
v -0.082667 -0.135002 -0.411732
v -0.052769 -0.166297 -0.425284
v -0.058777 -0.176775 -0.418299
v -0.058777 -0.176775 -0.404328
v -0.052769 -0.166297 -0.397342
v -0.046762 -0.155819 -0.404328
v -0.046762 -0.155819 -0.418299
v -0.011694 -0.190048 -0.417740
v -0.022871 -0.197592 -0.411732
v -0.033070 -0.191585 -0.399717
v -0.032232 -0.178172 -0.393570
v -0.021055 -0.170628 -0.399717
v -0.010716 -0.176635 -0.411732
v 0.018483 -0.207372 -0.397342
v 0.003534 -0.212821 -0.393849
v -0.014349 -0.202482 -0.386864
v -0.017143 -0.186834 -0.383371
v -0.002194 -0.181525 -0.386864
v 0.015689 -0.191864 -0.393849
v 0.029520 -0.213799 -0.369400
v 0.013174 -0.218409 -0.369400
v -0.007363 -0.206534 -0.369400
v -0.011694 -0.190048 -0.369400
v 0.004652 -0.185577 -0.369400
v 0.025329 -0.197452 -0.369400
v 0.018483 -0.207372 -0.341458
v 0.003534 -0.212821 -0.344951
v -0.014349 -0.202482 -0.351936
v -0.017143 -0.186834 -0.355429
v -0.002194 -0.181525 -0.351936
v 0.015689 -0.191864 -0.344951
v -0.011694 -0.190048 -0.321060
v -0.022871 -0.197592 -0.327068
v -0.033070 -0.191585 -0.339083
v -0.032232 -0.178172 -0.345230
v -0.021055 -0.170628 -0.339083
v -0.010716 -0.176635 -0.327068
v -0.052769 -0.166297 -0.313516
v -0.058777 -0.176775 -0.320501
v -0.058777 -0.176775 -0.334472
v -0.052769 -0.166297 -0.341458
v -0.046762 -0.155819 -0.334472
v -0.046762 -0.155819 -0.320501
v -0.093844 -0.142546 -0.321060
v -0.094822 -0.155958 -0.327068
v -0.084484 -0.161966 -0.339083
v -0.073307 -0.154421 -0.345230
v -0.072468 -0.141009 -0.339083
v -0.082667 -0.135002 -0.327068
v -0.124022 -0.125222 -0.341458
v -0.121227 -0.140730 -0.344951
v -0.103344 -0.151068 -0.351936
v -0.088395 -0.145759 -0.355429
v -0.091190 -0.130112 -0.351936
v -0.109073 -0.119773 -0.344951
v -0.151405 -0.032873 -0.369400
v -0.145537 -0.043212 -0.381555
v -0.133662 -0.063749 -0.381555
v -0.127654 -0.074088 -0.369400
v -0.133662 -0.063749 -0.357245
v -0.145537 -0.043212 -0.357245
v -0.169288 -0.057881 -0.369400
v -0.161045 -0.065007 -0.381555
v -0.144699 -0.079397 -0.381555
v -0.136596 -0.086522 -0.369400
v -0.144699 -0.079397 -0.357245
v -0.161045 -0.065007 -0.357245
v -0.169567 -0.098258 -0.369400
v -0.161324 -0.100353 -0.381555
v -0.144978 -0.104545 -0.381555
v -0.136735 -0.106640 -0.369400
v -0.144978 -0.104545 -0.357245
v -0.161324 -0.100353 -0.357245
v -0.152243 -0.143105 -0.369400
v -0.146236 -0.139612 -0.381555
v -0.134221 -0.132627 -0.381555
v -0.128073 -0.129134 -0.369400
v -0.134221 -0.132627 -0.357245
v -0.146236 -0.139612 -0.357245
v -0.122066 -0.180547 -0.369400
v -0.119830 -0.172304 -0.381555
v -0.115220 -0.155958 -0.381555
v -0.112985 -0.147855 -0.369400
v -0.115220 -0.155958 -0.357245
v -0.119830 -0.172304 -0.357245
v -0.086998 -0.200386 -0.369400
v -0.089094 -0.189768 -0.381555
v -0.093285 -0.168393 -0.381555
v -0.095381 -0.157775 -0.369400
v -0.093285 -0.168393 -0.357245
v -0.089094 -0.189768 -0.357245
v -0.056402 -0.197452 -0.369400
v -0.062409 -0.187114 -0.381555
v -0.074285 -0.166576 -0.381555
v -0.080152 -0.156238 -0.369400
v -0.074285 -0.166576 -0.357245
v -0.062409 -0.187114 -0.357245
v -0.038519 -0.172444 -0.369400
v -0.046762 -0.165319 -0.381555
v -0.063108 -0.150929 -0.381555
v -0.071211 -0.143803 -0.369400
v -0.063108 -0.150929 -0.357245
v -0.046762 -0.165319 -0.357245
v -0.038239 -0.132068 -0.369400
v -0.046482 -0.129972 -0.381555
v -0.062828 -0.125781 -0.381555
v -0.071071 -0.123685 -0.369400
v -0.062828 -0.125781 -0.357245
v -0.046482 -0.129972 -0.357245
v -0.055563 -0.087221 -0.369400
v -0.061571 -0.090713 -0.381555
v -0.073726 -0.097699 -0.381555
v -0.079733 -0.101192 -0.369400
v -0.073726 -0.097699 -0.357245
v -0.061571 -0.090713 -0.357245
v -0.085741 -0.049778 -0.369400
v -0.087976 -0.058021 -0.381555
v -0.092587 -0.074367 -0.381555
v -0.094822 -0.082470 -0.369400
v -0.092587 -0.074367 -0.357245
v -0.087976 -0.058021 -0.357245
v -0.120808 -0.029939 -0.369400
v -0.118713 -0.040557 -0.381555
v -0.114521 -0.061933 -0.381555
v -0.112426 -0.072551 -0.369400
v -0.114521 -0.061933 -0.357245
v -0.118713 -0.040557 -0.357245
v -0.122625 0.049696 -0.369400
v -0.134779 0.037820 -0.369400
v -0.134779 0.014070 -0.369400
v -0.122625 0.002194 -0.369400
v -0.110470 0.014070 -0.369400
v -0.110470 0.037820 -0.369400
v -0.122625 0.036982 -0.397342
v -0.134779 0.026644 -0.393849
v -0.134779 0.006106 -0.386864
v -0.122625 -0.004232 -0.383371
v -0.110470 0.006106 -0.386864
v -0.110470 0.026644 -0.393849
v -0.122625 0.002194 -0.417740
v -0.134779 -0.003813 -0.411732
v -0.134779 -0.015689 -0.399717
v -0.122625 -0.021557 -0.393570
v -0.110470 -0.015689 -0.399717
v -0.110470 -0.003813 -0.411732
v -0.122625 -0.045307 -0.425284
v -0.134779 -0.045307 -0.418299
v -0.134779 -0.045307 -0.404328
v -0.122625 -0.045307 -0.397342
v -0.110470 -0.045307 -0.404328
v -0.110470 -0.045307 -0.418299
v -0.122625 -0.092809 -0.417740
v -0.134779 -0.086941 -0.411732
v -0.134779 -0.075066 -0.399717
v -0.122625 -0.069058 -0.393570
v -0.110470 -0.075066 -0.399717
v -0.110470 -0.086941 -0.411732
v -0.122625 -0.127597 -0.397342
v -0.134779 -0.117258 -0.393849
v -0.134779 -0.096721 -0.386864
v -0.122625 -0.086382 -0.383371
v -0.110470 -0.096721 -0.386864
v -0.110470 -0.117258 -0.393849
v -0.122625 -0.140311 -0.369400
v -0.134779 -0.128435 -0.369400
v -0.134779 -0.104684 -0.369400
v -0.122625 -0.092809 -0.369400
v -0.110470 -0.104684 -0.369400
v -0.110470 -0.128435 -0.369400
v -0.122625 -0.127597 -0.341458
v -0.134779 -0.117258 -0.344951
v -0.134779 -0.096721 -0.351936
v -0.122625 -0.086382 -0.355429
v -0.110470 -0.096721 -0.351936
v -0.110470 -0.117258 -0.344951
v -0.122625 -0.092809 -0.321060
v -0.134779 -0.086941 -0.327068
v -0.134779 -0.075066 -0.339083
v -0.122625 -0.069058 -0.345230
v -0.110470 -0.075066 -0.339083
v -0.110470 -0.086941 -0.327068
v -0.122625 -0.045307 -0.313516
v -0.134779 -0.045307 -0.320501
v -0.134779 -0.045307 -0.334472
v -0.122625 -0.045307 -0.341458
v -0.110470 -0.045307 -0.334472
v -0.110470 -0.045307 -0.320501
v -0.122625 0.002194 -0.321060
v -0.134779 -0.003813 -0.327068
v -0.134779 -0.015689 -0.339083
v -0.122625 -0.021557 -0.345230
v -0.110470 -0.015689 -0.339083
v -0.110470 -0.003813 -0.327068
v -0.122625 0.036982 -0.341458
v -0.134779 0.026644 -0.344951
v -0.134779 0.006106 -0.351936
v -0.122625 -0.004232 -0.355429
v -0.110470 0.006106 -0.351936
v -0.110470 0.026644 -0.344951
v -0.056402 0.106838 -0.369400
v -0.062409 0.096499 -0.381555
v -0.074285 0.075962 -0.381555
v -0.080153 0.065623 -0.369400
v -0.074285 0.075962 -0.357245
v -0.062409 0.096499 -0.357245
v -0.086998 0.109772 -0.369400
v -0.089094 0.099154 -0.381555
v -0.093285 0.077778 -0.381555
v -0.095381 0.067160 -0.369400
v -0.093285 0.077778 -0.357245
v -0.089094 0.099154 -0.357245
v -0.122066 0.089933 -0.369400
v -0.119830 0.081690 -0.381555
v -0.115220 0.065344 -0.381555
v -0.112985 0.057240 -0.369400
v -0.115220 0.065344 -0.357245
v -0.119830 0.081690 -0.357245
v -0.152243 0.052490 -0.369400
v -0.146236 0.048997 -0.381555
v -0.134221 0.042012 -0.381555
v -0.128073 0.038519 -0.369400
v -0.134221 0.042012 -0.357245
v -0.146236 0.048997 -0.357245
v -0.169567 0.007643 -0.369400
v -0.161324 0.009739 -0.381555
v -0.144978 0.013930 -0.381555
v -0.136735 0.016026 -0.369400
v -0.144978 0.013930 -0.357245
v -0.161324 0.009739 -0.357245
v -0.169288 -0.032733 -0.369400
v -0.161045 -0.025608 -0.381555
v -0.144699 -0.011218 -0.381555
v -0.136596 -0.004093 -0.369400
v -0.144699 -0.011218 -0.357245
v -0.161045 -0.025608 -0.357245
v -0.151405 -0.057742 -0.369400
v -0.145537 -0.047403 -0.381555
v -0.133662 -0.026866 -0.381555
v -0.127654 -0.016527 -0.369400
v -0.133662 -0.026866 -0.357245
v -0.145537 -0.047403 -0.357245
v -0.120808 -0.060676 -0.369400
v -0.118713 -0.050058 -0.381555
v -0.114521 -0.028682 -0.381555
v -0.112426 -0.018064 -0.369400
v -0.114521 -0.028682 -0.357245
v -0.118713 -0.050058 -0.357245
v -0.085741 -0.040837 -0.369400
v -0.087976 -0.032594 -0.381555
v -0.092587 -0.016248 -0.381555
v -0.094822 -0.008144 -0.369400
v -0.092587 -0.016248 -0.357245
v -0.087976 -0.032594 -0.357245
v -0.055563 -0.003394 -0.369400
v -0.061571 0.000099 -0.381555
v -0.073726 0.007084 -0.381555
v -0.079733 0.010577 -0.369400
v -0.073726 0.007084 -0.357245
v -0.061571 0.000099 -0.357245
v -0.038239 0.041453 -0.369400
v -0.046482 0.039357 -0.381555
v -0.062828 0.035166 -0.381555
v -0.071071 0.033070 -0.369400
v -0.062828 0.035166 -0.357245
v -0.046482 0.039357 -0.357245
v -0.038519 0.081829 -0.369400
v -0.046762 0.074704 -0.381555
v -0.063108 0.060314 -0.381555
v -0.071211 0.053189 -0.369400
v -0.063108 0.060314 -0.357245
v -0.046762 0.074704 -0.357245
v 0.029520 0.123184 -0.369400
v 0.013174 0.127794 -0.369400
v -0.007363 0.115919 -0.369400
v -0.011694 0.099433 -0.369400
v 0.004652 0.094962 -0.369400
v 0.025329 0.106838 -0.369400
v 0.018483 0.116757 -0.397342
v 0.003534 0.122206 -0.393849
v -0.014349 0.111867 -0.386864
v -0.017143 0.096220 -0.383371
v -0.002194 0.090911 -0.386864
v 0.015689 0.101249 -0.393849
v -0.011694 0.099433 -0.417740
v -0.022871 0.106977 -0.411732
v -0.033070 0.100970 -0.399717
v -0.032232 0.087558 -0.393570
v -0.021055 0.080013 -0.399717
v -0.010716 0.086021 -0.411732
v -0.052769 0.075682 -0.425284
v -0.058777 0.086160 -0.418299
v -0.058777 0.086160 -0.404328
v -0.052769 0.075682 -0.397342
v -0.046762 0.065204 -0.404328
v -0.046762 0.065204 -0.418299
v -0.093844 0.051931 -0.417740
v -0.094822 0.065344 -0.411732
v -0.084484 0.071351 -0.399717
v -0.073307 0.063807 -0.393570
v -0.072468 0.050394 -0.399717
v -0.082667 0.044387 -0.411732
v -0.124022 0.034607 -0.397342
v -0.121227 0.050115 -0.393849
v -0.103345 0.060454 -0.386864
v -0.088395 0.055145 -0.383371
v -0.091190 0.039497 -0.386864
v -0.109073 0.029158 -0.393849
v -0.135059 0.028180 -0.369400
v -0.130868 0.044666 -0.369400
v -0.110190 0.056542 -0.369400
v -0.093844 0.051931 -0.369400
v -0.098175 0.035585 -0.369400
v -0.118713 0.023710 -0.369400
v -0.124022 0.034607 -0.341458
v -0.121227 0.050115 -0.344951
v -0.103345 0.060454 -0.351936
v -0.088395 0.055145 -0.355429
v -0.091190 0.039497 -0.351936
v -0.109073 0.029158 -0.344951
v -0.093844 0.051931 -0.321060
v -0.094822 0.065344 -0.327068
v -0.084484 0.071351 -0.339083
v -0.073307 0.063807 -0.345230
v -0.072468 0.050394 -0.339083
v -0.082667 0.044387 -0.327068
v -0.052769 0.075682 -0.313516
v -0.058777 0.086160 -0.320501
v -0.058777 0.086160 -0.334472
v -0.052769 0.075682 -0.341458
v -0.046762 0.065204 -0.334472
v -0.046762 0.065204 -0.320501
v -0.011694 0.099433 -0.321060
v -0.022871 0.106977 -0.327068
v -0.033070 0.100970 -0.339083
v -0.032232 0.087558 -0.345230
v -0.021055 0.080013 -0.339083
v -0.010716 0.086021 -0.327068
v 0.018483 0.116757 -0.341458
v 0.003534 0.122206 -0.344951
v -0.014349 0.111867 -0.351936
v -0.017143 0.096220 -0.355429
v -0.002194 0.090911 -0.351936
v 0.015689 0.101249 -0.344951
vn -0.6793 -0.3098 0.6653
vn -0.0000 -0.0000 1.0000
vn 0.6790 0.3108 0.6651
vn 0.6790 0.3108 -0.6651
vn -0.0000 -0.0000 -1.0000
vn -0.6793 -0.3098 -0.6653
vn -0.4202 -0.7146 0.5594
vn 0.4202 0.7106 0.5643
vn 0.4198 0.7124 -0.5624
vn -0.4201 -0.7146 -0.5594
vn -0.1361 -0.8597 0.4923
vn 0.1343 0.8576 0.4965
vn 0.1347 0.8578 -0.4960
vn -0.1361 -0.8597 -0.4923
vn 0.1362 -0.8593 0.4930
vn -0.1347 0.8578 0.4960
vn -0.1347 0.8578 -0.4960
vn 0.1362 -0.8593 -0.4930
vn 0.4190 -0.7141 0.5608
vn -0.4198 0.7124 0.5624
vn -0.4198 0.7124 -0.5624
vn 0.4190 -0.7141 -0.5608
vn 0.6793 -0.3098 0.6653
vn -0.6790 0.3108 0.6651
vn -0.6790 0.3108 -0.6651
vn 0.6793 -0.3098 -0.6653
vn 0.6793 0.3098 0.6653
vn -0.6790 -0.3108 0.6651
vn -0.6790 -0.3108 -0.6651
vn 0.6793 0.3098 -0.6653
vn 0.4201 0.7146 0.5594
vn -0.4202 -0.7106 0.5643
vn -0.4202 -0.7106 -0.5643
vn 0.4201 0.7146 -0.5594
vn 0.1361 0.8597 0.4923
vn -0.1343 -0.8576 0.4965
vn -0.1343 -0.8576 -0.4965
vn 0.1361 0.8597 -0.4923
vn -0.1361 0.8597 0.4923
vn 0.1343 -0.8576 0.4965
vn 0.1347 -0.8578 -0.4960
vn -0.1361 0.8597 -0.4923
vn -0.4202 0.7146 0.5594
vn 0.4202 -0.7106 0.5643
vn 0.4198 -0.7124 -0.5624
vn -0.4201 0.7146 -0.5594
vn -0.6793 0.3098 0.6653
vn 0.6790 -0.3108 0.6651
vn 0.6790 -0.3108 -0.6651
vn -0.6793 0.3098 -0.6653
vn 0.9211 0.2350 -0.3103
vn 0.4988 0.8667 -0.0026
vn -0.2561 0.9163 0.3079
vn -0.9203 -0.2388 0.3099
vn -0.4999 -0.8661 0.0049
vn 0.2559 -0.9161 -0.3087
vn 0.6423 0.2753 -0.7153
vn 0.5005 0.8657 -0.0013
vn -0.0809 0.6981 0.7115
vn -0.6459 -0.2792 0.7105
vn -0.5021 -0.8648 0.0020
vn 0.0849 -0.6936 -0.7153
vn 0.3652 0.3601 -0.8585
vn 0.4999 0.8661 -0.0013
vn 0.1322 0.4983 0.8569
vn -0.3661 -0.3655 0.8558
vn -0.5010 -0.8654 0.0034
vn -0.1295 -0.4956 -0.8588
vn 0.1295 0.4956 -0.8588
vn 0.5010 0.8654 0.0034
vn 0.3661 0.3655 0.8558
vn -0.1322 -0.4983 0.8569
vn -0.4999 -0.8661 -0.0013
vn -0.3652 -0.3601 -0.8585
vn -0.0849 0.6936 -0.7153
vn 0.5021 0.8648 0.0020
vn 0.6459 0.2792 0.7105
vn 0.0809 -0.6981 0.7115
vn -0.5005 -0.8657 -0.0013
vn -0.6423 -0.2753 -0.7153
vn -0.2590 0.9141 -0.3119
vn 0.5006 0.8657 -0.0005
vn 0.9208 0.2378 0.3093
vn 0.2518 -0.9167 0.3103
vn -0.4996 -0.8663 0.0028
vn -0.9212 -0.2359 -0.3094
vn -0.2590 0.9141 0.3119
vn 0.5006 0.8657 0.0005
vn 0.9208 0.2378 -0.3093
vn 0.2518 -0.9167 -0.3103
vn -0.4996 -0.8663 -0.0028
vn -0.9212 -0.2359 0.3094
vn -0.0849 0.6937 0.7153
vn 0.5021 0.8648 -0.0020
vn 0.6459 0.2792 -0.7105
vn 0.0809 -0.6981 -0.7115
vn -0.5005 -0.8657 0.0013
vn -0.6423 -0.2753 0.7153
vn 0.1295 0.4956 0.8588
vn 0.5010 0.8654 -0.0034
vn 0.3661 0.3655 -0.8558
vn -0.1322 -0.4983 -0.8569
vn -0.4999 -0.8661 0.0013
vn -0.3652 -0.3601 0.8585
vn 0.3652 0.3601 0.8585
vn 0.4999 0.8661 0.0013
vn 0.1322 0.4983 -0.8569
vn -0.3661 -0.3655 -0.8558
vn -0.5010 -0.8654 -0.0034
vn -0.1295 -0.4956 0.8588
vn 0.6423 0.2753 0.7153
vn 0.5005 0.8657 0.0013
vn -0.0809 0.6981 -0.7115
vn -0.6459 -0.2792 -0.7105
vn -0.5021 -0.8648 -0.0020
vn 0.0849 -0.6937 0.7153
vn 0.9211 0.2350 0.3103
vn 0.4988 0.8667 0.0026
vn -0.2561 0.9163 -0.3079
vn -0.9203 -0.2388 -0.3099
vn -0.4999 -0.8661 -0.0049
vn 0.2559 -0.9161 0.3087
vn -0.6082 0.4339 0.6647
vn 0.6088 -0.4332 0.6646
vn 0.6088 -0.4332 -0.6646
vn -0.6082 0.4339 -0.6647
vn -0.8265 0.0061 0.5628
vn 0.8285 -0.0077 0.5600
vn 0.8285 -0.0077 -0.5600
vn -0.8265 0.0061 -0.5628
vn -0.8115 -0.3127 0.4937
vn 0.8099 0.3110 0.4973
vn 0.8099 0.3110 -0.4973
vn -0.8115 -0.3127 -0.4937
vn -0.6770 -0.5462 0.4933
vn 0.6754 0.5475 0.4941
vn 0.6754 0.5475 -0.4941
vn -0.6770 -0.5462 -0.4933
vn -0.4082 -0.7201 0.5611
vn 0.4083 0.7221 0.5585
vn 0.4083 0.7221 -0.5585
vn -0.4082 -0.7201 -0.5611
vn 0.0725 -0.7433 0.6650
vn -0.0728 0.7435 0.6648
vn -0.0728 0.7435 -0.6648
vn 0.0725 -0.7433 -0.6650
vn 0.6058 -0.4340 0.6669
vn -0.6086 0.4360 0.6630
vn -0.6086 0.4360 -0.6630
vn 0.6058 -0.4340 -0.6669
vn 0.8265 -0.0061 0.5628
vn -0.8285 0.0077 0.5600
vn -0.8285 0.0077 -0.5600
vn 0.8265 -0.0061 -0.5628
vn 0.8115 0.3127 0.4937
vn -0.8112 -0.3137 0.4935
vn -0.8112 -0.3137 -0.4935
vn 0.8115 0.3127 -0.4937
vn 0.6770 0.5462 0.4933
vn -0.6779 -0.5473 0.4909
vn -0.6779 -0.5473 -0.4909
vn 0.6770 0.5462 -0.4933
vn 0.4082 0.7201 0.5611
vn -0.4083 -0.7221 0.5585
vn -0.4083 -0.7221 -0.5585
vn 0.4082 0.7201 -0.5611
vn -0.0724 0.7436 0.6647
vn -0.0724 0.7436 -0.6647
vn 0.6653 -0.6793 -0.3098
vn 1.0000 -0.0000 -0.0000
vn 0.6651 0.6790 0.3108
vn -0.6651 0.6790 0.3108
vn -1.0000 -0.0000 -0.0000
vn -0.6653 -0.6793 -0.3098
vn 0.5594 -0.4201 -0.7146
vn 0.5624 0.4198 0.7124
vn -0.5624 0.4198 0.7124
vn -0.5594 -0.4201 -0.7146
vn 0.4923 -0.1361 -0.8597
vn 0.4960 0.1347 0.8578
vn -0.4960 0.1347 0.8578
vn -0.4923 -0.1361 -0.8597
vn 0.4930 0.1363 -0.8593
vn 0.4960 -0.1347 0.8578
vn -0.4960 -0.1347 0.8578
vn -0.4930 0.1363 -0.8593
vn 0.5608 0.4190 -0.7141
vn 0.5624 -0.4198 0.7124
vn -0.5624 -0.4198 0.7124
vn -0.5608 0.4190 -0.7141
vn 0.6653 0.6793 -0.3098
vn 0.6651 -0.6790 0.3108
vn -0.6651 -0.6790 0.3108
vn -0.6653 0.6793 -0.3098
vn 0.6653 0.6793 0.3098
vn 0.6651 -0.6790 -0.3108
vn -0.6651 -0.6790 -0.3108
vn -0.6653 0.6793 0.3098
vn 0.5594 0.4202 0.7146
vn 0.5643 -0.4202 -0.7106
vn -0.5643 -0.4202 -0.7106
vn -0.5594 0.4202 0.7146
vn 0.4923 0.1361 0.8597
vn 0.4965 -0.1343 -0.8576
vn -0.4965 -0.1343 -0.8576
vn -0.4923 0.1361 0.8597
vn 0.4923 -0.1361 0.8597
vn 0.4959 0.1347 -0.8578
vn -0.4959 0.1347 -0.8578
vn -0.4923 -0.1361 0.8597
vn 0.5594 -0.4201 0.7146
vn 0.5624 0.4198 -0.7124
vn -0.5624 0.4198 -0.7124
vn -0.5594 -0.4202 0.7146
vn 0.6653 -0.6793 0.3098
vn 0.6651 0.6790 -0.3108
vn -0.6651 0.6790 -0.3108
vn -0.6653 -0.6793 0.3098
vn 0.0725 0.7433 0.6650
vn -0.0728 -0.7435 0.6648
vn -0.0728 -0.7435 -0.6648
vn 0.0725 0.7433 -0.6650
vn -0.4082 0.7201 0.5611
vn 0.4083 -0.7221 0.5585
vn 0.4083 -0.7221 -0.5585
vn -0.4082 0.7201 -0.5611
vn -0.6770 0.5462 0.4933
vn 0.6754 -0.5475 0.4941
vn 0.6754 -0.5475 -0.4941
vn -0.6770 0.5462 -0.4933
vn -0.8115 0.3127 0.4937
vn 0.8099 -0.3110 0.4973
vn 0.8099 -0.3110 -0.4973
vn -0.8115 0.3127 -0.4937
vn -0.8265 -0.0061 0.5628
vn 0.8285 0.0077 0.5600
vn 0.8285 0.0077 -0.5600
vn -0.8265 -0.0061 -0.5628
vn -0.6082 -0.4339 0.6647
vn 0.6088 0.4332 0.6646
vn 0.6088 0.4332 -0.6646
vn -0.6082 -0.4339 -0.6647
vn -0.0724 -0.7436 0.6647
vn -0.0724 -0.7436 -0.6647
vn 0.4082 -0.7201 0.5611
vn -0.4083 0.7221 0.5585
vn -0.4083 0.7221 -0.5585
vn 0.4082 -0.7201 -0.5611
vn 0.6770 -0.5462 0.4933
vn -0.6779 0.5473 0.4909
vn -0.6779 0.5473 -0.4909
vn 0.6770 -0.5462 -0.4933
vn 0.8115 -0.3127 0.4937
vn -0.8112 0.3137 0.4935
vn -0.8112 0.3137 -0.4935
vn 0.8115 -0.3127 -0.4937
vn 0.8265 0.0061 0.5628
vn -0.8285 -0.0077 0.5600
vn -0.8285 -0.0077 -0.5600
vn 0.8265 0.0061 -0.5628
vn 0.6058 0.4340 0.6669
vn -0.6086 -0.4360 0.6630
vn -0.6086 -0.4360 -0.6630
vn 0.6058 0.4340 -0.6669
vn -0.2590 -0.9141 -0.3119
vn 0.5006 -0.8657 -0.0005
vn 0.9208 -0.2378 0.3093
vn 0.2518 0.9167 0.3103
vn -0.4996 0.8663 0.0028
vn -0.9212 0.2359 -0.3094
vn -0.0849 -0.6936 -0.7153
vn 0.5021 -0.8648 0.0020
vn 0.6459 -0.2792 0.7105
vn 0.0809 0.6981 0.7115
vn -0.5005 0.8657 -0.0013
vn -0.6423 0.2753 -0.7153
vn 0.1295 -0.4956 -0.8588
vn 0.5010 -0.8654 0.0034
vn 0.3661 -0.3655 0.8558
vn -0.1322 0.4983 0.8569
vn -0.4999 0.8661 -0.0013
vn -0.3652 0.3601 -0.8585
vn 0.3652 -0.3601 -0.8585
vn 0.4999 -0.8661 -0.0013
vn 0.1322 -0.4983 0.8569
vn -0.3661 0.3655 0.8558
vn -0.5010 0.8654 0.0034
vn -0.1295 0.4956 -0.8588
vn 0.6423 -0.2753 -0.7153
vn 0.5005 -0.8657 -0.0013
vn -0.0809 -0.6981 0.7115
vn -0.6459 0.2792 0.7105
vn -0.5021 0.8648 0.0020
vn 0.0849 0.6936 -0.7153
vn 0.9211 -0.2350 -0.3103
vn 0.4988 -0.8667 -0.0026
vn -0.2561 -0.9163 0.3079
vn -0.9203 0.2388 0.3099
vn -0.4999 0.8661 0.0049
vn 0.2559 0.9161 -0.3087
vn 0.9211 -0.2350 0.3103
vn 0.4988 -0.8667 0.0026
vn -0.2561 -0.9163 -0.3079
vn -0.9203 0.2388 -0.3099
vn -0.4999 0.8661 -0.0049
vn 0.2559 0.9161 0.3087
vn 0.6423 -0.2753 0.7153
vn 0.5005 -0.8657 0.0013
vn -0.0809 -0.6981 -0.7115
vn -0.6459 0.2792 -0.7105
vn -0.5021 0.8648 -0.0020
vn 0.0849 0.6937 0.7153
vn 0.3652 -0.3601 0.8585
vn 0.4999 -0.8661 0.0013
vn 0.1322 -0.4983 -0.8569
vn -0.3661 0.3655 -0.8558
vn -0.5010 0.8654 -0.0034
vn -0.1295 0.4956 0.8588
vn 0.1295 -0.4956 0.8588
vn 0.5010 -0.8654 -0.0034
vn 0.3661 -0.3655 -0.8558
vn -0.1322 0.4983 -0.8569
vn -0.4999 0.8661 0.0013
vn -0.3652 0.3601 0.8585
vn -0.0849 -0.6937 0.7153
vn 0.5021 -0.8648 -0.0020
vn 0.6459 -0.2792 -0.7105
vn 0.0809 0.6981 -0.7115
vn -0.5005 0.8657 0.0013
vn -0.6423 0.2753 0.7153
vn -0.2590 -0.9141 0.3119
vn 0.5006 -0.8657 0.0005
vn 0.9208 -0.2378 -0.3093
vn 0.2518 0.9167 -0.3103
vn -0.4996 0.8663 -0.0028
vn -0.9212 0.2359 0.3094
vn 0.4190 0.7141 0.5608
vn -0.4198 -0.7124 0.5624
vn -0.4198 -0.7124 -0.5624
vn 0.4190 0.7141 -0.5608
vn 0.1362 0.8593 0.4930
vn -0.1347 -0.8578 0.4960
vn -0.1347 -0.8578 -0.4960
vn 0.1362 0.8593 -0.4930
vn 0.4202 0.7106 -0.5644
vn 0.1343 0.8576 -0.4965
vn -0.9211 -0.2350 -0.3103
vn -0.4988 -0.8667 -0.0026
vn 0.2561 -0.9163 0.3079
vn 0.9203 0.2388 0.3099
vn 0.4999 0.8661 0.0049
vn -0.2559 0.9161 -0.3087
vn 0.2590 -0.9141 -0.3119
vn -0.5006 -0.8657 -0.0005
vn -0.9208 -0.2378 0.3093
vn -0.2518 0.9167 0.3103
vn 0.4996 0.8663 0.0028
vn 0.9212 0.2359 -0.3094
vn 0.2590 -0.9141 0.3119
vn -0.5006 -0.8657 0.0005
vn -0.9208 -0.2378 -0.3093
vn -0.2518 0.9167 -0.3103
vn 0.4996 0.8663 -0.0028
vn 0.9212 0.2359 0.3094
vn -0.9211 -0.2350 0.3103
vn -0.4988 -0.8667 0.0026
vn 0.2561 -0.9163 -0.3079
vn 0.9203 0.2388 -0.3099
vn 0.4999 0.8661 -0.0049
vn -0.2559 0.9161 0.3087
vn 0.6082 -0.4339 0.6647
vn -0.6088 0.4332 0.6646
vn -0.6088 0.4332 -0.6646
vn 0.6082 -0.4339 -0.6647
vn -0.8099 -0.3110 0.4973
vn -0.8099 -0.3110 -0.4973
vn -0.6754 -0.5475 0.4941
vn -0.6754 -0.5475 -0.4941
vn -0.0725 0.7433 0.6650
vn 0.0728 -0.7435 0.6648
vn 0.0728 -0.7435 -0.6648
vn -0.0725 0.7433 -0.6650
vn -0.6058 0.4340 0.6669
vn 0.6086 -0.4360 0.6630
vn 0.6086 -0.4360 -0.6630
vn -0.6058 0.4340 -0.6669
vn 0.8112 0.3137 0.4935
vn 0.8112 0.3137 -0.4935
vn 0.6779 0.5473 0.4909
vn 0.6779 0.5473 -0.4909
vn 0.0724 -0.7436 0.6647
vn 0.0724 -0.7436 -0.6647
vn -0.4965 0.1343 0.8576
vn 0.4965 0.1343 0.8576
vn -0.5644 0.4202 0.7106
vn 0.5644 0.4202 0.7106
vn -0.5643 0.4202 -0.7106
vn 0.5643 0.4202 -0.7106
vn 0.5594 -0.4202 0.7146
vn -0.4965 0.1343 -0.8576
vn 0.4965 0.1343 -0.8576
vn -0.4930 0.1362 0.8593
vn -0.4959 -0.1347 -0.8578
vn 0.4959 -0.1347 -0.8578
vn 0.4930 0.1362 0.8593
vn -0.5608 0.4190 0.7141
vn -0.5624 -0.4198 -0.7124
vn 0.5624 -0.4198 -0.7124
vn 0.5608 0.4190 0.7141
vn -0.0725 -0.7433 0.6650
vn 0.0728 0.7435 0.6648
vn 0.0728 0.7435 -0.6648
vn -0.0725 -0.7433 -0.6650
vn -0.6754 0.5475 0.4941
vn -0.6754 0.5475 -0.4941
vn -0.8099 0.3110 0.4973
vn -0.8099 0.3110 -0.4973
vn 0.6082 0.4339 0.6647
vn -0.6088 -0.4332 0.6646
vn -0.6088 -0.4332 -0.6646
vn 0.6082 0.4339 -0.6647
vn 0.0724 0.7436 0.6647
vn 0.0724 0.7436 -0.6647
vn 0.6779 -0.5473 0.4909
vn 0.6779 -0.5473 -0.4909
vn 0.8112 -0.3137 0.4935
vn 0.8112 -0.3137 -0.4935
vn -0.6058 -0.4340 0.6669
vn 0.6086 0.4360 0.6630
vn 0.6086 0.4360 -0.6630
vn -0.6058 -0.4340 -0.6669
vn 0.2590 0.9141 -0.3119
vn -0.5006 0.8657 -0.0005
vn -0.9208 0.2378 0.3093
vn -0.2518 -0.9167 0.3103
vn 0.4996 -0.8663 0.0028
vn 0.9212 -0.2359 -0.3094
vn -0.9211 0.2350 -0.3103
vn -0.4988 0.8667 -0.0026
vn 0.2561 0.9163 0.3079
vn 0.9203 -0.2388 0.3099
vn 0.4999 -0.8661 0.0049
vn -0.2559 -0.9161 -0.3087
vn -0.9211 0.2350 0.3103
vn -0.4988 0.8667 0.0026
vn 0.2561 0.9163 -0.3079
vn 0.9203 -0.2388 -0.3099
vn 0.4999 -0.8661 -0.0049
vn -0.2559 -0.9161 0.3087
vn 0.2590 0.9141 0.3119
vn -0.5006 0.8657 0.0005
vn -0.9208 0.2378 -0.3093
vn -0.2518 -0.9167 -0.3103
vn 0.4996 -0.8663 -0.0028
vn 0.9212 -0.2359 0.3094
s 0
usemtl chain.002
f 3709//589 3715//589 3716//589 3710//589
f 3710//590 3716//590 3717//590 3711//590
f 3711//591 3717//591 3718//591 3712//591
f 3712//592 3718//592 3719//592 3713//592
f 3713//593 3719//593 3720//593 3714//593
f 3714//594 3720//594 3715//594 3709//594
f 3715//595 3721//595 3722//595 3716//595
f 3716//590 3722//590 3723//590 3717//590
f 3717//596 3723//596 3724//596 3718//596
f 3718//597 3724//597 3725//597 3719//597
f 3719//593 3725//593 3726//593 3720//593
f 3720//598 3726//598 3721//598 3715//598
f 3721//599 3727//599 3728//599 3722//599
f 3722//590 3728//590 3729//590 3723//590
f 3723//600 3729//600 3730//600 3724//600
f 3724//601 3730//601 3731//601 3725//601
f 3725//593 3731//593 3732//593 3726//593
f 3726//602 3732//602 3727//602 3721//602
f 3727//603 3733//603 3734//603 3728//603
f 3728//590 3734//590 3735//590 3729//590
f 3729//604 3735//604 3736//604 3730//604
f 3730//605 3736//605 3737//605 3731//605
f 3731//593 3737//593 3738//593 3732//593
f 3732//606 3738//606 3733//606 3727//606
f 3733//607 3739//607 3740//607 3734//607
f 3734//590 3740//590 3741//590 3735//590
f 3735//608 3741//608 3742//608 3736//608
f 3736//609 3742//609 3743//609 3737//609
f 3737//593 3743//593 3744//593 3738//593
f 3738//610 3744//610 3739//610 3733//610
f 3739//611 3745//611 3746//611 3740//611
f 3740//590 3746//590 3747//590 3741//590
f 3741//612 3747//612 3748//612 3742//612
f 3742//613 3748//613 3749//613 3743//613
f 3743//593 3749//593 3750//593 3744//593
f 3744//614 3750//614 3745//614 3739//614
f 3745//615 3751//615 3752//615 3746//615
f 3746//590 3752//590 3753//590 3747//590
f 3747//616 3753//616 3754//616 3748//616
f 3748//617 3754//617 3755//617 3749//617
f 3749//593 3755//593 3756//593 3750//593
f 3750//618 3756//618 3751//618 3745//618
f 3751//619 3757//619 3758//619 3752//619
f 3752//590 3758//590 3759//590 3753//590
f 3753//620 3759//620 3760//620 3754//620
f 3754//621 3760//621 3761//621 3755//621
f 3755//593 3761//593 3762//593 3756//593
f 3756//622 3762//622 3757//622 3751//622
f 3757//623 3763//623 3764//623 3758//623
f 3758//590 3764//590 3765//590 3759//590
f 3759//624 3765//624 3766//624 3760//624
f 3760//625 3766//625 3767//625 3761//625
f 3761//593 3767//593 3768//593 3762//593
f 3762//626 3768//626 3763//626 3757//626
f 3763//627 3769//627 3770//627 3764//627
f 3764//590 3770//590 3771//590 3765//590
f 3765//628 3771//628 3772//628 3766//628
f 3766//629 3772//629 3773//629 3767//629
f 3767//593 3773//593 3774//593 3768//593
f 3768//630 3774//630 3769//630 3763//630
f 3769//631 3775//631 3776//631 3770//631
f 3770//590 3776//590 3777//590 3771//590
f 3771//632 3777//632 3778//632 3772//632
f 3772//633 3778//633 3779//633 3773//633
f 3773//593 3779//593 3780//593 3774//593
f 3774//634 3780//634 3775//634 3769//634
f 3775//635 3709//635 3710//635 3776//635
f 3776//590 3710//590 3711//590 3777//590
f 3777//636 3711//636 3712//636 3778//636
f 3778//637 3712//637 3713//637 3779//637
f 3779//593 3713//593 3714//593 3780//593
f 3780//638 3714//638 3709//638 3775//638
f 3781//639 3787//639 3788//639 3782//639
f 3782//640 3788//640 3789//640 3783//640
f 3783//641 3789//641 3790//641 3784//641
f 3784//642 3790//642 3791//642 3785//642
f 3785//643 3791//643 3792//643 3786//643
f 3786//644 3792//644 3787//644 3781//644
f 3787//645 3793//645 3794//645 3788//645
f 3788//646 3794//646 3795//646 3789//646
f 3789//647 3795//647 3796//647 3790//647
f 3790//648 3796//648 3797//648 3791//648
f 3791//649 3797//649 3798//649 3792//649
f 3792//650 3798//650 3793//650 3787//650
f 3793//651 3799//651 3800//651 3794//651
f 3794//652 3800//652 3801//652 3795//652
f 3795//653 3801//653 3802//653 3796//653
f 3796//654 3802//654 3803//654 3797//654
f 3797//655 3803//655 3804//655 3798//655
f 3798//656 3804//656 3799//656 3793//656
f 3799//657 3805//657 3806//657 3800//657
f 3800//658 3806//658 3807//658 3801//658
f 3801//659 3807//659 3808//659 3802//659
f 3802//660 3808//660 3809//660 3803//660
f 3803//661 3809//661 3810//661 3804//661
f 3804//662 3810//662 3805//662 3799//662
f 3805//663 3811//663 3812//663 3806//663
f 3806//664 3812//664 3813//664 3807//664
f 3807//665 3813//665 3814//665 3808//665
f 3808//666 3814//666 3815//666 3809//666
f 3809//667 3815//667 3816//667 3810//667
f 3810//668 3816//668 3811//668 3805//668
f 3811//669 3817//669 3818//669 3812//669
f 3812//670 3818//670 3819//670 3813//670
f 3813//671 3819//671 3820//671 3814//671
f 3814//672 3820//672 3821//672 3815//672
f 3815//673 3821//673 3822//673 3816//673
f 3816//674 3822//674 3817//674 3811//674
f 3817//675 3823//675 3824//675 3818//675
f 3818//676 3824//676 3825//676 3819//676
f 3819//677 3825//677 3826//677 3820//677
f 3820//678 3826//678 3827//678 3821//678
f 3821//679 3827//679 3828//679 3822//679
f 3822//680 3828//680 3823//680 3817//680
f 3823//681 3829//681 3830//681 3824//681
f 3824//682 3830//682 3831//682 3825//682
f 3825//683 3831//683 3832//683 3826//683
f 3826//684 3832//684 3833//684 3827//684
f 3827//685 3833//685 3834//685 3828//685
f 3828//686 3834//686 3829//686 3823//686
f 3829//687 3835//687 3836//687 3830//687
f 3830//688 3836//688 3837//688 3831//688
f 3831//689 3837//689 3838//689 3832//689
f 3832//690 3838//690 3839//690 3833//690
f 3833//691 3839//691 3840//691 3834//691
f 3834//692 3840//692 3835//692 3829//692
f 3835//693 3841//693 3842//693 3836//693
f 3836//694 3842//694 3843//694 3837//694
f 3837//695 3843//695 3844//695 3838//695
f 3838//696 3844//696 3845//696 3839//696
f 3839//697 3845//697 3846//697 3840//697
f 3840//698 3846//698 3841//698 3835//698
f 3841//699 3847//699 3848//699 3842//699
f 3842//700 3848//700 3849//700 3843//700
f 3843//701 3849//701 3850//701 3844//701
f 3844//702 3850//702 3851//702 3845//702
f 3845//703 3851//703 3852//703 3846//703
f 3846//704 3852//704 3847//704 3841//704
f 3847//705 3781//705 3782//705 3848//705
f 3848//706 3782//706 3783//706 3849//706
f 3849//707 3783//707 3784//707 3850//707
f 3850//708 3784//708 3785//708 3851//708
f 3851//709 3785//709 3786//709 3852//709
f 3852//710 3786//710 3781//710 3847//710
f 3853//711 3859//711 3860//711 3854//711
f 3854//590 3860//590 3861//590 3855//590
f 3855//712 3861//712 3862//712 3856//712
f 3856//713 3862//713 3863//713 3857//713
f 3857//593 3863//593 3864//593 3858//593
f 3858//714 3864//714 3859//714 3853//714
f 3859//715 3865//715 3866//715 3860//715
f 3860//590 3866//590 3867//590 3861//590
f 3861//716 3867//716 3868//716 3862//716
f 3862//717 3868//717 3869//717 3863//717
f 3863//593 3869//593 3870//593 3864//593
f 3864//718 3870//718 3865//718 3859//718
f 3865//719 3871//719 3872//719 3866//719
f 3866//590 3872//590 3873//590 3867//590
f 3867//720 3873//720 3874//720 3868//720
f 3868//721 3874//721 3875//721 3869//721
f 3869//593 3875//593 3876//593 3870//593
f 3870//722 3876//722 3871//722 3865//722
f 3871//723 3877//723 3878//723 3872//723
f 3872//590 3878//590 3879//590 3873//590
f 3873//724 3879//724 3880//724 3874//724
f 3874//725 3880//725 3881//725 3875//725
f 3875//593 3881//593 3882//593 3876//593
f 3876//726 3882//726 3877//726 3871//726
f 3877//727 3883//727 3884//727 3878//727
f 3878//590 3884//590 3885//590 3879//590
f 3879//728 3885//728 3886//728 3880//728
f 3880//729 3886//729 3887//729 3881//729
f 3881//593 3887//593 3888//593 3882//593
f 3882//730 3888//730 3883//730 3877//730
f 3883//731 3889//731 3890//731 3884//731
f 3884//590 3890//590 3891//590 3885//590
f 3885//732 3891//732 3892//732 3886//732
f 3886//733 3892//733 3893//733 3887//733
f 3887//593 3893//593 3894//593 3888//593
f 3888//734 3894//734 3889//734 3883//734
f 3889//735 3895//735 3896//735 3890//735
f 3890//590 3896//590 3897//590 3891//590
f 3891//736 3897//736 3898//736 3892//736
f 3892//737 3898//737 3899//737 3893//737
f 3893//593 3899//593 3900//593 3894//593
f 3894//738 3900//738 3895//738 3889//738
f 3895//739 3901//739 3902//739 3896//739
f 3896//590 3902//590 3903//590 3897//590
f 3897//740 3903//740 3904//740 3898//740
f 3898//741 3904//741 3905//741 3899//741
f 3899//593 3905//593 3906//593 3900//593
f 3900//742 3906//742 3901//742 3895//742
f 3901//743 3907//743 3908//743 3902//743
f 3902//590 3908//590 3909//590 3903//590
f 3903//744 3909//744 3910//744 3904//744
f 3904//745 3910//745 3911//745 3905//745
f 3905//593 3911//593 3912//593 3906//593
f 3906//746 3912//746 3907//746 3901//746
f 3907//747 3913//747 3914//747 3908//747
f 3908//590 3914//590 3915//590 3909//590
f 3909//748 3915//748 3916//748 3910//748
f 3910//749 3916//749 3917//749 3911//749
f 3911//593 3917//593 3918//593 3912//593
f 3912//750 3918//750 3913//750 3907//750
f 3913//751 3919//751 3920//751 3914//751
f 3914//590 3920//590 3921//590 3915//590
f 3915//752 3921//752 3922//752 3916//752
f 3916//753 3922//753 3923//753 3917//753
f 3917//593 3923//593 3924//593 3918//593
f 3918//754 3924//754 3919//754 3913//754
f 3919//755 3853//755 3854//755 3920//755
f 3920//590 3854//590 3855//590 3921//590
f 3921//731 3855//731 3856//731 3922//731
f 3922//734 3856//734 3857//734 3923//734
f 3923//593 3857//593 3858//593 3924//593
f 3924//756 3858//756 3853//756 3919//756
f 3925//757 3931//757 3932//757 3926//757
f 3926//758 3932//758 3933//758 3927//758
f 3927//759 3933//759 3934//759 3928//759
f 3928//760 3934//760 3935//760 3929//760
f 3929//761 3935//761 3936//761 3930//761
f 3930//762 3936//762 3931//762 3925//762
f 3931//763 3937//763 3938//763 3932//763
f 3932//758 3938//758 3939//758 3933//758
f 3933//764 3939//764 3940//764 3934//764
f 3934//765 3940//765 3941//765 3935//765
f 3935//761 3941//761 3942//761 3936//761
f 3936//766 3942//766 3937//766 3931//766
f 3937//767 3943//767 3944//767 3938//767
f 3938//758 3944//758 3945//758 3939//758
f 3939//768 3945//768 3946//768 3940//768
f 3940//769 3946//769 3947//769 3941//769
f 3941//761 3947//761 3948//761 3942//761
f 3942//770 3948//770 3943//770 3937//770
f 3943//771 3949//771 3950//771 3944//771
f 3944//758 3950//758 3951//758 3945//758
f 3945//772 3951//772 3952//772 3946//772
f 3946//773 3952//773 3953//773 3947//773
f 3947//761 3953//761 3954//761 3948//761
f 3948//774 3954//774 3949//774 3943//774
f 3949//775 3955//775 3956//775 3950//775
f 3950//758 3956//758 3957//758 3951//758
f 3951//776 3957//776 3958//776 3952//776
f 3952//777 3958//777 3959//777 3953//777
f 3953//761 3959//761 3960//761 3954//761
f 3954//778 3960//778 3955//778 3949//778
f 3955//779 3961//779 3962//779 3956//779
f 3956//758 3962//758 3963//758 3957//758
f 3957//780 3963//780 3964//780 3958//780
f 3958//781 3964//781 3965//781 3959//781
f 3959//761 3965//761 3966//761 3960//761
f 3960//782 3966//782 3961//782 3955//782
f 3961//783 3967//783 3968//783 3962//783
f 3962//758 3968//758 3969//758 3963//758
f 3963//784 3969//784 3970//784 3964//784
f 3964//785 3970//785 3971//785 3965//785
f 3965//761 3971//761 3972//761 3966//761
f 3966//786 3972//786 3967//786 3961//786
f 3967//787 3973//787 3974//787 3968//787
f 3968//758 3974//758 3975//758 3969//758
f 3969//788 3975//788 3976//788 3970//788
f 3970//789 3976//789 3977//789 3971//789
f 3971//761 3977//761 3978//761 3972//761
f 3972//790 3978//790 3973//790 3967//790
f 3973//791 3979//791 3980//791 3974//791
f 3974//758 3980//758 3981//758 3975//758
f 3975//792 3981//792 3982//792 3976//792
f 3976//793 3982//793 3983//793 3977//793
f 3977//761 3983//761 3984//761 3978//761
f 3978//794 3984//794 3979//794 3973//794
f 3979//795 3985//795 3986//795 3980//795
f 3980//758 3986//758 3987//758 3981//758
f 3981//796 3987//796 3988//796 3982//796
f 3982//797 3988//797 3989//797 3983//797
f 3983//761 3989//761 3990//761 3984//761
f 3984//798 3990//798 3985//798 3979//798
f 3985//799 3991//799 3992//799 3986//799
f 3986//758 3992//758 3993//758 3987//758
f 3987//800 3993//800 3994//800 3988//800
f 3988//801 3994//801 3995//801 3989//801
f 3989//761 3995//761 3996//761 3990//761
f 3990//802 3996//802 3991//802 3985//802
f 3991//803 3925//803 3926//803 3992//803
f 3992//758 3926//758 3927//758 3993//758
f 3993//804 3927//804 3928//804 3994//804
f 3994//805 3928//805 3929//805 3995//805
f 3995//761 3929//761 3930//761 3996//761
f 3996//806 3930//806 3925//806 3991//806
f 3997//807 4003//807 4004//807 3998//807
f 3998//590 4004//590 4005//590 3999//590
f 3999//808 4005//808 4006//808 4000//808
f 4000//809 4006//809 4007//809 4001//809
f 4001//593 4007//593 4008//593 4002//593
f 4002//810 4008//810 4003//810 3997//810
f 4003//811 4009//811 4010//811 4004//811
f 4004//590 4010//590 4011//590 4005//590
f 4005//812 4011//812 4012//812 4006//812
f 4006//813 4012//813 4013//813 4007//813
f 4007//593 4013//593 4014//593 4008//593
f 4008//814 4014//814 4009//814 4003//814
f 4009//815 4015//815 4016//815 4010//815
f 4010//590 4016//590 4017//590 4011//590
f 4011//816 4017//816 4018//816 4012//816
f 4012//817 4018//817 4019//817 4013//817
f 4013//593 4019//593 4020//593 4014//593
f 4014//818 4020//818 4015//818 4009//818
f 4015//819 4021//819 4022//819 4016//819
f 4016//590 4022//590 4023//590 4017//590
f 4017//820 4023//820 4024//820 4018//820
f 4018//821 4024//821 4025//821 4019//821
f 4019//593 4025//593 4026//593 4020//593
f 4020//822 4026//822 4021//822 4015//822
f 4021//823 4027//823 4028//823 4022//823
f 4022//590 4028//590 4029//590 4023//590
f 4023//824 4029//824 4030//824 4024//824
f 4024//825 4030//825 4031//825 4025//825
f 4025//593 4031//593 4032//593 4026//593
f 4026//826 4032//826 4027//826 4021//826
f 4027//827 4033//827 4034//827 4028//827
f 4028//590 4034//590 4035//590 4029//590
f 4029//828 4035//828 4036//828 4030//828
f 4030//829 4036//829 4037//829 4031//829
f 4031//593 4037//593 4038//593 4032//593
f 4032//830 4038//830 4033//830 4027//830
f 4033//831 4039//831 4040//831 4034//831
f 4034//590 4040//590 4041//590 4035//590
f 4035//807 4041//807 4042//807 4036//807
f 4036//810 4042//810 4043//810 4037//810
f 4037//593 4043//593 4044//593 4038//593
f 4038//832 4044//832 4039//832 4033//832
f 4039//833 4045//833 4046//833 4040//833
f 4040//590 4046//590 4047//590 4041//590
f 4041//834 4047//834 4048//834 4042//834
f 4042//835 4048//835 4049//835 4043//835
f 4043//593 4049//593 4050//593 4044//593
f 4044//836 4050//836 4045//836 4039//836
f 4045//837 4051//837 4052//837 4046//837
f 4046//590 4052//590 4053//590 4047//590
f 4047//838 4053//838 4054//838 4048//838
f 4048//839 4054//839 4055//839 4049//839
f 4049//593 4055//593 4056//593 4050//593
f 4050//840 4056//840 4051//840 4045//840
f 4051//841 4057//841 4058//841 4052//841
f 4052//590 4058//590 4059//590 4053//590
f 4053//842 4059//842 4060//842 4054//842
f 4054//843 4060//843 4061//843 4055//843
f 4055//593 4061//593 4062//593 4056//593
f 4056//844 4062//844 4057//844 4051//844
f 4057//845 4063//845 4064//845 4058//845
f 4058//590 4064//590 4065//590 4059//590
f 4059//846 4065//846 4066//846 4060//846
f 4060//847 4066//847 4067//847 4061//847
f 4061//593 4067//593 4068//593 4062//593
f 4062//848 4068//848 4063//848 4057//848
f 4063//849 3997//849 3998//849 4064//849
f 4064//590 3998//590 3999//590 4065//590
f 4065//850 3999//850 4000//850 4066//850
f 4066//851 4000//851 4001//851 4067//851
f 4067//593 4001//593 4002//593 4068//593
f 4068//852 4002//852 3997//852 4063//852
f 4069//853 4075//853 4076//853 4070//853
f 4070//854 4076//854 4077//854 4071//854
f 4071//855 4077//855 4078//855 4072//855
f 4072//856 4078//856 4079//856 4073//856
f 4073//857 4079//857 4080//857 4074//857
f 4074//858 4080//858 4075//858 4069//858
f 4075//859 4081//859 4082//859 4076//859
f 4076//860 4082//860 4083//860 4077//860
f 4077//861 4083//861 4084//861 4078//861
f 4078//862 4084//862 4085//862 4079//862
f 4079//863 4085//863 4086//863 4080//863
f 4080//864 4086//864 4081//864 4075//864
f 4081//865 4087//865 4088//865 4082//865
f 4082//866 4088//866 4089//866 4083//866
f 4083//867 4089//867 4090//867 4084//867
f 4084//868 4090//868 4091//868 4085//868
f 4085//869 4091//869 4092//869 4086//869
f 4086//870 4092//870 4087//870 4081//870
f 4087//871 4093//871 4094//871 4088//871
f 4088//872 4094//872 4095//872 4089//872
f 4089//873 4095//873 4096//873 4090//873
f 4090//874 4096//874 4097//874 4091//874
f 4091//875 4097//875 4098//875 4092//875
f 4092//876 4098//876 4093//876 4087//876
f 4093//877 4099//877 4100//877 4094//877
f 4094//878 4100//878 4101//878 4095//878
f 4095//879 4101//879 4102//879 4096//879
f 4096//880 4102//880 4103//880 4097//880
f 4097//881 4103//881 4104//881 4098//881
f 4098//882 4104//882 4099//882 4093//882
f 4099//883 4105//883 4106//883 4100//883
f 4100//884 4106//884 4107//884 4101//884
f 4101//885 4107//885 4108//885 4102//885
f 4102//886 4108//886 4109//886 4103//886
f 4103//887 4109//887 4110//887 4104//887
f 4104//888 4110//888 4105//888 4099//888
f 4105//889 4111//889 4112//889 4106//889
f 4106//890 4112//890 4113//890 4107//890
f 4107//891 4113//891 4114//891 4108//891
f 4108//892 4114//892 4115//892 4109//892
f 4109//893 4115//893 4116//893 4110//893
f 4110//894 4116//894 4111//894 4105//894
f 4111//895 4117//895 4118//895 4112//895
f 4112//896 4118//896 4119//896 4113//896
f 4113//897 4119//897 4120//897 4114//897
f 4114//898 4120//898 4121//898 4115//898
f 4115//899 4121//899 4122//899 4116//899
f 4116//900 4122//900 4117//900 4111//900
f 4117//901 4123//901 4124//901 4118//901
f 4118//902 4124//902 4125//902 4119//902
f 4119//903 4125//903 4126//903 4120//903
f 4120//904 4126//904 4127//904 4121//904
f 4121//905 4127//905 4128//905 4122//905
f 4122//906 4128//906 4123//906 4117//906
f 4123//907 4129//907 4130//907 4124//907
f 4124//908 4130//908 4131//908 4125//908
f 4125//909 4131//909 4132//909 4126//909
f 4126//910 4132//910 4133//910 4127//910
f 4127//911 4133//911 4134//911 4128//911
f 4128//912 4134//912 4129//912 4123//912
f 4129//913 4135//913 4136//913 4130//913
f 4130//914 4136//914 4137//914 4131//914
f 4131//915 4137//915 4138//915 4132//915
f 4132//916 4138//916 4139//916 4133//916
f 4133//917 4139//917 4140//917 4134//917
f 4134//918 4140//918 4135//918 4129//918
f 4135//919 4069//919 4070//919 4136//919
f 4136//920 4070//920 4071//920 4137//920
f 4137//921 4071//921 4072//921 4138//921
f 4138//922 4072//922 4073//922 4139//922
f 4139//923 4073//923 4074//923 4140//923
f 4140//924 4074//924 4069//924 4135//924
f 4141//615 4147//615 4148//615 4142//615
f 4142//590 4148//590 4149//590 4143//590
f 4143//616 4149//616 4150//616 4144//616
f 4144//617 4150//617 4151//617 4145//617
f 4145//593 4151//593 4152//593 4146//593
f 4146//618 4152//618 4147//618 4141//618
f 4147//925 4153//925 4154//925 4148//925
f 4148//590 4154//590 4155//590 4149//590
f 4149//926 4155//926 4156//926 4150//926
f 4150//927 4156//927 4157//927 4151//927
f 4151//593 4157//593 4158//593 4152//593
f 4152//928 4158//928 4153//928 4147//928
f 4153//929 4159//929 4160//929 4154//929
f 4154//590 4160//590 4161//590 4155//590
f 4155//930 4161//930 4162//930 4156//930
f 4156//931 4162//931 4163//931 4157//931
f 4157//593 4163//593 4164//593 4158//593
f 4158//932 4164//932 4159//932 4153//932
f 4159//627 4165//627 4166//627 4160//627
f 4160//590 4166//590 4167//590 4161//590
f 4161//628 4167//628 4168//628 4162//628
f 4162//629 4168//629 4169//629 4163//629
f 4163//593 4169//593 4170//593 4164//593
f 4164//630 4170//630 4165//630 4159//630
f 4165//631 4171//631 4172//631 4166//631
f 4166//590 4172//590 4173//590 4167//590
f 4167//632 4173//632 4174//632 4168//632
f 4168//633 4174//633 4175//633 4169//633
f 4169//593 4175//593 4176//593 4170//593
f 4170//634 4176//634 4171//634 4165//634
f 4171//635 4177//635 4178//635 4172//635
f 4172//590 4178//590 4179//590 4173//590
f 4173//636 4179//636 4180//636 4174//636
f 4174//637 4180//637 4181//637 4175//637
f 4175//593 4181//593 4182//593 4176//593
f 4176//638 4182//638 4177//638 4171//638
f 4177//589 4183//589 4184//589 4178//589
f 4178//590 4184//590 4185//590 4179//590
f 4179//591 4185//591 4186//591 4180//591
f 4180//592 4186//592 4187//592 4181//592
f 4181//593 4187//593 4188//593 4182//593
f 4182//594 4188//594 4183//594 4177//594
f 4183//595 4189//595 4190//595 4184//595
f 4184//590 4190//590 4191//590 4185//590
f 4185//596 4191//596 4192//596 4186//596
f 4186//933 4192//933 4193//933 4187//933
f 4187//593 4193//593 4194//593 4188//593
f 4188//598 4194//598 4189//598 4183//598
f 4189//599 4195//599 4196//599 4190//599
f 4190//590 4196//590 4197//590 4191//590
f 4191//600 4197//600 4198//600 4192//600
f 4192//934 4198//934 4199//934 4193//934
f 4193//593 4199//593 4200//593 4194//593
f 4194//602 4200//602 4195//602 4189//602
f 4195//603 4201//603 4202//603 4196//603
f 4196//590 4202//590 4203//590 4197//590
f 4197//604 4203//604 4204//604 4198//604
f 4198//605 4204//605 4205//605 4199//605
f 4199//593 4205//593 4206//593 4200//593
f 4200//606 4206//606 4201//606 4195//606
f 4201//607 4207//607 4208//607 4202//607
f 4202//590 4208//590 4209//590 4203//590
f 4203//608 4209//608 4210//608 4204//608
f 4204//609 4210//609 4211//609 4205//609
f 4205//593 4211//593 4212//593 4206//593
f 4206//610 4212//610 4207//610 4201//610
f 4207//611 4141//611 4142//611 4208//611
f 4208//590 4142//590 4143//590 4209//590
f 4209//612 4143//612 4144//612 4210//612
f 4210//613 4144//613 4145//613 4211//613
f 4211//593 4145//593 4146//593 4212//593
f 4212//614 4146//614 4141//614 4207//614
f 4213//935 4219//935 4220//935 4214//935
f 4214//936 4220//936 4221//936 4215//936
f 4215//937 4221//937 4222//937 4216//937
f 4216//938 4222//938 4223//938 4217//938
f 4217//939 4223//939 4224//939 4218//939
f 4218//940 4224//940 4219//940 4213//940
f 4219//668 4225//668 4226//668 4220//668
f 4220//667 4226//667 4227//667 4221//667
f 4221//666 4227//666 4228//666 4222//666
f 4222//665 4228//665 4229//665 4223//665
f 4223//664 4229//664 4230//664 4224//664
f 4224//663 4230//663 4225//663 4219//663
f 4225//662 4231//662 4232//662 4226//662
f 4226//661 4232//661 4233//661 4227//661
f 4227//660 4233//660 4234//660 4228//660
f 4228//659 4234//659 4235//659 4229//659
f 4229//658 4235//658 4236//658 4230//658
f 4230//657 4236//657 4231//657 4225//657
f 4231//656 4237//656 4238//656 4232//656
f 4232//655 4238//655 4239//655 4233//655
f 4233//654 4239//654 4240//654 4234//654
f 4234//653 4240//653 4241//653 4235//653
f 4235//652 4241//652 4242//652 4236//652
f 4236//651 4242//651 4237//651 4231//651
f 4237//650 4243//650 4244//650 4238//650
f 4238//649 4244//649 4245//649 4239//649
f 4239//648 4245//648 4246//648 4240//648
f 4240//647 4246//647 4247//647 4241//647
f 4241//646 4247//646 4248//646 4242//646
f 4242//645 4248//645 4243//645 4237//645
f 4243//941 4249//941 4250//941 4244//941
f 4244//942 4250//942 4251//942 4245//942
f 4245//943 4251//943 4252//943 4246//943
f 4246//944 4252//944 4253//944 4247//944
f 4247//945 4253//945 4254//945 4248//945
f 4248//946 4254//946 4249//946 4243//946
f 4249//947 4255//947 4256//947 4250//947
f 4250//948 4256//948 4257//948 4251//948
f 4251//949 4257//949 4258//949 4252//949
f 4252//950 4258//950 4259//950 4253//950
f 4253//951 4259//951 4260//951 4254//951
f 4254//952 4260//952 4255//952 4249//952
f 4255//704 4261//704 4262//704 4256//704
f 4256//703 4262//703 4263//703 4257//703
f 4257//702 4263//702 4264//702 4258//702
f 4258//701 4264//701 4265//701 4259//701
f 4259//700 4265//700 4266//700 4260//700
f 4260//699 4266//699 4261//699 4255//699
f 4261//698 4267//698 4268//698 4262//698
f 4262//697 4268//697 4269//697 4263//697
f 4263//696 4269//696 4270//696 4264//696
f 4264//695 4270//695 4271//695 4265//695
f 4265//694 4271//694 4272//694 4266//694
f 4266//693 4272//693 4267//693 4261//693
f 4267//692 4273//692 4274//692 4268//692
f 4268//691 4274//691 4275//691 4269//691
f 4269//690 4275//690 4276//690 4270//690
f 4270//689 4276//689 4277//689 4271//689
f 4271//688 4277//688 4278//688 4272//688
f 4272//687 4278//687 4273//687 4267//687
f 4273//686 4279//686 4280//686 4274//686
f 4274//685 4280//685 4281//685 4275//685
f 4275//684 4281//684 4282//684 4276//684
f 4276//683 4282//683 4283//683 4277//683
f 4277//682 4283//682 4284//682 4278//682
f 4278//681 4284//681 4279//681 4273//681
f 4279//953 4213//953 4214//953 4280//953
f 4280//954 4214//954 4215//954 4281//954
f 4281//955 4215//955 4216//955 4282//955
f 4282//956 4216//956 4217//956 4283//956
f 4283//957 4217//957 4218//957 4284//957
f 4284//958 4218//958 4213//958 4279//958
f 4285//959 4291//959 4292//959 4286//959
f 4286//590 4292//590 4293//590 4287//590
f 4287//960 4293//960 4294//960 4288//960
f 4288//961 4294//961 4295//961 4289//961
f 4289//593 4295//593 4296//593 4290//593
f 4290//962 4296//962 4291//962 4285//962
f 4291//739 4297//739 4298//739 4292//739
f 4292//590 4298//590 4299//590 4293//590
f 4293//740 4299//740 4300//740 4294//740
f 4294//741 4300//741 4301//741 4295//741
f 4295//593 4301//593 4302//593 4296//593
f 4296//742 4302//742 4297//742 4291//742
f 4297//743 4303//743 4304//743 4298//743
f 4298//590 4304//590 4305//590 4299//590
f 4299//963 4305//963 4306//963 4300//963
f 4300//964 4306//964 4307//964 4301//964
f 4301//593 4307//593 4308//593 4302//593
f 4302//746 4308//746 4303//746 4297//746
f 4303//747 4309//747 4310//747 4304//747
f 4304//590 4310//590 4311//590 4305//590
f 4305//965 4311//965 4312//965 4306//965
f 4306//966 4312//966 4313//966 4307//966
f 4307//593 4313//593 4314//593 4308//593
f 4308//750 4314//750 4309//750 4303//750
f 4309//751 4315//751 4316//751 4310//751
f 4310//590 4316//590 4317//590 4311//590
f 4311//752 4317//752 4318//752 4312//752
f 4312//753 4318//753 4319//753 4313//753
f 4313//593 4319//593 4320//593 4314//593
f 4314//754 4320//754 4315//754 4309//754
f 4315//967 4321//967 4322//967 4316//967
f 4316//590 4322//590 4323//590 4317//590
f 4317//968 4323//968 4324//968 4318//968
f 4318//969 4324//969 4325//969 4319//969
f 4319//593 4325//593 4326//593 4320//593
f 4320//970 4326//970 4321//970 4315//970
f 4321//971 4327//971 4328//971 4322//971
f 4322//590 4328//590 4329//590 4323//590
f 4323//972 4329//972 4330//972 4324//972
f 4324//973 4330//973 4331//973 4325//973
f 4325//593 4331//593 4332//593 4326//593
f 4326//974 4332//974 4327//974 4321//974
f 4327//715 4333//715 4334//715 4328//715
f 4328//590 4334//590 4335//590 4329//590
f 4329//716 4335//716 4336//716 4330//716
f 4330//717 4336//717 4337//717 4331//717
f 4331//593 4337//593 4338//593 4332//593
f 4332//718 4338//718 4333//718 4327//718
f 4333//719 4339//719 4340//719 4334//719
f 4334//590 4340//590 4341//590 4335//590
f 4335//975 4341//975 4342//975 4336//975
f 4336//976 4342//976 4343//976 4337//976
f 4337//593 4343//593 4344//593 4338//593
f 4338//722 4344//722 4339//722 4333//722
f 4339//723 4345//723 4346//723 4340//723
f 4340//590 4346//590 4347//590 4341//590
f 4341//977 4347//977 4348//977 4342//977
f 4342//978 4348//978 4349//978 4343//978
f 4343//593 4349//593 4350//593 4344//593
f 4344//726 4350//726 4345//726 4339//726
f 4345//727 4351//727 4352//727 4346//727
f 4346//590 4352//590 4353//590 4347//590
f 4347//728 4353//728 4354//728 4348//728
f 4348//729 4354//729 4355//729 4349//729
f 4349//593 4355//593 4356//593 4350//593
f 4350//730 4356//730 4351//730 4345//730
f 4351//979 4285//979 4286//979 4352//979
f 4352//590 4286//590 4287//590 4353//590
f 4353//967 4287//967 4288//967 4354//967
f 4354//970 4288//970 4289//970 4355//970
f 4355//593 4289//593 4290//593 4356//593
f 4356//980 4290//980 4285//980 4351//980
f 4357//782 4363//782 4364//782 4358//782
f 4358//761 4364//761 4365//761 4359//761
f 4359//781 4365//781 4366//781 4360//781
f 4360//780 4366//780 4367//780 4361//780
f 4361//758 4367//758 4368//758 4362//758
f 4362//779 4368//779 4363//779 4357//779
f 4363//778 4369//778 4370//778 4364//778
f 4364//761 4370//761 4371//761 4365//761
f 4365//777 4371//777 4372//777 4366//777
f 4366//776 4372//776 4373//776 4367//776
f 4367//758 4373//758 4374//758 4368//758
f 4368//775 4374//775 4369//775 4363//775
f 4369//774 4375//774 4376//774 4370//774
f 4370//761 4376//761 4377//761 4371//761
f 4371//773 4377//773 4378//773 4372//773
f 4372//772 4378//772 4379//772 4373//772
f 4373//758 4379//758 4380//758 4374//758
f 4374//771 4380//771 4375//771 4369//771
f 4375//770 4381//770 4382//770 4376//770
f 4376//761 4382//761 4383//761 4377//761
f 4377//981 4383//981 4384//981 4378//981
f 4378//982 4384//982 4385//982 4379//982
f 4379//758 4385//758 4386//758 4380//758
f 4380//767 4386//767 4381//767 4375//767
f 4381//766 4387//766 4388//766 4382//766
f 4382//761 4388//761 4389//761 4383//761
f 4383//983 4389//983 4390//983 4384//983
f 4384//984 4390//984 4391//984 4385//984
f 4385//758 4391//758 4392//758 4386//758
f 4386//763 4392//763 4387//763 4381//763
f 4387//762 4393//762 4394//762 4388//762
f 4388//761 4394//761 4395//761 4389//761
f 4389//760 4395//760 4396//760 4390//760
f 4390//759 4396//759 4397//759 4391//759
f 4391//758 4397//758 4398//758 4392//758
f 4392//757 4398//757 4393//757 4387//757
f 4393//806 4399//806 4400//806 4394//806
f 4394//761 4400//761 4401//761 4395//761
f 4395//805 4401//805 4402//805 4396//805
f 4396//804 4402//804 4403//804 4397//804
f 4397//758 4403//758 4404//758 4398//758
f 4398//803 4404//803 4399//803 4393//803
f 4399//802 4405//802 4406//802 4400//802
f 4400//761 4406//761 4407//761 4401//761
f 4401//985 4407//985 4408//985 4402//985
f 4402//986 4408//986 4409//986 4403//986
f 4403//758 4409//758 4410//758 4404//758
f 4404//987 4410//987 4405//987 4399//987
f 4405//798 4411//798 4412//798 4406//798
f 4406//761 4412//761 4413//761 4407//761
f 4407//988 4413//988 4414//988 4408//988
f 4408//989 4414//989 4415//989 4409//989
f 4409//758 4415//758 4416//758 4410//758
f 4410//795 4416//795 4411//795 4405//795
f 4411//990 4417//990 4418//990 4412//990
f 4412//761 4418//761 4419//761 4413//761
f 4413//991 4419//991 4420//991 4414//991
f 4414//992 4420//992 4421//992 4415//992
f 4415//758 4421//758 4422//758 4416//758
f 4416//993 4422//993 4417//993 4411//993
f 4417//994 4423//994 4424//994 4418//994
f 4418//761 4424//761 4425//761 4419//761
f 4419//995 4425//995 4426//995 4420//995
f 4420//996 4426//996 4427//996 4421//996
f 4421//758 4427//758 4428//758 4422//758
f 4422//997 4428//997 4423//997 4417//997
f 4423//786 4357//786 4358//786 4424//786
f 4424//761 4358//761 4359//761 4425//761
f 4425//785 4359//785 4360//785 4426//785
f 4426//784 4360//784 4361//784 4427//784
f 4427//758 4361//758 4362//758 4428//758
f 4428//783 4362//783 4357//783 4423//783
f 4429//998 4435//998 4436//998 4430//998
f 4430//590 4436//590 4437//590 4431//590
f 4431//999 4437//999 4438//999 4432//999
f 4432//1000 4438//1000 4439//1000 4433//1000
f 4433//593 4439//593 4440//593 4434//593
f 4434//1001 4440//1001 4435//1001 4429//1001
f 4435//833 4441//833 4442//833 4436//833
f 4436//590 4442//590 4443//590 4437//590
f 4437//834 4443//834 4444//834 4438//834
f 4438//835 4444//835 4445//835 4439//835
f 4439//593 4445//593 4446//593 4440//593
f 4440//836 4446//836 4441//836 4435//836
f 4441//837 4447//837 4448//837 4442//837
f 4442//590 4448//590 4449//590 4443//590
f 4443//1002 4449//1002 4450//1002 4444//1002
f 4444//1003 4450//1003 4451//1003 4445//1003
f 4445//593 4451//593 4452//593 4446//593
f 4446//840 4452//840 4447//840 4441//840
f 4447//841 4453//841 4454//841 4448//841
f 4448//590 4454//590 4455//590 4449//590
f 4449//1004 4455//1004 4456//1004 4450//1004
f 4450//1005 4456//1005 4457//1005 4451//1005
f 4451//593 4457//593 4458//593 4452//593
f 4452//844 4458//844 4453//844 4447//844
f 4453//845 4459//845 4460//845 4454//845
f 4454//590 4460//590 4461//590 4455//590
f 4455//846 4461//846 4462//846 4456//846
f 4456//847 4462//847 4463//847 4457//847
f 4457//593 4463//593 4464//593 4458//593
f 4458//848 4464//848 4459//848 4453//848
f 4459//1006 4465//1006 4466//1006 4460//1006
f 4460//590 4466//590 4467//590 4461//590
f 4461//1007 4467//1007 4468//1007 4462//1007
f 4462//1008 4468//1008 4469//1008 4463//1008
f 4463//593 4469//593 4470//593 4464//593
f 4464//1009 4470//1009 4465//1009 4459//1009
f 4465//1010 4471//1010 4472//1010 4466//1010
f 4466//590 4472//590 4473//590 4467//590
f 4467//998 4473//998 4474//998 4468//998
f 4468//1001 4474//1001 4475//1001 4469//1001
f 4469//593 4475//593 4476//593 4470//593
f 4470//1011 4476//1011 4471//1011 4465//1011
f 4471//811 4477//811 4478//811 4472//811
f 4472//590 4478//590 4479//590 4473//590
f 4473//812 4479//812 4480//812 4474//812
f 4474//813 4480//813 4481//813 4475//813
f 4475//593 4481//593 4482//593 4476//593
f 4476//814 4482//814 4477//814 4471//814
f 4477//815 4483//815 4484//815 4478//815
f 4478//590 4484//590 4485//590 4479//590
f 4479//1012 4485//1012 4486//1012 4480//1012
f 4480//1013 4486//1013 4487//1013 4481//1013
f 4481//593 4487//593 4488//593 4482//593
f 4482//818 4488//818 4483//818 4477//818
f 4483//819 4489//819 4490//819 4484//819
f 4484//590 4490//590 4491//590 4485//590
f 4485//1014 4491//1014 4492//1014 4486//1014
f 4486//1015 4492//1015 4493//1015 4487//1015
f 4487//593 4493//593 4494//593 4488//593
f 4488//822 4494//822 4489//822 4483//822
f 4489//823 4495//823 4496//823 4490//823
f 4490//590 4496//590 4497//590 4491//590
f 4491//824 4497//824 4498//824 4492//824
f 4492//825 4498//825 4499//825 4493//825
f 4493//593 4499//593 4500//593 4494//593
f 4494//826 4500//826 4495//826 4489//826
f 4495//1016 4429//1016 4430//1016 4496//1016
f 4496//590 4430//590 4431//590 4497//590
f 4497//1017 4431//1017 4432//1017 4498//1017
f 4498//1018 4432//1018 4433//1018 4499//1018
f 4499//593 4433//593 4434//593 4500//593
f 4500//1019 4434//1019 4429//1019 4495//1019
f 4501//1020 4507//1020 4508//1020 4502//1020
f 4502//1021 4508//1021 4509//1021 4503//1021
f 4503//1022 4509//1022 4510//1022 4504//1022
f 4504//1023 4510//1023 4511//1023 4505//1023
f 4505//1024 4511//1024 4512//1024 4506//1024
f 4506//1025 4512//1025 4507//1025 4501//1025
f 4507//882 4513//882 4514//882 4508//882
f 4508//881 4514//881 4515//881 4509//881
f 4509//880 4515//880 4516//880 4510//880
f 4510//879 4516//879 4517//879 4511//879
f 4511//878 4517//878 4518//878 4512//878
f 4512//877 4518//877 4513//877 4507//877
f 4513//876 4519//876 4520//876 4514//876
f 4514//875 4520//875 4521//875 4515//875
f 4515//874 4521//874 4522//874 4516//874
f 4516//873 4522//873 4523//873 4517//873
f 4517//872 4523//872 4524//872 4518//872
f 4518//871 4524//871 4519//871 4513//871
f 4519//870 4525//870 4526//870 4520//870
f 4520//869 4526//869 4527//869 4521//869
f 4521//868 4527//868 4528//868 4522//868
f 4522//867 4528//867 4529//867 4523//867
f 4523//866 4529//866 4530//866 4524//866
f 4524//865 4530//865 4525//865 4519//865
f 4525//864 4531//864 4532//864 4526//864
f 4526//863 4532//863 4533//863 4527//863
f 4527//862 4533//862 4534//862 4528//862
f 4528//861 4534//861 4535//861 4529//861
f 4529//860 4535//860 4536//860 4530//860
f 4530//859 4536//859 4531//859 4525//859
f 4531//1026 4537//1026 4538//1026 4532//1026
f 4532//1027 4538//1027 4539//1027 4533//1027
f 4533//1028 4539//1028 4540//1028 4534//1028
f 4534//1029 4540//1029 4541//1029 4535//1029
f 4535//1030 4541//1030 4542//1030 4536//1030
f 4536//1031 4542//1031 4537//1031 4531//1031
f 4537//1032 4543//1032 4544//1032 4538//1032
f 4538//1033 4544//1033 4545//1033 4539//1033
f 4539//1034 4545//1034 4546//1034 4540//1034
f 4540//1035 4546//1035 4547//1035 4541//1035
f 4541//1036 4547//1036 4548//1036 4542//1036
f 4542//1037 4548//1037 4543//1037 4537//1037
f 4543//918 4549//918 4550//918 4544//918
f 4544//917 4550//917 4551//917 4545//917
f 4545//916 4551//916 4552//916 4546//916
f 4546//915 4552//915 4553//915 4547//915
f 4547//914 4553//914 4554//914 4548//914
f 4548//913 4554//913 4549//913 4543//913
f 4549//912 4555//912 4556//912 4550//912
f 4550//911 4556//911 4557//911 4551//911
f 4551//910 4557//910 4558//910 4552//910
f 4552//909 4558//909 4559//909 4553//909
f 4553//908 4559//908 4560//908 4554//908
f 4554//907 4560//907 4555//907 4549//907
f 4555//906 4561//906 4562//906 4556//906
f 4556//905 4562//905 4563//905 4557//905
f 4557//904 4563//904 4564//904 4558//904
f 4558//903 4564//903 4565//903 4559//903
f 4559//902 4565//902 4566//902 4560//902
f 4560//901 4566//901 4561//901 4555//901
f 4561//900 4567//900 4568//900 4562//900
f 4562//899 4568//899 4569//899 4563//899
f 4563//898 4569//898 4570//898 4564//898
f 4564//897 4570//897 4571//897 4565//897
f 4565//896 4571//896 4572//896 4566//896
f 4566//895 4572//895 4567//895 4561//895
f 4567//1038 4501//1038 4502//1038 4568//1038
f 4568//1039 4502//1039 4503//1039 4569//1039
f 4569//1040 4503//1040 4504//1040 4570//1040
f 4570//1041 4504//1041 4505//1041 4571//1041
f 4571//1042 4505//1042 4506//1042 4572//1042
f 4572//1043 4506//1043 4501//1043 4567//1043
o hell_rifle.004
v 0.112089 0.094403 -0.255541
v 0.100214 0.094403 -0.267696
v 0.076463 0.094403 -0.267696
v 0.064588 0.094403 -0.255541
v 0.076463 0.094403 -0.243387
v 0.100214 0.094403 -0.243387
v 0.099376 0.122345 -0.255541
v 0.089037 0.118853 -0.267696
v 0.068500 0.111867 -0.267696
v 0.058161 0.108374 -0.255541
v 0.068500 0.111867 -0.243387
v 0.089037 0.118853 -0.243387
v 0.064588 0.142743 -0.255541
v 0.058720 0.136736 -0.267696
v 0.046845 0.124721 -0.267696
v 0.040837 0.118573 -0.255541
v 0.046705 0.124721 -0.243387
v 0.058720 0.136736 -0.243387
v 0.017086 0.150288 -0.255541
v 0.017086 0.143302 -0.267696
v 0.017086 0.129331 -0.267696
v 0.017086 0.122345 -0.255541
v 0.017086 0.129331 -0.243387
v 0.017086 0.143302 -0.243387
v -0.030416 0.142743 -0.255541
v -0.024408 0.136736 -0.267696
v -0.012533 0.124721 -0.267696
v -0.006665 0.118573 -0.255541
v -0.012533 0.124721 -0.243387
v -0.024408 0.136736 -0.243387
v -0.065203 0.122345 -0.255541
v -0.054865 0.118853 -0.267696
v -0.034327 0.111867 -0.267696
v -0.023989 0.108374 -0.255541
v -0.034327 0.111867 -0.243387
v -0.054865 0.118853 -0.243387
v -0.077917 0.094403 -0.255541
v -0.066042 0.094403 -0.267696
v -0.042291 0.094403 -0.267696
v -0.030415 0.094403 -0.255541
v -0.042291 0.094403 -0.243387
v -0.066042 0.094403 -0.243387
v -0.065203 0.066461 -0.255541
v -0.054865 0.069954 -0.267696
v -0.034327 0.076940 -0.267696
v -0.023989 0.080432 -0.255541
v -0.034327 0.076940 -0.243387
v -0.054865 0.069954 -0.243387
v -0.030415 0.046063 -0.255541
v -0.024548 0.052071 -0.267696
v -0.012672 0.064086 -0.267696
v -0.006665 0.070233 -0.255541
v -0.012672 0.064086 -0.243387
v -0.024548 0.052071 -0.243387
v 0.017086 0.038519 -0.255541
v 0.017086 0.045505 -0.267696
v 0.017086 0.059476 -0.267696
v 0.017086 0.066461 -0.255541
v 0.017086 0.059476 -0.243387
v 0.017086 0.045505 -0.243387
v 0.064588 0.046063 -0.255541
v 0.058720 0.052071 -0.267696
v 0.046845 0.064086 -0.267696
v 0.040837 0.070233 -0.255541
v 0.046705 0.064086 -0.243387
v 0.058720 0.052071 -0.243387
v 0.099376 0.066461 -0.255541
v 0.089037 0.069954 -0.267696
v 0.068500 0.076940 -0.267696
v 0.058161 0.080432 -0.255541
v 0.068500 0.076940 -0.243387
v 0.089037 0.069954 -0.243387
v 0.169231 0.028180 -0.255541
v 0.165040 0.044666 -0.255541
v 0.144363 0.056542 -0.255541
v 0.128016 0.051931 -0.255541
v 0.132348 0.035585 -0.255541
v 0.152885 0.023710 -0.255541
v 0.158194 0.034607 -0.283484
v 0.155400 0.050115 -0.279991
v 0.137517 0.060454 -0.273005
v 0.122568 0.055145 -0.269512
v 0.125362 0.039497 -0.273005
v 0.143245 0.029158 -0.279991
v 0.128016 0.051931 -0.303881
v 0.128994 0.065344 -0.297874
v 0.118656 0.071351 -0.285859
v 0.107479 0.063807 -0.279711
v 0.106641 0.050394 -0.285859
v 0.116840 0.044387 -0.297874
v 0.086942 0.075682 -0.311426
v 0.092949 0.086160 -0.304440
v 0.092949 0.086160 -0.290469
v 0.086942 0.075682 -0.283484
v 0.080934 0.065204 -0.290469
v 0.080934 0.065204 -0.304440
v 0.045867 0.099433 -0.303881
v 0.057043 0.106977 -0.297874
v 0.067242 0.100970 -0.285859
v 0.066404 0.087558 -0.279711
v 0.055227 0.080013 -0.285859
v 0.044889 0.086021 -0.297874
v 0.015689 0.116757 -0.283484
v 0.030638 0.122206 -0.279991
v 0.048521 0.111867 -0.273005
v 0.051315 0.096220 -0.269512
v 0.036366 0.090911 -0.273005
v 0.018483 0.101249 -0.279991
v 0.004652 0.123184 -0.255541
v 0.020998 0.127794 -0.255541
v 0.041536 0.115919 -0.255541
v 0.045867 0.099433 -0.255541
v 0.029520 0.094962 -0.255541
v 0.008843 0.106838 -0.255541
v 0.015689 0.116757 -0.227599
v 0.030638 0.122206 -0.231092
v 0.048521 0.111867 -0.238078
v 0.051315 0.096220 -0.241570
v 0.036366 0.090911 -0.238078
v 0.018483 0.101249 -0.231092
v 0.045867 0.099433 -0.207201
v 0.057043 0.106977 -0.213209
v 0.067242 0.100970 -0.225224
v 0.066404 0.087558 -0.231371
v 0.055227 0.080013 -0.225224
v 0.044889 0.086021 -0.213209
v 0.086942 0.075682 -0.199657
v 0.092949 0.086160 -0.206643
v 0.092949 0.086160 -0.220614
v 0.086942 0.075682 -0.227599
v 0.080934 0.065204 -0.220614
v 0.080934 0.065204 -0.206643
v 0.128017 0.051931 -0.207201
v 0.128994 0.065344 -0.213209
v 0.118656 0.071351 -0.225224
v 0.107479 0.063807 -0.231371
v 0.106641 0.050394 -0.225224
v 0.116840 0.044387 -0.213209
v 0.158194 0.034607 -0.227599
v 0.155400 0.050115 -0.231092
v 0.137517 0.060454 -0.238078
v 0.122568 0.055145 -0.241570
v 0.125362 0.039497 -0.238078
v 0.143245 0.029158 -0.231092
v 0.185577 -0.057742 -0.255541
v 0.179709 -0.047403 -0.267696
v 0.167834 -0.026866 -0.267696
v 0.161826 -0.016527 -0.255541
v 0.167834 -0.026866 -0.243387
v 0.179709 -0.047403 -0.243387
v 0.203460 -0.032733 -0.255541
v 0.195217 -0.025608 -0.267696
v 0.178871 -0.011218 -0.267696
v 0.170768 -0.004093 -0.255541
v 0.178871 -0.011218 -0.243387
v 0.195217 -0.025608 -0.243387
v 0.203740 0.007643 -0.255541
v 0.195497 0.009739 -0.267696
v 0.179151 0.013930 -0.267696
v 0.170908 0.016026 -0.255541
v 0.179151 0.013930 -0.243387
v 0.195497 0.009739 -0.243387
v 0.186416 0.052490 -0.255541
v 0.180408 0.048997 -0.267696
v 0.168393 0.042012 -0.267696
v 0.162246 0.038519 -0.255541
v 0.168393 0.042012 -0.243387
v 0.180408 0.048997 -0.243387
v 0.156238 0.089933 -0.255541
v 0.154003 0.081690 -0.267696
v 0.149392 0.065344 -0.267696
v 0.147157 0.057240 -0.255541
v 0.149392 0.065344 -0.243387
v 0.154003 0.081690 -0.243387
v 0.121171 0.109772 -0.255541
v 0.123266 0.099154 -0.267696
v 0.127458 0.077778 -0.267696
v 0.129553 0.067160 -0.255541
v 0.127458 0.077778 -0.243387
v 0.123266 0.099154 -0.243387
v 0.090574 0.106838 -0.255541
v 0.096582 0.096499 -0.267696
v 0.108457 0.075962 -0.267696
v 0.114325 0.065623 -0.255541
v 0.108457 0.075962 -0.243387
v 0.096582 0.096499 -0.243387
v 0.072691 0.081829 -0.255541
v 0.080934 0.074704 -0.267696
v 0.097280 0.060314 -0.267696
v 0.105383 0.053189 -0.255541
v 0.097280 0.060314 -0.243387
v 0.080934 0.074704 -0.243387
v 0.072412 0.041453 -0.255541
v 0.080655 0.039357 -0.267696
v 0.097001 0.035166 -0.267696
v 0.105244 0.033070 -0.255541
v 0.097001 0.035166 -0.243387
v 0.080655 0.039357 -0.243387
v 0.089736 -0.003394 -0.255541
v 0.095743 0.000099 -0.267696
v 0.107898 0.007084 -0.267696
v 0.113906 0.010577 -0.255541
v 0.107898 0.007084 -0.243387
v 0.095743 0.000099 -0.243387
v 0.119913 -0.040837 -0.255541
v 0.122149 -0.032594 -0.267696
v 0.126759 -0.016248 -0.267696
v 0.128994 -0.008144 -0.255541
v 0.126759 -0.016248 -0.243387
v 0.122149 -0.032594 -0.243387
v 0.154981 -0.060676 -0.255541
v 0.152885 -0.050058 -0.267696
v 0.148694 -0.028682 -0.267696
v 0.146598 -0.018064 -0.255541
v 0.148694 -0.028682 -0.243387
v 0.152885 -0.050058 -0.243387
v 0.156797 -0.140311 -0.255541
v 0.168952 -0.128435 -0.255541
v 0.168952 -0.104684 -0.255541
v 0.156797 -0.092809 -0.255541
v 0.144642 -0.104684 -0.255541
v 0.144642 -0.128435 -0.255541
v 0.156797 -0.127597 -0.283484
v 0.168952 -0.117258 -0.279991
v 0.168952 -0.096721 -0.273005
v 0.156797 -0.086382 -0.269512
v 0.144642 -0.096721 -0.273005
v 0.144642 -0.117258 -0.279991
v 0.156797 -0.092809 -0.303881
v 0.168952 -0.086941 -0.297874
v 0.168952 -0.074926 -0.285859
v 0.156797 -0.069058 -0.279711
v 0.144642 -0.074926 -0.285859
v 0.144642 -0.086941 -0.297874
v 0.156797 -0.045307 -0.311426
v 0.168952 -0.045307 -0.304440
v 0.168952 -0.045307 -0.290469
v 0.156797 -0.045307 -0.283484
v 0.144642 -0.045307 -0.290469
v 0.144642 -0.045307 -0.304440
v 0.156797 0.002194 -0.303881
v 0.168952 -0.003813 -0.297874
v 0.168952 -0.015689 -0.285859
v 0.156797 -0.021557 -0.279711
v 0.144642 -0.015689 -0.285859
v 0.144642 -0.003813 -0.297874
v 0.156797 0.036982 -0.283484
v 0.168952 0.026644 -0.279991
v 0.168952 0.006106 -0.273005
v 0.156797 -0.004232 -0.269512
v 0.144642 0.006106 -0.273005
v 0.144642 0.026644 -0.279991
v 0.156797 0.049696 -0.255541
v 0.168952 0.037821 -0.255541
v 0.168952 0.014070 -0.255541
v 0.156797 0.002194 -0.255541
v 0.144642 0.014070 -0.255541
v 0.144642 0.037821 -0.255541
v 0.156797 0.036982 -0.227599
v 0.168952 0.026644 -0.231092
v 0.168952 0.006106 -0.238078
v 0.156797 -0.004232 -0.241570
v 0.144642 0.006106 -0.238078
v 0.144642 0.026644 -0.231092
v 0.156797 0.002194 -0.207201
v 0.168952 -0.003674 -0.213209
v 0.168952 -0.015549 -0.225224
v 0.156797 -0.021557 -0.231371
v 0.144642 -0.015549 -0.225224
v 0.144642 -0.003674 -0.213209
v 0.156797 -0.045307 -0.199657
v 0.168952 -0.045307 -0.206643
v 0.168952 -0.045307 -0.220614
v 0.156797 -0.045307 -0.227599
v 0.144642 -0.045307 -0.220614
v 0.144642 -0.045307 -0.206643
v 0.156797 -0.092809 -0.207201
v 0.168952 -0.086941 -0.213209
v 0.168952 -0.074926 -0.225224
v 0.156797 -0.069058 -0.231371
v 0.144642 -0.074926 -0.225224
v 0.144642 -0.086941 -0.213209
v 0.156797 -0.127597 -0.227599
v 0.168952 -0.117258 -0.231092
v 0.168952 -0.096721 -0.238078
v 0.156797 -0.086382 -0.241570
v 0.144642 -0.096721 -0.238078
v 0.144642 -0.117258 -0.231092
v 0.090574 -0.197452 -0.255541
v 0.096582 -0.187114 -0.267696
v 0.108457 -0.166576 -0.267696
v 0.114325 -0.156238 -0.255541
v 0.108457 -0.166576 -0.243387
v 0.096582 -0.187114 -0.243387
v 0.121171 -0.200386 -0.255541
v 0.123266 -0.189768 -0.267696
v 0.127458 -0.168393 -0.267696
v 0.129553 -0.157775 -0.255541
v 0.127458 -0.168393 -0.243387
v 0.123266 -0.189768 -0.243387
v 0.156238 -0.180547 -0.255541
v 0.154003 -0.172304 -0.267696
v 0.149392 -0.155958 -0.267696
v 0.147157 -0.147855 -0.255541
v 0.149392 -0.155958 -0.243387
v 0.154003 -0.172304 -0.243387
v 0.186416 -0.143105 -0.255541
v 0.180408 -0.139612 -0.267696
v 0.168393 -0.132627 -0.267696
v 0.162246 -0.129134 -0.255541
v 0.168393 -0.132627 -0.243387
v 0.180408 -0.139612 -0.243387
v 0.203740 -0.098258 -0.255541
v 0.195497 -0.100353 -0.267696
v 0.179151 -0.104545 -0.267696
v 0.170908 -0.106640 -0.255541
v 0.179151 -0.104545 -0.243387
v 0.195497 -0.100353 -0.243387
v 0.203460 -0.057881 -0.255541
v 0.195217 -0.065007 -0.267696
v 0.178871 -0.079397 -0.267696
v 0.170768 -0.086522 -0.255541
v 0.178871 -0.079397 -0.243387
v 0.195217 -0.065007 -0.243387
v 0.185577 -0.032873 -0.255541
v 0.179709 -0.043212 -0.267696
v 0.167834 -0.063749 -0.267696
v 0.161826 -0.074088 -0.255541
v 0.167834 -0.063749 -0.243387
v 0.179709 -0.043212 -0.243387
v 0.154981 -0.029939 -0.255541
v 0.152885 -0.040557 -0.267696
v 0.148694 -0.061933 -0.267696
v 0.146598 -0.072551 -0.255541
v 0.148694 -0.061933 -0.243387
v 0.152885 -0.040557 -0.243387
v 0.119913 -0.049778 -0.255541
v 0.122149 -0.058021 -0.267696
v 0.126759 -0.074367 -0.267696
v 0.128994 -0.082470 -0.255541
v 0.126759 -0.074367 -0.243387
v 0.122149 -0.058021 -0.243387
v 0.089736 -0.087221 -0.255541
v 0.095743 -0.090713 -0.267696
v 0.107898 -0.097699 -0.267696
v 0.113906 -0.101192 -0.255541
v 0.107898 -0.097699 -0.243387
v 0.095743 -0.090713 -0.243387
v 0.072412 -0.132068 -0.255541
v 0.080655 -0.129972 -0.267696
v 0.097001 -0.125781 -0.267696
v 0.105244 -0.123685 -0.255541
v 0.097001 -0.125781 -0.243387
v 0.080655 -0.129972 -0.243387
v 0.072691 -0.172444 -0.255541
v 0.080934 -0.165319 -0.267696
v 0.097280 -0.150929 -0.267696
v 0.105383 -0.143803 -0.255541
v 0.097280 -0.150929 -0.243387
v 0.080934 -0.165319 -0.243387
v 0.004652 -0.213799 -0.255541
v 0.020998 -0.218409 -0.255541
v 0.041536 -0.206534 -0.255541
v 0.045867 -0.190048 -0.255541
v 0.029520 -0.185577 -0.255541
v 0.008843 -0.197452 -0.255541
v 0.015689 -0.207372 -0.283484
v 0.030638 -0.212821 -0.279991
v 0.048521 -0.202482 -0.273005
v 0.051315 -0.186834 -0.269512
v 0.036366 -0.181525 -0.273005
v 0.018483 -0.191864 -0.279991
v 0.045867 -0.190048 -0.303881
v 0.057043 -0.197592 -0.297874
v 0.067242 -0.191585 -0.285859
v 0.066404 -0.178172 -0.279711
v 0.055227 -0.170628 -0.285859
v 0.044889 -0.176635 -0.297874
v 0.086942 -0.166297 -0.311426
v 0.092949 -0.176775 -0.304440
v 0.092949 -0.176775 -0.290469
v 0.086942 -0.166297 -0.283484
v 0.080934 -0.155819 -0.290469
v 0.080934 -0.155819 -0.304440
v 0.128017 -0.142546 -0.303881
v 0.128994 -0.155958 -0.297874
v 0.118656 -0.161966 -0.285859
v 0.107479 -0.154421 -0.279711
v 0.106641 -0.141009 -0.285859
v 0.116840 -0.135002 -0.297874
v 0.158194 -0.125222 -0.283484
v 0.155400 -0.140730 -0.279991
v 0.137517 -0.151068 -0.273005
v 0.122568 -0.145759 -0.269512
v 0.125362 -0.130112 -0.273005
v 0.143245 -0.119773 -0.279991
v 0.169231 -0.118795 -0.255541
v 0.165040 -0.135281 -0.255541
v 0.144363 -0.147157 -0.255541
v 0.128017 -0.142546 -0.255541
v 0.132348 -0.126200 -0.255541
v 0.152885 -0.114324 -0.255541
v 0.158194 -0.125222 -0.227599
v 0.155400 -0.140730 -0.231092
v 0.137517 -0.151068 -0.238078
v 0.122568 -0.145759 -0.241570
v 0.125362 -0.130112 -0.238078
v 0.143245 -0.119773 -0.231092
v 0.128017 -0.142546 -0.207201
v 0.128994 -0.155958 -0.213209
v 0.118656 -0.161966 -0.225224
v 0.107479 -0.154421 -0.231371
v 0.106641 -0.141009 -0.225224
v 0.116840 -0.135002 -0.213209
v 0.086942 -0.166297 -0.199657
v 0.092949 -0.176775 -0.206643
v 0.092949 -0.176775 -0.220614
v 0.086942 -0.166297 -0.227599
v 0.080934 -0.155819 -0.220614
v 0.080934 -0.155819 -0.206643
v 0.045867 -0.190048 -0.207201
v 0.057043 -0.197592 -0.213209
v 0.067242 -0.191585 -0.225224
v 0.066404 -0.178172 -0.231371
v 0.055227 -0.170628 -0.225224
v 0.044889 -0.176635 -0.213209
v 0.015689 -0.207372 -0.227599
v 0.030638 -0.212821 -0.231092
v 0.048521 -0.202482 -0.238078
v 0.051315 -0.186834 -0.241570
v 0.036366 -0.181525 -0.238078
v 0.018483 -0.191864 -0.231092
v -0.077917 -0.185018 -0.255541
v -0.066042 -0.185018 -0.267696
v -0.042291 -0.185018 -0.267696
v -0.030415 -0.185018 -0.255541
v -0.042291 -0.185018 -0.243387
v -0.066042 -0.185018 -0.243387
v -0.065203 -0.212960 -0.255541
v -0.054865 -0.209468 -0.267696
v -0.034327 -0.202482 -0.267696
v -0.023989 -0.198989 -0.255541
v -0.034327 -0.202482 -0.243387
v -0.054865 -0.209468 -0.243387
v -0.030415 -0.233358 -0.255541
v -0.024408 -0.227350 -0.267696
v -0.012533 -0.215335 -0.267696
v -0.006665 -0.209188 -0.255541
v -0.012533 -0.215335 -0.243387
v -0.024408 -0.227350 -0.243387
v 0.017086 -0.240902 -0.255541
v 0.017086 -0.233917 -0.267696
v 0.017086 -0.219946 -0.267696
v 0.017086 -0.212960 -0.255541
v 0.017086 -0.219946 -0.243387
v 0.017086 -0.233917 -0.243387
v 0.064588 -0.233358 -0.255541
v 0.058720 -0.227350 -0.267696
v 0.046845 -0.215335 -0.267696
v 0.040837 -0.209188 -0.255541
v 0.046705 -0.215335 -0.243387
v 0.058720 -0.227350 -0.243387
v 0.099376 -0.212960 -0.255541
v 0.089037 -0.209468 -0.267696
v 0.068500 -0.202482 -0.267696
v 0.058161 -0.198989 -0.255541
v 0.068500 -0.202482 -0.243387
v 0.089037 -0.209468 -0.243387
v 0.112089 -0.185018 -0.255541
v 0.100214 -0.185018 -0.267696
v 0.076463 -0.185018 -0.267696
v 0.064588 -0.185018 -0.255541
v 0.076463 -0.185018 -0.243387
v 0.100214 -0.185018 -0.243387
v 0.099376 -0.157076 -0.255541
v 0.089037 -0.160569 -0.267696
v 0.068500 -0.167554 -0.267696
v 0.058161 -0.171047 -0.255541
v 0.068500 -0.167554 -0.243387
v 0.089037 -0.160569 -0.243387
v 0.064588 -0.136678 -0.255541
v 0.058720 -0.142686 -0.267696
v 0.046845 -0.154701 -0.267696
v 0.040837 -0.160848 -0.255541
v 0.046845 -0.154701 -0.243387
v 0.058720 -0.142686 -0.243387
v 0.017086 -0.129134 -0.255541
v 0.017086 -0.136119 -0.267696
v 0.017086 -0.150090 -0.267696
v 0.017086 -0.157076 -0.255541
v 0.017086 -0.150090 -0.243387
v 0.017086 -0.136119 -0.243387
v -0.030415 -0.136678 -0.255541
v -0.024408 -0.142686 -0.267696
v -0.012533 -0.154701 -0.267696
v -0.006665 -0.160848 -0.255541
v -0.012533 -0.154701 -0.243387
v -0.024408 -0.142686 -0.243387
v -0.065203 -0.157076 -0.255541
v -0.054865 -0.160569 -0.267696
v -0.034327 -0.167554 -0.267696
v -0.023989 -0.171047 -0.255541
v -0.034327 -0.167554 -0.243387
v -0.054865 -0.160569 -0.243387
v -0.135059 -0.118795 -0.255541
v -0.130867 -0.135281 -0.255541
v -0.110190 -0.147157 -0.255541
v -0.093844 -0.142546 -0.255541
v -0.098175 -0.126200 -0.255541
v -0.118713 -0.114325 -0.255541
v -0.124022 -0.125222 -0.283484
v -0.121227 -0.140730 -0.279991
v -0.103344 -0.151068 -0.273005
v -0.088395 -0.145759 -0.269512
v -0.091190 -0.130112 -0.273005
v -0.109073 -0.119773 -0.279991
v -0.093844 -0.142546 -0.303881
v -0.094822 -0.155958 -0.297874
v -0.084484 -0.161966 -0.285859
v -0.073307 -0.154421 -0.279711
v -0.072468 -0.141009 -0.285859
v -0.082667 -0.135002 -0.297874
v -0.052769 -0.166297 -0.311426
v -0.058777 -0.176775 -0.304440
v -0.058777 -0.176775 -0.290469
v -0.052769 -0.166297 -0.283484
v -0.046762 -0.155819 -0.290469
v -0.046762 -0.155819 -0.304440
v -0.011694 -0.190048 -0.303881
v -0.022871 -0.197592 -0.297874
v -0.033070 -0.191585 -0.285859
v -0.032232 -0.178172 -0.279711
v -0.021055 -0.170628 -0.285859
v -0.010716 -0.176635 -0.297874
v 0.018483 -0.207372 -0.283484
v 0.003534 -0.212821 -0.279991
v -0.014349 -0.202482 -0.273005
v -0.017143 -0.186834 -0.269512
v -0.002194 -0.181525 -0.273005
v 0.015689 -0.191864 -0.279991
v 0.029520 -0.213799 -0.255541
v 0.013174 -0.218409 -0.255541
v -0.007363 -0.206534 -0.255541
v -0.011694 -0.190048 -0.255541
v 0.004652 -0.185577 -0.255541
v 0.025329 -0.197452 -0.255541
v 0.018483 -0.207372 -0.227599
v 0.003534 -0.212821 -0.231092
v -0.014349 -0.202482 -0.238078
v -0.017143 -0.186834 -0.241570
v -0.002194 -0.181525 -0.238078
v 0.015689 -0.191864 -0.231092
v -0.011694 -0.190048 -0.207201
v -0.022871 -0.197592 -0.213209
v -0.033070 -0.191585 -0.225224
v -0.032232 -0.178172 -0.231371
v -0.021055 -0.170628 -0.225224
v -0.010716 -0.176635 -0.213209
v -0.052769 -0.166297 -0.199657
v -0.058777 -0.176775 -0.206643
v -0.058777 -0.176775 -0.220614
v -0.052769 -0.166297 -0.227599
v -0.046762 -0.155819 -0.220614
v -0.046762 -0.155819 -0.206643
v -0.093844 -0.142546 -0.207201
v -0.094822 -0.155958 -0.213209
v -0.084484 -0.161966 -0.225224
v -0.073307 -0.154421 -0.231371
v -0.072468 -0.141009 -0.225224
v -0.082667 -0.135002 -0.213209
v -0.124022 -0.125222 -0.227599
v -0.121227 -0.140730 -0.231092
v -0.103344 -0.151068 -0.238078
v -0.088395 -0.145759 -0.241570
v -0.091190 -0.130112 -0.238078
v -0.109073 -0.119773 -0.231092
v -0.151405 -0.032873 -0.255541
v -0.145537 -0.043212 -0.267696
v -0.133662 -0.063749 -0.267696
v -0.127654 -0.074088 -0.255541
v -0.133662 -0.063749 -0.243387
v -0.145537 -0.043212 -0.243387
v -0.169288 -0.057881 -0.255541
v -0.161045 -0.065007 -0.267696
v -0.144699 -0.079397 -0.267696
v -0.136596 -0.086522 -0.255541
v -0.144699 -0.079397 -0.243387
v -0.161045 -0.065007 -0.243387
v -0.169567 -0.098258 -0.255541
v -0.161324 -0.100353 -0.267696
v -0.144978 -0.104545 -0.267696
v -0.136735 -0.106640 -0.255541
v -0.144978 -0.104545 -0.243387
v -0.161324 -0.100353 -0.243387
v -0.152243 -0.143105 -0.255541
v -0.146236 -0.139612 -0.267696
v -0.134221 -0.132627 -0.267696
v -0.128073 -0.129134 -0.255541
v -0.134221 -0.132627 -0.243387
v -0.146236 -0.139612 -0.243387
v -0.122066 -0.180547 -0.255541
v -0.119830 -0.172304 -0.267696
v -0.115220 -0.155958 -0.267696
v -0.112985 -0.147855 -0.255541
v -0.115220 -0.155958 -0.243387
v -0.119830 -0.172304 -0.243387
v -0.086998 -0.200386 -0.255541
v -0.089094 -0.189768 -0.267696
v -0.093285 -0.168393 -0.267696
v -0.095381 -0.157775 -0.255541
v -0.093285 -0.168393 -0.243387
v -0.089094 -0.189768 -0.243387
v -0.056402 -0.197452 -0.255541
v -0.062409 -0.187114 -0.267696
v -0.074285 -0.166576 -0.267696
v -0.080152 -0.156238 -0.255541
v -0.074285 -0.166576 -0.243387
v -0.062409 -0.187114 -0.243387
v -0.038519 -0.172444 -0.255541
v -0.046762 -0.165319 -0.267696
v -0.063108 -0.150929 -0.267696
v -0.071211 -0.143803 -0.255541
v -0.063108 -0.150929 -0.243387
v -0.046762 -0.165319 -0.243387
v -0.038239 -0.132068 -0.255541
v -0.046482 -0.129972 -0.267696
v -0.062828 -0.125781 -0.267696
v -0.071071 -0.123685 -0.255541
v -0.062828 -0.125781 -0.243387
v -0.046482 -0.129972 -0.243387
v -0.055563 -0.087221 -0.255541
v -0.061571 -0.090713 -0.267696
v -0.073726 -0.097699 -0.267696
v -0.079733 -0.101192 -0.255541
v -0.073726 -0.097699 -0.243387
v -0.061571 -0.090713 -0.243387
v -0.085741 -0.049778 -0.255541
v -0.087976 -0.058021 -0.267696
v -0.092587 -0.074367 -0.267696
v -0.094822 -0.082470 -0.255541
v -0.092587 -0.074367 -0.243387
v -0.087976 -0.058021 -0.243387
v -0.120808 -0.029939 -0.255541
v -0.118713 -0.040557 -0.267696
v -0.114521 -0.061933 -0.267696
v -0.112426 -0.072551 -0.255541
v -0.114521 -0.061933 -0.243387
v -0.118713 -0.040557 -0.243387
v -0.122625 0.049696 -0.255541
v -0.134779 0.037820 -0.255541
v -0.134779 0.014070 -0.255541
v -0.122625 0.002194 -0.255541
v -0.110470 0.014070 -0.255541
v -0.110470 0.037820 -0.255541
v -0.122625 0.036982 -0.283484
v -0.134779 0.026644 -0.279991
v -0.134779 0.006106 -0.273005
v -0.122625 -0.004232 -0.269512
v -0.110470 0.006106 -0.273005
v -0.110470 0.026644 -0.279991
v -0.122625 0.002194 -0.303881
v -0.134779 -0.003813 -0.297874
v -0.134779 -0.015689 -0.285859
v -0.122625 -0.021557 -0.279711
v -0.110470 -0.015689 -0.285859
v -0.110470 -0.003813 -0.297874
v -0.122625 -0.045307 -0.311426
v -0.134779 -0.045307 -0.304440
v -0.134779 -0.045307 -0.290469
v -0.122625 -0.045307 -0.283484
v -0.110470 -0.045307 -0.290469
v -0.110470 -0.045307 -0.304440
v -0.122625 -0.092809 -0.303881
v -0.134779 -0.086941 -0.297874
v -0.134779 -0.075066 -0.285859
v -0.122625 -0.069058 -0.279711
v -0.110470 -0.075066 -0.285859
v -0.110470 -0.086941 -0.297874
v -0.122625 -0.127597 -0.283484
v -0.134779 -0.117258 -0.279991
v -0.134779 -0.096721 -0.273005
v -0.122625 -0.086382 -0.269512
v -0.110470 -0.096721 -0.273005
v -0.110470 -0.117258 -0.279991
v -0.122625 -0.140311 -0.255541
v -0.134779 -0.128435 -0.255541
v -0.134779 -0.104684 -0.255541
v -0.122625 -0.092809 -0.255541
v -0.110470 -0.104684 -0.255541
v -0.110470 -0.128435 -0.255541
v -0.122625 -0.127597 -0.227599
v -0.134779 -0.117258 -0.231092
v -0.134779 -0.096721 -0.238078
v -0.122625 -0.086382 -0.241570
v -0.110470 -0.096721 -0.238078
v -0.110470 -0.117258 -0.231092
v -0.122625 -0.092809 -0.207201
v -0.134779 -0.086941 -0.213209
v -0.134779 -0.075066 -0.225224
v -0.122625 -0.069058 -0.231371
v -0.110470 -0.075066 -0.225224
v -0.110470 -0.086941 -0.213209
v -0.122625 -0.045307 -0.199657
v -0.134779 -0.045307 -0.206643
v -0.134779 -0.045307 -0.220614
v -0.122625 -0.045307 -0.227599
v -0.110470 -0.045307 -0.220614
v -0.110470 -0.045307 -0.206643
v -0.122625 0.002194 -0.207201
v -0.134779 -0.003813 -0.213209
v -0.134779 -0.015689 -0.225224
v -0.122625 -0.021557 -0.231371
v -0.110470 -0.015689 -0.225224
v -0.110470 -0.003813 -0.213209
v -0.122625 0.036982 -0.227599
v -0.134779 0.026644 -0.231092
v -0.134779 0.006106 -0.238078
v -0.122625 -0.004232 -0.241570
v -0.110470 0.006106 -0.238078
v -0.110470 0.026644 -0.231092
v -0.056402 0.106838 -0.255541
v -0.062409 0.096499 -0.267696
v -0.074285 0.075962 -0.267696
v -0.080153 0.065623 -0.255541
v -0.074285 0.075962 -0.243387
v -0.062409 0.096499 -0.243387
v -0.086998 0.109772 -0.255541
v -0.089094 0.099154 -0.267696
v -0.093285 0.077778 -0.267696
v -0.095381 0.067160 -0.255541
v -0.093285 0.077778 -0.243387
v -0.089094 0.099154 -0.243387
v -0.122066 0.089933 -0.255541
v -0.119830 0.081690 -0.267696
v -0.115220 0.065344 -0.267696
v -0.112985 0.057240 -0.255541
v -0.115220 0.065344 -0.243387
v -0.119830 0.081690 -0.243387
v -0.152243 0.052490 -0.255541
v -0.146236 0.048997 -0.267696
v -0.134221 0.042012 -0.267696
v -0.128073 0.038519 -0.255541
v -0.134221 0.042012 -0.243387
v -0.146236 0.048997 -0.243387
v -0.169567 0.007643 -0.255541
v -0.161324 0.009739 -0.267696
v -0.144978 0.013930 -0.267696
v -0.136735 0.016026 -0.255541
v -0.144978 0.013930 -0.243387
v -0.161324 0.009739 -0.243387
v -0.169288 -0.032733 -0.255541
v -0.161045 -0.025608 -0.267696
v -0.144699 -0.011218 -0.267696
v -0.136596 -0.004093 -0.255541
v -0.144699 -0.011218 -0.243387
v -0.161045 -0.025608 -0.243387
v -0.151405 -0.057742 -0.255541
v -0.145537 -0.047403 -0.267696
v -0.133662 -0.026866 -0.267696
v -0.127654 -0.016527 -0.255541
v -0.133662 -0.026866 -0.243387
v -0.145537 -0.047403 -0.243387
v -0.120808 -0.060676 -0.255541
v -0.118713 -0.050058 -0.267696
v -0.114521 -0.028682 -0.267696
v -0.112426 -0.018064 -0.255541
v -0.114521 -0.028682 -0.243387
v -0.118713 -0.050058 -0.243387
v -0.085741 -0.040837 -0.255541
v -0.087976 -0.032594 -0.267696
v -0.092587 -0.016248 -0.267696
v -0.094822 -0.008144 -0.255541
v -0.092587 -0.016248 -0.243387
v -0.087976 -0.032594 -0.243387
v -0.055563 -0.003394 -0.255541
v -0.061571 0.000099 -0.267696
v -0.073726 0.007084 -0.267696
v -0.079733 0.010577 -0.255541
v -0.073726 0.007084 -0.243387
v -0.061571 0.000099 -0.243387
v -0.038239 0.041453 -0.255541
v -0.046482 0.039357 -0.267696
v -0.062828 0.035166 -0.267696
v -0.071071 0.033070 -0.255541
v -0.062828 0.035166 -0.243387
v -0.046482 0.039357 -0.243387
v -0.038519 0.081829 -0.255541
v -0.046762 0.074704 -0.267696
v -0.063108 0.060314 -0.267696
v -0.071211 0.053189 -0.255541
v -0.063108 0.060314 -0.243387
v -0.046762 0.074704 -0.243387
v 0.029520 0.123184 -0.255541
v 0.013174 0.127794 -0.255541
v -0.007363 0.115919 -0.255541
v -0.011694 0.099433 -0.255541
v 0.004652 0.094962 -0.255541
v 0.025329 0.106838 -0.255541
v 0.018483 0.116757 -0.283484
v 0.003534 0.122206 -0.279991
v -0.014349 0.111867 -0.273005
v -0.017143 0.096220 -0.269512
v -0.002194 0.090911 -0.273005
v 0.015689 0.101249 -0.279991
v -0.011694 0.099433 -0.303881
v -0.022871 0.106977 -0.297874
v -0.033070 0.100970 -0.285859
v -0.032232 0.087558 -0.279711
v -0.021055 0.080013 -0.285859
v -0.010716 0.086021 -0.297874
v -0.052769 0.075682 -0.311426
v -0.058777 0.086160 -0.304440
v -0.058777 0.086160 -0.290469
v -0.052769 0.075682 -0.283484
v -0.046762 0.065204 -0.290469
v -0.046762 0.065204 -0.304440
v -0.093844 0.051931 -0.303881
v -0.094822 0.065344 -0.297874
v -0.084484 0.071351 -0.285859
v -0.073307 0.063807 -0.279711
v -0.072468 0.050394 -0.285859
v -0.082667 0.044387 -0.297874
v -0.124022 0.034607 -0.283484
v -0.121227 0.050115 -0.279991
v -0.103345 0.060454 -0.273005
v -0.088395 0.055145 -0.269512
v -0.091190 0.039497 -0.273005
v -0.109073 0.029158 -0.279991
v -0.135059 0.028180 -0.255541
v -0.130868 0.044666 -0.255541
v -0.110190 0.056542 -0.255541
v -0.093844 0.051931 -0.255541
v -0.098175 0.035585 -0.255541
v -0.118713 0.023710 -0.255541
v -0.124022 0.034607 -0.227599
v -0.121227 0.050115 -0.231092
v -0.103345 0.060454 -0.238078
v -0.088395 0.055145 -0.241570
v -0.091190 0.039497 -0.238078
v -0.109073 0.029158 -0.231092
v -0.093844 0.051931 -0.207201
v -0.094822 0.065344 -0.213209
v -0.084484 0.071351 -0.225224
v -0.073307 0.063807 -0.231371
v -0.072468 0.050394 -0.225224
v -0.082667 0.044387 -0.213209
v -0.052769 0.075682 -0.199657
v -0.058777 0.086160 -0.206643
v -0.058777 0.086160 -0.220614
v -0.052769 0.075682 -0.227599
v -0.046762 0.065204 -0.220614
v -0.046762 0.065204 -0.206643
v -0.011694 0.099433 -0.207201
v -0.022871 0.106977 -0.213209
v -0.033070 0.100970 -0.225224
v -0.032232 0.087558 -0.231371
v -0.021055 0.080013 -0.225224
v -0.010716 0.086021 -0.213209
v 0.018483 0.116757 -0.227599
v 0.003534 0.122206 -0.231092
v -0.014349 0.111867 -0.238078
v -0.017143 0.096220 -0.241570
v -0.002194 0.090911 -0.238078
v 0.015689 0.101249 -0.231092
vn -0.6793 -0.3098 0.6653
vn -0.0000 -0.0000 1.0000
vn 0.6790 0.3108 0.6651
vn 0.6790 0.3108 -0.6651
vn -0.0000 -0.0000 -1.0000
vn -0.6793 -0.3098 -0.6653
vn -0.4202 -0.7146 0.5594
vn 0.4202 0.7106 0.5643
vn 0.4198 0.7124 -0.5624
vn -0.4201 -0.7146 -0.5594
vn -0.1361 -0.8597 0.4923
vn 0.1343 0.8576 0.4965
vn 0.1347 0.8578 -0.4960
vn -0.1361 -0.8597 -0.4923
vn 0.1362 -0.8593 0.4930
vn -0.1347 0.8578 0.4960
vn -0.1347 0.8578 -0.4960
vn 0.1362 -0.8593 -0.4930
vn 0.4190 -0.7141 0.5608
vn -0.4198 0.7124 0.5624
vn -0.4198 0.7124 -0.5624
vn 0.4190 -0.7141 -0.5608
vn 0.6793 -0.3098 0.6653
vn -0.6790 0.3108 0.6651
vn -0.6790 0.3108 -0.6651
vn 0.6793 -0.3098 -0.6653
vn 0.6793 0.3098 0.6653
vn -0.6790 -0.3108 0.6651
vn -0.6790 -0.3108 -0.6651
vn 0.6793 0.3098 -0.6653
vn 0.4201 0.7146 0.5594
vn -0.4202 -0.7106 0.5643
vn -0.4202 -0.7106 -0.5643
vn 0.4201 0.7146 -0.5594
vn 0.1361 0.8597 0.4923
vn -0.1343 -0.8576 0.4965
vn -0.1343 -0.8576 -0.4965
vn 0.1361 0.8597 -0.4923
vn -0.1361 0.8597 0.4923
vn 0.1343 -0.8576 0.4965
vn 0.1347 -0.8578 -0.4960
vn -0.1361 0.8597 -0.4923
vn -0.4202 0.7146 0.5594
vn 0.4202 -0.7106 0.5643
vn 0.4198 -0.7124 -0.5624
vn -0.4201 0.7146 -0.5594
vn -0.6793 0.3098 0.6653
vn 0.6790 -0.3108 0.6651
vn 0.6790 -0.3108 -0.6651
vn -0.6793 0.3098 -0.6653
vn 0.9211 0.2350 -0.3103
vn 0.4988 0.8667 -0.0026
vn -0.2561 0.9163 0.3079
vn -0.9203 -0.2388 0.3099
vn -0.4999 -0.8661 0.0049
vn 0.2559 -0.9161 -0.3087
vn 0.6423 0.2753 -0.7153
vn 0.5005 0.8657 -0.0013
vn -0.0809 0.6981 0.7115
vn -0.6459 -0.2792 0.7105
vn -0.5021 -0.8648 0.0020
vn 0.0849 -0.6936 -0.7153
vn 0.3652 0.3601 -0.8585
vn 0.4999 0.8661 -0.0013
vn 0.1322 0.4983 0.8569
vn -0.3661 -0.3655 0.8558
vn -0.5010 -0.8654 0.0034
vn -0.1295 -0.4956 -0.8588
vn 0.1295 0.4956 -0.8588
vn 0.5010 0.8654 0.0034
vn 0.3661 0.3655 0.8558
vn -0.1322 -0.4983 0.8569
vn -0.4999 -0.8661 -0.0013
vn -0.3652 -0.3601 -0.8585
vn -0.0849 0.6936 -0.7153
vn 0.5021 0.8648 0.0020
vn 0.6459 0.2792 0.7105
vn 0.0809 -0.6981 0.7115
vn -0.5005 -0.8657 -0.0013
vn -0.6423 -0.2753 -0.7153
vn -0.2590 0.9141 -0.3119
vn 0.5006 0.8657 -0.0005
vn 0.9208 0.2378 0.3093
vn 0.2518 -0.9167 0.3103
vn -0.4996 -0.8663 0.0028
vn -0.9212 -0.2359 -0.3094
vn -0.2590 0.9141 0.3119
vn 0.5006 0.8657 0.0005
vn 0.9208 0.2378 -0.3093
vn 0.2518 -0.9167 -0.3103
vn -0.4996 -0.8663 -0.0028
vn -0.9212 -0.2359 0.3094
vn -0.0849 0.6937 0.7153
vn 0.5021 0.8648 -0.0020
vn 0.6459 0.2792 -0.7105
vn 0.0809 -0.6981 -0.7115
vn -0.5005 -0.8657 0.0013
vn -0.6423 -0.2753 0.7153
vn 0.1295 0.4956 0.8588
vn 0.5010 0.8654 -0.0034
vn 0.3661 0.3655 -0.8558
vn -0.1322 -0.4983 -0.8569
vn -0.4999 -0.8661 0.0013
vn -0.3652 -0.3601 0.8585
vn 0.3652 0.3601 0.8585
vn 0.4999 0.8661 0.0013
vn 0.1322 0.4983 -0.8569
vn -0.3661 -0.3655 -0.8558
vn -0.5010 -0.8654 -0.0034
vn -0.1295 -0.4956 0.8588
vn 0.6423 0.2753 0.7153
vn 0.5005 0.8657 0.0013
vn -0.0809 0.6981 -0.7115
vn -0.6459 -0.2792 -0.7105
vn -0.5021 -0.8648 -0.0020
vn 0.0849 -0.6937 0.7153
vn 0.9211 0.2350 0.3103
vn 0.4988 0.8667 0.0026
vn -0.2561 0.9163 -0.3079
vn -0.9203 -0.2388 -0.3099
vn -0.4999 -0.8661 -0.0049
vn 0.2559 -0.9161 0.3087
vn -0.6082 0.4339 0.6647
vn 0.6088 -0.4332 0.6646
vn 0.6088 -0.4332 -0.6646
vn -0.6082 0.4339 -0.6647
vn -0.8265 0.0061 0.5628
vn 0.8285 -0.0077 0.5600
vn 0.8285 -0.0077 -0.5600
vn -0.8265 0.0061 -0.5628
vn -0.8115 -0.3127 0.4937
vn 0.8099 0.3110 0.4973
vn 0.8099 0.3110 -0.4973
vn -0.8115 -0.3127 -0.4937
vn -0.6770 -0.5462 0.4933
vn 0.6754 0.5475 0.4941
vn 0.6754 0.5475 -0.4941
vn -0.6770 -0.5462 -0.4933
vn -0.4082 -0.7201 0.5611
vn 0.4083 0.7221 0.5585
vn 0.4083 0.7221 -0.5585
vn -0.4082 -0.7201 -0.5611
vn 0.0725 -0.7433 0.6650
vn -0.0728 0.7435 0.6648
vn -0.0728 0.7435 -0.6648
vn 0.0725 -0.7433 -0.6650
vn 0.6058 -0.4340 0.6669
vn -0.6086 0.4360 0.6630
vn -0.6086 0.4360 -0.6630
vn 0.6058 -0.4340 -0.6669
vn 0.8265 -0.0061 0.5628
vn -0.8285 0.0077 0.5600
vn -0.8285 0.0077 -0.5600
vn 0.8265 -0.0061 -0.5628
vn 0.8115 0.3127 0.4937
vn -0.8112 -0.3137 0.4935
vn -0.8112 -0.3137 -0.4935
vn 0.8115 0.3127 -0.4937
vn 0.6770 0.5462 0.4933
vn -0.6779 -0.5473 0.4909
vn -0.6779 -0.5473 -0.4909
vn 0.6770 0.5462 -0.4933
vn 0.4082 0.7201 0.5611
vn -0.4083 -0.7221 0.5585
vn -0.4083 -0.7221 -0.5585
vn 0.4082 0.7201 -0.5611
vn -0.0724 0.7436 0.6647
vn -0.0724 0.7436 -0.6647
vn 0.6653 -0.6793 -0.3098
vn 1.0000 -0.0000 -0.0000
vn 0.6651 0.6790 0.3108
vn -0.6651 0.6790 0.3108
vn -1.0000 -0.0000 -0.0000
vn -0.6653 -0.6793 -0.3098
vn 0.5594 -0.4201 -0.7146
vn 0.5624 0.4198 0.7124
vn -0.5624 0.4198 0.7124
vn -0.5594 -0.4201 -0.7146
vn 0.4923 -0.1361 -0.8597
vn 0.4960 0.1347 0.8578
vn -0.4960 0.1347 0.8578
vn -0.4923 -0.1361 -0.8597
vn 0.4930 0.1363 -0.8593
vn 0.4960 -0.1347 0.8578
vn -0.4960 -0.1347 0.8578
vn -0.4930 0.1363 -0.8593
vn 0.5608 0.4190 -0.7141
vn 0.5624 -0.4198 0.7124
vn -0.5624 -0.4198 0.7124
vn -0.5608 0.4190 -0.7141
vn 0.6653 0.6793 -0.3098
vn 0.6651 -0.6790 0.3108
vn -0.6651 -0.6790 0.3108
vn -0.6653 0.6793 -0.3098
vn 0.6653 0.6793 0.3098
vn 0.6651 -0.6790 -0.3108
vn -0.6651 -0.6790 -0.3108
vn -0.6653 0.6793 0.3098
vn 0.5594 0.4202 0.7146
vn 0.5643 -0.4202 -0.7106
vn -0.5643 -0.4202 -0.7106
vn -0.5594 0.4202 0.7146
vn 0.4923 0.1361 0.8597
vn 0.4965 -0.1343 -0.8576
vn -0.4965 -0.1343 -0.8576
vn -0.4923 0.1361 0.8597
vn 0.4923 -0.1361 0.8597
vn 0.4959 0.1347 -0.8578
vn -0.4959 0.1347 -0.8578
vn -0.4923 -0.1361 0.8597
vn 0.5594 -0.4201 0.7146
vn 0.5624 0.4198 -0.7124
vn -0.5624 0.4198 -0.7124
vn -0.5594 -0.4202 0.7146
vn 0.6653 -0.6793 0.3098
vn 0.6651 0.6790 -0.3108
vn -0.6651 0.6790 -0.3108
vn -0.6653 -0.6793 0.3098
vn 0.0725 0.7433 0.6650
vn -0.0728 -0.7435 0.6648
vn -0.0728 -0.7435 -0.6648
vn 0.0725 0.7433 -0.6650
vn -0.4082 0.7201 0.5611
vn 0.4083 -0.7221 0.5585
vn 0.4083 -0.7221 -0.5585
vn -0.4082 0.7201 -0.5611
vn -0.6770 0.5462 0.4933
vn 0.6754 -0.5475 0.4941
vn 0.6754 -0.5475 -0.4941
vn -0.6770 0.5462 -0.4933
vn -0.8115 0.3127 0.4937
vn 0.8099 -0.3110 0.4973
vn 0.8099 -0.3110 -0.4973
vn -0.8115 0.3127 -0.4937
vn -0.8265 -0.0061 0.5628
vn 0.8285 0.0077 0.5600
vn 0.8285 0.0077 -0.5600
vn -0.8265 -0.0061 -0.5628
vn -0.6082 -0.4339 0.6647
vn 0.6088 0.4332 0.6646
vn 0.6088 0.4332 -0.6646
vn -0.6082 -0.4339 -0.6647
vn -0.0724 -0.7436 0.6647
vn -0.0724 -0.7436 -0.6647
vn 0.4082 -0.7201 0.5611
vn -0.4083 0.7221 0.5585
vn -0.4083 0.7221 -0.5585
vn 0.4082 -0.7201 -0.5611
vn 0.6770 -0.5462 0.4933
vn -0.6779 0.5473 0.4909
vn -0.6779 0.5473 -0.4909
vn 0.6770 -0.5462 -0.4933
vn 0.8115 -0.3127 0.4937
vn -0.8112 0.3137 0.4935
vn -0.8112 0.3137 -0.4935
vn 0.8115 -0.3127 -0.4937
vn 0.8265 0.0061 0.5628
vn -0.8285 -0.0077 0.5600
vn -0.8285 -0.0077 -0.5600
vn 0.8265 0.0061 -0.5628
vn 0.6058 0.4340 0.6669
vn -0.6086 -0.4360 0.6630
vn -0.6086 -0.4360 -0.6630
vn 0.6058 0.4340 -0.6669
vn -0.2590 -0.9141 -0.3119
vn 0.5006 -0.8657 -0.0005
vn 0.9208 -0.2378 0.3093
vn 0.2518 0.9167 0.3103
vn -0.4996 0.8663 0.0028
vn -0.9212 0.2359 -0.3094
vn -0.0849 -0.6936 -0.7153
vn 0.5021 -0.8648 0.0020
vn 0.6459 -0.2792 0.7105
vn 0.0809 0.6981 0.7115
vn -0.5005 0.8657 -0.0013
vn -0.6423 0.2753 -0.7153
vn 0.1295 -0.4956 -0.8588
vn 0.5010 -0.8654 0.0034
vn 0.3661 -0.3655 0.8558
vn -0.1322 0.4983 0.8569
vn -0.4999 0.8661 -0.0013
vn -0.3652 0.3601 -0.8585
vn 0.3652 -0.3601 -0.8585
vn 0.4999 -0.8661 -0.0013
vn 0.1322 -0.4983 0.8569
vn -0.3661 0.3655 0.8558
vn -0.5010 0.8654 0.0034
vn -0.1295 0.4956 -0.8588
vn 0.6423 -0.2753 -0.7153
vn 0.5005 -0.8657 -0.0013
vn -0.0809 -0.6981 0.7115
vn -0.6459 0.2792 0.7105
vn -0.5021 0.8648 0.0020
vn 0.0849 0.6936 -0.7153
vn 0.9211 -0.2350 -0.3103
vn 0.4988 -0.8667 -0.0026
vn -0.2561 -0.9163 0.3079
vn -0.9203 0.2388 0.3099
vn -0.4999 0.8661 0.0049
vn 0.2559 0.9161 -0.3087
vn 0.9211 -0.2350 0.3103
vn 0.4988 -0.8667 0.0026
vn -0.2561 -0.9163 -0.3079
vn -0.9203 0.2388 -0.3099
vn -0.4999 0.8661 -0.0049
vn 0.2559 0.9161 0.3087
vn 0.6423 -0.2753 0.7153
vn 0.5005 -0.8657 0.0013
vn -0.0809 -0.6981 -0.7115
vn -0.6459 0.2792 -0.7105
vn -0.5021 0.8648 -0.0020
vn 0.0849 0.6937 0.7153
vn 0.3652 -0.3601 0.8585
vn 0.4999 -0.8661 0.0013
vn 0.1322 -0.4983 -0.8569
vn -0.3661 0.3655 -0.8558
vn -0.5010 0.8654 -0.0034
vn -0.1295 0.4956 0.8588
vn 0.1295 -0.4956 0.8588
vn 0.5010 -0.8654 -0.0034
vn 0.3661 -0.3655 -0.8558
vn -0.1322 0.4983 -0.8569
vn -0.4999 0.8661 0.0013
vn -0.3652 0.3601 0.8585
vn -0.0849 -0.6937 0.7153
vn 0.5021 -0.8648 -0.0020
vn 0.6459 -0.2792 -0.7105
vn 0.0809 0.6981 -0.7115
vn -0.5005 0.8657 0.0013
vn -0.6423 0.2753 0.7153
vn -0.2590 -0.9141 0.3119
vn 0.5006 -0.8657 0.0005
vn 0.9208 -0.2378 -0.3093
vn 0.2518 0.9167 -0.3103
vn -0.4996 0.8663 -0.0028
vn -0.9212 0.2359 0.3094
vn 0.4190 0.7141 0.5608
vn -0.4198 -0.7124 0.5624
vn -0.4198 -0.7124 -0.5624
vn 0.4190 0.7141 -0.5608
vn 0.1362 0.8593 0.4930
vn -0.1347 -0.8578 0.4960
vn -0.1347 -0.8578 -0.4960
vn 0.1362 0.8593 -0.4930
vn 0.4202 0.7106 -0.5644
vn 0.1343 0.8576 -0.4965
vn -0.9211 -0.2350 -0.3103
vn -0.4988 -0.8667 -0.0026
vn 0.2561 -0.9163 0.3079
vn 0.9203 0.2388 0.3099
vn 0.4999 0.8661 0.0049
vn -0.2559 0.9161 -0.3087
vn 0.2590 -0.9141 -0.3119
vn -0.5006 -0.8657 -0.0005
vn -0.9208 -0.2378 0.3093
vn -0.2518 0.9167 0.3103
vn 0.4996 0.8663 0.0028
vn 0.9212 0.2359 -0.3094
vn 0.2590 -0.9141 0.3119
vn -0.5006 -0.8657 0.0005
vn -0.9208 -0.2378 -0.3093
vn -0.2518 0.9167 -0.3103
vn 0.4996 0.8663 -0.0028
vn 0.9212 0.2359 0.3094
vn -0.9211 -0.2350 0.3103
vn -0.4988 -0.8667 0.0026
vn 0.2561 -0.9163 -0.3079
vn 0.9203 0.2388 -0.3099
vn 0.4999 0.8661 -0.0049
vn -0.2559 0.9161 0.3087
vn 0.6082 -0.4339 0.6647
vn -0.6088 0.4332 0.6646
vn -0.6088 0.4332 -0.6646
vn 0.6082 -0.4339 -0.6647
vn -0.8099 -0.3110 0.4973
vn -0.8099 -0.3110 -0.4973
vn -0.6754 -0.5475 0.4941
vn -0.6754 -0.5475 -0.4941
vn -0.0725 0.7433 0.6650
vn 0.0728 -0.7435 0.6648
vn 0.0728 -0.7435 -0.6648
vn -0.0725 0.7433 -0.6650
vn -0.6058 0.4340 0.6669
vn 0.6086 -0.4360 0.6630
vn 0.6086 -0.4360 -0.6630
vn -0.6058 0.4340 -0.6669
vn 0.8112 0.3137 0.4935
vn 0.8112 0.3137 -0.4935
vn 0.6779 0.5473 0.4909
vn 0.6779 0.5473 -0.4909
vn 0.0724 -0.7436 0.6647
vn 0.0724 -0.7436 -0.6647
vn -0.4965 0.1343 0.8576
vn 0.4965 0.1343 0.8576
vn -0.5644 0.4202 0.7106
vn 0.5644 0.4202 0.7106
vn -0.5643 0.4202 -0.7106
vn 0.5643 0.4202 -0.7106
vn 0.5594 -0.4202 0.7146
vn -0.4965 0.1343 -0.8576
vn 0.4965 0.1343 -0.8576
vn -0.4930 0.1362 0.8593
vn -0.4959 -0.1347 -0.8578
vn 0.4959 -0.1347 -0.8578
vn 0.4930 0.1362 0.8593
vn -0.5608 0.4190 0.7141
vn -0.5624 -0.4198 -0.7124
vn 0.5624 -0.4198 -0.7124
vn 0.5608 0.4190 0.7141
vn -0.0725 -0.7433 0.6650
vn 0.0728 0.7435 0.6648
vn 0.0728 0.7435 -0.6648
vn -0.0725 -0.7433 -0.6650
vn -0.6754 0.5475 0.4941
vn -0.6754 0.5475 -0.4941
vn -0.8099 0.3110 0.4973
vn -0.8099 0.3110 -0.4973
vn 0.6082 0.4339 0.6647
vn -0.6088 -0.4332 0.6646
vn -0.6088 -0.4332 -0.6646
vn 0.6082 0.4339 -0.6647
vn 0.0724 0.7436 0.6647
vn 0.0724 0.7436 -0.6647
vn 0.6779 -0.5473 0.4909
vn 0.6779 -0.5473 -0.4909
vn 0.8112 -0.3137 0.4935
vn 0.8112 -0.3137 -0.4935
vn -0.6058 -0.4340 0.6669
vn 0.6086 0.4360 0.6630
vn 0.6086 0.4360 -0.6630
vn -0.6058 -0.4340 -0.6669
vn 0.2590 0.9141 -0.3119
vn -0.5006 0.8657 -0.0005
vn -0.9208 0.2378 0.3093
vn -0.2518 -0.9167 0.3103
vn 0.4996 -0.8663 0.0028
vn 0.9212 -0.2359 -0.3094
vn -0.9211 0.2350 -0.3103
vn -0.4988 0.8667 -0.0026
vn 0.2561 0.9163 0.3079
vn 0.9203 -0.2388 0.3099
vn 0.4999 -0.8661 0.0049
vn -0.2559 -0.9161 -0.3087
vn -0.9211 0.2350 0.3103
vn -0.4988 0.8667 0.0026
vn 0.2561 0.9163 -0.3079
vn 0.9203 -0.2388 -0.3099
vn 0.4999 -0.8661 -0.0049
vn -0.2559 -0.9161 0.3087
vn 0.2590 0.9141 0.3119
vn -0.5006 0.8657 0.0005
vn -0.9208 0.2378 -0.3093
vn -0.2518 -0.9167 -0.3103
vn 0.4996 -0.8663 -0.0028
vn 0.9212 -0.2359 0.3094
s 0
usemtl chain.002
f 4573//1044 4579//1044 4580//1044 4574//1044
f 4574//1045 4580//1045 4581//1045 4575//1045
f 4575//1046 4581//1046 4582//1046 4576//1046
f 4576//1047 4582//1047 4583//1047 4577//1047
f 4577//1048 4583//1048 4584//1048 4578//1048
f 4578//1049 4584//1049 4579//1049 4573//1049
f 4579//1050 4585//1050 4586//1050 4580//1050
f 4580//1045 4586//1045 4587//1045 4581//1045
f 4581//1051 4587//1051 4588//1051 4582//1051
f 4582//1052 4588//1052 4589//1052 4583//1052
f 4583//1048 4589//1048 4590//1048 4584//1048
f 4584//1053 4590//1053 4585//1053 4579//1053
f 4585//1054 4591//1054 4592//1054 4586//1054
f 4586//1045 4592//1045 4593//1045 4587//1045
f 4587//1055 4593//1055 4594//1055 4588//1055
f 4588//1056 4594//1056 4595//1056 4589//1056
f 4589//1048 4595//1048 4596//1048 4590//1048
f 4590//1057 4596//1057 4591//1057 4585//1057
f 4591//1058 4597//1058 4598//1058 4592//1058
f 4592//1045 4598//1045 4599//1045 4593//1045
f 4593//1059 4599//1059 4600//1059 4594//1059
f 4594//1060 4600//1060 4601//1060 4595//1060
f 4595//1048 4601//1048 4602//1048 4596//1048
f 4596//1061 4602//1061 4597//1061 4591//1061
f 4597//1062 4603//1062 4604//1062 4598//1062
f 4598//1045 4604//1045 4605//1045 4599//1045
f 4599//1063 4605//1063 4606//1063 4600//1063
f 4600//1064 4606//1064 4607//1064 4601//1064
f 4601//1048 4607//1048 4608//1048 4602//1048
f 4602//1065 4608//1065 4603//1065 4597//1065
f 4603//1066 4609//1066 4610//1066 4604//1066
f 4604//1045 4610//1045 4611//1045 4605//1045
f 4605//1067 4611//1067 4612//1067 4606//1067
f 4606//1068 4612//1068 4613//1068 4607//1068
f 4607//1048 4613//1048 4614//1048 4608//1048
f 4608//1069 4614//1069 4609//1069 4603//1069
f 4609//1070 4615//1070 4616//1070 4610//1070
f 4610//1045 4616//1045 4617//1045 4611//1045
f 4611//1071 4617//1071 4618//1071 4612//1071
f 4612//1072 4618//1072 4619//1072 4613//1072
f 4613//1048 4619//1048 4620//1048 4614//1048
f 4614//1073 4620//1073 4615//1073 4609//1073
f 4615//1074 4621//1074 4622//1074 4616//1074
f 4616//1045 4622//1045 4623//1045 4617//1045
f 4617//1075 4623//1075 4624//1075 4618//1075
f 4618//1076 4624//1076 4625//1076 4619//1076
f 4619//1048 4625//1048 4626//1048 4620//1048
f 4620//1077 4626//1077 4621//1077 4615//1077
f 4621//1078 4627//1078 4628//1078 4622//1078
f 4622//1045 4628//1045 4629//1045 4623//1045
f 4623//1079 4629//1079 4630//1079 4624//1079
f 4624//1080 4630//1080 4631//1080 4625//1080
f 4625//1048 4631//1048 4632//1048 4626//1048
f 4626//1081 4632//1081 4627//1081 4621//1081
f 4627//1082 4633//1082 4634//1082 4628//1082
f 4628//1045 4634//1045 4635//1045 4629//1045
f 4629//1083 4635//1083 4636//1083 4630//1083
f 4630//1084 4636//1084 4637//1084 4631//1084
f 4631//1048 4637//1048 4638//1048 4632//1048
f 4632//1085 4638//1085 4633//1085 4627//1085
f 4633//1086 4639//1086 4640//1086 4634//1086
f 4634//1045 4640//1045 4641//1045 4635//1045
f 4635//1087 4641//1087 4642//1087 4636//1087
f 4636//1088 4642//1088 4643//1088 4637//1088
f 4637//1048 4643//1048 4644//1048 4638//1048
f 4638//1089 4644//1089 4639//1089 4633//1089
f 4639//1090 4573//1090 4574//1090 4640//1090
f 4640//1045 4574//1045 4575//1045 4641//1045
f 4641//1091 4575//1091 4576//1091 4642//1091
f 4642//1092 4576//1092 4577//1092 4643//1092
f 4643//1048 4577//1048 4578//1048 4644//1048
f 4644//1093 4578//1093 4573//1093 4639//1093
f 4645//1094 4651//1094 4652//1094 4646//1094
f 4646//1095 4652//1095 4653//1095 4647//1095
f 4647//1096 4653//1096 4654//1096 4648//1096
f 4648//1097 4654//1097 4655//1097 4649//1097
f 4649//1098 4655//1098 4656//1098 4650//1098
f 4650//1099 4656//1099 4651//1099 4645//1099
f 4651//1100 4657//1100 4658//1100 4652//1100
f 4652//1101 4658//1101 4659//1101 4653//1101
f 4653//1102 4659//1102 4660//1102 4654//1102
f 4654//1103 4660//1103 4661//1103 4655//1103
f 4655//1104 4661//1104 4662//1104 4656//1104
f 4656//1105 4662//1105 4657//1105 4651//1105
f 4657//1106 4663//1106 4664//1106 4658//1106
f 4658//1107 4664//1107 4665//1107 4659//1107
f 4659//1108 4665//1108 4666//1108 4660//1108
f 4660//1109 4666//1109 4667//1109 4661//1109
f 4661//1110 4667//1110 4668//1110 4662//1110
f 4662//1111 4668//1111 4663//1111 4657//1111
f 4663//1112 4669//1112 4670//1112 4664//1112
f 4664//1113 4670//1113 4671//1113 4665//1113
f 4665//1114 4671//1114 4672//1114 4666//1114
f 4666//1115 4672//1115 4673//1115 4667//1115
f 4667//1116 4673//1116 4674//1116 4668//1116
f 4668//1117 4674//1117 4669//1117 4663//1117
f 4669//1118 4675//1118 4676//1118 4670//1118
f 4670//1119 4676//1119 4677//1119 4671//1119
f 4671//1120 4677//1120 4678//1120 4672//1120
f 4672//1121 4678//1121 4679//1121 4673//1121
f 4673//1122 4679//1122 4680//1122 4674//1122
f 4674//1123 4680//1123 4675//1123 4669//1123
f 4675//1124 4681//1124 4682//1124 4676//1124
f 4676//1125 4682//1125 4683//1125 4677//1125
f 4677//1126 4683//1126 4684//1126 4678//1126
f 4678//1127 4684//1127 4685//1127 4679//1127
f 4679//1128 4685//1128 4686//1128 4680//1128
f 4680//1129 4686//1129 4681//1129 4675//1129
f 4681//1130 4687//1130 4688//1130 4682//1130
f 4682//1131 4688//1131 4689//1131 4683//1131
f 4683//1132 4689//1132 4690//1132 4684//1132
f 4684//1133 4690//1133 4691//1133 4685//1133
f 4685//1134 4691//1134 4692//1134 4686//1134
f 4686//1135 4692//1135 4687//1135 4681//1135
f 4687//1136 4693//1136 4694//1136 4688//1136
f 4688//1137 4694//1137 4695//1137 4689//1137
f 4689//1138 4695//1138 4696//1138 4690//1138
f 4690//1139 4696//1139 4697//1139 4691//1139
f 4691//1140 4697//1140 4698//1140 4692//1140
f 4692//1141 4698//1141 4693//1141 4687//1141
f 4693//1142 4699//1142 4700//1142 4694//1142
f 4694//1143 4700//1143 4701//1143 4695//1143
f 4695//1144 4701//1144 4702//1144 4696//1144
f 4696//1145 4702//1145 4703//1145 4697//1145
f 4697//1146 4703//1146 4704//1146 4698//1146
f 4698//1147 4704//1147 4699//1147 4693//1147
f 4699//1148 4705//1148 4706//1148 4700//1148
f 4700//1149 4706//1149 4707//1149 4701//1149
f 4701//1150 4707//1150 4708//1150 4702//1150
f 4702//1151 4708//1151 4709//1151 4703//1151
f 4703//1152 4709//1152 4710//1152 4704//1152
f 4704//1153 4710//1153 4705//1153 4699//1153
f 4705//1154 4711//1154 4712//1154 4706//1154
f 4706//1155 4712//1155 4713//1155 4707//1155
f 4707//1156 4713//1156 4714//1156 4708//1156
f 4708//1157 4714//1157 4715//1157 4709//1157
f 4709//1158 4715//1158 4716//1158 4710//1158
f 4710//1159 4716//1159 4711//1159 4705//1159
f 4711//1160 4645//1160 4646//1160 4712//1160
f 4712//1161 4646//1161 4647//1161 4713//1161
f 4713//1162 4647//1162 4648//1162 4714//1162
f 4714//1163 4648//1163 4649//1163 4715//1163
f 4715//1164 4649//1164 4650//1164 4716//1164
f 4716//1165 4650//1165 4645//1165 4711//1165
f 4717//1166 4723//1166 4724//1166 4718//1166
f 4718//1045 4724//1045 4725//1045 4719//1045
f 4719//1167 4725//1167 4726//1167 4720//1167
f 4720//1168 4726//1168 4727//1168 4721//1168
f 4721//1048 4727//1048 4728//1048 4722//1048
f 4722//1169 4728//1169 4723//1169 4717//1169
f 4723//1170 4729//1170 4730//1170 4724//1170
f 4724//1045 4730//1045 4731//1045 4725//1045
f 4725//1171 4731//1171 4732//1171 4726//1171
f 4726//1172 4732//1172 4733//1172 4727//1172
f 4727//1048 4733//1048 4734//1048 4728//1048
f 4728//1173 4734//1173 4729//1173 4723//1173
f 4729//1174 4735//1174 4736//1174 4730//1174
f 4730//1045 4736//1045 4737//1045 4731//1045
f 4731//1175 4737//1175 4738//1175 4732//1175
f 4732//1176 4738//1176 4739//1176 4733//1176
f 4733//1048 4739//1048 4740//1048 4734//1048
f 4734//1177 4740//1177 4735//1177 4729//1177
f 4735//1178 4741//1178 4742//1178 4736//1178
f 4736//1045 4742//1045 4743//1045 4737//1045
f 4737//1179 4743//1179 4744//1179 4738//1179
f 4738//1180 4744//1180 4745//1180 4739//1180
f 4739//1048 4745//1048 4746//1048 4740//1048
f 4740//1181 4746//1181 4741//1181 4735//1181
f 4741//1182 4747//1182 4748//1182 4742//1182
f 4742//1045 4748//1045 4749//1045 4743//1045
f 4743//1183 4749//1183 4750//1183 4744//1183
f 4744//1184 4750//1184 4751//1184 4745//1184
f 4745//1048 4751//1048 4752//1048 4746//1048
f 4746//1185 4752//1185 4747//1185 4741//1185
f 4747//1186 4753//1186 4754//1186 4748//1186
f 4748//1045 4754//1045 4755//1045 4749//1045
f 4749//1187 4755//1187 4756//1187 4750//1187
f 4750//1188 4756//1188 4757//1188 4751//1188
f 4751//1048 4757//1048 4758//1048 4752//1048
f 4752//1189 4758//1189 4753//1189 4747//1189
f 4753//1190 4759//1190 4760//1190 4754//1190
f 4754//1045 4760//1045 4761//1045 4755//1045
f 4755//1191 4761//1191 4762//1191 4756//1191
f 4756//1192 4762//1192 4763//1192 4757//1192
f 4757//1048 4763//1048 4764//1048 4758//1048
f 4758//1193 4764//1193 4759//1193 4753//1193
f 4759//1194 4765//1194 4766//1194 4760//1194
f 4760//1045 4766//1045 4767//1045 4761//1045
f 4761//1195 4767//1195 4768//1195 4762//1195
f 4762//1196 4768//1196 4769//1196 4763//1196
f 4763//1048 4769//1048 4770//1048 4764//1048
f 4764//1197 4770//1197 4765//1197 4759//1197
f 4765//1198 4771//1198 4772//1198 4766//1198
f 4766//1045 4772//1045 4773//1045 4767//1045
f 4767//1199 4773//1199 4774//1199 4768//1199
f 4768//1200 4774//1200 4775//1200 4769//1200
f 4769//1048 4775//1048 4776//1048 4770//1048
f 4770//1201 4776//1201 4771//1201 4765//1201
f 4771//1202 4777//1202 4778//1202 4772//1202
f 4772//1045 4778//1045 4779//1045 4773//1045
f 4773//1203 4779//1203 4780//1203 4774//1203
f 4774//1204 4780//1204 4781//1204 4775//1204
f 4775//1048 4781//1048 4782//1048 4776//1048
f 4776//1205 4782//1205 4777//1205 4771//1205
f 4777//1206 4783//1206 4784//1206 4778//1206
f 4778//1045 4784//1045 4785//1045 4779//1045
f 4779//1207 4785//1207 4786//1207 4780//1207
f 4780//1208 4786//1208 4787//1208 4781//1208
f 4781//1048 4787//1048 4788//1048 4782//1048
f 4782//1209 4788//1209 4783//1209 4777//1209
f 4783//1210 4717//1210 4718//1210 4784//1210
f 4784//1045 4718//1045 4719//1045 4785//1045
f 4785//1186 4719//1186 4720//1186 4786//1186
f 4786//1189 4720//1189 4721//1189 4787//1189
f 4787//1048 4721//1048 4722//1048 4788//1048
f 4788//1211 4722//1211 4717//1211 4783//1211
f 4789//1212 4795//1212 4796//1212 4790//1212
f 4790//1213 4796//1213 4797//1213 4791//1213
f 4791//1214 4797//1214 4798//1214 4792//1214
f 4792//1215 4798//1215 4799//1215 4793//1215
f 4793//1216 4799//1216 4800//1216 4794//1216
f 4794//1217 4800//1217 4795//1217 4789//1217
f 4795//1218 4801//1218 4802//1218 4796//1218
f 4796//1213 4802//1213 4803//1213 4797//1213
f 4797//1219 4803//1219 4804//1219 4798//1219
f 4798//1220 4804//1220 4805//1220 4799//1220
f 4799//1216 4805//1216 4806//1216 4800//1216
f 4800//1221 4806//1221 4801//1221 4795//1221
f 4801//1222 4807//1222 4808//1222 4802//1222
f 4802//1213 4808//1213 4809//1213 4803//1213
f 4803//1223 4809//1223 4810//1223 4804//1223
f 4804//1224 4810//1224 4811//1224 4805//1224
f 4805//1216 4811//1216 4812//1216 4806//1216
f 4806//1225 4812//1225 4807//1225 4801//1225
f 4807//1226 4813//1226 4814//1226 4808//1226
f 4808//1213 4814//1213 4815//1213 4809//1213
f 4809//1227 4815//1227 4816//1227 4810//1227
f 4810//1228 4816//1228 4817//1228 4811//1228
f 4811//1216 4817//1216 4818//1216 4812//1216
f 4812//1229 4818//1229 4813//1229 4807//1229
f 4813//1230 4819//1230 4820//1230 4814//1230
f 4814//1213 4820//1213 4821//1213 4815//1213
f 4815//1231 4821//1231 4822//1231 4816//1231
f 4816//1232 4822//1232 4823//1232 4817//1232
f 4817//1216 4823//1216 4824//1216 4818//1216
f 4818//1233 4824//1233 4819//1233 4813//1233
f 4819//1234 4825//1234 4826//1234 4820//1234
f 4820//1213 4826//1213 4827//1213 4821//1213
f 4821//1235 4827//1235 4828//1235 4822//1235
f 4822//1236 4828//1236 4829//1236 4823//1236
f 4823//1216 4829//1216 4830//1216 4824//1216
f 4824//1237 4830//1237 4825//1237 4819//1237
f 4825//1238 4831//1238 4832//1238 4826//1238
f 4826//1213 4832//1213 4833//1213 4827//1213
f 4827//1239 4833//1239 4834//1239 4828//1239
f 4828//1240 4834//1240 4835//1240 4829//1240
f 4829//1216 4835//1216 4836//1216 4830//1216
f 4830//1241 4836//1241 4831//1241 4825//1241
f 4831//1242 4837//1242 4838//1242 4832//1242
f 4832//1213 4838//1213 4839//1213 4833//1213
f 4833//1243 4839//1243 4840//1243 4834//1243
f 4834//1244 4840//1244 4841//1244 4835//1244
f 4835//1216 4841//1216 4842//1216 4836//1216
f 4836//1245 4842//1245 4837//1245 4831//1245
f 4837//1246 4843//1246 4844//1246 4838//1246
f 4838//1213 4844//1213 4845//1213 4839//1213
f 4839//1247 4845//1247 4846//1247 4840//1247
f 4840//1248 4846//1248 4847//1248 4841//1248
f 4841//1216 4847//1216 4848//1216 4842//1216
f 4842//1249 4848//1249 4843//1249 4837//1249
f 4843//1250 4849//1250 4850//1250 4844//1250
f 4844//1213 4850//1213 4851//1213 4845//1213
f 4845//1251 4851//1251 4852//1251 4846//1251
f 4846//1252 4852//1252 4853//1252 4847//1252
f 4847//1216 4853//1216 4854//1216 4848//1216
f 4848//1253 4854//1253 4849//1253 4843//1253
f 4849//1254 4855//1254 4856//1254 4850//1254
f 4850//1213 4856//1213 4857//1213 4851//1213
f 4851//1255 4857//1255 4858//1255 4852//1255
f 4852//1256 4858//1256 4859//1256 4853//1256
f 4853//1216 4859//1216 4860//1216 4854//1216
f 4854//1257 4860//1257 4855//1257 4849//1257
f 4855//1258 4789//1258 4790//1258 4856//1258
f 4856//1213 4790//1213 4791//1213 4857//1213
f 4857//1259 4791//1259 4792//1259 4858//1259
f 4858//1260 4792//1260 4793//1260 4859//1260
f 4859//1216 4793//1216 4794//1216 4860//1216
f 4860//1261 4794//1261 4789//1261 4855//1261
f 4861//1262 4867//1262 4868//1262 4862//1262
f 4862//1045 4868//1045 4869//1045 4863//1045
f 4863//1263 4869//1263 4870//1263 4864//1263
f 4864//1264 4870//1264 4871//1264 4865//1264
f 4865//1048 4871//1048 4872//1048 4866//1048
f 4866//1265 4872//1265 4867//1265 4861//1265
f 4867//1266 4873//1266 4874//1266 4868//1266
f 4868//1045 4874//1045 4875//1045 4869//1045
f 4869//1267 4875//1267 4876//1267 4870//1267
f 4870//1268 4876//1268 4877//1268 4871//1268
f 4871//1048 4877//1048 4878//1048 4872//1048
f 4872//1269 4878//1269 4873//1269 4867//1269
f 4873//1270 4879//1270 4880//1270 4874//1270
f 4874//1045 4880//1045 4881//1045 4875//1045
f 4875//1271 4881//1271 4882//1271 4876//1271
f 4876//1272 4882//1272 4883//1272 4877//1272
f 4877//1048 4883//1048 4884//1048 4878//1048
f 4878//1273 4884//1273 4879//1273 4873//1273
f 4879//1274 4885//1274 4886//1274 4880//1274
f 4880//1045 4886//1045 4887//1045 4881//1045
f 4881//1275 4887//1275 4888//1275 4882//1275
f 4882//1276 4888//1276 4889//1276 4883//1276
f 4883//1048 4889//1048 4890//1048 4884//1048
f 4884//1277 4890//1277 4885//1277 4879//1277
f 4885//1278 4891//1278 4892//1278 4886//1278
f 4886//1045 4892//1045 4893//1045 4887//1045
f 4887//1279 4893//1279 4894//1279 4888//1279
f 4888//1280 4894//1280 4895//1280 4889//1280
f 4889//1048 4895//1048 4896//1048 4890//1048
f 4890//1281 4896//1281 4891//1281 4885//1281
f 4891//1282 4897//1282 4898//1282 4892//1282
f 4892//1045 4898//1045 4899//1045 4893//1045
f 4893//1283 4899//1283 4900//1283 4894//1283
f 4894//1284 4900//1284 4901//1284 4895//1284
f 4895//1048 4901//1048 4902//1048 4896//1048
f 4896//1285 4902//1285 4897//1285 4891//1285
f 4897//1286 4903//1286 4904//1286 4898//1286
f 4898//1045 4904//1045 4905//1045 4899//1045
f 4899//1262 4905//1262 4906//1262 4900//1262
f 4900//1265 4906//1265 4907//1265 4901//1265
f 4901//1048 4907//1048 4908//1048 4902//1048
f 4902//1287 4908//1287 4903//1287 4897//1287
f 4903//1288 4909//1288 4910//1288 4904//1288
f 4904//1045 4910//1045 4911//1045 4905//1045
f 4905//1289 4911//1289 4912//1289 4906//1289
f 4906//1290 4912//1290 4913//1290 4907//1290
f 4907//1048 4913//1048 4914//1048 4908//1048
f 4908//1291 4914//1291 4909//1291 4903//1291
f 4909//1292 4915//1292 4916//1292 4910//1292
f 4910//1045 4916//1045 4917//1045 4911//1045
f 4911//1293 4917//1293 4918//1293 4912//1293
f 4912//1294 4918//1294 4919//1294 4913//1294
f 4913//1048 4919//1048 4920//1048 4914//1048
f 4914//1295 4920//1295 4915//1295 4909//1295
f 4915//1296 4921//1296 4922//1296 4916//1296
f 4916//1045 4922//1045 4923//1045 4917//1045
f 4917//1297 4923//1297 4924//1297 4918//1297
f 4918//1298 4924//1298 4925//1298 4919//1298
f 4919//1048 4925//1048 4926//1048 4920//1048
f 4920//1299 4926//1299 4921//1299 4915//1299
f 4921//1300 4927//1300 4928//1300 4922//1300
f 4922//1045 4928//1045 4929//1045 4923//1045
f 4923//1301 4929//1301 4930//1301 4924//1301
f 4924//1302 4930//1302 4931//1302 4925//1302
f 4925//1048 4931//1048 4932//1048 4926//1048
f 4926//1303 4932//1303 4927//1303 4921//1303
f 4927//1304 4861//1304 4862//1304 4928//1304
f 4928//1045 4862//1045 4863//1045 4929//1045
f 4929//1305 4863//1305 4864//1305 4930//1305
f 4930//1306 4864//1306 4865//1306 4931//1306
f 4931//1048 4865//1048 4866//1048 4932//1048
f 4932//1307 4866//1307 4861//1307 4927//1307
f 4933//1308 4939//1308 4940//1308 4934//1308
f 4934//1309 4940//1309 4941//1309 4935//1309
f 4935//1310 4941//1310 4942//1310 4936//1310
f 4936//1311 4942//1311 4943//1311 4937//1311
f 4937//1312 4943//1312 4944//1312 4938//1312
f 4938//1313 4944//1313 4939//1313 4933//1313
f 4939//1314 4945//1314 4946//1314 4940//1314
f 4940//1315 4946//1315 4947//1315 4941//1315
f 4941//1316 4947//1316 4948//1316 4942//1316
f 4942//1317 4948//1317 4949//1317 4943//1317
f 4943//1318 4949//1318 4950//1318 4944//1318
f 4944//1319 4950//1319 4945//1319 4939//1319
f 4945//1320 4951//1320 4952//1320 4946//1320
f 4946//1321 4952//1321 4953//1321 4947//1321
f 4947//1322 4953//1322 4954//1322 4948//1322
f 4948//1323 4954//1323 4955//1323 4949//1323
f 4949//1324 4955//1324 4956//1324 4950//1324
f 4950//1325 4956//1325 4951//1325 4945//1325
f 4951//1326 4957//1326 4958//1326 4952//1326
f 4952//1327 4958//1327 4959//1327 4953//1327
f 4953//1328 4959//1328 4960//1328 4954//1328
f 4954//1329 4960//1329 4961//1329 4955//1329
f 4955//1330 4961//1330 4962//1330 4956//1330
f 4956//1331 4962//1331 4957//1331 4951//1331
f 4957//1332 4963//1332 4964//1332 4958//1332
f 4958//1333 4964//1333 4965//1333 4959//1333
f 4959//1334 4965//1334 4966//1334 4960//1334
f 4960//1335 4966//1335 4967//1335 4961//1335
f 4961//1336 4967//1336 4968//1336 4962//1336
f 4962//1337 4968//1337 4963//1337 4957//1337
f 4963//1338 4969//1338 4970//1338 4964//1338
f 4964//1339 4970//1339 4971//1339 4965//1339
f 4965//1340 4971//1340 4972//1340 4966//1340
f 4966//1341 4972//1341 4973//1341 4967//1341
f 4967//1342 4973//1342 4974//1342 4968//1342
f 4968//1343 4974//1343 4969//1343 4963//1343
f 4969//1344 4975//1344 4976//1344 4970//1344
f 4970//1345 4976//1345 4977//1345 4971//1345
f 4971//1346 4977//1346 4978//1346 4972//1346
f 4972//1347 4978//1347 4979//1347 4973//1347
f 4973//1348 4979//1348 4980//1348 4974//1348
f 4974//1349 4980//1349 4975//1349 4969//1349
f 4975//1350 4981//1350 4982//1350 4976//1350
f 4976//1351 4982//1351 4983//1351 4977//1351
f 4977//1352 4983//1352 4984//1352 4978//1352
f 4978//1353 4984//1353 4985//1353 4979//1353
f 4979//1354 4985//1354 4986//1354 4980//1354
f 4980//1355 4986//1355 4981//1355 4975//1355
f 4981//1356 4987//1356 4988//1356 4982//1356
f 4982//1357 4988//1357 4989//1357 4983//1357
f 4983//1358 4989//1358 4990//1358 4984//1358
f 4984//1359 4990//1359 4991//1359 4985//1359
f 4985//1360 4991//1360 4992//1360 4986//1360
f 4986//1361 4992//1361 4987//1361 4981//1361
f 4987//1362 4993//1362 4994//1362 4988//1362
f 4988//1363 4994//1363 4995//1363 4989//1363
f 4989//1364 4995//1364 4996//1364 4990//1364
f 4990//1365 4996//1365 4997//1365 4991//1365
f 4991//1366 4997//1366 4998//1366 4992//1366
f 4992//1367 4998//1367 4993//1367 4987//1367
f 4993//1368 4999//1368 5000//1368 4994//1368
f 4994//1369 5000//1369 5001//1369 4995//1369
f 4995//1370 5001//1370 5002//1370 4996//1370
f 4996//1371 5002//1371 5003//1371 4997//1371
f 4997//1372 5003//1372 5004//1372 4998//1372
f 4998//1373 5004//1373 4999//1373 4993//1373
f 4999//1374 4933//1374 4934//1374 5000//1374
f 5000//1375 4934//1375 4935//1375 5001//1375
f 5001//1376 4935//1376 4936//1376 5002//1376
f 5002//1377 4936//1377 4937//1377 5003//1377
f 5003//1378 4937//1378 4938//1378 5004//1378
f 5004//1379 4938//1379 4933//1379 4999//1379
f 5005//1070 5011//1070 5012//1070 5006//1070
f 5006//1045 5012//1045 5013//1045 5007//1045
f 5007//1071 5013//1071 5014//1071 5008//1071
f 5008//1072 5014//1072 5015//1072 5009//1072
f 5009//1048 5015//1048 5016//1048 5010//1048
f 5010//1073 5016//1073 5011//1073 5005//1073
f 5011//1380 5017//1380 5018//1380 5012//1380
f 5012//1045 5018//1045 5019//1045 5013//1045
f 5013//1381 5019//1381 5020//1381 5014//1381
f 5014//1382 5020//1382 5021//1382 5015//1382
f 5015//1048 5021//1048 5022//1048 5016//1048
f 5016//1383 5022//1383 5017//1383 5011//1383
f 5017//1384 5023//1384 5024//1384 5018//1384
f 5018//1045 5024//1045 5025//1045 5019//1045
f 5019//1385 5025//1385 5026//1385 5020//1385
f 5020//1386 5026//1386 5027//1386 5021//1386
f 5021//1048 5027//1048 5028//1048 5022//1048
f 5022//1387 5028//1387 5023//1387 5017//1387
f 5023//1082 5029//1082 5030//1082 5024//1082
f 5024//1045 5030//1045 5031//1045 5025//1045
f 5025//1083 5031//1083 5032//1083 5026//1083
f 5026//1084 5032//1084 5033//1084 5027//1084
f 5027//1048 5033//1048 5034//1048 5028//1048
f 5028//1085 5034//1085 5029//1085 5023//1085
f 5029//1086 5035//1086 5036//1086 5030//1086
f 5030//1045 5036//1045 5037//1045 5031//1045
f 5031//1087 5037//1087 5038//1087 5032//1087
f 5032//1088 5038//1088 5039//1088 5033//1088
f 5033//1048 5039//1048 5040//1048 5034//1048
f 5034//1089 5040//1089 5035//1089 5029//1089
f 5035//1090 5041//1090 5042//1090 5036//1090
f 5036//1045 5042//1045 5043//1045 5037//1045
f 5037//1091 5043//1091 5044//1091 5038//1091
f 5038//1092 5044//1092 5045//1092 5039//1092
f 5039//1048 5045//1048 5046//1048 5040//1048
f 5040//1093 5046//1093 5041//1093 5035//1093
f 5041//1044 5047//1044 5048//1044 5042//1044
f 5042//1045 5048//1045 5049//1045 5043//1045
f 5043//1046 5049//1046 5050//1046 5044//1046
f 5044//1047 5050//1047 5051//1047 5045//1047
f 5045//1048 5051//1048 5052//1048 5046//1048
f 5046//1049 5052//1049 5047//1049 5041//1049
f 5047//1050 5053//1050 5054//1050 5048//1050
f 5048//1045 5054//1045 5055//1045 5049//1045
f 5049//1051 5055//1051 5056//1051 5050//1051
f 5050//1388 5056//1388 5057//1388 5051//1388
f 5051//1048 5057//1048 5058//1048 5052//1048
f 5052//1053 5058//1053 5053//1053 5047//1053
f 5053//1054 5059//1054 5060//1054 5054//1054
f 5054//1045 5060//1045 5061//1045 5055//1045
f 5055//1055 5061//1055 5062//1055 5056//1055
f 5056//1389 5062//1389 5063//1389 5057//1389
f 5057//1048 5063//1048 5064//1048 5058//1048
f 5058//1057 5064//1057 5059//1057 5053//1057
f 5059//1058 5065//1058 5066//1058 5060//1058
f 5060//1045 5066//1045 5067//1045 5061//1045
f 5061//1059 5067//1059 5068//1059 5062//1059
f 5062//1060 5068//1060 5069//1060 5063//1060
f 5063//1048 5069//1048 5070//1048 5064//1048
f 5064//1061 5070//1061 5065//1061 5059//1061
f 5065//1062 5071//1062 5072//1062 5066//1062
f 5066//1045 5072//1045 5073//1045 5067//1045
f 5067//1063 5073//1063 5074//1063 5068//1063
f 5068//1064 5074//1064 5075//1064 5069//1064
f 5069//1048 5075//1048 5076//1048 5070//1048
f 5070//1065 5076//1065 5071//1065 5065//1065
f 5071//1066 5005//1066 5006//1066 5072//1066
f 5072//1045 5006//1045 5007//1045 5073//1045
f 5073//1067 5007//1067 5008//1067 5074//1067
f 5074//1068 5008//1068 5009//1068 5075//1068
f 5075//1048 5009//1048 5010//1048 5076//1048
f 5076//1069 5010//1069 5005//1069 5071//1069
f 5077//1390 5083//1390 5084//1390 5078//1390
f 5078//1391 5084//1391 5085//1391 5079//1391
f 5079//1392 5085//1392 5086//1392 5080//1392
f 5080//1393 5086//1393 5087//1393 5081//1393
f 5081//1394 5087//1394 5088//1394 5082//1394
f 5082//1395 5088//1395 5083//1395 5077//1395
f 5083//1123 5089//1123 5090//1123 5084//1123
f 5084//1122 5090//1122 5091//1122 5085//1122
f 5085//1121 5091//1121 5092//1121 5086//1121
f 5086//1120 5092//1120 5093//1120 5087//1120
f 5087//1119 5093//1119 5094//1119 5088//1119
f 5088//1118 5094//1118 5089//1118 5083//1118
f 5089//1117 5095//1117 5096//1117 5090//1117
f 5090//1116 5096//1116 5097//1116 5091//1116
f 5091//1115 5097//1115 5098//1115 5092//1115
f 5092//1114 5098//1114 5099//1114 5093//1114
f 5093//1113 5099//1113 5100//1113 5094//1113
f 5094//1112 5100//1112 5095//1112 5089//1112
f 5095//1111 5101//1111 5102//1111 5096//1111
f 5096//1110 5102//1110 5103//1110 5097//1110
f 5097//1109 5103//1109 5104//1109 5098//1109
f 5098//1108 5104//1108 5105//1108 5099//1108
f 5099//1107 5105//1107 5106//1107 5100//1107
f 5100//1106 5106//1106 5101//1106 5095//1106
f 5101//1105 5107//1105 5108//1105 5102//1105
f 5102//1104 5108//1104 5109//1104 5103//1104
f 5103//1103 5109//1103 5110//1103 5104//1103
f 5104//1102 5110//1102 5111//1102 5105//1102
f 5105//1101 5111//1101 5112//1101 5106//1101
f 5106//1100 5112//1100 5107//1100 5101//1100
f 5107//1396 5113//1396 5114//1396 5108//1396
f 5108//1397 5114//1397 5115//1397 5109//1397
f 5109//1398 5115//1398 5116//1398 5110//1398
f 5110//1399 5116//1399 5117//1399 5111//1399
f 5111//1400 5117//1400 5118//1400 5112//1400
f 5112//1401 5118//1401 5113//1401 5107//1401
f 5113//1402 5119//1402 5120//1402 5114//1402
f 5114//1403 5120//1403 5121//1403 5115//1403
f 5115//1404 5121//1404 5122//1404 5116//1404
f 5116//1405 5122//1405 5123//1405 5117//1405
f 5117//1406 5123//1406 5124//1406 5118//1406
f 5118//1407 5124//1407 5119//1407 5113//1407
f 5119//1159 5125//1159 5126//1159 5120//1159
f 5120//1158 5126//1158 5127//1158 5121//1158
f 5121//1157 5127//1157 5128//1157 5122//1157
f 5122//1156 5128//1156 5129//1156 5123//1156
f 5123//1155 5129//1155 5130//1155 5124//1155
f 5124//1154 5130//1154 5125//1154 5119//1154
f 5125//1153 5131//1153 5132//1153 5126//1153
f 5126//1152 5132//1152 5133//1152 5127//1152
f 5127//1151 5133//1151 5134//1151 5128//1151
f 5128//1150 5134//1150 5135//1150 5129//1150
f 5129//1149 5135//1149 5136//1149 5130//1149
f 5130//1148 5136//1148 5131//1148 5125//1148
f 5131//1147 5137//1147 5138//1147 5132//1147
f 5132//1146 5138//1146 5139//1146 5133//1146
f 5133//1145 5139//1145 5140//1145 5134//1145
f 5134//1144 5140//1144 5141//1144 5135//1144
f 5135//1143 5141//1143 5142//1143 5136//1143
f 5136//1142 5142//1142 5137//1142 5131//1142
f 5137//1141 5143//1141 5144//1141 5138//1141
f 5138//1140 5144//1140 5145//1140 5139//1140
f 5139//1139 5145//1139 5146//1139 5140//1139
f 5140//1138 5146//1138 5147//1138 5141//1138
f 5141//1137 5147//1137 5148//1137 5142//1137
f 5142//1136 5148//1136 5143//1136 5137//1136
f 5143//1408 5077//1408 5078//1408 5144//1408
f 5144//1409 5078//1409 5079//1409 5145//1409
f 5145//1410 5079//1410 5080//1410 5146//1410
f 5146//1411 5080//1411 5081//1411 5147//1411
f 5147//1412 5081//1412 5082//1412 5148//1412
f 5148//1413 5082//1413 5077//1413 5143//1413
f 5149//1414 5155//1414 5156//1414 5150//1414
f 5150//1045 5156//1045 5157//1045 5151//1045
f 5151//1415 5157//1415 5158//1415 5152//1415
f 5152//1416 5158//1416 5159//1416 5153//1416
f 5153//1048 5159//1048 5160//1048 5154//1048
f 5154//1417 5160//1417 5155//1417 5149//1417
f 5155//1194 5161//1194 5162//1194 5156//1194
f 5156//1045 5162//1045 5163//1045 5157//1045
f 5157//1195 5163//1195 5164//1195 5158//1195
f 5158//1196 5164//1196 5165//1196 5159//1196
f 5159//1048 5165//1048 5166//1048 5160//1048
f 5160//1197 5166//1197 5161//1197 5155//1197
f 5161//1198 5167//1198 5168//1198 5162//1198
f 5162//1045 5168//1045 5169//1045 5163//1045
f 5163//1418 5169//1418 5170//1418 5164//1418
f 5164//1419 5170//1419 5171//1419 5165//1419
f 5165//1048 5171//1048 5172//1048 5166//1048
f 5166//1201 5172//1201 5167//1201 5161//1201
f 5167//1202 5173//1202 5174//1202 5168//1202
f 5168//1045 5174//1045 5175//1045 5169//1045
f 5169//1420 5175//1420 5176//1420 5170//1420
f 5170//1421 5176//1421 5177//1421 5171//1421
f 5171//1048 5177//1048 5178//1048 5172//1048
f 5172//1205 5178//1205 5173//1205 5167//1205
f 5173//1206 5179//1206 5180//1206 5174//1206
f 5174//1045 5180//1045 5181//1045 5175//1045
f 5175//1207 5181//1207 5182//1207 5176//1207
f 5176//1208 5182//1208 5183//1208 5177//1208
f 5177//1048 5183//1048 5184//1048 5178//1048
f 5178//1209 5184//1209 5179//1209 5173//1209
f 5179//1422 5185//1422 5186//1422 5180//1422
f 5180//1045 5186//1045 5187//1045 5181//1045
f 5181//1423 5187//1423 5188//1423 5182//1423
f 5182//1424 5188//1424 5189//1424 5183//1424
f 5183//1048 5189//1048 5190//1048 5184//1048
f 5184//1425 5190//1425 5185//1425 5179//1425
f 5185//1426 5191//1426 5192//1426 5186//1426
f 5186//1045 5192//1045 5193//1045 5187//1045
f 5187//1427 5193//1427 5194//1427 5188//1427
f 5188//1428 5194//1428 5195//1428 5189//1428
f 5189//1048 5195//1048 5196//1048 5190//1048
f 5190//1429 5196//1429 5191//1429 5185//1429
f 5191//1170 5197//1170 5198//1170 5192//1170
f 5192//1045 5198//1045 5199//1045 5193//1045
f 5193//1171 5199//1171 5200//1171 5194//1171
f 5194//1172 5200//1172 5201//1172 5195//1172
f 5195//1048 5201//1048 5202//1048 5196//1048
f 5196//1173 5202//1173 5197//1173 5191//1173
f 5197//1174 5203//1174 5204//1174 5198//1174
f 5198//1045 5204//1045 5205//1045 5199//1045
f 5199//1430 5205//1430 5206//1430 5200//1430
f 5200//1431 5206//1431 5207//1431 5201//1431
f 5201//1048 5207//1048 5208//1048 5202//1048
f 5202//1177 5208//1177 5203//1177 5197//1177
f 5203//1178 5209//1178 5210//1178 5204//1178
f 5204//1045 5210//1045 5211//1045 5205//1045
f 5205//1432 5211//1432 5212//1432 5206//1432
f 5206//1433 5212//1433 5213//1433 5207//1433
f 5207//1048 5213//1048 5214//1048 5208//1048
f 5208//1181 5214//1181 5209//1181 5203//1181
f 5209//1182 5215//1182 5216//1182 5210//1182
f 5210//1045 5216//1045 5217//1045 5211//1045
f 5211//1183 5217//1183 5218//1183 5212//1183
f 5212//1184 5218//1184 5219//1184 5213//1184
f 5213//1048 5219//1048 5220//1048 5214//1048
f 5214//1185 5220//1185 5215//1185 5209//1185
f 5215//1434 5149//1434 5150//1434 5216//1434
f 5216//1045 5150//1045 5151//1045 5217//1045
f 5217//1422 5151//1422 5152//1422 5218//1422
f 5218//1425 5152//1425 5153//1425 5219//1425
f 5219//1048 5153//1048 5154//1048 5220//1048
f 5220//1435 5154//1435 5149//1435 5215//1435
f 5221//1237 5227//1237 5228//1237 5222//1237
f 5222//1216 5228//1216 5229//1216 5223//1216
f 5223//1236 5229//1236 5230//1236 5224//1236
f 5224//1235 5230//1235 5231//1235 5225//1235
f 5225//1213 5231//1213 5232//1213 5226//1213
f 5226//1234 5232//1234 5227//1234 5221//1234
f 5227//1233 5233//1233 5234//1233 5228//1233
f 5228//1216 5234//1216 5235//1216 5229//1216
f 5229//1232 5235//1232 5236//1232 5230//1232
f 5230//1231 5236//1231 5237//1231 5231//1231
f 5231//1213 5237//1213 5238//1213 5232//1213
f 5232//1230 5238//1230 5233//1230 5227//1230
f 5233//1229 5239//1229 5240//1229 5234//1229
f 5234//1216 5240//1216 5241//1216 5235//1216
f 5235//1228 5241//1228 5242//1228 5236//1228
f 5236//1227 5242//1227 5243//1227 5237//1227
f 5237//1213 5243//1213 5244//1213 5238//1213
f 5238//1226 5244//1226 5239//1226 5233//1226
f 5239//1225 5245//1225 5246//1225 5240//1225
f 5240//1216 5246//1216 5247//1216 5241//1216
f 5241//1436 5247//1436 5248//1436 5242//1436
f 5242//1437 5248//1437 5249//1437 5243//1437
f 5243//1213 5249//1213 5250//1213 5244//1213
f 5244//1222 5250//1222 5245//1222 5239//1222
f 5245//1221 5251//1221 5252//1221 5246//1221
f 5246//1216 5252//1216 5253//1216 5247//1216
f 5247//1438 5253//1438 5254//1438 5248//1438
f 5248//1439 5254//1439 5255//1439 5249//1439
f 5249//1213 5255//1213 5256//1213 5250//1213
f 5250//1218 5256//1218 5251//1218 5245//1218
f 5251//1217 5257//1217 5258//1217 5252//1217
f 5252//1216 5258//1216 5259//1216 5253//1216
f 5253//1215 5259//1215 5260//1215 5254//1215
f 5254//1214 5260//1214 5261//1214 5255//1214
f 5255//1213 5261//1213 5262//1213 5256//1213
f 5256//1212 5262//1212 5257//1212 5251//1212
f 5257//1261 5263//1261 5264//1261 5258//1261
f 5258//1216 5264//1216 5265//1216 5259//1216
f 5259//1260 5265//1260 5266//1260 5260//1260
f 5260//1259 5266//1259 5267//1259 5261//1259
f 5261//1213 5267//1213 5268//1213 5262//1213
f 5262//1258 5268//1258 5263//1258 5257//1258
f 5263//1257 5269//1257 5270//1257 5264//1257
f 5264//1216 5270//1216 5271//1216 5265//1216
f 5265//1440 5271//1440 5272//1440 5266//1440
f 5266//1441 5272//1441 5273//1441 5267//1441
f 5267//1213 5273//1213 5274//1213 5268//1213
f 5268//1442 5274//1442 5269//1442 5263//1442
f 5269//1253 5275//1253 5276//1253 5270//1253
f 5270//1216 5276//1216 5277//1216 5271//1216
f 5271//1443 5277//1443 5278//1443 5272//1443
f 5272//1444 5278//1444 5279//1444 5273//1444
f 5273//1213 5279//1213 5280//1213 5274//1213
f 5274//1250 5280//1250 5275//1250 5269//1250
f 5275//1445 5281//1445 5282//1445 5276//1445
f 5276//1216 5282//1216 5283//1216 5277//1216
f 5277//1446 5283//1446 5284//1446 5278//1446
f 5278//1447 5284//1447 5285//1447 5279//1447
f 5279//1213 5285//1213 5286//1213 5280//1213
f 5280//1448 5286//1448 5281//1448 5275//1448
f 5281//1449 5287//1449 5288//1449 5282//1449
f 5282//1216 5288//1216 5289//1216 5283//1216
f 5283//1450 5289//1450 5290//1450 5284//1450
f 5284//1451 5290//1451 5291//1451 5285//1451
f 5285//1213 5291//1213 5292//1213 5286//1213
f 5286//1452 5292//1452 5287//1452 5281//1452
f 5287//1241 5221//1241 5222//1241 5288//1241
f 5288//1216 5222//1216 5223//1216 5289//1216
f 5289//1240 5223//1240 5224//1240 5290//1240
f 5290//1239 5224//1239 5225//1239 5291//1239
f 5291//1213 5225//1213 5226//1213 5292//1213
f 5292//1238 5226//1238 5221//1238 5287//1238
f 5293//1453 5299//1453 5300//1453 5294//1453
f 5294//1045 5300//1045 5301//1045 5295//1045
f 5295//1454 5301//1454 5302//1454 5296//1454
f 5296//1455 5302//1455 5303//1455 5297//1455
f 5297//1048 5303//1048 5304//1048 5298//1048
f 5298//1456 5304//1456 5299//1456 5293//1456
f 5299//1288 5305//1288 5306//1288 5300//1288
f 5300//1045 5306//1045 5307//1045 5301//1045
f 5301//1289 5307//1289 5308//1289 5302//1289
f 5302//1290 5308//1290 5309//1290 5303//1290
f 5303//1048 5309//1048 5310//1048 5304//1048
f 5304//1291 5310//1291 5305//1291 5299//1291
f 5305//1292 5311//1292 5312//1292 5306//1292
f 5306//1045 5312//1045 5313//1045 5307//1045
f 5307//1457 5313//1457 5314//1457 5308//1457
f 5308//1458 5314//1458 5315//1458 5309//1458
f 5309//1048 5315//1048 5316//1048 5310//1048
f 5310//1295 5316//1295 5311//1295 5305//1295
f 5311//1296 5317//1296 5318//1296 5312//1296
f 5312//1045 5318//1045 5319//1045 5313//1045
f 5313//1459 5319//1459 5320//1459 5314//1459
f 5314//1460 5320//1460 5321//1460 5315//1460
f 5315//1048 5321//1048 5322//1048 5316//1048
f 5316//1299 5322//1299 5317//1299 5311//1299
f 5317//1300 5323//1300 5324//1300 5318//1300
f 5318//1045 5324//1045 5325//1045 5319//1045
f 5319//1301 5325//1301 5326//1301 5320//1301
f 5320//1302 5326//1302 5327//1302 5321//1302
f 5321//1048 5327//1048 5328//1048 5322//1048
f 5322//1303 5328//1303 5323//1303 5317//1303
f 5323//1461 5329//1461 5330//1461 5324//1461
f 5324//1045 5330//1045 5331//1045 5325//1045
f 5325//1462 5331//1462 5332//1462 5326//1462
f 5326//1463 5332//1463 5333//1463 5327//1463
f 5327//1048 5333//1048 5334//1048 5328//1048
f 5328//1464 5334//1464 5329//1464 5323//1464
f 5329//1465 5335//1465 5336//1465 5330//1465
f 5330//1045 5336//1045 5337//1045 5331//1045
f 5331//1453 5337//1453 5338//1453 5332//1453
f 5332//1456 5338//1456 5339//1456 5333//1456
f 5333//1048 5339//1048 5340//1048 5334//1048
f 5334//1466 5340//1466 5335//1466 5329//1466
f 5335//1266 5341//1266 5342//1266 5336//1266
f 5336//1045 5342//1045 5343//1045 5337//1045
f 5337//1267 5343//1267 5344//1267 5338//1267
f 5338//1268 5344//1268 5345//1268 5339//1268
f 5339//1048 5345//1048 5346//1048 5340//1048
f 5340//1269 5346//1269 5341//1269 5335//1269
f 5341//1270 5347//1270 5348//1270 5342//1270
f 5342//1045 5348//1045 5349//1045 5343//1045
f 5343//1467 5349//1467 5350//1467 5344//1467
f 5344//1468 5350//1468 5351//1468 5345//1468
f 5345//1048 5351//1048 5352//1048 5346//1048
f 5346//1273 5352//1273 5347//1273 5341//1273
f 5347//1274 5353//1274 5354//1274 5348//1274
f 5348//1045 5354//1045 5355//1045 5349//1045
f 5349//1469 5355//1469 5356//1469 5350//1469
f 5350//1470 5356//1470 5357//1470 5351//1470
f 5351//1048 5357//1048 5358//1048 5352//1048
f 5352//1277 5358//1277 5353//1277 5347//1277
f 5353//1278 5359//1278 5360//1278 5354//1278
f 5354//1045 5360//1045 5361//1045 5355//1045
f 5355//1279 5361//1279 5362//1279 5356//1279
f 5356//1280 5362//1280 5363//1280 5357//1280
f 5357//1048 5363//1048 5364//1048 5358//1048
f 5358//1281 5364//1281 5359//1281 5353//1281
f 5359//1471 5293//1471 5294//1471 5360//1471
f 5360//1045 5294//1045 5295//1045 5361//1045
f 5361//1472 5295//1472 5296//1472 5362//1472
f 5362//1473 5296//1473 5297//1473 5363//1473
f 5363//1048 5297//1048 5298//1048 5364//1048
f 5364//1474 5298//1474 5293//1474 5359//1474
f 5365//1475 5371//1475 5372//1475 5366//1475
f 5366//1476 5372//1476 5373//1476 5367//1476
f 5367//1477 5373//1477 5374//1477 5368//1477
f 5368//1478 5374//1478 5375//1478 5369//1478
f 5369//1479 5375//1479 5376//1479 5370//1479
f 5370//1480 5376//1480 5371//1480 5365//1480
f 5371//1337 5377//1337 5378//1337 5372//1337
f 5372//1336 5378//1336 5379//1336 5373//1336
f 5373//1335 5379//1335 5380//1335 5374//1335
f 5374//1334 5380//1334 5381//1334 5375//1334
f 5375//1333 5381//1333 5382//1333 5376//1333
f 5376//1332 5382//1332 5377//1332 5371//1332
f 5377//1331 5383//1331 5384//1331 5378//1331
f 5378//1330 5384//1330 5385//1330 5379//1330
f 5379//1329 5385//1329 5386//1329 5380//1329
f 5380//1328 5386//1328 5387//1328 5381//1328
f 5381//1327 5387//1327 5388//1327 5382//1327
f 5382//1326 5388//1326 5383//1326 5377//1326
f 5383//1325 5389//1325 5390//1325 5384//1325
f 5384//1324 5390//1324 5391//1324 5385//1324
f 5385//1323 5391//1323 5392//1323 5386//1323
f 5386//1322 5392//1322 5393//1322 5387//1322
f 5387//1321 5393//1321 5394//1321 5388//1321
f 5388//1320 5394//1320 5389//1320 5383//1320
f 5389//1319 5395//1319 5396//1319 5390//1319
f 5390//1318 5396//1318 5397//1318 5391//1318
f 5391//1317 5397//1317 5398//1317 5392//1317
f 5392//1316 5398//1316 5399//1316 5393//1316
f 5393//1315 5399//1315 5400//1315 5394//1315
f 5394//1314 5400//1314 5395//1314 5389//1314
f 5395//1481 5401//1481 5402//1481 5396//1481
f 5396//1482 5402//1482 5403//1482 5397//1482
f 5397//1483 5403//1483 5404//1483 5398//1483
f 5398//1484 5404//1484 5405//1484 5399//1484
f 5399//1485 5405//1485 5406//1485 5400//1485
f 5400//1486 5406//1486 5401//1486 5395//1486
f 5401//1487 5407//1487 5408//1487 5402//1487
f 5402//1488 5408//1488 5409//1488 5403//1488
f 5403//1489 5409//1489 5410//1489 5404//1489
f 5404//1490 5410//1490 5411//1490 5405//1490
f 5405//1491 5411//1491 5412//1491 5406//1491
f 5406//1492 5412//1492 5407//1492 5401//1492
f 5407//1373 5413//1373 5414//1373 5408//1373
f 5408//1372 5414//1372 5415//1372 5409//1372
f 5409//1371 5415//1371 5416//1371 5410//1371
f 5410//1370 5416//1370 5417//1370 5411//1370
f 5411//1369 5417//1369 5418//1369 5412//1369
f 5412//1368 5418//1368 5413//1368 5407//1368
f 5413//1367 5419//1367 5420//1367 5414//1367
f 5414//1366 5420//1366 5421//1366 5415//1366
f 5415//1365 5421//1365 5422//1365 5416//1365
f 5416//1364 5422//1364 5423//1364 5417//1364
f 5417//1363 5423//1363 5424//1363 5418//1363
f 5418//1362 5424//1362 5419//1362 5413//1362
f 5419//1361 5425//1361 5426//1361 5420//1361
f 5420//1360 5426//1360 5427//1360 5421//1360
f 5421//1359 5427//1359 5428//1359 5422//1359
f 5422//1358 5428//1358 5429//1358 5423//1358
f 5423//1357 5429//1357 5430//1357 5424//1357
f 5424//1356 5430//1356 5425//1356 5419//1356
f 5425//1355 5431//1355 5432//1355 5426//1355
f 5426//1354 5432//1354 5433//1354 5427//1354
f 5427//1353 5433//1353 5434//1353 5428//1353
f 5428//1352 5434//1352 5435//1352 5429//1352
f 5429//1351 5435//1351 5436//1351 5430//1351
f 5430//1350 5436//1350 5431//1350 5425//1350
f 5431//1493 5365//1493 5366//1493 5432//1493
f 5432//1494 5366//1494 5367//1494 5433//1494
f 5433//1495 5367//1495 5368//1495 5434//1495
f 5434//1496 5368//1496 5369//1496 5435//1496
f 5435//1497 5369//1497 5370//1497 5436//1497
f 5436//1498 5370//1498 5365//1498 5431//1498
o hell_rifle.008
v 0.112089 0.094403 0.208748
v 0.100214 0.094403 0.196593
v 0.076463 0.094403 0.196593
v 0.064588 0.094403 0.208748
v 0.076463 0.094403 0.220903
v 0.100214 0.094403 0.220903
v 0.099376 0.122345 0.208748
v 0.089037 0.118853 0.196593
v 0.068500 0.111867 0.196593
v 0.058161 0.108374 0.208748
v 0.068500 0.111867 0.220903
v 0.089037 0.118853 0.220903
v 0.064588 0.142743 0.208748
v 0.058720 0.136736 0.196593
v 0.046845 0.124721 0.196593
v 0.040837 0.118573 0.208748
v 0.046705 0.124721 0.220903
v 0.058720 0.136736 0.220903
v 0.017086 0.150288 0.208748
v 0.017086 0.143302 0.196593
v 0.017086 0.129331 0.196593
v 0.017086 0.122345 0.208748
v 0.017086 0.129331 0.220903
v 0.017086 0.143302 0.220903
v -0.030416 0.142743 0.208748
v -0.024408 0.136736 0.196593
v -0.012533 0.124721 0.196593
v -0.006665 0.118573 0.208748
v -0.012533 0.124721 0.220903
v -0.024408 0.136736 0.220903
v -0.065203 0.122345 0.208748
v -0.054865 0.118853 0.196593
v -0.034327 0.111867 0.196593
v -0.023989 0.108374 0.208748
v -0.034327 0.111867 0.220903
v -0.054865 0.118853 0.220903
v -0.077917 0.094403 0.208748
v -0.066042 0.094403 0.196593
v -0.042291 0.094403 0.196593
v -0.030415 0.094403 0.208748
v -0.042291 0.094403 0.220903
v -0.066042 0.094403 0.220903
v -0.065203 0.066461 0.208748
v -0.054865 0.069954 0.196593
v -0.034327 0.076940 0.196593
v -0.023989 0.080432 0.208748
v -0.034327 0.076940 0.220903
v -0.054865 0.069954 0.220903
v -0.030415 0.046063 0.208748
v -0.024548 0.052071 0.196593
v -0.012672 0.064086 0.196593
v -0.006665 0.070233 0.208748
v -0.012672 0.064086 0.220903
v -0.024548 0.052071 0.220903
v 0.017086 0.038519 0.208748
v 0.017086 0.045505 0.196593
v 0.017086 0.059476 0.196593
v 0.017086 0.066461 0.208748
v 0.017086 0.059476 0.220903
v 0.017086 0.045505 0.220903
v 0.064588 0.046063 0.208748
v 0.058720 0.052071 0.196593
v 0.046845 0.064086 0.196593
v 0.040837 0.070233 0.208748
v 0.046705 0.064086 0.220903
v 0.058720 0.052071 0.220903
v 0.099376 0.066461 0.208748
v 0.089037 0.069954 0.196593
v 0.068500 0.076940 0.196593
v 0.058161 0.080432 0.208748
v 0.068500 0.076940 0.220903
v 0.089037 0.069954 0.220903
v 0.169231 0.028180 0.208748
v 0.165040 0.044666 0.208748
v 0.144363 0.056542 0.208748
v 0.128016 0.051931 0.208748
v 0.132348 0.035585 0.208748
v 0.152885 0.023710 0.208748
v 0.158194 0.034607 0.180806
v 0.155400 0.050115 0.184298
v 0.137517 0.060454 0.191284
v 0.122568 0.055145 0.194777
v 0.125362 0.039497 0.191284
v 0.143245 0.029158 0.184298
v 0.128016 0.051931 0.160408
v 0.128994 0.065344 0.166415
v 0.118656 0.071351 0.178431
v 0.107479 0.063807 0.184578
v 0.106641 0.050394 0.178431
v 0.116840 0.044387 0.166415
v 0.086942 0.075682 0.152864
v 0.092949 0.086160 0.159849
v 0.092949 0.086160 0.173820
v 0.086942 0.075682 0.180806
v 0.080934 0.065204 0.173820
v 0.080934 0.065204 0.159849
v 0.045867 0.099433 0.160408
v 0.057043 0.106977 0.166415
v 0.067242 0.100970 0.178431
v 0.066404 0.087558 0.184578
v 0.055227 0.080013 0.178431
v 0.044889 0.086021 0.166415
v 0.015689 0.116757 0.180806
v 0.030638 0.122206 0.184298
v 0.048521 0.111867 0.191284
v 0.051315 0.096220 0.194777
v 0.036366 0.090911 0.191284
v 0.018483 0.101249 0.184298
v 0.004652 0.123184 0.208748
v 0.020998 0.127794 0.208748
v 0.041536 0.115919 0.208748
v 0.045867 0.099433 0.208748
v 0.029520 0.094962 0.208748
v 0.008843 0.106838 0.208748
v 0.015689 0.116757 0.236690
v 0.030638 0.122206 0.233197
v 0.048521 0.111867 0.226212
v 0.051315 0.096220 0.222719
v 0.036366 0.090911 0.226212
v 0.018483 0.101249 0.233197
v 0.045867 0.099433 0.257088
v 0.057043 0.106977 0.251080
v 0.067242 0.100970 0.239065
v 0.066404 0.087558 0.232918
v 0.055227 0.080013 0.239065
v 0.044889 0.086021 0.251080
v 0.086942 0.075682 0.264632
v 0.092949 0.086160 0.257647
v 0.092949 0.086160 0.243675
v 0.086942 0.075682 0.236690
v 0.080934 0.065204 0.243675
v 0.080934 0.065204 0.257647
v 0.128017 0.051931 0.257088
v 0.128994 0.065344 0.251080
v 0.118656 0.071351 0.239065
v 0.107479 0.063807 0.232918
v 0.106641 0.050394 0.239065
v 0.116840 0.044387 0.251080
v 0.158194 0.034607 0.236690
v 0.155400 0.050115 0.233197
v 0.137517 0.060454 0.226212
v 0.122568 0.055145 0.222719
v 0.125362 0.039497 0.226212
v 0.143245 0.029158 0.233197
v 0.185577 -0.057742 0.208748
v 0.179709 -0.047403 0.196593
v 0.167834 -0.026866 0.196593
v 0.161826 -0.016527 0.208748
v 0.167834 -0.026866 0.220903
v 0.179709 -0.047403 0.220903
v 0.203460 -0.032733 0.208748
v 0.195217 -0.025608 0.196593
v 0.178871 -0.011218 0.196593
v 0.170768 -0.004093 0.208748
v 0.178871 -0.011218 0.220903
v 0.195217 -0.025608 0.220903
v 0.203740 0.007643 0.208748
v 0.195497 0.009739 0.196593
v 0.179151 0.013930 0.196593
v 0.170908 0.016026 0.208748
v 0.179151 0.013930 0.220903
v 0.195497 0.009739 0.220903
v 0.186416 0.052490 0.208748
v 0.180408 0.048997 0.196593
v 0.168393 0.042012 0.196593
v 0.162246 0.038519 0.208748
v 0.168393 0.042012 0.220903
v 0.180408 0.048997 0.220903
v 0.156238 0.089933 0.208748
v 0.154003 0.081690 0.196593
v 0.149392 0.065344 0.196593
v 0.147157 0.057240 0.208748
v 0.149392 0.065344 0.220903
v 0.154003 0.081690 0.220903
v 0.121171 0.109772 0.208748
v 0.123266 0.099154 0.196593
v 0.127458 0.077778 0.196593
v 0.129553 0.067160 0.208748
v 0.127458 0.077778 0.220903
v 0.123266 0.099154 0.220903
v 0.090574 0.106838 0.208748
v 0.096582 0.096499 0.196593
v 0.108457 0.075962 0.196593
v 0.114325 0.065623 0.208748
v 0.108457 0.075962 0.220903
v 0.096582 0.096499 0.220903
v 0.072691 0.081829 0.208748
v 0.080934 0.074704 0.196593
v 0.097280 0.060314 0.196593
v 0.105383 0.053189 0.208748
v 0.097280 0.060314 0.220903
v 0.080934 0.074704 0.220903
v 0.072412 0.041453 0.208748
v 0.080655 0.039357 0.196593
v 0.097001 0.035166 0.196593
v 0.105244 0.033070 0.208748
v 0.097001 0.035166 0.220903
v 0.080655 0.039357 0.220903
v 0.089736 -0.003394 0.208748
v 0.095743 0.000099 0.196593
v 0.107898 0.007084 0.196593
v 0.113906 0.010577 0.208748
v 0.107898 0.007084 0.220903
v 0.095743 0.000099 0.220903
v 0.119913 -0.040837 0.208748
v 0.122149 -0.032594 0.196593
v 0.126759 -0.016248 0.196593
v 0.128994 -0.008144 0.208748
v 0.126759 -0.016248 0.220903
v 0.122149 -0.032594 0.220903
v 0.154981 -0.060676 0.208748
v 0.152885 -0.050058 0.196593
v 0.148694 -0.028682 0.196593
v 0.146598 -0.018064 0.208748
v 0.148694 -0.028682 0.220903
v 0.152885 -0.050058 0.220903
v 0.156797 -0.140311 0.208748
v 0.168952 -0.128435 0.208748
v 0.168952 -0.104684 0.208748
v 0.156797 -0.092809 0.208748
v 0.144642 -0.104684 0.208748
v 0.144642 -0.128435 0.208748
v 0.156797 -0.127597 0.180806
v 0.168952 -0.117258 0.184298
v 0.168952 -0.096721 0.191284
v 0.156797 -0.086382 0.194777
v 0.144642 -0.096721 0.191284
v 0.144642 -0.117258 0.184298
v 0.156797 -0.092809 0.160408
v 0.168952 -0.086941 0.166415
v 0.168952 -0.074926 0.178431
v 0.156797 -0.069058 0.184578
v 0.144642 -0.074926 0.178431
v 0.144642 -0.086941 0.166415
v 0.156797 -0.045307 0.152864
v 0.168952 -0.045307 0.159849
v 0.168952 -0.045307 0.173820
v 0.156797 -0.045307 0.180806
v 0.144642 -0.045307 0.173820
v 0.144642 -0.045307 0.159849
v 0.156797 0.002194 0.160408
v 0.168952 -0.003813 0.166415
v 0.168952 -0.015689 0.178431
v 0.156797 -0.021557 0.184578
v 0.144642 -0.015689 0.178431
v 0.144642 -0.003813 0.166415
v 0.156797 0.036982 0.180806
v 0.168952 0.026644 0.184298
v 0.168952 0.006106 0.191284
v 0.156797 -0.004232 0.194777
v 0.144642 0.006106 0.191284
v 0.144642 0.026644 0.184298
v 0.156797 0.049696 0.208748
v 0.168952 0.037821 0.208748
v 0.168952 0.014070 0.208748
v 0.156797 0.002194 0.208748
v 0.144642 0.014070 0.208748
v 0.144642 0.037821 0.208748
v 0.156797 0.036982 0.236690
v 0.168952 0.026644 0.233197
v 0.168952 0.006106 0.226212
v 0.156797 -0.004232 0.222719
v 0.144642 0.006106 0.226212
v 0.144642 0.026644 0.233197
v 0.156797 0.002194 0.257088
v 0.168952 -0.003674 0.251080
v 0.168952 -0.015549 0.239065
v 0.156797 -0.021557 0.232918
v 0.144642 -0.015549 0.239065
v 0.144642 -0.003674 0.251080
v 0.156797 -0.045307 0.264632
v 0.168952 -0.045307 0.257647
v 0.168952 -0.045307 0.243675
v 0.156797 -0.045307 0.236690
v 0.144642 -0.045307 0.243675
v 0.144642 -0.045307 0.257647
v 0.156797 -0.092809 0.257088
v 0.168952 -0.086941 0.251080
v 0.168952 -0.074926 0.239065
v 0.156797 -0.069058 0.232918
v 0.144642 -0.074926 0.239065
v 0.144642 -0.086941 0.251080
v 0.156797 -0.127597 0.236690
v 0.168952 -0.117258 0.233197
v 0.168952 -0.096721 0.226212
v 0.156797 -0.086382 0.222719
v 0.144642 -0.096721 0.226212
v 0.144642 -0.117258 0.233197
v 0.090574 -0.197452 0.208748
v 0.096582 -0.187114 0.196593
v 0.108457 -0.166576 0.196593
v 0.114325 -0.156238 0.208748
v 0.108457 -0.166576 0.220903
v 0.096582 -0.187114 0.220903
v 0.121171 -0.200386 0.208748
v 0.123266 -0.189768 0.196593
v 0.127458 -0.168393 0.196593
v 0.129553 -0.157775 0.208748
v 0.127458 -0.168393 0.220903
v 0.123266 -0.189768 0.220903
v 0.156238 -0.180547 0.208748
v 0.154003 -0.172304 0.196593
v 0.149392 -0.155958 0.196593
v 0.147157 -0.147855 0.208748
v 0.149392 -0.155958 0.220903
v 0.154003 -0.172304 0.220903
v 0.186416 -0.143105 0.208748
v 0.180408 -0.139612 0.196593
v 0.168393 -0.132627 0.196593
v 0.162246 -0.129134 0.208748
v 0.168393 -0.132627 0.220903
v 0.180408 -0.139612 0.220903
v 0.203740 -0.098258 0.208748
v 0.195497 -0.100353 0.196593
v 0.179151 -0.104545 0.196593
v 0.170908 -0.106640 0.208748
v 0.179151 -0.104545 0.220903
v 0.195497 -0.100353 0.220903
v 0.203460 -0.057881 0.208748
v 0.195217 -0.065007 0.196593
v 0.178871 -0.079397 0.196593
v 0.170768 -0.086522 0.208748
v 0.178871 -0.079397 0.220903
v 0.195217 -0.065007 0.220903
v 0.185577 -0.032873 0.208748
v 0.179709 -0.043212 0.196593
v 0.167834 -0.063749 0.196593
v 0.161826 -0.074088 0.208748
v 0.167834 -0.063749 0.220903
v 0.179709 -0.043212 0.220903
v 0.154981 -0.029939 0.208748
v 0.152885 -0.040557 0.196593
v 0.148694 -0.061933 0.196593
v 0.146598 -0.072551 0.208748
v 0.148694 -0.061933 0.220903
v 0.152885 -0.040557 0.220903
v 0.119913 -0.049778 0.208748
v 0.122149 -0.058021 0.196593
v 0.126759 -0.074367 0.196593
v 0.128994 -0.082470 0.208748
v 0.126759 -0.074367 0.220903
v 0.122149 -0.058021 0.220903
v 0.089736 -0.087221 0.208748
v 0.095743 -0.090713 0.196593
v 0.107898 -0.097699 0.196593
v 0.113906 -0.101192 0.208748
v 0.107898 -0.097699 0.220903
v 0.095743 -0.090713 0.220903
v 0.072412 -0.132068 0.208748
v 0.080655 -0.129972 0.196593
v 0.097001 -0.125781 0.196593
v 0.105244 -0.123685 0.208748
v 0.097001 -0.125781 0.220903
v 0.080655 -0.129972 0.220903
v 0.072691 -0.172444 0.208748
v 0.080934 -0.165319 0.196593
v 0.097280 -0.150929 0.196593
v 0.105383 -0.143803 0.208748
v 0.097280 -0.150929 0.220903
v 0.080934 -0.165319 0.220903
v 0.004652 -0.213799 0.208748
v 0.020998 -0.218409 0.208748
v 0.041536 -0.206534 0.208748
v 0.045867 -0.190048 0.208748
v 0.029520 -0.185577 0.208748
v 0.008843 -0.197452 0.208748
v 0.015689 -0.207372 0.180806
v 0.030638 -0.212821 0.184298
v 0.048521 -0.202482 0.191284
v 0.051315 -0.186834 0.194777
v 0.036366 -0.181525 0.191284
v 0.018483 -0.191864 0.184298
v 0.045867 -0.190048 0.160408
v 0.057043 -0.197592 0.166415
v 0.067242 -0.191585 0.178431
v 0.066404 -0.178172 0.184578
v 0.055227 -0.170628 0.178431
v 0.044889 -0.176635 0.166415
v 0.086942 -0.166297 0.152864
v 0.092949 -0.176775 0.159849
v 0.092949 -0.176775 0.173820
v 0.086942 -0.166297 0.180806
v 0.080934 -0.155819 0.173820
v 0.080934 -0.155819 0.159849
v 0.128017 -0.142546 0.160408
v 0.128994 -0.155958 0.166415
v 0.118656 -0.161966 0.178431
v 0.107479 -0.154421 0.184578
v 0.106641 -0.141009 0.178431
v 0.116840 -0.135002 0.166415
v 0.158194 -0.125222 0.180806
v 0.155400 -0.140730 0.184298
v 0.137517 -0.151068 0.191284
v 0.122568 -0.145759 0.194777
v 0.125362 -0.130112 0.191284
v 0.143245 -0.119773 0.184298
v 0.169231 -0.118795 0.208748
v 0.165040 -0.135281 0.208748
v 0.144363 -0.147157 0.208748
v 0.128017 -0.142546 0.208748
v 0.132348 -0.126200 0.208748
v 0.152885 -0.114324 0.208748
v 0.158194 -0.125222 0.236690
v 0.155400 -0.140730 0.233197
v 0.137517 -0.151068 0.226212
v 0.122568 -0.145759 0.222719
v 0.125362 -0.130112 0.226212
v 0.143245 -0.119773 0.233197
v 0.128017 -0.142546 0.257088
v 0.128994 -0.155958 0.251080
v 0.118656 -0.161966 0.239065
v 0.107479 -0.154421 0.232918
v 0.106641 -0.141009 0.239065
v 0.116840 -0.135002 0.251080
v 0.086942 -0.166297 0.264632
v 0.092949 -0.176775 0.257647
v 0.092949 -0.176775 0.243675
v 0.086942 -0.166297 0.236690
v 0.080934 -0.155819 0.243675
v 0.080934 -0.155819 0.257647
v 0.045867 -0.190048 0.257088
v 0.057043 -0.197592 0.251080
v 0.067242 -0.191585 0.239065
v 0.066404 -0.178172 0.232918
v 0.055227 -0.170628 0.239065
v 0.044889 -0.176635 0.251080
v 0.015689 -0.207372 0.236690
v 0.030638 -0.212821 0.233197
v 0.048521 -0.202482 0.226212
v 0.051315 -0.186834 0.222719
v 0.036366 -0.181525 0.226212
v 0.018483 -0.191864 0.233197
v -0.077917 -0.185018 0.208748
v -0.066042 -0.185018 0.196593
v -0.042291 -0.185018 0.196593
v -0.030415 -0.185018 0.208748
v -0.042291 -0.185018 0.220903
v -0.066042 -0.185018 0.220903
v -0.065203 -0.212960 0.208748
v -0.054865 -0.209468 0.196593
v -0.034327 -0.202482 0.196593
v -0.023989 -0.198989 0.208748
v -0.034327 -0.202482 0.220903
v -0.054865 -0.209468 0.220903
v -0.030415 -0.233358 0.208748
v -0.024408 -0.227350 0.196593
v -0.012533 -0.215335 0.196593
v -0.006665 -0.209188 0.208748
v -0.012533 -0.215335 0.220903
v -0.024408 -0.227350 0.220903
v 0.017086 -0.240902 0.208748
v 0.017086 -0.233917 0.196593
v 0.017086 -0.219946 0.196593
v 0.017086 -0.212960 0.208748
v 0.017086 -0.219946 0.220903
v 0.017086 -0.233917 0.220903
v 0.064588 -0.233358 0.208748
v 0.058720 -0.227350 0.196593
v 0.046845 -0.215335 0.196593
v 0.040837 -0.209188 0.208748
v 0.046705 -0.215335 0.220903
v 0.058720 -0.227350 0.220903
v 0.099376 -0.212960 0.208748
v 0.089037 -0.209468 0.196593
v 0.068500 -0.202482 0.196593
v 0.058161 -0.198989 0.208748
v 0.068500 -0.202482 0.220903
v 0.089037 -0.209468 0.220903
v 0.112089 -0.185018 0.208748
v 0.100214 -0.185018 0.196593
v 0.076463 -0.185018 0.196593
v 0.064588 -0.185018 0.208748
v 0.076463 -0.185018 0.220903
v 0.100214 -0.185018 0.220903
v 0.099376 -0.157076 0.208748
v 0.089037 -0.160569 0.196593
v 0.068500 -0.167554 0.196593
v 0.058161 -0.171047 0.208748
v 0.068500 -0.167554 0.220903
v 0.089037 -0.160569 0.220903
v 0.064588 -0.136678 0.208748
v 0.058720 -0.142686 0.196593
v 0.046845 -0.154701 0.196593
v 0.040837 -0.160848 0.208748
v 0.046845 -0.154701 0.220903
v 0.058720 -0.142686 0.220903
v 0.017086 -0.129134 0.208748
v 0.017086 -0.136119 0.196593
v 0.017086 -0.150090 0.196593
v 0.017086 -0.157076 0.208748
v 0.017086 -0.150090 0.220903
v 0.017086 -0.136119 0.220903
v -0.030415 -0.136678 0.208748
v -0.024408 -0.142686 0.196593
v -0.012533 -0.154701 0.196593
v -0.006665 -0.160848 0.208748
v -0.012533 -0.154701 0.220903
v -0.024408 -0.142686 0.220903
v -0.065203 -0.157076 0.208748
v -0.054865 -0.160569 0.196593
v -0.034327 -0.167554 0.196593
v -0.023989 -0.171047 0.208748
v -0.034327 -0.167554 0.220903
v -0.054865 -0.160569 0.220903
v -0.135059 -0.118795 0.208748
v -0.130867 -0.135281 0.208748
v -0.110190 -0.147157 0.208748
v -0.093844 -0.142546 0.208748
v -0.098175 -0.126200 0.208748
v -0.118713 -0.114325 0.208748
v -0.124022 -0.125222 0.180806
v -0.121227 -0.140730 0.184298
v -0.103344 -0.151068 0.191284
v -0.088395 -0.145759 0.194777
v -0.091190 -0.130112 0.191284
v -0.109073 -0.119773 0.184298
v -0.093844 -0.142546 0.160408
v -0.094822 -0.155958 0.166415
v -0.084484 -0.161966 0.178431
v -0.073307 -0.154421 0.184578
v -0.072468 -0.141009 0.178431
v -0.082667 -0.135002 0.166415
v -0.052769 -0.166297 0.152864
v -0.058777 -0.176775 0.159849
v -0.058777 -0.176775 0.173820
v -0.052769 -0.166297 0.180806
v -0.046762 -0.155819 0.173820
v -0.046762 -0.155819 0.159849
v -0.011694 -0.190048 0.160408
v -0.022871 -0.197592 0.166415
v -0.033070 -0.191585 0.178431
v -0.032232 -0.178172 0.184578
v -0.021055 -0.170628 0.178431
v -0.010716 -0.176635 0.166415
v 0.018483 -0.207372 0.180806
v 0.003534 -0.212821 0.184298
v -0.014349 -0.202482 0.191284
v -0.017143 -0.186834 0.194777
v -0.002194 -0.181525 0.191284
v 0.015689 -0.191864 0.184298
v 0.029520 -0.213799 0.208748
v 0.013174 -0.218409 0.208748
v -0.007363 -0.206534 0.208748
v -0.011694 -0.190048 0.208748
v 0.004652 -0.185577 0.208748
v 0.025329 -0.197452 0.208748
v 0.018483 -0.207372 0.236690
v 0.003534 -0.212821 0.233197
v -0.014349 -0.202482 0.226212
v -0.017143 -0.186834 0.222719
v -0.002194 -0.181525 0.226212
v 0.015689 -0.191864 0.233197
v -0.011694 -0.190048 0.257088
v -0.022871 -0.197592 0.251080
v -0.033070 -0.191585 0.239065
v -0.032232 -0.178172 0.232918
v -0.021055 -0.170628 0.239065
v -0.010716 -0.176635 0.251080
v -0.052769 -0.166297 0.264632
v -0.058777 -0.176775 0.257647
v -0.058777 -0.176775 0.243675
v -0.052769 -0.166297 0.236690
v -0.046762 -0.155819 0.243675
v -0.046762 -0.155819 0.257647
v -0.093844 -0.142546 0.257088
v -0.094822 -0.155958 0.251080
v -0.084484 -0.161966 0.239065
v -0.073307 -0.154421 0.232918
v -0.072468 -0.141009 0.239065
v -0.082667 -0.135002 0.251080
v -0.124022 -0.125222 0.236690
v -0.121227 -0.140730 0.233197
v -0.103344 -0.151068 0.226212
v -0.088395 -0.145759 0.222719
v -0.091190 -0.130112 0.226212
v -0.109073 -0.119773 0.233197
v -0.151405 -0.032873 0.208748
v -0.145537 -0.043212 0.196593
v -0.133662 -0.063749 0.196593
v -0.127654 -0.074088 0.208748
v -0.133662 -0.063749 0.220903
v -0.145537 -0.043212 0.220903
v -0.169288 -0.057881 0.208748
v -0.161045 -0.065007 0.196593
v -0.144699 -0.079397 0.196593
v -0.136596 -0.086522 0.208748
v -0.144699 -0.079397 0.220903
v -0.161045 -0.065007 0.220903
v -0.169567 -0.098258 0.208748
v -0.161324 -0.100353 0.196593
v -0.144978 -0.104545 0.196593
v -0.136735 -0.106640 0.208748
v -0.144978 -0.104545 0.220903
v -0.161324 -0.100353 0.220903
v -0.152243 -0.143105 0.208748
v -0.146236 -0.139612 0.196593
v -0.134221 -0.132627 0.196593
v -0.128073 -0.129134 0.208748
v -0.134221 -0.132627 0.220903
v -0.146236 -0.139612 0.220903
v -0.122066 -0.180547 0.208748
v -0.119830 -0.172304 0.196593
v -0.115220 -0.155958 0.196593
v -0.112985 -0.147855 0.208748
v -0.115220 -0.155958 0.220903
v -0.119830 -0.172304 0.220903
v -0.086998 -0.200386 0.208748
v -0.089094 -0.189768 0.196593
v -0.093285 -0.168393 0.196593
v -0.095381 -0.157775 0.208748
v -0.093285 -0.168393 0.220903
v -0.089094 -0.189768 0.220903
v -0.056402 -0.197452 0.208748
v -0.062409 -0.187114 0.196593
v -0.074285 -0.166576 0.196593
v -0.080152 -0.156238 0.208748
v -0.074285 -0.166576 0.220903
v -0.062409 -0.187114 0.220903
v -0.038519 -0.172444 0.208748
v -0.046762 -0.165319 0.196593
v -0.063108 -0.150929 0.196593
v -0.071211 -0.143803 0.208748
v -0.063108 -0.150929 0.220903
v -0.046762 -0.165319 0.220903
v -0.038239 -0.132068 0.208748
v -0.046482 -0.129972 0.196593
v -0.062828 -0.125781 0.196593
v -0.071071 -0.123685 0.208748
v -0.062828 -0.125781 0.220903
v -0.046482 -0.129972 0.220903
v -0.055563 -0.087221 0.208748
v -0.061571 -0.090713 0.196593
v -0.073726 -0.097699 0.196593
v -0.079733 -0.101192 0.208748
v -0.073726 -0.097699 0.220903
v -0.061571 -0.090713 0.220903
v -0.085741 -0.049778 0.208748
v -0.087976 -0.058021 0.196593
v -0.092587 -0.074367 0.196593
v -0.094822 -0.082470 0.208748
v -0.092587 -0.074367 0.220903
v -0.087976 -0.058021 0.220903
v -0.120808 -0.029939 0.208748
v -0.118713 -0.040557 0.196593
v -0.114521 -0.061933 0.196593
v -0.112426 -0.072551 0.208748
v -0.114521 -0.061933 0.220903
v -0.118713 -0.040557 0.220903
v -0.122625 0.049696 0.208748
v -0.134779 0.037820 0.208748
v -0.134779 0.014070 0.208748
v -0.122625 0.002194 0.208748
v -0.110470 0.014070 0.208748
v -0.110470 0.037820 0.208748
v -0.122625 0.036982 0.180806
v -0.134779 0.026644 0.184298
v -0.134779 0.006106 0.191284
v -0.122625 -0.004232 0.194777
v -0.110470 0.006106 0.191284
v -0.110470 0.026644 0.184298
v -0.122625 0.002194 0.160408
v -0.134779 -0.003813 0.166415
v -0.134779 -0.015689 0.178431
v -0.122625 -0.021557 0.184578
v -0.110470 -0.015689 0.178431
v -0.110470 -0.003813 0.166415
v -0.122625 -0.045307 0.152864
v -0.134779 -0.045307 0.159849
v -0.134779 -0.045307 0.173820
v -0.122625 -0.045307 0.180806
v -0.110470 -0.045307 0.173820
v -0.110470 -0.045307 0.159849
v -0.122625 -0.092809 0.160408
v -0.134779 -0.086941 0.166415
v -0.134779 -0.075066 0.178431
v -0.122625 -0.069058 0.184578
v -0.110470 -0.075066 0.178431
v -0.110470 -0.086941 0.166415
v -0.122625 -0.127597 0.180806
v -0.134779 -0.117258 0.184298
v -0.134779 -0.096721 0.191284
v -0.122625 -0.086382 0.194777
v -0.110470 -0.096721 0.191284
v -0.110470 -0.117258 0.184298
v -0.122625 -0.140311 0.208748
v -0.134779 -0.128435 0.208748
v -0.134779 -0.104684 0.208748
v -0.122625 -0.092809 0.208748
v -0.110470 -0.104684 0.208748
v -0.110470 -0.128435 0.208748
v -0.122625 -0.127597 0.236690
v -0.134779 -0.117258 0.233197
v -0.134779 -0.096721 0.226212
v -0.122625 -0.086382 0.222719
v -0.110470 -0.096721 0.226212
v -0.110470 -0.117258 0.233197
v -0.122625 -0.092809 0.257088
v -0.134779 -0.086941 0.251080
v -0.134779 -0.075066 0.239065
v -0.122625 -0.069058 0.232918
v -0.110470 -0.075066 0.239065
v -0.110470 -0.086941 0.251080
v -0.122625 -0.045307 0.264632
v -0.134779 -0.045307 0.257647
v -0.134779 -0.045307 0.243675
v -0.122625 -0.045307 0.236690
v -0.110470 -0.045307 0.243675
v -0.110470 -0.045307 0.257647
v -0.122625 0.002194 0.257088
v -0.134779 -0.003813 0.251080
v -0.134779 -0.015689 0.239065
v -0.122625 -0.021557 0.232918
v -0.110470 -0.015689 0.239065
v -0.110470 -0.003813 0.251080
v -0.122625 0.036982 0.236690
v -0.134779 0.026644 0.233197
v -0.134779 0.006106 0.226212
v -0.122625 -0.004232 0.222719
v -0.110470 0.006106 0.226212
v -0.110470 0.026644 0.233197
v -0.056402 0.106838 0.208748
v -0.062409 0.096499 0.196593
v -0.074285 0.075962 0.196593
v -0.080153 0.065623 0.208748
v -0.074285 0.075962 0.220903
v -0.062409 0.096499 0.220903
v -0.086998 0.109772 0.208748
v -0.089094 0.099154 0.196593
v -0.093285 0.077778 0.196593
v -0.095381 0.067160 0.208748
v -0.093285 0.077778 0.220903
v -0.089094 0.099154 0.220903
v -0.122066 0.089933 0.208748
v -0.119830 0.081690 0.196593
v -0.115220 0.065344 0.196593
v -0.112985 0.057240 0.208748
v -0.115220 0.065344 0.220903
v -0.119830 0.081690 0.220903
v -0.152243 0.052490 0.208748
v -0.146236 0.048997 0.196593
v -0.134221 0.042012 0.196593
v -0.128073 0.038519 0.208748
v -0.134221 0.042012 0.220903
v -0.146236 0.048997 0.220903
v -0.169567 0.007643 0.208748
v -0.161324 0.009739 0.196593
v -0.144978 0.013930 0.196593
v -0.136735 0.016026 0.208748
v -0.144978 0.013930 0.220903
v -0.161324 0.009739 0.220903
v -0.169288 -0.032733 0.208748
v -0.161045 -0.025608 0.196593
v -0.144699 -0.011218 0.196593
v -0.136596 -0.004093 0.208748
v -0.144699 -0.011218 0.220903
v -0.161045 -0.025608 0.220903
v -0.151405 -0.057742 0.208748
v -0.145537 -0.047403 0.196593
v -0.133662 -0.026866 0.196593
v -0.127654 -0.016527 0.208748
v -0.133662 -0.026866 0.220903
v -0.145537 -0.047403 0.220903
v -0.120808 -0.060676 0.208748
v -0.118713 -0.050058 0.196593
v -0.114521 -0.028682 0.196593
v -0.112426 -0.018064 0.208748
v -0.114521 -0.028682 0.220903
v -0.118713 -0.050058 0.220903
v -0.085741 -0.040837 0.208748
v -0.087976 -0.032594 0.196593
v -0.092587 -0.016248 0.196593
v -0.094822 -0.008144 0.208748
v -0.092587 -0.016248 0.220903
v -0.087976 -0.032594 0.220903
v -0.055563 -0.003394 0.208748
v -0.061571 0.000099 0.196593
v -0.073726 0.007084 0.196593
v -0.079733 0.010577 0.208748
v -0.073726 0.007084 0.220903
v -0.061571 0.000099 0.220903
v -0.038239 0.041453 0.208748
v -0.046482 0.039357 0.196593
v -0.062828 0.035166 0.196593
v -0.071071 0.033070 0.208748
v -0.062828 0.035166 0.220903
v -0.046482 0.039357 0.220903
v -0.038519 0.081829 0.208748
v -0.046762 0.074704 0.196593
v -0.063108 0.060314 0.196593
v -0.071211 0.053189 0.208748
v -0.063108 0.060314 0.220903
v -0.046762 0.074704 0.220903
v 0.029520 0.123184 0.208748
v 0.013174 0.127794 0.208748
v -0.007363 0.115919 0.208748
v -0.011694 0.099433 0.208748
v 0.004652 0.094962 0.208748
v 0.025329 0.106838 0.208748
v 0.018483 0.116757 0.180806
v 0.003534 0.122206 0.184298
v -0.014349 0.111867 0.191284
v -0.017143 0.096220 0.194777
v -0.002194 0.090911 0.191284
v 0.015689 0.101249 0.184298
v -0.011694 0.099433 0.160408
v -0.022871 0.106977 0.166415
v -0.033070 0.100970 0.178431
v -0.032232 0.087558 0.184578
v -0.021055 0.080013 0.178431
v -0.010716 0.086021 0.166415
v -0.052769 0.075682 0.152864
v -0.058777 0.086160 0.159849
v -0.058777 0.086160 0.173820
v -0.052769 0.075682 0.180806
v -0.046762 0.065204 0.173820
v -0.046762 0.065204 0.159849
v -0.093844 0.051931 0.160408
v -0.094822 0.065344 0.166415
v -0.084484 0.071351 0.178431
v -0.073307 0.063807 0.184578
v -0.072468 0.050394 0.178431
v -0.082667 0.044387 0.166415
v -0.124022 0.034607 0.180806
v -0.121227 0.050115 0.184298
v -0.103345 0.060454 0.191284
v -0.088395 0.055145 0.194777
v -0.091190 0.039497 0.191284
v -0.109073 0.029158 0.184298
v -0.135059 0.028180 0.208748
v -0.130868 0.044666 0.208748
v -0.110190 0.056542 0.208748
v -0.093844 0.051931 0.208748
v -0.098175 0.035585 0.208748
v -0.118713 0.023710 0.208748
v -0.124022 0.034607 0.236690
v -0.121227 0.050115 0.233197
v -0.103345 0.060454 0.226212
v -0.088395 0.055145 0.222719
v -0.091190 0.039497 0.226212
v -0.109073 0.029158 0.233197
v -0.093844 0.051931 0.257088
v -0.094822 0.065344 0.251080
v -0.084484 0.071351 0.239065
v -0.073307 0.063807 0.232918
v -0.072468 0.050394 0.239065
v -0.082667 0.044387 0.251080
v -0.052769 0.075682 0.264632
v -0.058777 0.086160 0.257647
v -0.058777 0.086160 0.243675
v -0.052769 0.075682 0.236690
v -0.046762 0.065204 0.243675
v -0.046762 0.065204 0.257647
v -0.011694 0.099433 0.257088
v -0.022871 0.106977 0.251080
v -0.033070 0.100970 0.239065
v -0.032232 0.087558 0.232918
v -0.021055 0.080013 0.239065
v -0.010716 0.086021 0.251080
v 0.018483 0.116757 0.236690
v 0.003534 0.122206 0.233197
v -0.014349 0.111867 0.226212
v -0.017143 0.096220 0.222719
v -0.002194 0.090911 0.226212
v 0.015689 0.101249 0.233197
vn -0.6793 -0.3098 0.6653
vn -0.0000 -0.0000 1.0000
vn 0.6790 0.3108 0.6651
vn 0.6790 0.3108 -0.6651
vn -0.0000 -0.0000 -1.0000
vn -0.6793 -0.3098 -0.6653
vn -0.4202 -0.7146 0.5594
vn 0.4202 0.7106 0.5643
vn 0.4198 0.7124 -0.5624
vn -0.4201 -0.7146 -0.5594
vn -0.1361 -0.8597 0.4923
vn 0.1343 0.8576 0.4965
vn 0.1347 0.8578 -0.4960
vn -0.1361 -0.8597 -0.4923
vn 0.1362 -0.8593 0.4930
vn -0.1347 0.8578 0.4960
vn -0.1347 0.8578 -0.4960
vn 0.1362 -0.8593 -0.4930
vn 0.4190 -0.7141 0.5608
vn -0.4198 0.7124 0.5624
vn -0.4198 0.7124 -0.5624
vn 0.4190 -0.7141 -0.5608
vn 0.6793 -0.3098 0.6653
vn -0.6790 0.3108 0.6651
vn -0.6790 0.3108 -0.6651
vn 0.6793 -0.3098 -0.6653
vn 0.6793 0.3098 0.6653
vn -0.6790 -0.3108 0.6651
vn -0.6790 -0.3108 -0.6651
vn 0.6793 0.3098 -0.6653
vn 0.4201 0.7146 0.5594
vn -0.4202 -0.7106 0.5643
vn -0.4202 -0.7106 -0.5643
vn 0.4201 0.7146 -0.5594
vn 0.1361 0.8597 0.4923
vn -0.1343 -0.8576 0.4965
vn -0.1343 -0.8576 -0.4965
vn 0.1361 0.8597 -0.4923
vn -0.1361 0.8597 0.4923
vn 0.1343 -0.8576 0.4965
vn 0.1347 -0.8578 -0.4960
vn -0.1361 0.8597 -0.4923
vn -0.4202 0.7146 0.5594
vn 0.4202 -0.7106 0.5643
vn 0.4198 -0.7124 -0.5624
vn -0.4201 0.7146 -0.5594
vn -0.6793 0.3098 0.6653
vn 0.6790 -0.3108 0.6651
vn 0.6790 -0.3108 -0.6651
vn -0.6793 0.3098 -0.6653
vn 0.9211 0.2350 -0.3103
vn 0.4988 0.8667 -0.0026
vn -0.2561 0.9163 0.3079
vn -0.9203 -0.2388 0.3099
vn -0.4999 -0.8661 0.0049
vn 0.2559 -0.9161 -0.3087
vn 0.6423 0.2753 -0.7153
vn 0.5005 0.8657 -0.0013
vn -0.0809 0.6981 0.7115
vn -0.6459 -0.2792 0.7105
vn -0.5021 -0.8648 0.0020
vn 0.0849 -0.6936 -0.7153
vn 0.3652 0.3601 -0.8585
vn 0.4999 0.8661 -0.0013
vn 0.1322 0.4983 0.8569
vn -0.3661 -0.3655 0.8558
vn -0.5010 -0.8654 0.0034
vn -0.1295 -0.4956 -0.8588
vn 0.1295 0.4956 -0.8588
vn 0.5010 0.8654 0.0034
vn 0.3661 0.3655 0.8558
vn -0.1322 -0.4983 0.8569
vn -0.4999 -0.8661 -0.0013
vn -0.3652 -0.3601 -0.8585
vn -0.0849 0.6936 -0.7153
vn 0.5021 0.8648 0.0020
vn 0.6459 0.2792 0.7105
vn 0.0809 -0.6981 0.7115
vn -0.5005 -0.8657 -0.0013
vn -0.6423 -0.2753 -0.7153
vn -0.2590 0.9141 -0.3119
vn 0.5006 0.8657 -0.0005
vn 0.9208 0.2378 0.3093
vn 0.2518 -0.9167 0.3103
vn -0.4996 -0.8663 0.0028
vn -0.9212 -0.2359 -0.3094
vn -0.2590 0.9141 0.3119
vn 0.5006 0.8657 0.0005
vn 0.9208 0.2378 -0.3093
vn 0.2518 -0.9167 -0.3103
vn -0.4996 -0.8663 -0.0028
vn -0.9212 -0.2359 0.3094
vn -0.0849 0.6937 0.7153
vn 0.5021 0.8648 -0.0020
vn 0.6459 0.2792 -0.7105
vn 0.0809 -0.6981 -0.7115
vn -0.5005 -0.8657 0.0013
vn -0.6423 -0.2753 0.7153
vn 0.1295 0.4956 0.8588
vn 0.5010 0.8654 -0.0034
vn 0.3661 0.3655 -0.8558
vn -0.1322 -0.4983 -0.8569
vn -0.4999 -0.8661 0.0013
vn -0.3652 -0.3601 0.8585
vn 0.3652 0.3601 0.8585
vn 0.4999 0.8661 0.0013
vn 0.1322 0.4983 -0.8569
vn -0.3661 -0.3655 -0.8558
vn -0.5010 -0.8654 -0.0034
vn -0.1295 -0.4956 0.8588
vn 0.6423 0.2753 0.7153
vn 0.5005 0.8657 0.0013
vn -0.0809 0.6981 -0.7115
vn -0.6459 -0.2792 -0.7105
vn -0.5021 -0.8648 -0.0020
vn 0.0849 -0.6937 0.7153
vn 0.9211 0.2350 0.3103
vn 0.4988 0.8667 0.0026
vn -0.2561 0.9163 -0.3079
vn -0.9203 -0.2388 -0.3099
vn -0.4999 -0.8661 -0.0049
vn 0.2559 -0.9161 0.3087
vn -0.6082 0.4339 0.6647
vn 0.6088 -0.4332 0.6646
vn 0.6088 -0.4332 -0.6646
vn -0.6082 0.4339 -0.6647
vn -0.8265 0.0061 0.5628
vn 0.8285 -0.0077 0.5600
vn 0.8285 -0.0077 -0.5600
vn -0.8265 0.0061 -0.5628
vn -0.8115 -0.3127 0.4937
vn 0.8099 0.3110 0.4973
vn 0.8099 0.3110 -0.4973
vn -0.8115 -0.3127 -0.4937
vn -0.6770 -0.5462 0.4933
vn 0.6754 0.5475 0.4941
vn 0.6754 0.5475 -0.4941
vn -0.6770 -0.5462 -0.4933
vn -0.4082 -0.7201 0.5611
vn 0.4083 0.7221 0.5585
vn 0.4083 0.7221 -0.5585
vn -0.4082 -0.7201 -0.5611
vn 0.0725 -0.7433 0.6650
vn -0.0728 0.7435 0.6648
vn -0.0728 0.7435 -0.6648
vn 0.0725 -0.7433 -0.6650
vn 0.6058 -0.4340 0.6669
vn -0.6086 0.4360 0.6630
vn -0.6086 0.4360 -0.6630
vn 0.6058 -0.4340 -0.6669
vn 0.8265 -0.0061 0.5628
vn -0.8285 0.0077 0.5600
vn -0.8285 0.0077 -0.5600
vn 0.8265 -0.0061 -0.5628
vn 0.8115 0.3127 0.4937
vn -0.8112 -0.3137 0.4935
vn -0.8112 -0.3137 -0.4935
vn 0.8115 0.3127 -0.4937
vn 0.6770 0.5462 0.4933
vn -0.6779 -0.5473 0.4909
vn -0.6779 -0.5473 -0.4909
vn 0.6770 0.5462 -0.4933
vn 0.4082 0.7201 0.5611
vn -0.4083 -0.7221 0.5585
vn -0.4083 -0.7221 -0.5585
vn 0.4082 0.7201 -0.5611
vn -0.0724 0.7436 0.6647
vn -0.0724 0.7436 -0.6647
vn 0.6653 -0.6793 -0.3098
vn 1.0000 -0.0000 -0.0000
vn 0.6651 0.6790 0.3108
vn -0.6651 0.6790 0.3108
vn -1.0000 -0.0000 -0.0000
vn -0.6653 -0.6793 -0.3098
vn 0.5594 -0.4201 -0.7146
vn 0.5624 0.4198 0.7124
vn -0.5624 0.4198 0.7124
vn -0.5594 -0.4201 -0.7146
vn 0.4923 -0.1361 -0.8597
vn 0.4960 0.1347 0.8578
vn -0.4960 0.1347 0.8578
vn -0.4923 -0.1361 -0.8597
vn 0.4930 0.1363 -0.8593
vn 0.4960 -0.1347 0.8578
vn -0.4960 -0.1347 0.8578
vn -0.4930 0.1363 -0.8593
vn 0.5608 0.4190 -0.7141
vn 0.5624 -0.4198 0.7124
vn -0.5624 -0.4198 0.7124
vn -0.5608 0.4190 -0.7141
vn 0.6653 0.6793 -0.3098
vn 0.6651 -0.6790 0.3108
vn -0.6651 -0.6790 0.3108
vn -0.6653 0.6793 -0.3098
vn 0.6653 0.6793 0.3098
vn 0.6651 -0.6790 -0.3108
vn -0.6651 -0.6790 -0.3108
vn -0.6653 0.6793 0.3098
vn 0.5594 0.4202 0.7146
vn 0.5643 -0.4202 -0.7106
vn -0.5643 -0.4202 -0.7106
vn -0.5594 0.4202 0.7146
vn 0.4923 0.1361 0.8597
vn 0.4965 -0.1343 -0.8576
vn -0.4965 -0.1343 -0.8576
vn -0.4923 0.1361 0.8597
vn 0.4923 -0.1361 0.8597
vn 0.4959 0.1347 -0.8578
vn -0.4959 0.1347 -0.8578
vn -0.4923 -0.1361 0.8597
vn 0.5594 -0.4201 0.7146
vn 0.5624 0.4198 -0.7124
vn -0.5624 0.4198 -0.7124
vn -0.5594 -0.4202 0.7146
vn 0.6653 -0.6793 0.3098
vn 0.6651 0.6790 -0.3108
vn -0.6651 0.6790 -0.3108
vn -0.6653 -0.6793 0.3098
vn 0.0725 0.7433 0.6650
vn -0.0728 -0.7435 0.6648
vn -0.0728 -0.7435 -0.6648
vn 0.0725 0.7433 -0.6650
vn -0.4082 0.7201 0.5611
vn 0.4083 -0.7221 0.5585
vn 0.4083 -0.7221 -0.5585
vn -0.4082 0.7201 -0.5611
vn -0.6770 0.5462 0.4933
vn 0.6754 -0.5475 0.4941
vn 0.6754 -0.5475 -0.4941
vn -0.6770 0.5462 -0.4933
vn -0.8115 0.3127 0.4937
vn 0.8099 -0.3110 0.4973
vn 0.8099 -0.3110 -0.4973
vn -0.8115 0.3127 -0.4937
vn -0.8265 -0.0061 0.5628
vn 0.8285 0.0077 0.5600
vn 0.8285 0.0077 -0.5600
vn -0.8265 -0.0061 -0.5628
vn -0.6082 -0.4339 0.6647
vn 0.6088 0.4332 0.6646
vn 0.6088 0.4332 -0.6646
vn -0.6082 -0.4339 -0.6647
vn -0.0724 -0.7436 0.6647
vn -0.0724 -0.7436 -0.6647
vn 0.4082 -0.7201 0.5611
vn -0.4083 0.7221 0.5585
vn -0.4083 0.7221 -0.5585
vn 0.4082 -0.7201 -0.5611
vn 0.6770 -0.5462 0.4933
vn -0.6779 0.5473 0.4909
vn -0.6779 0.5473 -0.4909
vn 0.6770 -0.5462 -0.4933
vn 0.8115 -0.3127 0.4937
vn -0.8112 0.3137 0.4935
vn -0.8112 0.3137 -0.4935
vn 0.8115 -0.3127 -0.4937
vn 0.8265 0.0061 0.5628
vn -0.8285 -0.0077 0.5600
vn -0.8285 -0.0077 -0.5600
vn 0.8265 0.0061 -0.5628
vn 0.6058 0.4340 0.6669
vn -0.6086 -0.4360 0.6630
vn -0.6086 -0.4360 -0.6630
vn 0.6058 0.4340 -0.6669
vn -0.2590 -0.9141 -0.3119
vn 0.5006 -0.8657 -0.0005
vn 0.9208 -0.2378 0.3093
vn 0.2518 0.9167 0.3103
vn -0.4996 0.8663 0.0028
vn -0.9212 0.2359 -0.3094
vn -0.0849 -0.6936 -0.7153
vn 0.5021 -0.8648 0.0020
vn 0.6459 -0.2792 0.7105
vn 0.0809 0.6981 0.7115
vn -0.5005 0.8657 -0.0013
vn -0.6423 0.2753 -0.7153
vn 0.1295 -0.4956 -0.8588
vn 0.5010 -0.8654 0.0034
vn 0.3661 -0.3655 0.8558
vn -0.1322 0.4983 0.8569
vn -0.4999 0.8661 -0.0013
vn -0.3652 0.3601 -0.8585
vn 0.3652 -0.3601 -0.8585
vn 0.4999 -0.8661 -0.0013
vn 0.1322 -0.4983 0.8569
vn -0.3661 0.3655 0.8558
vn -0.5010 0.8654 0.0034
vn -0.1295 0.4956 -0.8588
vn 0.6423 -0.2753 -0.7153
vn 0.5005 -0.8657 -0.0013
vn -0.0809 -0.6981 0.7115
vn -0.6459 0.2792 0.7105
vn -0.5021 0.8648 0.0020
vn 0.0849 0.6936 -0.7153
vn 0.9211 -0.2350 -0.3103
vn 0.4988 -0.8667 -0.0026
vn -0.2561 -0.9163 0.3079
vn -0.9203 0.2388 0.3099
vn -0.4999 0.8661 0.0049
vn 0.2559 0.9161 -0.3087
vn 0.9211 -0.2350 0.3103
vn 0.4988 -0.8667 0.0026
vn -0.2561 -0.9163 -0.3079
vn -0.9203 0.2388 -0.3099
vn -0.4999 0.8661 -0.0049
vn 0.2559 0.9161 0.3087
vn 0.6423 -0.2753 0.7153
vn 0.5005 -0.8657 0.0013
vn -0.0809 -0.6981 -0.7115
vn -0.6459 0.2792 -0.7105
vn -0.5021 0.8648 -0.0020
vn 0.0849 0.6937 0.7153
vn 0.3652 -0.3601 0.8585
vn 0.4999 -0.8661 0.0013
vn 0.1322 -0.4983 -0.8569
vn -0.3661 0.3655 -0.8558
vn -0.5010 0.8654 -0.0034
vn -0.1295 0.4956 0.8588
vn 0.1295 -0.4956 0.8588
vn 0.5010 -0.8654 -0.0034
vn 0.3661 -0.3655 -0.8558
vn -0.1322 0.4983 -0.8569
vn -0.4999 0.8661 0.0013
vn -0.3652 0.3601 0.8585
vn -0.0849 -0.6937 0.7153
vn 0.5021 -0.8648 -0.0020
vn 0.6459 -0.2792 -0.7105
vn 0.0809 0.6981 -0.7115
vn -0.5005 0.8657 0.0013
vn -0.6423 0.2753 0.7153
vn -0.2590 -0.9141 0.3119
vn 0.5006 -0.8657 0.0005
vn 0.9208 -0.2378 -0.3093
vn 0.2518 0.9167 -0.3103
vn -0.4996 0.8663 -0.0028
vn -0.9212 0.2359 0.3094
vn 0.4190 0.7141 0.5608
vn -0.4198 -0.7124 0.5624
vn -0.4198 -0.7124 -0.5624
vn 0.4190 0.7141 -0.5608
vn 0.1362 0.8593 0.4930
vn -0.1347 -0.8578 0.4960
vn -0.1347 -0.8578 -0.4960
vn 0.1362 0.8593 -0.4930
vn 0.4202 0.7106 -0.5644
vn 0.1343 0.8576 -0.4965
vn -0.9211 -0.2350 -0.3103
vn -0.4988 -0.8667 -0.0026
vn 0.2561 -0.9163 0.3079
vn 0.9203 0.2388 0.3099
vn 0.4999 0.8661 0.0049
vn -0.2559 0.9161 -0.3087
vn 0.2590 -0.9141 -0.3119
vn -0.5006 -0.8657 -0.0005
vn -0.9208 -0.2378 0.3093
vn -0.2518 0.9167 0.3103
vn 0.4996 0.8663 0.0028
vn 0.9212 0.2359 -0.3094
vn 0.2590 -0.9141 0.3119
vn -0.5006 -0.8657 0.0005
vn -0.9208 -0.2378 -0.3093
vn -0.2518 0.9167 -0.3103
vn 0.4996 0.8663 -0.0028
vn 0.9212 0.2359 0.3094
vn -0.9211 -0.2350 0.3103
vn -0.4988 -0.8667 0.0026
vn 0.2561 -0.9163 -0.3079
vn 0.9203 0.2388 -0.3099
vn 0.4999 0.8661 -0.0049
vn -0.2559 0.9161 0.3087
vn 0.6082 -0.4339 0.6647
vn -0.6088 0.4332 0.6646
vn -0.6088 0.4332 -0.6646
vn 0.6082 -0.4339 -0.6647
vn -0.8099 -0.3110 0.4973
vn -0.8099 -0.3110 -0.4973
vn -0.6754 -0.5475 0.4941
vn -0.6754 -0.5475 -0.4941
vn -0.0725 0.7433 0.6650
vn 0.0728 -0.7435 0.6648
vn 0.0728 -0.7435 -0.6648
vn -0.0725 0.7433 -0.6650
vn -0.6058 0.4340 0.6669
vn 0.6086 -0.4360 0.6630
vn 0.6086 -0.4360 -0.6630
vn -0.6058 0.4340 -0.6669
vn 0.8112 0.3137 0.4935
vn 0.8112 0.3137 -0.4935
vn 0.6779 0.5473 0.4909
vn 0.6779 0.5473 -0.4909
vn 0.0724 -0.7436 0.6647
vn 0.0724 -0.7436 -0.6647
vn -0.4965 0.1343 0.8576
vn 0.4965 0.1343 0.8576
vn -0.5644 0.4202 0.7106
vn 0.5644 0.4202 0.7106
vn -0.5643 0.4202 -0.7106
vn 0.5643 0.4202 -0.7106
vn 0.5594 -0.4202 0.7146
vn -0.4965 0.1343 -0.8576
vn 0.4965 0.1343 -0.8576
vn -0.4930 0.1362 0.8593
vn -0.4959 -0.1347 -0.8578
vn 0.4959 -0.1347 -0.8578
vn 0.4930 0.1362 0.8593
vn -0.5608 0.4190 0.7141
vn -0.5624 -0.4198 -0.7124
vn 0.5624 -0.4198 -0.7124
vn 0.5608 0.4190 0.7141
vn -0.0725 -0.7433 0.6650
vn 0.0728 0.7435 0.6648
vn 0.0728 0.7435 -0.6648
vn -0.0725 -0.7433 -0.6650
vn -0.6754 0.5475 0.4941
vn -0.6754 0.5475 -0.4941
vn -0.8099 0.3110 0.4973
vn -0.8099 0.3110 -0.4973
vn 0.6082 0.4339 0.6647
vn -0.6088 -0.4332 0.6646
vn -0.6088 -0.4332 -0.6646
vn 0.6082 0.4339 -0.6647
vn 0.0724 0.7436 0.6647
vn 0.0724 0.7436 -0.6647
vn 0.6779 -0.5473 0.4909
vn 0.6779 -0.5473 -0.4909
vn 0.8112 -0.3137 0.4935
vn 0.8112 -0.3137 -0.4935
vn -0.6058 -0.4340 0.6669
vn 0.6086 0.4360 0.6630
vn 0.6086 0.4360 -0.6630
vn -0.6058 -0.4340 -0.6669
vn 0.2590 0.9141 -0.3119
vn -0.5006 0.8657 -0.0005
vn -0.9208 0.2378 0.3093
vn -0.2518 -0.9167 0.3103
vn 0.4996 -0.8663 0.0028
vn 0.9212 -0.2359 -0.3094
vn -0.9211 0.2350 -0.3103
vn -0.4988 0.8667 -0.0026
vn 0.2561 0.9163 0.3079
vn 0.9203 -0.2388 0.3099
vn 0.4999 -0.8661 0.0049
vn -0.2559 -0.9161 -0.3087
vn -0.9211 0.2350 0.3103
vn -0.4988 0.8667 0.0026
vn 0.2561 0.9163 -0.3079
vn 0.9203 -0.2388 -0.3099
vn 0.4999 -0.8661 -0.0049
vn -0.2559 -0.9161 0.3087
vn 0.2590 0.9141 0.3119
vn -0.5006 0.8657 0.0005
vn -0.9208 0.2378 -0.3093
vn -0.2518 -0.9167 -0.3103
vn 0.4996 -0.8663 -0.0028
vn 0.9212 -0.2359 0.3094
s 0
usemtl chain.002
f 5437//1499 5443//1499 5444//1499 5438//1499
f 5438//1500 5444//1500 5445//1500 5439//1500
f 5439//1501 5445//1501 5446//1501 5440//1501
f 5440//1502 5446//1502 5447//1502 5441//1502
f 5441//1503 5447//1503 5448//1503 5442//1503
f 5442//1504 5448//1504 5443//1504 5437//1504
f 5443//1505 5449//1505 5450//1505 5444//1505
f 5444//1500 5450//1500 5451//1500 5445//1500
f 5445//1506 5451//1506 5452//1506 5446//1506
f 5446//1507 5452//1507 5453//1507 5447//1507
f 5447//1503 5453//1503 5454//1503 5448//1503
f 5448//1508 5454//1508 5449//1508 5443//1508
f 5449//1509 5455//1509 5456//1509 5450//1509
f 5450//1500 5456//1500 5457//1500 5451//1500
f 5451//1510 5457//1510 5458//1510 5452//1510
f 5452//1511 5458//1511 5459//1511 5453//1511
f 5453//1503 5459//1503 5460//1503 5454//1503
f 5454//1512 5460//1512 5455//1512 5449//1512
f 5455//1513 5461//1513 5462//1513 5456//1513
f 5456//1500 5462//1500 5463//1500 5457//1500
f 5457//1514 5463//1514 5464//1514 5458//1514
f 5458//1515 5464//1515 5465//1515 5459//1515
f 5459//1503 5465//1503 5466//1503 5460//1503
f 5460//1516 5466//1516 5461//1516 5455//1516
f 5461//1517 5467//1517 5468//1517 5462//1517
f 5462//1500 5468//1500 5469//1500 5463//1500
f 5463//1518 5469//1518 5470//1518 5464//1518
f 5464//1519 5470//1519 5471//1519 5465//1519
f 5465//1503 5471//1503 5472//1503 5466//1503
f 5466//1520 5472//1520 5467//1520 5461//1520
f 5467//1521 5473//1521 5474//1521 5468//1521
f 5468//1500 5474//1500 5475//1500 5469//1500
f 5469//1522 5475//1522 5476//1522 5470//1522
f 5470//1523 5476//1523 5477//1523 5471//1523
f 5471//1503 5477//1503 5478//1503 5472//1503
f 5472//1524 5478//1524 5473//1524 5467//1524
f 5473//1525 5479//1525 5480//1525 5474//1525
f 5474//1500 5480//1500 5481//1500 5475//1500
f 5475//1526 5481//1526 5482//1526 5476//1526
f 5476//1527 5482//1527 5483//1527 5477//1527
f 5477//1503 5483//1503 5484//1503 5478//1503
f 5478//1528 5484//1528 5479//1528 5473//1528
f 5479//1529 5485//1529 5486//1529 5480//1529
f 5480//1500 5486//1500 5487//1500 5481//1500
f 5481//1530 5487//1530 5488//1530 5482//1530
f 5482//1531 5488//1531 5489//1531 5483//1531
f 5483//1503 5489//1503 5490//1503 5484//1503
f 5484//1532 5490//1532 5485//1532 5479//1532
f 5485//1533 5491//1533 5492//1533 5486//1533
f 5486//1500 5492//1500 5493//1500 5487//1500
f 5487//1534 5493//1534 5494//1534 5488//1534
f 5488//1535 5494//1535 5495//1535 5489//1535
f 5489//1503 5495//1503 5496//1503 5490//1503
f 5490//1536 5496//1536 5491//1536 5485//1536
f 5491//1537 5497//1537 5498//1537 5492//1537
f 5492//1500 5498//1500 5499//1500 5493//1500
f 5493//1538 5499//1538 5500//1538 5494//1538
f 5494//1539 5500//1539 5501//1539 5495//1539
f 5495//1503 5501//1503 5502//1503 5496//1503
f 5496//1540 5502//1540 5497//1540 5491//1540
f 5497//1541 5503//1541 5504//1541 5498//1541
f 5498//1500 5504//1500 5505//1500 5499//1500
f 5499//1542 5505//1542 5506//1542 5500//1542
f 5500//1543 5506//1543 5507//1543 5501//1543
f 5501//1503 5507//1503 5508//1503 5502//1503
f 5502//1544 5508//1544 5503//1544 5497//1544
f 5503//1545 5437//1545 5438//1545 5504//1545
f 5504//1500 5438//1500 5439//1500 5505//1500
f 5505//1546 5439//1546 5440//1546 5506//1546
f 5506//1547 5440//1547 5441//1547 5507//1547
f 5507//1503 5441//1503 5442//1503 5508//1503
f 5508//1548 5442//1548 5437//1548 5503//1548
f 5509//1549 5515//1549 5516//1549 5510//1549
f 5510//1550 5516//1550 5517//1550 5511//1550
f 5511//1551 5517//1551 5518//1551 5512//1551
f 5512//1552 5518//1552 5519//1552 5513//1552
f 5513//1553 5519//1553 5520//1553 5514//1553
f 5514//1554 5520//1554 5515//1554 5509//1554
f 5515//1555 5521//1555 5522//1555 5516//1555
f 5516//1556 5522//1556 5523//1556 5517//1556
f 5517//1557 5523//1557 5524//1557 5518//1557
f 5518//1558 5524//1558 5525//1558 5519//1558
f 5519//1559 5525//1559 5526//1559 5520//1559
f 5520//1560 5526//1560 5521//1560 5515//1560
f 5521//1561 5527//1561 5528//1561 5522//1561
f 5522//1562 5528//1562 5529//1562 5523//1562
f 5523//1563 5529//1563 5530//1563 5524//1563
f 5524//1564 5530//1564 5531//1564 5525//1564
f 5525//1565 5531//1565 5532//1565 5526//1565
f 5526//1566 5532//1566 5527//1566 5521//1566
f 5527//1567 5533//1567 5534//1567 5528//1567
f 5528//1568 5534//1568 5535//1568 5529//1568
f 5529//1569 5535//1569 5536//1569 5530//1569
f 5530//1570 5536//1570 5537//1570 5531//1570
f 5531//1571 5537//1571 5538//1571 5532//1571
f 5532//1572 5538//1572 5533//1572 5527//1572
f 5533//1573 5539//1573 5540//1573 5534//1573
f 5534//1574 5540//1574 5541//1574 5535//1574
f 5535//1575 5541//1575 5542//1575 5536//1575
f 5536//1576 5542//1576 5543//1576 5537//1576
f 5537//1577 5543//1577 5544//1577 5538//1577
f 5538//1578 5544//1578 5539//1578 5533//1578
f 5539//1579 5545//1579 5546//1579 5540//1579
f 5540//1580 5546//1580 5547//1580 5541//1580
f 5541//1581 5547//1581 5548//1581 5542//1581
f 5542//1582 5548//1582 5549//1582 5543//1582
f 5543//1583 5549//1583 5550//1583 5544//1583
f 5544//1584 5550//1584 5545//1584 5539//1584
f 5545//1585 5551//1585 5552//1585 5546//1585
f 5546//1586 5552//1586 5553//1586 5547//1586
f 5547//1587 5553//1587 5554//1587 5548//1587
f 5548//1588 5554//1588 5555//1588 5549//1588
f 5549//1589 5555//1589 5556//1589 5550//1589
f 5550//1590 5556//1590 5551//1590 5545//1590
f 5551//1591 5557//1591 5558//1591 5552//1591
f 5552//1592 5558//1592 5559//1592 5553//1592
f 5553//1593 5559//1593 5560//1593 5554//1593
f 5554//1594 5560//1594 5561//1594 5555//1594
f 5555//1595 5561//1595 5562//1595 5556//1595
f 5556//1596 5562//1596 5557//1596 5551//1596
f 5557//1597 5563//1597 5564//1597 5558//1597
f 5558//1598 5564//1598 5565//1598 5559//1598
f 5559//1599 5565//1599 5566//1599 5560//1599
f 5560//1600 5566//1600 5567//1600 5561//1600
f 5561//1601 5567//1601 5568//1601 5562//1601
f 5562//1602 5568//1602 5563//1602 5557//1602
f 5563//1603 5569//1603 5570//1603 5564//1603
f 5564//1604 5570//1604 5571//1604 5565//1604
f 5565//1605 5571//1605 5572//1605 5566//1605
f 5566//1606 5572//1606 5573//1606 5567//1606
f 5567//1607 5573//1607 5574//1607 5568//1607
f 5568//1608 5574//1608 5569//1608 5563//1608
f 5569//1609 5575//1609 5576//1609 5570//1609
f 5570//1610 5576//1610 5577//1610 5571//1610
f 5571//1611 5577//1611 5578//1611 5572//1611
f 5572//1612 5578//1612 5579//1612 5573//1612
f 5573//1613 5579//1613 5580//1613 5574//1613
f 5574//1614 5580//1614 5575//1614 5569//1614
f 5575//1615 5509//1615 5510//1615 5576//1615
f 5576//1616 5510//1616 5511//1616 5577//1616
f 5577//1617 5511//1617 5512//1617 5578//1617
f 5578//1618 5512//1618 5513//1618 5579//1618
f 5579//1619 5513//1619 5514//1619 5580//1619
f 5580//1620 5514//1620 5509//1620 5575//1620
f 5581//1621 5587//1621 5588//1621 5582//1621
f 5582//1500 5588//1500 5589//1500 5583//1500
f 5583//1622 5589//1622 5590//1622 5584//1622
f 5584//1623 5590//1623 5591//1623 5585//1623
f 5585//1503 5591//1503 5592//1503 5586//1503
f 5586//1624 5592//1624 5587//1624 5581//1624
f 5587//1625 5593//1625 5594//1625 5588//1625
f 5588//1500 5594//1500 5595//1500 5589//1500
f 5589//1626 5595//1626 5596//1626 5590//1626
f 5590//1627 5596//1627 5597//1627 5591//1627
f 5591//1503 5597//1503 5598//1503 5592//1503
f 5592//1628 5598//1628 5593//1628 5587//1628
f 5593//1629 5599//1629 5600//1629 5594//1629
f 5594//1500 5600//1500 5601//1500 5595//1500
f 5595//1630 5601//1630 5602//1630 5596//1630
f 5596//1631 5602//1631 5603//1631 5597//1631
f 5597//1503 5603//1503 5604//1503 5598//1503
f 5598//1632 5604//1632 5599//1632 5593//1632
f 5599//1633 5605//1633 5606//1633 5600//1633
f 5600//1500 5606//1500 5607//1500 5601//1500
f 5601//1634 5607//1634 5608//1634 5602//1634
f 5602//1635 5608//1635 5609//1635 5603//1635
f 5603//1503 5609//1503 5610//1503 5604//1503
f 5604//1636 5610//1636 5605//1636 5599//1636
f 5605//1637 5611//1637 5612//1637 5606//1637
f 5606//1500 5612//1500 5613//1500 5607//1500
f 5607//1638 5613//1638 5614//1638 5608//1638
f 5608//1639 5614//1639 5615//1639 5609//1639
f 5609//1503 5615//1503 5616//1503 5610//1503
f 5610//1640 5616//1640 5611//1640 5605//1640
f 5611//1641 5617//1641 5618//1641 5612//1641
f 5612//1500 5618//1500 5619//1500 5613//1500
f 5613//1642 5619//1642 5620//1642 5614//1642
f 5614//1643 5620//1643 5621//1643 5615//1643
f 5615//1503 5621//1503 5622//1503 5616//1503
f 5616//1644 5622//1644 5617//1644 5611//1644
f 5617//1645 5623//1645 5624//1645 5618//1645
f 5618//1500 5624//1500 5625//1500 5619//1500
f 5619//1646 5625//1646 5626//1646 5620//1646
f 5620//1647 5626//1647 5627//1647 5621//1647
f 5621//1503 5627//1503 5628//1503 5622//1503
f 5622//1648 5628//1648 5623//1648 5617//1648
f 5623//1649 5629//1649 5630//1649 5624//1649
f 5624//1500 5630//1500 5631//1500 5625//1500
f 5625//1650 5631//1650 5632//1650 5626//1650
f 5626//1651 5632//1651 5633//1651 5627//1651
f 5627//1503 5633//1503 5634//1503 5628//1503
f 5628//1652 5634//1652 5629//1652 5623//1652
f 5629//1653 5635//1653 5636//1653 5630//1653
f 5630//1500 5636//1500 5637//1500 5631//1500
f 5631//1654 5637//1654 5638//1654 5632//1654
f 5632//1655 5638//1655 5639//1655 5633//1655
f 5633//1503 5639//1503 5640//1503 5634//1503
f 5634//1656 5640//1656 5635//1656 5629//1656
f 5635//1657 5641//1657 5642//1657 5636//1657
f 5636//1500 5642//1500 5643//1500 5637//1500
f 5637//1658 5643//1658 5644//1658 5638//1658
f 5638//1659 5644//1659 5645//1659 5639//1659
f 5639//1503 5645//1503 5646//1503 5640//1503
f 5640//1660 5646//1660 5641//1660 5635//1660
f 5641//1661 5647//1661 5648//1661 5642//1661
f 5642//1500 5648//1500 5649//1500 5643//1500
f 5643//1662 5649//1662 5650//1662 5644//1662
f 5644//1663 5650//1663 5651//1663 5645//1663
f 5645//1503 5651//1503 5652//1503 5646//1503
f 5646//1664 5652//1664 5647//1664 5641//1664
f 5647//1665 5581//1665 5582//1665 5648//1665
f 5648//1500 5582//1500 5583//1500 5649//1500
f 5649//1641 5583//1641 5584//1641 5650//1641
f 5650//1644 5584//1644 5585//1644 5651//1644
f 5651//1503 5585//1503 5586//1503 5652//1503
f 5652//1666 5586//1666 5581//1666 5647//1666
f 5653//1667 5659//1667 5660//1667 5654//1667
f 5654//1668 5660//1668 5661//1668 5655//1668
f 5655//1669 5661//1669 5662//1669 5656//1669
f 5656//1670 5662//1670 5663//1670 5657//1670
f 5657//1671 5663//1671 5664//1671 5658//1671
f 5658//1672 5664//1672 5659//1672 5653//1672
f 5659//1673 5665//1673 5666//1673 5660//1673
f 5660//1668 5666//1668 5667//1668 5661//1668
f 5661//1674 5667//1674 5668//1674 5662//1674
f 5662//1675 5668//1675 5669//1675 5663//1675
f 5663//1671 5669//1671 5670//1671 5664//1671
f 5664//1676 5670//1676 5665//1676 5659//1676
f 5665//1677 5671//1677 5672//1677 5666//1677
f 5666//1668 5672//1668 5673//1668 5667//1668
f 5667//1678 5673//1678 5674//1678 5668//1678
f 5668//1679 5674//1679 5675//1679 5669//1679
f 5669//1671 5675//1671 5676//1671 5670//1671
f 5670//1680 5676//1680 5671//1680 5665//1680
f 5671//1681 5677//1681 5678//1681 5672//1681
f 5672//1668 5678//1668 5679//1668 5673//1668
f 5673//1682 5679//1682 5680//1682 5674//1682
f 5674//1683 5680//1683 5681//1683 5675//1683
f 5675//1671 5681//1671 5682//1671 5676//1671
f 5676//1684 5682//1684 5677//1684 5671//1684
f 5677//1685 5683//1685 5684//1685 5678//1685
f 5678//1668 5684//1668 5685//1668 5679//1668
f 5679//1686 5685//1686 5686//1686 5680//1686
f 5680//1687 5686//1687 5687//1687 5681//1687
f 5681//1671 5687//1671 5688//1671 5682//1671
f 5682//1688 5688//1688 5683//1688 5677//1688
f 5683//1689 5689//1689 5690//1689 5684//1689
f 5684//1668 5690//1668 5691//1668 5685//1668
f 5685//1690 5691//1690 5692//1690 5686//1690
f 5686//1691 5692//1691 5693//1691 5687//1691
f 5687//1671 5693//1671 5694//1671 5688//1671
f 5688//1692 5694//1692 5689//1692 5683//1692
f 5689//1693 5695//1693 5696//1693 5690//1693
f 5690//1668 5696//1668 5697//1668 5691//1668
f 5691//1694 5697//1694 5698//1694 5692//1694
f 5692//1695 5698//1695 5699//1695 5693//1695
f 5693//1671 5699//1671 5700//1671 5694//1671
f 5694//1696 5700//1696 5695//1696 5689//1696
f 5695//1697 5701//1697 5702//1697 5696//1697
f 5696//1668 5702//1668 5703//1668 5697//1668
f 5697//1698 5703//1698 5704//1698 5698//1698
f 5698//1699 5704//1699 5705//1699 5699//1699
f 5699//1671 5705//1671 5706//1671 5700//1671
f 5700//1700 5706//1700 5701//1700 5695//1700
f 5701//1701 5707//1701 5708//1701 5702//1701
f 5702//1668 5708//1668 5709//1668 5703//1668
f 5703//1702 5709//1702 5710//1702 5704//1702
f 5704//1703 5710//1703 5711//1703 5705//1703
f 5705//1671 5711//1671 5712//1671 5706//1671
f 5706//1704 5712//1704 5707//1704 5701//1704
f 5707//1705 5713//1705 5714//1705 5708//1705
f 5708//1668 5714//1668 5715//1668 5709//1668
f 5709//1706 5715//1706 5716//1706 5710//1706
f 5710//1707 5716//1707 5717//1707 5711//1707
f 5711//1671 5717//1671 5718//1671 5712//1671
f 5712//1708 5718//1708 5713//1708 5707//1708
f 5713//1709 5719//1709 5720//1709 5714//1709
f 5714//1668 5720//1668 5721//1668 5715//1668
f 5715//1710 5721//1710 5722//1710 5716//1710
f 5716//1711 5722//1711 5723//1711 5717//1711
f 5717//1671 5723//1671 5724//1671 5718//1671
f 5718//1712 5724//1712 5719//1712 5713//1712
f 5719//1713 5653//1713 5654//1713 5720//1713
f 5720//1668 5654//1668 5655//1668 5721//1668
f 5721//1714 5655//1714 5656//1714 5722//1714
f 5722//1715 5656//1715 5657//1715 5723//1715
f 5723//1671 5657//1671 5658//1671 5724//1671
f 5724//1716 5658//1716 5653//1716 5719//1716
f 5725//1717 5731//1717 5732//1717 5726//1717
f 5726//1500 5732//1500 5733//1500 5727//1500
f 5727//1718 5733//1718 5734//1718 5728//1718
f 5728//1719 5734//1719 5735//1719 5729//1719
f 5729//1503 5735//1503 5736//1503 5730//1503
f 5730//1720 5736//1720 5731//1720 5725//1720
f 5731//1721 5737//1721 5738//1721 5732//1721
f 5732//1500 5738//1500 5739//1500 5733//1500
f 5733//1722 5739//1722 5740//1722 5734//1722
f 5734//1723 5740//1723 5741//1723 5735//1723
f 5735//1503 5741//1503 5742//1503 5736//1503
f 5736//1724 5742//1724 5737//1724 5731//1724
f 5737//1725 5743//1725 5744//1725 5738//1725
f 5738//1500 5744//1500 5745//1500 5739//1500
f 5739//1726 5745//1726 5746//1726 5740//1726
f 5740//1727 5746//1727 5747//1727 5741//1727
f 5741//1503 5747//1503 5748//1503 5742//1503
f 5742//1728 5748//1728 5743//1728 5737//1728
f 5743//1729 5749//1729 5750//1729 5744//1729
f 5744//1500 5750//1500 5751//1500 5745//1500
f 5745//1730 5751//1730 5752//1730 5746//1730
f 5746//1731 5752//1731 5753//1731 5747//1731
f 5747//1503 5753//1503 5754//1503 5748//1503
f 5748//1732 5754//1732 5749//1732 5743//1732
f 5749//1733 5755//1733 5756//1733 5750//1733
f 5750//1500 5756//1500 5757//1500 5751//1500
f 5751//1734 5757//1734 5758//1734 5752//1734
f 5752//1735 5758//1735 5759//1735 5753//1735
f 5753//1503 5759//1503 5760//1503 5754//1503
f 5754//1736 5760//1736 5755//1736 5749//1736
f 5755//1737 5761//1737 5762//1737 5756//1737
f 5756//1500 5762//1500 5763//1500 5757//1500
f 5757//1738 5763//1738 5764//1738 5758//1738
f 5758//1739 5764//1739 5765//1739 5759//1739
f 5759//1503 5765//1503 5766//1503 5760//1503
f 5760//1740 5766//1740 5761//1740 5755//1740
f 5761//1741 5767//1741 5768//1741 5762//1741
f 5762//1500 5768//1500 5769//1500 5763//1500
f 5763//1717 5769//1717 5770//1717 5764//1717
f 5764//1720 5770//1720 5771//1720 5765//1720
f 5765//1503 5771//1503 5772//1503 5766//1503
f 5766//1742 5772//1742 5767//1742 5761//1742
f 5767//1743 5773//1743 5774//1743 5768//1743
f 5768//1500 5774//1500 5775//1500 5769//1500
f 5769//1744 5775//1744 5776//1744 5770//1744
f 5770//1745 5776//1745 5777//1745 5771//1745
f 5771//1503 5777//1503 5778//1503 5772//1503
f 5772//1746 5778//1746 5773//1746 5767//1746
f 5773//1747 5779//1747 5780//1747 5774//1747
f 5774//1500 5780//1500 5781//1500 5775//1500
f 5775//1748 5781//1748 5782//1748 5776//1748
f 5776//1749 5782//1749 5783//1749 5777//1749
f 5777//1503 5783//1503 5784//1503 5778//1503
f 5778//1750 5784//1750 5779//1750 5773//1750
f 5779//1751 5785//1751 5786//1751 5780//1751
f 5780//1500 5786//1500 5787//1500 5781//1500
f 5781//1752 5787//1752 5788//1752 5782//1752
f 5782//1753 5788//1753 5789//1753 5783//1753
f 5783//1503 5789//1503 5790//1503 5784//1503
f 5784//1754 5790//1754 5785//1754 5779//1754
f 5785//1755 5791//1755 5792//1755 5786//1755
f 5786//1500 5792//1500 5793//1500 5787//1500
f 5787//1756 5793//1756 5794//1756 5788//1756
f 5788//1757 5794//1757 5795//1757 5789//1757
f 5789//1503 5795//1503 5796//1503 5790//1503
f 5790//1758 5796//1758 5791//1758 5785//1758
f 5791//1759 5725//1759 5726//1759 5792//1759
f 5792//1500 5726//1500 5727//1500 5793//1500
f 5793//1760 5727//1760 5728//1760 5794//1760
f 5794//1761 5728//1761 5729//1761 5795//1761
f 5795//1503 5729//1503 5730//1503 5796//1503
f 5796//1762 5730//1762 5725//1762 5791//1762
f 5797//1763 5803//1763 5804//1763 5798//1763
f 5798//1764 5804//1764 5805//1764 5799//1764
f 5799//1765 5805//1765 5806//1765 5800//1765
f 5800//1766 5806//1766 5807//1766 5801//1766
f 5801//1767 5807//1767 5808//1767 5802//1767
f 5802//1768 5808//1768 5803//1768 5797//1768
f 5803//1769 5809//1769 5810//1769 5804//1769
f 5804//1770 5810//1770 5811//1770 5805//1770
f 5805//1771 5811//1771 5812//1771 5806//1771
f 5806//1772 5812//1772 5813//1772 5807//1772
f 5807//1773 5813//1773 5814//1773 5808//1773
f 5808//1774 5814//1774 5809//1774 5803//1774
f 5809//1775 5815//1775 5816//1775 5810//1775
f 5810//1776 5816//1776 5817//1776 5811//1776
f 5811//1777 5817//1777 5818//1777 5812//1777
f 5812//1778 5818//1778 5819//1778 5813//1778
f 5813//1779 5819//1779 5820//1779 5814//1779
f 5814//1780 5820//1780 5815//1780 5809//1780
f 5815//1781 5821//1781 5822//1781 5816//1781
f 5816//1782 5822//1782 5823//1782 5817//1782
f 5817//1783 5823//1783 5824//1783 5818//1783
f 5818//1784 5824//1784 5825//1784 5819//1784
f 5819//1785 5825//1785 5826//1785 5820//1785
f 5820//1786 5826//1786 5821//1786 5815//1786
f 5821//1787 5827//1787 5828//1787 5822//1787
f 5822//1788 5828//1788 5829//1788 5823//1788
f 5823//1789 5829//1789 5830//1789 5824//1789
f 5824//1790 5830//1790 5831//1790 5825//1790
f 5825//1791 5831//1791 5832//1791 5826//1791
f 5826//1792 5832//1792 5827//1792 5821//1792
f 5827//1793 5833//1793 5834//1793 5828//1793
f 5828//1794 5834//1794 5835//1794 5829//1794
f 5829//1795 5835//1795 5836//1795 5830//1795
f 5830//1796 5836//1796 5837//1796 5831//1796
f 5831//1797 5837//1797 5838//1797 5832//1797
f 5832//1798 5838//1798 5833//1798 5827//1798
f 5833//1799 5839//1799 5840//1799 5834//1799
f 5834//1800 5840//1800 5841//1800 5835//1800
f 5835//1801 5841//1801 5842//1801 5836//1801
f 5836//1802 5842//1802 5843//1802 5837//1802
f 5837//1803 5843//1803 5844//1803 5838//1803
f 5838//1804 5844//1804 5839//1804 5833//1804
f 5839//1805 5845//1805 5846//1805 5840//1805
f 5840//1806 5846//1806 5847//1806 5841//1806
f 5841//1807 5847//1807 5848//1807 5842//1807
f 5842//1808 5848//1808 5849//1808 5843//1808
f 5843//1809 5849//1809 5850//1809 5844//1809
f 5844//1810 5850//1810 5845//1810 5839//1810
f 5845//1811 5851//1811 5852//1811 5846//1811
f 5846//1812 5852//1812 5853//1812 5847//1812
f 5847//1813 5853//1813 5854//1813 5848//1813
f 5848//1814 5854//1814 5855//1814 5849//1814
f 5849//1815 5855//1815 5856//1815 5850//1815
f 5850//1816 5856//1816 5851//1816 5845//1816
f 5851//1817 5857//1817 5858//1817 5852//1817
f 5852//1818 5858//1818 5859//1818 5853//1818
f 5853//1819 5859//1819 5860//1819 5854//1819
f 5854//1820 5860//1820 5861//1820 5855//1820
f 5855//1821 5861//1821 5862//1821 5856//1821
f 5856//1822 5862//1822 5857//1822 5851//1822
f 5857//1823 5863//1823 5864//1823 5858//1823
f 5858//1824 5864//1824 5865//1824 5859//1824
f 5859//1825 5865//1825 5866//1825 5860//1825
f 5860//1826 5866//1826 5867//1826 5861//1826
f 5861//1827 5867//1827 5868//1827 5862//1827
f 5862//1828 5868//1828 5863//1828 5857//1828
f 5863//1829 5797//1829 5798//1829 5864//1829
f 5864//1830 5798//1830 5799//1830 5865//1830
f 5865//1831 5799//1831 5800//1831 5866//1831
f 5866//1832 5800//1832 5801//1832 5867//1832
f 5867//1833 5801//1833 5802//1833 5868//1833
f 5868//1834 5802//1834 5797//1834 5863//1834
f 5869//1525 5875//1525 5876//1525 5870//1525
f 5870//1500 5876//1500 5877//1500 5871//1500
f 5871//1526 5877//1526 5878//1526 5872//1526
f 5872//1527 5878//1527 5879//1527 5873//1527
f 5873//1503 5879//1503 5880//1503 5874//1503
f 5874//1528 5880//1528 5875//1528 5869//1528
f 5875//1835 5881//1835 5882//1835 5876//1835
f 5876//1500 5882//1500 5883//1500 5877//1500
f 5877//1836 5883//1836 5884//1836 5878//1836
f 5878//1837 5884//1837 5885//1837 5879//1837
f 5879//1503 5885//1503 5886//1503 5880//1503
f 5880//1838 5886//1838 5881//1838 5875//1838
f 5881//1839 5887//1839 5888//1839 5882//1839
f 5882//1500 5888//1500 5889//1500 5883//1500
f 5883//1840 5889//1840 5890//1840 5884//1840
f 5884//1841 5890//1841 5891//1841 5885//1841
f 5885//1503 5891//1503 5892//1503 5886//1503
f 5886//1842 5892//1842 5887//1842 5881//1842
f 5887//1537 5893//1537 5894//1537 5888//1537
f 5888//1500 5894//1500 5895//1500 5889//1500
f 5889//1538 5895//1538 5896//1538 5890//1538
f 5890//1539 5896//1539 5897//1539 5891//1539
f 5891//1503 5897//1503 5898//1503 5892//1503
f 5892//1540 5898//1540 5893//1540 5887//1540
f 5893//1541 5899//1541 5900//1541 5894//1541
f 5894//1500 5900//1500 5901//1500 5895//1500
f 5895//1542 5901//1542 5902//1542 5896//1542
f 5896//1543 5902//1543 5903//1543 5897//1543
f 5897//1503 5903//1503 5904//1503 5898//1503
f 5898//1544 5904//1544 5899//1544 5893//1544
f 5899//1545 5905//1545 5906//1545 5900//1545
f 5900//1500 5906//1500 5907//1500 5901//1500
f 5901//1546 5907//1546 5908//1546 5902//1546
f 5902//1547 5908//1547 5909//1547 5903//1547
f 5903//1503 5909//1503 5910//1503 5904//1503
f 5904//1548 5910//1548 5905//1548 5899//1548
f 5905//1499 5911//1499 5912//1499 5906//1499
f 5906//1500 5912//1500 5913//1500 5907//1500
f 5907//1501 5913//1501 5914//1501 5908//1501
f 5908//1502 5914//1502 5915//1502 5909//1502
f 5909//1503 5915//1503 5916//1503 5910//1503
f 5910//1504 5916//1504 5911//1504 5905//1504
f 5911//1505 5917//1505 5918//1505 5912//1505
f 5912//1500 5918//1500 5919//1500 5913//1500
f 5913//1506 5919//1506 5920//1506 5914//1506
f 5914//1843 5920//1843 5921//1843 5915//1843
f 5915//1503 5921//1503 5922//1503 5916//1503
f 5916//1508 5922//1508 5917//1508 5911//1508
f 5917//1509 5923//1509 5924//1509 5918//1509
f 5918//1500 5924//1500 5925//1500 5919//1500
f 5919//1510 5925//1510 5926//1510 5920//1510
f 5920//1844 5926//1844 5927//1844 5921//1844
f 5921//1503 5927//1503 5928//1503 5922//1503
f 5922//1512 5928//1512 5923//1512 5917//1512
f 5923//1513 5929//1513 5930//1513 5924//1513
f 5924//1500 5930//1500 5931//1500 5925//1500
f 5925//1514 5931//1514 5932//1514 5926//1514
f 5926//1515 5932//1515 5933//1515 5927//1515
f 5927//1503 5933//1503 5934//1503 5928//1503
f 5928//1516 5934//1516 5929//1516 5923//1516
f 5929//1517 5935//1517 5936//1517 5930//1517
f 5930//1500 5936//1500 5937//1500 5931//1500
f 5931//1518 5937//1518 5938//1518 5932//1518
f 5932//1519 5938//1519 5939//1519 5933//1519
f 5933//1503 5939//1503 5940//1503 5934//1503
f 5934//1520 5940//1520 5935//1520 5929//1520
f 5935//1521 5869//1521 5870//1521 5936//1521
f 5936//1500 5870//1500 5871//1500 5937//1500
f 5937//1522 5871//1522 5872//1522 5938//1522
f 5938//1523 5872//1523 5873//1523 5939//1523
f 5939//1503 5873//1503 5874//1503 5940//1503
f 5940//1524 5874//1524 5869//1524 5935//1524
f 5941//1845 5947//1845 5948//1845 5942//1845
f 5942//1846 5948//1846 5949//1846 5943//1846
f 5943//1847 5949//1847 5950//1847 5944//1847
f 5944//1848 5950//1848 5951//1848 5945//1848
f 5945//1849 5951//1849 5952//1849 5946//1849
f 5946//1850 5952//1850 5947//1850 5941//1850
f 5947//1578 5953//1578 5954//1578 5948//1578
f 5948//1577 5954//1577 5955//1577 5949//1577
f 5949//1576 5955//1576 5956//1576 5950//1576
f 5950//1575 5956//1575 5957//1575 5951//1575
f 5951//1574 5957//1574 5958//1574 5952//1574
f 5952//1573 5958//1573 5953//1573 5947//1573
f 5953//1572 5959//1572 5960//1572 5954//1572
f 5954//1571 5960//1571 5961//1571 5955//1571
f 5955//1570 5961//1570 5962//1570 5956//1570
f 5956//1569 5962//1569 5963//1569 5957//1569
f 5957//1568 5963//1568 5964//1568 5958//1568
f 5958//1567 5964//1567 5959//1567 5953//1567
f 5959//1566 5965//1566 5966//1566 5960//1566
f 5960//1565 5966//1565 5967//1565 5961//1565
f 5961//1564 5967//1564 5968//1564 5962//1564
f 5962//1563 5968//1563 5969//1563 5963//1563
f 5963//1562 5969//1562 5970//1562 5964//1562
f 5964//1561 5970//1561 5965//1561 5959//1561
f 5965//1560 5971//1560 5972//1560 5966//1560
f 5966//1559 5972//1559 5973//1559 5967//1559
f 5967//1558 5973//1558 5974//1558 5968//1558
f 5968//1557 5974//1557 5975//1557 5969//1557
f 5969//1556 5975//1556 5976//1556 5970//1556
f 5970//1555 5976//1555 5971//1555 5965//1555
f 5971//1851 5977//1851 5978//1851 5972//1851
f 5972//1852 5978//1852 5979//1852 5973//1852
f 5973//1853 5979//1853 5980//1853 5974//1853
f 5974//1854 5980//1854 5981//1854 5975//1854
f 5975//1855 5981//1855 5982//1855 5976//1855
f 5976//1856 5982//1856 5977//1856 5971//1856
f 5977//1857 5983//1857 5984//1857 5978//1857
f 5978//1858 5984//1858 5985//1858 5979//1858
f 5979//1859 5985//1859 5986//1859 5980//1859
f 5980//1860 5986//1860 5987//1860 5981//1860
f 5981//1861 5987//1861 5988//1861 5982//1861
f 5982//1862 5988//1862 5983//1862 5977//1862
f 5983//1614 5989//1614 5990//1614 5984//1614
f 5984//1613 5990//1613 5991//1613 5985//1613
f 5985//1612 5991//1612 5992//1612 5986//1612
f 5986//1611 5992//1611 5993//1611 5987//1611
f 5987//1610 5993//1610 5994//1610 5988//1610
f 5988//1609 5994//1609 5989//1609 5983//1609
f 5989//1608 5995//1608 5996//1608 5990//1608
f 5990//1607 5996//1607 5997//1607 5991//1607
f 5991//1606 5997//1606 5998//1606 5992//1606
f 5992//1605 5998//1605 5999//1605 5993//1605
f 5993//1604 5999//1604 6000//1604 5994//1604
f 5994//1603 6000//1603 5995//1603 5989//1603
f 5995//1602 6001//1602 6002//1602 5996//1602
f 5996//1601 6002//1601 6003//1601 5997//1601
f 5997//1600 6003//1600 6004//1600 5998//1600
f 5998//1599 6004//1599 6005//1599 5999//1599
f 5999//1598 6005//1598 6006//1598 6000//1598
f 6000//1597 6006//1597 6001//1597 5995//1597
f 6001//1596 6007//1596 6008//1596 6002//1596
f 6002//1595 6008//1595 6009//1595 6003//1595
f 6003//1594 6009//1594 6010//1594 6004//1594
f 6004//1593 6010//1593 6011//1593 6005//1593
f 6005//1592 6011//1592 6012//1592 6006//1592
f 6006//1591 6012//1591 6007//1591 6001//1591
f 6007//1863 5941//1863 5942//1863 6008//1863
f 6008//1864 5942//1864 5943//1864 6009//1864
f 6009//1865 5943//1865 5944//1865 6010//1865
f 6010//1866 5944//1866 5945//1866 6011//1866
f 6011//1867 5945//1867 5946//1867 6012//1867
f 6012//1868 5946//1868 5941//1868 6007//1868
f 6013//1869 6019//1869 6020//1869 6014//1869
f 6014//1500 6020//1500 6021//1500 6015//1500
f 6015//1870 6021//1870 6022//1870 6016//1870
f 6016//1871 6022//1871 6023//1871 6017//1871
f 6017//1503 6023//1503 6024//1503 6018//1503
f 6018//1872 6024//1872 6019//1872 6013//1872
f 6019//1649 6025//1649 6026//1649 6020//1649
f 6020//1500 6026//1500 6027//1500 6021//1500
f 6021//1650 6027//1650 6028//1650 6022//1650
f 6022//1651 6028//1651 6029//1651 6023//1651
f 6023//1503 6029//1503 6030//1503 6024//1503
f 6024//1652 6030//1652 6025//1652 6019//1652
f 6025//1653 6031//1653 6032//1653 6026//1653
f 6026//1500 6032//1500 6033//1500 6027//1500
f 6027//1873 6033//1873 6034//1873 6028//1873
f 6028//1874 6034//1874 6035//1874 6029//1874
f 6029//1503 6035//1503 6036//1503 6030//1503
f 6030//1656 6036//1656 6031//1656 6025//1656
f 6031//1657 6037//1657 6038//1657 6032//1657
f 6032//1500 6038//1500 6039//1500 6033//1500
f 6033//1875 6039//1875 6040//1875 6034//1875
f 6034//1876 6040//1876 6041//1876 6035//1876
f 6035//1503 6041//1503 6042//1503 6036//1503
f 6036//1660 6042//1660 6037//1660 6031//1660
f 6037//1661 6043//1661 6044//1661 6038//1661
f 6038//1500 6044//1500 6045//1500 6039//1500
f 6039//1662 6045//1662 6046//1662 6040//1662
f 6040//1663 6046//1663 6047//1663 6041//1663
f 6041//1503 6047//1503 6048//1503 6042//1503
f 6042//1664 6048//1664 6043//1664 6037//1664
f 6043//1877 6049//1877 6050//1877 6044//1877
f 6044//1500 6050//1500 6051//1500 6045//1500
f 6045//1878 6051//1878 6052//1878 6046//1878
f 6046//1879 6052//1879 6053//1879 6047//1879
f 6047//1503 6053//1503 6054//1503 6048//1503
f 6048//1880 6054//1880 6049//1880 6043//1880
f 6049//1881 6055//1881 6056//1881 6050//1881
f 6050//1500 6056//1500 6057//1500 6051//1500
f 6051//1882 6057//1882 6058//1882 6052//1882
f 6052//1883 6058//1883 6059//1883 6053//1883
f 6053//1503 6059//1503 6060//1503 6054//1503
f 6054//1884 6060//1884 6055//1884 6049//1884
f 6055//1625 6061//1625 6062//1625 6056//1625
f 6056//1500 6062//1500 6063//1500 6057//1500
f 6057//1626 6063//1626 6064//1626 6058//1626
f 6058//1627 6064//1627 6065//1627 6059//1627
f 6059//1503 6065//1503 6066//1503 6060//1503
f 6060//1628 6066//1628 6061//1628 6055//1628
f 6061//1629 6067//1629 6068//1629 6062//1629
f 6062//1500 6068//1500 6069//1500 6063//1500
f 6063//1885 6069//1885 6070//1885 6064//1885
f 6064//1886 6070//1886 6071//1886 6065//1886
f 6065//1503 6071//1503 6072//1503 6066//1503
f 6066//1632 6072//1632 6067//1632 6061//1632
f 6067//1633 6073//1633 6074//1633 6068//1633
f 6068//1500 6074//1500 6075//1500 6069//1500
f 6069//1887 6075//1887 6076//1887 6070//1887
f 6070//1888 6076//1888 6077//1888 6071//1888
f 6071//1503 6077//1503 6078//1503 6072//1503
f 6072//1636 6078//1636 6073//1636 6067//1636
f 6073//1637 6079//1637 6080//1637 6074//1637
f 6074//1500 6080//1500 6081//1500 6075//1500
f 6075//1638 6081//1638 6082//1638 6076//1638
f 6076//1639 6082//1639 6083//1639 6077//1639
f 6077//1503 6083//1503 6084//1503 6078//1503
f 6078//1640 6084//1640 6079//1640 6073//1640
f 6079//1889 6013//1889 6014//1889 6080//1889
f 6080//1500 6014//1500 6015//1500 6081//1500
f 6081//1877 6015//1877 6016//1877 6082//1877
f 6082//1880 6016//1880 6017//1880 6083//1880
f 6083//1503 6017//1503 6018//1503 6084//1503
f 6084//1890 6018//1890 6013//1890 6079//1890
f 6085//1692 6091//1692 6092//1692 6086//1692
f 6086//1671 6092//1671 6093//1671 6087//1671
f 6087//1691 6093//1691 6094//1691 6088//1691
f 6088//1690 6094//1690 6095//1690 6089//1690
f 6089//1668 6095//1668 6096//1668 6090//1668
f 6090//1689 6096//1689 6091//1689 6085//1689
f 6091//1688 6097//1688 6098//1688 6092//1688
f 6092//1671 6098//1671 6099//1671 6093//1671
f 6093//1687 6099//1687 6100//1687 6094//1687
f 6094//1686 6100//1686 6101//1686 6095//1686
f 6095//1668 6101//1668 6102//1668 6096//1668
f 6096//1685 6102//1685 6097//1685 6091//1685
f 6097//1684 6103//1684 6104//1684 6098//1684
f 6098//1671 6104//1671 6105//1671 6099//1671
f 6099//1683 6105//1683 6106//1683 6100//1683
f 6100//1682 6106//1682 6107//1682 6101//1682
f 6101//1668 6107//1668 6108//1668 6102//1668
f 6102//1681 6108//1681 6103//1681 6097//1681
f 6103//1680 6109//1680 6110//1680 6104//1680
f 6104//1671 6110//1671 6111//1671 6105//1671
f 6105//1891 6111//1891 6112//1891 6106//1891
f 6106//1892 6112//1892 6113//1892 6107//1892
f 6107//1668 6113//1668 6114//1668 6108//1668
f 6108//1677 6114//1677 6109//1677 6103//1677
f 6109//1676 6115//1676 6116//1676 6110//1676
f 6110//1671 6116//1671 6117//1671 6111//1671
f 6111//1893 6117//1893 6118//1893 6112//1893
f 6112//1894 6118//1894 6119//1894 6113//1894
f 6113//1668 6119//1668 6120//1668 6114//1668
f 6114//1673 6120//1673 6115//1673 6109//1673
f 6115//1672 6121//1672 6122//1672 6116//1672
f 6116//1671 6122//1671 6123//1671 6117//1671
f 6117//1670 6123//1670 6124//1670 6118//1670
f 6118//1669 6124//1669 6125//1669 6119//1669
f 6119//1668 6125//1668 6126//1668 6120//1668
f 6120//1667 6126//1667 6121//1667 6115//1667
f 6121//1716 6127//1716 6128//1716 6122//1716
f 6122//1671 6128//1671 6129//1671 6123//1671
f 6123//1715 6129//1715 6130//1715 6124//1715
f 6124//1714 6130//1714 6131//1714 6125//1714
f 6125//1668 6131//1668 6132//1668 6126//1668
f 6126//1713 6132//1713 6127//1713 6121//1713
f 6127//1712 6133//1712 6134//1712 6128//1712
f 6128//1671 6134//1671 6135//1671 6129//1671
f 6129//1895 6135//1895 6136//1895 6130//1895
f 6130//1896 6136//1896 6137//1896 6131//1896
f 6131//1668 6137//1668 6138//1668 6132//1668
f 6132//1897 6138//1897 6133//1897 6127//1897
f 6133//1708 6139//1708 6140//1708 6134//1708
f 6134//1671 6140//1671 6141//1671 6135//1671
f 6135//1898 6141//1898 6142//1898 6136//1898
f 6136//1899 6142//1899 6143//1899 6137//1899
f 6137//1668 6143//1668 6144//1668 6138//1668
f 6138//1705 6144//1705 6139//1705 6133//1705
f 6139//1900 6145//1900 6146//1900 6140//1900
f 6140//1671 6146//1671 6147//1671 6141//1671
f 6141//1901 6147//1901 6148//1901 6142//1901
f 6142//1902 6148//1902 6149//1902 6143//1902
f 6143//1668 6149//1668 6150//1668 6144//1668
f 6144//1903 6150//1903 6145//1903 6139//1903
f 6145//1904 6151//1904 6152//1904 6146//1904
f 6146//1671 6152//1671 6153//1671 6147//1671
f 6147//1905 6153//1905 6154//1905 6148//1905
f 6148//1906 6154//1906 6155//1906 6149//1906
f 6149//1668 6155//1668 6156//1668 6150//1668
f 6150//1907 6156//1907 6151//1907 6145//1907
f 6151//1696 6085//1696 6086//1696 6152//1696
f 6152//1671 6086//1671 6087//1671 6153//1671
f 6153//1695 6087//1695 6088//1695 6154//1695
f 6154//1694 6088//1694 6089//1694 6155//1694
f 6155//1668 6089//1668 6090//1668 6156//1668
f 6156//1693 6090//1693 6085//1693 6151//1693
f 6157//1908 6163//1908 6164//1908 6158//1908
f 6158//1500 6164//1500 6165//1500 6159//1500
f 6159//1909 6165//1909 6166//1909 6160//1909
f 6160//1910 6166//1910 6167//1910 6161//1910
f 6161//1503 6167//1503 6168//1503 6162//1503
f 6162//1911 6168//1911 6163//1911 6157//1911
f 6163//1743 6169//1743 6170//1743 6164//1743
f 6164//1500 6170//1500 6171//1500 6165//1500
f 6165//1744 6171//1744 6172//1744 6166//1744
f 6166//1745 6172//1745 6173//1745 6167//1745
f 6167//1503 6173//1503 6174//1503 6168//1503
f 6168//1746 6174//1746 6169//1746 6163//1746
f 6169//1747 6175//1747 6176//1747 6170//1747
f 6170//1500 6176//1500 6177//1500 6171//1500
f 6171//1912 6177//1912 6178//1912 6172//1912
f 6172//1913 6178//1913 6179//1913 6173//1913
f 6173//1503 6179//1503 6180//1503 6174//1503
f 6174//1750 6180//1750 6175//1750 6169//1750
f 6175//1751 6181//1751 6182//1751 6176//1751
f 6176//1500 6182//1500 6183//1500 6177//1500
f 6177//1914 6183//1914 6184//1914 6178//1914
f 6178//1915 6184//1915 6185//1915 6179//1915
f 6179//1503 6185//1503 6186//1503 6180//1503
f 6180//1754 6186//1754 6181//1754 6175//1754
f 6181//1755 6187//1755 6188//1755 6182//1755
f 6182//1500 6188//1500 6189//1500 6183//1500
f 6183//1756 6189//1756 6190//1756 6184//1756
f 6184//1757 6190//1757 6191//1757 6185//1757
f 6185//1503 6191//1503 6192//1503 6186//1503
f 6186//1758 6192//1758 6187//1758 6181//1758
f 6187//1916 6193//1916 6194//1916 6188//1916
f 6188//1500 6194//1500 6195//1500 6189//1500
f 6189//1917 6195//1917 6196//1917 6190//1917
f 6190//1918 6196//1918 6197//1918 6191//1918
f 6191//1503 6197//1503 6198//1503 6192//1503
f 6192//1919 6198//1919 6193//1919 6187//1919
f 6193//1920 6199//1920 6200//1920 6194//1920
f 6194//1500 6200//1500 6201//1500 6195//1500
f 6195//1908 6201//1908 6202//1908 6196//1908
f 6196//1911 6202//1911 6203//1911 6197//1911
f 6197//1503 6203//1503 6204//1503 6198//1503
f 6198//1921 6204//1921 6199//1921 6193//1921
f 6199//1721 6205//1721 6206//1721 6200//1721
f 6200//1500 6206//1500 6207//1500 6201//1500
f 6201//1722 6207//1722 6208//1722 6202//1722
f 6202//1723 6208//1723 6209//1723 6203//1723
f 6203//1503 6209//1503 6210//1503 6204//1503
f 6204//1724 6210//1724 6205//1724 6199//1724
f 6205//1725 6211//1725 6212//1725 6206//1725
f 6206//1500 6212//1500 6213//1500 6207//1500
f 6207//1922 6213//1922 6214//1922 6208//1922
f 6208//1923 6214//1923 6215//1923 6209//1923
f 6209//1503 6215//1503 6216//1503 6210//1503
f 6210//1728 6216//1728 6211//1728 6205//1728
f 6211//1729 6217//1729 6218//1729 6212//1729
f 6212//1500 6218//1500 6219//1500 6213//1500
f 6213//1924 6219//1924 6220//1924 6214//1924
f 6214//1925 6220//1925 6221//1925 6215//1925
f 6215//1503 6221//1503 6222//1503 6216//1503
f 6216//1732 6222//1732 6217//1732 6211//1732
f 6217//1733 6223//1733 6224//1733 6218//1733
f 6218//1500 6224//1500 6225//1500 6219//1500
f 6219//1734 6225//1734 6226//1734 6220//1734
f 6220//1735 6226//1735 6227//1735 6221//1735
f 6221//1503 6227//1503 6228//1503 6222//1503
f 6222//1736 6228//1736 6223//1736 6217//1736
f 6223//1926 6157//1926 6158//1926 6224//1926
f 6224//1500 6158//1500 6159//1500 6225//1500
f 6225//1927 6159//1927 6160//1927 6226//1927
f 6226//1928 6160//1928 6161//1928 6227//1928
f 6227//1503 6161//1503 6162//1503 6228//1503
f 6228//1929 6162//1929 6157//1929 6223//1929
f 6229//1930 6235//1930 6236//1930 6230//1930
f 6230//1931 6236//1931 6237//1931 6231//1931
f 6231//1932 6237//1932 6238//1932 6232//1932
f 6232//1933 6238//1933 6239//1933 6233//1933
f 6233//1934 6239//1934 6240//1934 6234//1934
f 6234//1935 6240//1935 6235//1935 6229//1935
f 6235//1792 6241//1792 6242//1792 6236//1792
f 6236//1791 6242//1791 6243//1791 6237//1791
f 6237//1790 6243//1790 6244//1790 6238//1790
f 6238//1789 6244//1789 6245//1789 6239//1789
f 6239//1788 6245//1788 6246//1788 6240//1788
f 6240//1787 6246//1787 6241//1787 6235//1787
f 6241//1786 6247//1786 6248//1786 6242//1786
f 6242//1785 6248//1785 6249//1785 6243//1785
f 6243//1784 6249//1784 6250//1784 6244//1784
f 6244//1783 6250//1783 6251//1783 6245//1783
f 6245//1782 6251//1782 6252//1782 6246//1782
f 6246//1781 6252//1781 6247//1781 6241//1781
f 6247//1780 6253//1780 6254//1780 6248//1780
f 6248//1779 6254//1779 6255//1779 6249//1779
f 6249//1778 6255//1778 6256//1778 6250//1778
f 6250//1777 6256//1777 6257//1777 6251//1777
f 6251//1776 6257//1776 6258//1776 6252//1776
f 6252//1775 6258//1775 6253//1775 6247//1775
f 6253//1774 6259//1774 6260//1774 6254//1774
f 6254//1773 6260//1773 6261//1773 6255//1773
f 6255//1772 6261//1772 6262//1772 6256//1772
f 6256//1771 6262//1771 6263//1771 6257//1771
f 6257//1770 6263//1770 6264//1770 6258//1770
f 6258//1769 6264//1769 6259//1769 6253//1769
f 6259//1936 6265//1936 6266//1936 6260//1936
f 6260//1937 6266//1937 6267//1937 6261//1937
f 6261//1938 6267//1938 6268//1938 6262//1938
f 6262//1939 6268//1939 6269//1939 6263//1939
f 6263//1940 6269//1940 6270//1940 6264//1940
f 6264//1941 6270//1941 6265//1941 6259//1941
f 6265//1942 6271//1942 6272//1942 6266//1942
f 6266//1943 6272//1943 6273//1943 6267//1943
f 6267//1944 6273//1944 6274//1944 6268//1944
f 6268//1945 6274//1945 6275//1945 6269//1945
f 6269//1946 6275//1946 6276//1946 6270//1946
f 6270//1947 6276//1947 6271//1947 6265//1947
f 6271//1828 6277//1828 6278//1828 6272//1828
f 6272//1827 6278//1827 6279//1827 6273//1827
f 6273//1826 6279//1826 6280//1826 6274//1826
f 6274//1825 6280//1825 6281//1825 6275//1825
f 6275//1824 6281//1824 6282//1824 6276//1824
f 6276//1823 6282//1823 6277//1823 6271//1823
f 6277//1822 6283//1822 6284//1822 6278//1822
f 6278//1821 6284//1821 6285//1821 6279//1821
f 6279//1820 6285//1820 6286//1820 6280//1820
f 6280//1819 6286//1819 6287//1819 6281//1819
f 6281//1818 6287//1818 6288//1818 6282//1818
f 6282//1817 6288//1817 6283//1817 6277//1817
f 6283//1816 6289//1816 6290//1816 6284//1816
f 6284//1815 6290//1815 6291//1815 6285//1815
f 6285//1814 6291//1814 6292//1814 6286//1814
f 6286//1813 6292//1813 6293//1813 6287//1813
f 6287//1812 6293//1812 6294//1812 6288//1812
f 6288//1811 6294//1811 6289//1811 6283//1811
f 6289//1810 6295//1810 6296//1810 6290//1810
f 6290//1809 6296//1809 6297//1809 6291//1809
f 6291//1808 6297//1808 6298//1808 6292//1808
f 6292//1807 6298//1807 6299//1807 6293//1807
f 6293//1806 6299//1806 6300//1806 6294//1806
f 6294//1805 6300//1805 6295//1805 6289//1805
f 6295//1948 6229//1948 6230//1948 6296//1948
f 6296//1949 6230//1949 6231//1949 6297//1949
f 6297//1950 6231//1950 6232//1950 6298//1950
f 6298//1951 6232//1951 6233//1951 6299//1951
f 6299//1952 6233//1952 6234//1952 6300//1952
f 6300//1953 6234//1953 6229//1953 6295//1953
o hell_rifle.009
v 0.112089 0.094403 0.323543
v 0.100214 0.094403 0.311388
v 0.076463 0.094403 0.311388
v 0.064588 0.094403 0.323543
v 0.076463 0.094403 0.335697
v 0.100214 0.094403 0.335697
v 0.099376 0.122345 0.323543
v 0.089037 0.118853 0.311388
v 0.068500 0.111867 0.311388
v 0.058161 0.108374 0.323543
v 0.068500 0.111867 0.335697
v 0.089037 0.118853 0.335697
v 0.064588 0.142743 0.323543
v 0.058720 0.136736 0.311388
v 0.046845 0.124721 0.311388
v 0.040837 0.118573 0.323543
v 0.046705 0.124721 0.335697
v 0.058720 0.136736 0.335697
v 0.017086 0.150288 0.323543
v 0.017086 0.143302 0.311388
v 0.017086 0.129331 0.311388
v 0.017086 0.122345 0.323543
v 0.017086 0.129331 0.335697
v 0.017086 0.143302 0.335697
v -0.030416 0.142743 0.323543
v -0.024408 0.136736 0.311388
v -0.012533 0.124721 0.311388
v -0.006665 0.118573 0.323543
v -0.012533 0.124721 0.335697
v -0.024408 0.136736 0.335697
v -0.065203 0.122345 0.323543
v -0.054865 0.118853 0.311388
v -0.034327 0.111867 0.311388
v -0.023989 0.108374 0.323543
v -0.034327 0.111867 0.335697
v -0.054865 0.118853 0.335697
v -0.077917 0.094403 0.323543
v -0.066042 0.094403 0.311388
v -0.042291 0.094403 0.311388
v -0.030415 0.094403 0.323543
v -0.042291 0.094403 0.335697
v -0.066042 0.094403 0.335697
v -0.065203 0.066461 0.323543
v -0.054865 0.069954 0.311388
v -0.034327 0.076940 0.311388
v -0.023989 0.080432 0.323543
v -0.034327 0.076940 0.335697
v -0.054865 0.069954 0.335697
v -0.030415 0.046063 0.323543
v -0.024548 0.052071 0.311388
v -0.012672 0.064086 0.311388
v -0.006665 0.070233 0.323543
v -0.012672 0.064086 0.335697
v -0.024548 0.052071 0.335697
v 0.017086 0.038519 0.323543
v 0.017086 0.045505 0.311388
v 0.017086 0.059476 0.311388
v 0.017086 0.066461 0.323543
v 0.017086 0.059476 0.335697
v 0.017086 0.045505 0.335697
v 0.064588 0.046063 0.323543
v 0.058720 0.052071 0.311388
v 0.046845 0.064086 0.311388
v 0.040837 0.070233 0.323543
v 0.046705 0.064086 0.335697
v 0.058720 0.052071 0.335697
v 0.099376 0.066461 0.323543
v 0.089037 0.069954 0.311388
v 0.068500 0.076940 0.311388
v 0.058161 0.080432 0.323543
v 0.068500 0.076940 0.335697
v 0.089037 0.069954 0.335697
v 0.169231 0.028180 0.323543
v 0.165040 0.044666 0.323543
v 0.144363 0.056542 0.323543
v 0.128016 0.051931 0.323543
v 0.132348 0.035585 0.323543
v 0.152885 0.023710 0.323543
v 0.158194 0.034607 0.295600
v 0.155400 0.050115 0.299093
v 0.137517 0.060454 0.306079
v 0.122568 0.055145 0.309572
v 0.125362 0.039497 0.306079
v 0.143245 0.029158 0.299093
v 0.128016 0.051931 0.275203
v 0.128994 0.065344 0.281210
v 0.118656 0.071351 0.293225
v 0.107479 0.063807 0.299373
v 0.106641 0.050394 0.293225
v 0.116840 0.044387 0.281210
v 0.086942 0.075682 0.267658
v 0.092949 0.086160 0.274644
v 0.092949 0.086160 0.288615
v 0.086942 0.075682 0.295600
v 0.080934 0.065204 0.288615
v 0.080934 0.065204 0.274644
v 0.045867 0.099433 0.275203
v 0.057043 0.106977 0.281210
v 0.067242 0.100970 0.293225
v 0.066404 0.087558 0.299373
v 0.055227 0.080013 0.293225
v 0.044889 0.086021 0.281210
v 0.015689 0.116757 0.295600
v 0.030638 0.122206 0.299093
v 0.048521 0.111867 0.306079
v 0.051315 0.096220 0.309572
v 0.036366 0.090911 0.306079
v 0.018483 0.101249 0.299093
v 0.004652 0.123184 0.323543
v 0.020998 0.127794 0.323543
v 0.041536 0.115919 0.323543
v 0.045867 0.099433 0.323543
v 0.029520 0.094962 0.323543
v 0.008843 0.106838 0.323543
v 0.015689 0.116757 0.351485
v 0.030638 0.122206 0.347992
v 0.048521 0.111867 0.341006
v 0.051315 0.096220 0.337514
v 0.036366 0.090911 0.341006
v 0.018483 0.101249 0.347992
v 0.045867 0.099433 0.371882
v 0.057043 0.106977 0.365875
v 0.067242 0.100970 0.353860
v 0.066404 0.087558 0.347713
v 0.055227 0.080013 0.353860
v 0.044889 0.086021 0.365875
v 0.086942 0.075682 0.379427
v 0.092949 0.086160 0.372441
v 0.092949 0.086160 0.358470
v 0.086942 0.075682 0.351485
v 0.080934 0.065204 0.358470
v 0.080934 0.065204 0.372441
v 0.128017 0.051931 0.371882
v 0.128994 0.065344 0.365875
v 0.118656 0.071351 0.353860
v 0.107479 0.063807 0.347713
v 0.106641 0.050394 0.353860
v 0.116840 0.044387 0.365875
v 0.158194 0.034607 0.351485
v 0.155400 0.050115 0.347992
v 0.137517 0.060454 0.341006
v 0.122568 0.055145 0.337514
v 0.125362 0.039497 0.341006
v 0.143245 0.029158 0.347992
v 0.185577 -0.057742 0.323543
v 0.179709 -0.047403 0.311388
v 0.167834 -0.026866 0.311388
v 0.161826 -0.016527 0.323543
v 0.167834 -0.026866 0.335697
v 0.179709 -0.047403 0.335697
v 0.203460 -0.032733 0.323543
v 0.195217 -0.025608 0.311388
v 0.178871 -0.011218 0.311388
v 0.170768 -0.004093 0.323543
v 0.178871 -0.011218 0.335697
v 0.195217 -0.025608 0.335697
v 0.203740 0.007643 0.323543
v 0.195497 0.009739 0.311388
v 0.179151 0.013930 0.311388
v 0.170908 0.016026 0.323543
v 0.179151 0.013930 0.335697
v 0.195497 0.009739 0.335697
v 0.186416 0.052490 0.323543
v 0.180408 0.048997 0.311388
v 0.168393 0.042012 0.311388
v 0.162246 0.038519 0.323543
v 0.168393 0.042012 0.335697
v 0.180408 0.048997 0.335697
v 0.156238 0.089933 0.323543
v 0.154003 0.081690 0.311388
v 0.149392 0.065344 0.311388
v 0.147157 0.057240 0.323543
v 0.149392 0.065344 0.335697
v 0.154003 0.081690 0.335697
v 0.121171 0.109772 0.323543
v 0.123266 0.099154 0.311388
v 0.127458 0.077778 0.311388
v 0.129553 0.067160 0.323543
v 0.127458 0.077778 0.335697
v 0.123266 0.099154 0.335697
v 0.090574 0.106838 0.323543
v 0.096582 0.096499 0.311388
v 0.108457 0.075962 0.311388
v 0.114325 0.065623 0.323543
v 0.108457 0.075962 0.335697
v 0.096582 0.096499 0.335697
v 0.072691 0.081829 0.323543
v 0.080934 0.074704 0.311388
v 0.097280 0.060314 0.311388
v 0.105383 0.053189 0.323543
v 0.097280 0.060314 0.335697
v 0.080934 0.074704 0.335697
v 0.072412 0.041453 0.323543
v 0.080655 0.039357 0.311388
v 0.097001 0.035166 0.311388
v 0.105244 0.033070 0.323543
v 0.097001 0.035166 0.335697
v 0.080655 0.039357 0.335697
v 0.089736 -0.003394 0.323543
v 0.095743 0.000099 0.311388
v 0.107898 0.007084 0.311388
v 0.113906 0.010577 0.323543
v 0.107898 0.007084 0.335697
v 0.095743 0.000099 0.335697
v 0.119913 -0.040837 0.323543
v 0.122149 -0.032594 0.311388
v 0.126759 -0.016248 0.311388
v 0.128994 -0.008144 0.323543
v 0.126759 -0.016248 0.335697
v 0.122149 -0.032594 0.335697
v 0.154981 -0.060676 0.323543
v 0.152885 -0.050058 0.311388
v 0.148694 -0.028682 0.311388
v 0.146598 -0.018064 0.323543
v 0.148694 -0.028682 0.335697
v 0.152885 -0.050058 0.335697
v 0.156797 -0.140311 0.323543
v 0.168952 -0.128435 0.323543
v 0.168952 -0.104684 0.323543
v 0.156797 -0.092809 0.323543
v 0.144642 -0.104684 0.323543
v 0.144642 -0.128435 0.323543
v 0.156797 -0.127597 0.295600
v 0.168952 -0.117258 0.299093
v 0.168952 -0.096721 0.306079
v 0.156797 -0.086382 0.309572
v 0.144642 -0.096721 0.306079
v 0.144642 -0.117258 0.299093
v 0.156797 -0.092809 0.275203
v 0.168952 -0.086941 0.281210
v 0.168952 -0.074926 0.293225
v 0.156797 -0.069058 0.299373
v 0.144642 -0.074926 0.293225
v 0.144642 -0.086941 0.281210
v 0.156797 -0.045307 0.267658
v 0.168952 -0.045307 0.274644
v 0.168952 -0.045307 0.288615
v 0.156797 -0.045307 0.295600
v 0.144642 -0.045307 0.288615
v 0.144642 -0.045307 0.274644
v 0.156797 0.002194 0.275203
v 0.168952 -0.003813 0.281210
v 0.168952 -0.015689 0.293225
v 0.156797 -0.021557 0.299373
v 0.144642 -0.015689 0.293225
v 0.144642 -0.003813 0.281210
v 0.156797 0.036982 0.295600
v 0.168952 0.026644 0.299093
v 0.168952 0.006106 0.306079
v 0.156797 -0.004232 0.309572
v 0.144642 0.006106 0.306079
v 0.144642 0.026644 0.299093
v 0.156797 0.049696 0.323543
v 0.168952 0.037821 0.323543
v 0.168952 0.014070 0.323543
v 0.156797 0.002194 0.323543
v 0.144642 0.014070 0.323543
v 0.144642 0.037821 0.323543
v 0.156797 0.036982 0.351485
v 0.168952 0.026644 0.347992
v 0.168952 0.006106 0.341006
v 0.156797 -0.004232 0.337514
v 0.144642 0.006106 0.341006
v 0.144642 0.026644 0.347992
v 0.156797 0.002194 0.371882
v 0.168952 -0.003674 0.365875
v 0.168952 -0.015549 0.353860
v 0.156797 -0.021557 0.347713
v 0.144642 -0.015549 0.353860
v 0.144642 -0.003674 0.365875
v 0.156797 -0.045307 0.379427
v 0.168952 -0.045307 0.372441
v 0.168952 -0.045307 0.358470
v 0.156797 -0.045307 0.351485
v 0.144642 -0.045307 0.358470
v 0.144642 -0.045307 0.372441
v 0.156797 -0.092809 0.371882
v 0.168952 -0.086941 0.365875
v 0.168952 -0.074926 0.353860
v 0.156797 -0.069058 0.347713
v 0.144642 -0.074926 0.353860
v 0.144642 -0.086941 0.365875
v 0.156797 -0.127597 0.351485
v 0.168952 -0.117258 0.347992
v 0.168952 -0.096721 0.341006
v 0.156797 -0.086382 0.337514
v 0.144642 -0.096721 0.341006
v 0.144642 -0.117258 0.347992
v 0.090574 -0.197452 0.323543
v 0.096582 -0.187114 0.311388
v 0.108457 -0.166576 0.311388
v 0.114325 -0.156238 0.323543
v 0.108457 -0.166576 0.335697
v 0.096582 -0.187114 0.335697
v 0.121171 -0.200386 0.323543
v 0.123266 -0.189768 0.311388
v 0.127458 -0.168393 0.311388
v 0.129553 -0.157775 0.323543
v 0.127458 -0.168393 0.335697
v 0.123266 -0.189768 0.335697
v 0.156238 -0.180547 0.323543
v 0.154003 -0.172304 0.311388
v 0.149392 -0.155958 0.311388
v 0.147157 -0.147855 0.323543
v 0.149392 -0.155958 0.335697
v 0.154003 -0.172304 0.335697
v 0.186416 -0.143105 0.323543
v 0.180408 -0.139612 0.311388
v 0.168393 -0.132627 0.311388
v 0.162246 -0.129134 0.323543
v 0.168393 -0.132627 0.335697
v 0.180408 -0.139612 0.335697
v 0.203740 -0.098258 0.323543
v 0.195497 -0.100353 0.311388
v 0.179151 -0.104545 0.311388
v 0.170908 -0.106640 0.323543
v 0.179151 -0.104545 0.335697
v 0.195497 -0.100353 0.335697
v 0.203460 -0.057881 0.323543
v 0.195217 -0.065007 0.311388
v 0.178871 -0.079397 0.311388
v 0.170768 -0.086522 0.323543
v 0.178871 -0.079397 0.335697
v 0.195217 -0.065007 0.335697
v 0.185577 -0.032873 0.323543
v 0.179709 -0.043212 0.311388
v 0.167834 -0.063749 0.311388
v 0.161826 -0.074088 0.323543
v 0.167834 -0.063749 0.335697
v 0.179709 -0.043212 0.335697
v 0.154981 -0.029939 0.323543
v 0.152885 -0.040557 0.311388
v 0.148694 -0.061933 0.311388
v 0.146598 -0.072551 0.323543
v 0.148694 -0.061933 0.335697
v 0.152885 -0.040557 0.335697
v 0.119913 -0.049778 0.323543
v 0.122149 -0.058021 0.311388
v 0.126759 -0.074367 0.311388
v 0.128994 -0.082470 0.323543
v 0.126759 -0.074367 0.335697
v 0.122149 -0.058021 0.335697
v 0.089736 -0.087221 0.323543
v 0.095743 -0.090713 0.311388
v 0.107898 -0.097699 0.311388
v 0.113906 -0.101192 0.323543
v 0.107898 -0.097699 0.335697
v 0.095743 -0.090713 0.335697
v 0.072412 -0.132068 0.323543
v 0.080655 -0.129972 0.311388
v 0.097001 -0.125781 0.311388
v 0.105244 -0.123685 0.323543
v 0.097001 -0.125781 0.335697
v 0.080655 -0.129972 0.335697
v 0.072691 -0.172444 0.323543
v 0.080934 -0.165319 0.311388
v 0.097280 -0.150929 0.311388
v 0.105383 -0.143803 0.323543
v 0.097280 -0.150929 0.335697
v 0.080934 -0.165319 0.335697
v 0.004652 -0.213799 0.323543
v 0.020998 -0.218409 0.323543
v 0.041536 -0.206534 0.323543
v 0.045867 -0.190048 0.323543
v 0.029520 -0.185577 0.323543
v 0.008843 -0.197452 0.323543
v 0.015689 -0.207372 0.295600
v 0.030638 -0.212821 0.299093
v 0.048521 -0.202482 0.306079
v 0.051315 -0.186834 0.309572
v 0.036366 -0.181525 0.306079
v 0.018483 -0.191864 0.299093
v 0.045867 -0.190048 0.275203
v 0.057043 -0.197592 0.281210
v 0.067242 -0.191585 0.293225
v 0.066404 -0.178172 0.299373
v 0.055227 -0.170628 0.293225
v 0.044889 -0.176635 0.281210
v 0.086942 -0.166297 0.267658
v 0.092949 -0.176775 0.274644
v 0.092949 -0.176775 0.288615
v 0.086942 -0.166297 0.295600
v 0.080934 -0.155819 0.288615
v 0.080934 -0.155819 0.274644
v 0.128017 -0.142546 0.275203
v 0.128994 -0.155958 0.281210
v 0.118656 -0.161966 0.293225
v 0.107479 -0.154421 0.299373
v 0.106641 -0.141009 0.293225
v 0.116840 -0.135002 0.281210
v 0.158194 -0.125222 0.295600
v 0.155400 -0.140730 0.299093
v 0.137517 -0.151068 0.306079
v 0.122568 -0.145759 0.309572
v 0.125362 -0.130112 0.306079
v 0.143245 -0.119773 0.299093
v 0.169231 -0.118795 0.323543
v 0.165040 -0.135281 0.323543
v 0.144363 -0.147157 0.323543
v 0.128017 -0.142546 0.323543
v 0.132348 -0.126200 0.323543
v 0.152885 -0.114324 0.323543
v 0.158194 -0.125222 0.351485
v 0.155400 -0.140730 0.347992
v 0.137517 -0.151068 0.341006
v 0.122568 -0.145759 0.337514
v 0.125362 -0.130112 0.341006
v 0.143245 -0.119773 0.347992
v 0.128017 -0.142546 0.371882
v 0.128994 -0.155958 0.365875
v 0.118656 -0.161966 0.353860
v 0.107479 -0.154421 0.347713
v 0.106641 -0.141009 0.353860
v 0.116840 -0.135002 0.365875
v 0.086942 -0.166297 0.379427
v 0.092949 -0.176775 0.372441
v 0.092949 -0.176775 0.358470
v 0.086942 -0.166297 0.351485
v 0.080934 -0.155819 0.358470
v 0.080934 -0.155819 0.372441
v 0.045867 -0.190048 0.371882
v 0.057043 -0.197592 0.365875
v 0.067242 -0.191585 0.353860
v 0.066404 -0.178172 0.347713
v 0.055227 -0.170628 0.353860
v 0.044889 -0.176635 0.365875
v 0.015689 -0.207372 0.351485
v 0.030638 -0.212821 0.347992
v 0.048521 -0.202482 0.341006
v 0.051315 -0.186834 0.337514
v 0.036366 -0.181525 0.341006
v 0.018483 -0.191864 0.347992
v -0.077917 -0.185018 0.323543
v -0.066042 -0.185018 0.311388
v -0.042291 -0.185018 0.311388
v -0.030415 -0.185018 0.323543
v -0.042291 -0.185018 0.335697
v -0.066042 -0.185018 0.335697
v -0.065203 -0.212960 0.323543
v -0.054865 -0.209468 0.311388
v -0.034327 -0.202482 0.311388
v -0.023989 -0.198989 0.323543
v -0.034327 -0.202482 0.335697
v -0.054865 -0.209468 0.335697
v -0.030415 -0.233358 0.323543
v -0.024408 -0.227350 0.311388
v -0.012533 -0.215335 0.311388
v -0.006665 -0.209188 0.323543
v -0.012533 -0.215335 0.335697
v -0.024408 -0.227350 0.335697
v 0.017086 -0.240902 0.323543
v 0.017086 -0.233917 0.311388
v 0.017086 -0.219946 0.311388
v 0.017086 -0.212960 0.323543
v 0.017086 -0.219946 0.335697
v 0.017086 -0.233917 0.335697
v 0.064588 -0.233358 0.323543
v 0.058720 -0.227350 0.311388
v 0.046845 -0.215335 0.311388
v 0.040837 -0.209188 0.323543
v 0.046705 -0.215335 0.335697
v 0.058720 -0.227350 0.335697
v 0.099376 -0.212960 0.323543
v 0.089037 -0.209468 0.311388
v 0.068500 -0.202482 0.311388
v 0.058161 -0.198989 0.323543
v 0.068500 -0.202482 0.335697
v 0.089037 -0.209468 0.335697
v 0.112089 -0.185018 0.323543
v 0.100214 -0.185018 0.311388
v 0.076463 -0.185018 0.311388
v 0.064588 -0.185018 0.323543
v 0.076463 -0.185018 0.335697
v 0.100214 -0.185018 0.335697
v 0.099376 -0.157076 0.323543
v 0.089037 -0.160569 0.311388
v 0.068500 -0.167554 0.311388
v 0.058161 -0.171047 0.323543
v 0.068500 -0.167554 0.335697
v 0.089037 -0.160569 0.335697
v 0.064588 -0.136678 0.323543
v 0.058720 -0.142686 0.311388
v 0.046845 -0.154701 0.311388
v 0.040837 -0.160848 0.323543
v 0.046845 -0.154701 0.335697
v 0.058720 -0.142686 0.335697
v 0.017086 -0.129134 0.323543
v 0.017086 -0.136119 0.311388
v 0.017086 -0.150090 0.311388
v 0.017086 -0.157076 0.323543
v 0.017086 -0.150090 0.335697
v 0.017086 -0.136119 0.335697
v -0.030415 -0.136678 0.323543
v -0.024408 -0.142686 0.311388
v -0.012533 -0.154701 0.311388
v -0.006665 -0.160848 0.323543
v -0.012533 -0.154701 0.335697
v -0.024408 -0.142686 0.335697
v -0.065203 -0.157076 0.323543
v -0.054865 -0.160569 0.311388
v -0.034327 -0.167554 0.311388
v -0.023989 -0.171047 0.323543
v -0.034327 -0.167554 0.335697
v -0.054865 -0.160569 0.335697
v -0.135059 -0.118795 0.323543
v -0.130867 -0.135281 0.323543
v -0.110190 -0.147157 0.323543
v -0.093844 -0.142546 0.323543
v -0.098175 -0.126200 0.323543
v -0.118713 -0.114325 0.323543
v -0.124022 -0.125222 0.295600
v -0.121227 -0.140730 0.299093
v -0.103344 -0.151068 0.306079
v -0.088395 -0.145759 0.309572
v -0.091190 -0.130112 0.306079
v -0.109073 -0.119773 0.299093
v -0.093844 -0.142546 0.275203
v -0.094822 -0.155958 0.281210
v -0.084484 -0.161966 0.293225
v -0.073307 -0.154421 0.299373
v -0.072468 -0.141009 0.293225
v -0.082667 -0.135002 0.281210
v -0.052769 -0.166297 0.267658
v -0.058777 -0.176775 0.274644
v -0.058777 -0.176775 0.288615
v -0.052769 -0.166297 0.295600
v -0.046762 -0.155819 0.288615
v -0.046762 -0.155819 0.274644
v -0.011694 -0.190048 0.275203
v -0.022871 -0.197592 0.281210
v -0.033070 -0.191585 0.293225
v -0.032232 -0.178172 0.299373
v -0.021055 -0.170628 0.293225
v -0.010716 -0.176635 0.281210
v 0.018483 -0.207372 0.295600
v 0.003534 -0.212821 0.299093
v -0.014349 -0.202482 0.306079
v -0.017143 -0.186834 0.309572
v -0.002194 -0.181525 0.306079
v 0.015689 -0.191864 0.299093
v 0.029520 -0.213799 0.323543
v 0.013174 -0.218409 0.323543
v -0.007363 -0.206534 0.323543
v -0.011694 -0.190048 0.323543
v 0.004652 -0.185577 0.323543
v 0.025329 -0.197452 0.323543
v 0.018483 -0.207372 0.351485
v 0.003534 -0.212821 0.347992
v -0.014349 -0.202482 0.341006
v -0.017143 -0.186834 0.337514
v -0.002194 -0.181525 0.341006
v 0.015689 -0.191864 0.347992
v -0.011694 -0.190048 0.371882
v -0.022871 -0.197592 0.365875
v -0.033070 -0.191585 0.353860
v -0.032232 -0.178172 0.347713
v -0.021055 -0.170628 0.353860
v -0.010716 -0.176635 0.365875
v -0.052769 -0.166297 0.379427
v -0.058777 -0.176775 0.372441
v -0.058777 -0.176775 0.358470
v -0.052769 -0.166297 0.351485
v -0.046762 -0.155819 0.358470
v -0.046762 -0.155819 0.372441
v -0.093844 -0.142546 0.371882
v -0.094822 -0.155958 0.365875
v -0.084484 -0.161966 0.353860
v -0.073307 -0.154421 0.347713
v -0.072468 -0.141009 0.353860
v -0.082667 -0.135002 0.365875
v -0.124022 -0.125222 0.351485
v -0.121227 -0.140730 0.347992
v -0.103344 -0.151068 0.341006
v -0.088395 -0.145759 0.337514
v -0.091190 -0.130112 0.341006
v -0.109073 -0.119773 0.347992
v -0.151405 -0.032873 0.323543
v -0.145537 -0.043212 0.311388
v -0.133662 -0.063749 0.311388
v -0.127654 -0.074088 0.323543
v -0.133662 -0.063749 0.335697
v -0.145537 -0.043212 0.335697
v -0.169288 -0.057881 0.323543
v -0.161045 -0.065007 0.311388
v -0.144699 -0.079397 0.311388
v -0.136596 -0.086522 0.323543
v -0.144699 -0.079397 0.335697
v -0.161045 -0.065007 0.335697
v -0.169567 -0.098258 0.323543
v -0.161324 -0.100353 0.311388
v -0.144978 -0.104545 0.311388
v -0.136735 -0.106640 0.323543
v -0.144978 -0.104545 0.335697
v -0.161324 -0.100353 0.335697
v -0.152243 -0.143105 0.323543
v -0.146236 -0.139612 0.311388
v -0.134221 -0.132627 0.311388
v -0.128073 -0.129134 0.323543
v -0.134221 -0.132627 0.335697
v -0.146236 -0.139612 0.335697
v -0.122066 -0.180547 0.323543
v -0.119830 -0.172304 0.311388
v -0.115220 -0.155958 0.311388
v -0.112985 -0.147855 0.323543
v -0.115220 -0.155958 0.335697
v -0.119830 -0.172304 0.335697
v -0.086998 -0.200386 0.323543
v -0.089094 -0.189768 0.311388
v -0.093285 -0.168393 0.311388
v -0.095381 -0.157775 0.323543
v -0.093285 -0.168393 0.335697
v -0.089094 -0.189768 0.335697
v -0.056402 -0.197452 0.323543
v -0.062409 -0.187114 0.311388
v -0.074285 -0.166576 0.311388
v -0.080152 -0.156238 0.323543
v -0.074285 -0.166576 0.335697
v -0.062409 -0.187114 0.335697
v -0.038519 -0.172444 0.323543
v -0.046762 -0.165319 0.311388
v -0.063108 -0.150929 0.311388
v -0.071211 -0.143803 0.323543
v -0.063108 -0.150929 0.335697
v -0.046762 -0.165319 0.335697
v -0.038239 -0.132068 0.323543
v -0.046482 -0.129972 0.311388
v -0.062828 -0.125781 0.311388
v -0.071071 -0.123685 0.323543
v -0.062828 -0.125781 0.335697
v -0.046482 -0.129972 0.335697
v -0.055563 -0.087221 0.323543
v -0.061571 -0.090713 0.311388
v -0.073726 -0.097699 0.311388
v -0.079733 -0.101192 0.323543
v -0.073726 -0.097699 0.335697
v -0.061571 -0.090713 0.335697
v -0.085741 -0.049778 0.323543
v -0.087976 -0.058021 0.311388
v -0.092587 -0.074367 0.311388
v -0.094822 -0.082470 0.323543
v -0.092587 -0.074367 0.335697
v -0.087976 -0.058021 0.335697
v -0.120808 -0.029939 0.323543
v -0.118713 -0.040557 0.311388
v -0.114521 -0.061933 0.311388
v -0.112426 -0.072551 0.323543
v -0.114521 -0.061933 0.335697
v -0.118713 -0.040557 0.335697
v -0.122625 0.049696 0.323543
v -0.134779 0.037820 0.323543
v -0.134779 0.014070 0.323543
v -0.122625 0.002194 0.323543
v -0.110470 0.014070 0.323543
v -0.110470 0.037820 0.323543
v -0.122625 0.036982 0.295600
v -0.134779 0.026644 0.299093
v -0.134779 0.006106 0.306079
v -0.122625 -0.004232 0.309572
v -0.110470 0.006106 0.306079
v -0.110470 0.026644 0.299093
v -0.122625 0.002194 0.275203
v -0.134779 -0.003813 0.281210
v -0.134779 -0.015689 0.293225
v -0.122625 -0.021557 0.299373
v -0.110470 -0.015689 0.293225
v -0.110470 -0.003813 0.281210
v -0.122625 -0.045307 0.267658
v -0.134779 -0.045307 0.274644
v -0.134779 -0.045307 0.288615
v -0.122625 -0.045307 0.295600
v -0.110470 -0.045307 0.288615
v -0.110470 -0.045307 0.274644
v -0.122625 -0.092809 0.275203
v -0.134779 -0.086941 0.281210
v -0.134779 -0.075066 0.293225
v -0.122625 -0.069058 0.299373
v -0.110470 -0.075066 0.293225
v -0.110470 -0.086941 0.281210
v -0.122625 -0.127597 0.295600
v -0.134779 -0.117258 0.299093
v -0.134779 -0.096721 0.306079
v -0.122625 -0.086382 0.309572
v -0.110470 -0.096721 0.306079
v -0.110470 -0.117258 0.299093
v -0.122625 -0.140311 0.323543
v -0.134779 -0.128435 0.323543
v -0.134779 -0.104684 0.323543
v -0.122625 -0.092809 0.323543
v -0.110470 -0.104684 0.323543
v -0.110470 -0.128435 0.323543
v -0.122625 -0.127597 0.351485
v -0.134779 -0.117258 0.347992
v -0.134779 -0.096721 0.341006
v -0.122625 -0.086382 0.337514
v -0.110470 -0.096721 0.341006
v -0.110470 -0.117258 0.347992
v -0.122625 -0.092809 0.371882
v -0.134779 -0.086941 0.365875
v -0.134779 -0.075066 0.353860
v -0.122625 -0.069058 0.347713
v -0.110470 -0.075066 0.353860
v -0.110470 -0.086941 0.365875
v -0.122625 -0.045307 0.379427
v -0.134779 -0.045307 0.372441
v -0.134779 -0.045307 0.358470
v -0.122625 -0.045307 0.351485
v -0.110470 -0.045307 0.358470
v -0.110470 -0.045307 0.372441
v -0.122625 0.002194 0.371882
v -0.134779 -0.003813 0.365875
v -0.134779 -0.015689 0.353860
v -0.122625 -0.021557 0.347713
v -0.110470 -0.015689 0.353860
v -0.110470 -0.003813 0.365875
v -0.122625 0.036982 0.351485
v -0.134779 0.026644 0.347992
v -0.134779 0.006106 0.341006
v -0.122625 -0.004232 0.337514
v -0.110470 0.006106 0.341006
v -0.110470 0.026644 0.347992
v -0.056402 0.106838 0.323543
v -0.062409 0.096499 0.311388
v -0.074285 0.075962 0.311388
v -0.080153 0.065623 0.323543
v -0.074285 0.075962 0.335697
v -0.062409 0.096499 0.335697
v -0.086998 0.109772 0.323543
v -0.089094 0.099154 0.311388
v -0.093285 0.077778 0.311388
v -0.095381 0.067160 0.323543
v -0.093285 0.077778 0.335697
v -0.089094 0.099154 0.335697
v -0.122066 0.089933 0.323543
v -0.119830 0.081690 0.311388
v -0.115220 0.065344 0.311388
v -0.112985 0.057240 0.323543
v -0.115220 0.065344 0.335697
v -0.119830 0.081690 0.335697
v -0.152243 0.052490 0.323543
v -0.146236 0.048997 0.311388
v -0.134221 0.042012 0.311388
v -0.128073 0.038519 0.323543
v -0.134221 0.042012 0.335697
v -0.146236 0.048997 0.335697
v -0.169567 0.007643 0.323543
v -0.161324 0.009739 0.311388
v -0.144978 0.013930 0.311388
v -0.136735 0.016026 0.323543
v -0.144978 0.013930 0.335697
v -0.161324 0.009739 0.335697
v -0.169288 -0.032733 0.323543
v -0.161045 -0.025608 0.311388
v -0.144699 -0.011218 0.311388
v -0.136596 -0.004093 0.323543
v -0.144699 -0.011218 0.335697
v -0.161045 -0.025608 0.335697
v -0.151405 -0.057742 0.323543
v -0.145537 -0.047403 0.311388
v -0.133662 -0.026866 0.311388
v -0.127654 -0.016527 0.323543
v -0.133662 -0.026866 0.335697
v -0.145537 -0.047403 0.335697
v -0.120808 -0.060676 0.323543
v -0.118713 -0.050058 0.311388
v -0.114521 -0.028682 0.311388
v -0.112426 -0.018064 0.323543
v -0.114521 -0.028682 0.335697
v -0.118713 -0.050058 0.335697
v -0.085741 -0.040837 0.323543
v -0.087976 -0.032594 0.311388
v -0.092587 -0.016248 0.311388
v -0.094822 -0.008144 0.323543
v -0.092587 -0.016248 0.335697
v -0.087976 -0.032594 0.335697
v -0.055563 -0.003394 0.323543
v -0.061571 0.000099 0.311388
v -0.073726 0.007084 0.311388
v -0.079733 0.010577 0.323543
v -0.073726 0.007084 0.335697
v -0.061571 0.000099 0.335697
v -0.038239 0.041453 0.323543
v -0.046482 0.039357 0.311388
v -0.062828 0.035166 0.311388
v -0.071071 0.033070 0.323543
v -0.062828 0.035166 0.335697
v -0.046482 0.039357 0.335697
v -0.038519 0.081829 0.323543
v -0.046762 0.074704 0.311388
v -0.063108 0.060314 0.311388
v -0.071211 0.053189 0.323543
v -0.063108 0.060314 0.335697
v -0.046762 0.074704 0.335697
v 0.029520 0.123184 0.323543
v 0.013174 0.127794 0.323543
v -0.007363 0.115919 0.323543
v -0.011694 0.099433 0.323543
v 0.004652 0.094962 0.323543
v 0.025329 0.106838 0.323543
v 0.018483 0.116757 0.295600
v 0.003534 0.122206 0.299093
v -0.014349 0.111867 0.306079
v -0.017143 0.096220 0.309572
v -0.002194 0.090911 0.306079
v 0.015689 0.101249 0.299093
v -0.011694 0.099433 0.275203
v -0.022871 0.106977 0.281210
v -0.033070 0.100970 0.293225
v -0.032232 0.087558 0.299373
v -0.021055 0.080013 0.293225
v -0.010716 0.086021 0.281210
v -0.052769 0.075682 0.267658
v -0.058777 0.086160 0.274644
v -0.058777 0.086160 0.288615
v -0.052769 0.075682 0.295600
v -0.046762 0.065204 0.288615
v -0.046762 0.065204 0.274644
v -0.093844 0.051931 0.275203
v -0.094822 0.065344 0.281210
v -0.084484 0.071351 0.293225
v -0.073307 0.063807 0.299373
v -0.072468 0.050394 0.293225
v -0.082667 0.044387 0.281210
v -0.124022 0.034607 0.295600
v -0.121227 0.050115 0.299093
v -0.103345 0.060454 0.306079
v -0.088395 0.055145 0.309572
v -0.091190 0.039497 0.306079
v -0.109073 0.029158 0.299093
v -0.135059 0.028180 0.323543
v -0.130868 0.044666 0.323543
v -0.110190 0.056542 0.323543
v -0.093844 0.051931 0.323543
v -0.098175 0.035585 0.323543
v -0.118713 0.023710 0.323543
v -0.124022 0.034607 0.351485
v -0.121227 0.050115 0.347992
v -0.103345 0.060454 0.341006
v -0.088395 0.055145 0.337514
v -0.091190 0.039497 0.341006
v -0.109073 0.029158 0.347992
v -0.093844 0.051931 0.371882
v -0.094822 0.065344 0.365875
v -0.084484 0.071351 0.353860
v -0.073307 0.063807 0.347713
v -0.072468 0.050394 0.353860
v -0.082667 0.044387 0.365875
v -0.052769 0.075682 0.379427
v -0.058777 0.086160 0.372441
v -0.058777 0.086160 0.358470
v -0.052769 0.075682 0.351485
v -0.046762 0.065204 0.358470
v -0.046762 0.065204 0.372441
v -0.011694 0.099433 0.371882
v -0.022871 0.106977 0.365875
v -0.033070 0.100970 0.353860
v -0.032232 0.087558 0.347713
v -0.021055 0.080013 0.353860
v -0.010716 0.086021 0.365875
v 0.018483 0.116757 0.351485
v 0.003534 0.122206 0.347992
v -0.014349 0.111867 0.341006
v -0.017143 0.096220 0.337514
v -0.002194 0.090911 0.341006
v 0.015689 0.101249 0.347992
vn -0.6793 -0.3098 0.6653
vn -0.0000 -0.0000 1.0000
vn 0.6790 0.3108 0.6651
vn 0.6790 0.3108 -0.6651
vn -0.0000 -0.0000 -1.0000
vn -0.6793 -0.3098 -0.6653
vn -0.4202 -0.7146 0.5594
vn 0.4202 0.7106 0.5643
vn 0.4198 0.7124 -0.5624
vn -0.4201 -0.7146 -0.5594
vn -0.1361 -0.8597 0.4923
vn 0.1343 0.8576 0.4965
vn 0.1347 0.8578 -0.4960
vn -0.1361 -0.8597 -0.4923
vn 0.1362 -0.8593 0.4930
vn -0.1347 0.8578 0.4960
vn -0.1347 0.8578 -0.4960
vn 0.1362 -0.8593 -0.4930
vn 0.4190 -0.7141 0.5608
vn -0.4198 0.7124 0.5624
vn -0.4198 0.7124 -0.5624
vn 0.4190 -0.7141 -0.5608
vn 0.6793 -0.3098 0.6653
vn -0.6790 0.3108 0.6651
vn -0.6790 0.3108 -0.6651
vn 0.6793 -0.3098 -0.6653
vn 0.6793 0.3098 0.6653
vn -0.6790 -0.3108 0.6651
vn -0.6790 -0.3108 -0.6651
vn 0.6793 0.3098 -0.6653
vn 0.4201 0.7146 0.5594
vn -0.4202 -0.7106 0.5643
vn -0.4202 -0.7106 -0.5643
vn 0.4201 0.7146 -0.5594
vn 0.1361 0.8597 0.4923
vn -0.1343 -0.8576 0.4965
vn -0.1343 -0.8576 -0.4965
vn 0.1361 0.8597 -0.4923
vn -0.1361 0.8597 0.4923
vn 0.1343 -0.8576 0.4965
vn 0.1347 -0.8578 -0.4960
vn -0.1361 0.8597 -0.4923
vn -0.4202 0.7146 0.5594
vn 0.4202 -0.7106 0.5643
vn 0.4198 -0.7124 -0.5624
vn -0.4201 0.7146 -0.5594
vn -0.6793 0.3098 0.6653
vn 0.6790 -0.3108 0.6651
vn 0.6790 -0.3108 -0.6651
vn -0.6793 0.3098 -0.6653
vn 0.9211 0.2350 -0.3103
vn 0.4988 0.8667 -0.0026
vn -0.2561 0.9163 0.3079
vn -0.9203 -0.2388 0.3099
vn -0.4999 -0.8661 0.0049
vn 0.2559 -0.9161 -0.3087
vn 0.6423 0.2753 -0.7153
vn 0.5005 0.8657 -0.0013
vn -0.0809 0.6981 0.7115
vn -0.6459 -0.2792 0.7105
vn -0.5021 -0.8648 0.0020
vn 0.0849 -0.6936 -0.7153
vn 0.3652 0.3601 -0.8585
vn 0.4999 0.8661 -0.0013
vn 0.1322 0.4983 0.8569
vn -0.3661 -0.3655 0.8558
vn -0.5010 -0.8654 0.0034
vn -0.1295 -0.4956 -0.8588
vn 0.1295 0.4956 -0.8588
vn 0.5010 0.8654 0.0034
vn 0.3661 0.3655 0.8558
vn -0.1322 -0.4983 0.8569
vn -0.4999 -0.8661 -0.0013
vn -0.3652 -0.3601 -0.8585
vn -0.0849 0.6936 -0.7153
vn 0.5021 0.8648 0.0020
vn 0.6459 0.2792 0.7105
vn 0.0809 -0.6981 0.7115
vn -0.5005 -0.8657 -0.0013
vn -0.6423 -0.2753 -0.7153
vn -0.2590 0.9141 -0.3119
vn 0.5006 0.8657 -0.0005
vn 0.9208 0.2378 0.3093
vn 0.2518 -0.9167 0.3103
vn -0.4996 -0.8663 0.0028
vn -0.9212 -0.2359 -0.3094
vn -0.2590 0.9141 0.3119
vn 0.5006 0.8657 0.0005
vn 0.9208 0.2378 -0.3093
vn 0.2518 -0.9167 -0.3103
vn -0.4996 -0.8663 -0.0028
vn -0.9212 -0.2359 0.3094
vn -0.0849 0.6937 0.7153
vn 0.5021 0.8648 -0.0020
vn 0.6459 0.2792 -0.7105
vn 0.0809 -0.6981 -0.7115
vn -0.5005 -0.8657 0.0013
vn -0.6423 -0.2753 0.7153
vn 0.1295 0.4956 0.8588
vn 0.5010 0.8654 -0.0034
vn 0.3661 0.3655 -0.8558
vn -0.1322 -0.4983 -0.8569
vn -0.4999 -0.8661 0.0013
vn -0.3652 -0.3601 0.8585
vn 0.3652 0.3601 0.8585
vn 0.4999 0.8661 0.0013
vn 0.1322 0.4983 -0.8569
vn -0.3661 -0.3655 -0.8558
vn -0.5010 -0.8654 -0.0034
vn -0.1295 -0.4956 0.8588
vn 0.6423 0.2753 0.7153
vn 0.5005 0.8657 0.0013
vn -0.0809 0.6981 -0.7115
vn -0.6459 -0.2792 -0.7105
vn -0.5021 -0.8648 -0.0020
vn 0.0849 -0.6937 0.7153
vn 0.9211 0.2350 0.3103
vn 0.4988 0.8667 0.0026
vn -0.2561 0.9163 -0.3079
vn -0.9203 -0.2388 -0.3099
vn -0.4999 -0.8661 -0.0049
vn 0.2559 -0.9161 0.3087
vn -0.6082 0.4339 0.6647
vn 0.6088 -0.4332 0.6646
vn 0.6088 -0.4332 -0.6646
vn -0.6082 0.4339 -0.6647
vn -0.8265 0.0061 0.5628
vn 0.8285 -0.0077 0.5600
vn 0.8285 -0.0077 -0.5600
vn -0.8265 0.0061 -0.5628
vn -0.8115 -0.3127 0.4937
vn 0.8099 0.3110 0.4973
vn 0.8099 0.3110 -0.4973
vn -0.8115 -0.3127 -0.4937
vn -0.6770 -0.5462 0.4933
vn 0.6754 0.5475 0.4941
vn 0.6754 0.5475 -0.4941
vn -0.6770 -0.5462 -0.4933
vn -0.4082 -0.7201 0.5611
vn 0.4083 0.7221 0.5585
vn 0.4083 0.7221 -0.5585
vn -0.4082 -0.7201 -0.5611
vn 0.0725 -0.7433 0.6650
vn -0.0728 0.7435 0.6648
vn -0.0728 0.7435 -0.6648
vn 0.0725 -0.7433 -0.6650
vn 0.6058 -0.4340 0.6669
vn -0.6086 0.4360 0.6630
vn -0.6086 0.4360 -0.6630
vn 0.6058 -0.4340 -0.6669
vn 0.8265 -0.0061 0.5628
vn -0.8285 0.0077 0.5600
vn -0.8285 0.0077 -0.5600
vn 0.8265 -0.0061 -0.5628
vn 0.8115 0.3127 0.4937
vn -0.8112 -0.3137 0.4935
vn -0.8112 -0.3137 -0.4935
vn 0.8115 0.3127 -0.4937
vn 0.6770 0.5462 0.4933
vn -0.6779 -0.5473 0.4909
vn -0.6779 -0.5473 -0.4909
vn 0.6770 0.5462 -0.4933
vn 0.4082 0.7201 0.5611
vn -0.4083 -0.7221 0.5585
vn -0.4083 -0.7221 -0.5585
vn 0.4082 0.7201 -0.5611
vn -0.0724 0.7436 0.6647
vn -0.0724 0.7436 -0.6647
vn 0.6653 -0.6793 -0.3098
vn 1.0000 -0.0000 -0.0000
vn 0.6651 0.6790 0.3108
vn -0.6651 0.6790 0.3108
vn -1.0000 -0.0000 -0.0000
vn -0.6653 -0.6793 -0.3098
vn 0.5594 -0.4201 -0.7146
vn 0.5624 0.4198 0.7124
vn -0.5624 0.4198 0.7124
vn -0.5594 -0.4201 -0.7146
vn 0.4923 -0.1361 -0.8597
vn 0.4960 0.1347 0.8578
vn -0.4960 0.1347 0.8578
vn -0.4923 -0.1361 -0.8597
vn 0.4930 0.1363 -0.8593
vn 0.4960 -0.1347 0.8578
vn -0.4960 -0.1347 0.8578
vn -0.4930 0.1363 -0.8593
vn 0.5608 0.4190 -0.7141
vn 0.5624 -0.4198 0.7124
vn -0.5624 -0.4198 0.7124
vn -0.5608 0.4190 -0.7141
vn 0.6653 0.6793 -0.3098
vn 0.6651 -0.6790 0.3108
vn -0.6651 -0.6790 0.3108
vn -0.6653 0.6793 -0.3098
vn 0.6653 0.6793 0.3098
vn 0.6651 -0.6790 -0.3108
vn -0.6651 -0.6790 -0.3108
vn -0.6653 0.6793 0.3098
vn 0.5594 0.4202 0.7146
vn 0.5643 -0.4202 -0.7106
vn -0.5643 -0.4202 -0.7106
vn -0.5594 0.4202 0.7146
vn 0.4923 0.1361 0.8597
vn 0.4965 -0.1343 -0.8576
vn -0.4965 -0.1343 -0.8576
vn -0.4923 0.1361 0.8597
vn 0.4923 -0.1361 0.8597
vn 0.4959 0.1347 -0.8578
vn -0.4959 0.1347 -0.8578
vn -0.4923 -0.1361 0.8597
vn 0.5594 -0.4201 0.7146
vn 0.5624 0.4198 -0.7124
vn -0.5624 0.4198 -0.7124
vn -0.5594 -0.4202 0.7146
vn 0.6653 -0.6793 0.3098
vn 0.6651 0.6790 -0.3108
vn -0.6651 0.6790 -0.3108
vn -0.6653 -0.6793 0.3098
vn 0.0725 0.7433 0.6650
vn -0.0728 -0.7435 0.6648
vn -0.0728 -0.7435 -0.6648
vn 0.0725 0.7433 -0.6650
vn -0.4082 0.7201 0.5611
vn 0.4083 -0.7221 0.5585
vn 0.4083 -0.7221 -0.5585
vn -0.4082 0.7201 -0.5611
vn -0.6770 0.5462 0.4933
vn 0.6754 -0.5475 0.4941
vn 0.6754 -0.5475 -0.4941
vn -0.6770 0.5462 -0.4933
vn -0.8115 0.3127 0.4937
vn 0.8099 -0.3110 0.4973
vn 0.8099 -0.3110 -0.4973
vn -0.8115 0.3127 -0.4937
vn -0.8265 -0.0061 0.5628
vn 0.8285 0.0077 0.5600
vn 0.8285 0.0077 -0.5600
vn -0.8265 -0.0061 -0.5628
vn -0.6082 -0.4339 0.6647
vn 0.6088 0.4332 0.6646
vn 0.6088 0.4332 -0.6646
vn -0.6082 -0.4339 -0.6647
vn -0.0724 -0.7436 0.6647
vn -0.0724 -0.7436 -0.6647
vn 0.4082 -0.7201 0.5611
vn -0.4083 0.7221 0.5585
vn -0.4083 0.7221 -0.5585
vn 0.4082 -0.7201 -0.5611
vn 0.6770 -0.5462 0.4933
vn -0.6779 0.5473 0.4909
vn -0.6779 0.5473 -0.4909
vn 0.6770 -0.5462 -0.4933
vn 0.8115 -0.3127 0.4937
vn -0.8112 0.3137 0.4935
vn -0.8112 0.3137 -0.4935
vn 0.8115 -0.3127 -0.4937
vn 0.8265 0.0061 0.5628
vn -0.8285 -0.0077 0.5600
vn -0.8285 -0.0077 -0.5600
vn 0.8265 0.0061 -0.5628
vn 0.6058 0.4340 0.6669
vn -0.6086 -0.4360 0.6630
vn -0.6086 -0.4360 -0.6630
vn 0.6058 0.4340 -0.6669
vn -0.2590 -0.9141 -0.3119
vn 0.5006 -0.8657 -0.0005
vn 0.9208 -0.2378 0.3093
vn 0.2518 0.9167 0.3103
vn -0.4996 0.8663 0.0028
vn -0.9212 0.2359 -0.3094
vn -0.0849 -0.6936 -0.7153
vn 0.5021 -0.8648 0.0020
vn 0.6459 -0.2792 0.7105
vn 0.0809 0.6981 0.7115
vn -0.5005 0.8657 -0.0013
vn -0.6423 0.2753 -0.7153
vn 0.1295 -0.4956 -0.8588
vn 0.5010 -0.8654 0.0034
vn 0.3661 -0.3655 0.8558
vn -0.1322 0.4983 0.8569
vn -0.4999 0.8661 -0.0013
vn -0.3652 0.3601 -0.8585
vn 0.3652 -0.3601 -0.8585
vn 0.4999 -0.8661 -0.0013
vn 0.1322 -0.4983 0.8569
vn -0.3661 0.3655 0.8558
vn -0.5010 0.8654 0.0034
vn -0.1295 0.4956 -0.8588
vn 0.6423 -0.2753 -0.7153
vn 0.5005 -0.8657 -0.0013
vn -0.0809 -0.6981 0.7115
vn -0.6459 0.2792 0.7105
vn -0.5021 0.8648 0.0020
vn 0.0849 0.6936 -0.7153
vn 0.9211 -0.2350 -0.3103
vn 0.4988 -0.8667 -0.0026
vn -0.2561 -0.9163 0.3079
vn -0.9203 0.2388 0.3099
vn -0.4999 0.8661 0.0049
vn 0.2559 0.9161 -0.3087
vn 0.9211 -0.2350 0.3103
vn 0.4988 -0.8667 0.0026
vn -0.2561 -0.9163 -0.3079
vn -0.9203 0.2388 -0.3099
vn -0.4999 0.8661 -0.0049
vn 0.2559 0.9161 0.3087
vn 0.6423 -0.2753 0.7153
vn 0.5005 -0.8657 0.0013
vn -0.0809 -0.6981 -0.7115
vn -0.6459 0.2792 -0.7105
vn -0.5021 0.8648 -0.0020
vn 0.0849 0.6937 0.7153
vn 0.3652 -0.3601 0.8585
vn 0.4999 -0.8661 0.0013
vn 0.1322 -0.4983 -0.8569
vn -0.3661 0.3655 -0.8558
vn -0.5010 0.8654 -0.0034
vn -0.1295 0.4956 0.8588
vn 0.1295 -0.4956 0.8588
vn 0.5010 -0.8654 -0.0034
vn 0.3661 -0.3655 -0.8558
vn -0.1322 0.4983 -0.8569
vn -0.4999 0.8661 0.0013
vn -0.3652 0.3601 0.8585
vn -0.0849 -0.6937 0.7153
vn 0.5021 -0.8648 -0.0020
vn 0.6459 -0.2792 -0.7105
vn 0.0809 0.6981 -0.7115
vn -0.5005 0.8657 0.0013
vn -0.6423 0.2753 0.7153
vn -0.2590 -0.9141 0.3119
vn 0.5006 -0.8657 0.0005
vn 0.9208 -0.2378 -0.3093
vn 0.2518 0.9167 -0.3103
vn -0.4996 0.8663 -0.0028
vn -0.9212 0.2359 0.3094
vn 0.4190 0.7141 0.5608
vn -0.4198 -0.7124 0.5624
vn -0.4198 -0.7124 -0.5624
vn 0.4190 0.7141 -0.5608
vn 0.1362 0.8593 0.4930
vn -0.1347 -0.8578 0.4960
vn -0.1347 -0.8578 -0.4960
vn 0.1362 0.8593 -0.4930
vn 0.4202 0.7106 -0.5644
vn 0.1343 0.8576 -0.4965
vn -0.9211 -0.2350 -0.3103
vn -0.4988 -0.8667 -0.0026
vn 0.2561 -0.9163 0.3079
vn 0.9203 0.2388 0.3099
vn 0.4999 0.8661 0.0049
vn -0.2559 0.9161 -0.3087
vn 0.2590 -0.9141 -0.3119
vn -0.5006 -0.8657 -0.0005
vn -0.9208 -0.2378 0.3093
vn -0.2518 0.9167 0.3103
vn 0.4996 0.8663 0.0028
vn 0.9212 0.2359 -0.3094
vn 0.2590 -0.9141 0.3119
vn -0.5006 -0.8657 0.0005
vn -0.9208 -0.2378 -0.3093
vn -0.2518 0.9167 -0.3103
vn 0.4996 0.8663 -0.0028
vn 0.9212 0.2359 0.3094
vn -0.9211 -0.2350 0.3103
vn -0.4988 -0.8667 0.0026
vn 0.2561 -0.9163 -0.3079
vn 0.9203 0.2388 -0.3099
vn 0.4999 0.8661 -0.0049
vn -0.2559 0.9161 0.3087
vn 0.6082 -0.4339 0.6647
vn -0.6088 0.4332 0.6646
vn -0.6088 0.4332 -0.6646
vn 0.6082 -0.4339 -0.6647
vn -0.8099 -0.3110 0.4973
vn -0.8099 -0.3110 -0.4973
vn -0.6754 -0.5475 0.4941
vn -0.6754 -0.5475 -0.4941
vn -0.0725 0.7433 0.6650
vn 0.0728 -0.7435 0.6648
vn 0.0728 -0.7435 -0.6648
vn -0.0725 0.7433 -0.6650
vn -0.6058 0.4340 0.6669
vn 0.6086 -0.4360 0.6630
vn 0.6086 -0.4360 -0.6630
vn -0.6058 0.4340 -0.6669
vn 0.8112 0.3137 0.4935
vn 0.8112 0.3137 -0.4935
vn 0.6779 0.5473 0.4909
vn 0.6779 0.5473 -0.4909
vn 0.0724 -0.7436 0.6647
vn 0.0724 -0.7436 -0.6647
vn -0.4965 0.1343 0.8576
vn 0.4965 0.1343 0.8576
vn -0.5644 0.4202 0.7106
vn 0.5644 0.4202 0.7106
vn -0.5643 0.4202 -0.7106
vn 0.5643 0.4202 -0.7106
vn 0.5594 -0.4202 0.7146
vn -0.4965 0.1343 -0.8576
vn 0.4965 0.1343 -0.8576
vn -0.4930 0.1362 0.8593
vn -0.4959 -0.1347 -0.8578
vn 0.4959 -0.1347 -0.8578
vn 0.4930 0.1362 0.8593
vn -0.5608 0.4190 0.7141
vn -0.5624 -0.4198 -0.7124
vn 0.5624 -0.4198 -0.7124
vn 0.5608 0.4190 0.7141
vn -0.0725 -0.7433 0.6650
vn 0.0728 0.7435 0.6648
vn 0.0728 0.7435 -0.6648
vn -0.0725 -0.7433 -0.6650
vn -0.6754 0.5475 0.4941
vn -0.6754 0.5475 -0.4941
vn -0.8099 0.3110 0.4973
vn -0.8099 0.3110 -0.4973
vn 0.6082 0.4339 0.6647
vn -0.6088 -0.4332 0.6646
vn -0.6088 -0.4332 -0.6646
vn 0.6082 0.4339 -0.6647
vn 0.0724 0.7436 0.6647
vn 0.0724 0.7436 -0.6647
vn 0.6779 -0.5473 0.4909
vn 0.6779 -0.5473 -0.4909
vn 0.8112 -0.3137 0.4935
vn 0.8112 -0.3137 -0.4935
vn -0.6058 -0.4340 0.6669
vn 0.6086 0.4360 0.6630
vn 0.6086 0.4360 -0.6630
vn -0.6058 -0.4340 -0.6669
vn 0.2590 0.9141 -0.3119
vn -0.5006 0.8657 -0.0005
vn -0.9208 0.2378 0.3093
vn -0.2518 -0.9167 0.3103
vn 0.4996 -0.8663 0.0028
vn 0.9212 -0.2359 -0.3094
vn -0.9211 0.2350 -0.3103
vn -0.4988 0.8667 -0.0026
vn 0.2561 0.9163 0.3079
vn 0.9203 -0.2388 0.3099
vn 0.4999 -0.8661 0.0049
vn -0.2559 -0.9161 -0.3087
vn -0.9211 0.2350 0.3103
vn -0.4988 0.8667 0.0026
vn 0.2561 0.9163 -0.3079
vn 0.9203 -0.2388 -0.3099
vn 0.4999 -0.8661 -0.0049
vn -0.2559 -0.9161 0.3087
vn 0.2590 0.9141 0.3119
vn -0.5006 0.8657 0.0005
vn -0.9208 0.2378 -0.3093
vn -0.2518 -0.9167 -0.3103
vn 0.4996 -0.8663 -0.0028
vn 0.9212 -0.2359 0.3094
s 0
usemtl chain.002
f 6301//1954 6307//1954 6308//1954 6302//1954
f 6302//1955 6308//1955 6309//1955 6303//1955
f 6303//1956 6309//1956 6310//1956 6304//1956
f 6304//1957 6310//1957 6311//1957 6305//1957
f 6305//1958 6311//1958 6312//1958 6306//1958
f 6306//1959 6312//1959 6307//1959 6301//1959
f 6307//1960 6313//1960 6314//1960 6308//1960
f 6308//1955 6314//1955 6315//1955 6309//1955
f 6309//1961 6315//1961 6316//1961 6310//1961
f 6310//1962 6316//1962 6317//1962 6311//1962
f 6311//1958 6317//1958 6318//1958 6312//1958
f 6312//1963 6318//1963 6313//1963 6307//1963
f 6313//1964 6319//1964 6320//1964 6314//1964
f 6314//1955 6320//1955 6321//1955 6315//1955
f 6315//1965 6321//1965 6322//1965 6316//1965
f 6316//1966 6322//1966 6323//1966 6317//1966
f 6317//1958 6323//1958 6324//1958 6318//1958
f 6318//1967 6324//1967 6319//1967 6313//1967
f 6319//1968 6325//1968 6326//1968 6320//1968
f 6320//1955 6326//1955 6327//1955 6321//1955
f 6321//1969 6327//1969 6328//1969 6322//1969
f 6322//1970 6328//1970 6329//1970 6323//1970
f 6323//1958 6329//1958 6330//1958 6324//1958
f 6324//1971 6330//1971 6325//1971 6319//1971
f 6325//1972 6331//1972 6332//1972 6326//1972
f 6326//1955 6332//1955 6333//1955 6327//1955
f 6327//1973 6333//1973 6334//1973 6328//1973
f 6328//1974 6334//1974 6335//1974 6329//1974
f 6329//1958 6335//1958 6336//1958 6330//1958
f 6330//1975 6336//1975 6331//1975 6325//1975
f 6331//1976 6337//1976 6338//1976 6332//1976
f 6332//1955 6338//1955 6339//1955 6333//1955
f 6333//1977 6339//1977 6340//1977 6334//1977
f 6334//1978 6340//1978 6341//1978 6335//1978
f 6335//1958 6341//1958 6342//1958 6336//1958
f 6336//1979 6342//1979 6337//1979 6331//1979
f 6337//1980 6343//1980 6344//1980 6338//1980
f 6338//1955 6344//1955 6345//1955 6339//1955
f 6339//1981 6345//1981 6346//1981 6340//1981
f 6340//1982 6346//1982 6347//1982 6341//1982
f 6341//1958 6347//1958 6348//1958 6342//1958
f 6342//1983 6348//1983 6343//1983 6337//1983
f 6343//1984 6349//1984 6350//1984 6344//1984
f 6344//1955 6350//1955 6351//1955 6345//1955
f 6345//1985 6351//1985 6352//1985 6346//1985
f 6346//1986 6352//1986 6353//1986 6347//1986
f 6347//1958 6353//1958 6354//1958 6348//1958
f 6348//1987 6354//1987 6349//1987 6343//1987
f 6349//1988 6355//1988 6356//1988 6350//1988
f 6350//1955 6356//1955 6357//1955 6351//1955
f 6351//1989 6357//1989 6358//1989 6352//1989
f 6352//1990 6358//1990 6359//1990 6353//1990
f 6353//1958 6359//1958 6360//1958 6354//1958
f 6354//1991 6360//1991 6355//1991 6349//1991
f 6355//1992 6361//1992 6362//1992 6356//1992
f 6356//1955 6362//1955 6363//1955 6357//1955
f 6357//1993 6363//1993 6364//1993 6358//1993
f 6358//1994 6364//1994 6365//1994 6359//1994
f 6359//1958 6365//1958 6366//1958 6360//1958
f 6360//1995 6366//1995 6361//1995 6355//1995
f 6361//1996 6367//1996 6368//1996 6362//1996
f 6362//1955 6368//1955 6369//1955 6363//1955
f 6363//1997 6369//1997 6370//1997 6364//1997
f 6364//1998 6370//1998 6371//1998 6365//1998
f 6365//1958 6371//1958 6372//1958 6366//1958
f 6366//1999 6372//1999 6367//1999 6361//1999
f 6367//2000 6301//2000 6302//2000 6368//2000
f 6368//1955 6302//1955 6303//1955 6369//1955
f 6369//2001 6303//2001 6304//2001 6370//2001
f 6370//2002 6304//2002 6305//2002 6371//2002
f 6371//1958 6305//1958 6306//1958 6372//1958
f 6372//2003 6306//2003 6301//2003 6367//2003
f 6373//2004 6379//2004 6380//2004 6374//2004
f 6374//2005 6380//2005 6381//2005 6375//2005
f 6375//2006 6381//2006 6382//2006 6376//2006
f 6376//2007 6382//2007 6383//2007 6377//2007
f 6377//2008 6383//2008 6384//2008 6378//2008
f 6378//2009 6384//2009 6379//2009 6373//2009
f 6379//2010 6385//2010 6386//2010 6380//2010
f 6380//2011 6386//2011 6387//2011 6381//2011
f 6381//2012 6387//2012 6388//2012 6382//2012
f 6382//2013 6388//2013 6389//2013 6383//2013
f 6383//2014 6389//2014 6390//2014 6384//2014
f 6384//2015 6390//2015 6385//2015 6379//2015
f 6385//2016 6391//2016 6392//2016 6386//2016
f 6386//2017 6392//2017 6393//2017 6387//2017
f 6387//2018 6393//2018 6394//2018 6388//2018
f 6388//2019 6394//2019 6395//2019 6389//2019
f 6389//2020 6395//2020 6396//2020 6390//2020
f 6390//2021 6396//2021 6391//2021 6385//2021
f 6391//2022 6397//2022 6398//2022 6392//2022
f 6392//2023 6398//2023 6399//2023 6393//2023
f 6393//2024 6399//2024 6400//2024 6394//2024
f 6394//2025 6400//2025 6401//2025 6395//2025
f 6395//2026 6401//2026 6402//2026 6396//2026
f 6396//2027 6402//2027 6397//2027 6391//2027
f 6397//2028 6403//2028 6404//2028 6398//2028
f 6398//2029 6404//2029 6405//2029 6399//2029
f 6399//2030 6405//2030 6406//2030 6400//2030
f 6400//2031 6406//2031 6407//2031 6401//2031
f 6401//2032 6407//2032 6408//2032 6402//2032
f 6402//2033 6408//2033 6403//2033 6397//2033
f 6403//2034 6409//2034 6410//2034 6404//2034
f 6404//2035 6410//2035 6411//2035 6405//2035
f 6405//2036 6411//2036 6412//2036 6406//2036
f 6406//2037 6412//2037 6413//2037 6407//2037
f 6407//2038 6413//2038 6414//2038 6408//2038
f 6408//2039 6414//2039 6409//2039 6403//2039
f 6409//2040 6415//2040 6416//2040 6410//2040
f 6410//2041 6416//2041 6417//2041 6411//2041
f 6411//2042 6417//2042 6418//2042 6412//2042
f 6412//2043 6418//2043 6419//2043 6413//2043
f 6413//2044 6419//2044 6420//2044 6414//2044
f 6414//2045 6420//2045 6415//2045 6409//2045
f 6415//2046 6421//2046 6422//2046 6416//2046
f 6416//2047 6422//2047 6423//2047 6417//2047
f 6417//2048 6423//2048 6424//2048 6418//2048
f 6418//2049 6424//2049 6425//2049 6419//2049
f 6419//2050 6425//2050 6426//2050 6420//2050
f 6420//2051 6426//2051 6421//2051 6415//2051
f 6421//2052 6427//2052 6428//2052 6422//2052
f 6422//2053 6428//2053 6429//2053 6423//2053
f 6423//2054 6429//2054 6430//2054 6424//2054
f 6424//2055 6430//2055 6431//2055 6425//2055
f 6425//2056 6431//2056 6432//2056 6426//2056
f 6426//2057 6432//2057 6427//2057 6421//2057
f 6427//2058 6433//2058 6434//2058 6428//2058
f 6428//2059 6434//2059 6435//2059 6429//2059
f 6429//2060 6435//2060 6436//2060 6430//2060
f 6430//2061 6436//2061 6437//2061 6431//2061
f 6431//2062 6437//2062 6438//2062 6432//2062
f 6432//2063 6438//2063 6433//2063 6427//2063
f 6433//2064 6439//2064 6440//2064 6434//2064
f 6434//2065 6440//2065 6441//2065 6435//2065
f 6435//2066 6441//2066 6442//2066 6436//2066
f 6436//2067 6442//2067 6443//2067 6437//2067
f 6437//2068 6443//2068 6444//2068 6438//2068
f 6438//2069 6444//2069 6439//2069 6433//2069
f 6439//2070 6373//2070 6374//2070 6440//2070
f 6440//2071 6374//2071 6375//2071 6441//2071
f 6441//2072 6375//2072 6376//2072 6442//2072
f 6442//2073 6376//2073 6377//2073 6443//2073
f 6443//2074 6377//2074 6378//2074 6444//2074
f 6444//2075 6378//2075 6373//2075 6439//2075
f 6445//2076 6451//2076 6452//2076 6446//2076
f 6446//1955 6452//1955 6453//1955 6447//1955
f 6447//2077 6453//2077 6454//2077 6448//2077
f 6448//2078 6454//2078 6455//2078 6449//2078
f 6449//1958 6455//1958 6456//1958 6450//1958
f 6450//2079 6456//2079 6451//2079 6445//2079
f 6451//2080 6457//2080 6458//2080 6452//2080
f 6452//1955 6458//1955 6459//1955 6453//1955
f 6453//2081 6459//2081 6460//2081 6454//2081
f 6454//2082 6460//2082 6461//2082 6455//2082
f 6455//1958 6461//1958 6462//1958 6456//1958
f 6456//2083 6462//2083 6457//2083 6451//2083
f 6457//2084 6463//2084 6464//2084 6458//2084
f 6458//1955 6464//1955 6465//1955 6459//1955
f 6459//2085 6465//2085 6466//2085 6460//2085
f 6460//2086 6466//2086 6467//2086 6461//2086
f 6461//1958 6467//1958 6468//1958 6462//1958
f 6462//2087 6468//2087 6463//2087 6457//2087
f 6463//2088 6469//2088 6470//2088 6464//2088
f 6464//1955 6470//1955 6471//1955 6465//1955
f 6465//2089 6471//2089 6472//2089 6466//2089
f 6466//2090 6472//2090 6473//2090 6467//2090
f 6467//1958 6473//1958 6474//1958 6468//1958
f 6468//2091 6474//2091 6469//2091 6463//2091
f 6469//2092 6475//2092 6476//2092 6470//2092
f 6470//1955 6476//1955 6477//1955 6471//1955
f 6471//2093 6477//2093 6478//2093 6472//2093
f 6472//2094 6478//2094 6479//2094 6473//2094
f 6473//1958 6479//1958 6480//1958 6474//1958
f 6474//2095 6480//2095 6475//2095 6469//2095
f 6475//2096 6481//2096 6482//2096 6476//2096
f 6476//1955 6482//1955 6483//1955 6477//1955
f 6477//2097 6483//2097 6484//2097 6478//2097
f 6478//2098 6484//2098 6485//2098 6479//2098
f 6479//1958 6485//1958 6486//1958 6480//1958
f 6480//2099 6486//2099 6481//2099 6475//2099
f 6481//2100 6487//2100 6488//2100 6482//2100
f 6482//1955 6488//1955 6489//1955 6483//1955
f 6483//2101 6489//2101 6490//2101 6484//2101
f 6484//2102 6490//2102 6491//2102 6485//2102
f 6485//1958 6491//1958 6492//1958 6486//1958
f 6486//2103 6492//2103 6487//2103 6481//2103
f 6487//2104 6493//2104 6494//2104 6488//2104
f 6488//1955 6494//1955 6495//1955 6489//1955
f 6489//2105 6495//2105 6496//2105 6490//2105
f 6490//2106 6496//2106 6497//2106 6491//2106
f 6491//1958 6497//1958 6498//1958 6492//1958
f 6492//2107 6498//2107 6493//2107 6487//2107
f 6493//2108 6499//2108 6500//2108 6494//2108
f 6494//1955 6500//1955 6501//1955 6495//1955
f 6495//2109 6501//2109 6502//2109 6496//2109
f 6496//2110 6502//2110 6503//2110 6497//2110
f 6497//1958 6503//1958 6504//1958 6498//1958
f 6498//2111 6504//2111 6499//2111 6493//2111
f 6499//2112 6505//2112 6506//2112 6500//2112
f 6500//1955 6506//1955 6507//1955 6501//1955
f 6501//2113 6507//2113 6508//2113 6502//2113
f 6502//2114 6508//2114 6509//2114 6503//2114
f 6503//1958 6509//1958 6510//1958 6504//1958
f 6504//2115 6510//2115 6505//2115 6499//2115
f 6505//2116 6511//2116 6512//2116 6506//2116
f 6506//1955 6512//1955 6513//1955 6507//1955
f 6507//2117 6513//2117 6514//2117 6508//2117
f 6508//2118 6514//2118 6515//2118 6509//2118
f 6509//1958 6515//1958 6516//1958 6510//1958
f 6510//2119 6516//2119 6511//2119 6505//2119
f 6511//2120 6445//2120 6446//2120 6512//2120
f 6512//1955 6446//1955 6447//1955 6513//1955
f 6513//2096 6447//2096 6448//2096 6514//2096
f 6514//2099 6448//2099 6449//2099 6515//2099
f 6515//1958 6449//1958 6450//1958 6516//1958
f 6516//2121 6450//2121 6445//2121 6511//2121
f 6517//2122 6523//2122 6524//2122 6518//2122
f 6518//2123 6524//2123 6525//2123 6519//2123
f 6519//2124 6525//2124 6526//2124 6520//2124
f 6520//2125 6526//2125 6527//2125 6521//2125
f 6521//2126 6527//2126 6528//2126 6522//2126
f 6522//2127 6528//2127 6523//2127 6517//2127
f 6523//2128 6529//2128 6530//2128 6524//2128
f 6524//2123 6530//2123 6531//2123 6525//2123
f 6525//2129 6531//2129 6532//2129 6526//2129
f 6526//2130 6532//2130 6533//2130 6527//2130
f 6527//2126 6533//2126 6534//2126 6528//2126
f 6528//2131 6534//2131 6529//2131 6523//2131
f 6529//2132 6535//2132 6536//2132 6530//2132
f 6530//2123 6536//2123 6537//2123 6531//2123
f 6531//2133 6537//2133 6538//2133 6532//2133
f 6532//2134 6538//2134 6539//2134 6533//2134
f 6533//2126 6539//2126 6540//2126 6534//2126
f 6534//2135 6540//2135 6535//2135 6529//2135
f 6535//2136 6541//2136 6542//2136 6536//2136
f 6536//2123 6542//2123 6543//2123 6537//2123
f 6537//2137 6543//2137 6544//2137 6538//2137
f 6538//2138 6544//2138 6545//2138 6539//2138
f 6539//2126 6545//2126 6546//2126 6540//2126
f 6540//2139 6546//2139 6541//2139 6535//2139
f 6541//2140 6547//2140 6548//2140 6542//2140
f 6542//2123 6548//2123 6549//2123 6543//2123
f 6543//2141 6549//2141 6550//2141 6544//2141
f 6544//2142 6550//2142 6551//2142 6545//2142
f 6545//2126 6551//2126 6552//2126 6546//2126
f 6546//2143 6552//2143 6547//2143 6541//2143
f 6547//2144 6553//2144 6554//2144 6548//2144
f 6548//2123 6554//2123 6555//2123 6549//2123
f 6549//2145 6555//2145 6556//2145 6550//2145
f 6550//2146 6556//2146 6557//2146 6551//2146
f 6551//2126 6557//2126 6558//2126 6552//2126
f 6552//2147 6558//2147 6553//2147 6547//2147
f 6553//2148 6559//2148 6560//2148 6554//2148
f 6554//2123 6560//2123 6561//2123 6555//2123
f 6555//2149 6561//2149 6562//2149 6556//2149
f 6556//2150 6562//2150 6563//2150 6557//2150
f 6557//2126 6563//2126 6564//2126 6558//2126
f 6558//2151 6564//2151 6559//2151 6553//2151
f 6559//2152 6565//2152 6566//2152 6560//2152
f 6560//2123 6566//2123 6567//2123 6561//2123
f 6561//2153 6567//2153 6568//2153 6562//2153
f 6562//2154 6568//2154 6569//2154 6563//2154
f 6563//2126 6569//2126 6570//2126 6564//2126
f 6564//2155 6570//2155 6565//2155 6559//2155
f 6565//2156 6571//2156 6572//2156 6566//2156
f 6566//2123 6572//2123 6573//2123 6567//2123
f 6567//2157 6573//2157 6574//2157 6568//2157
f 6568//2158 6574//2158 6575//2158 6569//2158
f 6569//2126 6575//2126 6576//2126 6570//2126
f 6570//2159 6576//2159 6571//2159 6565//2159
f 6571//2160 6577//2160 6578//2160 6572//2160
f 6572//2123 6578//2123 6579//2123 6573//2123
f 6573//2161 6579//2161 6580//2161 6574//2161
f 6574//2162 6580//2162 6581//2162 6575//2162
f 6575//2126 6581//2126 6582//2126 6576//2126
f 6576//2163 6582//2163 6577//2163 6571//2163
f 6577//2164 6583//2164 6584//2164 6578//2164
f 6578//2123 6584//2123 6585//2123 6579//2123
f 6579//2165 6585//2165 6586//2165 6580//2165
f 6580//2166 6586//2166 6587//2166 6581//2166
f 6581//2126 6587//2126 6588//2126 6582//2126
f 6582//2167 6588//2167 6583//2167 6577//2167
f 6583//2168 6517//2168 6518//2168 6584//2168
f 6584//2123 6518//2123 6519//2123 6585//2123
f 6585//2169 6519//2169 6520//2169 6586//2169
f 6586//2170 6520//2170 6521//2170 6587//2170
f 6587//2126 6521//2126 6522//2126 6588//2126
f 6588//2171 6522//2171 6517//2171 6583//2171
f 6589//2172 6595//2172 6596//2172 6590//2172
f 6590//1955 6596//1955 6597//1955 6591//1955
f 6591//2173 6597//2173 6598//2173 6592//2173
f 6592//2174 6598//2174 6599//2174 6593//2174
f 6593//1958 6599//1958 6600//1958 6594//1958
f 6594//2175 6600//2175 6595//2175 6589//2175
f 6595//2176 6601//2176 6602//2176 6596//2176
f 6596//1955 6602//1955 6603//1955 6597//1955
f 6597//2177 6603//2177 6604//2177 6598//2177
f 6598//2178 6604//2178 6605//2178 6599//2178
f 6599//1958 6605//1958 6606//1958 6600//1958
f 6600//2179 6606//2179 6601//2179 6595//2179
f 6601//2180 6607//2180 6608//2180 6602//2180
f 6602//1955 6608//1955 6609//1955 6603//1955
f 6603//2181 6609//2181 6610//2181 6604//2181
f 6604//2182 6610//2182 6611//2182 6605//2182
f 6605//1958 6611//1958 6612//1958 6606//1958
f 6606//2183 6612//2183 6607//2183 6601//2183
f 6607//2184 6613//2184 6614//2184 6608//2184
f 6608//1955 6614//1955 6615//1955 6609//1955
f 6609//2185 6615//2185 6616//2185 6610//2185
f 6610//2186 6616//2186 6617//2186 6611//2186
f 6611//1958 6617//1958 6618//1958 6612//1958
f 6612//2187 6618//2187 6613//2187 6607//2187
f 6613//2188 6619//2188 6620//2188 6614//2188
f 6614//1955 6620//1955 6621//1955 6615//1955
f 6615//2189 6621//2189 6622//2189 6616//2189
f 6616//2190 6622//2190 6623//2190 6617//2190
f 6617//1958 6623//1958 6624//1958 6618//1958
f 6618//2191 6624//2191 6619//2191 6613//2191
f 6619//2192 6625//2192 6626//2192 6620//2192
f 6620//1955 6626//1955 6627//1955 6621//1955
f 6621//2193 6627//2193 6628//2193 6622//2193
f 6622//2194 6628//2194 6629//2194 6623//2194
f 6623//1958 6629//1958 6630//1958 6624//1958
f 6624//2195 6630//2195 6625//2195 6619//2195
f 6625//2196 6631//2196 6632//2196 6626//2196
f 6626//1955 6632//1955 6633//1955 6627//1955
f 6627//2172 6633//2172 6634//2172 6628//2172
f 6628//2175 6634//2175 6635//2175 6629//2175
f 6629//1958 6635//1958 6636//1958 6630//1958
f 6630//2197 6636//2197 6631//2197 6625//2197
f 6631//2198 6637//2198 6638//2198 6632//2198
f 6632//1955 6638//1955 6639//1955 6633//1955
f 6633//2199 6639//2199 6640//2199 6634//2199
f 6634//2200 6640//2200 6641//2200 6635//2200
f 6635//1958 6641//1958 6642//1958 6636//1958
f 6636//2201 6642//2201 6637//2201 6631//2201
f 6637//2202 6643//2202 6644//2202 6638//2202
f 6638//1955 6644//1955 6645//1955 6639//1955
f 6639//2203 6645//2203 6646//2203 6640//2203
f 6640//2204 6646//2204 6647//2204 6641//2204
f 6641//1958 6647//1958 6648//1958 6642//1958
f 6642//2205 6648//2205 6643//2205 6637//2205
f 6643//2206 6649//2206 6650//2206 6644//2206
f 6644//1955 6650//1955 6651//1955 6645//1955
f 6645//2207 6651//2207 6652//2207 6646//2207
f 6646//2208 6652//2208 6653//2208 6647//2208
f 6647//1958 6653//1958 6654//1958 6648//1958
f 6648//2209 6654//2209 6649//2209 6643//2209
f 6649//2210 6655//2210 6656//2210 6650//2210
f 6650//1955 6656//1955 6657//1955 6651//1955
f 6651//2211 6657//2211 6658//2211 6652//2211
f 6652//2212 6658//2212 6659//2212 6653//2212
f 6653//1958 6659//1958 6660//1958 6654//1958
f 6654//2213 6660//2213 6655//2213 6649//2213
f 6655//2214 6589//2214 6590//2214 6656//2214
f 6656//1955 6590//1955 6591//1955 6657//1955
f 6657//2215 6591//2215 6592//2215 6658//2215
f 6658//2216 6592//2216 6593//2216 6659//2216
f 6659//1958 6593//1958 6594//1958 6660//1958
f 6660//2217 6594//2217 6589//2217 6655//2217
f 6661//2218 6667//2218 6668//2218 6662//2218
f 6662//2219 6668//2219 6669//2219 6663//2219
f 6663//2220 6669//2220 6670//2220 6664//2220
f 6664//2221 6670//2221 6671//2221 6665//2221
f 6665//2222 6671//2222 6672//2222 6666//2222
f 6666//2223 6672//2223 6667//2223 6661//2223
f 6667//2224 6673//2224 6674//2224 6668//2224
f 6668//2225 6674//2225 6675//2225 6669//2225
f 6669//2226 6675//2226 6676//2226 6670//2226
f 6670//2227 6676//2227 6677//2227 6671//2227
f 6671//2228 6677//2228 6678//2228 6672//2228
f 6672//2229 6678//2229 6673//2229 6667//2229
f 6673//2230 6679//2230 6680//2230 6674//2230
f 6674//2231 6680//2231 6681//2231 6675//2231
f 6675//2232 6681//2232 6682//2232 6676//2232
f 6676//2233 6682//2233 6683//2233 6677//2233
f 6677//2234 6683//2234 6684//2234 6678//2234
f 6678//2235 6684//2235 6679//2235 6673//2235
f 6679//2236 6685//2236 6686//2236 6680//2236
f 6680//2237 6686//2237 6687//2237 6681//2237
f 6681//2238 6687//2238 6688//2238 6682//2238
f 6682//2239 6688//2239 6689//2239 6683//2239
f 6683//2240 6689//2240 6690//2240 6684//2240
f 6684//2241 6690//2241 6685//2241 6679//2241
f 6685//2242 6691//2242 6692//2242 6686//2242
f 6686//2243 6692//2243 6693//2243 6687//2243
f 6687//2244 6693//2244 6694//2244 6688//2244
f 6688//2245 6694//2245 6695//2245 6689//2245
f 6689//2246 6695//2246 6696//2246 6690//2246
f 6690//2247 6696//2247 6691//2247 6685//2247
f 6691//2248 6697//2248 6698//2248 6692//2248
f 6692//2249 6698//2249 6699//2249 6693//2249
f 6693//2250 6699//2250 6700//2250 6694//2250
f 6694//2251 6700//2251 6701//2251 6695//2251
f 6695//2252 6701//2252 6702//2252 6696//2252
f 6696//2253 6702//2253 6697//2253 6691//2253
f 6697//2254 6703//2254 6704//2254 6698//2254
f 6698//2255 6704//2255 6705//2255 6699//2255
f 6699//2256 6705//2256 6706//2256 6700//2256
f 6700//2257 6706//2257 6707//2257 6701//2257
f 6701//2258 6707//2258 6708//2258 6702//2258
f 6702//2259 6708//2259 6703//2259 6697//2259
f 6703//2260 6709//2260 6710//2260 6704//2260
f 6704//2261 6710//2261 6711//2261 6705//2261
f 6705//2262 6711//2262 6712//2262 6706//2262
f 6706//2263 6712//2263 6713//2263 6707//2263
f 6707//2264 6713//2264 6714//2264 6708//2264
f 6708//2265 6714//2265 6709//2265 6703//2265
f 6709//2266 6715//2266 6716//2266 6710//2266
f 6710//2267 6716//2267 6717//2267 6711//2267
f 6711//2268 6717//2268 6718//2268 6712//2268
f 6712//2269 6718//2269 6719//2269 6713//2269
f 6713//2270 6719//2270 6720//2270 6714//2270
f 6714//2271 6720//2271 6715//2271 6709//2271
f 6715//2272 6721//2272 6722//2272 6716//2272
f 6716//2273 6722//2273 6723//2273 6717//2273
f 6717//2274 6723//2274 6724//2274 6718//2274
f 6718//2275 6724//2275 6725//2275 6719//2275
f 6719//2276 6725//2276 6726//2276 6720//2276
f 6720//2277 6726//2277 6721//2277 6715//2277
f 6721//2278 6727//2278 6728//2278 6722//2278
f 6722//2279 6728//2279 6729//2279 6723//2279
f 6723//2280 6729//2280 6730//2280 6724//2280
f 6724//2281 6730//2281 6731//2281 6725//2281
f 6725//2282 6731//2282 6732//2282 6726//2282
f 6726//2283 6732//2283 6727//2283 6721//2283
f 6727//2284 6661//2284 6662//2284 6728//2284
f 6728//2285 6662//2285 6663//2285 6729//2285
f 6729//2286 6663//2286 6664//2286 6730//2286
f 6730//2287 6664//2287 6665//2287 6731//2287
f 6731//2288 6665//2288 6666//2288 6732//2288
f 6732//2289 6666//2289 6661//2289 6727//2289
f 6733//1980 6739//1980 6740//1980 6734//1980
f 6734//1955 6740//1955 6741//1955 6735//1955
f 6735//1981 6741//1981 6742//1981 6736//1981
f 6736//1982 6742//1982 6743//1982 6737//1982
f 6737//1958 6743//1958 6744//1958 6738//1958
f 6738//1983 6744//1983 6739//1983 6733//1983
f 6739//2290 6745//2290 6746//2290 6740//2290
f 6740//1955 6746//1955 6747//1955 6741//1955
f 6741//2291 6747//2291 6748//2291 6742//2291
f 6742//2292 6748//2292 6749//2292 6743//2292
f 6743//1958 6749//1958 6750//1958 6744//1958
f 6744//2293 6750//2293 6745//2293 6739//2293
f 6745//2294 6751//2294 6752//2294 6746//2294
f 6746//1955 6752//1955 6753//1955 6747//1955
f 6747//2295 6753//2295 6754//2295 6748//2295
f 6748//2296 6754//2296 6755//2296 6749//2296
f 6749//1958 6755//1958 6756//1958 6750//1958
f 6750//2297 6756//2297 6751//2297 6745//2297
f 6751//1992 6757//1992 6758//1992 6752//1992
f 6752//1955 6758//1955 6759//1955 6753//1955
f 6753//1993 6759//1993 6760//1993 6754//1993
f 6754//1994 6760//1994 6761//1994 6755//1994
f 6755//1958 6761//1958 6762//1958 6756//1958
f 6756//1995 6762//1995 6757//1995 6751//1995
f 6757//1996 6763//1996 6764//1996 6758//1996
f 6758//1955 6764//1955 6765//1955 6759//1955
f 6759//1997 6765//1997 6766//1997 6760//1997
f 6760//1998 6766//1998 6767//1998 6761//1998
f 6761//1958 6767//1958 6768//1958 6762//1958
f 6762//1999 6768//1999 6763//1999 6757//1999
f 6763//2000 6769//2000 6770//2000 6764//2000
f 6764//1955 6770//1955 6771//1955 6765//1955
f 6765//2001 6771//2001 6772//2001 6766//2001
f 6766//2002 6772//2002 6773//2002 6767//2002
f 6767//1958 6773//1958 6774//1958 6768//1958
f 6768//2003 6774//2003 6769//2003 6763//2003
f 6769//1954 6775//1954 6776//1954 6770//1954
f 6770//1955 6776//1955 6777//1955 6771//1955
f 6771//1956 6777//1956 6778//1956 6772//1956
f 6772//1957 6778//1957 6779//1957 6773//1957
f 6773//1958 6779//1958 6780//1958 6774//1958
f 6774//1959 6780//1959 6775//1959 6769//1959
f 6775//1960 6781//1960 6782//1960 6776//1960
f 6776//1955 6782//1955 6783//1955 6777//1955
f 6777//1961 6783//1961 6784//1961 6778//1961
f 6778//2298 6784//2298 6785//2298 6779//2298
f 6779//1958 6785//1958 6786//1958 6780//1958
f 6780//1963 6786//1963 6781//1963 6775//1963
f 6781//1964 6787//1964 6788//1964 6782//1964
f 6782//1955 6788//1955 6789//1955 6783//1955
f 6783//1965 6789//1965 6790//1965 6784//1965
f 6784//2299 6790//2299 6791//2299 6785//2299
f 6785//1958 6791//1958 6792//1958 6786//1958
f 6786//1967 6792//1967 6787//1967 6781//1967
f 6787//1968 6793//1968 6794//1968 6788//1968
f 6788//1955 6794//1955 6795//1955 6789//1955
f 6789//1969 6795//1969 6796//1969 6790//1969
f 6790//1970 6796//1970 6797//1970 6791//1970
f 6791//1958 6797//1958 6798//1958 6792//1958
f 6792//1971 6798//1971 6793//1971 6787//1971
f 6793//1972 6799//1972 6800//1972 6794//1972
f 6794//1955 6800//1955 6801//1955 6795//1955
f 6795//1973 6801//1973 6802//1973 6796//1973
f 6796//1974 6802//1974 6803//1974 6797//1974
f 6797//1958 6803//1958 6804//1958 6798//1958
f 6798//1975 6804//1975 6799//1975 6793//1975
f 6799//1976 6733//1976 6734//1976 6800//1976
f 6800//1955 6734//1955 6735//1955 6801//1955
f 6801//1977 6735//1977 6736//1977 6802//1977
f 6802//1978 6736//1978 6737//1978 6803//1978
f 6803//1958 6737//1958 6738//1958 6804//1958
f 6804//1979 6738//1979 6733//1979 6799//1979
f 6805//2300 6811//2300 6812//2300 6806//2300
f 6806//2301 6812//2301 6813//2301 6807//2301
f 6807//2302 6813//2302 6814//2302 6808//2302
f 6808//2303 6814//2303 6815//2303 6809//2303
f 6809//2304 6815//2304 6816//2304 6810//2304
f 6810//2305 6816//2305 6811//2305 6805//2305
f 6811//2033 6817//2033 6818//2033 6812//2033
f 6812//2032 6818//2032 6819//2032 6813//2032
f 6813//2031 6819//2031 6820//2031 6814//2031
f 6814//2030 6820//2030 6821//2030 6815//2030
f 6815//2029 6821//2029 6822//2029 6816//2029
f 6816//2028 6822//2028 6817//2028 6811//2028
f 6817//2027 6823//2027 6824//2027 6818//2027
f 6818//2026 6824//2026 6825//2026 6819//2026
f 6819//2025 6825//2025 6826//2025 6820//2025
f 6820//2024 6826//2024 6827//2024 6821//2024
f 6821//2023 6827//2023 6828//2023 6822//2023
f 6822//2022 6828//2022 6823//2022 6817//2022
f 6823//2021 6829//2021 6830//2021 6824//2021
f 6824//2020 6830//2020 6831//2020 6825//2020
f 6825//2019 6831//2019 6832//2019 6826//2019
f 6826//2018 6832//2018 6833//2018 6827//2018
f 6827//2017 6833//2017 6834//2017 6828//2017
f 6828//2016 6834//2016 6829//2016 6823//2016
f 6829//2015 6835//2015 6836//2015 6830//2015
f 6830//2014 6836//2014 6837//2014 6831//2014
f 6831//2013 6837//2013 6838//2013 6832//2013
f 6832//2012 6838//2012 6839//2012 6833//2012
f 6833//2011 6839//2011 6840//2011 6834//2011
f 6834//2010 6840//2010 6835//2010 6829//2010
f 6835//2306 6841//2306 6842//2306 6836//2306
f 6836//2307 6842//2307 6843//2307 6837//2307
f 6837//2308 6843//2308 6844//2308 6838//2308
f 6838//2309 6844//2309 6845//2309 6839//2309
f 6839//2310 6845//2310 6846//2310 6840//2310
f 6840//2311 6846//2311 6841//2311 6835//2311
f 6841//2312 6847//2312 6848//2312 6842//2312
f 6842//2313 6848//2313 6849//2313 6843//2313
f 6843//2314 6849//2314 6850//2314 6844//2314
f 6844//2315 6850//2315 6851//2315 6845//2315
f 6845//2316 6851//2316 6852//2316 6846//2316
f 6846//2317 6852//2317 6847//2317 6841//2317
f 6847//2069 6853//2069 6854//2069 6848//2069
f 6848//2068 6854//2068 6855//2068 6849//2068
f 6849//2067 6855//2067 6856//2067 6850//2067
f 6850//2066 6856//2066 6857//2066 6851//2066
f 6851//2065 6857//2065 6858//2065 6852//2065
f 6852//2064 6858//2064 6853//2064 6847//2064
f 6853//2063 6859//2063 6860//2063 6854//2063
f 6854//2062 6860//2062 6861//2062 6855//2062
f 6855//2061 6861//2061 6862//2061 6856//2061
f 6856//2060 6862//2060 6863//2060 6857//2060
f 6857//2059 6863//2059 6864//2059 6858//2059
f 6858//2058 6864//2058 6859//2058 6853//2058
f 6859//2057 6865//2057 6866//2057 6860//2057
f 6860//2056 6866//2056 6867//2056 6861//2056
f 6861//2055 6867//2055 6868//2055 6862//2055
f 6862//2054 6868//2054 6869//2054 6863//2054
f 6863//2053 6869//2053 6870//2053 6864//2053
f 6864//2052 6870//2052 6865//2052 6859//2052
f 6865//2051 6871//2051 6872//2051 6866//2051
f 6866//2050 6872//2050 6873//2050 6867//2050
f 6867//2049 6873//2049 6874//2049 6868//2049
f 6868//2048 6874//2048 6875//2048 6869//2048
f 6869//2047 6875//2047 6876//2047 6870//2047
f 6870//2046 6876//2046 6871//2046 6865//2046
f 6871//2318 6805//2318 6806//2318 6872//2318
f 6872//2319 6806//2319 6807//2319 6873//2319
f 6873//2320 6807//2320 6808//2320 6874//2320
f 6874//2321 6808//2321 6809//2321 6875//2321
f 6875//2322 6809//2322 6810//2322 6876//2322
f 6876//2323 6810//2323 6805//2323 6871//2323
f 6877//2324 6883//2324 6884//2324 6878//2324
f 6878//1955 6884//1955 6885//1955 6879//1955
f 6879//2325 6885//2325 6886//2325 6880//2325
f 6880//2326 6886//2326 6887//2326 6881//2326
f 6881//1958 6887//1958 6888//1958 6882//1958
f 6882//2327 6888//2327 6883//2327 6877//2327
f 6883//2104 6889//2104 6890//2104 6884//2104
f 6884//1955 6890//1955 6891//1955 6885//1955
f 6885//2105 6891//2105 6892//2105 6886//2105
f 6886//2106 6892//2106 6893//2106 6887//2106
f 6887//1958 6893//1958 6894//1958 6888//1958
f 6888//2107 6894//2107 6889//2107 6883//2107
f 6889//2108 6895//2108 6896//2108 6890//2108
f 6890//1955 6896//1955 6897//1955 6891//1955
f 6891//2328 6897//2328 6898//2328 6892//2328
f 6892//2329 6898//2329 6899//2329 6893//2329
f 6893//1958 6899//1958 6900//1958 6894//1958
f 6894//2111 6900//2111 6895//2111 6889//2111
f 6895//2112 6901//2112 6902//2112 6896//2112
f 6896//1955 6902//1955 6903//1955 6897//1955
f 6897//2330 6903//2330 6904//2330 6898//2330
f 6898//2331 6904//2331 6905//2331 6899//2331
f 6899//1958 6905//1958 6906//1958 6900//1958
f 6900//2115 6906//2115 6901//2115 6895//2115
f 6901//2116 6907//2116 6908//2116 6902//2116
f 6902//1955 6908//1955 6909//1955 6903//1955
f 6903//2117 6909//2117 6910//2117 6904//2117
f 6904//2118 6910//2118 6911//2118 6905//2118
f 6905//1958 6911//1958 6912//1958 6906//1958
f 6906//2119 6912//2119 6907//2119 6901//2119
f 6907//2332 6913//2332 6914//2332 6908//2332
f 6908//1955 6914//1955 6915//1955 6909//1955
f 6909//2333 6915//2333 6916//2333 6910//2333
f 6910//2334 6916//2334 6917//2334 6911//2334
f 6911//1958 6917//1958 6918//1958 6912//1958
f 6912//2335 6918//2335 6913//2335 6907//2335
f 6913//2336 6919//2336 6920//2336 6914//2336
f 6914//1955 6920//1955 6921//1955 6915//1955
f 6915//2337 6921//2337 6922//2337 6916//2337
f 6916//2338 6922//2338 6923//2338 6917//2338
f 6917//1958 6923//1958 6924//1958 6918//1958
f 6918//2339 6924//2339 6919//2339 6913//2339
f 6919//2080 6925//2080 6926//2080 6920//2080
f 6920//1955 6926//1955 6927//1955 6921//1955
f 6921//2081 6927//2081 6928//2081 6922//2081
f 6922//2082 6928//2082 6929//2082 6923//2082
f 6923//1958 6929//1958 6930//1958 6924//1958
f 6924//2083 6930//2083 6925//2083 6919//2083
f 6925//2084 6931//2084 6932//2084 6926//2084
f 6926//1955 6932//1955 6933//1955 6927//1955
f 6927//2340 6933//2340 6934//2340 6928//2340
f 6928//2341 6934//2341 6935//2341 6929//2341
f 6929//1958 6935//1958 6936//1958 6930//1958
f 6930//2087 6936//2087 6931//2087 6925//2087
f 6931//2088 6937//2088 6938//2088 6932//2088
f 6932//1955 6938//1955 6939//1955 6933//1955
f 6933//2342 6939//2342 6940//2342 6934//2342
f 6934//2343 6940//2343 6941//2343 6935//2343
f 6935//1958 6941//1958 6942//1958 6936//1958
f 6936//2091 6942//2091 6937//2091 6931//2091
f 6937//2092 6943//2092 6944//2092 6938//2092
f 6938//1955 6944//1955 6945//1955 6939//1955
f 6939//2093 6945//2093 6946//2093 6940//2093
f 6940//2094 6946//2094 6947//2094 6941//2094
f 6941//1958 6947//1958 6948//1958 6942//1958
f 6942//2095 6948//2095 6943//2095 6937//2095
f 6943//2344 6877//2344 6878//2344 6944//2344
f 6944//1955 6878//1955 6879//1955 6945//1955
f 6945//2332 6879//2332 6880//2332 6946//2332
f 6946//2335 6880//2335 6881//2335 6947//2335
f 6947//1958 6881//1958 6882//1958 6948//1958
f 6948//2345 6882//2345 6877//2345 6943//2345
f 6949//2147 6955//2147 6956//2147 6950//2147
f 6950//2126 6956//2126 6957//2126 6951//2126
f 6951//2146 6957//2146 6958//2146 6952//2146
f 6952//2145 6958//2145 6959//2145 6953//2145
f 6953//2123 6959//2123 6960//2123 6954//2123
f 6954//2144 6960//2144 6955//2144 6949//2144
f 6955//2143 6961//2143 6962//2143 6956//2143
f 6956//2126 6962//2126 6963//2126 6957//2126
f 6957//2142 6963//2142 6964//2142 6958//2142
f 6958//2141 6964//2141 6965//2141 6959//2141
f 6959//2123 6965//2123 6966//2123 6960//2123
f 6960//2140 6966//2140 6961//2140 6955//2140
f 6961//2139 6967//2139 6968//2139 6962//2139
f 6962//2126 6968//2126 6969//2126 6963//2126
f 6963//2138 6969//2138 6970//2138 6964//2138
f 6964//2137 6970//2137 6971//2137 6965//2137
f 6965//2123 6971//2123 6972//2123 6966//2123
f 6966//2136 6972//2136 6967//2136 6961//2136
f 6967//2135 6973//2135 6974//2135 6968//2135
f 6968//2126 6974//2126 6975//2126 6969//2126
f 6969//2346 6975//2346 6976//2346 6970//2346
f 6970//2347 6976//2347 6977//2347 6971//2347
f 6971//2123 6977//2123 6978//2123 6972//2123
f 6972//2132 6978//2132 6973//2132 6967//2132
f 6973//2131 6979//2131 6980//2131 6974//2131
f 6974//2126 6980//2126 6981//2126 6975//2126
f 6975//2348 6981//2348 6982//2348 6976//2348
f 6976//2349 6982//2349 6983//2349 6977//2349
f 6977//2123 6983//2123 6984//2123 6978//2123
f 6978//2128 6984//2128 6979//2128 6973//2128
f 6979//2127 6985//2127 6986//2127 6980//2127
f 6980//2126 6986//2126 6987//2126 6981//2126
f 6981//2125 6987//2125 6988//2125 6982//2125
f 6982//2124 6988//2124 6989//2124 6983//2124
f 6983//2123 6989//2123 6990//2123 6984//2123
f 6984//2122 6990//2122 6985//2122 6979//2122
f 6985//2171 6991//2171 6992//2171 6986//2171
f 6986//2126 6992//2126 6993//2126 6987//2126
f 6987//2170 6993//2170 6994//2170 6988//2170
f 6988//2169 6994//2169 6995//2169 6989//2169
f 6989//2123 6995//2123 6996//2123 6990//2123
f 6990//2168 6996//2168 6991//2168 6985//2168
f 6991//2167 6997//2167 6998//2167 6992//2167
f 6992//2126 6998//2126 6999//2126 6993//2126
f 6993//2350 6999//2350 7000//2350 6994//2350
f 6994//2351 7000//2351 7001//2351 6995//2351
f 6995//2123 7001//2123 7002//2123 6996//2123
f 6996//2352 7002//2352 6997//2352 6991//2352
f 6997//2163 7003//2163 7004//2163 6998//2163
f 6998//2126 7004//2126 7005//2126 6999//2126
f 6999//2353 7005//2353 7006//2353 7000//2353
f 7000//2354 7006//2354 7007//2354 7001//2354
f 7001//2123 7007//2123 7008//2123 7002//2123
f 7002//2160 7008//2160 7003//2160 6997//2160
f 7003//2355 7009//2355 7010//2355 7004//2355
f 7004//2126 7010//2126 7011//2126 7005//2126
f 7005//2356 7011//2356 7012//2356 7006//2356
f 7006//2357 7012//2357 7013//2357 7007//2357
f 7007//2123 7013//2123 7014//2123 7008//2123
f 7008//2358 7014//2358 7009//2358 7003//2358
f 7009//2359 7015//2359 7016//2359 7010//2359
f 7010//2126 7016//2126 7017//2126 7011//2126
f 7011//2360 7017//2360 7018//2360 7012//2360
f 7012//2361 7018//2361 7019//2361 7013//2361
f 7013//2123 7019//2123 7020//2123 7014//2123
f 7014//2362 7020//2362 7015//2362 7009//2362
f 7015//2151 6949//2151 6950//2151 7016//2151
f 7016//2126 6950//2126 6951//2126 7017//2126
f 7017//2150 6951//2150 6952//2150 7018//2150
f 7018//2149 6952//2149 6953//2149 7019//2149
f 7019//2123 6953//2123 6954//2123 7020//2123
f 7020//2148 6954//2148 6949//2148 7015//2148
f 7021//2363 7027//2363 7028//2363 7022//2363
f 7022//1955 7028//1955 7029//1955 7023//1955
f 7023//2364 7029//2364 7030//2364 7024//2364
f 7024//2365 7030//2365 7031//2365 7025//2365
f 7025//1958 7031//1958 7032//1958 7026//1958
f 7026//2366 7032//2366 7027//2366 7021//2366
f 7027//2198 7033//2198 7034//2198 7028//2198
f 7028//1955 7034//1955 7035//1955 7029//1955
f 7029//2199 7035//2199 7036//2199 7030//2199
f 7030//2200 7036//2200 7037//2200 7031//2200
f 7031//1958 7037//1958 7038//1958 7032//1958
f 7032//2201 7038//2201 7033//2201 7027//2201
f 7033//2202 7039//2202 7040//2202 7034//2202
f 7034//1955 7040//1955 7041//1955 7035//1955
f 7035//2367 7041//2367 7042//2367 7036//2367
f 7036//2368 7042//2368 7043//2368 7037//2368
f 7037//1958 7043//1958 7044//1958 7038//1958
f 7038//2205 7044//2205 7039//2205 7033//2205
f 7039//2206 7045//2206 7046//2206 7040//2206
f 7040//1955 7046//1955 7047//1955 7041//1955
f 7041//2369 7047//2369 7048//2369 7042//2369
f 7042//2370 7048//2370 7049//2370 7043//2370
f 7043//1958 7049//1958 7050//1958 7044//1958
f 7044//2209 7050//2209 7045//2209 7039//2209
f 7045//2210 7051//2210 7052//2210 7046//2210
f 7046//1955 7052//1955 7053//1955 7047//1955
f 7047//2211 7053//2211 7054//2211 7048//2211
f 7048//2212 7054//2212 7055//2212 7049//2212
f 7049//1958 7055//1958 7056//1958 7050//1958
f 7050//2213 7056//2213 7051//2213 7045//2213
f 7051//2371 7057//2371 7058//2371 7052//2371
f 7052//1955 7058//1955 7059//1955 7053//1955
f 7053//2372 7059//2372 7060//2372 7054//2372
f 7054//2373 7060//2373 7061//2373 7055//2373
f 7055//1958 7061//1958 7062//1958 7056//1958
f 7056//2374 7062//2374 7057//2374 7051//2374
f 7057//2375 7063//2375 7064//2375 7058//2375
f 7058//1955 7064//1955 7065//1955 7059//1955
f 7059//2363 7065//2363 7066//2363 7060//2363
f 7060//2366 7066//2366 7067//2366 7061//2366
f 7061//1958 7067//1958 7068//1958 7062//1958
f 7062//2376 7068//2376 7063//2376 7057//2376
f 7063//2176 7069//2176 7070//2176 7064//2176
f 7064//1955 7070//1955 7071//1955 7065//1955
f 7065//2177 7071//2177 7072//2177 7066//2177
f 7066//2178 7072//2178 7073//2178 7067//2178
f 7067//1958 7073//1958 7074//1958 7068//1958
f 7068//2179 7074//2179 7069//2179 7063//2179
f 7069//2180 7075//2180 7076//2180 7070//2180
f 7070//1955 7076//1955 7077//1955 7071//1955
f 7071//2377 7077//2377 7078//2377 7072//2377
f 7072//2378 7078//2378 7079//2378 7073//2378
f 7073//1958 7079//1958 7080//1958 7074//1958
f 7074//2183 7080//2183 7075//2183 7069//2183
f 7075//2184 7081//2184 7082//2184 7076//2184
f 7076//1955 7082//1955 7083//1955 7077//1955
f 7077//2379 7083//2379 7084//2379 7078//2379
f 7078//2380 7084//2380 7085//2380 7079//2380
f 7079//1958 7085//1958 7086//1958 7080//1958
f 7080//2187 7086//2187 7081//2187 7075//2187
f 7081//2188 7087//2188 7088//2188 7082//2188
f 7082//1955 7088//1955 7089//1955 7083//1955
f 7083//2189 7089//2189 7090//2189 7084//2189
f 7084//2190 7090//2190 7091//2190 7085//2190
f 7085//1958 7091//1958 7092//1958 7086//1958
f 7086//2191 7092//2191 7087//2191 7081//2191
f 7087//2381 7021//2381 7022//2381 7088//2381
f 7088//1955 7022//1955 7023//1955 7089//1955
f 7089//2382 7023//2382 7024//2382 7090//2382
f 7090//2383 7024//2383 7025//2383 7091//2383
f 7091//1958 7025//1958 7026//1958 7092//1958
f 7092//2384 7026//2384 7021//2384 7087//2384
f 7093//2385 7099//2385 7100//2385 7094//2385
f 7094//2386 7100//2386 7101//2386 7095//2386
f 7095//2387 7101//2387 7102//2387 7096//2387
f 7096//2388 7102//2388 7103//2388 7097//2388
f 7097//2389 7103//2389 7104//2389 7098//2389
f 7098//2390 7104//2390 7099//2390 7093//2390
f 7099//2247 7105//2247 7106//2247 7100//2247
f 7100//2246 7106//2246 7107//2246 7101//2246
f 7101//2245 7107//2245 7108//2245 7102//2245
f 7102//2244 7108//2244 7109//2244 7103//2244
f 7103//2243 7109//2243 7110//2243 7104//2243
f 7104//2242 7110//2242 7105//2242 7099//2242
f 7105//2241 7111//2241 7112//2241 7106//2241
f 7106//2240 7112//2240 7113//2240 7107//2240
f 7107//2239 7113//2239 7114//2239 7108//2239
f 7108//2238 7114//2238 7115//2238 7109//2238
f 7109//2237 7115//2237 7116//2237 7110//2237
f 7110//2236 7116//2236 7111//2236 7105//2236
f 7111//2235 7117//2235 7118//2235 7112//2235
f 7112//2234 7118//2234 7119//2234 7113//2234
f 7113//2233 7119//2233 7120//2233 7114//2233
f 7114//2232 7120//2232 7121//2232 7115//2232
f 7115//2231 7121//2231 7122//2231 7116//2231
f 7116//2230 7122//2230 7117//2230 7111//2230
f 7117//2229 7123//2229 7124//2229 7118//2229
f 7118//2228 7124//2228 7125//2228 7119//2228
f 7119//2227 7125//2227 7126//2227 7120//2227
f 7120//2226 7126//2226 7127//2226 7121//2226
f 7121//2225 7127//2225 7128//2225 7122//2225
f 7122//2224 7128//2224 7123//2224 7117//2224
f 7123//2391 7129//2391 7130//2391 7124//2391
f 7124//2392 7130//2392 7131//2392 7125//2392
f 7125//2393 7131//2393 7132//2393 7126//2393
f 7126//2394 7132//2394 7133//2394 7127//2394
f 7127//2395 7133//2395 7134//2395 7128//2395
f 7128//2396 7134//2396 7129//2396 7123//2396
f 7129//2397 7135//2397 7136//2397 7130//2397
f 7130//2398 7136//2398 7137//2398 7131//2398
f 7131//2399 7137//2399 7138//2399 7132//2399
f 7132//2400 7138//2400 7139//2400 7133//2400
f 7133//2401 7139//2401 7140//2401 7134//2401
f 7134//2402 7140//2402 7135//2402 7129//2402
f 7135//2283 7141//2283 7142//2283 7136//2283
f 7136//2282 7142//2282 7143//2282 7137//2282
f 7137//2281 7143//2281 7144//2281 7138//2281
f 7138//2280 7144//2280 7145//2280 7139//2280
f 7139//2279 7145//2279 7146//2279 7140//2279
f 7140//2278 7146//2278 7141//2278 7135//2278
f 7141//2277 7147//2277 7148//2277 7142//2277
f 7142//2276 7148//2276 7149//2276 7143//2276
f 7143//2275 7149//2275 7150//2275 7144//2275
f 7144//2274 7150//2274 7151//2274 7145//2274
f 7145//2273 7151//2273 7152//2273 7146//2273
f 7146//2272 7152//2272 7147//2272 7141//2272
f 7147//2271 7153//2271 7154//2271 7148//2271
f 7148//2270 7154//2270 7155//2270 7149//2270
f 7149//2269 7155//2269 7156//2269 7150//2269
f 7150//2268 7156//2268 7157//2268 7151//2268
f 7151//2267 7157//2267 7158//2267 7152//2267
f 7152//2266 7158//2266 7153//2266 7147//2266
f 7153//2265 7159//2265 7160//2265 7154//2265
f 7154//2264 7160//2264 7161//2264 7155//2264
f 7155//2263 7161//2263 7162//2263 7156//2263
f 7156//2262 7162//2262 7163//2262 7157//2262
f 7157//2261 7163//2261 7164//2261 7158//2261
f 7158//2260 7164//2260 7159//2260 7153//2260
f 7159//2403 7093//2403 7094//2403 7160//2403
f 7160//2404 7094//2404 7095//2404 7161//2404
f 7161//2405 7095//2405 7096//2405 7162//2405
f 7162//2406 7096//2406 7097//2406 7163//2406
f 7163//2407 7097//2407 7098//2407 7164//2407
f 7164//2408 7098//2408 7093//2408 7159//2408
o Cylinder
v 0.144788 0.000460 -0.066505
v 0.112560 0.005927 -0.046201
v 0.090360 -0.009246 -0.017534
v 0.086160 -0.039421 0.008552
v 0.102119 -0.072900 0.022087
v 0.132520 -0.096779 0.017898
v 0.165562 -0.101995 -0.002413
v 0.188370 -0.086635 -0.031086
v 0.192205 -0.056572 -0.057169
v 0.175424 -0.023347 -0.070696
v 0.143842 0.061756 0.018375
v 0.191229 0.056213 0.000171
v 0.209146 0.037815 0.010228
v 0.212783 0.017064 0.029617
v 0.200930 0.001943 0.050930
v 0.178141 -0.001765 0.066026
v 0.153329 0.007420 0.069136
v 0.136005 0.026001 0.059073
v 0.166117 0.065306 0.003284
v 0.132479 0.046786 0.039683
v 0.119616 0.222992 0.032313
v 0.124129 0.220828 0.040631
v 0.114419 0.219632 0.041898
v 0.115868 0.222524 0.032797
v 0.124723 0.221945 0.037154
v 0.117730 0.219388 0.043563
v 0.113232 0.221559 0.035244
v 0.122999 0.222772 0.033977
v 0.121446 0.219847 0.043079
v 0.112710 0.220463 0.038720
v 0.132233 0.135855 0.048523
v 0.171368 0.123102 0.064711
v 0.179623 0.149194 0.030516
v 0.135316 0.145800 0.035462
v 0.154459 0.121810 0.066600
v 0.186942 0.140033 0.042409
v 0.147688 0.152750 0.026222
v 0.139537 0.126689 0.060416
v 0.183788 0.130067 0.055471
v 0.164629 0.154051 0.024332
v 0.119216 -0.022844 -0.120476
v 0.162905 0.028324 -0.022072
v 0.161166 -0.009528 -0.070938
v 0.128012 0.005863 -0.058044
v 0.079839 -0.016778 -0.096467
v 0.136741 0.031237 -0.004925
v 0.099615 0.000831 -0.032268
v 0.053044 -0.034883 -0.062578
v 0.119548 0.017580 0.019292
v 0.085605 -0.023075 -0.003445
v 0.048780 -0.070333 -0.031753
v 0.117311 -0.007610 0.041335
v 0.091754 -0.056594 0.017412
v 0.069274 -0.109400 -0.015771
v 0.131345 -0.034570 0.052779
v 0.116095 -0.086805 0.022332
v 0.106839 -0.137121 -0.020738
v 0.156767 -0.052854 0.049248
v 0.149606 -0.102086 0.009434
v 0.146816 -0.143002 -0.044754
v 0.183776 -0.055507 0.032093
v 0.178960 -0.096760 -0.016350
v 0.173845 -0.124825 -0.078644
v 0.201736 -0.041615 0.007869
v 0.193037 -0.072834 -0.045174
v 0.177602 -0.089533 -0.109464
v 0.203742 -0.016496 -0.014172
v 0.186219 -0.039521 -0.066025
v 0.156651 -0.050605 -0.125442
v 0.188762 0.010173 -0.025606
v 0.159389 0.107938 0.016927
v 0.140991 0.099329 0.029802
v 0.134820 0.084251 0.047979
v 0.143120 0.068429 0.064517
v 0.162794 0.057928 0.073097
v 0.186417 0.056787 0.070442
v 0.204956 0.065439 0.057566
v 0.211268 0.080561 0.039388
v 0.202935 0.096373 0.022850
v 0.183096 0.106823 0.014272
v 0.153969 0.065175 0.009573
v 0.136443 0.055482 0.028731
v 0.201686 0.047824 0.003644
v 0.178973 0.062276 -0.000010
v 0.213036 0.027217 0.019145
v 0.208658 0.008319 0.040570
v 0.190468 -0.001580 0.059735
v 0.165309 0.001273 0.069320
v 0.143221 0.015917 0.065659
v 0.132238 0.036636 0.050155
v 0.098235 0.246397 0.032252
v 0.098235 0.246397 0.032252
v 0.098235 0.246397 0.032252
v 0.098235 0.246397 0.032252
v 0.098235 0.246397 0.032252
v 0.098235 0.246397 0.032252
v 0.098235 0.246397 0.032252
v 0.098235 0.246397 0.032252
v 0.098235 0.246397 0.032252
v 0.098235 0.246397 0.032252
v 0.121447 0.222971 0.032892
v 0.155980 0.154217 0.024212
v 0.123005 0.220293 0.042061
v 0.186729 0.134897 0.049124
v 0.113305 0.219990 0.040434
v 0.146332 0.123527 0.064460
v 0.140537 0.149870 0.030070
v 0.184536 0.144967 0.035987
v 0.163083 0.121637 0.066721
v 0.132417 0.140981 0.041809
v 0.172791 0.152346 0.026472
v 0.117693 0.222841 0.032271
v 0.178531 0.125986 0.060863
v 0.124731 0.221397 0.038943
v 0.134646 0.130924 0.054944
v 0.115934 0.219420 0.042983
v 0.114320 0.222082 0.033814
v 0.124135 0.222420 0.035440
v 0.119628 0.219532 0.043605
v 0.112672 0.221002 0.036932
v 0.124828 0.186344 0.044406
v 0.145531 0.182386 0.053900
v 0.149536 0.192565 0.033974
v 0.126252 0.190199 0.036795
v 0.136660 0.181490 0.054978
v 0.153521 0.189241 0.040919
v 0.132638 0.193144 0.031426
v 0.128791 0.183014 0.051351
v 0.151991 0.185353 0.048530
v 0.141559 0.194055 0.030348
v 0.139193 -0.034458 -0.125722
v 0.176604 0.020889 -0.025814
v 0.098754 -0.016654 -0.110470
v 0.149130 0.031949 -0.014926
v 0.064069 -0.022946 -0.079994
v 0.126595 0.026383 0.006845
v 0.047652 -0.051157 -0.045929
v 0.116239 0.005895 0.031197
v 0.056097 -0.090412 -0.021288
v 0.122449 -0.021557 0.048824
v 0.086719 -0.125551 -0.015491
v 0.143087 -0.045413 0.052990
v 0.127562 -0.143231 -0.030748
v 0.170843 -0.056387 0.042100
v 0.162834 -0.136759 -0.061229
v 0.194447 -0.050491 0.020318
v 0.179039 -0.108613 -0.095292
v 0.205036 -0.029931 -0.004036
v 0.169988 -0.069544 -0.119926
v 0.198201 -0.002672 -0.021656
v 0.171143 0.108697 0.014117
v 0.148961 0.104747 0.022292
v 0.136077 0.092294 0.038637
v 0.137180 0.076023 0.056911
v 0.151904 0.062165 0.070133
v 0.174671 0.056030 0.073253
v 0.196892 0.059993 0.065077
v 0.209962 0.072504 0.048730
v 0.208912 0.088791 0.030456
v 0.194081 0.102615 0.017235
v 0.098235 0.246397 0.032252
v 0.098235 0.246397 0.032252
v 0.098235 0.246397 0.032252
v 0.098235 0.246397 0.032252
v 0.098235 0.246397 0.032252
v 0.098235 0.246397 0.032252
v 0.098235 0.246397 0.032252
v 0.098235 0.246397 0.032252
v 0.098235 0.246397 0.032252
v 0.098235 0.246397 0.032252
v 0.145889 0.193603 0.031607
v 0.136994 0.193907 0.030266
v 0.149272 0.183664 0.051667
v 0.153478 0.187272 0.044833
v 0.126176 0.184520 0.048153
v 0.132383 0.181959 0.053718
v 0.128917 0.191872 0.033659
v 0.152186 0.191069 0.037171
v 0.141188 0.181626 0.055061
v 0.124827 0.188299 0.040491
vn 0.1761 0.8373 -0.5177
vn 0.4538 0.6953 -0.5573
vn 0.0129 0.1770 -0.9841
vn -0.2085 0.2948 -0.9325
vn -0.4349 0.3545 -0.8278
vn -0.1146 0.9066 -0.4061
vn -0.3158 0.7448 -0.5878
vn -0.0024 0.7078 -0.7064
vn 0.3187 0.6039 -0.7306
vn -0.3853 0.8924 -0.2350
vn -0.6462 0.3426 -0.6820
vn -0.8159 0.2690 -0.5119
vn -0.6005 0.7991 -0.0284
vn -0.7647 0.6266 -0.1505
vn -0.5818 0.7128 -0.3917
vn -0.7436 0.6419 0.1869
vn -0.9303 0.1370 -0.3403
vn -0.9836 -0.0316 -0.1777
vn -0.8094 0.4355 0.3939
vn -0.8661 0.3406 0.3658
vn -0.8586 0.5011 0.1083
vn -0.7941 0.1952 0.5757
vn -0.9723 -0.2300 -0.0418
vn -0.8975 -0.4366 0.0622
vn -0.6945 -0.0598 0.7170
vn -0.6343 -0.0446 0.7718
vn -0.7895 0.1545 0.5940
vn -0.5150 -0.3038 0.8015
vn -0.7632 -0.6356 0.1164
vn -0.5813 -0.8042 0.1243
vn -0.2693 -0.5069 0.8188
vn -0.1430 -0.3985 0.9060
vn -0.4129 -0.2370 0.8794
vn 0.0129 -0.6425 0.7662
vn -0.3699 -0.9259 0.0770
vn -0.1457 -0.9892 -0.0137
vn 0.2986 -0.6968 0.6522
vn 0.4162 -0.5434 0.7290
vn 0.1439 -0.5040 0.8516
vn 0.5578 -0.6694 0.4906
vn 0.0652 -0.9868 -0.1482
vn 0.2471 -0.9186 -0.3084
vn 0.7654 -0.5689 0.3009
vn 0.8283 -0.4363 0.3515
vn 0.6507 -0.5180 0.5552
vn 0.9069 -0.4096 0.0987
vn 0.3736 -0.7914 -0.4839
vn 0.4390 -0.6157 -0.6543
vn 0.9732 -0.2067 -0.1004
vn 0.9848 -0.1441 -0.0971
vn 0.9422 -0.3087 0.1303
vn 0.9589 0.0251 -0.2825
vn 0.4284 -0.4109 -0.8048
vn 0.3495 -0.1942 -0.9166
vn 0.8627 0.2672 -0.4294
vn 0.8186 0.2513 -0.5164
vn 0.9460 0.0479 -0.3206
vn 0.6891 0.4984 -0.5260
vn 0.2033 0.0070 -0.9791
vn 0.6020 0.4451 -0.6629
vn -0.7664 0.3285 -0.5520
vn -0.9166 0.2783 -0.2870
vn -0.9484 0.0180 -0.3167
vn -0.7995 0.0485 -0.5987
vn -0.5966 0.0997 -0.7963
vn -0.5413 0.3755 -0.7523
vn 0.3930 0.3582 -0.8469
vn 0.0646 0.4042 -0.9124
vn -0.0749 0.2325 -0.9697
vn 0.2369 0.2919 -0.9266
vn 0.5523 0.3257 -0.7674
vn 0.6830 0.2666 -0.6800
vn 0.8871 0.1420 -0.4392
vn 0.8072 0.3148 -0.4994
vn 0.9497 0.2624 -0.1711
vn 0.9869 0.0093 -0.1610
vn 0.9869 -0.1111 0.1171
vn 0.9703 0.1878 0.1523
vn 0.8945 0.1150 0.4320
vn 0.9041 -0.2047 0.3751
vn 0.7539 -0.2642 0.6016
vn 0.7510 0.0585 0.6577
vn 0.5642 0.0226 0.8253
vn 0.5480 -0.2856 0.7862
vn 0.3022 -0.2663 0.9153
vn 0.3484 0.0077 0.9373
vn 0.1152 0.0078 0.9933
vn 0.0322 -0.2096 0.9773
vn -0.2470 -0.1216 0.9614
vn -0.1377 0.0169 0.9903
vn -0.4086 0.0261 0.9123
vn -0.5131 -0.0191 0.8581
vn -0.7465 0.0806 0.6605
vn -0.6827 0.0275 0.7302
vn -0.9045 0.0202 0.4260
vn -0.9127 0.1644 0.3742
vn -0.2578 0.4059 -0.8768
vn -0.3548 0.1640 -0.9204
vn -0.9732 0.2277 0.0334
vn -0.9990 0.0109 0.0431
vn 0.1623 0.1721 -0.9716
vn 0.1639 0.2189 -0.9619
vn -0.1118 0.0478 -0.9926
vn -0.1101 -0.0458 -0.9929
vn -0.2207 -0.1839 -0.9579
vn 0.3108 0.2789 -0.9086
vn 0.6472 0.6074 -0.4606
vn 0.4316 0.4056 -0.8057
vn 0.4481 0.4055 -0.7967
vn 0.5365 0.6268 0.5651
vn 0.5804 0.4972 0.6449
vn 0.6953 0.5601 0.4504
vn 0.6361 0.6760 0.3721
vn 0.4775 0.5766 0.6630
vn 0.3809 0.5141 0.7685
vn 0.2797 0.4485 0.8489
vn 0.4110 0.5614 0.7183
vn 0.4407 0.4278 0.7892
vn -0.6963 -0.1215 0.7074
vn -0.6649 -0.0327 0.7462
vn -0.3924 0.0857 0.9158
vn -0.4294 0.0787 0.8997
vn -0.3071 0.0389 0.9509
vn -0.5041 -0.1284 0.8541
vn -0.6673 -0.2922 0.6851
vn -0.8717 -0.2997 0.3878
vn -0.8843 -0.1495 0.4423
vn -0.3485 -0.2171 -0.9118
vn -0.3559 -0.0870 -0.9305
vn -0.5720 -0.1836 -0.7994
vn -0.5499 -0.3386 -0.7635
vn -0.7554 -0.5664 -0.3295
vn -0.5844 -0.4663 -0.6641
vn 0.7015 0.7010 0.1284
vn 0.7714 0.6066 0.1923
vn 0.7773 0.6141 -0.1369
vn 0.7105 0.6817 -0.1746
vn 0.6596 0.6874 0.3040
vn 0.5722 0.6366 0.5170
vn -0.1578 0.2490 0.9555
vn -0.1338 0.1880 0.9730
vn 0.0887 0.2761 0.9570
vn 0.0720 0.3800 0.9222
vn 0.0394 0.2905 0.9561
vn -0.1181 0.1812 0.9763
vn -0.7181 -0.4149 -0.5587
vn -0.7636 -0.2448 -0.5975
vn -0.9125 -0.2653 -0.3114
vn -0.8467 -0.4421 -0.2960
vn -0.8228 -0.5199 0.2295
vn -0.8202 -0.5710 -0.0335
vn 0.6272 0.5876 -0.5113
vn 0.6715 0.5498 -0.4969
vn 0.7121 0.7019 -0.0141
vn 0.2585 0.4808 0.8379
vn 0.2779 0.3546 0.8927
vn 0.1689 0.3764 0.9109
vn -0.9121 -0.4091 0.0272
vn -0.9705 -0.2348 0.0553
vn -0.7735 -0.4265 0.4689
vn -0.9927 -0.0921 0.0781
vn -0.8817 -0.0474 0.4694
vn -0.9464 -0.1051 -0.3055
vn 0.3040 0.2184 0.9273
vn 0.4842 0.2724 0.8315
vn 0.1047 0.1686 0.9801
vn 0.7310 0.4739 -0.4910
vn 0.4813 0.3881 -0.7860
vn 0.8607 0.4928 -0.1279
vn -0.7919 -0.0844 -0.6048
vn -0.5893 -0.0347 -0.8072
vn -0.1200 0.1196 0.9855
vn -0.3748 0.0679 0.9246
vn 0.8636 0.4565 0.2139
vn 0.7790 0.3962 0.4859
vn -0.3620 0.0398 -0.9313
vn -0.1081 0.1398 -0.9843
vn -0.6466 0.0104 0.7628
vn 0.6448 0.3322 0.6884
vn 0.1787 0.2615 -0.9485
s 1
usemtl Material.016
f 7165//2409 7207//2410 7295//2411 7205//2412
f 7165//2409 7205//2412 7297//2413 7208//2414
f 7165//2409 7208//2414 7298//2415 7206//2416
f 7165//2409 7206//2416 7296//2417 7207//2410
f 7166//2418 7208//2414 7297//2413 7209//2419
f 7166//2418 7209//2419 7299//2420 7211//2421
f 7166//2418 7211//2421 7300//2422 7210//2423
f 7166//2418 7210//2423 7298//2415 7208//2414
f 7167//2424 7211//2421 7299//2420 7212//2425
f 7167//2424 7212//2425 7301//2426 7214//2427
f 7167//2424 7214//2427 7302//2428 7213//2429
f 7167//2424 7213//2429 7300//2422 7211//2421
f 7168//2430 7214//2427 7301//2426 7215//2431
f 7168//2430 7215//2431 7303//2432 7217//2433
f 7168//2430 7217//2433 7304//2434 7216//2435
f 7168//2430 7216//2435 7302//2428 7214//2427
f 7169//2436 7217//2433 7303//2432 7218//2437
f 7169//2436 7218//2437 7305//2438 7220//2439
f 7169//2436 7220//2439 7306//2440 7219//2441
f 7169//2436 7219//2441 7304//2434 7217//2433
f 7170//2442 7220//2439 7305//2438 7221//2443
f 7170//2442 7221//2443 7307//2444 7223//2445
f 7170//2442 7223//2445 7308//2446 7222//2447
f 7170//2442 7222//2447 7306//2440 7220//2439
f 7171//2448 7223//2445 7307//2444 7224//2449
f 7171//2448 7224//2449 7309//2450 7226//2451
f 7171//2448 7226//2451 7310//2452 7225//2453
f 7171//2448 7225//2453 7308//2446 7223//2445
f 7172//2454 7226//2451 7309//2450 7227//2455
f 7172//2454 7227//2455 7311//2456 7229//2457
f 7172//2454 7229//2457 7312//2458 7228//2459
f 7172//2454 7228//2459 7310//2452 7226//2451
f 7173//2460 7229//2457 7311//2456 7230//2461
f 7173//2460 7230//2461 7313//2462 7232//2463
f 7173//2460 7232//2463 7314//2464 7231//2465
f 7173//2460 7231//2465 7312//2458 7229//2457
f 7174//2466 7232//2463 7313//2462 7233//2467
f 7174//2466 7233//2467 7295//2411 7207//2410
f 7174//2466 7207//2410 7296//2417 7234//2468
f 7174//2466 7234//2468 7314//2464 7232//2463
f 7175//2469 7210//2423 7300//2422 7246//2470
f 7175//2469 7246//2470 7317//2471 7236//2472
f 7175//2469 7236//2472 7316//2473 7245//2474
f 7175//2469 7245//2474 7298//2415 7210//2423
f 7176//2475 7234//2468 7296//2417 7248//2476
f 7176//2475 7248//2476 7315//2477 7244//2478
f 7176//2475 7244//2478 7324//2479 7247//2480
f 7176//2475 7247//2480 7314//2464 7234//2468
f 7177//2481 7231//2465 7314//2464 7247//2480
f 7177//2481 7247//2480 7324//2479 7243//2482
f 7177//2481 7243//2482 7323//2483 7249//2484
f 7177//2481 7249//2484 7312//2458 7231//2465
f 7178//2485 7228//2459 7312//2458 7249//2484
f 7178//2485 7249//2484 7323//2483 7242//2486
f 7178//2485 7242//2486 7322//2487 7250//2488
f 7178//2485 7250//2488 7310//2452 7228//2459
f 7179//2489 7225//2453 7310//2452 7250//2488
f 7179//2489 7250//2488 7322//2487 7241//2490
f 7179//2489 7241//2490 7321//2491 7251//2492
f 7179//2489 7251//2492 7308//2446 7225//2453
f 7180//2493 7222//2447 7308//2446 7251//2492
f 7180//2493 7251//2492 7321//2491 7240//2494
f 7180//2493 7240//2494 7320//2495 7252//2496
f 7180//2493 7252//2496 7306//2440 7222//2447
f 7181//2497 7219//2441 7306//2440 7252//2496
f 7181//2497 7252//2496 7320//2495 7239//2498
f 7181//2497 7239//2498 7319//2499 7253//2500
f 7181//2497 7253//2500 7304//2434 7219//2441
f 7182//2501 7216//2435 7304//2434 7253//2500
f 7182//2501 7253//2500 7319//2499 7238//2502
f 7182//2501 7238//2502 7318//2503 7254//2504
f 7182//2501 7254//2504 7302//2428 7216//2435
f 7183//2505 7206//2416 7298//2415 7245//2474
f 7183//2505 7245//2474 7316//2473 7235//2506
f 7183//2505 7235//2506 7315//2477 7248//2476
f 7183//2505 7248//2476 7296//2417 7206//2416
f 7184//2507 7213//2429 7302//2428 7254//2504
f 7184//2507 7254//2504 7318//2503 7237//2508
f 7184//2507 7237//2508 7317//2471 7246//2470
f 7184//2507 7246//2470 7300//2422 7213//2429
f 7185//2509 7294//2510 7336//2511 7276//2512
f 7185//2509 7276//2512 7325//2513 7264//2514
f 7185//2509 7264//2514 7334//2515 7265//2516
f 7185//2509 7265//2516 7335//2517 7294//2510
f 7186//2518 7293//2519 7338//2520 7278//2521
f 7186//2518 7278//2521 7332//2522 7261//2523
f 7186//2518 7261//2523 7331//2524 7267//2525
f 7186//2518 7267//2525 7337//2526 7293//2519
f 7187//2527 7292//2528 7340//2529 7280//2530
f 7187//2527 7280//2530 7329//2531 7258//2532
f 7187//2527 7258//2532 7328//2533 7269//2534
f 7187//2527 7269//2534 7339//2535 7292//2528
f 7188//2536 7291//2537 7341//2538 7281//2539
f 7188//2536 7281//2539 7326//2540 7255//2541
f 7188//2536 7255//2541 7325//2513 7276//2512
f 7188//2536 7276//2512 7336//2511 7291//2537
f 7189//2542 7290//2543 7342//2544 7282//2545
f 7189//2542 7282//2545 7333//2546 7262//2547
f 7189//2542 7262//2547 7332//2522 7278//2521
f 7189//2542 7278//2521 7338//2520 7290//2543
f 7190//2548 7289//2549 7343//2550 7283//2551
f 7190//2548 7283//2551 7330//2552 7259//2553
f 7190//2548 7259//2553 7329//2531 7280//2530
f 7190//2548 7280//2530 7340//2529 7289//2549
f 7191//2554 7288//2555 7344//2556 7284//2557
f 7191//2554 7284//2557 7327//2558 7256//2559
f 7191//2554 7256//2559 7326//2540 7281//2539
f 7191//2554 7281//2539 7341//2538 7288//2555
f 7192//2560 7287//2561 7335//2517 7265//2516
f 7192//2560 7265//2516 7334//2515 7263//2562
f 7192//2560 7263//2562 7333//2546 7282//2545
f 7192//2560 7282//2545 7342//2544 7287//2561
f 7193//2563 7286//2564 7337//2526 7267//2525
f 7193//2563 7267//2525 7331//2524 7260//2565
f 7193//2563 7260//2565 7330//2552 7283//2551
f 7193//2563 7283//2551 7343//2550 7286//2564
f 7194//2566 7285//2567 7339//2535 7269//2534
f 7194//2566 7269//2534 7328//2533 7257//2568
f 7194//2566 7257//2568 7327//2558 7284//2557
f 7194//2566 7284//2557 7344//2556 7285//2567
f 7195//2569 7237//2508 7318//2503 7279//2570
f 7195//2569 7279//2570 7339//2535 7285//2567
f 7195//2569 7285//2567 7344//2556 7274//2571
f 7195//2569 7274//2571 7317//2471 7237//2508
f 7196//2572 7240//2494 7321//2491 7277//2573
f 7196//2572 7277//2573 7337//2526 7286//2564
f 7196//2572 7286//2564 7343//2550 7273//2574
f 7196//2572 7273//2574 7320//2495 7240//2494
f 7197//2575 7243//2482 7324//2479 7275//2576
f 7197//2575 7275//2576 7335//2517 7287//2561
f 7197//2575 7287//2561 7342//2544 7272//2577
f 7197//2575 7272//2577 7323//2483 7243//2482
f 7198//2578 7236//2472 7317//2471 7274//2571
f 7198//2578 7274//2571 7344//2556 7288//2555
f 7198//2578 7288//2555 7341//2538 7271//2579
f 7198//2578 7271//2579 7316//2473 7236//2472
f 7199//2580 7239//2498 7320//2495 7273//2574
f 7199//2580 7273//2574 7343//2550 7289//2549
f 7199//2580 7289//2549 7340//2529 7270//2581
f 7199//2580 7270//2581 7319//2499 7239//2498
f 7200//2582 7242//2486 7323//2483 7272//2577
f 7200//2582 7272//2577 7342//2544 7290//2543
f 7200//2582 7290//2543 7338//2520 7268//2583
f 7200//2582 7268//2583 7322//2487 7242//2486
f 7201//2584 7235//2506 7316//2473 7271//2579
f 7201//2584 7271//2579 7341//2538 7291//2537
f 7201//2584 7291//2537 7336//2511 7266//2585
f 7201//2584 7266//2585 7315//2477 7235//2506
f 7202//2586 7238//2502 7319//2499 7270//2581
f 7202//2586 7270//2581 7340//2529 7292//2528
f 7202//2586 7292//2528 7339//2535 7279//2570
f 7202//2586 7279//2570 7318//2503 7238//2502
f 7203//2587 7241//2490 7322//2487 7268//2583
f 7203//2587 7268//2583 7338//2520 7293//2519
f 7203//2587 7293//2519 7337//2526 7277//2573
f 7203//2587 7277//2573 7321//2491 7241//2490
f 7204//2588 7244//2478 7315//2477 7266//2585
f 7204//2588 7266//2585 7336//2511 7294//2510
f 7204//2588 7294//2510 7335//2517 7275//2576
f 7204//2588 7275//2576 7324//2479 7244//2478
f 7205//2412 7295//2411 7233//2467 7313//2462 7230//2461 7311//2456 7227//2455 7309//2450 7224//2449 7307//2444 7221//2443 7305//2438 7218//2437 7303//2432 7215//2431 7301//2426 7212//2425 7299//2420 7209//2419 7297//2413
f 7264//2514 7325//2513 7255//2541 7326//2540 7256//2559 7327//2558 7257//2568 7328//2533 7258//2532 7329//2531 7259//2553 7330//2552 7260//2565 7331//2524 7261//2523 7332//2522 7262//2547 7333//2546 7263//2562 7334//2515
o Cylinder.001
v -0.154468 -0.005650 -0.062139
v -0.122241 -0.000183 -0.041835
v -0.100041 -0.015356 -0.013168
v -0.095840 -0.045531 0.012918
v -0.111800 -0.079009 0.026453
v -0.142201 -0.102889 0.022264
v -0.175242 -0.108105 0.001953
v -0.198050 -0.092744 -0.026720
v -0.201885 -0.062682 -0.052803
v -0.185105 -0.029456 -0.066330
v -0.153523 0.055647 0.022741
v -0.200910 0.050103 0.004537
v -0.218827 0.031705 0.014594
v -0.222464 0.010955 0.033983
v -0.210610 -0.004167 0.055296
v -0.187821 -0.007875 0.070391
v -0.163009 0.001311 0.073502
v -0.145685 0.019892 0.063439
v -0.175797 0.059196 0.007650
v -0.142160 0.040676 0.044049
v -0.129296 0.216883 0.036679
v -0.133810 0.214718 0.044997
v -0.124100 0.213522 0.046264
v -0.125548 0.216414 0.037163
v -0.134403 0.215835 0.041520
v -0.127411 0.213279 0.047929
v -0.122912 0.215448 0.039610
v -0.132679 0.216662 0.038343
v -0.131126 0.213737 0.047445
v -0.122390 0.214353 0.043086
v -0.141914 0.129745 0.052888
v -0.181048 0.116992 0.069077
v -0.189304 0.143085 0.034882
v -0.144996 0.139690 0.039828
v -0.164140 0.115700 0.070966
v -0.196622 0.133923 0.046775
v -0.157368 0.146640 0.030588
v -0.149217 0.120580 0.064782
v -0.193468 0.123957 0.059837
v -0.174310 0.147941 0.028698
v -0.128897 -0.028954 -0.116110
v -0.172586 0.022214 -0.017706
v -0.170846 -0.015637 -0.066572
v -0.137692 -0.000247 -0.053678
v -0.089519 -0.022888 -0.092101
v -0.146422 0.025127 -0.000559
v -0.109296 -0.005279 -0.027902
v -0.062725 -0.040993 -0.058212
v -0.129229 0.011470 0.023658
v -0.095286 -0.029184 0.000921
v -0.058460 -0.076442 -0.027387
v -0.126991 -0.013719 0.045701
v -0.101435 -0.062704 0.021778
v -0.078954 -0.115510 -0.011405
v -0.141025 -0.040679 0.057145
v -0.125775 -0.092915 0.026698
v -0.116519 -0.143231 -0.016372
v -0.166447 -0.058963 0.053614
v -0.159286 -0.108196 0.013800
v -0.156497 -0.149112 -0.040388
v -0.193457 -0.061616 0.036459
v -0.188640 -0.102870 -0.011984
v -0.183526 -0.130934 -0.074278
v -0.211416 -0.047724 0.012235
v -0.202718 -0.078943 -0.040808
v -0.187282 -0.095643 -0.105099
v -0.213422 -0.022606 -0.009806
v -0.195899 -0.045630 -0.061659
v -0.166331 -0.056715 -0.121076
v -0.198442 0.004063 -0.021240
v -0.169069 0.101828 0.021293
v -0.150671 0.093220 0.034168
v -0.144500 0.078141 0.052345
v -0.152801 0.062319 0.068882
v -0.172474 0.051818 0.077463
v -0.196098 0.050677 0.074808
v -0.214636 0.059329 0.061932
v -0.220948 0.074451 0.043754
v -0.212615 0.090263 0.027216
v -0.192776 0.100713 0.018637
v -0.163650 0.059066 0.013939
v -0.146123 0.049372 0.033097
v -0.211367 0.041714 0.008010
v -0.188654 0.056166 0.004356
v -0.222717 0.021108 0.023511
v -0.218339 0.002209 0.044936
v -0.200148 -0.007689 0.064101
v -0.174989 -0.004837 0.073686
v -0.152902 0.009808 0.070025
v -0.141918 0.030527 0.054521
v -0.107916 0.240287 0.036618
v -0.107916 0.240287 0.036618
v -0.107916 0.240287 0.036618
v -0.107916 0.240287 0.036618
v -0.107916 0.240287 0.036618
v -0.107916 0.240287 0.036618
v -0.107916 0.240287 0.036618
v -0.107916 0.240287 0.036618
v -0.107916 0.240287 0.036618
v -0.107916 0.240287 0.036618
v -0.131127 0.216862 0.037258
v -0.165661 0.148107 0.028578
v -0.132686 0.214183 0.046427
v -0.196409 0.128788 0.053489
v -0.122986 0.213881 0.044800
v -0.156013 0.117417 0.068826
v -0.150218 0.143760 0.034436
v -0.194217 0.138857 0.040353
v -0.172763 0.115527 0.071087
v -0.142097 0.134871 0.046175
v -0.182472 0.146236 0.030838
v -0.127374 0.216731 0.036637
v -0.188211 0.119876 0.065229
v -0.134411 0.215287 0.043309
v -0.144327 0.124814 0.059310
v -0.125615 0.213310 0.047349
v -0.124000 0.215972 0.038180
v -0.133816 0.216311 0.039806
v -0.129308 0.213423 0.047971
v -0.122353 0.214892 0.041298
v -0.134508 0.180235 0.048772
v -0.155212 0.176277 0.058266
v -0.159217 0.186455 0.038340
v -0.135932 0.184090 0.041161
v -0.146341 0.175380 0.059344
v -0.163202 0.183131 0.045285
v -0.142319 0.187034 0.035792
v -0.138471 0.176904 0.055717
v -0.161672 0.179243 0.052896
v -0.151239 0.187945 0.034714
v -0.148873 -0.040568 -0.121356
v -0.186284 0.014779 -0.021448
v -0.108435 -0.022764 -0.106104
v -0.158810 0.025839 -0.010560
v -0.073750 -0.029056 -0.075628
v -0.136276 0.020273 0.011210
v -0.057333 -0.057267 -0.041563
v -0.125920 -0.000215 0.035563
v -0.065778 -0.096522 -0.016923
v -0.132130 -0.027666 0.053190
v -0.096400 -0.131661 -0.011125
v -0.152767 -0.051523 0.057356
v -0.137242 -0.149341 -0.026382
v -0.180524 -0.062496 0.046466
v -0.172514 -0.142869 -0.056863
v -0.204127 -0.056601 0.024684
v -0.188719 -0.114722 -0.090926
v -0.214716 -0.036041 0.000330
v -0.179669 -0.075654 -0.115560
v -0.207881 -0.008782 -0.017290
v -0.180824 0.102588 0.018483
v -0.158642 0.098637 0.026658
v -0.145757 0.086184 0.043003
v -0.146861 0.069913 0.061277
v -0.161585 0.056056 0.074499
v -0.184351 0.049920 0.077618
v -0.206573 0.053883 0.069443
v -0.219643 0.066394 0.053096
v -0.218592 0.082681 0.034822
v -0.203762 0.096505 0.021601
v -0.107916 0.240287 0.036618
v -0.107916 0.240287 0.036618
v -0.107916 0.240287 0.036618
v -0.107916 0.240287 0.036618
v -0.107916 0.240287 0.036618
v -0.107916 0.240287 0.036618
v -0.107916 0.240287 0.036618
v -0.107916 0.240287 0.036618
v -0.107916 0.240287 0.036618
v -0.107916 0.240287 0.036618
v -0.155569 0.187493 0.035973
v -0.146674 0.187798 0.034631
v -0.158953 0.177554 0.056033
v -0.163158 0.181163 0.049199
v -0.135856 0.178411 0.052519
v -0.142063 0.175849 0.058084
v -0.138597 0.185762 0.038025
v -0.161866 0.184958 0.041537
v -0.150868 0.175517 0.059427
v -0.134507 0.182190 0.044857
vn -0.1761 0.8373 -0.5177
vn 0.2085 0.2948 -0.9325
vn -0.0129 0.1770 -0.9841
vn -0.4538 0.6953 -0.5573
vn -0.3187 0.6039 -0.7306
vn 0.0024 0.7078 -0.7064
vn 0.3158 0.7448 -0.5878
vn 0.1146 0.9066 -0.4061
vn 0.4349 0.3545 -0.8278
vn 0.3853 0.8924 -0.2350
vn 0.6462 0.3426 -0.6820
vn 0.5818 0.7128 -0.3917
vn 0.7647 0.6266 -0.1505
vn 0.6005 0.7991 -0.0284
vn 0.8159 0.2690 -0.5119
vn 0.7436 0.6419 0.1869
vn 0.9303 0.1370 -0.3403
vn 0.8586 0.5011 0.1083
vn 0.8661 0.3406 0.3658
vn 0.8094 0.4355 0.3939
vn 0.9836 -0.0316 -0.1777
vn 0.7941 0.1952 0.5757
vn 0.9723 -0.2300 -0.0418
vn 0.7895 0.1545 0.5940
vn 0.6343 -0.0446 0.7718
vn 0.6945 -0.0598 0.7170
vn 0.8975 -0.4366 0.0622
vn 0.5150 -0.3038 0.8015
vn 0.7632 -0.6356 0.1164
vn 0.4129 -0.2370 0.8794
vn 0.1430 -0.3985 0.9060
vn 0.2693 -0.5069 0.8188
vn 0.5813 -0.8042 0.1243
vn -0.0129 -0.6425 0.7662
vn 0.3699 -0.9259 0.0770
vn -0.1439 -0.5040 0.8516
vn -0.4162 -0.5434 0.7290
vn -0.2986 -0.6968 0.6522
vn 0.1457 -0.9892 -0.0137
vn -0.5578 -0.6694 0.4906
vn -0.0652 -0.9868 -0.1482
vn -0.6507 -0.5180 0.5552
vn -0.8283 -0.4363 0.3515
vn -0.7654 -0.5689 0.3009
vn -0.2471 -0.9186 -0.3084
vn -0.9069 -0.4096 0.0987
vn -0.3736 -0.7914 -0.4839
vn -0.9422 -0.3087 0.1303
vn -0.9848 -0.1441 -0.0971
vn -0.9732 -0.2067 -0.1004
vn -0.4390 -0.6157 -0.6543
vn -0.9589 0.0251 -0.2825
vn -0.4284 -0.4109 -0.8048
vn -0.9460 0.0479 -0.3206
vn -0.8186 0.2513 -0.5164
vn -0.8627 0.2672 -0.4294
vn -0.3495 -0.1942 -0.9166
vn -0.6891 0.4984 -0.5260
vn -0.2033 0.0070 -0.9791
vn -0.6020 0.4451 -0.6629
vn 0.7664 0.3285 -0.5520
vn 0.9166 0.2783 -0.2870
vn 0.5413 0.3755 -0.7523
vn 0.5966 0.0997 -0.7963
vn 0.7995 0.0485 -0.5987
vn 0.9484 0.0180 -0.3167
vn -0.3930 0.3582 -0.8469
vn -0.0646 0.4042 -0.9124
vn -0.6830 0.2666 -0.6800
vn -0.5523 0.3257 -0.7674
vn -0.2369 0.2919 -0.9266
vn 0.0749 0.2325 -0.9697
vn -0.8871 0.1420 -0.4392
vn -0.9869 0.0093 -0.1610
vn -0.9497 0.2624 -0.1711
vn -0.8072 0.3148 -0.4994
vn -0.9869 -0.1111 0.1171
vn -0.9041 -0.2047 0.3751
vn -0.8945 0.1150 0.4320
vn -0.9703 0.1878 0.1523
vn -0.7539 -0.2642 0.6016
vn -0.5480 -0.2856 0.7862
vn -0.5642 0.0226 0.8253
vn -0.7510 0.0585 0.6577
vn -0.3022 -0.2663 0.9153
vn -0.0322 -0.2096 0.9773
vn -0.1152 0.0078 0.9933
vn -0.3484 0.0077 0.9373
vn 0.2470 -0.1216 0.9614
vn 0.5131 -0.0191 0.8581
vn 0.4086 0.0261 0.9123
vn 0.1377 0.0169 0.9903
vn 0.7465 0.0806 0.6605
vn 0.9127 0.1644 0.3742
vn 0.9045 0.0202 0.4260
vn 0.6827 0.0275 0.7302
vn 0.2578 0.4059 -0.8768
vn 0.3548 0.1640 -0.9204
vn 0.9732 0.2277 0.0334
vn 0.9990 0.0109 0.0431
vn -0.1623 0.1721 -0.9716
vn 0.1101 -0.0458 -0.9929
vn 0.1118 0.0478 -0.9926
vn -0.1639 0.2189 -0.9619
vn -0.4481 0.4055 -0.7967
vn -0.4316 0.4056 -0.8057
vn -0.6472 0.6074 -0.4606
vn -0.3108 0.2789 -0.9086
vn 0.2207 -0.1839 -0.9579
vn -0.5365 0.6268 0.5651
vn -0.6361 0.6760 0.3721
vn -0.6953 0.5601 0.4504
vn -0.5804 0.4972 0.6449
vn -0.4407 0.4278 0.7892
vn -0.4110 0.5614 0.7183
vn -0.2797 0.4485 0.8489
vn -0.3809 0.5141 0.7685
vn -0.4780 0.5761 0.6631
vn 0.6963 -0.1215 0.7074
vn 0.4294 0.0787 0.8997
vn 0.3924 0.0857 0.9158
vn 0.6649 -0.0327 0.7462
vn 0.8843 -0.1495 0.4423
vn 0.8717 -0.2997 0.3878
vn 0.6673 -0.2922 0.6851
vn 0.5041 -0.1284 0.8541
vn 0.3071 0.0389 0.9509
vn 0.3485 -0.2171 -0.9118
vn 0.5499 -0.3386 -0.7635
vn 0.5720 -0.1836 -0.7994
vn 0.3559 -0.0870 -0.9305
vn 0.5844 -0.4663 -0.6641
vn 0.7554 -0.5664 -0.3295
vn -0.7015 0.7010 0.1284
vn -0.7105 0.6817 -0.1746
vn -0.7773 0.6141 -0.1369
vn -0.7714 0.6066 0.1922
vn -0.5722 0.6366 0.5170
vn -0.6596 0.6874 0.3040
vn 0.1578 0.2490 0.9555
vn -0.0720 0.3800 0.9222
vn -0.0887 0.2761 0.9570
vn 0.1338 0.1880 0.9730
vn 0.1181 0.1812 0.9763
vn -0.0394 0.2905 0.9561
vn 0.7181 -0.4148 -0.5587
vn 0.8467 -0.4421 -0.2960
vn 0.9125 -0.2653 -0.3114
vn 0.7636 -0.2448 -0.5975
vn 0.8202 -0.5710 -0.0335
vn 0.8228 -0.5199 0.2295
vn -0.6272 0.5876 -0.5112
vn -0.6715 0.5498 -0.4969
vn -0.7121 0.7019 -0.0141
vn -0.2585 0.4808 0.8379
vn -0.2779 0.3546 0.8927
vn -0.1689 0.3764 0.9109
vn 0.9121 -0.4091 0.0272
vn 0.9705 -0.2348 0.0553
vn 0.7735 -0.4265 0.4689
vn 0.9927 -0.0921 0.0781
vn 0.8817 -0.0474 0.4694
vn 0.9464 -0.1051 -0.3055
vn -0.3040 0.2184 0.9273
vn -0.4842 0.2724 0.8315
vn -0.1047 0.1686 0.9801
vn -0.7310 0.4739 -0.4910
vn -0.4813 0.3881 -0.7860
vn -0.8607 0.4928 -0.1279
vn 0.7919 -0.0844 -0.6048
vn 0.5893 -0.0347 -0.8072
vn 0.1200 0.1196 0.9855
vn 0.3748 0.0679 0.9246
vn -0.8636 0.4565 0.2139
vn -0.7790 0.3962 0.4859
vn 0.3620 0.0398 -0.9313
vn 0.1081 0.1398 -0.9843
vn 0.6466 0.0104 0.7628
vn -0.6448 0.3322 0.6884
vn -0.1787 0.2615 -0.9485
s 1
usemtl Material.016
f 7345//2589 7385//2590 7475//2591 7387//2592
f 7345//2589 7387//2592 7476//2593 7386//2594
f 7345//2589 7386//2594 7478//2595 7388//2596
f 7345//2589 7388//2596 7477//2597 7385//2590
f 7346//2598 7389//2599 7477//2597 7388//2596
f 7346//2598 7388//2596 7478//2595 7390//2600
f 7346//2598 7390//2600 7480//2601 7391//2602
f 7346//2598 7391//2602 7479//2603 7389//2599
f 7347//2604 7392//2605 7479//2603 7391//2602
f 7347//2604 7391//2602 7480//2601 7393//2606
f 7347//2604 7393//2606 7482//2607 7394//2608
f 7347//2604 7394//2608 7481//2609 7392//2605
f 7348//2610 7395//2611 7481//2609 7394//2608
f 7348//2610 7394//2608 7482//2607 7396//2612
f 7348//2610 7396//2612 7484//2613 7397//2614
f 7348//2610 7397//2614 7483//2615 7395//2611
f 7349//2616 7398//2617 7483//2615 7397//2614
f 7349//2616 7397//2614 7484//2613 7399//2618
f 7349//2616 7399//2618 7486//2619 7400//2620
f 7349//2616 7400//2620 7485//2621 7398//2617
f 7350//2622 7401//2623 7485//2621 7400//2620
f 7350//2622 7400//2620 7486//2619 7402//2624
f 7350//2622 7402//2624 7488//2625 7403//2626
f 7350//2622 7403//2626 7487//2627 7401//2623
f 7351//2628 7404//2629 7487//2627 7403//2626
f 7351//2628 7403//2626 7488//2625 7405//2630
f 7351//2628 7405//2630 7490//2631 7406//2632
f 7351//2628 7406//2632 7489//2633 7404//2629
f 7352//2634 7407//2635 7489//2633 7406//2632
f 7352//2634 7406//2632 7490//2631 7408//2636
f 7352//2634 7408//2636 7492//2637 7409//2638
f 7352//2634 7409//2638 7491//2639 7407//2635
f 7353//2640 7410//2641 7491//2639 7409//2638
f 7353//2640 7409//2638 7492//2637 7411//2642
f 7353//2640 7411//2642 7494//2643 7412//2644
f 7353//2640 7412//2644 7493//2645 7410//2641
f 7354//2646 7413//2647 7493//2645 7412//2644
f 7354//2646 7412//2644 7494//2643 7414//2648
f 7354//2646 7414//2648 7476//2593 7387//2592
f 7354//2646 7387//2592 7475//2591 7413//2647
f 7355//2649 7426//2650 7480//2601 7390//2600
f 7355//2649 7390//2600 7478//2595 7425//2651
f 7355//2649 7425//2651 7496//2652 7416//2653
f 7355//2649 7416//2653 7497//2654 7426//2650
f 7356//2655 7428//2656 7476//2593 7414//2648
f 7356//2655 7414//2648 7494//2643 7427//2657
f 7356//2655 7427//2657 7504//2658 7424//2659
f 7356//2655 7424//2659 7495//2660 7428//2656
f 7357//2661 7427//2657 7494//2643 7411//2642
f 7357//2661 7411//2642 7492//2637 7429//2662
f 7357//2661 7429//2662 7503//2663 7423//2664
f 7357//2661 7423//2664 7504//2658 7427//2657
f 7358//2665 7429//2662 7492//2637 7408//2636
f 7358//2665 7408//2636 7490//2631 7430//2666
f 7358//2665 7430//2666 7502//2667 7422//2668
f 7358//2665 7422//2668 7503//2663 7429//2662
f 7359//2669 7430//2666 7490//2631 7405//2630
f 7359//2669 7405//2630 7488//2625 7431//2670
f 7359//2669 7431//2670 7501//2671 7421//2672
f 7359//2669 7421//2672 7502//2667 7430//2666
f 7360//2673 7431//2670 7488//2625 7402//2624
f 7360//2673 7402//2624 7486//2619 7432//2674
f 7360//2673 7432//2674 7500//2675 7420//2676
f 7360//2673 7420//2676 7501//2671 7431//2670
f 7361//2677 7432//2674 7486//2619 7399//2618
f 7361//2677 7399//2618 7484//2613 7433//2678
f 7361//2677 7433//2678 7499//2679 7419//2680
f 7361//2677 7419//2680 7500//2675 7432//2674
f 7362//2681 7433//2678 7484//2613 7396//2612
f 7362//2681 7396//2612 7482//2607 7434//2682
f 7362//2681 7434//2682 7498//2683 7418//2684
f 7362//2681 7418//2684 7499//2679 7433//2678
f 7363//2685 7425//2651 7478//2595 7386//2594
f 7363//2685 7386//2594 7476//2593 7428//2656
f 7363//2685 7428//2656 7495//2660 7415//2686
f 7363//2685 7415//2686 7496//2652 7425//2651
f 7364//2687 7434//2682 7482//2607 7393//2606
f 7364//2687 7393//2606 7480//2601 7426//2650
f 7364//2687 7426//2650 7497//2654 7417//2688
f 7364//2687 7417//2688 7498//2683 7434//2682
f 7365//2689 7456//2690 7516//2691 7474//2692
f 7365//2689 7474//2692 7515//2693 7445//2694
f 7365//2689 7445//2694 7514//2695 7444//2696
f 7365//2689 7444//2696 7505//2697 7456//2690
f 7366//2698 7458//2699 7518//2700 7473//2701
f 7366//2698 7473//2701 7517//2702 7447//2703
f 7366//2698 7447//2703 7511//2704 7441//2705
f 7366//2698 7441//2705 7512//2706 7458//2699
f 7367//2707 7460//2708 7520//2709 7472//2710
f 7367//2707 7472//2710 7519//2711 7449//2712
f 7367//2707 7449//2712 7508//2713 7438//2714
f 7367//2707 7438//2714 7509//2715 7460//2708
f 7368//2716 7461//2717 7521//2718 7471//2719
f 7368//2716 7471//2719 7516//2691 7456//2690
f 7368//2716 7456//2690 7505//2697 7435//2720
f 7368//2716 7435//2720 7506//2721 7461//2717
f 7369//2722 7462//2723 7522//2724 7470//2725
f 7369//2722 7470//2725 7518//2700 7458//2699
f 7369//2722 7458//2699 7512//2706 7442//2726
f 7369//2722 7442//2726 7513//2727 7462//2723
f 7370//2728 7463//2729 7523//2730 7469//2731
f 7370//2728 7469//2731 7520//2709 7460//2708
f 7370//2728 7460//2708 7509//2715 7439//2732
f 7370//2728 7439//2732 7510//2733 7463//2729
f 7371//2734 7464//2735 7524//2736 7468//2737
f 7371//2734 7468//2737 7521//2718 7461//2717
f 7371//2734 7461//2717 7506//2721 7436//2738
f 7371//2734 7436//2738 7507//2739 7464//2735
f 7372//2740 7445//2694 7515//2693 7467//2741
f 7372//2740 7467//2741 7522//2724 7462//2723
f 7372//2740 7462//2723 7513//2727 7443//2742
f 7372//2740 7443//2742 7514//2695 7445//2694
f 7373//2743 7447//2703 7517//2702 7466//2744
f 7373//2743 7466//2744 7523//2730 7463//2729
f 7373//2743 7463//2729 7510//2733 7440//2745
f 7373//2743 7440//2745 7511//2704 7447//2703
f 7374//2746 7449//2712 7519//2711 7465//2747
f 7374//2746 7465//2747 7524//2736 7464//2735
f 7374//2746 7464//2735 7507//2739 7437//2748
f 7374//2746 7437//2748 7508//2713 7449//2712
f 7375//2749 7459//2750 7498//2683 7417//2688
f 7375//2749 7417//2688 7497//2654 7454//2751
f 7375//2749 7454//2751 7524//2736 7465//2747
f 7375//2749 7465//2747 7519//2711 7459//2750
f 7376//2752 7457//2753 7501//2671 7420//2676
f 7376//2752 7420//2676 7500//2675 7453//2754
f 7376//2752 7453//2754 7523//2730 7466//2744
f 7376//2752 7466//2744 7517//2702 7457//2753
f 7377//2755 7455//2756 7504//2658 7423//2664
f 7377//2755 7423//2664 7503//2663 7452//2757
f 7377//2755 7452//2757 7522//2724 7467//2741
f 7377//2755 7467//2741 7515//2693 7455//2756
f 7378//2758 7454//2751 7497//2654 7416//2653
f 7378//2758 7416//2653 7496//2652 7451//2759
f 7378//2758 7451//2759 7521//2718 7468//2737
f 7378//2758 7468//2737 7524//2736 7454//2751
f 7379//2760 7453//2754 7500//2675 7419//2680
f 7379//2760 7419//2680 7499//2679 7450//2761
f 7379//2760 7450//2761 7520//2709 7469//2731
f 7379//2760 7469//2731 7523//2730 7453//2754
f 7380//2762 7452//2757 7503//2663 7422//2668
f 7380//2762 7422//2668 7502//2667 7448//2763
f 7380//2762 7448//2763 7518//2700 7470//2725
f 7380//2762 7470//2725 7522//2724 7452//2757
f 7381//2764 7451//2759 7496//2652 7415//2686
f 7381//2764 7415//2686 7495//2660 7446//2765
f 7381//2764 7446//2765 7516//2691 7471//2719
f 7381//2764 7471//2719 7521//2718 7451//2759
f 7382//2766 7450//2761 7499//2679 7418//2684
f 7382//2766 7418//2684 7498//2683 7459//2750
f 7382//2766 7459//2750 7519//2711 7472//2710
f 7382//2766 7472//2710 7520//2709 7450//2761
f 7383//2767 7448//2763 7502//2667 7421//2672
f 7383//2767 7421//2672 7501//2671 7457//2753
f 7383//2767 7457//2753 7517//2702 7473//2701
f 7383//2767 7473//2701 7518//2700 7448//2763
f 7384//2768 7446//2765 7495//2660 7424//2659
f 7384//2768 7424//2659 7504//2658 7455//2756
f 7384//2768 7455//2756 7515//2693 7474//2692
f 7384//2768 7474//2692 7516//2691 7446//2765
f 7385//2590 7477//2597 7389//2599 7479//2603 7392//2605 7481//2609 7395//2611 7483//2615 7398//2617 7485//2621 7401//2623 7487//2627 7404//2629 7489//2633 7407//2635 7491//2639 7410//2641 7493//2645 7413//2647 7475//2591
f 7444//2696 7514//2695 7443//2742 7513//2727 7442//2726 7512//2706 7441//2705 7511//2704 7440//2745 7510//2733 7439//2732 7509//2715 7438//2714 7508//2713 7437//2748 7507//2739 7436//2738 7506//2721 7435//2720 7505//2697
