# Blender 5.2.2 LTS
# www.blender.org
mtllib cross up  .mtl
o hell_RenderMesh_79228048635363
v 0.096277 0.132115 -0.312038
v 0.101547 0.120512 -0.312038
v 0.091777 0.127907 -0.317894
v 0.073391 0.148559 -0.312038
v 0.095469 0.119790 -0.317894
v 0.070547 0.143299 -0.317894
v 0.098398 0.113374 -0.316023
v 0.039917 0.159294 -0.312038
v 0.103602 0.115986 -0.310719
v 0.038935 0.153440 -0.317894
v 0.000000 0.161362 -0.312038
v 0.000000 0.155395 -0.317894
v 0.100619 0.108515 -0.311506
v 0.105107 0.112673 -0.307639
v 0.130159 0.043472 -0.200963
v 0.134647 0.047630 -0.197095
v 0.132702 0.037840 -0.195728
v 0.137906 0.040453 -0.190424
v -0.130159 0.043472 -0.200963
v -0.105107 0.112673 -0.307639
v -0.100619 0.108515 -0.311506
v -0.103602 0.115986 -0.310719
v -0.134647 0.047630 -0.197095
v -0.132702 0.037840 -0.195728
v -0.137906 0.040453 -0.190424
v -0.098398 0.113374 -0.316023
v -0.101547 0.120512 -0.312038
v -0.095469 0.119790 -0.317894
v -0.091777 0.127907 -0.317894
v -0.096277 0.132115 -0.312038
v -0.073391 0.148559 -0.312038
v -0.070547 0.143299 -0.317894
v -0.039917 0.159294 -0.312038
v -0.038935 0.153440 -0.317894
v 0.000000 0.161362 -0.312038
v 0.000000 0.155395 -0.317894
v 0.039059 0.153287 0.295686
v 0.000000 0.155014 0.295686
v 0.038470 0.149506 0.299529
v 0.000000 0.151172 0.299529
v 0.068144 0.140783 0.299529
v 0.069837 0.144241 0.295686
v 0.087194 0.128266 0.299529
v 0.089919 0.131136 0.295686
v 0.111513 0.075470 0.299529
v 0.116699 0.072980 0.295686
v 0.120015 0.065780 0.317894
v 0.114282 0.069471 0.317894
v -0.120015 0.065780 0.317894
v -0.111513 0.075470 0.299529
v -0.116699 0.072980 0.295686
v -0.114282 0.069471 0.317894
v -0.089919 0.131136 0.295686
v -0.087194 0.128266 0.299529
v -0.069837 0.144241 0.295686
v -0.068144 0.140783 0.299529
v -0.039059 0.153287 0.295686
v -0.038470 0.149506 0.299529
v 0.000000 0.155014 0.295686
v 0.000000 0.151172 0.299529
v 0.083062 -0.037697 0.317894
v 0.037517 -0.039017 0.317894
v 0.070652 -0.085964 0.317894
v 0.053745 -0.028174 0.317894
v 0.000000 -0.046480 0.317894
v 0.099754 -0.056861 0.317894
v 0.103097 -0.043774 0.317894
v 0.070652 -0.093288 0.317894
v 0.049041 -0.137093 0.317894
v -0.025104 -0.149341 0.317894
v 0.000000 -0.153642 0.317894
v -0.049041 -0.137093 0.317894
v 0.070652 -0.085964 0.317894
v 0.000000 -0.046480 0.317894
v 0.070652 -0.093288 0.317894
v 0.083062 -0.037697 0.317894
v 0.099754 -0.056861 0.317894
v 0.049041 -0.137093 0.317894
v 0.065035 -0.118763 0.317894
v 0.025104 -0.149341 0.317894
v 0.000000 -0.153642 0.317894
v -0.070652 -0.093288 0.317894
v -0.049041 -0.137093 0.317894
v -0.065035 -0.118763 0.317894
v -0.070652 -0.085964 0.317894
v -0.037517 -0.039017 0.317894
v -0.083062 -0.037697 0.317894
v -0.053745 -0.028174 0.317894
v -0.103097 -0.043774 0.317894
v -0.099754 -0.056861 0.317894
v -0.114282 0.069471 0.317894
v -0.098041 0.051563 0.317894
v -0.094479 0.069471 0.317894
v -0.120015 0.065780 0.317894
v -0.098041 0.051563 0.317894
v -0.114282 0.069471 0.317894
v -0.128242 0.047913 0.317894
v -0.103147 0.036997 0.317894
v -0.095436 0.038465 0.317894
v -0.103147 0.036997 0.317894
v -0.128242 0.047913 0.317894
v -0.124152 0.033000 0.317894
v -0.099754 -0.056861 0.317894
v -0.070652 -0.085964 0.317894
v -0.083062 -0.037697 0.317894
v 0.114282 0.069471 0.317894
v 0.094479 0.069471 0.317894
v 0.098041 0.051563 0.317894
v 0.103147 0.036997 0.317894
v 0.098041 0.051563 0.317894
v 0.095436 0.038465 0.317894
v 0.128242 0.047913 0.317894
v 0.120015 0.065780 0.317894
v 0.114282 0.069471 0.317894
v 0.128242 0.047913 0.317894
v 0.103147 0.036997 0.317894
v 0.124152 0.033000 0.317894
v 0.038470 0.149506 0.299529
v 0.000000 0.151172 0.299529
v 0.000000 0.149587 0.299529
v 0.037510 0.142125 0.299529
v 0.068144 0.140783 0.299529
v 0.069311 0.120876 0.299529
v 0.087194 0.128266 0.299529
v 0.090560 0.089075 0.299529
v 0.111513 0.075470 0.299529
v 0.093266 0.075470 0.299529
v -0.087194 0.128266 0.299529
v -0.069311 0.120876 0.299529
v -0.068144 0.140783 0.299529
v -0.037510 0.142125 0.299529
v -0.090560 0.089075 0.299529
v -0.111513 0.075470 0.299529
v -0.093266 0.075470 0.299529
v -0.038470 0.149506 0.299529
v 0.000000 0.149587 0.299529
v 0.000000 0.151172 0.299529
v 0.140024 0.035789 -0.189064
v 0.136064 0.030404 -0.193560
v 0.134347 0.034089 -0.194632
v 0.142142 0.031126 -0.187704
v 0.137906 0.040453 -0.190424
v 0.132702 0.037840 -0.195728
v -0.134347 0.034089 -0.194632
v -0.137906 0.040453 -0.190424
v -0.132702 0.037840 -0.195728
v -0.140024 0.035789 -0.189064
v -0.136064 0.030404 -0.193560
v -0.142142 0.031126 -0.187704
v 0.043875 -0.059082 -0.219927
v 0.080485 -0.047579 -0.215086
v 0.047938 -0.070244 -0.215086
v 0.000000 -0.078063 -0.215086
v 0.000000 -0.066238 -0.219927
v 0.000000 -0.045927 -0.219927
v 0.037306 -0.038506 -0.219927
v 0.085094 -0.030377 -0.219927
v 0.068934 -0.017373 -0.219927
v 0.090068 0.014255 -0.219927
v 0.107900 0.054737 -0.219927
v 0.097489 0.051563 -0.219927
v 0.095440 0.054577 -0.219927
v -0.080485 -0.047579 -0.215086
v -0.043875 -0.059082 -0.219927
v -0.047938 -0.070244 -0.215086
v 0.000000 -0.078063 -0.215086
v 0.000000 -0.066238 -0.219927
v 0.000000 -0.045927 -0.219927
v -0.037306 -0.038506 -0.219927
v -0.085094 -0.030377 -0.219927
v -0.068934 -0.017373 -0.219927
v -0.090068 0.014255 -0.219927
v -0.107900 0.054737 -0.219927
v -0.097489 0.051563 -0.219927
v -0.095440 0.054577 -0.219927
v -0.144151 0.012585 -0.193559
v -0.142142 0.031126 -0.187704
v -0.136064 0.030404 -0.193560
v -0.150073 0.013663 -0.187704
v -0.150583 0.003370 -0.187704
v -0.144581 0.003656 -0.193560
v -0.134854 -0.056507 -0.187704
v -0.128049 -0.059445 -0.193560
v -0.133340 -0.062249 -0.184849
v -0.126535 -0.065177 -0.190705
v -0.122336 -0.080872 -0.168980
v -0.129927 -0.075105 -0.167064
v -0.121777 -0.082961 -0.162549
v 0.150073 0.013663 -0.187704
v 0.150583 0.003370 -0.187704
v 0.144151 0.012585 -0.193559
v 0.142142 0.031126 -0.187704
v 0.136064 0.030404 -0.193560
v 0.144581 0.003656 -0.193560
v 0.134854 -0.056507 -0.187704
v 0.128049 -0.059445 -0.193560
v 0.133340 -0.062249 -0.184849
v 0.126535 -0.065177 -0.190705
v 0.122336 -0.080872 -0.168980
v 0.129927 -0.075105 -0.167064
v 0.121777 -0.082961 -0.162549
v 0.135559 0.016898 -0.193590
v 0.136180 0.016982 -0.193560
v 0.135552 0.012049 -0.193560
v -0.135559 0.016898 -0.193590
v -0.135552 0.012049 -0.193560
v -0.136180 0.016982 -0.193560
v 0.133629 0.024175 -0.193682
v 0.136180 0.016982 -0.193560
v 0.135559 0.016898 -0.193590
v 0.136064 0.030404 -0.193560
v 0.134347 0.034089 -0.194632
v 0.136180 0.016982 -0.193560
v 0.144151 0.012585 -0.193559
v 0.135552 0.012049 -0.193560
v 0.144581 0.003656 -0.193560
v 0.124674 -0.028548 -0.193560
v 0.128049 -0.059445 -0.193560
v 0.122378 -0.032872 -0.193560
v 0.116152 -0.040060 -0.193560
v 0.112333 -0.042770 -0.193560
v 0.107614 -0.044129 -0.193560
v 0.103097 -0.043773 -0.193560
v 0.078576 -0.054704 -0.193560
v 0.083228 -0.037341 -0.193560
v -0.136064 0.030404 -0.193560
v -0.133629 0.024175 -0.193682
v -0.136180 0.016982 -0.193560
v -0.135559 0.016898 -0.193590
v -0.134347 0.034089 -0.194632
v -0.136180 0.016982 -0.193560
v -0.144151 0.012585 -0.193559
v -0.135552 0.012049 -0.193560
v -0.144581 0.003656 -0.193560
v -0.124674 -0.028548 -0.193560
v -0.128049 -0.059445 -0.193560
v -0.122378 -0.032872 -0.193560
v -0.116152 -0.040060 -0.193560
v -0.112333 -0.042770 -0.193560
v -0.107614 -0.044129 -0.193560
v -0.103097 -0.043773 -0.193560
v -0.078576 -0.054704 -0.193560
v -0.083228 -0.037341 -0.193560
v 0.078576 -0.054704 -0.193560
v 0.128049 -0.059445 -0.193560
v 0.071764 -0.059448 -0.193560
v -0.128049 -0.059445 -0.193560
v -0.078576 -0.054704 -0.193560
v -0.071764 -0.059448 -0.193560
v 0.126535 -0.065177 -0.190705
v 0.071764 -0.059448 -0.193560
v 0.128049 -0.059445 -0.193560
v 0.071764 -0.059448 -0.193560
v 0.126535 -0.065177 -0.190705
v 0.063538 -0.065177 -0.190705
v -0.071764 -0.059448 -0.193560
v -0.126535 -0.065177 -0.190705
v -0.128049 -0.059445 -0.193560
v -0.126535 -0.065177 -0.190705
v -0.071764 -0.059448 -0.193560
v -0.063538 -0.065177 -0.190705
v 0.128173 0.031294 -0.193871
v 0.134347 0.034089 -0.194632
v 0.131641 0.028064 -0.193758
v 0.036538 -0.106097 0.226260
v 0.012465 -0.106000 0.227946
v 0.012465 -0.113892 0.226780
v 0.036538 -0.113949 0.225100
v -0.128173 0.031294 -0.193871
v -0.131641 0.028064 -0.193758
v -0.134347 0.034089 -0.194632
v 0.131641 0.028064 -0.193758
v 0.134347 0.034089 -0.194632
v 0.133629 0.024175 -0.193682
v 0.124152 0.033000 -0.193991
v 0.128173 0.031294 -0.193871
v -0.124152 0.033000 -0.193991
v -0.128173 0.031294 -0.193871
v -0.134347 0.034089 -0.194632
v -0.131641 0.028064 -0.193758
v -0.133629 0.024175 -0.193682
v 0.124152 0.033000 -0.193991
v 0.132702 0.037840 -0.195728
v 0.134347 0.034089 -0.194632
v 0.103147 0.036997 -0.195482
v -0.103147 0.036997 -0.195482
v -0.124152 0.033000 -0.193991
v -0.132702 0.037840 -0.195728
v -0.134347 0.034089 -0.194632
v -0.135559 0.016898 0.268912
v -0.142909 0.016062 0.246019
v -0.135552 0.012049 0.265098
v -0.133629 0.024175 0.280132
v -0.128242 0.047913 0.317894
v -0.131641 0.028064 0.289364
v -0.128173 0.031294 0.303186
v -0.124152 0.033000 0.317894
v -0.144016 0.012358 0.239439
v -0.143921 0.004165 0.232859
v -0.144387 0.008003 0.234622
v -0.124673 -0.028554 0.263856
v -0.130635 -0.042999 0.232859
v -0.126414 -0.048685 0.241309
v -0.129091 -0.046062 0.235123
v -0.123319 -0.050165 0.249760
v -0.122378 -0.032866 0.267127
v -0.115990 -0.040060 0.280111
v -0.112333 -0.042770 0.289095
v -0.099754 -0.056861 0.317894
v -0.107614 -0.044129 0.302925
v -0.103097 -0.043774 0.317894
v 0.143921 0.004165 0.232859
v 0.135552 0.012049 0.265098
v 0.124673 -0.028554 0.263856
v 0.144016 0.012358 0.239439
v 0.144387 0.008003 0.234622
v 0.142909 0.016062 0.246019
v 0.135559 0.016898 0.268912
v 0.133629 0.024175 0.280132
v 0.128242 0.047913 0.317894
v 0.131641 0.028064 0.289364
v 0.128173 0.031294 0.303186
v 0.124152 0.033000 0.317894
v 0.130635 -0.042999 0.232859
v 0.126414 -0.048685 0.241309
v 0.129091 -0.046062 0.235123
v 0.123319 -0.050165 0.249760
v 0.122378 -0.032866 0.267127
v 0.115990 -0.040060 0.280111
v 0.112333 -0.042770 0.289095
v 0.099754 -0.056861 0.317894
v 0.107614 -0.044129 0.302925
v 0.103097 -0.043774 0.317894
v 0.114282 0.069471 0.317894
v 0.111513 0.075470 0.299529
v 0.094479 0.069471 0.317894
v 0.093266 0.075470 0.299529
v -0.114282 0.069471 0.317894
v -0.094479 0.069471 0.317894
v -0.111513 0.075470 0.299529
v -0.093266 0.075470 0.299529
v -0.096277 0.132115 -0.312038
v -0.096277 0.132115 -0.250263
v -0.073456 0.148498 -0.268956
v -0.073391 0.148559 -0.312038
v -0.105107 0.112673 -0.307639
v -0.134647 0.047630 -0.197095
v -0.101547 0.120512 -0.312038
v -0.103602 0.115986 -0.310719
v -0.039929 0.159284 -0.278150
v -0.073456 0.148498 -0.268956
v -0.039917 0.159294 -0.312038
v 0.000000 0.161362 -0.279906
v 0.000000 0.161362 -0.312038
v 0.096277 0.132115 -0.250263
v 0.096277 0.132115 -0.312038
v 0.073456 0.148498 -0.268956
v 0.073391 0.148559 -0.312038
v 0.105107 0.112673 -0.307639
v 0.134647 0.047630 -0.197095
v 0.101547 0.120512 -0.312038
v 0.103602 0.115986 -0.310719
v 0.039929 0.159284 -0.278150
v 0.073456 0.148498 -0.268956
v 0.039917 0.159294 -0.312038
v 0.000000 0.161362 -0.279906
v 0.000000 0.161362 -0.312038
v -0.012465 -0.106000 0.227946
v -0.036538 -0.078246 0.217761
v -0.036538 -0.106097 0.226260
v 0.122336 -0.080872 -0.168980
v 0.063538 -0.065177 -0.190705
v 0.126535 -0.065177 -0.190705
v 0.049621 -0.074868 -0.177291
v 0.012804 -0.080873 -0.168978
v -0.012804 -0.080873 -0.168978
v -0.122336 -0.080872 -0.168980
v -0.049621 -0.074868 -0.177291
v -0.063538 -0.065177 -0.190705
v -0.126535 -0.065177 -0.190705
v 0.033207 -0.122425 0.202443
v 0.000000 -0.122425 0.202443
v 0.033207 -0.106097 0.206818
v 0.000000 -0.106097 0.206818
v 0.033207 -0.089768 0.202443
v 0.000000 -0.134379 0.190490
v 0.033207 -0.134379 0.190490
v -0.033207 -0.106097 0.206818
v -0.033207 -0.122425 0.202443
v -0.033207 -0.089768 0.202443
v -0.033207 -0.134379 0.190490
v 0.000000 -0.089768 0.202443
v -0.033207 -0.077814 0.190490
v 0.033207 -0.077814 0.190490
v 0.000000 -0.077814 0.190490
v -0.033207 -0.073439 0.174161
v 0.033207 -0.073439 0.174161
v 0.000000 -0.073439 0.174161
v -0.033207 -0.077814 0.157832
v 0.033207 -0.077814 0.157832
v 0.000000 -0.077814 0.157832
v -0.033207 -0.089768 0.145879
v 0.033207 -0.089768 0.145879
v 0.000000 -0.089768 0.145879
v -0.033207 -0.106097 0.141503
v 0.033207 -0.106097 0.141503
v 0.000000 -0.106097 0.141503
v -0.033207 -0.122425 0.145879
v 0.033207 -0.122425 0.145879
v 0.000000 -0.122425 0.145879
v -0.033207 -0.134379 0.157832
v 0.033207 -0.134379 0.157832
v 0.000000 -0.134379 0.157832
v -0.033207 -0.138754 0.174161
v 0.033207 -0.138754 0.174161
v 0.000000 -0.138754 0.174161
v 0.073597 0.113374 -0.316023
v 0.098398 0.113374 -0.316023
v 0.076849 0.108515 -0.311506
v -0.098398 0.113374 -0.316023
v -0.073597 0.113374 -0.316023
v -0.076849 0.108515 -0.311506
v -0.089919 0.131136 -0.243417
v -0.089919 0.131136 0.295686
v -0.069837 0.144241 0.295686
v -0.069837 0.144241 -0.258930
v -0.039059 0.153287 0.295686
v -0.142909 0.016063 -0.035345
v -0.039059 0.153287 -0.268323
v 0.000000 0.155014 0.295686
v 0.000000 0.155015 -0.270117
v -0.142909 0.016062 0.246019
v -0.116699 0.072980 0.295686
v -0.128242 0.047913 0.317894
v -0.120015 0.065780 0.317894
v -0.144016 0.012358 0.239439
v -0.144016 0.012358 -0.032828
v -0.144387 0.008003 0.234622
v -0.144387 0.008003 -0.031690
v -0.143921 0.004165 0.232859
v -0.143921 0.004165 -0.031274
v -0.130635 -0.042999 -0.030647
v 0.039059 0.153287 0.295686
v 0.039059 0.153287 -0.268323
v 0.000000 0.155014 0.295686
v 0.000000 0.155015 -0.270117
v 0.069837 0.144241 -0.258930
v 0.069837 0.144241 0.295686
v 0.089919 0.131136 -0.243417
v 0.089919 0.131136 0.295686
v 0.142909 0.016063 -0.035345
v 0.142909 0.016062 0.246019
v 0.116699 0.072980 0.295686
v 0.128242 0.047913 0.317894
v 0.120015 0.065780 0.317894
v 0.144016 0.012358 0.239439
v 0.144016 0.012358 -0.032828
v 0.144387 0.008003 0.234622
v 0.144387 0.008003 -0.031690
v 0.143921 0.004165 0.232859
v 0.143921 0.004165 -0.031274
v 0.130635 -0.042999 -0.030647
v 0.150475 0.006470 -0.123302
v 0.150429 0.006470 -0.168350
v 0.150073 0.013663 -0.187704
v 0.150583 0.003370 -0.187704
v 0.149956 0.000900 -0.173921
v 0.150073 0.013663 -0.040392
v 0.150722 0.003750 -0.112870
v 0.150931 0.003264 -0.038278
v 0.142142 0.031126 -0.187704
v 0.140024 0.035789 -0.189064
v 0.137906 0.040453 -0.190424
v 0.134647 0.047630 -0.197095
v 0.096277 0.132115 -0.250263
v -0.150429 0.006470 -0.168350
v -0.150583 0.003370 -0.187704
v -0.149956 0.000900 -0.173921
v -0.150073 0.013663 -0.187704
v -0.150475 0.006470 -0.123302
v -0.150073 0.013663 -0.040392
v -0.142142 0.031126 -0.187704
v -0.150722 0.003750 -0.112870
v -0.150931 0.003264 -0.038278
v -0.140024 0.035789 -0.189064
v -0.137906 0.040453 -0.190424
v -0.134647 0.047630 -0.197095
v -0.096277 0.132115 -0.250263
v 0.038935 0.153440 -0.317894
v 0.000000 0.148968 -0.317894
v 0.000000 0.155395 -0.317894
v 0.037273 0.141554 -0.317894
v 0.070547 0.143299 -0.317894
v 0.068874 0.120439 -0.317894
v 0.091777 0.127907 -0.317894
v 0.069307 0.119790 -0.317894
v 0.095469 0.119790 -0.317894
v 0.073597 0.113374 -0.316023
v 0.098398 0.113374 -0.316023
v 0.100619 0.108515 -0.311506
v 0.076849 0.108515 -0.311506
v 0.090025 0.088854 -0.278159
v 0.107900 0.054737 -0.219927
v 0.095440 0.054577 -0.219927
v 0.130159 0.043472 -0.200963
v 0.104882 0.043472 -0.200963
v 0.103147 0.036997 -0.195482
v 0.132702 0.037840 -0.195728
v -0.100619 0.108515 -0.311506
v -0.076849 0.108515 -0.311506
v -0.090025 0.088854 -0.278159
v -0.098398 0.113374 -0.316023
v -0.107900 0.054737 -0.219927
v -0.095440 0.054577 -0.219927
v -0.130159 0.043472 -0.200963
v -0.104882 0.043472 -0.200963
v -0.103147 0.036997 -0.195482
v -0.132702 0.037840 -0.195728
v -0.095469 0.119790 -0.317894
v -0.073597 0.113374 -0.316023
v -0.069307 0.119790 -0.317894
v -0.091777 0.127907 -0.317894
v -0.068874 0.120439 -0.317894
v -0.070547 0.143299 -0.317894
v -0.037273 0.141554 -0.317894
v -0.038935 0.153440 -0.317894
v 0.000000 0.148968 -0.317894
v 0.000000 0.155395 -0.317894
v 0.095292 0.038492 0.170528
v 0.090441 0.014101 0.170528
v 0.103147 0.036997 0.170528
v 0.083228 -0.037341 0.170528
v 0.069220 -0.017658 0.170528
v 0.069220 -0.017658 0.170528
v 0.053664 -0.028052 0.170528
v 0.083228 -0.037341 0.170528
v -0.090441 0.014101 0.170528
v -0.083228 -0.037341 0.170528
v -0.069220 -0.017658 0.170528
v -0.053664 -0.028052 0.170528
v -0.103147 0.036997 0.170528
v -0.095292 0.038492 0.170528
v -0.132211 -0.066559 -0.062064
v -0.132197 -0.066559 -0.168350
v -0.129371 -0.077197 -0.160629
v -0.129927 -0.075105 -0.167064
v -0.129371 -0.077197 -0.054149
v -0.133340 -0.062249 -0.184849
v -0.133675 -0.060988 -0.056493
v -0.133671 -0.060988 -0.173921
v -0.129924 -0.075135 -0.047698
v -0.134854 -0.056507 -0.187704
v -0.149956 0.000900 -0.173921
v -0.150583 0.003370 -0.187704
v -0.131713 -0.068457 -0.038278
v -0.141069 -0.033368 -0.056493
v -0.150931 0.003264 -0.038278
v -0.143279 -0.025076 -0.061355
v -0.150722 0.003750 -0.112870
v 0.133675 -0.060988 -0.056493
v 0.129924 -0.075135 -0.047698
v 0.129371 -0.077197 -0.054149
v 0.131713 -0.068457 -0.038278
v 0.132211 -0.066559 -0.062064
v 0.141069 -0.033368 -0.056493
v 0.129371 -0.077197 -0.160629
v 0.150931 0.003264 -0.038278
v 0.143279 -0.025076 -0.061355
v 0.150722 0.003750 -0.112870
v 0.132197 -0.066559 -0.168350
v 0.129927 -0.075105 -0.167064
v 0.133340 -0.062249 -0.184849
v 0.133671 -0.060988 -0.173921
v 0.134854 -0.056507 -0.187704
v 0.149956 0.000900 -0.173921
v 0.150583 0.003370 -0.187704
v 0.036538 -0.078246 0.217761
v 0.012465 -0.059714 0.198117
v 0.012465 -0.077390 0.219193
v 0.036538 -0.060978 0.197168
v 0.012465 -0.106000 0.227946
v 0.036538 -0.106097 0.226260
v -0.129095 -0.046075 -0.029956
v -0.130635 -0.042999 0.232859
v -0.130635 -0.042999 -0.030647
v -0.143921 0.004165 0.232859
v -0.129091 -0.046062 0.235123
v -0.126426 -0.048734 -0.028066
v -0.126414 -0.048685 0.241309
v -0.123345 -0.050263 -0.025486
v -0.123319 -0.050165 0.249760
v -0.120757 -0.052279 0.174161
v 0.049041 -0.137093 0.317894
v 0.036538 -0.143851 0.298406
v 0.049041 -0.137093 0.298406
v 0.025104 -0.149341 0.317894
v 0.025104 -0.149341 0.297676
v 0.000000 -0.153642 0.317894
v 0.000000 -0.153642 0.296473
v -0.025104 -0.149341 0.297676
v 0.000000 -0.153642 0.317894
v -0.025104 -0.149341 0.317894
v 0.000000 -0.153642 0.296473
v -0.036538 -0.143851 0.298406
v -0.049041 -0.137093 0.317894
v -0.049041 -0.137093 0.298406
v -0.036538 -0.078246 0.217761
v -0.012465 -0.106000 0.227946
v -0.012465 -0.077390 0.219193
v -0.012465 -0.059714 0.198117
v -0.036538 -0.060978 0.197168
v 0.121781 -0.082961 -0.052193
v 0.129371 -0.077197 -0.054149
v 0.129924 -0.075135 -0.047698
v 0.121777 -0.082961 -0.162549
v 0.129371 -0.077197 -0.160629
v 0.129927 -0.075105 -0.167064
v 0.122333 -0.080901 -0.045745
v 0.131713 -0.068457 -0.038278
v 0.124861 -0.071467 -0.032438
v -0.129927 -0.075105 -0.167064
v -0.121777 -0.082961 -0.162549
v -0.129371 -0.077197 -0.160629
v -0.129371 -0.077197 -0.054149
v -0.121781 -0.082961 -0.052193
v -0.129924 -0.075135 -0.047698
v -0.122333 -0.080901 -0.045745
v -0.131713 -0.068457 -0.038278
v -0.124861 -0.071467 -0.032438
v -0.099754 -0.060978 0.298406
v -0.070652 -0.085964 0.317894
v -0.099754 -0.056861 0.317894
v -0.070652 -0.085964 0.298406
v -0.012804 -0.080873 -0.168978
v -0.121777 -0.082961 -0.162549
v -0.122336 -0.080872 -0.168980
v 0.000000 -0.082961 -0.162550
v 0.099754 -0.060978 0.298406
v 0.070652 -0.085964 0.317894
v 0.070652 -0.085964 0.298406
v 0.099754 -0.056861 0.317894
v 0.121777 -0.082961 -0.162549
v 0.012804 -0.080873 -0.168978
v 0.122336 -0.080872 -0.168980
v 0.000000 -0.082961 -0.162550
v 0.078576 -0.054704 -0.203399
v 0.047938 -0.070244 -0.215086
v 0.080485 -0.047579 -0.215086
v 0.049621 -0.074868 -0.203399
v 0.071764 -0.059448 -0.193560
v 0.078576 -0.054704 -0.193560
v 0.063538 -0.065177 -0.190705
v 0.049621 -0.074868 -0.177291
v -0.047938 -0.070244 -0.215086
v -0.078576 -0.054704 -0.203399
v -0.080485 -0.047579 -0.215086
v -0.049621 -0.074868 -0.203399
v -0.071764 -0.059448 -0.193560
v -0.078576 -0.054704 -0.193560
v -0.063538 -0.065177 -0.190705
v -0.049621 -0.074868 -0.177291
v 0.124673 -0.028554 -0.059204
v 0.126501 -0.031325 -0.057596
v 0.122363 -0.032866 -0.057703
v -0.124673 -0.028554 -0.059204
v -0.122363 -0.032866 -0.057703
v -0.126501 -0.031325 -0.057596
v -0.065035 -0.118763 0.317894
v -0.065035 -0.118763 0.298406
v -0.049041 -0.137093 0.298406
v -0.049041 -0.137093 0.317894
v -0.070652 -0.093288 0.317894
v -0.070652 -0.093288 0.298406
v 0.070652 -0.093288 0.317894
v 0.065035 -0.118763 0.298406
v 0.070652 -0.093288 0.298406
v 0.070652 -0.085964 0.317894
v 0.070652 -0.085964 0.298406
v 0.065035 -0.118763 0.317894
v 0.049041 -0.137093 0.298406
v 0.049041 -0.137093 0.317894
v -0.134108 0.006660 -0.123302
v -0.150722 0.003750 -0.112870
v -0.150475 0.006470 -0.123302
v -0.133379 0.003940 -0.112870
v -0.143279 -0.025076 -0.061355
v -0.125655 -0.024887 -0.061355
v -0.126501 -0.031325 -0.057596
v -0.124673 -0.028554 -0.059204
v -0.141069 -0.033368 -0.056493
v -0.133675 -0.060988 -0.056493
v -0.122363 -0.032866 -0.057703
v -0.116152 -0.040060 -0.057404
v -0.112459 -0.042770 -0.057189
v -0.107682 -0.044129 -0.056855
v -0.103102 -0.043774 -0.056494
v 0.000000 -0.060988 -0.056493
v -0.083228 -0.037341 -0.056493
v -0.037374 -0.038669 -0.056493
v 0.000000 -0.046103 -0.056493
v -0.045307 -0.033368 -0.056493
v -0.084293 -0.033368 -0.056493
v -0.057708 -0.025076 -0.061355
v -0.086514 -0.025076 -0.061355
v -0.069046 -0.017484 -0.074922
v -0.094238 0.003750 -0.112870
v -0.083189 0.003750 -0.112870
v -0.084995 0.006470 -0.123302
v -0.094967 0.006470 -0.123302
v 0.134108 0.006660 -0.123302
v 0.150722 0.003750 -0.112870
v 0.133379 0.003940 -0.112870
v 0.150475 0.006470 -0.123302
v 0.143279 -0.025076 -0.061355
v 0.125655 -0.024887 -0.061355
v 0.126501 -0.031325 -0.057596
v 0.124673 -0.028554 -0.059204
v 0.141069 -0.033368 -0.056493
v 0.133675 -0.060988 -0.056493
v 0.116152 -0.040060 -0.057404
v 0.122363 -0.032866 -0.057703
v 0.112459 -0.042770 -0.057189
v 0.107682 -0.044129 -0.056855
v 0.103102 -0.043774 -0.056494
v 0.000000 -0.060988 -0.056493
v 0.083228 -0.037341 -0.056493
v 0.037374 -0.038669 -0.056493
v 0.000000 -0.046103 -0.056493
v 0.045307 -0.033368 -0.056493
v 0.084293 -0.033368 -0.056493
v 0.057708 -0.025076 -0.061355
v 0.086514 -0.025076 -0.061355
v 0.069046 -0.017484 -0.074922
v 0.094238 0.003750 -0.112870
v 0.083189 0.003750 -0.112870
v 0.084995 0.006470 -0.123302
v 0.094967 0.006470 -0.123302
v 0.085094 -0.030377 -0.219927
v 0.103147 0.036997 -0.195482
v 0.093475 0.000900 -0.173921
v 0.094967 0.006470 -0.168350
v 0.083228 -0.037341 -0.193560
v 0.107900 0.054737 -0.219927
v 0.104882 0.043472 -0.200963
v 0.080485 -0.047579 -0.215086
v 0.078576 -0.054704 -0.203399
v 0.078576 -0.054704 -0.193560
v 0.083228 -0.037341 -0.193560
v 0.093475 0.000900 -0.173921
v 0.083228 -0.037341 -0.173921
v 0.103147 0.036997 -0.195482
v 0.085094 -0.030377 -0.219927
v 0.104882 0.043472 -0.200963
v 0.094967 0.006470 -0.123302
v 0.094967 0.006470 -0.168350
v 0.094238 0.003750 -0.112870
v 0.103147 0.036997 0.170528
v 0.086514 -0.025076 -0.061355
v 0.084293 -0.033368 -0.056493
v 0.083228 -0.037341 0.170528
v 0.083228 -0.037341 -0.056493
v -0.104882 0.043472 -0.200963
v -0.085094 -0.030377 -0.219927
v -0.103147 0.036997 -0.195482
v -0.094967 0.006470 -0.123302
v -0.094967 0.006470 -0.168350
v -0.094238 0.003750 -0.112870
v -0.103147 0.036997 0.170528
v -0.086514 -0.025076 -0.061355
v -0.084293 -0.033368 -0.056493
v -0.083228 -0.037341 0.170528
v -0.083228 -0.037341 -0.056493
v -0.083228 -0.037341 -0.193560
v -0.093475 0.000900 -0.173921
v -0.085094 -0.030377 -0.219927
v -0.103147 0.036997 -0.195482
v -0.094967 0.006470 -0.168350
v -0.080485 -0.047579 -0.215086
v -0.078576 -0.054704 -0.203399
v -0.078576 -0.054704 -0.193560
v -0.107900 0.054737 -0.219927
v -0.104882 0.043472 -0.200963
v -0.083228 -0.037341 -0.173921
v -0.093475 0.000900 -0.173921
v -0.083228 -0.037341 -0.193560
v -0.117941 -0.051766 -0.020655
v -0.102223 -0.060978 -0.020655
v -0.101416 -0.060978 0.153677
v 0.000000 -0.082961 -0.162550
v 0.000000 -0.082961 -0.169343
v 0.012804 -0.080873 -0.168978
v 0.000000 -0.082961 -0.203399
v 0.049621 -0.074868 -0.203399
v 0.049621 -0.074868 -0.177291
v 0.047938 -0.070244 -0.215086
v 0.000000 -0.078063 -0.215086
v -0.049621 -0.074868 -0.203399
v 0.000000 -0.082961 -0.203399
v -0.012804 -0.080873 -0.168978
v -0.049621 -0.074868 -0.177291
v -0.047938 -0.070244 -0.215086
v 0.000000 -0.078063 -0.215086
v 0.000000 -0.082961 -0.169343
v 0.000000 -0.082961 -0.162550
v 0.150931 0.003264 -0.038278
v 0.144387 0.008003 -0.031690
v 0.143921 0.004165 -0.031274
v 0.150931 0.003264 -0.038278
v 0.144016 0.012358 -0.032828
v 0.150073 0.013663 -0.040392
v 0.142909 0.016063 -0.035345
v 0.144016 0.012358 -0.032828
v 0.126426 -0.048734 -0.028066
v 0.126414 -0.048685 0.241309
v 0.123345 -0.050263 -0.025486
v -0.150073 0.013663 -0.040392
v -0.144016 0.012358 -0.032828
v -0.142909 0.016063 -0.035345
v -0.144016 0.012358 -0.032828
v -0.150931 0.003264 -0.038278
v -0.144387 0.008003 -0.031690
v -0.150931 0.003264 -0.038278
v -0.143921 0.004165 -0.031274
v -0.070652 -0.085964 0.317894
v -0.070652 -0.085964 0.298406
v -0.070652 -0.093288 0.298406
v -0.070652 -0.093288 0.317894
v 0.069837 0.144241 -0.258930
v 0.096277 0.132115 -0.250263
v 0.073456 0.148498 -0.268956
v 0.089919 0.131136 -0.243417
v 0.150073 0.013663 -0.040392
v 0.142909 0.016063 -0.035345
v -0.150073 0.013663 -0.040392
v -0.089919 0.131136 -0.243417
v -0.096277 0.132115 -0.250263
v -0.142909 0.016063 -0.035345
v -0.069837 0.144241 -0.258930
v -0.073456 0.148498 -0.268956
v 0.012465 -0.116131 0.230514
v 0.036538 -0.117645 0.231238
v 0.036538 -0.118537 0.228049
v 0.012465 -0.116136 0.227267
v 0.036538 -0.117184 0.225803
v 0.036538 -0.113949 0.225100
v 0.012465 -0.113892 0.226780
v 0.130635 -0.042999 0.232859
v 0.129095 -0.046075 -0.029956
v 0.130635 -0.042999 -0.030647
v 0.143921 0.004165 0.232859
v 0.129091 -0.046062 0.235123
v 0.126426 -0.048734 -0.028066
v 0.126414 -0.048685 0.241309
v 0.123319 -0.050165 0.249760
v 0.123345 -0.050263 -0.025486
v 0.120757 -0.052279 0.174161
v 0.117941 -0.051766 -0.020655
v 0.101416 -0.060978 0.153677
v 0.102223 -0.060978 -0.020655
v 0.061710 -0.060978 0.093917
v 0.061710 -0.060978 0.141566
v 0.100974 -0.060978 0.194645
v 0.099754 -0.060978 0.298406
v 0.099754 -0.056861 0.317894
v 0.036538 -0.060978 0.197168
v 0.036538 -0.060978 0.298406
v 0.012465 -0.059714 0.296752
v 0.012465 -0.059714 0.198363
v 0.036538 -0.060978 0.141566
v 0.036538 -0.060978 0.151154
v 0.012465 -0.059714 0.150205
v 0.036538 -0.060978 0.151154
v 0.012465 -0.060978 0.141819
v -0.036538 -0.119165 0.247938
v 0.000000 -0.123308 0.273787
v -0.036538 -0.119165 0.274371
v 0.000000 -0.125087 0.279972
v -0.036538 -0.121368 0.282030
v 0.036538 -0.119165 0.247938
v 0.000000 -0.123308 0.248514
v 0.000000 -0.124911 0.242861
v -0.036538 -0.121082 0.241177
v 0.000000 -0.153651 0.202798
v -0.036538 -0.149403 0.200966
v 0.000000 -0.161362 0.174019
v -0.036538 -0.156624 0.174019
v -0.036538 -0.149547 0.147609
v 0.000000 -0.153651 0.145240
v 0.000000 -0.132583 0.124172
v -0.036538 -0.129821 0.127882
v 0.000000 -0.094246 0.108666
v -0.036538 -0.091681 0.111990
v 0.000000 -0.079236 0.097010
v -0.036538 -0.076671 0.100333
v -0.036538 -0.070846 0.094142
v 0.000000 -0.072283 0.089563
v 0.000000 -0.123308 0.273787
v -0.036538 -0.119165 0.247938
v 0.000000 -0.123308 0.248514
v 0.000000 -0.124911 0.242861
v 0.036538 -0.119165 0.247938
v 0.036538 -0.119165 0.274371
v 0.036538 -0.121082 0.241177
v 0.000000 -0.125087 0.279972
v 0.036538 -0.121368 0.282030
v 0.000000 -0.153651 0.202798
v 0.036538 -0.149403 0.200966
v 0.000000 -0.161362 0.174019
v 0.036538 -0.156624 0.174019
v 0.036538 -0.149547 0.147609
v 0.000000 -0.153651 0.145240
v 0.000000 -0.132583 0.124172
v 0.036538 -0.129821 0.127882
v 0.000000 -0.094246 0.108666
v 0.036538 -0.091681 0.111990
v 0.000000 -0.079236 0.097010
v 0.036538 -0.076671 0.100333
v 0.036538 -0.070846 0.094142
v 0.000000 -0.072283 0.089563
v 0.000000 -0.082961 -0.162550
v 0.121777 -0.082961 -0.162549
v 0.000000 -0.082961 -0.052191
v 0.121781 -0.082961 -0.052193
v 0.000000 -0.082961 -0.162550
v 0.000000 -0.082961 -0.052191
v -0.121777 -0.082961 -0.162549
v -0.121781 -0.082961 -0.052193
v 0.036538 -0.070846 0.094142
v 0.052787 -0.063260 0.118308
v 0.036538 -0.067481 0.104861
v 0.036538 -0.060978 0.141566
v 0.061710 -0.060978 0.141566
v 0.012465 -0.068383 0.107507
v 0.012465 -0.060978 0.141819
v -0.036538 -0.060978 0.141566
v -0.052787 -0.063260 0.118308
v -0.036538 -0.067481 0.104861
v -0.036538 -0.070846 0.094142
v -0.061710 -0.060978 0.141566
v -0.012465 -0.068383 0.107507
v -0.012465 -0.060978 0.141819
v -0.150931 0.003264 -0.038278
v -0.131713 -0.068457 -0.038278
v -0.130635 -0.042999 -0.030647
v -0.143921 0.004165 -0.031274
v -0.129095 -0.046075 -0.029956
v -0.126426 -0.048734 -0.028066
v -0.123345 -0.050263 -0.025486
v -0.114900 -0.063115 -0.020655
v -0.117941 -0.051766 -0.020655
v -0.124861 -0.071467 -0.032438
v 0.114900 -0.063115 -0.020655
v 0.123345 -0.050263 -0.025486
v 0.117941 -0.051766 -0.020655
v 0.131713 -0.068457 -0.038278
v 0.124861 -0.071467 -0.032438
v 0.126426 -0.048734 -0.028066
v 0.129095 -0.046075 -0.029956
v 0.130635 -0.042999 -0.030647
v 0.150931 0.003264 -0.038278
v 0.143921 0.004165 -0.031274
v -0.036538 -0.070846 0.094142
v -0.052787 -0.063260 0.118308
v -0.052787 -0.063260 0.093815
v -0.061710 -0.060978 0.093917
v -0.061710 -0.060978 0.141566
v -0.061710 -0.060978 -0.020655
v -0.052787 -0.063260 -0.020860
v -0.036538 -0.070846 -0.031535
v 0.000000 -0.072283 0.089563
v 0.000000 -0.072341 -0.033670
v 0.036538 -0.070846 -0.031535
v 0.000000 -0.072283 0.089563
v 0.000000 -0.072341 -0.033670
v 0.036538 -0.070846 0.094142
v 0.052787 -0.063260 -0.020860
v 0.052787 -0.063260 0.093815
v 0.061710 -0.060978 -0.020655
v 0.052787 -0.063260 0.118308
v 0.061710 -0.060978 0.093917
v 0.061710 -0.060978 0.141566
v -0.033207 -0.134379 0.157832
v -0.036538 -0.124150 0.142892
v -0.036538 -0.137366 0.156108
v -0.036538 -0.142203 0.174161
v -0.033207 -0.122425 0.145879
v -0.033207 -0.138754 0.174161
v -0.036538 -0.106097 0.138055
v -0.033207 -0.134379 0.190490
v -0.033207 -0.106097 0.141503
v -0.036538 -0.137366 0.192214
v -0.033207 -0.089768 0.145879
v -0.033207 -0.122425 0.202443
v -0.036538 -0.124150 0.205430
v -0.036538 -0.106097 0.210267
v -0.036538 -0.088043 0.142892
v -0.033207 -0.077814 0.157832
v -0.036538 -0.074828 0.156108
v -0.033207 -0.073439 0.174161
v -0.036538 -0.069990 0.174161
v -0.033207 -0.089768 0.202443
v -0.033207 -0.106097 0.206818
v -0.036538 -0.088044 0.205430
v -0.033207 -0.077814 0.190490
v -0.036538 -0.074828 0.192214
v 0.033207 -0.077814 0.190490
v 0.036538 -0.088044 0.205430
v 0.033207 -0.089768 0.202443
v 0.036538 -0.106097 0.210267
v 0.036538 -0.074828 0.192214
v 0.036538 -0.069990 0.174161
v 0.033207 -0.073439 0.174161
v 0.036538 -0.074828 0.156108
v 0.033207 -0.077814 0.157832
v 0.036538 -0.088043 0.142892
v 0.033207 -0.089768 0.145879
v 0.036538 -0.106097 0.138055
v 0.033207 -0.106097 0.141503
v 0.033207 -0.122425 0.145879
v 0.036538 -0.124150 0.142892
v 0.033207 -0.134379 0.157832
v 0.036538 -0.137366 0.156108
v 0.036538 -0.142203 0.174161
v 0.033207 -0.138754 0.174161
v 0.033207 -0.134379 0.190490
v 0.036538 -0.137366 0.192214
v 0.033207 -0.122425 0.202443
v 0.036538 -0.124150 0.205430
v 0.033207 -0.106097 0.206818
v -0.012465 -0.059714 0.150205
v -0.036538 -0.060978 0.141566
v -0.012465 -0.060978 0.141819
v -0.061710 -0.060978 0.141566
v -0.036538 -0.060978 0.151154
v -0.036538 -0.060978 0.197168
v -0.012465 -0.059714 0.296752
v -0.036538 -0.060978 0.298406
v -0.012465 -0.059714 0.198363
v -0.099754 -0.060978 0.298406
v -0.100974 -0.060978 0.194645
v -0.123319 -0.050165 0.249760
v -0.099754 -0.056861 0.317894
v -0.120757 -0.052279 0.174161
v -0.123345 -0.050263 -0.025486
v -0.117941 -0.051766 -0.020655
v -0.101416 -0.060978 0.153677
v -0.126414 -0.048685 0.241309
v -0.126426 -0.048734 -0.028066
v -0.036538 -0.060978 0.151154
v -0.061710 -0.060978 0.141566
v -0.061710 -0.060978 0.093917
v -0.102223 -0.060978 -0.020655
v -0.061710 -0.060978 -0.020655
v 0.036538 -0.060978 0.151154
v 0.036538 -0.053834 0.174161
v 0.036538 -0.069990 0.174161
v 0.036538 -0.060978 0.197168
v 0.036538 -0.060978 0.151154
v 0.036538 -0.069990 0.174161
v 0.036538 -0.074828 0.156108
v 0.036538 -0.074828 0.192214
v 0.036538 -0.060978 0.197168
v 0.036538 -0.078246 0.130561
v 0.036538 -0.060978 0.151154
v -0.036538 -0.074828 0.156108
v -0.036538 -0.078246 0.130561
v -0.036538 -0.088043 0.142892
v -0.036538 -0.088563 0.126760
v -0.036538 -0.091196 0.125269
v -0.036538 -0.078246 0.130561
v -0.036538 -0.074828 0.156108
v -0.036538 -0.060978 0.151154
v -0.036538 -0.069990 0.174161
v -0.036538 -0.060978 0.151154
v -0.036538 -0.053834 0.174161
v -0.036538 -0.060978 0.197168
v -0.036538 -0.074828 0.192214
v -0.036538 -0.078246 0.217761
v -0.036538 -0.074828 0.192214
v -0.036538 -0.088044 0.205430
v -0.036538 -0.074828 0.192214
v -0.036538 -0.078246 0.217761
v -0.036538 -0.060978 0.197168
v -0.036538 -0.088044 0.205430
v -0.036538 -0.106097 0.226260
v -0.036538 -0.106097 0.210267
v -0.036538 -0.060978 0.197168
v -0.036538 -0.053834 0.174161
v -0.036538 -0.069990 0.174161
v 0.036538 -0.078246 0.217761
v 0.036538 -0.106097 0.226260
v 0.036538 -0.088044 0.205430
v 0.036538 -0.106097 0.210267
v 0.036538 -0.074828 0.192214
v 0.036538 -0.078246 0.217761
v 0.036538 -0.088044 0.205430
v 0.036538 -0.060978 0.197168
v 0.036538 -0.129821 0.127882
v 0.036538 -0.124150 0.142892
v 0.036538 -0.149547 0.147609
v 0.036538 -0.106097 0.138055
v 0.036538 -0.091700 0.122987
v 0.036538 -0.091681 0.111990
v 0.036538 -0.089940 0.120525
v 0.036538 -0.076671 0.100333
v 0.036538 -0.067481 0.104861
v 0.036538 -0.070846 0.094142
v 0.036538 -0.088043 0.142892
v 0.036538 -0.088563 0.126760
v 0.036538 -0.078246 0.130561
v 0.036538 -0.091196 0.125269
v 0.036538 -0.074828 0.156108
v 0.036538 -0.091681 0.111990
v 0.036538 -0.091700 0.122987
v 0.036538 -0.129821 0.127882
v 0.036538 -0.106097 0.138055
v 0.036538 -0.091196 0.125269
v 0.036538 -0.088043 0.142892
v 0.036538 -0.124150 0.142892
v 0.036538 -0.149547 0.147609
v 0.036538 -0.137366 0.156108
v 0.036538 -0.156624 0.174019
v 0.036538 -0.137366 0.192214
v 0.036538 -0.142203 0.174161
v 0.036538 -0.149403 0.200966
v 0.036538 -0.124150 0.205430
v 0.036538 -0.113949 0.225100
v 0.036538 -0.117184 0.225803
v 0.036538 -0.156624 0.174019
v 0.036538 -0.137366 0.156108
v 0.036538 -0.142203 0.174161
v 0.036538 -0.118537 0.228049
v 0.036538 -0.124150 0.205430
v 0.036538 -0.117184 0.225803
v 0.036538 -0.149403 0.200966
v 0.036538 -0.121082 0.241177
v 0.036538 -0.112334 0.238689
v 0.036538 -0.117645 0.231238
v 0.036538 -0.113949 0.225100
v 0.036538 -0.106097 0.210267
v 0.036538 -0.106097 0.226260
v 0.036538 -0.110584 0.244245
v 0.036538 -0.119165 0.247938
v 0.036538 -0.119165 0.274371
v 0.036538 -0.110584 0.298406
v 0.036538 -0.121368 0.282030
v 0.036538 -0.143851 0.298406
v 0.036538 -0.126844 0.288140
v 0.036538 -0.110584 0.298406
v 0.036538 -0.126844 0.288140
v 0.036538 -0.121368 0.282030
v 0.036538 -0.110584 0.244245
v 0.036538 -0.121082 0.241177
v 0.036538 -0.112334 0.238689
v 0.036538 -0.117645 0.231238
v 0.036538 -0.118537 0.228049
v -0.036538 -0.070846 0.094142
v -0.036538 -0.076671 0.100333
v -0.036538 -0.067481 0.104861
v -0.036538 -0.089940 0.120525
v -0.036538 -0.091681 0.111990
v -0.036538 -0.129821 0.127882
v -0.036538 -0.091700 0.122987
v -0.036538 -0.106097 0.138055
v -0.036538 -0.091196 0.125269
v -0.036538 -0.088043 0.142892
v -0.036538 -0.124150 0.142892
v -0.036538 -0.149547 0.147609
v -0.036538 -0.137366 0.156108
v -0.036538 -0.156624 0.174019
v -0.036538 -0.142203 0.174161
v -0.036538 -0.149403 0.200966
v -0.036538 -0.137366 0.192214
v -0.036538 -0.124150 0.205430
v -0.036538 -0.118537 0.228049
v -0.036538 -0.121082 0.241177
v -0.036538 -0.117645 0.231238
v -0.036538 -0.112334 0.238689
v -0.036538 -0.110584 0.244245
v -0.036538 -0.113949 0.225100
v -0.036538 -0.117184 0.225803
v -0.036538 -0.106097 0.210267
v -0.036538 -0.106097 0.226260
v -0.036538 -0.110584 0.244245
v -0.036538 -0.119165 0.274371
v -0.036538 -0.110584 0.298406
v -0.036538 -0.121368 0.282030
v -0.036538 -0.119165 0.247938
v -0.036538 -0.121082 0.241177
v -0.036538 -0.143851 0.298406
v -0.036538 -0.126844 0.288140
v -0.036538 -0.112334 0.238689
v -0.036538 -0.117645 0.231238
v -0.036538 -0.118537 0.228049
v -0.036538 -0.149403 0.200966
v -0.036538 -0.124150 0.205430
v -0.036538 -0.117184 0.225803
v -0.036538 -0.149547 0.147609
v -0.036538 -0.124150 0.142892
v -0.036538 -0.129821 0.127882
v -0.036538 -0.091700 0.122987
v -0.036538 -0.106097 0.138055
v -0.036538 -0.091681 0.111990
v -0.036538 -0.089940 0.120525
v -0.036538 -0.110584 0.298406
v -0.036538 -0.121368 0.282030
v -0.036538 -0.126844 0.288140
v -0.036538 -0.156624 0.174019
v -0.036538 -0.137366 0.192214
v -0.036538 -0.142203 0.174161
v 0.101416 -0.060978 0.153677
v 0.036538 -0.060978 0.151154
v 0.061710 -0.060978 0.141566
v 0.102223 -0.060978 -0.020655
v 0.061710 -0.060978 0.093917
v 0.061710 -0.060978 -0.020655
v -0.036538 -0.060978 0.141566
v -0.012465 -0.059714 0.150205
v -0.036538 -0.060978 0.151154
v 0.012465 -0.059714 0.198117
v 0.036538 -0.060978 0.197168
v 0.012465 -0.059714 0.198363
v -0.012465 -0.059714 0.198117
v -0.012465 -0.059714 0.198363
v -0.036538 -0.060978 0.197168
v -0.036538 -0.053834 0.174161
v -0.100974 -0.060978 0.194645
v -0.120757 -0.052279 0.174161
v -0.036538 -0.060978 0.197168
v -0.101416 -0.060978 0.153677
v -0.036538 -0.060978 0.151154
v 0.101416 -0.060978 0.153677
v 0.036538 -0.053834 0.174161
v 0.036538 -0.060978 0.151154
v 0.120757 -0.052279 0.174161
v 0.100974 -0.060978 0.194645
v 0.036538 -0.060978 0.197168
v -0.033207 -0.077814 0.190490
v -0.036538 -0.069990 0.174161
v -0.033207 -0.073439 0.174161
v 0.000000 -0.080902 -0.045747
v -0.121781 -0.082961 -0.052193
v 0.000000 -0.082961 -0.052191
v -0.122333 -0.080901 -0.045745
v 0.121781 -0.082961 -0.052193
v 0.000000 -0.080902 -0.045747
v 0.000000 -0.082961 -0.052191
v 0.122333 -0.080901 -0.045745
v -0.083228 -0.037341 0.170528
v -0.083228 -0.037341 -0.056493
v -0.103102 -0.043774 -0.056494
v -0.083062 -0.037697 0.317894
v -0.053664 -0.028052 0.170528
v -0.053745 -0.028174 0.317894
v 0.083228 -0.037341 0.170528
v 0.103102 -0.043774 -0.056494
v 0.083228 -0.037341 -0.056493
v 0.039059 0.153287 -0.268323
v 0.073456 0.148498 -0.268956
v 0.039929 0.159284 -0.278150
v 0.069837 0.144241 -0.258930
v 0.000000 0.155015 -0.270117
v 0.000000 0.161362 -0.279906
v 0.096277 0.132115 -0.250263
v 0.089919 0.131136 -0.243417
v -0.039059 0.153287 -0.268323
v -0.073456 0.148498 -0.268956
v -0.069837 0.144241 -0.258930
v -0.096277 0.132115 -0.250263
v -0.089919 0.131136 -0.243417
v -0.039929 0.159284 -0.278150
v 0.000000 0.155015 -0.270117
v 0.000000 0.161362 -0.279906
v 0.012465 -0.088761 0.121719
v 0.012465 -0.087932 0.125218
v 0.012465 -0.089740 0.124193
v 0.012465 -0.089926 0.123349
v 0.012465 -0.077390 0.129129
v 0.012465 -0.068383 0.107507
v 0.012465 -0.060978 0.141819
v 0.012465 -0.059714 0.150205
v -0.012465 -0.059714 0.296752
v -0.012465 -0.059714 0.198363
v -0.012465 -0.077390 0.219193
v -0.012465 -0.108931 0.243991
v -0.012465 -0.108931 0.296752
v -0.012465 -0.106000 0.227946
v -0.012465 -0.110835 0.237943
v -0.012465 -0.116131 0.230514
v -0.012465 -0.113892 0.226780
v -0.012465 -0.116753 0.228291
v -0.012465 -0.116136 0.227267
v -0.012465 -0.059714 0.198117
v -0.012465 -0.077390 0.219193
v -0.012465 -0.059714 0.198363
v -0.012465 -0.060978 0.141819
v -0.012465 -0.077390 0.129129
v -0.012465 -0.059714 0.150205
v -0.012465 -0.068383 0.107507
v -0.012465 -0.088761 0.121719
v -0.012465 -0.087932 0.125218
v -0.012465 -0.089740 0.124193
v -0.012465 -0.089926 0.123349
v 0.012465 -0.059714 0.296752
v 0.012465 -0.108931 0.243991
v 0.012465 -0.077390 0.219193
v 0.012465 -0.059714 0.198363
v 0.012465 -0.108931 0.296752
v 0.012465 -0.106000 0.227946
v 0.012465 -0.110835 0.237943
v 0.012465 -0.116131 0.230514
v 0.012465 -0.113892 0.226780
v 0.012465 -0.116753 0.228291
v 0.012465 -0.116136 0.227267
v 0.012465 -0.077390 0.219193
v 0.012465 -0.059714 0.198117
v 0.012465 -0.059714 0.198363
v -0.052787 -0.063260 -0.020860
v -0.122333 -0.080901 -0.045745
v -0.036538 -0.070846 -0.031535
v -0.114900 -0.063115 -0.020655
v -0.124861 -0.071467 -0.032438
v 0.000000 -0.080902 -0.045747
v 0.000000 -0.072341 -0.033670
v 0.122333 -0.080901 -0.045745
v 0.052787 -0.063260 -0.020860
v 0.036538 -0.070846 -0.031535
v 0.114900 -0.063115 -0.020655
v 0.124861 -0.071467 -0.032438
v 0.000000 -0.080902 -0.045747
v 0.000000 -0.072341 -0.033670
v -0.037517 -0.039017 0.317894
v -0.037374 -0.038669 -0.056493
v -0.053664 -0.028052 0.170528
v -0.053745 -0.028174 0.317894
v 0.000000 -0.046480 0.317894
v 0.000000 -0.046103 -0.056493
v -0.103097 -0.043773 -0.173921
v -0.083228 -0.037341 -0.173921
v -0.103097 -0.043773 -0.193560
v -0.083228 -0.037341 -0.193560
v -0.107614 -0.044129 -0.173921
v -0.107614 -0.044129 -0.193560
v -0.112333 -0.042770 -0.193560
v -0.112333 -0.042770 -0.173921
v -0.116152 -0.040060 -0.193560
v -0.116152 -0.040060 -0.173921
v -0.122378 -0.032872 -0.193560
v -0.122378 -0.032872 -0.173921
v 0.103097 -0.043773 -0.173921
v 0.103097 -0.043773 -0.193560
v 0.083228 -0.037341 -0.173921
v 0.083228 -0.037341 -0.193560
v 0.107614 -0.044129 -0.173921
v 0.107614 -0.044129 -0.193560
v 0.112333 -0.042770 -0.193560
v 0.112333 -0.042770 -0.173921
v 0.116152 -0.040060 -0.193560
v 0.116152 -0.040060 -0.173921
v 0.122378 -0.032872 -0.193560
v 0.122378 -0.032872 -0.173921
v -0.094967 0.006470 -0.168350
v -0.084995 0.006470 -0.123302
v -0.094967 0.006470 -0.123302
v -0.084942 0.006470 -0.168350
v 0.094967 0.006470 -0.168350
v 0.084995 0.006470 -0.123302
v 0.084942 0.006470 -0.168350
v 0.094967 0.006470 -0.123302
v -0.134108 0.006660 -0.168350
v -0.134108 0.006660 -0.123302
v -0.150429 0.006470 -0.168350
v -0.150475 0.006470 -0.123302
v 0.150429 0.006470 -0.168350
v 0.134108 0.006660 -0.123302
v 0.134108 0.006660 -0.168350
v 0.150475 0.006470 -0.123302
v 0.000000 -0.066559 -0.123890
v -0.132197 -0.066559 -0.168350
v -0.132211 -0.066559 -0.062064
v 0.000000 -0.066559 -0.168350
v 0.000000 -0.060988 -0.173921
v -0.133671 -0.060988 -0.173921
v 0.000000 -0.066559 -0.062064
v 0.000000 -0.060988 -0.056493
v -0.133675 -0.060988 -0.056493
v 0.000000 -0.066559 -0.123890
v 0.132197 -0.066559 -0.168350
v 0.000000 -0.066559 -0.168350
v 0.000000 -0.060988 -0.173921
v 0.133671 -0.060988 -0.173921
v 0.132211 -0.066559 -0.062064
v 0.000000 -0.066559 -0.062064
v 0.000000 -0.060988 -0.056493
v 0.133675 -0.060988 -0.056493
v -0.036538 -0.067481 0.104861
v -0.012465 -0.088761 0.121719
v -0.012465 -0.068383 0.107507
v -0.036538 -0.089940 0.120525
v -0.036538 -0.091700 0.122987
v -0.012465 -0.089926 0.123349
v -0.012465 -0.089740 0.124193
v -0.036538 -0.091196 0.125269
v -0.036538 -0.088563 0.126760
v -0.012465 -0.087932 0.125218
v -0.036538 -0.078246 0.130561
v -0.012465 -0.077390 0.129129
v -0.012465 -0.059714 0.150205
v 0.135552 0.012049 0.265098
v 0.124673 -0.028554 -0.059204
v 0.124673 -0.028554 0.263856
v 0.122363 -0.032866 -0.057703
v 0.122378 -0.032866 0.267127
v 0.116152 -0.040060 -0.057404
v 0.115990 -0.040060 0.280111
v 0.112459 -0.042770 -0.057189
v 0.112333 -0.042770 0.289095
v 0.107682 -0.044129 -0.056855
v 0.107614 -0.044129 0.302925
v 0.103102 -0.043774 -0.056494
v 0.103097 -0.043774 0.317894
v 0.103097 -0.043774 0.317894
v 0.083228 -0.037341 0.170528
v 0.083062 -0.037697 0.317894
v 0.053664 -0.028052 0.170528
v 0.053745 -0.028174 0.317894
v -0.114900 -0.063115 -0.020655
v -0.052787 -0.063260 -0.020860
v -0.102223 -0.060978 -0.020655
v -0.061710 -0.060978 -0.020655
v -0.117941 -0.051766 -0.020655
v 0.052787 -0.063260 -0.020860
v 0.114900 -0.063115 -0.020655
v 0.102223 -0.060978 -0.020655
v 0.117941 -0.051766 -0.020655
v 0.061710 -0.060978 -0.020655
v 0.036538 -0.078246 0.130561
v 0.012465 -0.087932 0.125218
v 0.012465 -0.077390 0.129129
v 0.012465 -0.059714 0.150205
v 0.036538 -0.060978 0.151154
v 0.036538 -0.088563 0.126760
v 0.012465 -0.089740 0.124193
v 0.036538 -0.091196 0.125269
v 0.036538 -0.091700 0.122987
v 0.012465 -0.089926 0.123349
v 0.012465 -0.088761 0.121719
v 0.036538 -0.089940 0.120525
v 0.036538 -0.067481 0.104861
v 0.012465 -0.068383 0.107507
v -0.012465 -0.110835 0.237943
v -0.036538 -0.117645 0.231238
v -0.036538 -0.112334 0.238689
v -0.012465 -0.116131 0.230514
v -0.036538 -0.118537 0.228049
v -0.012465 -0.108931 0.243991
v -0.036538 -0.110584 0.244245
v -0.012465 -0.108931 0.296752
v -0.036538 -0.110584 0.298406
v -0.012465 -0.116136 0.227267
v -0.036538 -0.117184 0.225803
v -0.036538 -0.113949 0.225100
v -0.012465 -0.113892 0.226780
v -0.036538 -0.106097 0.226260
v -0.012465 -0.106000 0.227946
v 0.037374 -0.038669 -0.056493
v 0.037517 -0.039017 0.317894
v 0.053664 -0.028052 0.170528
v 0.053745 -0.028174 0.317894
v 0.000000 -0.046480 0.317894
v 0.000000 -0.046103 -0.056493
v 0.045307 -0.033368 -0.056493
v 0.069220 -0.017658 0.170528
v 0.057708 -0.025076 -0.061355
v 0.069046 -0.017484 -0.074922
v 0.090441 0.014101 0.170528
v 0.083189 0.003750 -0.112870
v 0.084995 0.006470 -0.123302
v 0.090068 0.014255 -0.219927
v 0.084942 0.006470 -0.168350
v 0.095292 0.038492 0.170528
v 0.081213 0.000900 -0.173921
v 0.068934 -0.017373 -0.219927
v 0.068976 -0.017414 -0.173921
v 0.037328 -0.038560 -0.173921
v 0.037306 -0.038506 -0.219927
v 0.000000 -0.045985 -0.173921
v 0.000000 -0.045927 -0.219927
v 0.097489 0.051563 -0.219927
v 0.098041 0.051563 0.317894
v 0.095436 0.038465 0.317894
v 0.093266 0.075470 0.299529
v 0.094479 0.069471 0.317894
v 0.095440 0.054577 -0.219927
v 0.090560 0.089075 0.299529
v 0.090025 0.088854 -0.278159
v 0.069311 0.120876 0.299529
v 0.068874 0.120439 -0.317894
v 0.076849 0.108515 -0.311506
v 0.073597 0.113374 -0.316023
v 0.069307 0.119790 -0.317894
v 0.037510 0.142125 0.299529
v 0.037273 0.141554 -0.317894
v 0.000000 0.149587 0.299529
v 0.000000 0.148968 -0.317894
v 0.033207 -0.089768 0.202443
v 0.036538 -0.106097 0.210267
v 0.033207 -0.106097 0.206818
v 0.103147 0.036997 0.170528
v 0.103147 0.036997 0.317894
v 0.095436 0.038465 0.317894
v -0.095436 0.038465 0.317894
v -0.103147 0.036997 0.170528
v -0.095292 0.038492 0.170528
v -0.103147 0.036997 0.317894
v -0.012465 -0.116136 0.227267
v -0.036538 -0.118537 0.228049
v -0.012465 -0.116753 0.228291
v -0.012465 -0.116131 0.230514
v -0.012465 -0.059714 0.150205
v -0.036538 -0.078246 0.130561
v -0.036538 -0.060978 0.151154
v 0.036538 -0.110584 0.298406
v 0.036538 -0.110584 0.244245
v 0.012465 -0.108931 0.296752
v 0.012465 -0.108931 0.243991
v 0.036538 -0.112334 0.238689
v 0.012465 -0.110835 0.237943
v 0.036538 -0.117645 0.231238
v 0.012465 -0.116131 0.230514
v 0.036538 -0.118537 0.228049
v 0.012465 -0.116753 0.228291
v 0.012465 -0.116136 0.227267
v -0.037328 -0.038560 -0.173921
v -0.068934 -0.017373 -0.219927
v -0.068976 -0.017414 -0.173921
v -0.081213 0.000900 -0.173921
v -0.037306 -0.038506 -0.219927
v 0.000000 -0.045985 -0.173921
v 0.000000 -0.045927 -0.219927
v -0.090068 0.014255 -0.219927
v -0.084942 0.006470 -0.168350
v -0.084995 0.006470 -0.123302
v -0.090441 0.014101 0.170528
v -0.083189 0.003750 -0.112870
v -0.069046 -0.017484 -0.074922
v -0.095292 0.038492 0.170528
v -0.069220 -0.017658 0.170528
v -0.057708 -0.025076 -0.061355
v -0.045307 -0.033368 -0.056493
v -0.097489 0.051563 -0.219927
v -0.098041 0.051563 0.317894
v -0.095436 0.038465 0.317894
v -0.093266 0.075470 0.299529
v -0.094479 0.069471 0.317894
v -0.095440 0.054577 -0.219927
v -0.090560 0.089075 0.299529
v -0.090025 0.088854 -0.278159
v -0.069311 0.120876 0.299529
v -0.068874 0.120439 -0.317894
v -0.076849 0.108515 -0.311506
v -0.073597 0.113374 -0.316023
v -0.069307 0.119790 -0.317894
v -0.037510 0.142125 0.299529
v -0.037273 0.141554 -0.317894
v 0.000000 0.149587 0.299529
v 0.000000 0.148968 -0.317894
v -0.033207 -0.122425 0.202443
v -0.036538 -0.106097 0.210267
v -0.033207 -0.106097 0.206818
v -0.103147 0.036997 0.170528
v -0.124152 0.033000 -0.193991
v -0.103147 0.036997 -0.195482
v -0.124152 0.033000 0.317894
v -0.103147 0.036997 0.317894
v -0.124152 0.033000 -0.193991
v -0.128173 0.031294 0.303186
v -0.128173 0.031294 -0.193871
v -0.131641 0.028064 0.289364
v -0.131641 0.028064 -0.193758
v -0.133629 0.024175 0.280132
v -0.133629 0.024175 -0.193682
v -0.135559 0.016898 0.268912
v -0.135559 0.016898 -0.193590
v -0.135552 0.012049 0.265098
v -0.135552 0.012049 -0.193560
v -0.134108 0.006660 -0.123302
v -0.134108 0.006660 -0.168350
v -0.133379 0.003940 -0.112870
v -0.132616 0.001089 -0.173921
v -0.125655 -0.024887 -0.061355
v -0.124674 -0.028548 -0.193560
v -0.124673 -0.028554 -0.059204
v -0.124674 -0.028548 -0.173921
v -0.122378 -0.032872 -0.173921
v -0.122378 -0.032872 -0.193560
v -0.124673 -0.028554 0.263856
v -0.122363 -0.032866 -0.057703
v -0.122378 -0.032866 0.267127
v -0.116152 -0.040060 -0.057404
v -0.115990 -0.040060 0.280111
v -0.112459 -0.042770 -0.057189
v -0.112333 -0.042770 0.289095
v -0.107682 -0.044129 -0.056855
v -0.107614 -0.044129 0.302925
v -0.103102 -0.043774 -0.056494
v -0.103097 -0.043774 0.317894
v -0.103097 -0.043774 0.317894
v -0.083228 -0.037341 0.170528
v -0.083062 -0.037697 0.317894
v 0.135559 0.016898 0.268912
v 0.135559 0.016898 -0.193590
v 0.133629 0.024175 -0.193682
v 0.133629 0.024175 0.280132
v 0.131641 0.028064 -0.193758
v 0.131641 0.028064 0.289364
v 0.128173 0.031294 -0.193871
v 0.128173 0.031294 0.303186
v 0.124152 0.033000 -0.193991
v 0.124152 0.033000 0.317894
v 0.103147 0.036997 0.170528
v 0.103147 0.036997 0.317894
v 0.124152 0.033000 -0.193991
v 0.103147 0.036997 -0.195482
v 0.095436 0.038465 0.317894
v 0.095292 0.038492 0.170528
v 0.135552 0.012049 -0.193560
v 0.134108 0.006660 -0.123302
v 0.134108 0.006660 -0.168350
v 0.133379 0.003940 -0.112870
v 0.132616 0.001089 -0.173921
v 0.125655 -0.024887 -0.061355
v 0.124674 -0.028548 -0.193560
v 0.124674 -0.028548 -0.173921
v 0.122378 -0.032872 -0.173921
v 0.122378 -0.032872 -0.193560
v -0.036538 -0.126844 0.288140
v -0.025104 -0.149341 0.297676
v -0.036538 -0.143851 0.298406
v 0.025104 -0.149341 0.297676
v 0.036538 -0.126844 0.288140
v 0.036538 -0.143851 0.298406
v 0.000000 -0.129382 0.284765
v -0.036538 -0.121368 0.282030
v -0.036538 -0.126844 0.288140
v -0.025104 -0.149341 0.297676
v 0.000000 -0.153642 0.296473
v 0.036538 -0.126844 0.288140
v 0.025104 -0.149341 0.297676
v 0.000000 -0.129382 0.284765
v 0.000000 -0.153642 0.296473
v 0.036538 -0.121368 0.282030
v 0.084942 0.006470 -0.168350
v 0.093475 0.000900 -0.173921
v 0.094967 0.006470 -0.168350
v 0.081213 0.000900 -0.173921
v 0.068976 -0.017414 -0.173921
v -0.093475 0.000900 -0.173921
v -0.084942 0.006470 -0.168350
v -0.094967 0.006470 -0.168350
v -0.081213 0.000900 -0.173921
v -0.068976 -0.017414 -0.173921
v 0.134108 0.006660 -0.168350
v 0.149956 0.000900 -0.173921
v 0.150429 0.006470 -0.168350
v 0.132616 0.001089 -0.173921
v 0.124674 -0.028548 -0.173921
v 0.133671 -0.060988 -0.173921
v 0.122378 -0.032872 -0.173921
v 0.116152 -0.040060 -0.173921
v 0.112333 -0.042770 -0.173921
v 0.107614 -0.044129 -0.173921
v 0.103097 -0.043773 -0.173921
v 0.000000 -0.060988 -0.173921
v 0.083228 -0.037341 -0.173921
v -0.037328 -0.038560 -0.173921
v 0.000000 -0.055329 -0.173921
v 0.037328 -0.038560 -0.173921
v 0.000000 -0.045985 -0.173921
v -0.083228 -0.037341 -0.173921
v -0.068976 -0.017414 -0.173921
v -0.093475 0.000900 -0.173921
v -0.134108 0.006660 -0.168350
v -0.150429 0.006470 -0.168350
v -0.149956 0.000900 -0.173921
v -0.132616 0.001089 -0.173921
v -0.124674 -0.028548 -0.173921
v -0.133671 -0.060988 -0.173921
v -0.122378 -0.032872 -0.173921
v -0.116152 -0.040060 -0.173921
v -0.112333 -0.042770 -0.173921
v -0.107614 -0.044129 -0.173921
v -0.103097 -0.043773 -0.173921
v 0.000000 -0.060988 -0.173921
v -0.083228 -0.037341 -0.173921
v 0.037328 -0.038560 -0.173921
v 0.000000 -0.055329 -0.173921
v 0.000000 -0.045985 -0.173921
v -0.037328 -0.038560 -0.173921
v 0.083228 -0.037341 -0.173921
v 0.068976 -0.017414 -0.173921
v 0.093475 0.000900 -0.173921
v -0.036538 -0.060978 0.298406
v -0.012465 -0.108931 0.296752
v -0.036538 -0.110584 0.298406
v -0.012465 -0.059714 0.296752
v 0.036538 -0.060978 0.298406
v 0.012465 -0.108931 0.296752
v 0.012465 -0.059714 0.296752
v 0.036538 -0.110584 0.298406
v 0.049041 -0.137093 0.298406
v 0.036538 -0.110584 0.298406
v 0.065035 -0.118763 0.298406
v 0.070652 -0.093288 0.298406
v 0.070652 -0.085964 0.298406
v 0.036538 -0.060978 0.298406
v 0.099754 -0.060978 0.298406
v 0.070652 -0.085964 0.298406
v 0.036538 -0.110584 0.298406
v 0.036538 -0.060978 0.298406
v 0.036538 -0.143851 0.298406
v 0.049041 -0.137093 0.298406
v -0.070652 -0.085964 0.298406
v -0.036538 -0.060978 0.298406
v -0.036538 -0.110584 0.298406
v -0.070652 -0.093288 0.298406
v -0.065035 -0.118763 0.298406
v -0.049041 -0.137093 0.298406
v -0.036538 -0.143851 0.298406
v -0.099754 -0.060978 0.298406
v -0.036538 -0.060978 0.298406
v -0.070652 -0.085964 0.298406
v 0.139810 -0.003329 0.119082
v 0.141685 0.003329 0.116918
v 0.147685 0.003329 0.116918
v 0.145810 -0.003329 0.119082
v 0.140340 -0.001448 0.124870
v 0.142048 0.005210 0.122707
v 0.148048 0.005210 0.122707
v 0.146340 -0.001448 0.124870
v 0.140870 0.000433 0.130659
v 0.142276 0.007091 0.128496
v 0.148276 0.007091 0.128496
v 0.146870 0.000433 0.130659
v 0.141400 0.002314 0.136448
v 0.142304 0.008971 0.134285
v 0.148304 0.008971 0.134285
v 0.147400 0.002314 0.136448
v 0.141925 0.004195 0.142237
v 0.142144 0.010852 0.140074
v 0.148144 0.010852 0.140074
v 0.147925 0.004195 0.142237
v 0.142153 0.006076 0.148026
v 0.141904 0.012733 0.145863
v 0.147904 0.012733 0.145863
v 0.148153 0.006076 0.148026
v 0.142381 0.007957 0.153815
v 0.141342 0.014614 0.151652
v 0.147342 0.014614 0.151652
v 0.148381 0.007957 0.153815
v 0.142231 0.009838 0.159604
v 0.140710 0.016495 0.157440
v 0.146710 0.016495 0.157440
v 0.148231 0.009838 0.159604
v 0.142070 0.011719 0.165392
v 0.139844 0.018376 0.163229
v 0.145844 0.018376 0.163229
v 0.148070 0.011719 0.165392
v 0.141645 0.013600 0.171181
v 0.138977 0.020257 0.169018
v 0.144977 0.020257 0.169018
v 0.147645 0.013600 0.171181
v 0.141083 0.015480 0.176970
v 0.138111 0.022138 0.174807
v 0.144111 0.022138 0.174807
v 0.147083 0.015480 0.176970
v 0.135239 0.028377 0.137280
v 0.133344 0.032491 0.142943
v 0.139344 0.032491 0.142943
v 0.141239 0.028377 0.137280
v 0.137506 0.023452 0.140858
v 0.135611 0.027567 0.146521
v 0.141611 0.027567 0.146521
v 0.143506 0.023452 0.140858
v 0.139774 0.018528 0.144435
v 0.137879 0.022642 0.150098
v 0.143879 0.022642 0.150098
v 0.145774 0.018528 0.144435
v 0.141644 0.013604 0.148013
v 0.140147 0.017718 0.153676
v 0.146147 0.017718 0.153676
v 0.147644 0.013604 0.148013
v 0.142329 0.008679 0.151591
v 0.141886 0.012794 0.157254
v 0.147886 0.012794 0.157254
v 0.148329 0.008679 0.151591
v 0.141806 0.003755 0.155168
v 0.142371 0.007870 0.160832
v 0.148371 0.007870 0.160832
v 0.147806 0.003755 0.155168
v 0.140418 -0.001169 0.158746
v 0.141577 0.002945 0.164409
v 0.147577 0.002945 0.164409
v 0.146418 -0.001169 0.158746
v 0.139031 -0.006093 0.162324
v 0.140190 -0.001979 0.167987
v 0.146190 -0.001979 0.167987
v 0.145031 -0.006093 0.162324
v 0.137644 -0.011018 0.165902
v 0.138803 -0.006903 0.171565
v 0.144803 -0.006903 0.171565
v 0.143644 -0.011018 0.165902
v 0.136257 -0.015942 0.169479
v 0.137416 -0.011828 0.175142
v 0.143416 -0.011828 0.175142
v 0.142257 -0.015942 0.169479
v 0.134870 -0.020866 0.173057
v 0.136029 -0.016752 0.178720
v 0.142029 -0.016752 0.178720
v 0.140870 -0.020866 0.173057
v 0.138697 0.020866 0.173057
v 0.140591 0.016752 0.178720
v 0.146591 0.016752 0.178720
v 0.144697 0.020866 0.173057
v 0.140945 0.015942 0.169479
v 0.142061 0.011828 0.175142
v 0.148061 0.011828 0.175142
v 0.146945 0.015942 0.169479
v 0.142130 0.011018 0.165902
v 0.142253 0.006903 0.171565
v 0.148253 0.006903 0.171565
v 0.148130 0.011018 0.165902
v 0.142155 0.006093 0.162324
v 0.141305 0.001979 0.167987
v 0.147305 0.001979 0.167987
v 0.148155 0.006093 0.162324
v 0.141077 0.001169 0.158746
v 0.139918 -0.002945 0.164409
v 0.145918 -0.002945 0.164409
v 0.147077 0.001169 0.158746
v 0.139690 -0.003755 0.155168
v 0.138531 -0.007870 0.160832
v 0.144531 -0.007870 0.160832
v 0.145690 -0.003755 0.155168
v 0.138303 -0.008679 0.151591
v 0.137144 -0.012794 0.157254
v 0.143144 -0.012794 0.157254
v 0.144303 -0.008679 0.151591
v 0.136916 -0.013604 0.148013
v 0.135757 -0.017718 0.153676
v 0.141757 -0.017718 0.153676
v 0.142916 -0.013604 0.148013
v 0.135528 -0.018528 0.144435
v 0.134369 -0.022642 0.150098
v 0.140369 -0.022642 0.150098
v 0.141528 -0.018528 0.144435
v 0.134141 -0.023452 0.140858
v 0.132982 -0.027567 0.146521
v 0.138982 -0.027567 0.146521
v 0.140141 -0.023452 0.140858
v 0.132754 -0.028377 0.137280
v 0.131595 -0.032491 0.142943
v 0.137595 -0.032491 0.142943
v 0.138754 -0.028377 0.137280
v 0.136387 -0.015480 0.176970
v 0.134512 -0.022138 0.174807
v 0.140512 -0.022138 0.174807
v 0.142387 -0.015480 0.176970
v 0.136917 -0.013600 0.171181
v 0.135041 -0.020257 0.169018
v 0.141041 -0.020257 0.169018
v 0.142917 -0.013600 0.171181
v 0.137447 -0.011719 0.165392
v 0.135571 -0.018376 0.163229
v 0.141571 -0.018376 0.163229
v 0.143447 -0.011719 0.165392
v 0.137976 -0.009838 0.159604
v 0.136101 -0.016495 0.157440
v 0.142101 -0.016495 0.157440
v 0.143976 -0.009838 0.159604
v 0.138506 -0.007957 0.153815
v 0.136631 -0.014614 0.151652
v 0.142631 -0.014614 0.151652
v 0.144506 -0.007957 0.153815
v 0.139036 -0.006076 0.148026
v 0.137161 -0.012733 0.145863
v 0.143161 -0.012733 0.145863
v 0.145036 -0.006076 0.148026
v 0.139566 -0.004195 0.142237
v 0.137691 -0.010852 0.140074
v 0.143691 -0.010852 0.140074
v 0.145566 -0.004195 0.142237
v 0.140096 -0.002314 0.136448
v 0.138220 -0.008971 0.134285
v 0.144220 -0.008971 0.134285
v 0.146096 -0.002314 0.136448
v 0.140626 -0.000433 0.130659
v 0.138750 -0.007091 0.128496
v 0.144750 -0.007091 0.128496
v 0.146626 -0.000433 0.130659
v 0.141156 0.001448 0.124870
v 0.139280 -0.005210 0.122707
v 0.145280 -0.005210 0.122707
v 0.147156 0.001448 0.124870
v 0.141685 0.003329 0.119082
v 0.139810 -0.003329 0.116918
v 0.145810 -0.003329 0.116918
v 0.147685 0.003329 0.119082
v 0.132175 -0.030434 0.143611
v 0.132175 -0.030434 0.136611
v 0.138175 -0.030434 0.136611
v 0.138175 -0.030434 0.143611
v 0.133889 -0.024347 0.143611
v 0.133889 -0.024347 0.136611
v 0.139889 -0.024347 0.136611
v 0.139889 -0.024347 0.143611
v 0.135604 -0.018260 0.143611
v 0.135604 -0.018260 0.136611
v 0.141604 -0.018260 0.136611
v 0.141604 -0.018260 0.143611
v 0.137318 -0.012174 0.143611
v 0.137318 -0.012174 0.136611
v 0.143318 -0.012174 0.136611
v 0.143318 -0.012174 0.143611
v 0.139033 -0.006087 0.143611
v 0.139033 -0.006087 0.136611
v 0.145033 -0.006087 0.136611
v 0.145033 -0.006087 0.143611
v 0.140748 0.000000 0.143611
v 0.140748 0.000000 0.136611
v 0.146748 0.000000 0.136611
v 0.146748 0.000000 0.143611
v 0.142154 0.006087 0.143611
v 0.142154 0.006087 0.136611
v 0.148154 0.006087 0.136611
v 0.148154 0.006087 0.143611
v 0.142032 0.012174 0.143611
v 0.142032 0.012174 0.136611
v 0.148032 0.012174 0.136611
v 0.148032 0.012174 0.143611
v 0.139897 0.018260 0.143611
v 0.139897 0.018260 0.136611
v 0.145897 0.018260 0.136611
v 0.145897 0.018260 0.143611
v 0.137094 0.024347 0.143611
v 0.137094 0.024347 0.136611
v 0.143094 0.024347 0.136611
v 0.143094 0.024347 0.143611
v 0.134291 0.030434 0.143611
v 0.134291 0.030434 0.136611
v 0.140291 0.030434 0.136611
v 0.140291 0.030434 0.143611
v 0.131820 0.035800 0.150000
v 0.127952 0.044200 0.150000
v 0.133952 0.044200 0.150000
v 0.137820 0.035800 0.150000
v 0.132023 0.035359 0.155600
v 0.128203 0.043656 0.156914
v 0.134203 0.043656 0.156914
v 0.138023 0.035359 0.155600
v 0.132627 0.034048 0.161063
v 0.128948 0.042037 0.163659
v 0.134948 0.042037 0.163659
v 0.138627 0.034048 0.161063
v 0.133617 0.031898 0.166253
v 0.130170 0.039382 0.170066
v 0.136170 0.039382 0.170066
v 0.139617 0.031898 0.166253
v 0.134968 0.028963 0.171043
v 0.131839 0.035759 0.175980
v 0.137839 0.035759 0.175980
v 0.140968 0.028963 0.171043
v 0.136649 0.025314 0.175314
v 0.133913 0.031254 0.181254
v 0.139913 0.031254 0.181254
v 0.142649 0.025314 0.175314
v 0.138616 0.021043 0.178963
v 0.136342 0.025980 0.185759
v 0.142342 0.025980 0.185759
v 0.144616 0.021043 0.178963
v 0.140821 0.016253 0.181898
v 0.139065 0.020066 0.189382
v 0.145065 0.020066 0.189382
v 0.146821 0.016253 0.181898
v 0.142126 0.011063 0.184048
v 0.141627 0.013659 0.192037
v 0.147627 0.013659 0.192037
v 0.148126 0.011063 0.184048
v 0.142095 0.005600 0.185359
v 0.142255 0.006914 0.193656
v 0.148255 0.006914 0.193656
v 0.148095 0.005600 0.185359
v 0.140748 0.000000 0.185800
v 0.140748 0.000000 0.194200
v 0.146748 0.000000 0.194200
v 0.146748 0.000000 0.185800
v 0.139170 -0.005600 0.185359
v 0.138800 -0.006914 0.193656
v 0.144800 -0.006914 0.193656
v 0.145170 -0.005600 0.185359
v 0.137631 -0.011063 0.184048
v 0.136900 -0.013659 0.192037
v 0.142900 -0.013659 0.192037
v 0.143631 -0.011063 0.184048
v 0.136169 -0.016253 0.181898
v 0.135095 -0.020066 0.189382
v 0.141095 -0.020066 0.189382
v 0.142169 -0.016253 0.181898
v 0.134820 -0.021043 0.178963
v 0.133429 -0.025980 0.185759
v 0.139429 -0.025980 0.185759
v 0.140820 -0.021043 0.178963
v 0.133617 -0.025314 0.175314
v 0.131944 -0.031254 0.181254
v 0.137944 -0.031254 0.181254
v 0.139617 -0.025314 0.175314
v 0.132589 -0.028963 0.171043
v 0.130675 -0.035759 0.175980
v 0.136675 -0.035759 0.175980
v 0.138589 -0.028963 0.171043
v 0.131762 -0.031898 0.166253
v 0.129654 -0.039382 0.170066
v 0.135654 -0.039382 0.170066
v 0.137762 -0.031898 0.166253
v 0.131157 -0.034048 0.161063
v 0.128906 -0.042037 0.163659
v 0.134906 -0.042037 0.163659
v 0.137157 -0.034048 0.161063
v 0.130787 -0.035359 0.155600
v 0.128306 -0.043656 0.156914
v 0.134306 -0.043656 0.156914
v 0.136787 -0.035359 0.155600
v 0.130663 -0.035800 0.150000
v 0.128033 -0.044200 0.150000
v 0.134033 -0.044200 0.150000
v 0.136663 -0.035800 0.150000
v 0.130787 -0.035359 0.144400
v 0.128306 -0.043656 0.143086
v 0.134306 -0.043656 0.143086
v 0.136787 -0.035359 0.144400
v 0.131157 -0.034048 0.138937
v 0.128906 -0.042037 0.136341
v 0.134906 -0.042037 0.136341
v 0.137157 -0.034048 0.138937
v 0.131762 -0.031898 0.133747
v 0.129654 -0.039382 0.129934
v 0.135654 -0.039382 0.129934
v 0.137762 -0.031898 0.133747
v 0.132589 -0.028963 0.128957
v 0.130675 -0.035759 0.124020
v 0.136675 -0.035759 0.124020
v 0.138589 -0.028963 0.128957
v 0.133617 -0.025314 0.124686
v 0.131944 -0.031254 0.118746
v 0.137944 -0.031254 0.118746
v 0.139617 -0.025314 0.124686
v 0.134820 -0.021043 0.121037
v 0.133429 -0.025980 0.114241
v 0.139429 -0.025980 0.114241
v 0.140820 -0.021043 0.121037
v 0.136169 -0.016253 0.118102
v 0.135095 -0.020066 0.110618
v 0.141095 -0.020066 0.110618
v 0.142169 -0.016253 0.118102
v 0.137631 -0.011063 0.115952
v 0.136900 -0.013659 0.107963
v 0.142900 -0.013659 0.107963
v 0.143631 -0.011063 0.115952
v 0.139170 -0.005600 0.114641
v 0.138800 -0.006914 0.106344
v 0.144800 -0.006914 0.106344
v 0.145170 -0.005600 0.114641
v 0.140748 0.000000 0.114200
v 0.140748 0.000000 0.105800
v 0.146748 0.000000 0.105800
v 0.146748 0.000000 0.114200
v 0.142095 0.005600 0.114641
v 0.142255 0.006914 0.106344
v 0.148255 0.006914 0.106344
v 0.148095 0.005600 0.114641
v 0.142126 0.011063 0.115952
v 0.141627 0.013659 0.107963
v 0.147627 0.013659 0.107963
v 0.148126 0.011063 0.115952
v 0.140821 0.016253 0.118102
v 0.139065 0.020066 0.110618
v 0.145065 0.020066 0.110618
v 0.146821 0.016253 0.118102
v 0.138616 0.021043 0.121037
v 0.136342 0.025980 0.114241
v 0.142342 0.025980 0.114241
v 0.144616 0.021043 0.121037
v 0.136649 0.025314 0.124686
v 0.133913 0.031254 0.118746
v 0.139913 0.031254 0.118746
v 0.142649 0.025314 0.124686
v 0.134969 0.028963 0.128957
v 0.131839 0.035759 0.124020
v 0.137839 0.035759 0.124020
v 0.140969 0.028963 0.128957
v 0.133617 0.031898 0.133747
v 0.130170 0.039382 0.129934
v 0.136170 0.039382 0.129934
v 0.139617 0.031898 0.133747
v 0.132627 0.034048 0.138937
v 0.128948 0.042037 0.136341
v 0.134948 0.042037 0.136341
v 0.138627 0.034048 0.138937
v 0.132023 0.035359 0.144400
v 0.128203 0.043656 0.143086
v 0.134203 0.043656 0.143086
v 0.138023 0.035359 0.144400
v 0.118769 0.075000 -0.082660
v 0.121540 0.075000 -0.085380
v 0.121540 0.075000 -0.090820
v 0.118769 0.075000 -0.093540
v 0.115998 0.075000 -0.090820
v 0.115998 0.075000 -0.085380
v 0.118769 0.069900 -0.084983
v 0.121540 0.070700 -0.087339
v 0.121540 0.072300 -0.092050
v 0.118769 0.073100 -0.094405
v 0.115998 0.072300 -0.092050
v 0.115998 0.070700 -0.087339
v 0.118769 0.066167 -0.091330
v 0.121540 0.067552 -0.092690
v 0.121540 0.070323 -0.095410
v 0.118769 0.071709 -0.096770
v 0.115998 0.070323 -0.095410
v 0.115998 0.067552 -0.092690
v 0.118769 0.064800 -0.100000
v 0.121540 0.066400 -0.100000
v 0.121540 0.069600 -0.100000
v 0.118769 0.071200 -0.100000
v 0.115998 0.069600 -0.100000
v 0.115998 0.066400 -0.100000
v 0.118769 0.066167 -0.108670
v 0.121540 0.067552 -0.107310
v 0.121540 0.070323 -0.104590
v 0.118769 0.071709 -0.103230
v 0.115998 0.070323 -0.104590
v 0.115998 0.067552 -0.107310
v 0.118769 0.069900 -0.115017
v 0.121540 0.070700 -0.112661
v 0.121540 0.072300 -0.107950
v 0.118769 0.073100 -0.105595
v 0.115998 0.072300 -0.107950
v 0.115998 0.070700 -0.112661
v 0.118769 0.075000 -0.117340
v 0.121540 0.075000 -0.114620
v 0.121540 0.075000 -0.109180
v 0.118769 0.075000 -0.106460
v 0.115998 0.075000 -0.109180
v 0.115998 0.075000 -0.114620
v 0.118769 0.080100 -0.115017
v 0.121540 0.079300 -0.112661
v 0.121540 0.077700 -0.107950
v 0.118769 0.076900 -0.105595
v 0.115998 0.077700 -0.107950
v 0.115998 0.079300 -0.112661
v 0.118769 0.083833 -0.108670
v 0.121540 0.082448 -0.107310
v 0.121540 0.079677 -0.104590
v 0.118769 0.078291 -0.103230
v 0.115998 0.079677 -0.104590
v 0.115998 0.082448 -0.107310
v 0.118769 0.085200 -0.100000
v 0.121540 0.083600 -0.100000
v 0.121540 0.080400 -0.100000
v 0.118769 0.078800 -0.100000
v 0.115998 0.080400 -0.100000
v 0.115998 0.083600 -0.100000
v 0.118769 0.083833 -0.091330
v 0.121540 0.082448 -0.092690
v 0.121540 0.079677 -0.095410
v 0.118769 0.078291 -0.096770
v 0.115998 0.079677 -0.095410
v 0.115998 0.082448 -0.092690
v 0.118769 0.080100 -0.084983
v 0.121540 0.079300 -0.087339
v 0.121540 0.077700 -0.092050
v 0.118769 0.076900 -0.094405
v 0.115998 0.077700 -0.092050
v 0.115998 0.079300 -0.087339
v 0.123269 0.075000 -0.056660
v 0.123269 0.077771 -0.059380
v 0.123269 0.077771 -0.064820
v 0.123269 0.075000 -0.067540
v 0.123269 0.072229 -0.064820
v 0.123269 0.072229 -0.059380
v 0.128369 0.075000 -0.058983
v 0.127569 0.077771 -0.061339
v 0.125969 0.077771 -0.066050
v 0.125169 0.075000 -0.068405
v 0.125969 0.072229 -0.066050
v 0.127569 0.072229 -0.061339
v 0.132103 0.075000 -0.065330
v 0.130717 0.077771 -0.066690
v 0.127946 0.077771 -0.069410
v 0.126560 0.075000 -0.070770
v 0.127946 0.072229 -0.069410
v 0.130717 0.072229 -0.066690
v 0.133469 0.075000 -0.074000
v 0.131869 0.077771 -0.074000
v 0.128669 0.077771 -0.074000
v 0.127069 0.075000 -0.074000
v 0.128669 0.072229 -0.074000
v 0.131869 0.072229 -0.074000
v 0.132103 0.075000 -0.082670
v 0.130717 0.077771 -0.081310
v 0.127946 0.077771 -0.078590
v 0.126560 0.075000 -0.077230
v 0.127946 0.072229 -0.078590
v 0.130717 0.072229 -0.081310
v 0.128369 0.075000 -0.089017
v 0.127569 0.077771 -0.086661
v 0.125969 0.077771 -0.081950
v 0.125169 0.075000 -0.079595
v 0.125969 0.072229 -0.081950
v 0.127569 0.072229 -0.086661
v 0.123269 0.075000 -0.091340
v 0.123269 0.077771 -0.088620
v 0.123269 0.077771 -0.083180
v 0.123269 0.075000 -0.080460
v 0.123269 0.072229 -0.083180
v 0.123269 0.072229 -0.088620
v 0.118169 0.075000 -0.089017
v 0.118969 0.077771 -0.086661
v 0.120569 0.077771 -0.081950
v 0.121369 0.075000 -0.079595
v 0.120569 0.072229 -0.081950
v 0.118969 0.072229 -0.086661
v 0.114436 0.075000 -0.082670
v 0.115821 0.077771 -0.081310
v 0.118593 0.077771 -0.078590
v 0.119978 0.075000 -0.077230
v 0.118593 0.072229 -0.078590
v 0.115821 0.072229 -0.081310
v 0.113069 0.075000 -0.074000
v 0.114669 0.077771 -0.074000
v 0.117869 0.077771 -0.074000
v 0.119469 0.075000 -0.074000
v 0.117869 0.072229 -0.074000
v 0.114669 0.072229 -0.074000
v 0.114436 0.075000 -0.065330
v 0.115821 0.077771 -0.066690
v 0.118593 0.077771 -0.069410
v 0.119978 0.075000 -0.070770
v 0.118593 0.072229 -0.069410
v 0.115821 0.072229 -0.066690
v 0.118169 0.075000 -0.058983
v 0.118969 0.077771 -0.061339
v 0.120569 0.077771 -0.066050
v 0.121369 0.075000 -0.068405
v 0.120569 0.072229 -0.066050
v 0.118969 0.072229 -0.061339
v 0.118769 0.075000 -0.030660
v 0.121540 0.075000 -0.033380
v 0.121540 0.075000 -0.038820
v 0.118769 0.075000 -0.041540
v 0.115998 0.075000 -0.038820
v 0.115998 0.075000 -0.033380
v 0.118769 0.069900 -0.032983
v 0.121540 0.070700 -0.035339
v 0.121540 0.072300 -0.040050
v 0.118769 0.073100 -0.042405
v 0.115998 0.072300 -0.040050
v 0.115998 0.070700 -0.035339
v 0.118769 0.066167 -0.039330
v 0.121540 0.067552 -0.040690
v 0.121540 0.070323 -0.043410
v 0.118769 0.071709 -0.044770
v 0.115998 0.070323 -0.043410
v 0.115998 0.067552 -0.040690
v 0.118769 0.064800 -0.048000
v 0.121540 0.066400 -0.048000
v 0.121540 0.069600 -0.048000
v 0.118769 0.071200 -0.048000
v 0.115998 0.069600 -0.048000
v 0.115998 0.066400 -0.048000
v 0.118769 0.066167 -0.056670
v 0.121540 0.067552 -0.055310
v 0.121540 0.070323 -0.052590
v 0.118769 0.071709 -0.051230
v 0.115998 0.070323 -0.052590
v 0.115998 0.067552 -0.055310
v 0.118769 0.069900 -0.063017
v 0.121540 0.070700 -0.060661
v 0.121540 0.072300 -0.055950
v 0.118769 0.073100 -0.053595
v 0.115998 0.072300 -0.055950
v 0.115998 0.070700 -0.060661
v 0.118769 0.075000 -0.065340
v 0.121540 0.075000 -0.062620
v 0.121540 0.075000 -0.057180
v 0.118769 0.075000 -0.054460
v 0.115998 0.075000 -0.057180
v 0.115998 0.075000 -0.062620
v 0.118769 0.080100 -0.063017
v 0.121540 0.079300 -0.060661
v 0.121540 0.077700 -0.055950
v 0.118769 0.076900 -0.053595
v 0.115998 0.077700 -0.055950
v 0.115998 0.079300 -0.060661
v 0.118769 0.083833 -0.056670
v 0.121540 0.082448 -0.055310
v 0.121540 0.079677 -0.052590
v 0.118769 0.078291 -0.051230
v 0.115998 0.079677 -0.052590
v 0.115998 0.082448 -0.055310
v 0.118769 0.085200 -0.048000
v 0.121540 0.083600 -0.048000
v 0.121540 0.080400 -0.048000
v 0.118769 0.078800 -0.048000
v 0.115998 0.080400 -0.048000
v 0.115998 0.083600 -0.048000
v 0.118769 0.083833 -0.039330
v 0.121540 0.082448 -0.040690
v 0.121540 0.079677 -0.043410
v 0.118769 0.078291 -0.044770
v 0.115998 0.079677 -0.043410
v 0.115998 0.082448 -0.040690
v 0.118769 0.080100 -0.032983
v 0.121540 0.079300 -0.035339
v 0.121540 0.077700 -0.040050
v 0.118769 0.076900 -0.042405
v 0.115998 0.077700 -0.040050
v 0.115998 0.079300 -0.035339
v 0.123269 0.075000 -0.004660
v 0.123269 0.077771 -0.007380
v 0.123269 0.077771 -0.012820
v 0.123269 0.075000 -0.015540
v 0.123269 0.072229 -0.012820
v 0.123269 0.072229 -0.007380
v 0.128369 0.075000 -0.006983
v 0.127569 0.077771 -0.009339
v 0.125969 0.077771 -0.014050
v 0.125169 0.075000 -0.016405
v 0.125969 0.072229 -0.014050
v 0.127569 0.072229 -0.009339
v 0.132103 0.075000 -0.013330
v 0.130717 0.077771 -0.014690
v 0.127946 0.077771 -0.017410
v 0.126560 0.075000 -0.018770
v 0.127946 0.072229 -0.017410
v 0.130717 0.072229 -0.014690
v 0.133469 0.075000 -0.022000
v 0.131869 0.077771 -0.022000
v 0.128669 0.077771 -0.022000
v 0.127069 0.075000 -0.022000
v 0.128669 0.072229 -0.022000
v 0.131869 0.072229 -0.022000
v 0.132103 0.075000 -0.030670
v 0.130717 0.077771 -0.029310
v 0.127946 0.077771 -0.026590
v 0.126560 0.075000 -0.025230
v 0.127946 0.072229 -0.026590
v 0.130717 0.072229 -0.029310
v 0.128369 0.075000 -0.037017
v 0.127569 0.077771 -0.034661
v 0.125969 0.077771 -0.029950
v 0.125169 0.075000 -0.027595
v 0.125969 0.072229 -0.029950
v 0.127569 0.072229 -0.034661
v 0.123269 0.075000 -0.039340
v 0.123269 0.077771 -0.036620
v 0.123269 0.077771 -0.031180
v 0.123269 0.075000 -0.028460
v 0.123269 0.072229 -0.031180
v 0.123269 0.072229 -0.036620
v 0.118169 0.075000 -0.037017
v 0.118969 0.077771 -0.034661
v 0.120569 0.077771 -0.029950
v 0.121369 0.075000 -0.027595
v 0.120569 0.072229 -0.029950
v 0.118969 0.072229 -0.034661
v 0.114436 0.075000 -0.030670
v 0.115821 0.077771 -0.029310
v 0.118593 0.077771 -0.026590
v 0.119978 0.075000 -0.025230
v 0.118593 0.072229 -0.026590
v 0.115821 0.072229 -0.029310
v 0.113069 0.075000 -0.022000
v 0.114669 0.077771 -0.022000
v 0.117869 0.077771 -0.022000
v 0.119469 0.075000 -0.022000
v 0.117869 0.072229 -0.022000
v 0.114669 0.072229 -0.022000
v 0.114436 0.075000 -0.013330
v 0.115821 0.077771 -0.014690
v 0.118593 0.077771 -0.017410
v 0.119978 0.075000 -0.018770
v 0.118593 0.072229 -0.017410
v 0.115821 0.072229 -0.014690
v 0.118169 0.075000 -0.006983
v 0.118969 0.077771 -0.009339
v 0.120569 0.077771 -0.014050
v 0.121369 0.075000 -0.016405
v 0.120569 0.072229 -0.014050
v 0.118969 0.072229 -0.009339
v 0.118769 0.075000 0.021340
v 0.121540 0.075000 0.018620
v 0.121540 0.075000 0.013180
v 0.118769 0.075000 0.010460
v 0.115998 0.075000 0.013180
v 0.115998 0.075000 0.018620
v 0.118769 0.069900 0.019017
v 0.121540 0.070700 0.016661
v 0.121540 0.072300 0.011950
v 0.118769 0.073100 0.009595
v 0.115998 0.072300 0.011950
v 0.115998 0.070700 0.016661
v 0.118769 0.066167 0.012670
v 0.121540 0.067552 0.011310
v 0.121540 0.070323 0.008590
v 0.118769 0.071709 0.007230
v 0.115998 0.070323 0.008590
v 0.115998 0.067552 0.011310
v 0.118769 0.064800 0.004000
v 0.121540 0.066400 0.004000
v 0.121540 0.069600 0.004000
v 0.118769 0.071200 0.004000
v 0.115998 0.069600 0.004000
v 0.115998 0.066400 0.004000
v 0.118769 0.066167 -0.004670
v 0.121540 0.067552 -0.003310
v 0.121540 0.070323 -0.000590
v 0.118769 0.071709 0.000770
v 0.115998 0.070323 -0.000590
v 0.115998 0.067552 -0.003310
v 0.118769 0.069900 -0.011017
v 0.121540 0.070700 -0.008661
v 0.121540 0.072300 -0.003950
v 0.118769 0.073100 -0.001595
v 0.115998 0.072300 -0.003950
v 0.115998 0.070700 -0.008661
v 0.118769 0.075000 -0.013340
v 0.121540 0.075000 -0.010620
v 0.121540 0.075000 -0.005180
v 0.118769 0.075000 -0.002460
v 0.115998 0.075000 -0.005180
v 0.115998 0.075000 -0.010620
v 0.118769 0.080100 -0.011017
v 0.121540 0.079300 -0.008661
v 0.121540 0.077700 -0.003950
v 0.118769 0.076900 -0.001595
v 0.115998 0.077700 -0.003950
v 0.115998 0.079300 -0.008661
v 0.118769 0.083833 -0.004670
v 0.121540 0.082448 -0.003310
v 0.121540 0.079677 -0.000590
v 0.118769 0.078291 0.000770
v 0.115998 0.079677 -0.000590
v 0.115998 0.082448 -0.003310
v 0.118769 0.085200 0.004000
v 0.121540 0.083600 0.004000
v 0.121540 0.080400 0.004000
v 0.118769 0.078800 0.004000
v 0.115998 0.080400 0.004000
v 0.115998 0.083600 0.004000
v 0.118769 0.083833 0.012670
v 0.121540 0.082448 0.011310
v 0.121540 0.079677 0.008590
v 0.118769 0.078291 0.007230
v 0.115998 0.079677 0.008590
v 0.115998 0.082448 0.011310
v 0.118769 0.080100 0.019017
v 0.121540 0.079300 0.016661
v 0.121540 0.077700 0.011950
v 0.118769 0.076900 0.009595
v 0.115998 0.077700 0.011950
v 0.115998 0.079300 0.016661
v 0.123269 0.075000 0.047340
v 0.123269 0.077771 0.044620
v 0.123269 0.077771 0.039180
v 0.123269 0.075000 0.036460
v 0.123269 0.072229 0.039180
v 0.123269 0.072229 0.044620
v 0.128369 0.075000 0.045017
v 0.127569 0.077771 0.042661
v 0.125969 0.077771 0.037950
v 0.125169 0.075000 0.035595
v 0.125969 0.072229 0.037950
v 0.127569 0.072229 0.042661
v 0.132103 0.075000 0.038670
v 0.130717 0.077771 0.037310
v 0.127946 0.077771 0.034590
v 0.126560 0.075000 0.033230
v 0.127946 0.072229 0.034590
v 0.130717 0.072229 0.037310
v 0.133469 0.075000 0.030000
v 0.131869 0.077771 0.030000
v 0.128669 0.077771 0.030000
v 0.127069 0.075000 0.030000
v 0.128669 0.072229 0.030000
v 0.131869 0.072229 0.030000
v 0.132103 0.075000 0.021330
v 0.130717 0.077771 0.022690
v 0.127946 0.077771 0.025410
v 0.126560 0.075000 0.026770
v 0.127946 0.072229 0.025410
v 0.130717 0.072229 0.022690
v 0.128369 0.075000 0.014983
v 0.127569 0.077771 0.017339
v 0.125969 0.077771 0.022050
v 0.125169 0.075000 0.024405
v 0.125969 0.072229 0.022050
v 0.127569 0.072229 0.017339
v 0.123269 0.075000 0.012660
v 0.123269 0.077771 0.015380
v 0.123269 0.077771 0.020820
v 0.123269 0.075000 0.023540
v 0.123269 0.072229 0.020820
v 0.123269 0.072229 0.015380
v 0.118169 0.075000 0.014983
v 0.118969 0.077771 0.017339
v 0.120569 0.077771 0.022050
v 0.121369 0.075000 0.024405
v 0.120569 0.072229 0.022050
v 0.118969 0.072229 0.017339
v 0.114436 0.075000 0.021330
v 0.115821 0.077771 0.022690
v 0.118593 0.077771 0.025410
v 0.119978 0.075000 0.026770
v 0.118593 0.072229 0.025410
v 0.115821 0.072229 0.022690
v 0.113069 0.075000 0.030000
v 0.114669 0.077771 0.030000
v 0.117869 0.077771 0.030000
v 0.119469 0.075000 0.030000
v 0.117869 0.072229 0.030000
v 0.114669 0.072229 0.030000
v 0.114436 0.075000 0.038670
v 0.115821 0.077771 0.037310
v 0.118593 0.077771 0.034590
v 0.119978 0.075000 0.033230
v 0.118593 0.072229 0.034590
v 0.115821 0.072229 0.037310
v 0.118169 0.075000 0.045017
v 0.118969 0.077771 0.042661
v 0.120569 0.077771 0.037950
v 0.121369 0.075000 0.035595
v 0.120569 0.072229 0.037950
v 0.118969 0.072229 0.042661
v 0.118769 0.075000 0.073340
v 0.121540 0.075000 0.070620
v 0.121540 0.075000 0.065180
v 0.118769 0.075000 0.062460
v 0.115998 0.075000 0.065180
v 0.115998 0.075000 0.070620
v 0.118769 0.069900 0.071017
v 0.121540 0.070700 0.068661
v 0.121540 0.072300 0.063950
v 0.118769 0.073100 0.061595
v 0.115998 0.072300 0.063950
v 0.115998 0.070700 0.068661
v 0.118769 0.066167 0.064670
v 0.121540 0.067552 0.063310
v 0.121540 0.070323 0.060590
v 0.118769 0.071709 0.059230
v 0.115998 0.070323 0.060590
v 0.115998 0.067552 0.063310
v 0.118769 0.064800 0.056000
v 0.121540 0.066400 0.056000
v 0.121540 0.069600 0.056000
v 0.118769 0.071200 0.056000
v 0.115998 0.069600 0.056000
v 0.115998 0.066400 0.056000
v 0.118769 0.066167 0.047330
v 0.121540 0.067552 0.048690
v 0.121540 0.070323 0.051410
v 0.118769 0.071709 0.052770
v 0.115998 0.070323 0.051410
v 0.115998 0.067552 0.048690
v 0.118769 0.069900 0.040983
v 0.121540 0.070700 0.043339
v 0.121540 0.072300 0.048050
v 0.118769 0.073100 0.050405
v 0.115998 0.072300 0.048050
v 0.115998 0.070700 0.043339
v 0.118769 0.075000 0.038660
v 0.121540 0.075000 0.041380
v 0.121540 0.075000 0.046820
v 0.118769 0.075000 0.049540
v 0.115998 0.075000 0.046820
v 0.115998 0.075000 0.041380
v 0.118769 0.080100 0.040983
v 0.121540 0.079300 0.043339
v 0.121540 0.077700 0.048050
v 0.118769 0.076900 0.050405
v 0.115998 0.077700 0.048050
v 0.115998 0.079300 0.043339
v 0.118769 0.083833 0.047330
v 0.121540 0.082448 0.048690
v 0.121540 0.079677 0.051410
v 0.118769 0.078291 0.052770
v 0.115998 0.079677 0.051410
v 0.115998 0.082448 0.048690
v 0.118769 0.085200 0.056000
v 0.121540 0.083600 0.056000
v 0.121540 0.080400 0.056000
v 0.118769 0.078800 0.056000
v 0.115998 0.080400 0.056000
v 0.115998 0.083600 0.056000
v 0.118769 0.083833 0.064670
v 0.121540 0.082448 0.063310
v 0.121540 0.079677 0.060590
v 0.118769 0.078291 0.059230
v 0.115998 0.079677 0.060590
v 0.115998 0.082448 0.063310
v 0.118769 0.080100 0.071017
v 0.121540 0.079300 0.068661
v 0.121540 0.077700 0.063950
v 0.118769 0.076900 0.061595
v 0.115998 0.077700 0.063950
v 0.115998 0.079300 0.068661
v 0.123269 0.075000 0.099340
v 0.123269 0.077771 0.096620
v 0.123269 0.077771 0.091180
v 0.123269 0.075000 0.088460
v 0.123269 0.072229 0.091180
v 0.123269 0.072229 0.096620
v 0.128369 0.075000 0.097017
v 0.127569 0.077771 0.094661
v 0.125969 0.077771 0.089950
v 0.125169 0.075000 0.087595
v 0.125969 0.072229 0.089950
v 0.127569 0.072229 0.094661
v 0.132103 0.075000 0.090670
v 0.130717 0.077771 0.089310
v 0.127946 0.077771 0.086590
v 0.126560 0.075000 0.085230
v 0.127946 0.072229 0.086590
v 0.130717 0.072229 0.089310
v 0.133469 0.075000 0.082000
v 0.131869 0.077771 0.082000
v 0.128669 0.077771 0.082000
v 0.127069 0.075000 0.082000
v 0.128669 0.072229 0.082000
v 0.131869 0.072229 0.082000
v 0.132103 0.075000 0.073330
v 0.130717 0.077771 0.074690
v 0.127946 0.077771 0.077410
v 0.126560 0.075000 0.078770
v 0.127946 0.072229 0.077410
v 0.130717 0.072229 0.074690
v 0.128369 0.075000 0.066983
v 0.127569 0.077771 0.069339
v 0.125969 0.077771 0.074050
v 0.125169 0.075000 0.076405
v 0.125969 0.072229 0.074050
v 0.127569 0.072229 0.069339
v 0.123269 0.075000 0.064660
v 0.123269 0.077771 0.067380
v 0.123269 0.077771 0.072820
v 0.123269 0.075000 0.075540
v 0.123269 0.072229 0.072820
v 0.123269 0.072229 0.067380
v 0.118169 0.075000 0.066983
v 0.118969 0.077771 0.069339
v 0.120569 0.077771 0.074050
v 0.121369 0.075000 0.076405
v 0.120569 0.072229 0.074050
v 0.118969 0.072229 0.069339
v 0.114436 0.075000 0.073330
v 0.115821 0.077771 0.074690
v 0.118593 0.077771 0.077410
v 0.119978 0.075000 0.078770
v 0.118593 0.072229 0.077410
v 0.115821 0.072229 0.074690
v 0.113069 0.075000 0.082000
v 0.114669 0.077771 0.082000
v 0.117869 0.077771 0.082000
v 0.119469 0.075000 0.082000
v 0.117869 0.072229 0.082000
v 0.114669 0.072229 0.082000
v 0.114436 0.075000 0.090670
v 0.115821 0.077771 0.089310
v 0.118593 0.077771 0.086590
v 0.119978 0.075000 0.085230
v 0.118593 0.072229 0.086590
v 0.115821 0.072229 0.089310
v 0.118169 0.075000 0.097017
v 0.118969 0.077771 0.094661
v 0.120569 0.077771 0.089950
v 0.121369 0.075000 0.087595
v 0.120569 0.072229 0.089950
v 0.118969 0.072229 0.094661
v 0.118769 0.075000 0.125340
v 0.121540 0.075000 0.122620
v 0.121540 0.075000 0.117180
v 0.118769 0.075000 0.114460
v 0.115998 0.075000 0.117180
v 0.115998 0.075000 0.122620
v 0.118769 0.069900 0.123017
v 0.121540 0.070700 0.120661
v 0.121540 0.072300 0.115950
v 0.118769 0.073100 0.113595
v 0.115998 0.072300 0.115950
v 0.115998 0.070700 0.120661
v 0.118769 0.066167 0.116670
v 0.121540 0.067552 0.115310
v 0.121540 0.070323 0.112590
v 0.118769 0.071709 0.111230
v 0.115998 0.070323 0.112590
v 0.115998 0.067552 0.115310
v 0.118769 0.064800 0.108000
v 0.121540 0.066400 0.108000
v 0.121540 0.069600 0.108000
v 0.118769 0.071200 0.108000
v 0.115998 0.069600 0.108000
v 0.115998 0.066400 0.108000
v 0.118769 0.066167 0.099330
v 0.121540 0.067552 0.100690
v 0.121540 0.070323 0.103410
v 0.118769 0.071709 0.104770
v 0.115998 0.070323 0.103410
v 0.115998 0.067552 0.100690
v 0.118769 0.069900 0.092983
v 0.121540 0.070700 0.095339
v 0.121540 0.072300 0.100050
v 0.118769 0.073100 0.102405
v 0.115998 0.072300 0.100050
v 0.115998 0.070700 0.095339
v 0.118769 0.075000 0.090660
v 0.121540 0.075000 0.093380
v 0.121540 0.075000 0.098820
v 0.118769 0.075000 0.101540
v 0.115998 0.075000 0.098820
v 0.115998 0.075000 0.093380
v 0.118769 0.080100 0.092983
v 0.121540 0.079300 0.095339
v 0.121540 0.077700 0.100050
v 0.118769 0.076900 0.102405
v 0.115998 0.077700 0.100050
v 0.115998 0.079300 0.095339
v 0.118769 0.083833 0.099330
v 0.121540 0.082448 0.100690
v 0.121540 0.079677 0.103410
v 0.118769 0.078291 0.104770
v 0.115998 0.079677 0.103410
v 0.115998 0.082448 0.100690
v 0.118769 0.085200 0.108000
v 0.121540 0.083600 0.108000
v 0.121540 0.080400 0.108000
v 0.118769 0.078800 0.108000
v 0.115998 0.080400 0.108000
v 0.115998 0.083600 0.108000
v 0.118769 0.083833 0.116670
v 0.121540 0.082448 0.115310
v 0.121540 0.079677 0.112590
v 0.118769 0.078291 0.111230
v 0.115998 0.079677 0.112590
v 0.115998 0.082448 0.115310
v 0.118769 0.080100 0.123017
v 0.121540 0.079300 0.120661
v 0.121540 0.077700 0.115950
v 0.118769 0.076900 0.113595
v 0.115998 0.077700 0.115950
v 0.115998 0.079300 0.120661
v 0.123269 0.075000 0.151340
v 0.123269 0.077771 0.148620
v 0.123269 0.077771 0.143180
v 0.123269 0.075000 0.140460
v 0.123269 0.072229 0.143180
v 0.123269 0.072229 0.148620
v 0.128369 0.075000 0.149017
v 0.127569 0.077771 0.146661
v 0.125969 0.077771 0.141950
v 0.125169 0.075000 0.139595
v 0.125969 0.072229 0.141950
v 0.127569 0.072229 0.146661
v 0.132103 0.075000 0.142670
v 0.130717 0.077771 0.141310
v 0.127946 0.077771 0.138590
v 0.126560 0.075000 0.137230
v 0.127946 0.072229 0.138590
v 0.130717 0.072229 0.141310
v 0.133469 0.075000 0.134000
v 0.131869 0.077771 0.134000
v 0.128669 0.077771 0.134000
v 0.127069 0.075000 0.134000
v 0.128669 0.072229 0.134000
v 0.131869 0.072229 0.134000
v 0.132103 0.075000 0.125330
v 0.130717 0.077771 0.126690
v 0.127946 0.077771 0.129410
v 0.126560 0.075000 0.130770
v 0.127946 0.072229 0.129410
v 0.130717 0.072229 0.126690
v 0.128369 0.075000 0.118983
v 0.127569 0.077771 0.121339
v 0.125969 0.077771 0.126050
v 0.125169 0.075000 0.128405
v 0.125969 0.072229 0.126050
v 0.127569 0.072229 0.121339
v 0.123269 0.075000 0.116660
v 0.123269 0.077771 0.119380
v 0.123269 0.077771 0.124820
v 0.123269 0.075000 0.127540
v 0.123269 0.072229 0.124820
v 0.123269 0.072229 0.119380
v 0.118169 0.075000 0.118983
v 0.118969 0.077771 0.121339
v 0.120569 0.077771 0.126050
v 0.121369 0.075000 0.128405
v 0.120569 0.072229 0.126050
v 0.118969 0.072229 0.121339
v 0.114436 0.075000 0.125330
v 0.115821 0.077771 0.126690
v 0.118593 0.077771 0.129410
v 0.119978 0.075000 0.130770
v 0.118593 0.072229 0.129410
v 0.115821 0.072229 0.126690
v 0.113069 0.075000 0.134000
v 0.114669 0.077771 0.134000
v 0.117869 0.077771 0.134000
v 0.119469 0.075000 0.134000
v 0.117869 0.072229 0.134000
v 0.114669 0.072229 0.134000
v 0.114436 0.075000 0.142670
v 0.115821 0.077771 0.141310
v 0.118593 0.077771 0.138590
v 0.119978 0.075000 0.137230
v 0.118593 0.072229 0.138590
v 0.115821 0.072229 0.141310
v 0.118169 0.075000 0.149017
v 0.118969 0.077771 0.146661
v 0.120569 0.077771 0.141950
v 0.121369 0.075000 0.139595
v 0.120569 0.072229 0.141950
v 0.118969 0.072229 0.146661
v 0.118769 0.075000 0.177340
v 0.121540 0.075000 0.174620
v 0.121540 0.075000 0.169180
v 0.118769 0.075000 0.166460
v 0.115998 0.075000 0.169180
v 0.115998 0.075000 0.174620
v 0.118769 0.069900 0.175017
v 0.121540 0.070700 0.172661
v 0.121540 0.072300 0.167950
v 0.118769 0.073100 0.165595
v 0.115998 0.072300 0.167950
v 0.115998 0.070700 0.172661
v 0.118769 0.066167 0.168670
v 0.121540 0.067552 0.167310
v 0.121540 0.070323 0.164590
v 0.118769 0.071709 0.163230
v 0.115998 0.070323 0.164590
v 0.115998 0.067552 0.167310
v 0.118769 0.064800 0.160000
v 0.121540 0.066400 0.160000
v 0.121540 0.069600 0.160000
v 0.118769 0.071200 0.160000
v 0.115998 0.069600 0.160000
v 0.115998 0.066400 0.160000
v 0.118769 0.066167 0.151330
v 0.121540 0.067552 0.152690
v 0.121540 0.070323 0.155410
v 0.118769 0.071709 0.156770
v 0.115998 0.070323 0.155410
v 0.115998 0.067552 0.152690
v 0.118769 0.069900 0.144983
v 0.121540 0.070700 0.147339
v 0.121540 0.072300 0.152050
v 0.118769 0.073100 0.154405
v 0.115998 0.072300 0.152050
v 0.115998 0.070700 0.147339
v 0.118769 0.075000 0.142660
v 0.121540 0.075000 0.145380
v 0.121540 0.075000 0.150820
v 0.118769 0.075000 0.153540
v 0.115998 0.075000 0.150820
v 0.115998 0.075000 0.145380
v 0.118769 0.080100 0.144983
v 0.121540 0.079300 0.147339
v 0.121540 0.077700 0.152050
v 0.118769 0.076900 0.154405
v 0.115998 0.077700 0.152050
v 0.115998 0.079300 0.147339
v 0.118769 0.083833 0.151330
v 0.121540 0.082448 0.152690
v 0.121540 0.079677 0.155410
v 0.118769 0.078291 0.156770
v 0.115998 0.079677 0.155410
v 0.115998 0.082448 0.152690
v 0.118769 0.085200 0.160000
v 0.121540 0.083600 0.160000
v 0.121540 0.080400 0.160000
v 0.118769 0.078800 0.160000
v 0.115998 0.080400 0.160000
v 0.115998 0.083600 0.160000
v 0.118769 0.083833 0.168670
v 0.121540 0.082448 0.167310
v 0.121540 0.079677 0.164590
v 0.118769 0.078291 0.163230
v 0.115998 0.079677 0.164590
v 0.115998 0.082448 0.167310
v 0.118769 0.080100 0.175017
v 0.121540 0.079300 0.172661
v 0.121540 0.077700 0.167950
v 0.118769 0.076900 0.165595
v 0.115998 0.077700 0.167950
v 0.115998 0.079300 0.172661
v 0.123269 0.075000 0.203340
v 0.123269 0.077771 0.200620
v 0.123269 0.077771 0.195180
v 0.123269 0.075000 0.192460
v 0.123269 0.072229 0.195180
v 0.123269 0.072229 0.200620
v 0.128369 0.075000 0.201017
v 0.127569 0.077771 0.198661
v 0.125969 0.077771 0.193950
v 0.125169 0.075000 0.191595
v 0.125969 0.072229 0.193950
v 0.127569 0.072229 0.198661
v 0.132102 0.075000 0.194670
v 0.130717 0.077771 0.193310
v 0.127946 0.077771 0.190590
v 0.126560 0.075000 0.189230
v 0.127946 0.072229 0.190590
v 0.130717 0.072229 0.193310
v 0.133469 0.075000 0.186000
v 0.131869 0.077771 0.186000
v 0.128669 0.077771 0.186000
v 0.127069 0.075000 0.186000
v 0.128669 0.072229 0.186000
v 0.131869 0.072229 0.186000
v 0.132102 0.075000 0.177330
v 0.130717 0.077771 0.178690
v 0.127946 0.077771 0.181410
v 0.126560 0.075000 0.182770
v 0.127946 0.072229 0.181410
v 0.130717 0.072229 0.178690
v 0.128369 0.075000 0.170983
v 0.127569 0.077771 0.173339
v 0.125969 0.077771 0.178050
v 0.125169 0.075000 0.180405
v 0.125969 0.072229 0.178050
v 0.127569 0.072229 0.173339
v 0.123269 0.075000 0.168660
v 0.123269 0.077771 0.171380
v 0.123269 0.077771 0.176820
v 0.123269 0.075000 0.179540
v 0.123269 0.072229 0.176820
v 0.123269 0.072229 0.171380
v 0.118169 0.075000 0.170983
v 0.118969 0.077771 0.173339
v 0.120569 0.077771 0.178050
v 0.121369 0.075000 0.180405
v 0.120569 0.072229 0.178050
v 0.118969 0.072229 0.173339
v 0.114436 0.075000 0.177330
v 0.115821 0.077771 0.178690
v 0.118592 0.077771 0.181410
v 0.119978 0.075000 0.182770
v 0.118592 0.072229 0.181410
v 0.115821 0.072229 0.178690
v 0.113069 0.075000 0.186000
v 0.114669 0.077771 0.186000
v 0.117869 0.077771 0.186000
v 0.119469 0.075000 0.186000
v 0.117869 0.072229 0.186000
v 0.114669 0.072229 0.186000
v 0.114436 0.075000 0.194670
v 0.115821 0.077771 0.193310
v 0.118592 0.077771 0.190590
v 0.119978 0.075000 0.189230
v 0.118592 0.072229 0.190590
v 0.115821 0.072229 0.193310
v 0.118169 0.075000 0.201017
v 0.118969 0.077771 0.198661
v 0.120569 0.077771 0.193950
v 0.121369 0.075000 0.191595
v 0.120569 0.072229 0.193950
v 0.118969 0.072229 0.198661
v 0.118769 0.075000 0.229340
v 0.121540 0.075000 0.226620
v 0.121540 0.075000 0.221180
v 0.118769 0.075000 0.218460
v 0.115998 0.075000 0.221180
v 0.115998 0.075000 0.226620
v 0.118769 0.069900 0.227017
v 0.121540 0.070700 0.224661
v 0.121540 0.072300 0.219950
v 0.118769 0.073100 0.217595
v 0.115998 0.072300 0.219950
v 0.115998 0.070700 0.224661
v 0.118769 0.066167 0.220670
v 0.121540 0.067552 0.219310
v 0.121540 0.070323 0.216590
v 0.118769 0.071709 0.215230
v 0.115998 0.070323 0.216590
v 0.115998 0.067552 0.219310
v 0.118769 0.064800 0.212000
v 0.121540 0.066400 0.212000
v 0.121540 0.069600 0.212000
v 0.118769 0.071200 0.212000
v 0.115998 0.069600 0.212000
v 0.115998 0.066400 0.212000
v 0.118769 0.066167 0.203330
v 0.121540 0.067552 0.204690
v 0.121540 0.070323 0.207410
v 0.118769 0.071709 0.208770
v 0.115998 0.070323 0.207410
v 0.115998 0.067552 0.204690
v 0.118769 0.069900 0.196983
v 0.121540 0.070700 0.199339
v 0.121540 0.072300 0.204050
v 0.118769 0.073100 0.206405
v 0.115998 0.072300 0.204050
v 0.115998 0.070700 0.199339
v 0.118769 0.075000 0.194660
v 0.121540 0.075000 0.197380
v 0.121540 0.075000 0.202820
v 0.118769 0.075000 0.205540
v 0.115998 0.075000 0.202820
v 0.115998 0.075000 0.197380
v 0.118769 0.080100 0.196983
v 0.121540 0.079300 0.199339
v 0.121540 0.077700 0.204050
v 0.118769 0.076900 0.206405
v 0.115998 0.077700 0.204050
v 0.115998 0.079300 0.199339
v 0.118769 0.083833 0.203330
v 0.121540 0.082448 0.204690
v 0.121540 0.079677 0.207410
v 0.118769 0.078291 0.208770
v 0.115998 0.079677 0.207410
v 0.115998 0.082448 0.204690
v 0.118769 0.085200 0.212000
v 0.121540 0.083600 0.212000
v 0.121540 0.080400 0.212000
v 0.118769 0.078800 0.212000
v 0.115998 0.080400 0.212000
v 0.115998 0.083600 0.212000
v 0.118769 0.083833 0.220670
v 0.121540 0.082448 0.219310
v 0.121540 0.079677 0.216590
v 0.118769 0.078291 0.215230
v 0.115998 0.079677 0.216590
v 0.115998 0.082448 0.219310
v 0.118769 0.080100 0.227017
v 0.121540 0.079300 0.224661
v 0.121540 0.077700 0.219950
v 0.118769 0.076900 0.217595
v 0.115998 0.077700 0.219950
v 0.115998 0.079300 0.224661
v 0.123269 0.075000 0.255340
v 0.123269 0.077771 0.252620
v 0.123269 0.077771 0.247180
v 0.123269 0.075000 0.244460
v 0.123269 0.072229 0.247180
v 0.123269 0.072229 0.252620
v 0.128369 0.075000 0.253017
v 0.127569 0.077771 0.250661
v 0.125969 0.077771 0.245950
v 0.125169 0.075000 0.243595
v 0.125969 0.072229 0.245950
v 0.127569 0.072229 0.250661
v 0.132102 0.075000 0.246670
v 0.130717 0.077771 0.245310
v 0.127945 0.077771 0.242590
v 0.126560 0.075000 0.241230
v 0.127945 0.072229 0.242590
v 0.130717 0.072229 0.245310
v 0.133469 0.075000 0.238000
v 0.131869 0.077771 0.238000
v 0.128669 0.077771 0.238000
v 0.127069 0.075000 0.238000
v 0.128669 0.072229 0.238000
v 0.131869 0.072229 0.238000
v 0.132102 0.075000 0.229330
v 0.130717 0.077771 0.230690
v 0.127945 0.077771 0.233410
v 0.126560 0.075000 0.234770
v 0.127945 0.072229 0.233410
v 0.130717 0.072229 0.230690
v 0.128369 0.075000 0.222983
v 0.127569 0.077771 0.225339
v 0.125969 0.077771 0.230050
v 0.125169 0.075000 0.232405
v 0.125969 0.072229 0.230050
v 0.127569 0.072229 0.225339
v 0.123269 0.075000 0.220660
v 0.123269 0.077771 0.223380
v 0.123269 0.077771 0.228820
v 0.123269 0.075000 0.231540
v 0.123269 0.072229 0.228820
v 0.123269 0.072229 0.223380
v 0.118169 0.075000 0.222983
v 0.118969 0.077771 0.225339
v 0.120569 0.077771 0.230050
v 0.121369 0.075000 0.232405
v 0.120569 0.072229 0.230050
v 0.118969 0.072229 0.225339
v 0.114435 0.075000 0.229330
v 0.115821 0.077771 0.230690
v 0.118592 0.077771 0.233410
v 0.119978 0.075000 0.234770
v 0.118592 0.072229 0.233410
v 0.115821 0.072229 0.230690
v 0.113069 0.075000 0.238000
v 0.114669 0.077771 0.238000
v 0.117869 0.077771 0.238000
v 0.119469 0.075000 0.238000
v 0.117869 0.072229 0.238000
v 0.114669 0.072229 0.238000
v 0.114435 0.075000 0.246670
v 0.115821 0.077771 0.245310
v 0.118592 0.077771 0.242590
v 0.119978 0.075000 0.241230
v 0.118592 0.072229 0.242590
v 0.115821 0.072229 0.245310
v 0.118169 0.075000 0.253017
v 0.118969 0.077771 0.250661
v 0.120569 0.077771 0.245950
v 0.121369 0.075000 0.243595
v 0.120569 0.072229 0.245950
v 0.118969 0.072229 0.250661
v 0.098954 0.105000 0.233500
v 0.096873 0.110230 0.236750
v 0.096873 0.110230 0.243250
v 0.098954 0.105000 0.246500
v 0.101035 0.099770 0.243250
v 0.101035 0.099770 0.236750
v 0.136121 0.119787 0.238000
v 0.135481 0.121396 0.239000
v 0.135481 0.121396 0.241000
v 0.136121 0.119787 0.242000
v 0.136761 0.118177 0.241000
v 0.136761 0.118177 0.239000
v 0.098954 0.105000 0.240000
v 0.136121 0.119787 0.240000
v 0.098954 0.105000 0.163500
v 0.096873 0.110230 0.166750
v 0.096873 0.110230 0.173250
v 0.098954 0.105000 0.176500
v 0.101035 0.099770 0.173250
v 0.101035 0.099770 0.166750
v 0.136121 0.119787 0.168000
v 0.135481 0.121396 0.169000
v 0.135481 0.121396 0.171000
v 0.136121 0.119787 0.172000
v 0.136761 0.118177 0.171000
v 0.136761 0.118177 0.169000
v 0.098954 0.105000 0.170000
v 0.136121 0.119787 0.170000
v 0.098954 0.105000 0.093500
v 0.096873 0.110230 0.096750
v 0.096873 0.110230 0.103250
v 0.098954 0.105000 0.106500
v 0.101035 0.099770 0.103250
v 0.101035 0.099770 0.096750
v 0.136121 0.119787 0.098000
v 0.135481 0.121396 0.099000
v 0.135481 0.121396 0.101000
v 0.136121 0.119787 0.102000
v 0.136761 0.118177 0.101000
v 0.136761 0.118177 0.099000
v 0.098954 0.105000 0.100000
v 0.136121 0.119787 0.100000
v 0.098954 0.105000 0.023500
v 0.096873 0.110230 0.026750
v 0.096873 0.110230 0.033250
v 0.098954 0.105000 0.036500
v 0.101035 0.099770 0.033250
v 0.101035 0.099770 0.026750
v 0.136121 0.119787 0.028000
v 0.135481 0.121396 0.029000
v 0.135481 0.121396 0.031000
v 0.136121 0.119787 0.032000
v 0.136761 0.118177 0.031000
v 0.136761 0.118177 0.029000
v 0.098954 0.105000 0.030000
v 0.136121 0.119787 0.030000
v 0.098954 0.105000 -0.046500
v 0.096873 0.110230 -0.043250
v 0.096873 0.110230 -0.036750
v 0.098954 0.105000 -0.033500
v 0.101035 0.099770 -0.036750
v 0.101035 0.099770 -0.043250
v 0.136121 0.119787 -0.042000
v 0.135481 0.121396 -0.041000
v 0.135481 0.121396 -0.039000
v 0.136121 0.119787 -0.038000
v 0.136761 0.118177 -0.039000
v 0.136761 0.118177 -0.041000
v 0.098954 0.105000 -0.040000
v 0.136121 0.119787 -0.040000
v 0.098954 0.105000 -0.116500
v 0.096873 0.110230 -0.113250
v 0.096873 0.110230 -0.106750
v 0.098954 0.105000 -0.103500
v 0.101035 0.099770 -0.106750
v 0.101035 0.099770 -0.113250
v 0.136121 0.119787 -0.112000
v 0.135481 0.121396 -0.111000
v 0.135481 0.121396 -0.109000
v 0.136121 0.119787 -0.108000
v 0.136761 0.118177 -0.109000
v 0.136761 0.118177 -0.111000
v 0.098954 0.105000 -0.110000
v 0.136121 0.119787 -0.110000
v -0.139810 -0.003329 0.119082
v -0.141685 0.003329 0.116918
v -0.147685 0.003329 0.116918
v -0.145810 -0.003329 0.119082
v -0.140340 -0.001448 0.124870
v -0.142048 0.005210 0.122707
v -0.148048 0.005210 0.122707
v -0.146340 -0.001448 0.124870
v -0.140870 0.000433 0.130659
v -0.142276 0.007091 0.128496
v -0.148276 0.007091 0.128496
v -0.146870 0.000433 0.130659
v -0.141400 0.002314 0.136448
v -0.142304 0.008971 0.134285
v -0.148304 0.008971 0.134285
v -0.147400 0.002314 0.136448
v -0.141925 0.004195 0.142237
v -0.142144 0.010852 0.140074
v -0.148144 0.010852 0.140074
v -0.147925 0.004195 0.142237
v -0.142153 0.006076 0.148026
v -0.141904 0.012733 0.145863
v -0.147904 0.012733 0.145863
v -0.148153 0.006076 0.148026
v -0.142381 0.007957 0.153815
v -0.141342 0.014614 0.151652
v -0.147342 0.014614 0.151652
v -0.148381 0.007957 0.153815
v -0.142231 0.009838 0.159604
v -0.140710 0.016495 0.157440
v -0.146710 0.016495 0.157440
v -0.148231 0.009838 0.159604
v -0.142070 0.011719 0.165392
v -0.139844 0.018376 0.163229
v -0.145844 0.018376 0.163229
v -0.148070 0.011719 0.165392
v -0.141645 0.013600 0.171181
v -0.138977 0.020257 0.169018
v -0.144977 0.020257 0.169018
v -0.147645 0.013600 0.171181
v -0.141083 0.015480 0.176970
v -0.138111 0.022138 0.174807
v -0.144111 0.022138 0.174807
v -0.147083 0.015480 0.176970
v -0.135239 0.028377 0.137280
v -0.133344 0.032491 0.142943
v -0.139344 0.032491 0.142943
v -0.141239 0.028377 0.137280
v -0.137506 0.023452 0.140858
v -0.135611 0.027567 0.146521
v -0.141611 0.027567 0.146521
v -0.143506 0.023452 0.140858
v -0.139774 0.018528 0.144435
v -0.137879 0.022642 0.150098
v -0.143879 0.022642 0.150098
v -0.145774 0.018528 0.144435
v -0.141644 0.013604 0.148013
v -0.140147 0.017718 0.153676
v -0.146147 0.017718 0.153676
v -0.147644 0.013604 0.148013
v -0.142329 0.008679 0.151591
v -0.141886 0.012794 0.157254
v -0.147886 0.012794 0.157254
v -0.148329 0.008679 0.151591
v -0.141806 0.003755 0.155168
v -0.142371 0.007870 0.160832
v -0.148371 0.007870 0.160832
v -0.147806 0.003755 0.155168
v -0.140418 -0.001169 0.158746
v -0.141577 0.002945 0.164409
v -0.147577 0.002945 0.164409
v -0.146418 -0.001169 0.158746
v -0.139031 -0.006093 0.162324
v -0.140190 -0.001979 0.167987
v -0.146190 -0.001979 0.167987
v -0.145031 -0.006093 0.162324
v -0.137644 -0.011018 0.165902
v -0.138803 -0.006903 0.171565
v -0.144803 -0.006903 0.171565
v -0.143644 -0.011018 0.165902
v -0.136257 -0.015942 0.169479
v -0.137416 -0.011828 0.175142
v -0.143416 -0.011828 0.175142
v -0.142257 -0.015942 0.169479
v -0.134870 -0.020866 0.173057
v -0.136029 -0.016752 0.178720
v -0.142029 -0.016752 0.178720
v -0.140870 -0.020866 0.173057
v -0.138697 0.020866 0.173057
v -0.140591 0.016752 0.178720
v -0.146591 0.016752 0.178720
v -0.144697 0.020866 0.173057
v -0.140945 0.015942 0.169479
v -0.142061 0.011828 0.175142
v -0.148061 0.011828 0.175142
v -0.146945 0.015942 0.169479
v -0.142130 0.011018 0.165902
v -0.142253 0.006903 0.171565
v -0.148253 0.006903 0.171565
v -0.148130 0.011018 0.165902
v -0.142155 0.006093 0.162324
v -0.141305 0.001979 0.167987
v -0.147305 0.001979 0.167987
v -0.148155 0.006093 0.162324
v -0.141077 0.001169 0.158746
v -0.139918 -0.002945 0.164409
v -0.145918 -0.002945 0.164409
v -0.147077 0.001169 0.158746
v -0.139690 -0.003755 0.155168
v -0.138531 -0.007870 0.160832
v -0.144531 -0.007870 0.160832
v -0.145690 -0.003755 0.155168
v -0.138303 -0.008679 0.151591
v -0.137144 -0.012794 0.157254
v -0.143144 -0.012794 0.157254
v -0.144303 -0.008679 0.151591
v -0.136916 -0.013604 0.148013
v -0.135757 -0.017718 0.153676
v -0.141757 -0.017718 0.153676
v -0.142916 -0.013604 0.148013
v -0.135528 -0.018528 0.144435
v -0.134369 -0.022642 0.150098
v -0.140369 -0.022642 0.150098
v -0.141528 -0.018528 0.144435
v -0.134141 -0.023452 0.140858
v -0.132982 -0.027567 0.146521
v -0.138982 -0.027567 0.146521
v -0.140141 -0.023452 0.140858
v -0.132754 -0.028377 0.137280
v -0.131595 -0.032491 0.142943
v -0.137595 -0.032491 0.142943
v -0.138754 -0.028377 0.137280
v -0.136387 -0.015480 0.176970
v -0.134512 -0.022138 0.174807
v -0.140512 -0.022138 0.174807
v -0.142387 -0.015480 0.176970
v -0.136917 -0.013600 0.171181
v -0.135041 -0.020257 0.169018
v -0.141041 -0.020257 0.169018
v -0.142917 -0.013600 0.171181
v -0.137447 -0.011719 0.165392
v -0.135571 -0.018376 0.163229
v -0.141571 -0.018376 0.163229
v -0.143447 -0.011719 0.165392
v -0.137976 -0.009838 0.159604
v -0.136101 -0.016495 0.157440
v -0.142101 -0.016495 0.157440
v -0.143976 -0.009838 0.159604
v -0.138506 -0.007957 0.153815
v -0.136631 -0.014614 0.151652
v -0.142631 -0.014614 0.151652
v -0.144506 -0.007957 0.153815
v -0.139036 -0.006076 0.148026
v -0.137161 -0.012733 0.145863
v -0.143161 -0.012733 0.145863
v -0.145036 -0.006076 0.148026
v -0.139566 -0.004195 0.142237
v -0.137691 -0.010852 0.140074
v -0.143691 -0.010852 0.140074
v -0.145566 -0.004195 0.142237
v -0.140096 -0.002314 0.136448
v -0.138220 -0.008971 0.134285
v -0.144220 -0.008971 0.134285
v -0.146096 -0.002314 0.136448
v -0.140626 -0.000433 0.130659
v -0.138750 -0.007091 0.128496
v -0.144750 -0.007091 0.128496
v -0.146626 -0.000433 0.130659
v -0.141156 0.001448 0.124870
v -0.139280 -0.005210 0.122707
v -0.145280 -0.005210 0.122707
v -0.147156 0.001448 0.124870
v -0.141685 0.003329 0.119082
v -0.139810 -0.003329 0.116918
v -0.145810 -0.003329 0.116918
v -0.147685 0.003329 0.119082
v -0.132175 -0.030434 0.143611
v -0.132175 -0.030434 0.136611
v -0.138175 -0.030434 0.136611
v -0.138175 -0.030434 0.143611
v -0.133889 -0.024347 0.143611
v -0.133889 -0.024347 0.136611
v -0.139889 -0.024347 0.136611
v -0.139889 -0.024347 0.143611
v -0.135604 -0.018260 0.143611
v -0.135604 -0.018260 0.136611
v -0.141604 -0.018260 0.136611
v -0.141604 -0.018260 0.143611
v -0.137318 -0.012174 0.143611
v -0.137318 -0.012174 0.136611
v -0.143318 -0.012174 0.136611
v -0.143318 -0.012174 0.143611
v -0.139033 -0.006087 0.143611
v -0.139033 -0.006087 0.136611
v -0.145033 -0.006087 0.136611
v -0.145033 -0.006087 0.143611
v -0.140748 0.000000 0.143611
v -0.140748 0.000000 0.136611
v -0.146748 0.000000 0.136611
v -0.146748 0.000000 0.143611
v -0.142154 0.006087 0.143611
v -0.142154 0.006087 0.136611
v -0.148154 0.006087 0.136611
v -0.148154 0.006087 0.143611
v -0.142032 0.012174 0.143611
v -0.142032 0.012174 0.136611
v -0.148032 0.012174 0.136611
v -0.148032 0.012174 0.143611
v -0.139897 0.018260 0.143611
v -0.139897 0.018260 0.136611
v -0.145897 0.018260 0.136611
v -0.145897 0.018260 0.143611
v -0.137094 0.024347 0.143611
v -0.137094 0.024347 0.136611
v -0.143094 0.024347 0.136611
v -0.143094 0.024347 0.143611
v -0.134291 0.030434 0.143611
v -0.134291 0.030434 0.136611
v -0.140291 0.030434 0.136611
v -0.140291 0.030434 0.143611
v -0.131820 0.035800 0.150000
v -0.127952 0.044200 0.150000
v -0.133952 0.044200 0.150000
v -0.137820 0.035800 0.150000
v -0.132023 0.035359 0.155600
v -0.128203 0.043656 0.156914
v -0.134203 0.043656 0.156914
v -0.138023 0.035359 0.155600
v -0.132627 0.034048 0.161063
v -0.128948 0.042037 0.163659
v -0.134948 0.042037 0.163659
v -0.138627 0.034048 0.161063
v -0.133617 0.031898 0.166253
v -0.130170 0.039382 0.170066
v -0.136170 0.039382 0.170066
v -0.139617 0.031898 0.166253
v -0.134968 0.028963 0.171043
v -0.131839 0.035759 0.175980
v -0.137839 0.035759 0.175980
v -0.140968 0.028963 0.171043
v -0.136649 0.025314 0.175314
v -0.133913 0.031254 0.181254
v -0.139913 0.031254 0.181254
v -0.142649 0.025314 0.175314
v -0.138616 0.021043 0.178963
v -0.136342 0.025980 0.185759
v -0.142342 0.025980 0.185759
v -0.144616 0.021043 0.178963
v -0.140821 0.016253 0.181898
v -0.139065 0.020066 0.189382
v -0.145065 0.020066 0.189382
v -0.146821 0.016253 0.181898
v -0.142126 0.011063 0.184048
v -0.141627 0.013659 0.192037
v -0.147627 0.013659 0.192037
v -0.148126 0.011063 0.184048
v -0.142095 0.005600 0.185359
v -0.142255 0.006914 0.193656
v -0.148255 0.006914 0.193656
v -0.148095 0.005600 0.185359
v -0.140748 0.000000 0.185800
v -0.140748 0.000000 0.194200
v -0.146748 0.000000 0.194200
v -0.146748 0.000000 0.185800
v -0.139170 -0.005600 0.185359
v -0.138800 -0.006914 0.193656
v -0.144800 -0.006914 0.193656
v -0.145170 -0.005600 0.185359
v -0.137631 -0.011063 0.184048
v -0.136900 -0.013659 0.192037
v -0.142900 -0.013659 0.192037
v -0.143631 -0.011063 0.184048
v -0.136169 -0.016253 0.181898
v -0.135095 -0.020066 0.189382
v -0.141095 -0.020066 0.189382
v -0.142169 -0.016253 0.181898
v -0.134820 -0.021043 0.178963
v -0.133429 -0.025980 0.185759
v -0.139429 -0.025980 0.185759
v -0.140820 -0.021043 0.178963
v -0.133617 -0.025314 0.175314
v -0.131944 -0.031254 0.181254
v -0.137944 -0.031254 0.181254
v -0.139617 -0.025314 0.175314
v -0.132589 -0.028963 0.171043
v -0.130675 -0.035759 0.175980
v -0.136675 -0.035759 0.175980
v -0.138589 -0.028963 0.171043
v -0.131762 -0.031898 0.166253
v -0.129654 -0.039382 0.170066
v -0.135654 -0.039382 0.170066
v -0.137762 -0.031898 0.166253
v -0.131157 -0.034048 0.161063
v -0.128906 -0.042037 0.163659
v -0.134906 -0.042037 0.163659
v -0.137157 -0.034048 0.161063
v -0.130787 -0.035359 0.155600
v -0.128306 -0.043656 0.156914
v -0.134306 -0.043656 0.156914
v -0.136787 -0.035359 0.155600
v -0.130663 -0.035800 0.150000
v -0.128033 -0.044200 0.150000
v -0.134033 -0.044200 0.150000
v -0.136663 -0.035800 0.150000
v -0.130787 -0.035359 0.144400
v -0.128306 -0.043656 0.143086
v -0.134306 -0.043656 0.143086
v -0.136787 -0.035359 0.144400
v -0.131157 -0.034048 0.138937
v -0.128906 -0.042037 0.136341
v -0.134906 -0.042037 0.136341
v -0.137157 -0.034048 0.138937
v -0.131762 -0.031898 0.133747
v -0.129654 -0.039382 0.129934
v -0.135654 -0.039382 0.129934
v -0.137762 -0.031898 0.133747
v -0.132589 -0.028963 0.128957
v -0.130675 -0.035759 0.124020
v -0.136675 -0.035759 0.124020
v -0.138589 -0.028963 0.128957
v -0.133617 -0.025314 0.124686
v -0.131944 -0.031254 0.118746
v -0.137944 -0.031254 0.118746
v -0.139617 -0.025314 0.124686
v -0.134820 -0.021043 0.121037
v -0.133429 -0.025980 0.114241
v -0.139429 -0.025980 0.114241
v -0.140820 -0.021043 0.121037
v -0.136169 -0.016253 0.118102
v -0.135095 -0.020066 0.110618
v -0.141095 -0.020066 0.110618
v -0.142169 -0.016253 0.118102
v -0.137631 -0.011063 0.115952
v -0.136900 -0.013659 0.107963
v -0.142900 -0.013659 0.107963
v -0.143631 -0.011063 0.115952
v -0.139170 -0.005600 0.114641
v -0.138800 -0.006914 0.106344
v -0.144800 -0.006914 0.106344
v -0.145170 -0.005600 0.114641
v -0.140748 0.000000 0.114200
v -0.140748 0.000000 0.105800
v -0.146748 0.000000 0.105800
v -0.146748 0.000000 0.114200
v -0.142095 0.005600 0.114641
v -0.142255 0.006914 0.106344
v -0.148255 0.006914 0.106344
v -0.148095 0.005600 0.114641
v -0.142126 0.011063 0.115952
v -0.141627 0.013659 0.107963
v -0.147627 0.013659 0.107963
v -0.148126 0.011063 0.115952
v -0.140821 0.016253 0.118102
v -0.139065 0.020066 0.110618
v -0.145065 0.020066 0.110618
v -0.146821 0.016253 0.118102
v -0.138616 0.021043 0.121037
v -0.136342 0.025980 0.114241
v -0.142342 0.025980 0.114241
v -0.144616 0.021043 0.121037
v -0.136649 0.025314 0.124686
v -0.133913 0.031254 0.118746
v -0.139913 0.031254 0.118746
v -0.142649 0.025314 0.124686
v -0.134969 0.028963 0.128957
v -0.131839 0.035759 0.124020
v -0.137839 0.035759 0.124020
v -0.140969 0.028963 0.128957
v -0.133617 0.031898 0.133747
v -0.130170 0.039382 0.129934
v -0.136170 0.039382 0.129934
v -0.139617 0.031898 0.133747
v -0.132627 0.034048 0.138937
v -0.128948 0.042037 0.136341
v -0.134948 0.042037 0.136341
v -0.138627 0.034048 0.138937
v -0.132023 0.035359 0.144400
v -0.128203 0.043656 0.143086
v -0.134203 0.043656 0.143086
v -0.138023 0.035359 0.144400
v -0.118769 0.075000 -0.082660
v -0.115998 0.075000 -0.085380
v -0.115998 0.075000 -0.090820
v -0.118769 0.075000 -0.093540
v -0.121540 0.075000 -0.090820
v -0.121540 0.075000 -0.085380
v -0.118769 0.069900 -0.084983
v -0.115998 0.070700 -0.087339
v -0.115998 0.072300 -0.092050
v -0.118769 0.073100 -0.094405
v -0.121540 0.072300 -0.092050
v -0.121540 0.070700 -0.087339
v -0.118769 0.066167 -0.091330
v -0.115998 0.067552 -0.092690
v -0.115998 0.070323 -0.095410
v -0.118769 0.071709 -0.096770
v -0.121540 0.070323 -0.095410
v -0.121540 0.067552 -0.092690
v -0.118769 0.064800 -0.100000
v -0.115998 0.066400 -0.100000
v -0.115998 0.069600 -0.100000
v -0.118769 0.071200 -0.100000
v -0.121540 0.069600 -0.100000
v -0.121540 0.066400 -0.100000
v -0.118769 0.066167 -0.108670
v -0.115998 0.067552 -0.107310
v -0.115998 0.070323 -0.104590
v -0.118769 0.071709 -0.103230
v -0.121540 0.070323 -0.104590
v -0.121540 0.067552 -0.107310
v -0.118769 0.069900 -0.115017
v -0.115998 0.070700 -0.112661
v -0.115998 0.072300 -0.107950
v -0.118769 0.073100 -0.105595
v -0.121540 0.072300 -0.107950
v -0.121540 0.070700 -0.112661
v -0.118769 0.075000 -0.117340
v -0.115998 0.075000 -0.114620
v -0.115998 0.075000 -0.109180
v -0.118769 0.075000 -0.106460
v -0.121540 0.075000 -0.109180
v -0.121540 0.075000 -0.114620
v -0.118769 0.080100 -0.115017
v -0.115998 0.079300 -0.112661
v -0.115998 0.077700 -0.107950
v -0.118769 0.076900 -0.105595
v -0.121540 0.077700 -0.107950
v -0.121540 0.079300 -0.112661
v -0.118769 0.083833 -0.108670
v -0.115998 0.082448 -0.107310
v -0.115998 0.079677 -0.104590
v -0.118769 0.078291 -0.103230
v -0.121540 0.079677 -0.104590
v -0.121540 0.082448 -0.107310
v -0.118769 0.085200 -0.100000
v -0.115998 0.083600 -0.100000
v -0.115998 0.080400 -0.100000
v -0.118769 0.078800 -0.100000
v -0.121540 0.080400 -0.100000
v -0.121540 0.083600 -0.100000
v -0.118769 0.083833 -0.091330
v -0.115998 0.082448 -0.092690
v -0.115998 0.079677 -0.095410
v -0.118769 0.078291 -0.096770
v -0.121540 0.079677 -0.095410
v -0.121540 0.082448 -0.092690
v -0.118769 0.080100 -0.084983
v -0.115998 0.079300 -0.087339
v -0.115998 0.077700 -0.092050
v -0.118769 0.076900 -0.094405
v -0.121540 0.077700 -0.092050
v -0.121540 0.079300 -0.087339
v -0.123269 0.075000 -0.056660
v -0.123269 0.077771 -0.059380
v -0.123269 0.077771 -0.064820
v -0.123269 0.075000 -0.067540
v -0.123269 0.072229 -0.064820
v -0.123269 0.072229 -0.059380
v -0.118169 0.075000 -0.058983
v -0.118969 0.077771 -0.061339
v -0.120569 0.077771 -0.066050
v -0.121369 0.075000 -0.068405
v -0.120569 0.072229 -0.066050
v -0.118969 0.072229 -0.061339
v -0.114436 0.075000 -0.065330
v -0.115821 0.077771 -0.066690
v -0.118593 0.077771 -0.069410
v -0.119978 0.075000 -0.070770
v -0.118593 0.072229 -0.069410
v -0.115821 0.072229 -0.066690
v -0.113069 0.075000 -0.074000
v -0.114669 0.077771 -0.074000
v -0.117869 0.077771 -0.074000
v -0.119469 0.075000 -0.074000
v -0.117869 0.072229 -0.074000
v -0.114669 0.072229 -0.074000
v -0.114436 0.075000 -0.082670
v -0.115821 0.077771 -0.081310
v -0.118593 0.077771 -0.078590
v -0.119978 0.075000 -0.077230
v -0.118593 0.072229 -0.078590
v -0.115821 0.072229 -0.081310
v -0.118169 0.075000 -0.089017
v -0.118969 0.077771 -0.086661
v -0.120569 0.077771 -0.081950
v -0.121369 0.075000 -0.079595
v -0.120569 0.072229 -0.081950
v -0.118969 0.072229 -0.086661
v -0.123269 0.075000 -0.091340
v -0.123269 0.077771 -0.088620
v -0.123269 0.077771 -0.083180
v -0.123269 0.075000 -0.080460
v -0.123269 0.072229 -0.083180
v -0.123269 0.072229 -0.088620
v -0.128369 0.075000 -0.089017
v -0.127569 0.077771 -0.086661
v -0.125969 0.077771 -0.081950
v -0.125169 0.075000 -0.079595
v -0.125969 0.072229 -0.081950
v -0.127569 0.072229 -0.086661
v -0.132103 0.075000 -0.082670
v -0.130717 0.077771 -0.081310
v -0.127946 0.077771 -0.078590
v -0.126560 0.075000 -0.077230
v -0.127946 0.072229 -0.078590
v -0.130717 0.072229 -0.081310
v -0.133469 0.075000 -0.074000
v -0.131869 0.077771 -0.074000
v -0.128669 0.077771 -0.074000
v -0.127069 0.075000 -0.074000
v -0.128669 0.072229 -0.074000
v -0.131869 0.072229 -0.074000
v -0.132103 0.075000 -0.065330
v -0.130717 0.077771 -0.066690
v -0.127946 0.077771 -0.069410
v -0.126560 0.075000 -0.070770
v -0.127946 0.072229 -0.069410
v -0.130717 0.072229 -0.066690
v -0.128369 0.075000 -0.058983
v -0.127569 0.077771 -0.061339
v -0.125969 0.077771 -0.066050
v -0.125169 0.075000 -0.068405
v -0.125969 0.072229 -0.066050
v -0.127569 0.072229 -0.061339
v -0.118769 0.075000 -0.030660
v -0.115998 0.075000 -0.033380
v -0.115998 0.075000 -0.038820
v -0.118769 0.075000 -0.041540
v -0.121540 0.075000 -0.038820
v -0.121540 0.075000 -0.033380
v -0.118769 0.069900 -0.032983
v -0.115998 0.070700 -0.035339
v -0.115998 0.072300 -0.040050
v -0.118769 0.073100 -0.042405
v -0.121540 0.072300 -0.040050
v -0.121540 0.070700 -0.035339
v -0.118769 0.066167 -0.039330
v -0.115998 0.067552 -0.040690
v -0.115998 0.070323 -0.043410
v -0.118769 0.071709 -0.044770
v -0.121540 0.070323 -0.043410
v -0.121540 0.067552 -0.040690
v -0.118769 0.064800 -0.048000
v -0.115998 0.066400 -0.048000
v -0.115998 0.069600 -0.048000
v -0.118769 0.071200 -0.048000
v -0.121540 0.069600 -0.048000
v -0.121540 0.066400 -0.048000
v -0.118769 0.066167 -0.056670
v -0.115998 0.067552 -0.055310
v -0.115998 0.070323 -0.052590
v -0.118769 0.071709 -0.051230
v -0.121540 0.070323 -0.052590
v -0.121540 0.067552 -0.055310
v -0.118769 0.069900 -0.063017
v -0.115998 0.070700 -0.060661
v -0.115998 0.072300 -0.055950
v -0.118769 0.073100 -0.053595
v -0.121540 0.072300 -0.055950
v -0.121540 0.070700 -0.060661
v -0.118769 0.075000 -0.065340
v -0.115998 0.075000 -0.062620
v -0.115998 0.075000 -0.057180
v -0.118769 0.075000 -0.054460
v -0.121540 0.075000 -0.057180
v -0.121540 0.075000 -0.062620
v -0.118769 0.080100 -0.063017
v -0.115998 0.079300 -0.060661
v -0.115998 0.077700 -0.055950
v -0.118769 0.076900 -0.053595
v -0.121540 0.077700 -0.055950
v -0.121540 0.079300 -0.060661
v -0.118769 0.083833 -0.056670
v -0.115998 0.082448 -0.055310
v -0.115998 0.079677 -0.052590
v -0.118769 0.078291 -0.051230
v -0.121540 0.079677 -0.052590
v -0.121540 0.082448 -0.055310
v -0.118769 0.085200 -0.048000
v -0.115998 0.083600 -0.048000
v -0.115998 0.080400 -0.048000
v -0.118769 0.078800 -0.048000
v -0.121540 0.080400 -0.048000
v -0.121540 0.083600 -0.048000
v -0.118769 0.083833 -0.039330
v -0.115998 0.082448 -0.040690
v -0.115998 0.079677 -0.043410
v -0.118769 0.078291 -0.044770
v -0.121540 0.079677 -0.043410
v -0.121540 0.082448 -0.040690
v -0.118769 0.080100 -0.032983
v -0.115998 0.079300 -0.035339
v -0.115998 0.077700 -0.040050
v -0.118769 0.076900 -0.042405
v -0.121540 0.077700 -0.040050
v -0.121540 0.079300 -0.035339
v -0.123269 0.075000 -0.004660
v -0.123269 0.077771 -0.007380
v -0.123269 0.077771 -0.012820
v -0.123269 0.075000 -0.015540
v -0.123269 0.072229 -0.012820
v -0.123269 0.072229 -0.007380
v -0.118169 0.075000 -0.006983
v -0.118969 0.077771 -0.009339
v -0.120569 0.077771 -0.014050
v -0.121369 0.075000 -0.016405
v -0.120569 0.072229 -0.014050
v -0.118969 0.072229 -0.009339
v -0.114436 0.075000 -0.013330
v -0.115821 0.077771 -0.014690
v -0.118593 0.077771 -0.017410
v -0.119978 0.075000 -0.018770
v -0.118593 0.072229 -0.017410
v -0.115821 0.072229 -0.014690
v -0.113069 0.075000 -0.022000
v -0.114669 0.077771 -0.022000
v -0.117869 0.077771 -0.022000
v -0.119469 0.075000 -0.022000
v -0.117869 0.072229 -0.022000
v -0.114669 0.072229 -0.022000
v -0.114436 0.075000 -0.030670
v -0.115821 0.077771 -0.029310
v -0.118593 0.077771 -0.026590
v -0.119978 0.075000 -0.025230
v -0.118593 0.072229 -0.026590
v -0.115821 0.072229 -0.029310
v -0.118169 0.075000 -0.037017
v -0.118969 0.077771 -0.034661
v -0.120569 0.077771 -0.029950
v -0.121369 0.075000 -0.027595
v -0.120569 0.072229 -0.029950
v -0.118969 0.072229 -0.034661
v -0.123269 0.075000 -0.039340
v -0.123269 0.077771 -0.036620
v -0.123269 0.077771 -0.031180
v -0.123269 0.075000 -0.028460
v -0.123269 0.072229 -0.031180
v -0.123269 0.072229 -0.036620
v -0.128369 0.075000 -0.037017
v -0.127569 0.077771 -0.034661
v -0.125969 0.077771 -0.029950
v -0.125169 0.075000 -0.027595
v -0.125969 0.072229 -0.029950
v -0.127569 0.072229 -0.034661
v -0.132103 0.075000 -0.030670
v -0.130717 0.077771 -0.029310
v -0.127946 0.077771 -0.026590
v -0.126560 0.075000 -0.025230
v -0.127946 0.072229 -0.026590
v -0.130717 0.072229 -0.029310
v -0.133469 0.075000 -0.022000
v -0.131869 0.077771 -0.022000
v -0.128669 0.077771 -0.022000
v -0.127069 0.075000 -0.022000
v -0.128669 0.072229 -0.022000
v -0.131869 0.072229 -0.022000
v -0.132103 0.075000 -0.013330
v -0.130717 0.077771 -0.014690
v -0.127946 0.077771 -0.017410
v -0.126560 0.075000 -0.018770
v -0.127946 0.072229 -0.017410
v -0.130717 0.072229 -0.014690
v -0.128369 0.075000 -0.006983
v -0.127569 0.077771 -0.009339
v -0.125969 0.077771 -0.014050
v -0.125169 0.075000 -0.016405
v -0.125969 0.072229 -0.014050
v -0.127569 0.072229 -0.009339
v -0.118769 0.075000 0.021340
v -0.115998 0.075000 0.018620
v -0.115998 0.075000 0.013180
v -0.118769 0.075000 0.010460
v -0.121540 0.075000 0.013180
v -0.121540 0.075000 0.018620
v -0.118769 0.069900 0.019017
v -0.115998 0.070700 0.016661
v -0.115998 0.072300 0.011950
v -0.118769 0.073100 0.009595
v -0.121540 0.072300 0.011950
v -0.121540 0.070700 0.016661
v -0.118769 0.066167 0.012670
v -0.115998 0.067552 0.011310
v -0.115998 0.070323 0.008590
v -0.118769 0.071709 0.007230
v -0.121540 0.070323 0.008590
v -0.121540 0.067552 0.011310
v -0.118769 0.064800 0.004000
v -0.115998 0.066400 0.004000
v -0.115998 0.069600 0.004000
v -0.118769 0.071200 0.004000
v -0.121540 0.069600 0.004000
v -0.121540 0.066400 0.004000
v -0.118769 0.066167 -0.004670
v -0.115998 0.067552 -0.003310
v -0.115998 0.070323 -0.000590
v -0.118769 0.071709 0.000770
v -0.121540 0.070323 -0.000590
v -0.121540 0.067552 -0.003310
v -0.118769 0.069900 -0.011017
v -0.115998 0.070700 -0.008661
v -0.115998 0.072300 -0.003950
v -0.118769 0.073100 -0.001595
v -0.121540 0.072300 -0.003950
v -0.121540 0.070700 -0.008661
v -0.118769 0.075000 -0.013340
v -0.115998 0.075000 -0.010620
v -0.115998 0.075000 -0.005180
v -0.118769 0.075000 -0.002460
v -0.121540 0.075000 -0.005180
v -0.121540 0.075000 -0.010620
v -0.118769 0.080100 -0.011017
v -0.115998 0.079300 -0.008661
v -0.115998 0.077700 -0.003950
v -0.118769 0.076900 -0.001595
v -0.121540 0.077700 -0.003950
v -0.121540 0.079300 -0.008661
v -0.118769 0.083833 -0.004670
v -0.115998 0.082448 -0.003310
v -0.115998 0.079677 -0.000590
v -0.118769 0.078291 0.000770
v -0.121540 0.079677 -0.000590
v -0.121540 0.082448 -0.003310
v -0.118769 0.085200 0.004000
v -0.115998 0.083600 0.004000
v -0.115998 0.080400 0.004000
v -0.118769 0.078800 0.004000
v -0.121540 0.080400 0.004000
v -0.121540 0.083600 0.004000
v -0.118769 0.083833 0.012670
v -0.115998 0.082448 0.011310
v -0.115998 0.079677 0.008590
v -0.118769 0.078291 0.007230
v -0.121540 0.079677 0.008590
v -0.121540 0.082448 0.011310
v -0.118769 0.080100 0.019017
v -0.115998 0.079300 0.016661
v -0.115998 0.077700 0.011950
v -0.118769 0.076900 0.009595
v -0.121540 0.077700 0.011950
v -0.121540 0.079300 0.016661
v -0.123269 0.075000 0.047340
v -0.123269 0.077771 0.044620
v -0.123269 0.077771 0.039180
v -0.123269 0.075000 0.036460
v -0.123269 0.072229 0.039180
v -0.123269 0.072229 0.044620
v -0.118169 0.075000 0.045017
v -0.118969 0.077771 0.042661
v -0.120569 0.077771 0.037950
v -0.121369 0.075000 0.035595
v -0.120569 0.072229 0.037950
v -0.118969 0.072229 0.042661
v -0.114436 0.075000 0.038670
v -0.115821 0.077771 0.037310
v -0.118593 0.077771 0.034590
v -0.119978 0.075000 0.033230
v -0.118593 0.072229 0.034590
v -0.115821 0.072229 0.037310
v -0.113069 0.075000 0.030000
v -0.114669 0.077771 0.030000
v -0.117869 0.077771 0.030000
v -0.119469 0.075000 0.030000
v -0.117869 0.072229 0.030000
v -0.114669 0.072229 0.030000
v -0.114436 0.075000 0.021330
v -0.115821 0.077771 0.022690
v -0.118593 0.077771 0.025410
v -0.119978 0.075000 0.026770
v -0.118593 0.072229 0.025410
v -0.115821 0.072229 0.022690
v -0.118169 0.075000 0.014983
v -0.118969 0.077771 0.017339
v -0.120569 0.077771 0.022050
v -0.121369 0.075000 0.024405
v -0.120569 0.072229 0.022050
v -0.118969 0.072229 0.017339
v -0.123269 0.075000 0.012660
v -0.123269 0.077771 0.015380
v -0.123269 0.077771 0.020820
v -0.123269 0.075000 0.023540
v -0.123269 0.072229 0.020820
v -0.123269 0.072229 0.015380
v -0.128369 0.075000 0.014983
v -0.127569 0.077771 0.017339
v -0.125969 0.077771 0.022050
v -0.125169 0.075000 0.024405
v -0.125969 0.072229 0.022050
v -0.127569 0.072229 0.017339
v -0.132103 0.075000 0.021330
v -0.130717 0.077771 0.022690
v -0.127946 0.077771 0.025410
v -0.126560 0.075000 0.026770
v -0.127946 0.072229 0.025410
v -0.130717 0.072229 0.022690
v -0.133469 0.075000 0.030000
v -0.131869 0.077771 0.030000
v -0.128669 0.077771 0.030000
v -0.127069 0.075000 0.030000
v -0.128669 0.072229 0.030000
v -0.131869 0.072229 0.030000
v -0.132103 0.075000 0.038670
v -0.130717 0.077771 0.037310
v -0.127946 0.077771 0.034590
v -0.126560 0.075000 0.033230
v -0.127946 0.072229 0.034590
v -0.130717 0.072229 0.037310
v -0.128369 0.075000 0.045017
v -0.127569 0.077771 0.042661
v -0.125969 0.077771 0.037950
v -0.125169 0.075000 0.035595
v -0.125969 0.072229 0.037950
v -0.127569 0.072229 0.042661
v -0.118769 0.075000 0.073340
v -0.115998 0.075000 0.070620
v -0.115998 0.075000 0.065180
v -0.118769 0.075000 0.062460
v -0.121540 0.075000 0.065180
v -0.121540 0.075000 0.070620
v -0.118769 0.069900 0.071017
v -0.115998 0.070700 0.068661
v -0.115998 0.072300 0.063950
v -0.118769 0.073100 0.061595
v -0.121540 0.072300 0.063950
v -0.121540 0.070700 0.068661
v -0.118769 0.066167 0.064670
v -0.115998 0.067552 0.063310
v -0.115998 0.070323 0.060590
v -0.118769 0.071709 0.059230
v -0.121540 0.070323 0.060590
v -0.121540 0.067552 0.063310
v -0.118769 0.064800 0.056000
v -0.115998 0.066400 0.056000
v -0.115998 0.069600 0.056000
v -0.118769 0.071200 0.056000
v -0.121540 0.069600 0.056000
v -0.121540 0.066400 0.056000
v -0.118769 0.066167 0.047330
v -0.115998 0.067552 0.048690
v -0.115998 0.070323 0.051410
v -0.118769 0.071709 0.052770
v -0.121540 0.070323 0.051410
v -0.121540 0.067552 0.048690
v -0.118769 0.069900 0.040983
v -0.115998 0.070700 0.043339
v -0.115998 0.072300 0.048050
v -0.118769 0.073100 0.050405
v -0.121540 0.072300 0.048050
v -0.121540 0.070700 0.043339
v -0.118769 0.075000 0.038660
v -0.115998 0.075000 0.041380
v -0.115998 0.075000 0.046820
v -0.118769 0.075000 0.049540
v -0.121540 0.075000 0.046820
v -0.121540 0.075000 0.041380
v -0.118769 0.080100 0.040983
v -0.115998 0.079300 0.043339
v -0.115998 0.077700 0.048050
v -0.118769 0.076900 0.050405
v -0.121540 0.077700 0.048050
v -0.121540 0.079300 0.043339
v -0.118769 0.083833 0.047330
v -0.115998 0.082448 0.048690
v -0.115998 0.079677 0.051410
v -0.118769 0.078291 0.052770
v -0.121540 0.079677 0.051410
v -0.121540 0.082448 0.048690
v -0.118769 0.085200 0.056000
v -0.115998 0.083600 0.056000
v -0.115998 0.080400 0.056000
v -0.118769 0.078800 0.056000
v -0.121540 0.080400 0.056000
v -0.121540 0.083600 0.056000
v -0.118769 0.083833 0.064670
v -0.115998 0.082448 0.063310
v -0.115998 0.079677 0.060590
v -0.118769 0.078291 0.059230
v -0.121540 0.079677 0.060590
v -0.121540 0.082448 0.063310
v -0.118769 0.080100 0.071017
v -0.115998 0.079300 0.068661
v -0.115998 0.077700 0.063950
v -0.118769 0.076900 0.061595
v -0.121540 0.077700 0.063950
v -0.121540 0.079300 0.068661
v -0.123269 0.075000 0.099340
v -0.123269 0.077771 0.096620
v -0.123269 0.077771 0.091180
v -0.123269 0.075000 0.088460
v -0.123269 0.072229 0.091180
v -0.123269 0.072229 0.096620
v -0.118169 0.075000 0.097017
v -0.118969 0.077771 0.094661
v -0.120569 0.077771 0.089950
v -0.121369 0.075000 0.087595
v -0.120569 0.072229 0.089950
v -0.118969 0.072229 0.094661
v -0.114436 0.075000 0.090670
v -0.115821 0.077771 0.089310
v -0.118593 0.077771 0.086590
v -0.119978 0.075000 0.085230
v -0.118593 0.072229 0.086590
v -0.115821 0.072229 0.089310
v -0.113069 0.075000 0.082000
v -0.114669 0.077771 0.082000
v -0.117869 0.077771 0.082000
v -0.119469 0.075000 0.082000
v -0.117869 0.072229 0.082000
v -0.114669 0.072229 0.082000
v -0.114436 0.075000 0.073330
v -0.115821 0.077771 0.074690
v -0.118593 0.077771 0.077410
v -0.119978 0.075000 0.078770
v -0.118593 0.072229 0.077410
v -0.115821 0.072229 0.074690
v -0.118169 0.075000 0.066983
v -0.118969 0.077771 0.069339
v -0.120569 0.077771 0.074050
v -0.121369 0.075000 0.076405
v -0.120569 0.072229 0.074050
v -0.118969 0.072229 0.069339
v -0.123269 0.075000 0.064660
v -0.123269 0.077771 0.067380
v -0.123269 0.077771 0.072820
v -0.123269 0.075000 0.075540
v -0.123269 0.072229 0.072820
v -0.123269 0.072229 0.067380
v -0.128369 0.075000 0.066983
v -0.127569 0.077771 0.069339
v -0.125969 0.077771 0.074050
v -0.125169 0.075000 0.076405
v -0.125969 0.072229 0.074050
v -0.127569 0.072229 0.069339
v -0.132103 0.075000 0.073330
v -0.130717 0.077771 0.074690
v -0.127946 0.077771 0.077410
v -0.126560 0.075000 0.078770
v -0.127946 0.072229 0.077410
v -0.130717 0.072229 0.074690
v -0.133469 0.075000 0.082000
v -0.131869 0.077771 0.082000
v -0.128669 0.077771 0.082000
v -0.127069 0.075000 0.082000
v -0.128669 0.072229 0.082000
v -0.131869 0.072229 0.082000
v -0.132103 0.075000 0.090670
v -0.130717 0.077771 0.089310
v -0.127946 0.077771 0.086590
v -0.126560 0.075000 0.085230
v -0.127946 0.072229 0.086590
v -0.130717 0.072229 0.089310
v -0.128369 0.075000 0.097017
v -0.127569 0.077771 0.094661
v -0.125969 0.077771 0.089950
v -0.125169 0.075000 0.087595
v -0.125969 0.072229 0.089950
v -0.127569 0.072229 0.094661
v -0.118769 0.075000 0.125340
v -0.115998 0.075000 0.122620
v -0.115998 0.075000 0.117180
v -0.118769 0.075000 0.114460
v -0.121540 0.075000 0.117180
v -0.121540 0.075000 0.122620
v -0.118769 0.069900 0.123017
v -0.115998 0.070700 0.120661
v -0.115998 0.072300 0.115950
v -0.118769 0.073100 0.113595
v -0.121540 0.072300 0.115950
v -0.121540 0.070700 0.120661
v -0.118769 0.066167 0.116670
v -0.115998 0.067552 0.115310
v -0.115998 0.070323 0.112590
v -0.118769 0.071709 0.111230
v -0.121540 0.070323 0.112590
v -0.121540 0.067552 0.115310
v -0.118769 0.064800 0.108000
v -0.115998 0.066400 0.108000
v -0.115998 0.069600 0.108000
v -0.118769 0.071200 0.108000
v -0.121540 0.069600 0.108000
v -0.121540 0.066400 0.108000
v -0.118769 0.066167 0.099330
v -0.115998 0.067552 0.100690
v -0.115998 0.070323 0.103410
v -0.118769 0.071709 0.104770
v -0.121540 0.070323 0.103410
v -0.121540 0.067552 0.100690
v -0.118769 0.069900 0.092983
v -0.115998 0.070700 0.095339
v -0.115998 0.072300 0.100050
v -0.118769 0.073100 0.102405
v -0.121540 0.072300 0.100050
v -0.121540 0.070700 0.095339
v -0.118769 0.075000 0.090660
v -0.115998 0.075000 0.093380
v -0.115998 0.075000 0.098820
v -0.118769 0.075000 0.101540
v -0.121540 0.075000 0.098820
v -0.121540 0.075000 0.093380
v -0.118769 0.080100 0.092983
v -0.115998 0.079300 0.095339
v -0.115998 0.077700 0.100050
v -0.118769 0.076900 0.102405
v -0.121540 0.077700 0.100050
v -0.121540 0.079300 0.095339
v -0.118769 0.083833 0.099330
v -0.115998 0.082448 0.100690
v -0.115998 0.079677 0.103410
v -0.118769 0.078291 0.104770
v -0.121540 0.079677 0.103410
v -0.121540 0.082448 0.100690
v -0.118769 0.085200 0.108000
v -0.115998 0.083600 0.108000
v -0.115998 0.080400 0.108000
v -0.118769 0.078800 0.108000
v -0.121540 0.080400 0.108000
v -0.121540 0.083600 0.108000
v -0.118769 0.083833 0.116670
v -0.115998 0.082448 0.115310
v -0.115998 0.079677 0.112590
v -0.118769 0.078291 0.111230
v -0.121540 0.079677 0.112590
v -0.121540 0.082448 0.115310
v -0.118769 0.080100 0.123017
v -0.115998 0.079300 0.120661
v -0.115998 0.077700 0.115950
v -0.118769 0.076900 0.113595
v -0.121540 0.077700 0.115950
v -0.121540 0.079300 0.120661
v -0.123269 0.075000 0.151340
v -0.123269 0.077771 0.148620
v -0.123269 0.077771 0.143180
v -0.123269 0.075000 0.140460
v -0.123269 0.072229 0.143180
v -0.123269 0.072229 0.148620
v -0.118169 0.075000 0.149017
v -0.118969 0.077771 0.146661
v -0.120569 0.077771 0.141950
v -0.121369 0.075000 0.139595
v -0.120569 0.072229 0.141950
v -0.118969 0.072229 0.146661
v -0.114436 0.075000 0.142670
v -0.115821 0.077771 0.141310
v -0.118593 0.077771 0.138590
v -0.119978 0.075000 0.137230
v -0.118593 0.072229 0.138590
v -0.115821 0.072229 0.141310
v -0.113069 0.075000 0.134000
v -0.114669 0.077771 0.134000
v -0.117869 0.077771 0.134000
v -0.119469 0.075000 0.134000
v -0.117869 0.072229 0.134000
v -0.114669 0.072229 0.134000
v -0.114436 0.075000 0.125330
v -0.115821 0.077771 0.126690
v -0.118593 0.077771 0.129410
v -0.119978 0.075000 0.130770
v -0.118593 0.072229 0.129410
v -0.115821 0.072229 0.126690
v -0.118169 0.075000 0.118983
v -0.118969 0.077771 0.121339
v -0.120569 0.077771 0.126050
v -0.121369 0.075000 0.128405
v -0.120569 0.072229 0.126050
v -0.118969 0.072229 0.121339
v -0.123269 0.075000 0.116660
v -0.123269 0.077771 0.119380
v -0.123269 0.077771 0.124820
v -0.123269 0.075000 0.127540
v -0.123269 0.072229 0.124820
v -0.123269 0.072229 0.119380
v -0.128369 0.075000 0.118983
v -0.127569 0.077771 0.121339
v -0.125969 0.077771 0.126050
v -0.125169 0.075000 0.128405
v -0.125969 0.072229 0.126050
v -0.127569 0.072229 0.121339
v -0.132103 0.075000 0.125330
v -0.130717 0.077771 0.126690
v -0.127946 0.077771 0.129410
v -0.126560 0.075000 0.130770
v -0.127946 0.072229 0.129410
v -0.130717 0.072229 0.126690
v -0.133469 0.075000 0.134000
v -0.131869 0.077771 0.134000
v -0.128669 0.077771 0.134000
v -0.127069 0.075000 0.134000
v -0.128669 0.072229 0.134000
v -0.131869 0.072229 0.134000
v -0.132103 0.075000 0.142670
v -0.130717 0.077771 0.141310
v -0.127946 0.077771 0.138590
v -0.126560 0.075000 0.137230
v -0.127946 0.072229 0.138590
v -0.130717 0.072229 0.141310
v -0.128369 0.075000 0.149017
v -0.127569 0.077771 0.146661
v -0.125969 0.077771 0.141950
v -0.125169 0.075000 0.139595
v -0.125969 0.072229 0.141950
v -0.127569 0.072229 0.146661
v -0.118769 0.075000 0.177340
v -0.115998 0.075000 0.174620
v -0.115998 0.075000 0.169180
v -0.118769 0.075000 0.166460
v -0.121540 0.075000 0.169180
v -0.121540 0.075000 0.174620
v -0.118769 0.069900 0.175017
v -0.115998 0.070700 0.172661
v -0.115998 0.072300 0.167950
v -0.118769 0.073100 0.165595
v -0.121540 0.072300 0.167950
v -0.121540 0.070700 0.172661
v -0.118769 0.066167 0.168670
v -0.115998 0.067552 0.167310
v -0.115998 0.070323 0.164590
v -0.118769 0.071709 0.163230
v -0.121540 0.070323 0.164590
v -0.121540 0.067552 0.167310
v -0.118769 0.064800 0.160000
v -0.115998 0.066400 0.160000
v -0.115998 0.069600 0.160000
v -0.118769 0.071200 0.160000
v -0.121540 0.069600 0.160000
v -0.121540 0.066400 0.160000
v -0.118769 0.066167 0.151330
v -0.115998 0.067552 0.152690
v -0.115998 0.070323 0.155410
v -0.118769 0.071709 0.156770
v -0.121540 0.070323 0.155410
v -0.121540 0.067552 0.152690
v -0.118769 0.069900 0.144983
v -0.115998 0.070700 0.147339
v -0.115998 0.072300 0.152050
v -0.118769 0.073100 0.154405
v -0.121540 0.072300 0.152050
v -0.121540 0.070700 0.147339
v -0.118769 0.075000 0.142660
v -0.115998 0.075000 0.145380
v -0.115998 0.075000 0.150820
v -0.118769 0.075000 0.153540
v -0.121540 0.075000 0.150820
v -0.121540 0.075000 0.145380
v -0.118769 0.080100 0.144983
v -0.115998 0.079300 0.147339
v -0.115998 0.077700 0.152050
v -0.118769 0.076900 0.154405
v -0.121540 0.077700 0.152050
v -0.121540 0.079300 0.147339
v -0.118769 0.083833 0.151330
v -0.115998 0.082448 0.152690
v -0.115998 0.079677 0.155410
v -0.118769 0.078291 0.156770
v -0.121540 0.079677 0.155410
v -0.121540 0.082448 0.152690
v -0.118769 0.085200 0.160000
v -0.115998 0.083600 0.160000
v -0.115998 0.080400 0.160000
v -0.118769 0.078800 0.160000
v -0.121540 0.080400 0.160000
v -0.121540 0.083600 0.160000
v -0.118769 0.083833 0.168670
v -0.115998 0.082448 0.167310
v -0.115998 0.079677 0.164590
v -0.118769 0.078291 0.163230
v -0.121540 0.079677 0.164590
v -0.121540 0.082448 0.167310
v -0.118769 0.080100 0.175017
v -0.115998 0.079300 0.172661
v -0.115998 0.077700 0.167950
v -0.118769 0.076900 0.165595
v -0.121540 0.077700 0.167950
v -0.121540 0.079300 0.172661
v -0.123269 0.075000 0.203340
v -0.123269 0.077771 0.200620
v -0.123269 0.077771 0.195180
v -0.123269 0.075000 0.192460
v -0.123269 0.072229 0.195180
v -0.123269 0.072229 0.200620
v -0.118169 0.075000 0.201017
v -0.118969 0.077771 0.198661
v -0.120569 0.077771 0.193950
v -0.121369 0.075000 0.191595
v -0.120569 0.072229 0.193950
v -0.118969 0.072229 0.198661
v -0.114436 0.075000 0.194670
v -0.115821 0.077771 0.193310
v -0.118592 0.077771 0.190590
v -0.119978 0.075000 0.189230
v -0.118592 0.072229 0.190590
v -0.115821 0.072229 0.193310
v -0.113069 0.075000 0.186000
v -0.114669 0.077771 0.186000
v -0.117869 0.077771 0.186000
v -0.119469 0.075000 0.186000
v -0.117869 0.072229 0.186000
v -0.114669 0.072229 0.186000
v -0.114436 0.075000 0.177330
v -0.115821 0.077771 0.178690
v -0.118592 0.077771 0.181410
v -0.119978 0.075000 0.182770
v -0.118592 0.072229 0.181410
v -0.115821 0.072229 0.178690
v -0.118169 0.075000 0.170983
v -0.118969 0.077771 0.173339
v -0.120569 0.077771 0.178050
v -0.121369 0.075000 0.180405
v -0.120569 0.072229 0.178050
v -0.118969 0.072229 0.173339
v -0.123269 0.075000 0.168660
v -0.123269 0.077771 0.171380
v -0.123269 0.077771 0.176820
v -0.123269 0.075000 0.179540
v -0.123269 0.072229 0.176820
v -0.123269 0.072229 0.171380
v -0.128369 0.075000 0.170983
v -0.127569 0.077771 0.173339
v -0.125969 0.077771 0.178050
v -0.125169 0.075000 0.180405
v -0.125969 0.072229 0.178050
v -0.127569 0.072229 0.173339
v -0.132102 0.075000 0.177330
v -0.130717 0.077771 0.178690
v -0.127946 0.077771 0.181410
v -0.126560 0.075000 0.182770
v -0.127946 0.072229 0.181410
v -0.130717 0.072229 0.178690
v -0.133469 0.075000 0.186000
v -0.131869 0.077771 0.186000
v -0.128669 0.077771 0.186000
v -0.127069 0.075000 0.186000
v -0.128669 0.072229 0.186000
v -0.131869 0.072229 0.186000
v -0.132102 0.075000 0.194670
v -0.130717 0.077771 0.193310
v -0.127946 0.077771 0.190590
v -0.126560 0.075000 0.189230
v -0.127946 0.072229 0.190590
v -0.130717 0.072229 0.193310
v -0.128369 0.075000 0.201017
v -0.127569 0.077771 0.198661
v -0.125969 0.077771 0.193950
v -0.125169 0.075000 0.191595
v -0.125969 0.072229 0.193950
v -0.127569 0.072229 0.198661
v -0.118769 0.075000 0.229340
v -0.115998 0.075000 0.226620
v -0.115998 0.075000 0.221180
v -0.118769 0.075000 0.218460
v -0.121540 0.075000 0.221180
v -0.121540 0.075000 0.226620
v -0.118769 0.069900 0.227017
v -0.115998 0.070700 0.224661
v -0.115998 0.072300 0.219950
v -0.118769 0.073100 0.217595
v -0.121540 0.072300 0.219950
v -0.121540 0.070700 0.224661
v -0.118769 0.066167 0.220670
v -0.115998 0.067552 0.219310
v -0.115998 0.070323 0.216590
v -0.118769 0.071709 0.215230
v -0.121540 0.070323 0.216590
v -0.121540 0.067552 0.219310
v -0.118769 0.064800 0.212000
v -0.115998 0.066400 0.212000
v -0.115998 0.069600 0.212000
v -0.118769 0.071200 0.212000
v -0.121540 0.069600 0.212000
v -0.121540 0.066400 0.212000
v -0.118769 0.066167 0.203330
v -0.115998 0.067552 0.204690
v -0.115998 0.070323 0.207410
v -0.118769 0.071709 0.208770
v -0.121540 0.070323 0.207410
v -0.121540 0.067552 0.204690
v -0.118769 0.069900 0.196983
v -0.115998 0.070700 0.199339
v -0.115998 0.072300 0.204050
v -0.118769 0.073100 0.206405
v -0.121540 0.072300 0.204050
v -0.121540 0.070700 0.199339
v -0.118769 0.075000 0.194660
v -0.115998 0.075000 0.197380
v -0.115998 0.075000 0.202820
v -0.118769 0.075000 0.205540
v -0.121540 0.075000 0.202820
v -0.121540 0.075000 0.197380
v -0.118769 0.080100 0.196983
v -0.115998 0.079300 0.199339
v -0.115998 0.077700 0.204050
v -0.118769 0.076900 0.206405
v -0.121540 0.077700 0.204050
v -0.121540 0.079300 0.199339
v -0.118769 0.083833 0.203330
v -0.115998 0.082448 0.204690
v -0.115998 0.079677 0.207410
v -0.118769 0.078291 0.208770
v -0.121540 0.079677 0.207410
v -0.121540 0.082448 0.204690
v -0.118769 0.085200 0.212000
v -0.115998 0.083600 0.212000
v -0.115998 0.080400 0.212000
v -0.118769 0.078800 0.212000
v -0.121540 0.080400 0.212000
v -0.121540 0.083600 0.212000
v -0.118769 0.083833 0.220670
v -0.115998 0.082448 0.219310
v -0.115998 0.079677 0.216590
v -0.118769 0.078291 0.215230
v -0.121540 0.079677 0.216590
v -0.121540 0.082448 0.219310
v -0.118769 0.080100 0.227017
v -0.115998 0.079300 0.224661
v -0.115998 0.077700 0.219950
v -0.118769 0.076900 0.217595
v -0.121540 0.077700 0.219950
v -0.121540 0.079300 0.224661
v -0.123269 0.075000 0.255340
v -0.123269 0.077771 0.252620
v -0.123269 0.077771 0.247180
v -0.123269 0.075000 0.244460
v -0.123269 0.072229 0.247180
v -0.123269 0.072229 0.252620
v -0.118169 0.075000 0.253017
v -0.118969 0.077771 0.250661
v -0.120569 0.077771 0.245950
v -0.121369 0.075000 0.243595
v -0.120569 0.072229 0.245950
v -0.118969 0.072229 0.250661
v -0.114435 0.075000 0.246670
v -0.115821 0.077771 0.245310
v -0.118592 0.077771 0.242590
v -0.119978 0.075000 0.241230
v -0.118592 0.072229 0.242590
v -0.115821 0.072229 0.245310
v -0.113069 0.075000 0.238000
v -0.114669 0.077771 0.238000
v -0.117869 0.077771 0.238000
v -0.119469 0.075000 0.238000
v -0.117869 0.072229 0.238000
v -0.114669 0.072229 0.238000
v -0.114435 0.075000 0.229330
v -0.115821 0.077771 0.230690
v -0.118592 0.077771 0.233410
v -0.119978 0.075000 0.234770
v -0.118592 0.072229 0.233410
v -0.115821 0.072229 0.230690
v -0.118169 0.075000 0.222983
v -0.118969 0.077771 0.225339
v -0.120569 0.077771 0.230050
v -0.121369 0.075000 0.232405
v -0.120569 0.072229 0.230050
v -0.118969 0.072229 0.225339
v -0.123269 0.075000 0.220660
v -0.123269 0.077771 0.223380
v -0.123269 0.077771 0.228820
v -0.123269 0.075000 0.231540
v -0.123269 0.072229 0.228820
v -0.123269 0.072229 0.223380
v -0.128369 0.075000 0.222983
v -0.127569 0.077771 0.225339
v -0.125969 0.077771 0.230050
v -0.125169 0.075000 0.232405
v -0.125969 0.072229 0.230050
v -0.127569 0.072229 0.225339
v -0.132102 0.075000 0.229330
v -0.130717 0.077771 0.230690
v -0.127945 0.077771 0.233410
v -0.126560 0.075000 0.234770
v -0.127945 0.072229 0.233410
v -0.130717 0.072229 0.230690
v -0.133469 0.075000 0.238000
v -0.131869 0.077771 0.238000
v -0.128669 0.077771 0.238000
v -0.127069 0.075000 0.238000
v -0.128669 0.072229 0.238000
v -0.131869 0.072229 0.238000
v -0.132102 0.075000 0.246670
v -0.130717 0.077771 0.245310
v -0.127945 0.077771 0.242590
v -0.126560 0.075000 0.241230
v -0.127945 0.072229 0.242590
v -0.130717 0.072229 0.245310
v -0.128369 0.075000 0.253017
v -0.127569 0.077771 0.250661
v -0.125969 0.077771 0.245950
v -0.125169 0.075000 0.243595
v -0.125969 0.072229 0.245950
v -0.127569 0.072229 0.250661
v -0.098954 0.105000 0.233500
v -0.101035 0.099770 0.236750
v -0.101035 0.099770 0.243250
v -0.098954 0.105000 0.246500
v -0.096873 0.110230 0.243250
v -0.096873 0.110230 0.236750
v -0.136121 0.119787 0.238000
v -0.136761 0.118177 0.239000
v -0.136761 0.118177 0.241000
v -0.136121 0.119787 0.242000
v -0.135481 0.121396 0.241000
v -0.135481 0.121396 0.239000
v -0.098954 0.105000 0.240000
v -0.136121 0.119787 0.240000
v -0.098954 0.105000 0.163500
v -0.101035 0.099770 0.166750
v -0.101035 0.099770 0.173250
v -0.098954 0.105000 0.176500
v -0.096873 0.110230 0.173250
v -0.096873 0.110230 0.166750
v -0.136121 0.119787 0.168000
v -0.136761 0.118177 0.169000
v -0.136761 0.118177 0.171000
v -0.136121 0.119787 0.172000
v -0.135481 0.121396 0.171000
v -0.135481 0.121396 0.169000
v -0.098954 0.105000 0.170000
v -0.136121 0.119787 0.170000
v -0.098954 0.105000 0.093500
v -0.101035 0.099770 0.096750
v -0.101035 0.099770 0.103250
v -0.098954 0.105000 0.106500
v -0.096873 0.110230 0.103250
v -0.096873 0.110230 0.096750
v -0.136121 0.119787 0.098000
v -0.136761 0.118177 0.099000
v -0.136761 0.118177 0.101000
v -0.136121 0.119787 0.102000
v -0.135481 0.121396 0.101000
v -0.135481 0.121396 0.099000
v -0.098954 0.105000 0.100000
v -0.136121 0.119787 0.100000
v -0.098954 0.105000 0.023500
v -0.101035 0.099770 0.026750
v -0.101035 0.099770 0.033250
v -0.098954 0.105000 0.036500
v -0.096873 0.110230 0.033250
v -0.096873 0.110230 0.026750
v -0.136121 0.119787 0.028000
v -0.136761 0.118177 0.029000
v -0.136761 0.118177 0.031000
v -0.136121 0.119787 0.032000
v -0.135481 0.121396 0.031000
v -0.135481 0.121396 0.029000
v -0.098954 0.105000 0.030000
v -0.136121 0.119787 0.030000
v -0.098954 0.105000 -0.046500
v -0.101035 0.099770 -0.043250
v -0.101035 0.099770 -0.036750
v -0.098954 0.105000 -0.033500
v -0.096873 0.110230 -0.036750
v -0.096873 0.110230 -0.043250
v -0.136121 0.119787 -0.042000
v -0.136761 0.118177 -0.041000
v -0.136761 0.118177 -0.039000
v -0.136121 0.119787 -0.038000
v -0.135481 0.121396 -0.039000
v -0.135481 0.121396 -0.041000
v -0.098954 0.105000 -0.040000
v -0.136121 0.119787 -0.040000
v -0.098954 0.105000 -0.116500
v -0.101035 0.099770 -0.113250
v -0.101035 0.099770 -0.106750
v -0.098954 0.105000 -0.103500
v -0.096873 0.110230 -0.106750
v -0.096873 0.110230 -0.113250
v -0.136121 0.119787 -0.112000
v -0.136761 0.118177 -0.111000
v -0.136761 0.118177 -0.109000
v -0.136121 0.119787 -0.108000
v -0.135481 0.121396 -0.109000
v -0.135481 0.121396 -0.111000
v -0.098954 0.105000 -0.110000
v -0.136121 0.119787 -0.110000
vn 0.4821 0.4957 -0.7224
vn 0.6619 0.2262 -0.7147
vn 0.3035 0.6289 -0.7158
vn 0.3034 0.6289 -0.7158
vn 0.7262 -0.0552 -0.6852
vn 0.1197 0.6912 -0.7127
vn 0.0005 0.7022 -0.7120
vn 0.7833 -0.4129 -0.4647
vn 0.7831 -0.4089 -0.4685
vn 0.7369 -0.1177 -0.6656
vn -0.7831 -0.4089 -0.4685
vn -0.7833 -0.4129 -0.4647
vn -0.7262 -0.0552 -0.6852
vn -0.7369 -0.1177 -0.6656
vn -0.6619 0.2262 -0.7147
vn -0.6619 0.2261 -0.7147
vn -0.4824 0.4961 -0.7219
vn -0.4821 0.4957 -0.7224
vn -0.3035 0.6289 -0.7158
vn -0.3034 0.6289 -0.7158
vn -0.1197 0.6912 -0.7127
vn 0.1070 0.6991 0.7069
vn 0.0005 0.7086 0.7056
vn 0.2819 0.6464 0.7090
vn 0.5899 0.3896 0.7073
vn 0.6579 0.4899 0.5719
vn 0.5329 0.8250 0.1881
vn -0.5329 0.8250 0.1881
vn -0.6579 0.4899 0.5719
vn -0.5899 0.3896 0.7073
vn -0.2819 0.6464 0.7090
vn -0.1070 0.6991 0.7069
vn 0.0005 -0.0005 1.0000
vn -0.0005 -0.0005 1.0000
vn 0.6833 0.0992 -0.7234
vn 0.6539 0.2573 -0.7115
vn 0.6834 0.0982 -0.7234
vn 0.7369 -0.1176 -0.6657
vn -0.6834 0.0987 -0.7234
vn -0.7369 -0.1177 -0.6657
vn -0.7369 -0.1176 -0.6657
vn -0.6833 0.0992 -0.7234
vn -0.6539 0.2573 -0.7115
vn 0.0435 -0.1080 -0.9932
vn 0.3922 -0.5632 -0.7273
vn 0.2457 -0.6493 -0.7197
vn 0.0005 -0.7119 -0.7022
vn 0.0005 -0.0698 -0.9976
vn 0.0005 -0.0005 -1.0000
vn 0.0005 0.0005 -1.0000
vn 0.0396 -0.0562 -0.9976
vn -0.3922 -0.5632 -0.7273
vn -0.0435 -0.1080 -0.9932
vn -0.2457 -0.6493 -0.7197
vn 0.0005 -0.0699 -0.9976
vn -0.0396 -0.0562 -0.9976
vn -0.6679 0.2076 -0.7148
vn -0.6539 0.2574 -0.7115
vn -0.6679 0.2076 -0.7147
vn -0.6877 -0.1510 -0.7102
vn -0.6876 -0.1519 -0.7100
vn -0.6875 -0.2096 -0.6953
vn -0.6382 -0.6450 -0.4204
vn -0.6228 -0.7058 -0.3375
vn -0.6228 -0.7058 -0.3376
vn -0.6064 -0.7950 -0.0113
vn 0.6679 0.2076 -0.7147
vn 0.6877 -0.1510 -0.7102
vn 0.6679 0.2076 -0.7148
vn 0.6539 0.2574 -0.7115
vn 0.6877 -0.1510 -0.7101
vn 0.6875 -0.2096 -0.6953
vn 0.6382 -0.6450 -0.4204
vn 0.6228 -0.7058 -0.3375
vn 0.6064 -0.7951 -0.0113
vn 0.1489 -0.0395 -0.9881
vn 0.0024 -0.0005 -1.0000
vn -0.1489 -0.0396 -0.9881
vn -0.0005 -0.0005 -1.0000
vn -0.0024 -0.0005 -1.0000
vn 0.0747 -0.0532 -0.9958
vn 0.0025 -0.0005 -1.0000
vn 0.1490 -0.0395 -0.9881
vn 0.0103 -0.1364 -0.9906
vn 0.0003 -0.0003 -1.0000
vn -0.0025 -0.0005 -1.0000
vn -0.0747 -0.0532 -0.9958
vn -0.1490 -0.0396 -0.9881
vn -0.0103 -0.1364 -0.9906
vn -0.0003 -0.0003 -1.0000
vn 0.0004 -0.4458 -0.8951
vn -0.0000 -0.4460 -0.8950
vn -0.0004 -0.4458 -0.8951
vn -0.0004 -0.4459 -0.8951
vn -0.0601 -0.1373 -0.9887
vn 0.0102 -0.1363 -0.9906
vn -0.0962 -0.1002 -0.9903
vn 0.0689 0.2018 0.9770
vn 0.0679 -0.0533 0.9963
vn 0.0699 -0.0533 0.9961
vn 0.0601 -0.1373 -0.9887
vn 0.0962 -0.1002 -0.9903
vn -0.0102 -0.1363 -0.9906
vn -0.0963 -0.1001 -0.9903
vn -0.0093 -0.3133 -0.9496
vn 0.0103 -0.1363 -0.9906
vn 0.0093 -0.3133 -0.9496
vn -0.0103 -0.1363 -0.9906
vn 0.0963 -0.1001 -0.9903
vn 0.0034 -0.5731 -0.8195
vn 0.0054 -0.5914 -0.8064
vn -0.0054 -0.5914 -0.8064
vn -0.0034 -0.5731 -0.8195
vn -0.9198 -0.2525 0.3004
vn -0.9198 -0.2526 0.3004
vn 0.9198 -0.2526 0.3004
vn 0.9198 -0.2525 0.3004
vn -0.0000 0.9506 0.3105
vn 0.0003 0.9506 0.3104
vn 0.0005 0.9506 0.3104
vn -0.8876 0.4607 0.0001
vn -0.8876 0.4606 0.0005
vn -0.4560 0.8900 0.0005
vn -0.9103 0.4139 0.0005
vn -0.9103 0.4138 0.0004
vn -0.9103 0.4139 0.0006
vn -0.1822 0.9833 0.0005
vn -0.4559 0.8900 0.0005
vn 0.0005 1.0000 0.0005
vn 0.8876 0.4606 0.0005
vn 0.8876 0.4607 0.0005
vn 0.4560 0.8900 0.0005
vn 0.9103 0.4139 0.0005
vn 0.9103 0.4138 0.0004
vn 0.9103 0.4139 0.0006
vn 0.1822 0.9833 0.0005
vn 0.4559 0.8900 0.0005
vn -0.0689 0.2019 0.9770
vn -0.0688 0.5406 0.8385
vn 0.0004 -0.8105 -0.5857
vn 0.0005 -0.8105 -0.5857
vn 0.0006 -0.8105 -0.5858
vn -0.0000 0.5000 -0.8660
vn 0.0003 0.0004 -1.0000
vn 0.0004 -0.4998 -0.8661
vn -0.0000 0.8660 -0.5000
vn 0.0004 0.8661 -0.4998
vn 0.0004 0.4998 -0.8661
vn -0.0000 -0.5000 -0.8660
vn 0.0004 -0.8661 -0.4998
vn -0.0000 -0.8660 -0.5000
vn 0.0005 -1.0000 -0.0005
vn 0.0003 -1.0000 -0.0003
vn 0.0004 -0.8661 0.4998
vn 0.0003 -0.8661 0.4999
vn 0.0004 -0.4998 0.8661
vn -0.0000 -0.5000 0.8660
vn 0.0003 -0.0003 1.0000
vn 0.0003 0.4999 0.8661
vn 0.0004 0.4998 0.8661
vn -0.0000 0.5000 0.8660
vn 0.0004 0.8661 0.4998
vn 0.0003 1.0000 0.0003
vn -0.0005 -0.4880 -0.8728
vn 0.0005 -0.8541 -0.5201
vn 0.0005 -0.4880 -0.8728
vn -0.0005 -0.8541 -0.5201
vn -0.8582 0.5134 -0.0005
vn -0.8582 0.5134 0.0005
vn -0.3979 0.9174 0.0005
vn -0.3979 0.9174 -0.0005
vn -0.1519 0.9884 0.0005
vn -0.9094 0.4159 0.0005
vn -0.9094 0.4159 -0.0005
vn -0.9083 0.4183 -0.0000
vn -0.9082 0.4185 0.0004
vn -0.9081 0.4186 0.0005
vn -0.9833 0.1822 -0.0005
vn -0.9833 0.1822 0.0005
vn -0.9999 -0.0112 0.0005
vn -0.9655 -0.2603 -0.0005
vn -0.9655 -0.2603 0.0009
vn -0.9592 -0.2829 -0.0005
vn 0.1519 0.9884 -0.0005
vn 0.1519 0.9884 0.0005
vn 0.3979 0.9174 0.0005
vn 0.8593 0.5115 -0.0005
vn 0.8593 0.5115 -0.0000
vn 0.9094 0.4159 0.0005
vn 0.9094 0.4159 -0.0005
vn 0.9082 0.4185 0.0003
vn 0.9082 0.4185 0.0004
vn 0.9833 0.1822 -0.0005
vn 0.9999 -0.0112 -0.0005
vn 0.9999 -0.0112 0.0005
vn 0.9655 -0.2603 -0.0005
vn 0.9592 -0.2829 -0.0005
vn 0.9979 0.0650 -0.0015
vn 0.9982 0.0591 -0.0005
vn 0.9239 0.3825 -0.0001
vn 0.9825 -0.1861 -0.0015
vn 0.9668 -0.2555 -0.0015
vn 0.9239 0.3825 -0.0005
vn 0.9824 -0.1870 -0.0014
vn 0.9823 -0.1871 -0.0015
vn -0.9983 0.0591 -0.0005
vn -0.9825 -0.1861 -0.0015
vn -0.9668 -0.2555 -0.0015
vn -0.9239 0.3825 -0.0005
vn -0.9979 0.0650 -0.0015
vn -0.9824 -0.1870 -0.0015
vn -0.9823 -0.1871 -0.0015
vn 0.0005 -0.0327 -0.9995
vn -0.0005 -0.0328 -0.9995
vn -0.0005 -0.4879 -0.8729
vn 0.0005 -0.8618 -0.5073
vn 0.0005 -0.8616 -0.5075
vn 0.0015 -0.8504 -0.5261
vn 0.0054 -0.5914 -0.8063
vn 0.0034 -0.5732 -0.8194
vn -0.0005 -0.8618 -0.5073
vn -0.0005 -0.8616 -0.5075
vn -0.0015 -0.8504 -0.5261
vn -0.0054 -0.5914 -0.8063
vn -0.0034 -0.5732 -0.8194
vn 0.0005 -0.0328 -0.9995
vn 0.0005 -0.4879 -0.8729
vn -0.0005 -0.0327 -0.9995
vn -0.9663 -0.2573 -0.0014
vn -0.9663 -0.2573 -0.0013
vn -0.9663 -0.2573 -0.0015
vn -0.9663 -0.2574 -0.0014
vn -0.9664 -0.2571 -0.0013
vn -0.9825 -0.1862 -0.0015
vn -0.9663 -0.2574 -0.0015
vn 0.9663 -0.2574 -0.0014
vn 0.9663 -0.2573 -0.0014
vn 0.9663 -0.2573 -0.0015
vn 0.9663 -0.2574 -0.0015
vn 0.9825 -0.1862 -0.0015
vn 0.0689 0.5406 0.8385
vn 0.0650 0.7645 0.6414
vn 0.0689 0.2019 0.9770
vn -0.8039 -0.5947 0.0005
vn -0.9591 -0.2829 -0.0000
vn -0.9591 -0.2829 -0.0005
vn -0.8039 -0.5948 0.0005
vn -0.5829 -0.8125 0.0005
vn -0.4509 -0.8925 0.0063
vn -0.4509 -0.8925 0.0064
vn -0.5829 -0.8126 0.0005
vn -0.4529 -0.8915 0.0063
vn 0.6310 -0.7758 0.0054
vn 0.4556 -0.8902 0.0083
vn 0.6310 -0.7757 0.0054
vn 0.3151 -0.9491 0.0044
vn 0.2212 -0.9752 -0.0005
vn -0.2212 -0.9752 0.0005
vn -0.3151 -0.9491 0.0044
vn -0.4548 -0.8906 0.0083
vn -0.6310 -0.7758 0.0054
vn -0.6310 -0.7757 0.0054
vn -0.0689 0.5406 0.8385
vn -0.0650 0.7645 0.6414
vn 0.6064 -0.7950 0.0113
vn 0.6064 -0.7951 0.0112
vn 0.6238 -0.7166 0.3121
vn 0.6064 -0.7951 -0.0112
vn 0.6203 -0.6907 0.3718
vn -0.6064 -0.7951 -0.0113
vn -0.6064 -0.7951 -0.0112
vn -0.6064 -0.7951 0.0112
vn -0.6064 -0.7950 0.0113
vn -0.6238 -0.7166 0.3121
vn -0.6203 -0.6907 0.3718
vn -0.6786 -0.7304 0.0767
vn -0.6787 -0.7304 0.0767
vn -0.0004 -0.9510 -0.3092
vn -0.0000 -0.9511 -0.3089
vn 0.6787 -0.7304 0.0767
vn 0.6786 -0.7304 0.0767
vn 0.0005 -0.9510 -0.3092
vn 0.0003 -0.9510 -0.3091
vn 0.5555 -0.7979 -0.2340
vn 0.2457 -0.6494 -0.7197
vn 0.2877 -0.9479 -0.1372
vn 0.5714 -0.8207 0.0004
vn 0.5714 -0.8207 -0.0003
vn 0.5714 -0.8207 0.0003
vn 0.2136 -0.9769 0.0005
vn -0.2458 -0.6494 -0.7197
vn -0.5555 -0.7979 -0.2340
vn -0.2876 -0.9479 -0.1372
vn -0.5715 -0.8206 -0.0000
vn -0.5714 -0.8207 -0.0003
vn -0.5714 -0.8207 0.0003
vn -0.2136 -0.9769 -0.0005
vn 0.0044 -0.4997 -0.8662
vn 0.0035 -0.0308 -0.9995
vn 0.0044 -0.0093 -0.9999
vn -0.0044 -0.4997 -0.8662
vn -0.0044 -0.0093 -0.9999
vn -0.0034 -0.0308 -0.9995
vn -0.8969 -0.4423 -0.0005
vn -0.8969 -0.4423 0.0005
vn -0.6311 -0.7757 0.0054
vn -0.9857 -0.1686 0.0005
vn -0.9857 -0.1686 -0.0005
vn 0.9857 -0.1686 -0.0000
vn 0.8969 -0.4423 -0.0005
vn 0.9857 -0.1686 -0.0005
vn 1.0000 0.0005 0.0005
vn 0.6311 -0.7757 0.0054
vn 0.0112 -0.9987 -0.0503
vn 0.0093 -0.8900 -0.4560
vn 0.0112 -0.9987 -0.0504
vn 0.0093 -0.8398 -0.5428
vn -0.0044 -0.4998 -0.8661
vn -0.0034 -0.0298 -0.9995
vn -0.0025 0.1802 -0.9836
vn -0.0034 -0.0083 -1.0000
vn -0.0005 0.1803 -0.9836
vn 0.0005 -0.0083 -1.0000
vn -0.0034 -0.0553 -0.9985
vn -0.0005 -0.8055 -0.5926
vn 0.0005 -0.8055 -0.5926
vn 0.0005 -0.8729 -0.4879
vn 0.0005 -0.8846 -0.4664
vn 0.0005 -0.9987 -0.0513
vn -0.0005 -0.9987 -0.0513
vn -0.0112 -0.9987 -0.0503
vn -0.0093 -0.8900 -0.4560
vn -0.0112 -0.9987 -0.0504
vn -0.0093 -0.8398 -0.5428
vn 0.0034 -0.0308 -0.9995
vn 0.0044 -0.4998 -0.8661
vn 0.0034 -0.0298 -0.9995
vn 0.0025 0.1802 -0.9836
vn 0.0034 -0.0083 -1.0000
vn -0.0000 0.1803 -0.9836
vn 0.0034 -0.0553 -0.9985
vn 0.0004 -0.8728 -0.4880
vn -0.0005 -0.8846 -0.4664
vn 0.9660 -0.2585 -0.0005
vn 0.9660 -0.2584 -0.0005
vn 0.9660 -0.2585 -0.0004
vn 0.9660 -0.2584 -0.0006
vn 0.9660 -0.2586 -0.0004
vn -0.9660 -0.2585 0.0005
vn -0.9660 -0.2584 0.0006
vn -0.9660 -0.2584 0.0005
vn -0.9660 -0.2585 0.0004
vn -0.4529 -0.8916 0.0063
vn -0.2379 -0.9713 0.0034
vn -0.2302 -0.9731 0.0034
vn 0.1607 -0.9870 -0.0004
vn 0.0005 -0.9937 -0.1119
vn 0.2876 -0.9479 -0.1372
vn 0.2458 -0.6494 -0.7197
vn 0.0005 -0.7120 -0.7022
vn 0.0004 -0.9937 -0.1118
vn -0.1607 -0.9870 -0.0004
vn 0.6915 -0.1568 0.7052
vn 0.7482 0.1568 0.6446
vn 0.6837 -0.1803 0.7072
vn 0.7297 0.2859 0.6212
vn 0.7482 0.1569 0.6446
vn 0.4254 0.8220 0.3785
vn 0.4254 0.8220 0.3786
vn 0.4101 0.8353 0.3661
vn 0.7297 0.2860 0.6212
vn 0.5829 -0.8126 0.0005
vn 0.4509 -0.8925 0.0064
vn -0.4254 0.8220 0.3786
vn -0.7296 0.2859 0.6212
vn -0.4101 0.8353 0.3661
vn -0.7297 0.2859 0.6212
vn -0.4254 0.8220 0.3785
vn -0.6915 -0.1568 0.7052
vn -0.7482 0.1569 0.6446
vn -0.6837 -0.1803 0.7071
vn -0.7482 0.1568 0.6446
vn -1.0000 0.0005 0.0005
vn 0.1871 0.8708 0.4547
vn 0.3893 0.8427 0.3718
vn 0.3894 0.8427 0.3718
vn -0.3894 0.8427 0.3718
vn -0.3893 0.8427 0.3718
vn -0.1871 0.8708 0.4547
vn 0.0689 0.8565 -0.5115
vn 0.0661 0.8567 -0.5116
vn 0.0748 0.9958 0.0522
vn 0.0748 0.5124 0.8555
vn 0.0747 0.9958 0.0523
vn 0.0748 0.5125 0.8554
vn 0.0698 -0.0532 0.9961
vn 0.0661 -0.0532 0.9964
vn 0.9591 -0.2829 -0.0005
vn 0.8039 -0.5947 0.0005
vn 0.5829 -0.8125 0.0005
vn 0.4509 -0.8926 0.0063
vn 0.4529 -0.8916 0.0064
vn 0.4528 -0.8916 0.0064
vn 0.2302 -0.9731 0.0034
vn 0.2378 -0.9713 0.0034
vn 0.2417 -0.9703 0.0034
vn 0.2418 -0.9703 0.0034
vn 0.4529 -0.8915 0.0064
vn -0.0142 -0.9999 0.0005
vn -0.0142 -0.9999 -0.0005
vn -0.0523 -0.9986 -0.0004
vn -0.0522 -0.9986 -0.0005
vn 0.0239 -0.9912 0.1304
vn -0.0083 -0.9997 0.0220
vn -0.0269 -0.9972 0.0699
vn 0.0190 -0.9857 0.1676
vn -0.1138 -0.9920 0.0542
vn 0.0005 -0.9981 -0.0611
vn -0.1138 -0.9917 -0.0601
vn 0.0005 -0.8739 -0.4860
vn -0.1158 -0.8683 -0.4822
vn 0.1138 -0.9920 0.0542
vn 0.0005 -0.9985 0.0552
vn 0.0005 -0.8372 0.5469
vn 0.0005 -0.9985 0.0553
vn -0.1177 -0.8310 0.5437
vn -0.0005 -0.8839 0.4676
vn -0.1217 -0.8771 0.4647
vn 0.0005 -1.0000 0.0015
vn -0.1285 -0.9917 0.0014
vn -0.1285 -0.8583 -0.4968
vn 0.0005 -0.8655 -0.5009
vn 0.0005 -0.5242 -0.8516
vn -0.1216 -0.5202 -0.8454
vn 0.0004 -0.4568 -0.8896
vn -0.1167 -0.4537 -0.8835
vn 0.0005 -0.6534 -0.7570
vn -0.1135 -0.6494 -0.7519
vn -0.1128 -0.7251 -0.6793
vn -0.0005 -0.7297 -0.6838
vn 0.0005 -0.9981 -0.0610
vn 0.1138 -0.9917 -0.0601
vn 0.1177 -0.8310 0.5437
vn 0.0005 -0.8740 -0.4860
vn 0.1158 -0.8683 -0.4822
vn 0.1217 -0.8771 0.4647
vn 0.1285 -0.9917 0.0015
vn 0.1285 -0.8583 -0.4969
vn 0.1216 -0.5202 -0.8454
vn 0.0005 -0.4568 -0.8896
vn 0.1167 -0.4537 -0.8835
vn 0.1138 -0.6494 -0.7519
vn 0.1128 -0.7251 -0.6793
vn -0.0004 -0.7297 -0.6838
vn -0.0005 -1.0000 -0.0005
vn 0.0493 -0.9861 0.1588
vn 0.0494 -0.9861 0.1587
vn 0.0384 -0.9834 0.1773
vn 0.0239 -0.9912 0.1305
vn 0.0493 -0.9861 0.1587
vn 0.0298 -0.9809 0.1921
vn 0.0191 -0.9857 0.1676
vn -0.0239 -0.9912 0.1305
vn -0.0494 -0.9861 0.1587
vn -0.0386 -0.9834 0.1773
vn -0.0493 -0.9861 0.1588
vn -0.0493 -0.9861 0.1587
vn -0.0298 -0.9809 0.1921
vn -0.0191 -0.9857 0.1676
vn -0.6915 -0.1569 0.7052
vn -0.6830 -0.1830 0.7071
vn -0.6833 -0.1832 0.7068
vn -0.6832 -0.1831 0.7069
vn -0.6834 -0.1832 0.7066
vn 0.6833 -0.1832 0.7068
vn 0.6830 -0.1830 0.7071
vn 0.6832 -0.1831 0.7069
vn 0.6915 -0.1569 0.7052
vn 0.6837 -0.1803 0.7071
vn -0.1745 -0.9847 0.0005
vn -0.3189 -0.9478 0.0005
vn -0.3602 -0.9329 0.0005
vn -0.2477 -0.9688 -0.0005
vn -0.2477 -0.9688 -0.0003
vn -0.3667 -0.9303 -0.0005
vn -0.1656 -0.9862 0.0005
vn 0.0005 -1.0000 0.0005
vn 0.1656 -0.9862 0.0005
vn 0.1745 -0.9847 0.0005
vn 0.3667 -0.9303 -0.0005
vn 0.3602 -0.9329 0.0005
vn 0.2477 -0.9688 -0.0003
vn 0.3189 -0.9478 0.0005
vn 0.2477 -0.9688 -0.0005
vn -0.7193 0.6016 0.3474
vn -0.7193 0.3473 0.6016
vn -0.7196 0.6013 0.3473
vn -0.7192 0.6948 0.0003
vn -0.7192 0.6948 0.0005
vn -0.7192 -0.0003 0.6948
vn -0.7193 0.6016 -0.3474
vn -0.7192 -0.0005 0.6948
vn -0.7195 0.6014 -0.3473
vn -0.7195 -0.3473 0.6013
vn -0.7196 0.3473 -0.6013
vn -0.7192 0.0005 -0.6948
vn -0.7194 -0.6015 0.3473
vn -0.7192 -0.6948 -0.0005
vn -0.7192 0.0004 -0.6948
vn -0.7195 -0.3473 -0.6014
vn -0.7196 -0.3473 -0.6013
vn -0.7196 -0.6013 -0.3473
vn -0.7194 -0.6015 -0.3474
vn 0.7195 -0.6014 -0.3473
vn 0.7196 -0.3473 -0.6013
vn 0.7192 0.0004 -0.6948
vn 0.7194 -0.6015 -0.3474
vn 0.7193 -0.6947 -0.0000
vn 0.7194 -0.6015 0.3473
vn 0.7196 -0.6013 0.3473
vn 0.7193 -0.3473 0.6016
vn 0.7192 -0.0003 0.6948
vn 0.7192 -0.0005 0.6948
vn 0.7195 0.3473 0.6013
vn 0.7193 0.3473 0.6016
vn 0.7195 0.6014 0.3473
vn 0.7196 0.6013 0.3473
vn 0.7192 0.6948 0.0003
vn 0.7192 0.6948 0.0005
vn 0.7196 0.6013 -0.3473
vn 0.7195 0.6014 -0.3473
vn 0.7196 0.3473 -0.6012
vn 0.7196 0.3473 -0.6013
vn 0.7192 0.0005 -0.6948
vn 0.0269 -0.9972 0.0699
vn -0.0239 -0.9912 0.1304
vn -0.0190 -0.9857 0.1676
vn 0.0083 -0.9997 0.0220
vn 0.0142 -0.9999 0.0005
vn 0.0523 -0.9986 -0.0004
vn 0.0142 -0.9999 -0.0005
vn 0.0522 -0.9986 -0.0005
vn -0.2418 -0.9703 0.0034
vn -0.2417 -0.9703 0.0034
vn -0.4529 -0.8915 0.0064
vn -0.4529 -0.8916 0.0064
vn -0.4509 -0.8926 0.0064
vn -0.4528 -0.8916 0.0064
vn -0.2303 -0.9731 0.0034
vn -0.2378 -0.9713 0.0034
vn 0.0269 -0.9972 0.0698
vn -0.0523 -0.9986 -0.0005
vn 0.0523 -0.9986 -0.0005
vn -0.0044 -1.0000 0.0005
vn -0.0044 -0.9403 -0.3404
vn -0.0044 -0.9403 0.3405
vn -0.0044 -0.9403 0.3404
vn 0.0044 -0.9403 0.3405
vn 0.0044 -1.0000 0.0005
vn 0.0044 -0.9403 0.3404
vn 0.0044 -0.9403 -0.3404
vn -0.7196 -0.6014 -0.3473
vn 0.0005 -0.9525 0.3045
vn -0.0003 -0.9525 0.3044
vn -0.0005 -0.9525 0.3045
vn 0.0003 -0.9525 0.3044
vn -0.3045 0.9525 0.0005
vn -0.3083 0.9513 0.0005
vn -0.2779 0.9606 0.0005
vn -0.3033 0.9529 0.0015
vn 0.3045 0.9525 0.0005
vn 0.2779 0.9606 0.0005
vn 0.3083 0.9513 0.0005
vn 0.0689 0.8583 0.5085
vn 0.1870 0.8708 0.4547
vn 0.0005 0.8460 0.5332
vn -0.0689 0.8583 0.5085
vn -0.1870 0.8708 0.4547
vn -0.0005 -0.8161 0.5779
vn -0.0003 -0.8160 0.5780
vn -0.0005 -0.8162 0.5778
vn -0.0004 -0.8161 0.5779
vn 0.0005 -0.8162 0.5778
vn 0.0005 -0.8161 0.5778
vn 0.0004 -0.8161 0.5779
vn 0.0005 -0.8161 0.5779
vn 0.3647 0.9311 0.0015
vn 0.3648 0.9311 0.0015
vn 0.5552 0.8317 0.0015
vn 0.0005 1.0000 0.0015
vn 0.0005 1.0000 0.0010
vn -0.2681 0.9634 -0.0005
vn -0.3082 0.9513 0.0004
vn -0.2681 0.9634 -0.0000
vn 0.1080 0.9942 0.0005
vn 0.4305 0.9026 0.0005
vn 0.4306 0.9026 0.0005
vn 0.7017 0.7125 0.0005
vn 0.7017 0.7125 -0.0000
vn 0.8039 0.5948 0.0005
vn 0.8039 0.5948 -0.0000
vn 0.2681 0.9634 -0.0000
vn 0.2681 0.9634 0.0005
vn 0.3082 0.9513 0.0004
vn -0.1080 0.9942 0.0005
vn -0.4305 0.9026 0.0005
vn -0.4306 0.9026 0.0005
vn -0.7017 0.7125 -0.0000
vn -0.7017 0.7125 0.0005
vn -0.8039 0.5948 -0.0000
vn -0.8039 0.5948 0.0005
vn 0.0005 -0.9927 0.1206
vn -0.0000 -0.9987 -0.0513
vn -0.0001 -0.9927 0.1206
vn -0.0000 -0.9927 0.1206
vn -0.0001 -0.9987 -0.0513
vn -0.0005 -0.9927 0.1206
vn 0.0116 -0.9935 0.1128
vn 0.0112 -0.9935 0.1128
vn 0.0116 -0.9987 -0.0503
vn -0.0114 -0.9935 0.1128
vn -0.0116 -0.9987 -0.0503
vn -0.0112 -0.9935 0.1128
vn 0.0005 0.9987 0.0503
vn -0.0005 0.9987 -0.0504
vn -0.0000 0.9987 0.0503
vn 0.0005 0.1392 0.9903
vn 0.0005 0.9987 -0.0503
vn -0.0024 0.1803 -0.9836
vn -0.0000 0.1392 0.9903
vn -0.0005 0.1392 0.9903
vn -0.0000 0.9987 -0.0503
vn 0.0024 0.1803 -0.9836
vn -0.0685 0.5707 0.8183
vn -0.0689 0.5948 0.8009
vn -0.0689 0.5710 0.8181
vn -0.0672 0.5948 0.8010
vn -0.0748 0.9527 0.2947
vn -0.0747 0.7380 -0.6706
vn -0.0689 0.3738 -0.9249
vn -0.0682 0.3738 -0.9250
vn -0.0679 0.6611 -0.7472
vn -0.0653 0.7646 -0.6412
vn -0.9736 0.2281 -0.0005
vn -0.9606 0.2779 0.0005
vn -0.9606 0.2779 -0.0005
vn -0.8005 0.5993 -0.0005
vn -0.7037 0.7105 -0.0005
vn -0.4325 0.9016 -0.0005
vn -0.1041 0.9946 -0.0005
vn 0.2778 0.9606 0.0005
vn 0.2722 0.9622 0.0014
vn 0.2722 0.9622 0.0015
vn 0.3047 0.9525 0.0010
vn 0.3033 0.9529 0.0015
vn 0.0015 -0.0288 0.9996
vn -0.0015 -0.0288 0.9996
vn 0.0679 0.6611 -0.7472
vn 0.0689 0.3738 -0.9249
vn 0.0651 0.7645 -0.6413
vn 0.0654 0.7646 -0.6412
vn 0.0679 0.3739 -0.9250
vn 0.0747 0.7380 -0.6706
vn 0.0748 0.9527 0.2947
vn 0.0672 0.5948 0.8010
vn 0.0689 0.5948 0.8009
vn 0.0685 0.5707 0.8183
vn 0.0689 0.5710 0.8181
vn -0.0697 0.8780 -0.4735
vn -0.0689 0.8565 -0.5115
vn -0.0688 0.8783 -0.4731
vn -0.0679 0.8565 -0.5116
vn -0.0747 0.9958 0.0522
vn -0.0689 0.9971 -0.0308
vn -0.0701 0.9971 -0.0308
vn -0.0688 0.9976 0.0005
vn -0.0748 0.9958 0.0523
vn -0.0747 0.5124 0.8555
vn -0.0748 0.5125 0.8554
vn -0.0683 -0.0532 0.9962
vn -0.0699 -0.0532 0.9961
vn -0.0689 0.2018 0.9770
vn -0.3648 0.9311 0.0015
vn -0.3647 0.9311 0.0015
vn -0.5552 0.8317 0.0015
vn 0.0004 1.0000 0.0010
vn 0.0004 1.0000 0.0015
vn -0.5553 0.8317 0.0014
vn -0.7125 0.7017 0.0015
vn -0.5553 0.8316 0.0014
vn -0.9344 0.3561 0.0015
vn -0.8317 0.5553 0.0014
vn -0.8316 0.5553 0.0015
vn -0.9344 0.3561 0.0011
vn -0.8317 0.5552 0.0014
vn -0.9808 0.1950 0.0010
vn -0.8317 0.5552 0.0015
vn -0.8047 0.5937 0.0012
vn -0.8047 0.5937 0.0015
vn -0.3825 0.9240 0.0016
vn -0.3825 0.9239 0.0016
vn 0.0004 1.0000 0.0012
vn -0.9998 -0.0220 0.0015
vn -0.9808 0.1950 0.0015
vn -0.9812 -0.1930 0.0024
vn -0.9812 -0.1929 0.0025
vn -0.9211 -0.3894 0.0015
vn -0.9210 -0.3895 0.0015
vn -0.7052 -0.7090 0.0015
vn -0.8317 -0.5552 0.0015
vn -0.8317 -0.5553 0.0015
vn -0.3826 -0.9239 0.0015
vn 0.0004 -1.0000 0.0010
vn 0.7196 -0.3473 -0.6014
vn -0.1871 -0.9823 -0.0003
vn 0.1871 -0.9823 -0.0005
vn 0.1871 -0.9823 -0.0003
vn -0.0747 0.5125 0.8554
vn -0.0747 0.9958 0.0523
vn -0.0661 0.8567 -0.5116
vn -0.0654 0.7646 -0.6412
vn -0.0679 0.6612 -0.7471
vn 0.0688 0.9976 0.0005
vn 0.0689 0.9971 -0.0308
vn 0.0701 0.9971 -0.0308
vn 0.0697 0.8781 -0.4735
vn 0.0688 0.8783 -0.4731
vn 0.0679 0.8565 -0.5116
vn 0.0683 0.8565 -0.5116
vn 0.0747 0.9958 0.0522
vn 0.0747 0.5125 0.8554
vn 0.3827 0.9239 0.0013
vn 0.8047 0.5937 0.0015
vn 0.8047 0.5937 0.0012
vn 0.8317 0.5552 0.0015
vn 0.3825 0.9239 0.0016
vn 0.0005 1.0000 0.0012
vn 0.9344 0.3561 0.0015
vn 0.8318 0.5551 0.0014
vn 0.8316 0.5553 0.0015
vn 0.8317 0.5553 0.0014
vn 0.7125 0.7017 0.0015
vn 0.9808 0.1950 0.0015
vn 0.5553 0.8316 0.0014
vn 0.9998 -0.0220 0.0015
vn 0.9812 -0.1930 0.0024
vn 0.9812 -0.1929 0.0025
vn 0.9211 -0.3894 0.0015
vn 0.9210 -0.3895 0.0015
vn 0.7052 -0.7090 0.0015
vn 0.8317 -0.5552 0.0015
vn 0.8317 -0.5553 0.0015
vn 0.3825 -0.9239 0.0016
vn 0.3826 -0.9239 0.0015
vn 0.0005 -1.0000 0.0010
vn -0.7196 0.3473 -0.6014
vn 0.2194 -0.9756 0.0005
vn 0.1870 -0.9824 -0.0003
vn 0.2311 -0.9729 -0.0005
vn 0.2312 -0.9729 -0.0005
vn 0.5482 -0.8363 0.0005
vn 0.5483 -0.8363 -0.0005
vn 0.7925 -0.6099 0.0005
vn 0.7925 -0.6099 -0.0005
vn 0.9434 -0.3317 0.0005
vn 0.9434 -0.3317 -0.0005
vn 0.9875 -0.1579 0.0005
vn 0.9875 -0.1578 0.0005
vn 0.9736 0.2281 -0.0005
vn 0.9736 0.2281 -0.0006
vn 0.9660 0.2585 0.0005
vn 0.9660 0.2585 0.0004
vn 0.9655 0.2603 -0.0005
vn 0.9606 0.2779 0.0005
vn 0.9655 0.2603 -0.0000
vn 0.8039 0.5947 0.0005
vn 0.8039 0.5947 -0.0000
vn 0.9606 0.2779 -0.0005
vn 0.8005 0.5993 -0.0005
vn 0.7037 0.7105 -0.0005
vn 0.4325 0.9016 -0.0005
vn 0.1041 0.9946 -0.0005
vn -0.2778 0.9606 0.0005
vn -0.2722 0.9622 0.0015
vn -0.9875 -0.1578 0.0005
vn -0.9875 -0.1578 0.0002
vn -0.9434 -0.3317 -0.0005
vn -0.9434 -0.3317 0.0005
vn -0.7925 -0.6099 -0.0005
vn -0.7925 -0.6099 0.0005
vn -0.5483 -0.8363 -0.0005
vn -0.5482 -0.8363 0.0005
vn -0.2194 -0.9756 0.0005
vn -0.2312 -0.9729 -0.0005
vn -0.1871 -0.9823 -0.0005
vn -0.2311 -0.9729 -0.0000
vn -0.1870 -0.9824 -0.0003
vn -0.9660 0.2585 0.0005
vn -0.9655 0.2603 -0.0000
vn -0.9655 0.2603 0.0005
vn -0.8039 0.5947 -0.0000
vn -0.8039 0.5947 0.0005
vn -0.1335 -0.5176 -0.8451
vn -0.1383 -0.4431 -0.8857
vn 0.1383 -0.4431 -0.8857
vn 0.1335 -0.5176 -0.8451
vn 0.0005 -0.5224 -0.8527
vn -0.1158 -0.8683 -0.4823
vn 0.0004 -0.8739 -0.4861
vn -0.1334 -0.5176 -0.8451
vn -0.1382 -0.4431 -0.8857
vn 0.0005 -0.4470 -0.8945
vn 0.1334 -0.5176 -0.8451
vn 0.1382 -0.4431 -0.8857
vn 0.1158 -0.8683 -0.4823
vn 0.0005 -0.8739 -0.4861
vn 0.0005 -0.0132 0.9999
vn -0.0005 -0.0132 0.9999
vn -0.0113 -0.9935 0.1129
vn -0.0005 -0.0201 0.9998
vn 0.0112 -0.9935 0.1129
vn 0.0113 -0.9935 0.1129
vn 0.0005 -0.0201 0.9998
vn -0.0689 0.0005 -0.9976
vn -0.0688 0.0004 -0.9976
vn 0.0689 0.0005 -0.9976
vn 0.0688 0.0004 -0.9976
vn 0.0004 0.0004 -1.0000
vn -0.9643 0.2635 -0.0254
vn -0.9680 0.2507 0.0072
vn -0.0000 0.9511 -0.3090
vn 0.9626 -0.2711 -0.0000
vn 0.9699 -0.2429 0.0181
vn -0.0000 -0.9510 0.3091
vn -0.0000 -0.9510 0.3090
vn -0.9709 0.2365 -0.0386
vn -0.9769 0.2129 0.0203
vn -0.0000 0.9511 -0.3089
vn 0.9680 -0.2507 -0.0072
vn 0.9798 -0.1985 0.0259
vn -0.0000 -0.9511 0.3090
vn -0.9804 0.1887 -0.0565
vn -0.9880 0.1482 0.0422
vn 0.9769 -0.2129 -0.0203
vn 0.9918 -0.1232 0.0352
vn -0.9914 0.1137 -0.0644
vn -0.9958 0.0562 0.0721
vn 0.9882 -0.1477 -0.0416
vn 0.9992 -0.0216 0.0346
vn -0.9987 0.0175 -0.0471
vn -0.9987 -0.0222 0.0466
vn 0.9988 -0.0413 -0.0259
vn 0.9986 0.0460 0.0265
vn -0.9951 -0.0621 -0.0764
vn -0.9885 -0.1281 0.0806
vn -0.0000 0.9510 -0.3090
vn 0.9987 0.0222 -0.0466
vn 0.9851 0.1672 0.0413
vn -0.9840 -0.1705 -0.0520
vn -0.9769 -0.2093 0.0427
vn 0.9888 0.1474 -0.0220
vn 0.9722 0.2321 0.0307
vn -0.9679 -0.2426 -0.0660
vn -0.9526 -0.2961 0.0701
vn 0.9769 0.2099 -0.0410
vn 0.9443 0.3271 0.0350
vn -0.9443 -0.3273 -0.0348
vn -0.9324 -0.3581 0.0479
vn 0.9509 0.3081 -0.0303
vn 0.9263 0.3765 0.0164
vn -0.0000 -0.9511 0.3089
vn -0.9263 -0.3765 -0.0162
vn -0.9172 -0.3965 0.0397
vn 0.9310 0.3641 -0.0279
vn 0.9127 0.4086 0.0038
vn -0.0000 0.3091 0.9510
vn -0.0000 -0.3090 -0.9511
vn -0.9083 -0.4183 -0.0001
vn -0.9084 -0.4182 -0.0001
vn -0.9083 -0.4183 -0.0000
vn -0.0000 0.5878 0.8090
vn -0.0000 0.5877 0.8091
vn 0.9083 0.4182 0.0001
vn 0.9083 0.4183 -0.0000
vn -0.0000 -0.5878 -0.8090
vn -0.0000 -0.5877 -0.8090
vn -0.9083 -0.4184 -0.0000
vn 0.9083 0.4183 0.0001
vn -0.9365 -0.3505 0.0071
vn 0.9254 0.3773 0.0356
vn 0.9188 0.3925 -0.0423
vn -0.9418 -0.3361 -0.0048
vn -0.9918 -0.1272 0.0148
vn 0.9720 0.2107 0.1039
vn 0.9598 0.2575 -0.1121
vn -0.9949 -0.1011 -0.0043
vn -0.9931 0.1165 0.0146
vn -0.0000 0.5877 0.8090
vn 0.9944 -0.0321 0.1011
vn 0.9936 0.0169 -0.1114
vn -0.9884 0.1512 -0.0112
vn -0.9625 0.2713 -0.0001
vn -0.9625 0.2712 -0.0000
vn 0.9720 -0.2254 0.0668
vn 0.9785 -0.1985 -0.0561
vn -0.9625 0.2711 -0.0000
vn 0.9625 -0.2711 -0.0000
vn -0.9626 0.2711 -0.0000
vn -0.0000 -0.8090 0.5877
vn -0.0000 0.8090 -0.5877
vn -0.9401 -0.3332 0.0723
vn -0.9277 -0.3642 -0.0817
vn -0.0000 -0.5878 0.8090
vn -0.0000 -0.5877 0.8091
vn 0.9092 0.4163 -0.0017
vn 0.9606 0.2777 0.0125
vn -0.0000 0.5878 -0.8090
vn -0.9870 -0.1177 0.1090
vn -0.9814 -0.1647 -0.0984
vn -0.0000 -0.5877 0.8090
vn 0.9698 0.2436 -0.0141
vn 0.9993 0.0358 0.0043
vn -0.0000 0.5877 -0.8090
vn -0.9879 0.1143 0.1045
vn -0.9927 0.0676 -0.0999
vn 0.9998 0.0136 -0.0118
vn 0.9810 -0.1937 0.0066
vn -0.9682 0.2476 0.0346
vn -0.9718 0.2338 -0.0290
vn 0.9777 -0.2099 -0.0057
vn 0.9625 -0.2712 -0.0000
vn -0.0000 -0.8090 -0.5877
vn -0.0000 0.8090 0.5877
vn -0.9626 0.2710 0.0001
vn -0.9625 0.2713 -0.0000
vn -0.0000 -0.9511 -0.3090
vn 0.9626 -0.2711 0.0001
vn 0.9625 -0.2712 -0.0002
vn 0.9625 -0.2712 -0.0001
vn -0.0000 0.9511 0.3089
vn -0.0000 0.9511 0.3090
vn -0.0000 0.9510 0.3090
vn -0.0000 -0.9510 -0.3090
vn 0.9625 -0.2711 0.0002
vn -0.0000 0.9510 0.3091
vn -0.0000 0.3090 -0.9511
vn -0.0000 -0.3091 0.9510
vn -0.9625 0.2714 -0.0000
vn -0.9626 0.2710 -0.0000
vn -0.0000 -0.0000 -1.0000
vn 0.9626 -0.2710 -0.0000
vn 0.9625 -0.2714 -0.0000
vn -0.0000 -0.0000 1.0000
vn -0.9743 0.2254 -0.0000
vn -0.9743 0.2251 -0.0000
vn 0.9743 -0.2251 -0.0000
vn 0.9743 -0.2254 -0.0000
vn -0.9998 -0.0200 -0.0000
vn 0.9998 0.0200 -0.0000
vn -0.9436 -0.3310 -0.0000
vn 0.9436 0.3310 -0.0000
vn -0.0000 1.0000 -0.0000
vn -0.0000 -1.0000 -0.0000
vn -0.9083 -0.4182 -0.0000
vn -0.0000 0.9969 0.0784
vn 0.9083 0.4182 -0.0000
vn -0.0000 -0.9969 -0.0785
vn -0.0000 0.9724 0.2334
vn -0.0000 -0.9724 -0.2334
vn -0.0000 0.9238 0.3828
vn -0.0000 -0.9239 -0.3827
vn -0.0000 0.8527 0.5224
vn 0.9083 0.4183 -0.0001
vn -0.0000 -0.8527 -0.5225
vn -0.0000 0.7604 0.6495
vn -0.0000 -0.7605 -0.6493
vn -0.0000 -0.7603 -0.6496
vn -0.0000 -0.7606 -0.6492
vn -0.0000 0.6495 0.7604
vn -0.0000 -0.6496 -0.7603
vn -0.9083 -0.4182 -0.0001
vn -0.0000 0.5224 0.8527
vn -0.0000 -0.5225 -0.8527
vn -0.9248 -0.3796 -0.0236
vn -0.9713 -0.2374 0.0165
vn -0.0000 0.3828 0.9238
vn 0.9576 0.2757 0.0842
vn 0.9348 0.3508 -0.0556
vn -0.0000 -0.3827 -0.9239
vn -0.9946 -0.0997 -0.0297
vn -0.9998 0.0099 0.0177
vn -0.0000 0.2334 0.9724
vn 0.9982 0.0086 0.0595
vn 0.9959 0.0849 -0.0326
vn -0.0000 -0.2334 -0.9724
vn -0.9772 0.2118 -0.0147
vn -0.9723 0.2339 -0.0000
vn -0.0000 0.0784 0.9969
vn 0.9724 -0.2325 0.0181
vn 0.9771 -0.2130 -0.0000
vn -0.0000 -0.0785 -0.9969
vn -0.0000 -0.0784 0.9969
vn -0.0000 0.0785 -0.9969
vn -0.0000 -0.2334 0.9724
vn -0.0000 0.2334 -0.9724
vn -0.0000 -0.3825 0.9240
vn -0.0000 -0.3828 0.9238
vn -0.0000 0.3827 -0.9239
vn -0.0000 -0.5224 0.8527
vn -0.0000 0.5225 -0.8527
vn -0.0000 -0.6495 0.7604
vn -0.0000 0.6496 -0.7603
vn -0.0000 0.6493 -0.7605
vn -0.9625 0.2711 0.0001
vn -0.0000 -0.7604 0.6495
vn -0.0000 0.7605 -0.6493
vn -0.0000 0.7603 -0.6496
vn -0.0000 0.7606 -0.6492
vn -0.0000 -0.8527 0.5224
vn -0.0000 0.8527 -0.5225
vn -0.9625 0.2712 -0.0001
vn -0.0000 -0.9238 0.3828
vn -0.0000 0.9239 -0.3827
vn -0.9607 0.2769 0.0190
vn -0.9582 0.2859 -0.0037
vn -0.0000 -0.9724 0.2334
vn 0.9573 -0.2888 -0.0158
vn -0.0000 0.9724 -0.2334
vn -0.9573 0.2886 0.0151
vn -0.9543 0.2988 -0.0024
vn -0.9542 0.2988 -0.0123
vn -0.9543 0.2988 -0.0045
vn -0.0000 -0.9969 0.0784
vn 0.9581 -0.2863 0.0013
vn 0.9542 -0.2988 -0.0142
vn 0.9543 -0.2988 -0.0045
vn 0.9542 -0.2988 -0.0123
vn -0.0000 0.9969 -0.0785
vn -0.9542 0.2988 -0.0142
vn -0.9581 0.2863 0.0013
vn -0.0000 -0.9969 -0.0784
vn 0.9543 -0.2988 -0.0024
vn 0.9573 -0.2887 0.0151
vn -0.0000 0.9969 0.0785
vn -0.9573 0.2888 -0.0158
vn 0.9582 -0.2859 -0.0037
vn 0.9607 -0.2769 0.0190
vn -0.0000 -0.9240 -0.3825
vn -0.0000 -0.9238 -0.3828
vn -0.0000 0.9239 0.3827
vn -0.0000 -0.8527 -0.5224
vn 0.9625 -0.2711 0.0001
vn -0.0000 0.8527 0.5225
vn -0.0000 -0.7604 -0.6495
vn -0.0000 0.7603 0.6496
vn -0.0000 -0.6495 -0.7604
vn -0.0000 0.6496 0.7603
vn -0.0000 0.6493 0.7605
vn -0.0000 -0.5224 -0.8527
vn -0.0000 0.5225 0.8527
vn -0.0000 -0.3828 -0.9238
vn -0.0000 0.3827 0.9239
vn -0.0000 -0.0784 -0.9969
vn -0.0000 0.0785 0.9969
vn -0.9771 0.2130 -0.0000
vn -0.9724 0.2325 0.0181
vn -0.0000 0.0784 -0.9969
vn 0.9723 -0.2339 -0.0000
vn 0.9772 -0.2118 -0.0147
vn -0.0000 -0.0785 0.9969
vn -0.9959 -0.0849 -0.0326
vn -0.9982 -0.0086 0.0595
vn 0.9998 -0.0099 0.0177
vn 0.9946 0.0997 -0.0297
vn -0.9348 -0.3508 -0.0556
vn -0.9576 -0.2757 0.0842
vn -0.0000 0.3828 -0.9238
vn 0.9713 0.2374 0.0165
vn 0.9248 0.3796 -0.0236
vn -0.0000 -0.3827 0.9239
vn -0.9083 -0.4182 0.0001
vn -0.9083 -0.4183 0.0001
vn -0.0000 0.5224 -0.8527
vn 0.9083 0.4182 -0.0001
vn 0.9084 0.4182 -0.0001
vn -0.0000 -0.5225 0.8527
vn -0.0000 0.6495 -0.7604
vn -0.0000 -0.6496 0.7603
vn -0.0000 -0.6493 0.7605
vn -0.0000 0.7604 -0.6495
vn -0.0000 -0.7605 0.6493
vn -0.0000 -0.7606 0.6492
vn -0.0000 0.8527 -0.5224
vn -0.0000 -0.8527 0.5225
vn -0.0000 0.9238 -0.3828
vn -0.0000 -0.9239 0.3827
vn -0.0000 0.9969 -0.0784
vn -0.0000 -0.9969 0.0785
vn 0.6662 -0.3092 0.6787
vn 0.6662 -0.3091 0.6786
vn 0.6662 -0.3091 0.6787
vn 1.0000 -0.0000 -0.0000
vn 0.6662 0.3091 -0.6787
vn 0.6661 0.3092 -0.6787
vn 0.6662 0.3090 -0.6787
vn -0.6662 0.3091 -0.6788
vn -0.6661 0.3090 -0.6788
vn -0.6662 0.3091 -0.6787
vn -0.6662 0.3092 -0.6787
vn -1.0000 -0.0000 -0.0000
vn -0.6662 -0.3091 0.6787
vn -0.6662 -0.3092 0.6786
vn -0.6662 -0.3092 0.6787
vn 0.5622 -0.7128 0.4193
vn 0.5621 -0.7129 0.4193
vn 0.5622 -0.7129 0.4193
vn 0.5623 -0.7127 0.4193
vn 0.5622 0.7128 -0.4193
vn 0.5623 0.7127 -0.4194
vn 0.5621 0.7129 -0.4193
vn -0.5622 0.7128 -0.4193
vn -0.5623 0.7128 -0.4192
vn -0.5622 0.7128 -0.4194
vn -0.5622 -0.7128 0.4193
vn -0.5621 -0.7128 0.4194
vn -0.5623 -0.7128 0.4192
vn 0.4953 -0.8581 0.1353
vn 0.4954 -0.8580 0.1353
vn 0.4954 -0.8581 0.1353
vn 0.4953 -0.8581 0.1352
vn 0.4955 0.8580 -0.1352
vn 0.4954 0.8581 -0.1352
vn -0.4955 0.8580 -0.1352
vn -0.4954 0.8581 -0.1352
vn -0.4953 -0.8581 0.1353
vn -0.4954 -0.8580 0.1352
vn -0.4954 -0.8581 0.1352
vn 0.4954 -0.8581 -0.1352
vn 0.4953 -0.8581 -0.1353
vn 0.4955 0.8580 0.1352
vn 0.4954 0.8581 0.1352
vn -0.4955 0.8580 0.1352
vn -0.4954 0.8581 0.1352
vn -0.4954 -0.8581 -0.1353
vn -0.4953 -0.8581 -0.1352
vn -0.4953 -0.8581 -0.1353
vn -0.4954 -0.8580 -0.1353
vn 0.5622 -0.7128 -0.4193
vn 0.5623 -0.7128 -0.4192
vn 0.5621 -0.7128 -0.4194
vn 0.5622 0.7128 0.4193
vn 0.5622 0.7128 0.4194
vn 0.5623 0.7128 0.4192
vn -0.5622 0.7128 0.4193
vn -0.5621 0.7129 0.4193
vn -0.5623 0.7127 0.4194
vn -0.5622 -0.7129 -0.4193
vn -0.5623 -0.7127 -0.4193
vn -0.5622 -0.7128 -0.4193
vn -0.5621 -0.7129 -0.4193
vn 0.6662 -0.3092 -0.6787
vn 0.6662 -0.3091 -0.6787
vn 0.6662 -0.3092 -0.6786
vn 0.6662 0.3091 0.6787
vn 0.6662 0.3092 0.6787
vn 0.6661 0.3091 0.6788
vn 0.6661 0.3090 0.6788
vn -0.6662 0.3091 0.6787
vn -0.6662 0.3090 0.6787
vn -0.6661 0.3091 0.6787
vn -0.6661 0.3092 0.6787
vn -0.6662 -0.3091 -0.6787
vn -0.6662 -0.3092 -0.6787
vn -0.6662 -0.3091 -0.6786
vn 0.6662 0.3092 -0.6787
vn 0.6662 0.3091 -0.6786
vn 0.6661 -0.3092 0.6787
vn 0.6662 -0.3090 0.6787
vn -0.6661 -0.3091 0.6788
vn -0.6661 -0.3090 0.6788
vn -0.6662 0.3092 -0.6786
vn 0.5622 0.7129 -0.4193
vn 0.5623 0.7127 -0.4193
vn 0.5623 -0.7127 0.4194
vn -0.5622 -0.7128 0.4194
vn -0.5621 0.7128 -0.4194
vn 0.4953 0.8581 -0.1353
vn 0.4954 0.8580 -0.1353
vn 0.4954 0.8581 -0.1353
vn 0.4953 0.8581 -0.1352
vn 0.4955 -0.8580 0.1352
vn 0.4954 -0.8581 0.1352
vn -0.4955 -0.8580 0.1352
vn -0.4953 0.8581 -0.1353
vn -0.4954 0.8580 -0.1352
vn 0.4953 0.8581 0.1353
vn 0.4955 -0.8580 -0.1352
vn 0.4954 -0.8580 -0.1352
vn -0.4955 -0.8580 -0.1352
vn -0.4955 -0.8581 -0.1352
vn -0.4954 0.8581 0.1353
vn -0.4953 0.8581 0.1352
vn -0.4953 0.8581 0.1353
vn -0.4954 0.8580 0.1353
vn 0.5622 0.7128 0.4192
vn 0.5621 0.7128 0.4194
vn 0.5622 -0.7128 -0.4194
vn -0.5623 -0.7127 -0.4194
vn -0.5622 0.7129 0.4193
vn -0.5623 0.7127 0.4193
vn 0.6662 0.3092 0.6786
vn 0.6661 -0.3091 -0.6788
vn 0.6662 -0.3094 -0.6785
vn -0.6662 -0.3090 -0.6787
vn -0.6661 -0.3091 -0.6787
vn -0.6661 -0.3092 -0.6787
vn -0.6662 0.3092 0.6787
vn -0.6663 0.3091 0.6786
vn 0.3092 0.6662 0.6787
vn 0.3091 0.6662 0.6786
vn 0.3091 0.6662 0.6787
vn -0.3091 0.6661 -0.6787
vn -0.3092 0.6661 -0.6787
vn -0.3091 0.6662 -0.6787
vn -0.3090 0.6662 -0.6787
vn -0.3091 -0.6661 -0.6788
vn -0.3090 -0.6661 -0.6788
vn -0.3091 -0.6662 -0.6787
vn -0.3092 -0.6662 -0.6787
vn 0.3091 -0.6662 0.6787
vn 0.3092 -0.6662 0.6786
vn 0.3092 -0.6662 0.6787
vn 0.7127 0.5623 0.4193
vn -0.7128 0.5622 -0.4193
vn -0.7127 0.5623 -0.4194
vn -0.7129 0.5622 -0.4193
vn -0.7128 -0.5622 -0.4193
vn -0.7128 -0.5623 -0.4192
vn -0.7128 -0.5622 -0.4194
vn 0.7127 -0.5623 0.4193
vn 0.8580 0.4955 0.1352
vn -0.8580 0.4955 -0.1352
vn -0.8581 0.4954 -0.1352
vn -0.8580 -0.4955 -0.1352
vn -0.8581 -0.4954 -0.1352
vn 0.8580 -0.4955 0.1352
vn 0.8581 -0.4954 0.1352
vn 0.8580 0.4955 -0.1352
vn 0.8581 0.4952 -0.1353
vn 0.8581 0.4954 -0.1352
vn -0.8580 0.4955 0.1352
vn -0.8581 0.4954 0.1352
vn -0.8580 -0.4955 0.1352
vn -0.8581 -0.4954 0.1352
vn 0.8580 -0.4955 -0.1352
vn 0.7127 0.5623 -0.4193
vn 0.7130 0.5620 -0.4193
vn -0.7128 0.5622 0.4193
vn -0.7128 0.5622 0.4194
vn -0.7128 0.5623 0.4192
vn -0.7128 -0.5622 0.4193
vn -0.7129 -0.5621 0.4193
vn -0.7127 -0.5623 0.4194
vn 0.7127 -0.5623 -0.4193
vn 0.3092 0.6662 -0.6787
vn 0.3091 0.6662 -0.6787
vn 0.3092 0.6662 -0.6786
vn -0.3091 0.6662 0.6787
vn -0.3092 0.6662 0.6787
vn -0.3091 0.6661 0.6788
vn -0.3090 0.6661 0.6788
vn -0.3091 -0.6662 0.6787
vn -0.3094 -0.6660 0.6787
vn -0.3091 -0.6661 0.6787
vn -0.3092 -0.6661 0.6787
vn 0.3091 -0.6662 -0.6787
vn 0.3092 -0.6662 -0.6787
vn 0.3091 -0.6662 -0.6786
vn -0.3092 0.6662 -0.6787
vn -0.3091 0.6663 -0.6786
vn 0.3092 0.6661 0.6787
vn 0.3090 0.6662 0.6787
vn 0.3091 -0.6661 0.6788
vn 0.3090 -0.6661 0.6788
vn -0.3092 -0.6662 -0.6786
vn -0.7129 0.5621 -0.4193
vn -0.7128 0.5623 -0.4193
vn 0.7129 0.5621 0.4193
vn 0.7129 -0.5621 0.4193
vn -0.7128 -0.5621 -0.4194
vn -0.7128 -0.5622 -0.4192
vn -0.8581 0.4953 -0.1353
vn -0.8580 0.4954 -0.1353
vn -0.8581 0.4954 -0.1353
vn -0.8581 0.4953 -0.1352
vn 0.8581 0.4954 0.1353
vn 0.8580 0.4954 0.1353
vn 0.8581 0.4953 0.1352
vn 0.8581 -0.4954 0.1353
vn 0.8581 -0.4953 0.1354
vn -0.8581 -0.4953 -0.1353
vn -0.8580 -0.4954 -0.1352
vn -0.8581 0.4953 0.1353
vn 0.8581 0.4954 -0.1353
vn 0.8581 0.4953 -0.1354
vn 0.8581 -0.4954 -0.1353
vn 0.8581 -0.4953 -0.1352
vn 0.8580 -0.4954 -0.1353
vn -0.8581 -0.4954 0.1353
vn -0.8580 -0.4956 0.1353
vn -0.8581 -0.4953 0.1353
vn -0.8580 -0.4954 0.1353
vn -0.7128 0.5622 0.4192
vn -0.7128 0.5621 0.4194
vn 0.7129 0.5621 -0.4193
vn 0.7129 -0.5621 -0.4193
vn -0.7129 -0.5622 0.4193
vn -0.7127 -0.5623 0.4193
vn -0.3092 0.6662 0.6786
vn 0.3091 0.6662 -0.6788
vn 0.3090 0.6661 -0.6788
vn 0.3094 -0.6660 -0.6787
vn 0.3091 -0.6661 -0.6787
vn 0.3092 -0.6661 -0.6787
vn -0.3092 -0.6662 0.6787
vn -0.3091 -0.6662 0.6786
vn 0.6660 0.3094 -0.6787
vn -0.6661 0.3091 -0.6788
vn -0.5622 -0.7128 0.4192
vn -0.4955 0.8581 0.1352
vn 0.5622 -0.7128 -0.4192
vn 0.6662 0.3093 0.6786
vn 0.4954 0.8580 0.1352
vn -0.6662 0.3091 0.6786
vn 0.8580 -0.4954 0.1352
vn 0.8580 0.4954 -0.1352
vn -0.3090 -0.6662 0.6787
vn 0.3091 0.6661 0.6787
vn -0.7127 0.5623 -0.4193
vn -0.8580 0.4954 0.1352
vn -0.8581 -0.4953 0.1352
vn 0.3091 0.6661 -0.6788
vn 0.3093 -0.6661 -0.6787
vn 0.6661 0.3091 -0.6787
vn -0.6662 0.3094 -0.6785
vn 0.6661 -0.3091 0.6787
vn 0.6661 -0.3093 0.6787
vn 0.5623 0.7128 -0.4193
vn -0.5622 0.7128 -0.4192
vn 0.4952 -0.8582 0.1353
vn 0.6661 -0.3090 -0.6788
vn 0.3093 0.6661 0.6787
vn -0.7128 -0.5623 0.4193
vn 0.3093 0.6662 -0.6786
vn 0.3090 -0.6662 -0.6787
vn -0.6663 -0.3091 -0.6786
vn 0.8581 0.4954 0.1352
vn 0.7129 0.5622 0.4193
vn -0.8580 0.4956 -0.1353
vn 0.6661 0.3093 -0.6787
vn 0.6662 0.3094 0.6785
vn -0.4954 -0.8581 -0.1352
vn -0.6662 0.3093 -0.6786
vn 0.5623 -0.7128 0.4193
vn 0.6663 0.3091 -0.6786
vn -0.6660 -0.3094 -0.6787
vn -0.3093 0.6661 -0.6787
vn 0.7128 0.5622 0.4193
vn 0.7128 -0.5622 0.4193
vn 0.7128 -0.5621 0.4194
vn 0.7128 -0.5622 0.4192
vn 0.8581 0.4953 0.1353
vn 0.8581 -0.4953 0.1353
vn 0.8581 0.4953 -0.1353
vn 0.8581 -0.4953 -0.1353
vn 0.7128 0.5622 -0.4193
vn 0.7128 0.5623 -0.4192
vn 0.7128 0.5621 -0.4194
vn 0.7129 -0.5622 -0.4193
vn 0.7128 -0.5622 -0.4193
vn -0.3093 0.6662 0.6786
vn 0.7127 0.5623 0.4194
vn 0.7128 -0.5623 0.4192
vn 0.7128 -0.5622 0.4194
vn 0.8581 0.4955 0.1352
vn 0.8581 -0.4955 -0.1352
vn 0.7128 0.5622 -0.4194
vn 0.7127 -0.5623 -0.4194
vn -0.6663 -0.3092 0.6786
vn 0.5621 -0.7129 -0.4194
vn -0.6663 0.3092 -0.6786
vn 0.3091 0.6663 0.6786
vn -0.7129 -0.5621 -0.4193
vn -0.8581 -0.4954 -0.1353
vn -0.8581 -0.4953 -0.1354
vn -0.8581 0.4954 0.1353
vn -0.7129 0.5621 0.4193
vn -0.7127 -0.5623 -0.4193
vn -0.8582 -0.4952 0.1353
vn -0.7127 0.5623 0.4193
vn -0.3091 -0.6663 0.6786
vn -0.0939 0.4983 -0.8619
vn -0.9291 -0.3697 -0.0000
vn -0.9292 -0.3697 -0.0000
vn 0.9292 0.3695 -0.0000
vn 0.9291 0.3698 -0.0000
vn 0.9292 0.3696 -0.0000
vn -0.2778 0.9606 -0.0000
vn -0.0939 0.4983 0.8619
vn 0.9291 0.3699 -0.0000
vn 0.2741 -0.4266 0.8619
vn 0.2740 -0.4265 0.8620
vn 0.9291 0.3697 -0.0000
vn 0.4580 -0.8889 -0.0000
vn 0.2741 -0.4266 -0.8619
vn 0.2740 -0.4265 -0.8620
vn 0.9643 0.2635 -0.0254
vn 0.9680 0.2507 0.0072
vn -0.9626 -0.2711 -0.0000
vn -0.9699 -0.2429 0.0181
vn 0.9709 0.2365 -0.0386
vn 0.9769 0.2129 0.0203
vn -0.9680 -0.2507 -0.0072
vn -0.9798 -0.1985 0.0259
vn 0.9804 0.1887 -0.0565
vn 0.9880 0.1482 0.0422
vn -0.9769 -0.2129 -0.0203
vn -0.9918 -0.1232 0.0352
vn 0.9914 0.1137 -0.0644
vn 0.9958 0.0562 0.0721
vn -0.9882 -0.1477 -0.0416
vn -0.9992 -0.0216 0.0346
vn 0.9987 0.0175 -0.0471
vn 0.9987 -0.0222 0.0466
vn -0.9988 -0.0413 -0.0259
vn -0.9986 0.0460 0.0265
vn 0.9951 -0.0621 -0.0764
vn 0.9885 -0.1281 0.0806
vn -0.9987 0.0222 -0.0466
vn -0.9851 0.1672 0.0413
vn 0.9840 -0.1705 -0.0520
vn 0.9769 -0.2093 0.0427
vn -0.9888 0.1474 -0.0220
vn -0.9722 0.2321 0.0307
vn 0.9679 -0.2426 -0.0660
vn 0.9526 -0.2961 0.0701
vn -0.9769 0.2099 -0.0410
vn -0.9443 0.3271 0.0350
vn 0.9443 -0.3273 -0.0348
vn 0.9324 -0.3581 0.0479
vn -0.9509 0.3081 -0.0303
vn -0.9263 0.3765 0.0164
vn 0.9263 -0.3765 -0.0162
vn 0.9172 -0.3965 0.0397
vn -0.9310 0.3641 -0.0279
vn -0.9127 0.4086 0.0038
vn 0.9083 -0.4182 -0.0001
vn 0.9083 -0.4183 -0.0001
vn 0.9083 -0.4183 -0.0000
vn -0.9083 0.4182 0.0001
vn 0.9083 -0.4184 -0.0000
vn -0.9083 0.4183 0.0001
vn 0.9365 -0.3505 0.0071
vn -0.9254 0.3773 0.0356
vn -0.9188 0.3925 -0.0423
vn 0.9418 -0.3361 -0.0048
vn 0.9918 -0.1272 0.0148
vn -0.9720 0.2107 0.1039
vn -0.9598 0.2575 -0.1121
vn 0.9949 -0.1011 -0.0043
vn 0.9931 0.1165 0.0146
vn -0.9944 -0.0321 0.1011
vn -0.9936 0.0169 -0.1114
vn 0.9884 0.1512 -0.0112
vn 0.9625 0.2713 -0.0001
vn 0.9625 0.2712 -0.0000
vn -0.9720 -0.2254 0.0668
vn -0.9785 -0.1985 -0.0561
vn 0.9625 0.2711 -0.0000
vn -0.9625 -0.2711 -0.0000
vn 0.9626 0.2711 -0.0000
vn 0.9401 -0.3332 0.0723
vn 0.9277 -0.3642 -0.0817
vn -0.9092 0.4163 -0.0017
vn -0.9606 0.2777 0.0125
vn 0.9870 -0.1177 0.1090
vn 0.9814 -0.1647 -0.0984
vn -0.9698 0.2436 -0.0141
vn -0.9993 0.0358 0.0043
vn 0.9879 0.1143 0.1045
vn 0.9927 0.0676 -0.0999
vn -0.9998 0.0136 -0.0118
vn -0.9810 -0.1937 0.0066
vn 0.9682 0.2476 0.0346
vn 0.9718 0.2338 -0.0290
vn -0.9777 -0.2099 -0.0057
vn -0.9625 -0.2712 -0.0000
vn 0.9626 0.2710 0.0001
vn -0.9625 -0.2712 -0.0001
vn -0.9626 -0.2711 0.0001
vn -0.9625 -0.2711 -0.0001
vn 0.9626 0.2710 -0.0000
vn 0.9625 0.2714 -0.0000
vn -0.9626 -0.2710 -0.0000
vn 0.9743 0.2254 -0.0000
vn 0.9743 0.2251 -0.0000
vn -0.9743 -0.2251 -0.0000
vn -0.9743 -0.2254 -0.0000
vn 0.9998 -0.0200 -0.0000
vn -0.9998 0.0200 -0.0000
vn 0.9436 -0.3310 -0.0000
vn -0.9436 0.3310 -0.0000
vn 0.9083 -0.4182 -0.0000
vn -0.9083 0.4182 -0.0000
vn -0.9083 0.4183 -0.0001
vn 0.9084 -0.4182 -0.0001
vn 0.9248 -0.3796 -0.0236
vn 0.9713 -0.2374 0.0165
vn -0.9576 0.2757 0.0842
vn -0.9348 0.3508 -0.0556
vn 0.9946 -0.0997 -0.0297
vn 0.9998 0.0099 0.0177
vn -0.9982 0.0086 0.0595
vn -0.9959 0.0849 -0.0326
vn 0.9772 0.2118 -0.0147
vn 0.9723 0.2339 -0.0000
vn -0.9724 -0.2325 0.0181
vn -0.9771 -0.2130 -0.0000
vn 0.9625 0.2711 0.0001
vn 0.9625 0.2712 -0.0001
vn 0.9607 0.2769 0.0190
vn 0.9582 0.2859 -0.0037
vn -0.9573 -0.2888 -0.0158
vn 0.9573 0.2886 0.0151
vn 0.9543 0.2988 -0.0024
vn 0.9543 0.2988 -0.0045
vn 0.9542 0.2988 -0.0123
vn -0.9581 -0.2863 0.0013
vn -0.9542 -0.2988 -0.0142
vn -0.9542 -0.2988 -0.0123
vn -0.9543 -0.2988 -0.0045
vn 0.9542 0.2988 -0.0142
vn 0.9581 0.2863 0.0013
vn -0.9543 -0.2988 -0.0024
vn -0.9573 -0.2887 0.0151
vn 0.9573 0.2888 -0.0158
vn -0.9582 -0.2859 -0.0037
vn -0.9607 -0.2769 0.0190
vn -0.9625 -0.2711 0.0001
vn 0.9771 0.2130 -0.0000
vn 0.9724 0.2325 0.0181
vn -0.9723 -0.2339 -0.0000
vn -0.9772 -0.2118 -0.0147
vn 0.9959 -0.0849 -0.0326
vn 0.9982 -0.0086 0.0595
vn -0.9998 -0.0099 0.0177
vn -0.9946 0.0997 -0.0297
vn 0.9348 -0.3508 -0.0556
vn 0.9576 -0.2757 0.0842
vn -0.9713 0.2374 0.0165
vn -0.9248 0.3796 -0.0236
vn 0.9083 -0.4182 0.0001
vn 0.9083 -0.4183 0.0001
vn -0.9083 0.4182 -0.0001
vn -0.9084 0.4182 -0.0001
vn 0.4955 0.8581 -0.1352
vn -0.5623 -0.7128 -0.4193
vn 0.6662 0.3091 0.6788
vn -0.6662 -0.3091 0.6788
vn -0.5623 0.7128 0.4193
vn 0.8580 0.4956 0.1353
vn -0.8581 0.4953 0.1354
vn 0.7128 0.5622 -0.4192
vn 0.7128 -0.5623 -0.4193
vn -0.3091 0.6662 0.6788
vn -0.3091 0.6662 -0.6786
vn 0.8581 -0.4954 -0.1352
vn -0.6662 -0.3093 0.6786
vn 0.4955 -0.8581 0.1352
vn 0.4956 0.8580 0.1352
vn -0.3093 -0.6661 0.6787
vn 0.8582 0.4952 0.1353
vn -0.8581 0.4952 0.1353
vn -0.6661 0.3093 0.6787
vn 0.6660 -0.3094 0.6787
vn 0.7128 0.5623 0.4193
vn 0.6663 -0.3092 -0.6786
vn 0.8580 -0.4956 -0.1353
vn -0.4952 0.8582 0.1353
vn 0.6663 -0.3091 0.6786
vn -0.8581 0.4955 -0.1352
vn -0.8581 -0.4955 0.1352
vn -0.3094 0.6662 0.6785
vn 0.4956 -0.8580 0.1353
vn 0.3091 -0.6663 -0.6786
vn -0.2741 -0.4266 -0.8619
vn -0.2740 -0.4265 -0.8620
vn 0.9291 -0.3697 -0.0000
vn 0.9292 -0.3697 -0.0000
vn -0.9292 0.3695 -0.0000
vn -0.9291 0.3698 -0.0000
vn -0.9291 0.3697 -0.0000
vn -0.4580 -0.8889 -0.0000
vn -0.2741 -0.4266 0.8619
vn -0.2740 -0.4265 0.8620
vn -0.9291 0.3699 -0.0000
vn 0.0939 0.4983 0.8619
vn -0.9292 0.3696 -0.0000
vn 0.2778 0.9606 -0.0000
vn 0.0939 0.4983 -0.8619
vt 0.579772 0.747356
vt 0.564304 0.747191
vt 0.573518 0.750885
vt 0.608084 0.746897
vt 0.561001 0.751222
vt 0.598621 0.751202
vt 0.552072 0.750650
vt 0.622904 0.746555
vt 0.558945 0.746637
vt 0.614400 0.751721
vt 0.625000 0.746297
vt 0.618217 0.752788
vt 0.549933 0.746614
vt 0.557510 0.745346
vt 0.567924 0.672833
vt 0.596555 0.697343
vt 0.569738 0.671376
vt 0.602325 0.698434
vt 0.623245 0.508720
vt 0.625000 0.508837
vt 0.622031 0.507375
vt 0.625000 0.507363
vt 0.606818 0.507435
vt 0.608662 0.508773
vt 0.582593 0.507448
vt 0.583750 0.508877
vt 0.489414 0.510762
vt 0.483286 0.513055
vt 0.470847 0.500000
vt 0.479881 0.500002
vt 0.125000 0.511555
vt 0.241461 0.588677
vt 0.375000 0.500000
vt 0.315223 0.598566
vt 0.387379 1.000441
vt 0.414619 1.000441
vt 0.377270 0.500000
vt 0.377005 0.500000
vt 0.376135 0.500000
vt 0.637550 0.537868
vt 0.440140 0.535562
vt 0.619551 1.000440
vt 0.856362 0.508044
vt 0.810078 0.454111
vt 0.747489 0.487537
vt 0.581189 0.842286
vt 0.585024 0.875000
vt 0.581528 0.875000
vt 0.564822 0.837127
vt 0.561656 0.809158
vt 0.517377 0.805019
vt 0.533638 0.786962
vt 0.446244 0.783564
vt 0.415499 0.762408
vt 0.415928 0.780832
vt 0.606824 0.703206
vt 0.581198 0.684509
vt 0.575468 0.677942
vt 0.611322 0.707978
vt 0.404715 0.815140
vt 0.409385 0.783330
vt 0.385315 0.799980
vt 0.375142 0.876880
vt 0.395810 0.877985
vt 0.420119 0.877985
vt 0.429293 0.828817
vt 0.439658 0.775387
vt 0.454880 0.793951
vt 0.492590 0.770558
vt 0.549119 0.750000
vt 0.536880 0.762726
vt 0.549119 0.765402
vt 0.593345 0.569816
vt 0.627294 0.730798
vt 0.562936 0.046282
vt 0.561355 0.237383
vt 0.479881 0.046192
vt 0.467764 0.085533
vt 0.472141 0.046554
vt 0.461303 0.078095
vt 0.447161 0.051628
vt 0.455708 0.048844
vt 0.445377 0.049281
vt 0.574926 0.667211
vt 0.564473 0.666405
vt 0.558858 0.666405
vt 0.571259 0.672078
vt 0.577670 0.679088
vt 0.575573 0.676575
vt 0.575356 0.677806
vt 0.567743 0.560562
vt 0.560764 0.519356
vt 0.485989 0.217283
vt 0.476269 0.203272
vt 0.470534 0.207724
vt 0.464798 0.212176
vt 0.453326 0.221080
vt 0.430383 0.238888
vt 0.389147 0.331524
vt 0.398124 0.367952
vt 0.384446 0.365789
vt 0.373550 0.411315
vt 0.638182 0.672087
vt 0.624090 0.671001
vt 1.000000 1.000000
vt 0.976321 1.000000
vt 0.975862 1.000000
vt 0.606302 0.669630
vt 0.711812 0.677764
vt 0.556743 0.656939
vt 0.443271 0.523280
vt 0.571485 0.915472
vt 0.592174 0.876272
vt 0.563026 0.908860
vt 0.574860 0.934935
vt 0.568265 0.950706
vt 0.578587 0.974850
vt 0.586219 1.000440
vt 0.587198 0.865033
vt 0.564936 0.853794
vt 0.577690 0.856805
vt 0.440166 0.906752
vt 0.384749 0.853794
vt 0.368563 0.868228
vt 0.374042 0.857661
vt 0.368499 0.882662
vt 0.431705 0.912427
vt 0.427334 0.934947
vt 0.433473 0.950388
vt 0.423240 0.974443
vt 0.366404 0.705214
vt 0.400807 0.750000
vt 0.346327 0.705214
vt 0.379420 0.750000
vt 0.584712 0.721371
vt 0.615444 0.723811
vt 0.624447 0.727319
vt 0.614765 0.725234
vt 0.625000 0.727951
vt 0.000000 1.000000
vt 0.083333 1.000000
vt 0.346956 0.722044
vt 0.316968 0.747071
vt 0.348621 0.746754
vt 0.297550 0.731644
vt 0.260989 0.722042
vt 0.000000 0.000000
vt 0.556390 0.756268
vt 0.547577 0.743452
vt 0.583749 0.716680
vt 0.607171 0.723474
vt 0.384961 0.672450
vt 0.622141 0.725555
vt 0.625000 0.725952
vt 0.384961 0.575688
vt 0.439982 0.500000
vt 0.378954 0.582539
vt 0.379075 0.674903
vt 0.375000 0.587554
vt 0.375280 0.676717
vt 0.375000 0.589390
vt 0.375000 0.677384
vt 0.375000 0.677157
vt 0.630965 0.648967
vt 0.633371 0.712429
vt 0.637468 0.743522
vt 0.638738 0.726199
vt 0.624746 0.535656
vt 0.632081 0.635262
vt 0.627243 0.527667
vt 0.610911 0.755792
vt 0.599101 0.755246
vt 0.566551 0.756132
vt 0.565589 0.756210
vt 0.515810 0.676584
vt 0.501071 0.613986
vt 0.457482 0.562790
vt 0.461220 0.547591
vt 0.625000 0.215726
vt 0.543156 0.217737
vt 0.375000 0.221867
vt 0.423782 0.220669
vt 0.467465 0.066139
vt 0.467067 0.048838
vt 0.453034 0.049808
vt 0.453041 0.067582
vt 0.474980 0.066959
vt 0.474350 0.048121
vt 0.455741 0.068573
vt 0.559553 0.048387
vt 0.464483 0.069867
vt 0.512745 0.066660
vt 0.563020 0.069133
vt 0.524120 0.065822
vt 0.563518 0.057723
vt 0.166667 1.000000
vt 0.375212 0.676301
vt 0.375000 0.587032
vt 0.375213 0.673978
vt 0.375000 0.580590
vt 0.375000 0.670845
vt 0.375000 0.571793
vt 0.375000 0.617272
vt 0.377005 0.739292
vt 0.377270 0.750000
vt 0.376248 0.735204
vt 0.375000 0.728461
vt 0.445377 0.068100
vt 0.447041 0.068926
vt 0.454660 0.069941
vt 0.375000 0.750000
vt 0.346735 0.713104
vt 0.246517 0.713106
vt 0.456849 0.110554
vt 0.428061 0.101017
vt 0.464166 0.103688
vt 0.427180 0.110554
vt 0.450595 0.118519
vt 0.456849 0.118519
vt 0.441896 0.120166
vt 0.427180 0.127907
vt 0.464786 0.625792
vt 0.459174 0.625308
vt 0.449289 0.625338
vt 0.376135 0.750000
vt 0.625000 0.516011
vt 0.615687 0.515294
vt 0.625000 0.532523
vt 0.615687 0.499759
vt 0.517006 0.472045
vt 0.517006 0.460187
vt 0.495107 0.457904
vt 0.504485 0.457865
vt 0.488622 0.467151
vt 0.392912 0.462321
vt 0.493464 0.455451
vt 0.483194 0.452157
vt 0.481653 0.450183
vt 0.469814 0.446546
vt 0.452606 0.442346
vt 0.393389 0.375000
vt 0.474880 0.429367
vt 0.470317 0.399413
vt 0.444711 0.375000
vt 0.488622 0.404596
vt 0.488622 0.430063
vt 0.517006 0.414343
vt 0.517006 0.433768
vt 0.542995 0.427186
vt 0.615687 0.464587
vt 0.615687 0.454668
vt 0.625000 0.466310
vt 0.625000 0.476394
vt 0.482969 0.101017
vt 0.548899 0.118518
vt 0.503603 0.089531
vt 0.522338 0.091215
vt 0.375000 0.083595
vt 0.562932 0.114247
vt 0.375000 0.089531
vt 0.522338 0.104832
vt 0.513189 0.107986
vt 0.416246 0.123558
vt 0.388362 0.125027
vt 0.375000 0.125027
vt 0.375000 0.673270
vt 0.375000 0.685743
vt 0.375000 0.632340
vt 0.247015 0.596649
vt 0.247015 0.615280
vt 0.269111 0.612720
vt 0.247015 0.708680
vt 0.332648 0.708681
vt 0.332648 0.633501
vt 0.330947 0.750000
vt 0.248219 0.750000
vt 0.534504 0.784334
vt 0.564470 0.069122
vt 0.526447 0.809097
vt 0.553585 0.313933
vt 0.570374 0.069078
vt 0.573919 0.031507
vt 0.544579 0.576803
vt 0.953301 1.000000
vt 0.966325 1.000000
vt 0.966605 1.000000
vt 0.375000 0.703838
vt 0.375000 0.697092
vt 0.375000 0.603044
vt 0.375000 0.522250
vt 0.375000 0.730944
vt 0.375000 0.717767
vt 0.375000 0.721725
vt 0.375000 0.732608
vt 0.375000 0.738368
vt 0.375000 0.727385
vt 0.375000 0.736161
vt 0.375000 0.734561
vt 0.375000 0.739632
vt 0.348987 0.462226
vt 0.431546 0.442041
vt 0.347628 0.463611
vt 0.432021 0.441961
vt 0.350600 0.462853
vt 0.423597 0.445096
vt 0.428276 0.440684
vt 0.353830 0.458250
vt 0.481730 0.378481
vt 0.450251 0.364747
vt 0.512124 0.251291
vt 0.480167 0.250096
vt 0.449329 0.134779
vt 0.475469 0.117764
vt 0.390338 0.024664
vt 0.367712 0.050790
vt 0.379912 0.021086
vt 0.282779 0.028881
vt 0.366943 0.018426
vt 0.260297 0.021903
vt 0.264087 0.019871
vt 0.355718 0.016469
vt 0.246517 0.536896
vt 0.346737 0.536899
vt 0.370220 0.477640
vt 0.441190 0.490173
vt 0.404366 0.429149
vt 0.506402 0.405999
vt 0.509766 0.499689
vt 0.410653 0.422565
vt 0.505622 0.403044
vt 0.454728 0.784334
vt 0.478081 0.811312
vt 0.474754 0.813758
vt 0.471538 0.820437
vt 0.469293 0.829561
vt 0.454881 0.846640
vt 0.466479 0.846640
vt 0.449461 0.804981
vt 0.370372 0.480346
vt 0.440827 0.508657
vt 0.509745 0.531625
vt 0.509695 0.608415
vt 0.439128 0.595201
vt 0.366373 0.587789
vt 0.260893 0.489107
vt 0.258689 0.591021
vt 0.457846 0.130000
vt 0.366997 0.054535
vt 0.446761 0.137183
vt 0.476702 0.250014
vt 0.370000 0.042154
vt 0.490000 0.250000
vt 0.256258 0.022776
vt 0.457846 0.370000
vt 0.250000 0.010000
vt 0.448109 0.361804
vt 0.130000 0.042154
vt 0.370000 0.457846
vt 0.366835 0.445507
vt 0.250000 0.490000
vt 0.042154 0.130000
vt 0.010000 0.250000
vt 0.130000 0.457846
vt 0.042154 0.370000
vt 0.375000 0.720060
vt 0.010323 0.248793
vt 0.019040 0.283736
vt 0.032284 0.333164
vt 0.095305 0.076849
vt 0.169229 0.031642
vt 0.181286 0.026298
vt 0.066199 0.394045
vt 0.192442 0.023157
vt 0.200041 0.023386
vt 0.226954 0.020864
vt 0.456878 0.163007
vt 0.458025 0.334956
vt 0.434693 0.379835
vt 0.390198 0.422983
vt 0.389235 0.423917
vt 0.384153 0.428845
vt 0.359458 0.452793
vt 0.376314 0.436447
vt 0.423751 0.390446
vt 0.387574 0.425528
vt 0.351633 0.460055
vt 0.365244 0.459087
vt 0.353583 0.462059
vt 0.190803 1.000000
vt 0.250000 0.500000
vt 0.192474 0.806430
vt 0.250000 0.887128
vt 0.192474 0.500000
vt 0.307526 0.808234
vt 0.322397 0.500819
vt 0.246517 0.528003
vt 0.346773 0.528001
vt 0.125000 0.528133
vt 0.302216 0.624967
vt 0.568209 0.748649
vt 0.566303 0.748450
vt 0.564333 0.748781
vt 0.564856 0.748779
vt 0.578679 0.746690
vt 0.611021 0.749184
vt 0.602614 0.744548
vt 0.593188 0.742839
vt 0.561027 0.513479
vt 0.557334 0.730866
vt 0.497309 0.707070
vt 0.410445 0.670730
vt 0.410523 0.515870
vt 0.418982 0.721434
vt 0.404836 0.690589
vt 0.389310 0.716695
vt 0.395860 0.728014
vt 0.387489 0.723953
vt 0.389292 0.727004
vt 0.552404 0.720230
vt 0.288237 0.500229
vt 0.266910 0.512143
vt 0.337298 0.500000
vt 0.346936 0.513150
vt 0.246517 0.514525
vt 0.437500 0.527380
vt 0.437500 0.795722
vt 0.405605 0.633361
vt 0.405715 0.527380
vt 0.500000 0.527380
vt 0.499997 0.795722
vt 0.302216 0.668414
vt 0.125000 0.660469
vt 0.302216 0.675680
vt 0.125000 0.666405
vt 0.375946 0.664549
vt 0.375946 0.671309
vt 0.412810 0.669123
vt 0.412810 0.662616
vt 0.431243 0.668030
vt 0.431243 0.661650
vt 0.449675 0.666937
vt 0.449675 0.660683
vt 0.687964 0.732095
vt 0.694479 0.578487
vt 0.687964 0.578054
vt 0.688015 0.732095
vt 0.662372 0.732047
vt 0.662372 0.576349
vt 0.651735 0.732027
vt 0.651705 0.575639
vt 0.290209 0.643487
vt 0.336355 0.738140
vt 0.336365 0.511860
vt 0.290209 0.738140
vt 0.307726 0.750000
vt 0.352631 0.750000
vt 0.250000 0.511860
vt 0.258853 0.500000
vt 0.352359 0.500000
vt 0.465307 1.000000
vt 0.463794 1.000000
vt 0.453106 1.000000
vt 0.452960 1.000000
vt 0.443909 1.000000
vt 0.443543 1.000000
vt 0.416667 1.000000
vt 0.333333 1.000000
vt 0.558858 0.531680
vt 0.464789 0.532145
vt 0.449468 0.529327
vt 0.412320 0.625245
vt 0.411792 0.518278
vt 0.394666 0.625177
vt 0.394635 0.512242
vt 0.345745 0.625077
vt 0.345638 0.498872
vt 0.302266 0.624967
vt 0.302216 0.486142
vt 0.425106 0.466075
vt 0.424738 0.414959
vt 0.443169 0.455642
vt 0.443169 0.424366
vt 0.453757 0.468578
vt 0.421845 0.795722
vt 0.375000 0.633362
vt 0.397378 0.799199
vt 0.375000 0.808903
vt 0.312500 0.633362
vt 0.333141 0.836042
vt 0.327782 0.843503
vt 0.312500 0.921510
vt 0.327823 0.875720
vt 0.271807 0.633362
vt 0.338830 0.879704
vt 0.375000 0.921510
vt 0.375000 0.879704
vt 0.437500 0.879704
vt 0.437500 0.921510
vt 0.500000 0.879704
vt 0.499997 0.921509
vt 0.250000 0.921510
vt 0.250000 0.527380
vt 0.271820 0.527380
vt 0.210168 0.541103
vt 0.220169 0.527380
vt 0.232749 0.921510
vt 0.187500 0.541103
vt 0.187500 0.954253
vt 0.125000 0.541103
vt 0.125000 0.982671
vt 0.148589 0.978103
vt 0.138974 0.981333
vt 0.126284 0.982671
vt 0.062500 0.541103
vt 0.062500 0.982671
vt 0.000003 0.541103
vt 0.000000 0.982671
vt 0.875000 0.534274
vt 0.954765 1.000000
vt 0.711891 0.677770
vt 0.875000 0.666986
vt 0.696432 0.499843
vt 0.670765 0.674599
vt 0.638577 0.512865
vt 0.624089 0.671009
vt 0.616403 0.519134
vt 0.577454 0.528522
vt 0.546372 0.645168
vt 0.546372 0.658785
vt 0.540070 0.642014
vt 0.533466 0.660469
vt 0.473285 0.626442
vt 0.464803 0.666405
vt 0.464803 0.660469
vt 0.459174 0.660469
vt 0.459174 0.666405
vt 0.371777 0.457368
vt 0.424613 0.443846
vt 0.382555 0.454533
vt 0.625000 0.799534
vt 0.605929 0.813939
vt 0.625000 0.799480
vt 0.605929 0.814002
vt 0.543006 0.814257
vt 0.625000 0.772042
vt 0.605929 0.777044
vt 0.625000 0.760638
vt 0.605929 0.788347
vt 0.504062 0.793534
vt 0.393187 0.787682
vt 0.491270 0.795364
vt 0.486414 0.796900
vt 0.481558 0.798437
vt 0.471846 0.801509
vt 0.452422 0.807654
vt 0.393361 0.829566
vt 0.474558 0.820633
vt 0.470363 0.816535
vt 0.412775 0.824258
vt 0.444872 0.822622
vt 0.375303 0.750000
vt 0.375354 0.750000
vt 0.375009 0.750000
vt 0.375630 0.750000
vt 0.377005 0.750000
s 1
f 1/1/1 2/2/2 3/3/1
f 3/3/1 4/4/3 1/1/1
f 3/3/1 2/2/2 5/5/2
f 4/4/3 3/3/1 6/6/4
f 2/2/2 7/7/5 5/5/2
f 6/6/4 8/8/6 4/4/3
f 7/7/5 2/2/2 9/9/5
f 8/8/6 6/6/4 10/10/6
f 10/10/6 11/11/7 8/8/6
f 11/11/7 10/10/6 12/12/7
f 9/9/5 13/13/8 7/7/5
f 13/13/8 9/9/5 14/14/8
f 14/14/8 15/15/9 13/13/8
f 15/15/9 14/14/8 16/16/9
f 16/16/9 17/17/10 15/15/9
f 17/17/10 16/16/9 18/18/10
f 19/15/11 20/14/12 21/13/12
f 22/9/13 21/13/12 20/14/12
f 20/14/12 19/15/11 23/16/11
f 24/17/14 23/16/11 19/15/11
f 23/16/11 24/17/14 25/18/14
f 21/13/12 22/9/13 26/7/13
f 27/2/15 26/7/13 22/9/13
f 26/7/13 27/2/15 28/5/16
f 29/3/17 28/5/16 27/2/15
f 29/3/17 27/2/15 30/1/18
f 31/4/19 29/3/17 30/1/18
f 29/3/17 31/4/19 32/6/20
f 33/8/21 32/6/20 31/4/19
f 32/6/20 33/8/21 34/10/21
f 35/11/7 34/10/21 33/8/21
f 34/10/21 35/11/7 36/12/7
f 37/19/22 38/20/23 39/21/22
f 40/22/23 39/21/22 38/20/23
f 41/23/24 37/19/22 39/21/22
f 37/19/22 41/23/24 42/24/24
f 43/25/25 42/24/24 41/23/24
f 44/26/25 42/24/24 43/25/25
f 45/27/26 44/26/25 43/25/25
f 46/28/26 44/26/25 45/27/26
f 45/27/26 47/29/27 46/28/26
f 47/29/27 45/27/26 48/30/27
f 49/29/28 50/27/29 51/28/29
f 50/27/29 49/29/28 52/30/28
f 53/26/30 51/28/29 50/27/29
f 53/26/30 50/27/29 54/25/30
f 55/24/31 53/26/30 54/25/30
f 54/25/30 56/23/31 55/24/31
f 57/19/32 55/24/31 56/23/31
f 57/19/32 56/23/31 58/21/32
f 58/21/32 59/20/23 57/19/32
f 58/21/32 60/22/23 59/20/23
f 61/31/33 62/32/33 63/33/33
f 62/32/33 61/31/33 64/31/33
f 65/34/33 63/33/33 62/32/33
f 66/35/33 67/36/33 61/31/33
f 68/33/33 65/34/33 69/37/33
f 65/34/33 70/38/33 71/33/33
f 70/38/33 65/34/33 72/37/33
f 73/33/33 74/34/33 75/33/33
f 76/31/33 73/33/33 77/35/33
f 75/33/33 78/37/33 79/39/33
f 74/34/33 80/38/33 78/37/33
f 80/38/33 74/34/33 81/33/33
f 82/33/33 83/37/33 74/34/33
f 83/37/33 82/33/33 84/39/33
f 74/34/33 85/33/33 82/33/33
f 85/33/33 74/34/33 86/32/33
f 86/32/33 87/31/33 85/33/33
f 87/31/33 86/32/33 88/31/33
f 87/31/33 89/36/33 90/35/33
f 91/30/33 92/40/33 93/41/33
f 94/29/33 95/40/33 96/30/33
f 97/42/33 95/40/33 94/29/33
f 97/42/33 98/43/33 95/40/33
f 95/40/33 98/43/33 99/44/33
f 100/43/33 101/42/33 102/45/33
f 103/35/33 104/33/33 105/31/33
f 106/30/34 107/41/34 108/40/34
f 109/43/34 110/40/34 111/44/34
f 112/42/34 110/40/34 109/43/34
f 110/40/34 112/42/34 113/29/34
f 110/40/34 113/29/34 114/30/34
f 115/42/34 116/43/34 117/45/34
f 118/46/33 119/47/33 120/48/33
f 118/46/33 120/48/33 121/49/33
f 121/49/33 122/50/33 118/46/33
f 123/51/33 122/50/33 121/49/33
f 122/50/33 123/51/33 124/52/33
f 125/53/33 124/52/33 123/51/33
f 124/52/33 125/53/33 126/54/33
f 126/54/33 125/53/33 127/55/33
f 128/52/33 129/51/33 130/50/33
f 131/49/33 130/50/33 129/51/33
f 129/51/33 128/52/33 132/53/33
f 132/53/33 128/52/33 133/54/33
f 133/54/33 134/55/33 132/53/33
f 130/50/33 131/49/33 135/46/33
f 136/48/33 135/46/33 131/49/33
f 135/46/33 136/48/33 137/47/33
f 138/56/35 139/57/36 140/58/37
f 139/57/36 138/56/35 141/59/36
f 140/58/37 142/18/10 138/56/35
f 142/18/10 140/58/37 143/17/38
f 144/58/39 145/18/40 146/17/41
f 145/18/40 144/58/39 147/56/42
f 148/57/43 147/56/42 144/58/39
f 147/56/42 148/57/43 149/59/43
f 150/60/44 151/61/45 152/62/46
f 152/62/46 153/63/47 150/60/44
f 154/64/48 150/60/44 153/63/47
f 155/65/49 150/60/44 154/64/48
f 150/60/44 155/65/49 156/66/50
f 151/61/45 150/60/44 157/67/51
f 158/68/50 150/60/44 156/66/50
f 150/60/44 158/68/50 157/67/51
f 157/67/51 158/68/50 159/69/50
f 160/70/50 157/67/51 159/69/50
f 159/69/50 161/71/50 160/70/50
f 162/72/50 160/70/50 161/71/50
f 163/61/52 164/60/53 165/62/54
f 164/60/53 166/63/47 165/62/54
f 166/63/47 164/60/53 167/64/55
f 164/60/53 168/65/49 167/64/55
f 168/65/49 164/60/53 169/66/49
f 164/60/53 163/61/52 170/67/56
f 164/60/53 171/68/49 169/66/49
f 171/68/49 164/60/53 170/67/56
f 170/67/56 172/69/49 171/68/49
f 170/67/56 173/70/49 172/69/49
f 174/71/49 172/69/49 173/70/49
f 173/70/49 175/72/49 174/71/49
f 176/73/57 177/59/43 178/57/58
f 177/59/43 176/73/57 179/74/59
f 179/74/59 176/73/57 180/75/60
f 176/73/57 181/76/61 180/75/60
f 181/76/61 182/77/62 180/75/60
f 181/76/61 183/78/62 182/77/62
f 183/78/62 184/79/63 182/77/62
f 183/78/62 185/80/63 184/79/63
f 186/81/64 184/79/63 185/80/63
f 184/79/63 186/81/64 187/82/65
f 188/83/66 187/82/65 186/81/64
f 189/74/67 190/75/68 191/73/69
f 191/73/69 192/59/36 189/74/67
f 192/59/36 191/73/69 193/57/70
f 191/73/69 190/75/68 194/76/71
f 190/75/68 195/77/72 194/76/71
f 196/78/72 194/76/71 195/77/72
f 197/79/73 196/78/72 195/77/72
f 196/78/72 197/79/73 198/80/73
f 197/79/73 199/81/74 198/80/73
f 199/81/74 197/79/73 200/82/74
f 200/82/74 201/83/75 199/81/74
f 202/84/76 203/85/77 204/86/49
f 205/84/78 206/86/79 207/85/80
f 208/87/81 209/88/82 210/89/83
f 209/88/82 208/87/81 211/57/82
f 211/57/82 208/87/81 212/90/84
f 213/91/77 211/57/77 214/73/49
f 214/73/49 215/92/49 213/91/77
f 215/92/49 214/73/49 216/76/49
f 216/76/49 217/93/49 215/92/49
f 218/78/85 217/93/49 216/76/49
f 217/93/49 218/78/85 219/94/49
f 218/78/85 220/95/49 219/94/49
f 218/78/85 221/96/49 220/95/49
f 221/96/49 218/78/85 222/97/49
f 218/78/85 223/98/49 222/97/49
f 223/98/49 218/78/85 224/99/49
f 224/99/49 225/100/49 223/98/49
f 226/57/86 227/87/87 228/88/86
f 227/87/87 229/89/88 228/88/86
f 227/87/87 226/57/86 230/90/89
f 231/91/80 232/73/79 226/57/80
f 233/92/79 232/73/79 231/91/80
f 232/73/79 233/92/79 234/76/79
f 235/93/79 234/76/79 233/92/79
f 234/76/79 235/93/79 236/78/90
f 236/78/90 235/93/79 237/94/79
f 236/78/90 237/94/79 238/95/79
f 236/78/90 238/95/79 239/96/79
f 236/78/90 239/96/79 240/97/79
f 241/98/79 236/78/90 240/97/79
f 236/78/90 241/98/79 242/99/79
f 241/98/79 243/100/79 242/99/79
f 244/99/49 245/78/49 246/101/49
f 247/78/79 248/99/79 249/101/79
f 250/80/91 251/101/91 252/78/91
f 253/101/92 254/80/92 255/102/92
f 256/101/93 257/80/93 258/78/93
f 259/80/94 260/101/94 261/102/94
f 262/103/95 263/103/96 264/104/97
f 265/105/98 266/105/98 267/106/99
f 265/105/98 267/106/99 268/107/100
f 269/103/101 270/104/102 271/103/103
f 272/104/104 273/103/96 274/108/81
f 275/109/105 273/103/106 276/103/95
f 277/109/107 278/103/101 279/103/108
f 280/104/109 281/108/87 279/103/103
f 282/110/105 283/17/110 284/58/84
f 285/111/111 283/17/110 282/110/105
f 286/111/112 287/110/107 288/17/113
f 287/110/107 289/58/89 288/17/113
f 290/112/114 291/113/115 292/114/114
f 293/115/114 291/113/115 290/112/114
f 294/42/114 291/113/115 293/115/114
f 294/42/114 293/115/114 295/116/114
f 294/42/114 295/116/114 296/117/114
f 296/117/114 297/118/114 294/42/114
f 298/119/115 292/114/114 291/113/115
f 298/119/115 299/120/115 292/114/114
f 299/120/115 298/119/115 300/121/114
f 292/114/114 299/120/115 301/122/114
f 301/122/114 299/120/115 302/123/114
f 303/124/114 301/122/114 302/123/114
f 303/124/114 302/123/114 304/125/114
f 305/126/114 301/122/114 303/124/114
f 301/122/114 305/126/114 306/127/114
f 305/126/114 307/128/114 306/127/114
f 305/126/114 308/129/114 307/128/114
f 308/129/114 305/126/114 309/35/114
f 308/129/114 309/35/114 310/130/114
f 309/35/114 311/36/114 310/130/114
f 312/120/116 313/114/117 314/122/117
f 315/119/116 313/114/117 312/120/116
f 315/119/116 312/120/116 316/121/117
f 313/114/117 315/119/116 317/113/116
f 317/113/116 318/112/117 313/114/117
f 317/113/116 319/115/117 318/112/117
f 320/42/117 319/115/117 317/113/116
f 319/115/117 320/42/117 321/116/117
f 321/116/117 320/42/117 322/117/117
f 320/42/117 323/118/117 322/117/117
f 314/122/117 324/123/117 312/120/116
f 314/122/117 325/124/117 324/123/117
f 324/123/117 325/124/117 326/125/117
f 314/122/117 327/126/117 325/124/117
f 327/126/117 314/122/117 328/127/117
f 327/126/117 328/127/117 329/128/117
f 327/126/117 329/128/117 330/129/117
f 327/126/117 330/129/117 331/35/117
f 331/35/117 330/129/117 332/130/117
f 331/35/117 332/130/117 333/36/117
f 334/131/118 335/132/119 336/133/120
f 336/133/120 335/132/119 337/134/119
f 338/131/118 339/133/120 340/132/119
f 339/133/120 341/134/119 340/132/119
f 342/1/121 343/135/122 344/136/123
f 342/1/121 344/136/123 345/4/123
f 342/1/121 346/14/124 343/135/122
f 343/135/122 346/14/124 347/16/125
f 348/2/126 346/14/124 342/1/121
f 346/14/124 348/2/126 349/9/126
f 350/137/127 345/4/123 351/138/128
f 345/4/123 350/137/127 352/8/127
f 353/139/129 352/8/127 350/137/127
f 352/8/127 353/139/129 354/11/129
f 355/135/130 356/1/131 357/136/132
f 357/136/132 356/1/131 358/4/132
f 355/135/130 359/14/133 356/1/131
f 359/14/133 355/135/130 360/16/134
f 356/1/131 359/14/133 361/2/135
f 361/2/135 359/14/133 362/9/135
f 363/137/136 364/138/137 358/4/132
f 363/137/136 358/4/132 365/8/136
f 366/139/129 363/137/136 365/8/136
f 366/139/129 365/8/136 367/11/129
f 368/140/138 369/141/139 370/140/138
f 371/142/140 372/143/141 373/144/140
f 372/143/141 371/142/140 374/145/142
f 371/142/140 375/146/142 374/145/142
f 376/146/142 377/142/140 378/145/142
f 377/142/140 379/143/140 378/145/142
f 379/143/140 377/142/140 380/144/142
f 381/147/143 382/147/143 383/147/50
f 384/147/144 383/147/50 382/147/143
f 383/147/50 384/147/144 385/147/145
f 382/147/143 381/147/143 386/147/146
f 387/147/147 386/147/146 381/147/143
f 388/147/50 384/147/144 382/147/143
f 388/147/50 382/147/143 389/147/148
f 389/147/148 382/147/143 386/147/146
f 390/147/145 384/147/144 388/147/50
f 389/147/148 386/147/146 391/147/147
f 390/147/145 392/147/149 384/147/144
f 392/147/149 385/147/145 384/147/144
f 393/147/150 392/147/149 390/147/145
f 385/147/145 392/147/149 394/147/150
f 393/147/150 395/147/151 392/147/149
f 395/147/151 394/147/150 392/147/149
f 396/147/152 395/147/151 393/147/150
f 394/147/150 395/147/151 397/147/152
f 396/147/152 398/147/153 395/147/151
f 398/147/153 397/147/152 395/147/151
f 399/147/154 398/147/153 396/147/152
f 397/147/152 398/147/153 400/147/154
f 399/147/154 401/147/155 398/147/153
f 401/147/155 400/147/154 398/147/153
f 401/147/155 399/147/154 402/147/156
f 401/147/155 403/147/156 400/147/154
f 401/147/155 402/147/156 404/147/157
f 403/147/156 401/147/155 404/147/157
f 404/147/157 402/147/156 405/147/33
f 404/147/157 406/147/33 403/147/156
f 404/147/157 405/147/33 407/147/158
f 406/147/33 404/147/157 407/147/158
f 407/147/158 405/147/33 408/147/159
f 407/147/158 409/147/160 406/147/33
f 407/147/158 408/147/159 410/147/161
f 409/147/160 407/147/158 410/147/161
f 410/147/161 408/147/159 411/147/162
f 410/147/161 412/147/162 409/147/160
f 410/147/161 411/147/162 413/147/162
f 412/147/162 410/147/161 413/147/162
f 414/147/129 413/147/162 411/147/162
f 412/147/162 413/147/162 415/147/129
f 414/147/129 416/147/163 413/147/162
f 416/147/163 415/147/129 413/147/162
f 391/147/147 416/147/163 414/147/129
f 415/147/129 416/147/163 387/147/147
f 391/147/147 386/147/146 416/147/163
f 386/147/146 387/147/147 416/147/163
f 417/148/164 418/7/164 419/149/165
f 420/7/166 421/148/164 422/149/167
f 423/150/168 424/26/169 425/24/170
f 425/24/170 426/151/171 423/150/168
f 426/151/171 425/24/170 427/19/172
f 428/152/173 424/26/169 423/150/168
f 427/19/172 429/153/172 426/151/171
f 429/153/172 427/19/172 430/20/129
f 430/20/129 431/154/129 429/153/172
f 432/155/174 424/26/169 428/152/173
f 424/26/169 432/155/174 433/28/175
f 434/156/176 433/28/175 432/155/174
f 433/28/175 434/156/176 435/29/177
f 428/152/173 436/157/178 432/155/174
f 436/157/178 428/152/173 437/158/179
f 437/158/179 438/159/180 436/157/178
f 438/159/180 437/158/179 439/160/180
f 439/160/180 440/161/181 438/159/180
f 440/161/181 439/160/180 441/162/182
f 440/161/181 441/162/182 442/163/183
f 443/19/184 444/153/185 445/20/129
f 445/20/129 444/153/185 446/154/129
f 444/153/185 443/19/184 447/151/186
f 448/24/186 447/151/186 443/19/184
f 447/151/186 448/24/186 449/150/187
f 450/26/188 449/150/187 448/24/186
f 450/26/188 451/152/189 449/150/187
f 450/26/188 452/155/190 451/152/189
f 452/155/190 450/26/188 453/28/191
f 452/155/190 453/28/191 454/156/192
f 454/156/192 453/28/191 455/29/191
f 456/157/193 451/152/189 452/155/190
f 451/152/189 456/157/193 457/158/193
f 458/159/194 457/158/193 456/157/193
f 457/158/193 458/159/194 459/160/195
f 460/161/196 459/160/195 458/159/194
f 459/160/195 460/161/196 461/162/196
f 460/161/196 462/163/197 461/162/196
f 463/164/198 464/165/199 465/74/200
f 465/74/200 464/165/199 466/166/201
f 464/165/199 467/167/202 466/166/201
f 465/74/200 468/168/203 463/164/198
f 463/164/198 468/168/203 469/169/204
f 469/169/204 468/168/203 470/170/205
f 468/168/203 465/74/200 471/59/133
f 468/168/203 471/59/133 472/56/133
f 468/168/203 472/56/133 473/18/133
f 474/16/133 468/168/203 473/18/133
f 475/135/130 468/168/203 474/16/133
f 476/165/206 477/166/207 478/167/208
f 476/165/206 479/74/209 477/166/207
f 480/164/210 479/74/209 476/165/206
f 481/168/209 479/74/209 480/164/210
f 479/74/209 481/168/209 482/59/124
f 481/168/209 480/164/210 483/169/211
f 481/168/209 483/169/211 484/170/212
f 482/59/124 481/168/209 485/56/124
f 485/56/124 481/168/209 486/18/126
f 481/168/209 487/16/124 486/18/126
f 481/168/209 488/135/122 487/16/124
f 489/10/50 490/171/50 491/12/50
f 490/171/50 489/10/50 492/172/50
f 493/6/50 492/172/50 489/10/50
f 492/172/50 493/6/50 494/173/50
f 495/3/50 494/173/50 493/6/50
f 494/173/50 495/3/50 496/174/213
f 496/174/213 495/3/50 497/5/214
f 496/174/213 497/5/214 498/148/215
f 499/7/215 498/148/215 497/5/214
f 500/13/165 501/149/165 499/7/164
f 501/149/165 500/13/165 502/175/216
f 503/176/217 502/175/216 500/13/165
f 502/175/216 503/176/217 504/177/216
f 500/13/165 505/15/218 503/176/217
f 506/178/218 503/176/217 505/15/218
f 505/15/218 507/111/219 506/178/218
f 507/111/219 505/15/218 508/17/220
f 509/13/167 510/149/167 511/175/221
f 512/7/166 510/149/167 509/13/167
f 513/176/222 509/13/167 511/175/221
f 511/175/221 514/177/221 513/176/222
f 509/13/167 513/176/222 515/15/223
f 513/176/222 516/178/223 515/15/223
f 517/111/224 515/15/223 516/178/223
f 515/15/223 517/111/224 518/17/225
f 519/5/226 520/148/215 512/7/227
f 519/5/226 521/174/228 520/148/215
f 522/3/50 521/174/228 519/5/226
f 521/174/228 522/3/50 523/173/50
f 524/6/50 523/173/50 522/3/50
f 523/173/50 524/6/50 525/172/50
f 525/172/50 524/6/50 526/10/50
f 526/10/50 527/171/50 525/172/50
f 526/10/50 528/12/50 527/171/50
f 529/179/33 530/180/33 531/179/33
f 532/181/33 531/179/33 530/180/33
f 533/182/33 532/181/33 530/180/33
f 534/182/33 535/181/33 536/181/33
f 537/180/33 538/181/33 539/182/33
f 538/181/33 540/181/33 539/182/33
f 541/179/33 538/181/33 537/180/33
f 541/179/33 537/180/33 542/179/33
f 543/183/229 544/184/229 545/185/230
f 545/185/230 544/184/229 546/82/229
f 543/183/229 545/185/230 547/186/231
f 544/184/229 548/79/231 546/82/229
f 547/186/231 549/187/232 543/183/229
f 548/79/231 544/184/229 550/188/229
f 551/189/233 549/187/232 547/186/231
f 548/79/231 550/188/229 552/77/229
f 553/190/208 552/77/229 550/188/229
f 552/77/229 553/190/208 554/75/234
f 555/191/235 549/187/232 551/189/233
f 549/187/232 555/191/235 556/192/235
f 556/192/235 555/191/235 557/193/212
f 556/192/235 557/193/212 558/194/229
f 559/195/212 558/194/229 557/193/212
f 560/187/236 561/189/237 562/186/238
f 561/189/237 560/187/236 563/191/239
f 560/187/236 562/186/238 564/183/237
f 560/187/236 565/192/239 563/191/239
f 562/186/238 566/185/237 564/183/237
f 567/193/205 563/191/239 565/192/239
f 568/194/237 567/193/205 565/192/239
f 569/195/205 567/193/205 568/194/237
f 570/184/237 564/183/237 566/185/237
f 571/82/238 570/184/237 566/185/237
f 572/79/238 570/184/237 571/82/238
f 570/184/237 572/79/238 573/188/237
f 573/188/237 572/79/238 574/77/237
f 574/77/237 575/190/202 573/188/237
f 574/77/237 576/75/240 575/190/202
f 577/141/241 578/196/242 579/141/241
f 578/196/242 577/141/241 580/196/242
f 577/141/241 579/141/241 581/140/243
f 577/141/241 581/140/243 582/140/243
f 583/197/244 584/161/245 585/163/246
f 586/161/181 585/163/246 584/161/245
f 584/161/245 583/197/244 587/198/247
f 587/198/247 583/197/244 588/199/248
f 588/199/248 589/200/248 587/198/247
f 590/201/249 591/202/250 589/200/251
f 591/202/250 590/201/249 592/203/252
f 593/37/253 594/204/254 595/205/255
f 594/204/254 593/37/253 596/38/256
f 594/204/254 596/38/256 597/206/257
f 598/33/152 597/206/257 596/38/256
f 597/206/257 598/33/152 599/207/152
f 600/206/258 601/33/152 602/38/259
f 601/33/152 600/206/258 603/207/152
f 604/204/260 600/206/258 602/38/259
f 605/37/261 604/204/260 602/38/259
f 604/204/260 605/37/261 606/205/262
f 607/141/263 608/140/138 609/141/263
f 610/196/264 607/141/263 609/141/263
f 607/141/263 610/196/264 611/196/264
f 612/208/265 613/186/266 614/189/267
f 615/83/75 613/186/266 612/208/265
f 616/185/268 613/186/266 615/83/75
f 615/83/75 617/82/74 616/185/268
f 612/208/265 614/189/267 618/209/267
f 614/189/267 619/191/269 618/209/267
f 620/210/269 618/209/267 619/191/269
f 621/82/64 622/83/270 623/185/271
f 622/83/270 624/186/272 623/185/271
f 624/186/272 622/83/270 625/208/273
f 624/186/272 625/208/273 626/189/274
f 627/209/274 626/189/274 625/208/273
f 627/209/274 628/191/275 626/189/274
f 627/209/274 629/210/275 628/191/275
f 630/211/276 631/33/277 632/33/277
f 631/33/277 630/211/276 633/211/277
f 634/146/278 635/212/279 636/142/278
f 635/212/279 634/146/278 637/213/278
f 638/211/280 639/33/281 640/211/280
f 639/33/281 638/211/280 641/33/280
f 642/212/282 643/146/282 644/142/283
f 643/146/282 642/212/282 645/213/283
f 646/214/284 647/215/285 648/216/45
f 647/215/285 646/214/284 649/217/286
f 650/218/287 649/217/286 646/214/284
f 650/218/287 646/214/284 651/219/288
f 649/217/286 650/218/287 652/220/289
f 653/221/290 649/217/286 652/220/289
f 654/215/291 655/214/292 656/216/52
f 655/214/292 654/215/291 657/217/293
f 657/217/293 658/218/294 655/214/292
f 658/218/294 659/219/295 655/214/292
f 658/218/294 657/217/293 660/220/296
f 661/221/297 660/220/296 657/217/293
f 662/222/298 663/223/299 664/224/300
f 665/222/301 666/224/302 667/223/303
f 668/39/304 669/225/305 670/205/306
f 668/39/304 670/205/306 671/37/306
f 672/33/307 669/225/305 668/39/304
f 672/33/307 673/211/308 669/225/305
f 674/33/309 675/225/310 676/211/311
f 674/33/309 676/211/311 677/33/312
f 678/211/312 677/33/312 676/211/311
f 675/225/310 674/33/309 679/39/310
f 679/39/310 680/205/313 675/225/310
f 680/205/313 679/39/310 681/37/313
f 682/226/314 683/227/315 684/228/316
f 683/227/315 682/226/314 685/229/315
f 685/229/315 686/230/317 683/227/315
f 686/230/317 685/229/315 687/231/317
f 688/232/303 686/230/317 687/231/317
f 688/232/303 687/231/317 689/233/318
f 686/230/317 688/232/303 690/234/319
f 691/235/320 690/234/319 688/232/303
f 692/236/302 693/237/321 688/232/303
f 691/235/320 688/232/303 693/237/321
f 691/235/320 693/237/321 694/238/321
f 694/238/321 695/239/321 691/235/320
f 696/240/321 691/235/320 695/239/321
f 691/235/320 696/240/321 697/241/322
f 698/242/321 697/241/322 696/240/321
f 697/241/322 698/242/321 699/243/321
f 697/241/322 699/243/321 700/244/323
f 698/242/321 701/245/324 699/243/321
f 701/245/324 698/242/321 702/246/324
f 701/245/324 702/246/324 703/247/325
f 704/248/326 703/247/325 702/246/324
f 705/249/327 703/247/325 704/248/326
f 704/248/326 706/250/328 705/249/327
f 705/249/327 706/250/328 707/251/328
f 706/250/328 708/252/329 707/251/328
f 708/252/329 706/250/328 709/253/330
f 710/226/331 711/227/332 712/229/332
f 711/227/332 710/226/331 713/228/333
f 714/230/334 712/229/332 711/227/332
f 712/229/332 714/230/334 715/231/334
f 714/230/334 716/232/335 715/231/334
f 715/231/334 716/232/335 717/233/336
f 716/232/335 714/230/334 718/234/337
f 719/235/338 716/232/335 718/234/337
f 716/232/335 720/237/339 721/236/300
f 716/232/335 719/235/338 720/237/339
f 719/235/338 722/238/339 720/237/339
f 719/235/338 723/239/339 722/238/339
f 723/239/339 719/235/338 724/240/339
f 725/241/340 724/240/339 719/235/338
f 724/240/339 725/241/340 726/242/339
f 726/242/339 725/241/340 727/243/339
f 728/244/323 727/243/339 725/241/340
f 729/245/341 726/242/339 727/243/339
f 726/242/339 729/245/341 730/246/341
f 730/246/341 729/245/341 731/247/325
f 731/247/325 732/248/325 730/246/341
f 732/248/325 731/247/325 733/249/342
f 734/250/343 732/248/325 733/249/342
f 734/250/343 733/249/342 735/251/328
f 734/250/343 735/251/328 736/252/329
f 736/252/329 737/253/330 734/250/343
f 738/254/344 739/255/345 740/256/345
f 740/256/345 739/255/345 741/257/346
f 740/256/345 742/258/347 738/254/344
f 738/254/344 743/70/344 744/259/344
f 742/258/347 745/216/344 738/254/344
f 745/216/344 742/258/347 746/214/344
f 746/214/344 742/258/347 747/219/347
f 748/258/345 749/256/345 750/260/345
f 751/255/344 752/254/344 753/259/344
f 751/255/345 754/261/344 755/257/348
f 751/255/345 756/262/345 754/261/344
f 756/262/345 751/255/345 757/179/348
f 757/179/348 758/263/347 756/262/345
f 757/179/348 759/264/344 758/263/347
f 759/264/344 757/179/348 760/181/345
f 760/181/345 761/265/346 759/264/344
f 762/259/349 763/254/349 764/255/349
f 765/261/350 764/255/349 766/257/349
f 767/262/351 764/255/349 765/261/350
f 764/255/349 767/262/351 768/179/351
f 769/263/349 768/179/351 767/262/351
f 770/264/349 768/179/351 769/263/349
f 768/179/351 770/264/349 771/181/351
f 772/265/352 771/181/351 770/264/349
f 773/258/352 774/256/350 775/254/351
f 774/256/350 776/255/350 775/254/351
f 776/255/350 774/256/350 777/257/349
f 778/216/350 773/258/352 775/254/351
f 779/214/352 773/258/352 778/216/350
f 773/258/352 779/214/352 780/219/350
f 781/70/349 775/254/349 782/259/349
f 783/260/351 784/256/351 785/258/351
f 786/266/353 787/267/354 788/268/355
f 789/269/152 790/270/152 791/271/356
f 792/272/357 791/271/356 790/270/152
f 793/273/358 791/271/356 792/272/357
f 791/271/356 793/273/358 794/274/290
f 793/273/358 792/272/357 795/275/359
f 796/276/360 795/275/359 792/272/357
f 797/273/293 798/272/361 799/271/362
f 797/273/293 799/271/362 800/274/297
f 801/275/291 798/272/361 797/273/293
f 801/275/291 802/276/360 798/272/361
f 799/271/362 798/272/361 803/270/152
f 804/269/152 799/271/362 803/270/152
f 805/277/363 806/278/364 807/279/365
f 808/280/363 809/281/366 806/278/367
f 809/281/366 808/280/363 810/282/368
f 810/282/369 811/152/370 812/283/371
f 813/199/372 814/200/372 815/201/373
f 816/282/374 817/283/375 818/152/376
f 819/281/377 816/282/378 820/280/379
f 820/280/379 821/278/380 819/281/377
f 822/277/379 823/279/381 821/278/382
f 824/33/383 825/211/383 826/211/308
f 824/33/383 826/211/308 827/33/307
f 828/151/384 829/135/385 830/136/384
f 831/150/386 832/168/368 829/135/385
f 832/168/368 831/150/386 833/152/370
f 834/168/378 835/150/387 836/135/388
f 835/150/387 834/168/378 837/152/376
f 836/135/388 838/151/389 839/136/389
f 840/284/390 841/284/391 842/284/392
f 843/285/393 842/284/394 844/286/395
f 845/107/396 843/285/393 844/286/395
f 845/107/396 846/106/397 843/285/393
f 847/161/398 848/197/399 849/163/398
f 849/163/398 850/161/196 847/161/398
f 848/197/399 847/161/398 851/198/399
f 848/197/399 851/198/399 852/199/400
f 853/200/400 852/199/400 851/198/399
f 854/202/373 855/201/401 853/200/372
f 855/201/401 854/202/373 856/203/402
f 856/203/402 857/266/403 855/201/401
f 856/203/402 858/268/404 857/266/403
f 858/268/404 859/267/405 857/266/403
f 859/267/405 858/268/404 860/287/152
f 860/287/152 858/268/404 861/288/152
f 854/202/373 862/289/406 856/203/402
f 854/202/373 863/290/407 862/289/406
f 863/290/407 854/202/373 864/33/408
f 862/289/406 863/290/407 865/291/409
f 865/291/409 863/290/407 866/292/410
f 867/293/411 865/291/409 866/292/410
f 865/291/409 867/293/411 868/294/412
f 869/295/413 861/288/152 870/296/414
f 871/297/415 869/295/413 872/298/414
f 869/295/413 871/297/415 873/299/416
f 874/300/417 875/301/418 876/302/419
f 877/303/420 876/302/419 875/301/418
f 876/302/419 877/303/420 878/304/421
f 879/300/422 875/301/418 880/305/423
f 874/300/417 881/306/424 880/305/425
f 881/306/424 874/300/417 882/307/426
f 882/307/426 883/308/427 881/306/424
f 883/308/427 882/307/426 884/309/428
f 885/310/429 883/308/427 884/309/428
f 886/311/430 885/310/429 884/309/428
f 887/312/431 885/310/429 886/311/430
f 885/310/429 887/312/431 888/313/432
f 888/313/432 887/312/431 889/314/433
f 890/315/434 889/314/433 887/312/431
f 890/315/434 891/316/435 889/314/433
f 891/316/435 890/315/434 892/317/436
f 892/317/436 893/318/437 891/316/435
f 893/318/437 892/317/436 894/319/438
f 895/320/439 893/318/437 894/319/438
f 893/318/437 895/320/439 896/321/440
f 897/301/441 898/300/417 899/305/423
f 900/306/424 901/300/422 899/305/425
f 897/301/418 901/300/422 902/302/442
f 900/306/424 903/307/443 901/300/422
f 902/302/442 904/303/444 897/301/418
f 904/303/444 902/302/442 905/304/445
f 906/308/427 903/307/443 900/306/424
f 906/308/427 907/309/446 903/307/443
f 908/310/429 907/309/446 906/308/427
f 907/309/446 908/310/429 909/311/447
f 908/310/429 910/312/448 909/311/447
f 910/312/448 908/310/429 911/313/432
f 912/314/433 910/312/448 911/313/432
f 912/314/433 913/315/449 910/312/448
f 914/316/450 913/315/449 912/314/433
f 914/316/450 915/317/451 913/315/449
f 916/318/437 915/317/451 914/316/450
f 915/317/451 916/318/437 917/319/452
f 916/318/437 918/320/453 917/319/452
f 918/320/453 916/318/437 919/321/454
f 920/213/152 921/212/455 922/322/152
f 921/212/455 923/323/455 922/322/152
f 924/213/152 925/322/152 926/212/152
f 926/212/152 925/322/152 927/323/152
f 928/324/456 929/325/457 930/326/458
f 929/325/457 931/327/459 930/326/458
f 931/327/459 929/325/457 932/328/460
f 930/326/458 931/327/459 933/329/461
f 933/329/461 931/327/459 934/330/462
f 935/327/463 936/325/464 937/326/465
f 936/325/464 938/324/466 937/326/465
f 936/325/464 935/327/463 939/328/467
f 937/326/465 940/329/468 935/327/463
f 940/329/468 941/330/469 935/327/463
f 942/277/470 943/331/471 944/332/471
f 944/332/471 945/279/381 942/277/470
f 943/331/471 946/333/472 944/332/471
f 943/331/471 947/334/473 946/333/472
f 943/331/471 948/335/472 947/334/473
f 943/331/471 949/336/473 948/335/472
f 949/336/473 950/337/471 948/335/472
f 949/336/473 943/331/471 951/338/474
f 952/336/475 953/335/475 954/337/476
f 952/336/475 955/331/476 953/335/475
f 955/331/476 952/336/475 956/338/475
f 953/335/475 955/331/476 957/334/475
f 957/334/475 955/331/476 958/333/475
f 958/333/475 955/331/476 959/332/477
f 955/331/476 960/277/478 959/332/477
f 961/279/479 959/332/477 960/277/478
f 962/339/480 963/325/481 964/340/482
f 963/325/481 965/341/483 964/340/482
f 966/328/483 965/341/483 963/325/481
f 967/342/484 964/340/482 965/341/483
f 964/340/482 967/342/484 968/343/485
f 968/343/485 962/339/480 964/340/482
f 962/339/480 968/343/485 969/344/486
f 969/344/486 970/345/487 962/339/480
f 970/345/487 969/344/486 971/346/487
f 972/344/488 973/345/487 974/346/487
f 973/345/487 972/344/488 975/339/489
f 976/343/490 975/339/489 972/344/488
f 975/339/489 976/343/490 977/340/491
f 978/342/492 977/340/491 976/343/490
f 975/339/489 977/340/491 979/325/493
f 977/340/491 978/342/492 980/341/492
f 980/341/492 979/325/493 977/340/491
f 979/325/493 980/341/492 981/328/494
f 982/347/495 983/348/496 984/349/497
f 985/350/498 982/347/495 984/349/497
f 983/348/496 982/347/495 986/351/496
f 982/347/495 985/350/498 987/352/499
f 988/353/500 983/348/496 986/351/496
f 989/354/501 987/352/499 985/350/498
f 986/351/496 990/355/502 988/353/500
f 985/350/498 991/356/503 989/354/501
f 992/357/504 988/353/500 990/355/502
f 993/358/505 989/354/501 991/356/503
f 991/356/503 994/359/505 993/358/505
f 995/360/506 993/358/505 994/359/505
f 988/353/500 992/357/504 996/357/504
f 997/361/507 996/357/504 992/357/504
f 996/357/504 997/361/507 998/361/507
f 999/362/508 998/361/507 997/361/507
f 998/361/507 999/362/508 1000/362/508
f 995/360/509 1001/363/510 1002/360/509
f 1001/363/510 995/360/509 1003/363/511
f 1004/364/512 1001/363/510 1003/363/511
f 1000/362/508 1004/364/512 1005/364/513
f 1003/363/511 1005/364/513 1004/364/512
f 1006/364/514 1007/363/515 1008/363/515
f 1007/363/515 1009/360/516 1008/363/515
f 1007/363/515 1006/364/514 1010/364/517
f 1006/364/514 1011/362/518 1010/364/517
f 1011/362/518 1006/364/514 1012/362/518
f 1012/362/518 1013/361/519 1011/362/518
f 1013/361/519 1012/362/518 1014/361/520
f 1014/361/520 1015/357/521 1013/361/519
f 1015/357/521 1014/361/520 1016/357/521
f 1016/357/521 1017/353/522 1015/357/521
f 1017/353/522 1016/357/521 1018/355/523
f 1019/351/524 1017/353/522 1018/355/523
f 1020/348/525 1017/353/522 1019/351/524
f 1019/351/524 1021/347/526 1020/348/525
f 1022/349/527 1020/348/525 1021/347/526
f 1021/347/526 1023/350/528 1022/349/527
f 1023/350/528 1021/347/526 1024/352/529
f 1025/354/530 1023/350/528 1024/352/529
f 1023/350/528 1025/354/530 1026/356/531
f 1027/358/532 1026/356/531 1025/354/530
f 1028/359/533 1026/356/531 1027/358/532
f 1027/358/532 1009/360/534 1028/359/533
f 1009/360/534 1027/358/532 1029/360/534
f 1030/297/535 1031/295/536 1032/299/537
f 1033/288/455 1031/295/536 1034/296/538
f 1035/291/539 1036/293/540 1037/292/541
f 1036/293/540 1035/291/539 1038/294/542
f 1035/291/539 1037/292/541 1039/290/543
f 1040/289/544 1035/291/539 1039/290/543
f 1041/202/250 1040/289/544 1039/290/543
f 1042/33/545 1041/202/250 1039/290/543
f 1040/289/544 1041/202/250 1043/203/546
f 1043/203/546 1044/201/547 1045/266/548
f 1043/203/546 1045/266/548 1046/268/549
f 1047/200/251 1048/199/251 1044/201/250
f 1049/296/538 1046/268/355 1050/288/455
f 1051/287/455 1050/288/455 1046/268/355
f 1046/268/355 1052/267/550 1051/287/455
f 1053/365/455 1051/287/455 1052/267/550
f 1054/361/312 1055/366/312 1056/362/312
f 1055/366/312 1057/367/312 1056/362/312
f 1058/361/312 1059/362/312 1060/361/312
f 1061/368/312 1059/362/312 1062/367/312
f 1060/361/312 1063/357/312 1064/369/312
f 1065/361/383 1066/357/383 1067/357/383
f 1067/357/383 1066/357/383 1068/370/383
f 1069/371/383 1067/357/383 1068/370/383
f 1070/357/383 1071/361/383 1072/369/383
f 1071/361/383 1073/362/383 1074/361/383
f 1075/366/383 1074/361/383 1073/362/383
f 1076/367/383 1073/362/383 1077/368/383
f 1078/363/383 1079/364/383 1080/372/383
f 1081/364/383 1082/363/383 1083/364/383
f 1084/363/383 1085/360/383 1082/363/383
f 1084/363/383 1086/363/383 1085/360/383
f 1087/367/383 1088/366/383 1089/362/383
f 1090/363/312 1091/360/312 1092/363/312
f 1092/363/312 1091/360/312 1093/363/312
f 1094/364/312 1095/363/312 1096/372/312
f 1095/363/312 1094/364/312 1097/364/312
f 1098/357/312 1099/357/312 1100/312/312
f 1101/353/312 1098/357/312 1102/373/312
f 1102/373/312 1103/374/312 1104/374/312
f 1105/374/312 1104/374/312 1103/374/312
f 1106/374/312 1104/374/312 1105/374/312
f 1106/374/312 1105/374/312 1107/375/312
f 1108/357/312 1109/370/312 1110/357/312
f 1108/357/312 1111/371/312 1109/370/312
f 1110/357/312 1112/361/312 1108/357/312
f 1113/374/312 1114/373/312 1115/357/312
f 1116/353/312 1114/373/312 1117/371/312
f 1117/371/312 1118/357/312 1116/353/312
f 1115/357/312 1116/353/312 1119/357/312
f 1120/312/312 1119/357/312 1121/376/312
f 1121/376/312 1122/311/312 1120/312/312
f 1123/377/312 1122/311/312 1124/311/312
f 1122/311/312 1123/377/312 1125/309/312
f 1126/378/312 1125/309/312 1123/377/312
f 1126/378/312 1127/379/312 1128/380/312
f 1129/311/312 1130/376/312 1131/311/312
f 1132/381/312 1133/378/312 1134/380/312
f 1133/378/312 1132/381/312 1135/309/312
f 1135/309/312 1132/381/312 1136/307/312
f 1137/382/312 1136/307/312 1138/383/312
f 1139/379/312 1133/378/312 1140/384/312
f 1140/384/312 1141/385/312 1139/379/312
f 1136/307/312 1142/386/312 1143/300/312
f 1143/300/312 1142/386/312 1144/302/312
f 1142/386/312 1145/387/312 1144/302/312
f 1145/387/312 1146/304/312 1144/302/312
f 1145/387/312 1147/387/312 1148/388/312
f 1149/387/312 1150/388/312 1151/304/312
f 1152/386/312 1153/307/312 1154/382/312
f 1155/383/312 1153/307/312 1156/381/312
f 1157/375/383 1158/374/383 1159/374/383
f 1160/374/383 1159/374/383 1158/374/383
f 1160/374/383 1158/374/383 1161/374/383
f 1162/357/383 1163/373/383 1161/374/383
f 1164/353/383 1165/371/383 1163/373/383
f 1164/353/383 1166/357/383 1165/371/383
f 1164/353/383 1162/357/383 1167/357/383
f 1167/357/383 1168/312/383 1169/376/383
f 1170/311/383 1169/376/383 1168/312/383
f 1169/376/383 1170/311/383 1171/311/383
f 1172/309/383 1173/377/383 1170/311/383
f 1173/377/383 1172/309/383 1174/378/383
f 1175/381/383 1174/378/383 1172/309/383
f 1175/381/383 1176/307/383 1177/383/383
f 1178/382/383 1176/307/383 1179/386/383
f 1180/379/383 1174/378/383 1181/380/383
f 1174/378/383 1180/379/383 1182/384/383
f 1180/379/383 1183/385/383 1182/384/383
f 1184/386/383 1185/302/383 1186/387/383
f 1186/387/383 1185/302/383 1187/304/383
f 1185/302/383 1184/386/383 1188/300/383
f 1184/386/383 1189/307/383 1188/300/383
f 1190/387/383 1186/387/383 1191/388/383
f 1189/307/383 1192/382/383 1193/383/383
f 1189/307/383 1194/381/383 1195/309/383
f 1196/378/383 1194/381/383 1197/380/383
f 1198/312/383 1199/357/383 1200/357/383
f 1201/373/383 1200/357/383 1202/353/383
f 1203/374/383 1201/373/383 1204/374/383
f 1205/387/383 1206/304/383 1207/388/383
f 1208/311/383 1209/377/383 1210/311/383
f 1211/268/404 1212/296/414 1213/288/152
f 1214/267/405 1215/287/152 1216/365/152
f 1217/295/536 1218/297/551 1219/298/538
f 1220/196/552 1221/196/552 1222/389/552
f 1223/196/553 1224/389/553 1225/196/553
f 1226/390/554 1227/391/555 1228/392/554
f 1227/391/555 1226/390/554 1229/393/555
f 1226/390/554 1228/392/554 1230/394/556
f 1230/394/556 1231/395/557 1226/390/554
f 1232/394/558 1233/390/559 1234/395/560
f 1233/390/559 1232/394/558 1235/392/559
f 1236/391/561 1233/390/559 1235/392/559
f 1233/390/559 1236/391/561 1237/393/561
f 1238/364/562 1239/362/508 1240/362/508
f 1241/396/563 1242/323/564 1243/322/563
f 1242/323/564 1241/396/563 1244/397/565
f 1245/323/566 1246/396/563 1247/322/563
f 1246/396/563 1245/323/566 1248/397/563
f 1249/398/567 1250/242/568 1251/399/569
f 1252/31/570 1253/398/570 1249/398/567
f 1253/398/570 1252/31/570 1254/31/570
f 1255/398/571 1256/399/572 1257/242/573
f 1258/153/574 1259/138/575 1260/137/574
f 1259/138/575 1258/153/574 1261/151/575
f 1260/137/574 1262/154/576 1258/153/574
f 1262/154/576 1260/137/574 1263/139/576
f 1264/135/386 1261/151/384 1265/150/386
f 1266/153/577 1267/138/578 1268/151/578
f 1268/151/389 1269/135/387 1270/150/387
f 1267/138/578 1266/153/577 1271/137/577
f 1272/154/576 1271/137/577 1266/153/577
f 1271/137/577 1272/154/576 1273/139/576
f 1274/400/312 1275/401/312 1276/402/312
f 1274/400/312 1276/402/312 1277/403/312
f 1275/401/312 1274/400/312 1278/404/312
f 1274/400/312 1279/405/312 1278/404/312
f 1279/405/312 1280/406/312 1278/404/312
f 1281/407/312 1278/404/312 1280/406/312
f 1282/408/383 1283/409/383 1284/410/383
f 1285/411/383 1282/408/383 1284/410/383
f 1282/408/383 1285/411/383 1286/412/383
f 1287/413/383 1285/411/383 1284/410/383
f 1285/411/383 1287/413/383 1288/414/383
f 1287/413/383 1289/415/383 1288/414/383
f 1290/416/383 1289/415/383 1287/413/383
f 1289/415/383 1290/416/383 1291/417/383
f 1291/417/383 1290/416/383 1292/418/383
f 1293/419/383 1294/410/383 1295/409/383
f 1296/406/383 1297/404/383 1298/407/383
f 1297/404/383 1296/406/383 1299/405/383
f 1300/400/383 1297/404/383 1299/405/383
f 1297/404/383 1300/400/383 1301/401/383
f 1301/401/383 1300/400/383 1302/402/383
f 1302/402/383 1300/400/383 1303/403/383
f 1304/408/312 1305/411/312 1306/410/312
f 1307/409/312 1304/408/312 1306/410/312
f 1305/411/312 1304/408/312 1308/412/312
f 1305/411/312 1309/413/312 1306/410/312
f 1309/413/312 1305/411/312 1310/414/312
f 1311/415/312 1309/413/312 1310/414/312
f 1309/413/312 1311/415/312 1312/416/312
f 1313/417/312 1312/416/312 1311/415/312
f 1312/416/312 1313/417/312 1314/418/312
f 1315/410/312 1316/419/312 1317/409/312
f 1318/420/579 1319/397/580 1320/421/581
f 1321/422/581 1319/397/580 1318/420/579
f 1319/397/580 1321/422/581 1322/423/582
f 1319/397/580 1323/396/583 1320/421/581
f 1320/421/581 1323/396/583 1324/424/584
f 1325/397/585 1326/420/586 1327/421/583
f 1326/420/586 1325/397/585 1328/422/583
f 1328/422/583 1325/397/585 1329/423/585
f 1330/396/583 1325/397/585 1327/421/583
f 1330/396/583 1327/421/583 1331/424/583
f 1332/425/587 1333/426/588 1334/427/589
f 1334/427/589 1335/428/589 1332/425/587
f 1333/426/588 1332/425/587 1336/429/590
f 1336/429/590 1337/430/591 1333/426/588
f 1338/431/592 1339/432/593 1340/433/594
f 1339/432/593 1341/434/568 1340/433/594
f 1340/433/594 1342/435/595 1338/431/592
f 1342/435/595 1340/433/594 1343/436/595
f 1342/435/595 1343/436/595 1344/437/596
f 1344/437/596 1345/438/597 1342/435/595
f 1345/438/597 1344/437/596 1346/439/598
f 1346/439/598 1347/440/599 1345/438/597
f 1348/441/600 1347/440/599 1346/439/598
f 1348/441/600 1349/442/601 1347/440/599
f 1350/431/602 1351/433/603 1352/432/604
f 1352/432/604 1351/433/603 1353/434/573
f 1354/435/605 1351/433/603 1350/431/602
f 1351/433/603 1354/435/605 1355/436/605
f 1354/435/605 1356/437/606 1355/436/605
f 1357/438/607 1356/437/606 1354/435/605
f 1357/438/607 1358/439/608 1356/437/606
f 1359/440/609 1358/439/608 1357/438/607
f 1359/440/609 1360/441/610 1358/439/608
f 1360/441/610 1359/440/609 1361/442/611
f 1362/443/612 1363/444/329 1364/445/613
f 1363/444/329 1362/443/612 1365/446/614
f 1366/443/615 1367/444/616 1368/446/617
f 1367/444/616 1366/443/615 1369/445/330
f 1370/447/618 1371/448/314 1372/449/619
f 1372/449/619 1371/448/314 1373/450/620
f 1374/449/621 1375/448/622 1376/447/623
f 1375/448/622 1374/449/621 1377/450/331
f 1378/451/129 1379/452/624 1380/453/625
f 1379/452/624 1378/451/129 1381/454/626
f 1379/452/624 1381/454/626 1382/455/627
f 1379/452/624 1382/455/627 1383/456/627
f 1380/453/625 1384/457/628 1378/451/129
f 1384/457/628 1380/453/625 1385/458/340
f 1386/459/629 1385/458/340 1380/453/625
f 1387/451/129 1388/452/624 1389/454/624
f 1389/454/624 1388/452/624 1390/455/630
f 1391/456/631 1390/455/630 1388/452/624
f 1388/452/624 1387/451/129 1392/453/625
f 1393/457/632 1392/453/625 1387/451/129
f 1394/458/322 1392/453/625 1393/457/632
f 1394/458/322 1395/459/633 1392/453/625
f 1396/460/634 1397/460/635 1398/460/636
f 1397/460/635 1396/460/634 1399/460/637
f 1400/460/638 1397/460/635 1399/460/637
f 1397/460/635 1400/460/638 1401/461/638
f 1400/460/638 1402/462/639 1401/461/638
f 1402/462/639 1400/460/638 1403/463/639
f 1404/464/640 1402/462/639 1403/463/639
f 1402/462/639 1404/464/640 1405/465/641
f 1406/466/642 1405/465/641 1404/464/640
f 1405/465/641 1406/466/642 1407/466/642
f 1406/466/642 1408/467/643 1407/466/642
f 1409/468/644 1410/222/645 1411/469/646
f 1412/224/647 1411/469/646 1410/222/645
f 1411/469/646 1412/224/647 1413/470/647
f 1414/471/648 1413/470/647 1412/224/647
f 1413/470/647 1414/471/648 1415/472/648
f 1415/472/648 1414/471/648 1416/473/649
f 1416/473/649 1417/474/649 1415/472/648
f 1417/474/649 1416/473/649 1418/475/650
f 1418/475/650 1419/476/650 1417/474/649
f 1419/476/650 1418/475/650 1420/477/651
f 1420/477/651 1421/478/652 1419/476/650
f 1422/478/653 1420/477/572 1423/398/654
f 1423/398/654 1424/31/655 1422/478/653
f 1425/398/655 1424/31/655 1423/398/654
f 1424/31/655 1425/398/655 1426/31/655
f 1427/479/656 1428/480/656 1429/481/656
f 1430/482/656 1429/481/656 1428/480/656
f 1429/481/656 1431/483/656 1427/479/656
f 1432/480/657 1433/479/657 1434/481/657
f 1435/483/657 1434/481/657 1433/479/657
f 1432/480/657 1434/481/657 1436/482/657
f 1437/466/658 1438/465/659 1439/466/658
f 1440/467/660 1437/466/658 1439/466/658
f 1440/467/660 1441/467/661 1437/466/658
f 1438/465/659 1437/466/658 1442/464/662
f 1442/464/662 1443/462/663 1438/465/659
f 1443/462/663 1442/464/662 1444/463/663
f 1443/462/663 1444/463/663 1445/460/664
f 1443/462/663 1445/460/664 1446/461/664
f 1445/460/664 1447/460/665 1446/461/664
f 1447/460/665 1445/460/664 1448/460/666
f 1449/460/667 1447/460/665 1448/460/666
f 1449/460/667 1450/460/668 1447/460/665
f 1451/284/669 1452/284/670 1453/284/671
f 1452/284/670 1451/284/669 1454/284/672
f 1454/284/672 1455/284/673 1452/284/670
f 1453/284/671 1456/284/674 1451/284/669
f 1456/284/674 1453/284/671 1457/284/675
f 1458/284/676 1456/284/674 1457/284/675
f 1457/284/675 1459/284/676 1458/284/676
f 1455/284/677 1460/285/678 1461/286/679
f 1461/286/679 1460/285/678 1462/107/680
f 1463/106/681 1462/107/680 1460/285/678
f 1463/106/681 1464/105/682 1462/107/680
f 1464/105/682 1463/106/681 1465/105/682
f 1466/426/683 1467/425/684 1468/427/685
f 1467/425/684 1469/428/685 1468/427/685
f 1467/425/684 1466/426/683 1470/429/686
f 1470/429/686 1466/426/683 1471/430/687
f 1468/427/685 1472/484/688 1466/426/683
f 1473/485/689 1472/484/688 1468/427/685
f 1472/484/688 1473/485/689 1474/486/690
f 1473/485/689 1475/487/689 1474/486/690
f 1476/488/691 1475/487/689 1473/485/689
f 1475/487/689 1476/488/691 1477/489/692
f 1476/488/691 1478/490/693 1477/489/692
f 1478/490/693 1476/488/691 1479/491/694
f 1478/490/693 1479/491/694 1480/492/695
f 1479/491/694 1476/488/691 1481/493/696
f 1480/492/695 1479/491/694 1482/494/697
f 1483/495/698 1482/494/697 1479/491/694
f 1482/494/697 1483/495/698 1484/496/699
f 1483/495/698 1485/497/700 1484/496/699
f 1485/497/700 1483/495/698 1486/498/701
f 1485/497/700 1486/498/701 1487/499/702
f 1487/499/702 1486/498/701 1488/500/687
f 1481/493/696 1489/501/703 1479/491/694
f 1490/502/703 1489/501/703 1481/493/696
f 1490/502/703 1481/493/696 1491/503/704
f 1490/502/703 1492/504/705 1489/501/703
f 1492/504/705 1490/502/703 1493/505/706
f 1492/504/705 1494/506/705 1489/501/703
f 1494/506/705 1492/504/705 1495/507/707
f 1495/507/707 1496/508/708 1494/506/705
f 1497/509/709 1496/508/708 1495/507/707
f 1496/508/708 1497/509/709 1498/510/709
f 1496/508/708 1498/510/709 1499/511/710
f 1499/511/710 1498/510/709 1500/512/710
f 1500/512/710 1498/510/709 1501/513/711
f 1502/514/712 1498/510/709 1497/509/709
f 1498/510/709 1502/514/712 1503/515/712
f 1504/516/429 1503/515/712 1502/514/712
f 1503/515/712 1504/516/429 1505/517/713
f 1506/363/714 1507/360/516 1508/360/516
f 1509/518/715 1510/43/715 1511/43/715
f 1512/43/716 1513/518/716 1514/518/716
f 1513/518/716 1512/43/716 1515/43/717
f 1516/285/718 1517/284/719 1518/519/719
f 1517/284/719 1519/284/720 1518/519/719
f 1520/467/721 1521/466/722 1522/467/721
f 1523/284/723 1524/284/724 1525/284/723
f 1525/284/723 1524/284/724 1526/284/725
f 1526/284/725 1524/284/724 1527/284/726
f 1526/284/725 1527/284/726 1528/284/727
f 1528/284/727 1527/284/726 1529/284/728
f 1528/284/727 1529/284/728 1530/284/729
f 1530/284/390 1531/284/730 1532/519/394
f 1531/284/730 1533/285/731 1532/519/394
f 1534/497/732 1535/495/733 1536/496/734
f 1535/495/733 1537/494/735 1536/496/734
f 1535/495/733 1534/497/732 1538/498/736
f 1534/497/732 1539/499/590 1538/498/736
f 1539/499/590 1540/500/737 1538/498/736
f 1537/494/735 1535/495/733 1541/491/738
f 1541/491/738 1542/492/739 1537/494/735
f 1541/491/738 1543/490/740 1542/492/739
f 1544/488/738 1543/490/740 1541/491/738
f 1543/490/740 1544/488/738 1545/489/741
f 1545/489/741 1544/488/738 1546/487/742
f 1544/488/738 1541/491/738 1547/493/743
f 1546/487/742 1544/488/738 1548/485/742
f 1546/487/742 1548/485/742 1549/486/744
f 1549/486/744 1548/485/742 1550/484/744
f 1334/427/589 1550/484/744 1548/485/742
f 1551/501/745 1547/493/743 1541/491/738
f 1550/484/744 1334/427/589 1333/426/588
f 1551/501/745 1552/502/745 1547/493/743
f 1553/503/743 1547/493/743 1552/502/745
f 1552/502/745 1551/501/745 1554/504/746
f 1554/504/746 1555/505/747 1552/502/745
f 1556/506/746 1554/504/746 1551/501/745
f 1554/504/746 1556/506/746 1557/507/748
f 1558/508/749 1557/507/748 1556/506/746
f 1558/508/749 1559/509/750 1557/507/748
f 1560/510/750 1559/509/750 1558/508/749
f 1561/511/751 1560/510/750 1558/508/749
f 1560/510/750 1561/511/751 1562/512/751
f 1560/510/750 1562/512/751 1563/513/752
f 1560/510/750 1564/514/753 1559/509/750
f 1564/514/753 1560/510/750 1565/515/754
f 1565/515/754 1566/516/755 1564/514/753
f 1566/516/755 1565/515/754 1567/517/429
f 1568/358/756 1569/360/506 1570/360/506
f 1571/518/716 1572/520/757 1573/521/758
f 1574/45/759 1572/520/757 1571/518/716
f 1574/45/759 1571/518/716 1575/43/716
f 1576/109/757 1574/45/760 1577/522/761
f 1577/522/761 1578/523/762 1576/109/757
f 1578/523/762 1577/522/761 1579/524/763
f 1579/524/763 1580/525/764 1578/523/762
f 1580/525/764 1579/524/763 1581/526/765
f 1580/525/764 1581/526/765 1582/108/766
f 1583/527/767 1582/108/766 1581/526/765
f 1582/108/766 1583/527/767 1584/84/768
f 1584/84/768 1583/527/767 1585/468/769
f 1584/84/768 1585/468/769 1586/86/770
f 1585/468/769 1587/528/771 1586/86/770
f 1586/86/770 1587/528/771 1588/529/771
f 1587/528/771 1585/468/769 1589/530/771
f 1586/86/770 1588/529/771 1590/531/771
f 1585/468/769 1591/532/772 1589/530/771
f 1592/533/773 1586/86/770 1590/531/771
f 1585/468/769 1593/222/774 1591/532/772
f 1590/531/771 1594/534/775 1592/533/773
f 1592/533/773 1594/534/775 1595/535/776
f 1592/533/773 1595/535/776 1596/536/777
f 1593/222/774 1585/468/769 1597/469/778
f 1597/469/778 1598/224/779 1593/222/774
f 1598/224/779 1597/469/778 1599/470/779
f 1599/470/779 1600/471/780 1598/224/779
f 1600/471/780 1599/470/779 1601/472/780
f 1601/472/780 1602/473/781 1600/471/780
f 1603/474/781 1602/473/781 1601/472/780
f 1603/474/781 1604/475/782 1602/473/781
f 1605/476/782 1604/475/782 1603/474/781
f 1605/476/782 1606/477/783 1604/475/782
f 1607/478/784 1606/477/783 1605/476/782
f 1606/477/569 1608/478/784 1609/398/567
f 1610/31/570 1609/398/567 1608/478/784
f 1611/527/785 1612/84/786 1409/468/644
f 1611/527/785 1613/108/787 1612/84/786
f 1613/108/787 1611/527/785 1614/526/788
f 1613/108/787 1614/526/788 1615/525/789
f 1616/524/790 1615/525/789 1614/526/788
f 1616/524/790 1617/523/791 1615/525/789
f 1618/522/792 1617/523/791 1616/524/790
f 1618/522/792 1619/109/793 1617/523/791
f 1620/45/794 1619/109/793 1618/522/792
f 1621/518/795 1620/45/796 1622/43/795
f 1623/520/793 1620/45/796 1621/518/795
f 1621/518/795 1624/521/797 1623/520/793
f 1625/43/795 1626/518/795 1621/518/795
f 1409/468/644 1612/84/786 1627/86/644
f 1628/528/798 1409/468/644 1627/86/644
f 1628/528/798 1627/86/644 1629/529/798
f 1409/468/644 1628/528/798 1630/530/798
f 1631/531/798 1629/529/798 1627/86/644
f 1632/532/798 1409/468/644 1630/530/798
f 1633/533/799 1631/531/798 1627/86/644
f 1410/222/645 1409/468/644 1632/532/798
f 1631/531/798 1633/533/799 1634/534/800
f 1634/534/800 1633/533/799 1635/535/801
f 1636/536/802 1635/535/801 1633/533/799
f 1637/388/803 1638/537/804 1639/387/804
f 1640/537/805 1641/388/806 1642/387/805
f 1643/538/807 1644/304/808 904/303/809
f 1644/304/808 1643/538/807 1645/388/810
f 1646/537/811 1645/388/810 1643/538/807
f 1646/537/811 1643/538/807 1647/539/812
f 1648/388/813 1649/537/814 1650/538/807
f 1650/538/807 1649/537/814 1651/539/812
f 1650/538/807 1652/304/815 1648/388/813
f 1652/304/815 1650/538/807 877/303/816
f 1653/540/617 1654/541/817 1655/542/612
f 1654/541/817 1653/540/617 1656/543/818
f 1657/544/33 1654/541/817 1656/543/818
f 1658/541/818 1659/540/617 1660/542/612
f 1659/540/617 1658/541/818 1661/543/817
f 1658/541/818 1662/544/33 1661/543/817
f 1663/545/819 1664/546/820 1665/547/819
f 1664/546/820 1663/545/819 1666/548/820
f 1667/549/33 1664/546/820 1666/548/820
f 1664/546/820 1667/549/33 1668/550/631
f 1668/550/631 1667/549/33 1669/551/33
f 1668/550/631 1669/551/33 1670/552/33
f 1668/550/631 1670/552/33 1671/553/33
f 1672/554/33 1668/550/631 1671/553/33
f 1673/555/33 1668/550/631 1672/554/33
f 1668/550/631 1673/555/33 1674/556/627
f 1674/556/627 1673/555/33 1675/557/33
f 1676/558/33 1674/556/630 1677/559/33
f 1678/558/33 1679/560/33 1677/559/33
f 1674/556/630 1676/558/33 1680/557/33
f 1680/557/33 1676/558/33 1681/544/33
f 1681/544/33 1682/541/818 1680/557/33
f 1683/545/821 1684/547/822 1685/546/823
f 1685/546/823 1686/548/823 1683/545/821
f 1685/546/823 1687/549/33 1686/548/823
f 1688/550/627 1687/549/33 1685/546/823
f 1687/549/33 1688/550/627 1689/551/33
f 1689/551/33 1688/550/627 1690/552/33
f 1690/552/33 1688/550/627 1691/553/33
f 1691/553/33 1688/550/627 1692/554/33
f 1688/550/627 1693/555/33 1692/554/33
f 1693/555/33 1688/550/627 1694/556/627
f 1693/555/33 1694/556/627 1695/557/33
f 1694/556/627 1696/558/33 1697/559/33
f 1698/560/33 1699/558/33 1697/559/33
f 1696/558/33 1694/556/627 1700/557/33
f 1700/557/33 1701/544/33 1696/558/33
f 1700/557/33 1702/541/817 1701/544/33
f 1703/211/824 1704/561/825 1705/562/824
f 1704/561/825 1703/211/824 1706/563/824
f 1707/211/826 1708/561/827 1709/563/827
f 1708/561/827 1707/211/826 1710/562/827
f 1711/205/50 1712/564/50 1713/225/50
f 1712/564/50 1714/211/50 1713/225/50
f 1714/211/50 1712/564/50 1715/211/50
f 1716/211/50 1717/211/50 1715/211/50
f 1718/211/50 1719/564/50 1720/211/50
f 1721/565/50 1719/564/50 1722/205/50
f 1723/211/50 1724/211/50 1725/564/828
f 1725/564/828 1726/211/50 1723/211/50
f 1726/211/50 1725/564/828 1727/225/50
f 1727/225/50 1725/564/828 1728/205/50
f 1728/205/50 1725/564/828 1729/565/50
f 1730/211/50 1731/211/50 1732/211/50
f 1733/147/829 1738/147/829 1734/147/829
f 1733/147/830 1737/147/830 1738/147/830
f 1734/147/831 1739/147/831 1735/147/831
f 1734/147/831 1738/147/831 1739/147/831
f 1735/147/832 1740/147/832 1736/147/832
f 1735/147/833 1739/147/833 1740/147/833
f 1736/147/834 1737/147/834 1733/147/834
f 1736/147/834 1740/147/835 1737/147/835
f 1737/147/836 1742/147/836 1738/147/836
f 1737/147/837 1741/147/837 1742/147/837
f 1738/147/831 1743/147/838 1739/147/831
f 1738/147/831 1742/147/838 1743/147/838
f 1739/147/839 1744/147/839 1740/147/839
f 1739/147/840 1743/147/840 1744/147/840
f 1740/147/835 1741/147/841 1737/147/835
f 1740/147/835 1744/147/841 1741/147/841
f 1741/147/842 1746/147/842 1742/147/842
f 1741/147/843 1745/147/843 1746/147/843
f 1742/147/838 1747/147/838 1743/147/838
f 1742/147/838 1746/147/838 1747/147/838
f 1743/147/844 1748/147/844 1744/147/844
f 1743/147/845 1747/147/845 1748/147/845
f 1744/147/841 1745/147/841 1741/147/841
f 1744/147/841 1748/147/841 1745/147/841
f 1745/147/846 1750/147/846 1746/147/846
f 1745/147/847 1749/147/847 1750/147/847
f 1746/147/838 1751/147/831 1747/147/838
f 1746/147/838 1750/147/831 1751/147/831
f 1747/147/848 1752/147/848 1748/147/848
f 1747/147/849 1751/147/849 1752/147/849
f 1748/147/841 1749/147/841 1745/147/841
f 1748/147/841 1752/147/841 1749/147/841
f 1749/147/850 1754/147/850 1750/147/850
f 1749/147/851 1753/147/851 1754/147/851
f 1750/147/831 1755/147/831 1751/147/831
f 1750/147/831 1754/147/831 1755/147/831
f 1751/147/852 1756/147/852 1752/147/852
f 1751/147/853 1755/147/853 1756/147/853
f 1752/147/841 1753/147/841 1749/147/841
f 1752/147/841 1756/147/841 1753/147/841
f 1753/147/854 1758/147/854 1754/147/854
f 1753/147/855 1757/147/855 1758/147/855
f 1754/147/831 1759/147/856 1755/147/831
f 1754/147/831 1758/147/856 1759/147/856
f 1755/147/857 1760/147/857 1756/147/857
f 1755/147/858 1759/147/858 1760/147/858
f 1756/147/841 1757/147/841 1753/147/841
f 1756/147/841 1760/147/841 1757/147/841
f 1757/147/859 1762/147/859 1758/147/859
f 1757/147/860 1761/147/860 1762/147/860
f 1758/147/856 1763/147/856 1759/147/856
f 1758/147/856 1762/147/856 1763/147/856
f 1759/147/861 1764/147/861 1760/147/861
f 1759/147/862 1763/147/862 1764/147/862
f 1760/147/841 1761/147/835 1757/147/841
f 1760/147/841 1764/147/835 1761/147/835
f 1761/147/863 1766/147/863 1762/147/863
f 1761/147/864 1765/147/864 1766/147/864
f 1762/147/856 1767/147/831 1763/147/856
f 1762/147/856 1766/147/831 1767/147/831
f 1763/147/865 1768/147/865 1764/147/865
f 1763/147/866 1767/147/866 1768/147/866
f 1764/147/835 1765/147/835 1761/147/835
f 1764/147/835 1768/147/835 1765/147/835
f 1765/147/867 1770/147/867 1766/147/867
f 1765/147/868 1769/147/868 1770/147/868
f 1766/147/831 1771/147/831 1767/147/831
f 1766/147/831 1770/147/831 1771/147/831
f 1767/147/869 1772/147/869 1768/147/869
f 1767/147/870 1771/147/870 1772/147/870
f 1768/147/835 1769/147/871 1765/147/835
f 1768/147/835 1772/147/841 1769/147/871
f 1769/147/872 1774/147/872 1770/147/872
f 1769/147/873 1773/147/873 1774/147/873
f 1770/147/831 1775/147/831 1771/147/831
f 1770/147/831 1774/147/831 1775/147/831
f 1771/147/874 1776/147/874 1772/147/874
f 1771/147/875 1775/147/875 1776/147/875
f 1772/147/841 1773/147/871 1769/147/871
f 1772/147/871 1776/147/871 1773/147/871
f 1733/147/876 1735/147/876 1734/147/876
f 1733/147/876 1736/147/876 1735/147/876
f 1776/147/877 1774/147/877 1775/147/877
f 1776/147/877 1773/147/877 1774/147/877
f 1777/147/878 1782/147/878 1778/147/878
f 1777/147/879 1781/147/880 1782/147/880
f 1778/147/881 1783/147/881 1779/147/881
f 1778/147/881 1782/147/881 1783/147/882
f 1779/147/883 1784/147/883 1780/147/883
f 1779/147/883 1783/147/884 1784/147/884
f 1780/147/885 1781/147/885 1777/147/885
f 1780/147/885 1784/147/886 1781/147/886
f 1781/147/880 1786/147/880 1782/147/880
f 1781/147/880 1785/147/887 1786/147/880
f 1782/147/881 1787/147/881 1783/147/882
f 1782/147/881 1786/147/882 1787/147/881
f 1783/147/884 1788/147/884 1784/147/884
f 1783/147/884 1787/147/888 1788/147/884
f 1784/147/886 1785/147/885 1781/147/886
f 1784/147/886 1788/147/885 1785/147/885
f 1785/147/887 1790/147/887 1786/147/880
f 1785/147/889 1789/147/889 1790/147/889
f 1786/147/882 1791/147/881 1787/147/881
f 1786/147/882 1790/147/881 1791/147/881
f 1787/147/890 1792/147/890 1788/147/890
f 1787/147/891 1791/147/891 1792/147/891
f 1788/147/885 1789/147/885 1785/147/885
f 1788/147/885 1792/147/885 1789/147/885
f 1789/147/892 1794/147/892 1790/147/892
f 1789/147/893 1793/147/893 1794/147/893
f 1790/147/881 1795/147/881 1791/147/881
f 1790/147/881 1794/147/881 1795/147/881
f 1791/147/894 1796/147/894 1792/147/894
f 1791/147/895 1795/147/895 1796/147/895
f 1792/147/885 1793/147/886 1789/147/885
f 1792/147/885 1796/147/886 1793/147/886
f 1793/147/896 1798/147/896 1794/147/896
f 1793/147/897 1797/147/897 1798/147/897
f 1794/147/881 1799/147/898 1795/147/881
f 1794/147/881 1798/147/898 1799/147/898
f 1795/147/899 1800/147/899 1796/147/899
f 1795/147/900 1799/147/900 1800/147/900
f 1796/147/886 1797/147/885 1793/147/886
f 1796/147/886 1800/147/885 1797/147/885
f 1797/147/901 1802/147/901 1798/147/901
f 1797/147/902 1801/147/903 1802/147/903
f 1798/147/898 1803/147/882 1799/147/898
f 1798/147/898 1802/147/881 1803/147/882
f 1799/147/904 1804/147/904 1800/147/904
f 1799/147/905 1803/147/905 1804/147/905
f 1800/147/885 1801/147/885 1797/147/885
f 1800/147/885 1804/147/885 1801/147/885
f 1801/147/903 1806/147/906 1802/147/903
f 1801/147/903 1805/147/906 1806/147/906
f 1802/147/881 1807/147/881 1803/147/882
f 1802/147/881 1806/147/881 1807/147/881
f 1803/147/907 1808/147/907 1804/147/907
f 1803/147/907 1807/147/907 1808/147/907
f 1804/147/885 1805/147/885 1801/147/885
f 1804/147/885 1808/147/885 1805/147/885
f 1805/147/906 1810/147/908 1806/147/906
f 1805/147/906 1809/147/906 1810/147/908
f 1806/147/881 1811/147/881 1807/147/881
f 1806/147/881 1810/147/882 1811/147/881
f 1807/147/907 1812/147/907 1808/147/907
f 1807/147/907 1811/147/907 1812/147/907
f 1808/147/885 1809/147/886 1805/147/885
f 1808/147/885 1812/147/886 1809/147/886
f 1809/147/906 1814/147/906 1810/147/908
f 1809/147/906 1813/147/906 1814/147/906
f 1810/147/882 1815/147/882 1811/147/881
f 1810/147/882 1814/147/882 1815/147/882
f 1811/147/907 1816/147/907 1812/147/907
f 1811/147/907 1815/147/907 1816/147/907
f 1812/147/886 1813/147/885 1809/147/886
f 1812/147/886 1816/147/885 1813/147/885
f 1813/147/906 1818/147/906 1814/147/906
f 1813/147/906 1817/147/906 1818/147/906
f 1814/147/882 1819/147/881 1815/147/882
f 1814/147/881 1818/147/881 1819/147/881
f 1815/147/907 1820/147/907 1816/147/907
f 1815/147/907 1819/147/907 1820/147/907
f 1816/147/885 1817/147/885 1813/147/885
f 1816/147/885 1820/147/885 1817/147/885
f 1777/147/909 1779/147/909 1778/147/909
f 1777/147/909 1780/147/909 1779/147/909
f 1820/147/910 1818/147/910 1819/147/910
f 1820/147/910 1817/147/910 1818/147/910
f 1821/147/911 1826/147/911 1822/147/911
f 1821/147/912 1825/147/912 1826/147/912
f 1822/147/913 1827/147/913 1823/147/913
f 1822/147/913 1826/147/913 1827/147/914
f 1823/147/915 1828/147/915 1824/147/915
f 1823/147/916 1827/147/916 1828/147/916
f 1824/147/917 1825/147/917 1821/147/917
f 1824/147/917 1828/147/917 1825/147/917
f 1825/147/918 1830/147/918 1826/147/918
f 1825/147/919 1829/147/919 1830/147/919
f 1826/147/913 1831/147/920 1827/147/914
f 1826/147/913 1830/147/913 1831/147/920
f 1827/147/921 1832/147/921 1828/147/921
f 1827/147/922 1831/147/922 1832/147/922
f 1828/147/917 1829/147/923 1825/147/917
f 1828/147/917 1832/147/923 1829/147/923
f 1829/147/924 1834/147/924 1830/147/924
f 1829/147/925 1833/147/925 1834/147/925
f 1830/147/913 1835/147/913 1831/147/920
f 1830/147/913 1834/147/913 1835/147/913
f 1831/147/926 1836/147/926 1832/147/926
f 1831/147/927 1835/147/927 1836/147/927
f 1832/147/923 1833/147/917 1829/147/923
f 1832/147/923 1836/147/917 1833/147/917
f 1833/147/928 1838/147/928 1834/147/928
f 1833/147/929 1837/147/929 1838/147/929
f 1834/147/913 1839/147/913 1835/147/913
f 1834/147/913 1838/147/914 1839/147/913
f 1835/147/930 1840/147/930 1836/147/930
f 1835/147/907 1839/147/907 1840/147/907
f 1836/147/917 1837/147/917 1833/147/917
f 1836/147/917 1840/147/917 1837/147/917
f 1837/147/906 1842/147/906 1838/147/906
f 1837/147/906 1841/147/906 1842/147/906
f 1838/147/914 1843/147/914 1839/147/913
f 1838/147/914 1842/147/913 1843/147/914
f 1839/147/907 1844/147/907 1840/147/907
f 1839/147/907 1843/147/907 1844/147/907
f 1840/147/917 1841/147/917 1837/147/917
f 1840/147/917 1844/147/917 1841/147/917
f 1841/147/906 1846/147/906 1842/147/906
f 1841/147/906 1845/147/906 1846/147/906
f 1842/147/913 1847/147/913 1843/147/914
f 1842/147/913 1846/147/913 1847/147/913
f 1843/147/907 1848/147/907 1844/147/907
f 1843/147/907 1847/147/907 1848/147/907
f 1844/147/917 1845/147/923 1841/147/917
f 1844/147/917 1848/147/923 1845/147/923
f 1845/147/906 1850/147/903 1846/147/906
f 1845/147/906 1849/147/903 1850/147/903
f 1846/147/913 1851/147/913 1847/147/913
f 1846/147/913 1850/147/913 1851/147/913
f 1847/147/907 1852/147/931 1848/147/907
f 1847/147/907 1851/147/931 1852/147/931
f 1848/147/923 1849/147/917 1845/147/923
f 1848/147/923 1852/147/917 1849/147/917
f 1849/147/903 1854/147/903 1850/147/903
f 1849/147/903 1853/147/903 1854/147/903
f 1850/147/913 1855/147/913 1851/147/913
f 1850/147/913 1854/147/914 1855/147/913
f 1851/147/931 1856/147/931 1852/147/931
f 1851/147/931 1855/147/931 1856/147/931
f 1852/147/917 1853/147/917 1849/147/917
f 1852/147/917 1856/147/917 1853/147/917
f 1853/147/903 1858/147/906 1854/147/903
f 1853/147/903 1857/147/906 1858/147/906
f 1854/147/914 1859/147/914 1855/147/913
f 1854/147/914 1858/147/914 1859/147/914
f 1855/147/931 1860/147/832 1856/147/931
f 1855/147/931 1859/147/832 1860/147/832
f 1856/147/917 1857/147/923 1853/147/917
f 1856/147/917 1860/147/923 1857/147/923
f 1857/147/906 1862/147/906 1858/147/906
f 1857/147/906 1861/147/906 1862/147/906
f 1858/147/914 1863/147/913 1859/147/914
f 1858/147/913 1862/147/913 1863/147/913
f 1859/147/832 1864/147/832 1860/147/832
f 1859/147/907 1863/147/907 1864/147/907
f 1860/147/923 1861/147/917 1857/147/923
f 1860/147/917 1864/147/917 1861/147/917
f 1821/147/932 1823/147/932 1822/147/932
f 1821/147/932 1824/147/932 1823/147/932
f 1864/147/933 1862/147/933 1863/147/933
f 1864/147/933 1861/147/933 1862/147/933
f 1865/147/934 1870/147/934 1866/147/934
f 1865/147/935 1869/147/903 1870/147/903
f 1866/147/936 1871/147/936 1867/147/936
f 1866/147/936 1870/147/936 1871/147/936
f 1867/147/937 1872/147/937 1868/147/937
f 1867/147/938 1871/147/939 1872/147/939
f 1868/147/940 1869/147/940 1865/147/940
f 1868/147/940 1872/147/941 1869/147/941
f 1869/147/903 1874/147/903 1870/147/903
f 1869/147/903 1873/147/903 1874/147/903
f 1870/147/936 1875/147/936 1871/147/936
f 1870/147/936 1874/147/936 1875/147/936
f 1871/147/939 1876/147/939 1872/147/939
f 1871/147/939 1875/147/931 1876/147/939
f 1872/147/941 1873/147/942 1869/147/941
f 1872/147/941 1876/147/942 1873/147/942
f 1873/147/903 1878/147/906 1874/147/903
f 1873/147/903 1877/147/908 1878/147/906
f 1874/147/936 1879/147/943 1875/147/936
f 1874/147/936 1878/147/943 1879/147/943
f 1875/147/931 1880/147/907 1876/147/939
f 1875/147/931 1879/147/907 1880/147/907
f 1876/147/942 1877/147/942 1873/147/942
f 1876/147/942 1880/147/942 1877/147/942
f 1877/147/908 1882/147/906 1878/147/906
f 1877/147/908 1881/147/906 1882/147/906
f 1878/147/943 1883/147/943 1879/147/943
f 1878/147/943 1882/147/943 1883/147/943
f 1879/147/907 1884/147/907 1880/147/907
f 1879/147/907 1883/147/907 1884/147/907
f 1880/147/942 1881/147/941 1877/147/942
f 1880/147/942 1884/147/941 1881/147/941
f 1881/147/906 1886/147/906 1882/147/906
f 1881/147/906 1885/147/906 1886/147/906
f 1882/147/943 1887/147/936 1883/147/943
f 1882/147/943 1886/147/936 1887/147/936
f 1883/147/907 1888/147/907 1884/147/907
f 1883/147/907 1887/147/907 1888/147/907
f 1884/147/941 1885/147/941 1881/147/941
f 1884/147/941 1888/147/941 1885/147/941
f 1885/147/906 1890/147/908 1886/147/906
f 1885/147/906 1889/147/906 1890/147/908
f 1886/147/936 1891/147/936 1887/147/936
f 1886/147/936 1890/147/936 1891/147/936
f 1887/147/907 1892/147/907 1888/147/907
f 1887/147/907 1891/147/907 1892/147/907
f 1888/147/941 1889/147/941 1885/147/941
f 1888/147/941 1892/147/941 1889/147/941
f 1889/147/906 1894/147/903 1890/147/908
f 1889/147/906 1893/147/903 1894/147/903
f 1890/147/936 1895/147/279 1891/147/936
f 1890/147/936 1894/147/936 1895/147/279
f 1891/147/907 1896/147/931 1892/147/907
f 1891/147/907 1895/147/939 1896/147/931
f 1892/147/941 1893/147/941 1889/147/941
f 1892/147/941 1896/147/941 1893/147/941
f 1893/147/903 1898/147/903 1894/147/903
f 1893/147/903 1897/147/903 1898/147/903
f 1894/147/936 1899/147/936 1895/147/279
f 1894/147/936 1898/147/279 1899/147/936
f 1895/147/939 1900/147/931 1896/147/931
f 1895/147/939 1899/147/931 1900/147/931
f 1896/147/941 1897/147/941 1893/147/941
f 1896/147/941 1900/147/941 1897/147/941
f 1897/147/903 1902/147/903 1898/147/903
f 1897/147/903 1901/147/903 1902/147/903
f 1898/147/279 1903/147/936 1899/147/936
f 1898/147/279 1902/147/936 1903/147/936
f 1899/147/931 1904/147/939 1900/147/931
f 1899/147/931 1903/147/931 1904/147/939
f 1900/147/941 1901/147/942 1897/147/941
f 1900/147/941 1904/147/942 1901/147/942
f 1901/147/903 1906/147/903 1902/147/903
f 1901/147/902 1905/147/902 1906/147/902
f 1902/147/936 1907/147/936 1903/147/936
f 1902/147/936 1906/147/936 1907/147/936
f 1903/147/931 1908/147/944 1904/147/939
f 1903/147/832 1907/147/832 1908/147/832
f 1904/147/942 1905/147/945 1901/147/942
f 1904/147/945 1908/147/945 1905/147/945
f 1865/147/946 1867/147/946 1866/147/946
f 1865/147/946 1868/147/946 1867/147/946
f 1908/147/947 1906/147/947 1907/147/947
f 1908/147/947 1905/147/947 1906/147/947
f 1909/147/948 1914/147/948 1910/147/948
f 1909/147/949 1913/147/906 1914/147/906
f 1910/147/950 1915/147/950 1911/147/950
f 1910/147/950 1914/147/950 1915/147/950
f 1911/147/951 1916/147/951 1912/147/951
f 1911/147/952 1915/147/907 1916/147/907
f 1912/147/953 1913/147/953 1909/147/953
f 1912/147/953 1916/147/953 1913/147/953
f 1913/147/906 1918/147/906 1914/147/906
f 1913/147/906 1917/147/906 1918/147/906
f 1914/147/950 1919/147/950 1915/147/950
f 1914/147/950 1918/147/950 1919/147/950
f 1915/147/907 1920/147/907 1916/147/907
f 1915/147/907 1919/147/907 1920/147/907
f 1916/147/953 1917/147/953 1913/147/953
f 1916/147/953 1920/147/953 1917/147/953
f 1917/147/906 1922/147/906 1918/147/906
f 1917/147/906 1921/147/906 1922/147/906
f 1918/147/950 1923/147/950 1919/147/950
f 1918/147/950 1922/147/950 1923/147/950
f 1919/147/907 1924/147/907 1920/147/907
f 1919/147/907 1923/147/907 1924/147/907
f 1920/147/953 1921/147/953 1917/147/953
f 1920/147/953 1924/147/953 1921/147/953
f 1921/147/906 1926/147/903 1922/147/906
f 1921/147/906 1925/147/903 1926/147/903
f 1922/147/950 1927/147/950 1923/147/950
f 1922/147/950 1926/147/950 1927/147/950
f 1923/147/907 1928/147/931 1924/147/907
f 1923/147/907 1927/147/931 1928/147/931
f 1924/147/953 1925/147/953 1921/147/953
f 1924/147/953 1928/147/953 1925/147/953
f 1925/147/903 1930/147/903 1926/147/903
f 1925/147/903 1929/147/903 1930/147/903
f 1926/147/950 1931/147/950 1927/147/950
f 1926/147/950 1930/147/950 1931/147/950
f 1927/147/931 1932/147/931 1928/147/931
f 1927/147/931 1931/147/931 1932/147/931
f 1928/147/953 1929/147/953 1925/147/953
f 1928/147/953 1932/147/953 1929/147/953
f 1929/147/954 1934/147/955 1930/147/954
f 1929/147/954 1933/147/954 1934/147/955
f 1930/147/950 1935/147/950 1931/147/950
f 1930/147/950 1934/147/950 1935/147/950
f 1931/147/956 1936/147/957 1932/147/957
f 1931/147/956 1935/147/957 1936/147/957
f 1932/147/953 1933/147/953 1929/147/953
f 1932/147/953 1936/147/953 1933/147/953
f 1933/147/958 1938/147/958 1934/147/958
f 1933/147/958 1937/147/958 1938/147/958
f 1934/147/950 1939/147/950 1935/147/950
f 1934/147/950 1938/147/950 1939/147/950
f 1935/147/959 1940/147/959 1936/147/959
f 1935/147/959 1939/147/959 1940/147/959
f 1936/147/953 1937/147/953 1933/147/953
f 1936/147/953 1940/147/953 1937/147/953
f 1937/147/960 1942/147/960 1938/147/960
f 1937/147/960 1941/147/960 1942/147/960
f 1938/147/950 1943/147/950 1939/147/950
f 1938/147/950 1942/147/950 1943/147/950
f 1939/147/961 1944/147/961 1940/147/961
f 1939/147/961 1943/147/961 1944/147/961
f 1940/147/953 1941/147/953 1937/147/953
f 1940/147/953 1944/147/953 1941/147/953
f 1941/147/880 1946/147/880 1942/147/880
f 1941/147/880 1945/147/880 1946/147/880
f 1942/147/950 1947/147/950 1943/147/950
f 1942/147/950 1946/147/950 1947/147/950
f 1943/147/884 1948/147/884 1944/147/884
f 1943/147/884 1947/147/884 1948/147/884
f 1944/147/953 1945/147/953 1941/147/953
f 1944/147/953 1948/147/953 1945/147/953
f 1945/147/880 1950/147/880 1946/147/880
f 1945/147/880 1949/147/880 1950/147/880
f 1946/147/950 1951/147/950 1947/147/950
f 1946/147/950 1950/147/950 1951/147/950
f 1947/147/884 1952/147/884 1948/147/884
f 1947/147/884 1951/147/884 1952/147/884
f 1948/147/953 1949/147/953 1945/147/953
f 1948/147/953 1952/147/953 1949/147/953
f 1909/147/962 1911/147/962 1910/147/962
f 1909/147/962 1912/147/962 1911/147/962
f 1952/147/963 1950/147/963 1951/147/963
f 1952/147/963 1949/147/963 1950/147/963
f 1953/147/964 1958/147/964 1954/147/964
f 1953/147/964 1957/147/964 1958/147/964
f 1954/147/965 1959/147/965 1955/147/965
f 1954/147/965 1958/147/965 1959/147/965
f 1955/147/966 1960/147/966 1956/147/966
f 1955/147/966 1959/147/966 1960/147/966
f 1956/147/967 1957/147/967 1953/147/967
f 1956/147/967 1960/147/967 1957/147/967
f 1957/147/964 1962/147/964 1958/147/964
f 1957/147/964 1961/147/880 1962/147/964
f 1958/147/968 1963/147/968 1959/147/968
f 1958/147/968 1962/147/968 1963/147/968
f 1959/147/966 1964/147/884 1960/147/966
f 1959/147/966 1963/147/888 1964/147/884
f 1960/147/969 1961/147/969 1957/147/969
f 1960/147/969 1964/147/969 1961/147/969
f 1961/147/880 1966/147/880 1962/147/964
f 1961/147/880 1965/147/880 1966/147/880
f 1962/147/970 1967/147/970 1963/147/970
f 1962/147/970 1966/147/970 1967/147/970
f 1963/147/888 1968/147/888 1964/147/884
f 1963/147/888 1967/147/884 1968/147/888
f 1964/147/971 1965/147/971 1961/147/971
f 1964/147/971 1968/147/971 1965/147/971
f 1965/147/880 1970/147/880 1966/147/880
f 1965/147/880 1969/147/880 1970/147/880
f 1966/147/972 1971/147/972 1967/147/972
f 1966/147/972 1970/147/972 1971/147/972
f 1967/147/884 1972/147/973 1968/147/888
f 1967/147/884 1971/147/884 1972/147/973
f 1968/147/974 1969/147/974 1965/147/974
f 1968/147/974 1972/147/974 1969/147/974
f 1969/147/880 1974/147/880 1970/147/880
f 1969/147/880 1973/147/887 1974/147/880
f 1970/147/975 1975/147/975 1971/147/975
f 1970/147/975 1974/147/975 1975/147/975
f 1971/147/884 1976/147/884 1972/147/973
f 1971/147/884 1975/147/888 1976/147/884
f 1972/147/976 1973/147/977 1969/147/978
f 1972/147/976 1976/147/977 1973/147/977
f 1973/147/887 1978/147/880 1974/147/880
f 1973/147/887 1977/147/880 1978/147/880
f 1974/147/979 1979/147/979 1975/147/979
f 1974/147/979 1978/147/979 1979/147/979
f 1975/147/888 1980/147/888 1976/147/884
f 1975/147/888 1979/147/884 1980/147/888
f 1976/147/980 1977/147/980 1973/147/980
f 1976/147/980 1980/147/980 1977/147/980
f 1977/147/880 1982/147/981 1978/147/880
f 1977/147/880 1981/147/879 1982/147/981
f 1978/147/982 1983/147/982 1979/147/982
f 1978/147/982 1982/147/982 1983/147/982
f 1979/147/884 1984/147/883 1980/147/888
f 1979/147/884 1983/147/884 1984/147/883
f 1980/147/983 1981/147/983 1977/147/983
f 1980/147/983 1984/147/983 1981/147/983
f 1981/147/984 1986/147/984 1982/147/984
f 1981/147/985 1985/147/985 1986/147/985
f 1982/147/986 1987/147/986 1983/147/986
f 1982/147/986 1986/147/986 1987/147/986
f 1983/147/987 1988/147/987 1984/147/987
f 1983/147/988 1987/147/988 1988/147/988
f 1984/147/989 1985/147/989 1981/147/989
f 1984/147/989 1988/147/989 1985/147/989
f 1985/147/990 1990/147/990 1986/147/990
f 1985/147/991 1989/147/991 1990/147/991
f 1986/147/992 1991/147/992 1987/147/992
f 1986/147/992 1990/147/992 1991/147/992
f 1987/147/993 1992/147/993 1988/147/993
f 1987/147/994 1991/147/994 1992/147/994
f 1988/147/995 1989/147/995 1985/147/995
f 1988/147/995 1992/147/995 1989/147/995
f 1989/147/996 1994/147/996 1990/147/996
f 1989/147/997 1993/147/997 1994/147/997
f 1990/147/998 1995/147/998 1991/147/998
f 1990/147/998 1994/147/998 1995/147/998
f 1991/147/999 1996/147/999 1992/147/999
f 1991/147/1000 1995/147/1000 1996/147/1000
f 1992/147/1001 1993/147/1001 1989/147/1001
f 1992/147/1001 1996/147/1001 1993/147/1001
f 1993/147/903 1998/147/903 1994/147/903
f 1993/147/903 1997/147/903 1998/147/903
f 1994/147/1002 1999/147/1002 1995/147/1002
f 1994/147/1002 1998/147/1002 1999/147/1002
f 1995/147/931 2000/147/931 1996/147/931
f 1995/147/931 1999/147/931 2000/147/931
f 1996/147/1003 1997/147/1003 1993/147/1003
f 1996/147/1003 2000/147/1003 1997/147/1003
f 1997/147/903 2002/147/906 1998/147/903
f 1997/147/903 2001/147/906 2002/147/906
f 1998/147/1004 2003/147/1004 1999/147/1004
f 1998/147/1004 2002/147/1004 2003/147/1004
f 1999/147/931 2004/147/907 2000/147/931
f 1999/147/931 2003/147/907 2004/147/907
f 2000/147/1005 2001/147/1005 1997/147/1005
f 2000/147/1005 2004/147/1005 2001/147/1005
f 2001/147/906 2006/147/906 2002/147/906
f 2001/147/906 2005/147/906 2006/147/906
f 2002/147/1006 2007/147/1006 2003/147/1007
f 2002/147/1006 2006/147/1007 2007/147/1006
f 2003/147/907 2008/147/907 2004/147/907
f 2003/147/907 2007/147/907 2008/147/907
f 2004/147/1008 2005/147/1008 2001/147/1008
f 2004/147/1008 2008/147/1008 2005/147/1008
f 2005/147/906 2010/147/906 2006/147/906
f 2005/147/906 2009/147/906 2010/147/906
f 2006/147/1009 2011/147/1009 2007/147/1009
f 2006/147/1009 2010/147/1009 2011/147/1009
f 2007/147/907 2012/147/907 2008/147/907
f 2007/147/907 2011/147/907 2012/147/907
f 2008/147/1010 2009/147/1010 2005/147/1010
f 2008/147/1010 2012/147/1010 2009/147/1010
f 2009/147/906 2014/147/906 2010/147/906
f 2009/147/906 2013/147/906 2014/147/906
f 2010/147/1011 2015/147/1011 2011/147/1011
f 2010/147/1011 2014/147/1011 2015/147/1011
f 2011/147/907 2016/147/907 2012/147/907
f 2011/147/907 2015/147/832 2016/147/907
f 2012/147/1012 2013/147/1012 2009/147/1012
f 2012/147/1012 2016/147/1013 2013/147/1012
f 2013/147/906 2018/147/906 2014/147/906
f 2013/147/906 2017/147/1014 2018/147/906
f 2014/147/1015 2019/147/1015 2015/147/1015
f 2014/147/1015 2018/147/1015 2019/147/1015
f 2015/147/832 2020/147/907 2016/147/907
f 2015/147/832 2019/147/907 2020/147/907
f 2016/147/1016 2017/147/1017 2013/147/1017
f 2016/147/1016 2020/147/1018 2017/147/1017
f 2017/147/1014 2022/147/906 2018/147/906
f 2017/147/1014 2021/147/906 2022/147/906
f 2018/147/1019 2023/147/1019 2019/147/1019
f 2018/147/1019 2022/147/1019 2023/147/1019
f 2019/147/907 2024/147/907 2020/147/907
f 2019/147/907 2023/147/931 2024/147/907
f 2020/147/1020 2021/147/1020 2017/147/1020
f 2020/147/1020 2024/147/1020 2021/147/1020
f 2021/147/906 2026/147/906 2022/147/906
f 2021/147/906 2025/147/1021 2026/147/906
f 2022/147/1022 2027/147/1022 2023/147/1022
f 2022/147/1022 2026/147/1022 2027/147/1022
f 2023/147/931 2028/147/931 2024/147/907
f 2023/147/931 2027/147/931 2028/147/931
f 2024/147/1023 2025/147/1023 2021/147/1023
f 2024/147/1023 2028/147/1023 2025/147/1023
f 2025/147/1024 2030/147/1024 2026/147/1024
f 2025/147/1025 2029/147/1025 2030/147/1025
f 2026/147/1026 2031/147/1026 2027/147/1026
f 2026/147/1026 2030/147/1026 2031/147/1026
f 2027/147/931 2032/147/939 2028/147/931
f 2027/147/1027 2031/147/1027 2032/147/1027
f 2028/147/1028 2029/147/1028 2025/147/1028
f 2028/147/1028 2032/147/1028 2029/147/1028
f 2029/147/1029 2034/147/1029 2030/147/1029
f 2029/147/1030 2033/147/1031 2034/147/1032
f 2030/147/1033 2035/147/1033 2031/147/1033
f 2030/147/1033 2034/147/1033 2035/147/1033
f 2031/147/1034 2036/147/1034 2032/147/1034
f 2031/147/1035 2035/147/1036 2036/147/1037
f 2032/147/1038 2033/147/1038 2029/147/1038
f 2032/147/1038 2036/147/1038 2033/147/1038
f 2033/147/1031 2038/147/1039 2034/147/1032
f 2033/147/1040 2037/147/1040 2038/147/1040
f 2034/147/1041 2039/147/1041 2035/147/1041
f 2034/147/1041 2038/147/1041 2039/147/1041
f 2035/147/1036 2040/147/1042 2036/147/1037
f 2035/147/1043 2039/147/1043 2040/147/1043
f 2036/147/1044 2037/147/1044 2033/147/1044
f 2036/147/1044 2040/147/1044 2037/147/1044
f 2037/147/1045 2042/147/1045 2038/147/1045
f 2037/147/1021 2041/147/903 2042/147/903
f 2038/147/969 2043/147/969 2039/147/969
f 2038/147/969 2042/147/969 2043/147/969
f 2039/147/1046 2044/147/1046 2040/147/1046
f 2039/147/1047 2043/147/1047 2044/147/1047
f 2040/147/968 2041/147/968 2037/147/968
f 2040/147/968 2044/147/968 2041/147/968
f 2041/147/903 2046/147/906 2042/147/903
f 2041/147/903 2045/147/906 2046/147/906
f 2042/147/1048 2047/147/1049 2043/147/1049
f 2042/147/1048 2046/147/1049 2047/147/1049
f 2043/147/907 2048/147/907 2044/147/939
f 2043/147/907 2047/147/907 2048/147/907
f 2044/147/1050 2045/147/1050 2041/147/1050
f 2044/147/1050 2048/147/1050 2045/147/1050
f 2045/147/906 2050/147/906 2046/147/906
f 2045/147/906 2049/147/906 2050/147/906
f 2046/147/1051 2051/147/1051 2047/147/1051
f 2046/147/1051 2050/147/1051 2051/147/1051
f 2047/147/907 2052/147/1052 2048/147/907
f 2047/147/907 2051/147/907 2052/147/1052
f 2048/147/1053 2049/147/1053 2045/147/1053
f 2048/147/1053 2052/147/1053 2049/147/1053
f 2049/147/906 2054/147/908 2050/147/906
f 2049/147/906 2053/147/906 2054/147/908
f 2050/147/1054 2055/147/1054 2051/147/1054
f 2050/147/1054 2054/147/1054 2055/147/1054
f 2051/147/907 2056/147/907 2052/147/1052
f 2051/147/907 2055/147/907 2056/147/907
f 2052/147/1055 2053/147/1055 2049/147/1055
f 2052/147/1055 2056/147/1055 2053/147/1055
f 2053/147/906 2058/147/906 2054/147/908
f 2053/147/906 2057/147/906 2058/147/906
f 2054/147/1056 2059/147/1056 2055/147/1056
f 2054/147/1056 2058/147/1056 2059/147/1056
f 2055/147/907 2060/147/907 2056/147/907
f 2055/147/907 2059/147/907 2060/147/907
f 2056/147/1057 2057/147/1057 2053/147/1057
f 2056/147/1057 2060/147/1058 2057/147/1057
f 2057/147/906 2062/147/906 2058/147/906
f 2057/147/906 2061/147/906 2062/147/906
f 2058/147/1059 2063/147/1059 2059/147/1059
f 2058/147/1059 2062/147/1059 2063/147/1059
f 2059/147/907 2064/147/907 2060/147/907
f 2059/147/907 2063/147/907 2064/147/907
f 2060/147/1060 2061/147/1060 2057/147/1060
f 2060/147/1060 2064/147/1060 2061/147/1060
f 2061/147/906 2066/147/906 2062/147/906
f 2061/147/906 2065/147/906 2066/147/906
f 2062/147/1061 2067/147/1061 2063/147/1061
f 2062/147/1061 2066/147/1061 2067/147/1061
f 2063/147/907 2068/147/931 2064/147/907
f 2063/147/907 2067/147/907 2068/147/931
f 2064/147/1062 2065/147/1062 2061/147/1062
f 2064/147/1062 2068/147/1062 2065/147/1062
f 2065/147/906 2070/147/903 2066/147/906
f 2065/147/906 2069/147/903 2070/147/903
f 2066/147/995 2071/147/995 2067/147/995
f 2066/147/995 2070/147/995 2071/147/995
f 2067/147/907 2072/147/931 2068/147/931
f 2067/147/907 2071/147/931 2072/147/931
f 2068/147/992 2069/147/992 2065/147/992
f 2068/147/992 2072/147/992 2069/147/992
f 2069/147/903 2074/147/903 2070/147/903
f 2069/147/903 2073/147/903 2074/147/903
f 2070/147/1063 2075/147/1063 2071/147/1063
f 2070/147/1063 2074/147/1063 2075/147/1063
f 2071/147/931 2076/147/931 2072/147/931
f 2071/147/931 2075/147/931 2076/147/931
f 2072/147/1064 2073/147/1064 2069/147/1064
f 2072/147/1064 2076/147/1064 2073/147/1064
f 2073/147/1065 2078/147/1065 2074/147/1065
f 2073/147/1066 2077/147/1066 2078/147/1066
f 2074/147/1067 2079/147/1067 2075/147/1067
f 2074/147/1067 2078/147/1067 2079/147/1067
f 2075/147/1068 2080/147/1068 2076/147/1068
f 2075/147/1069 2079/147/1069 2080/147/1069
f 2076/147/1070 2077/147/1070 2073/147/1070
f 2076/147/1070 2080/147/1070 2077/147/1070
f 2077/147/1071 2082/147/1071 2078/147/1071
f 2077/147/1072 2081/147/1072 2082/147/1072
f 2078/147/1005 2083/147/1005 2079/147/1005
f 2078/147/1005 2082/147/1005 2083/147/1005
f 2079/147/1073 2084/147/1073 2080/147/1073
f 2079/147/1074 2083/147/1074 2084/147/1074
f 2080/147/1004 2081/147/1004 2077/147/1004
f 2080/147/1004 2084/147/1004 2081/147/1004
f 2081/147/1075 2086/147/1075 2082/147/1075
f 2081/147/1076 2085/147/1076 2086/147/1076
f 2082/147/1077 2087/147/1077 2083/147/1077
f 2082/147/1077 2086/147/1077 2087/147/1077
f 2083/147/1078 2088/147/1078 2084/147/1078
f 2083/147/1079 2087/147/1079 2088/147/1079
f 2084/147/1080 2085/147/1080 2081/147/1080
f 2084/147/1080 2088/147/1080 2085/147/1080
f 2085/147/1081 2090/147/880 2086/147/964
f 2085/147/1081 2089/147/1082 2090/147/880
f 2086/147/1083 2091/147/1083 2087/147/1083
f 2086/147/1083 2090/147/1083 2091/147/1083
f 2087/147/1084 2092/147/884 2088/147/1085
f 2087/147/1084 2091/147/884 2092/147/884
f 2088/147/1086 2089/147/1086 2085/147/1086
f 2088/147/1086 2092/147/1086 2089/147/1086
f 2089/147/1082 2094/147/1082 2090/147/880
f 2089/147/1082 2093/147/1082 2094/147/1082
f 2090/147/1087 2095/147/1087 2091/147/1087
f 2090/147/1087 2094/147/1087 2095/147/1087
f 2091/147/884 2096/147/973 2092/147/884
f 2091/147/884 2095/147/973 2096/147/973
f 2092/147/1088 2093/147/1088 2089/147/1088
f 2092/147/1088 2096/147/1089 2093/147/1088
f 2093/147/1082 2098/147/880 2094/147/1082
f 2093/147/1082 2097/147/880 2098/147/880
f 2094/147/1090 2099/147/1090 2095/147/1090
f 2094/147/1090 2098/147/1090 2099/147/1090
f 2095/147/973 2100/147/884 2096/147/973
f 2095/147/973 2099/147/884 2100/147/884
f 2096/147/1091 2097/147/1091 2093/147/1092
f 2096/147/1091 2100/147/1092 2097/147/1091
f 2097/147/880 2102/147/880 2098/147/880
f 2097/147/880 2101/147/880 2102/147/880
f 2098/147/1093 2103/147/1093 2099/147/1093
f 2098/147/1093 2102/147/1093 2103/147/1093
f 2099/147/884 2104/147/884 2100/147/884
f 2099/147/884 2103/147/884 2104/147/884
f 2100/147/1094 2101/147/1094 2097/147/1094
f 2100/147/1094 2104/147/1094 2101/147/1094
f 2101/147/880 2106/147/1082 2102/147/880
f 2101/147/880 2105/147/880 2106/147/1082
f 2102/147/1095 2107/147/1095 2103/147/1095
f 2102/147/1095 2106/147/1095 2107/147/1095
f 2103/147/884 2108/147/884 2104/147/884
f 2103/147/884 2107/147/884 2108/147/884
f 2104/147/1096 2105/147/1096 2101/147/1096
f 2104/147/1096 2108/147/1096 2105/147/1096
f 2105/147/880 2110/147/964 2106/147/1082
f 2105/147/880 2109/147/964 2110/147/964
f 2106/147/1028 2111/147/1028 2107/147/1028
f 2106/147/1028 2110/147/1028 2111/147/1028
f 2107/147/884 2112/147/966 2108/147/884
f 2107/147/884 2111/147/966 2112/147/966
f 2108/147/1026 2109/147/1026 2105/147/1026
f 2108/147/1026 2112/147/1026 2109/147/1026
f 2109/147/964 1954/147/964 2110/147/964
f 2109/147/964 1953/147/964 1954/147/964
f 2110/147/1097 1955/147/1097 2111/147/1097
f 2110/147/1097 1954/147/1097 1955/147/1097
f 2111/147/966 1956/147/966 2112/147/966
f 2111/147/966 1955/147/966 1956/147/966
f 2112/147/1098 1953/147/1098 2109/147/1098
f 2112/147/1098 1956/147/1098 1953/147/1098
f 2113/147/1099 2119/147/1100 2120/147/1101
f 2113/147/1099 2120/147/1101 2114/147/1099
f 2114/147/1102 2120/147/1102 2121/147/1102
f 2114/147/1102 2121/147/1102 2115/147/1102
f 2115/147/1103 2121/147/1104 2122/147/1103
f 2115/147/1103 2122/147/1103 2116/147/1105
f 2116/147/1106 2122/147/1107 2123/147/1108
f 2116/147/1106 2123/147/1108 2117/147/1109
f 2117/147/1110 2123/147/1110 2124/147/1110
f 2117/147/1110 2124/147/1110 2118/147/1110
f 2118/147/1111 2124/147/1112 2119/147/1113
f 2118/147/1111 2119/147/1113 2113/147/1111
f 2119/147/1114 2125/147/1115 2126/147/1116
f 2119/147/1114 2126/147/1116 2120/147/1117
f 2120/147/1102 2126/147/1102 2127/147/1102
f 2120/147/1102 2127/147/1102 2121/147/1102
f 2121/147/1118 2127/147/1119 2128/147/1118
f 2121/147/1118 2128/147/1118 2122/147/1120
f 2122/147/1121 2128/147/1122 2129/147/1121
f 2122/147/1121 2129/147/1121 2123/147/1123
f 2123/147/1110 2129/147/1110 2130/147/1110
f 2123/147/1110 2130/147/1110 2124/147/1110
f 2124/147/1124 2130/147/1125 2125/147/1124
f 2124/147/1124 2125/147/1124 2119/147/1126
f 2125/147/1127 2131/147/1128 2132/147/1129
f 2125/147/1127 2132/147/1129 2126/147/1130
f 2126/147/1102 2132/147/1102 2133/147/1102
f 2126/147/1102 2133/147/1102 2127/147/1102
f 2127/147/1131 2133/147/1132 2134/147/1131
f 2127/147/1131 2134/147/1131 2128/147/1131
f 2128/147/1133 2134/147/1134 2135/147/1133
f 2128/147/1133 2135/147/1133 2129/147/1133
f 2129/147/1110 2135/147/1110 2136/147/1110
f 2129/147/1110 2136/147/1110 2130/147/1110
f 2130/147/1135 2136/147/1136 2131/147/1137
f 2130/147/1135 2131/147/1137 2125/147/1135
f 2131/147/1138 2137/147/1139 2138/147/1139
f 2131/147/1138 2138/147/1139 2132/147/1138
f 2132/147/1102 2138/147/1102 2139/147/1102
f 2132/147/1102 2139/147/1102 2133/147/1102
f 2133/147/1140 2139/147/1140 2140/147/1140
f 2133/147/1140 2140/147/1140 2134/147/1141
f 2134/147/1142 2140/147/1142 2141/147/1142
f 2134/147/1142 2141/147/1142 2135/147/1143
f 2135/147/1110 2141/147/1110 2142/147/1110
f 2135/147/1110 2142/147/1110 2136/147/1110
f 2136/147/1144 2142/147/1145 2137/147/1146
f 2136/147/1144 2137/147/1146 2131/147/1147
f 2137/147/1148 2143/147/1149 2144/147/1148
f 2137/147/1148 2144/147/1148 2138/147/1150
f 2138/147/1102 2144/147/1102 2145/147/1102
f 2138/147/1102 2145/147/1102 2139/147/1102
f 2139/147/1151 2145/147/1152 2146/147/1151
f 2139/147/1151 2146/147/1151 2140/147/1153
f 2140/147/1154 2146/147/1155 2147/147/1154
f 2140/147/1154 2147/147/1154 2141/147/1156
f 2141/147/1110 2147/147/1110 2148/147/1110
f 2141/147/1110 2148/147/1110 2142/147/1110
f 2142/147/1157 2148/147/1158 2143/147/1159
f 2142/147/1157 2143/147/1159 2137/147/1160
f 2143/147/1161 2149/147/1162 2150/147/1162
f 2143/147/1161 2150/147/1162 2144/147/1163
f 2144/147/1102 2150/147/1102 2151/147/1102
f 2144/147/1102 2151/147/1102 2145/147/1102
f 2145/147/1164 2151/147/1165 2152/147/1166
f 2145/147/1164 2152/147/1166 2146/147/1167
f 2146/147/1168 2152/147/1169 2153/147/1170
f 2146/147/1168 2153/147/1170 2147/147/1171
f 2147/147/1110 2153/147/1110 2154/147/1110
f 2147/147/1110 2154/147/1110 2148/147/1110
f 2148/147/1172 2154/147/1173 2149/147/1173
f 2148/147/1172 2149/147/1173 2143/147/1174
f 2149/147/1175 2155/147/1176 2156/147/1103
f 2149/147/1175 2156/147/1103 2150/147/1175
f 2150/147/1102 2156/147/1102 2157/147/1102
f 2150/147/1102 2157/147/1102 2151/147/1102
f 2151/147/1101 2157/147/1177 2158/147/1101
f 2151/147/1101 2158/147/1101 2152/147/1178
f 2152/147/1179 2158/147/1180 2159/147/1111
f 2152/147/1179 2159/147/1111 2153/147/1113
f 2153/147/1110 2159/147/1110 2160/147/1110
f 2153/147/1110 2160/147/1110 2154/147/1110
f 2154/147/1108 2160/147/1181 2155/147/1109
f 2154/147/1108 2155/147/1109 2149/147/1108
f 2155/147/1118 2161/147/1120 2162/147/1182
f 2155/147/1118 2162/147/1182 2156/147/1183
f 2156/147/1102 2162/147/1102 2163/147/1102
f 2156/147/1102 2163/147/1102 2157/147/1102
f 2157/147/1114 2163/147/1184 2164/147/1114
f 2157/147/1114 2164/147/1114 2158/147/1115
f 2158/147/1124 2164/147/1126 2165/147/1124
f 2158/147/1124 2165/147/1124 2159/147/1185
f 2159/147/1110 2165/147/1110 2166/147/1110
f 2159/147/1110 2166/147/1110 2160/147/1110
f 2160/147/1121 2166/147/1186 2161/147/1121
f 2160/147/1121 2161/147/1121 2155/147/1122
f 2161/147/1187 2167/147/1188 2168/147/1189
f 2161/147/1187 2168/147/1189 2162/147/1190
f 2162/147/1102 2168/147/1102 2169/147/1102
f 2162/147/1102 2169/147/1102 2163/147/1102
f 2163/147/1191 2169/147/1192 2170/147/1191
f 2163/147/1191 2170/147/1191 2164/147/1191
f 2164/147/1193 2170/147/1137 2171/147/1193
f 2164/147/1193 2171/147/1193 2165/147/1193
f 2165/147/1110 2171/147/1110 2172/147/1110
f 2165/147/1110 2172/147/1110 2166/147/1110
f 2166/147/1194 2172/147/1195 2167/147/1134
f 2166/147/1194 2167/147/1134 2161/147/1194
f 2167/147/1141 2173/147/1196 2174/147/1196
f 2167/147/1141 2174/147/1196 2168/147/1141
f 2168/147/1102 2174/147/1102 2175/147/1102
f 2168/147/1102 2175/147/1102 2169/147/1102
f 2169/147/1197 2175/147/1197 2176/147/1197
f 2169/147/1197 2176/147/1197 2170/147/1198
f 2170/147/1199 2176/147/1199 2177/147/1199
f 2170/147/1199 2177/147/1199 2171/147/1200
f 2171/147/1110 2177/147/1110 2178/147/1110
f 2171/147/1110 2178/147/1110 2172/147/1110
f 2172/147/1201 2178/147/1202 2173/147/1203
f 2172/147/1201 2173/147/1203 2167/147/1204
f 2173/147/1151 2179/147/1205 2180/147/1151
f 2173/147/1151 2180/147/1151 2174/147/1206
f 2174/147/1102 2180/147/1102 2181/147/1102
f 2174/147/1102 2181/147/1102 2175/147/1102
f 2175/147/1148 2181/147/1207 2182/147/1148
f 2175/147/1148 2182/147/1148 2176/147/1149
f 2176/147/1159 2182/147/1160 2183/147/1159
f 2176/147/1159 2183/147/1159 2177/147/1208
f 2177/147/1110 2183/147/1110 2184/147/1110
f 2177/147/1110 2184/147/1110 2178/147/1110
f 2178/147/1209 2184/147/1210 2179/147/1154
f 2178/147/1209 2179/147/1154 2173/147/1155
f 2179/147/1165 2113/147/1164 2114/147/1164
f 2179/147/1165 2114/147/1164 2180/147/1211
f 2180/147/1102 2114/147/1102 2115/147/1102
f 2180/147/1102 2115/147/1102 2181/147/1102
f 2181/147/1162 2115/147/1161 2116/147/1212
f 2181/147/1162 2116/147/1212 2182/147/1213
f 2182/147/1172 2116/147/1214 2117/147/1215
f 2182/147/1172 2117/147/1215 2183/147/1216
f 2183/147/1110 2117/147/1110 2118/147/1110
f 2183/147/1110 2118/147/1110 2184/147/1110
f 2184/147/1168 2118/147/1217 2113/147/1217
f 2184/147/1168 2113/147/1217 2179/147/1218
f 2185/147/1219 2191/147/1220 2192/147/1221
f 2185/147/1219 2192/147/1221 2186/147/1219
f 2186/147/962 2192/147/962 2193/147/962
f 2186/147/962 2193/147/962 2187/147/962
f 2187/147/1222 2193/147/1223 2194/147/1224
f 2187/147/1222 2194/147/1224 2188/147/1225
f 2188/147/1226 2194/147/1227 2195/147/1228
f 2188/147/1226 2195/147/1228 2189/147/1229
f 2189/147/963 2195/147/963 2196/147/963
f 2189/147/963 2196/147/963 2190/147/963
f 2190/147/1230 2196/147/1231 2191/147/1232
f 2190/147/1230 2191/147/1232 2185/147/1230
f 2191/147/1233 2197/147/1233 2198/147/1233
f 2191/147/1233 2198/147/1233 2192/147/1233
f 2192/147/962 2198/147/962 2199/147/962
f 2192/147/962 2199/147/962 2193/147/962
f 2193/147/1234 2199/147/1235 2200/147/1234
f 2193/147/1234 2200/147/1234 2194/147/1236
f 2194/147/1237 2200/147/1238 2201/147/1237
f 2194/147/1237 2201/147/1237 2195/147/1239
f 2195/147/963 2201/147/963 2202/147/963
f 2195/147/963 2202/147/963 2196/147/963
f 2196/147/1240 2202/147/1240 2197/147/1240
f 2196/147/1240 2197/147/1240 2191/147/1240
f 2197/147/1241 2203/147/1241 2204/147/1241
f 2197/147/1241 2204/147/1241 2198/147/1241
f 2198/147/962 2204/147/962 2205/147/962
f 2198/147/962 2205/147/962 2199/147/962
f 2199/147/1242 2205/147/1243 2206/147/1242
f 2199/147/1242 2206/147/1242 2200/147/1242
f 2200/147/1244 2206/147/1245 2207/147/1244
f 2200/147/1244 2207/147/1244 2201/147/1244
f 2201/147/963 2207/147/963 2208/147/963
f 2201/147/963 2208/147/963 2202/147/963
f 2202/147/1246 2208/147/1247 2203/147/1246
f 2202/147/1246 2203/147/1246 2197/147/1246
f 2203/147/1248 2209/147/1249 2210/147/1248
f 2203/147/1248 2210/147/1248 2204/147/1250
f 2204/147/962 2210/147/962 2211/147/962
f 2204/147/962 2211/147/962 2205/147/962
f 2205/147/1251 2211/147/1251 2212/147/1251
f 2205/147/1251 2212/147/1251 2206/147/1252
f 2206/147/1253 2212/147/1253 2213/147/1253
f 2206/147/1253 2213/147/1253 2207/147/1254
f 2207/147/963 2213/147/963 2214/147/963
f 2207/147/963 2214/147/963 2208/147/963
f 2208/147/1255 2214/147/1255 2209/147/1255
f 2208/147/1255 2209/147/1255 2203/147/1255
f 2209/147/1256 2215/147/1257 2216/147/1256
f 2209/147/1256 2216/147/1256 2210/147/1256
f 2210/147/962 2216/147/962 2217/147/962
f 2210/147/962 2217/147/962 2211/147/962
f 2211/147/1258 2217/147/1259 2218/147/1258
f 2211/147/1258 2218/147/1258 2212/147/1260
f 2212/147/1261 2218/147/1262 2219/147/1261
f 2212/147/1261 2219/147/1261 2213/147/1263
f 2213/147/963 2219/147/963 2220/147/963
f 2213/147/963 2220/147/963 2214/147/963
f 2214/147/1264 2220/147/1264 2215/147/1264
f 2214/147/1264 2215/147/1264 2209/147/1264
f 2215/147/1265 2221/147/1266 2222/147/1266
f 2215/147/1265 2222/147/1266 2216/147/1267
f 2216/147/962 2222/147/962 2223/147/962
f 2216/147/962 2223/147/962 2217/147/962
f 2217/147/1268 2223/147/1269 2224/147/1270
f 2217/147/1268 2224/147/1270 2218/147/1271
f 2218/147/1272 2224/147/1273 2225/147/1274
f 2218/147/1272 2225/147/1274 2219/147/1275
f 2219/147/963 2225/147/963 2226/147/963
f 2219/147/963 2226/147/963 2220/147/963
f 2220/147/1276 2226/147/1277 2221/147/1277
f 2220/147/1276 2221/147/1277 2215/147/1278
f 2221/147/1279 2227/147/1280 2228/147/1224
f 2221/147/1279 2228/147/1224 2222/147/1279
f 2222/147/962 2228/147/962 2229/147/962
f 2222/147/962 2229/147/962 2223/147/962
f 2223/147/1221 2229/147/1281 2230/147/1221
f 2223/147/1221 2230/147/1221 2224/147/1282
f 2224/147/1283 2230/147/1284 2231/147/1230
f 2224/147/1283 2231/147/1230 2225/147/1232
f 2225/147/963 2231/147/963 2232/147/963
f 2225/147/963 2232/147/963 2226/147/963
f 2226/147/1228 2232/147/1285 2227/147/1229
f 2226/147/1228 2227/147/1229 2221/147/1228
f 2227/147/1234 2233/147/1286 2234/147/1236
f 2227/147/1234 2234/147/1236 2228/147/1287
f 2228/147/962 2234/147/962 2235/147/962
f 2228/147/962 2235/147/962 2229/147/962
f 2229/147/1288 2235/147/1288 2236/147/1288
f 2229/147/1288 2236/147/1288 2230/147/1288
f 2230/147/1289 2236/147/1289 2237/147/1289
f 2230/147/1289 2237/147/1289 2231/147/1289
f 2231/147/963 2237/147/963 2238/147/963
f 2231/147/963 2238/147/963 2232/147/963
f 2232/147/1237 2238/147/1290 2233/147/1237
f 2232/147/1237 2233/147/1237 2227/147/1291
f 2233/147/1292 2239/147/1293 2240/147/1294
f 2233/147/1292 2240/147/1294 2234/147/1295
f 2234/147/962 2240/147/962 2241/147/962
f 2234/147/962 2241/147/962 2235/147/962
f 2235/147/1296 2241/147/1297 2242/147/1296
f 2235/147/1296 2242/147/1296 2236/147/1298
f 2236/147/1299 2242/147/1247 2243/147/1299
f 2236/147/1299 2243/147/1299 2237/147/1300
f 2237/147/963 2243/147/963 2244/147/963
f 2237/147/963 2244/147/963 2238/147/963
f 2238/147/1301 2244/147/1302 2239/147/1245
f 2238/147/1301 2239/147/1245 2233/147/1301
f 2239/147/1252 2245/147/1303 2246/147/1303
f 2239/147/1252 2246/147/1303 2240/147/1252
f 2240/147/962 2246/147/962 2247/147/962
f 2240/147/962 2247/147/962 2241/147/962
f 2241/147/1304 2247/147/1305 2248/147/1304
f 2241/147/1304 2248/147/1304 2242/147/1250
f 2242/147/1306 2248/147/1307 2249/147/1306
f 2242/147/1306 2249/147/1306 2243/147/1308
f 2243/147/963 2249/147/963 2250/147/963
f 2243/147/963 2250/147/963 2244/147/963
f 2244/147/1309 2250/147/1310 2245/147/1311
f 2244/147/1309 2245/147/1311 2239/147/1312
f 2245/147/1258 2251/147/1313 2252/147/1258
f 2245/147/1258 2252/147/1258 2246/147/1314
f 2246/147/962 2252/147/962 2253/147/962
f 2246/147/962 2253/147/962 2247/147/962
f 2247/147/1315 2253/147/1315 2254/147/1315
f 2247/147/1315 2254/147/1315 2248/147/1315
f 2248/147/1316 2254/147/1316 2255/147/1316
f 2248/147/1316 2255/147/1316 2249/147/1316
f 2249/147/963 2255/147/963 2256/147/963
f 2249/147/963 2256/147/963 2250/147/963
f 2250/147/1317 2256/147/1318 2251/147/1261
f 2250/147/1317 2251/147/1261 2245/147/1262
f 2251/147/1269 2185/147/1268 2186/147/1268
f 2251/147/1269 2186/147/1268 2252/147/1319
f 2252/147/962 2186/147/962 2187/147/962
f 2252/147/962 2187/147/962 2253/147/962
f 2253/147/1266 2187/147/1265 2188/147/1320
f 2253/147/1266 2188/147/1320 2254/147/1321
f 2254/147/1276 2188/147/1322 2189/147/1323
f 2254/147/1276 2189/147/1323 2255/147/1324
f 2255/147/963 2189/147/963 2190/147/963
f 2255/147/963 2190/147/963 2256/147/963
f 2256/147/1272 2190/147/1325 2185/147/1325
f 2256/147/1272 2185/147/1325 2251/147/1326
f 2257/147/1099 2263/147/1100 2264/147/1101
f 2257/147/1099 2264/147/1101 2258/147/1099
f 2258/147/1102 2264/147/1102 2265/147/1102
f 2258/147/1102 2265/147/1102 2259/147/1102
f 2259/147/1103 2265/147/1104 2266/147/1103
f 2259/147/1103 2266/147/1103 2260/147/1327
f 2260/147/1328 2266/147/1107 2267/147/1108
f 2260/147/1328 2267/147/1108 2261/147/1109
f 2261/147/1110 2267/147/1110 2268/147/1110
f 2261/147/1110 2268/147/1110 2262/147/1110
f 2262/147/1111 2268/147/1112 2263/147/1113
f 2262/147/1111 2263/147/1113 2257/147/1111
f 2263/147/1114 2269/147/1115 2270/147/1116
f 2263/147/1114 2270/147/1116 2264/147/1117
f 2264/147/1102 2270/147/1102 2271/147/1102
f 2264/147/1102 2271/147/1102 2265/147/1102
f 2265/147/1118 2271/147/1119 2272/147/1118
f 2265/147/1118 2272/147/1118 2266/147/1120
f 2266/147/1121 2272/147/1122 2273/147/1121
f 2266/147/1121 2273/147/1121 2267/147/1123
f 2267/147/1110 2273/147/1110 2274/147/1110
f 2267/147/1110 2274/147/1110 2268/147/1110
f 2268/147/1124 2274/147/1125 2269/147/1124
f 2268/147/1124 2269/147/1124 2263/147/1329
f 2269/147/1127 2275/147/1128 2276/147/1129
f 2269/147/1127 2276/147/1129 2270/147/1130
f 2270/147/1102 2276/147/1102 2277/147/1102
f 2270/147/1102 2277/147/1102 2271/147/1102
f 2271/147/1131 2277/147/1132 2278/147/1131
f 2271/147/1131 2278/147/1131 2272/147/1131
f 2272/147/1133 2278/147/1134 2279/147/1133
f 2272/147/1133 2279/147/1133 2273/147/1133
f 2273/147/1110 2279/147/1110 2280/147/1110
f 2273/147/1110 2280/147/1110 2274/147/1110
f 2274/147/1135 2280/147/1136 2275/147/1137
f 2274/147/1135 2275/147/1137 2269/147/1135
f 2275/147/1138 2281/147/1139 2282/147/1139
f 2275/147/1138 2282/147/1139 2276/147/1138
f 2276/147/1102 2282/147/1102 2283/147/1102
f 2276/147/1102 2283/147/1102 2277/147/1102
f 2277/147/1140 2283/147/1140 2284/147/1140
f 2277/147/1140 2284/147/1140 2278/147/1141
f 2278/147/1142 2284/147/1142 2285/147/1142
f 2278/147/1142 2285/147/1142 2279/147/1330
f 2279/147/1110 2285/147/1110 2286/147/1110
f 2279/147/1110 2286/147/1110 2280/147/1110
f 2280/147/1144 2286/147/1145 2281/147/1146
f 2280/147/1144 2281/147/1146 2275/147/1147
f 2281/147/1148 2287/147/1331 2288/147/1148
f 2281/147/1148 2288/147/1148 2282/147/1150
f 2282/147/1102 2288/147/1102 2289/147/1102
f 2282/147/1102 2289/147/1102 2283/147/1102
f 2283/147/1151 2289/147/1152 2290/147/1151
f 2283/147/1151 2290/147/1151 2284/147/1153
f 2284/147/1154 2290/147/1155 2291/147/1154
f 2284/147/1154 2291/147/1154 2285/147/1156
f 2285/147/1110 2291/147/1110 2292/147/1110
f 2285/147/1110 2292/147/1110 2286/147/1110
f 2286/147/1157 2292/147/1158 2287/147/1159
f 2286/147/1157 2287/147/1159 2281/147/1160
f 2287/147/1161 2293/147/1162 2294/147/1162
f 2287/147/1161 2294/147/1162 2288/147/1163
f 2288/147/1102 2294/147/1102 2295/147/1102
f 2288/147/1102 2295/147/1102 2289/147/1102
f 2289/147/1164 2295/147/1165 2296/147/1166
f 2289/147/1164 2296/147/1166 2290/147/1332
f 2290/147/1168 2296/147/1169 2297/147/1168
f 2290/147/1168 2297/147/1168 2291/147/1171
f 2291/147/1110 2297/147/1110 2298/147/1110
f 2291/147/1110 2298/147/1110 2292/147/1110
f 2292/147/1172 2298/147/1173 2293/147/1173
f 2292/147/1172 2293/147/1173 2287/147/1174
f 2293/147/1175 2299/147/1176 2300/147/1103
f 2293/147/1175 2300/147/1103 2294/147/1175
f 2294/147/1102 2300/147/1102 2301/147/1102
f 2294/147/1102 2301/147/1102 2295/147/1102
f 2295/147/1101 2301/147/1177 2302/147/1101
f 2295/147/1101 2302/147/1101 2296/147/1178
f 2296/147/1179 2302/147/1180 2303/147/1111
f 2296/147/1179 2303/147/1111 2297/147/1113
f 2297/147/1110 2303/147/1110 2304/147/1110
f 2297/147/1110 2304/147/1110 2298/147/1110
f 2298/147/1108 2304/147/1181 2299/147/1109
f 2298/147/1108 2299/147/1109 2293/147/1108
f 2299/147/1118 2305/147/1120 2306/147/1182
f 2299/147/1118 2306/147/1182 2300/147/1183
f 2300/147/1102 2306/147/1102 2307/147/1102
f 2300/147/1102 2307/147/1102 2301/147/1102
f 2301/147/1114 2307/147/1184 2308/147/1114
f 2301/147/1114 2308/147/1114 2302/147/1115
f 2302/147/1124 2308/147/1126 2309/147/1124
f 2302/147/1124 2309/147/1124 2303/147/1185
f 2303/147/1110 2309/147/1110 2310/147/1110
f 2303/147/1110 2310/147/1110 2304/147/1110
f 2304/147/1121 2310/147/1186 2305/147/1121
f 2304/147/1121 2305/147/1121 2299/147/1122
f 2305/147/1187 2311/147/1188 2312/147/1189
f 2305/147/1187 2312/147/1189 2306/147/1190
f 2306/147/1102 2312/147/1102 2313/147/1102
f 2306/147/1102 2313/147/1102 2307/147/1102
f 2307/147/1191 2313/147/1192 2314/147/1191
f 2307/147/1191 2314/147/1191 2308/147/1191
f 2308/147/1193 2314/147/1137 2315/147/1193
f 2308/147/1193 2315/147/1193 2309/147/1193
f 2309/147/1110 2315/147/1110 2316/147/1110
f 2309/147/1110 2316/147/1110 2310/147/1110
f 2310/147/1194 2316/147/1195 2311/147/1134
f 2310/147/1194 2311/147/1134 2305/147/1194
f 2311/147/1141 2317/147/1196 2318/147/1196
f 2311/147/1141 2318/147/1196 2312/147/1333
f 2312/147/1102 2318/147/1102 2319/147/1102
f 2312/147/1102 2319/147/1102 2313/147/1102
f 2313/147/1197 2319/147/1197 2320/147/1197
f 2313/147/1197 2320/147/1197 2314/147/1138
f 2314/147/1199 2320/147/1199 2321/147/1199
f 2314/147/1199 2321/147/1199 2315/147/1200
f 2315/147/1110 2321/147/1110 2322/147/1110
f 2315/147/1110 2322/147/1110 2316/147/1110
f 2316/147/1201 2322/147/1202 2317/147/1203
f 2316/147/1201 2317/147/1203 2311/147/1204
f 2317/147/1151 2323/147/1205 2324/147/1151
f 2317/147/1151 2324/147/1151 2318/147/1206
f 2318/147/1102 2324/147/1102 2325/147/1102
f 2318/147/1102 2325/147/1102 2319/147/1102
f 2319/147/1148 2325/147/1207 2326/147/1148
f 2319/147/1148 2326/147/1148 2320/147/1149
f 2320/147/1159 2326/147/1157 2327/147/1159
f 2320/147/1159 2327/147/1159 2321/147/1208
f 2321/147/1110 2327/147/1110 2328/147/1110
f 2321/147/1110 2328/147/1110 2322/147/1110
f 2322/147/1209 2328/147/1210 2323/147/1154
f 2322/147/1209 2323/147/1154 2317/147/1155
f 2323/147/1165 2257/147/1164 2258/147/1164
f 2323/147/1165 2258/147/1164 2324/147/1211
f 2324/147/1102 2258/147/1102 2259/147/1102
f 2324/147/1102 2259/147/1102 2325/147/1102
f 2325/147/1162 2259/147/1161 2260/147/1212
f 2325/147/1162 2260/147/1212 2326/147/1213
f 2326/147/1172 2260/147/1214 2261/147/1215
f 2326/147/1172 2261/147/1215 2327/147/1216
f 2327/147/1110 2261/147/1110 2262/147/1110
f 2327/147/1110 2262/147/1110 2328/147/1110
f 2328/147/1168 2262/147/1217 2257/147/1217
f 2328/147/1168 2257/147/1217 2323/147/1334
f 2329/147/1219 2335/147/1220 2336/147/1221
f 2329/147/1219 2336/147/1221 2330/147/1219
f 2330/147/962 2336/147/962 2337/147/962
f 2330/147/962 2337/147/962 2331/147/962
f 2331/147/1222 2337/147/1223 2338/147/1224
f 2331/147/1222 2338/147/1224 2332/147/1225
f 2332/147/1226 2338/147/1227 2339/147/1228
f 2332/147/1226 2339/147/1228 2333/147/1229
f 2333/147/963 2339/147/963 2340/147/963
f 2333/147/963 2340/147/963 2334/147/963
f 2334/147/1230 2340/147/1231 2335/147/1232
f 2334/147/1230 2335/147/1232 2329/147/1230
f 2335/147/1233 2341/147/1233 2342/147/1233
f 2335/147/1233 2342/147/1233 2336/147/1233
f 2336/147/962 2342/147/962 2343/147/962
f 2336/147/962 2343/147/962 2337/147/962
f 2337/147/1234 2343/147/1235 2344/147/1234
f 2337/147/1234 2344/147/1234 2338/147/1236
f 2338/147/1237 2344/147/1238 2345/147/1237
f 2338/147/1237 2345/147/1237 2339/147/1239
f 2339/147/963 2345/147/963 2346/147/963
f 2339/147/963 2346/147/963 2340/147/963
f 2340/147/1240 2346/147/1240 2341/147/1240
f 2340/147/1240 2341/147/1240 2335/147/1240
f 2341/147/1241 2347/147/1241 2348/147/1241
f 2341/147/1241 2348/147/1241 2342/147/1241
f 2342/147/962 2348/147/962 2349/147/962
f 2342/147/962 2349/147/962 2343/147/962
f 2343/147/1242 2349/147/1243 2350/147/1242
f 2343/147/1242 2350/147/1242 2344/147/1242
f 2344/147/1244 2350/147/1245 2351/147/1244
f 2344/147/1244 2351/147/1244 2345/147/1244
f 2345/147/963 2351/147/963 2352/147/963
f 2345/147/963 2352/147/963 2346/147/963
f 2346/147/1246 2352/147/1335 2347/147/1246
f 2346/147/1246 2347/147/1246 2341/147/1246
f 2347/147/1248 2353/147/1248 2354/147/1248
f 2347/147/1248 2354/147/1248 2348/147/1336
f 2348/147/962 2354/147/962 2355/147/962
f 2348/147/962 2355/147/962 2349/147/962
f 2349/147/1251 2355/147/1251 2356/147/1251
f 2349/147/1251 2356/147/1251 2350/147/1252
f 2350/147/1253 2356/147/1253 2357/147/1253
f 2350/147/1253 2357/147/1253 2351/147/1254
f 2351/147/963 2357/147/963 2358/147/963
f 2351/147/963 2358/147/963 2352/147/963
f 2352/147/1255 2358/147/1255 2353/147/1255
f 2352/147/1255 2353/147/1255 2347/147/1255
f 2353/147/1256 2359/147/1256 2360/147/1256
f 2353/147/1256 2360/147/1256 2354/147/1256
f 2354/147/962 2360/147/962 2361/147/962
f 2354/147/962 2361/147/962 2355/147/962
f 2355/147/1258 2361/147/1259 2362/147/1258
f 2355/147/1258 2362/147/1258 2356/147/1260
f 2356/147/1261 2362/147/1317 2363/147/1261
f 2356/147/1261 2363/147/1261 2357/147/1263
f 2357/147/963 2363/147/963 2364/147/963
f 2357/147/963 2364/147/963 2358/147/963
f 2358/147/1264 2364/147/1264 2359/147/1264
f 2358/147/1264 2359/147/1264 2353/147/1264
f 2359/147/1265 2365/147/1266 2366/147/1266
f 2359/147/1265 2366/147/1266 2360/147/1267
f 2360/147/962 2366/147/962 2367/147/962
f 2360/147/962 2367/147/962 2361/147/962
f 2361/147/1268 2367/147/1269 2368/147/1270
f 2361/147/1268 2368/147/1270 2362/147/1271
f 2362/147/1272 2368/147/1337 2369/147/1274
f 2362/147/1272 2369/147/1274 2363/147/1275
f 2363/147/963 2369/147/963 2370/147/963
f 2363/147/963 2370/147/963 2364/147/963
f 2364/147/1276 2370/147/1277 2365/147/1277
f 2364/147/1276 2365/147/1277 2359/147/1278
f 2365/147/1279 2371/147/1280 2372/147/1224
f 2365/147/1279 2372/147/1224 2366/147/1279
f 2366/147/962 2372/147/962 2373/147/962
f 2366/147/962 2373/147/962 2367/147/962
f 2367/147/1338 2373/147/1281 2374/147/1221
f 2367/147/1338 2374/147/1221 2368/147/1282
f 2368/147/1283 2374/147/1284 2375/147/1230
f 2368/147/1283 2375/147/1230 2369/147/1232
f 2369/147/963 2375/147/963 2376/147/963
f 2369/147/963 2376/147/963 2370/147/963
f 2370/147/1228 2376/147/1285 2371/147/1229
f 2370/147/1228 2371/147/1229 2365/147/1228
f 2371/147/1234 2377/147/1286 2378/147/1236
f 2371/147/1234 2378/147/1236 2372/147/1339
f 2372/147/962 2378/147/962 2379/147/962
f 2372/147/962 2379/147/962 2373/147/962
f 2373/147/1288 2379/147/1288 2380/147/1288
f 2373/147/1288 2380/147/1288 2374/147/1288
f 2374/147/1289 2380/147/1289 2381/147/1289
f 2374/147/1289 2381/147/1289 2375/147/1289
f 2375/147/963 2381/147/963 2382/147/963
f 2375/147/963 2382/147/963 2376/147/963
f 2376/147/1237 2382/147/1290 2377/147/1237
f 2376/147/1237 2377/147/1237 2371/147/1291
f 2377/147/1292 2383/147/1293 2384/147/1294
f 2377/147/1292 2384/147/1294 2378/147/1295
f 2378/147/962 2384/147/962 2385/147/962
f 2378/147/962 2385/147/962 2379/147/962
f 2379/147/1296 2385/147/1297 2386/147/1296
f 2379/147/1296 2386/147/1296 2380/147/1298
f 2380/147/1299 2386/147/1335 2387/147/1299
f 2380/147/1299 2387/147/1299 2381/147/1300
f 2381/147/963 2387/147/963 2388/147/963
f 2381/147/963 2388/147/963 2382/147/963
f 2382/147/1301 2388/147/1302 2383/147/1245
f 2382/147/1301 2383/147/1245 2377/147/1301
f 2383/147/1252 2389/147/1303 2390/147/1303
f 2383/147/1252 2390/147/1303 2384/147/1340
f 2384/147/962 2390/147/962 2391/147/962
f 2384/147/962 2391/147/962 2385/147/962
f 2385/147/1304 2391/147/1305 2392/147/1304
f 2385/147/1304 2392/147/1304 2386/147/1336
f 2386/147/1306 2392/147/1307 2393/147/1306
f 2386/147/1306 2393/147/1306 2387/147/1308
f 2387/147/963 2393/147/963 2394/147/963
f 2387/147/963 2394/147/963 2388/147/963
f 2388/147/1309 2394/147/1341 2389/147/1311
f 2388/147/1309 2389/147/1311 2383/147/1312
f 2389/147/1258 2395/147/1313 2396/147/1258
f 2389/147/1258 2396/147/1258 2390/147/1314
f 2390/147/962 2396/147/962 2397/147/962
f 2390/147/962 2397/147/962 2391/147/962
f 2391/147/1315 2397/147/1315 2398/147/1315
f 2391/147/1315 2398/147/1315 2392/147/1315
f 2392/147/1316 2398/147/1316 2399/147/1316
f 2392/147/1316 2399/147/1316 2393/147/1316
f 2393/147/963 2399/147/963 2400/147/963
f 2393/147/963 2400/147/963 2394/147/963
f 2394/147/1317 2400/147/1318 2395/147/1261
f 2394/147/1317 2395/147/1261 2389/147/1262
f 2395/147/1269 2329/147/1268 2330/147/1268
f 2395/147/1269 2330/147/1268 2396/147/1319
f 2396/147/962 2330/147/962 2331/147/962
f 2396/147/962 2331/147/962 2397/147/962
f 2397/147/1266 2331/147/1265 2332/147/1342
f 2397/147/1266 2332/147/1342 2398/147/1321
f 2398/147/1276 2332/147/1343 2333/147/1323
f 2398/147/1276 2333/147/1323 2399/147/1324
f 2399/147/963 2333/147/963 2334/147/963
f 2399/147/963 2334/147/963 2400/147/963
f 2400/147/1272 2334/147/1325 2329/147/1325
f 2400/147/1272 2329/147/1325 2395/147/1326
f 2401/147/1099 2407/147/1100 2408/147/1101
f 2401/147/1099 2408/147/1101 2402/147/1099
f 2402/147/1102 2408/147/1102 2409/147/1102
f 2402/147/1102 2409/147/1102 2403/147/1102
f 2403/147/1344 2409/147/1104 2410/147/1103
f 2403/147/1344 2410/147/1103 2404/147/1105
f 2404/147/1328 2410/147/1345 2411/147/1108
f 2404/147/1328 2411/147/1108 2405/147/1109
f 2405/147/1110 2411/147/1110 2412/147/1110
f 2405/147/1110 2412/147/1110 2406/147/1110
f 2406/147/1111 2412/147/1112 2407/147/1113
f 2406/147/1111 2407/147/1113 2401/147/1111
f 2407/147/1114 2413/147/1115 2414/147/1116
f 2407/147/1114 2414/147/1116 2408/147/1117
f 2408/147/1102 2414/147/1102 2415/147/1102
f 2408/147/1102 2415/147/1102 2409/147/1102
f 2409/147/1118 2415/147/1119 2416/147/1118
f 2409/147/1118 2416/147/1118 2410/147/1120
f 2410/147/1121 2416/147/1122 2417/147/1121
f 2410/147/1121 2417/147/1121 2411/147/1123
f 2411/147/1110 2417/147/1110 2418/147/1110
f 2411/147/1110 2418/147/1110 2412/147/1110
f 2412/147/1124 2418/147/1125 2413/147/1124
f 2412/147/1124 2413/147/1124 2407/147/1329
f 2413/147/1127 2419/147/1128 2420/147/1129
f 2413/147/1127 2420/147/1129 2414/147/1130
f 2414/147/1102 2420/147/1102 2421/147/1102
f 2414/147/1102 2421/147/1102 2415/147/1102
f 2415/147/1131 2421/147/1132 2422/147/1131
f 2415/147/1131 2422/147/1131 2416/147/1131
f 2416/147/1133 2422/147/1134 2423/147/1133
f 2416/147/1133 2423/147/1133 2417/147/1133
f 2417/147/1110 2423/147/1110 2424/147/1110
f 2417/147/1110 2424/147/1110 2418/147/1110
f 2418/147/1135 2424/147/1136 2419/147/1137
f 2418/147/1135 2419/147/1137 2413/147/1135
f 2419/147/1138 2425/147/1139 2426/147/1139
f 2419/147/1138 2426/147/1139 2420/147/1138
f 2420/147/1102 2426/147/1102 2427/147/1102
f 2420/147/1102 2427/147/1102 2421/147/1102
f 2421/147/1140 2427/147/1140 2428/147/1140
f 2421/147/1140 2428/147/1140 2422/147/1141
f 2422/147/1142 2428/147/1142 2429/147/1142
f 2422/147/1142 2429/147/1142 2423/147/1330
f 2423/147/1110 2429/147/1110 2430/147/1110
f 2423/147/1110 2430/147/1110 2424/147/1110
f 2424/147/1144 2430/147/1145 2425/147/1146
f 2424/147/1144 2425/147/1146 2419/147/1147
f 2425/147/1148 2431/147/1149 2432/147/1148
f 2425/147/1148 2432/147/1148 2426/147/1150
f 2426/147/1102 2432/147/1102 2433/147/1102
f 2426/147/1102 2433/147/1102 2427/147/1102
f 2427/147/1151 2433/147/1152 2434/147/1151
f 2427/147/1151 2434/147/1151 2428/147/1153
f 2428/147/1154 2434/147/1155 2435/147/1154
f 2428/147/1154 2435/147/1154 2429/147/1156
f 2429/147/1110 2435/147/1110 2436/147/1110
f 2429/147/1110 2436/147/1110 2430/147/1110
f 2430/147/1157 2436/147/1158 2431/147/1159
f 2430/147/1157 2431/147/1159 2425/147/1160
f 2431/147/1161 2437/147/1162 2438/147/1162
f 2431/147/1161 2438/147/1162 2432/147/1163
f 2432/147/1102 2438/147/1102 2439/147/1102
f 2432/147/1102 2439/147/1102 2433/147/1102
f 2433/147/1164 2439/147/1165 2440/147/1166
f 2433/147/1164 2440/147/1166 2434/147/1167
f 2434/147/1168 2440/147/1169 2441/147/1168
f 2434/147/1168 2441/147/1168 2435/147/1171
f 2435/147/1110 2441/147/1110 2442/147/1110
f 2435/147/1110 2442/147/1110 2436/147/1110
f 2436/147/1172 2442/147/1173 2437/147/1173
f 2436/147/1172 2437/147/1173 2431/147/1174
f 2437/147/1175 2443/147/1176 2444/147/1103
f 2437/147/1175 2444/147/1103 2438/147/1175
f 2438/147/1102 2444/147/1102 2445/147/1102
f 2438/147/1102 2445/147/1102 2439/147/1102
f 2439/147/1346 2445/147/1177 2446/147/1101
f 2439/147/1346 2446/147/1101 2440/147/1347
f 2440/147/1179 2446/147/1180 2447/147/1111
f 2440/147/1179 2447/147/1111 2441/147/1113
f 2441/147/1110 2447/147/1110 2448/147/1110
f 2441/147/1110 2448/147/1110 2442/147/1110
f 2442/147/1108 2448/147/1181 2443/147/1109
f 2442/147/1108 2443/147/1109 2437/147/1108
f 2443/147/1118 2449/147/1120 2450/147/1182
f 2443/147/1118 2450/147/1182 2444/147/1348
f 2444/147/1102 2450/147/1102 2451/147/1102
f 2444/147/1102 2451/147/1102 2445/147/1102
f 2445/147/1114 2451/147/1184 2452/147/1114
f 2445/147/1114 2452/147/1114 2446/147/1116
f 2446/147/1124 2452/147/1126 2453/147/1124
f 2446/147/1124 2453/147/1124 2447/147/1185
f 2447/147/1110 2453/147/1110 2454/147/1110
f 2447/147/1110 2454/147/1110 2448/147/1110
f 2448/147/1121 2454/147/1186 2449/147/1121
f 2448/147/1121 2449/147/1121 2443/147/1349
f 2449/147/1187 2455/147/1188 2456/147/1189
f 2449/147/1187 2456/147/1189 2450/147/1190
f 2450/147/1102 2456/147/1102 2457/147/1102
f 2450/147/1102 2457/147/1102 2451/147/1102
f 2451/147/1191 2457/147/1192 2458/147/1191
f 2451/147/1191 2458/147/1191 2452/147/1350
f 2452/147/1193 2458/147/1137 2459/147/1193
f 2452/147/1193 2459/147/1193 2453/147/1193
f 2453/147/1110 2459/147/1110 2460/147/1110
f 2453/147/1110 2460/147/1110 2454/147/1110
f 2454/147/1194 2460/147/1195 2455/147/1134
f 2454/147/1194 2455/147/1134 2449/147/1194
f 2455/147/1141 2461/147/1196 2462/147/1196
f 2455/147/1141 2462/147/1196 2456/147/1333
f 2456/147/1102 2462/147/1102 2463/147/1102
f 2456/147/1102 2463/147/1102 2457/147/1102
f 2457/147/1197 2463/147/1197 2464/147/1197
f 2457/147/1197 2464/147/1197 2458/147/1138
f 2458/147/1199 2464/147/1199 2465/147/1199
f 2458/147/1199 2465/147/1199 2459/147/1200
f 2459/147/1110 2465/147/1110 2466/147/1110
f 2459/147/1110 2466/147/1110 2460/147/1110
f 2460/147/1201 2466/147/1202 2461/147/1202
f 2460/147/1201 2461/147/1202 2455/147/1204
f 2461/147/1151 2467/147/1153 2468/147/1151
f 2461/147/1151 2468/147/1151 2462/147/1206
f 2462/147/1102 2468/147/1102 2469/147/1102
f 2462/147/1102 2469/147/1102 2463/147/1102
f 2463/147/1148 2469/147/1207 2470/147/1148
f 2463/147/1148 2470/147/1148 2464/147/1149
f 2464/147/1159 2470/147/1160 2471/147/1159
f 2464/147/1159 2471/147/1159 2465/147/1208
f 2465/147/1110 2471/147/1110 2472/147/1110
f 2465/147/1110 2472/147/1110 2466/147/1110
f 2466/147/1209 2472/147/1210 2467/147/1154
f 2466/147/1209 2467/147/1154 2461/147/1155
f 2467/147/1165 2401/147/1164 2402/147/1164
f 2467/147/1165 2402/147/1164 2468/147/1211
f 2468/147/1102 2402/147/1102 2403/147/1102
f 2468/147/1102 2403/147/1102 2469/147/1102
f 2469/147/1162 2403/147/1161 2404/147/1212
f 2469/147/1162 2404/147/1212 2470/147/1351
f 2470/147/1172 2404/147/1214 2405/147/1215
f 2470/147/1172 2405/147/1215 2471/147/1216
f 2471/147/1110 2405/147/1110 2406/147/1110
f 2471/147/1110 2406/147/1110 2472/147/1110
f 2472/147/1168 2406/147/1217 2401/147/1217
f 2472/147/1168 2401/147/1217 2467/147/1334
f 2473/147/1219 2479/147/1220 2480/147/1221
f 2473/147/1219 2480/147/1221 2474/147/1219
f 2474/147/962 2480/147/962 2481/147/962
f 2474/147/962 2481/147/962 2475/147/962
f 2475/147/1222 2481/147/1223 2482/147/1224
f 2475/147/1222 2482/147/1224 2476/147/1225
f 2476/147/1226 2482/147/1227 2483/147/1228
f 2476/147/1226 2483/147/1228 2477/147/1229
f 2477/147/963 2483/147/963 2484/147/963
f 2477/147/963 2484/147/963 2478/147/963
f 2478/147/1230 2484/147/1231 2479/147/1232
f 2478/147/1230 2479/147/1232 2473/147/1230
f 2479/147/1233 2485/147/1233 2486/147/1233
f 2479/147/1233 2486/147/1233 2480/147/1233
f 2480/147/962 2486/147/962 2487/147/962
f 2480/147/962 2487/147/962 2481/147/962
f 2481/147/1234 2487/147/1235 2488/147/1234
f 2481/147/1234 2488/147/1234 2482/147/1236
f 2482/147/1237 2488/147/1238 2489/147/1237
f 2482/147/1237 2489/147/1237 2483/147/1239
f 2483/147/963 2489/147/963 2490/147/963
f 2483/147/963 2490/147/963 2484/147/963
f 2484/147/1240 2490/147/1240 2485/147/1240
f 2484/147/1240 2485/147/1240 2479/147/1240
f 2485/147/1241 2491/147/1241 2492/147/1241
f 2485/147/1241 2492/147/1241 2486/147/1241
f 2486/147/962 2492/147/962 2493/147/962
f 2486/147/962 2493/147/962 2487/147/962
f 2487/147/1242 2493/147/1243 2494/147/1242
f 2487/147/1242 2494/147/1242 2488/147/1242
f 2488/147/1244 2494/147/1245 2495/147/1244
f 2488/147/1244 2495/147/1244 2489/147/1244
f 2489/147/963 2495/147/963 2496/147/963
f 2489/147/963 2496/147/963 2490/147/963
f 2490/147/1246 2496/147/1335 2491/147/1246
f 2490/147/1246 2491/147/1246 2485/147/1246
f 2491/147/1248 2497/147/1248 2498/147/1248
f 2491/147/1248 2498/147/1248 2492/147/1336
f 2492/147/962 2498/147/962 2499/147/962
f 2492/147/962 2499/147/962 2493/147/962
f 2493/147/1251 2499/147/1251 2500/147/1251
f 2493/147/1251 2500/147/1251 2494/147/1252
f 2494/147/1253 2500/147/1253 2501/147/1253
f 2494/147/1253 2501/147/1253 2495/147/1254
f 2495/147/963 2501/147/963 2502/147/963
f 2495/147/963 2502/147/963 2496/147/963
f 2496/147/1255 2502/147/1255 2497/147/1255
f 2496/147/1255 2497/147/1255 2491/147/1255
f 2497/147/1256 2503/147/1256 2504/147/1256
f 2497/147/1256 2504/147/1256 2498/147/1256
f 2498/147/962 2504/147/962 2505/147/962
f 2498/147/962 2505/147/962 2499/147/962
f 2499/147/1258 2505/147/1259 2506/147/1258
f 2499/147/1258 2506/147/1258 2500/147/1260
f 2500/147/1261 2506/147/1317 2507/147/1261
f 2500/147/1261 2507/147/1261 2501/147/1263
f 2501/147/963 2507/147/963 2508/147/963
f 2501/147/963 2508/147/963 2502/147/963
f 2502/147/1264 2508/147/1264 2503/147/1264
f 2502/147/1264 2503/147/1264 2497/147/1264
f 2503/147/1265 2509/147/1266 2510/147/1266
f 2503/147/1265 2510/147/1266 2504/147/1267
f 2504/147/962 2510/147/962 2511/147/962
f 2504/147/962 2511/147/962 2505/147/962
f 2505/147/1268 2511/147/1269 2512/147/1270
f 2505/147/1268 2512/147/1270 2506/147/1271
f 2506/147/1272 2512/147/1337 2513/147/1274
f 2506/147/1272 2513/147/1274 2507/147/1275
f 2507/147/963 2513/147/963 2514/147/963
f 2507/147/963 2514/147/963 2508/147/963
f 2508/147/1276 2514/147/1277 2509/147/1277
f 2508/147/1276 2509/147/1277 2503/147/1278
f 2509/147/1279 2515/147/1280 2516/147/1224
f 2509/147/1279 2516/147/1224 2510/147/1279
f 2510/147/962 2516/147/962 2517/147/962
f 2510/147/962 2517/147/962 2511/147/962
f 2511/147/1338 2517/147/1281 2518/147/1221
f 2511/147/1338 2518/147/1221 2512/147/1352
f 2512/147/1283 2518/147/1284 2519/147/1230
f 2512/147/1283 2519/147/1230 2513/147/1232
f 2513/147/963 2519/147/963 2520/147/963
f 2513/147/963 2520/147/963 2514/147/963
f 2514/147/1228 2520/147/1285 2515/147/1229
f 2514/147/1228 2515/147/1229 2509/147/1228
f 2515/147/1234 2521/147/1286 2522/147/1236
f 2515/147/1234 2522/147/1236 2516/147/1339
f 2516/147/962 2522/147/962 2523/147/962
f 2516/147/962 2523/147/962 2517/147/962
f 2517/147/1288 2523/147/1288 2524/147/1288
f 2517/147/1288 2524/147/1288 2518/147/1288
f 2518/147/1289 2524/147/1289 2525/147/1289
f 2518/147/1289 2525/147/1289 2519/147/1289
f 2519/147/963 2525/147/963 2526/147/963
f 2519/147/963 2526/147/963 2520/147/963
f 2520/147/1237 2526/147/1290 2521/147/1237
f 2520/147/1237 2521/147/1237 2515/147/1291
f 2521/147/1292 2527/147/1293 2528/147/1294
f 2521/147/1292 2528/147/1294 2522/147/1295
f 2522/147/962 2528/147/962 2529/147/962
f 2522/147/962 2529/147/962 2523/147/962
f 2523/147/1296 2529/147/1297 2530/147/1296
f 2523/147/1296 2530/147/1296 2524/147/1298
f 2524/147/1299 2530/147/1335 2531/147/1299
f 2524/147/1299 2531/147/1299 2525/147/1300
f 2525/147/963 2531/147/963 2532/147/963
f 2525/147/963 2532/147/963 2526/147/963
f 2526/147/1301 2532/147/1302 2527/147/1245
f 2526/147/1301 2527/147/1245 2521/147/1301
f 2527/147/1252 2533/147/1303 2534/147/1303
f 2527/147/1252 2534/147/1303 2528/147/1340
f 2528/147/962 2534/147/962 2535/147/962
f 2528/147/962 2535/147/962 2529/147/962
f 2529/147/1304 2535/147/1305 2536/147/1304
f 2529/147/1304 2536/147/1304 2530/147/1336
f 2530/147/1306 2536/147/1307 2537/147/1306
f 2530/147/1306 2537/147/1306 2531/147/1308
f 2531/147/963 2537/147/963 2538/147/963
f 2531/147/963 2538/147/963 2532/147/963
f 2532/147/1309 2538/147/1310 2533/147/1311
f 2532/147/1309 2533/147/1311 2527/147/1312
f 2533/147/1258 2539/147/1313 2540/147/1258
f 2533/147/1258 2540/147/1258 2534/147/1314
f 2534/147/962 2540/147/962 2541/147/962
f 2534/147/962 2541/147/962 2535/147/962
f 2535/147/1315 2541/147/1315 2542/147/1315
f 2535/147/1315 2542/147/1315 2536/147/1315
f 2536/147/1316 2542/147/1316 2543/147/1316
f 2536/147/1316 2543/147/1316 2537/147/1316
f 2537/147/963 2543/147/963 2544/147/963
f 2537/147/963 2544/147/963 2538/147/963
f 2538/147/1317 2544/147/1353 2539/147/1261
f 2538/147/1317 2539/147/1261 2533/147/1262
f 2539/147/1269 2473/147/1268 2474/147/1268
f 2539/147/1269 2474/147/1268 2540/147/1319
f 2540/147/962 2474/147/962 2475/147/962
f 2540/147/962 2475/147/962 2541/147/962
f 2541/147/1266 2475/147/1265 2476/147/1342
f 2541/147/1266 2476/147/1342 2542/147/1354
f 2542/147/1276 2476/147/1355 2477/147/1323
f 2542/147/1276 2477/147/1323 2543/147/1324
f 2543/147/963 2477/147/963 2478/147/963
f 2543/147/963 2478/147/963 2544/147/963
f 2544/147/1272 2478/147/1325 2473/147/1325
f 2544/147/1272 2473/147/1325 2539/147/1326
f 2545/147/1099 2551/147/1100 2552/147/1101
f 2545/147/1099 2552/147/1101 2546/147/1099
f 2546/147/1102 2552/147/1102 2553/147/1102
f 2546/147/1102 2553/147/1102 2547/147/1102
f 2547/147/1103 2553/147/1104 2554/147/1103
f 2547/147/1103 2554/147/1103 2548/147/1105
f 2548/147/1328 2554/147/1107 2555/147/1108
f 2548/147/1328 2555/147/1108 2549/147/1109
f 2549/147/1110 2555/147/1110 2556/147/1110
f 2549/147/1110 2556/147/1110 2550/147/1110
f 2550/147/1111 2556/147/1112 2551/147/1113
f 2550/147/1111 2551/147/1113 2545/147/1111
f 2551/147/1114 2557/147/1115 2558/147/1116
f 2551/147/1114 2558/147/1116 2552/147/1117
f 2552/147/1102 2558/147/1102 2559/147/1102
f 2552/147/1102 2559/147/1102 2553/147/1102
f 2553/147/1118 2559/147/1119 2560/147/1118
f 2553/147/1118 2560/147/1118 2554/147/1120
f 2554/147/1121 2560/147/1122 2561/147/1121
f 2554/147/1121 2561/147/1121 2555/147/1123
f 2555/147/1110 2561/147/1110 2562/147/1110
f 2555/147/1110 2562/147/1110 2556/147/1110
f 2556/147/1124 2562/147/1125 2557/147/1124
f 2556/147/1124 2557/147/1124 2551/147/1126
f 2557/147/1127 2563/147/1128 2564/147/1129
f 2557/147/1127 2564/147/1129 2558/147/1130
f 2558/147/1102 2564/147/1102 2565/147/1102
f 2558/147/1102 2565/147/1102 2559/147/1102
f 2559/147/1131 2565/147/1132 2566/147/1131
f 2559/147/1131 2566/147/1131 2560/147/1131
f 2560/147/1133 2566/147/1134 2567/147/1133
f 2560/147/1133 2567/147/1133 2561/147/1133
f 2561/147/1110 2567/147/1110 2568/147/1110
f 2561/147/1110 2568/147/1110 2562/147/1110
f 2562/147/1135 2568/147/1136 2563/147/1137
f 2562/147/1135 2563/147/1137 2557/147/1135
f 2563/147/1138 2569/147/1139 2570/147/1139
f 2563/147/1138 2570/147/1139 2564/147/1138
f 2564/147/1102 2570/147/1102 2571/147/1102
f 2564/147/1102 2571/147/1102 2565/147/1102
f 2565/147/1140 2571/147/1140 2572/147/1140
f 2565/147/1140 2572/147/1140 2566/147/1141
f 2566/147/1142 2572/147/1142 2573/147/1142
f 2566/147/1142 2573/147/1142 2567/147/1330
f 2567/147/1110 2573/147/1110 2574/147/1110
f 2567/147/1110 2574/147/1110 2568/147/1110
f 2568/147/1144 2574/147/1145 2569/147/1146
f 2568/147/1144 2569/147/1146 2563/147/1147
f 2569/147/1148 2575/147/1331 2576/147/1148
f 2569/147/1148 2576/147/1148 2570/147/1150
f 2570/147/1102 2576/147/1102 2577/147/1102
f 2570/147/1102 2577/147/1102 2571/147/1102
f 2571/147/1151 2577/147/1152 2578/147/1151
f 2571/147/1151 2578/147/1151 2572/147/1153
f 2572/147/1154 2578/147/1155 2579/147/1154
f 2572/147/1154 2579/147/1154 2573/147/1156
f 2573/147/1110 2579/147/1110 2580/147/1110
f 2573/147/1110 2580/147/1110 2574/147/1110
f 2574/147/1157 2580/147/1158 2575/147/1159
f 2574/147/1157 2575/147/1159 2569/147/1160
f 2575/147/1161 2581/147/1162 2582/147/1162
f 2575/147/1161 2582/147/1162 2576/147/1163
f 2576/147/1102 2582/147/1102 2583/147/1102
f 2576/147/1102 2583/147/1102 2577/147/1102
f 2577/147/1164 2583/147/1165 2584/147/1166
f 2577/147/1164 2584/147/1166 2578/147/1167
f 2578/147/1168 2584/147/1169 2585/147/1168
f 2578/147/1168 2585/147/1168 2579/147/1171
f 2579/147/1110 2585/147/1110 2586/147/1110
f 2579/147/1110 2586/147/1110 2580/147/1110
f 2580/147/1172 2586/147/1173 2581/147/1173
f 2580/147/1172 2581/147/1173 2575/147/1356
f 2581/147/1175 2587/147/1176 2588/147/1103
f 2581/147/1175 2588/147/1103 2582/147/1175
f 2582/147/1102 2588/147/1102 2589/147/1102
f 2582/147/1102 2589/147/1102 2583/147/1102
f 2583/147/1346 2589/147/1177 2590/147/1101
f 2583/147/1346 2590/147/1101 2584/147/1178
f 2584/147/1179 2590/147/1180 2591/147/1111
f 2584/147/1179 2591/147/1111 2585/147/1113
f 2585/147/1110 2591/147/1110 2592/147/1110
f 2585/147/1110 2592/147/1110 2586/147/1110
f 2586/147/1108 2592/147/1181 2587/147/1109
f 2586/147/1108 2587/147/1109 2581/147/1108
f 2587/147/1118 2593/147/1120 2594/147/1182
f 2587/147/1118 2594/147/1182 2588/147/1183
f 2588/147/1102 2594/147/1102 2595/147/1102
f 2588/147/1102 2595/147/1102 2589/147/1102
f 2589/147/1114 2595/147/1184 2596/147/1114
f 2589/147/1114 2596/147/1114 2590/147/1116
f 2590/147/1124 2596/147/1126 2597/147/1124
f 2590/147/1124 2597/147/1124 2591/147/1185
f 2591/147/1110 2597/147/1110 2598/147/1110
f 2591/147/1110 2598/147/1110 2592/147/1110
f 2592/147/1121 2598/147/1186 2593/147/1121
f 2592/147/1121 2593/147/1121 2587/147/1122
f 2593/147/1187 2599/147/1188 2600/147/1189
f 2593/147/1187 2600/147/1189 2594/147/1190
f 2594/147/1102 2600/147/1102 2601/147/1102
f 2594/147/1102 2601/147/1102 2595/147/1102
f 2595/147/1191 2601/147/1192 2602/147/1191
f 2595/147/1191 2602/147/1191 2596/147/1191
f 2596/147/1193 2602/147/1136 2603/147/1193
f 2596/147/1193 2603/147/1193 2597/147/1193
f 2597/147/1110 2603/147/1110 2604/147/1110
f 2597/147/1110 2604/147/1110 2598/147/1110
f 2598/147/1194 2604/147/1195 2599/147/1134
f 2598/147/1194 2599/147/1134 2593/147/1194
f 2599/147/1141 2605/147/1196 2606/147/1196
f 2599/147/1141 2606/147/1196 2600/147/1141
f 2600/147/1102 2606/147/1102 2607/147/1102
f 2600/147/1102 2607/147/1102 2601/147/1102
f 2601/147/1197 2607/147/1197 2608/147/1197
f 2601/147/1197 2608/147/1197 2602/147/1138
f 2602/147/1199 2608/147/1199 2609/147/1199
f 2602/147/1199 2609/147/1199 2603/147/1200
f 2603/147/1110 2609/147/1110 2610/147/1110
f 2603/147/1110 2610/147/1110 2604/147/1110
f 2604/147/1201 2610/147/1202 2605/147/1203
f 2604/147/1201 2605/147/1203 2599/147/1204
f 2605/147/1151 2611/147/1205 2612/147/1151
f 2605/147/1151 2612/147/1151 2606/147/1206
f 2606/147/1102 2612/147/1102 2613/147/1102
f 2606/147/1102 2613/147/1102 2607/147/1102
f 2607/147/1148 2613/147/1207 2614/147/1148
f 2607/147/1148 2614/147/1148 2608/147/1149
f 2608/147/1159 2614/147/1160 2615/147/1159
f 2608/147/1159 2615/147/1159 2609/147/1208
f 2609/147/1110 2615/147/1110 2616/147/1110
f 2609/147/1110 2616/147/1110 2610/147/1110
f 2610/147/1209 2616/147/1210 2611/147/1154
f 2610/147/1209 2611/147/1154 2605/147/1155
f 2611/147/1165 2545/147/1164 2546/147/1164
f 2611/147/1165 2546/147/1164 2612/147/1211
f 2612/147/1102 2546/147/1102 2547/147/1102
f 2612/147/1102 2547/147/1102 2613/147/1102
f 2613/147/1162 2547/147/1161 2548/147/1212
f 2613/147/1162 2548/147/1212 2614/147/1213
f 2614/147/1172 2548/147/1214 2549/147/1172
f 2614/147/1172 2549/147/1172 2615/147/1216
f 2615/147/1110 2549/147/1110 2550/147/1110
f 2615/147/1110 2550/147/1110 2616/147/1110
f 2616/147/1168 2550/147/1217 2545/147/1217
f 2616/147/1168 2545/147/1217 2611/147/1334
f 2617/147/1219 2623/147/1220 2624/147/1221
f 2617/147/1219 2624/147/1221 2618/147/1219
f 2618/147/962 2624/147/962 2625/147/962
f 2618/147/962 2625/147/962 2619/147/962
f 2619/147/1222 2625/147/1223 2626/147/1224
f 2619/147/1222 2626/147/1224 2620/147/1225
f 2620/147/1226 2626/147/1227 2627/147/1228
f 2620/147/1226 2627/147/1228 2621/147/1229
f 2621/147/963 2627/147/963 2628/147/963
f 2621/147/963 2628/147/963 2622/147/963
f 2622/147/1230 2628/147/1231 2623/147/1232
f 2622/147/1230 2623/147/1232 2617/147/1230
f 2623/147/1233 2629/147/1233 2630/147/1233
f 2623/147/1233 2630/147/1233 2624/147/1233
f 2624/147/962 2630/147/962 2631/147/962
f 2624/147/962 2631/147/962 2625/147/962
f 2625/147/1234 2631/147/1235 2632/147/1234
f 2625/147/1234 2632/147/1234 2626/147/1236
f 2626/147/1237 2632/147/1238 2633/147/1237
f 2626/147/1237 2633/147/1237 2627/147/1239
f 2627/147/963 2633/147/963 2634/147/963
f 2627/147/963 2634/147/963 2628/147/963
f 2628/147/1240 2634/147/1240 2629/147/1240
f 2628/147/1240 2629/147/1240 2623/147/1240
f 2629/147/1241 2635/147/1357 2636/147/1241
f 2629/147/1241 2636/147/1241 2630/147/1241
f 2630/147/962 2636/147/962 2637/147/962
f 2630/147/962 2637/147/962 2631/147/962
f 2631/147/1242 2637/147/1243 2638/147/1242
f 2631/147/1242 2638/147/1242 2632/147/1242
f 2632/147/1244 2638/147/1245 2639/147/1244
f 2632/147/1244 2639/147/1244 2633/147/1244
f 2633/147/963 2639/147/963 2640/147/963
f 2633/147/963 2640/147/963 2634/147/963
f 2634/147/1246 2640/147/1247 2635/147/1246
f 2634/147/1246 2635/147/1246 2629/147/1246
f 2635/147/1248 2641/147/1248 2642/147/1248
f 2635/147/1248 2642/147/1248 2636/147/1250
f 2636/147/962 2642/147/962 2643/147/962
f 2636/147/962 2643/147/962 2637/147/962
f 2637/147/1251 2643/147/1251 2644/147/1251
f 2637/147/1251 2644/147/1251 2638/147/1340
f 2638/147/1253 2644/147/1253 2645/147/1253
f 2638/147/1253 2645/147/1253 2639/147/1254
f 2639/147/963 2645/147/963 2646/147/963
f 2639/147/963 2646/147/963 2640/147/963
f 2640/147/1255 2646/147/1255 2641/147/1255
f 2640/147/1255 2641/147/1255 2635/147/1255
f 2641/147/1256 2647/147/1256 2648/147/1256
f 2641/147/1256 2648/147/1256 2642/147/1256
f 2642/147/962 2648/147/962 2649/147/962
f 2642/147/962 2649/147/962 2643/147/962
f 2643/147/1258 2649/147/1259 2650/147/1258
f 2643/147/1258 2650/147/1258 2644/147/1260
f 2644/147/1261 2650/147/1317 2651/147/1261
f 2644/147/1261 2651/147/1261 2645/147/1263
f 2645/147/963 2651/147/963 2652/147/963
f 2645/147/963 2652/147/963 2646/147/963
f 2646/147/1264 2652/147/1264 2647/147/1264
f 2646/147/1264 2647/147/1264 2641/147/1264
f 2647/147/1265 2653/147/1266 2654/147/1266
f 2647/147/1265 2654/147/1266 2648/147/1267
f 2648/147/962 2654/147/962 2655/147/962
f 2648/147/962 2655/147/962 2649/147/962
f 2649/147/1268 2655/147/1269 2656/147/1270
f 2649/147/1268 2656/147/1270 2650/147/1271
f 2650/147/1272 2656/147/1337 2657/147/1274
f 2650/147/1272 2657/147/1274 2651/147/1275
f 2651/147/963 2657/147/963 2658/147/963
f 2651/147/963 2658/147/963 2652/147/963
f 2652/147/1276 2658/147/1277 2653/147/1277
f 2652/147/1276 2653/147/1277 2647/147/1278
f 2653/147/1279 2659/147/1280 2660/147/1224
f 2653/147/1279 2660/147/1224 2654/147/1279
f 2654/147/962 2660/147/962 2661/147/962
f 2654/147/962 2661/147/962 2655/147/962
f 2655/147/1221 2661/147/1281 2662/147/1221
f 2655/147/1221 2662/147/1221 2656/147/1282
f 2656/147/1283 2662/147/1284 2663/147/1230
f 2656/147/1283 2663/147/1230 2657/147/1232
f 2657/147/963 2663/147/963 2664/147/963
f 2657/147/963 2664/147/963 2658/147/963
f 2658/147/1228 2664/147/1285 2659/147/1229
f 2658/147/1228 2659/147/1229 2653/147/1228
f 2659/147/1234 2665/147/1286 2666/147/1236
f 2659/147/1234 2666/147/1236 2660/147/1287
f 2660/147/962 2666/147/962 2667/147/962
f 2660/147/962 2667/147/962 2661/147/962
f 2661/147/1288 2667/147/1288 2668/147/1288
f 2661/147/1288 2668/147/1288 2662/147/1358
f 2662/147/1289 2668/147/1289 2669/147/1289
f 2662/147/1289 2669/147/1289 2663/147/1289
f 2663/147/963 2669/147/963 2670/147/963
f 2663/147/963 2670/147/963 2664/147/963
f 2664/147/1237 2670/147/1290 2665/147/1237
f 2664/147/1237 2665/147/1237 2659/147/1291
f 2665/147/1292 2671/147/1293 2672/147/1294
f 2665/147/1292 2672/147/1294 2666/147/1359
f 2666/147/962 2672/147/962 2673/147/962
f 2666/147/962 2673/147/962 2667/147/962
f 2667/147/1296 2673/147/1297 2674/147/1296
f 2667/147/1296 2674/147/1296 2668/147/1298
f 2668/147/1299 2674/147/1335 2675/147/1299
f 2668/147/1299 2675/147/1299 2669/147/1300
f 2669/147/963 2675/147/963 2676/147/963
f 2669/147/963 2676/147/963 2670/147/963
f 2670/147/1301 2676/147/1245 2671/147/1245
f 2670/147/1301 2671/147/1245 2665/147/1301
f 2671/147/1252 2677/147/1303 2678/147/1303
f 2671/147/1252 2678/147/1303 2672/147/1340
f 2672/147/962 2678/147/962 2679/147/962
f 2672/147/962 2679/147/962 2673/147/962
f 2673/147/1304 2679/147/1305 2680/147/1304
f 2673/147/1304 2680/147/1304 2674/147/1250
f 2674/147/1306 2680/147/1307 2681/147/1306
f 2674/147/1306 2681/147/1306 2675/147/1308
f 2675/147/963 2681/147/963 2682/147/963
f 2675/147/963 2682/147/963 2676/147/963
f 2676/147/1309 2682/147/1341 2677/147/1311
f 2676/147/1309 2677/147/1311 2671/147/1312
f 2677/147/1258 2683/147/1313 2684/147/1258
f 2677/147/1258 2684/147/1258 2678/147/1314
f 2678/147/962 2684/147/962 2685/147/962
f 2678/147/962 2685/147/962 2679/147/962
f 2679/147/1315 2685/147/1315 2686/147/1315
f 2679/147/1315 2686/147/1315 2680/147/1315
f 2680/147/1316 2686/147/1316 2687/147/1316
f 2680/147/1316 2687/147/1316 2681/147/1316
f 2681/147/963 2687/147/963 2688/147/963
f 2681/147/963 2688/147/963 2682/147/963
f 2682/147/1317 2688/147/1318 2683/147/1261
f 2682/147/1317 2683/147/1261 2677/147/1262
f 2683/147/1269 2617/147/1268 2618/147/1268
f 2683/147/1269 2618/147/1268 2684/147/1319
f 2684/147/962 2618/147/962 2619/147/962
f 2684/147/962 2619/147/962 2685/147/962
f 2685/147/1266 2619/147/1265 2620/147/1342
f 2685/147/1266 2620/147/1342 2686/147/1321
f 2686/147/1276 2620/147/1355 2621/147/1323
f 2686/147/1276 2621/147/1323 2687/147/1324
f 2687/147/963 2621/147/963 2622/147/963
f 2687/147/963 2622/147/963 2688/147/963
f 2688/147/1272 2622/147/1325 2617/147/1325
f 2688/147/1272 2617/147/1325 2683/147/1326
f 2689/147/1099 2695/147/1100 2696/147/1101
f 2689/147/1099 2696/147/1101 2690/147/1099
f 2690/147/1102 2696/147/1102 2697/147/1102
f 2690/147/1102 2697/147/1102 2691/147/1102
f 2691/147/1103 2697/147/1104 2698/147/1103
f 2691/147/1103 2698/147/1103 2692/147/1360
f 2692/147/1328 2698/147/1107 2699/147/1108
f 2692/147/1328 2699/147/1108 2693/147/1109
f 2693/147/1110 2699/147/1110 2700/147/1110
f 2693/147/1110 2700/147/1110 2694/147/1110
f 2694/147/1111 2700/147/1112 2695/147/1113
f 2694/147/1111 2695/147/1113 2689/147/1111
f 2695/147/1114 2701/147/1115 2702/147/1116
f 2695/147/1114 2702/147/1116 2696/147/1117
f 2696/147/1102 2702/147/1102 2703/147/1102
f 2696/147/1102 2703/147/1102 2697/147/1102
f 2697/147/1118 2703/147/1120 2704/147/1118
f 2697/147/1118 2704/147/1118 2698/147/1120
f 2698/147/1121 2704/147/1122 2705/147/1121
f 2698/147/1121 2705/147/1121 2699/147/1123
f 2699/147/1110 2705/147/1110 2706/147/1110
f 2699/147/1110 2706/147/1110 2700/147/1110
f 2700/147/1124 2706/147/1125 2701/147/1124
f 2700/147/1124 2701/147/1124 2695/147/1126
f 2701/147/1127 2707/147/1128 2708/147/1129
f 2701/147/1127 2708/147/1129 2702/147/1130
f 2702/147/1102 2708/147/1102 2709/147/1102
f 2702/147/1102 2709/147/1102 2703/147/1102
f 2703/147/1131 2709/147/1132 2710/147/1131
f 2703/147/1131 2710/147/1131 2704/147/1131
f 2704/147/1133 2710/147/1134 2711/147/1133
f 2704/147/1133 2711/147/1133 2705/147/1133
f 2705/147/1110 2711/147/1110 2712/147/1110
f 2705/147/1110 2712/147/1110 2706/147/1110
f 2706/147/1135 2712/147/1136 2707/147/1137
f 2706/147/1135 2707/147/1137 2701/147/1135
f 2707/147/1138 2713/147/1139 2714/147/1139
f 2707/147/1138 2714/147/1139 2708/147/1138
f 2708/147/1102 2714/147/1102 2715/147/1102
f 2708/147/1102 2715/147/1102 2709/147/1102
f 2709/147/1140 2715/147/1140 2716/147/1140
f 2709/147/1140 2716/147/1140 2710/147/1141
f 2710/147/1142 2716/147/1142 2717/147/1142
f 2710/147/1142 2717/147/1142 2711/147/1330
f 2711/147/1110 2717/147/1110 2718/147/1110
f 2711/147/1110 2718/147/1110 2712/147/1110
f 2712/147/1144 2718/147/1145 2713/147/1146
f 2712/147/1144 2713/147/1146 2707/147/1147
f 2713/147/1148 2719/147/1331 2720/147/1148
f 2713/147/1148 2720/147/1148 2714/147/1150
f 2714/147/1102 2720/147/1102 2721/147/1102
f 2714/147/1102 2721/147/1102 2715/147/1102
f 2715/147/1151 2721/147/1152 2722/147/1151
f 2715/147/1151 2722/147/1151 2716/147/1153
f 2716/147/1154 2722/147/1155 2723/147/1154
f 2716/147/1154 2723/147/1154 2717/147/1156
f 2717/147/1110 2723/147/1110 2724/147/1110
f 2717/147/1110 2724/147/1110 2718/147/1110
f 2718/147/1157 2724/147/1158 2719/147/1159
f 2718/147/1157 2719/147/1159 2713/147/1160
f 2719/147/1161 2725/147/1162 2726/147/1162
f 2719/147/1161 2726/147/1162 2720/147/1163
f 2720/147/1102 2726/147/1102 2727/147/1102
f 2720/147/1102 2727/147/1102 2721/147/1102
f 2721/147/1164 2727/147/1165 2728/147/1166
f 2721/147/1164 2728/147/1166 2722/147/1361
f 2722/147/1168 2728/147/1169 2729/147/1170
f 2722/147/1168 2729/147/1170 2723/147/1171
f 2723/147/1110 2729/147/1110 2730/147/1110
f 2723/147/1110 2730/147/1110 2724/147/1110
f 2724/147/1172 2730/147/1173 2725/147/1173
f 2724/147/1172 2725/147/1173 2719/147/1356
f 2725/147/1175 2731/147/1176 2732/147/1103
f 2725/147/1175 2732/147/1103 2726/147/1175
f 2726/147/1102 2732/147/1102 2733/147/1102
f 2726/147/1102 2733/147/1102 2727/147/1102
f 2727/147/1346 2733/147/1177 2734/147/1101
f 2727/147/1346 2734/147/1101 2728/147/1178
f 2728/147/1179 2734/147/1180 2735/147/1111
f 2728/147/1179 2735/147/1111 2729/147/1113
f 2729/147/1110 2735/147/1110 2736/147/1110
f 2729/147/1110 2736/147/1110 2730/147/1110
f 2730/147/1108 2736/147/1181 2731/147/1181
f 2730/147/1108 2731/147/1181 2725/147/1108
f 2731/147/1118 2737/147/1120 2738/147/1182
f 2731/147/1118 2738/147/1182 2732/147/1183
f 2732/147/1102 2738/147/1102 2739/147/1102
f 2732/147/1102 2739/147/1102 2733/147/1102
f 2733/147/1114 2739/147/1184 2740/147/1114
f 2733/147/1114 2740/147/1114 2734/147/1115
f 2734/147/1124 2740/147/1126 2741/147/1124
f 2734/147/1124 2741/147/1124 2735/147/1185
f 2735/147/1110 2741/147/1110 2742/147/1110
f 2735/147/1110 2742/147/1110 2736/147/1110
f 2736/147/1121 2742/147/1186 2737/147/1121
f 2736/147/1121 2737/147/1121 2731/147/1122
f 2737/147/1187 2743/147/1188 2744/147/1189
f 2737/147/1187 2744/147/1189 2738/147/1190
f 2738/147/1102 2744/147/1102 2745/147/1102
f 2738/147/1102 2745/147/1102 2739/147/1102
f 2739/147/1191 2745/147/1192 2746/147/1191
f 2739/147/1191 2746/147/1191 2740/147/1191
f 2740/147/1193 2746/147/1136 2747/147/1193
f 2740/147/1193 2747/147/1193 2741/147/1193
f 2741/147/1110 2747/147/1110 2748/147/1110
f 2741/147/1110 2748/147/1110 2742/147/1110
f 2742/147/1194 2748/147/1195 2743/147/1134
f 2742/147/1194 2743/147/1134 2737/147/1194
f 2743/147/1141 2749/147/1196 2750/147/1196
f 2743/147/1141 2750/147/1196 2744/147/1141
f 2744/147/1102 2750/147/1102 2751/147/1102
f 2744/147/1102 2751/147/1102 2745/147/1102
f 2745/147/1197 2751/147/1197 2752/147/1197
f 2745/147/1197 2752/147/1197 2746/147/1138
f 2746/147/1199 2752/147/1199 2753/147/1199
f 2746/147/1199 2753/147/1199 2747/147/1362
f 2747/147/1110 2753/147/1110 2754/147/1110
f 2747/147/1110 2754/147/1110 2748/147/1110
f 2748/147/1201 2754/147/1202 2749/147/1203
f 2748/147/1201 2749/147/1203 2743/147/1204
f 2749/147/1151 2755/147/1205 2756/147/1151
f 2749/147/1151 2756/147/1151 2750/147/1206
f 2750/147/1102 2756/147/1102 2757/147/1102
f 2750/147/1102 2757/147/1102 2751/147/1102
f 2751/147/1148 2757/147/1207 2758/147/1148
f 2751/147/1148 2758/147/1148 2752/147/1149
f 2752/147/1159 2758/147/1160 2759/147/1159
f 2752/147/1159 2759/147/1159 2753/147/1208
f 2753/147/1110 2759/147/1110 2760/147/1110
f 2753/147/1110 2760/147/1110 2754/147/1110
f 2754/147/1209 2760/147/1210 2755/147/1154
f 2754/147/1209 2755/147/1154 2749/147/1155
f 2755/147/1165 2689/147/1164 2690/147/1164
f 2755/147/1165 2690/147/1164 2756/147/1211
f 2756/147/1102 2690/147/1102 2691/147/1102
f 2756/147/1102 2691/147/1102 2757/147/1102
f 2757/147/1162 2691/147/1161 2692/147/1212
f 2757/147/1162 2692/147/1212 2758/147/1351
f 2758/147/1172 2692/147/1214 2693/147/1172
f 2758/147/1172 2693/147/1172 2759/147/1216
f 2759/147/1110 2693/147/1110 2694/147/1110
f 2759/147/1110 2694/147/1110 2760/147/1110
f 2760/147/1168 2694/147/1217 2689/147/1217
f 2760/147/1168 2689/147/1217 2755/147/1334
f 2761/147/1219 2767/147/1220 2768/147/1221
f 2761/147/1219 2768/147/1221 2762/147/1219
f 2762/147/962 2768/147/962 2769/147/962
f 2762/147/962 2769/147/962 2763/147/962
f 2763/147/1222 2769/147/1223 2770/147/1224
f 2763/147/1222 2770/147/1224 2764/147/1225
f 2764/147/1226 2770/147/1227 2771/147/1228
f 2764/147/1226 2771/147/1228 2765/147/1229
f 2765/147/963 2771/147/963 2772/147/963
f 2765/147/963 2772/147/963 2766/147/963
f 2766/147/1230 2772/147/1231 2767/147/1232
f 2766/147/1230 2767/147/1232 2761/147/1230
f 2767/147/1233 2773/147/1233 2774/147/1233
f 2767/147/1233 2774/147/1233 2768/147/1233
f 2768/147/962 2774/147/962 2775/147/962
f 2768/147/962 2775/147/962 2769/147/962
f 2769/147/1234 2775/147/1235 2776/147/1234
f 2769/147/1234 2776/147/1234 2770/147/1286
f 2770/147/1237 2776/147/1238 2777/147/1237
f 2770/147/1237 2777/147/1237 2771/147/1239
f 2771/147/963 2777/147/963 2778/147/963
f 2771/147/963 2778/147/963 2772/147/963
f 2772/147/1240 2778/147/1240 2773/147/1240
f 2772/147/1240 2773/147/1240 2767/147/1240
f 2773/147/1241 2779/147/1241 2780/147/1241
f 2773/147/1241 2780/147/1241 2774/147/1241
f 2774/147/962 2780/147/962 2781/147/962
f 2774/147/962 2781/147/962 2775/147/962
f 2775/147/1242 2781/147/1243 2782/147/1242
f 2775/147/1242 2782/147/1242 2776/147/1242
f 2776/147/1244 2782/147/1245 2783/147/1244
f 2776/147/1244 2783/147/1244 2777/147/1244
f 2777/147/963 2783/147/963 2784/147/963
f 2777/147/963 2784/147/963 2778/147/963
f 2778/147/1246 2784/147/1247 2779/147/1246
f 2778/147/1246 2779/147/1246 2773/147/1246
f 2779/147/1248 2785/147/1248 2786/147/1248
f 2779/147/1248 2786/147/1248 2780/147/1250
f 2780/147/962 2786/147/962 2787/147/962
f 2780/147/962 2787/147/962 2781/147/962
f 2781/147/1251 2787/147/1251 2788/147/1251
f 2781/147/1251 2788/147/1251 2782/147/1252
f 2782/147/1253 2788/147/1253 2789/147/1253
f 2782/147/1253 2789/147/1253 2783/147/1254
f 2783/147/963 2789/147/963 2790/147/963
f 2783/147/963 2790/147/963 2784/147/963
f 2784/147/1255 2790/147/1255 2785/147/1255
f 2784/147/1255 2785/147/1255 2779/147/1255
f 2785/147/1256 2791/147/1256 2792/147/1256
f 2785/147/1256 2792/147/1256 2786/147/1256
f 2786/147/962 2792/147/962 2793/147/962
f 2786/147/962 2793/147/962 2787/147/962
f 2787/147/1258 2793/147/1259 2794/147/1258
f 2787/147/1258 2794/147/1258 2788/147/1260
f 2788/147/1261 2794/147/1317 2795/147/1261
f 2788/147/1261 2795/147/1261 2789/147/1263
f 2789/147/963 2795/147/963 2796/147/963
f 2789/147/963 2796/147/963 2790/147/963
f 2790/147/1264 2796/147/1264 2791/147/1264
f 2790/147/1264 2791/147/1264 2785/147/1264
f 2791/147/1265 2797/147/1266 2798/147/1266
f 2791/147/1265 2798/147/1266 2792/147/1267
f 2792/147/962 2798/147/962 2799/147/962
f 2792/147/962 2799/147/962 2793/147/962
f 2793/147/1268 2799/147/1269 2800/147/1270
f 2793/147/1268 2800/147/1270 2794/147/1271
f 2794/147/1272 2800/147/1273 2801/147/1274
f 2794/147/1272 2801/147/1274 2795/147/1275
f 2795/147/963 2801/147/963 2802/147/963
f 2795/147/963 2802/147/963 2796/147/963
f 2796/147/1276 2802/147/1277 2797/147/1277
f 2796/147/1276 2797/147/1277 2791/147/1278
f 2797/147/1279 2803/147/1280 2804/147/1224
f 2797/147/1279 2804/147/1224 2798/147/1279
f 2798/147/962 2804/147/962 2805/147/962
f 2798/147/962 2805/147/962 2799/147/962
f 2799/147/1221 2805/147/1281 2806/147/1221
f 2799/147/1221 2806/147/1221 2800/147/1282
f 2800/147/1283 2806/147/1284 2807/147/1230
f 2800/147/1283 2807/147/1230 2801/147/1232
f 2801/147/963 2807/147/963 2808/147/963
f 2801/147/963 2808/147/963 2802/147/963
f 2802/147/1228 2808/147/1285 2803/147/1229
f 2802/147/1228 2803/147/1229 2797/147/1228
f 2803/147/1234 2809/147/1286 2810/147/1236
f 2803/147/1234 2810/147/1236 2804/147/1287
f 2804/147/962 2810/147/962 2811/147/962
f 2804/147/962 2811/147/962 2805/147/962
f 2805/147/1288 2811/147/1288 2812/147/1288
f 2805/147/1288 2812/147/1288 2806/147/1288
f 2806/147/1289 2812/147/1289 2813/147/1289
f 2806/147/1289 2813/147/1289 2807/147/1289
f 2807/147/963 2813/147/963 2814/147/963
f 2807/147/963 2814/147/963 2808/147/963
f 2808/147/1237 2814/147/1290 2809/147/1237
f 2808/147/1237 2809/147/1237 2803/147/1291
f 2809/147/1292 2815/147/1293 2816/147/1294
f 2809/147/1292 2816/147/1294 2810/147/1295
f 2810/147/962 2816/147/962 2817/147/962
f 2810/147/962 2817/147/962 2811/147/962
f 2811/147/1296 2817/147/1297 2818/147/1296
f 2811/147/1296 2818/147/1296 2812/147/1298
f 2812/147/1299 2818/147/1335 2819/147/1299
f 2812/147/1299 2819/147/1299 2813/147/1300
f 2813/147/963 2819/147/963 2820/147/963
f 2813/147/963 2820/147/963 2814/147/963
f 2814/147/1301 2820/147/1245 2815/147/1245
f 2814/147/1301 2815/147/1245 2809/147/1301
f 2815/147/1252 2821/147/1303 2822/147/1303
f 2815/147/1252 2822/147/1303 2816/147/1252
f 2816/147/962 2822/147/962 2823/147/962
f 2816/147/962 2823/147/962 2817/147/962
f 2817/147/1304 2823/147/1305 2824/147/1304
f 2817/147/1304 2824/147/1304 2818/147/1336
f 2818/147/1306 2824/147/1307 2825/147/1306
f 2818/147/1306 2825/147/1306 2819/147/1308
f 2819/147/963 2825/147/963 2826/147/963
f 2819/147/963 2826/147/963 2820/147/963
f 2820/147/1309 2826/147/1341 2821/147/1311
f 2820/147/1309 2821/147/1311 2815/147/1312
f 2821/147/1258 2827/147/1313 2828/147/1258
f 2821/147/1258 2828/147/1258 2822/147/1314
f 2822/147/962 2828/147/962 2829/147/962
f 2822/147/962 2829/147/962 2823/147/962
f 2823/147/1315 2829/147/1315 2830/147/1315
f 2823/147/1315 2830/147/1315 2824/147/1315
f 2824/147/1316 2830/147/1316 2831/147/1316
f 2824/147/1316 2831/147/1316 2825/147/1316
f 2825/147/963 2831/147/963 2832/147/963
f 2825/147/963 2832/147/963 2826/147/963
f 2826/147/1317 2832/147/1318 2827/147/1261
f 2826/147/1317 2827/147/1261 2821/147/1262
f 2827/147/1269 2761/147/1268 2762/147/1268
f 2827/147/1269 2762/147/1268 2828/147/1319
f 2828/147/962 2762/147/962 2763/147/962
f 2828/147/962 2763/147/962 2829/147/962
f 2829/147/1266 2763/147/1265 2764/147/1342
f 2829/147/1266 2764/147/1342 2830/147/1321
f 2830/147/1276 2764/147/1355 2765/147/1323
f 2830/147/1276 2765/147/1323 2831/147/1324
f 2831/147/963 2765/147/963 2766/147/963
f 2831/147/963 2766/147/963 2832/147/963
f 2832/147/1272 2766/147/1325 2761/147/1325
f 2832/147/1272 2761/147/1325 2827/147/1326
f 2833/147/1099 2839/147/1100 2840/147/1101
f 2833/147/1099 2840/147/1101 2834/147/1099
f 2834/147/1102 2840/147/1102 2841/147/1102
f 2834/147/1102 2841/147/1102 2835/147/1102
f 2835/147/1344 2841/147/1104 2842/147/1103
f 2835/147/1344 2842/147/1103 2836/147/1105
f 2836/147/1328 2842/147/1363 2843/147/1108
f 2836/147/1328 2843/147/1108 2837/147/1109
f 2837/147/1110 2843/147/1110 2844/147/1110
f 2837/147/1110 2844/147/1110 2838/147/1110
f 2838/147/1111 2844/147/1112 2839/147/1113
f 2838/147/1111 2839/147/1113 2833/147/1111
f 2839/147/1114 2845/147/1115 2846/147/1116
f 2839/147/1114 2846/147/1116 2840/147/1364
f 2840/147/1102 2846/147/1102 2847/147/1102
f 2840/147/1102 2847/147/1102 2841/147/1102
f 2841/147/1118 2847/147/1119 2848/147/1118
f 2841/147/1118 2848/147/1118 2842/147/1120
f 2842/147/1121 2848/147/1122 2849/147/1121
f 2842/147/1121 2849/147/1121 2843/147/1123
f 2843/147/1110 2849/147/1110 2850/147/1110
f 2843/147/1110 2850/147/1110 2844/147/1110
f 2844/147/1124 2850/147/1125 2845/147/1124
f 2844/147/1124 2845/147/1124 2839/147/1126
f 2845/147/1127 2851/147/1128 2852/147/1129
f 2845/147/1127 2852/147/1129 2846/147/1130
f 2846/147/1102 2852/147/1102 2853/147/1102
f 2846/147/1102 2853/147/1102 2847/147/1102
f 2847/147/1131 2853/147/1132 2854/147/1131
f 2847/147/1131 2854/147/1131 2848/147/1131
f 2848/147/1133 2854/147/1134 2855/147/1133
f 2848/147/1133 2855/147/1133 2849/147/1133
f 2849/147/1110 2855/147/1110 2856/147/1110
f 2849/147/1110 2856/147/1110 2850/147/1110
f 2850/147/1135 2856/147/1136 2851/147/1137
f 2850/147/1135 2851/147/1137 2845/147/1135
f 2851/147/1138 2857/147/1139 2858/147/1139
f 2851/147/1138 2858/147/1139 2852/147/1138
f 2852/147/1102 2858/147/1102 2859/147/1102
f 2852/147/1102 2859/147/1102 2853/147/1102
f 2853/147/1140 2859/147/1140 2860/147/1140
f 2853/147/1140 2860/147/1140 2854/147/1141
f 2854/147/1142 2860/147/1142 2861/147/1142
f 2854/147/1142 2861/147/1142 2855/147/1143
f 2855/147/1110 2861/147/1110 2862/147/1110
f 2855/147/1110 2862/147/1110 2856/147/1110
f 2856/147/1144 2862/147/1145 2857/147/1146
f 2856/147/1144 2857/147/1146 2851/147/1147
f 2857/147/1148 2863/147/1331 2864/147/1148
f 2857/147/1148 2864/147/1148 2858/147/1150
f 2858/147/1102 2864/147/1102 2865/147/1102
f 2858/147/1102 2865/147/1102 2859/147/1102
f 2859/147/1151 2865/147/1152 2866/147/1151
f 2859/147/1151 2866/147/1151 2860/147/1153
f 2860/147/1154 2866/147/1155 2867/147/1154
f 2860/147/1154 2867/147/1154 2861/147/1156
f 2861/147/1110 2867/147/1110 2868/147/1110
f 2861/147/1110 2868/147/1110 2862/147/1110
f 2862/147/1157 2868/147/1158 2863/147/1159
f 2862/147/1157 2863/147/1159 2857/147/1160
f 2863/147/1161 2869/147/1162 2870/147/1162
f 2863/147/1161 2870/147/1162 2864/147/1163
f 2864/147/1102 2870/147/1102 2871/147/1102
f 2864/147/1102 2871/147/1102 2865/147/1102
f 2865/147/1164 2871/147/1165 2872/147/1166
f 2865/147/1164 2872/147/1166 2866/147/1167
f 2866/147/1168 2872/147/1169 2873/147/1168
f 2866/147/1168 2873/147/1168 2867/147/1171
f 2867/147/1110 2873/147/1110 2874/147/1110
f 2867/147/1110 2874/147/1110 2868/147/1110
f 2868/147/1172 2874/147/1173 2869/147/1173
f 2868/147/1172 2869/147/1173 2863/147/1174
f 2869/147/1175 2875/147/1365 2876/147/1103
f 2869/147/1175 2876/147/1103 2870/147/1175
f 2870/147/1102 2876/147/1102 2877/147/1102
f 2870/147/1102 2877/147/1102 2871/147/1102
f 2871/147/1346 2877/147/1177 2878/147/1101
f 2871/147/1346 2878/147/1101 2872/147/1178
f 2872/147/1179 2878/147/1180 2879/147/1111
f 2872/147/1179 2879/147/1111 2873/147/1113
f 2873/147/1110 2879/147/1110 2880/147/1110
f 2873/147/1110 2880/147/1110 2874/147/1110
f 2874/147/1108 2880/147/1181 2875/147/1109
f 2874/147/1108 2875/147/1109 2869/147/1108
f 2875/147/1118 2881/147/1120 2882/147/1182
f 2875/147/1118 2882/147/1182 2876/147/1348
f 2876/147/1102 2882/147/1102 2883/147/1102
f 2876/147/1102 2883/147/1102 2877/147/1102
f 2877/147/1114 2883/147/1184 2884/147/1114
f 2877/147/1114 2884/147/1114 2878/147/1115
f 2878/147/1124 2884/147/1126 2885/147/1124
f 2878/147/1124 2885/147/1124 2879/147/1185
f 2879/147/1110 2885/147/1110 2886/147/1110
f 2879/147/1110 2886/147/1110 2880/147/1110
f 2880/147/1121 2886/147/1186 2881/147/1121
f 2880/147/1121 2881/147/1121 2875/147/1122
f 2881/147/1187 2887/147/1188 2888/147/1189
f 2881/147/1187 2888/147/1189 2882/147/1190
f 2882/147/1102 2888/147/1102 2889/147/1102
f 2882/147/1102 2889/147/1102 2883/147/1102
f 2883/147/1191 2889/147/1192 2890/147/1191
f 2883/147/1191 2890/147/1191 2884/147/1191
f 2884/147/1193 2890/147/1137 2891/147/1193
f 2884/147/1193 2891/147/1193 2885/147/1193
f 2885/147/1110 2891/147/1110 2892/147/1110
f 2885/147/1110 2892/147/1110 2886/147/1110
f 2886/147/1194 2892/147/1195 2887/147/1134
f 2886/147/1194 2887/147/1134 2881/147/1194
f 2887/147/1141 2893/147/1196 2894/147/1196
f 2887/147/1141 2894/147/1196 2888/147/1141
f 2888/147/1102 2894/147/1102 2895/147/1102
f 2888/147/1102 2895/147/1102 2889/147/1102
f 2889/147/1197 2895/147/1197 2896/147/1197
f 2889/147/1197 2896/147/1197 2890/147/1138
f 2890/147/1199 2896/147/1199 2897/147/1199
f 2890/147/1199 2897/147/1199 2891/147/1200
f 2891/147/1110 2897/147/1110 2898/147/1110
f 2891/147/1110 2898/147/1110 2892/147/1110
f 2892/147/1201 2898/147/1202 2893/147/1203
f 2892/147/1201 2893/147/1203 2887/147/1204
f 2893/147/1151 2899/147/1205 2900/147/1151
f 2893/147/1151 2900/147/1151 2894/147/1206
f 2894/147/1102 2900/147/1102 2901/147/1102
f 2894/147/1102 2901/147/1102 2895/147/1102
f 2895/147/1148 2901/147/1207 2902/147/1148
f 2895/147/1148 2902/147/1148 2896/147/1149
f 2896/147/1159 2902/147/1157 2903/147/1159
f 2896/147/1159 2903/147/1159 2897/147/1208
f 2897/147/1110 2903/147/1110 2904/147/1110
f 2897/147/1110 2904/147/1110 2898/147/1110
f 2898/147/1209 2904/147/1210 2899/147/1154
f 2898/147/1209 2899/147/1154 2893/147/1155
f 2899/147/1165 2833/147/1164 2834/147/1164
f 2899/147/1165 2834/147/1164 2900/147/1211
f 2900/147/1102 2834/147/1102 2835/147/1102
f 2900/147/1102 2835/147/1102 2901/147/1102
f 2901/147/1162 2835/147/1161 2836/147/1212
f 2901/147/1162 2836/147/1212 2902/147/1351
f 2902/147/1172 2836/147/1366 2837/147/1215
f 2902/147/1172 2837/147/1215 2903/147/1216
f 2903/147/1110 2837/147/1110 2838/147/1110
f 2903/147/1110 2838/147/1110 2904/147/1110
f 2904/147/1168 2838/147/1217 2833/147/1217
f 2904/147/1168 2833/147/1217 2899/147/1334
f 2905/147/1219 2911/147/1220 2912/147/1221
f 2905/147/1219 2912/147/1221 2906/147/1219
f 2906/147/962 2912/147/962 2913/147/962
f 2906/147/962 2913/147/962 2907/147/962
f 2907/147/1222 2913/147/1223 2914/147/1224
f 2907/147/1222 2914/147/1224 2908/147/1367
f 2908/147/1226 2914/147/1227 2915/147/1228
f 2908/147/1226 2915/147/1228 2909/147/1229
f 2909/147/963 2915/147/963 2916/147/963
f 2909/147/963 2916/147/963 2910/147/963
f 2910/147/1230 2916/147/1231 2911/147/1232
f 2910/147/1230 2911/147/1232 2905/147/1230
f 2911/147/1368 2917/147/1288 2918/147/1358
f 2911/147/1368 2918/147/1358 2912/147/1233
f 2912/147/962 2918/147/962 2919/147/962
f 2912/147/962 2919/147/962 2913/147/962
f 2913/147/1234 2919/147/1235 2920/147/1234
f 2913/147/1234 2920/147/1234 2914/147/1286
f 2914/147/1237 2920/147/1238 2921/147/1237
f 2914/147/1237 2921/147/1237 2915/147/1239
f 2915/147/963 2921/147/963 2922/147/963
f 2915/147/963 2922/147/963 2916/147/963
f 2916/147/1369 2922/147/1370 2917/147/1369
f 2916/147/1369 2917/147/1369 2911/147/1371
f 2917/147/1372 2923/147/1297 2924/147/1296
f 2917/147/1372 2924/147/1296 2918/147/1298
f 2918/147/962 2924/147/962 2925/147/962
f 2918/147/962 2925/147/962 2919/147/962
f 2919/147/1242 2925/147/1243 2926/147/1242
f 2919/147/1242 2926/147/1242 2920/147/1242
f 2920/147/1244 2926/147/1245 2927/147/1244
f 2920/147/1244 2927/147/1244 2921/147/1244
f 2921/147/963 2927/147/963 2928/147/963
f 2921/147/963 2928/147/963 2922/147/963
f 2922/147/1373 2928/147/1335 2923/147/1247
f 2922/147/1373 2923/147/1247 2917/147/1373
f 2923/147/1250 2929/147/1374 2930/147/1374
f 2923/147/1250 2930/147/1374 2924/147/1250
f 2924/147/962 2930/147/962 2931/147/962
f 2924/147/962 2931/147/962 2925/147/962
f 2925/147/1251 2931/147/1251 2932/147/1251
f 2925/147/1251 2932/147/1251 2926/147/1252
f 2926/147/1253 2932/147/1253 2933/147/1253
f 2926/147/1253 2933/147/1253 2927/147/1254
f 2927/147/963 2933/147/963 2934/147/963
f 2927/147/963 2934/147/963 2928/147/963
f 2928/147/1306 2934/147/1307 2929/147/1375
f 2928/147/1306 2929/147/1375 2923/147/1308
f 2929/147/1376 2935/147/1377 2936/147/1376
f 2929/147/1376 2936/147/1376 2930/147/1378
f 2930/147/962 2936/147/962 2937/147/962
f 2930/147/962 2937/147/962 2931/147/962
f 2931/147/1258 2937/147/1259 2938/147/1258
f 2931/147/1258 2938/147/1258 2932/147/1260
f 2932/147/1261 2938/147/1317 2939/147/1261
f 2932/147/1261 2939/147/1261 2933/147/1263
f 2933/147/963 2939/147/963 2940/147/963
f 2933/147/963 2940/147/963 2934/147/963
f 2934/147/1379 2940/147/1264 2935/147/1380
f 2934/147/1379 2935/147/1380 2929/147/1316
f 2935/147/1265 2941/147/1266 2942/147/1266
f 2935/147/1265 2942/147/1266 2936/147/1267
f 2936/147/962 2942/147/962 2943/147/962
f 2936/147/962 2943/147/962 2937/147/962
f 2937/147/1268 2943/147/1269 2944/147/1270
f 2937/147/1268 2944/147/1270 2938/147/1381
f 2938/147/1272 2944/147/1273 2945/147/1274
f 2938/147/1272 2945/147/1274 2939/147/1275
f 2939/147/963 2945/147/963 2946/147/963
f 2939/147/963 2946/147/963 2940/147/963
f 2940/147/1276 2946/147/1277 2941/147/1277
f 2940/147/1276 2941/147/1277 2935/147/1278
f 2941/147/1279 2947/147/1280 2948/147/1224
f 2941/147/1279 2948/147/1224 2942/147/1279
f 2942/147/962 2948/147/962 2949/147/962
f 2942/147/962 2949/147/962 2943/147/962
f 2943/147/1221 2949/147/1281 2950/147/1221
f 2943/147/1221 2950/147/1221 2944/147/1282
f 2944/147/1283 2950/147/1284 2951/147/1230
f 2944/147/1283 2951/147/1230 2945/147/1232
f 2945/147/963 2951/147/963 2952/147/963
f 2945/147/963 2952/147/963 2946/147/963
f 2946/147/1228 2952/147/1285 2947/147/1229
f 2946/147/1228 2947/147/1229 2941/147/1228
f 2947/147/1234 2953/147/1286 2954/147/1236
f 2947/147/1234 2954/147/1236 2948/147/1287
f 2948/147/962 2954/147/962 2955/147/962
f 2948/147/962 2955/147/962 2949/147/962
f 2949/147/1368 2955/147/1382 2956/147/1368
f 2949/147/1368 2956/147/1368 2950/147/1288
f 2950/147/1369 2956/147/1383 2957/147/1369
f 2950/147/1369 2957/147/1369 2951/147/1384
f 2951/147/963 2957/147/963 2958/147/963
f 2951/147/963 2958/147/963 2952/147/963
f 2952/147/1237 2958/147/1290 2953/147/1237
f 2952/147/1237 2953/147/1237 2947/147/1291
f 2953/147/1292 2959/147/1293 2960/147/1294
f 2953/147/1292 2960/147/1294 2954/147/1295
f 2954/147/962 2960/147/962 2961/147/962
f 2954/147/962 2961/147/962 2955/147/962
f 2955/147/1241 2961/147/1385 2962/147/1241
f 2955/147/1241 2962/147/1241 2956/147/1241
f 2956/147/1246 2962/147/1335 2963/147/1246
f 2956/147/1246 2963/147/1246 2957/147/1246
f 2957/147/963 2963/147/963 2964/147/963
f 2957/147/963 2964/147/963 2958/147/963
f 2958/147/1301 2964/147/1245 2959/147/1245
f 2958/147/1301 2959/147/1245 2953/147/1301
f 2959/147/1252 2965/147/1303 2966/147/1303
f 2959/147/1252 2966/147/1303 2960/147/1340
f 2960/147/962 2966/147/962 2967/147/962
f 2960/147/962 2967/147/962 2961/147/962
f 2961/147/1248 2967/147/1248 2968/147/1248
f 2961/147/1248 2968/147/1248 2962/147/1250
f 2962/147/1255 2968/147/1255 2969/147/1255
f 2962/147/1255 2969/147/1255 2963/147/1386
f 2963/147/963 2969/147/963 2970/147/963
f 2963/147/963 2970/147/963 2964/147/963
f 2964/147/1309 2970/147/1341 2965/147/1311
f 2964/147/1309 2965/147/1311 2959/147/1312
f 2965/147/1258 2971/147/1313 2972/147/1258
f 2965/147/1258 2972/147/1258 2966/147/1314
f 2966/147/962 2972/147/962 2973/147/962
f 2966/147/962 2973/147/962 2967/147/962
f 2967/147/1376 2973/147/1387 2974/147/1376
f 2967/147/1376 2974/147/1376 2968/147/1377
f 2968/147/1380 2974/147/1316 2975/147/1380
f 2968/147/1380 2975/147/1380 2969/147/1388
f 2969/147/963 2975/147/963 2976/147/963
f 2969/147/963 2976/147/963 2970/147/963
f 2970/147/1317 2976/147/1353 2971/147/1261
f 2970/147/1317 2971/147/1261 2965/147/1262
f 2971/147/1269 2905/147/1268 2906/147/1268
f 2971/147/1269 2906/147/1268 2972/147/1319
f 2972/147/962 2906/147/962 2907/147/962
f 2972/147/962 2907/147/962 2973/147/962
f 2973/147/1266 2907/147/1265 2908/147/1320
f 2973/147/1266 2908/147/1320 2974/147/1321
f 2974/147/1276 2908/147/1322 2909/147/1323
f 2974/147/1276 2909/147/1323 2975/147/1324
f 2975/147/963 2909/147/963 2910/147/963
f 2975/147/963 2910/147/963 2976/147/963
f 2976/147/1272 2910/147/1325 2905/147/1325
f 2976/147/1272 2905/147/1325 2971/147/1326
f 2977/147/1099 2983/147/1100 2984/147/1101
f 2977/147/1099 2984/147/1101 2978/147/1099
f 2978/147/1102 2984/147/1102 2985/147/1102
f 2978/147/1102 2985/147/1102 2979/147/1102
f 2979/147/1344 2985/147/1104 2986/147/1103
f 2979/147/1344 2986/147/1103 2980/147/1105
f 2980/147/1328 2986/147/1107 2987/147/1108
f 2980/147/1328 2987/147/1108 2981/147/1109
f 2981/147/1110 2987/147/1110 2988/147/1110
f 2981/147/1110 2988/147/1110 2982/147/1110
f 2982/147/1111 2988/147/1389 2983/147/1113
f 2982/147/1111 2983/147/1113 2977/147/1111
f 2983/147/1114 2989/147/1115 2990/147/1116
f 2983/147/1114 2990/147/1116 2984/147/1364
f 2984/147/1102 2990/147/1102 2991/147/1102
f 2984/147/1102 2991/147/1102 2985/147/1102
f 2985/147/1118 2991/147/1119 2992/147/1118
f 2985/147/1118 2992/147/1118 2986/147/1182
f 2986/147/1121 2992/147/1122 2993/147/1121
f 2986/147/1121 2993/147/1121 2987/147/1123
f 2987/147/1110 2993/147/1110 2994/147/1110
f 2987/147/1110 2994/147/1110 2988/147/1110
f 2988/147/1124 2994/147/1125 2989/147/1124
f 2988/147/1124 2989/147/1124 2983/147/1126
f 2989/147/1127 2995/147/1128 2996/147/1129
f 2989/147/1127 2996/147/1129 2990/147/1130
f 2990/147/1102 2996/147/1102 2997/147/1102
f 2990/147/1102 2997/147/1102 2991/147/1102
f 2991/147/1131 2997/147/1132 2998/147/1131
f 2991/147/1131 2998/147/1131 2992/147/1131
f 2992/147/1133 2998/147/1134 2999/147/1133
f 2992/147/1133 2999/147/1133 2993/147/1133
f 2993/147/1110 2999/147/1110 3000/147/1110
f 2993/147/1110 3000/147/1110 2994/147/1110
f 2994/147/1135 3000/147/1136 2995/147/1137
f 2994/147/1135 2995/147/1137 2989/147/1135
f 2995/147/1138 3001/147/1139 3002/147/1139
f 2995/147/1138 3002/147/1139 2996/147/1138
f 2996/147/1102 3002/147/1102 3003/147/1102
f 2996/147/1102 3003/147/1102 2997/147/1102
f 2997/147/1140 3003/147/1140 3004/147/1140
f 2997/147/1140 3004/147/1140 2998/147/1141
f 2998/147/1142 3004/147/1142 3005/147/1142
f 2998/147/1142 3005/147/1142 2999/147/1143
f 2999/147/1110 3005/147/1110 3006/147/1110
f 2999/147/1110 3006/147/1110 3000/147/1110
f 3000/147/1144 3006/147/1145 3001/147/1146
f 3000/147/1144 3001/147/1146 2995/147/1147
f 3001/147/1148 3007/147/1149 3008/147/1148
f 3001/147/1148 3008/147/1148 3002/147/1390
f 3002/147/1102 3008/147/1102 3009/147/1102
f 3002/147/1102 3009/147/1102 3003/147/1102
f 3003/147/1151 3009/147/1152 3010/147/1151
f 3003/147/1151 3010/147/1151 3004/147/1153
f 3004/147/1154 3010/147/1155 3011/147/1154
f 3004/147/1154 3011/147/1154 3005/147/1156
f 3005/147/1110 3011/147/1110 3012/147/1110
f 3005/147/1110 3012/147/1110 3006/147/1110
f 3006/147/1157 3012/147/1158 3007/147/1159
f 3006/147/1157 3007/147/1159 3001/147/1160
f 3007/147/1163 3013/147/1162 3014/147/1162
f 3007/147/1163 3014/147/1162 3008/147/1163
f 3008/147/1102 3014/147/1102 3015/147/1102
f 3008/147/1102 3015/147/1102 3009/147/1102
f 3009/147/1164 3015/147/1165 3016/147/1166
f 3009/147/1164 3016/147/1166 3010/147/1167
f 3010/147/1168 3016/147/1169 3017/147/1170
f 3010/147/1168 3017/147/1170 3011/147/1171
f 3011/147/1110 3017/147/1110 3018/147/1110
f 3011/147/1110 3018/147/1110 3012/147/1110
f 3012/147/1172 3018/147/1173 3013/147/1173
f 3012/147/1172 3013/147/1173 3007/147/1174
f 3013/147/1175 3019/147/1365 3020/147/1103
f 3013/147/1175 3020/147/1103 3014/147/1175
f 3014/147/1102 3020/147/1102 3021/147/1102
f 3014/147/1102 3021/147/1102 3015/147/1102
f 3015/147/1346 3021/147/1177 3022/147/1101
f 3015/147/1346 3022/147/1101 3016/147/1178
f 3016/147/1179 3022/147/1180 3023/147/1111
f 3016/147/1179 3023/147/1111 3017/147/1113
f 3017/147/1110 3023/147/1110 3024/147/1110
f 3017/147/1110 3024/147/1110 3018/147/1110
f 3018/147/1108 3024/147/1391 3019/147/1181
f 3018/147/1108 3019/147/1181 3013/147/1108
f 3019/147/1118 3025/147/1120 3026/147/1182
f 3019/147/1118 3026/147/1182 3020/147/1348
f 3020/147/1102 3026/147/1102 3027/147/1102
f 3020/147/1102 3027/147/1102 3021/147/1102
f 3021/147/1114 3027/147/1184 3028/147/1114
f 3021/147/1114 3028/147/1114 3022/147/1116
f 3022/147/1124 3028/147/1126 3029/147/1124
f 3022/147/1124 3029/147/1124 3023/147/1185
f 3023/147/1110 3029/147/1110 3030/147/1110
f 3023/147/1110 3030/147/1110 3024/147/1110
f 3024/147/1121 3030/147/1186 3025/147/1121
f 3024/147/1121 3025/147/1121 3019/147/1122
f 3025/147/1187 3031/147/1188 3032/147/1189
f 3025/147/1187 3032/147/1189 3026/147/1190
f 3026/147/1102 3032/147/1102 3033/147/1102
f 3026/147/1102 3033/147/1102 3027/147/1102
f 3027/147/1191 3033/147/1192 3034/147/1191
f 3027/147/1191 3034/147/1191 3028/147/1191
f 3028/147/1193 3034/147/1137 3035/147/1193
f 3028/147/1193 3035/147/1193 3029/147/1193
f 3029/147/1110 3035/147/1110 3036/147/1110
f 3029/147/1110 3036/147/1110 3030/147/1110
f 3030/147/1194 3036/147/1195 3031/147/1134
f 3030/147/1194 3031/147/1134 3025/147/1194
f 3031/147/1141 3037/147/1196 3038/147/1196
f 3031/147/1141 3038/147/1196 3032/147/1333
f 3032/147/1102 3038/147/1102 3039/147/1102
f 3032/147/1102 3039/147/1102 3033/147/1102
f 3033/147/1197 3039/147/1197 3040/147/1197
f 3033/147/1197 3040/147/1197 3034/147/1138
f 3034/147/1199 3040/147/1199 3041/147/1199
f 3034/147/1199 3041/147/1199 3035/147/1200
f 3035/147/1110 3041/147/1110 3042/147/1110
f 3035/147/1110 3042/147/1110 3036/147/1110
f 3036/147/1201 3042/147/1202 3037/147/1203
f 3036/147/1201 3037/147/1203 3031/147/1204
f 3037/147/1151 3043/147/1153 3044/147/1151
f 3037/147/1151 3044/147/1151 3038/147/1206
f 3038/147/1102 3044/147/1102 3045/147/1102
f 3038/147/1102 3045/147/1102 3039/147/1102
f 3039/147/1148 3045/147/1207 3046/147/1148
f 3039/147/1148 3046/147/1148 3040/147/1149
f 3040/147/1159 3046/147/1157 3047/147/1159
f 3040/147/1159 3047/147/1159 3041/147/1208
f 3041/147/1110 3047/147/1110 3048/147/1110
f 3041/147/1110 3048/147/1110 3042/147/1110
f 3042/147/1209 3048/147/1210 3043/147/1154
f 3042/147/1209 3043/147/1154 3037/147/1155
f 3043/147/1165 2977/147/1164 2978/147/1164
f 3043/147/1165 2978/147/1164 3044/147/1211
f 3044/147/1102 2978/147/1102 2979/147/1102
f 3044/147/1102 2979/147/1102 3045/147/1102
f 3045/147/1162 2979/147/1161 2980/147/1212
f 3045/147/1162 2980/147/1212 3046/147/1351
f 3046/147/1172 2980/147/1214 2981/147/1172
f 3046/147/1172 2981/147/1172 3047/147/1216
f 3047/147/1110 2981/147/1110 2982/147/1110
f 3047/147/1110 2982/147/1110 3048/147/1110
f 3048/147/1168 2982/147/1217 2977/147/1217
f 3048/147/1168 2977/147/1217 3043/147/1334
f 3049/147/1219 3055/147/1392 3056/147/1221
f 3049/147/1219 3056/147/1221 3050/147/1219
f 3050/147/962 3056/147/962 3057/147/962
f 3050/147/962 3057/147/962 3051/147/962
f 3051/147/1222 3057/147/1223 3058/147/1224
f 3051/147/1222 3058/147/1224 3052/147/1225
f 3052/147/1226 3058/147/1227 3059/147/1228
f 3052/147/1226 3059/147/1228 3053/147/1229
f 3053/147/963 3059/147/963 3060/147/963
f 3053/147/963 3060/147/963 3054/147/963
f 3054/147/1230 3060/147/1231 3055/147/1231
f 3054/147/1230 3055/147/1231 3049/147/1230
f 3055/147/1368 3061/147/1288 3062/147/1358
f 3055/147/1368 3062/147/1358 3056/147/1233
f 3056/147/962 3062/147/962 3063/147/962
f 3056/147/962 3063/147/962 3057/147/962
f 3057/147/1286 3063/147/1286 3064/147/1286
f 3057/147/1286 3064/147/1286 3058/147/1286
f 3058/147/1393 3064/147/1393 3065/147/1393
f 3058/147/1393 3065/147/1393 3059/147/1393
f 3059/147/963 3065/147/963 3066/147/963
f 3059/147/963 3066/147/963 3060/147/963
f 3060/147/1369 3066/147/1370 3061/147/1369
f 3060/147/1369 3061/147/1369 3055/147/1383
f 3061/147/1372 3067/147/1297 3068/147/1296
f 3061/147/1372 3068/147/1296 3062/147/1298
f 3062/147/962 3068/147/962 3069/147/962
f 3062/147/962 3069/147/962 3063/147/962
f 3063/147/1294 3069/147/1293 3070/147/1294
f 3063/147/1294 3070/147/1294 3064/147/1295
f 3064/147/1394 3070/147/1245 3071/147/1394
f 3064/147/1394 3071/147/1394 3065/147/1395
f 3065/147/963 3071/147/963 3072/147/963
f 3065/147/963 3072/147/963 3066/147/963
f 3066/147/1373 3072/147/1335 3067/147/1247
f 3066/147/1373 3067/147/1247 3061/147/1373
f 3067/147/1250 3073/147/1374 3074/147/1374
f 3067/147/1250 3074/147/1374 3068/147/1250
f 3068/147/962 3074/147/962 3075/147/962
f 3068/147/962 3075/147/962 3069/147/962
f 3069/147/1396 3075/147/1303 3076/147/1396
f 3069/147/1396 3076/147/1396 3070/147/1252
f 3070/147/1309 3076/147/1341 3077/147/1309
f 3070/147/1309 3077/147/1309 3071/147/1312
f 3071/147/963 3077/147/963 3078/147/963
f 3071/147/963 3078/147/963 3072/147/963
f 3072/147/1306 3078/147/1307 3073/147/1375
f 3072/147/1306 3073/147/1375 3067/147/1308
f 3073/147/1376 3079/147/1377 3080/147/1376
f 3073/147/1376 3080/147/1376 3074/147/1378
f 3074/147/962 3080/147/962 3081/147/962
f 3074/147/962 3081/147/962 3075/147/962
f 3075/147/1397 3081/147/1397 3082/147/1397
f 3075/147/1397 3082/147/1397 3076/147/1397
f 3076/147/1262 3082/147/1317 3083/147/1262
f 3076/147/1262 3083/147/1262 3077/147/1262
f 3077/147/963 3083/147/963 3084/147/963
f 3077/147/963 3084/147/963 3078/147/963
f 3078/147/1379 3084/147/1264 3079/147/1380
f 3078/147/1379 3079/147/1380 3073/147/1316
f 3079/147/1265 3085/147/1266 3086/147/1266
f 3079/147/1265 3086/147/1266 3080/147/1267
f 3080/147/962 3086/147/962 3087/147/962
f 3080/147/962 3087/147/962 3081/147/962
f 3081/147/1268 3087/147/1269 3088/147/1270
f 3081/147/1268 3088/147/1270 3082/147/1271
f 3082/147/1272 3088/147/1273 3089/147/1274
f 3082/147/1272 3089/147/1274 3083/147/1275
f 3083/147/963 3089/147/963 3090/147/963
f 3083/147/963 3090/147/963 3084/147/963
f 3084/147/1276 3090/147/1277 3085/147/1277
f 3084/147/1276 3085/147/1277 3079/147/1278
f 3085/147/1279 3091/147/1280 3092/147/1224
f 3085/147/1279 3092/147/1224 3086/147/1279
f 3086/147/962 3092/147/962 3093/147/962
f 3086/147/962 3093/147/962 3087/147/962
f 3087/147/1221 3093/147/1281 3094/147/1221
f 3087/147/1221 3094/147/1221 3088/147/1282
f 3088/147/1283 3094/147/1284 3095/147/1230
f 3088/147/1283 3095/147/1230 3089/147/1232
f 3089/147/963 3095/147/963 3096/147/963
f 3089/147/963 3096/147/963 3090/147/963
f 3090/147/1228 3096/147/1285 3091/147/1229
f 3090/147/1228 3091/147/1229 3085/147/1228
f 3091/147/1339 3097/147/1339 3098/147/1339
f 3091/147/1339 3098/147/1339 3092/147/1339
f 3092/147/962 3098/147/962 3099/147/962
f 3092/147/962 3099/147/962 3093/147/962
f 3093/147/1368 3099/147/1382 3100/147/1368
f 3093/147/1368 3100/147/1368 3094/147/1288
f 3094/147/1369 3100/147/1383 3101/147/1369
f 3094/147/1369 3101/147/1369 3095/147/1384
f 3095/147/963 3101/147/963 3102/147/963
f 3095/147/963 3102/147/963 3096/147/963
f 3096/147/1398 3102/147/1398 3097/147/1398
f 3096/147/1398 3097/147/1398 3091/147/1398
f 3097/147/1242 3103/147/1243 3104/147/1242
f 3097/147/1242 3104/147/1242 3098/147/1242
f 3098/147/962 3104/147/962 3105/147/962
f 3098/147/962 3105/147/962 3099/147/962
f 3099/147/1241 3105/147/1385 3106/147/1241
f 3099/147/1241 3106/147/1241 3100/147/1241
f 3100/147/1246 3106/147/1335 3107/147/1246
f 3100/147/1246 3107/147/1246 3101/147/1246
f 3101/147/963 3107/147/963 3108/147/963
f 3101/147/963 3108/147/963 3102/147/963
f 3102/147/1244 3108/147/1245 3103/147/1244
f 3102/147/1244 3103/147/1244 3097/147/1244
f 3103/147/1251 3109/147/1251 3110/147/1251
f 3103/147/1251 3110/147/1251 3104/147/1340
f 3104/147/962 3110/147/962 3111/147/962
f 3104/147/962 3111/147/962 3105/147/962
f 3105/147/1248 3111/147/1248 3112/147/1248
f 3105/147/1248 3112/147/1248 3106/147/1336
f 3106/147/1255 3112/147/1255 3113/147/1255
f 3106/147/1255 3113/147/1255 3107/147/1386
f 3107/147/963 3113/147/963 3114/147/963
f 3107/147/963 3114/147/963 3108/147/963
f 3108/147/1253 3114/147/1399 3109/147/1253
f 3108/147/1253 3109/147/1253 3103/147/1253
f 3109/147/1400 3115/147/1400 3116/147/1400
f 3109/147/1400 3116/147/1400 3110/147/1400
f 3110/147/962 3116/147/962 3117/147/962
f 3110/147/962 3117/147/962 3111/147/962
f 3111/147/1376 3117/147/1387 3118/147/1376
f 3111/147/1376 3118/147/1376 3112/147/1377
f 3112/147/1380 3118/147/1316 3119/147/1380
f 3112/147/1380 3119/147/1380 3113/147/1388
f 3113/147/963 3119/147/963 3120/147/963
f 3113/147/963 3120/147/963 3114/147/963
f 3114/147/1318 3120/147/1318 3115/147/1318
f 3114/147/1318 3115/147/1318 3109/147/1318
f 3115/147/1319 3049/147/1268 3050/147/1269
f 3115/147/1319 3050/147/1269 3116/147/1319
f 3116/147/962 3050/147/962 3051/147/962
f 3116/147/962 3051/147/962 3117/147/962
f 3117/147/1266 3051/147/1265 3052/147/1342
f 3117/147/1266 3052/147/1342 3118/147/1321
f 3118/147/1276 3052/147/1355 3053/147/1323
f 3118/147/1276 3053/147/1323 3119/147/1324
f 3119/147/963 3053/147/963 3054/147/963
f 3119/147/963 3054/147/963 3120/147/963
f 3120/147/1272 3054/147/1325 3049/147/1325
f 3120/147/1272 3049/147/1325 3115/147/1401
f 3121/147/1402 3122/147/1402 3128/147/1402
f 3121/147/1402 3128/147/1402 3127/147/1402
f 3133/147/1403 3122/147/1403 3121/147/1404
f 3134/147/1405 3127/147/1406 3128/147/1407
f 3122/147/1408 3123/147/1408 3129/147/1408
f 3122/147/1408 3129/147/1408 3128/147/1408
f 3133/147/1403 3123/147/1403 3122/147/1403
f 3134/147/1405 3128/147/1407 3129/147/1407
f 3123/147/1409 3124/147/1409 3130/147/1409
f 3123/147/1409 3130/147/1409 3129/147/1409
f 3133/147/1403 3124/147/1403 3123/147/1403
f 3134/147/1405 3129/147/1407 3130/147/1410
f 3124/147/1411 3125/147/1411 3131/147/1412
f 3124/147/1411 3131/147/1412 3130/147/1412
f 3133/147/1403 3125/147/1403 3124/147/1403
f 3134/147/1405 3130/147/1410 3131/147/1413
f 3125/147/1414 3126/147/1414 3132/147/1414
f 3125/147/1414 3132/147/1414 3131/147/1414
f 3133/147/1403 3126/147/1403 3125/147/1403
f 3134/147/1405 3131/147/1413 3132/147/1413
f 3126/147/1415 3121/147/1415 3127/147/1416
f 3126/147/1415 3127/147/1416 3132/147/1416
f 3133/147/1403 3121/147/1404 3126/147/1403
f 3134/147/1405 3132/147/1413 3127/147/1406
f 3135/147/1402 3136/147/1402 3142/147/1402
f 3135/147/1402 3142/147/1402 3141/147/1402
f 3147/147/1403 3136/147/1403 3135/147/1403
f 3148/147/1405 3141/147/1410 3142/147/1407
f 3136/147/1408 3137/147/1408 3143/147/1408
f 3136/147/1408 3143/147/1408 3142/147/1408
f 3147/147/1403 3137/147/1403 3136/147/1403
f 3148/147/1405 3142/147/1407 3143/147/1407
f 3137/147/1409 3138/147/1409 3144/147/1409
f 3137/147/1409 3144/147/1409 3143/147/1409
f 3147/147/1403 3138/147/1403 3137/147/1403
f 3148/147/1405 3143/147/1407 3144/147/1410
f 3138/147/1411 3139/147/1411 3145/147/1412
f 3138/147/1411 3145/147/1412 3144/147/1412
f 3147/147/1403 3139/147/1403 3138/147/1403
f 3148/147/1405 3144/147/1410 3145/147/1413
f 3139/147/1414 3140/147/1414 3146/147/1414
f 3139/147/1414 3146/147/1414 3145/147/1414
f 3147/147/1403 3140/147/1403 3139/147/1403
f 3148/147/1405 3145/147/1413 3146/147/1413
f 3140/147/1415 3135/147/1415 3141/147/1416
f 3140/147/1415 3141/147/1416 3146/147/1416
f 3147/147/1403 3135/147/1403 3140/147/1403
f 3148/147/1405 3146/147/1413 3141/147/1410
f 3149/147/1402 3150/147/1402 3156/147/1402
f 3149/147/1402 3156/147/1402 3155/147/1402
f 3161/147/1403 3150/147/1403 3149/147/1403
f 3162/147/1405 3155/147/1406 3156/147/1407
f 3150/147/1408 3151/147/1408 3157/147/1408
f 3150/147/1408 3157/147/1408 3156/147/1408
f 3161/147/1403 3151/147/1403 3150/147/1403
f 3162/147/1405 3156/147/1407 3157/147/1407
f 3151/147/1409 3152/147/1409 3158/147/1409
f 3151/147/1409 3158/147/1409 3157/147/1409
f 3161/147/1403 3152/147/1403 3151/147/1403
f 3162/147/1405 3157/147/1407 3158/147/1410
f 3152/147/1411 3153/147/1411 3159/147/1412
f 3152/147/1411 3159/147/1412 3158/147/1412
f 3161/147/1403 3153/147/1403 3152/147/1403
f 3162/147/1405 3158/147/1410 3159/147/1413
f 3153/147/1414 3154/147/1414 3160/147/1414
f 3153/147/1414 3160/147/1414 3159/147/1414
f 3161/147/1403 3154/147/1403 3153/147/1403
f 3162/147/1405 3159/147/1413 3160/147/1413
f 3154/147/1415 3149/147/1415 3155/147/1416
f 3154/147/1415 3155/147/1416 3160/147/1416
f 3161/147/1403 3149/147/1403 3154/147/1403
f 3162/147/1405 3160/147/1413 3155/147/1406
f 3163/147/1402 3164/147/1402 3170/147/1402
f 3163/147/1402 3170/147/1402 3169/147/1402
f 3175/147/1403 3164/147/1403 3163/147/1403
f 3176/147/1405 3169/147/1410 3170/147/1407
f 3164/147/1408 3165/147/1408 3171/147/1408
f 3164/147/1408 3171/147/1408 3170/147/1408
f 3175/147/1403 3165/147/1403 3164/147/1403
f 3176/147/1405 3170/147/1407 3171/147/1407
f 3165/147/1409 3166/147/1409 3172/147/1409
f 3165/147/1409 3172/147/1409 3171/147/1409
f 3175/147/1403 3166/147/1403 3165/147/1403
f 3176/147/1405 3171/147/1407 3172/147/1406
f 3166/147/1411 3167/147/1411 3173/147/1412
f 3166/147/1411 3173/147/1412 3172/147/1412
f 3175/147/1403 3167/147/1403 3166/147/1403
f 3176/147/1405 3172/147/1406 3173/147/1406
f 3167/147/1414 3168/147/1414 3174/147/1414
f 3167/147/1414 3174/147/1414 3173/147/1414
f 3175/147/1403 3168/147/1403 3167/147/1403
f 3176/147/1405 3173/147/1406 3174/147/1406
f 3168/147/1415 3163/147/1415 3169/147/1416
f 3168/147/1415 3169/147/1416 3174/147/1416
f 3175/147/1403 3163/147/1403 3168/147/1403
f 3176/147/1405 3174/147/1406 3169/147/1410
f 3177/147/1402 3178/147/1402 3184/147/1402
f 3177/147/1402 3184/147/1402 3183/147/1402
f 3189/147/1403 3178/147/1403 3177/147/1403
f 3190/147/1405 3183/147/1406 3184/147/1407
f 3178/147/1408 3179/147/1408 3185/147/1408
f 3178/147/1408 3185/147/1408 3184/147/1408
f 3189/147/1403 3179/147/1403 3178/147/1403
f 3190/147/1405 3184/147/1407 3185/147/1407
f 3179/147/1409 3180/147/1409 3186/147/1409
f 3179/147/1409 3186/147/1409 3185/147/1409
f 3189/147/1403 3180/147/1403 3179/147/1403
f 3190/147/1405 3185/147/1407 3186/147/1410
f 3180/147/1411 3181/147/1411 3187/147/1412
f 3180/147/1411 3187/147/1412 3186/147/1412
f 3189/147/1403 3181/147/1403 3180/147/1403
f 3190/147/1405 3186/147/1410 3187/147/1413
f 3181/147/1414 3182/147/1414 3188/147/1414
f 3181/147/1414 3188/147/1414 3187/147/1414
f 3189/147/1403 3182/147/1403 3181/147/1403
f 3190/147/1405 3187/147/1413 3188/147/1406
f 3182/147/1415 3177/147/1415 3183/147/1416
f 3182/147/1415 3183/147/1416 3188/147/1416
f 3189/147/1403 3177/147/1403 3182/147/1403
f 3190/147/1405 3188/147/1406 3183/147/1406
f 3191/147/1402 3192/147/1402 3198/147/1402
f 3191/147/1402 3198/147/1402 3197/147/1402
f 3203/147/1403 3192/147/1403 3191/147/1403
f 3204/147/1405 3197/147/1406 3198/147/1407
f 3192/147/1408 3193/147/1408 3199/147/1408
f 3192/147/1408 3199/147/1408 3198/147/1408
f 3203/147/1403 3193/147/1403 3192/147/1403
f 3204/147/1405 3198/147/1407 3199/147/1407
f 3193/147/1409 3194/147/1409 3200/147/1409
f 3193/147/1409 3200/147/1409 3199/147/1409
f 3203/147/1403 3194/147/1403 3193/147/1403
f 3204/147/1405 3199/147/1407 3200/147/1406
f 3194/147/1411 3195/147/1411 3201/147/1412
f 3194/147/1411 3201/147/1412 3200/147/1412
f 3203/147/1403 3195/147/1403 3194/147/1403
f 3204/147/1405 3200/147/1406 3201/147/1413
f 3195/147/1414 3196/147/1414 3202/147/1414
f 3195/147/1414 3202/147/1414 3201/147/1414
f 3203/147/1403 3196/147/1403 3195/147/1403
f 3204/147/1405 3201/147/1413 3202/147/1406
f 3196/147/1415 3191/147/1415 3197/147/1416
f 3196/147/1415 3197/147/1416 3202/147/1416
f 3203/147/1403 3191/147/1403 3196/147/1403
f 3204/147/1405 3202/147/1406 3197/147/1406
f 3205/147/1417 3206/147/1417 3210/147/1417
f 3205/147/1418 3210/147/1418 3209/147/1418
f 3206/147/831 3207/147/831 3211/147/831
f 3206/147/831 3211/147/831 3210/147/831
f 3207/147/1419 3208/147/1419 3212/147/1419
f 3207/147/1420 3212/147/1420 3211/147/1420
f 3208/147/834 3205/147/834 3209/147/835
f 3208/147/834 3209/147/835 3212/147/835
f 3209/147/1421 3210/147/1421 3214/147/1421
f 3209/147/1422 3214/147/1422 3213/147/1422
f 3210/147/831 3211/147/831 3215/147/838
f 3210/147/831 3215/147/838 3214/147/838
f 3211/147/1423 3212/147/1423 3216/147/1423
f 3211/147/1424 3216/147/1424 3215/147/1424
f 3212/147/835 3209/147/835 3213/147/841
f 3212/147/835 3213/147/841 3216/147/841
f 3213/147/1425 3214/147/1425 3218/147/1425
f 3213/147/1426 3218/147/1426 3217/147/1426
f 3214/147/838 3215/147/838 3219/147/838
f 3214/147/838 3219/147/838 3218/147/838
f 3215/147/1427 3216/147/1427 3220/147/1427
f 3215/147/1428 3220/147/1428 3219/147/1428
f 3216/147/841 3213/147/841 3217/147/841
f 3216/147/841 3217/147/841 3220/147/841
f 3217/147/1429 3218/147/1429 3222/147/1429
f 3217/147/1430 3222/147/1430 3221/147/1430
f 3218/147/838 3219/147/838 3223/147/831
f 3218/147/838 3223/147/831 3222/147/831
f 3219/147/1431 3220/147/1431 3224/147/1431
f 3219/147/1432 3224/147/1432 3223/147/1432
f 3220/147/841 3217/147/841 3221/147/841
f 3220/147/841 3221/147/841 3224/147/841
f 3221/147/1433 3222/147/1433 3226/147/1433
f 3221/147/1434 3226/147/1434 3225/147/1434
f 3222/147/831 3223/147/831 3227/147/831
f 3222/147/831 3227/147/831 3226/147/831
f 3223/147/1435 3224/147/1435 3228/147/1435
f 3223/147/1436 3228/147/1436 3227/147/1436
f 3224/147/841 3221/147/841 3225/147/841
f 3224/147/841 3225/147/841 3228/147/841
f 3225/147/1437 3226/147/1437 3230/147/1437
f 3225/147/1438 3230/147/1438 3229/147/1438
f 3226/147/831 3227/147/831 3231/147/856
f 3226/147/831 3231/147/856 3230/147/856
f 3227/147/1439 3228/147/1439 3232/147/1439
f 3227/147/1440 3232/147/1440 3231/147/1440
f 3228/147/841 3225/147/841 3229/147/841
f 3228/147/841 3229/147/841 3232/147/841
f 3229/147/1441 3230/147/1441 3234/147/1441
f 3229/147/1442 3234/147/1442 3233/147/1442
f 3230/147/856 3231/147/856 3235/147/856
f 3230/147/856 3235/147/856 3234/147/856
f 3231/147/1443 3232/147/1443 3236/147/1443
f 3231/147/1444 3236/147/1444 3235/147/1444
f 3232/147/841 3229/147/841 3233/147/835
f 3232/147/841 3233/147/835 3236/147/835
f 3233/147/1445 3234/147/1445 3238/147/1445
f 3233/147/1446 3238/147/1446 3237/147/1446
f 3234/147/856 3235/147/856 3239/147/831
f 3234/147/856 3239/147/831 3238/147/831
f 3235/147/1447 3236/147/1447 3240/147/1447
f 3235/147/1448 3240/147/1448 3239/147/1448
f 3236/147/835 3233/147/835 3237/147/835
f 3236/147/835 3237/147/835 3240/147/835
f 3237/147/1449 3238/147/1449 3242/147/1449
f 3237/147/1450 3242/147/1450 3241/147/1450
f 3238/147/831 3239/147/831 3243/147/831
f 3238/147/831 3243/147/831 3242/147/831
f 3239/147/1451 3240/147/1451 3244/147/1451
f 3239/147/1452 3244/147/1452 3243/147/1452
f 3240/147/835 3237/147/835 3241/147/871
f 3240/147/835 3241/147/871 3244/147/841
f 3241/147/1453 3242/147/1453 3246/147/1453
f 3241/147/1454 3246/147/1454 3245/147/1454
f 3242/147/831 3243/147/831 3247/147/831
f 3242/147/831 3247/147/831 3246/147/831
f 3243/147/1455 3244/147/1455 3248/147/1455
f 3243/147/1456 3248/147/1456 3247/147/1456
f 3244/147/841 3241/147/871 3245/147/871
f 3244/147/841 3245/147/871 3248/147/871
f 3205/147/876 3206/147/876 3207/147/876
f 3205/147/876 3207/147/876 3208/147/876
f 3248/147/877 3247/147/877 3246/147/877
f 3248/147/877 3246/147/877 3245/147/877
f 3249/147/1457 3250/147/1458 3254/147/1459
f 3249/147/1457 3254/147/1459 3253/147/1459
f 3250/147/881 3251/147/881 3255/147/882
f 3250/147/881 3255/147/882 3254/147/881
f 3251/147/1460 3252/147/1460 3256/147/175
f 3251/147/1460 3256/147/175 3255/147/175
f 3252/147/885 3249/147/885 3253/147/885
f 3252/147/885 3253/147/885 3256/147/886
f 3253/147/1459 3254/147/1459 3258/147/1459
f 3253/147/1459 3258/147/1459 3257/147/1461
f 3254/147/881 3255/147/882 3259/147/881
f 3254/147/881 3259/147/881 3258/147/882
f 3255/147/175 3256/147/175 3260/147/175
f 3255/147/175 3260/147/175 3259/147/1462
f 3256/147/886 3253/147/885 3257/147/885
f 3256/147/886 3257/147/885 3260/147/885
f 3257/147/1461 3258/147/1459 3262/147/1461
f 3257/147/1463 3262/147/1463 3261/147/1463
f 3258/147/882 3259/147/881 3263/147/881
f 3258/147/882 3263/147/881 3262/147/881
f 3259/147/1464 3260/147/1464 3264/147/1464
f 3259/147/1465 3264/147/1465 3263/147/1465
f 3260/147/885 3257/147/885 3261/147/885
f 3260/147/885 3261/147/885 3264/147/885
f 3261/147/1466 3262/147/1466 3266/147/1466
f 3261/147/1467 3266/147/1467 3265/147/1467
f 3262/147/881 3263/147/881 3267/147/881
f 3262/147/881 3267/147/881 3266/147/881
f 3263/147/1468 3264/147/1468 3268/147/1468
f 3263/147/1469 3268/147/1469 3267/147/1469
f 3264/147/885 3261/147/885 3265/147/886
f 3264/147/885 3265/147/886 3268/147/886
f 3265/147/1470 3266/147/1470 3270/147/1470
f 3265/147/1471 3270/147/1471 3269/147/1471
f 3266/147/881 3267/147/881 3271/147/898
f 3266/147/881 3271/147/898 3270/147/898
f 3267/147/1472 3268/147/1472 3272/147/1472
f 3267/147/1473 3272/147/1473 3271/147/1473
f 3268/147/886 3265/147/886 3269/147/885
f 3268/147/886 3269/147/885 3272/147/885
f 3269/147/1474 3270/147/1474 3274/147/1474
f 3269/147/1475 3274/147/1476 3273/147/1476
f 3270/147/898 3271/147/898 3275/147/882
f 3270/147/898 3275/147/882 3274/147/881
f 3271/147/1477 3272/147/1477 3276/147/1477
f 3271/147/1478 3276/147/1478 3275/147/1478
f 3272/147/885 3269/147/885 3273/147/885
f 3272/147/885 3273/147/885 3276/147/885
f 3273/147/1476 3274/147/1476 3278/147/1479
f 3273/147/1476 3278/147/1479 3277/147/1479
f 3274/147/881 3275/147/882 3279/147/881
f 3274/147/881 3279/147/881 3278/147/881
f 3275/147/1480 3276/147/1480 3280/147/1480
f 3275/147/1480 3280/147/1480 3279/147/1480
f 3276/147/885 3273/147/885 3277/147/885
f 3276/147/885 3277/147/885 3280/147/885
f 3277/147/1479 3278/147/1479 3282/147/1481
f 3277/147/1479 3282/147/1481 3281/147/1479
f 3278/147/881 3279/147/881 3283/147/881
f 3278/147/881 3283/147/881 3282/147/882
f 3279/147/1480 3280/147/1480 3284/147/1480
f 3279/147/1480 3284/147/1480 3283/147/1480
f 3280/147/885 3277/147/885 3281/147/886
f 3280/147/885 3281/147/886 3284/147/886
f 3281/147/1479 3282/147/1481 3286/147/1479
f 3281/147/1479 3286/147/1479 3285/147/1479
f 3282/147/882 3283/147/881 3287/147/882
f 3282/147/882 3287/147/882 3286/147/881
f 3283/147/1480 3284/147/1480 3288/147/1480
f 3283/147/1480 3288/147/1480 3287/147/1480
f 3284/147/886 3281/147/886 3285/147/885
f 3284/147/886 3285/147/885 3288/147/885
f 3285/147/1479 3286/147/1479 3290/147/1479
f 3285/147/1479 3290/147/1479 3289/147/1479
f 3286/147/881 3287/147/882 3291/147/881
f 3286/147/881 3291/147/881 3290/147/881
f 3287/147/1480 3288/147/1480 3292/147/1480
f 3287/147/1480 3292/147/1480 3291/147/1480
f 3288/147/885 3285/147/885 3289/147/885
f 3288/147/885 3289/147/885 3292/147/885
f 3249/147/909 3250/147/909 3251/147/909
f 3249/147/909 3251/147/909 3252/147/909
f 3292/147/910 3291/147/910 3290/147/910
f 3292/147/910 3290/147/910 3289/147/910
f 3293/147/1482 3294/147/1482 3298/147/1482
f 3293/147/1483 3298/147/1483 3297/147/1483
f 3294/147/913 3295/147/913 3299/147/914
f 3294/147/913 3299/147/914 3298/147/913
f 3295/147/1484 3296/147/1484 3300/147/1484
f 3295/147/1485 3300/147/1485 3299/147/1485
f 3296/147/917 3293/147/917 3297/147/917
f 3296/147/917 3297/147/917 3300/147/917
f 3297/147/1486 3298/147/1486 3302/147/1486
f 3297/147/1487 3302/147/1487 3301/147/1487
f 3298/147/913 3299/147/914 3303/147/920
f 3298/147/913 3303/147/920 3302/147/913
f 3299/147/1488 3300/147/1488 3304/147/1488
f 3299/147/1489 3304/147/1489 3303/147/1489
f 3300/147/917 3297/147/917 3301/147/923
f 3300/147/917 3301/147/923 3304/147/923
f 3301/147/1490 3302/147/1490 3306/147/1490
f 3301/147/1491 3306/147/1491 3305/147/1491
f 3302/147/913 3303/147/920 3307/147/913
f 3302/147/913 3307/147/913 3306/147/913
f 3303/147/1492 3304/147/1492 3308/147/1492
f 3303/147/1493 3308/147/1493 3307/147/1493
f 3304/147/923 3301/147/923 3305/147/917
f 3304/147/923 3305/147/917 3308/147/917
f 3305/147/1494 3306/147/1494 3310/147/1494
f 3305/147/1495 3310/147/1495 3309/147/1495
f 3306/147/913 3307/147/913 3311/147/913
f 3306/147/913 3311/147/913 3310/147/914
f 3307/147/1496 3308/147/1496 3312/147/1496
f 3307/147/1480 3312/147/1480 3311/147/1480
f 3308/147/917 3305/147/917 3309/147/917
f 3308/147/917 3309/147/917 3312/147/917
f 3309/147/1479 3310/147/1479 3314/147/1479
f 3309/147/1479 3314/147/1479 3313/147/1479
f 3310/147/914 3311/147/913 3315/147/914
f 3310/147/914 3315/147/914 3314/147/913
f 3311/147/1480 3312/147/1480 3316/147/1480
f 3311/147/1480 3316/147/1480 3315/147/1419
f 3312/147/917 3309/147/917 3313/147/917
f 3312/147/917 3313/147/917 3316/147/917
f 3313/147/1479 3314/147/1479 3318/147/1479
f 3313/147/1479 3318/147/1479 3317/147/1479
f 3314/147/913 3315/147/914 3319/147/913
f 3314/147/913 3319/147/913 3318/147/913
f 3315/147/1419 3316/147/1480 3320/147/1480
f 3315/147/1419 3320/147/1480 3319/147/1480
f 3316/147/917 3313/147/917 3317/147/923
f 3316/147/917 3317/147/923 3320/147/923
f 3317/147/1479 3318/147/1479 3322/147/1476
f 3317/147/1479 3322/147/1476 3321/147/1476
f 3318/147/913 3319/147/913 3323/147/913
f 3318/147/913 3323/147/913 3322/147/913
f 3319/147/1480 3320/147/1480 3324/147/1497
f 3319/147/1480 3324/147/1497 3323/147/1497
f 3320/147/923 3317/147/923 3321/147/917
f 3320/147/923 3321/147/917 3324/147/917
f 3321/147/1476 3322/147/1476 3326/147/1476
f 3321/147/1476 3326/147/1476 3325/147/1476
f 3322/147/913 3323/147/913 3327/147/913
f 3322/147/913 3327/147/913 3326/147/914
f 3323/147/1497 3324/147/1497 3328/147/1497
f 3323/147/1497 3328/147/1497 3327/147/1497
f 3324/147/917 3321/147/917 3325/147/917
f 3324/147/917 3325/147/917 3328/147/917
f 3325/147/1476 3326/147/1476 3330/147/1479
f 3325/147/1476 3330/147/1479 3329/147/1479
f 3326/147/914 3327/147/913 3331/147/914
f 3326/147/914 3331/147/914 3330/147/913
f 3327/147/1497 3328/147/1497 3332/147/1419
f 3327/147/1497 3332/147/1419 3331/147/1419
f 3328/147/917 3325/147/917 3329/147/923
f 3328/147/917 3329/147/923 3332/147/923
f 3329/147/1479 3330/147/1479 3334/147/1479
f 3329/147/1479 3334/147/1479 3333/147/1479
f 3330/147/913 3331/147/914 3335/147/913
f 3330/147/913 3335/147/913 3334/147/913
f 3331/147/1419 3332/147/1419 3336/147/1480
f 3331/147/1419 3336/147/1480 3335/147/1480
f 3332/147/923 3329/147/923 3333/147/917
f 3332/147/923 3333/147/917 3336/147/917
f 3293/147/932 3294/147/932 3295/147/932
f 3293/147/932 3295/147/932 3296/147/932
f 3336/147/933 3335/147/933 3334/147/933
f 3336/147/933 3334/147/933 3333/147/933
f 3337/147/1476 3338/147/1498 3342/147/1476
f 3337/147/1476 3342/147/1476 3341/147/1476
f 3338/147/936 3339/147/936 3343/147/936
f 3338/147/936 3343/147/936 3342/147/936
f 3339/147/1499 3340/147/1500 3344/147/1497
f 3339/147/1499 3344/147/1497 3343/147/1499
f 3340/147/940 3337/147/940 3341/147/940
f 3340/147/940 3341/147/940 3344/147/941
f 3341/147/1476 3342/147/1476 3346/147/1476
f 3341/147/1476 3346/147/1476 3345/147/1476
f 3342/147/936 3343/147/936 3347/147/936
f 3342/147/936 3347/147/936 3346/147/936
f 3343/147/1499 3344/147/1497 3348/147/1499
f 3343/147/1499 3348/147/1499 3347/147/1497
f 3344/147/941 3341/147/940 3345/147/942
f 3344/147/941 3345/147/942 3348/147/942
f 3345/147/1476 3346/147/1476 3350/147/1479
f 3345/147/1476 3350/147/1479 3349/147/1481
f 3346/147/936 3347/147/936 3351/147/943
f 3346/147/936 3351/147/943 3350/147/943
f 3347/147/1497 3348/147/1499 3352/147/1480
f 3347/147/1497 3352/147/1480 3351/147/1480
f 3348/147/942 3345/147/942 3349/147/942
f 3348/147/942 3349/147/942 3352/147/942
f 3349/147/1481 3350/147/1479 3354/147/1479
f 3349/147/1481 3354/147/1479 3353/147/1479
f 3350/147/943 3351/147/943 3355/147/943
f 3350/147/943 3355/147/943 3354/147/943
f 3351/147/1480 3352/147/1480 3356/147/1480
f 3351/147/1480 3356/147/1480 3355/147/1480
f 3352/147/942 3349/147/942 3353/147/941
f 3352/147/942 3353/147/941 3356/147/941
f 3353/147/1479 3354/147/1479 3358/147/1479
f 3353/147/1479 3358/147/1479 3357/147/1479
f 3354/147/943 3355/147/943 3359/147/936
f 3354/147/943 3359/147/936 3358/147/936
f 3355/147/1480 3356/147/1480 3360/147/1480
f 3355/147/1480 3360/147/1480 3359/147/1480
f 3356/147/941 3353/147/941 3357/147/941
f 3356/147/941 3357/147/941 3360/147/941
f 3357/147/1479 3358/147/1479 3362/147/1481
f 3357/147/1479 3362/147/1481 3361/147/1479
f 3358/147/936 3359/147/936 3363/147/936
f 3358/147/936 3363/147/936 3362/147/936
f 3359/147/1480 3360/147/1480 3364/147/1480
f 3359/147/1480 3364/147/1480 3363/147/1480
f 3360/147/941 3357/147/941 3361/147/941
f 3360/147/941 3361/147/941 3364/147/941
f 3361/147/1479 3362/147/1481 3366/147/1476
f 3361/147/1479 3366/147/1476 3365/147/1476
f 3362/147/936 3363/147/936 3367/147/279
f 3362/147/936 3367/147/279 3366/147/936
f 3363/147/1480 3364/147/1480 3368/147/1497
f 3363/147/1480 3368/147/1497 3367/147/1499
f 3364/147/941 3361/147/941 3365/147/941
f 3364/147/941 3365/147/941 3368/147/941
f 3365/147/1476 3366/147/1476 3370/147/1476
f 3365/147/1476 3370/147/1476 3369/147/1476
f 3366/147/936 3367/147/279 3371/147/936
f 3366/147/936 3371/147/936 3370/147/279
f 3367/147/1499 3368/147/1497 3372/147/1497
f 3367/147/1499 3372/147/1497 3371/147/1497
f 3368/147/941 3365/147/941 3369/147/941
f 3368/147/941 3369/147/941 3372/147/941
f 3369/147/1476 3370/147/1476 3374/147/1476
f 3369/147/1476 3374/147/1476 3373/147/1476
f 3370/147/279 3371/147/936 3375/147/936
f 3370/147/279 3375/147/936 3374/147/936
f 3371/147/1497 3372/147/1497 3376/147/1499
f 3371/147/1497 3376/147/1499 3375/147/1497
f 3372/147/941 3369/147/941 3373/147/942
f 3372/147/941 3373/147/942 3376/147/942
f 3373/147/1476 3374/147/1476 3378/147/1479
f 3373/147/1476 3378/147/1479 3377/147/1475
f 3374/147/936 3375/147/936 3379/147/936
f 3374/147/936 3379/147/936 3378/147/936
f 3375/147/1497 3376/147/1499 3380/147/1501
f 3375/147/1497 3380/147/1501 3379/147/1419
f 3376/147/942 3373/147/942 3377/147/945
f 3376/147/942 3377/147/945 3380/147/945
f 3337/147/946 3338/147/946 3339/147/946
f 3337/147/946 3339/147/946 3340/147/946
f 3380/147/947 3379/147/947 3378/147/947
f 3380/147/947 3378/147/947 3377/147/947
f 3381/147/1502 3382/147/1503 3386/147/1479
f 3381/147/1502 3386/147/1479 3385/147/1479
f 3382/147/950 3383/147/950 3387/147/950
f 3382/147/950 3387/147/950 3386/147/950
f 3383/147/1504 3384/147/1504 3388/147/1480
f 3383/147/1504 3388/147/1480 3387/147/1480
f 3384/147/953 3381/147/953 3385/147/953
f 3384/147/953 3385/147/953 3388/147/953
f 3385/147/1479 3386/147/1479 3390/147/1479
f 3385/147/1479 3390/147/1479 3389/147/1479
f 3386/147/950 3387/147/950 3391/147/950
f 3386/147/950 3391/147/950 3390/147/950
f 3387/147/1480 3388/147/1480 3392/147/1480
f 3387/147/1480 3392/147/1480 3391/147/1480
f 3388/147/953 3385/147/953 3389/147/953
f 3388/147/953 3389/147/953 3392/147/953
f 3389/147/1479 3390/147/1479 3394/147/1479
f 3389/147/1479 3394/147/1479 3393/147/1479
f 3390/147/950 3391/147/950 3395/147/950
f 3390/147/950 3395/147/950 3394/147/950
f 3391/147/1480 3392/147/1480 3396/147/1480
f 3391/147/1480 3396/147/1480 3395/147/1480
f 3392/147/953 3389/147/953 3393/147/953
f 3392/147/953 3393/147/953 3396/147/953
f 3393/147/1479 3394/147/1479 3398/147/1476
f 3393/147/1479 3398/147/1476 3397/147/1476
f 3394/147/950 3395/147/950 3399/147/950
f 3394/147/950 3399/147/950 3398/147/950
f 3395/147/1480 3396/147/1480 3400/147/1497
f 3395/147/1480 3400/147/1497 3399/147/1497
f 3396/147/953 3393/147/953 3397/147/953
f 3396/147/953 3397/147/953 3400/147/953
f 3397/147/1476 3398/147/1476 3402/147/1476
f 3397/147/1476 3402/147/1476 3401/147/1476
f 3398/147/950 3399/147/950 3403/147/950
f 3398/147/950 3403/147/950 3402/147/950
f 3399/147/1497 3400/147/1497 3404/147/1497
f 3399/147/1497 3404/147/1497 3403/147/1497
f 3400/147/953 3397/147/953 3401/147/953
f 3400/147/953 3401/147/953 3404/147/953
f 3401/147/1505 3402/147/1505 3406/147/1506
f 3401/147/1505 3406/147/1506 3405/147/1505
f 3402/147/950 3403/147/950 3407/147/950
f 3402/147/950 3407/147/950 3406/147/950
f 3403/147/1507 3404/147/1508 3408/147/1508
f 3403/147/1507 3408/147/1508 3407/147/1508
f 3404/147/953 3401/147/953 3405/147/953
f 3404/147/953 3405/147/953 3408/147/953
f 3405/147/1509 3406/147/1509 3410/147/1509
f 3405/147/1509 3410/147/1509 3409/147/1509
f 3406/147/950 3407/147/950 3411/147/950
f 3406/147/950 3411/147/950 3410/147/950
f 3407/147/1510 3408/147/1510 3412/147/1510
f 3407/147/1510 3412/147/1510 3411/147/1510
f 3408/147/953 3405/147/953 3409/147/953
f 3408/147/953 3409/147/953 3412/147/953
f 3409/147/1511 3410/147/1511 3414/147/1511
f 3409/147/1511 3414/147/1511 3413/147/1511
f 3410/147/950 3411/147/950 3415/147/950
f 3410/147/950 3415/147/950 3414/147/950
f 3411/147/1512 3412/147/1512 3416/147/1512
f 3411/147/1512 3416/147/1512 3415/147/1512
f 3412/147/953 3409/147/953 3413/147/953
f 3412/147/953 3413/147/953 3416/147/953
f 3413/147/1459 3414/147/1459 3418/147/1459
f 3413/147/1459 3418/147/1459 3417/147/1459
f 3414/147/950 3415/147/950 3419/147/950
f 3414/147/950 3419/147/950 3418/147/950
f 3415/147/175 3416/147/175 3420/147/175
f 3415/147/175 3420/147/175 3419/147/175
f 3416/147/953 3413/147/953 3417/147/953
f 3416/147/953 3417/147/953 3420/147/953
f 3417/147/1459 3418/147/1459 3422/147/1459
f 3417/147/1459 3422/147/1459 3421/147/1459
f 3418/147/950 3419/147/950 3423/147/950
f 3418/147/950 3423/147/950 3422/147/950
f 3419/147/175 3420/147/175 3424/147/175
f 3419/147/175 3424/147/175 3423/147/175
f 3420/147/953 3417/147/953 3421/147/953
f 3420/147/953 3421/147/953 3424/147/953
f 3381/147/962 3382/147/962 3383/147/962
f 3381/147/962 3383/147/962 3384/147/962
f 3424/147/963 3423/147/963 3422/147/963
f 3424/147/963 3422/147/963 3421/147/963
f 3425/147/1513 3426/147/1513 3430/147/1513
f 3425/147/1513 3430/147/1513 3429/147/1513
f 3426/147/965 3427/147/965 3431/147/965
f 3426/147/965 3431/147/965 3430/147/965
f 3427/147/1514 3428/147/1514 3432/147/1514
f 3427/147/1514 3432/147/1514 3431/147/1514
f 3428/147/967 3425/147/967 3429/147/967
f 3428/147/967 3429/147/967 3432/147/967
f 3429/147/1513 3430/147/1513 3434/147/1513
f 3429/147/1513 3434/147/1513 3433/147/1459
f 3430/147/968 3431/147/968 3435/147/968
f 3430/147/968 3435/147/968 3434/147/968
f 3431/147/1514 3432/147/1514 3436/147/175
f 3431/147/1514 3436/147/175 3435/147/1462
f 3432/147/969 3429/147/969 3433/147/969
f 3432/147/969 3433/147/969 3436/147/969
f 3433/147/1459 3434/147/1513 3438/147/1459
f 3433/147/1459 3438/147/1459 3437/147/1459
f 3434/147/970 3435/147/970 3439/147/970
f 3434/147/970 3439/147/970 3438/147/970
f 3435/147/1462 3436/147/175 3440/147/1462
f 3435/147/1462 3440/147/1462 3439/147/175
f 3436/147/971 3433/147/971 3437/147/971
f 3436/147/971 3437/147/971 3440/147/971
f 3437/147/1459 3438/147/1459 3442/147/1459
f 3437/147/1459 3442/147/1459 3441/147/1459
f 3438/147/972 3439/147/972 3443/147/972
f 3438/147/972 3443/147/972 3442/147/972
f 3439/147/175 3440/147/1462 3444/147/1515
f 3439/147/175 3444/147/1515 3443/147/175
f 3440/147/974 3437/147/974 3441/147/974
f 3440/147/974 3441/147/974 3444/147/974
f 3441/147/1459 3442/147/1459 3446/147/1459
f 3441/147/1459 3446/147/1459 3445/147/1461
f 3442/147/975 3443/147/975 3447/147/975
f 3442/147/975 3447/147/975 3446/147/975
f 3443/147/175 3444/147/1515 3448/147/175
f 3443/147/175 3448/147/175 3447/147/1462
f 3444/147/976 3441/147/978 3445/147/977
f 3444/147/976 3445/147/977 3448/147/977
f 3445/147/1461 3446/147/1459 3450/147/1459
f 3445/147/1461 3450/147/1459 3449/147/1459
f 3446/147/979 3447/147/979 3451/147/979
f 3446/147/979 3451/147/979 3450/147/979
f 3447/147/1462 3448/147/175 3452/147/1462
f 3447/147/1462 3452/147/1462 3451/147/175
f 3448/147/980 3445/147/980 3449/147/980
f 3448/147/980 3449/147/980 3452/147/980
f 3449/147/1459 3450/147/1459 3454/147/1457
f 3449/147/1459 3454/147/1457 3453/147/1516
f 3450/147/982 3451/147/982 3455/147/982
f 3450/147/982 3455/147/982 3454/147/982
f 3451/147/175 3452/147/1462 3456/147/1460
f 3451/147/175 3456/147/1460 3455/147/175
f 3452/147/983 3449/147/983 3453/147/983
f 3452/147/983 3453/147/983 3456/147/983
f 3453/147/1517 3454/147/1517 3458/147/1517
f 3453/147/1518 3458/147/1518 3457/147/1518
f 3454/147/986 3455/147/986 3459/147/986
f 3454/147/986 3459/147/986 3458/147/986
f 3455/147/1519 3456/147/1519 3460/147/1519
f 3455/147/1520 3460/147/1520 3459/147/1520
f 3456/147/989 3453/147/989 3457/147/989
f 3456/147/989 3457/147/989 3460/147/989
f 3457/147/1521 3458/147/1521 3462/147/1521
f 3457/147/1522 3462/147/1522 3461/147/1522
f 3458/147/992 3459/147/992 3463/147/992
f 3458/147/992 3463/147/992 3462/147/992
f 3459/147/1523 3460/147/1523 3464/147/1523
f 3459/147/1524 3464/147/1524 3463/147/1524
f 3460/147/995 3457/147/995 3461/147/995
f 3460/147/995 3461/147/995 3464/147/995
f 3461/147/1525 3462/147/1525 3466/147/1525
f 3461/147/1526 3466/147/1526 3465/147/1526
f 3462/147/998 3463/147/998 3467/147/998
f 3462/147/998 3467/147/998 3466/147/998
f 3463/147/1527 3464/147/1527 3468/147/1527
f 3463/147/1528 3468/147/1528 3467/147/1528
f 3464/147/1001 3461/147/1001 3465/147/1001
f 3464/147/1001 3465/147/1001 3468/147/1001
f 3465/147/1476 3466/147/1476 3470/147/1476
f 3465/147/1476 3470/147/1476 3469/147/1476
f 3466/147/1002 3467/147/1002 3471/147/1002
f 3466/147/1002 3471/147/1002 3470/147/1002
f 3467/147/1497 3468/147/1497 3472/147/1497
f 3467/147/1497 3472/147/1497 3471/147/1497
f 3468/147/1003 3465/147/1003 3469/147/1003
f 3468/147/1003 3469/147/1003 3472/147/1003
f 3469/147/1476 3470/147/1476 3474/147/1479
f 3469/147/1476 3474/147/1479 3473/147/1479
f 3470/147/1004 3471/147/1004 3475/147/1004
f 3470/147/1004 3475/147/1004 3474/147/1004
f 3471/147/1497 3472/147/1497 3476/147/1480
f 3471/147/1497 3476/147/1480 3475/147/1480
f 3472/147/1005 3469/147/1005 3473/147/1005
f 3472/147/1005 3473/147/1005 3476/147/1005
f 3473/147/1479 3474/147/1479 3478/147/1479
f 3473/147/1479 3478/147/1479 3477/147/1479
f 3474/147/1006 3475/147/1007 3479/147/1006
f 3474/147/1006 3479/147/1006 3478/147/1007
f 3475/147/1480 3476/147/1480 3480/147/1480
f 3475/147/1480 3480/147/1480 3479/147/1480
f 3476/147/1008 3473/147/1008 3477/147/1008
f 3476/147/1008 3477/147/1008 3480/147/1008
f 3477/147/1479 3478/147/1479 3482/147/1479
f 3477/147/1479 3482/147/1479 3481/147/1479
f 3478/147/1009 3479/147/1009 3483/147/1009
f 3478/147/1009 3483/147/1009 3482/147/1009
f 3479/147/1480 3480/147/1480 3484/147/1480
f 3479/147/1480 3484/147/1480 3483/147/1480
f 3480/147/1010 3477/147/1010 3481/147/1010
f 3480/147/1010 3481/147/1010 3484/147/1010
f 3481/147/1479 3482/147/1479 3486/147/1479
f 3481/147/1479 3486/147/1479 3485/147/1479
f 3482/147/1011 3483/147/1011 3487/147/1011
f 3482/147/1011 3487/147/1011 3486/147/1011
f 3483/147/1480 3484/147/1480 3488/147/1480
f 3483/147/1480 3488/147/1480 3487/147/1419
f 3484/147/1012 3481/147/1012 3485/147/1012
f 3484/147/1012 3485/147/1012 3488/147/1013
f 3485/147/1479 3486/147/1479 3490/147/1479
f 3485/147/1479 3490/147/1479 3489/147/1529
f 3486/147/1015 3487/147/1015 3491/147/1015
f 3486/147/1015 3491/147/1015 3490/147/1015
f 3487/147/1419 3488/147/1480 3492/147/1480
f 3487/147/1419 3492/147/1480 3491/147/1480
f 3488/147/1016 3485/147/1017 3489/147/1017
f 3488/147/1016 3489/147/1017 3492/147/1018
f 3489/147/1529 3490/147/1479 3494/147/1479
f 3489/147/1529 3494/147/1479 3493/147/1479
f 3490/147/1019 3491/147/1019 3495/147/1019
f 3490/147/1019 3495/147/1019 3494/147/1019
f 3491/147/1480 3492/147/1480 3496/147/1480
f 3491/147/1480 3496/147/1480 3495/147/1497
f 3492/147/1020 3489/147/1020 3493/147/1020
f 3492/147/1020 3493/147/1020 3496/147/1020
f 3493/147/1479 3494/147/1479 3498/147/1479
f 3493/147/1479 3498/147/1479 3497/147/1530
f 3494/147/1022 3495/147/1022 3499/147/1022
f 3494/147/1022 3499/147/1022 3498/147/1022
f 3495/147/1497 3496/147/1480 3500/147/1497
f 3495/147/1497 3500/147/1497 3499/147/1497
f 3496/147/1023 3493/147/1023 3497/147/1023
f 3496/147/1023 3497/147/1023 3500/147/1023
f 3497/147/1531 3498/147/1531 3502/147/1531
f 3497/147/1532 3502/147/1532 3501/147/1532
f 3498/147/1026 3499/147/1026 3503/147/1026
f 3498/147/1026 3503/147/1026 3502/147/1026
f 3499/147/1497 3500/147/1497 3504/147/1499
f 3499/147/1533 3504/147/1533 3503/147/1533
f 3500/147/1028 3497/147/1028 3501/147/1028
f 3500/147/1028 3501/147/1028 3504/147/1028
f 3501/147/1534 3502/147/1534 3506/147/1534
f 3501/147/1535 3506/147/1536 3505/147/1537
f 3502/147/1033 3503/147/1033 3507/147/1033
f 3502/147/1033 3507/147/1033 3506/147/1033
f 3503/147/1538 3504/147/1538 3508/147/1538
f 3503/147/1539 3508/147/1540 3507/147/1541
f 3504/147/1038 3501/147/1038 3505/147/1038
f 3504/147/1038 3505/147/1038 3508/147/1038
f 3505/147/1537 3506/147/1536 3510/147/1542
f 3505/147/1543 3510/147/1543 3509/147/1543
f 3506/147/1041 3507/147/1041 3511/147/1041
f 3506/147/1041 3511/147/1041 3510/147/1041
f 3507/147/1541 3508/147/1540 3512/147/1544
f 3507/147/1545 3512/147/1545 3511/147/1545
f 3508/147/1044 3505/147/1044 3509/147/1044
f 3508/147/1044 3509/147/1044 3512/147/1044
f 3509/147/1546 3510/147/1546 3514/147/1546
f 3509/147/1530 3514/147/1476 3513/147/1476
f 3510/147/969 3511/147/969 3515/147/969
f 3510/147/969 3515/147/969 3514/147/969
f 3511/147/1547 3512/147/1547 3516/147/1547
f 3511/147/1548 3516/147/1548 3515/147/1548
f 3512/147/968 3509/147/968 3513/147/968
f 3512/147/968 3513/147/968 3516/147/968
f 3513/147/1476 3514/147/1476 3518/147/1479
f 3513/147/1476 3518/147/1479 3517/147/1479
f 3514/147/1048 3515/147/1049 3519/147/1049
f 3514/147/1048 3519/147/1049 3518/147/1049
f 3515/147/1480 3516/147/1499 3520/147/1480
f 3515/147/1480 3520/147/1480 3519/147/1480
f 3516/147/1050 3513/147/1050 3517/147/1050
f 3516/147/1050 3517/147/1050 3520/147/1050
f 3517/147/1479 3518/147/1479 3522/147/1479
f 3517/147/1479 3522/147/1479 3521/147/1479
f 3518/147/1051 3519/147/1051 3523/147/1051
f 3518/147/1051 3523/147/1051 3522/147/1051
f 3519/147/1480 3520/147/1480 3524/147/1549
f 3519/147/1480 3524/147/1549 3523/147/1480
f 3520/147/1053 3517/147/1053 3521/147/1053
f 3520/147/1053 3521/147/1053 3524/147/1053
f 3521/147/1479 3522/147/1479 3526/147/1481
f 3521/147/1479 3526/147/1481 3525/147/1479
f 3522/147/1054 3523/147/1054 3527/147/1054
f 3522/147/1054 3527/147/1054 3526/147/1054
f 3523/147/1480 3524/147/1549 3528/147/1480
f 3523/147/1480 3528/147/1480 3527/147/1480
f 3524/147/1055 3521/147/1055 3525/147/1055
f 3524/147/1055 3525/147/1055 3528/147/1055
f 3525/147/1479 3526/147/1481 3530/147/1479
f 3525/147/1479 3530/147/1479 3529/147/1479
f 3526/147/1056 3527/147/1056 3531/147/1056
f 3526/147/1056 3531/147/1056 3530/147/1056
f 3527/147/1480 3528/147/1480 3532/147/1480
f 3527/147/1480 3532/147/1480 3531/147/1480
f 3528/147/1057 3525/147/1057 3529/147/1057
f 3528/147/1057 3529/147/1057 3532/147/1058
f 3529/147/1479 3530/147/1479 3534/147/1479
f 3529/147/1479 3534/147/1479 3533/147/1479
f 3530/147/1059 3531/147/1059 3535/147/1059
f 3530/147/1059 3535/147/1059 3534/147/1059
f 3531/147/1480 3532/147/1480 3536/147/1480
f 3531/147/1480 3536/147/1480 3535/147/1480
f 3532/147/1060 3529/147/1060 3533/147/1060
f 3532/147/1060 3533/147/1060 3536/147/1060
f 3533/147/1479 3534/147/1479 3538/147/1479
f 3533/147/1479 3538/147/1479 3537/147/1479
f 3534/147/1061 3535/147/1061 3539/147/1061
f 3534/147/1061 3539/147/1061 3538/147/1061
f 3535/147/1480 3536/147/1480 3540/147/1497
f 3535/147/1480 3540/147/1497 3539/147/1480
f 3536/147/1062 3533/147/1062 3537/147/1062
f 3536/147/1062 3537/147/1062 3540/147/1062
f 3537/147/1479 3538/147/1479 3542/147/1476
f 3537/147/1479 3542/147/1476 3541/147/1476
f 3538/147/995 3539/147/995 3543/147/995
f 3538/147/995 3543/147/995 3542/147/995
f 3539/147/1480 3540/147/1497 3544/147/1497
f 3539/147/1480 3544/147/1497 3543/147/1497
f 3540/147/992 3537/147/992 3541/147/992
f 3540/147/992 3541/147/992 3544/147/992
f 3541/147/1476 3542/147/1476 3546/147/1476
f 3541/147/1476 3546/147/1476 3545/147/1476
f 3542/147/1063 3543/147/1063 3547/147/1063
f 3542/147/1063 3547/147/1063 3546/147/1063
f 3543/147/1497 3544/147/1497 3548/147/1497
f 3543/147/1497 3548/147/1497 3547/147/1497
f 3544/147/1064 3541/147/1064 3545/147/1064
f 3544/147/1064 3545/147/1064 3548/147/1064
f 3545/147/1550 3546/147/1550 3550/147/1550
f 3545/147/1551 3550/147/1551 3549/147/1551
f 3546/147/1067 3547/147/1067 3551/147/1067
f 3546/147/1067 3551/147/1067 3550/147/1067
f 3547/147/1552 3548/147/1552 3552/147/1552
f 3547/147/1553 3552/147/1553 3551/147/1553
f 3548/147/1070 3545/147/1070 3549/147/1070
f 3548/147/1070 3549/147/1070 3552/147/1070
f 3549/147/1554 3550/147/1554 3554/147/1554
f 3549/147/1555 3554/147/1555 3553/147/1555
f 3550/147/1005 3551/147/1005 3555/147/1005
f 3550/147/1005 3555/147/1005 3554/147/1005
f 3551/147/1556 3552/147/1556 3556/147/1556
f 3551/147/1557 3556/147/1557 3555/147/1557
f 3552/147/1004 3549/147/1004 3553/147/1004
f 3552/147/1004 3553/147/1004 3556/147/1004
f 3553/147/1558 3554/147/1558 3558/147/1558
f 3553/147/1559 3558/147/1559 3557/147/1559
f 3554/147/1077 3555/147/1077 3559/147/1077
f 3554/147/1077 3559/147/1077 3558/147/1077
f 3555/147/1560 3556/147/1560 3560/147/1560
f 3555/147/1561 3560/147/1561 3559/147/1561
f 3556/147/1080 3553/147/1080 3557/147/1080
f 3556/147/1080 3557/147/1080 3560/147/1080
f 3557/147/1562 3558/147/1513 3562/147/1459
f 3557/147/1562 3562/147/1459 3561/147/1563
f 3558/147/1083 3559/147/1083 3563/147/1083
f 3558/147/1083 3563/147/1083 3562/147/1083
f 3559/147/1564 3560/147/1565 3564/147/175
f 3559/147/1564 3564/147/175 3563/147/175
f 3560/147/1086 3557/147/1086 3561/147/1086
f 3560/147/1086 3561/147/1086 3564/147/1086
f 3561/147/1563 3562/147/1459 3566/147/1563
f 3561/147/1563 3566/147/1563 3565/147/1563
f 3562/147/1087 3563/147/1087 3567/147/1087
f 3562/147/1087 3567/147/1087 3566/147/1087
f 3563/147/175 3564/147/175 3568/147/1515
f 3563/147/175 3568/147/1515 3567/147/1515
f 3564/147/1088 3561/147/1088 3565/147/1088
f 3564/147/1088 3565/147/1088 3568/147/1089
f 3565/147/1563 3566/147/1563 3570/147/1459
f 3565/147/1563 3570/147/1459 3569/147/1459
f 3566/147/1090 3567/147/1090 3571/147/1090
f 3566/147/1090 3571/147/1090 3570/147/1090
f 3567/147/1515 3568/147/1515 3572/147/175
f 3567/147/1515 3572/147/175 3571/147/175
f 3568/147/1091 3565/147/1092 3569/147/1091
f 3568/147/1091 3569/147/1091 3572/147/1092
f 3569/147/1459 3570/147/1459 3574/147/1459
f 3569/147/1459 3574/147/1459 3573/147/1459
f 3570/147/1093 3571/147/1093 3575/147/1093
f 3570/147/1093 3575/147/1093 3574/147/1093
f 3571/147/175 3572/147/175 3576/147/175
f 3571/147/175 3576/147/175 3575/147/175
f 3572/147/1094 3569/147/1094 3573/147/1094
f 3572/147/1094 3573/147/1094 3576/147/1094
f 3573/147/1459 3574/147/1459 3578/147/1563
f 3573/147/1459 3578/147/1563 3577/147/1459
f 3574/147/1095 3575/147/1095 3579/147/1095
f 3574/147/1095 3579/147/1095 3578/147/1095
f 3575/147/175 3576/147/175 3580/147/175
f 3575/147/175 3580/147/175 3579/147/175
f 3576/147/1096 3573/147/1096 3577/147/1096
f 3576/147/1096 3577/147/1096 3580/147/1096
f 3577/147/1459 3578/147/1563 3582/147/1513
f 3577/147/1459 3582/147/1513 3581/147/1513
f 3578/147/1028 3579/147/1028 3583/147/1028
f 3578/147/1028 3583/147/1028 3582/147/1028
f 3579/147/175 3580/147/175 3584/147/1514
f 3579/147/175 3584/147/1514 3583/147/1514
f 3580/147/1026 3577/147/1026 3581/147/1026
f 3580/147/1026 3581/147/1026 3584/147/1026
f 3581/147/1513 3582/147/1513 3426/147/1513
f 3581/147/1513 3426/147/1513 3425/147/1513
f 3582/147/1097 3583/147/1097 3427/147/1097
f 3582/147/1097 3427/147/1097 3426/147/1097
f 3583/147/1514 3584/147/1514 3428/147/1514
f 3583/147/1514 3428/147/1514 3427/147/1514
f 3584/147/1098 3581/147/1098 3425/147/1098
f 3584/147/1098 3425/147/1098 3428/147/1098
f 3585/147/1099 3591/147/1100 3592/147/1101
f 3585/147/1099 3592/147/1101 3586/147/1099
f 3586/147/1102 3592/147/1102 3593/147/1102
f 3586/147/1102 3593/147/1102 3587/147/1102
f 3587/147/1103 3593/147/1104 3594/147/1103
f 3587/147/1103 3594/147/1103 3588/147/1105
f 3588/147/1328 3594/147/1345 3595/147/1108
f 3588/147/1328 3595/147/1108 3589/147/1109
f 3589/147/1110 3595/147/1110 3596/147/1110
f 3589/147/1110 3596/147/1110 3590/147/1110
f 3590/147/1111 3596/147/1112 3591/147/1113
f 3590/147/1111 3591/147/1113 3585/147/1111
f 3591/147/1114 3597/147/1115 3598/147/1116
f 3591/147/1114 3598/147/1116 3592/147/1117
f 3592/147/1102 3598/147/1102 3599/147/1102
f 3592/147/1102 3599/147/1102 3593/147/1102
f 3593/147/1118 3599/147/1119 3600/147/1118
f 3593/147/1118 3600/147/1118 3594/147/1120
f 3594/147/1121 3600/147/1122 3601/147/1121
f 3594/147/1121 3601/147/1121 3595/147/1123
f 3595/147/1110 3601/147/1110 3602/147/1110
f 3595/147/1110 3602/147/1110 3596/147/1110
f 3596/147/1124 3602/147/1125 3597/147/1124
f 3596/147/1124 3597/147/1124 3591/147/1329
f 3597/147/1127 3603/147/1128 3604/147/1129
f 3597/147/1127 3604/147/1129 3598/147/1130
f 3598/147/1102 3604/147/1102 3605/147/1102
f 3598/147/1102 3605/147/1102 3599/147/1102
f 3599/147/1131 3605/147/1566 3606/147/1131
f 3599/147/1131 3606/147/1131 3600/147/1131
f 3600/147/1133 3606/147/1195 3607/147/1133
f 3600/147/1133 3607/147/1133 3601/147/1133
f 3601/147/1110 3607/147/1110 3608/147/1110
f 3601/147/1110 3608/147/1110 3602/147/1110
f 3602/147/1135 3608/147/1137 3603/147/1137
f 3602/147/1135 3603/147/1137 3597/147/1135
f 3603/147/1138 3609/147/1139 3610/147/1139
f 3603/147/1138 3610/147/1139 3604/147/1198
f 3604/147/1102 3610/147/1102 3611/147/1102
f 3604/147/1102 3611/147/1102 3605/147/1102
f 3605/147/1140 3611/147/1140 3612/147/1140
f 3605/147/1140 3612/147/1140 3606/147/1141
f 3606/147/1142 3612/147/1142 3613/147/1142
f 3606/147/1142 3613/147/1142 3607/147/1143
f 3607/147/1110 3613/147/1110 3614/147/1110
f 3607/147/1110 3614/147/1110 3608/147/1110
f 3608/147/1144 3614/147/1145 3609/147/1146
f 3608/147/1144 3609/147/1146 3603/147/1147
f 3609/147/1148 3615/147/1149 3616/147/1148
f 3609/147/1148 3616/147/1148 3610/147/1150
f 3610/147/1102 3616/147/1102 3617/147/1102
f 3610/147/1102 3617/147/1102 3611/147/1102
f 3611/147/1151 3617/147/1152 3618/147/1151
f 3611/147/1151 3618/147/1151 3612/147/1153
f 3612/147/1154 3618/147/1155 3619/147/1154
f 3612/147/1154 3619/147/1154 3613/147/1156
f 3613/147/1110 3619/147/1110 3620/147/1110
f 3613/147/1110 3620/147/1110 3614/147/1110
f 3614/147/1157 3620/147/1567 3615/147/1159
f 3614/147/1157 3615/147/1159 3609/147/1160
f 3615/147/1161 3621/147/1162 3622/147/1161
f 3615/147/1161 3622/147/1161 3616/147/1163
f 3616/147/1102 3622/147/1102 3623/147/1102
f 3616/147/1102 3623/147/1102 3617/147/1102
f 3617/147/1164 3623/147/1165 3624/147/1568
f 3617/147/1164 3624/147/1568 3618/147/1167
f 3618/147/1168 3624/147/1169 3625/147/1170
f 3618/147/1168 3625/147/1170 3619/147/1171
f 3619/147/1110 3625/147/1110 3626/147/1110
f 3619/147/1110 3626/147/1110 3620/147/1110
f 3620/147/1172 3626/147/1173 3621/147/1173
f 3620/147/1172 3621/147/1173 3615/147/1174
f 3621/147/1175 3627/147/1176 3628/147/1103
f 3621/147/1175 3628/147/1103 3622/147/1175
f 3622/147/1102 3628/147/1102 3629/147/1102
f 3622/147/1102 3629/147/1102 3623/147/1102
f 3623/147/1101 3629/147/1177 3630/147/1101
f 3623/147/1101 3630/147/1101 3624/147/1178
f 3624/147/1569 3630/147/1180 3631/147/1111
f 3624/147/1569 3631/147/1111 3625/147/1113
f 3625/147/1110 3631/147/1110 3632/147/1110
f 3625/147/1110 3632/147/1110 3626/147/1110
f 3626/147/1108 3632/147/1181 3627/147/1109
f 3626/147/1108 3627/147/1109 3621/147/1108
f 3627/147/1118 3633/147/1120 3634/147/1182
f 3627/147/1118 3634/147/1182 3628/147/1183
f 3628/147/1102 3634/147/1102 3635/147/1102
f 3628/147/1102 3635/147/1102 3629/147/1102
f 3629/147/1114 3635/147/1184 3636/147/1114
f 3629/147/1114 3636/147/1114 3630/147/1115
f 3630/147/1124 3636/147/1126 3637/147/1124
f 3630/147/1124 3637/147/1124 3631/147/1185
f 3631/147/1110 3637/147/1110 3638/147/1110
f 3631/147/1110 3638/147/1110 3632/147/1110
f 3632/147/1121 3638/147/1186 3633/147/1121
f 3632/147/1121 3633/147/1121 3627/147/1122
f 3633/147/1187 3639/147/1188 3640/147/1189
f 3633/147/1187 3640/147/1189 3634/147/1190
f 3634/147/1102 3640/147/1102 3641/147/1102
f 3634/147/1102 3641/147/1102 3635/147/1102
f 3635/147/1191 3641/147/1192 3642/147/1191
f 3635/147/1191 3642/147/1191 3636/147/1191
f 3636/147/1193 3642/147/1137 3643/147/1193
f 3636/147/1193 3643/147/1193 3637/147/1193
f 3637/147/1110 3643/147/1110 3644/147/1110
f 3637/147/1110 3644/147/1110 3638/147/1110
f 3638/147/1194 3644/147/1134 3639/147/1134
f 3638/147/1194 3639/147/1134 3633/147/1194
f 3639/147/1141 3645/147/1196 3646/147/1196
f 3639/147/1141 3646/147/1196 3640/147/1333
f 3640/147/1102 3646/147/1102 3647/147/1102
f 3640/147/1102 3647/147/1102 3641/147/1102
f 3641/147/1197 3647/147/1197 3648/147/1197
f 3641/147/1197 3648/147/1197 3642/147/1138
f 3642/147/1199 3648/147/1199 3649/147/1199
f 3642/147/1199 3649/147/1199 3643/147/1362
f 3643/147/1110 3649/147/1110 3650/147/1110
f 3643/147/1110 3650/147/1110 3644/147/1110
f 3644/147/1201 3650/147/1202 3645/147/1203
f 3644/147/1201 3645/147/1203 3639/147/1204
f 3645/147/1151 3651/147/1153 3652/147/1151
f 3645/147/1151 3652/147/1151 3646/147/1206
f 3646/147/1102 3652/147/1102 3653/147/1102
f 3646/147/1102 3653/147/1102 3647/147/1102
f 3647/147/1148 3653/147/1207 3654/147/1148
f 3647/147/1148 3654/147/1148 3648/147/1149
f 3648/147/1159 3654/147/1160 3655/147/1159
f 3648/147/1159 3655/147/1159 3649/147/1208
f 3649/147/1110 3655/147/1110 3656/147/1110
f 3649/147/1110 3656/147/1110 3650/147/1110
f 3650/147/1209 3656/147/1570 3651/147/1154
f 3650/147/1209 3651/147/1154 3645/147/1155
f 3651/147/1165 3585/147/1164 3586/147/1164
f 3651/147/1165 3586/147/1164 3652/147/1211
f 3652/147/1102 3586/147/1102 3587/147/1102
f 3652/147/1102 3587/147/1102 3653/147/1102
f 3653/147/1162 3587/147/1161 3588/147/1212
f 3653/147/1162 3588/147/1212 3654/147/1351
f 3654/147/1172 3588/147/1214 3589/147/1215
f 3654/147/1172 3589/147/1215 3655/147/1216
f 3655/147/1110 3589/147/1110 3590/147/1110
f 3655/147/1110 3590/147/1110 3656/147/1110
f 3656/147/1168 3590/147/1217 3585/147/1217
f 3656/147/1168 3585/147/1217 3651/147/1218
f 3657/147/1219 3663/147/1392 3664/147/1221
f 3657/147/1219 3664/147/1221 3658/147/1219
f 3658/147/962 3664/147/962 3665/147/962
f 3658/147/962 3665/147/962 3659/147/962
f 3659/147/1224 3665/147/1223 3666/147/1224
f 3659/147/1224 3666/147/1224 3660/147/1225
f 3660/147/1226 3666/147/1227 3667/147/1228
f 3660/147/1226 3667/147/1228 3661/147/1229
f 3661/147/963 3667/147/963 3668/147/963
f 3661/147/963 3668/147/963 3662/147/963
f 3662/147/1230 3668/147/1231 3663/147/1232
f 3662/147/1230 3663/147/1232 3657/147/1230
f 3663/147/1368 3669/147/1288 3670/147/1358
f 3663/147/1368 3670/147/1358 3664/147/1233
f 3664/147/962 3670/147/962 3671/147/962
f 3664/147/962 3671/147/962 3665/147/962
f 3665/147/1286 3671/147/1286 3672/147/1286
f 3665/147/1286 3672/147/1286 3666/147/1286
f 3666/147/1393 3672/147/1393 3673/147/1393
f 3666/147/1393 3673/147/1393 3667/147/1393
f 3667/147/963 3673/147/963 3674/147/963
f 3667/147/963 3674/147/963 3668/147/963
f 3668/147/1369 3674/147/1370 3669/147/1369
f 3668/147/1369 3669/147/1369 3663/147/1371
f 3669/147/1372 3675/147/1297 3676/147/1296
f 3669/147/1372 3676/147/1296 3670/147/1571
f 3670/147/962 3676/147/962 3677/147/962
f 3670/147/962 3677/147/962 3671/147/962
f 3671/147/1294 3677/147/1293 3678/147/1294
f 3671/147/1294 3678/147/1294 3672/147/1295
f 3672/147/1394 3678/147/1245 3679/147/1394
f 3672/147/1394 3679/147/1394 3673/147/1395
f 3673/147/963 3679/147/963 3680/147/963
f 3673/147/963 3680/147/963 3674/147/963
f 3674/147/1373 3680/147/1247 3675/147/1247
f 3674/147/1373 3675/147/1247 3669/147/1373
f 3675/147/1250 3681/147/1374 3682/147/1374
f 3675/147/1250 3682/147/1374 3676/147/1336
f 3676/147/962 3682/147/962 3683/147/962
f 3676/147/962 3683/147/962 3677/147/962
f 3677/147/1396 3683/147/1572 3684/147/1396
f 3677/147/1396 3684/147/1396 3678/147/1252
f 3678/147/1309 3684/147/1341 3685/147/1309
f 3678/147/1309 3685/147/1309 3679/147/1312
f 3679/147/963 3685/147/963 3686/147/963
f 3679/147/963 3686/147/963 3680/147/963
f 3680/147/1306 3686/147/1307 3681/147/1375
f 3680/147/1306 3681/147/1375 3675/147/1308
f 3681/147/1376 3687/147/1573 3688/147/1376
f 3681/147/1376 3688/147/1376 3682/147/1378
f 3682/147/962 3688/147/962 3689/147/962
f 3682/147/962 3689/147/962 3683/147/962
f 3683/147/1397 3689/147/1397 3690/147/1397
f 3683/147/1397 3690/147/1397 3684/147/1397
f 3684/147/1262 3690/147/1262 3691/147/1262
f 3684/147/1262 3691/147/1262 3685/147/1262
f 3685/147/963 3691/147/963 3692/147/963
f 3685/147/963 3692/147/963 3686/147/963
f 3686/147/1379 3692/147/1574 3687/147/1380
f 3686/147/1379 3687/147/1380 3681/147/1316
f 3687/147/1265 3693/147/1266 3694/147/1266
f 3687/147/1265 3694/147/1266 3688/147/1267
f 3688/147/962 3694/147/962 3695/147/962
f 3688/147/962 3695/147/962 3689/147/962
f 3689/147/1268 3695/147/1269 3696/147/1575
f 3689/147/1268 3696/147/1575 3690/147/1271
f 3690/147/1272 3696/147/1273 3697/147/1272
f 3690/147/1272 3697/147/1272 3691/147/1275
f 3691/147/963 3697/147/963 3698/147/963
f 3691/147/963 3698/147/963 3692/147/963
f 3692/147/1276 3698/147/1277 3693/147/1277
f 3692/147/1276 3693/147/1277 3687/147/1278
f 3693/147/1279 3699/147/1576 3700/147/1224
f 3693/147/1279 3700/147/1224 3694/147/1279
f 3694/147/962 3700/147/962 3701/147/962
f 3694/147/962 3701/147/962 3695/147/962
f 3695/147/1338 3701/147/1281 3702/147/1221
f 3695/147/1338 3702/147/1221 3696/147/1352
f 3696/147/1283 3702/147/1284 3703/147/1230
f 3696/147/1283 3703/147/1230 3697/147/1232
f 3697/147/963 3703/147/963 3704/147/963
f 3697/147/963 3704/147/963 3698/147/963
f 3698/147/1228 3704/147/1285 3699/147/1229
f 3698/147/1228 3699/147/1229 3693/147/1228
f 3699/147/1339 3705/147/1339 3706/147/1339
f 3699/147/1339 3706/147/1339 3700/147/1339
f 3700/147/962 3706/147/962 3707/147/962
f 3700/147/962 3707/147/962 3701/147/962
f 3701/147/1368 3707/147/1382 3708/147/1368
f 3701/147/1368 3708/147/1368 3702/147/1358
f 3702/147/1369 3708/147/1383 3709/147/1369
f 3702/147/1369 3709/147/1369 3703/147/1384
f 3703/147/963 3709/147/963 3710/147/963
f 3703/147/963 3710/147/963 3704/147/963
f 3704/147/1398 3710/147/1398 3705/147/1398
f 3704/147/1398 3705/147/1398 3699/147/1398
f 3705/147/1242 3711/147/1242 3712/147/1242
f 3705/147/1242 3712/147/1242 3706/147/1242
f 3706/147/962 3712/147/962 3713/147/962
f 3706/147/962 3713/147/962 3707/147/962
f 3707/147/1241 3713/147/1357 3714/147/1241
f 3707/147/1241 3714/147/1241 3708/147/1241
f 3708/147/1246 3714/147/1247 3715/147/1246
f 3708/147/1246 3715/147/1246 3709/147/1246
f 3709/147/963 3715/147/963 3716/147/963
f 3709/147/963 3716/147/963 3710/147/963
f 3710/147/1244 3716/147/1245 3711/147/1244
f 3710/147/1244 3711/147/1244 3705/147/1244
f 3711/147/1251 3717/147/1251 3718/147/1251
f 3711/147/1251 3718/147/1251 3712/147/1252
f 3712/147/962 3718/147/962 3719/147/962
f 3712/147/962 3719/147/962 3713/147/962
f 3713/147/1248 3719/147/1248 3720/147/1248
f 3713/147/1248 3720/147/1248 3714/147/1250
f 3714/147/1255 3720/147/1255 3721/147/1255
f 3714/147/1255 3721/147/1255 3715/147/1577
f 3715/147/963 3721/147/963 3722/147/963
f 3715/147/963 3722/147/963 3716/147/963
f 3716/147/1253 3722/147/1253 3717/147/1253
f 3716/147/1253 3717/147/1253 3711/147/1253
f 3717/147/1400 3723/147/1400 3724/147/1400
f 3717/147/1400 3724/147/1400 3718/147/1400
f 3718/147/962 3724/147/962 3725/147/962
f 3718/147/962 3725/147/962 3719/147/962
f 3719/147/1376 3725/147/1387 3726/147/1376
f 3719/147/1376 3726/147/1376 3720/147/1377
f 3720/147/1380 3726/147/1379 3727/147/1380
f 3720/147/1380 3727/147/1380 3721/147/1388
f 3721/147/963 3727/147/963 3728/147/963
f 3721/147/963 3728/147/963 3722/147/963
f 3722/147/1318 3728/147/1318 3723/147/1318
f 3722/147/1318 3723/147/1318 3717/147/1318
f 3723/147/1269 3657/147/1268 3658/147/1268
f 3723/147/1269 3658/147/1268 3724/147/1319
f 3724/147/962 3658/147/962 3659/147/962
f 3724/147/962 3659/147/962 3725/147/962
f 3725/147/1266 3659/147/1265 3660/147/1342
f 3725/147/1266 3660/147/1342 3726/147/1321
f 3726/147/1276 3660/147/1355 3661/147/1323
f 3726/147/1276 3661/147/1323 3727/147/1324
f 3727/147/963 3661/147/963 3662/147/963
f 3727/147/963 3662/147/963 3728/147/963
f 3728/147/1272 3662/147/1325 3657/147/1325
f 3728/147/1272 3657/147/1325 3723/147/1326
f 3729/147/1099 3735/147/1100 3736/147/1101
f 3729/147/1099 3736/147/1101 3730/147/1099
f 3730/147/1102 3736/147/1102 3737/147/1102
f 3730/147/1102 3737/147/1102 3731/147/1102
f 3731/147/1103 3737/147/1104 3738/147/1103
f 3731/147/1103 3738/147/1103 3732/147/1105
f 3732/147/1328 3738/147/1363 3739/147/1108
f 3732/147/1328 3739/147/1108 3733/147/1109
f 3733/147/1110 3739/147/1110 3740/147/1110
f 3733/147/1110 3740/147/1110 3734/147/1110
f 3734/147/1111 3740/147/1112 3735/147/1113
f 3734/147/1111 3735/147/1113 3729/147/1111
f 3735/147/1114 3741/147/1115 3742/147/1116
f 3735/147/1114 3742/147/1116 3736/147/1117
f 3736/147/1102 3742/147/1102 3743/147/1102
f 3736/147/1102 3743/147/1102 3737/147/1102
f 3737/147/1118 3743/147/1119 3744/147/1118
f 3737/147/1118 3744/147/1118 3738/147/1120
f 3738/147/1121 3744/147/1122 3745/147/1121
f 3738/147/1121 3745/147/1121 3739/147/1123
f 3739/147/1110 3745/147/1110 3746/147/1110
f 3739/147/1110 3746/147/1110 3740/147/1110
f 3740/147/1124 3746/147/1125 3741/147/1124
f 3740/147/1124 3741/147/1124 3735/147/1329
f 3741/147/1127 3747/147/1128 3748/147/1129
f 3741/147/1127 3748/147/1129 3742/147/1130
f 3742/147/1102 3748/147/1102 3749/147/1102
f 3742/147/1102 3749/147/1102 3743/147/1102
f 3743/147/1131 3749/147/1566 3750/147/1131
f 3743/147/1131 3750/147/1131 3744/147/1131
f 3744/147/1133 3750/147/1134 3751/147/1133
f 3744/147/1133 3751/147/1133 3745/147/1133
f 3745/147/1110 3751/147/1110 3752/147/1110
f 3745/147/1110 3752/147/1110 3746/147/1110
f 3746/147/1135 3752/147/1137 3747/147/1137
f 3746/147/1135 3747/147/1137 3741/147/1135
f 3747/147/1138 3753/147/1139 3754/147/1139
f 3747/147/1138 3754/147/1139 3748/147/1198
f 3748/147/1102 3754/147/1102 3755/147/1102
f 3748/147/1102 3755/147/1102 3749/147/1102
f 3749/147/1140 3755/147/1140 3756/147/1140
f 3749/147/1140 3756/147/1140 3750/147/1141
f 3750/147/1142 3756/147/1142 3757/147/1142
f 3750/147/1142 3757/147/1142 3751/147/1143
f 3751/147/1110 3757/147/1110 3758/147/1110
f 3751/147/1110 3758/147/1110 3752/147/1110
f 3752/147/1144 3758/147/1145 3753/147/1146
f 3752/147/1144 3753/147/1146 3747/147/1147
f 3753/147/1148 3759/147/1149 3760/147/1148
f 3753/147/1148 3760/147/1148 3754/147/1150
f 3754/147/1102 3760/147/1102 3761/147/1102
f 3754/147/1102 3761/147/1102 3755/147/1102
f 3755/147/1151 3761/147/1152 3762/147/1151
f 3755/147/1151 3762/147/1151 3756/147/1153
f 3756/147/1154 3762/147/1155 3763/147/1154
f 3756/147/1154 3763/147/1154 3757/147/1156
f 3757/147/1110 3763/147/1110 3764/147/1110
f 3757/147/1110 3764/147/1110 3758/147/1110
f 3758/147/1157 3764/147/1158 3759/147/1159
f 3758/147/1157 3759/147/1159 3753/147/1160
f 3759/147/1161 3765/147/1162 3766/147/1162
f 3759/147/1161 3766/147/1162 3760/147/1163
f 3760/147/1102 3766/147/1102 3767/147/1102
f 3760/147/1102 3767/147/1102 3761/147/1102
f 3761/147/1164 3767/147/1165 3768/147/1166
f 3761/147/1164 3768/147/1166 3762/147/1167
f 3762/147/1168 3768/147/1169 3769/147/1168
f 3762/147/1168 3769/147/1168 3763/147/1171
f 3763/147/1110 3769/147/1110 3770/147/1110
f 3763/147/1110 3770/147/1110 3764/147/1110
f 3764/147/1172 3770/147/1173 3765/147/1173
f 3764/147/1172 3765/147/1173 3759/147/1174
f 3765/147/1175 3771/147/1176 3772/147/1103
f 3765/147/1175 3772/147/1103 3766/147/1175
f 3766/147/1102 3772/147/1102 3773/147/1102
f 3766/147/1102 3773/147/1102 3767/147/1102
f 3767/147/1101 3773/147/1177 3774/147/1101
f 3767/147/1101 3774/147/1101 3768/147/1178
f 3768/147/1179 3774/147/1578 3775/147/1111
f 3768/147/1179 3775/147/1111 3769/147/1113
f 3769/147/1110 3775/147/1110 3776/147/1110
f 3769/147/1110 3776/147/1110 3770/147/1110
f 3770/147/1108 3776/147/1181 3771/147/1109
f 3770/147/1108 3771/147/1109 3765/147/1108
f 3771/147/1118 3777/147/1120 3778/147/1182
f 3771/147/1118 3778/147/1182 3772/147/1183
f 3772/147/1102 3778/147/1102 3779/147/1102
f 3772/147/1102 3779/147/1102 3773/147/1102
f 3773/147/1114 3779/147/1184 3780/147/1114
f 3773/147/1114 3780/147/1114 3774/147/1116
f 3774/147/1124 3780/147/1126 3781/147/1124
f 3774/147/1124 3781/147/1124 3775/147/1185
f 3775/147/1110 3781/147/1110 3782/147/1110
f 3775/147/1110 3782/147/1110 3776/147/1110
f 3776/147/1121 3782/147/1186 3777/147/1121
f 3776/147/1121 3777/147/1121 3771/147/1349
f 3777/147/1187 3783/147/1188 3784/147/1189
f 3777/147/1187 3784/147/1189 3778/147/1190
f 3778/147/1102 3784/147/1102 3785/147/1102
f 3778/147/1102 3785/147/1102 3779/147/1102
f 3779/147/1191 3785/147/1579 3786/147/1191
f 3779/147/1191 3786/147/1191 3780/147/1191
f 3780/147/1193 3786/147/1137 3787/147/1193
f 3780/147/1193 3787/147/1193 3781/147/1193
f 3781/147/1110 3787/147/1110 3788/147/1110
f 3781/147/1110 3788/147/1110 3782/147/1110
f 3782/147/1194 3788/147/1134 3783/147/1134
f 3782/147/1194 3783/147/1134 3777/147/1194
f 3783/147/1141 3789/147/1580 3790/147/1196
f 3783/147/1141 3790/147/1196 3784/147/1333
f 3784/147/1102 3790/147/1102 3791/147/1102
f 3784/147/1102 3791/147/1102 3785/147/1102
f 3785/147/1197 3791/147/1197 3792/147/1197
f 3785/147/1197 3792/147/1197 3786/147/1138
f 3786/147/1199 3792/147/1199 3793/147/1199
f 3786/147/1199 3793/147/1199 3787/147/1362
f 3787/147/1110 3793/147/1110 3794/147/1110
f 3787/147/1110 3794/147/1110 3788/147/1110
f 3788/147/1201 3794/147/1202 3789/147/1203
f 3788/147/1201 3789/147/1203 3783/147/1204
f 3789/147/1151 3795/147/1205 3796/147/1151
f 3789/147/1151 3796/147/1151 3790/147/1206
f 3790/147/1102 3796/147/1102 3797/147/1102
f 3790/147/1102 3797/147/1102 3791/147/1102
f 3791/147/1148 3797/147/1207 3798/147/1148
f 3791/147/1148 3798/147/1148 3792/147/1149
f 3792/147/1159 3798/147/1157 3799/147/1159
f 3792/147/1159 3799/147/1159 3793/147/1208
f 3793/147/1110 3799/147/1110 3800/147/1110
f 3793/147/1110 3800/147/1110 3794/147/1110
f 3794/147/1209 3800/147/1210 3795/147/1154
f 3794/147/1209 3795/147/1154 3789/147/1155
f 3795/147/1165 3729/147/1164 3730/147/1164
f 3795/147/1165 3730/147/1164 3796/147/1211
f 3796/147/1102 3730/147/1102 3731/147/1102
f 3796/147/1102 3731/147/1102 3797/147/1102
f 3797/147/1162 3731/147/1161 3732/147/1212
f 3797/147/1162 3732/147/1212 3798/147/1351
f 3798/147/1172 3732/147/1214 3733/147/1215
f 3798/147/1172 3733/147/1215 3799/147/1216
f 3799/147/1110 3733/147/1110 3734/147/1110
f 3799/147/1110 3734/147/1110 3800/147/1110
f 3800/147/1168 3734/147/1217 3729/147/1217
f 3800/147/1168 3729/147/1217 3795/147/1334
f 3801/147/1219 3807/147/1220 3808/147/1221
f 3801/147/1219 3808/147/1221 3802/147/1219
f 3802/147/962 3808/147/962 3809/147/962
f 3802/147/962 3809/147/962 3803/147/962
f 3803/147/1222 3809/147/1223 3810/147/1224
f 3803/147/1222 3810/147/1224 3804/147/1225
f 3804/147/1226 3810/147/1227 3811/147/1228
f 3804/147/1226 3811/147/1228 3805/147/1229
f 3805/147/963 3811/147/963 3812/147/963
f 3805/147/963 3812/147/963 3806/147/963
f 3806/147/1230 3812/147/1231 3807/147/1232
f 3806/147/1230 3807/147/1232 3801/147/1230
f 3807/147/1368 3813/147/1288 3814/147/1358
f 3807/147/1368 3814/147/1358 3808/147/1233
f 3808/147/962 3814/147/962 3815/147/962
f 3808/147/962 3815/147/962 3809/147/962
f 3809/147/1286 3815/147/1286 3816/147/1286
f 3809/147/1286 3816/147/1286 3810/147/1286
f 3810/147/1393 3816/147/1393 3817/147/1393
f 3810/147/1393 3817/147/1393 3811/147/1393
f 3811/147/963 3817/147/963 3818/147/963
f 3811/147/963 3818/147/963 3812/147/963
f 3812/147/1369 3818/147/1370 3813/147/1369
f 3812/147/1369 3813/147/1369 3807/147/1371
f 3813/147/1372 3819/147/1297 3820/147/1296
f 3813/147/1372 3820/147/1296 3814/147/1298
f 3814/147/962 3820/147/962 3821/147/962
f 3814/147/962 3821/147/962 3815/147/962
f 3815/147/1294 3821/147/1293 3822/147/1294
f 3815/147/1294 3822/147/1294 3816/147/1295
f 3816/147/1394 3822/147/1302 3823/147/1394
f 3816/147/1394 3823/147/1394 3817/147/1395
f 3817/147/963 3823/147/963 3824/147/963
f 3817/147/963 3824/147/963 3818/147/963
f 3818/147/1373 3824/147/1335 3819/147/1247
f 3818/147/1373 3819/147/1247 3813/147/1373
f 3819/147/1250 3825/147/1374 3826/147/1374
f 3819/147/1250 3826/147/1374 3820/147/1336
f 3820/147/962 3826/147/962 3827/147/962
f 3820/147/962 3827/147/962 3821/147/962
f 3821/147/1396 3827/147/1572 3828/147/1396
f 3821/147/1396 3828/147/1396 3822/147/1340
f 3822/147/1309 3828/147/1310 3829/147/1309
f 3822/147/1309 3829/147/1309 3823/147/1312
f 3823/147/963 3829/147/963 3830/147/963
f 3823/147/963 3830/147/963 3824/147/963
f 3824/147/1306 3830/147/1307 3825/147/1375
f 3824/147/1306 3825/147/1375 3819/147/1308
f 3825/147/1376 3831/147/1573 3832/147/1376
f 3825/147/1376 3832/147/1376 3826/147/1378
f 3826/147/962 3832/147/962 3833/147/962
f 3826/147/962 3833/147/962 3827/147/962
f 3827/147/1397 3833/147/1397 3834/147/1397
f 3827/147/1397 3834/147/1397 3828/147/1397
f 3828/147/1262 3834/147/1262 3835/147/1262
f 3828/147/1262 3835/147/1262 3829/147/1262
f 3829/147/963 3835/147/963 3836/147/963
f 3829/147/963 3836/147/963 3830/147/963
f 3830/147/1379 3836/147/1264 3831/147/1380
f 3830/147/1379 3831/147/1380 3825/147/1316
f 3831/147/1265 3837/147/1266 3838/147/1266
f 3831/147/1265 3838/147/1266 3832/147/1267
f 3832/147/962 3838/147/962 3839/147/962
f 3832/147/962 3839/147/962 3833/147/962
f 3833/147/1268 3839/147/1269 3840/147/1270
f 3833/147/1268 3840/147/1270 3834/147/1271
f 3834/147/1272 3840/147/1581 3841/147/1274
f 3834/147/1272 3841/147/1274 3835/147/1275
f 3835/147/963 3841/147/963 3842/147/963
f 3835/147/963 3842/147/963 3836/147/963
f 3836/147/1276 3842/147/1277 3837/147/1277
f 3836/147/1276 3837/147/1277 3831/147/1278
f 3837/147/1279 3843/147/1576 3844/147/1224
f 3837/147/1279 3844/147/1224 3838/147/1279
f 3838/147/962 3844/147/962 3845/147/962
f 3838/147/962 3845/147/962 3839/147/962
f 3839/147/1338 3845/147/1281 3846/147/1221
f 3839/147/1338 3846/147/1221 3840/147/1282
f 3840/147/1283 3846/147/1284 3847/147/1230
f 3840/147/1283 3847/147/1230 3841/147/1232
f 3841/147/963 3847/147/963 3848/147/963
f 3841/147/963 3848/147/963 3842/147/963
f 3842/147/1228 3848/147/1285 3843/147/1229
f 3842/147/1228 3843/147/1229 3837/147/1228
f 3843/147/1339 3849/147/1339 3850/147/1339
f 3843/147/1339 3850/147/1339 3844/147/1339
f 3844/147/962 3850/147/962 3851/147/962
f 3844/147/962 3851/147/962 3845/147/962
f 3845/147/1368 3851/147/1382 3852/147/1368
f 3845/147/1368 3852/147/1368 3846/147/1358
f 3846/147/1369 3852/147/1383 3853/147/1369
f 3846/147/1369 3853/147/1369 3847/147/1384
f 3847/147/963 3853/147/963 3854/147/963
f 3847/147/963 3854/147/963 3848/147/963
f 3848/147/1398 3854/147/1398 3849/147/1398
f 3848/147/1398 3849/147/1398 3843/147/1398
f 3849/147/1242 3855/147/1242 3856/147/1242
f 3849/147/1242 3856/147/1242 3850/147/1242
f 3850/147/962 3856/147/962 3857/147/962
f 3850/147/962 3857/147/962 3851/147/962
f 3851/147/1241 3857/147/1357 3858/147/1241
f 3851/147/1241 3858/147/1241 3852/147/1582
f 3852/147/1246 3858/147/1247 3859/147/1246
f 3852/147/1246 3859/147/1246 3853/147/1246
f 3853/147/963 3859/147/963 3860/147/963
f 3853/147/963 3860/147/963 3854/147/963
f 3854/147/1244 3860/147/1302 3855/147/1244
f 3854/147/1244 3855/147/1244 3849/147/1244
f 3855/147/1251 3861/147/1583 3862/147/1251
f 3855/147/1251 3862/147/1251 3856/147/1340
f 3856/147/962 3862/147/962 3863/147/962
f 3856/147/962 3863/147/962 3857/147/962
f 3857/147/1248 3863/147/1248 3864/147/1248
f 3857/147/1248 3864/147/1248 3858/147/1250
f 3858/147/1255 3864/147/1255 3865/147/1255
f 3858/147/1255 3865/147/1255 3859/147/1577
f 3859/147/963 3865/147/963 3866/147/963
f 3859/147/963 3866/147/963 3860/147/963
f 3860/147/1253 3866/147/1253 3861/147/1253
f 3860/147/1253 3861/147/1253 3855/147/1253
f 3861/147/1400 3867/147/1400 3868/147/1400
f 3861/147/1400 3868/147/1400 3862/147/1400
f 3862/147/962 3868/147/962 3869/147/962
f 3862/147/962 3869/147/962 3863/147/962
f 3863/147/1376 3869/147/1387 3870/147/1376
f 3863/147/1376 3870/147/1376 3864/147/1377
f 3864/147/1380 3870/147/1379 3871/147/1380
f 3864/147/1380 3871/147/1380 3865/147/1388
f 3865/147/963 3871/147/963 3872/147/963
f 3865/147/963 3872/147/963 3866/147/963
f 3866/147/1318 3872/147/1318 3867/147/1318
f 3866/147/1318 3867/147/1318 3861/147/1318
f 3867/147/1269 3801/147/1268 3802/147/1268
f 3867/147/1269 3802/147/1268 3868/147/1319
f 3868/147/962 3802/147/962 3803/147/962
f 3868/147/962 3803/147/962 3869/147/962
f 3869/147/1266 3803/147/1265 3804/147/1342
f 3869/147/1266 3804/147/1342 3870/147/1321
f 3870/147/1276 3804/147/1355 3805/147/1323
f 3870/147/1276 3805/147/1323 3871/147/1324
f 3871/147/963 3805/147/963 3806/147/963
f 3871/147/963 3806/147/963 3872/147/963
f 3872/147/1272 3806/147/1325 3801/147/1325
f 3872/147/1272 3801/147/1325 3867/147/1326
f 3873/147/1099 3879/147/1100 3880/147/1101
f 3873/147/1099 3880/147/1101 3874/147/1099
f 3874/147/1102 3880/147/1102 3881/147/1102
f 3874/147/1102 3881/147/1102 3875/147/1102
f 3875/147/1103 3881/147/1104 3882/147/1103
f 3875/147/1103 3882/147/1103 3876/147/1360
f 3876/147/1328 3882/147/1107 3883/147/1108
f 3876/147/1328 3883/147/1108 3877/147/1109
f 3877/147/1110 3883/147/1110 3884/147/1110
f 3877/147/1110 3884/147/1110 3878/147/1110
f 3878/147/1111 3884/147/1112 3879/147/1113
f 3878/147/1111 3879/147/1113 3873/147/1111
f 3879/147/1114 3885/147/1115 3886/147/1116
f 3879/147/1114 3886/147/1116 3880/147/1117
f 3880/147/1102 3886/147/1102 3887/147/1102
f 3880/147/1102 3887/147/1102 3881/147/1102
f 3881/147/1118 3887/147/1119 3888/147/1118
f 3881/147/1118 3888/147/1118 3882/147/1120
f 3882/147/1121 3888/147/1122 3889/147/1121
f 3882/147/1121 3889/147/1121 3883/147/1123
f 3883/147/1110 3889/147/1110 3890/147/1110
f 3883/147/1110 3890/147/1110 3884/147/1110
f 3884/147/1124 3890/147/1125 3885/147/1124
f 3884/147/1124 3885/147/1124 3879/147/1329
f 3885/147/1127 3891/147/1128 3892/147/1129
f 3885/147/1127 3892/147/1129 3886/147/1130
f 3886/147/1102 3892/147/1102 3893/147/1102
f 3886/147/1102 3893/147/1102 3887/147/1102
f 3887/147/1131 3893/147/1566 3894/147/1131
f 3887/147/1131 3894/147/1131 3888/147/1131
f 3888/147/1133 3894/147/1134 3895/147/1133
f 3888/147/1133 3895/147/1133 3889/147/1133
f 3889/147/1110 3895/147/1110 3896/147/1110
f 3889/147/1110 3896/147/1110 3890/147/1110
f 3890/147/1135 3896/147/1137 3891/147/1137
f 3890/147/1135 3891/147/1137 3885/147/1135
f 3891/147/1138 3897/147/1139 3898/147/1139
f 3891/147/1138 3898/147/1139 3892/147/1198
f 3892/147/1102 3898/147/1102 3899/147/1102
f 3892/147/1102 3899/147/1102 3893/147/1102
f 3893/147/1140 3899/147/1140 3900/147/1140
f 3893/147/1140 3900/147/1140 3894/147/1141
f 3894/147/1142 3900/147/1142 3901/147/1142
f 3894/147/1142 3901/147/1142 3895/147/1143
f 3895/147/1110 3901/147/1110 3902/147/1110
f 3895/147/1110 3902/147/1110 3896/147/1110
f 3896/147/1144 3902/147/1145 3897/147/1146
f 3896/147/1144 3897/147/1146 3891/147/1147
f 3897/147/1148 3903/147/1331 3904/147/1148
f 3897/147/1148 3904/147/1148 3898/147/1150
f 3898/147/1102 3904/147/1102 3905/147/1102
f 3898/147/1102 3905/147/1102 3899/147/1102
f 3899/147/1151 3905/147/1152 3906/147/1151
f 3899/147/1151 3906/147/1151 3900/147/1153
f 3900/147/1154 3906/147/1209 3907/147/1154
f 3900/147/1154 3907/147/1154 3901/147/1156
f 3901/147/1110 3907/147/1110 3908/147/1110
f 3901/147/1110 3908/147/1110 3902/147/1110
f 3902/147/1157 3908/147/1567 3903/147/1159
f 3902/147/1157 3903/147/1159 3897/147/1160
f 3903/147/1161 3909/147/1162 3910/147/1162
f 3903/147/1161 3910/147/1162 3904/147/1163
f 3904/147/1102 3910/147/1102 3911/147/1102
f 3904/147/1102 3911/147/1102 3905/147/1102
f 3905/147/1164 3911/147/1165 3912/147/1166
f 3905/147/1164 3912/147/1166 3906/147/1167
f 3906/147/1168 3912/147/1584 3913/147/1170
f 3906/147/1168 3913/147/1170 3907/147/1171
f 3907/147/1110 3913/147/1110 3914/147/1110
f 3907/147/1110 3914/147/1110 3908/147/1110
f 3908/147/1172 3914/147/1173 3909/147/1173
f 3908/147/1172 3909/147/1173 3903/147/1174
f 3909/147/1175 3915/147/1176 3916/147/1103
f 3909/147/1175 3916/147/1103 3910/147/1175
f 3910/147/1102 3916/147/1102 3917/147/1102
f 3910/147/1102 3917/147/1102 3911/147/1102
f 3911/147/1346 3917/147/1177 3918/147/1101
f 3911/147/1346 3918/147/1101 3912/147/1585
f 3912/147/1179 3918/147/1180 3919/147/1111
f 3912/147/1179 3919/147/1111 3913/147/1113
f 3913/147/1110 3919/147/1110 3920/147/1110
f 3913/147/1110 3920/147/1110 3914/147/1110
f 3914/147/1108 3920/147/1181 3915/147/1109
f 3914/147/1108 3915/147/1109 3909/147/1108
f 3915/147/1118 3921/147/1120 3922/147/1182
f 3915/147/1118 3922/147/1182 3916/147/1183
f 3916/147/1102 3922/147/1102 3923/147/1102
f 3916/147/1102 3923/147/1102 3917/147/1102
f 3917/147/1114 3923/147/1184 3924/147/1114
f 3917/147/1114 3924/147/1114 3918/147/1115
f 3918/147/1124 3924/147/1126 3925/147/1124
f 3918/147/1124 3925/147/1124 3919/147/1185
f 3919/147/1110 3925/147/1110 3926/147/1110
f 3919/147/1110 3926/147/1110 3920/147/1110
f 3920/147/1121 3926/147/1186 3921/147/1121
f 3920/147/1121 3921/147/1121 3915/147/1122
f 3921/147/1187 3927/147/1188 3928/147/1189
f 3921/147/1187 3928/147/1189 3922/147/1190
f 3922/147/1102 3928/147/1102 3929/147/1102
f 3922/147/1102 3929/147/1102 3923/147/1102
f 3923/147/1191 3929/147/1579 3930/147/1191
f 3923/147/1191 3930/147/1191 3924/147/1191
f 3924/147/1193 3930/147/1137 3931/147/1193
f 3924/147/1193 3931/147/1193 3925/147/1193
f 3925/147/1110 3931/147/1110 3932/147/1110
f 3925/147/1110 3932/147/1110 3926/147/1110
f 3926/147/1194 3932/147/1195 3927/147/1134
f 3926/147/1194 3927/147/1134 3921/147/1194
f 3927/147/1141 3933/147/1196 3934/147/1196
f 3927/147/1141 3934/147/1196 3928/147/1333
f 3928/147/1102 3934/147/1102 3935/147/1102
f 3928/147/1102 3935/147/1102 3929/147/1102
f 3929/147/1197 3935/147/1197 3936/147/1197
f 3929/147/1197 3936/147/1197 3930/147/1138
f 3930/147/1199 3936/147/1199 3937/147/1199
f 3930/147/1199 3937/147/1199 3931/147/1362
f 3931/147/1110 3937/147/1110 3938/147/1110
f 3931/147/1110 3938/147/1110 3932/147/1110
f 3932/147/1201 3938/147/1202 3933/147/1203
f 3932/147/1201 3933/147/1203 3927/147/1204
f 3933/147/1151 3939/147/1205 3940/147/1151
f 3933/147/1151 3940/147/1151 3934/147/1206
f 3934/147/1102 3940/147/1102 3941/147/1102
f 3934/147/1102 3941/147/1102 3935/147/1102
f 3935/147/1148 3941/147/1207 3942/147/1148
f 3935/147/1148 3942/147/1148 3936/147/1149
f 3936/147/1159 3942/147/1157 3943/147/1159
f 3936/147/1159 3943/147/1159 3937/147/1208
f 3937/147/1110 3943/147/1110 3944/147/1110
f 3937/147/1110 3944/147/1110 3938/147/1110
f 3938/147/1209 3944/147/1570 3939/147/1154
f 3938/147/1209 3939/147/1154 3933/147/1155
f 3939/147/1165 3873/147/1164 3874/147/1164
f 3939/147/1165 3874/147/1164 3940/147/1211
f 3940/147/1102 3874/147/1102 3875/147/1102
f 3940/147/1102 3875/147/1102 3941/147/1102
f 3941/147/1162 3875/147/1161 3876/147/1212
f 3941/147/1162 3876/147/1212 3942/147/1213
f 3942/147/1172 3876/147/1214 3877/147/1215
f 3942/147/1172 3877/147/1215 3943/147/1216
f 3943/147/1110 3877/147/1110 3878/147/1110
f 3943/147/1110 3878/147/1110 3944/147/1110
f 3944/147/1168 3878/147/1217 3873/147/1217
f 3944/147/1168 3873/147/1217 3939/147/1334
f 3945/147/1219 3951/147/1220 3952/147/1221
f 3945/147/1219 3952/147/1221 3946/147/1219
f 3946/147/962 3952/147/962 3953/147/962
f 3946/147/962 3953/147/962 3947/147/962
f 3947/147/1224 3953/147/1223 3954/147/1224
f 3947/147/1224 3954/147/1224 3948/147/1367
f 3948/147/1226 3954/147/1227 3955/147/1228
f 3948/147/1226 3955/147/1228 3949/147/1229
f 3949/147/963 3955/147/963 3956/147/963
f 3949/147/963 3956/147/963 3950/147/963
f 3950/147/1230 3956/147/1231 3951/147/1232
f 3950/147/1230 3951/147/1232 3945/147/1230
f 3951/147/1368 3957/147/1288 3958/147/1358
f 3951/147/1368 3958/147/1358 3952/147/1586
f 3952/147/962 3958/147/962 3959/147/962
f 3952/147/962 3959/147/962 3953/147/962
f 3953/147/1286 3959/147/1286 3960/147/1286
f 3953/147/1286 3960/147/1286 3954/147/1286
f 3954/147/1393 3960/147/1393 3961/147/1393
f 3954/147/1393 3961/147/1393 3955/147/1393
f 3955/147/963 3961/147/963 3962/147/963
f 3955/147/963 3962/147/963 3956/147/963
f 3956/147/1369 3962/147/1370 3957/147/1369
f 3956/147/1369 3957/147/1369 3951/147/1371
f 3957/147/1372 3963/147/1297 3964/147/1296
f 3957/147/1372 3964/147/1296 3958/147/1298
f 3958/147/962 3964/147/962 3965/147/962
f 3958/147/962 3965/147/962 3959/147/962
f 3959/147/1294 3965/147/1293 3966/147/1294
f 3959/147/1294 3966/147/1294 3960/147/1295
f 3960/147/1394 3966/147/1302 3967/147/1394
f 3960/147/1394 3967/147/1394 3961/147/1395
f 3961/147/963 3967/147/963 3968/147/963
f 3961/147/963 3968/147/963 3962/147/963
f 3962/147/1373 3968/147/1335 3963/147/1247
f 3962/147/1373 3963/147/1247 3957/147/1373
f 3963/147/1250 3969/147/1374 3970/147/1374
f 3963/147/1250 3970/147/1374 3964/147/1336
f 3964/147/962 3970/147/962 3971/147/962
f 3964/147/962 3971/147/962 3965/147/962
f 3965/147/1396 3971/147/1572 3972/147/1396
f 3965/147/1396 3972/147/1396 3966/147/1340
f 3966/147/1309 3972/147/1341 3973/147/1309
f 3966/147/1309 3973/147/1309 3967/147/1312
f 3967/147/963 3973/147/963 3974/147/963
f 3967/147/963 3974/147/963 3968/147/963
f 3968/147/1306 3974/147/1307 3969/147/1375
f 3968/147/1306 3969/147/1375 3963/147/1308
f 3969/147/1376 3975/147/1573 3976/147/1376
f 3969/147/1376 3976/147/1376 3970/147/1378
f 3970/147/962 3976/147/962 3977/147/962
f 3970/147/962 3977/147/962 3971/147/962
f 3971/147/1397 3977/147/1397 3978/147/1397
f 3971/147/1397 3978/147/1397 3972/147/1397
f 3972/147/1262 3978/147/1262 3979/147/1262
f 3972/147/1262 3979/147/1262 3973/147/1262
f 3973/147/963 3979/147/963 3980/147/963
f 3973/147/963 3980/147/963 3974/147/963
f 3974/147/1379 3980/147/1264 3975/147/1380
f 3974/147/1379 3975/147/1380 3969/147/1316
f 3975/147/1265 3981/147/1266 3982/147/1266
f 3975/147/1265 3982/147/1266 3976/147/1267
f 3976/147/962 3982/147/962 3983/147/962
f 3976/147/962 3983/147/962 3977/147/962
f 3977/147/1268 3983/147/1269 3984/147/1270
f 3977/147/1268 3984/147/1270 3978/147/1271
f 3978/147/1272 3984/147/1337 3985/147/1274
f 3978/147/1272 3985/147/1274 3979/147/1275
f 3979/147/963 3985/147/963 3986/147/963
f 3979/147/963 3986/147/963 3980/147/963
f 3980/147/1276 3986/147/1277 3981/147/1277
f 3980/147/1276 3981/147/1277 3975/147/1278
f 3981/147/1279 3987/147/1576 3988/147/1224
f 3981/147/1279 3988/147/1224 3982/147/1279
f 3982/147/962 3988/147/962 3989/147/962
f 3982/147/962 3989/147/962 3983/147/962
f 3983/147/1338 3989/147/1281 3990/147/1221
f 3983/147/1338 3990/147/1221 3984/147/1282
f 3984/147/1283 3990/147/1284 3991/147/1230
f 3984/147/1283 3991/147/1230 3985/147/1232
f 3985/147/963 3991/147/963 3992/147/963
f 3985/147/963 3992/147/963 3986/147/963
f 3986/147/1228 3992/147/1285 3987/147/1229
f 3986/147/1228 3987/147/1229 3981/147/1228
f 3987/147/1339 3993/147/1339 3994/147/1339
f 3987/147/1339 3994/147/1339 3988/147/1339
f 3988/147/962 3994/147/962 3995/147/962
f 3988/147/962 3995/147/962 3989/147/962
f 3989/147/1368 3995/147/1382 3996/147/1368
f 3989/147/1368 3996/147/1368 3990/147/1358
f 3990/147/1369 3996/147/1383 3997/147/1369
f 3990/147/1369 3997/147/1369 3991/147/1384
f 3991/147/963 3997/147/963 3998/147/963
f 3991/147/963 3998/147/963 3992/147/963
f 3992/147/1398 3998/147/1398 3993/147/1398
f 3992/147/1398 3993/147/1398 3987/147/1398
f 3993/147/1242 3999/147/1242 4000/147/1242
f 3993/147/1242 4000/147/1242 3994/147/1242
f 3994/147/962 4000/147/962 4001/147/962
f 3994/147/962 4001/147/962 3995/147/962
f 3995/147/1241 4001/147/1357 4002/147/1241
f 3995/147/1241 4002/147/1241 3996/147/1241
f 3996/147/1246 4002/147/1247 4003/147/1246
f 3996/147/1246 4003/147/1246 3997/147/1246
f 3997/147/963 4003/147/963 4004/147/963
f 3997/147/963 4004/147/963 3998/147/963
f 3998/147/1244 4004/147/1302 3999/147/1244
f 3998/147/1244 3999/147/1244 3993/147/1244
f 3999/147/1251 4005/147/1251 4006/147/1251
f 3999/147/1251 4006/147/1251 4000/147/1340
f 4000/147/962 4006/147/962 4007/147/962
f 4000/147/962 4007/147/962 4001/147/962
f 4001/147/1248 4007/147/1248 4008/147/1248
f 4001/147/1248 4008/147/1248 4002/147/1250
f 4002/147/1255 4008/147/1255 4009/147/1255
f 4002/147/1255 4009/147/1255 4003/147/1577
f 4003/147/963 4009/147/963 4010/147/963
f 4003/147/963 4010/147/963 4004/147/963
f 4004/147/1253 4010/147/1253 4005/147/1253
f 4004/147/1253 4005/147/1253 3999/147/1253
f 4005/147/1400 4011/147/1400 4012/147/1400
f 4005/147/1400 4012/147/1400 4006/147/1400
f 4006/147/962 4012/147/962 4013/147/962
f 4006/147/962 4013/147/962 4007/147/962
f 4007/147/1376 4013/147/1387 4014/147/1376
f 4007/147/1376 4014/147/1376 4008/147/1377
f 4008/147/1380 4014/147/1379 4015/147/1380
f 4008/147/1380 4015/147/1380 4009/147/1388
f 4009/147/963 4015/147/963 4016/147/963
f 4009/147/963 4016/147/963 4010/147/963
f 4010/147/1318 4016/147/1318 4011/147/1318
f 4010/147/1318 4011/147/1318 4005/147/1318
f 4011/147/1269 3945/147/1268 3946/147/1268
f 4011/147/1269 3946/147/1268 4012/147/1319
f 4012/147/962 3946/147/962 3947/147/962
f 4012/147/962 3947/147/962 4013/147/962
f 4013/147/1266 3947/147/1265 3948/147/1342
f 4013/147/1266 3948/147/1342 4014/147/1321
f 4014/147/1276 3948/147/1355 3949/147/1323
f 4014/147/1276 3949/147/1323 4015/147/1324
f 4015/147/963 3949/147/963 3950/147/963
f 4015/147/963 3950/147/963 4016/147/963
f 4016/147/1272 3950/147/1325 3945/147/1325
f 4016/147/1272 3945/147/1325 4011/147/1326
f 4017/147/1099 4023/147/1100 4024/147/1101
f 4017/147/1099 4024/147/1101 4018/147/1099
f 4018/147/1102 4024/147/1102 4025/147/1102
f 4018/147/1102 4025/147/1102 4019/147/1102
f 4019/147/1103 4025/147/1104 4026/147/1103
f 4019/147/1103 4026/147/1103 4020/147/1105
f 4020/147/1328 4026/147/1107 4027/147/1108
f 4020/147/1328 4027/147/1108 4021/147/1109
f 4021/147/1110 4027/147/1110 4028/147/1110
f 4021/147/1110 4028/147/1110 4022/147/1110
f 4022/147/1111 4028/147/1112 4023/147/1113
f 4022/147/1111 4023/147/1113 4017/147/1111
f 4023/147/1114 4029/147/1115 4030/147/1116
f 4023/147/1114 4030/147/1116 4024/147/1364
f 4024/147/1102 4030/147/1102 4031/147/1102
f 4024/147/1102 4031/147/1102 4025/147/1102
f 4025/147/1118 4031/147/1119 4032/147/1118
f 4025/147/1118 4032/147/1118 4026/147/1120
f 4026/147/1121 4032/147/1122 4033/147/1121
f 4026/147/1121 4033/147/1121 4027/147/1123
f 4027/147/1110 4033/147/1110 4034/147/1110
f 4027/147/1110 4034/147/1110 4028/147/1110
f 4028/147/1124 4034/147/1125 4029/147/1124
f 4028/147/1124 4029/147/1124 4023/147/1329
f 4029/147/1127 4035/147/1128 4036/147/1129
f 4029/147/1127 4036/147/1129 4030/147/1130
f 4030/147/1102 4036/147/1102 4037/147/1102
f 4030/147/1102 4037/147/1102 4031/147/1102
f 4031/147/1131 4037/147/1132 4038/147/1131
f 4031/147/1131 4038/147/1131 4032/147/1131
f 4032/147/1133 4038/147/1134 4039/147/1133
f 4032/147/1133 4039/147/1133 4033/147/1133
f 4033/147/1110 4039/147/1110 4040/147/1110
f 4033/147/1110 4040/147/1110 4034/147/1110
f 4034/147/1135 4040/147/1137 4035/147/1137
f 4034/147/1135 4035/147/1137 4029/147/1135
f 4035/147/1138 4041/147/1139 4042/147/1139
f 4035/147/1138 4042/147/1139 4036/147/1198
f 4036/147/1102 4042/147/1102 4043/147/1102
f 4036/147/1102 4043/147/1102 4037/147/1102
f 4037/147/1140 4043/147/1140 4044/147/1140
f 4037/147/1140 4044/147/1140 4038/147/1141
f 4038/147/1142 4044/147/1142 4045/147/1142
f 4038/147/1142 4045/147/1142 4039/147/1143
f 4039/147/1110 4045/147/1110 4046/147/1110
f 4039/147/1110 4046/147/1110 4040/147/1110
f 4040/147/1144 4046/147/1145 4041/147/1146
f 4040/147/1144 4041/147/1146 4035/147/1147
f 4041/147/1148 4047/147/1149 4048/147/1148
f 4041/147/1148 4048/147/1148 4042/147/1150
f 4042/147/1102 4048/147/1102 4049/147/1102
f 4042/147/1102 4049/147/1102 4043/147/1102
f 4043/147/1151 4049/147/1152 4050/147/1151
f 4043/147/1151 4050/147/1151 4044/147/1153
f 4044/147/1154 4050/147/1155 4051/147/1154
f 4044/147/1154 4051/147/1154 4045/147/1156
f 4045/147/1110 4051/147/1110 4052/147/1110
f 4045/147/1110 4052/147/1110 4046/147/1110
f 4046/147/1157 4052/147/1567 4047/147/1159
f 4046/147/1157 4047/147/1159 4041/147/1160
f 4047/147/1163 4053/147/1162 4054/147/1162
f 4047/147/1163 4054/147/1162 4048/147/1587
f 4048/147/1102 4054/147/1102 4055/147/1102
f 4048/147/1102 4055/147/1102 4049/147/1102
f 4049/147/1164 4055/147/1165 4056/147/1166
f 4049/147/1164 4056/147/1166 4050/147/1167
f 4050/147/1168 4056/147/1169 4057/147/1170
f 4050/147/1168 4057/147/1170 4051/147/1171
f 4051/147/1110 4057/147/1110 4058/147/1110
f 4051/147/1110 4058/147/1110 4052/147/1110
f 4052/147/1172 4058/147/1173 4053/147/1173
f 4052/147/1172 4053/147/1173 4047/147/1174
f 4053/147/1175 4059/147/1365 4060/147/1103
f 4053/147/1175 4060/147/1103 4054/147/1175
f 4054/147/1102 4060/147/1102 4061/147/1102
f 4054/147/1102 4061/147/1102 4055/147/1102
f 4055/147/1346 4061/147/1177 4062/147/1101
f 4055/147/1346 4062/147/1101 4056/147/1178
f 4056/147/1179 4062/147/1180 4063/147/1111
f 4056/147/1179 4063/147/1111 4057/147/1113
f 4057/147/1110 4063/147/1110 4064/147/1110
f 4057/147/1110 4064/147/1110 4058/147/1110
f 4058/147/1108 4064/147/1181 4059/147/1109
f 4058/147/1108 4059/147/1109 4053/147/1108
f 4059/147/1118 4065/147/1120 4066/147/1182
f 4059/147/1118 4066/147/1182 4060/147/1183
f 4060/147/1102 4066/147/1102 4067/147/1102
f 4060/147/1102 4067/147/1102 4061/147/1102
f 4061/147/1114 4067/147/1184 4068/147/1114
f 4061/147/1114 4068/147/1114 4062/147/1116
f 4062/147/1124 4068/147/1126 4069/147/1124
f 4062/147/1124 4069/147/1124 4063/147/1185
f 4063/147/1110 4069/147/1110 4070/147/1110
f 4063/147/1110 4070/147/1110 4064/147/1110
f 4064/147/1121 4070/147/1186 4065/147/1121
f 4064/147/1121 4065/147/1121 4059/147/1349
f 4065/147/1187 4071/147/1188 4072/147/1189
f 4065/147/1187 4072/147/1189 4066/147/1190
f 4066/147/1102 4072/147/1102 4073/147/1102
f 4066/147/1102 4073/147/1102 4067/147/1102
f 4067/147/1191 4073/147/1579 4074/147/1191
f 4067/147/1191 4074/147/1191 4068/147/1191
f 4068/147/1193 4074/147/1137 4075/147/1193
f 4068/147/1193 4075/147/1193 4069/147/1193
f 4069/147/1110 4075/147/1110 4076/147/1110
f 4069/147/1110 4076/147/1110 4070/147/1110
f 4070/147/1194 4076/147/1134 4071/147/1134
f 4070/147/1194 4071/147/1134 4065/147/1194
f 4071/147/1141 4077/147/1196 4078/147/1196
f 4071/147/1141 4078/147/1196 4072/147/1333
f 4072/147/1102 4078/147/1102 4079/147/1102
f 4072/147/1102 4079/147/1102 4073/147/1102
f 4073/147/1197 4079/147/1197 4080/147/1197
f 4073/147/1197 4080/147/1197 4074/147/1138
f 4074/147/1199 4080/147/1199 4081/147/1199
f 4074/147/1199 4081/147/1199 4075/147/1362
f 4075/147/1110 4081/147/1110 4082/147/1110
f 4075/147/1110 4082/147/1110 4076/147/1110
f 4076/147/1201 4082/147/1202 4077/147/1203
f 4076/147/1201 4077/147/1203 4071/147/1204
f 4077/147/1151 4083/147/1205 4084/147/1151
f 4077/147/1151 4084/147/1151 4078/147/1206
f 4078/147/1102 4084/147/1102 4085/147/1102
f 4078/147/1102 4085/147/1102 4079/147/1102
f 4079/147/1148 4085/147/1207 4086/147/1148
f 4079/147/1148 4086/147/1148 4080/147/1149
f 4080/147/1159 4086/147/1160 4087/147/1159
f 4080/147/1159 4087/147/1159 4081/147/1208
f 4081/147/1110 4087/147/1110 4088/147/1110
f 4081/147/1110 4088/147/1110 4082/147/1110
f 4082/147/1209 4088/147/1570 4083/147/1154
f 4082/147/1209 4083/147/1154 4077/147/1155
f 4083/147/1165 4017/147/1164 4018/147/1165
f 4083/147/1165 4018/147/1165 4084/147/1211
f 4084/147/1102 4018/147/1102 4019/147/1102
f 4084/147/1102 4019/147/1102 4085/147/1102
f 4085/147/1162 4019/147/1161 4020/147/1212
f 4085/147/1162 4020/147/1212 4086/147/1351
f 4086/147/1172 4020/147/1214 4021/147/1172
f 4086/147/1172 4021/147/1172 4087/147/1216
f 4087/147/1110 4021/147/1110 4022/147/1110
f 4087/147/1110 4022/147/1110 4088/147/1110
f 4088/147/1168 4022/147/1217 4017/147/1217
f 4088/147/1168 4017/147/1217 4083/147/1334
f 4089/147/1219 4095/147/1392 4096/147/1221
f 4089/147/1219 4096/147/1221 4090/147/1219
f 4090/147/962 4096/147/962 4097/147/962
f 4090/147/962 4097/147/962 4091/147/962
f 4091/147/1222 4097/147/1223 4098/147/1224
f 4091/147/1222 4098/147/1224 4092/147/1225
f 4092/147/1226 4098/147/1227 4099/147/1228
f 4092/147/1226 4099/147/1228 4093/147/1229
f 4093/147/963 4099/147/963 4100/147/963
f 4093/147/963 4100/147/963 4094/147/963
f 4094/147/1230 4100/147/1231 4095/147/1232
f 4094/147/1230 4095/147/1232 4089/147/1230
f 4095/147/1368 4101/147/1288 4102/147/1358
f 4095/147/1368 4102/147/1358 4096/147/1233
f 4096/147/962 4102/147/962 4103/147/962
f 4096/147/962 4103/147/962 4097/147/962
f 4097/147/1286 4103/147/1286 4104/147/1286
f 4097/147/1286 4104/147/1286 4098/147/1286
f 4098/147/1393 4104/147/1393 4105/147/1393
f 4098/147/1393 4105/147/1393 4099/147/1393
f 4099/147/963 4105/147/963 4106/147/963
f 4099/147/963 4106/147/963 4100/147/963
f 4100/147/1369 4106/147/1370 4101/147/1369
f 4100/147/1369 4101/147/1369 4095/147/1371
f 4101/147/1372 4107/147/1297 4108/147/1296
f 4101/147/1372 4108/147/1296 4102/147/1298
f 4102/147/962 4108/147/962 4109/147/962
f 4102/147/962 4109/147/962 4103/147/962
f 4103/147/1294 4109/147/1293 4110/147/1294
f 4103/147/1294 4110/147/1294 4104/147/1295
f 4104/147/1394 4110/147/1245 4111/147/1394
f 4104/147/1394 4111/147/1394 4105/147/1395
f 4105/147/963 4111/147/963 4112/147/963
f 4105/147/963 4112/147/963 4106/147/963
f 4106/147/1373 4112/147/1335 4107/147/1247
f 4106/147/1373 4107/147/1247 4101/147/1373
f 4107/147/1250 4113/147/1374 4114/147/1374
f 4107/147/1250 4114/147/1374 4108/147/1250
f 4108/147/962 4114/147/962 4115/147/962
f 4108/147/962 4115/147/962 4109/147/962
f 4109/147/1396 4115/147/1572 4116/147/1396
f 4109/147/1396 4116/147/1396 4110/147/1340
f 4110/147/1309 4116/147/1341 4117/147/1309
f 4110/147/1309 4117/147/1309 4111/147/1312
f 4111/147/963 4117/147/963 4118/147/963
f 4111/147/963 4118/147/963 4112/147/963
f 4112/147/1306 4118/147/1588 4113/147/1375
f 4112/147/1306 4113/147/1375 4107/147/1308
f 4113/147/1376 4119/147/1573 4120/147/1376
f 4113/147/1376 4120/147/1376 4114/147/1378
f 4114/147/962 4120/147/962 4121/147/962
f 4114/147/962 4121/147/962 4115/147/962
f 4115/147/1397 4121/147/1397 4122/147/1397
f 4115/147/1397 4122/147/1397 4116/147/1397
f 4116/147/1262 4122/147/1262 4123/147/1262
f 4116/147/1262 4123/147/1262 4117/147/1262
f 4117/147/963 4123/147/963 4124/147/963
f 4117/147/963 4124/147/963 4118/147/963
f 4118/147/1379 4124/147/1574 4119/147/1380
f 4118/147/1379 4119/147/1380 4113/147/1316
f 4119/147/1265 4125/147/1266 4126/147/1266
f 4119/147/1265 4126/147/1266 4120/147/1267
f 4120/147/962 4126/147/962 4127/147/962
f 4120/147/962 4127/147/962 4121/147/962
f 4121/147/1268 4127/147/1269 4128/147/1270
f 4121/147/1268 4128/147/1270 4122/147/1271
f 4122/147/1272 4128/147/1273 4129/147/1274
f 4122/147/1272 4129/147/1274 4123/147/1275
f 4123/147/963 4129/147/963 4130/147/963
f 4123/147/963 4130/147/963 4124/147/963
f 4124/147/1276 4130/147/1277 4125/147/1277
f 4124/147/1276 4125/147/1277 4119/147/1278
f 4125/147/1279 4131/147/1576 4132/147/1224
f 4125/147/1279 4132/147/1224 4126/147/1279
f 4126/147/962 4132/147/962 4133/147/962
f 4126/147/962 4133/147/962 4127/147/962
f 4127/147/1338 4133/147/1281 4134/147/1221
f 4127/147/1338 4134/147/1221 4128/147/1282
f 4128/147/1283 4134/147/1284 4135/147/1230
f 4128/147/1283 4135/147/1230 4129/147/1232
f 4129/147/963 4135/147/963 4136/147/963
f 4129/147/963 4136/147/963 4130/147/963
f 4130/147/1228 4136/147/1285 4131/147/1229
f 4130/147/1228 4131/147/1229 4125/147/1228
f 4131/147/1339 4137/147/1339 4138/147/1339
f 4131/147/1339 4138/147/1339 4132/147/1339
f 4132/147/962 4138/147/962 4139/147/962
f 4132/147/962 4139/147/962 4133/147/962
f 4133/147/1368 4139/147/1382 4140/147/1368
f 4133/147/1368 4140/147/1368 4134/147/1358
f 4134/147/1369 4140/147/1383 4141/147/1369
f 4134/147/1369 4141/147/1369 4135/147/1384
f 4135/147/963 4141/147/963 4142/147/963
f 4135/147/963 4142/147/963 4136/147/963
f 4136/147/1398 4142/147/1398 4137/147/1398
f 4136/147/1398 4137/147/1398 4131/147/1398
f 4137/147/1242 4143/147/1242 4144/147/1242
f 4137/147/1242 4144/147/1242 4138/147/1242
f 4138/147/962 4144/147/962 4145/147/962
f 4138/147/962 4145/147/962 4139/147/962
f 4139/147/1241 4145/147/1357 4146/147/1241
f 4139/147/1241 4146/147/1241 4140/147/1241
f 4140/147/1246 4146/147/1247 4147/147/1246
f 4140/147/1246 4147/147/1246 4141/147/1246
f 4141/147/963 4147/147/963 4148/147/963
f 4141/147/963 4148/147/963 4142/147/963
f 4142/147/1244 4148/147/1245 4143/147/1244
f 4142/147/1244 4143/147/1244 4137/147/1244
f 4143/147/1251 4149/147/1251 4150/147/1251
f 4143/147/1251 4150/147/1251 4144/147/1252
f 4144/147/962 4150/147/962 4151/147/962
f 4144/147/962 4151/147/962 4145/147/962
f 4145/147/1248 4151/147/1248 4152/147/1248
f 4145/147/1248 4152/147/1248 4146/147/1250
f 4146/147/1255 4152/147/1255 4153/147/1255
f 4146/147/1255 4153/147/1255 4147/147/1577
f 4147/147/963 4153/147/963 4154/147/963
f 4147/147/963 4154/147/963 4148/147/963
f 4148/147/1253 4154/147/1253 4149/147/1253
f 4148/147/1253 4149/147/1253 4143/147/1254
f 4149/147/1400 4155/147/1400 4156/147/1400
f 4149/147/1400 4156/147/1400 4150/147/1400
f 4150/147/962 4156/147/962 4157/147/962
f 4150/147/962 4157/147/962 4151/147/962
f 4151/147/1376 4157/147/1387 4158/147/1376
f 4151/147/1376 4158/147/1376 4152/147/1377
f 4152/147/1380 4158/147/1316 4159/147/1380
f 4152/147/1380 4159/147/1380 4153/147/1388
f 4153/147/963 4159/147/963 4160/147/963
f 4153/147/963 4160/147/963 4154/147/963
f 4154/147/1318 4160/147/1318 4155/147/1318
f 4154/147/1318 4155/147/1318 4149/147/1318
f 4155/147/1269 4089/147/1268 4090/147/1268
f 4155/147/1269 4090/147/1268 4156/147/1319
f 4156/147/962 4090/147/962 4091/147/962
f 4156/147/962 4091/147/962 4157/147/962
f 4157/147/1266 4091/147/1265 4092/147/1342
f 4157/147/1266 4092/147/1342 4158/147/1321
f 4158/147/1276 4092/147/1355 4093/147/1323
f 4158/147/1276 4093/147/1323 4159/147/1324
f 4159/147/963 4093/147/963 4094/147/963
f 4159/147/963 4094/147/963 4160/147/963
f 4160/147/1272 4094/147/1325 4089/147/1325
f 4160/147/1272 4089/147/1325 4155/147/1326
f 4161/147/1099 4167/147/1100 4168/147/1101
f 4161/147/1099 4168/147/1101 4162/147/1099
f 4162/147/1102 4168/147/1102 4169/147/1102
f 4162/147/1102 4169/147/1102 4163/147/1102
f 4163/147/1103 4169/147/1104 4170/147/1103
f 4163/147/1103 4170/147/1103 4164/147/1105
f 4164/147/1328 4170/147/1107 4171/147/1108
f 4164/147/1328 4171/147/1108 4165/147/1109
f 4165/147/1110 4171/147/1110 4172/147/1110
f 4165/147/1110 4172/147/1110 4166/147/1110
f 4166/147/1111 4172/147/1112 4167/147/1113
f 4166/147/1111 4167/147/1113 4161/147/1111
f 4167/147/1114 4173/147/1115 4174/147/1116
f 4167/147/1114 4174/147/1116 4168/147/1117
f 4168/147/1102 4174/147/1102 4175/147/1102
f 4168/147/1102 4175/147/1102 4169/147/1102
f 4169/147/1118 4175/147/1119 4176/147/1118
f 4169/147/1118 4176/147/1118 4170/147/1120
f 4170/147/1121 4176/147/1122 4177/147/1121
f 4170/147/1121 4177/147/1121 4171/147/1123
f 4171/147/1110 4177/147/1110 4178/147/1110
f 4171/147/1110 4178/147/1110 4172/147/1110
f 4172/147/1124 4178/147/1125 4173/147/1124
f 4172/147/1124 4173/147/1124 4167/147/1329
f 4173/147/1127 4179/147/1128 4180/147/1129
f 4173/147/1127 4180/147/1129 4174/147/1130
f 4174/147/1102 4180/147/1102 4181/147/1102
f 4174/147/1102 4181/147/1102 4175/147/1102
f 4175/147/1131 4181/147/1132 4182/147/1131
f 4175/147/1131 4182/147/1131 4176/147/1131
f 4176/147/1133 4182/147/1134 4183/147/1133
f 4176/147/1133 4183/147/1133 4177/147/1133
f 4177/147/1110 4183/147/1110 4184/147/1110
f 4177/147/1110 4184/147/1110 4178/147/1110
f 4178/147/1135 4184/147/1137 4179/147/1137
f 4178/147/1135 4179/147/1137 4173/147/1135
f 4179/147/1138 4185/147/1139 4186/147/1139
f 4179/147/1138 4186/147/1139 4180/147/1198
f 4180/147/1102 4186/147/1102 4187/147/1102
f 4180/147/1102 4187/147/1102 4181/147/1102
f 4181/147/1140 4187/147/1140 4188/147/1140
f 4181/147/1140 4188/147/1140 4182/147/1141
f 4182/147/1142 4188/147/1589 4189/147/1142
f 4182/147/1142 4189/147/1142 4183/147/1143
f 4183/147/1110 4189/147/1110 4190/147/1110
f 4183/147/1110 4190/147/1110 4184/147/1110
f 4184/147/1144 4190/147/1145 4185/147/1146
f 4184/147/1144 4185/147/1146 4179/147/1147
f 4185/147/1148 4191/147/1149 4192/147/1148
f 4185/147/1148 4192/147/1148 4186/147/1150
f 4186/147/1102 4192/147/1102 4193/147/1102
f 4186/147/1102 4193/147/1102 4187/147/1102
f 4187/147/1151 4193/147/1152 4194/147/1151
f 4187/147/1151 4194/147/1151 4188/147/1153
f 4188/147/1154 4194/147/1155 4195/147/1154
f 4188/147/1154 4195/147/1154 4189/147/1156
f 4189/147/1110 4195/147/1110 4196/147/1110
f 4189/147/1110 4196/147/1110 4190/147/1110
f 4190/147/1157 4196/147/1567 4191/147/1159
f 4190/147/1157 4191/147/1159 4185/147/1160
f 4191/147/1161 4197/147/1162 4198/147/1161
f 4191/147/1161 4198/147/1161 4192/147/1163
f 4192/147/1102 4198/147/1102 4199/147/1102
f 4192/147/1102 4199/147/1102 4193/147/1102
f 4193/147/1164 4199/147/1165 4200/147/1166
f 4193/147/1164 4200/147/1166 4194/147/1167
f 4194/147/1168 4200/147/1169 4201/147/1170
f 4194/147/1168 4201/147/1170 4195/147/1171
f 4195/147/1110 4201/147/1110 4202/147/1110
f 4195/147/1110 4202/147/1110 4196/147/1110
f 4196/147/1172 4202/147/1173 4197/147/1173
f 4196/147/1172 4197/147/1173 4191/147/1174
f 4197/147/1175 4203/147/1176 4204/147/1103
f 4197/147/1175 4204/147/1103 4198/147/1175
f 4198/147/1102 4204/147/1102 4205/147/1102
f 4198/147/1102 4205/147/1102 4199/147/1102
f 4199/147/1346 4205/147/1177 4206/147/1101
f 4199/147/1346 4206/147/1101 4200/147/1178
f 4200/147/1179 4206/147/1578 4207/147/1111
f 4200/147/1179 4207/147/1111 4201/147/1113
f 4201/147/1110 4207/147/1110 4208/147/1110
f 4201/147/1110 4208/147/1110 4202/147/1110
f 4202/147/1108 4208/147/1181 4203/147/1109
f 4202/147/1108 4203/147/1109 4197/147/1108
f 4203/147/1118 4209/147/1120 4210/147/1182
f 4203/147/1118 4210/147/1182 4204/147/1183
f 4204/147/1102 4210/147/1102 4211/147/1102
f 4204/147/1102 4211/147/1102 4205/147/1102
f 4205/147/1114 4211/147/1184 4212/147/1114
f 4205/147/1114 4212/147/1114 4206/147/1115
f 4206/147/1124 4212/147/1126 4213/147/1124
f 4206/147/1124 4213/147/1124 4207/147/1185
f 4207/147/1110 4213/147/1110 4214/147/1110
f 4207/147/1110 4214/147/1110 4208/147/1110
f 4208/147/1121 4214/147/1186 4209/147/1121
f 4208/147/1121 4209/147/1121 4203/147/1349
f 4209/147/1187 4215/147/1188 4216/147/1189
f 4209/147/1187 4216/147/1189 4210/147/1190
f 4210/147/1102 4216/147/1102 4217/147/1102
f 4210/147/1102 4217/147/1102 4211/147/1102
f 4211/147/1191 4217/147/1579 4218/147/1191
f 4211/147/1191 4218/147/1191 4212/147/1191
f 4212/147/1193 4218/147/1136 4219/147/1193
f 4212/147/1193 4219/147/1193 4213/147/1193
f 4213/147/1110 4219/147/1110 4220/147/1110
f 4213/147/1110 4220/147/1110 4214/147/1110
f 4214/147/1194 4220/147/1134 4215/147/1134
f 4214/147/1194 4215/147/1134 4209/147/1194
f 4215/147/1141 4221/147/1196 4222/147/1196
f 4215/147/1141 4222/147/1196 4216/147/1333
f 4216/147/1102 4222/147/1102 4223/147/1102
f 4216/147/1102 4223/147/1102 4217/147/1102
f 4217/147/1197 4223/147/1197 4224/147/1197
f 4217/147/1197 4224/147/1197 4218/147/1138
f 4218/147/1199 4224/147/1199 4225/147/1199
f 4218/147/1199 4225/147/1199 4219/147/1362
f 4219/147/1110 4225/147/1110 4226/147/1110
f 4219/147/1110 4226/147/1110 4220/147/1110
f 4220/147/1201 4226/147/1202 4221/147/1203
f 4220/147/1201 4221/147/1203 4215/147/1204
f 4221/147/1151 4227/147/1153 4228/147/1151
f 4221/147/1151 4228/147/1151 4222/147/1206
f 4222/147/1102 4228/147/1102 4229/147/1102
f 4222/147/1102 4229/147/1102 4223/147/1102
f 4223/147/1148 4229/147/1207 4230/147/1148
f 4223/147/1148 4230/147/1148 4224/147/1149
f 4224/147/1159 4230/147/1160 4231/147/1159
f 4224/147/1159 4231/147/1159 4225/147/1208
f 4225/147/1110 4231/147/1110 4232/147/1110
f 4225/147/1110 4232/147/1110 4226/147/1110
f 4226/147/1209 4232/147/1210 4227/147/1154
f 4226/147/1209 4227/147/1154 4221/147/1155
f 4227/147/1165 4161/147/1164 4162/147/1165
f 4227/147/1165 4162/147/1165 4228/147/1211
f 4228/147/1102 4162/147/1102 4163/147/1102
f 4228/147/1102 4163/147/1102 4229/147/1102
f 4229/147/1162 4163/147/1161 4164/147/1212
f 4229/147/1162 4164/147/1212 4230/147/1351
f 4230/147/1172 4164/147/1214 4165/147/1172
f 4230/147/1172 4165/147/1172 4231/147/1216
f 4231/147/1110 4165/147/1110 4166/147/1110
f 4231/147/1110 4166/147/1110 4232/147/1110
f 4232/147/1168 4166/147/1217 4161/147/1217
f 4232/147/1168 4161/147/1217 4227/147/1334
f 4233/147/1219 4239/147/1392 4240/147/1221
f 4233/147/1219 4240/147/1221 4234/147/1219
f 4234/147/962 4240/147/962 4241/147/962
f 4234/147/962 4241/147/962 4235/147/962
f 4235/147/1222 4241/147/1223 4242/147/1224
f 4235/147/1222 4242/147/1224 4236/147/1225
f 4236/147/1226 4242/147/1227 4243/147/1228
f 4236/147/1226 4243/147/1228 4237/147/1229
f 4237/147/963 4243/147/963 4244/147/963
f 4237/147/963 4244/147/963 4238/147/963
f 4238/147/1230 4244/147/1231 4239/147/1232
f 4238/147/1230 4239/147/1232 4233/147/1230
f 4239/147/1368 4245/147/1288 4246/147/1358
f 4239/147/1368 4246/147/1358 4240/147/1233
f 4240/147/962 4246/147/962 4247/147/962
f 4240/147/962 4247/147/962 4241/147/962
f 4241/147/1286 4247/147/1286 4248/147/1286
f 4241/147/1286 4248/147/1286 4242/147/1286
f 4242/147/1393 4248/147/1393 4249/147/1393
f 4242/147/1393 4249/147/1393 4243/147/1393
f 4243/147/963 4249/147/963 4250/147/963
f 4243/147/963 4250/147/963 4244/147/963
f 4244/147/1369 4250/147/1370 4245/147/1369
f 4244/147/1369 4245/147/1369 4239/147/1371
f 4245/147/1372 4251/147/1297 4252/147/1296
f 4245/147/1372 4252/147/1296 4246/147/1298
f 4246/147/962 4252/147/962 4253/147/962
f 4246/147/962 4253/147/962 4247/147/962
f 4247/147/1294 4253/147/1293 4254/147/1294
f 4247/147/1294 4254/147/1294 4248/147/1295
f 4248/147/1394 4254/147/1245 4255/147/1394
f 4248/147/1394 4255/147/1394 4249/147/1395
f 4249/147/963 4255/147/963 4256/147/963
f 4249/147/963 4256/147/963 4250/147/963
f 4250/147/1373 4256/147/1247 4251/147/1247
f 4250/147/1373 4251/147/1247 4245/147/1373
f 4251/147/1250 4257/147/1374 4258/147/1374
f 4251/147/1250 4258/147/1374 4252/147/1250
f 4252/147/962 4258/147/962 4259/147/962
f 4252/147/962 4259/147/962 4253/147/962
f 4253/147/1396 4259/147/1572 4260/147/1396
f 4253/147/1396 4260/147/1396 4254/147/1252
f 4254/147/1309 4260/147/1341 4261/147/1309
f 4254/147/1309 4261/147/1309 4255/147/1312
f 4255/147/963 4261/147/963 4262/147/963
f 4255/147/963 4262/147/963 4256/147/963
f 4256/147/1306 4262/147/1307 4257/147/1375
f 4256/147/1306 4257/147/1375 4251/147/1308
f 4257/147/1376 4263/147/1573 4264/147/1376
f 4257/147/1376 4264/147/1376 4258/147/1378
f 4258/147/962 4264/147/962 4265/147/962
f 4258/147/962 4265/147/962 4259/147/962
f 4259/147/1397 4265/147/1397 4266/147/1397
f 4259/147/1397 4266/147/1397 4260/147/1397
f 4260/147/1262 4266/147/1262 4267/147/1262
f 4260/147/1262 4267/147/1262 4261/147/1262
f 4261/147/963 4267/147/963 4268/147/963
f 4261/147/963 4268/147/963 4262/147/963
f 4262/147/1379 4268/147/1264 4263/147/1380
f 4262/147/1379 4263/147/1380 4257/147/1316
f 4263/147/1265 4269/147/1266 4270/147/1266
f 4263/147/1265 4270/147/1266 4264/147/1267
f 4264/147/962 4270/147/962 4271/147/962
f 4264/147/962 4271/147/962 4265/147/962
f 4265/147/1268 4271/147/1269 4272/147/1575
f 4265/147/1268 4272/147/1575 4266/147/1271
f 4266/147/1272 4272/147/1273 4273/147/1272
f 4266/147/1272 4273/147/1272 4267/147/1275
f 4267/147/963 4273/147/963 4274/147/963
f 4267/147/963 4274/147/963 4268/147/963
f 4268/147/1276 4274/147/1277 4269/147/1277
f 4268/147/1276 4269/147/1277 4263/147/1278
f 4269/147/1279 4275/147/1576 4276/147/1224
f 4269/147/1279 4276/147/1224 4270/147/1279
f 4270/147/962 4276/147/962 4277/147/962
f 4270/147/962 4277/147/962 4271/147/962
f 4271/147/1338 4277/147/1281 4278/147/1221
f 4271/147/1338 4278/147/1221 4272/147/1352
f 4272/147/1283 4278/147/1284 4279/147/1230
f 4272/147/1283 4279/147/1230 4273/147/1232
f 4273/147/963 4279/147/963 4280/147/963
f 4273/147/963 4280/147/963 4274/147/963
f 4274/147/1228 4280/147/1285 4275/147/1229
f 4274/147/1228 4275/147/1229 4269/147/1228
f 4275/147/1339 4281/147/1339 4282/147/1339
f 4275/147/1339 4282/147/1339 4276/147/1339
f 4276/147/962 4282/147/962 4283/147/962
f 4276/147/962 4283/147/962 4277/147/962
f 4277/147/1368 4283/147/1382 4284/147/1368
f 4277/147/1368 4284/147/1368 4278/147/1358
f 4278/147/1369 4284/147/1383 4285/147/1369
f 4278/147/1369 4285/147/1369 4279/147/1384
f 4279/147/963 4285/147/963 4286/147/963
f 4279/147/963 4286/147/963 4280/147/963
f 4280/147/1398 4286/147/1398 4281/147/1398
f 4280/147/1398 4281/147/1398 4275/147/1398
f 4281/147/1242 4287/147/1242 4288/147/1242
f 4281/147/1242 4288/147/1242 4282/147/1242
f 4282/147/962 4288/147/962 4289/147/962
f 4282/147/962 4289/147/962 4283/147/962
f 4283/147/1241 4289/147/1357 4290/147/1241
f 4283/147/1241 4290/147/1241 4284/147/1241
f 4284/147/1246 4290/147/1247 4291/147/1246
f 4284/147/1246 4291/147/1246 4285/147/1246
f 4285/147/963 4291/147/963 4292/147/963
f 4285/147/963 4292/147/963 4286/147/963
f 4286/147/1244 4292/147/1245 4287/147/1244
f 4286/147/1244 4287/147/1244 4281/147/1244
f 4287/147/1251 4293/147/1251 4294/147/1251
f 4287/147/1251 4294/147/1251 4288/147/1252
f 4288/147/962 4294/147/962 4295/147/962
f 4288/147/962 4295/147/962 4289/147/962
f 4289/147/1248 4295/147/1248 4296/147/1248
f 4289/147/1248 4296/147/1248 4290/147/1336
f 4290/147/1255 4296/147/1255 4297/147/1255
f 4290/147/1255 4297/147/1255 4291/147/1577
f 4291/147/963 4297/147/963 4298/147/963
f 4291/147/963 4298/147/963 4292/147/963
f 4292/147/1253 4298/147/1253 4293/147/1253
f 4292/147/1253 4293/147/1253 4287/147/1253
f 4293/147/1400 4299/147/1400 4300/147/1400
f 4293/147/1400 4300/147/1400 4294/147/1400
f 4294/147/962 4300/147/962 4301/147/962
f 4294/147/962 4301/147/962 4295/147/962
f 4295/147/1376 4301/147/1387 4302/147/1376
f 4295/147/1376 4302/147/1376 4296/147/1377
f 4296/147/1380 4302/147/1316 4303/147/1380
f 4296/147/1380 4303/147/1380 4297/147/1388
f 4297/147/963 4303/147/963 4304/147/963
f 4297/147/963 4304/147/963 4298/147/963
f 4298/147/1318 4304/147/1318 4299/147/1318
f 4298/147/1318 4299/147/1318 4293/147/1318
f 4299/147/1269 4233/147/1268 4234/147/1268
f 4299/147/1269 4234/147/1268 4300/147/1319
f 4300/147/962 4234/147/962 4235/147/962
f 4300/147/962 4235/147/962 4301/147/962
f 4301/147/1266 4235/147/1265 4236/147/1342
f 4301/147/1266 4236/147/1342 4302/147/1321
f 4302/147/1276 4236/147/1355 4237/147/1323
f 4302/147/1276 4237/147/1323 4303/147/1324
f 4303/147/963 4237/147/963 4238/147/963
f 4303/147/963 4238/147/963 4304/147/963
f 4304/147/1272 4238/147/1325 4233/147/1325
f 4304/147/1272 4233/147/1325 4299/147/1326
f 4305/147/1099 4311/147/1590 4312/147/1101
f 4305/147/1099 4312/147/1101 4306/147/1099
f 4306/147/1102 4312/147/1102 4313/147/1102
f 4306/147/1102 4313/147/1102 4307/147/1102
f 4307/147/1103 4313/147/1104 4314/147/1103
f 4307/147/1103 4314/147/1103 4308/147/1105
f 4308/147/1328 4314/147/1107 4315/147/1108
f 4308/147/1328 4315/147/1108 4309/147/1109
f 4309/147/1110 4315/147/1110 4316/147/1110
f 4309/147/1110 4316/147/1110 4310/147/1110
f 4310/147/1111 4316/147/1112 4311/147/1113
f 4310/147/1111 4311/147/1113 4305/147/1111
f 4311/147/1114 4317/147/1115 4318/147/1116
f 4311/147/1114 4318/147/1116 4312/147/1364
f 4312/147/1102 4318/147/1102 4319/147/1102
f 4312/147/1102 4319/147/1102 4313/147/1102
f 4313/147/1118 4319/147/1119 4320/147/1118
f 4313/147/1118 4320/147/1118 4314/147/1182
f 4314/147/1121 4320/147/1122 4321/147/1121
f 4314/147/1121 4321/147/1121 4315/147/1123
f 4315/147/1110 4321/147/1110 4322/147/1110
f 4315/147/1110 4322/147/1110 4316/147/1110
f 4316/147/1124 4322/147/1125 4317/147/1124
f 4316/147/1124 4317/147/1124 4311/147/1329
f 4317/147/1127 4323/147/1128 4324/147/1129
f 4317/147/1127 4324/147/1129 4318/147/1130
f 4318/147/1102 4324/147/1102 4325/147/1102
f 4318/147/1102 4325/147/1102 4319/147/1102
f 4319/147/1131 4325/147/1566 4326/147/1131
f 4319/147/1131 4326/147/1131 4320/147/1131
f 4320/147/1133 4326/147/1195 4327/147/1133
f 4320/147/1133 4327/147/1133 4321/147/1133
f 4321/147/1110 4327/147/1110 4328/147/1110
f 4321/147/1110 4328/147/1110 4322/147/1110
f 4322/147/1135 4328/147/1137 4323/147/1137
f 4322/147/1135 4323/147/1137 4317/147/1135
f 4323/147/1138 4329/147/1139 4330/147/1139
f 4323/147/1138 4330/147/1139 4324/147/1198
f 4324/147/1102 4330/147/1102 4331/147/1102
f 4324/147/1102 4331/147/1102 4325/147/1102
f 4325/147/1140 4331/147/1140 4332/147/1140
f 4325/147/1140 4332/147/1140 4326/147/1141
f 4326/147/1142 4332/147/1142 4333/147/1142
f 4326/147/1142 4333/147/1142 4327/147/1143
f 4327/147/1110 4333/147/1110 4334/147/1110
f 4327/147/1110 4334/147/1110 4328/147/1110
f 4328/147/1144 4334/147/1145 4329/147/1146
f 4328/147/1144 4329/147/1146 4323/147/1147
f 4329/147/1148 4335/147/1331 4336/147/1148
f 4329/147/1148 4336/147/1148 4330/147/1150
f 4330/147/1102 4336/147/1102 4337/147/1102
f 4330/147/1102 4337/147/1102 4331/147/1102
f 4331/147/1151 4337/147/1152 4338/147/1151
f 4331/147/1151 4338/147/1151 4332/147/1153
f 4332/147/1154 4338/147/1155 4339/147/1154
f 4332/147/1154 4339/147/1154 4333/147/1156
f 4333/147/1110 4339/147/1110 4340/147/1110
f 4333/147/1110 4340/147/1110 4334/147/1110
f 4334/147/1157 4340/147/1567 4335/147/1159
f 4334/147/1157 4335/147/1159 4329/147/1160
f 4335/147/1161 4341/147/1162 4342/147/1162
f 4335/147/1161 4342/147/1162 4336/147/1163
f 4336/147/1102 4342/147/1102 4343/147/1102
f 4336/147/1102 4343/147/1102 4337/147/1102
f 4337/147/1164 4343/147/1165 4344/147/1568
f 4337/147/1164 4344/147/1568 4338/147/1167
f 4338/147/1168 4344/147/1169 4345/147/1168
f 4338/147/1168 4345/147/1168 4339/147/1171
f 4339/147/1110 4345/147/1110 4346/147/1110
f 4339/147/1110 4346/147/1110 4340/147/1110
f 4340/147/1172 4346/147/1173 4341/147/1173
f 4340/147/1172 4341/147/1173 4335/147/1174
f 4341/147/1175 4347/147/1365 4348/147/1103
f 4341/147/1175 4348/147/1103 4342/147/1175
f 4342/147/1102 4348/147/1102 4349/147/1102
f 4342/147/1102 4349/147/1102 4343/147/1102
f 4343/147/1101 4349/147/1177 4350/147/1101
f 4343/147/1101 4350/147/1101 4344/147/1585
f 4344/147/1179 4350/147/1180 4351/147/1111
f 4344/147/1179 4351/147/1111 4345/147/1113
f 4345/147/1110 4351/147/1110 4352/147/1110
f 4345/147/1110 4352/147/1110 4346/147/1110
f 4346/147/1108 4352/147/1181 4347/147/1109
f 4346/147/1108 4347/147/1109 4341/147/1108
f 4347/147/1118 4353/147/1120 4354/147/1182
f 4347/147/1118 4354/147/1182 4348/147/1183
f 4348/147/1102 4354/147/1102 4355/147/1102
f 4348/147/1102 4355/147/1102 4349/147/1102
f 4349/147/1114 4355/147/1184 4356/147/1114
f 4349/147/1114 4356/147/1114 4350/147/1115
f 4350/147/1124 4356/147/1126 4357/147/1124
f 4350/147/1124 4357/147/1124 4351/147/1185
f 4351/147/1110 4357/147/1110 4358/147/1110
f 4351/147/1110 4358/147/1110 4352/147/1110
f 4352/147/1121 4358/147/1186 4353/147/1121
f 4352/147/1121 4353/147/1121 4347/147/1349
f 4353/147/1187 4359/147/1188 4360/147/1189
f 4353/147/1187 4360/147/1189 4354/147/1190
f 4354/147/1102 4360/147/1102 4361/147/1102
f 4354/147/1102 4361/147/1102 4355/147/1102
f 4355/147/1191 4361/147/1192 4362/147/1191
f 4355/147/1191 4362/147/1191 4356/147/1191
f 4356/147/1193 4362/147/1137 4363/147/1193
f 4356/147/1193 4363/147/1193 4357/147/1193
f 4357/147/1110 4363/147/1110 4364/147/1110
f 4357/147/1110 4364/147/1110 4358/147/1110
f 4358/147/1194 4364/147/1134 4359/147/1134
f 4358/147/1194 4359/147/1134 4353/147/1194
f 4359/147/1141 4365/147/1196 4366/147/1196
f 4359/147/1141 4366/147/1196 4360/147/1333
f 4360/147/1102 4366/147/1102 4367/147/1102
f 4360/147/1102 4367/147/1102 4361/147/1102
f 4361/147/1197 4367/147/1197 4368/147/1197
f 4361/147/1197 4368/147/1197 4362/147/1198
f 4362/147/1199 4368/147/1199 4369/147/1199
f 4362/147/1199 4369/147/1199 4363/147/1362
f 4363/147/1110 4369/147/1110 4370/147/1110
f 4363/147/1110 4370/147/1110 4364/147/1110
f 4364/147/1201 4370/147/1202 4365/147/1203
f 4364/147/1201 4365/147/1203 4359/147/1204
f 4365/147/1151 4371/147/1205 4372/147/1151
f 4365/147/1151 4372/147/1151 4366/147/1206
f 4366/147/1102 4372/147/1102 4373/147/1102
f 4366/147/1102 4373/147/1102 4367/147/1102
f 4367/147/1148 4373/147/1207 4374/147/1148
f 4367/147/1148 4374/147/1148 4368/147/1149
f 4368/147/1159 4374/147/1160 4375/147/1159
f 4368/147/1159 4375/147/1159 4369/147/1208
f 4369/147/1110 4375/147/1110 4376/147/1110
f 4369/147/1110 4376/147/1110 4370/147/1110
f 4370/147/1209 4376/147/1570 4371/147/1154
f 4370/147/1209 4371/147/1154 4365/147/1155
f 4371/147/1165 4305/147/1164 4306/147/1165
f 4371/147/1165 4306/147/1165 4372/147/1211
f 4372/147/1102 4306/147/1102 4307/147/1102
f 4372/147/1102 4307/147/1102 4373/147/1102
f 4373/147/1162 4307/147/1161 4308/147/1212
f 4373/147/1162 4308/147/1212 4374/147/1351
f 4374/147/1172 4308/147/1214 4309/147/1215
f 4374/147/1172 4309/147/1215 4375/147/1216
f 4375/147/1110 4309/147/1110 4310/147/1110
f 4375/147/1110 4310/147/1110 4376/147/1110
f 4376/147/1168 4310/147/1217 4305/147/1217
f 4376/147/1168 4305/147/1217 4371/147/1334
f 4377/147/1219 4383/147/1392 4384/147/1221
f 4377/147/1219 4384/147/1221 4378/147/1219
f 4378/147/962 4384/147/962 4385/147/962
f 4378/147/962 4385/147/962 4379/147/962
f 4379/147/1224 4385/147/1223 4386/147/1224
f 4379/147/1224 4386/147/1224 4380/147/1225
f 4380/147/1226 4386/147/1227 4387/147/1228
f 4380/147/1226 4387/147/1228 4381/147/1229
f 4381/147/963 4387/147/963 4388/147/963
f 4381/147/963 4388/147/963 4382/147/963
f 4382/147/1230 4388/147/1231 4383/147/1232
f 4382/147/1230 4383/147/1232 4377/147/1230
f 4383/147/1368 4389/147/1288 4390/147/1358
f 4383/147/1368 4390/147/1358 4384/147/1233
f 4384/147/962 4390/147/962 4391/147/962
f 4384/147/962 4391/147/962 4385/147/962
f 4385/147/1234 4391/147/1235 4392/147/1234
f 4385/147/1234 4392/147/1234 4386/147/1286
f 4386/147/1237 4392/147/1238 4393/147/1237
f 4386/147/1237 4393/147/1237 4387/147/1239
f 4387/147/963 4393/147/963 4394/147/963
f 4387/147/963 4394/147/963 4388/147/963
f 4388/147/1369 4394/147/1370 4389/147/1369
f 4388/147/1369 4389/147/1369 4383/147/1371
f 4389/147/1372 4395/147/1297 4396/147/1296
f 4389/147/1372 4396/147/1296 4390/147/1298
f 4390/147/962 4396/147/962 4397/147/962
f 4390/147/962 4397/147/962 4391/147/962
f 4391/147/1242 4397/147/1591 4398/147/1242
f 4391/147/1242 4398/147/1242 4392/147/1242
f 4392/147/1244 4398/147/1245 4399/147/1244
f 4392/147/1244 4399/147/1244 4393/147/1244
f 4393/147/963 4399/147/963 4400/147/963
f 4393/147/963 4400/147/963 4394/147/963
f 4394/147/1373 4400/147/1335 4395/147/1247
f 4394/147/1373 4395/147/1247 4389/147/1373
f 4395/147/1250 4401/147/1374 4402/147/1374
f 4395/147/1250 4402/147/1374 4396/147/1250
f 4396/147/962 4402/147/962 4403/147/962
f 4396/147/962 4403/147/962 4397/147/962
f 4397/147/1251 4403/147/1251 4404/147/1251
f 4397/147/1251 4404/147/1251 4398/147/1252
f 4398/147/1253 4404/147/1399 4405/147/1253
f 4398/147/1253 4405/147/1253 4399/147/1592
f 4399/147/963 4405/147/963 4406/147/963
f 4399/147/963 4406/147/963 4400/147/963
f 4400/147/1306 4406/147/1307 4401/147/1375
f 4400/147/1306 4401/147/1375 4395/147/1308
f 4401/147/1376 4407/147/1573 4408/147/1376
f 4401/147/1376 4408/147/1376 4402/147/1378
f 4402/147/962 4408/147/962 4409/147/962
f 4402/147/962 4409/147/962 4403/147/962
f 4403/147/1258 4409/147/1259 4410/147/1258
f 4403/147/1258 4410/147/1258 4404/147/1260
f 4404/147/1261 4410/147/1262 4411/147/1261
f 4404/147/1261 4411/147/1261 4405/147/1263
f 4405/147/963 4411/147/963 4412/147/963
f 4405/147/963 4412/147/963 4406/147/963
f 4406/147/1379 4412/147/1574 4407/147/1380
f 4406/147/1379 4407/147/1380 4401/147/1316
f 4407/147/1265 4413/147/1266 4414/147/1266
f 4407/147/1265 4414/147/1266 4408/147/1267
f 4408/147/962 4414/147/962 4415/147/962
f 4408/147/962 4415/147/962 4409/147/962
f 4409/147/1268 4415/147/1269 4416/147/1270
f 4409/147/1268 4416/147/1270 4410/147/1593
f 4410/147/1272 4416/147/1273 4417/147/1274
f 4410/147/1272 4417/147/1274 4411/147/1275
f 4411/147/963 4417/147/963 4418/147/963
f 4411/147/963 4418/147/963 4412/147/963
f 4412/147/1276 4418/147/1277 4413/147/1277
f 4412/147/1276 4413/147/1277 4407/147/1278
f 4413/147/1279 4419/147/1576 4420/147/1224
f 4413/147/1279 4420/147/1224 4414/147/1279
f 4414/147/962 4420/147/962 4421/147/962
f 4414/147/962 4421/147/962 4415/147/962
f 4415/147/1221 4421/147/1281 4422/147/1221
f 4415/147/1221 4422/147/1221 4416/147/1282
f 4416/147/1283 4422/147/1284 4423/147/1230
f 4416/147/1283 4423/147/1230 4417/147/1232
f 4417/147/963 4423/147/963 4424/147/963
f 4417/147/963 4424/147/963 4418/147/963
f 4418/147/1228 4424/147/1285 4419/147/1229
f 4418/147/1228 4419/147/1229 4413/147/1228
f 4419/147/1234 4425/147/1286 4426/147/1236
f 4419/147/1234 4426/147/1236 4420/147/1339
f 4420/147/962 4426/147/962 4427/147/962
f 4420/147/962 4427/147/962 4421/147/962
f 4421/147/1368 4427/147/1382 4428/147/1368
f 4421/147/1368 4428/147/1368 4422/147/1358
f 4422/147/1369 4428/147/1383 4429/147/1369
f 4422/147/1369 4429/147/1369 4423/147/1384
f 4423/147/963 4429/147/963 4430/147/963
f 4423/147/963 4430/147/963 4424/147/963
f 4424/147/1237 4430/147/1290 4425/147/1237
f 4424/147/1237 4425/147/1237 4419/147/1291
f 4425/147/1292 4431/147/1293 4432/147/1294
f 4425/147/1292 4432/147/1294 4426/147/1295
f 4426/147/962 4432/147/962 4433/147/962
f 4426/147/962 4433/147/962 4427/147/962
f 4427/147/1241 4433/147/1357 4434/147/1241
f 4427/147/1241 4434/147/1241 4428/147/1241
f 4428/147/1246 4434/147/1247 4435/147/1246
f 4428/147/1246 4435/147/1246 4429/147/1246
f 4429/147/963 4435/147/963 4436/147/963
f 4429/147/963 4436/147/963 4430/147/963
f 4430/147/1301 4436/147/1245 4431/147/1245
f 4430/147/1301 4431/147/1245 4425/147/1301
f 4431/147/1252 4437/147/1303 4438/147/1303
f 4431/147/1252 4438/147/1303 4432/147/1340
f 4432/147/962 4438/147/962 4439/147/962
f 4432/147/962 4439/147/962 4433/147/962
f 4433/147/1248 4439/147/1248 4440/147/1248
f 4433/147/1248 4440/147/1248 4434/147/1250
f 4434/147/1255 4440/147/1255 4441/147/1255
f 4434/147/1255 4441/147/1255 4435/147/1577
f 4435/147/963 4441/147/963 4442/147/963
f 4435/147/963 4442/147/963 4436/147/963
f 4436/147/1309 4442/147/1341 4437/147/1311
f 4436/147/1309 4437/147/1311 4431/147/1312
f 4437/147/1258 4443/147/1313 4444/147/1258
f 4437/147/1258 4444/147/1258 4438/147/1314
f 4438/147/962 4444/147/962 4445/147/962
f 4438/147/962 4445/147/962 4439/147/962
f 4439/147/1376 4445/147/1387 4446/147/1376
f 4439/147/1376 4446/147/1376 4440/147/1377
f 4440/147/1380 4446/147/1316 4447/147/1380
f 4440/147/1380 4447/147/1380 4441/147/1388
f 4441/147/963 4447/147/963 4448/147/963
f 4441/147/963 4448/147/963 4442/147/963
f 4442/147/1317 4448/147/1318 4443/147/1261
f 4442/147/1317 4443/147/1261 4437/147/1262
f 4443/147/1269 4377/147/1268 4378/147/1268
f 4443/147/1269 4378/147/1268 4444/147/1319
f 4444/147/962 4378/147/962 4379/147/962
f 4444/147/962 4379/147/962 4445/147/962
f 4445/147/1266 4379/147/1265 4380/147/1342
f 4445/147/1266 4380/147/1342 4446/147/1321
f 4446/147/1276 4380/147/1322 4381/147/1323
f 4446/147/1276 4381/147/1323 4447/147/1324
f 4447/147/963 4381/147/963 4382/147/963
f 4447/147/963 4382/147/963 4448/147/963
f 4448/147/1272 4382/147/1325 4377/147/1325
f 4448/147/1272 4377/147/1325 4443/147/1326
f 4449/147/1099 4455/147/1100 4456/147/1101
f 4449/147/1099 4456/147/1101 4450/147/1099
f 4450/147/1102 4456/147/1102 4457/147/1102
f 4450/147/1102 4457/147/1102 4451/147/1102
f 4451/147/1103 4457/147/1104 4458/147/1103
f 4451/147/1103 4458/147/1103 4452/147/1105
f 4452/147/1328 4458/147/1107 4459/147/1108
f 4452/147/1328 4459/147/1108 4453/147/1109
f 4453/147/1110 4459/147/1110 4460/147/1110
f 4453/147/1110 4460/147/1110 4454/147/1110
f 4454/147/1111 4460/147/1112 4455/147/1113
f 4454/147/1111 4455/147/1113 4449/147/1111
f 4455/147/1114 4461/147/1115 4462/147/1116
f 4455/147/1114 4462/147/1116 4456/147/1117
f 4456/147/1102 4462/147/1102 4463/147/1102
f 4456/147/1102 4463/147/1102 4457/147/1102
f 4457/147/1118 4463/147/1119 4464/147/1118
f 4457/147/1118 4464/147/1118 4458/147/1182
f 4458/147/1121 4464/147/1122 4465/147/1121
f 4458/147/1121 4465/147/1121 4459/147/1123
f 4459/147/1110 4465/147/1110 4466/147/1110
f 4459/147/1110 4466/147/1110 4460/147/1110
f 4460/147/1124 4466/147/1125 4461/147/1124
f 4460/147/1124 4461/147/1124 4455/147/1329
f 4461/147/1127 4467/147/1128 4468/147/1129
f 4461/147/1127 4468/147/1129 4462/147/1594
f 4462/147/1102 4468/147/1102 4469/147/1102
f 4462/147/1102 4469/147/1102 4463/147/1102
f 4463/147/1131 4469/147/1566 4470/147/1131
f 4463/147/1131 4470/147/1131 4464/147/1131
f 4464/147/1133 4470/147/1195 4471/147/1133
f 4464/147/1133 4471/147/1133 4465/147/1133
f 4465/147/1110 4471/147/1110 4472/147/1110
f 4465/147/1110 4472/147/1110 4466/147/1110
f 4466/147/1135 4472/147/1136 4467/147/1137
f 4466/147/1135 4467/147/1137 4461/147/1135
f 4467/147/1138 4473/147/1139 4474/147/1139
f 4467/147/1138 4474/147/1139 4468/147/1198
f 4468/147/1102 4474/147/1102 4475/147/1102
f 4468/147/1102 4475/147/1102 4469/147/1102
f 4469/147/1140 4475/147/1140 4476/147/1140
f 4469/147/1140 4476/147/1140 4470/147/1141
f 4470/147/1142 4476/147/1142 4477/147/1142
f 4470/147/1142 4477/147/1142 4471/147/1143
f 4471/147/1110 4477/147/1110 4478/147/1110
f 4471/147/1110 4478/147/1110 4472/147/1110
f 4472/147/1144 4478/147/1145 4473/147/1146
f 4472/147/1144 4473/147/1146 4467/147/1147
f 4473/147/1148 4479/147/1149 4480/147/1148
f 4473/147/1148 4480/147/1148 4474/147/1150
f 4474/147/1102 4480/147/1102 4481/147/1102
f 4474/147/1102 4481/147/1102 4475/147/1102
f 4475/147/1151 4481/147/1152 4482/147/1151
f 4475/147/1151 4482/147/1151 4476/147/1153
f 4476/147/1154 4482/147/1155 4483/147/1154
f 4476/147/1154 4483/147/1154 4477/147/1156
f 4477/147/1110 4483/147/1110 4484/147/1110
f 4477/147/1110 4484/147/1110 4478/147/1110
f 4478/147/1157 4484/147/1567 4479/147/1159
f 4478/147/1157 4479/147/1159 4473/147/1160
f 4479/147/1163 4485/147/1162 4486/147/1162
f 4479/147/1163 4486/147/1162 4480/147/1587
f 4480/147/1102 4486/147/1102 4487/147/1102
f 4480/147/1102 4487/147/1102 4481/147/1102
f 4481/147/1164 4487/147/1165 4488/147/1166
f 4481/147/1164 4488/147/1166 4482/147/1167
f 4482/147/1168 4488/147/1169 4489/147/1170
f 4482/147/1168 4489/147/1170 4483/147/1171
f 4483/147/1110 4489/147/1110 4490/147/1110
f 4483/147/1110 4490/147/1110 4484/147/1110
f 4484/147/1172 4490/147/1173 4485/147/1173
f 4484/147/1172 4485/147/1173 4479/147/1174
f 4485/147/1175 4491/147/1365 4492/147/1103
f 4485/147/1175 4492/147/1103 4486/147/1175
f 4486/147/1102 4492/147/1102 4493/147/1102
f 4486/147/1102 4493/147/1102 4487/147/1102
f 4487/147/1346 4493/147/1177 4494/147/1101
f 4487/147/1346 4494/147/1101 4488/147/1178
f 4488/147/1179 4494/147/1180 4495/147/1111
f 4488/147/1179 4495/147/1111 4489/147/1113
f 4489/147/1110 4495/147/1110 4496/147/1110
f 4489/147/1110 4496/147/1110 4490/147/1110
f 4490/147/1108 4496/147/1391 4491/147/1181
f 4490/147/1108 4491/147/1181 4485/147/1108
f 4491/147/1118 4497/147/1120 4498/147/1182
f 4491/147/1118 4498/147/1182 4492/147/1183
f 4492/147/1102 4498/147/1102 4499/147/1102
f 4492/147/1102 4499/147/1102 4493/147/1102
f 4493/147/1114 4499/147/1184 4500/147/1114
f 4493/147/1114 4500/147/1114 4494/147/1116
f 4494/147/1124 4500/147/1126 4501/147/1124
f 4494/147/1124 4501/147/1124 4495/147/1185
f 4495/147/1110 4501/147/1110 4502/147/1110
f 4495/147/1110 4502/147/1110 4496/147/1110
f 4496/147/1121 4502/147/1186 4497/147/1121
f 4496/147/1121 4497/147/1121 4491/147/1122
f 4497/147/1187 4503/147/1188 4504/147/1189
f 4497/147/1187 4504/147/1189 4498/147/1190
f 4498/147/1102 4504/147/1102 4505/147/1102
f 4498/147/1102 4505/147/1102 4499/147/1102
f 4499/147/1191 4505/147/1579 4506/147/1191
f 4499/147/1191 4506/147/1191 4500/147/1191
f 4500/147/1193 4506/147/1137 4507/147/1193
f 4500/147/1193 4507/147/1193 4501/147/1193
f 4501/147/1110 4507/147/1110 4508/147/1110
f 4501/147/1110 4508/147/1110 4502/147/1110
f 4502/147/1194 4508/147/1134 4503/147/1134
f 4502/147/1194 4503/147/1134 4497/147/1194
f 4503/147/1141 4509/147/1196 4510/147/1196
f 4503/147/1141 4510/147/1196 4504/147/1333
f 4504/147/1102 4510/147/1102 4511/147/1102
f 4504/147/1102 4511/147/1102 4505/147/1102
f 4505/147/1197 4511/147/1197 4512/147/1197
f 4505/147/1197 4512/147/1197 4506/147/1198
f 4506/147/1199 4512/147/1199 4513/147/1199
f 4506/147/1199 4513/147/1199 4507/147/1362
f 4507/147/1110 4513/147/1110 4514/147/1110
f 4507/147/1110 4514/147/1110 4508/147/1110
f 4508/147/1201 4514/147/1202 4509/147/1203
f 4508/147/1201 4509/147/1203 4503/147/1204
f 4509/147/1151 4515/147/1153 4516/147/1151
f 4509/147/1151 4516/147/1151 4510/147/1206
f 4510/147/1102 4516/147/1102 4517/147/1102
f 4510/147/1102 4517/147/1102 4511/147/1102
f 4511/147/1148 4517/147/1207 4518/147/1148
f 4511/147/1148 4518/147/1148 4512/147/1149
f 4512/147/1159 4518/147/1157 4519/147/1159
f 4512/147/1159 4519/147/1159 4513/147/1208
f 4513/147/1110 4519/147/1110 4520/147/1110
f 4513/147/1110 4520/147/1110 4514/147/1110
f 4514/147/1209 4520/147/1210 4515/147/1154
f 4514/147/1209 4515/147/1154 4509/147/1155
f 4515/147/1211 4449/147/1164 4450/147/1165
f 4515/147/1211 4450/147/1165 4516/147/1211
f 4516/147/1102 4450/147/1102 4451/147/1102
f 4516/147/1102 4451/147/1102 4517/147/1102
f 4517/147/1162 4451/147/1161 4452/147/1212
f 4517/147/1162 4452/147/1212 4518/147/1351
f 4518/147/1172 4452/147/1214 4453/147/1172
f 4518/147/1172 4453/147/1172 4519/147/1216
f 4519/147/1110 4453/147/1110 4454/147/1110
f 4519/147/1110 4454/147/1110 4520/147/1110
f 4520/147/1168 4454/147/1217 4449/147/1217
f 4520/147/1168 4449/147/1217 4515/147/1334
f 4521/147/1219 4527/147/1392 4528/147/1221
f 4521/147/1219 4528/147/1221 4522/147/1219
f 4522/147/962 4528/147/962 4529/147/962
f 4522/147/962 4529/147/962 4523/147/962
f 4523/147/1222 4529/147/1223 4530/147/1224
f 4523/147/1222 4530/147/1224 4524/147/1225
f 4524/147/1226 4530/147/1227 4531/147/1228
f 4524/147/1226 4531/147/1228 4525/147/1229
f 4525/147/963 4531/147/963 4532/147/963
f 4525/147/963 4532/147/963 4526/147/963
f 4526/147/1230 4532/147/1231 4527/147/1231
f 4526/147/1230 4527/147/1231 4521/147/1230
f 4527/147/1233 4533/147/1233 4534/147/1233
f 4527/147/1233 4534/147/1233 4528/147/1233
f 4528/147/962 4534/147/962 4535/147/962
f 4528/147/962 4535/147/962 4529/147/962
f 4529/147/1234 4535/147/1235 4536/147/1234
f 4529/147/1234 4536/147/1234 4530/147/1286
f 4530/147/1237 4536/147/1238 4537/147/1237
f 4530/147/1237 4537/147/1237 4531/147/1239
f 4531/147/963 4537/147/963 4538/147/963
f 4531/147/963 4538/147/963 4532/147/963
f 4532/147/1240 4538/147/1240 4533/147/1240
f 4532/147/1240 4533/147/1240 4527/147/1240
f 4533/147/1241 4539/147/1241 4540/147/1241
f 4533/147/1241 4540/147/1241 4534/147/1241
f 4534/147/962 4540/147/962 4541/147/962
f 4534/147/962 4541/147/962 4535/147/962
f 4535/147/1242 4541/147/1591 4542/147/1242
f 4535/147/1242 4542/147/1242 4536/147/1242
f 4536/147/1244 4542/147/1245 4543/147/1244
f 4536/147/1244 4543/147/1244 4537/147/1244
f 4537/147/963 4543/147/963 4544/147/963
f 4537/147/963 4544/147/963 4538/147/963
f 4538/147/1246 4544/147/1335 4539/147/1246
f 4538/147/1246 4539/147/1246 4533/147/1246
f 4539/147/1248 4545/147/1248 4546/147/1248
f 4539/147/1248 4546/147/1248 4540/147/1250
f 4540/147/962 4546/147/962 4547/147/962
f 4540/147/962 4547/147/962 4541/147/962
f 4541/147/1251 4547/147/1251 4548/147/1251
f 4541/147/1251 4548/147/1251 4542/147/1252
f 4542/147/1253 4548/147/1399 4549/147/1253
f 4542/147/1253 4549/147/1253 4543/147/1592
f 4543/147/963 4549/147/963 4550/147/963
f 4543/147/963 4550/147/963 4544/147/963
f 4544/147/1255 4550/147/1255 4545/147/1255
f 4544/147/1255 4545/147/1255 4539/147/1577
f 4545/147/1256 4551/147/1256 4552/147/1256
f 4545/147/1256 4552/147/1256 4546/147/1256
f 4546/147/962 4552/147/962 4553/147/962
f 4546/147/962 4553/147/962 4547/147/962
f 4547/147/1258 4553/147/1259 4554/147/1258
f 4547/147/1258 4554/147/1258 4548/147/1260
f 4548/147/1261 4554/147/1262 4555/147/1261
f 4548/147/1261 4555/147/1261 4549/147/1263
f 4549/147/963 4555/147/963 4556/147/963
f 4549/147/963 4556/147/963 4550/147/963
f 4550/147/1264 4556/147/1574 4551/147/1264
f 4550/147/1264 4551/147/1264 4545/147/1264
f 4551/147/1265 4557/147/1266 4558/147/1266
f 4551/147/1265 4558/147/1266 4552/147/1267
f 4552/147/962 4558/147/962 4559/147/962
f 4552/147/962 4559/147/962 4553/147/962
f 4553/147/1268 4559/147/1269 4560/147/1575
f 4553/147/1268 4560/147/1575 4554/147/1271
f 4554/147/1272 4560/147/1273 4561/147/1274
f 4554/147/1272 4561/147/1274 4555/147/1275
f 4555/147/963 4561/147/963 4562/147/963
f 4555/147/963 4562/147/963 4556/147/963
f 4556/147/1276 4562/147/1277 4557/147/1277
f 4556/147/1276 4557/147/1277 4551/147/1595
f 4557/147/1279 4563/147/1576 4564/147/1224
f 4557/147/1279 4564/147/1224 4558/147/1279
f 4558/147/962 4564/147/962 4565/147/962
f 4558/147/962 4565/147/962 4559/147/962
f 4559/147/1221 4565/147/1281 4566/147/1221
f 4559/147/1221 4566/147/1221 4560/147/1282
f 4560/147/1283 4566/147/1284 4567/147/1230
f 4560/147/1283 4567/147/1230 4561/147/1232
f 4561/147/963 4567/147/963 4568/147/963
f 4561/147/963 4568/147/963 4562/147/963
f 4562/147/1228 4568/147/1285 4563/147/1229
f 4562/147/1228 4563/147/1229 4557/147/1228
f 4563/147/1234 4569/147/1286 4570/147/1236
f 4563/147/1234 4570/147/1236 4564/147/1339
f 4564/147/962 4570/147/962 4571/147/962
f 4564/147/962 4571/147/962 4565/147/962
f 4565/147/1288 4571/147/1288 4572/147/1288
f 4565/147/1288 4572/147/1288 4566/147/1358
f 4566/147/1289 4572/147/1289 4573/147/1289
f 4566/147/1289 4573/147/1289 4567/147/1289
f 4567/147/963 4573/147/963 4574/147/963
f 4567/147/963 4574/147/963 4568/147/963
f 4568/147/1237 4574/147/1290 4569/147/1237
f 4568/147/1237 4569/147/1237 4563/147/1291
f 4569/147/1292 4575/147/1293 4576/147/1294
f 4569/147/1292 4576/147/1294 4570/147/1295
f 4570/147/962 4576/147/962 4577/147/962
f 4570/147/962 4577/147/962 4571/147/962
f 4571/147/1296 4577/147/1297 4578/147/1296
f 4571/147/1296 4578/147/1296 4572/147/1298
f 4572/147/1299 4578/147/1247 4579/147/1299
f 4572/147/1299 4579/147/1299 4573/147/1373
f 4573/147/963 4579/147/963 4580/147/963
f 4573/147/963 4580/147/963 4574/147/963
f 4574/147/1301 4580/147/1245 4575/147/1245
f 4574/147/1301 4575/147/1245 4569/147/1301
f 4575/147/1252 4581/147/1303 4582/147/1303
f 4575/147/1252 4582/147/1303 4576/147/1340
f 4576/147/962 4582/147/962 4583/147/962
f 4576/147/962 4583/147/962 4577/147/962
f 4577/147/1304 4583/147/1305 4584/147/1304
f 4577/147/1304 4584/147/1304 4578/147/1336
f 4578/147/1306 4584/147/1307 4585/147/1306
f 4578/147/1306 4585/147/1306 4579/147/1308
f 4579/147/963 4585/147/963 4586/147/963
f 4579/147/963 4586/147/963 4580/147/963
f 4580/147/1309 4586/147/1341 4581/147/1311
f 4580/147/1309 4581/147/1311 4575/147/1312
f 4581/147/1258 4587/147/1260 4588/147/1258
f 4581/147/1258 4588/147/1258 4582/147/1314
f 4582/147/962 4588/147/962 4589/147/962
f 4582/147/962 4589/147/962 4583/147/962
f 4583/147/1315 4589/147/1315 4590/147/1315
f 4583/147/1315 4590/147/1315 4584/147/1315
f 4584/147/1316 4590/147/1316 4591/147/1316
f 4584/147/1316 4591/147/1316 4585/147/1316
f 4585/147/963 4591/147/963 4592/147/963
f 4585/147/963 4592/147/963 4586/147/963
f 4586/147/1317 4592/147/1318 4587/147/1261
f 4586/147/1317 4587/147/1261 4581/147/1262
f 4587/147/1319 4521/147/1268 4522/147/1269
f 4587/147/1319 4522/147/1269 4588/147/1319
f 4588/147/962 4522/147/962 4523/147/962
f 4588/147/962 4523/147/962 4589/147/962
f 4589/147/1266 4523/147/1265 4524/147/1342
f 4589/147/1266 4524/147/1342 4590/147/1321
f 4590/147/1276 4524/147/1355 4525/147/1323
f 4590/147/1276 4525/147/1323 4591/147/1324
f 4591/147/963 4525/147/963 4526/147/963
f 4591/147/963 4526/147/963 4592/147/963
f 4592/147/1272 4526/147/1325 4521/147/1325
f 4592/147/1272 4521/147/1325 4587/147/1401
f 4593/147/1596 4594/147/1596 4600/147/1597
f 4593/147/1596 4600/147/1597 4599/147/1597
f 4605/147/1598 4594/147/1598 4593/147/1599
f 4606/147/1600 4599/147/1601 4600/147/1602
f 4594/147/1603 4595/147/1603 4601/147/1603
f 4594/147/1603 4601/147/1603 4600/147/1603
f 4605/147/1598 4595/147/1598 4594/147/1598
f 4606/147/1600 4600/147/1602 4601/147/1602
f 4595/147/1604 4596/147/1604 4602/147/1605
f 4595/147/1604 4602/147/1605 4601/147/1605
f 4605/147/1598 4596/147/1598 4595/147/1598
f 4606/147/1600 4601/147/1602 4602/147/1606
f 4596/147/1607 4597/147/1607 4603/147/1607
f 4596/147/1607 4603/147/1607 4602/147/1607
f 4605/147/1598 4597/147/1598 4596/147/1598
f 4606/147/1600 4602/147/1606 4603/147/1608
f 4597/147/1609 4598/147/1609 4604/147/1609
f 4597/147/1609 4604/147/1609 4603/147/1609
f 4605/147/1598 4598/147/1598 4597/147/1598
f 4606/147/1600 4603/147/1608 4604/147/1608
f 4598/147/1610 4593/147/1610 4599/147/1610
f 4598/147/1610 4599/147/1610 4604/147/1610
f 4605/147/1598 4593/147/1599 4598/147/1598
f 4606/147/1600 4604/147/1608 4599/147/1601
f 4607/147/1596 4608/147/1596 4614/147/1597
f 4607/147/1596 4614/147/1597 4613/147/1597
f 4619/147/1598 4608/147/1598 4607/147/1598
f 4620/147/1600 4613/147/1606 4614/147/1602
f 4608/147/1603 4609/147/1603 4615/147/1603
f 4608/147/1603 4615/147/1603 4614/147/1603
f 4619/147/1598 4609/147/1598 4608/147/1598
f 4620/147/1600 4614/147/1602 4615/147/1602
f 4609/147/1604 4610/147/1604 4616/147/1605
f 4609/147/1604 4616/147/1605 4615/147/1605
f 4619/147/1598 4610/147/1598 4609/147/1598
f 4620/147/1600 4615/147/1602 4616/147/1606
f 4610/147/1607 4611/147/1607 4617/147/1607
f 4610/147/1607 4617/147/1607 4616/147/1607
f 4619/147/1598 4611/147/1598 4610/147/1598
f 4620/147/1600 4616/147/1606 4617/147/1608
f 4611/147/1609 4612/147/1609 4618/147/1609
f 4611/147/1609 4618/147/1609 4617/147/1609
f 4619/147/1598 4612/147/1598 4611/147/1598
f 4620/147/1600 4617/147/1608 4618/147/1608
f 4612/147/1610 4607/147/1610 4613/147/1610
f 4612/147/1610 4613/147/1610 4618/147/1610
f 4619/147/1598 4607/147/1598 4612/147/1598
f 4620/147/1600 4618/147/1608 4613/147/1606
f 4621/147/1596 4622/147/1596 4628/147/1597
f 4621/147/1596 4628/147/1597 4627/147/1597
f 4633/147/1598 4622/147/1598 4621/147/1598
f 4634/147/1600 4627/147/1601 4628/147/1602
f 4622/147/1603 4623/147/1603 4629/147/1603
f 4622/147/1603 4629/147/1603 4628/147/1603
f 4633/147/1598 4623/147/1598 4622/147/1598
f 4634/147/1600 4628/147/1602 4629/147/1602
f 4623/147/1604 4624/147/1604 4630/147/1605
f 4623/147/1604 4630/147/1605 4629/147/1605
f 4633/147/1598 4624/147/1598 4623/147/1598
f 4634/147/1600 4629/147/1602 4630/147/1606
f 4624/147/1607 4625/147/1607 4631/147/1607
f 4624/147/1607 4631/147/1607 4630/147/1607
f 4633/147/1598 4625/147/1598 4624/147/1598
f 4634/147/1600 4630/147/1606 4631/147/1608
f 4625/147/1609 4626/147/1609 4632/147/1609
f 4625/147/1609 4632/147/1609 4631/147/1609
f 4633/147/1598 4626/147/1598 4625/147/1598
f 4634/147/1600 4631/147/1608 4632/147/1608
f 4626/147/1610 4621/147/1610 4627/147/1610
f 4626/147/1610 4627/147/1610 4632/147/1610
f 4633/147/1598 4621/147/1598 4626/147/1598
f 4634/147/1600 4632/147/1608 4627/147/1601
f 4635/147/1596 4636/147/1596 4642/147/1597
f 4635/147/1596 4642/147/1597 4641/147/1597
f 4647/147/1598 4636/147/1598 4635/147/1598
f 4648/147/1600 4641/147/1606 4642/147/1601
f 4636/147/1603 4637/147/1603 4643/147/1603
f 4636/147/1603 4643/147/1603 4642/147/1603
f 4647/147/1598 4637/147/1598 4636/147/1598
f 4648/147/1600 4642/147/1601 4643/147/1601
f 4637/147/1604 4638/147/1604 4644/147/1605
f 4637/147/1604 4644/147/1605 4643/147/1605
f 4647/147/1598 4638/147/1598 4637/147/1598
f 4648/147/1600 4643/147/1601 4644/147/1601
f 4638/147/1607 4639/147/1607 4645/147/1607
f 4638/147/1607 4645/147/1607 4644/147/1607
f 4647/147/1598 4639/147/1598 4638/147/1598
f 4648/147/1600 4644/147/1601 4645/147/1608
f 4639/147/1609 4640/147/1609 4646/147/1609
f 4639/147/1609 4646/147/1609 4645/147/1609
f 4647/147/1598 4640/147/1598 4639/147/1598
f 4648/147/1600 4645/147/1608 4646/147/1608
f 4640/147/1610 4635/147/1610 4641/147/1610
f 4640/147/1610 4641/147/1610 4646/147/1610
f 4647/147/1598 4635/147/1598 4640/147/1598
f 4648/147/1600 4646/147/1608 4641/147/1606
f 4649/147/1596 4650/147/1596 4656/147/1597
f 4649/147/1596 4656/147/1597 4655/147/1597
f 4661/147/1598 4650/147/1598 4649/147/1598
f 4662/147/1600 4655/147/1601 4656/147/1601
f 4650/147/1603 4651/147/1603 4657/147/1603
f 4650/147/1603 4657/147/1603 4656/147/1603
f 4661/147/1598 4651/147/1598 4650/147/1598
f 4662/147/1600 4656/147/1601 4657/147/1602
f 4651/147/1604 4652/147/1604 4658/147/1605
f 4651/147/1604 4658/147/1605 4657/147/1605
f 4661/147/1598 4652/147/1598 4651/147/1598
f 4662/147/1600 4657/147/1602 4658/147/1606
f 4652/147/1607 4653/147/1607 4659/147/1607
f 4652/147/1607 4659/147/1607 4658/147/1607
f 4661/147/1598 4653/147/1598 4652/147/1598
f 4662/147/1600 4658/147/1606 4659/147/1608
f 4653/147/1609 4654/147/1609 4660/147/1609
f 4653/147/1609 4660/147/1609 4659/147/1609
f 4661/147/1598 4654/147/1598 4653/147/1598
f 4662/147/1600 4659/147/1608 4660/147/1608
f 4654/147/1610 4649/147/1610 4655/147/1610
f 4654/147/1610 4655/147/1610 4660/147/1610
f 4661/147/1598 4649/147/1598 4654/147/1598
f 4662/147/1600 4660/147/1608 4655/147/1601
f 4663/147/1596 4664/147/1596 4670/147/1597
f 4663/147/1596 4670/147/1597 4669/147/1597
f 4675/147/1598 4664/147/1598 4663/147/1598
f 4676/147/1600 4669/147/1601 4670/147/1601
f 4664/147/1603 4665/147/1603 4671/147/1603
f 4664/147/1603 4671/147/1603 4670/147/1603
f 4675/147/1598 4665/147/1598 4664/147/1598
f 4676/147/1600 4670/147/1601 4671/147/1602
f 4665/147/1604 4666/147/1604 4672/147/1605
f 4665/147/1604 4672/147/1605 4671/147/1605
f 4675/147/1598 4666/147/1598 4665/147/1598
f 4676/147/1600 4671/147/1602 4672/147/1601
f 4666/147/1607 4667/147/1607 4673/147/1607
f 4666/147/1607 4673/147/1607 4672/147/1607
f 4675/147/1598 4667/147/1598 4666/147/1598
f 4676/147/1600 4672/147/1601 4673/147/1608
f 4667/147/1609 4668/147/1609 4674/147/1609
f 4667/147/1609 4674/147/1609 4673/147/1609
f 4675/147/1598 4668/147/1598 4667/147/1598
f 4676/147/1600 4673/147/1608 4674/147/1608
f 4668/147/1610 4663/147/1610 4669/147/1610
f 4668/147/1610 4669/147/1610 4674/147/1610
f 4675/147/1598 4663/147/1598 4668/147/1598
f 4676/147/1600 4674/147/1608 4669/147/1601
