# Blender 5.2.2 LTS
# www.blender.org
mtllib fin de la crosse.mtl
o Demonic_Eye
v -0.192846 -0.003632 -0.000000
v -0.160345 -0.003020 0.070499
v -0.107139 -0.002018 0.105509
v -0.037622 -0.000709 0.124456
v -0.000000 -0.000000 0.126895
v 0.037622 0.000709 0.124456
v 0.107139 0.002018 0.105509
v 0.192846 0.003632 0.000000
v -0.188940 -0.014186 0.024280
v -0.177774 -0.024194 0.047627
v -0.159775 -0.033273 0.069144
v -0.135637 -0.041073 0.088004
v -0.106286 -0.047294 0.103482
v -0.072851 -0.051698 0.114983
v -0.036616 -0.054116 0.122065
v 0.001026 -0.054453 0.124456
v 0.038628 -0.052698 0.122065
v 0.074746 -0.048918 0.114983
v 0.107992 -0.043258 0.103482
v 0.137088 -0.035936 0.088004
v 0.160915 -0.027232 0.069144
v 0.178559 -0.017483 0.047627
v 0.189340 -0.007061 0.024280
v -0.188748 -0.024401 0.022871
v -0.177396 -0.044232 0.044864
v -0.159227 -0.062363 0.065132
v -0.134940 -0.078097 0.082898
v -0.105466 -0.090831 0.097478
v -0.071940 -0.100073 0.108311
v -0.035649 -0.105470 0.114983
v 0.002012 -0.106814 0.117235
v 0.039596 -0.104053 0.114983
v 0.075658 -0.097293 0.108311
v 0.108812 -0.086795 0.097478
v 0.137785 -0.072960 0.082898
v 0.161463 -0.056323 0.065132
v 0.178936 -0.037520 0.044864
v 0.189533 -0.017276 0.022871
v -0.188570 -0.033815 0.020584
v -0.177048 -0.062699 0.040377
v -0.158722 -0.089172 0.058618
v -0.134297 -0.112219 0.074606
v -0.104711 -0.130954 0.087727
v -0.071100 -0.144656 0.097478
v -0.034758 -0.152799 0.103482
v 0.002921 -0.155070 0.105509
v 0.040487 -0.151382 0.103482
v 0.076497 -0.141876 0.097478
v 0.109568 -0.126918 0.087727
v 0.138428 -0.107083 0.074606
v 0.161968 -0.083132 0.058618
v 0.179284 -0.055987 0.040377
v 0.189710 -0.026690 0.020584
v -0.188415 -0.042067 0.017505
v -0.176743 -0.078885 0.034337
v -0.158280 -0.112671 0.049850
v -0.133734 -0.142128 0.063447
v -0.104048 -0.166122 0.074606
v -0.070364 -0.183733 0.082898
v -0.033976 -0.194283 0.088004
v 0.003717 -0.197367 0.089728
v 0.041268 -0.192866 0.088004
v 0.077233 -0.180953 0.082898
v 0.110230 -0.162086 0.074606
v 0.138991 -0.136991 0.063447
v 0.162410 -0.106631 0.049850
v 0.179589 -0.072173 0.034337
v 0.189865 -0.034942 0.017505
v -0.188287 -0.048839 0.013754
v -0.176493 -0.092168 0.026979
v -0.157917 -0.131956 0.039167
v -0.133271 -0.166673 0.049850
v -0.103505 -0.194984 0.058618
v -0.069760 -0.215803 0.065132
v -0.033335 -0.228328 0.069144
v 0.004371 -0.232079 0.070499
v 0.041910 -0.226911 0.069144
v 0.077837 -0.213023 0.065132
v 0.110774 -0.190948 0.058618
v 0.139453 -0.161536 0.049850
v 0.162774 -0.125916 0.039167
v 0.179839 -0.085457 0.026979
v 0.189993 -0.041714 0.013754
v -0.188192 -0.053871 0.009474
v -0.176307 -0.102039 0.018583
v -0.157647 -0.146286 0.026979
v -0.132928 -0.184911 0.034337
v -0.103101 -0.216431 0.040377
v -0.069311 -0.239633 0.044864
v -0.032858 -0.253626 0.047627
v 0.004857 -0.257872 0.048560
v 0.042386 -0.252208 0.047627
v 0.078286 -0.236852 0.044864
v 0.111178 -0.212395 0.040377
v 0.139797 -0.179774 0.034337
v 0.163044 -0.140246 0.026979
v 0.180025 -0.095327 0.018583
v 0.190088 -0.046746 0.009474
v -0.188134 -0.056970 0.004830
v -0.176193 -0.108117 0.009474
v -0.157480 -0.155110 0.013754
v -0.132716 -0.196143 0.017505
v -0.102852 -0.229637 0.020584
v -0.069035 -0.254307 0.022871
v -0.032565 -0.269204 0.024280
v 0.005156 -0.273755 0.024756
v 0.042680 -0.267787 0.024280
v 0.078563 -0.251527 0.022871
v 0.111427 -0.225601 0.020584
v 0.140008 -0.191006 0.017505
v 0.163210 -0.149070 0.013754
v 0.180139 -0.101406 0.009474
v 0.190146 -0.049844 0.004830
v -0.188114 -0.058016 -0.000000
v -0.176154 -0.110170 -0.000000
v -0.157424 -0.158090 -0.000000
v -0.132645 -0.199935 -0.000000
v -0.102768 -0.234097 -0.000000
v -0.068942 -0.259262 -0.000000
v -0.032466 -0.274464 -0.000000
v 0.005257 -0.279118 -0.000000
v 0.042779 -0.273047 -0.000000
v 0.078656 -0.256482 0.000000
v 0.111511 -0.230060 -0.000000
v 0.140080 -0.194798 0.000000
v 0.163266 -0.152050 0.000000
v 0.180178 -0.103458 0.000000
v 0.190166 -0.050891 0.000000
v -0.188134 -0.056970 -0.004830
v -0.176193 -0.108117 -0.009474
v -0.157480 -0.155110 -0.013754
v -0.132716 -0.196143 -0.017505
v -0.102852 -0.229637 -0.020584
v -0.069035 -0.254307 -0.022871
v -0.032565 -0.269204 -0.024280
v 0.005156 -0.273755 -0.024756
v 0.042680 -0.267787 -0.024280
v 0.078563 -0.251527 -0.022871
v 0.111427 -0.225601 -0.020584
v 0.140008 -0.191006 -0.017505
v 0.163210 -0.149070 -0.013754
v 0.180139 -0.101406 -0.009474
v 0.190146 -0.049844 -0.004830
v -0.188192 -0.053871 -0.009474
v -0.176307 -0.102039 -0.018583
v -0.157647 -0.146286 -0.026979
v -0.132928 -0.184911 -0.034337
v -0.103101 -0.216431 -0.040377
v -0.069311 -0.239633 -0.044864
v -0.032858 -0.253626 -0.047627
v 0.004857 -0.257872 -0.048560
v 0.042386 -0.252208 -0.047627
v 0.078286 -0.236852 -0.044864
v 0.111178 -0.212395 -0.040377
v 0.139797 -0.179774 -0.034337
v 0.163044 -0.140246 -0.026979
v 0.180025 -0.095327 -0.018583
v 0.190088 -0.046746 -0.009474
v -0.188287 -0.048839 -0.013754
v -0.176493 -0.092168 -0.026979
v -0.157917 -0.131956 -0.039167
v -0.133271 -0.166673 -0.049850
v -0.103505 -0.194984 -0.058618
v -0.069760 -0.215803 -0.065132
v -0.033335 -0.228328 -0.069144
v 0.004371 -0.232078 -0.070499
v 0.041910 -0.226911 -0.069144
v 0.077837 -0.213023 -0.065132
v 0.110774 -0.190948 -0.058618
v 0.139453 -0.161536 -0.049850
v 0.162774 -0.125916 -0.039167
v 0.179839 -0.085457 -0.026979
v 0.189993 -0.041714 -0.013754
v -0.188415 -0.042067 -0.017505
v -0.176743 -0.078885 -0.034337
v -0.158280 -0.112671 -0.049850
v -0.133734 -0.142128 -0.063447
v -0.104048 -0.166122 -0.074606
v -0.070364 -0.183733 -0.082898
v -0.033976 -0.194283 -0.088004
v 0.003717 -0.197366 -0.089728
v 0.041268 -0.192866 -0.088004
v 0.077233 -0.180953 -0.082898
v 0.110230 -0.162086 -0.074606
v 0.138991 -0.136991 -0.063447
v 0.162411 -0.106631 -0.049850
v 0.179589 -0.072173 -0.034337
v 0.189865 -0.034942 -0.017505
v -0.188570 -0.033815 -0.020584
v -0.177048 -0.062699 -0.040377
v -0.158722 -0.089172 -0.058618
v -0.134297 -0.112219 -0.074606
v -0.104711 -0.130954 -0.087727
v -0.071100 -0.144656 -0.097478
v -0.034758 -0.152799 -0.103482
v 0.002921 -0.155070 -0.105509
v 0.040487 -0.151382 -0.103482
v 0.076497 -0.141876 -0.097478
v 0.109568 -0.126918 -0.087727
v 0.138428 -0.107083 -0.074606
v 0.161968 -0.083132 -0.058618
v 0.179284 -0.055987 -0.040377
v 0.189710 -0.026690 -0.020584
v -0.188748 -0.024401 -0.022871
v -0.177396 -0.044232 -0.044864
v -0.159227 -0.062363 -0.065132
v -0.134940 -0.078097 -0.082898
v -0.105466 -0.090831 -0.097478
v -0.071940 -0.100073 -0.108311
v -0.035649 -0.105470 -0.114983
v 0.002012 -0.106814 -0.117235
v 0.039596 -0.104053 -0.114983
v 0.075658 -0.097293 -0.108311
v 0.108812 -0.086795 -0.097478
v 0.137785 -0.072960 -0.082898
v 0.161463 -0.056322 -0.065132
v 0.178936 -0.037520 -0.044864
v 0.189533 -0.017276 -0.022871
v -0.188940 -0.014186 -0.024280
v -0.177774 -0.024194 -0.047627
v -0.159775 -0.033273 -0.069144
v -0.135637 -0.041073 -0.088004
v -0.106286 -0.047294 -0.103482
v -0.072851 -0.051698 -0.114983
v -0.036616 -0.054116 -0.122065
v 0.001026 -0.054453 -0.124456
v 0.038628 -0.052698 -0.122065
v 0.074746 -0.048918 -0.114983
v 0.107992 -0.043258 -0.103482
v 0.137088 -0.035936 -0.088004
v 0.160915 -0.027232 -0.069144
v 0.178559 -0.017483 -0.047627
v 0.189340 -0.007061 -0.024280
v -0.189140 -0.003563 -0.024756
v -0.178166 -0.003356 -0.048560
v -0.160345 -0.003020 -0.070499
v -0.136362 -0.002568 -0.089728
v -0.107139 -0.002018 -0.105509
v -0.073799 -0.001390 -0.117235
v -0.037622 -0.000709 -0.124456
v 0.000000 0.000000 -0.126894
v 0.037622 0.000709 -0.124456
v 0.073799 0.001390 -0.117235
v 0.107139 0.002018 -0.105509
v 0.136362 0.002568 -0.089728
v 0.160345 0.003020 -0.070499
v 0.178166 0.003356 -0.048560
v 0.189140 0.003563 -0.024756
v -0.189340 0.007061 -0.024280
v -0.178559 0.017483 -0.047627
v -0.160915 0.027232 -0.069144
v -0.137088 0.035936 -0.088004
v -0.107992 0.043258 -0.103482
v -0.074746 0.048918 -0.114983
v -0.038628 0.052698 -0.122065
v -0.001026 0.054453 -0.124456
v 0.036616 0.054116 -0.122065
v 0.072851 0.051698 -0.114983
v 0.106286 0.047294 -0.103482
v 0.135637 0.041073 -0.088004
v 0.159775 0.033273 -0.069144
v 0.177774 0.024194 -0.047627
v 0.188940 0.014186 -0.024280
v -0.189533 0.017276 -0.022871
v -0.178936 0.037520 -0.044864
v -0.161463 0.056323 -0.065132
v -0.137785 0.072960 -0.082898
v -0.108812 0.086795 -0.097478
v -0.075658 0.097293 -0.108311
v -0.039596 0.104053 -0.114983
v -0.002012 0.106814 -0.117235
v 0.035649 0.105470 -0.114983
v 0.071940 0.100073 -0.108311
v 0.105466 0.090831 -0.097478
v 0.134940 0.078097 -0.082898
v 0.159227 0.062363 -0.065132
v 0.177396 0.044232 -0.044864
v 0.188748 0.024401 -0.022871
v -0.189710 0.026690 -0.020584
v -0.179284 0.055987 -0.040377
v -0.161968 0.083132 -0.058618
v -0.138428 0.107083 -0.074606
v -0.109568 0.126918 -0.087727
v -0.076497 0.141876 -0.097478
v -0.040487 0.151382 -0.103482
v -0.002921 0.155070 -0.105509
v 0.034758 0.152799 -0.103482
v 0.071100 0.144656 -0.097478
v 0.104711 0.130954 -0.087727
v 0.134297 0.112219 -0.074606
v 0.158722 0.089172 -0.058618
v 0.177048 0.062699 -0.040377
v 0.188570 0.033815 -0.020584
v -0.189865 0.034942 -0.017505
v -0.179589 0.072173 -0.034337
v -0.162410 0.106631 -0.049850
v -0.138991 0.136991 -0.063447
v -0.110230 0.162086 -0.074606
v -0.077233 0.180953 -0.082898
v -0.041268 0.192866 -0.088004
v -0.003717 0.197367 -0.089728
v 0.033976 0.194283 -0.088004
v 0.070364 0.183733 -0.082898
v 0.104048 0.166122 -0.074606
v 0.133734 0.142128 -0.063447
v 0.158280 0.112671 -0.049850
v 0.176743 0.078885 -0.034337
v 0.188415 0.042067 -0.017505
v -0.189993 0.041714 -0.013754
v -0.179839 0.085457 -0.026979
v -0.162774 0.125916 -0.039167
v -0.139453 0.161536 -0.049850
v -0.110774 0.190948 -0.058618
v -0.077837 0.213023 -0.065132
v -0.041910 0.226911 -0.069144
v -0.004371 0.232078 -0.070499
v 0.033335 0.228328 -0.069144
v 0.069760 0.215803 -0.065132
v 0.103505 0.194984 -0.058618
v 0.133271 0.166673 -0.049850
v 0.157917 0.131956 -0.039167
v 0.176493 0.092168 -0.026979
v 0.188287 0.048839 -0.013754
v -0.190088 0.046746 -0.009474
v -0.180025 0.095327 -0.018583
v -0.163044 0.140246 -0.026979
v -0.139797 0.179774 -0.034337
v -0.111178 0.212395 -0.040377
v -0.078286 0.236852 -0.044864
v -0.042386 0.252208 -0.047627
v -0.004857 0.257872 -0.048560
v 0.032858 0.253625 -0.047627
v 0.069311 0.239633 -0.044864
v 0.103101 0.216431 -0.040376
v 0.132928 0.184911 -0.034337
v 0.157647 0.146286 -0.026979
v 0.176307 0.102039 -0.018583
v 0.188192 0.053871 -0.009474
v -0.190146 0.049844 -0.004830
v -0.180139 0.101406 -0.009474
v -0.163210 0.149070 -0.013754
v -0.140008 0.191006 -0.017505
v -0.111427 0.225601 -0.020584
v -0.078563 0.251527 -0.022871
v -0.042680 0.267786 -0.024280
v -0.005156 0.273755 -0.024756
v 0.032565 0.269204 -0.024280
v 0.069035 0.254307 -0.022871
v 0.102852 0.229637 -0.020584
v 0.132716 0.196143 -0.017505
v 0.157480 0.155110 -0.013754
v 0.176193 0.108117 -0.009474
v 0.188134 0.056970 -0.004830
v -0.190166 0.050891 -0.000000
v -0.180178 0.103458 -0.000000
v -0.163266 0.152050 0.000000
v -0.140080 0.194798 -0.000000
v -0.111511 0.230060 0.000000
v -0.078656 0.256482 -0.000000
v -0.042779 0.273047 0.000000
v -0.005257 0.279118 0.000000
v 0.032466 0.274464 0.000000
v 0.068942 0.259262 0.000000
v 0.102768 0.234096 0.000000
v 0.132645 0.199935 0.000000
v 0.157424 0.158090 0.000000
v 0.176154 0.110170 0.000000
v 0.188114 0.058016 0.000000
v -0.190146 0.049844 0.004830
v -0.180139 0.101406 0.009474
v -0.163210 0.149070 0.013754
v -0.140008 0.191006 0.017505
v -0.111427 0.225601 0.020584
v -0.078563 0.251527 0.022871
v -0.042680 0.267786 0.024280
v -0.005156 0.273755 0.024756
v 0.032565 0.269204 0.024280
v 0.069035 0.254307 0.022871
v 0.102852 0.229637 0.020584
v 0.132716 0.196143 0.017505
v 0.157480 0.155110 0.013754
v 0.176193 0.108117 0.009474
v 0.188134 0.056970 0.004830
v -0.190088 0.046746 0.009474
v -0.180025 0.095327 0.018583
v -0.163044 0.140246 0.026979
v -0.139797 0.179774 0.034337
v -0.111178 0.212394 0.040377
v -0.078286 0.236852 0.044864
v -0.042386 0.252208 0.047627
v -0.004857 0.257872 0.048560
v 0.032858 0.253625 0.047627
v 0.069311 0.239632 0.044864
v 0.103101 0.216431 0.040377
v 0.132928 0.184911 0.034337
v 0.157647 0.146286 0.026979
v 0.176307 0.102039 0.018583
v 0.188192 0.053871 0.009474
v -0.189993 0.041714 0.013754
v -0.179839 0.085457 0.026979
v -0.162774 0.125916 0.039167
v -0.139453 0.161536 0.049850
v -0.110774 0.190948 0.058618
v -0.077837 0.213022 0.065132
v -0.041910 0.226910 0.069144
v -0.004371 0.232078 0.070499
v 0.033335 0.228328 0.069144
v 0.069760 0.215803 0.065132
v 0.103505 0.194984 0.058618
v 0.133271 0.166673 0.049850
v 0.157917 0.131956 0.039167
v 0.176493 0.092168 0.026979
v 0.188287 0.048839 0.013754
v -0.189865 0.034942 0.017505
v -0.179589 0.072173 0.034337
v -0.162411 0.106631 0.049850
v -0.138991 0.136991 0.063447
v -0.110230 0.162086 0.074606
v -0.077233 0.180953 0.082898
v -0.041268 0.192865 0.088004
v -0.003717 0.197366 0.089728
v 0.033976 0.194283 0.088004
v 0.070364 0.183733 0.082898
v 0.104048 0.166122 0.074606
v 0.133734 0.142128 0.063447
v 0.158280 0.112671 0.049850
v 0.176743 0.078885 0.034337
v 0.188415 0.042067 0.017505
v -0.189710 0.026690 0.020584
v -0.179284 0.055987 0.040376
v -0.161968 0.083132 0.058618
v -0.138428 0.107083 0.074606
v -0.109568 0.126918 0.087727
v -0.076497 0.141876 0.097478
v -0.040487 0.151382 0.103482
v -0.002921 0.155070 0.105509
v 0.034758 0.152799 0.103482
v 0.071100 0.144656 0.097478
v 0.104711 0.130954 0.087727
v 0.134297 0.112219 0.074606
v 0.158722 0.089172 0.058618
v 0.177048 0.062698 0.040377
v 0.188570 0.033815 0.020584
v -0.189533 0.017276 0.022871
v -0.178936 0.037520 0.044864
v -0.161463 0.056322 0.065132
v -0.137785 0.072960 0.082898
v -0.108812 0.086794 0.097478
v -0.075658 0.097293 0.108311
v -0.039596 0.104053 0.114983
v -0.002012 0.106814 0.117235
v 0.035649 0.105470 0.114983
v 0.071940 0.100073 0.108311
v 0.105466 0.090831 0.097478
v 0.134940 0.078097 0.082898
v 0.159227 0.062363 0.065132
v 0.177396 0.044232 0.044864
v 0.188748 0.024401 0.022871
v -0.189340 0.007061 0.024280
v -0.178559 0.017483 0.047627
v -0.160915 0.027232 0.069144
v -0.137088 0.035936 0.088004
v -0.107992 0.043258 0.103482
v -0.074746 0.048918 0.114983
v -0.038628 0.052698 0.122065
v -0.001026 0.054453 0.124456
v 0.036616 0.054116 0.122065
v 0.072851 0.051698 0.114983
v 0.106286 0.047294 0.103482
v 0.135637 0.041073 0.088004
v 0.159775 0.033273 0.069144
v 0.177774 0.024194 0.047627
v 0.188940 0.014186 0.024280
v -0.189140 -0.003563 0.024756
v -0.178166 -0.003356 0.048560
v -0.136362 -0.002568 0.089728
v -0.073799 -0.001390 0.117235
v 0.073799 0.001390 0.117235
v 0.136362 0.002568 0.089728
v 0.160345 0.003020 0.070499
v 0.178166 0.003356 0.048560
v 0.189140 0.003563 0.024756
v -0.137022 -0.002581 -0.124357
v -0.113929 -0.002146 -0.114487
v -0.076125 -0.001434 -0.109585
v -0.026732 -0.000504 -0.106933
v 0.000000 0.000000 -0.106591
v 0.026732 0.000504 -0.106933
v 0.076125 0.001434 -0.109585
v 0.137022 0.002581 -0.124357
v -0.134273 -0.008712 -0.120957
v -0.126363 -0.014509 -0.117689
v -0.113598 -0.019747 -0.114676
v -0.096467 -0.024227 -0.112036
v -0.075629 -0.027776 -0.109869
v -0.051885 -0.030258 -0.108259
v -0.026146 -0.031577 -0.107268
v 0.000597 -0.031682 -0.106933
v 0.027317 -0.030570 -0.107268
v 0.052987 -0.028283 -0.108259
v 0.076621 -0.024909 -0.109869
v 0.097311 -0.020578 -0.112036
v 0.114261 -0.015456 -0.114676
v 0.126820 -0.009740 -0.117689
v 0.134505 -0.003650 -0.120957
v -0.134161 -0.014655 -0.121155
v -0.126144 -0.026167 -0.118076
v -0.113279 -0.036673 -0.115238
v -0.096061 -0.045769 -0.112751
v -0.075152 -0.053107 -0.110710
v -0.051355 -0.058403 -0.109193
v -0.025584 -0.061456 -0.108259
v 0.001171 -0.062146 -0.107944
v 0.027880 -0.060449 -0.108259
v 0.053517 -0.056428 -0.109193
v 0.077099 -0.050239 -0.110710
v 0.097717 -0.042119 -0.112751
v 0.114580 -0.032381 -0.115238
v 0.127040 -0.021398 -0.118076
v 0.134617 -0.009593 -0.121155
v -0.134057 -0.020133 -0.121475
v -0.125941 -0.036911 -0.118704
v -0.112985 -0.052271 -0.116150
v -0.095687 -0.065622 -0.113912
v -0.074712 -0.076451 -0.112075
v -0.050866 -0.084342 -0.110710
v -0.025065 -0.088992 -0.109869
v 0.001699 -0.090223 -0.109585
v 0.028398 -0.087985 -0.109869
v 0.054006 -0.082367 -0.110710
v 0.077538 -0.073583 -0.112075
v 0.098091 -0.061972 -0.113912
v 0.114874 -0.047979 -0.116150
v 0.127242 -0.032142 -0.118704
v 0.134721 -0.015070 -0.121475
v -0.133967 -0.024934 -0.121906
v -0.125764 -0.046329 -0.119549
v -0.112728 -0.065943 -0.117378
v -0.095360 -0.083023 -0.115474
v -0.074327 -0.096913 -0.113912
v -0.050438 -0.107078 -0.112751
v -0.024610 -0.113129 -0.112036
v 0.002163 -0.114831 -0.111795
v 0.028853 -0.112122 -0.112036
v 0.054434 -0.105103 -0.112751
v 0.077924 -0.094045 -0.113912
v 0.098418 -0.079373 -0.115474
v 0.115131 -0.061651 -0.117378
v 0.127419 -0.041560 -0.119549
v 0.134811 -0.019871 -0.121906
v -0.133893 -0.028874 -0.122431
v -0.125618 -0.054057 -0.120580
v -0.112516 -0.077163 -0.118873
v -0.095091 -0.097304 -0.117378
v -0.074011 -0.113705 -0.116150
v -0.050086 -0.125737 -0.115238
v -0.024237 -0.132937 -0.114676
v 0.002543 -0.135028 -0.114487
v 0.029226 -0.131930 -0.114676
v 0.054786 -0.123762 -0.115238
v 0.078240 -0.110837 -0.116150
v 0.098687 -0.093654 -0.117378
v 0.115342 -0.072871 -0.118873
v 0.127565 -0.049288 -0.120580
v 0.134885 -0.023811 -0.122431
v -0.133838 -0.031802 -0.123030
v -0.125510 -0.059800 -0.121755
v -0.112359 -0.085501 -0.120580
v -0.094891 -0.107915 -0.119549
v -0.073776 -0.126183 -0.118704
v -0.049825 -0.139601 -0.118076
v -0.023960 -0.147655 -0.117689
v 0.002826 -0.150035 -0.117558
v 0.029503 -0.146648 -0.117689
v 0.055047 -0.137626 -0.118076
v 0.078475 -0.123315 -0.118704
v 0.098887 -0.104265 -0.119549
v 0.115500 -0.081209 -0.120580
v 0.127673 -0.055031 -0.121755
v 0.134940 -0.026739 -0.123030
v -0.133804 -0.033604 -0.123681
v -0.125444 -0.063337 -0.123030
v -0.112263 -0.090635 -0.122431
v -0.094768 -0.114450 -0.121906
v -0.073631 -0.133867 -0.121475
v -0.049664 -0.148139 -0.121155
v -0.023789 -0.156719 -0.120957
v 0.003000 -0.159276 -0.120891
v 0.029674 -0.155712 -0.120957
v 0.055208 -0.146164 -0.121155
v 0.078620 -0.130999 -0.121475
v 0.099010 -0.110800 -0.121906
v 0.115596 -0.086343 -0.122431
v 0.127740 -0.058568 -0.123030
v 0.134974 -0.028542 -0.123680
v -0.133792 -0.034213 -0.124357
v -0.125421 -0.064531 -0.124357
v -0.112230 -0.092368 -0.124357
v -0.094726 -0.116656 -0.124357
v -0.073582 -0.136461 -0.124357
v -0.049610 -0.151022 -0.124357
v -0.023732 -0.159779 -0.124357
v 0.003059 -0.162396 -0.124357
v 0.029732 -0.158772 -0.124357
v 0.055262 -0.149047 -0.124357
v 0.078669 -0.133594 -0.124357
v 0.099052 -0.113007 -0.124357
v 0.115629 -0.088077 -0.124357
v 0.127762 -0.059762 -0.124357
v 0.134986 -0.029151 -0.124357
v -0.133804 -0.033604 -0.125033
v -0.125444 -0.063337 -0.125683
v -0.112263 -0.090635 -0.126282
v -0.094768 -0.114450 -0.126807
v -0.073631 -0.133867 -0.127238
v -0.049664 -0.148139 -0.127559
v -0.023789 -0.156719 -0.127756
v 0.003000 -0.159276 -0.127822
v 0.029674 -0.155712 -0.127756
v 0.055208 -0.146164 -0.127559
v 0.078620 -0.130999 -0.127238
v 0.099010 -0.110800 -0.126807
v 0.115596 -0.086343 -0.126282
v 0.127740 -0.058568 -0.125683
v 0.134974 -0.028542 -0.125033
v -0.133838 -0.031802 -0.125683
v -0.125510 -0.059800 -0.126958
v -0.112359 -0.085501 -0.128134
v -0.094891 -0.107915 -0.129164
v -0.073776 -0.126183 -0.130009
v -0.049825 -0.139601 -0.130638
v -0.023960 -0.147655 -0.131024
v 0.002826 -0.150034 -0.131155
v 0.029503 -0.146648 -0.131024
v 0.055047 -0.137626 -0.130638
v 0.078475 -0.123315 -0.130009
v 0.098887 -0.104265 -0.129164
v 0.115500 -0.081209 -0.128134
v 0.127673 -0.055031 -0.126958
v 0.134940 -0.026739 -0.125683
v -0.133893 -0.028874 -0.126282
v -0.125618 -0.054057 -0.128134
v -0.112516 -0.077163 -0.129840
v -0.095091 -0.097304 -0.131336
v -0.074011 -0.113705 -0.132563
v -0.050086 -0.125737 -0.133475
v -0.024237 -0.132936 -0.134037
v 0.002543 -0.135027 -0.134226
v 0.029226 -0.131929 -0.134037
v 0.054786 -0.123762 -0.133475
v 0.078240 -0.110837 -0.132563
v 0.098687 -0.093654 -0.131336
v 0.115342 -0.072871 -0.129840
v 0.127565 -0.049288 -0.128134
v 0.134885 -0.023811 -0.126282
v -0.133967 -0.024934 -0.126807
v -0.125764 -0.046329 -0.129164
v -0.112728 -0.065943 -0.131336
v -0.095360 -0.083023 -0.133239
v -0.074327 -0.096913 -0.134802
v -0.050438 -0.107078 -0.135962
v -0.024610 -0.113128 -0.136677
v 0.002163 -0.114831 -0.136919
v 0.028853 -0.112121 -0.136677
v 0.054434 -0.105103 -0.135962
v 0.077924 -0.094045 -0.134802
v 0.098418 -0.079373 -0.133239
v 0.115131 -0.061651 -0.131336
v 0.127419 -0.041560 -0.129164
v 0.134811 -0.019871 -0.126807
v -0.134057 -0.020133 -0.127238
v -0.125941 -0.036911 -0.130009
v -0.112985 -0.052271 -0.132563
v -0.095687 -0.065622 -0.134802
v -0.074712 -0.076451 -0.136639
v -0.050866 -0.084342 -0.138004
v -0.025065 -0.088992 -0.138844
v 0.001699 -0.090222 -0.139128
v 0.028398 -0.087985 -0.138844
v 0.054006 -0.082367 -0.138004
v 0.077538 -0.073583 -0.136639
v 0.098091 -0.061972 -0.134801
v 0.114874 -0.047979 -0.132563
v 0.127242 -0.032142 -0.130009
v 0.134721 -0.015070 -0.127238
v -0.134161 -0.014655 -0.127559
v -0.126144 -0.026167 -0.130638
v -0.113279 -0.036673 -0.133475
v -0.096061 -0.045769 -0.135962
v -0.075152 -0.053107 -0.138004
v -0.051355 -0.058403 -0.139520
v -0.025584 -0.061456 -0.140454
v 0.001171 -0.062146 -0.140770
v 0.027880 -0.060449 -0.140454
v 0.053517 -0.056428 -0.139520
v 0.077099 -0.050239 -0.138004
v 0.097717 -0.042119 -0.135962
v 0.114580 -0.032381 -0.133475
v 0.127040 -0.021398 -0.130638
v 0.134617 -0.009593 -0.127559
v -0.134273 -0.008712 -0.127756
v -0.126363 -0.014509 -0.131025
v -0.113598 -0.019747 -0.134037
v -0.096467 -0.024227 -0.136677
v -0.075629 -0.027776 -0.138844
v -0.051885 -0.030258 -0.140454
v -0.026146 -0.031577 -0.141446
v 0.000597 -0.031682 -0.141781
v 0.027317 -0.030570 -0.141446
v 0.052987 -0.028283 -0.140454
v 0.076621 -0.024909 -0.138844
v 0.097311 -0.020578 -0.136677
v 0.114261 -0.015456 -0.134037
v 0.126820 -0.009740 -0.131024
v 0.134505 -0.003650 -0.127756
v -0.134389 -0.002531 -0.127823
v -0.126592 -0.002384 -0.131155
v -0.113929 -0.002146 -0.134227
v -0.096889 -0.001825 -0.136919
v -0.076125 -0.001434 -0.139128
v -0.052436 -0.000988 -0.140770
v -0.026732 -0.000503 -0.141781
v 0.000000 0.000000 -0.142122
v 0.026732 0.000504 -0.141781
v 0.052436 0.000988 -0.140770
v 0.076125 0.001434 -0.139128
v 0.096889 0.001825 -0.136919
v 0.113930 0.002146 -0.134226
v 0.126592 0.002384 -0.131155
v 0.134389 0.002531 -0.127822
v -0.134505 0.003650 -0.127756
v -0.126820 0.009740 -0.131025
v -0.114261 0.015456 -0.134037
v -0.097311 0.020578 -0.136677
v -0.076621 0.024909 -0.138844
v -0.052987 0.028283 -0.140454
v -0.027317 0.030570 -0.141446
v -0.000597 0.031682 -0.141781
v 0.026146 0.031577 -0.141446
v 0.051885 0.030258 -0.140454
v 0.075629 0.027776 -0.138844
v 0.096467 0.024227 -0.136677
v 0.113598 0.019747 -0.134037
v 0.126363 0.014509 -0.131024
v 0.134273 0.008712 -0.127756
v -0.134617 0.009593 -0.127559
v -0.127040 0.021398 -0.130638
v -0.114580 0.032381 -0.133475
v -0.097717 0.042119 -0.135962
v -0.077099 0.050239 -0.138004
v -0.053517 0.056428 -0.139520
v -0.027880 0.060449 -0.140454
v -0.001171 0.062146 -0.140770
v 0.025584 0.061456 -0.140454
v 0.051355 0.058403 -0.139520
v 0.075152 0.053107 -0.138004
v 0.096061 0.045769 -0.135962
v 0.113279 0.036673 -0.133475
v 0.126144 0.026167 -0.130638
v 0.134161 0.014655 -0.127559
v -0.134721 0.015070 -0.127238
v -0.127242 0.032142 -0.130009
v -0.114874 0.047979 -0.132563
v -0.098091 0.061972 -0.134802
v -0.077538 0.073583 -0.136639
v -0.054006 0.082367 -0.138004
v -0.028398 0.087985 -0.138844
v -0.001699 0.090222 -0.139128
v 0.025065 0.088992 -0.138844
v 0.050866 0.084342 -0.138004
v 0.074712 0.076451 -0.136639
v 0.095687 0.065622 -0.134801
v 0.112985 0.052271 -0.132563
v 0.125941 0.036911 -0.130009
v 0.134057 0.020133 -0.127238
v -0.134811 0.019871 -0.126807
v -0.127419 0.041560 -0.129164
v -0.115131 0.061651 -0.131336
v -0.098418 0.079373 -0.133239
v -0.077924 0.094045 -0.134802
v -0.054434 0.105103 -0.135962
v -0.028853 0.112122 -0.136677
v -0.002163 0.114831 -0.136919
v 0.024610 0.113129 -0.136677
v 0.050438 0.107078 -0.135962
v 0.074327 0.096913 -0.134802
v 0.095360 0.083023 -0.133239
v 0.112728 0.065943 -0.131336
v 0.125764 0.046329 -0.129164
v 0.133967 0.024934 -0.126807
v -0.134885 0.023811 -0.126282
v -0.127565 0.049288 -0.128134
v -0.115342 0.072871 -0.129840
v -0.098687 0.093654 -0.131336
v -0.078240 0.110837 -0.132563
v -0.054786 0.123761 -0.133475
v -0.029226 0.131929 -0.134037
v -0.002543 0.135027 -0.134226
v 0.024237 0.132936 -0.134037
v 0.050086 0.125737 -0.133475
v 0.074011 0.113705 -0.132563
v 0.095091 0.097304 -0.131336
v 0.112517 0.077163 -0.129840
v 0.125618 0.054057 -0.128134
v 0.133893 0.028874 -0.126282
v -0.134940 0.026739 -0.125683
v -0.127673 0.055031 -0.126958
v -0.115500 0.081209 -0.128134
v -0.098887 0.104265 -0.129164
v -0.078475 0.123315 -0.130009
v -0.055047 0.137626 -0.130638
v -0.029503 0.146648 -0.131024
v -0.002826 0.150034 -0.131155
v 0.023960 0.147655 -0.131024
v 0.049825 0.139601 -0.130638
v 0.073776 0.126183 -0.130009
v 0.094891 0.107915 -0.129164
v 0.112359 0.085501 -0.128134
v 0.125510 0.059800 -0.126958
v 0.133838 0.031802 -0.125683
v -0.134974 0.028542 -0.125033
v -0.127740 0.058568 -0.125683
v -0.115596 0.086343 -0.126282
v -0.099010 0.110800 -0.126807
v -0.078620 0.130999 -0.127238
v -0.055208 0.146164 -0.127559
v -0.029674 0.155712 -0.127756
v -0.003000 0.159276 -0.127822
v 0.023789 0.156719 -0.127756
v 0.049664 0.148139 -0.127559
v 0.073631 0.133867 -0.127238
v 0.094768 0.114450 -0.126807
v 0.112263 0.090635 -0.126282
v 0.125444 0.063337 -0.125683
v 0.133804 0.033604 -0.125033
v -0.134986 0.029151 -0.124357
v -0.127762 0.059762 -0.124357
v -0.115629 0.088077 -0.124357
v -0.099052 0.113006 -0.124357
v -0.078669 0.133594 -0.124357
v -0.055262 0.149047 -0.124357
v -0.029732 0.158772 -0.124357
v -0.003059 0.162396 -0.124357
v 0.023732 0.159779 -0.124357
v 0.049610 0.151022 -0.124357
v 0.073582 0.136461 -0.124357
v 0.094726 0.116656 -0.124357
v 0.112230 0.092368 -0.124357
v 0.125421 0.064531 -0.124357
v 0.133792 0.034213 -0.124357
v -0.134974 0.028542 -0.123681
v -0.127740 0.058568 -0.123030
v -0.115596 0.086343 -0.122431
v -0.099010 0.110800 -0.121906
v -0.078620 0.130999 -0.121475
v -0.055208 0.146164 -0.121155
v -0.029674 0.155712 -0.120957
v -0.003000 0.159276 -0.120891
v 0.023789 0.156719 -0.120957
v 0.049664 0.148139 -0.121155
v 0.073631 0.133867 -0.121475
v 0.094768 0.114450 -0.121906
v 0.112263 0.090635 -0.122431
v 0.125444 0.063337 -0.123030
v 0.133804 0.033604 -0.123680
v -0.134940 0.026739 -0.123030
v -0.127673 0.055031 -0.121755
v -0.115500 0.081209 -0.120580
v -0.098887 0.104265 -0.119549
v -0.078475 0.123315 -0.118704
v -0.055047 0.137626 -0.118076
v -0.029503 0.146648 -0.117689
v -0.002826 0.150034 -0.117558
v 0.023960 0.147655 -0.117689
v 0.049825 0.139601 -0.118076
v 0.073776 0.126183 -0.118704
v 0.094891 0.107915 -0.119549
v 0.112359 0.085501 -0.120580
v 0.125510 0.059800 -0.121755
v 0.133838 0.031802 -0.123030
v -0.134885 0.023811 -0.122431
v -0.127565 0.049288 -0.120580
v -0.115342 0.072871 -0.118873
v -0.098687 0.093654 -0.117378
v -0.078240 0.110837 -0.116150
v -0.054786 0.123761 -0.115238
v -0.029226 0.131929 -0.114676
v -0.002543 0.135027 -0.114487
v 0.024237 0.132936 -0.114676
v 0.050086 0.125737 -0.115238
v 0.074011 0.113705 -0.116150
v 0.095091 0.097304 -0.117378
v 0.112517 0.077163 -0.118873
v 0.125618 0.054057 -0.120580
v 0.133893 0.028874 -0.122431
v -0.134811 0.019871 -0.121906
v -0.127419 0.041560 -0.119549
v -0.115131 0.061651 -0.117378
v -0.098418 0.079373 -0.115474
v -0.077924 0.094045 -0.113912
v -0.054434 0.105103 -0.112751
v -0.028853 0.112121 -0.112036
v -0.002163 0.114831 -0.111795
v 0.024610 0.113128 -0.112036
v 0.050438 0.107078 -0.112751
v 0.074327 0.096913 -0.113912
v 0.095360 0.083023 -0.115474
v 0.112728 0.065943 -0.117378
v 0.125764 0.046328 -0.119549
v 0.133967 0.024934 -0.121906
v -0.134721 0.015070 -0.121475
v -0.127242 0.032142 -0.118704
v -0.114874 0.047979 -0.116150
v -0.098091 0.061972 -0.113912
v -0.077538 0.073583 -0.112075
v -0.054006 0.082367 -0.110710
v -0.028398 0.087985 -0.109869
v -0.001699 0.090222 -0.109585
v 0.025065 0.088992 -0.109869
v 0.050866 0.084342 -0.110710
v 0.074712 0.076451 -0.112075
v 0.095687 0.065622 -0.113912
v 0.112985 0.052271 -0.116150
v 0.125941 0.036911 -0.118704
v 0.134057 0.020133 -0.121475
v -0.134617 0.009593 -0.121155
v -0.127040 0.021398 -0.118076
v -0.114580 0.032381 -0.115238
v -0.097717 0.042119 -0.112751
v -0.077099 0.050239 -0.110710
v -0.053517 0.056428 -0.109193
v -0.027880 0.060449 -0.108259
v -0.001171 0.062146 -0.107944
v 0.025584 0.061456 -0.108259
v 0.051355 0.058403 -0.109193
v 0.075152 0.053107 -0.110710
v 0.096061 0.045769 -0.112751
v 0.113279 0.036673 -0.115238
v 0.126144 0.026167 -0.118076
v 0.134161 0.014655 -0.121155
v -0.134505 0.003650 -0.120957
v -0.126820 0.009740 -0.117689
v -0.114261 0.015456 -0.114676
v -0.097311 0.020578 -0.112036
v -0.076621 0.024909 -0.109869
v -0.052987 0.028283 -0.108259
v -0.027317 0.030570 -0.107268
v -0.000597 0.031682 -0.106933
v 0.026146 0.031577 -0.107268
v 0.051885 0.030258 -0.108259
v 0.075629 0.027776 -0.109869
v 0.096467 0.024227 -0.112036
v 0.113598 0.019747 -0.114676
v 0.126363 0.014509 -0.117689
v 0.134273 0.008712 -0.120957
v -0.134389 -0.002531 -0.120891
v -0.126592 -0.002384 -0.117558
v -0.096889 -0.001825 -0.111795
v -0.052436 -0.000988 -0.107944
v 0.052436 0.000988 -0.107944
v 0.096889 0.001825 -0.111795
v 0.113929 0.002146 -0.114487
v 0.126592 0.002384 -0.117558
v 0.134389 0.002531 -0.120891
v -0.101498 -0.001912 -0.143137
v -0.084392 -0.001590 -0.136087
v -0.056389 -0.001062 -0.132586
v -0.019801 -0.000373 -0.130691
v 0.000000 0.000000 -0.130448
v 0.019801 0.000373 -0.130691
v 0.056389 0.001062 -0.132586
v 0.101498 0.001912 -0.143137
v -0.099527 -0.002937 -0.140709
v -0.093732 -0.003850 -0.138374
v -0.084335 -0.004615 -0.136223
v -0.071697 -0.005202 -0.134337
v -0.056304 -0.005590 -0.132789
v -0.038747 -0.005762 -0.131639
v -0.019701 -0.005714 -0.130931
v 0.000103 -0.005445 -0.130691
v 0.019902 -0.004968 -0.130931
v 0.038936 -0.004299 -0.131639
v 0.056474 -0.003466 -0.132789
v 0.071842 -0.002499 -0.134337
v 0.084449 -0.001436 -0.136223
v 0.093811 -0.000318 -0.138374
v 0.099567 0.000813 -0.140709
v -0.099508 -0.003959 -0.140850
v -0.093695 -0.005854 -0.138651
v -0.084280 -0.007524 -0.136624
v -0.071627 -0.008905 -0.134847
v -0.056222 -0.009943 -0.133389
v -0.038656 -0.010600 -0.132306
v -0.019604 -0.010849 -0.131639
v 0.000201 -0.010681 -0.131414
v 0.019999 -0.010103 -0.131639
v 0.039027 -0.009137 -0.132306
v 0.056556 -0.007819 -0.133389
v 0.071912 -0.006201 -0.134847
v 0.084504 -0.004345 -0.136624
v 0.093849 -0.002321 -0.138651
v 0.099587 -0.000209 -0.140850
v -0.099490 -0.004900 -0.141079
v -0.093660 -0.007701 -0.139099
v -0.084230 -0.010205 -0.137275
v -0.071563 -0.012317 -0.135676
v -0.056146 -0.013956 -0.134364
v -0.038572 -0.015058 -0.133389
v -0.019515 -0.015582 -0.132789
v 0.000292 -0.015507 -0.132586
v 0.020088 -0.014836 -0.132789
v 0.039111 -0.013595 -0.133389
v 0.056632 -0.011831 -0.134364
v 0.071976 -0.009613 -0.135676
v 0.084554 -0.007026 -0.137275
v 0.093883 -0.004168 -0.139099
v 0.099604 -0.001150 -0.141079
v -0.099475 -0.005725 -0.141387
v -0.093629 -0.009319 -0.139703
v -0.084186 -0.012555 -0.138152
v -0.071507 -0.015308 -0.136792
v -0.056080 -0.017473 -0.135676
v -0.038498 -0.018966 -0.134847
v -0.019437 -0.019730 -0.134337
v 0.000372 -0.019737 -0.134164
v 0.020166 -0.018984 -0.134337
v 0.039185 -0.017503 -0.134847
v 0.056698 -0.015348 -0.135676
v 0.072033 -0.012604 -0.136792
v 0.084599 -0.009376 -0.138152
v 0.093914 -0.005787 -0.139703
v 0.099620 -0.001975 -0.141387
v -0.099462 -0.006403 -0.141762
v -0.093604 -0.010647 -0.140439
v -0.084149 -0.014483 -0.139220
v -0.071461 -0.017762 -0.138152
v -0.056026 -0.020359 -0.137275
v -0.038438 -0.022173 -0.136624
v -0.019372 -0.023135 -0.136223
v 0.000437 -0.023208 -0.136087
v 0.020230 -0.022389 -0.136223
v 0.039245 -0.020710 -0.136624
v 0.056753 -0.018235 -0.137275
v 0.072079 -0.015059 -0.138152
v 0.084635 -0.011304 -0.139220
v 0.093939 -0.007115 -0.140439
v 0.099633 -0.002653 -0.141762
v -0.099453 -0.006906 -0.142190
v -0.093586 -0.011635 -0.141279
v -0.084122 -0.015916 -0.140439
v -0.071426 -0.019586 -0.139703
v -0.055985 -0.022503 -0.139099
v -0.038393 -0.024556 -0.138651
v -0.019325 -0.025665 -0.138374
v 0.000486 -0.025787 -0.138281
v 0.020278 -0.024919 -0.138374
v 0.039290 -0.023093 -0.138651
v 0.056793 -0.020379 -0.139099
v 0.072113 -0.016882 -0.139703
v 0.084662 -0.012737 -0.140439
v 0.093957 -0.008102 -0.141279
v 0.099642 -0.003156 -0.142190
v -0.099447 -0.007216 -0.142654
v -0.093574 -0.012242 -0.142190
v -0.084106 -0.016799 -0.141762
v -0.071405 -0.020709 -0.141387
v -0.055960 -0.023824 -0.141079
v -0.038365 -0.026023 -0.140850
v -0.019295 -0.027222 -0.140709
v 0.000516 -0.027376 -0.140661
v 0.020307 -0.026477 -0.140709
v 0.039318 -0.024560 -0.140850
v 0.056818 -0.021700 -0.141079
v 0.072134 -0.018006 -0.141387
v 0.084679 -0.013619 -0.141762
v 0.093969 -0.008710 -0.142190
v 0.099648 -0.003466 -0.142654
v -0.099445 -0.007320 -0.143137
v -0.093570 -0.012448 -0.143137
v -0.084100 -0.017097 -0.143137
v -0.071398 -0.021088 -0.143137
v -0.055952 -0.024270 -0.143137
v -0.038356 -0.026519 -0.143137
v -0.019286 -0.027748 -0.143137
v 0.000526 -0.027912 -0.143137
v 0.020317 -0.027003 -0.143137
v 0.039327 -0.025056 -0.143137
v 0.056826 -0.022146 -0.143137
v 0.072141 -0.018385 -0.143137
v 0.084684 -0.013917 -0.143137
v 0.093973 -0.008915 -0.143137
v 0.099650 -0.003570 -0.143137
v -0.099447 -0.007216 -0.143620
v -0.093574 -0.012242 -0.144084
v -0.084106 -0.016799 -0.144512
v -0.071405 -0.020709 -0.144888
v -0.055960 -0.023824 -0.145195
v -0.038365 -0.026023 -0.145424
v -0.019295 -0.027222 -0.145565
v 0.000516 -0.027376 -0.145613
v 0.020307 -0.026477 -0.145565
v 0.039318 -0.024560 -0.145424
v 0.056818 -0.021700 -0.145195
v 0.072134 -0.018006 -0.144888
v 0.084679 -0.013619 -0.144512
v 0.093969 -0.008710 -0.144084
v 0.099648 -0.003466 -0.143620
v -0.099453 -0.006906 -0.144084
v -0.093586 -0.011635 -0.144995
v -0.084122 -0.015916 -0.145835
v -0.071426 -0.019586 -0.146571
v -0.055985 -0.022503 -0.147175
v -0.038393 -0.024556 -0.147623
v -0.019325 -0.025665 -0.147900
v 0.000486 -0.025787 -0.147993
v 0.020278 -0.024919 -0.147900
v 0.039290 -0.023093 -0.147623
v 0.056793 -0.020379 -0.147175
v 0.072113 -0.016882 -0.146571
v 0.084662 -0.012737 -0.145835
v 0.093957 -0.008102 -0.144995
v 0.099642 -0.003156 -0.144084
v -0.099462 -0.006403 -0.144512
v -0.093604 -0.010647 -0.145835
v -0.084149 -0.014483 -0.147054
v -0.071461 -0.017762 -0.148122
v -0.056026 -0.020359 -0.148999
v -0.038438 -0.022173 -0.149650
v -0.019372 -0.023135 -0.150051
v 0.000437 -0.023208 -0.150187
v 0.020230 -0.022389 -0.150051
v 0.039245 -0.020710 -0.149650
v 0.056753 -0.018235 -0.148999
v 0.072079 -0.015059 -0.148122
v 0.084635 -0.011304 -0.147054
v 0.093939 -0.007115 -0.145835
v 0.099633 -0.002653 -0.144512
v -0.099475 -0.005725 -0.144888
v -0.093629 -0.009319 -0.146571
v -0.084186 -0.012555 -0.148122
v -0.071507 -0.015308 -0.149482
v -0.056080 -0.017473 -0.150598
v -0.038498 -0.018966 -0.151427
v -0.019437 -0.019730 -0.151937
v 0.000372 -0.019737 -0.152110
v 0.020166 -0.018984 -0.151937
v 0.039185 -0.017503 -0.151427
v 0.056698 -0.015348 -0.150598
v 0.072033 -0.012604 -0.149482
v 0.084599 -0.009376 -0.148122
v 0.093914 -0.005787 -0.146571
v 0.099620 -0.001975 -0.144888
v -0.099490 -0.004900 -0.145195
v -0.093660 -0.007700 -0.147175
v -0.084230 -0.010205 -0.148999
v -0.071563 -0.012317 -0.150598
v -0.056146 -0.013956 -0.151910
v -0.038572 -0.015058 -0.152885
v -0.019515 -0.015582 -0.153485
v 0.000292 -0.015507 -0.153688
v 0.020088 -0.014836 -0.153485
v 0.039111 -0.013595 -0.152885
v 0.056632 -0.011831 -0.151910
v 0.071976 -0.009613 -0.150598
v 0.084554 -0.007026 -0.148999
v 0.093883 -0.004168 -0.147175
v 0.099604 -0.001150 -0.145195
v -0.099508 -0.003959 -0.145424
v -0.093695 -0.005854 -0.147623
v -0.084280 -0.007524 -0.149650
v -0.071627 -0.008905 -0.151427
v -0.056222 -0.009943 -0.152885
v -0.038656 -0.010600 -0.153968
v -0.019604 -0.010849 -0.154635
v 0.000201 -0.010681 -0.154861
v 0.019999 -0.010103 -0.154635
v 0.039027 -0.009137 -0.153968
v 0.056556 -0.007819 -0.152885
v 0.071912 -0.006201 -0.151427
v 0.084504 -0.004345 -0.149650
v 0.093849 -0.002321 -0.147623
v 0.099587 -0.000209 -0.145424
v -0.099527 -0.002937 -0.145565
v -0.093732 -0.003850 -0.147900
v -0.084335 -0.004615 -0.150051
v -0.071697 -0.005202 -0.151937
v -0.056304 -0.005590 -0.153485
v -0.038747 -0.005762 -0.154635
v -0.019701 -0.005714 -0.155344
v 0.000103 -0.005445 -0.155583
v 0.019902 -0.004968 -0.155344
v 0.038936 -0.004299 -0.154635
v 0.056474 -0.003466 -0.153485
v 0.071842 -0.002499 -0.151937
v 0.084449 -0.001436 -0.150051
v 0.093811 -0.000318 -0.147900
v 0.099567 0.000813 -0.145565
v -0.099547 -0.001875 -0.145613
v -0.093772 -0.001766 -0.147993
v -0.084392 -0.001590 -0.150187
v -0.071770 -0.001352 -0.152110
v -0.056389 -0.001062 -0.153688
v -0.038841 -0.000732 -0.154861
v -0.019801 -0.000373 -0.155583
v 0.000000 0.000000 -0.155826
v 0.019801 0.000373 -0.155583
v 0.038841 0.000732 -0.154861
v 0.056389 0.001062 -0.153688
v 0.071770 0.001352 -0.152110
v 0.084392 0.001590 -0.150187
v 0.093772 0.001766 -0.147993
v 0.099547 0.001875 -0.145613
v -0.099567 -0.000813 -0.145565
v -0.093811 0.000318 -0.147900
v -0.084449 0.001436 -0.150051
v -0.071842 0.002499 -0.151937
v -0.056474 0.003466 -0.153485
v -0.038936 0.004299 -0.154635
v -0.019902 0.004968 -0.155344
v -0.000103 0.005445 -0.155583
v 0.019701 0.005714 -0.155344
v 0.038747 0.005762 -0.154635
v 0.056304 0.005590 -0.153485
v 0.071697 0.005202 -0.151937
v 0.084335 0.004615 -0.150051
v 0.093732 0.003850 -0.147900
v 0.099527 0.002937 -0.145565
v -0.099587 0.000209 -0.145424
v -0.093849 0.002321 -0.147623
v -0.084504 0.004345 -0.149650
v -0.071912 0.006201 -0.151427
v -0.056556 0.007819 -0.152885
v -0.039027 0.009137 -0.153968
v -0.019999 0.010103 -0.154635
v -0.000201 0.010681 -0.154861
v 0.019604 0.010849 -0.154635
v 0.038656 0.010600 -0.153968
v 0.056222 0.009943 -0.152885
v 0.071627 0.008905 -0.151427
v 0.084280 0.007524 -0.149650
v 0.093695 0.005854 -0.147623
v 0.099508 0.003959 -0.145424
v -0.099604 0.001150 -0.145195
v -0.093883 0.004168 -0.147175
v -0.084554 0.007026 -0.148999
v -0.071976 0.009613 -0.150598
v -0.056632 0.011831 -0.151910
v -0.039111 0.013595 -0.152885
v -0.020088 0.014836 -0.153485
v -0.000292 0.015507 -0.153688
v 0.019515 0.015582 -0.153485
v 0.038572 0.015058 -0.152885
v 0.056146 0.013956 -0.151910
v 0.071563 0.012317 -0.150598
v 0.084230 0.010205 -0.148999
v 0.093660 0.007701 -0.147175
v 0.099490 0.004900 -0.145195
v -0.099620 0.001975 -0.144888
v -0.093914 0.005787 -0.146571
v -0.084599 0.009376 -0.148122
v -0.072033 0.012604 -0.149482
v -0.056698 0.015348 -0.150598
v -0.039185 0.017503 -0.151427
v -0.020166 0.018984 -0.151937
v -0.000372 0.019737 -0.152110
v 0.019437 0.019730 -0.151937
v 0.038498 0.018966 -0.151427
v 0.056080 0.017473 -0.150598
v 0.071507 0.015308 -0.149482
v 0.084186 0.012555 -0.148122
v 0.093629 0.009319 -0.146571
v 0.099475 0.005725 -0.144888
v -0.099633 0.002653 -0.144512
v -0.093939 0.007115 -0.145835
v -0.084635 0.011304 -0.147054
v -0.072079 0.015059 -0.148122
v -0.056753 0.018235 -0.148999
v -0.039245 0.020710 -0.149650
v -0.020230 0.022389 -0.150051
v -0.000437 0.023208 -0.150187
v 0.019372 0.023135 -0.150051
v 0.038438 0.022173 -0.149650
v 0.056026 0.020359 -0.148999
v 0.071461 0.017762 -0.148122
v 0.084149 0.014483 -0.147054
v 0.093604 0.010647 -0.145835
v 0.099462 0.006403 -0.144512
v -0.099642 0.003156 -0.144084
v -0.093957 0.008102 -0.144995
v -0.084662 0.012737 -0.145835
v -0.072113 0.016882 -0.146571
v -0.056793 0.020379 -0.147175
v -0.039290 0.023093 -0.147623
v -0.020278 0.024919 -0.147900
v -0.000486 0.025787 -0.147993
v 0.019325 0.025665 -0.147900
v 0.038393 0.024556 -0.147623
v 0.055985 0.022503 -0.147175
v 0.071426 0.019586 -0.146571
v 0.084122 0.015916 -0.145835
v 0.093586 0.011635 -0.144995
v 0.099453 0.006906 -0.144084
v -0.099648 0.003466 -0.143620
v -0.093969 0.008710 -0.144084
v -0.084679 0.013619 -0.144512
v -0.072134 0.018006 -0.144888
v -0.056818 0.021700 -0.145195
v -0.039318 0.024560 -0.145424
v -0.020307 0.026477 -0.145565
v -0.000516 0.027376 -0.145613
v 0.019295 0.027222 -0.145565
v 0.038365 0.026023 -0.145424
v 0.055960 0.023824 -0.145195
v 0.071405 0.020709 -0.144888
v 0.084106 0.016799 -0.144512
v 0.093574 0.012242 -0.144084
v 0.099447 0.007216 -0.143620
v -0.099650 0.003570 -0.143137
v -0.093973 0.008915 -0.143137
v -0.084684 0.013917 -0.143137
v -0.072141 0.018385 -0.143137
v -0.056826 0.022146 -0.143137
v -0.039327 0.025056 -0.143137
v -0.020317 0.027003 -0.143137
v -0.000526 0.027912 -0.143137
v 0.019286 0.027748 -0.143137
v 0.038356 0.026519 -0.143137
v 0.055952 0.024270 -0.143137
v 0.071398 0.021088 -0.143137
v 0.084100 0.017097 -0.143137
v 0.093570 0.012448 -0.143137
v 0.099445 0.007320 -0.143137
v -0.099648 0.003466 -0.142654
v -0.093969 0.008710 -0.142190
v -0.084679 0.013619 -0.141762
v -0.072134 0.018006 -0.141387
v -0.056818 0.021700 -0.141079
v -0.039318 0.024560 -0.140850
v -0.020307 0.026477 -0.140709
v -0.000516 0.027376 -0.140661
v 0.019295 0.027222 -0.140709
v 0.038365 0.026023 -0.140850
v 0.055960 0.023824 -0.141079
v 0.071405 0.020709 -0.141387
v 0.084106 0.016799 -0.141762
v 0.093574 0.012242 -0.142190
v 0.099447 0.007216 -0.142654
v -0.099642 0.003156 -0.142190
v -0.093957 0.008102 -0.141279
v -0.084662 0.012737 -0.140439
v -0.072113 0.016882 -0.139703
v -0.056793 0.020379 -0.139099
v -0.039290 0.023093 -0.138651
v -0.020278 0.024919 -0.138374
v -0.000486 0.025787 -0.138281
v 0.019325 0.025665 -0.138374
v 0.038393 0.024556 -0.138651
v 0.055985 0.022503 -0.139099
v 0.071426 0.019586 -0.139703
v 0.084122 0.015916 -0.140439
v 0.093586 0.011635 -0.141279
v 0.099453 0.006906 -0.142190
v -0.099633 0.002653 -0.141762
v -0.093939 0.007115 -0.140439
v -0.084635 0.011304 -0.139220
v -0.072079 0.015059 -0.138152
v -0.056753 0.018234 -0.137275
v -0.039245 0.020710 -0.136624
v -0.020230 0.022389 -0.136223
v -0.000437 0.023208 -0.136087
v 0.019372 0.023135 -0.136223
v 0.038438 0.022173 -0.136624
v 0.056026 0.020359 -0.137275
v 0.071461 0.017762 -0.138152
v 0.084149 0.014483 -0.139220
v 0.093604 0.010647 -0.140439
v 0.099462 0.006403 -0.141762
v -0.099620 0.001975 -0.141387
v -0.093914 0.005787 -0.139703
v -0.084599 0.009376 -0.138152
v -0.072033 0.012604 -0.136792
v -0.056698 0.015348 -0.135676
v -0.039185 0.017503 -0.134847
v -0.020166 0.018984 -0.134337
v -0.000372 0.019737 -0.134164
v 0.019437 0.019730 -0.134337
v 0.038498 0.018966 -0.134847
v 0.056080 0.017473 -0.135676
v 0.071507 0.015308 -0.136792
v 0.084186 0.012555 -0.138152
v 0.093629 0.009319 -0.139703
v 0.099475 0.005725 -0.141387
v -0.099604 0.001150 -0.141079
v -0.093883 0.004168 -0.139099
v -0.084554 0.007026 -0.137275
v -0.071976 0.009613 -0.135676
v -0.056632 0.011831 -0.134364
v -0.039111 0.013595 -0.133389
v -0.020088 0.014836 -0.132789
v -0.000292 0.015507 -0.132586
v 0.019515 0.015582 -0.132789
v 0.038572 0.015058 -0.133389
v 0.056146 0.013956 -0.134364
v 0.071563 0.012317 -0.135676
v 0.084230 0.010205 -0.137275
v 0.093660 0.007700 -0.139099
v 0.099490 0.004900 -0.141079
v -0.099587 0.000209 -0.140850
v -0.093849 0.002321 -0.138651
v -0.084504 0.004345 -0.136624
v -0.071912 0.006201 -0.134847
v -0.056556 0.007819 -0.133389
v -0.039027 0.009137 -0.132306
v -0.019999 0.010103 -0.131639
v -0.000201 0.010681 -0.131414
v 0.019604 0.010849 -0.131639
v 0.038656 0.010600 -0.132306
v 0.056222 0.009943 -0.133389
v 0.071627 0.008905 -0.134847
v 0.084280 0.007524 -0.136624
v 0.093695 0.005854 -0.138651
v 0.099508 0.003959 -0.140850
v -0.099567 -0.000813 -0.140709
v -0.093811 0.000318 -0.138374
v -0.084449 0.001436 -0.136223
v -0.071842 0.002499 -0.134337
v -0.056474 0.003466 -0.132789
v -0.038936 0.004299 -0.131639
v -0.019902 0.004968 -0.130931
v -0.000103 0.005445 -0.130691
v 0.019701 0.005714 -0.130931
v 0.038747 0.005762 -0.131639
v 0.056304 0.005590 -0.132789
v 0.071697 0.005202 -0.134337
v 0.084335 0.004615 -0.136223
v 0.093732 0.003850 -0.138374
v 0.099527 0.002937 -0.140709
v -0.099547 -0.001875 -0.140661
v -0.093772 -0.001766 -0.138281
v -0.071770 -0.001352 -0.134164
v -0.038841 -0.000732 -0.131414
v 0.038841 0.000732 -0.131414
v 0.071770 0.001352 -0.134164
v 0.084392 0.001590 -0.136087
v 0.093772 0.001766 -0.138281
v 0.099547 0.001875 -0.140661
v 0.005331 -0.283052 -0.007614
v 0.005216 -0.276921 -0.020741
v 0.004914 -0.260872 -0.028854
v 0.004540 -0.241034 -0.028854
v 0.004238 -0.224985 -0.020741
v 0.004122 -0.218854 -0.007614
v 0.004238 -0.224985 0.005514
v 0.004540 -0.241034 0.013627
v 0.004914 -0.260872 0.013627
v 0.005216 -0.276921 0.005514
v -0.015911 -0.279966 -0.007614
v -0.015567 -0.273902 -0.020741
v -0.014664 -0.258028 -0.028854
v -0.013549 -0.238406 -0.028854
v -0.012647 -0.222532 -0.020741
v -0.012302 -0.216468 -0.007614
v -0.012647 -0.222532 0.005514
v -0.013549 -0.238406 0.013627
v -0.014664 -0.258028 0.013627
v -0.015567 -0.273902 0.005514
v -0.036762 -0.269986 -0.007614
v -0.035966 -0.264139 -0.020741
v -0.033881 -0.248830 -0.028854
v -0.031305 -0.229908 -0.028854
v -0.029220 -0.214599 -0.020741
v -0.028424 -0.208752 -0.007614
v -0.029220 -0.214599 0.005514
v -0.031305 -0.229908 0.013627
v -0.033881 -0.248830 0.013627
v -0.035966 -0.264139 0.005514
v -0.056708 -0.253358 -0.007614
v -0.055479 -0.247871 -0.020741
v -0.052264 -0.233506 -0.028854
v -0.048290 -0.215749 -0.028854
v -0.045074 -0.201383 -0.020741
v -0.043846 -0.195896 -0.007614
v -0.045074 -0.201383 0.005514
v -0.048290 -0.215749 0.013627
v -0.052264 -0.233506 0.013627
v -0.055479 -0.247871 0.005514
v -0.075257 -0.230492 -0.007614
v -0.073627 -0.225500 -0.020741
v -0.069360 -0.212431 -0.028854
v -0.064085 -0.196277 -0.028854
v -0.059818 -0.183208 -0.020741
v -0.058188 -0.178216 -0.007614
v -0.059818 -0.183208 0.005514
v -0.064085 -0.196277 0.013627
v -0.069360 -0.212431 0.013627
v -0.073627 -0.225500 0.005514
v -0.091953 -0.201951 -0.007614
v -0.089961 -0.197577 -0.020741
v -0.084748 -0.186126 -0.028854
v -0.078303 -0.171972 -0.028854
v -0.073089 -0.160521 -0.020741
v -0.071098 -0.156147 -0.007614
v -0.073089 -0.160521 0.005514
v -0.078303 -0.171972 0.013627
v -0.084748 -0.186126 0.013627
v -0.089961 -0.197577 0.005514
v -0.106385 -0.168436 -0.007614
v -0.104081 -0.164788 -0.020741
v -0.098049 -0.155238 -0.028854
v -0.090593 -0.143433 -0.028854
v -0.084560 -0.133882 -0.020741
v -0.082256 -0.130234 -0.007614
v -0.084560 -0.133882 0.005514
v -0.090593 -0.143433 0.013627
v -0.098049 -0.155238 0.013627
v -0.104081 -0.164788 0.005514
v -0.118197 -0.130775 -0.007614
v -0.115637 -0.127942 -0.020741
v -0.108936 -0.120527 -0.028854
v -0.100652 -0.111362 -0.028854
v -0.093950 -0.103947 -0.020741
v -0.091390 -0.101114 -0.007614
v -0.093950 -0.103947 0.005514
v -0.100652 -0.111362 0.013627
v -0.108936 -0.120527 0.013627
v -0.115637 -0.127942 0.005514
v -0.127099 -0.089893 -0.007614
v -0.124347 -0.087946 -0.020741
v -0.117140 -0.082849 -0.028854
v -0.108232 -0.076549 -0.028854
v -0.101025 -0.071452 -0.020741
v -0.098273 -0.069505 -0.007614
v -0.101025 -0.071452 0.005514
v -0.108232 -0.076549 0.013627
v -0.117140 -0.082849 0.013627
v -0.124347 -0.087946 0.005514
v -0.132872 -0.046797 -0.007614
v -0.129994 -0.045784 -0.020741
v -0.122460 -0.043130 -0.028854
v -0.113148 -0.039851 -0.028854
v -0.105614 -0.037197 -0.020741
v -0.102736 -0.036184 -0.007614
v -0.105614 -0.037197 0.005514
v -0.113148 -0.039851 0.013627
v -0.122460 -0.043130 0.013627
v -0.129994 -0.045784 0.005514
v -0.135372 -0.002550 -0.007614
v -0.132441 -0.002495 -0.020741
v -0.124765 -0.002350 -0.028854
v -0.115277 -0.002171 -0.028854
v -0.107601 -0.002027 -0.020741
v -0.104669 -0.001972 -0.007614
v -0.107601 -0.002027 0.005514
v -0.115277 -0.002171 0.013627
v -0.124765 -0.002350 0.013627
v -0.132441 -0.002495 0.005514
v -0.134540 0.041761 -0.007614
v -0.131626 0.040856 -0.020741
v -0.123997 0.038488 -0.028854
v -0.114568 0.035561 -0.028854
v -0.106940 0.033194 -0.020741
v -0.104026 0.032289 -0.007614
v -0.106940 0.033194 0.005514
v -0.114568 0.035561 0.013627
v -0.123997 0.038488 0.013627
v -0.131626 0.040856 0.005514
v -0.130394 0.085043 -0.007614
v -0.127570 0.083201 -0.020741
v -0.120177 0.078379 -0.028854
v -0.111038 0.072419 -0.028854
v -0.103644 0.067597 -0.020741
v -0.100820 0.065755 -0.007614
v -0.103644 0.067597 0.005514
v -0.111038 0.072419 0.013627
v -0.120177 0.078379 0.013627
v -0.127570 0.083201 0.005514
v -0.123038 0.126231 -0.007614
v -0.120373 0.123497 -0.020741
v -0.113397 0.116340 -0.028854
v -0.104774 0.107492 -0.028854
v -0.097797 0.100335 -0.020741
v -0.095133 0.097601 -0.007614
v -0.097797 0.100335 0.005514
v -0.104774 0.107492 0.013627
v -0.113397 0.116340 0.013627
v -0.120373 0.123497 0.005514
v -0.112652 0.164311 -0.007614
v -0.110213 0.160752 -0.020741
v -0.103825 0.151436 -0.028854
v -0.095930 0.139920 -0.028854
v -0.089542 0.130603 -0.020741
v -0.087102 0.127044 -0.007614
v -0.089542 0.130603 0.005514
v -0.095930 0.139920 0.013627
v -0.103825 0.151436 0.013627
v -0.110213 0.160752 0.005514
v -0.099493 0.198345 -0.007614
v -0.097338 0.194049 -0.020741
v -0.091697 0.182803 -0.028854
v -0.084723 0.168901 -0.028854
v -0.079082 0.157655 -0.020741
v -0.076927 0.153359 -0.007614
v -0.079082 0.157655 0.005514
v -0.084723 0.168901 0.013627
v -0.091697 0.182803 0.013627
v -0.097338 0.194049 0.005514
v -0.083883 0.227495 -0.007614
v -0.082066 0.222568 -0.020741
v -0.077310 0.209669 -0.028854
v -0.071431 0.193724 -0.028854
v -0.066675 0.180825 -0.020741
v -0.064858 0.175898 -0.007614
v -0.066675 0.180825 0.005514
v -0.071431 0.193724 0.013627
v -0.077310 0.209669 0.013627
v -0.082066 0.222568 0.005514
v -0.066208 0.251043 -0.007614
v -0.064774 0.245606 -0.020741
v -0.061020 0.231372 -0.028854
v -0.056380 0.213777 -0.028854
v -0.052626 0.199543 -0.020741
v -0.051192 0.194106 -0.007614
v -0.052626 0.199543 0.005514
v -0.056380 0.213777 0.013627
v -0.061020 0.231372 0.013627
v -0.064774 0.245606 0.005514
v -0.046903 0.268410 -0.007614
v -0.045887 0.262597 -0.020741
v -0.043228 0.247378 -0.028854
v -0.039940 0.228566 -0.028854
v -0.037281 0.213347 -0.020741
v -0.036265 0.207534 -0.007614
v -0.037281 0.213347 0.005514
v -0.039940 0.228566 0.013627
v -0.043228 0.247378 0.013627
v -0.045887 0.262597 0.005514
v -0.026443 0.279168 -0.007614
v -0.025870 0.273122 -0.020741
v -0.024371 0.257293 -0.028854
v -0.022517 0.237727 -0.028854
v -0.021018 0.221898 -0.020741
v -0.020445 0.215851 -0.007614
v -0.021018 0.221898 0.005514
v -0.022517 0.237727 0.013627
v -0.024371 0.257293 0.013627
v -0.025870 0.273122 0.005514
v -0.005331 0.283052 -0.007614
v -0.005216 0.276921 -0.020741
v -0.004914 0.260872 -0.028854
v -0.004540 0.241034 -0.028854
v -0.004238 0.224985 -0.020741
v -0.004122 0.218854 -0.007614
v -0.004238 0.224985 0.005514
v -0.004540 0.241034 0.013627
v -0.004914 0.260872 0.013627
v -0.005216 0.276921 0.005514
v 0.015911 0.279966 -0.007614
v 0.015566 0.273902 -0.020741
v 0.014664 0.258028 -0.028854
v 0.013549 0.238406 -0.028854
v 0.012647 0.222532 -0.020741
v 0.012302 0.216468 -0.007614
v 0.012647 0.222532 0.005514
v 0.013549 0.238406 0.013627
v 0.014664 0.258028 0.013627
v 0.015566 0.273902 0.005514
v 0.036762 0.269986 -0.007614
v 0.035966 0.264139 -0.020741
v 0.033881 0.248830 -0.028854
v 0.031305 0.229908 -0.028854
v 0.029220 0.214599 -0.020741
v 0.028424 0.208752 -0.007614
v 0.029220 0.214599 0.005514
v 0.031305 0.229908 0.013627
v 0.033881 0.248830 0.013627
v 0.035966 0.264139 0.005514
v 0.056707 0.253358 -0.007614
v 0.055479 0.247871 -0.020741
v 0.052264 0.233506 -0.028854
v 0.048290 0.215749 -0.028854
v 0.045074 0.201383 -0.020741
v 0.043846 0.195896 -0.007614
v 0.045074 0.201383 0.005514
v 0.048290 0.215749 0.013627
v 0.052264 0.233506 0.013627
v 0.055479 0.247871 0.005514
v 0.075257 0.230492 -0.007614
v 0.073627 0.225500 -0.020741
v 0.069360 0.212431 -0.028854
v 0.064085 0.196277 -0.028854
v 0.059818 0.183208 -0.020741
v 0.058188 0.178216 -0.007614
v 0.059818 0.183208 0.005514
v 0.064085 0.196277 0.013627
v 0.069360 0.212431 0.013627
v 0.073627 0.225500 0.005514
v 0.091953 0.201951 -0.007614
v 0.089961 0.197577 -0.020741
v 0.084748 0.186126 -0.028854
v 0.078303 0.171972 -0.028854
v 0.073089 0.160521 -0.020741
v 0.071098 0.156147 -0.007614
v 0.073089 0.160521 0.005514
v 0.078303 0.171972 0.013627
v 0.084748 0.186126 0.013627
v 0.089961 0.197577 0.005514
v 0.106385 0.168436 -0.007614
v 0.104081 0.164788 -0.020741
v 0.098049 0.155238 -0.028854
v 0.090593 0.143433 -0.028854
v 0.084560 0.133882 -0.020741
v 0.082256 0.130234 -0.007614
v 0.084560 0.133882 0.005514
v 0.090593 0.143433 0.013627
v 0.098049 0.155238 0.013627
v 0.104081 0.164788 0.005514
v 0.118197 0.130775 -0.007614
v 0.115637 0.127942 -0.020741
v 0.108936 0.120527 -0.028854
v 0.100652 0.111362 -0.028854
v 0.093950 0.103947 -0.020741
v 0.091390 0.101114 -0.007614
v 0.093950 0.103947 0.005514
v 0.100652 0.111362 0.013627
v 0.108936 0.120527 0.013627
v 0.115637 0.127942 0.005514
v 0.127099 0.089893 -0.007614
v 0.124347 0.087946 -0.020741
v 0.117140 0.082849 -0.028854
v 0.108232 0.076549 -0.028854
v 0.101025 0.071452 -0.020741
v 0.098273 0.069505 -0.007614
v 0.101025 0.071452 0.005514
v 0.108232 0.076549 0.013627
v 0.117140 0.082849 0.013627
v 0.124347 0.087946 0.005514
v 0.132872 0.046797 -0.007614
v 0.129994 0.045784 -0.020741
v 0.122460 0.043130 -0.028854
v 0.113148 0.039851 -0.028854
v 0.105614 0.037197 -0.020741
v 0.102736 0.036184 -0.007614
v 0.105614 0.037197 0.005514
v 0.113148 0.039851 0.013627
v 0.122460 0.043130 0.013627
v 0.129994 0.045784 0.005514
v 0.135372 0.002550 -0.007614
v 0.132441 0.002495 -0.020741
v 0.124765 0.002350 -0.028854
v 0.115277 0.002171 -0.028854
v 0.107601 0.002027 -0.020741
v 0.104669 0.001971 -0.007614
v 0.107601 0.002027 0.005514
v 0.115277 0.002171 0.013627
v 0.124765 0.002350 0.013627
v 0.132441 0.002495 0.005514
v 0.134540 -0.041761 -0.007614
v 0.131626 -0.040856 -0.020741
v 0.123997 -0.038488 -0.028854
v 0.114568 -0.035561 -0.028854
v 0.106940 -0.033194 -0.020741
v 0.104026 -0.032289 -0.007614
v 0.106940 -0.033194 0.005514
v 0.114568 -0.035561 0.013627
v 0.123997 -0.038488 0.013627
v 0.131626 -0.040856 0.005514
v 0.130394 -0.085043 -0.007614
v 0.127570 -0.083201 -0.020741
v 0.120177 -0.078379 -0.028854
v 0.111038 -0.072419 -0.028854
v 0.103644 -0.067597 -0.020741
v 0.100820 -0.065755 -0.007614
v 0.103644 -0.067597 0.005514
v 0.111038 -0.072419 0.013627
v 0.120177 -0.078379 0.013627
v 0.127570 -0.083201 0.005514
v 0.123038 -0.126231 -0.007614
v 0.120373 -0.123497 -0.020741
v 0.113397 -0.116340 -0.028854
v 0.104774 -0.107493 -0.028854
v 0.097797 -0.100335 -0.020741
v 0.095133 -0.097601 -0.007614
v 0.097797 -0.100335 0.005514
v 0.104774 -0.107493 0.013627
v 0.113397 -0.116340 0.013627
v 0.120373 -0.123497 0.005514
v 0.112652 -0.164311 -0.007614
v 0.110213 -0.160752 -0.020741
v 0.103825 -0.151435 -0.028854
v 0.095930 -0.139919 -0.028854
v 0.089542 -0.130603 -0.020741
v 0.087102 -0.127044 -0.007614
v 0.089542 -0.130603 0.005514
v 0.095930 -0.139919 0.013627
v 0.103825 -0.151435 0.013627
v 0.110213 -0.160752 0.005514
v 0.099493 -0.198345 -0.007614
v 0.097338 -0.194049 -0.020741
v 0.091697 -0.182803 -0.028854
v 0.084724 -0.168901 -0.028854
v 0.079082 -0.157655 -0.020741
v 0.076927 -0.153359 -0.007614
v 0.079082 -0.157655 0.005514
v 0.084724 -0.168901 0.013627
v 0.091697 -0.182803 0.013627
v 0.097338 -0.194049 0.005514
v 0.083883 -0.227495 -0.007614
v 0.082066 -0.222568 -0.020741
v 0.077310 -0.209668 -0.028854
v 0.071431 -0.193724 -0.028854
v 0.066675 -0.180825 -0.020741
v 0.064858 -0.175898 -0.007614
v 0.066675 -0.180825 0.005514
v 0.071431 -0.193724 0.013627
v 0.077310 -0.209668 0.013627
v 0.082066 -0.222568 0.005514
v 0.066208 -0.251043 -0.007614
v 0.064774 -0.245606 -0.020741
v 0.061020 -0.231372 -0.028854
v 0.056380 -0.213777 -0.028854
v 0.052626 -0.199543 -0.020741
v 0.051192 -0.194106 -0.007614
v 0.052626 -0.199543 0.005514
v 0.056380 -0.213777 0.013627
v 0.061020 -0.231372 0.013627
v 0.064774 -0.245606 0.005514
v 0.046903 -0.268410 -0.007614
v 0.045887 -0.262597 -0.020741
v 0.043228 -0.247378 -0.028854
v 0.039940 -0.228566 -0.028854
v 0.037281 -0.213347 -0.020741
v 0.036265 -0.207534 -0.007614
v 0.037281 -0.213347 0.005514
v 0.039940 -0.228566 0.013627
v 0.043228 -0.247378 0.013627
v 0.045887 -0.262597 0.005514
v 0.026443 -0.279168 -0.007614
v 0.025870 -0.273122 -0.020741
v 0.024371 -0.257293 -0.028854
v 0.022517 -0.237727 -0.028854
v 0.021018 -0.221898 -0.020741
v 0.020445 -0.215851 -0.007614
v 0.021018 -0.221898 0.005514
v 0.022517 -0.237727 0.013627
v 0.024371 -0.257293 0.013627
v 0.025870 -0.273122 0.005514
v -0.044614 0.114197 0.020274
v -0.236384 0.249843 0.025038
v -0.057421 0.098464 0.008124
v -0.237095 0.248969 0.024363
v -0.066875 0.091133 -0.012273
v -0.237621 0.248562 0.023230
v -0.070443 0.094167 -0.035452
v -0.237819 0.248730 0.021942
v -0.067169 0.106754 -0.055201
v -0.237637 0.249430 0.020845
v -0.057930 0.125521 -0.066228
v -0.237124 0.250472 0.020232
v -0.045202 0.145440 -0.065580
v -0.236417 0.251579 0.020268
v -0.032395 0.161172 -0.053430
v -0.235705 0.252453 0.020943
v -0.022941 0.168504 -0.033033
v -0.235180 0.252860 0.022076
v -0.019373 0.165469 -0.009855
v -0.234982 0.252692 0.023364
v -0.022647 0.152882 0.009894
v -0.235164 0.251992 0.024461
v -0.031886 0.134115 0.020922
v -0.235677 0.250950 0.025074
v -0.040282 -0.115796 0.020274
v -0.226808 -0.258568 0.025038
v -0.026813 -0.135221 0.020922
v -0.226059 -0.259647 0.025074
v -0.016873 -0.153627 0.009894
v -0.225507 -0.260669 0.024461
v -0.013128 -0.166081 -0.009855
v -0.225299 -0.261361 0.023364
v -0.016579 -0.169248 -0.033033
v -0.225491 -0.261537 0.022076
v -0.026303 -0.162278 -0.053430
v -0.226031 -0.261150 0.020943
v -0.039693 -0.147039 -0.065580
v -0.226775 -0.260303 0.020268
v -0.053163 -0.127614 -0.066228
v -0.227523 -0.259224 0.020232
v -0.063102 -0.109208 -0.055201
v -0.228076 -0.258202 0.020845
v -0.066847 -0.096753 -0.035452
v -0.228284 -0.257510 0.021942
v -0.063396 -0.093587 -0.012273
v -0.228092 -0.257334 0.023230
v -0.053672 -0.100557 0.008124
v -0.227552 -0.257721 0.024363
v 0.188484 0.208703 0.058610
v 0.058880 0.134829 -0.013298
v 0.199188 0.196930 0.047739
v 0.059475 0.134175 -0.013902
v 0.206945 0.192498 0.028279
v 0.059906 0.133928 -0.014983
v 0.209677 0.196593 0.005444
v 0.060057 0.134156 -0.016252
v 0.206651 0.208119 -0.014648
v 0.059889 0.134796 -0.017368
v 0.198678 0.223987 -0.026612
v 0.059446 0.135678 -0.018033
v 0.187895 0.239946 -0.027244
v 0.058847 0.136564 -0.018068
v 0.177191 0.251719 -0.016374
v 0.058253 0.137218 -0.017464
v 0.169433 0.256151 0.003086
v 0.057822 0.137465 -0.016383
v 0.166702 0.252056 0.025922
v 0.057670 0.137237 -0.015114
v 0.169728 0.240530 0.046014
v 0.057838 0.136597 -0.013998
v 0.177700 0.224662 0.057978
v 0.058281 0.135715 -0.013333
v 0.196209 -0.201457 0.058610
v 0.063915 -0.132516 -0.013298
v 0.186034 -0.217811 0.057978
v 0.063350 -0.133424 -0.013333
v 0.178665 -0.233968 0.046014
v 0.062941 -0.134322 -0.013998
v 0.176075 -0.245600 0.025922
v 0.062797 -0.134968 -0.015114
v 0.178959 -0.249589 0.003086
v 0.062957 -0.135190 -0.016383
v 0.186544 -0.244868 -0.016374
v 0.063379 -0.134927 -0.017464
v 0.196798 -0.232700 -0.027244
v 0.063948 -0.134251 -0.018068
v 0.206972 -0.216347 -0.026612
v 0.064513 -0.133343 -0.018033
v 0.214342 -0.200190 -0.014648
v 0.064923 -0.132445 -0.017368
v 0.216932 -0.188558 0.005444
v 0.065067 -0.131799 -0.016252
v 0.214048 -0.184568 0.028279
v 0.064907 -0.131577 -0.014983
v 0.206463 -0.189290 0.047739
v 0.064485 -0.131840 -0.013902
vn -0.9887 -0.0253 0.1481
vn 0.9889 0.0120 0.1481
vn 0.0654 -0.0434 0.9969
vn -0.9074 -0.0358 0.4186
vn 0.1963 -0.0402 0.9797
vn -0.7752 -0.0428 0.6303
vn 0.3322 -0.0359 0.9425
vn -0.6243 -0.0467 0.7798
vn 0.4754 -0.0304 0.8793
vn -0.4739 -0.0483 0.8793
vn 0.6256 -0.0231 0.7798
vn -0.3306 -0.0484 0.9425
vn 0.7762 -0.0136 0.6303
vn -0.1947 -0.0475 0.9797
vn 0.9081 -0.0016 0.4186
vn -0.0637 -0.0458 0.9969
vn 0.9136 -0.0386 0.4047
vn -0.0640 -0.1375 0.9884
vn -0.9891 -0.0383 0.1425
vn 0.9898 -0.0010 0.1425
vn 0.0692 -0.1350 0.9884
vn -0.9115 -0.0730 0.4047
vn 0.2039 -0.1300 0.9703
vn -0.7835 -0.0994 0.6134
vn 0.3430 -0.1220 0.9314
vn -0.6347 -0.1173 0.7638
vn 0.4883 -0.1102 0.8657
vn -0.4838 -0.1285 0.8657
vn 0.6387 -0.0933 0.7638
vn -0.3381 -0.1348 0.9314
vn 0.7867 -0.0698 0.6134
vn -0.1988 -0.1376 0.9703
vn -0.6568 -0.1897 0.7298
vn 0.5132 -0.1935 0.8362
vn -0.5055 -0.2127 0.8362
vn 0.6634 -0.1649 0.7298
vn -0.3556 -0.2270 0.9067
vn 0.8060 -0.1254 0.5785
vn -0.2094 -0.2346 0.9493
vn 0.9234 -0.0741 0.3767
vn -0.0664 -0.2368 0.9693
vn -0.9900 -0.0506 0.1314
vn 0.9912 -0.0133 0.1314
vn 0.0753 -0.2341 0.9693
vn -0.9199 -0.1089 0.3767
vn 0.2181 -0.2266 0.9493
vn -0.8007 -0.1557 0.5785
vn 0.3639 -0.2135 0.9067
vn -0.0713 -0.3499 0.9341
vn -0.9914 -0.0617 0.1154
vn 0.9930 -0.0244 0.1154
vn 0.0845 -0.3469 0.9341
vn -0.9316 -0.1424 0.3345
vn 0.2404 -0.3353 0.9109
vn -0.8256 -0.2108 0.5234
vn 0.3965 -0.3143 0.8625
vn -0.6903 -0.2643 0.6735
vn 0.5512 -0.2825 0.7851
vn -0.5401 -0.3031 0.7851
vn 0.6997 -0.2381 0.6735
vn -0.3844 -0.3291 0.8625
vn 0.8329 -0.1796 0.5234
vn -0.2276 -0.3441 0.9109
vn 0.9363 -0.1072 0.3345
vn 0.6025 -0.3780 0.7029
vn -0.5879 -0.4004 0.7029
vn 0.7460 -0.3119 0.5884
vn -0.4263 -0.4445 0.7878
vn 0.8650 -0.2306 0.4457
vn -0.2553 -0.4722 0.8437
vn 0.9507 -0.1364 0.2786
vn -0.0795 -0.4842 0.8713
vn -0.9929 -0.0713 0.0949
vn 0.9949 -0.0338 0.0949
vn 0.0976 -0.4809 0.8713
vn -0.9448 -0.1721 0.2786
vn 0.2729 -0.4622 0.8437
vn -0.8557 -0.2630 0.4457
vn 0.4428 -0.4281 0.7878
vn -0.7337 -0.3398 0.5884
vn -0.9944 -0.0788 0.0706
vn 0.9966 -0.0413 0.0706
vn 0.1158 -0.6423 0.7577
vn -0.9577 -0.1966 0.2099
vn 0.3172 -0.6110 0.7253
vn -0.8869 -0.3089 0.3435
vn 0.5028 -0.5545 0.6631
vn -0.7826 -0.4119 0.4669
vn 0.6647 -0.4767 0.5752
vn -0.6463 -0.5014 0.5752
vn 0.7975 -0.3821 0.4669
vn -0.4816 -0.5731 0.6631
vn 0.8979 -0.2752 0.3435
vn -0.2939 -0.6225 0.7253
vn 0.9645 -0.1604 0.2099
vn -0.0915 -0.6462 0.7577
vn -0.7056 -0.5935 0.3872
vn 0.8448 -0.4402 0.3043
vn -0.5430 -0.7016 0.4613
vn 0.9257 -0.3092 0.2180
vn -0.3403 -0.7841 0.5189
vn 0.9754 -0.1775 0.1307
vn -0.1068 -0.8277 0.5509
vn -0.9955 -0.0840 0.0435
vn 0.9980 -0.0464 0.0435
vn 0.1379 -0.8231 0.5509
vn -0.9680 -0.2141 0.1307
vn 0.3696 -0.7708 0.5189
vn -0.9134 -0.3439 0.2180
vn 0.5691 -0.6807 0.4613
vn -0.8276 -0.4717 0.3043
vn 0.7274 -0.5665 0.3872
vn 0.1562 -0.9652 0.2097
vn -0.9737 -0.2233 0.0444
vn 0.4112 -0.8905 0.1946
vn -0.9288 -0.3630 0.0749
vn 0.6177 -0.7681 0.1689
vn -0.8556 -0.5067 0.1063
vn 0.7695 -0.6235 0.1382
vn -0.7455 -0.6520 0.1382
vn 0.8740 -0.4741 0.1063
vn -0.5883 -0.7908 0.1689
vn 0.9418 -0.3278 0.0749
vn -0.3773 -0.9054 0.1946
vn 0.9815 -0.1865 0.0444
vn -0.1197 -0.9704 0.2097
vn -0.9961 -0.0867 0.0147
vn 0.9987 -0.0491 0.0147
vn 0.8740 -0.4741 -0.1063
vn -0.5883 -0.7908 -0.1689
vn 0.9418 -0.3278 -0.0749
vn -0.3773 -0.9054 -0.1946
vn 0.9815 -0.1865 -0.0444
vn -0.1197 -0.9704 -0.2097
vn -0.9961 -0.0867 -0.0147
vn 0.9987 -0.0491 -0.0147
vn 0.1562 -0.9652 -0.2097
vn -0.9737 -0.2233 -0.0444
vn 0.4112 -0.8905 -0.1946
vn -0.9288 -0.3630 -0.0749
vn 0.6177 -0.7681 -0.1689
vn -0.8556 -0.5067 -0.1063
vn 0.7695 -0.6235 -0.1382
vn -0.7455 -0.6520 -0.1382
vn 0.3696 -0.7708 -0.5189
vn -0.9134 -0.3439 -0.2180
vn 0.5691 -0.6807 -0.4613
vn -0.8276 -0.4717 -0.3043
vn 0.7274 -0.5665 -0.3872
vn -0.7056 -0.5935 -0.3872
vn 0.8448 -0.4402 -0.3043
vn -0.5430 -0.7016 -0.4613
vn 0.9257 -0.3092 -0.2180
vn -0.3403 -0.7841 -0.5189
vn 0.9754 -0.1775 -0.1307
vn -0.1068 -0.8277 -0.5509
vn -0.9955 -0.0840 -0.0435
vn 0.9980 -0.0464 -0.0435
vn 0.1379 -0.8231 -0.5509
vn -0.9680 -0.2141 -0.1307
vn 0.8979 -0.2752 -0.3435
vn -0.2939 -0.6225 -0.7253
vn 0.9645 -0.1604 -0.2099
vn -0.0915 -0.6462 -0.7577
vn -0.9944 -0.0788 -0.0706
vn 0.9966 -0.0413 -0.0706
vn 0.1158 -0.6423 -0.7577
vn -0.9577 -0.1966 -0.2099
vn 0.3172 -0.6110 -0.7253
vn -0.8869 -0.3089 -0.3435
vn 0.5028 -0.5545 -0.6631
vn -0.7826 -0.4119 -0.4669
vn 0.6647 -0.4767 -0.5752
vn -0.6463 -0.5014 -0.5752
vn 0.7975 -0.3821 -0.4669
vn -0.4816 -0.5731 -0.6631
vn -0.8557 -0.2630 -0.4457
vn 0.4428 -0.4281 -0.7878
vn -0.7337 -0.3398 -0.5884
vn 0.6025 -0.3780 -0.7029
vn -0.5879 -0.4004 -0.7029
vn 0.7460 -0.3119 -0.5884
vn -0.4263 -0.4445 -0.7878
vn 0.8650 -0.2306 -0.4457
vn -0.2553 -0.4722 -0.8437
vn 0.9507 -0.1364 -0.2786
vn -0.0795 -0.4842 -0.8713
vn -0.9929 -0.0713 -0.0949
vn 0.9949 -0.0338 -0.0949
vn 0.0976 -0.4809 -0.8713
vn -0.9448 -0.1721 -0.2786
vn 0.2729 -0.4622 -0.8437
vn -0.2276 -0.3441 -0.9109
vn 0.9363 -0.1072 -0.3345
vn -0.0713 -0.3499 -0.9341
vn -0.9914 -0.0617 -0.1154
vn 0.9930 -0.0244 -0.1154
vn 0.0845 -0.3469 -0.9341
vn -0.9316 -0.1424 -0.3345
vn 0.2404 -0.3353 -0.9109
vn -0.8256 -0.2108 -0.5234
vn 0.3965 -0.3143 -0.8625
vn -0.6903 -0.2643 -0.6735
vn 0.5512 -0.2825 -0.7851
vn -0.5401 -0.3031 -0.7851
vn 0.6997 -0.2381 -0.6735
vn -0.3844 -0.3291 -0.8625
vn 0.8329 -0.1796 -0.5234
vn 0.3639 -0.2135 -0.9067
vn -0.6568 -0.1897 -0.7298
vn 0.5132 -0.1935 -0.8362
vn -0.5055 -0.2127 -0.8362
vn 0.6634 -0.1649 -0.7298
vn -0.3556 -0.2270 -0.9067
vn 0.8060 -0.1254 -0.5785
vn -0.2094 -0.2346 -0.9493
vn 0.9234 -0.0741 -0.3767
vn -0.0664 -0.2368 -0.9693
vn -0.9900 -0.0506 -0.1314
vn 0.9912 -0.0133 -0.1314
vn 0.0753 -0.2341 -0.9693
vn -0.9199 -0.1089 -0.3767
vn 0.2181 -0.2266 -0.9493
vn -0.8007 -0.1557 -0.5785
vn 0.9136 -0.0386 -0.4047
vn -0.0640 -0.1375 -0.9884
vn -0.9891 -0.0383 -0.1425
vn 0.9898 -0.0010 -0.1425
vn 0.0692 -0.1350 -0.9884
vn -0.9115 -0.0730 -0.4047
vn 0.2039 -0.1300 -0.9703
vn -0.7835 -0.0994 -0.6134
vn 0.3430 -0.1220 -0.9314
vn -0.6347 -0.1173 -0.7638
vn 0.4883 -0.1102 -0.8657
vn -0.4838 -0.1285 -0.8657
vn 0.6387 -0.0933 -0.7638
vn -0.3381 -0.1348 -0.9314
vn 0.7867 -0.0698 -0.6134
vn -0.1988 -0.1376 -0.9703
vn -0.6243 -0.0467 -0.7798
vn 0.4754 -0.0304 -0.8793
vn -0.4739 -0.0483 -0.8793
vn 0.6256 -0.0231 -0.7798
vn -0.3306 -0.0484 -0.9425
vn 0.7762 -0.0136 -0.6303
vn -0.1947 -0.0475 -0.9797
vn 0.9081 -0.0016 -0.4186
vn -0.0637 -0.0458 -0.9969
vn -0.9887 -0.0253 -0.1481
vn 0.9889 0.0120 -0.1481
vn 0.0654 -0.0434 -0.9969
vn -0.9074 -0.0358 -0.4186
vn 0.1963 -0.0402 -0.9797
vn -0.7752 -0.0428 -0.6303
vn 0.3322 -0.0359 -0.9425
vn -0.0654 0.0434 -0.9969
vn -0.9889 -0.0120 -0.1481
vn 0.9887 0.0252 -0.1481
vn 0.0637 0.0458 -0.9969
vn -0.9081 0.0016 -0.4186
vn 0.1947 0.0475 -0.9797
vn -0.7762 0.0136 -0.6303
vn 0.3306 0.0484 -0.9425
vn -0.6256 0.0231 -0.7798
vn 0.4739 0.0483 -0.8793
vn -0.4754 0.0304 -0.8793
vn 0.6243 0.0467 -0.7798
vn -0.3322 0.0359 -0.9425
vn 0.7752 0.0428 -0.6303
vn -0.1963 0.0402 -0.9797
vn 0.9074 0.0358 -0.4186
vn 0.4838 0.1285 -0.8657
vn -0.4883 0.1102 -0.8657
vn 0.6347 0.1173 -0.7638
vn -0.3430 0.1220 -0.9314
vn 0.7835 0.0994 -0.6134
vn -0.2039 0.1300 -0.9703
vn 0.9115 0.0730 -0.4047
vn -0.0692 0.1350 -0.9884
vn -0.9898 0.0010 -0.1425
vn 0.9891 0.0383 -0.1425
vn 0.0640 0.1375 -0.9884
vn -0.9136 0.0386 -0.4047
vn 0.1988 0.1376 -0.9703
vn -0.7867 0.0698 -0.6134
vn 0.3381 0.1348 -0.9314
vn -0.6387 0.0933 -0.7638
vn 0.9900 0.0506 -0.1314
vn 0.0664 0.2368 -0.9693
vn -0.9234 0.0741 -0.3767
vn 0.2094 0.2346 -0.9493
vn -0.8060 0.1254 -0.5785
vn 0.3556 0.2270 -0.9067
vn -0.6634 0.1649 -0.7298
vn 0.5055 0.2127 -0.8362
vn -0.5132 0.1935 -0.8362
vn 0.6568 0.1897 -0.7298
vn -0.3639 0.2135 -0.9067
vn 0.8007 0.1557 -0.5785
vn -0.2181 0.2266 -0.9493
vn 0.9199 0.1089 -0.3767
vn -0.0753 0.2341 -0.9693
vn -0.9912 0.0133 -0.1314
vn 0.6903 0.2643 -0.6735
vn -0.3965 0.3143 -0.8625
vn 0.8256 0.2108 -0.5234
vn -0.2404 0.3353 -0.9109
vn 0.9316 0.1424 -0.3345
vn -0.0845 0.3469 -0.9341
vn -0.9930 0.0244 -0.1154
vn 0.9914 0.0617 -0.1154
vn 0.0713 0.3499 -0.9341
vn -0.9363 0.1072 -0.3345
vn 0.2276 0.3441 -0.9109
vn -0.8329 0.1796 -0.5234
vn 0.3844 0.3291 -0.8625
vn -0.6997 0.2381 -0.6735
vn 0.5401 0.3031 -0.7851
vn -0.5511 0.2825 -0.7851
vn -0.9507 0.1364 -0.2786
vn 0.2553 0.4722 -0.8437
vn -0.8650 0.2306 -0.4457
vn 0.4263 0.4445 -0.7878
vn -0.7460 0.3119 -0.5884
vn 0.5879 0.4004 -0.7029
vn -0.6025 0.3780 -0.7029
vn 0.7337 0.3398 -0.5884
vn -0.4428 0.4281 -0.7878
vn 0.8557 0.2630 -0.4457
vn -0.2729 0.4622 -0.8437
vn 0.9448 0.1721 -0.2786
vn -0.0976 0.4809 -0.8713
vn -0.9949 0.0338 -0.0949
vn 0.9929 0.0713 -0.0949
vn 0.0795 0.4842 -0.8713
vn -0.5028 0.5545 -0.6631
vn 0.8869 0.3089 -0.3435
vn -0.3172 0.6110 -0.7253
vn 0.9577 0.1966 -0.2099
vn -0.1158 0.6423 -0.7577
vn -0.9966 0.0413 -0.0706
vn 0.9944 0.0788 -0.0706
vn 0.0915 0.6462 -0.7577
vn -0.9645 0.1604 -0.2099
vn 0.2939 0.6225 -0.7253
vn -0.8979 0.2752 -0.3435
vn 0.4816 0.5731 -0.6631
vn -0.7975 0.3821 -0.4669
vn 0.6463 0.5014 -0.5752
vn -0.6647 0.4767 -0.5752
vn 0.7826 0.4119 -0.4669
vn 0.3403 0.7841 -0.5189
vn -0.9257 0.3092 -0.2180
vn 0.5430 0.7016 -0.4613
vn -0.8448 0.4402 -0.3043
vn 0.7056 0.5935 -0.3872
vn -0.7274 0.5665 -0.3872
vn 0.8276 0.4717 -0.3043
vn -0.5691 0.6807 -0.4613
vn 0.9134 0.3439 -0.2180
vn -0.3696 0.7708 -0.5189
vn 0.9680 0.2141 -0.1307
vn -0.1379 0.8231 -0.5509
vn -0.9980 0.0464 -0.0435
vn 0.9955 0.0840 -0.0435
vn 0.1068 0.8277 -0.5509
vn -0.9754 0.1775 -0.1307
vn 0.9288 0.3630 -0.0749
vn -0.4112 0.8905 -0.1946
vn 0.9737 0.2233 -0.0444
vn -0.1562 0.9652 -0.2097
vn -0.9987 0.0491 -0.0147
vn 0.9961 0.0867 -0.0147
vn 0.1197 0.9704 -0.2097
vn -0.9815 0.1865 -0.0444
vn 0.3773 0.9054 -0.1946
vn -0.9418 0.3278 -0.0749
vn 0.5883 0.7908 -0.1689
vn -0.8740 0.4741 -0.1063
vn 0.7455 0.6520 -0.1382
vn -0.7695 0.6235 -0.1382
vn 0.8556 0.5067 -0.1063
vn -0.6177 0.7681 -0.1689
vn -0.9418 0.3278 0.0749
vn 0.5883 0.7908 0.1689
vn -0.8740 0.4741 0.1063
vn 0.7455 0.6520 0.1382
vn -0.7695 0.6235 0.1382
vn 0.8556 0.5066 0.1063
vn -0.6177 0.7681 0.1689
vn 0.9288 0.3630 0.0749
vn -0.4112 0.8905 0.1946
vn 0.9737 0.2233 0.0444
vn -0.1562 0.9652 0.2097
vn -0.9987 0.0491 0.0147
vn 0.9961 0.0867 0.0147
vn 0.1197 0.9704 0.2097
vn -0.9815 0.1865 0.0444
vn 0.3773 0.9054 0.1946
vn -0.3696 0.7708 0.5189
vn 0.9680 0.2141 0.1307
vn -0.1379 0.8231 0.5509
vn -0.9980 0.0464 0.0435
vn 0.9955 0.0840 0.0435
vn 0.1068 0.8277 0.5509
vn -0.9754 0.1775 0.1307
vn 0.3403 0.7841 0.5189
vn -0.9257 0.3092 0.2180
vn 0.5430 0.7016 0.4613
vn -0.8448 0.4402 0.3043
vn 0.7056 0.5935 0.3872
vn -0.7274 0.5665 0.3872
vn 0.8276 0.4717 0.3043
vn -0.5691 0.6807 0.4613
vn 0.9134 0.3439 0.2180
vn 0.4816 0.5731 0.6631
vn -0.7975 0.3821 0.4669
vn 0.6463 0.5014 0.5752
vn -0.6647 0.4767 0.5752
vn 0.7826 0.4119 0.4669
vn -0.5028 0.5545 0.6631
vn 0.8869 0.3089 0.3435
vn -0.3172 0.6110 0.7253
vn 0.9577 0.1966 0.2099
vn -0.1158 0.6423 0.7577
vn -0.9966 0.0413 0.0706
vn 0.9944 0.0788 0.0706
vn 0.0915 0.6462 0.7577
vn -0.9645 0.1604 0.2099
vn 0.2939 0.6225 0.7253
vn -0.8979 0.2752 0.3435
vn 0.9448 0.1721 0.2786
vn -0.0976 0.4809 0.8713
vn -0.9949 0.0338 0.0949
vn 0.9929 0.0713 0.0949
vn 0.0795 0.4842 0.8713
vn -0.9507 0.1364 0.2786
vn 0.2553 0.4722 0.8437
vn -0.8650 0.2306 0.4457
vn 0.4263 0.4445 0.7878
vn -0.7460 0.3119 0.5884
vn 0.5879 0.4004 0.7029
vn -0.6025 0.3780 0.7029
vn 0.7337 0.3398 0.5884
vn -0.4428 0.4281 0.7878
vn 0.8557 0.2630 0.4457
vn -0.2729 0.4622 0.8437
vn 0.5401 0.3031 0.7851
vn -0.5511 0.2825 0.7851
vn 0.6903 0.2643 0.6735
vn -0.3965 0.3143 0.8625
vn 0.8256 0.2108 0.5234
vn -0.2404 0.3353 0.9109
vn 0.9316 0.1424 0.3345
vn -0.0845 0.3469 0.9341
vn -0.9930 0.0244 0.1154
vn 0.9914 0.0617 0.1154
vn 0.0713 0.3499 0.9341
vn -0.9363 0.1072 0.3345
vn 0.2276 0.3441 0.9109
vn -0.8329 0.1796 0.5234
vn 0.3844 0.3291 0.8625
vn -0.6997 0.2381 0.6735
vn -0.9912 0.0133 0.1314
vn 0.9900 0.0506 0.1314
vn 0.0664 0.2368 0.9693
vn -0.9234 0.0741 0.3767
vn 0.2094 0.2346 0.9493
vn -0.8060 0.1254 0.5785
vn 0.3556 0.2270 0.9067
vn -0.6634 0.1649 0.7298
vn 0.5055 0.2127 0.8362
vn -0.5132 0.1935 0.8362
vn 0.6568 0.1897 0.7298
vn -0.3639 0.2135 0.9067
vn 0.8007 0.1557 0.5785
vn -0.2181 0.2266 0.9493
vn 0.9199 0.1089 0.3767
vn -0.0753 0.2341 0.9693
vn -0.4883 0.1102 0.8657
vn 0.6347 0.1173 0.7638
vn -0.3430 0.1220 0.9314
vn 0.7835 0.0994 0.6134
vn -0.2039 0.1300 0.9703
vn 0.9115 0.0730 0.4047
vn -0.0692 0.1350 0.9884
vn -0.9898 0.0010 0.1425
vn 0.9891 0.0383 0.1425
vn 0.0640 0.1375 0.9884
vn -0.9136 0.0386 0.4047
vn 0.1988 0.1376 0.9703
vn -0.7867 0.0698 0.6134
vn 0.3381 0.1348 0.9314
vn -0.6387 0.0933 0.7638
vn 0.4838 0.1285 0.8657
vn 0.0637 0.0458 0.9969
vn -0.9081 0.0016 0.4186
vn 0.1947 0.0475 0.9797
vn -0.7762 0.0136 0.6303
vn 0.3306 0.0484 0.9425
vn -0.6256 0.0231 0.7798
vn 0.4739 0.0483 0.8793
vn -0.4754 0.0304 0.8793
vn 0.6243 0.0467 0.7798
vn -0.3322 0.0359 0.9425
vn 0.7752 0.0428 0.6303
vn -0.1963 0.0402 0.9797
vn 0.9074 0.0358 0.4186
vn -0.0654 0.0434 0.9969
vn -0.9889 -0.0120 0.1481
vn 0.9887 0.0253 0.1481
vn -0.3927 -0.0173 0.9195
vn 0.0395 -0.0100 0.9992
vn -0.2354 -0.0149 0.9718
vn 0.0693 -0.0094 0.9976
vn -0.1558 -0.0136 0.9877
vn 0.1060 -0.0087 0.9943
vn -0.1056 -0.0127 0.9943
vn 0.1562 -0.0077 0.9877
vn -0.0689 -0.0120 0.9976
vn 0.2358 -0.0060 0.9718
vn -0.0391 -0.0115 0.9992
vn 0.3931 -0.0025 0.9195
vn -0.0126 -0.0110 0.9999
vn -0.7960 -0.0215 0.6050
vn 0.7962 0.0085 0.6050
vn 0.0130 -0.0105 0.9999
vn -0.0126 -0.0334 0.9994
vn -0.8068 -0.0348 0.5898
vn 0.8075 -0.0044 0.5898
vn 0.0139 -0.0329 0.9994
vn -0.4053 -0.0379 0.9134
vn 0.0415 -0.0324 0.9986
vn -0.2438 -0.0368 0.9691
vn 0.0724 -0.0317 0.9969
vn -0.1614 -0.0358 0.9862
vn 0.1105 -0.0309 0.9934
vn -0.1093 -0.0350 0.9934
vn 0.1626 -0.0297 0.9862
vn -0.0712 -0.0344 0.9969
vn 0.2450 -0.0275 0.9691
vn -0.0402 -0.0339 0.9986
vn 0.4064 -0.0227 0.9134
vn 0.1201 -0.0557 0.9912
vn -0.1179 -0.0602 0.9912
vn 0.1762 -0.0542 0.9829
vn -0.0767 -0.0596 0.9953
vn 0.2646 -0.0513 0.9630
vn -0.0431 -0.0591 0.9973
vn 0.4347 -0.0444 0.8995
vn -0.0133 -0.0586 0.9982
vn -0.8283 -0.0482 0.5582
vn 0.8295 -0.0170 0.5582
vn 0.0155 -0.0581 0.9982
vn -0.4327 -0.0607 0.8995
vn 0.0453 -0.0575 0.9973
vn -0.2624 -0.0613 0.9630
vn 0.0789 -0.0567 0.9953
vn -0.1741 -0.0607 0.9829
vn 0.8610 -0.0294 0.5077
vn 0.0180 -0.0891 0.9959
vn -0.4790 -0.0874 0.8735
vn 0.0520 -0.0883 0.9947
vn -0.2953 -0.0909 0.9511
vn 0.0902 -0.0874 0.9921
vn -0.1968 -0.0913 0.9762
vn 0.1368 -0.0860 0.9869
vn -0.1335 -0.0911 0.9869
vn 0.2001 -0.0839 0.9762
vn -0.0868 -0.0907 0.9921
vn 0.2985 -0.0798 0.9511
vn -0.0487 -0.0902 0.9947
vn 0.4819 -0.0693 0.8735
vn -0.0147 -0.0897 0.9959
vn -0.8593 -0.0618 0.5077
vn 0.2409 -0.1238 0.9626
vn -0.1046 -0.1333 0.9855
vn 0.3551 -0.1169 0.9275
vn -0.0585 -0.1330 0.9894
vn 0.5554 -0.0996 0.8256
vn -0.0174 -0.1324 0.9910
vn -0.8972 -0.0749 0.4352
vn 0.8994 -0.0411 0.4352
vn 0.0223 -0.1317 0.9910
vn -0.5513 -0.1204 0.8256
vn 0.0635 -0.1307 0.9894
vn -0.3505 -0.1302 0.9275
vn 0.1096 -0.1293 0.9855
vn -0.2361 -0.1328 0.9626
vn 0.1656 -0.1272 0.9779
vn -0.1607 -0.1334 0.9779
vn -0.6593 -0.1627 0.7341
vn 0.0848 -0.1983 0.9765
vn -0.4449 -0.1876 0.8757
vn 0.1456 -0.1957 0.9698
vn -0.3069 -0.1964 0.9313
vn 0.2185 -0.1917 0.9568
vn -0.2112 -0.1998 0.9568
vn 0.3141 -0.1847 0.9313
vn -0.1381 -0.2011 0.9698
vn 0.4517 -0.1707 0.8757
vn -0.0773 -0.2013 0.9765
vn 0.6650 -0.1377 0.7341
vn -0.0226 -0.2009 0.9794
vn -0.9372 -0.0868 0.3378
vn 0.9398 -0.0514 0.3378
vn 0.0302 -0.1999 0.9794
vn -0.2118 -0.3351 0.9181
vn 0.6210 -0.2555 0.7410
vn -0.1195 -0.3388 0.9332
vn 0.8130 -0.1839 0.5525
vn -0.0348 -0.3396 0.9399
vn -0.9717 -0.0961 0.2157
vn 0.9746 -0.0594 0.2157
vn 0.0475 -0.3381 0.9399
vn -0.8055 -0.2144 0.5525
vn 0.1321 -0.3341 0.9332
vn -0.6109 -0.2787 0.7410
vn 0.2243 -0.3269 0.9181
vn -0.4481 -0.3107 0.8382
vn 0.3305 -0.3147 0.8898
vn -0.3184 -0.3269 0.8898
vn 0.4595 -0.2936 0.8382
vn 0.2716 -0.7129 0.6465
vn -0.8475 -0.4016 0.3472
vn 0.4385 -0.6642 0.6054
vn -0.7219 -0.5203 0.4562
vn 0.5970 -0.5911 0.5423
vn -0.5743 -0.6132 0.5423
vn 0.7410 -0.4927 0.4562
vn -0.4132 -0.6802 0.6054
vn 0.8620 -0.3694 0.3472
vn -0.2445 -0.7227 0.6465
vn 0.9499 -0.2241 0.2179
vn -0.0725 -0.7418 0.6667
vn -0.9921 -0.1013 0.0744
vn 0.9952 -0.0639 0.0744
vn 0.1003 -0.7386 0.6667
vn -0.9408 -0.2598 0.2179
vn 0.8620 -0.3694 -0.3472
vn -0.2445 -0.7227 -0.6465
vn 0.9499 -0.2242 -0.2179
vn -0.0725 -0.7418 -0.6667
vn -0.9921 -0.1013 -0.0744
vn 0.9952 -0.0639 -0.0744
vn 0.1003 -0.7386 -0.6667
vn -0.9408 -0.2598 -0.2179
vn 0.2716 -0.7129 -0.6465
vn -0.8475 -0.4016 -0.3472
vn 0.4385 -0.6642 -0.6054
vn -0.7219 -0.5203 -0.4562
vn 0.5970 -0.5911 -0.5423
vn -0.5743 -0.6132 -0.5423
vn 0.7410 -0.4927 -0.4562
vn -0.4132 -0.6802 -0.6054
vn -0.6109 -0.2787 -0.7410
vn 0.2243 -0.3269 -0.9181
vn -0.4481 -0.3107 -0.8382
vn 0.3305 -0.3147 -0.8898
vn -0.3184 -0.3269 -0.8898
vn 0.4595 -0.2936 -0.8382
vn -0.2118 -0.3351 -0.9181
vn 0.6210 -0.2555 -0.7410
vn -0.1195 -0.3388 -0.9332
vn 0.8130 -0.1839 -0.5525
vn -0.0348 -0.3396 -0.9399
vn -0.9717 -0.0961 -0.2157
vn 0.9746 -0.0594 -0.2157
vn 0.0475 -0.3381 -0.9399
vn -0.8055 -0.2144 -0.5525
vn 0.1321 -0.3341 -0.9332
vn -0.0773 -0.2013 -0.9765
vn 0.6650 -0.1377 -0.7341
vn -0.0226 -0.2009 -0.9794
vn -0.9372 -0.0868 -0.3378
vn 0.9398 -0.0514 -0.3378
vn 0.0302 -0.1999 -0.9794
vn -0.6593 -0.1627 -0.7341
vn 0.0848 -0.1982 -0.9765
vn -0.4449 -0.1876 -0.8757
vn 0.1456 -0.1957 -0.9698
vn -0.3069 -0.1964 -0.9313
vn 0.2185 -0.1917 -0.9568
vn -0.2112 -0.1998 -0.9568
vn 0.3141 -0.1847 -0.9313
vn -0.1381 -0.2011 -0.9698
vn 0.4516 -0.1707 -0.8757
vn 0.1096 -0.1293 -0.9855
vn -0.2361 -0.1328 -0.9626
vn 0.1656 -0.1272 -0.9779
vn -0.1607 -0.1334 -0.9779
vn 0.2409 -0.1238 -0.9626
vn -0.1046 -0.1333 -0.9855
vn 0.3551 -0.1169 -0.9275
vn -0.0585 -0.1330 -0.9894
vn 0.5554 -0.0996 -0.8256
vn -0.0174 -0.1324 -0.9910
vn -0.8972 -0.0749 -0.4352
vn 0.8994 -0.0411 -0.4352
vn 0.0223 -0.1317 -0.9910
vn -0.5513 -0.1204 -0.8256
vn 0.0635 -0.1307 -0.9894
vn -0.3505 -0.1302 -0.9275
vn 0.4819 -0.0693 -0.8735
vn -0.0147 -0.0897 -0.9959
vn -0.8593 -0.0618 -0.5077
vn 0.8610 -0.0294 -0.5077
vn 0.0180 -0.0891 -0.9959
vn -0.4790 -0.0874 -0.8735
vn 0.0520 -0.0883 -0.9947
vn -0.2953 -0.0909 -0.9511
vn 0.0902 -0.0874 -0.9921
vn -0.1968 -0.0913 -0.9762
vn 0.1368 -0.0860 -0.9869
vn -0.1335 -0.0911 -0.9869
vn 0.2001 -0.0839 -0.9762
vn -0.0868 -0.0907 -0.9921
vn 0.2985 -0.0798 -0.9511
vn -0.0487 -0.0902 -0.9947
vn 0.1201 -0.0557 -0.9912
vn -0.1179 -0.0602 -0.9912
vn 0.1762 -0.0542 -0.9829
vn -0.0767 -0.0596 -0.9953
vn 0.2646 -0.0513 -0.9630
vn -0.0431 -0.0591 -0.9973
vn 0.4347 -0.0444 -0.8995
vn -0.0133 -0.0586 -0.9982
vn -0.8283 -0.0482 -0.5582
vn 0.8295 -0.0170 -0.5582
vn 0.0155 -0.0581 -0.9982
vn -0.4327 -0.0607 -0.8995
vn 0.0453 -0.0575 -0.9973
vn -0.2624 -0.0613 -0.9630
vn 0.0789 -0.0567 -0.9953
vn -0.1741 -0.0607 -0.9829
vn -0.8068 -0.0348 -0.5898
vn 0.8075 -0.0044 -0.5898
vn 0.0139 -0.0329 -0.9994
vn -0.4053 -0.0379 -0.9134
vn 0.0415 -0.0324 -0.9986
vn -0.2438 -0.0368 -0.9691
vn 0.0724 -0.0317 -0.9969
vn -0.1614 -0.0358 -0.9862
vn 0.1105 -0.0309 -0.9934
vn -0.1093 -0.0350 -0.9934
vn 0.1626 -0.0297 -0.9862
vn -0.0712 -0.0344 -0.9969
vn 0.2450 -0.0275 -0.9691
vn -0.0402 -0.0339 -0.9986
vn 0.4064 -0.0227 -0.9134
vn -0.0126 -0.0334 -0.9994
vn -0.1056 -0.0127 -0.9943
vn 0.1562 -0.0077 -0.9877
vn -0.0689 -0.0120 -0.9976
vn 0.2358 -0.0060 -0.9718
vn -0.0391 -0.0115 -0.9992
vn 0.3931 -0.0025 -0.9195
vn -0.0126 -0.0110 -0.9999
vn -0.7960 -0.0215 -0.6050
vn 0.7962 0.0085 -0.6050
vn 0.0130 -0.0105 -0.9999
vn -0.3927 -0.0173 -0.9195
vn 0.0395 -0.0100 -0.9992
vn -0.2354 -0.0149 -0.9718
vn 0.0693 -0.0094 -0.9976
vn -0.1558 -0.0136 -0.9877
vn 0.1060 -0.0087 -0.9943
vn 0.0126 0.0110 -0.9999
vn -0.3931 0.0025 -0.9195
vn 0.0391 0.0115 -0.9992
vn -0.2358 0.0060 -0.9718
vn 0.0689 0.0120 -0.9976
vn -0.1562 0.0077 -0.9877
vn 0.1056 0.0127 -0.9943
vn -0.1060 0.0087 -0.9943
vn 0.1558 0.0136 -0.9877
vn -0.0693 0.0094 -0.9976
vn 0.2354 0.0149 -0.9718
vn -0.0395 0.0100 -0.9992
vn 0.3927 0.0173 -0.9195
vn -0.0130 0.0105 -0.9999
vn -0.7962 -0.0085 -0.6050
vn 0.7960 0.0215 -0.6050
vn 0.1614 0.0358 -0.9862
vn -0.0724 0.0317 -0.9969
vn 0.2438 0.0368 -0.9691
vn -0.0415 0.0324 -0.9986
vn 0.4053 0.0379 -0.9134
vn -0.0139 0.0329 -0.9994
vn -0.8075 0.0044 -0.5898
vn 0.8068 0.0348 -0.5898
vn 0.0126 0.0334 -0.9994
vn -0.4064 0.0227 -0.9134
vn 0.0402 0.0339 -0.9986
vn -0.2450 0.0275 -0.9691
vn 0.0712 0.0344 -0.9969
vn -0.1626 0.0297 -0.9862
vn 0.1093 0.0350 -0.9934
vn -0.1105 0.0309 -0.9934
vn -0.4347 0.0444 -0.8995
vn 0.0431 0.0591 -0.9973
vn -0.2646 0.0513 -0.9630
vn 0.0767 0.0596 -0.9953
vn -0.1762 0.0542 -0.9829
vn 0.1179 0.0602 -0.9912
vn -0.1201 0.0557 -0.9912
vn 0.1741 0.0607 -0.9829
vn -0.0789 0.0567 -0.9953
vn 0.2624 0.0613 -0.9630
vn -0.0453 0.0575 -0.9973
vn 0.4327 0.0607 -0.8995
vn -0.0155 0.0581 -0.9982
vn -0.8295 0.0170 -0.5582
vn 0.8283 0.0482 -0.5582
vn 0.0133 0.0586 -0.9982
vn -0.0902 0.0874 -0.9921
vn 0.2953 0.0909 -0.9511
vn -0.0520 0.0883 -0.9947
vn 0.4790 0.0874 -0.8735
vn -0.0180 0.0891 -0.9959
vn -0.8610 0.0294 -0.5077
vn 0.8593 0.0618 -0.5077
vn 0.0147 0.0897 -0.9959
vn -0.4819 0.0693 -0.8735
vn 0.0487 0.0902 -0.9947
vn -0.2985 0.0798 -0.9511
vn 0.0868 0.0907 -0.9921
vn -0.2001 0.0839 -0.9762
vn 0.1335 0.0911 -0.9869
vn -0.1368 0.0860 -0.9869
vn 0.1968 0.0913 -0.9762
vn 0.0585 0.1330 -0.9894
vn -0.3551 0.1169 -0.9275
vn 0.1046 0.1333 -0.9855
vn -0.2409 0.1238 -0.9626
vn 0.1607 0.1334 -0.9779
vn -0.1656 0.1272 -0.9779
vn 0.2361 0.1328 -0.9626
vn -0.1096 0.1293 -0.9855
vn 0.3505 0.1302 -0.9275
vn -0.0635 0.1307 -0.9894
vn 0.5513 0.1204 -0.8256
vn -0.0223 0.1317 -0.9910
vn -0.8994 0.0411 -0.4352
vn 0.8972 0.0749 -0.4352
vn 0.0174 0.1324 -0.9910
vn -0.5554 0.0996 -0.8256
vn 0.4449 0.1876 -0.8757
vn -0.0848 0.1983 -0.9765
vn 0.6593 0.1627 -0.7341
vn -0.0302 0.1999 -0.9794
vn -0.9398 0.0514 -0.3378
vn 0.9372 0.0868 -0.3378
vn 0.0226 0.2009 -0.9794
vn -0.6650 0.1377 -0.7341
vn 0.0773 0.2013 -0.9765
vn -0.4516 0.1707 -0.8757
vn 0.1381 0.2011 -0.9698
vn -0.3141 0.1847 -0.9313
vn 0.2112 0.1998 -0.9568
vn -0.2185 0.1917 -0.9568
vn 0.3069 0.1964 -0.9313
vn -0.1456 0.1957 -0.9698
vn 0.2118 0.3351 -0.9181
vn -0.4595 0.2936 -0.8382
vn 0.3184 0.3269 -0.8898
vn -0.3305 0.3147 -0.8898
vn 0.4481 0.3107 -0.8382
vn -0.2243 0.3269 -0.9181
vn 0.6109 0.2787 -0.7410
vn -0.1321 0.3341 -0.9332
vn 0.8055 0.2144 -0.5525
vn -0.0475 0.3381 -0.9399
vn -0.9746 0.0594 -0.2157
vn 0.9717 0.0961 -0.2157
vn 0.0348 0.3396 -0.9399
vn -0.8130 0.1839 -0.5525
vn 0.1195 0.3388 -0.9332
vn -0.6210 0.2555 -0.7410
vn 0.9408 0.2598 -0.2179
vn -0.1003 0.7386 -0.6667
vn -0.9952 0.0639 -0.0744
vn 0.9921 0.1013 -0.0744
vn 0.0725 0.7418 -0.6667
vn -0.9499 0.2242 -0.2179
vn 0.2445 0.7227 -0.6465
vn -0.8620 0.3694 -0.3472
vn 0.4132 0.6802 -0.6054
vn -0.7410 0.4927 -0.4562
vn 0.5744 0.6132 -0.5423
vn -0.5970 0.5911 -0.5423
vn 0.7219 0.5203 -0.4562
vn -0.4385 0.6642 -0.6054
vn 0.8475 0.4016 -0.3472
vn -0.2716 0.7129 -0.6465
vn -0.7410 0.4927 0.4562
vn 0.5743 0.6132 0.5423
vn -0.5970 0.5911 0.5423
vn 0.7219 0.5203 0.4562
vn -0.4385 0.6642 0.6054
vn 0.8475 0.4016 0.3472
vn -0.2716 0.7129 0.6465
vn 0.9408 0.2598 0.2179
vn -0.1003 0.7386 0.6667
vn -0.9952 0.0639 0.0744
vn 0.9921 0.1013 0.0744
vn 0.0725 0.7418 0.6667
vn -0.9499 0.2241 0.2179
vn 0.2445 0.7227 0.6465
vn -0.8620 0.3694 0.3472
vn 0.4132 0.6802 0.6054
vn -0.0475 0.3381 0.9399
vn -0.9746 0.0594 0.2157
vn 0.9717 0.0961 0.2157
vn 0.0348 0.3396 0.9399
vn -0.8130 0.1839 0.5525
vn 0.1195 0.3388 0.9332
vn -0.6210 0.2555 0.7410
vn 0.2118 0.3351 0.9181
vn -0.4595 0.2936 0.8382
vn 0.3184 0.3269 0.8898
vn -0.3305 0.3147 0.8898
vn 0.4481 0.3107 0.8382
vn -0.2243 0.3269 0.9181
vn 0.6109 0.2787 0.7410
vn -0.1321 0.3341 0.9332
vn 0.8055 0.2144 0.5525
vn 0.2112 0.1998 0.9568
vn -0.2185 0.1917 0.9568
vn 0.3069 0.1964 0.9313
vn -0.1456 0.1957 0.9698
vn 0.4449 0.1876 0.8757
vn -0.0848 0.1983 0.9765
vn 0.6593 0.1627 0.7341
vn -0.0302 0.1999 0.9794
vn -0.9398 0.0514 0.3378
vn 0.9372 0.0868 0.3378
vn 0.0226 0.2009 0.9794
vn -0.6650 0.1377 0.7341
vn 0.0773 0.2013 0.9765
vn -0.4517 0.1707 0.8757
vn 0.1381 0.2011 0.9698
vn -0.3141 0.1847 0.9313
vn -0.8994 0.0411 0.4352
vn 0.8972 0.0749 0.4352
vn 0.0174 0.1324 0.9910
vn -0.5554 0.0996 0.8256
vn 0.0585 0.1330 0.9894
vn -0.3551 0.1169 0.9275
vn 0.1046 0.1333 0.9855
vn -0.2409 0.1238 0.9626
vn 0.1607 0.1334 0.9779
vn -0.1656 0.1272 0.9779
vn 0.2361 0.1328 0.9626
vn -0.1096 0.1293 0.9855
vn 0.3505 0.1302 0.9275
vn -0.0635 0.1307 0.9894
vn 0.5513 0.1204 0.8256
vn -0.0223 0.1317 0.9910
vn -0.1368 0.0860 0.9869
vn 0.1968 0.0913 0.9762
vn -0.0902 0.0874 0.9921
vn 0.2953 0.0909 0.9511
vn -0.0520 0.0883 0.9947
vn 0.4790 0.0874 0.8735
vn -0.0180 0.0891 0.9959
vn -0.8610 0.0294 0.5077
vn 0.8593 0.0618 0.5077
vn 0.0147 0.0897 0.9959
vn -0.4819 0.0693 0.8735
vn 0.0487 0.0902 0.9947
vn -0.2985 0.0798 0.9511
vn 0.0868 0.0907 0.9921
vn -0.2001 0.0839 0.9762
vn 0.1335 0.0911 0.9869
vn 0.0133 0.0586 0.9982
vn -0.4347 0.0444 0.8995
vn 0.0431 0.0591 0.9973
vn -0.2646 0.0513 0.9630
vn 0.0767 0.0596 0.9953
vn -0.1762 0.0542 0.9829
vn 0.1179 0.0602 0.9912
vn -0.1201 0.0557 0.9912
vn 0.1741 0.0607 0.9829
vn -0.0789 0.0567 0.9953
vn 0.2624 0.0613 0.9630
vn -0.0453 0.0575 0.9973
vn 0.4327 0.0607 0.8995
vn -0.0155 0.0581 0.9982
vn -0.8295 0.0170 0.5582
vn 0.8283 0.0482 0.5582
vn 0.1614 0.0358 0.9862
vn -0.0724 0.0317 0.9969
vn 0.2438 0.0368 0.9691
vn -0.0415 0.0324 0.9986
vn 0.4053 0.0379 0.9134
vn -0.0139 0.0329 0.9994
vn -0.8075 0.0044 0.5898
vn 0.8068 0.0348 0.5898
vn 0.0126 0.0334 0.9994
vn -0.4064 0.0227 0.9134
vn 0.0402 0.0339 0.9986
vn -0.2450 0.0275 0.9691
vn 0.0712 0.0344 0.9969
vn -0.1626 0.0297 0.9862
vn 0.1093 0.0350 0.9934
vn -0.1105 0.0309 0.9934
vn 0.0391 0.0115 0.9992
vn -0.2358 0.0060 0.9718
vn 0.0689 0.0120 0.9976
vn -0.1562 0.0077 0.9877
vn 0.1056 0.0127 0.9943
vn -0.1060 0.0087 0.9943
vn 0.1558 0.0136 0.9877
vn -0.0693 0.0094 0.9976
vn 0.2354 0.0149 0.9718
vn -0.0395 0.0100 0.9992
vn 0.3927 0.0173 0.9195
vn -0.0130 0.0105 0.9999
vn -0.7962 -0.0085 0.6050
vn 0.7960 0.0215 0.6050
vn 0.0126 0.0110 0.9999
vn -0.3931 0.0025 0.9195
vn 0.3814 -0.0342 0.9238
vn -0.0115 -0.0449 0.9989
vn -0.7845 -0.0425 0.6187
vn 0.7856 -0.0129 0.6187
vn 0.0131 -0.0445 0.9989
vn -0.3798 -0.0485 0.9238
vn 0.0387 -0.0440 0.9983
vn -0.2266 -0.0478 0.9728
vn 0.0674 -0.0434 0.9968
vn -0.1496 -0.0470 0.9876
vn 0.1028 -0.0426 0.9938
vn -0.1011 -0.0464 0.9938
vn 0.1512 -0.0414 0.9876
vn -0.0657 -0.0459 0.9968
vn 0.2283 -0.0393 0.9728
vn -0.0370 -0.0454 0.9983
vn -0.0661 -0.1375 0.9883
vn 0.2367 -0.1284 0.9631
vn -0.0365 -0.1372 0.9899
vn 0.3931 -0.1184 0.9119
vn -0.0101 -0.1368 0.9905
vn -0.7926 -0.0979 0.6018
vn 0.7957 -0.0680 0.6018
vn 0.0153 -0.1363 0.9905
vn -0.3883 -0.1331 0.9119
vn 0.0416 -0.1357 0.9899
vn -0.2317 -0.1372 0.9631
vn 0.0712 -0.1350 0.9883
vn -0.1525 -0.1378 0.9787
vn 0.1076 -0.1338 0.9851
vn -0.1025 -0.1378 0.9851
vn 0.1575 -0.1320 0.9787
vn 0.0460 -0.2351 0.9709
vn -0.2440 -0.2333 0.9413
vn 0.0775 -0.2340 0.9691
vn -0.1603 -0.2359 0.9585
vn 0.1162 -0.2325 0.9656
vn -0.1073 -0.2367 0.9656
vn 0.1691 -0.2297 0.9585
vn -0.0686 -0.2368 0.9691
vn 0.2527 -0.2240 0.9413
vn -0.0371 -0.2366 0.9709
vn 0.4157 -0.2074 0.8855
vn -0.0091 -0.2363 0.9716
vn -0.8094 -0.1530 0.5670
vn 0.8145 -0.1224 0.5670
vn 0.0179 -0.2358 0.9716
vn -0.4076 -0.2229 0.8855
vn 0.2778 -0.3312 0.9017
vn -0.0391 -0.3499 0.9360
vn 0.4509 -0.3045 0.8390
vn -0.0083 -0.3497 0.9368
vn -0.8335 -0.2069 0.5124
vn 0.8407 -0.1753 0.5124
vn 0.0214 -0.3491 0.9368
vn -0.4391 -0.3213 0.8390
vn 0.0523 -0.3482 0.9360
vn -0.2651 -0.3414 0.9017
vn 0.0869 -0.3468 0.9339
vn -0.1742 -0.3471 0.9215
vn 0.1293 -0.3445 0.9298
vn -0.1162 -0.3491 0.9298
vn 0.1871 -0.3403 0.9215
vn -0.0738 -0.3498 0.9339
vn 0.1004 -0.4807 0.8711
vn -0.1956 -0.4780 0.8563
vn 0.1484 -0.4771 0.8662
vn -0.1303 -0.4823 0.8662
vn 0.2135 -0.4703 0.8563
vn -0.0822 -0.4841 0.8711
vn 0.3142 -0.4555 0.8329
vn -0.0428 -0.4848 0.8736
vn 0.5001 -0.4124 0.7615
vn -0.0078 -0.4847 0.8747
vn -0.8625 -0.2576 0.4356
vn 0.8716 -0.2249 0.4356
vn 0.0260 -0.4840 0.8747
vn -0.4842 -0.4309 0.7615
vn 0.0611 -0.4828 0.8736
vn -0.2968 -0.4670 0.8329
vn 0.5625 -0.5295 0.6350
vn -0.0076 -0.6480 0.7616
vn -0.8925 -0.3019 0.3352
vn 0.9032 -0.2681 0.3352
vn 0.0320 -0.6472 0.7616
vn -0.5421 -0.5503 0.6350
vn 0.0730 -0.6454 0.7604
vn -0.3405 -0.6129 0.7130
vn 0.1189 -0.6420 0.7574
vn -0.2260 -0.6336 0.7399
vn 0.1748 -0.6360 0.7516
vn -0.1507 -0.6421 0.7516
vn 0.2497 -0.6246 0.7399
vn -0.0947 -0.6460 0.7574
vn 0.3634 -0.5996 0.7130
vn -0.0487 -0.6477 0.7604
vn -0.2633 -0.8040 0.5332
vn 0.2069 -0.8126 0.5448
vn -0.1762 -0.8198 0.5448
vn 0.2934 -0.7935 0.5332
vn -0.1106 -0.8274 0.5507
vn 0.4208 -0.7521 0.5071
vn -0.0563 -0.8308 0.5537
vn 0.6293 -0.6428 0.4368
vn -0.0078 -0.8318 0.5549
vn -0.9178 -0.3355 0.2123
vn 0.9298 -0.3007 0.2123
vn 0.0391 -0.8310 0.5549
vn -0.6046 -0.6660 0.4368
vn 0.0876 -0.8281 0.5537
vn -0.3922 -0.7674 0.5071
vn 0.1417 -0.8226 0.5507
vn -0.0081 -0.9773 0.2117
vn -0.9324 -0.3539 0.0729
vn 0.9451 -0.3185 0.0729
vn 0.0449 -0.9763 0.2117
vn -0.6493 -0.7439 0.1585
vn 0.0996 -0.9724 0.2111
vn -0.4327 -0.8815 0.1892
vn 0.1604 -0.9645 0.2096
vn -0.2937 -0.9345 0.2012
vn 0.2333 -0.9502 0.2068
vn -0.1974 -0.9583 0.2068
vn 0.3287 -0.9228 0.2012
vn -0.1240 -0.9699 0.2096
vn 0.4656 -0.8645 0.1892
vn -0.0629 -0.9754 0.2111
vn 0.6768 -0.7189 0.1585
vn 0.2333 -0.9502 -0.2068
vn -0.1974 -0.9583 -0.2068
vn 0.3287 -0.9228 -0.2013
vn -0.1240 -0.9699 -0.2096
vn 0.4656 -0.8645 -0.1892
vn -0.0629 -0.9754 -0.2111
vn 0.6768 -0.7189 -0.1585
vn -0.0081 -0.9773 -0.2117
vn -0.9324 -0.3539 -0.0729
vn 0.9451 -0.3185 -0.0729
vn 0.0449 -0.9763 -0.2117
vn -0.6493 -0.7439 -0.1585
vn 0.0996 -0.9724 -0.2111
vn -0.4327 -0.8815 -0.1892
vn 0.1604 -0.9645 -0.2096
vn -0.2937 -0.9345 -0.2013
vn -0.9178 -0.3355 -0.2123
vn 0.9298 -0.3007 -0.2124
vn 0.0391 -0.8310 -0.5549
vn -0.6046 -0.6660 -0.4368
vn 0.0876 -0.8281 -0.5537
vn -0.3922 -0.7674 -0.5071
vn 0.1417 -0.8226 -0.5507
vn -0.2633 -0.8040 -0.5332
vn 0.2069 -0.8126 -0.5448
vn -0.1762 -0.8198 -0.5448
vn 0.2934 -0.7935 -0.5332
vn -0.1106 -0.8274 -0.5507
vn 0.4208 -0.7521 -0.5071
vn -0.0563 -0.8308 -0.5537
vn 0.6293 -0.6428 -0.4368
vn -0.0078 -0.8318 -0.5549
vn -0.1507 -0.6421 -0.7516
vn 0.2497 -0.6246 -0.7399
vn -0.0947 -0.6460 -0.7574
vn 0.3634 -0.5996 -0.7130
vn -0.0487 -0.6477 -0.7604
vn 0.5625 -0.5295 -0.6350
vn -0.0076 -0.6480 -0.7616
vn -0.8925 -0.3019 -0.3352
vn 0.9032 -0.2681 -0.3352
vn 0.0320 -0.6472 -0.7616
vn -0.5421 -0.5503 -0.6350
vn 0.0730 -0.6454 -0.7604
vn -0.3405 -0.6129 -0.7130
vn 0.1189 -0.6420 -0.7574
vn -0.2260 -0.6336 -0.7399
vn 0.1748 -0.6360 -0.7516
vn 0.0260 -0.4840 -0.8747
vn -0.4842 -0.4309 -0.7615
vn 0.0611 -0.4828 -0.8736
vn -0.2968 -0.4670 -0.8329
vn 0.1004 -0.4807 -0.8711
vn -0.1956 -0.4780 -0.8563
vn 0.1484 -0.4771 -0.8662
vn -0.1303 -0.4823 -0.8662
vn 0.2135 -0.4703 -0.8563
vn -0.0822 -0.4841 -0.8711
vn 0.3142 -0.4555 -0.8329
vn -0.0428 -0.4848 -0.8736
vn 0.5001 -0.4124 -0.7615
vn -0.0078 -0.4847 -0.8747
vn -0.8625 -0.2576 -0.4356
vn 0.8716 -0.2249 -0.4356
vn 0.1871 -0.3403 -0.9215
vn -0.0738 -0.3498 -0.9339
vn 0.2778 -0.3312 -0.9017
vn -0.0391 -0.3499 -0.9360
vn 0.4509 -0.3045 -0.8390
vn -0.0083 -0.3497 -0.9368
vn -0.8335 -0.2069 -0.5124
vn 0.8407 -0.1753 -0.5124
vn 0.0214 -0.3491 -0.9368
vn -0.4391 -0.3213 -0.8390
vn 0.0523 -0.3482 -0.9360
vn -0.2651 -0.3414 -0.9017
vn 0.0869 -0.3468 -0.9339
vn -0.1742 -0.3471 -0.9215
vn 0.1293 -0.3445 -0.9298
vn -0.1162 -0.3491 -0.9298
vn 0.0460 -0.2351 -0.9709
vn -0.2440 -0.2333 -0.9413
vn 0.0775 -0.2340 -0.9691
vn -0.1603 -0.2359 -0.9585
vn 0.1162 -0.2325 -0.9656
vn -0.1073 -0.2367 -0.9656
vn 0.1691 -0.2297 -0.9585
vn -0.0686 -0.2368 -0.9691
vn 0.2527 -0.2240 -0.9413
vn -0.0371 -0.2366 -0.9709
vn 0.4157 -0.2074 -0.8855
vn -0.0090 -0.2363 -0.9716
vn -0.8093 -0.1530 -0.5670
vn 0.8145 -0.1224 -0.5670
vn 0.0179 -0.2358 -0.9716
vn -0.4076 -0.2229 -0.8855
vn 0.2367 -0.1284 -0.9631
vn -0.0365 -0.1372 -0.9899
vn 0.3931 -0.1184 -0.9119
vn -0.0101 -0.1368 -0.9905
vn -0.7926 -0.0979 -0.6018
vn 0.7957 -0.0680 -0.6018
vn 0.0153 -0.1363 -0.9905
vn -0.3883 -0.1331 -0.9119
vn 0.0416 -0.1357 -0.9899
vn -0.2317 -0.1372 -0.9631
vn 0.0712 -0.1350 -0.9883
vn -0.1525 -0.1378 -0.9787
vn 0.1076 -0.1338 -0.9851
vn -0.1025 -0.1378 -0.9851
vn 0.1575 -0.1320 -0.9787
vn -0.0661 -0.1375 -0.9883
vn -0.2266 -0.0478 -0.9728
vn 0.0674 -0.0434 -0.9968
vn -0.1496 -0.0470 -0.9876
vn 0.1028 -0.0426 -0.9938
vn -0.1011 -0.0464 -0.9938
vn 0.1512 -0.0414 -0.9876
vn -0.0657 -0.0459 -0.9968
vn 0.2283 -0.0393 -0.9728
vn -0.0370 -0.0454 -0.9983
vn 0.3814 -0.0342 -0.9238
vn -0.0115 -0.0449 -0.9989
vn -0.7845 -0.0425 -0.6187
vn 0.7856 -0.0129 -0.6187
vn 0.0131 -0.0445 -0.9989
vn -0.3798 -0.0485 -0.9238
vn 0.0387 -0.0440 -0.9983
vn -0.0387 0.0440 -0.9983
vn 0.3798 0.0485 -0.9238
vn -0.0131 0.0445 -0.9989
vn -0.7856 0.0129 -0.6187
vn 0.7845 0.0425 -0.6187
vn 0.0115 0.0449 -0.9989
vn -0.3814 0.0342 -0.9238
vn 0.0370 0.0454 -0.9983
vn -0.2283 0.0393 -0.9728
vn 0.0657 0.0459 -0.9968
vn -0.1512 0.0414 -0.9876
vn 0.1011 0.0464 -0.9938
vn -0.1028 0.0426 -0.9938
vn 0.1496 0.0470 -0.9876
vn -0.0674 0.0434 -0.9968
vn 0.2266 0.0478 -0.9728
vn 0.0661 0.1375 -0.9883
vn -0.1575 0.1320 -0.9787
vn 0.1025 0.1378 -0.9851
vn -0.1076 0.1338 -0.9851
vn 0.1525 0.1378 -0.9787
vn -0.0712 0.1350 -0.9883
vn 0.2317 0.1372 -0.9631
vn -0.0416 0.1357 -0.9899
vn 0.3883 0.1331 -0.9119
vn -0.0153 0.1363 -0.9905
vn -0.7957 0.0680 -0.6018
vn 0.7926 0.0979 -0.6018
vn 0.0101 0.1368 -0.9905
vn -0.3931 0.1184 -0.9119
vn 0.0365 0.1372 -0.9899
vn -0.2367 0.1284 -0.9631
vn 0.4076 0.2229 -0.8855
vn -0.0179 0.2358 -0.9716
vn -0.8145 0.1224 -0.5670
vn 0.8093 0.1530 -0.5670
vn 0.0090 0.2363 -0.9716
vn -0.4157 0.2074 -0.8855
vn 0.0371 0.2366 -0.9709
vn -0.2527 0.2240 -0.9413
vn 0.0686 0.2368 -0.9691
vn -0.1691 0.2297 -0.9585
vn 0.1073 0.2367 -0.9656
vn -0.1162 0.2325 -0.9656
vn 0.1603 0.2359 -0.9585
vn -0.0775 0.2340 -0.9691
vn 0.2440 0.2333 -0.9413
vn -0.0460 0.2351 -0.9709
vn -0.1871 0.3403 -0.9215
vn 0.1162 0.3491 -0.9298
vn -0.1293 0.3445 -0.9298
vn 0.1742 0.3471 -0.9215
vn -0.0869 0.3468 -0.9339
vn 0.2651 0.3414 -0.9017
vn -0.0523 0.3482 -0.9360
vn 0.4391 0.3213 -0.8390
vn -0.0214 0.3491 -0.9368
vn -0.8407 0.1754 -0.5124
vn 0.8335 0.2069 -0.5124
vn 0.0083 0.3497 -0.9368
vn -0.4509 0.3045 -0.8390
vn 0.0391 0.3499 -0.9360
vn -0.2778 0.3312 -0.9017
vn 0.0738 0.3498 -0.9339
vn -0.0260 0.4840 -0.8747
vn -0.8716 0.2249 -0.4356
vn 0.8625 0.2575 -0.4356
vn 0.0078 0.4847 -0.8747
vn -0.5001 0.4124 -0.7615
vn 0.0428 0.4848 -0.8736
vn -0.3142 0.4555 -0.8329
vn 0.0822 0.4841 -0.8711
vn -0.2135 0.4703 -0.8563
vn 0.1303 0.4823 -0.8662
vn -0.1484 0.4771 -0.8662
vn 0.1956 0.4780 -0.8563
vn -0.1004 0.4807 -0.8711
vn 0.2968 0.4670 -0.8329
vn -0.0611 0.4828 -0.8736
vn 0.4842 0.4309 -0.7615
vn 0.1507 0.6421 -0.7516
vn -0.1748 0.6360 -0.7516
vn 0.2260 0.6336 -0.7399
vn -0.1189 0.6420 -0.7574
vn 0.3405 0.6129 -0.7130
vn -0.0730 0.6454 -0.7604
vn 0.5421 0.5503 -0.6350
vn -0.0320 0.6472 -0.7616
vn -0.9032 0.2681 -0.3352
vn 0.8925 0.3019 -0.3352
vn 0.0076 0.6480 -0.7616
vn -0.5625 0.5295 -0.6350
vn 0.0487 0.6477 -0.7604
vn -0.3634 0.5996 -0.7130
vn 0.0947 0.6460 -0.7574
vn -0.2497 0.6246 -0.7399
vn 0.9178 0.3355 -0.2124
vn 0.0078 0.8318 -0.5549
vn -0.6293 0.6428 -0.4368
vn 0.0563 0.8308 -0.5537
vn -0.4208 0.7521 -0.5071
vn 0.1106 0.8274 -0.5507
vn -0.2934 0.7935 -0.5332
vn 0.1762 0.8198 -0.5448
vn -0.2069 0.8126 -0.5448
vn 0.2633 0.8040 -0.5332
vn -0.1417 0.8226 -0.5507
vn 0.3922 0.7674 -0.5071
vn -0.0876 0.8281 -0.5537
vn 0.6046 0.6660 -0.4368
vn -0.0391 0.8310 -0.5549
vn -0.9298 0.3007 -0.2124
vn 0.2937 0.9345 -0.2012
vn -0.1604 0.9645 -0.2096
vn 0.4327 0.8815 -0.1892
vn -0.0996 0.9724 -0.2111
vn 0.6493 0.7439 -0.1585
vn -0.0449 0.9763 -0.2117
vn -0.9451 0.3185 -0.0729
vn 0.9324 0.3539 -0.0729
vn 0.0081 0.9773 -0.2117
vn -0.6768 0.7189 -0.1585
vn 0.0629 0.9754 -0.2111
vn -0.4656 0.8645 -0.1892
vn 0.1240 0.9699 -0.2096
vn -0.3287 0.9228 -0.2012
vn 0.1974 0.9583 -0.2068
vn -0.2333 0.9502 -0.2068
vn -0.6768 0.7189 0.1585
vn 0.0629 0.9754 0.2111
vn -0.4656 0.8645 0.1892
vn 0.1240 0.9699 0.2096
vn -0.3287 0.9228 0.2012
vn 0.1974 0.9583 0.2068
vn -0.2333 0.9502 0.2068
vn 0.2937 0.9345 0.2012
vn -0.1604 0.9645 0.2096
vn 0.4327 0.8815 0.1892
vn -0.0996 0.9724 0.2111
vn 0.6493 0.7439 0.1585
vn -0.0449 0.9763 0.2117
vn -0.9451 0.3185 0.0729
vn 0.9324 0.3539 0.0729
vn 0.0081 0.9773 0.2117
vn -0.1417 0.8226 0.5507
vn 0.3922 0.7674 0.5071
vn -0.0876 0.8281 0.5537
vn 0.6046 0.6660 0.4368
vn -0.0391 0.8310 0.5549
vn -0.9298 0.3007 0.2124
vn 0.9178 0.3355 0.2124
vn 0.0078 0.8318 0.5549
vn -0.6293 0.6428 0.4368
vn 0.0563 0.8308 0.5537
vn -0.4208 0.7521 0.5071
vn 0.1106 0.8274 0.5507
vn -0.2934 0.7935 0.5332
vn 0.1762 0.8198 0.5448
vn -0.2069 0.8126 0.5448
vn 0.2633 0.8040 0.5332
vn 0.0487 0.6477 0.7604
vn -0.3634 0.5996 0.7130
vn 0.0947 0.6460 0.7574
vn -0.2497 0.6246 0.7399
vn 0.1507 0.6421 0.7516
vn -0.1748 0.6360 0.7516
vn 0.2260 0.6336 0.7399
vn -0.1189 0.6420 0.7574
vn 0.3405 0.6129 0.7130
vn -0.0730 0.6454 0.7604
vn 0.5421 0.5503 0.6350
vn -0.0320 0.6472 0.7616
vn -0.9032 0.2681 0.3352
vn 0.8925 0.3019 0.3352
vn 0.0076 0.6480 0.7616
vn -0.5625 0.5295 0.6350
vn 0.2968 0.4670 0.8329
vn -0.0611 0.4828 0.8736
vn 0.4842 0.4309 0.7615
vn -0.0260 0.4840 0.8747
vn -0.8716 0.2249 0.4356
vn 0.8625 0.2575 0.4356
vn 0.0078 0.4847 0.8747
vn -0.5001 0.4124 0.7615
vn 0.0428 0.4847 0.8736
vn -0.3142 0.4555 0.8329
vn 0.0822 0.4841 0.8711
vn -0.2135 0.4703 0.8563
vn 0.1303 0.4823 0.8662
vn -0.1484 0.4771 0.8662
vn 0.1956 0.4780 0.8563
vn -0.1004 0.4807 0.8711
vn -0.2778 0.3312 0.9017
vn 0.0738 0.3498 0.9339
vn -0.1871 0.3403 0.9215
vn 0.1162 0.3491 0.9298
vn -0.1293 0.3445 0.9298
vn 0.1742 0.3471 0.9215
vn -0.0869 0.3468 0.9339
vn 0.2651 0.3414 0.9017
vn -0.0523 0.3482 0.9360
vn 0.4391 0.3213 0.8390
vn -0.0214 0.3491 0.9368
vn -0.8407 0.1754 0.5124
vn 0.8335 0.2069 0.5124
vn 0.0083 0.3497 0.9368
vn -0.4509 0.3045 0.8390
vn 0.0391 0.3499 0.9360
vn -0.0460 0.2351 0.9709
vn 0.4076 0.2229 0.8855
vn -0.0179 0.2358 0.9716
vn -0.8145 0.1224 0.5670
vn 0.8093 0.1530 0.5670
vn 0.0090 0.2363 0.9716
vn -0.4157 0.2074 0.8855
vn 0.0371 0.2366 0.9709
vn -0.2527 0.2240 0.9413
vn 0.0686 0.2368 0.9691
vn -0.1691 0.2297 0.9585
vn 0.1073 0.2367 0.9656
vn -0.1162 0.2325 0.9656
vn 0.1603 0.2359 0.9585
vn -0.0775 0.2340 0.9691
vn 0.2440 0.2333 0.9413
vn 0.0661 0.1375 0.9883
vn -0.1575 0.1320 0.9787
vn 0.1025 0.1378 0.9851
vn -0.1076 0.1338 0.9851
vn 0.1525 0.1378 0.9787
vn -0.0712 0.1350 0.9883
vn 0.2317 0.1372 0.9631
vn -0.0416 0.1357 0.9899
vn 0.3883 0.1331 0.9119
vn -0.0153 0.1363 0.9905
vn -0.7957 0.0680 0.6018
vn 0.7926 0.0979 0.6018
vn 0.0101 0.1368 0.9905
vn -0.3931 0.1184 0.9119
vn 0.0365 0.1372 0.9899
vn -0.2367 0.1284 0.9631
vn 0.3798 0.0485 0.9238
vn -0.0131 0.0445 0.9989
vn -0.7855 0.0129 0.6187
vn 0.7845 0.0425 0.6187
vn 0.0115 0.0449 0.9989
vn -0.3814 0.0342 0.9238
vn 0.0370 0.0454 0.9983
vn -0.2283 0.0393 0.9728
vn 0.0657 0.0459 0.9968
vn -0.1512 0.0414 0.9876
vn 0.1011 0.0464 0.9938
vn -0.1028 0.0426 0.9938
vn 0.1496 0.0470 0.9876
vn -0.0674 0.0434 0.9968
vn 0.2266 0.0478 0.9728
vn -0.0387 0.0440 0.9983
vn -0.1306 -0.8988 -0.4186
vn -0.0655 -0.4512 -0.8900
vn -0.0000 -0.0000 -1.0000
vn 0.0655 0.4512 -0.8900
vn 0.1306 0.8988 -0.4186
vn 0.1306 0.8988 0.4186
vn 0.0655 0.4512 0.8900
vn -0.0000 -0.0000 1.0000
vn -0.0655 -0.4512 0.8900
vn -0.1306 -0.8988 0.4186
vn -0.3969 -0.8293 -0.3935
vn -0.2085 -0.4357 -0.8756
vn 0.2085 0.4357 -0.8756
vn 0.3969 0.8293 -0.3935
vn 0.3969 0.8293 0.3935
vn 0.2085 0.4357 0.8756
vn -0.2085 -0.4357 0.8756
vn -0.3969 -0.8293 0.3935
vn -0.5984 -0.7178 -0.3560
vn -0.3373 -0.4046 -0.8500
vn 0.3373 0.4046 -0.8500
vn 0.5984 0.7178 -0.3560
vn 0.5984 0.7178 0.3560
vn 0.3373 0.4046 0.8500
vn -0.3373 -0.4046 0.8500
vn -0.5984 -0.7178 0.3560
vn -0.7362 -0.5972 -0.3185
vn -0.4465 -0.3622 -0.8182
vn 0.4465 0.3622 -0.8182
vn 0.7362 0.5972 -0.3185
vn 0.7362 0.5972 0.3185
vn 0.4465 0.3622 0.8182
vn -0.4465 -0.3622 0.8182
vn -0.7362 -0.5972 0.3185
vn -0.8269 -0.4837 -0.2866
vn -0.5347 -0.3128 -0.7850
vn 0.5347 0.3128 -0.7850
vn 0.8269 0.4837 -0.2866
vn 0.8269 0.4837 0.2866
vn 0.5347 0.3128 0.7850
vn -0.5347 -0.3128 0.7850
vn -0.8269 -0.4837 0.2866
vn -0.8865 -0.3817 -0.2617
vn -0.6031 -0.2597 -0.7542
vn 0.6031 0.2597 -0.7542
vn 0.8865 0.3817 -0.2617
vn 0.8865 0.3817 0.2617
vn 0.6031 0.2597 0.7542
vn -0.6031 -0.2597 0.7542
vn -0.8865 -0.3817 0.2617
vn -0.9255 -0.2903 -0.2431
vn -0.6542 -0.2052 -0.7279
vn 0.6542 0.2052 -0.7279
vn 0.9255 0.2903 -0.2431
vn 0.9255 0.2903 0.2431
vn 0.6542 0.2052 0.7279
vn -0.6542 -0.2052 0.7279
vn -0.9255 -0.2903 0.2431
vn -0.9509 -0.2071 -0.2301
vn -0.6904 -0.1503 -0.7077
vn 0.6904 0.1503 -0.7077
vn 0.9509 0.2071 -0.2301
vn 0.9509 0.2071 0.2301
vn 0.6904 0.1503 0.7077
vn -0.6904 -0.1503 0.7077
vn -0.9509 -0.2071 0.2301
vn -0.9664 -0.1295 -0.2219
vn -0.7136 -0.0956 -0.6940
vn 0.7136 0.0956 -0.6940
vn 0.9664 0.1295 -0.2219
vn 0.9664 0.1295 0.2219
vn 0.7136 0.0956 0.6940
vn -0.7136 -0.0956 0.6940
vn -0.9664 -0.1295 0.2219
vn -0.9744 -0.0551 -0.2179
vn -0.7254 -0.0410 -0.6871
vn 0.7254 0.0410 -0.6871
vn 0.9744 0.0551 -0.2179
vn 0.9744 0.0551 0.2179
vn 0.7254 0.0410 0.6871
vn -0.7254 -0.0410 0.6871
vn -0.9744 -0.0551 0.2179
vn -0.9758 0.0183 -0.2179
vn -0.7265 0.0137 -0.6871
vn 0.7265 -0.0137 -0.6871
vn 0.9758 -0.0183 -0.2179
vn 0.9758 -0.0183 0.2179
vn 0.7265 -0.0137 0.6871
vn -0.7265 0.0137 0.6871
vn -0.9758 0.0183 0.2179
vn -0.9706 0.0930 -0.2219
vn -0.7167 0.0686 -0.6940
vn 0.7167 -0.0686 -0.6940
vn 0.9706 -0.0930 -0.2219
vn 0.9706 -0.0930 0.2219
vn 0.7167 -0.0686 0.6940
vn -0.7167 0.0686 0.6940
vn -0.9706 0.0930 0.2219
vn -0.9580 0.1711 -0.2301
vn -0.6955 0.1242 -0.7077
vn 0.6955 -0.1242 -0.7077
vn 0.9580 -0.1711 -0.2301
vn 0.9580 -0.1711 0.2301
vn 0.6955 -0.1242 0.7077
vn -0.6955 0.1242 0.7077
vn -0.9580 0.1711 0.2301
vn -0.9358 0.2552 -0.2431
vn -0.6615 0.1804 -0.7279
vn 0.6615 -0.1804 -0.7279
vn 0.9358 -0.2552 -0.2431
vn 0.9358 -0.2552 0.2431
vn 0.6615 -0.1804 0.7279
vn -0.6615 0.1804 0.7279
vn -0.9358 0.2552 0.2431
vn -0.9002 0.3481 -0.2617
vn -0.6125 0.2368 -0.7542
vn 0.6125 -0.2368 -0.7542
vn 0.9002 -0.3481 -0.2617
vn 0.9002 -0.3481 0.2617
vn 0.6125 -0.2368 0.7542
vn -0.6125 0.2368 0.7542
vn -0.9002 0.3481 0.2617
vn -0.8446 0.4523 -0.2866
vn -0.5461 0.2924 -0.7850
vn 0.5461 -0.2924 -0.7850
vn 0.8446 -0.4523 -0.2866
vn 0.8446 -0.4523 0.2866
vn 0.5461 -0.2924 0.7850
vn -0.5461 0.2924 0.7850
vn -0.8446 0.4523 0.2866
vn -0.7581 0.5690 -0.3185
vn -0.4598 0.3451 -0.8182
vn 0.4598 -0.3451 -0.8182
vn 0.7581 -0.5690 -0.3185
vn 0.7581 -0.5690 0.3185
vn 0.4598 -0.3451 0.8182
vn -0.4598 0.3451 0.8182
vn -0.7581 0.5690 0.3185
vn -0.6250 0.6947 -0.3560
vn -0.3523 0.3916 -0.8500
vn 0.3523 -0.3916 -0.8500
vn 0.6250 -0.6947 -0.3560
vn 0.6250 -0.6947 0.3560
vn 0.3523 -0.3916 0.8500
vn -0.3523 0.3916 0.8500
vn -0.6250 0.6947 0.3560
vn -0.4278 0.8137 -0.3935
vn -0.2248 0.4275 -0.8756
vn 0.2248 -0.4275 -0.8756
vn 0.4278 -0.8137 -0.3935
vn 0.4278 -0.8137 0.3935
vn 0.2248 -0.4275 0.8756
vn -0.2248 0.4275 0.8756
vn -0.4278 0.8137 0.3935
vn -0.1643 0.8932 -0.4186
vn -0.0825 0.4484 -0.8900
vn 0.0825 -0.4484 -0.8900
vn 0.1643 -0.8932 -0.4186
vn 0.1643 -0.8932 0.4186
vn 0.0825 -0.4484 0.8900
vn -0.0825 0.4484 0.8900
vn -0.1643 0.8932 0.4186
vn -0.2835 -0.4309 0.8567
vn -0.5317 -0.6881 0.4938
vn -0.6770 -0.7360 0.0079
vn -0.6802 -0.5618 -0.4708
vn -0.5407 -0.2122 -0.8140
vn -0.2957 0.2192 -0.9298
vn -0.0110 0.6168 -0.7871
vn 0.2373 0.8740 -0.4241
vn 0.3825 0.9219 0.0618
vn 0.3857 0.7477 0.5405
vn -0.8292 0.5235 0.1962
vn 0.2462 0.3981 0.8837
vn 0.0013 -0.0333 0.9994
vn 0.8292 -0.5235 -0.1962
vn -0.0000 0.0333 0.9994
vn 0.2610 -0.3885 0.8837
vn 0.4136 -0.7326 0.5405
vn 0.4169 -0.9068 0.0618
vn 0.2700 -0.8644 -0.4241
vn 0.0122 -0.6168 -0.7871
vn -0.2873 -0.2302 -0.9298
vn -0.5483 0.1916 -0.8140
vn -0.7009 0.5358 -0.4708
vn -0.7042 0.7100 0.0079
vn -0.8089 -0.5543 0.1962
vn -0.5573 0.6676 0.4938
vn -0.2995 0.4199 0.8567
vn 0.8089 0.5543 -0.1962
vn -0.0137 -0.6850 0.7284
vn 0.2698 -0.9100 0.3148
vn 0.3968 -0.9106 -0.1158
vn 0.3941 -0.7703 -0.5013
vn 0.2620 -0.4936 -0.8293
vn -0.0255 -0.0567 -0.9981
vn -0.3873 0.4102 -0.8257
vn -0.6328 0.6612 -0.4029
vn -0.7309 0.6816 0.0348
vn -0.7282 0.5414 0.4202
vn -0.8089 -0.5543 -0.1962
vn -0.6250 0.2449 0.7412
vn -0.3755 -0.2181 0.9008
vn 0.8089 0.5543 0.1962
vn -0.3834 0.2038 0.9008
vn -0.6153 -0.2682 0.7412
vn -0.7073 -0.5684 0.4202
vn -0.7047 -0.7086 0.0348
vn -0.6075 -0.6846 -0.4029
vn -0.3716 -0.4245 -0.8257
vn -0.0276 0.0557 -0.9981
vn 0.2432 0.5032 -0.8293
vn 0.3649 0.7846 -0.5013
vn 0.3622 0.9249 -0.1158
vn -0.8292 0.5235 -0.1962
vn 0.2354 0.9195 0.3148
vn -0.0395 0.6840 0.7284
vn 0.8292 -0.5235 0.1962
vt 0.750000 0.937500
vt 0.734375 1.000000
vt 0.718750 0.937500
vt 0.734375 0.000000
vt 0.750000 0.062500
vt 0.718750 0.062500
vt 0.750000 0.437500
vt 0.750000 0.500000
vt 0.718750 0.500000
vt 0.718750 0.437500
vt 0.750000 0.875000
vt 0.718750 0.875000
vt 0.750000 0.375000
vt 0.718750 0.375000
vt 0.750000 0.812500
vt 0.718750 0.812500
vt 0.750000 0.312500
vt 0.718750 0.312500
vt 0.750000 0.750000
vt 0.718750 0.750000
vt 0.750000 0.250000
vt 0.718750 0.250000
vt 0.750000 0.687500
vt 0.718750 0.687500
vt 0.750000 0.187500
vt 0.718750 0.187500
vt 0.750000 0.625000
vt 0.718750 0.625000
vt 0.750000 0.125000
vt 0.718750 0.125000
vt 0.750000 0.562500
vt 0.718750 0.562500
vt 0.687500 0.125000
vt 0.687500 0.062500
vt 0.687500 0.562500
vt 0.687500 0.500000
vt 0.703125 1.000000
vt 0.687500 0.937500
vt 0.703125 0.000000
vt 0.687500 0.437500
vt 0.687500 0.875000
vt 0.687500 0.375000
vt 0.687500 0.812500
vt 0.687500 0.312500
vt 0.687500 0.750000
vt 0.687500 0.250000
vt 0.687500 0.687500
vt 0.687500 0.187500
vt 0.687500 0.625000
vt 0.656250 0.812500
vt 0.656250 0.750000
vt 0.656250 0.312500
vt 0.656250 0.250000
vt 0.656250 0.687500
vt 0.656250 0.187500
vt 0.656250 0.625000
vt 0.656250 0.125000
vt 0.656250 0.562500
vt 0.656250 0.062500
vt 0.656250 0.500000
vt 0.671875 1.000000
vt 0.656250 0.937500
vt 0.671875 0.000000
vt 0.656250 0.437500
vt 0.656250 0.875000
vt 0.656250 0.375000
vt 0.625000 0.562500
vt 0.625000 0.500000
vt 0.640625 1.000000
vt 0.625000 0.937500
vt 0.640625 0.000000
vt 0.625000 0.062500
vt 0.625000 0.437500
vt 0.625000 0.875000
vt 0.625000 0.375000
vt 0.625000 0.812500
vt 0.625000 0.312500
vt 0.625000 0.750000
vt 0.625000 0.250000
vt 0.625000 0.687500
vt 0.625000 0.187500
vt 0.625000 0.625000
vt 0.625000 0.125000
vt 0.593750 0.312500
vt 0.593750 0.250000
vt 0.593750 0.750000
vt 0.593750 0.687500
vt 0.593750 0.187500
vt 0.593750 0.625000
vt 0.593750 0.125000
vt 0.593750 0.562500
vt 0.593750 0.062500
vt 0.593750 0.500000
vt 0.609375 1.000000
vt 0.593750 0.937500
vt 0.609375 0.000000
vt 0.593750 0.437500
vt 0.593750 0.875000
vt 0.593750 0.375000
vt 0.593750 0.812500
vt 0.578125 1.000000
vt 0.562500 0.937500
vt 0.578125 0.000000
vt 0.562500 0.062500
vt 0.562500 0.500000
vt 0.562500 0.437500
vt 0.562500 0.875000
vt 0.562500 0.375000
vt 0.562500 0.812500
vt 0.562500 0.312500
vt 0.562500 0.750000
vt 0.562500 0.250000
vt 0.562500 0.687500
vt 0.562500 0.187500
vt 0.562500 0.625000
vt 0.562500 0.125000
vt 0.562500 0.562500
vt 0.531250 0.750000
vt 0.531250 0.687500
vt 0.531250 0.250000
vt 0.531250 0.187500
vt 0.531250 0.625000
vt 0.531250 0.125000
vt 0.531250 0.562500
vt 0.531250 0.062500
vt 0.531250 0.500000
vt 0.546875 1.000000
vt 0.531250 0.937500
vt 0.546875 0.000000
vt 0.531250 0.437500
vt 0.531250 0.875000
vt 0.531250 0.375000
vt 0.531250 0.812500
vt 0.531250 0.312500
vt 0.500000 0.500000
vt 0.500000 0.437500
vt 0.500000 0.937500
vt 0.500000 0.875000
vt 0.500000 0.375000
vt 0.500000 0.812500
vt 0.500000 0.312500
vt 0.500000 0.750000
vt 0.500000 0.250000
vt 0.500000 0.687500
vt 0.500000 0.187500
vt 0.500000 0.625000
vt 0.500000 0.125000
vt 0.500000 0.562500
vt 0.500000 0.062500
vt 0.515625 1.000000
vt 0.515625 0.000000
vt 0.468750 0.250000
vt 0.468750 0.187500
vt 0.468750 0.687500
vt 0.468750 0.625000
vt 0.468750 0.125000
vt 0.468750 0.562500
vt 0.468750 0.062500
vt 0.468750 0.500000
vt 0.484375 1.000000
vt 0.468750 0.937500
vt 0.484375 0.000000
vt 0.468750 0.437500
vt 0.468750 0.875000
vt 0.468750 0.375000
vt 0.468750 0.812500
vt 0.468750 0.312500
vt 0.468750 0.750000
vt 0.437500 0.437500
vt 0.437500 0.375000
vt 0.437500 0.875000
vt 0.437500 0.812500
vt 0.437500 0.312500
vt 0.437500 0.750000
vt 0.437500 0.250000
vt 0.437500 0.687500
vt 0.437500 0.187500
vt 0.437500 0.625000
vt 0.437500 0.125000
vt 0.437500 0.562500
vt 0.437500 0.062500
vt 0.437500 0.500000
vt 0.453125 1.000000
vt 0.437500 0.937500
vt 0.453125 0.000000
vt 0.406250 0.187500
vt 0.406250 0.125000
vt 0.406250 0.625000
vt 0.406250 0.562500
vt 0.406250 0.062500
vt 0.406250 0.500000
vt 0.421875 1.000000
vt 0.406250 0.937500
vt 0.421875 0.000000
vt 0.406250 0.437500
vt 0.406250 0.875000
vt 0.406250 0.375000
vt 0.406250 0.812500
vt 0.406250 0.312500
vt 0.406250 0.750000
vt 0.406250 0.250000
vt 0.406250 0.687500
vt 0.375000 0.875000
vt 0.375000 0.812500
vt 0.375000 0.375000
vt 0.375000 0.312500
vt 0.375000 0.750000
vt 0.375000 0.250000
vt 0.375000 0.687500
vt 0.375000 0.187500
vt 0.375000 0.625000
vt 0.375000 0.125000
vt 0.375000 0.562500
vt 0.375000 0.062500
vt 0.375000 0.500000
vt 0.390625 1.000000
vt 0.375000 0.937500
vt 0.390625 0.000000
vt 0.375000 0.437500
vt 0.343750 0.625000
vt 0.343750 0.562500
vt 0.343750 0.125000
vt 0.343750 0.062500
vt 0.343750 0.500000
vt 0.359375 1.000000
vt 0.343750 0.937500
vt 0.359375 0.000000
vt 0.343750 0.437500
vt 0.343750 0.875000
vt 0.343750 0.375000
vt 0.343750 0.812500
vt 0.343750 0.312500
vt 0.343750 0.750000
vt 0.343750 0.250000
vt 0.343750 0.687500
vt 0.343750 0.187500
vt 0.312500 0.375000
vt 0.312500 0.312500
vt 0.312500 0.812500
vt 0.312500 0.750000
vt 0.312500 0.250000
vt 0.312500 0.687500
vt 0.312500 0.187500
vt 0.312500 0.625000
vt 0.312500 0.125000
vt 0.312500 0.562500
vt 0.312500 0.062500
vt 0.312500 0.500000
vt 0.328125 1.000000
vt 0.312500 0.937500
vt 0.328125 0.000000
vt 0.312500 0.437500
vt 0.312500 0.875000
vt 0.281250 0.125000
vt 0.281250 0.062500
vt 0.281250 0.562500
vt 0.281250 0.500000
vt 0.296875 1.000000
vt 0.281250 0.937500
vt 0.296875 0.000000
vt 0.281250 0.437500
vt 0.281250 0.875000
vt 0.281250 0.375000
vt 0.281250 0.812500
vt 0.281250 0.312500
vt 0.281250 0.750000
vt 0.281250 0.250000
vt 0.281250 0.687500
vt 0.281250 0.187500
vt 0.281250 0.625000
vt 0.250000 0.812500
vt 0.250000 0.750000
vt 0.250000 0.312500
vt 0.250000 0.250000
vt 0.250000 0.687500
vt 0.250000 0.187500
vt 0.250000 0.625000
vt 0.250000 0.125000
vt 0.250000 0.562500
vt 0.250000 0.062500
vt 0.250000 0.500000
vt 0.265625 1.000000
vt 0.250000 0.937500
vt 0.265625 0.000000
vt 0.250000 0.437500
vt 0.250000 0.875000
vt 0.250000 0.375000
vt 0.218750 0.562500
vt 0.218750 0.500000
vt 0.234375 1.000000
vt 0.218750 0.937500
vt 0.234375 0.000000
vt 0.218750 0.062500
vt 0.218750 0.437500
vt 0.218750 0.875000
vt 0.218750 0.375000
vt 0.218750 0.812500
vt 0.218750 0.312500
vt 0.218750 0.750000
vt 0.218750 0.250000
vt 0.218750 0.687500
vt 0.218750 0.187500
vt 0.218750 0.625000
vt 0.218750 0.125000
vt 0.187500 0.312500
vt 0.187500 0.250000
vt 0.187500 0.750000
vt 0.187500 0.687500
vt 0.187500 0.187500
vt 0.187500 0.625000
vt 0.187500 0.125000
vt 0.187500 0.562500
vt 0.187500 0.062500
vt 0.187500 0.500000
vt 0.203125 1.000000
vt 0.187500 0.937500
vt 0.203125 0.000000
vt 0.187500 0.437500
vt 0.187500 0.875000
vt 0.187500 0.375000
vt 0.187500 0.812500
vt 0.171875 0.000000
vt 0.156250 0.062500
vt 0.156250 0.500000
vt 0.156250 0.437500
vt 0.156250 0.937500
vt 0.156250 0.875000
vt 0.156250 0.375000
vt 0.156250 0.812500
vt 0.156250 0.312500
vt 0.156250 0.750000
vt 0.156250 0.250000
vt 0.156250 0.687500
vt 0.156250 0.187500
vt 0.156250 0.625000
vt 0.156250 0.125000
vt 0.156250 0.562500
vt 0.171875 1.000000
vt 0.125000 0.250000
vt 0.125000 0.187500
vt 0.125000 0.687500
vt 0.125000 0.625000
vt 0.125000 0.125000
vt 0.125000 0.562500
vt 0.125000 0.062500
vt 0.125000 0.500000
vt 0.140625 1.000000
vt 0.125000 0.937500
vt 0.140625 0.000000
vt 0.125000 0.437500
vt 0.125000 0.875000
vt 0.125000 0.375000
vt 0.125000 0.812500
vt 0.125000 0.312500
vt 0.125000 0.750000
vt 0.093750 0.937500
vt 0.093750 0.875000
vt 0.093750 0.437500
vt 0.093750 0.375000
vt 0.093750 0.812500
vt 0.093750 0.312500
vt 0.093750 0.750000
vt 0.093750 0.250000
vt 0.093750 0.687500
vt 0.093750 0.187500
vt 0.093750 0.625000
vt 0.093750 0.125000
vt 0.093750 0.562500
vt 0.093750 0.062500
vt 0.093750 0.500000
vt 0.109375 1.000000
vt 0.109375 0.000000
vt 0.062500 0.687500
vt 0.062500 0.625000
vt 0.062500 0.187500
vt 0.062500 0.125000
vt 0.062500 0.562500
vt 0.062500 0.062500
vt 0.062500 0.500000
vt 0.078125 1.000000
vt 0.062500 0.937500
vt 0.078125 0.000000
vt 0.062500 0.437500
vt 0.062500 0.875000
vt 0.062500 0.375000
vt 0.062500 0.812500
vt 0.062500 0.312500
vt 0.062500 0.750000
vt 0.062500 0.250000
vt 0.031250 0.437500
vt 0.031250 0.375000
vt 0.031250 0.875000
vt 0.031250 0.812500
vt 0.031250 0.312500
vt 0.031250 0.750000
vt 0.031250 0.250000
vt 0.031250 0.687500
vt 0.031250 0.187500
vt 0.031250 0.625000
vt 0.031250 0.125000
vt 0.031250 0.562500
vt 0.031250 0.062500
vt 0.031250 0.500000
vt 0.046875 1.000000
vt 0.031250 0.937500
vt 0.046875 0.000000
vt 0.000000 0.187500
vt 0.000000 0.125000
vt 0.000000 0.625000
vt 0.000000 0.562500
vt 0.000000 0.062500
vt 0.000000 0.500000
vt 0.015625 1.000000
vt 0.000000 0.937500
vt 0.015625 0.000000
vt 0.000000 0.437500
vt 0.000000 0.875000
vt 0.000000 0.375000
vt 0.000000 0.812500
vt 0.000000 0.312500
vt 0.000000 0.750000
vt 0.000000 0.250000
vt 0.000000 0.687500
vt 1.000000 0.812500
vt 1.000000 0.875000
vt 0.968750 0.875000
vt 0.968750 0.812500
vt 1.000000 0.312500
vt 1.000000 0.375000
vt 0.968750 0.375000
vt 0.968750 0.312500
vt 1.000000 0.750000
vt 0.968750 0.750000
vt 1.000000 0.250000
vt 0.968750 0.250000
vt 1.000000 0.687500
vt 0.968750 0.687500
vt 1.000000 0.187500
vt 0.968750 0.187500
vt 1.000000 0.625000
vt 0.968750 0.625000
vt 1.000000 0.125000
vt 0.968750 0.125000
vt 1.000000 0.562500
vt 0.968750 0.562500
vt 1.000000 0.062500
vt 0.968750 0.062500
vt 1.000000 0.500000
vt 0.968750 0.500000
vt 1.000000 0.937500
vt 0.984375 1.000000
vt 0.968750 0.937500
vt 0.984375 0.000000
vt 1.000000 0.437500
vt 0.968750 0.437500
vt 0.937500 0.625000
vt 0.937500 0.562500
vt 0.937500 0.125000
vt 0.937500 0.062500
vt 0.937500 0.500000
vt 0.953125 1.000000
vt 0.937500 0.937500
vt 0.953125 0.000000
vt 0.937500 0.437500
vt 0.937500 0.875000
vt 0.937500 0.375000
vt 0.937500 0.812500
vt 0.937500 0.312500
vt 0.937500 0.750000
vt 0.937500 0.250000
vt 0.937500 0.687500
vt 0.937500 0.187500
vt 0.906250 0.375000
vt 0.906250 0.312500
vt 0.906250 0.812500
vt 0.906250 0.750000
vt 0.906250 0.250000
vt 0.906250 0.687500
vt 0.906250 0.187500
vt 0.906250 0.625000
vt 0.906250 0.125000
vt 0.906250 0.562500
vt 0.906250 0.062500
vt 0.906250 0.500000
vt 0.921875 1.000000
vt 0.906250 0.937500
vt 0.921875 0.000000
vt 0.906250 0.437500
vt 0.906250 0.875000
vt 0.875000 0.125000
vt 0.875000 0.062500
vt 0.875000 0.562500
vt 0.875000 0.500000
vt 0.890625 1.000000
vt 0.875000 0.937500
vt 0.890625 0.000000
vt 0.875000 0.437500
vt 0.875000 0.875000
vt 0.875000 0.375000
vt 0.875000 0.812500
vt 0.875000 0.312500
vt 0.875000 0.750000
vt 0.875000 0.250000
vt 0.875000 0.687500
vt 0.875000 0.187500
vt 0.875000 0.625000
vt 0.843750 0.312500
vt 0.843750 0.250000
vt 0.843750 0.750000
vt 0.843750 0.687500
vt 0.843750 0.187500
vt 0.843750 0.625000
vt 0.843750 0.125000
vt 0.843750 0.562500
vt 0.843750 0.062500
vt 0.843750 0.500000
vt 0.859375 1.000000
vt 0.843750 0.937500
vt 0.859375 0.000000
vt 0.843750 0.437500
vt 0.843750 0.875000
vt 0.843750 0.375000
vt 0.843750 0.812500
vt 0.828125 1.000000
vt 0.812500 0.937500
vt 0.828125 0.000000
vt 0.812500 0.062500
vt 0.812500 0.500000
vt 0.812500 0.437500
vt 0.812500 0.875000
vt 0.812500 0.375000
vt 0.812500 0.812500
vt 0.812500 0.312500
vt 0.812500 0.750000
vt 0.812500 0.250000
vt 0.812500 0.687500
vt 0.812500 0.187500
vt 0.812500 0.625000
vt 0.812500 0.125000
vt 0.812500 0.562500
vt 0.781250 0.750000
vt 0.781250 0.687500
vt 0.781250 0.250000
vt 0.781250 0.187500
vt 0.781250 0.625000
vt 0.781250 0.125000
vt 0.781250 0.562500
vt 0.781250 0.062500
vt 0.781250 0.500000
vt 0.796875 1.000000
vt 0.781250 0.937500
vt 0.796875 0.000000
vt 0.781250 0.437500
vt 0.781250 0.875000
vt 0.781250 0.375000
vt 0.781250 0.812500
vt 0.781250 0.312500
vt 0.765625 1.000000
vt 0.765625 0.000000
vt 0.525000 0.600000
vt 0.550000 0.600000
vt 0.550000 0.700000
vt 0.525000 0.700000
vt 0.550000 0.800000
vt 0.525000 0.800000
vt 0.550000 0.900000
vt 0.525000 0.900000
vt 0.550000 1.000000
vt 0.525000 1.000000
vt 0.525000 -0.000000
vt 0.550000 -0.000000
vt 0.550000 0.100000
vt 0.525000 0.100000
vt 0.550000 0.200000
vt 0.525000 0.200000
vt 0.550000 0.300000
vt 0.525000 0.300000
vt 0.550000 0.400000
vt 0.525000 0.400000
vt 0.550000 0.500000
vt 0.525000 0.500000
vt 0.575000 0.600000
vt 0.575000 0.700000
vt 0.575000 0.800000
vt 0.575000 0.900000
vt 0.575000 1.000000
vt 0.575000 -0.000000
vt 0.575000 0.100000
vt 0.575000 0.200000
vt 0.575000 0.300000
vt 0.575000 0.400000
vt 0.575000 0.500000
vt 0.600000 0.600000
vt 0.600000 0.700000
vt 0.600000 0.800000
vt 0.600000 0.900000
vt 0.600000 1.000000
vt 0.600000 -0.000000
vt 0.600000 0.100000
vt 0.600000 0.200000
vt 0.600000 0.300000
vt 0.600000 0.400000
vt 0.600000 0.500000
vt 0.625000 0.600000
vt 0.625000 0.700000
vt 0.625000 0.800000
vt 0.625000 0.900000
vt 0.625000 1.000000
vt 0.625000 -0.000000
vt 0.625000 0.100000
vt 0.625000 0.200000
vt 0.625000 0.300000
vt 0.625000 0.400000
vt 0.650000 0.600000
vt 0.650000 0.700000
vt 0.650000 0.800000
vt 0.650000 0.900000
vt 0.650000 1.000000
vt 0.650000 -0.000000
vt 0.650000 0.100000
vt 0.650000 0.200000
vt 0.650000 0.300000
vt 0.650000 0.400000
vt 0.650000 0.500000
vt 0.675000 0.600000
vt 0.675000 0.700000
vt 0.675000 0.800000
vt 0.675000 0.900000
vt 0.675000 1.000000
vt 0.675000 -0.000000
vt 0.675000 0.100000
vt 0.675000 0.200000
vt 0.675000 0.300000
vt 0.675000 0.400000
vt 0.675000 0.500000
vt 0.700000 0.600000
vt 0.700000 0.700000
vt 0.700000 0.800000
vt 0.700000 0.900000
vt 0.700000 1.000000
vt 0.700000 -0.000000
vt 0.700000 0.100000
vt 0.700000 0.200000
vt 0.700000 0.300000
vt 0.700000 0.400000
vt 0.700000 0.500000
vt 0.725000 0.600000
vt 0.725000 0.700000
vt 0.725000 0.800000
vt 0.725000 0.900000
vt 0.725000 1.000000
vt 0.725000 -0.000000
vt 0.725000 0.100000
vt 0.725000 0.200000
vt 0.725000 0.300000
vt 0.725000 0.400000
vt 0.725000 0.500000
vt 0.750000 0.600000
vt 0.750000 0.700000
vt 0.750000 0.800000
vt 0.750000 0.900000
vt 0.750000 1.000000
vt 0.750000 -0.000000
vt 0.750000 0.100000
vt 0.750000 0.200000
vt 0.750000 0.300000
vt 0.750000 0.400000
vt 0.775000 0.600000
vt 0.775000 0.700000
vt 0.775000 0.800000
vt 0.775000 0.900000
vt 0.775000 1.000000
vt 0.775000 -0.000000
vt 0.775000 0.100000
vt 0.775000 0.200000
vt 0.775000 0.300000
vt 0.775000 0.400000
vt 0.775000 0.500000
vt 0.800000 0.600000
vt 0.800000 0.700000
vt 0.800000 0.800000
vt 0.800000 0.900000
vt 0.800000 1.000000
vt 0.800000 -0.000000
vt 0.800000 0.100000
vt 0.800000 0.200000
vt 0.800000 0.300000
vt 0.800000 0.400000
vt 0.800000 0.500000
vt 0.825000 0.600000
vt 0.825000 0.700000
vt 0.825000 0.800000
vt 0.825000 0.900000
vt 0.825000 1.000000
vt 0.825000 -0.000000
vt 0.825000 0.100000
vt 0.825000 0.200000
vt 0.825000 0.300000
vt 0.825000 0.400000
vt 0.825000 0.500000
vt 0.850000 0.600000
vt 0.850000 0.700000
vt 0.850000 0.800000
vt 0.850000 0.900000
vt 0.850000 1.000000
vt 0.850000 -0.000000
vt 0.850000 0.100000
vt 0.850000 0.200000
vt 0.850000 0.300000
vt 0.850000 0.400000
vt 0.850000 0.500000
vt 0.875000 0.600000
vt 0.875000 0.700000
vt 0.875000 0.800000
vt 0.875000 0.900000
vt 0.875000 1.000000
vt 0.875000 -0.000000
vt 0.875000 0.100000
vt 0.875000 0.200000
vt 0.875000 0.300000
vt 0.875000 0.400000
vt 0.875000 0.500000
vt 0.900000 0.600000
vt 0.900000 0.700000
vt 0.900000 0.800000
vt 0.900000 0.900000
vt 0.900000 1.000000
vt 0.900000 -0.000000
vt 0.900000 0.100000
vt 0.900000 0.200000
vt 0.900000 0.300000
vt 0.900000 0.400000
vt 0.900000 0.500000
vt 0.925000 0.600000
vt 0.925000 0.700000
vt 0.925000 0.800000
vt 0.925000 0.900000
vt 0.925000 1.000000
vt 0.925000 -0.000000
vt 0.925000 0.100000
vt 0.925000 0.200000
vt 0.925000 0.300000
vt 0.925000 0.400000
vt 0.925000 0.500000
vt 0.950000 0.600000
vt 0.950000 0.700000
vt 0.950000 0.800000
vt 0.950000 0.900000
vt 0.950000 1.000000
vt 0.950000 -0.000000
vt 0.950000 0.100000
vt 0.950000 0.200000
vt 0.950000 0.300000
vt 0.950000 0.400000
vt 0.950000 0.500000
vt 0.975000 0.600000
vt 0.975000 0.700000
vt 0.975000 0.800000
vt 0.975000 0.900000
vt 0.975000 1.000000
vt 0.975000 -0.000000
vt 0.975000 0.100000
vt 0.975000 0.200000
vt 0.975000 0.300000
vt 0.975000 0.400000
vt 0.975000 0.500000
vt 1.000000 0.600000
vt 1.000000 0.700000
vt 1.000000 0.800000
vt 1.000000 0.900000
vt 1.000000 1.000000
vt 1.000000 -0.000000
vt 1.000000 0.100000
vt 1.000000 0.200000
vt 1.000000 0.300000
vt 1.000000 0.400000
vt 0.000000 0.600000
vt 0.025000 0.600000
vt 0.025000 0.700000
vt 0.000000 0.700000
vt 0.025000 0.800000
vt 0.000000 0.800000
vt 0.025000 0.900000
vt 0.000000 0.900000
vt 0.025000 1.000000
vt 0.000000 1.000000
vt 0.000000 -0.000000
vt 0.025000 -0.000000
vt 0.025000 0.100000
vt 0.000000 0.100000
vt 0.025000 0.200000
vt 0.000000 0.200000
vt 0.025000 0.300000
vt 0.000000 0.300000
vt 0.025000 0.400000
vt 0.000000 0.400000
vt 0.025000 0.500000
vt 0.000000 0.500000
vt 0.050000 0.600000
vt 0.050000 0.700000
vt 0.050000 0.800000
vt 0.050000 0.900000
vt 0.050000 1.000000
vt 0.050000 -0.000000
vt 0.050000 0.100000
vt 0.050000 0.200000
vt 0.050000 0.300000
vt 0.050000 0.400000
vt 0.050000 0.500000
vt 0.075000 0.600000
vt 0.075000 0.700000
vt 0.075000 0.800000
vt 0.075000 0.900000
vt 0.075000 1.000000
vt 0.075000 -0.000000
vt 0.075000 0.100000
vt 0.075000 0.200000
vt 0.075000 0.300000
vt 0.075000 0.400000
vt 0.075000 0.500000
vt 0.100000 0.600000
vt 0.100000 0.700000
vt 0.100000 0.800000
vt 0.100000 0.900000
vt 0.100000 1.000000
vt 0.100000 -0.000000
vt 0.100000 0.100000
vt 0.100000 0.200000
vt 0.100000 0.300000
vt 0.100000 0.400000
vt 0.100000 0.500000
vt 0.125000 0.600000
vt 0.125000 0.700000
vt 0.125000 0.800000
vt 0.125000 0.900000
vt 0.125000 1.000000
vt 0.125000 -0.000000
vt 0.125000 0.100000
vt 0.125000 0.200000
vt 0.125000 0.300000
vt 0.125000 0.400000
vt 0.125000 0.500000
vt 0.150000 0.600000
vt 0.150000 0.700000
vt 0.150000 0.800000
vt 0.150000 0.900000
vt 0.150000 1.000000
vt 0.150000 -0.000000
vt 0.150000 0.100000
vt 0.150000 0.200000
vt 0.150000 0.300000
vt 0.150000 0.400000
vt 0.150000 0.500000
vt 0.175000 0.600000
vt 0.175000 0.700000
vt 0.175000 0.800000
vt 0.175000 0.900000
vt 0.175000 1.000000
vt 0.175000 -0.000000
vt 0.175000 0.100000
vt 0.175000 0.200000
vt 0.175000 0.300000
vt 0.175000 0.400000
vt 0.175000 0.500000
vt 0.200000 0.600000
vt 0.200000 0.700000
vt 0.200000 0.800000
vt 0.200000 0.900000
vt 0.200000 1.000000
vt 0.200000 -0.000000
vt 0.200000 0.100000
vt 0.200000 0.200000
vt 0.200000 0.300000
vt 0.200000 0.400000
vt 0.200000 0.500000
vt 0.225000 0.600000
vt 0.225000 0.700000
vt 0.225000 0.800000
vt 0.225000 0.900000
vt 0.225000 1.000000
vt 0.225000 -0.000000
vt 0.225000 0.100000
vt 0.225000 0.200000
vt 0.225000 0.300000
vt 0.225000 0.400000
vt 0.225000 0.500000
vt 0.250000 0.600000
vt 0.250000 0.700000
vt 0.250000 0.800000
vt 0.250000 0.900000
vt 0.250000 1.000000
vt 0.250000 -0.000000
vt 0.250000 0.100000
vt 0.250000 0.200000
vt 0.250000 0.300000
vt 0.250000 0.400000
vt 0.250000 0.500000
vt 0.275000 0.600000
vt 0.275000 0.700000
vt 0.275000 0.800000
vt 0.275000 0.900000
vt 0.275000 1.000000
vt 0.275000 -0.000000
vt 0.275000 0.100000
vt 0.275000 0.200000
vt 0.275000 0.300000
vt 0.275000 0.400000
vt 0.275000 0.500000
vt 0.300000 0.600000
vt 0.300000 0.700000
vt 0.300000 0.800000
vt 0.300000 0.900000
vt 0.300000 1.000000
vt 0.300000 -0.000000
vt 0.300000 0.100000
vt 0.300000 0.200000
vt 0.300000 0.300000
vt 0.300000 0.400000
vt 0.300000 0.500000
vt 0.325000 0.600000
vt 0.325000 0.700000
vt 0.325000 0.800000
vt 0.325000 0.900000
vt 0.325000 1.000000
vt 0.325000 -0.000000
vt 0.325000 0.100000
vt 0.325000 0.200000
vt 0.325000 0.300000
vt 0.325000 0.400000
vt 0.325000 0.500000
vt 0.350000 0.600000
vt 0.350000 0.700000
vt 0.350000 0.800000
vt 0.350000 0.900000
vt 0.350000 1.000000
vt 0.350000 -0.000000
vt 0.350000 0.100000
vt 0.350000 0.200000
vt 0.350000 0.300000
vt 0.350000 0.400000
vt 0.350000 0.500000
vt 0.375000 0.600000
vt 0.375000 0.700000
vt 0.375000 0.800000
vt 0.375000 0.900000
vt 0.375000 1.000000
vt 0.375000 -0.000000
vt 0.375000 0.100000
vt 0.375000 0.200000
vt 0.375000 0.300000
vt 0.375000 0.400000
vt 0.375000 0.500000
vt 0.400000 0.600000
vt 0.400000 0.700000
vt 0.400000 0.800000
vt 0.400000 0.900000
vt 0.400000 1.000000
vt 0.400000 -0.000000
vt 0.400000 0.100000
vt 0.400000 0.200000
vt 0.400000 0.300000
vt 0.400000 0.400000
vt 0.400000 0.500000
vt 0.425000 0.600000
vt 0.425000 0.700000
vt 0.425000 0.800000
vt 0.425000 0.900000
vt 0.425000 1.000000
vt 0.425000 -0.000000
vt 0.425000 0.100000
vt 0.425000 0.200000
vt 0.425000 0.300000
vt 0.425000 0.400000
vt 0.425000 0.500000
vt 0.450000 0.600000
vt 0.450000 0.700000
vt 0.450000 0.800000
vt 0.450000 0.900000
vt 0.450000 1.000000
vt 0.450000 -0.000000
vt 0.450000 0.100000
vt 0.450000 0.200000
vt 0.450000 0.300000
vt 0.450000 0.400000
vt 0.450000 0.500000
vt 0.475000 0.600000
vt 0.475000 0.700000
vt 0.475000 0.800000
vt 0.475000 0.900000
vt 0.475000 1.000000
vt 0.475000 -0.000000
vt 0.475000 0.100000
vt 0.475000 0.200000
vt 0.475000 0.300000
vt 0.475000 0.400000
vt 0.475000 0.500000
vt 0.500000 0.600000
vt 0.500000 0.700000
vt 0.500000 0.800000
vt 0.500000 0.900000
vt 0.500000 1.000000
vt 0.500000 -0.000000
vt 0.500000 0.100000
vt 0.500000 0.200000
vt 0.500000 0.300000
vt 0.500000 0.400000
vt 0.500000 0.500000
vt 0.916667 1.000000
vt 0.916667 0.500000
vt 0.833333 1.000000
vt 0.833333 0.500000
vt 0.750000 1.000000
vt 0.750000 0.500000
vt 0.666667 1.000000
vt 0.666667 0.500000
vt 0.583333 1.000000
vt 0.583333 0.500000
vt 0.500000 1.000000
vt 0.500000 0.500000
vt 0.416667 1.000000
vt 0.416667 0.500000
vt 0.333333 1.000000
vt 0.333333 0.500000
vt 0.250000 1.000000
vt 0.250000 0.500000
vt 0.166667 1.000000
vt 0.166667 0.500000
vt 0.370000 0.457846
vt 0.250000 0.490000
vt 0.130000 0.457846
vt 0.042154 0.370000
vt 0.010000 0.250000
vt 0.042154 0.130000
vt 0.130000 0.042154
vt 0.250000 0.010000
vt 0.370000 0.042154
vt 0.457846 0.130000
vt 0.490000 0.250000
vt 0.457846 0.370000
vt 0.083333 1.000000
vt 0.083333 0.500000
vt 0.000000 1.000000
vt 0.000000 0.500000
vt 0.750000 0.490000
vt 0.870000 0.457846
vt 0.957846 0.370000
vt 0.990000 0.250000
vt 0.957846 0.130000
vt 0.870000 0.042154
vt 0.750000 0.010000
vt 0.630000 0.042154
vt 0.542154 0.130000
vt 0.510000 0.250000
vt 0.542154 0.370000
vt 0.630000 0.457846
s 0
usemtl Demon_Eye_White
f 474/1/1 1/2/1 9/3/1
f 8/4/2 482/5/2 23/6/2
f 6/7/3 5/8/3 16/9/3 17/10/3
f 475/11/4 474/1/4 9/3/4 10/12/4
f 478/13/5 6/7/5 17/10/5 18/14/5
f 2/15/6 475/11/6 10/12/6 11/16/6
f 7/17/7 478/13/7 18/14/7 19/18/7
f 476/19/8 2/15/8 11/16/8 12/20/8
f 479/21/9 7/17/9 19/18/9 20/22/9
f 3/23/10 476/19/10 12/20/10 13/24/10
f 480/25/11 479/21/11 20/22/11 21/26/11
f 477/27/12 3/23/12 13/24/12 14/28/12
f 481/29/13 480/25/13 21/26/13 22/30/13
f 4/31/14 477/27/14 14/28/14 15/32/14
f 482/5/15 481/29/15 22/30/15 23/6/15
f 5/8/16 4/31/16 15/32/16 16/9/16
f 23/6/17 22/30/17 37/33/17 38/34/17
f 16/9/18 15/32/18 30/35/18 31/36/18
f 9/3/19 1/37/19 24/38/19
f 8/39/20 23/6/20 38/34/20
f 17/10/21 16/9/21 31/36/21 32/40/21
f 10/12/22 9/3/22 24/38/22 25/41/22
f 18/14/23 17/10/23 32/40/23 33/42/23
f 11/16/24 10/12/24 25/41/24 26/43/24
f 19/18/25 18/14/25 33/42/25 34/44/25
f 12/20/26 11/16/26 26/43/26 27/45/26
f 20/22/27 19/18/27 34/44/27 35/46/27
f 13/24/28 12/20/28 27/45/28 28/47/28
f 21/26/29 20/22/29 35/46/29 36/48/29
f 14/28/30 13/24/30 28/47/30 29/49/30
f 22/30/31 21/26/31 36/48/31 37/33/31
f 15/32/32 14/28/32 29/49/32 30/35/32
f 27/45/33 26/43/33 41/50/33 42/51/33
f 35/46/34 34/44/34 49/52/34 50/53/34
f 28/47/35 27/45/35 42/51/35 43/54/35
f 36/48/36 35/46/36 50/53/36 51/55/36
f 29/49/37 28/47/37 43/54/37 44/56/37
f 37/33/38 36/48/38 51/55/38 52/57/38
f 30/35/39 29/49/39 44/56/39 45/58/39
f 38/34/40 37/33/40 52/57/40 53/59/40
f 31/36/41 30/35/41 45/58/41 46/60/41
f 24/38/42 1/61/42 39/62/42
f 8/63/43 38/34/43 53/59/43
f 32/40/44 31/36/44 46/60/44 47/64/44
f 25/41/45 24/38/45 39/62/45 40/65/45
f 33/42/46 32/40/46 47/64/46 48/66/46
f 26/43/47 25/41/47 40/65/47 41/50/47
f 34/44/48 33/42/48 48/66/48 49/52/48
f 46/60/49 45/58/49 60/67/49 61/68/49
f 39/62/50 1/69/50 54/70/50
f 8/71/51 53/59/51 68/72/51
f 47/64/52 46/60/52 61/68/52 62/73/52
f 40/65/53 39/62/53 54/70/53 55/74/53
f 48/66/54 47/64/54 62/73/54 63/75/54
f 41/50/55 40/65/55 55/74/55 56/76/55
f 49/52/56 48/66/56 63/75/56 64/77/56
f 42/51/57 41/50/57 56/76/57 57/78/57
f 50/53/58 49/52/58 64/77/58 65/79/58
f 43/54/59 42/51/59 57/78/59 58/80/59
f 51/55/60 50/53/60 65/79/60 66/81/60
f 44/56/61 43/54/61 58/80/61 59/82/61
f 52/57/62 51/55/62 66/81/62 67/83/62
f 45/58/63 44/56/63 59/82/63 60/67/63
f 53/59/64 52/57/64 67/83/64 68/72/64
f 65/79/65 64/77/65 79/84/65 80/85/65
f 58/80/66 57/78/66 72/86/66 73/87/66
f 66/81/67 65/79/67 80/85/67 81/88/67
f 59/82/68 58/80/68 73/87/68 74/89/68
f 67/83/69 66/81/69 81/88/69 82/90/69
f 60/67/70 59/82/70 74/89/70 75/91/70
f 68/72/71 67/83/71 82/90/71 83/92/71
f 61/68/72 60/67/72 75/91/72 76/93/72
f 54/70/73 1/94/73 69/95/73
f 8/96/74 68/72/74 83/92/74
f 62/73/75 61/68/75 76/93/75 77/97/75
f 55/74/76 54/70/76 69/95/76 70/98/76
f 63/75/77 62/73/77 77/97/77 78/99/77
f 56/76/78 55/74/78 70/98/78 71/100/78
f 64/77/79 63/75/79 78/99/79 79/84/79
f 57/78/80 56/76/80 71/100/80 72/86/80
f 69/95/81 1/101/81 84/102/81
f 8/103/82 83/92/82 98/104/82
f 77/97/83 76/93/83 91/105/83 92/106/83
f 70/98/84 69/95/84 84/102/84 85/107/84
f 78/99/85 77/97/85 92/106/85 93/108/85
f 71/100/86 70/98/86 85/107/86 86/109/86
f 79/84/87 78/99/87 93/108/87 94/110/87
f 72/86/88 71/100/88 86/109/88 87/111/88
f 80/85/89 79/84/89 94/110/89 95/112/89
f 73/87/90 72/86/90 87/111/90 88/113/90
f 81/88/91 80/85/91 95/112/91 96/114/91
f 74/89/92 73/87/92 88/113/92 89/115/92
f 82/90/93 81/88/93 96/114/93 97/116/93
f 75/91/94 74/89/94 89/115/94 90/117/94
f 83/92/95 82/90/95 97/116/95 98/104/95
f 76/93/96 75/91/96 90/117/96 91/105/96
f 88/113/97 87/111/97 102/118/97 103/119/97
f 96/114/98 95/112/98 110/120/98 111/121/98
f 89/115/99 88/113/99 103/119/99 104/122/99
f 97/116/100 96/114/100 111/121/100 112/123/100
f 90/117/101 89/115/101 104/122/101 105/124/101
f 98/104/102 97/116/102 112/123/102 113/125/102
f 91/105/103 90/117/103 105/124/103 106/126/103
f 84/102/104 1/127/104 99/128/104
f 8/129/105 98/104/105 113/125/105
f 92/106/106 91/105/106 106/126/106 107/130/106
f 85/107/107 84/102/107 99/128/107 100/131/107
f 93/108/108 92/106/108 107/130/108 108/132/108
f 86/109/109 85/107/109 100/131/109 101/133/109
f 94/110/110 93/108/110 108/132/110 109/134/110
f 87/111/111 86/109/111 101/133/111 102/118/111
f 95/112/112 94/110/112 109/134/112 110/120/112
f 107/130/113 106/126/113 121/135/113 122/136/113
f 100/131/114 99/128/114 114/137/114 115/138/114
f 108/132/115 107/130/115 122/136/115 123/139/115
f 101/133/116 100/131/116 115/138/116 116/140/116
f 109/134/117 108/132/117 123/139/117 124/141/117
f 102/118/118 101/133/118 116/140/118 117/142/118
f 110/120/119 109/134/119 124/141/119 125/143/119
f 103/119/120 102/118/120 117/142/120 118/144/120
f 111/121/121 110/120/121 125/143/121 126/145/121
f 104/122/122 103/119/122 118/144/122 119/146/122
f 112/123/123 111/121/123 126/145/123 127/147/123
f 105/124/124 104/122/124 119/146/124 120/148/124
f 113/125/125 112/123/125 127/147/125 128/149/125
f 106/126/126 105/124/126 120/148/126 121/135/126
f 99/128/127 1/150/127 114/137/127
f 8/151/128 113/125/128 128/149/128
f 126/145/129 125/143/129 140/152/129 141/153/129
f 119/146/130 118/144/130 133/154/130 134/155/130
f 127/147/131 126/145/131 141/153/131 142/156/131
f 120/148/132 119/146/132 134/155/132 135/157/132
f 128/149/133 127/147/133 142/156/133 143/158/133
f 121/135/134 120/148/134 135/157/134 136/159/134
f 114/137/135 1/160/135 129/161/135
f 8/162/136 128/149/136 143/158/136
f 122/136/137 121/135/137 136/159/137 137/163/137
f 115/138/138 114/137/138 129/161/138 130/164/138
f 123/139/139 122/136/139 137/163/139 138/165/139
f 116/140/140 115/138/140 130/164/140 131/166/140
f 124/141/141 123/139/141 138/165/141 139/167/141
f 117/142/142 116/140/142 131/166/142 132/168/142
f 125/143/143 124/141/143 139/167/143 140/152/143
f 118/144/144 117/142/144 132/168/144 133/154/144
f 138/165/145 137/163/145 152/169/145 153/170/145
f 131/166/146 130/164/146 145/171/146 146/172/146
f 139/167/147 138/165/147 153/170/147 154/173/147
f 132/168/148 131/166/148 146/172/148 147/174/148
f 140/152/149 139/167/149 154/173/149 155/175/149
f 133/154/150 132/168/150 147/174/150 148/176/150
f 141/153/151 140/152/151 155/175/151 156/177/151
f 134/155/152 133/154/152 148/176/152 149/178/152
f 142/156/153 141/153/153 156/177/153 157/179/153
f 135/157/154 134/155/154 149/178/154 150/180/154
f 143/158/155 142/156/155 157/179/155 158/181/155
f 136/159/156 135/157/156 150/180/156 151/182/156
f 129/161/157 1/183/157 144/184/157
f 8/185/158 143/158/158 158/181/158
f 137/163/159 136/159/159 151/182/159 152/169/159
f 130/164/160 129/161/160 144/184/160 145/171/160
f 157/179/161 156/177/161 171/186/161 172/187/161
f 150/180/162 149/178/162 164/188/162 165/189/162
f 158/181/163 157/179/163 172/187/163 173/190/163
f 151/182/164 150/180/164 165/189/164 166/191/164
f 144/184/165 1/192/165 159/193/165
f 8/194/166 158/181/166 173/190/166
f 152/169/167 151/182/167 166/191/167 167/195/167
f 145/171/168 144/184/168 159/193/168 160/196/168
f 153/170/169 152/169/169 167/195/169 168/197/169
f 146/172/170 145/171/170 160/196/170 161/198/170
f 154/173/171 153/170/171 168/197/171 169/199/171
f 147/174/172 146/172/172 161/198/172 162/200/172
f 155/175/173 154/173/173 169/199/173 170/201/173
f 148/176/174 147/174/174 162/200/174 163/202/174
f 156/177/175 155/175/175 170/201/175 171/186/175
f 149/178/176 148/176/176 163/202/176 164/188/176
f 161/198/177 160/196/177 175/203/177 176/204/177
f 169/199/178 168/197/178 183/205/178 184/206/178
f 162/200/179 161/198/179 176/204/179 177/207/179
f 170/201/180 169/199/180 184/206/180 185/208/180
f 163/202/181 162/200/181 177/207/181 178/209/181
f 171/186/182 170/201/182 185/208/182 186/210/182
f 164/188/183 163/202/183 178/209/183 179/211/183
f 172/187/184 171/186/184 186/210/184 187/212/184
f 165/189/185 164/188/185 179/211/185 180/213/185
f 173/190/186 172/187/186 187/212/186 188/214/186
f 166/191/187 165/189/187 180/213/187 181/215/187
f 159/193/188 1/216/188 174/217/188
f 8/218/189 173/190/189 188/214/189
f 167/195/190 166/191/190 181/215/190 182/219/190
f 160/196/191 159/193/191 174/217/191 175/203/191
f 168/197/192 167/195/192 182/219/192 183/205/192
f 180/213/193 179/211/193 194/220/193 195/221/193
f 188/214/194 187/212/194 202/222/194 203/223/194
f 181/215/195 180/213/195 195/221/195 196/224/195
f 174/217/196 1/225/196 189/226/196
f 8/227/197 188/214/197 203/223/197
f 182/219/198 181/215/198 196/224/198 197/228/198
f 175/203/199 174/217/199 189/226/199 190/229/199
f 183/205/200 182/219/200 197/228/200 198/230/200
f 176/204/201 175/203/201 190/229/201 191/231/201
f 184/206/202 183/205/202 198/230/202 199/232/202
f 177/207/203 176/204/203 191/231/203 192/233/203
f 185/208/204 184/206/204 199/232/204 200/234/204
f 178/209/205 177/207/205 192/233/205 193/235/205
f 186/210/206 185/208/206 200/234/206 201/236/206
f 179/211/207 178/209/207 193/235/207 194/220/207
f 187/212/208 186/210/208 201/236/208 202/222/208
f 199/232/209 198/230/209 213/237/209 214/238/209
f 192/233/210 191/231/210 206/239/210 207/240/210
f 200/234/211 199/232/211 214/238/211 215/241/211
f 193/235/212 192/233/212 207/240/212 208/242/212
f 201/236/213 200/234/213 215/241/213 216/243/213
f 194/220/214 193/235/214 208/242/214 209/244/214
f 202/222/215 201/236/215 216/243/215 217/245/215
f 195/221/216 194/220/216 209/244/216 210/246/216
f 203/223/217 202/222/217 217/245/217 218/247/217
f 196/224/218 195/221/218 210/246/218 211/248/218
f 189/226/219 1/249/219 204/250/219
f 8/251/220 203/223/220 218/247/220
f 197/228/221 196/224/221 211/248/221 212/252/221
f 190/229/222 189/226/222 204/250/222 205/253/222
f 198/230/223 197/228/223 212/252/223 213/237/223
f 191/231/224 190/229/224 205/253/224 206/239/224
f 218/247/225 217/245/225 232/254/225 233/255/225
f 211/248/226 210/246/226 225/256/226 226/257/226
f 204/250/227 1/258/227 219/259/227
f 8/260/228 218/247/228 233/255/228
f 212/252/229 211/248/229 226/257/229 227/261/229
f 205/253/230 204/250/230 219/259/230 220/262/230
f 213/237/231 212/252/231 227/261/231 228/263/231
f 206/239/232 205/253/232 220/262/232 221/264/232
f 214/238/233 213/237/233 228/263/233 229/265/233
f 207/240/234 206/239/234 221/264/234 222/266/234
f 215/241/235 214/238/235 229/265/235 230/267/235
f 208/242/236 207/240/236 222/266/236 223/268/236
f 216/243/237 215/241/237 230/267/237 231/269/237
f 209/244/238 208/242/238 223/268/238 224/270/238
f 217/245/239 216/243/239 231/269/239 232/254/239
f 210/246/240 209/244/240 224/270/240 225/256/240
f 222/266/241 221/264/241 236/271/241 237/272/241
f 230/267/242 229/265/242 244/273/242 245/274/242
f 223/268/243 222/266/243 237/272/243 238/275/243
f 231/269/244 230/267/244 245/274/244 246/276/244
f 224/270/245 223/268/245 238/275/245 239/277/245
f 232/254/246 231/269/246 246/276/246 247/278/246
f 225/256/247 224/270/247 239/277/247 240/279/247
f 233/255/248 232/254/248 247/278/248 248/280/248
f 226/257/249 225/256/249 240/279/249 241/281/249
f 219/259/250 1/282/250 234/283/250
f 8/284/251 233/255/251 248/280/251
f 227/261/252 226/257/252 241/281/252 242/285/252
f 220/262/253 219/259/253 234/283/253 235/286/253
f 228/263/254 227/261/254 242/285/254 243/287/254
f 221/264/255 220/262/255 235/286/255 236/271/255
f 229/265/256 228/263/256 243/287/256 244/273/256
f 241/281/257 240/279/257 255/288/257 256/289/257
f 234/283/258 1/290/258 249/291/258
f 8/292/259 248/280/259 263/293/259
f 242/285/260 241/281/260 256/289/260 257/294/260
f 235/286/261 234/283/261 249/291/261 250/295/261
f 243/287/262 242/285/262 257/294/262 258/296/262
f 236/271/263 235/286/263 250/295/263 251/297/263
f 244/273/264 243/287/264 258/296/264 259/298/264
f 237/272/265 236/271/265 251/297/265 252/299/265
f 245/274/266 244/273/266 259/298/266 260/300/266
f 238/275/267 237/272/267 252/299/267 253/301/267
f 246/276/268 245/274/268 260/300/268 261/302/268
f 239/277/269 238/275/269 253/301/269 254/303/269
f 247/278/270 246/276/270 261/302/270 262/304/270
f 240/279/271 239/277/271 254/303/271 255/288/271
f 248/280/272 247/278/272 262/304/272 263/293/272
f 260/300/273 259/298/273 274/305/273 275/306/273
f 253/301/274 252/299/274 267/307/274 268/308/274
f 261/302/275 260/300/275 275/306/275 276/309/275
f 254/303/276 253/301/276 268/308/276 269/310/276
f 262/304/277 261/302/277 276/309/277 277/311/277
f 255/288/278 254/303/278 269/310/278 270/312/278
f 263/293/279 262/304/279 277/311/279 278/313/279
f 256/289/280 255/288/280 270/312/280 271/314/280
f 249/291/281 1/315/281 264/316/281
f 8/317/282 263/293/282 278/313/282
f 257/294/283 256/289/283 271/314/283 272/318/283
f 250/295/284 249/291/284 264/316/284 265/319/284
f 258/296/285 257/294/285 272/318/285 273/320/285
f 251/297/286 250/295/286 265/319/286 266/321/286
f 259/298/287 258/296/287 273/320/287 274/305/287
f 252/299/288 251/297/288 266/321/288 267/307/288
f 8/322/289 278/313/289 293/323/289
f 272/318/290 271/314/290 286/324/290 287/325/290
f 265/319/291 264/316/291 279/326/291 280/327/291
f 273/320/292 272/318/292 287/325/292 288/328/292
f 266/321/293 265/319/293 280/327/293 281/329/293
f 274/305/294 273/320/294 288/328/294 289/330/294
f 267/307/295 266/321/295 281/329/295 282/331/295
f 275/306/296 274/305/296 289/330/296 290/332/296
f 268/308/297 267/307/297 282/331/297 283/333/297
f 276/309/298 275/306/298 290/332/298 291/334/298
f 269/310/299 268/308/299 283/333/299 284/335/299
f 277/311/300 276/309/300 291/334/300 292/336/300
f 270/312/301 269/310/301 284/335/301 285/337/301
f 278/313/302 277/311/302 292/336/302 293/323/302
f 271/314/303 270/312/303 285/337/303 286/324/303
f 264/316/304 1/338/304 279/326/304
f 291/334/305 290/332/305 305/339/305 306/340/305
f 284/335/306 283/333/306 298/341/306 299/342/306
f 292/336/307 291/334/307 306/340/307 307/343/307
f 285/337/308 284/335/308 299/342/308 300/344/308
f 293/323/309 292/336/309 307/343/309 308/345/309
f 286/324/310 285/337/310 300/344/310 301/346/310
f 279/326/311 1/347/311 294/348/311
f 8/349/312 293/323/312 308/345/312
f 287/325/313 286/324/313 301/346/313 302/350/313
f 280/327/314 279/326/314 294/348/314 295/351/314
f 288/328/315 287/325/315 302/350/315 303/352/315
f 281/329/316 280/327/316 295/351/316 296/353/316
f 289/330/317 288/328/317 303/352/317 304/354/317
f 282/331/318 281/329/318 296/353/318 297/355/318
f 290/332/319 289/330/319 304/354/319 305/339/319
f 283/333/320 282/331/320 297/355/320 298/341/320
f 295/351/321 294/348/321 309/356/321 310/357/321
f 303/352/322 302/350/322 317/358/322 318/359/322
f 296/353/323 295/351/323 310/357/323 311/360/323
f 304/354/324 303/352/324 318/359/324 319/361/324
f 297/355/325 296/353/325 311/360/325 312/362/325
f 305/339/326 304/354/326 319/361/326 320/363/326
f 298/341/327 297/355/327 312/362/327 313/364/327
f 306/340/328 305/339/328 320/363/328 321/365/328
f 299/342/329 298/341/329 313/364/329 314/366/329
f 307/343/330 306/340/330 321/365/330 322/367/330
f 300/344/331 299/342/331 314/366/331 315/368/331
f 308/345/332 307/343/332 322/367/332 323/369/332
f 301/346/333 300/344/333 315/368/333 316/370/333
f 294/348/334 1/371/334 309/356/334
f 8/372/335 308/345/335 323/369/335
f 302/350/336 301/346/336 316/370/336 317/358/336
f 314/366/337 313/364/337 328/373/337 329/374/337
f 322/367/338 321/365/338 336/375/338 337/376/338
f 315/368/339 314/366/339 329/374/339 330/377/339
f 323/369/340 322/367/340 337/376/340 338/378/340
f 316/370/341 315/368/341 330/377/341 331/379/341
f 309/356/342 1/380/342 324/381/342
f 8/382/343 323/369/343 338/378/343
f 317/358/344 316/370/344 331/379/344 332/383/344
f 310/357/345 309/356/345 324/381/345 325/384/345
f 318/359/346 317/358/346 332/383/346 333/385/346
f 311/360/347 310/357/347 325/384/347 326/386/347
f 319/361/348 318/359/348 333/385/348 334/387/348
f 312/362/349 311/360/349 326/386/349 327/388/349
f 320/363/350 319/361/350 334/387/350 335/389/350
f 313/364/351 312/362/351 327/388/351 328/373/351
f 321/365/352 320/363/352 335/389/352 336/375/352
f 333/385/353 332/383/353 347/390/353 348/391/353
f 326/386/354 325/384/354 340/392/354 341/393/354
f 334/387/355 333/385/355 348/391/355 349/394/355
f 327/388/356 326/386/356 341/393/356 342/395/356
f 335/389/357 334/387/357 349/394/357 350/396/357
f 328/373/358 327/388/358 342/395/358 343/397/358
f 336/375/359 335/389/359 350/396/359 351/398/359
f 329/374/360 328/373/360 343/397/360 344/399/360
f 337/376/361 336/375/361 351/398/361 352/400/361
f 330/377/362 329/374/362 344/399/362 345/401/362
f 338/378/363 337/376/363 352/400/363 353/402/363
f 331/379/364 330/377/364 345/401/364 346/403/364
f 324/381/365 1/404/365 339/405/365
f 8/406/366 338/378/366 353/402/366
f 332/383/367 331/379/367 346/403/367 347/390/367
f 325/384/368 324/381/368 339/405/368 340/392/368
f 352/400/369 351/398/369 366/407/369 367/408/369
f 345/401/370 344/399/370 359/409/370 360/410/370
f 353/402/371 352/400/371 367/408/371 368/411/371
f 346/403/372 345/401/372 360/410/372 361/412/372
f 339/405/373 1/413/373 354/414/373
f 8/415/374 353/402/374 368/411/374
f 347/390/375 346/403/375 361/412/375 362/416/375
f 340/392/376 339/405/376 354/414/376 355/417/376
f 348/391/377 347/390/377 362/416/377 363/418/377
f 341/393/378 340/392/378 355/417/378 356/419/378
f 349/394/379 348/391/379 363/418/379 364/420/379
f 342/395/380 341/393/380 356/419/380 357/421/380
f 350/396/381 349/394/381 364/420/381 365/422/381
f 343/397/382 342/395/382 357/421/382 358/423/382
f 351/398/383 350/396/383 365/422/383 366/407/383
f 344/399/384 343/397/384 358/423/384 359/409/384
f 356/424/385 355/425/385 370/426/385 371/427/385
f 364/428/386 363/429/386 378/430/386 379/431/386
f 357/432/387 356/424/387 371/427/387 372/433/387
f 365/434/388 364/428/388 379/431/388 380/435/388
f 358/436/389 357/432/389 372/433/389 373/437/389
f 366/438/390 365/434/390 380/435/390 381/439/390
f 359/440/391 358/436/391 373/437/391 374/441/391
f 367/442/392 366/438/392 381/439/392 382/443/392
f 360/444/393 359/440/393 374/441/393 375/445/393
f 368/446/394 367/442/394 382/443/394 383/447/394
f 361/448/395 360/444/395 375/445/395 376/449/395
f 354/450/396 1/451/396 369/452/396
f 8/453/397 368/446/397 383/447/397
f 362/454/398 361/448/398 376/449/398 377/455/398
f 355/425/399 354/450/399 369/452/399 370/426/399
f 363/429/400 362/454/400 377/455/400 378/430/400
f 375/445/401 374/441/401 389/456/401 390/457/401
f 383/447/402 382/443/402 397/458/402 398/459/402
f 376/449/403 375/445/403 390/457/403 391/460/403
f 369/452/404 1/461/404 384/462/404
f 8/463/405 383/447/405 398/459/405
f 377/455/406 376/449/406 391/460/406 392/464/406
f 370/426/407 369/452/407 384/462/407 385/465/407
f 378/430/408 377/455/408 392/464/408 393/466/408
f 371/427/409 370/426/409 385/465/409 386/467/409
f 379/431/410 378/430/410 393/466/410 394/468/410
f 372/433/411 371/427/411 386/467/411 387/469/411
f 380/435/412 379/431/412 394/468/412 395/470/412
f 373/437/413 372/433/413 387/469/413 388/471/413
f 381/439/414 380/435/414 395/470/414 396/472/414
f 374/441/415 373/437/415 388/471/415 389/456/415
f 382/443/416 381/439/416 396/472/416 397/458/416
f 394/468/417 393/466/417 408/473/417 409/474/417
f 387/469/418 386/467/418 401/475/418 402/476/418
f 395/470/419 394/468/419 409/474/419 410/477/419
f 388/471/420 387/469/420 402/476/420 403/478/420
f 396/472/421 395/470/421 410/477/421 411/479/421
f 389/456/422 388/471/422 403/478/422 404/480/422
f 397/458/423 396/472/423 411/479/423 412/481/423
f 390/457/424 389/456/424 404/480/424 405/482/424
f 398/459/425 397/458/425 412/481/425 413/483/425
f 391/460/426 390/457/426 405/482/426 406/484/426
f 384/462/427 1/485/427 399/486/427
f 8/487/428 398/459/428 413/483/428
f 392/464/429 391/460/429 406/484/429 407/488/429
f 385/465/430 384/462/430 399/486/430 400/489/430
f 393/466/431 392/464/431 407/488/431 408/473/431
f 386/467/432 385/465/432 400/489/432 401/475/432
f 413/483/433 412/481/433 427/490/433 428/491/433
f 406/484/434 405/482/434 420/492/434 421/493/434
f 399/486/435 1/494/435 414/495/435
f 8/496/436 413/483/436 428/491/436
f 407/488/437 406/484/437 421/493/437 422/497/437
f 400/489/438 399/486/438 414/495/438 415/498/438
f 408/473/439 407/488/439 422/497/439 423/499/439
f 401/475/440 400/489/440 415/498/440 416/500/440
f 409/474/441 408/473/441 423/499/441 424/501/441
f 402/476/442 401/475/442 416/500/442 417/502/442
f 410/477/443 409/474/443 424/501/443 425/503/443
f 403/478/444 402/476/444 417/502/444 418/504/444
f 411/479/445 410/477/445 425/503/445 426/505/445
f 404/480/446 403/478/446 418/504/446 419/506/446
f 412/481/447 411/479/447 426/505/447 427/490/447
f 405/482/448 404/480/448 419/506/448 420/492/448
f 425/503/449 424/501/449 439/507/449 440/508/449
f 418/504/450 417/502/450 432/509/450 433/510/450
f 426/505/451 425/503/451 440/508/451 441/511/451
f 419/506/452 418/504/452 433/510/452 434/512/452
f 427/490/453 426/505/453 441/511/453 442/513/453
f 420/492/454 419/506/454 434/512/454 435/514/454
f 428/491/455 427/490/455 442/513/455 443/515/455
f 421/493/456 420/492/456 435/514/456 436/516/456
f 414/495/457 1/517/457 429/518/457
f 8/519/458 428/491/458 443/515/458
f 422/497/459 421/493/459 436/516/459 437/520/459
f 415/498/460 414/495/460 429/518/460 430/521/460
f 423/499/461 422/497/461 437/520/461 438/522/461
f 416/500/462 415/498/462 430/521/462 431/523/462
f 424/501/463 423/499/463 438/522/463 439/507/463
f 417/502/464 416/500/464 431/523/464 432/509/464
f 429/518/465 1/524/465 444/525/465
f 8/526/466 443/515/466 458/527/466
f 437/520/467 436/516/467 451/528/467 452/529/467
f 430/521/468 429/518/468 444/525/468 445/530/468
f 438/522/469 437/520/469 452/529/469 453/531/469
f 431/523/470 430/521/470 445/530/470 446/532/470
f 439/507/471 438/522/471 453/531/471 454/533/471
f 432/509/472 431/523/472 446/532/472 447/534/472
f 440/508/473 439/507/473 454/533/473 455/535/473
f 433/510/474 432/509/474 447/534/474 448/536/474
f 441/511/475 440/508/475 455/535/475 456/537/475
f 434/512/476 433/510/476 448/536/476 449/538/476
f 442/513/477 441/511/477 456/537/477 457/539/477
f 435/514/478 434/512/478 449/538/478 450/540/478
f 443/515/479 442/513/479 457/539/479 458/527/479
f 436/516/480 435/514/480 450/540/480 451/528/480
f 448/536/481 447/534/481 462/541/481 463/542/481
f 456/537/482 455/535/482 470/543/482 471/544/482
f 449/538/483 448/536/483 463/542/483 464/545/483
f 457/539/484 456/537/484 471/544/484 472/546/484
f 450/540/485 449/538/485 464/545/485 465/547/485
f 458/527/486 457/539/486 472/546/486 473/548/486
f 451/528/487 450/540/487 465/547/487 466/549/487
f 444/525/488 1/550/488 459/551/488
f 8/552/489 458/527/489 473/548/489
f 452/529/490 451/528/490 466/549/490 467/553/490
f 445/530/491 444/525/491 459/551/491 460/554/491
f 453/531/492 452/529/492 467/553/492 468/555/492
f 446/532/493 445/530/493 460/554/493 461/556/493
f 454/533/494 453/531/494 468/555/494 469/557/494
f 447/534/495 446/532/495 461/556/495 462/541/495
f 455/535/496 454/533/496 469/557/496 470/543/496
f 467/553/497 466/549/497 5/8/497 6/7/497
f 460/554/498 459/551/498 474/1/498 475/11/498
f 468/555/499 467/553/499 6/7/499 478/13/499
f 461/556/500 460/554/500 475/11/500 2/15/500
f 469/557/501 468/555/501 478/13/501 7/17/501
f 462/541/502 461/556/502 2/15/502 476/19/502
f 470/543/503 469/557/503 7/17/503 479/21/503
f 463/542/504 462/541/504 476/19/504 3/23/504
f 471/544/505 470/543/505 479/21/505 480/25/505
f 464/545/506 463/542/506 3/23/506 477/27/506
f 472/546/507 471/544/507 480/25/507 481/29/507
f 465/547/508 464/545/508 477/27/508 4/31/508
f 473/548/509 472/546/509 481/29/509 482/5/509
f 466/549/510 465/547/510 4/31/510 5/8/510
f 459/551/511 1/558/511 474/1/511
f 8/559/512 473/548/512 482/5/512
usemtl Demon_Iris_Red
f 957/11/513 956/1/513 491/3/513 492/12/513
f 960/13/514 488/7/514 499/10/514 500/14/514
f 484/15/515 957/11/515 492/12/515 493/16/515
f 489/17/516 960/13/516 500/14/516 501/18/516
f 958/19/517 484/15/517 493/16/517 494/20/517
f 961/21/518 489/17/518 501/18/518 502/22/518
f 485/23/519 958/19/519 494/20/519 495/24/519
f 962/25/520 961/21/520 502/22/520 503/26/520
f 959/27/521 485/23/521 495/24/521 496/28/521
f 963/29/522 962/25/522 503/26/522 504/30/522
f 486/31/523 959/27/523 496/28/523 497/32/523
f 964/5/524 963/29/524 504/30/524 505/6/524
f 487/8/525 486/31/525 497/32/525 498/9/525
f 956/1/526 483/2/526 491/3/526
f 490/4/527 964/5/527 505/6/527
f 488/7/528 487/8/528 498/9/528 499/10/528
f 498/9/529 497/32/529 512/35/529 513/36/529
f 491/3/530 483/37/530 506/38/530
f 490/39/531 505/6/531 520/34/531
f 499/10/532 498/9/532 513/36/532 514/40/532
f 492/12/533 491/3/533 506/38/533 507/41/533
f 500/14/534 499/10/534 514/40/534 515/42/534
f 493/16/535 492/12/535 507/41/535 508/43/535
f 501/18/536 500/14/536 515/42/536 516/44/536
f 494/20/537 493/16/537 508/43/537 509/45/537
f 502/22/538 501/18/538 516/44/538 517/46/538
f 495/24/539 494/20/539 509/45/539 510/47/539
f 503/26/540 502/22/540 517/46/540 518/48/540
f 496/28/541 495/24/541 510/47/541 511/49/541
f 504/30/542 503/26/542 518/48/542 519/33/542
f 497/32/543 496/28/543 511/49/543 512/35/543
f 505/6/544 504/30/544 519/33/544 520/34/544
f 517/46/545 516/44/545 531/52/545 532/53/545
f 510/47/546 509/45/546 524/51/546 525/54/546
f 518/48/547 517/46/547 532/53/547 533/55/547
f 511/49/548 510/47/548 525/54/548 526/56/548
f 519/33/549 518/48/549 533/55/549 534/57/549
f 512/35/550 511/49/550 526/56/550 527/58/550
f 520/34/551 519/33/551 534/57/551 535/59/551
f 513/36/552 512/35/552 527/58/552 528/60/552
f 506/38/553 483/61/553 521/62/553
f 490/63/554 520/34/554 535/59/554
f 514/40/555 513/36/555 528/60/555 529/64/555
f 507/41/556 506/38/556 521/62/556 522/65/556
f 515/42/557 514/40/557 529/64/557 530/66/557
f 508/43/558 507/41/558 522/65/558 523/50/558
f 516/44/559 515/42/559 530/66/559 531/52/559
f 509/45/560 508/43/560 523/50/560 524/51/560
f 490/71/561 535/59/561 550/72/561
f 529/64/562 528/60/562 543/68/562 544/73/562
f 522/65/563 521/62/563 536/70/563 537/74/563
f 530/66/564 529/64/564 544/73/564 545/75/564
f 523/50/565 522/65/565 537/74/565 538/76/565
f 531/52/566 530/66/566 545/75/566 546/77/566
f 524/51/567 523/50/567 538/76/567 539/78/567
f 532/53/568 531/52/568 546/77/568 547/79/568
f 525/54/569 524/51/569 539/78/569 540/80/569
f 533/55/570 532/53/570 547/79/570 548/81/570
f 526/56/571 525/54/571 540/80/571 541/82/571
f 534/57/572 533/55/572 548/81/572 549/83/572
f 527/58/573 526/56/573 541/82/573 542/67/573
f 535/59/574 534/57/574 549/83/574 550/72/574
f 528/60/575 527/58/575 542/67/575 543/68/575
f 521/62/576 483/69/576 536/70/576
f 548/81/577 547/79/577 562/85/577 563/88/577
f 541/82/578 540/80/578 555/87/578 556/89/578
f 549/83/579 548/81/579 563/88/579 564/90/579
f 542/67/580 541/82/580 556/89/580 557/91/580
f 550/72/581 549/83/581 564/90/581 565/92/581
f 543/68/582 542/67/582 557/91/582 558/93/582
f 536/70/583 483/94/583 551/95/583
f 490/96/584 550/72/584 565/92/584
f 544/73/585 543/68/585 558/93/585 559/97/585
f 537/74/586 536/70/586 551/95/586 552/98/586
f 545/75/587 544/73/587 559/97/587 560/99/587
f 538/76/588 537/74/588 552/98/588 553/100/588
f 546/77/589 545/75/589 560/99/589 561/84/589
f 539/78/590 538/76/590 553/100/590 554/86/590
f 547/79/591 546/77/591 561/84/591 562/85/591
f 540/80/592 539/78/592 554/86/592 555/87/592
f 552/98/593 551/95/593 566/102/593 567/107/593
f 560/99/594 559/97/594 574/106/594 575/108/594
f 553/100/595 552/98/595 567/107/595 568/109/595
f 561/84/596 560/99/596 575/108/596 576/110/596
f 554/86/597 553/100/597 568/109/597 569/111/597
f 562/85/598 561/84/598 576/110/598 577/112/598
f 555/87/599 554/86/599 569/111/599 570/113/599
f 563/88/600 562/85/600 577/112/600 578/114/600
f 556/89/601 555/87/601 570/113/601 571/115/601
f 564/90/602 563/88/602 578/114/602 579/116/602
f 557/91/603 556/89/603 571/115/603 572/117/603
f 565/92/604 564/90/604 579/116/604 580/104/604
f 558/93/605 557/91/605 572/117/605 573/105/605
f 551/95/606 483/101/606 566/102/606
f 490/103/607 565/92/607 580/104/607
f 559/97/608 558/93/608 573/105/608 574/106/608
f 571/115/609 570/113/609 585/119/609 586/122/609
f 579/116/610 578/114/610 593/121/610 594/123/610
f 572/117/611 571/115/611 586/122/611 587/124/611
f 580/104/612 579/116/612 594/123/612 595/125/612
f 573/105/613 572/117/613 587/124/613 588/126/613
f 566/102/614 483/127/614 581/128/614
f 490/129/615 580/104/615 595/125/615
f 574/106/616 573/105/616 588/126/616 589/130/616
f 567/107/617 566/102/617 581/128/617 582/131/617
f 575/108/618 574/106/618 589/130/618 590/132/618
f 568/109/619 567/107/619 582/131/619 583/133/619
f 576/110/620 575/108/620 590/132/620 591/134/620
f 569/111/621 568/109/621 583/133/621 584/118/621
f 577/112/622 576/110/622 591/134/622 592/120/622
f 570/113/623 569/111/623 584/118/623 585/119/623
f 578/114/624 577/112/624 592/120/624 593/121/624
f 590/132/625 589/130/625 604/136/625 605/139/625
f 583/133/626 582/131/626 597/138/626 598/140/626
f 591/134/627 590/132/627 605/139/627 606/141/627
f 584/118/628 583/133/628 598/140/628 599/142/628
f 592/120/629 591/134/629 606/141/629 607/143/629
f 585/119/630 584/118/630 599/142/630 600/144/630
f 593/121/631 592/120/631 607/143/631 608/145/631
f 586/122/632 585/119/632 600/144/632 601/146/632
f 594/123/633 593/121/633 608/145/633 609/147/633
f 587/124/634 586/122/634 601/146/634 602/148/634
f 595/125/635 594/123/635 609/147/635 610/149/635
f 588/126/636 587/124/636 602/148/636 603/135/636
f 581/128/637 483/150/637 596/137/637
f 490/151/638 595/125/638 610/149/638
f 589/130/639 588/126/639 603/135/639 604/136/639
f 582/131/640 581/128/640 596/137/640 597/138/640
f 609/147/641 608/145/641 623/153/641 624/156/641
f 602/148/642 601/146/642 616/155/642 617/157/642
f 610/149/643 609/147/643 624/156/643 625/158/643
f 603/135/644 602/148/644 617/157/644 618/159/644
f 596/137/645 483/160/645 611/161/645
f 490/162/646 610/149/646 625/158/646
f 604/136/647 603/135/647 618/159/647 619/163/647
f 597/138/648 596/137/648 611/161/648 612/164/648
f 605/139/649 604/136/649 619/163/649 620/165/649
f 598/140/650 597/138/650 612/164/650 613/166/650
f 606/141/651 605/139/651 620/165/651 621/167/651
f 599/142/652 598/140/652 613/166/652 614/168/652
f 607/143/653 606/141/653 621/167/653 622/152/653
f 600/144/654 599/142/654 614/168/654 615/154/654
f 608/145/655 607/143/655 622/152/655 623/153/655
f 601/146/656 600/144/656 615/154/656 616/155/656
f 613/166/657 612/164/657 627/171/657 628/172/657
f 621/167/658 620/165/658 635/170/658 636/173/658
f 614/168/659 613/166/659 628/172/659 629/174/659
f 622/152/660 621/167/660 636/173/660 637/175/660
f 615/154/661 614/168/661 629/174/661 630/176/661
f 623/153/662 622/152/662 637/175/662 638/177/662
f 616/155/663 615/154/663 630/176/663 631/178/663
f 624/156/664 623/153/664 638/177/664 639/179/664
f 617/157/665 616/155/665 631/178/665 632/180/665
f 625/158/666 624/156/666 639/179/666 640/181/666
f 618/159/667 617/157/667 632/180/667 633/182/667
f 611/161/668 483/183/668 626/184/668
f 490/185/669 625/158/669 640/181/669
f 619/163/670 618/159/670 633/182/670 634/169/670
f 612/164/671 611/161/671 626/184/671 627/171/671
f 620/165/672 619/163/672 634/169/672 635/170/672
f 632/180/673 631/178/673 646/188/673 647/189/673
f 640/181/674 639/179/674 654/187/674 655/190/674
f 633/182/675 632/180/675 647/189/675 648/191/675
f 626/184/676 483/192/676 641/193/676
f 490/194/677 640/181/677 655/190/677
f 634/169/678 633/182/678 648/191/678 649/195/678
f 627/171/679 626/184/679 641/193/679 642/196/679
f 635/170/680 634/169/680 649/195/680 650/197/680
f 628/172/681 627/171/681 642/196/681 643/198/681
f 636/173/682 635/170/682 650/197/682 651/199/682
f 629/174/683 628/172/683 643/198/683 644/200/683
f 637/175/684 636/173/684 651/199/684 652/201/684
f 630/176/685 629/174/685 644/200/685 645/202/685
f 638/177/686 637/175/686 652/201/686 653/186/686
f 631/178/687 630/176/687 645/202/687 646/188/687
f 639/179/688 638/177/688 653/186/688 654/187/688
f 651/199/689 650/197/689 665/205/689 666/206/689
f 644/200/690 643/198/690 658/204/690 659/207/690
f 652/201/691 651/199/691 666/206/691 667/208/691
f 645/202/692 644/200/692 659/207/692 660/209/692
f 653/186/693 652/201/693 667/208/693 668/210/693
f 646/188/694 645/202/694 660/209/694 661/211/694
f 654/187/695 653/186/695 668/210/695 669/212/695
f 647/189/696 646/188/696 661/211/696 662/213/696
f 655/190/697 654/187/697 669/212/697 670/214/697
f 648/191/698 647/189/698 662/213/698 663/215/698
f 641/193/699 483/216/699 656/217/699
f 490/218/700 655/190/700 670/214/700
f 649/195/701 648/191/701 663/215/701 664/219/701
f 642/196/702 641/193/702 656/217/702 657/203/702
f 650/197/703 649/195/703 664/219/703 665/205/703
f 643/198/704 642/196/704 657/203/704 658/204/704
f 670/214/705 669/212/705 684/222/705 685/223/705
f 663/215/706 662/213/706 677/221/706 678/224/706
f 656/217/707 483/225/707 671/226/707
f 490/227/708 670/214/708 685/223/708
f 664/219/709 663/215/709 678/224/709 679/228/709
f 657/203/710 656/217/710 671/226/710 672/229/710
f 665/205/711 664/219/711 679/228/711 680/230/711
f 658/204/712 657/203/712 672/229/712 673/231/712
f 666/206/713 665/205/713 680/230/713 681/232/713
f 659/207/714 658/204/714 673/231/714 674/233/714
f 667/208/715 666/206/715 681/232/715 682/234/715
f 660/209/716 659/207/716 674/233/716 675/235/716
f 668/210/717 667/208/717 682/234/717 683/236/717
f 661/211/718 660/209/718 675/235/718 676/220/718
f 669/212/719 668/210/719 683/236/719 684/222/719
f 662/213/720 661/211/720 676/220/720 677/221/720
f 682/234/721 681/232/721 696/238/721 697/241/721
f 675/235/722 674/233/722 689/240/722 690/242/722
f 683/236/723 682/234/723 697/241/723 698/243/723
f 676/220/724 675/235/724 690/242/724 691/244/724
f 684/222/725 683/236/725 698/243/725 699/245/725
f 677/221/726 676/220/726 691/244/726 692/246/726
f 685/223/727 684/222/727 699/245/727 700/247/727
f 678/224/728 677/221/728 692/246/728 693/248/728
f 671/226/729 483/249/729 686/250/729
f 490/251/730 685/223/730 700/247/730
f 679/228/731 678/224/731 693/248/731 694/252/731
f 672/229/732 671/226/732 686/250/732 687/253/732
f 680/230/733 679/228/733 694/252/733 695/237/733
f 673/231/734 672/229/734 687/253/734 688/239/734
f 681/232/735 680/230/735 695/237/735 696/238/735
f 674/233/736 673/231/736 688/239/736 689/240/736
f 686/250/737 483/258/737 701/259/737
f 490/260/738 700/247/738 715/255/738
f 694/252/739 693/248/739 708/257/739 709/261/739
f 687/253/740 686/250/740 701/259/740 702/262/740
f 695/237/741 694/252/741 709/261/741 710/263/741
f 688/239/742 687/253/742 702/262/742 703/264/742
f 696/238/743 695/237/743 710/263/743 711/265/743
f 689/240/744 688/239/744 703/264/744 704/266/744
f 697/241/745 696/238/745 711/265/745 712/267/745
f 690/242/746 689/240/746 704/266/746 705/268/746
f 698/243/747 697/241/747 712/267/747 713/269/747
f 691/244/748 690/242/748 705/268/748 706/270/748
f 699/245/749 698/243/749 713/269/749 714/254/749
f 692/246/750 691/244/750 706/270/750 707/256/750
f 700/247/751 699/245/751 714/254/751 715/255/751
f 693/248/752 692/246/752 707/256/752 708/257/752
f 705/268/753 704/266/753 719/272/753 720/275/753
f 713/269/754 712/267/754 727/274/754 728/276/754
f 706/270/755 705/268/755 720/275/755 721/277/755
f 714/254/756 713/269/756 728/276/756 729/278/756
f 707/256/757 706/270/757 721/277/757 722/279/757
f 715/255/758 714/254/758 729/278/758 730/280/758
f 708/257/759 707/256/759 722/279/759 723/281/759
f 701/259/760 483/282/760 716/283/760
f 490/284/761 715/255/761 730/280/761
f 709/261/762 708/257/762 723/281/762 724/285/762
f 702/262/763 701/259/763 716/283/763 717/286/763
f 710/263/764 709/261/764 724/285/764 725/287/764
f 703/264/765 702/262/765 717/286/765 718/271/765
f 711/265/766 710/263/766 725/287/766 726/273/766
f 704/266/767 703/264/767 718/271/767 719/272/767
f 712/267/768 711/265/768 726/273/768 727/274/768
f 724/285/769 723/281/769 738/289/769 739/294/769
f 717/286/770 716/283/770 731/291/770 732/295/770
f 725/287/771 724/285/771 739/294/771 740/296/771
f 718/271/772 717/286/772 732/295/772 733/297/772
f 726/273/773 725/287/773 740/296/773 741/298/773
f 719/272/774 718/271/774 733/297/774 734/299/774
f 727/274/775 726/273/775 741/298/775 742/300/775
f 720/275/776 719/272/776 734/299/776 735/301/776
f 728/276/777 727/274/777 742/300/777 743/302/777
f 721/277/778 720/275/778 735/301/778 736/303/778
f 729/278/779 728/276/779 743/302/779 744/304/779
f 722/279/780 721/277/780 736/303/780 737/288/780
f 730/280/781 729/278/781 744/304/781 745/293/781
f 723/281/782 722/279/782 737/288/782 738/289/782
f 716/283/783 483/290/783 731/291/783
f 490/292/784 730/280/784 745/293/784
f 743/302/785 742/300/785 757/306/785 758/309/785
f 736/303/786 735/301/786 750/308/786 751/310/786
f 744/304/787 743/302/787 758/309/787 759/311/787
f 737/288/788 736/303/788 751/310/788 752/312/788
f 745/293/789 744/304/789 759/311/789 760/313/789
f 738/289/790 737/288/790 752/312/790 753/314/790
f 731/291/791 483/315/791 746/316/791
f 490/317/792 745/293/792 760/313/792
f 739/294/793 738/289/793 753/314/793 754/318/793
f 732/295/794 731/291/794 746/316/794 747/319/794
f 740/296/795 739/294/795 754/318/795 755/320/795
f 733/297/796 732/295/796 747/319/796 748/321/796
f 741/298/797 740/296/797 755/320/797 756/305/797
f 734/299/798 733/297/798 748/321/798 749/307/798
f 742/300/799 741/298/799 756/305/799 757/306/799
f 735/301/800 734/299/800 749/307/800 750/308/800
f 747/319/801 746/316/801 761/326/801 762/327/801
f 755/320/802 754/318/802 769/325/802 770/328/802
f 748/321/803 747/319/803 762/327/803 763/329/803
f 756/305/804 755/320/804 770/328/804 771/330/804
f 749/307/805 748/321/805 763/329/805 764/331/805
f 757/306/806 756/305/806 771/330/806 772/332/806
f 750/308/807 749/307/807 764/331/807 765/333/807
f 758/309/808 757/306/808 772/332/808 773/334/808
f 751/310/809 750/308/809 765/333/809 766/335/809
f 759/311/810 758/309/810 773/334/810 774/336/810
f 752/312/811 751/310/811 766/335/811 767/337/811
f 760/313/812 759/311/812 774/336/812 775/323/812
f 753/314/813 752/312/813 767/337/813 768/324/813
f 746/316/814 483/338/814 761/326/814
f 490/322/815 760/313/815 775/323/815
f 754/318/816 753/314/816 768/324/816 769/325/816
f 766/335/817 765/333/817 780/341/817 781/342/817
f 774/336/818 773/334/818 788/340/818 789/343/818
f 767/337/819 766/335/819 781/342/819 782/344/819
f 775/323/820 774/336/820 789/343/820 790/345/820
f 768/324/821 767/337/821 782/344/821 783/346/821
f 761/326/822 483/347/822 776/348/822
f 490/349/823 775/323/823 790/345/823
f 769/325/824 768/324/824 783/346/824 784/350/824
f 762/327/825 761/326/825 776/348/825 777/351/825
f 770/328/826 769/325/826 784/350/826 785/352/826
f 763/329/827 762/327/827 777/351/827 778/353/827
f 771/330/828 770/328/828 785/352/828 786/354/828
f 764/331/829 763/329/829 778/353/829 779/355/829
f 772/332/830 771/330/830 786/354/830 787/339/830
f 765/333/831 764/331/831 779/355/831 780/341/831
f 773/334/832 772/332/832 787/339/832 788/340/832
f 785/352/833 784/350/833 799/358/833 800/359/833
f 778/353/834 777/351/834 792/357/834 793/360/834
f 786/354/835 785/352/835 800/359/835 801/361/835
f 779/355/836 778/353/836 793/360/836 794/362/836
f 787/339/837 786/354/837 801/361/837 802/363/837
f 780/341/838 779/355/838 794/362/838 795/364/838
f 788/340/839 787/339/839 802/363/839 803/365/839
f 781/342/840 780/341/840 795/364/840 796/366/840
f 789/343/841 788/340/841 803/365/841 804/367/841
f 782/344/842 781/342/842 796/366/842 797/368/842
f 790/345/843 789/343/843 804/367/843 805/369/843
f 783/346/844 782/344/844 797/368/844 798/370/844
f 776/348/845 483/371/845 791/356/845
f 490/372/846 790/345/846 805/369/846
f 784/350/847 783/346/847 798/370/847 799/358/847
f 777/351/848 776/348/848 791/356/848 792/357/848
f 804/367/849 803/365/849 818/375/849 819/376/849
f 797/368/850 796/366/850 811/374/850 812/377/850
f 805/369/851 804/367/851 819/376/851 820/378/851
f 798/370/852 797/368/852 812/377/852 813/379/852
f 791/356/853 483/380/853 806/381/853
f 490/382/854 805/369/854 820/378/854
f 799/358/855 798/370/855 813/379/855 814/383/855
f 792/357/856 791/356/856 806/381/856 807/384/856
f 800/359/857 799/358/857 814/383/857 815/385/857
f 793/360/858 792/357/858 807/384/858 808/386/858
f 801/361/859 800/359/859 815/385/859 816/387/859
f 794/362/860 793/360/860 808/386/860 809/388/860
f 802/363/861 801/361/861 816/387/861 817/389/861
f 795/364/862 794/362/862 809/388/862 810/373/862
f 803/365/863 802/363/863 817/389/863 818/375/863
f 796/366/864 795/364/864 810/373/864 811/374/864
f 816/387/865 815/385/865 830/391/865 831/394/865
f 809/388/866 808/386/866 823/393/866 824/395/866
f 817/389/867 816/387/867 831/394/867 832/396/867
f 810/373/868 809/388/868 824/395/868 825/397/868
f 818/375/869 817/389/869 832/396/869 833/398/869
f 811/374/870 810/373/870 825/397/870 826/399/870
f 819/376/871 818/375/871 833/398/871 834/400/871
f 812/377/872 811/374/872 826/399/872 827/401/872
f 820/378/873 819/376/873 834/400/873 835/402/873
f 813/379/874 812/377/874 827/401/874 828/403/874
f 806/381/875 483/404/875 821/405/875
f 490/406/876 820/378/876 835/402/876
f 814/383/877 813/379/877 828/403/877 829/390/877
f 807/384/878 806/381/878 821/405/878 822/392/878
f 815/385/879 814/383/879 829/390/879 830/391/879
f 808/386/880 807/384/880 822/392/880 823/393/880
f 835/402/881 834/400/881 849/408/881 850/411/881
f 828/403/882 827/401/882 842/410/882 843/412/882
f 821/405/883 483/413/883 836/414/883
f 490/415/884 835/402/884 850/411/884
f 829/390/885 828/403/885 843/412/885 844/416/885
f 822/392/886 821/405/886 836/414/886 837/417/886
f 830/391/887 829/390/887 844/416/887 845/418/887
f 823/393/888 822/392/888 837/417/888 838/419/888
f 831/394/889 830/391/889 845/418/889 846/420/889
f 824/395/890 823/393/890 838/419/890 839/421/890
f 832/396/891 831/394/891 846/420/891 847/422/891
f 825/397/892 824/395/892 839/421/892 840/423/892
f 833/398/893 832/396/893 847/422/893 848/407/893
f 826/399/894 825/397/894 840/423/894 841/409/894
f 834/400/895 833/398/895 848/407/895 849/408/895
f 827/401/896 826/399/896 841/409/896 842/410/896
f 839/432/897 838/424/897 853/427/897 854/433/897
f 847/434/898 846/428/898 861/431/898 862/435/898
f 840/436/899 839/432/899 854/433/899 855/437/899
f 848/438/900 847/434/900 862/435/900 863/439/900
f 841/440/901 840/436/901 855/437/901 856/441/901
f 849/442/902 848/438/902 863/439/902 864/443/902
f 842/444/903 841/440/903 856/441/903 857/445/903
f 850/446/904 849/442/904 864/443/904 865/447/904
f 843/448/905 842/444/905 857/445/905 858/449/905
f 836/450/906 483/451/906 851/452/906
f 490/453/907 850/446/907 865/447/907
f 844/454/908 843/448/908 858/449/908 859/455/908
f 837/425/909 836/450/909 851/452/909 852/426/909
f 845/429/910 844/454/910 859/455/910 860/430/910
f 838/424/911 837/425/911 852/426/911 853/427/911
f 846/428/912 845/429/912 860/430/912 861/431/912
f 858/449/913 857/445/913 872/457/913 873/460/913
f 851/452/914 483/461/914 866/462/914
f 490/463/915 865/447/915 880/459/915
f 859/455/916 858/449/916 873/460/916 874/464/916
f 852/426/917 851/452/917 866/462/917 867/465/917
f 860/430/918 859/455/918 874/464/918 875/466/918
f 853/427/919 852/426/919 867/465/919 868/467/919
f 861/431/920 860/430/920 875/466/920 876/468/920
f 854/433/921 853/427/921 868/467/921 869/469/921
f 862/435/922 861/431/922 876/468/922 877/470/922
f 855/437/923 854/433/923 869/469/923 870/471/923
f 863/439/924 862/435/924 877/470/924 878/472/924
f 856/441/925 855/437/925 870/471/925 871/456/925
f 864/443/926 863/439/926 878/472/926 879/458/926
f 857/445/927 856/441/927 871/456/927 872/457/927
f 865/447/928 864/443/928 879/458/928 880/459/928
f 877/470/929 876/468/929 891/474/929 892/477/929
f 870/471/930 869/469/930 884/476/930 885/478/930
f 878/472/931 877/470/931 892/477/931 893/479/931
f 871/456/932 870/471/932 885/478/932 886/480/932
f 879/458/933 878/472/933 893/479/933 894/481/933
f 872/457/934 871/456/934 886/480/934 887/482/934
f 880/459/935 879/458/935 894/481/935 895/483/935
f 873/460/936 872/457/936 887/482/936 888/484/936
f 866/462/937 483/485/937 881/486/937
f 490/487/938 880/459/938 895/483/938
f 874/464/939 873/460/939 888/484/939 889/488/939
f 867/465/940 866/462/940 881/486/940 882/489/940
f 875/466/941 874/464/941 889/488/941 890/473/941
f 868/467/942 867/465/942 882/489/942 883/475/942
f 876/468/943 875/466/943 890/473/943 891/474/943
f 869/469/944 868/467/944 883/475/944 884/476/944
f 881/486/945 483/494/945 896/495/945
f 490/496/946 895/483/946 910/491/946
f 889/488/947 888/484/947 903/493/947 904/497/947
f 882/489/948 881/486/948 896/495/948 897/498/948
f 890/473/949 889/488/949 904/497/949 905/499/949
f 883/475/950 882/489/950 897/498/950 898/500/950
f 891/474/951 890/473/951 905/499/951 906/501/951
f 884/476/952 883/475/952 898/500/952 899/502/952
f 892/477/953 891/474/953 906/501/953 907/503/953
f 885/478/954 884/476/954 899/502/954 900/504/954
f 893/479/955 892/477/955 907/503/955 908/505/955
f 886/480/956 885/478/956 900/504/956 901/506/956
f 894/481/957 893/479/957 908/505/957 909/490/957
f 887/482/958 886/480/958 901/506/958 902/492/958
f 895/483/959 894/481/959 909/490/959 910/491/959
f 888/484/960 887/482/960 902/492/960 903/493/960
f 900/504/961 899/502/961 914/509/961 915/510/961
f 908/505/962 907/503/962 922/508/962 923/511/962
f 901/506/963 900/504/963 915/510/963 916/512/963
f 909/490/964 908/505/964 923/511/964 924/513/964
f 902/492/965 901/506/965 916/512/965 917/514/965
f 910/491/966 909/490/966 924/513/966 925/515/966
f 903/493/967 902/492/967 917/514/967 918/516/967
f 896/495/968 483/517/968 911/518/968
f 490/519/969 910/491/969 925/515/969
f 904/497/970 903/493/970 918/516/970 919/520/970
f 897/498/971 896/495/971 911/518/971 912/521/971
f 905/499/972 904/497/972 919/520/972 920/522/972
f 898/500/973 897/498/973 912/521/973 913/523/973
f 906/501/974 905/499/974 920/522/974 921/507/974
f 899/502/975 898/500/975 913/523/975 914/509/975
f 907/503/976 906/501/976 921/507/976 922/508/976
f 919/520/977 918/516/977 933/528/977 934/529/977
f 912/521/978 911/518/978 926/525/978 927/530/978
f 920/522/979 919/520/979 934/529/979 935/531/979
f 913/523/980 912/521/980 927/530/980 928/532/980
f 921/507/981 920/522/981 935/531/981 936/533/981
f 914/509/982 913/523/982 928/532/982 929/534/982
f 922/508/983 921/507/983 936/533/983 937/535/983
f 915/510/984 914/509/984 929/534/984 930/536/984
f 923/511/985 922/508/985 937/535/985 938/537/985
f 916/512/986 915/510/986 930/536/986 931/538/986
f 924/513/987 923/511/987 938/537/987 939/539/987
f 917/514/988 916/512/988 931/538/988 932/540/988
f 925/515/989 924/513/989 939/539/989 940/527/989
f 918/516/990 917/514/990 932/540/990 933/528/990
f 911/518/991 483/524/991 926/525/991
f 490/526/992 925/515/992 940/527/992
f 938/537/993 937/535/993 952/543/993 953/544/993
f 931/538/994 930/536/994 945/542/994 946/545/994
f 939/539/995 938/537/995 953/544/995 954/546/995
f 932/540/996 931/538/996 946/545/996 947/547/996
f 940/527/997 939/539/997 954/546/997 955/548/997
f 933/528/998 932/540/998 947/547/998 948/549/998
f 926/525/999 483/550/999 941/551/999
f 490/552/1000 940/527/1000 955/548/1000
f 934/529/1001 933/528/1001 948/549/1001 949/553/1001
f 927/530/1002 926/525/1002 941/551/1002 942/554/1002
f 935/531/1003 934/529/1003 949/553/1003 950/555/1003
f 928/532/1004 927/530/1004 942/554/1004 943/556/1004
f 936/533/1005 935/531/1005 950/555/1005 951/557/1005
f 929/534/1006 928/532/1006 943/556/1006 944/541/1006
f 937/535/1007 936/533/1007 951/557/1007 952/543/1007
f 930/536/1008 929/534/1008 944/541/1008 945/542/1008
f 950/555/1009 949/553/1009 488/7/1009 960/13/1009
f 943/556/1010 942/554/1010 957/11/1010 484/15/1010
f 951/557/1011 950/555/1011 960/13/1011 489/17/1011
f 944/541/1012 943/556/1012 484/15/1012 958/19/1012
f 952/543/1013 951/557/1013 489/17/1013 961/21/1013
f 945/542/1014 944/541/1014 958/19/1014 485/23/1014
f 953/544/1015 952/543/1015 961/21/1015 962/25/1015
f 946/545/1016 945/542/1016 485/23/1016 959/27/1016
f 954/546/1017 953/544/1017 962/25/1017 963/29/1017
f 947/547/1018 946/545/1018 959/27/1018 486/31/1018
f 955/548/1019 954/546/1019 963/29/1019 964/5/1019
f 948/549/1020 947/547/1020 486/31/1020 487/8/1020
f 941/551/1021 483/558/1021 956/1/1021
f 490/559/1022 955/548/1022 964/5/1022
f 949/553/1023 948/549/1023 487/8/1023 488/7/1023
f 942/554/1024 941/551/1024 956/1/1024 957/11/1024
usemtl Demon_Pupil
f 1446/5/1025 1445/29/1025 986/30/1025 987/6/1025
f 969/8/1026 968/31/1026 979/32/1026 980/9/1026
f 1438/1/1027 965/2/1027 973/3/1027
f 972/4/1028 1446/5/1028 987/6/1028
f 970/7/1029 969/8/1029 980/9/1029 981/10/1029
f 1439/11/1030 1438/1/1030 973/3/1030 974/12/1030
f 1442/13/1031 970/7/1031 981/10/1031 982/14/1031
f 966/15/1032 1439/11/1032 974/12/1032 975/16/1032
f 971/17/1033 1442/13/1033 982/14/1033 983/18/1033
f 1440/19/1034 966/15/1034 975/16/1034 976/20/1034
f 1443/21/1035 971/17/1035 983/18/1035 984/22/1035
f 967/23/1036 1440/19/1036 976/20/1036 977/24/1036
f 1444/25/1037 1443/21/1037 984/22/1037 985/26/1037
f 1441/27/1038 967/23/1038 977/24/1038 978/28/1038
f 1445/29/1039 1444/25/1039 985/26/1039 986/30/1039
f 968/31/1040 1441/27/1040 978/28/1040 979/32/1040
f 978/28/1041 977/24/1041 992/47/1041 993/49/1041
f 986/30/1042 985/26/1042 1000/48/1042 1001/33/1042
f 979/32/1043 978/28/1043 993/49/1043 994/35/1043
f 987/6/1044 986/30/1044 1001/33/1044 1002/34/1044
f 980/9/1045 979/32/1045 994/35/1045 995/36/1045
f 973/3/1046 965/37/1046 988/38/1046
f 972/39/1047 987/6/1047 1002/34/1047
f 981/10/1048 980/9/1048 995/36/1048 996/40/1048
f 974/12/1049 973/3/1049 988/38/1049 989/41/1049
f 982/14/1050 981/10/1050 996/40/1050 997/42/1050
f 975/16/1051 974/12/1051 989/41/1051 990/43/1051
f 983/18/1052 982/14/1052 997/42/1052 998/44/1052
f 976/20/1053 975/16/1053 990/43/1053 991/45/1053
f 984/22/1054 983/18/1054 998/44/1054 999/46/1054
f 977/24/1055 976/20/1055 991/45/1055 992/47/1055
f 985/26/1056 984/22/1056 999/46/1056 1000/48/1056
f 997/42/1057 996/40/1057 1011/64/1057 1012/66/1057
f 990/43/1058 989/41/1058 1004/65/1058 1005/50/1058
f 998/44/1059 997/42/1059 1012/66/1059 1013/52/1059
f 991/45/1060 990/43/1060 1005/50/1060 1006/51/1060
f 999/46/1061 998/44/1061 1013/52/1061 1014/53/1061
f 992/47/1062 991/45/1062 1006/51/1062 1007/54/1062
f 1000/48/1063 999/46/1063 1014/53/1063 1015/55/1063
f 993/49/1064 992/47/1064 1007/54/1064 1008/56/1064
f 1001/33/1065 1000/48/1065 1015/55/1065 1016/57/1065
f 994/35/1066 993/49/1066 1008/56/1066 1009/58/1066
f 1002/34/1067 1001/33/1067 1016/57/1067 1017/59/1067
f 995/36/1068 994/35/1068 1009/58/1068 1010/60/1068
f 988/38/1069 965/61/1069 1003/62/1069
f 972/63/1070 1002/34/1070 1017/59/1070
f 996/40/1071 995/36/1071 1010/60/1071 1011/64/1071
f 989/41/1072 988/38/1072 1003/62/1072 1004/65/1072
f 1016/57/1073 1015/55/1073 1030/81/1073 1031/83/1073
f 1009/58/1074 1008/56/1074 1023/82/1074 1024/67/1074
f 1017/59/1075 1016/57/1075 1031/83/1075 1032/72/1075
f 1010/60/1076 1009/58/1076 1024/67/1076 1025/68/1076
f 1003/62/1077 965/69/1077 1018/70/1077
f 972/71/1078 1017/59/1078 1032/72/1078
f 1011/64/1079 1010/60/1079 1025/68/1079 1026/73/1079
f 1004/65/1080 1003/62/1080 1018/70/1080 1019/74/1080
f 1012/66/1081 1011/64/1081 1026/73/1081 1027/75/1081
f 1005/50/1082 1004/65/1082 1019/74/1082 1020/76/1082
f 1013/52/1083 1012/66/1083 1027/75/1083 1028/77/1083
f 1006/51/1084 1005/50/1084 1020/76/1084 1021/78/1084
f 1014/53/1085 1013/52/1085 1028/77/1085 1029/79/1085
f 1007/54/1086 1006/51/1086 1021/78/1086 1022/80/1086
f 1015/55/1087 1014/53/1087 1029/79/1087 1030/81/1087
f 1008/56/1088 1007/54/1088 1022/80/1088 1023/82/1088
f 1028/77/1089 1027/75/1089 1042/99/1089 1043/84/1089
f 1021/78/1090 1020/76/1090 1035/100/1090 1036/86/1090
f 1029/79/1091 1028/77/1091 1043/84/1091 1044/85/1091
f 1022/80/1092 1021/78/1092 1036/86/1092 1037/87/1092
f 1030/81/1093 1029/79/1093 1044/85/1093 1045/88/1093
f 1023/82/1094 1022/80/1094 1037/87/1094 1038/89/1094
f 1031/83/1095 1030/81/1095 1045/88/1095 1046/90/1095
f 1024/67/1096 1023/82/1096 1038/89/1096 1039/91/1096
f 1032/72/1097 1031/83/1097 1046/90/1097 1047/92/1097
f 1025/68/1098 1024/67/1098 1039/91/1098 1040/93/1098
f 1018/70/1099 965/94/1099 1033/95/1099
f 972/96/1100 1032/72/1100 1047/92/1100
f 1026/73/1101 1025/68/1101 1040/93/1101 1041/97/1101
f 1019/74/1102 1018/70/1102 1033/95/1102 1034/98/1102
f 1027/75/1103 1026/73/1103 1041/97/1103 1042/99/1103
f 1020/76/1104 1019/74/1104 1034/98/1104 1035/100/1104
f 1047/92/1105 1046/90/1105 1061/116/1105 1062/104/1105
f 1040/93/1106 1039/91/1106 1054/117/1106 1055/105/1106
f 1033/95/1107 965/101/1107 1048/102/1107
f 972/103/1108 1047/92/1108 1062/104/1108
f 1041/97/1109 1040/93/1109 1055/105/1109 1056/106/1109
f 1034/98/1110 1033/95/1110 1048/102/1110 1049/107/1110
f 1042/99/1111 1041/97/1111 1056/106/1111 1057/108/1111
f 1035/100/1112 1034/98/1112 1049/107/1112 1050/109/1112
f 1043/84/1113 1042/99/1113 1057/108/1113 1058/110/1113
f 1036/86/1114 1035/100/1114 1050/109/1114 1051/111/1114
f 1044/85/1115 1043/84/1115 1058/110/1115 1059/112/1115
f 1037/87/1116 1036/86/1116 1051/111/1116 1052/113/1116
f 1045/88/1117 1044/85/1117 1059/112/1117 1060/114/1117
f 1038/89/1118 1037/87/1118 1052/113/1118 1053/115/1118
f 1046/90/1119 1045/88/1119 1060/114/1119 1061/116/1119
f 1039/91/1120 1038/89/1120 1053/115/1120 1054/117/1120
f 1051/111/1121 1050/109/1121 1065/133/1121 1066/118/1121
f 1059/112/1122 1058/110/1122 1073/134/1122 1074/120/1122
f 1052/113/1123 1051/111/1123 1066/118/1123 1067/119/1123
f 1060/114/1124 1059/112/1124 1074/120/1124 1075/121/1124
f 1053/115/1125 1052/113/1125 1067/119/1125 1068/122/1125
f 1061/116/1126 1060/114/1126 1075/121/1126 1076/123/1126
f 1054/117/1127 1053/115/1127 1068/122/1127 1069/124/1127
f 1062/104/1128 1061/116/1128 1076/123/1128 1077/125/1128
f 1055/105/1129 1054/117/1129 1069/124/1129 1070/126/1129
f 1048/102/1130 965/127/1130 1063/128/1130
f 972/129/1131 1062/104/1131 1077/125/1131
f 1056/106/1132 1055/105/1132 1070/126/1132 1071/130/1132
f 1049/107/1133 1048/102/1133 1063/128/1133 1064/131/1133
f 1057/108/1134 1056/106/1134 1071/130/1134 1072/132/1134
f 1050/109/1135 1049/107/1135 1064/131/1135 1065/133/1135
f 1058/110/1136 1057/108/1136 1072/132/1136 1073/134/1136
f 1070/126/1137 1069/124/1137 1084/148/1137 1085/135/1137
f 1063/128/1138 965/150/1138 1078/137/1138
f 972/151/1139 1077/125/1139 1092/149/1139
f 1071/130/1140 1070/126/1140 1085/135/1140 1086/136/1140
f 1064/131/1141 1063/128/1141 1078/137/1141 1079/138/1141
f 1072/132/1142 1071/130/1142 1086/136/1142 1087/139/1142
f 1065/133/1143 1064/131/1143 1079/138/1143 1080/140/1143
f 1073/134/1144 1072/132/1144 1087/139/1144 1088/141/1144
f 1066/118/1145 1065/133/1145 1080/140/1145 1081/142/1145
f 1074/120/1146 1073/134/1146 1088/141/1146 1089/143/1146
f 1067/119/1147 1066/118/1147 1081/142/1147 1082/144/1147
f 1075/121/1148 1074/120/1148 1089/143/1148 1090/145/1148
f 1068/122/1149 1067/119/1149 1082/144/1149 1083/146/1149
f 1076/123/1150 1075/121/1150 1090/145/1150 1091/147/1150
f 1069/124/1151 1068/122/1151 1083/146/1151 1084/148/1151
f 1077/125/1152 1076/123/1152 1091/147/1152 1092/149/1152
f 1089/143/1153 1088/141/1153 1103/167/1153 1104/152/1153
f 1082/144/1154 1081/142/1154 1096/168/1154 1097/154/1154
f 1090/145/1155 1089/143/1155 1104/152/1155 1105/153/1155
f 1083/146/1156 1082/144/1156 1097/154/1156 1098/155/1156
f 1091/147/1157 1090/145/1157 1105/153/1157 1106/156/1157
f 1084/148/1158 1083/146/1158 1098/155/1158 1099/157/1158
f 1092/149/1159 1091/147/1159 1106/156/1159 1107/158/1159
f 1085/135/1160 1084/148/1160 1099/157/1160 1100/159/1160
f 1078/137/1161 965/160/1161 1093/161/1161
f 972/162/1162 1092/149/1162 1107/158/1162
f 1086/136/1163 1085/135/1163 1100/159/1163 1101/163/1163
f 1079/138/1164 1078/137/1164 1093/161/1164 1094/164/1164
f 1087/139/1165 1086/136/1165 1101/163/1165 1102/165/1165
f 1080/140/1166 1079/138/1166 1094/164/1166 1095/166/1166
f 1088/141/1167 1087/139/1167 1102/165/1167 1103/167/1167
f 1081/142/1168 1080/140/1168 1095/166/1168 1096/168/1168
f 1093/161/1169 965/183/1169 1108/184/1169
f 972/185/1170 1107/158/1170 1122/181/1170
f 1101/163/1171 1100/159/1171 1115/182/1171 1116/169/1171
f 1094/164/1172 1093/161/1172 1108/184/1172 1109/171/1172
f 1102/165/1173 1101/163/1173 1116/169/1173 1117/170/1173
f 1095/166/1174 1094/164/1174 1109/171/1174 1110/172/1174
f 1103/167/1175 1102/165/1175 1117/170/1175 1118/173/1175
f 1096/168/1176 1095/166/1176 1110/172/1176 1111/174/1176
f 1104/152/1177 1103/167/1177 1118/173/1177 1119/175/1177
f 1097/154/1178 1096/168/1178 1111/174/1178 1112/176/1178
f 1105/153/1179 1104/152/1179 1119/175/1179 1120/177/1179
f 1098/155/1180 1097/154/1180 1112/176/1180 1113/178/1180
f 1106/156/1181 1105/153/1181 1120/177/1181 1121/179/1181
f 1099/157/1182 1098/155/1182 1113/178/1182 1114/180/1182
f 1107/158/1183 1106/156/1183 1121/179/1183 1122/181/1183
f 1100/159/1184 1099/157/1184 1114/180/1184 1115/182/1184
f 1112/176/1185 1111/174/1185 1126/200/1185 1127/202/1185
f 1120/177/1186 1119/175/1186 1134/201/1186 1135/186/1186
f 1113/178/1187 1112/176/1187 1127/202/1187 1128/188/1187
f 1121/179/1188 1120/177/1188 1135/186/1188 1136/187/1188
f 1114/180/1189 1113/178/1189 1128/188/1189 1129/189/1189
f 1122/181/1190 1121/179/1190 1136/187/1190 1137/190/1190
f 1115/182/1191 1114/180/1191 1129/189/1191 1130/191/1191
f 1108/184/1192 965/192/1192 1123/193/1192
f 972/194/1193 1122/181/1193 1137/190/1193
f 1116/169/1194 1115/182/1194 1130/191/1194 1131/195/1194
f 1109/171/1195 1108/184/1195 1123/193/1195 1124/196/1195
f 1117/170/1196 1116/169/1196 1131/195/1196 1132/197/1196
f 1110/172/1197 1109/171/1197 1124/196/1197 1125/198/1197
f 1118/173/1198 1117/170/1198 1132/197/1198 1133/199/1198
f 1111/174/1199 1110/172/1199 1125/198/1199 1126/200/1199
f 1119/175/1200 1118/173/1200 1133/199/1200 1134/201/1200
f 1131/195/1201 1130/191/1201 1145/215/1201 1146/219/1201
f 1124/196/1202 1123/193/1202 1138/217/1202 1139/203/1202
f 1132/197/1203 1131/195/1203 1146/219/1203 1147/205/1203
f 1125/198/1204 1124/196/1204 1139/203/1204 1140/204/1204
f 1133/199/1205 1132/197/1205 1147/205/1205 1148/206/1205
f 1126/200/1206 1125/198/1206 1140/204/1206 1141/207/1206
f 1134/201/1207 1133/199/1207 1148/206/1207 1149/208/1207
f 1127/202/1208 1126/200/1208 1141/207/1208 1142/209/1208
f 1135/186/1209 1134/201/1209 1149/208/1209 1150/210/1209
f 1128/188/1210 1127/202/1210 1142/209/1210 1143/211/1210
f 1136/187/1211 1135/186/1211 1150/210/1211 1151/212/1211
f 1129/189/1212 1128/188/1212 1143/211/1212 1144/213/1212
f 1137/190/1213 1136/187/1213 1151/212/1213 1152/214/1213
f 1130/191/1214 1129/189/1214 1144/213/1214 1145/215/1214
f 1123/193/1215 965/216/1215 1138/217/1215
f 972/218/1216 1137/190/1216 1152/214/1216
f 1150/210/1217 1149/208/1217 1164/234/1217 1165/236/1217
f 1143/211/1218 1142/209/1218 1157/235/1218 1158/220/1218
f 1151/212/1219 1150/210/1219 1165/236/1219 1166/222/1219
f 1144/213/1220 1143/211/1220 1158/220/1220 1159/221/1220
f 1152/214/1221 1151/212/1221 1166/222/1221 1167/223/1221
f 1145/215/1222 1144/213/1222 1159/221/1222 1160/224/1222
f 1138/217/1223 965/225/1223 1153/226/1223
f 972/227/1224 1152/214/1224 1167/223/1224
f 1146/219/1225 1145/215/1225 1160/224/1225 1161/228/1225
f 1139/203/1226 1138/217/1226 1153/226/1226 1154/229/1226
f 1147/205/1227 1146/219/1227 1161/228/1227 1162/230/1227
f 1140/204/1228 1139/203/1228 1154/229/1228 1155/231/1228
f 1148/206/1229 1147/205/1229 1162/230/1229 1163/232/1229
f 1141/207/1230 1140/204/1230 1155/231/1230 1156/233/1230
f 1149/208/1231 1148/206/1231 1163/232/1231 1164/234/1231
f 1142/209/1232 1141/207/1232 1156/233/1232 1157/235/1232
f 1162/230/1233 1161/228/1233 1176/252/1233 1177/237/1233
f 1155/231/1234 1154/229/1234 1169/253/1234 1170/239/1234
f 1163/232/1235 1162/230/1235 1177/237/1235 1178/238/1235
f 1156/233/1236 1155/231/1236 1170/239/1236 1171/240/1236
f 1164/234/1237 1163/232/1237 1178/238/1237 1179/241/1237
f 1157/235/1238 1156/233/1238 1171/240/1238 1172/242/1238
f 1165/236/1239 1164/234/1239 1179/241/1239 1180/243/1239
f 1158/220/1240 1157/235/1240 1172/242/1240 1173/244/1240
f 1166/222/1241 1165/236/1241 1180/243/1241 1181/245/1241
f 1159/221/1242 1158/220/1242 1173/244/1242 1174/246/1242
f 1167/223/1243 1166/222/1243 1181/245/1243 1182/247/1243
f 1160/224/1244 1159/221/1244 1174/246/1244 1175/248/1244
f 1153/226/1245 965/249/1245 1168/250/1245
f 972/251/1246 1167/223/1246 1182/247/1246
f 1161/228/1247 1160/224/1247 1175/248/1247 1176/252/1247
f 1154/229/1248 1153/226/1248 1168/250/1248 1169/253/1248
f 1181/245/1249 1180/243/1249 1195/269/1249 1196/254/1249
f 1174/246/1250 1173/244/1250 1188/270/1250 1189/256/1250
f 1182/247/1251 1181/245/1251 1196/254/1251 1197/255/1251
f 1175/248/1252 1174/246/1252 1189/256/1252 1190/257/1252
f 1168/250/1253 965/258/1253 1183/259/1253
f 972/260/1254 1182/247/1254 1197/255/1254
f 1176/252/1255 1175/248/1255 1190/257/1255 1191/261/1255
f 1169/253/1256 1168/250/1256 1183/259/1256 1184/262/1256
f 1177/237/1257 1176/252/1257 1191/261/1257 1192/263/1257
f 1170/239/1258 1169/253/1258 1184/262/1258 1185/264/1258
f 1178/238/1259 1177/237/1259 1192/263/1259 1193/265/1259
f 1171/240/1260 1170/239/1260 1185/264/1260 1186/266/1260
f 1179/241/1261 1178/238/1261 1193/265/1261 1194/267/1261
f 1172/242/1262 1171/240/1262 1186/266/1262 1187/268/1262
f 1180/243/1263 1179/241/1263 1194/267/1263 1195/269/1263
f 1173/244/1264 1172/242/1264 1187/268/1264 1188/270/1264
f 1185/264/1265 1184/262/1265 1199/286/1265 1200/271/1265
f 1193/265/1266 1192/263/1266 1207/287/1266 1208/273/1266
f 1186/266/1267 1185/264/1267 1200/271/1267 1201/272/1267
f 1194/267/1268 1193/265/1268 1208/273/1268 1209/274/1268
f 1187/268/1269 1186/266/1269 1201/272/1269 1202/275/1269
f 1195/269/1270 1194/267/1270 1209/274/1270 1210/276/1270
f 1188/270/1271 1187/268/1271 1202/275/1271 1203/277/1271
f 1196/254/1272 1195/269/1272 1210/276/1272 1211/278/1272
f 1189/256/1273 1188/270/1273 1203/277/1273 1204/279/1273
f 1197/255/1274 1196/254/1274 1211/278/1274 1212/280/1274
f 1190/257/1275 1189/256/1275 1204/279/1275 1205/281/1275
f 1183/259/1276 965/282/1276 1198/283/1276
f 972/284/1277 1197/255/1277 1212/280/1277
f 1191/261/1278 1190/257/1278 1205/281/1278 1206/285/1278
f 1184/262/1279 1183/259/1279 1198/283/1279 1199/286/1279
f 1192/263/1280 1191/261/1280 1206/285/1280 1207/287/1280
f 1204/279/1281 1203/277/1281 1218/303/1281 1219/288/1281
f 1212/280/1282 1211/278/1282 1226/304/1282 1227/293/1282
f 1205/281/1283 1204/279/1283 1219/288/1283 1220/289/1283
f 1198/283/1284 965/290/1284 1213/291/1284
f 972/292/1285 1212/280/1285 1227/293/1285
f 1206/285/1286 1205/281/1286 1220/289/1286 1221/294/1286
f 1199/286/1287 1198/283/1287 1213/291/1287 1214/295/1287
f 1207/287/1288 1206/285/1288 1221/294/1288 1222/296/1288
f 1200/271/1289 1199/286/1289 1214/295/1289 1215/297/1289
f 1208/273/1290 1207/287/1290 1222/296/1290 1223/298/1290
f 1201/272/1291 1200/271/1291 1215/297/1291 1216/299/1291
f 1209/274/1292 1208/273/1292 1223/298/1292 1224/300/1292
f 1202/275/1293 1201/272/1293 1216/299/1293 1217/301/1293
f 1210/276/1294 1209/274/1294 1224/300/1294 1225/302/1294
f 1203/277/1295 1202/275/1295 1217/301/1295 1218/303/1295
f 1211/278/1296 1210/276/1296 1225/302/1296 1226/304/1296
f 1223/298/1297 1222/296/1297 1237/320/1297 1238/305/1297
f 1216/299/1298 1215/297/1298 1230/321/1298 1231/307/1298
f 1224/300/1299 1223/298/1299 1238/305/1299 1239/306/1299
f 1217/301/1300 1216/299/1300 1231/307/1300 1232/308/1300
f 1225/302/1301 1224/300/1301 1239/306/1301 1240/309/1301
f 1218/303/1302 1217/301/1302 1232/308/1302 1233/310/1302
f 1226/304/1303 1225/302/1303 1240/309/1303 1241/311/1303
f 1219/288/1304 1218/303/1304 1233/310/1304 1234/312/1304
f 1227/293/1305 1226/304/1305 1241/311/1305 1242/313/1305
f 1220/289/1306 1219/288/1306 1234/312/1306 1235/314/1306
f 1213/291/1307 965/315/1307 1228/316/1307
f 972/317/1308 1227/293/1308 1242/313/1308
f 1221/294/1309 1220/289/1309 1235/314/1309 1236/318/1309
f 1214/295/1310 1213/291/1310 1228/316/1310 1229/319/1310
f 1222/296/1311 1221/294/1311 1236/318/1311 1237/320/1311
f 1215/297/1312 1214/295/1312 1229/319/1312 1230/321/1312
f 1242/313/1313 1241/311/1313 1256/336/1313 1257/323/1313
f 1235/314/1314 1234/312/1314 1249/337/1314 1250/324/1314
f 1228/316/1315 965/338/1315 1243/326/1315
f 972/322/1316 1242/313/1316 1257/323/1316
f 1236/318/1317 1235/314/1317 1250/324/1317 1251/325/1317
f 1229/319/1318 1228/316/1318 1243/326/1318 1244/327/1318
f 1237/320/1319 1236/318/1319 1251/325/1319 1252/328/1319
f 1230/321/1320 1229/319/1320 1244/327/1320 1245/329/1320
f 1238/305/1321 1237/320/1321 1252/328/1321 1253/330/1321
f 1231/307/1322 1230/321/1322 1245/329/1322 1246/331/1322
f 1239/306/1323 1238/305/1323 1253/330/1323 1254/332/1323
f 1232/308/1324 1231/307/1324 1246/331/1324 1247/333/1324
f 1240/309/1325 1239/306/1325 1254/332/1325 1255/334/1325
f 1233/310/1326 1232/308/1326 1247/333/1326 1248/335/1326
f 1241/311/1327 1240/309/1327 1255/334/1327 1256/336/1327
f 1234/312/1328 1233/310/1328 1248/335/1328 1249/337/1328
f 1246/331/1329 1245/329/1329 1260/353/1329 1261/355/1329
f 1254/332/1330 1253/330/1330 1268/354/1330 1269/339/1330
f 1247/333/1331 1246/331/1331 1261/355/1331 1262/341/1331
f 1255/334/1332 1254/332/1332 1269/339/1332 1270/340/1332
f 1248/335/1333 1247/333/1333 1262/341/1333 1263/342/1333
f 1256/336/1334 1255/334/1334 1270/340/1334 1271/343/1334
f 1249/337/1335 1248/335/1335 1263/342/1335 1264/344/1335
f 1257/323/1336 1256/336/1336 1271/343/1336 1272/345/1336
f 1250/324/1337 1249/337/1337 1264/344/1337 1265/346/1337
f 1243/326/1338 965/347/1338 1258/348/1338
f 972/349/1339 1257/323/1339 1272/345/1339
f 1251/325/1340 1250/324/1340 1265/346/1340 1266/350/1340
f 1244/327/1341 1243/326/1341 1258/348/1341 1259/351/1341
f 1252/328/1342 1251/325/1342 1266/350/1342 1267/352/1342
f 1245/329/1343 1244/327/1343 1259/351/1343 1260/353/1343
f 1253/330/1344 1252/328/1344 1267/352/1344 1268/354/1344
f 1265/346/1345 1264/344/1345 1279/368/1345 1280/370/1345
f 1258/348/1346 965/371/1346 1273/356/1346
f 972/372/1347 1272/345/1347 1287/369/1347
f 1266/350/1348 1265/346/1348 1280/370/1348 1281/358/1348
f 1259/351/1349 1258/348/1349 1273/356/1349 1274/357/1349
f 1267/352/1350 1266/350/1350 1281/358/1350 1282/359/1350
f 1260/353/1351 1259/351/1351 1274/357/1351 1275/360/1351
f 1268/354/1352 1267/352/1352 1282/359/1352 1283/361/1352
f 1261/355/1353 1260/353/1353 1275/360/1353 1276/362/1353
f 1269/339/1354 1268/354/1354 1283/361/1354 1284/363/1354
f 1262/341/1355 1261/355/1355 1276/362/1355 1277/364/1355
f 1270/340/1356 1269/339/1356 1284/363/1356 1285/365/1356
f 1263/342/1357 1262/341/1357 1277/364/1357 1278/366/1357
f 1271/343/1358 1270/340/1358 1285/365/1358 1286/367/1358
f 1264/344/1359 1263/342/1359 1278/366/1359 1279/368/1359
f 1272/345/1360 1271/343/1360 1286/367/1360 1287/369/1360
f 1284/363/1361 1283/361/1361 1298/387/1361 1299/389/1361
f 1277/364/1362 1276/362/1362 1291/388/1362 1292/373/1362
f 1285/365/1363 1284/363/1363 1299/389/1363 1300/375/1363
f 1278/366/1364 1277/364/1364 1292/373/1364 1293/374/1364
f 1286/367/1365 1285/365/1365 1300/375/1365 1301/376/1365
f 1279/368/1366 1278/366/1366 1293/374/1366 1294/377/1366
f 1287/369/1367 1286/367/1367 1301/376/1367 1302/378/1367
f 1280/370/1368 1279/368/1368 1294/377/1368 1295/379/1368
f 1273/356/1369 965/380/1369 1288/381/1369
f 972/382/1370 1287/369/1370 1302/378/1370
f 1281/358/1371 1280/370/1371 1295/379/1371 1296/383/1371
f 1274/357/1372 1273/356/1372 1288/381/1372 1289/384/1372
f 1282/359/1373 1281/358/1373 1296/383/1373 1297/385/1373
f 1275/360/1374 1274/357/1374 1289/384/1374 1290/386/1374
f 1283/361/1375 1282/359/1375 1297/385/1375 1298/387/1375
f 1276/362/1376 1275/360/1376 1290/386/1376 1291/388/1376
f 972/406/1377 1302/378/1377 1317/402/1377
f 1296/383/1378 1295/379/1378 1310/403/1378 1311/390/1378
f 1289/384/1379 1288/381/1379 1303/405/1379 1304/392/1379
f 1297/385/1380 1296/383/1380 1311/390/1380 1312/391/1380
f 1290/386/1381 1289/384/1381 1304/392/1381 1305/393/1381
f 1298/387/1382 1297/385/1382 1312/391/1382 1313/394/1382
f 1291/388/1383 1290/386/1383 1305/393/1383 1306/395/1383
f 1299/389/1384 1298/387/1384 1313/394/1384 1314/396/1384
f 1292/373/1385 1291/388/1385 1306/395/1385 1307/397/1385
f 1300/375/1386 1299/389/1386 1314/396/1386 1315/398/1386
f 1293/374/1387 1292/373/1387 1307/397/1387 1308/399/1387
f 1301/376/1388 1300/375/1388 1315/398/1388 1316/400/1388
f 1294/377/1389 1293/374/1389 1308/399/1389 1309/401/1389
f 1302/378/1390 1301/376/1390 1316/400/1390 1317/402/1390
f 1295/379/1391 1294/377/1391 1309/401/1391 1310/403/1391
f 1288/381/1392 965/404/1392 1303/405/1392
f 1315/398/1393 1314/396/1393 1329/422/1393 1330/407/1393
f 1308/399/1394 1307/397/1394 1322/423/1394 1323/409/1394
f 1316/400/1395 1315/398/1395 1330/407/1395 1331/408/1395
f 1309/401/1396 1308/399/1396 1323/409/1396 1324/410/1396
f 1317/402/1397 1316/400/1397 1331/408/1397 1332/411/1397
f 1310/403/1398 1309/401/1398 1324/410/1398 1325/412/1398
f 1303/405/1399 965/413/1399 1318/414/1399
f 972/415/1400 1317/402/1400 1332/411/1400
f 1311/390/1401 1310/403/1401 1325/412/1401 1326/416/1401
f 1304/392/1402 1303/405/1402 1318/414/1402 1319/417/1402
f 1312/391/1403 1311/390/1403 1326/416/1403 1327/418/1403
f 1305/393/1404 1304/392/1404 1319/417/1404 1320/419/1404
f 1313/394/1405 1312/391/1405 1327/418/1405 1328/420/1405
f 1306/395/1406 1305/393/1406 1320/419/1406 1321/421/1406
f 1314/396/1407 1313/394/1407 1328/420/1407 1329/422/1407
f 1307/397/1408 1306/395/1408 1321/421/1408 1322/423/1408
f 1319/425/1409 1318/450/1409 1333/452/1409 1334/426/1409
f 1327/429/1410 1326/454/1410 1341/455/1410 1342/430/1410
f 1320/424/1411 1319/425/1411 1334/426/1411 1335/427/1411
f 1328/428/1412 1327/429/1412 1342/430/1412 1343/431/1412
f 1321/432/1413 1320/424/1413 1335/427/1413 1336/433/1413
f 1329/434/1414 1328/428/1414 1343/431/1414 1344/435/1414
f 1322/436/1415 1321/432/1415 1336/433/1415 1337/437/1415
f 1330/438/1416 1329/434/1416 1344/435/1416 1345/439/1416
f 1323/440/1417 1322/436/1417 1337/437/1417 1338/441/1417
f 1331/442/1418 1330/438/1418 1345/439/1418 1346/443/1418
f 1324/444/1419 1323/440/1419 1338/441/1419 1339/445/1419
f 1332/446/1420 1331/442/1420 1346/443/1420 1347/447/1420
f 1325/448/1421 1324/444/1421 1339/445/1421 1340/449/1421
f 1318/450/1422 965/451/1422 1333/452/1422
f 972/453/1423 1332/446/1423 1347/447/1423
f 1326/454/1424 1325/448/1424 1340/449/1424 1341/455/1424
f 1338/441/1425 1337/437/1425 1352/471/1425 1353/456/1425
f 1346/443/1426 1345/439/1426 1360/472/1426 1361/458/1426
f 1339/445/1427 1338/441/1427 1353/456/1427 1354/457/1427
f 1347/447/1428 1346/443/1428 1361/458/1428 1362/459/1428
f 1340/449/1429 1339/445/1429 1354/457/1429 1355/460/1429
f 1333/452/1430 965/461/1430 1348/462/1430
f 972/463/1431 1347/447/1431 1362/459/1431
f 1341/455/1432 1340/449/1432 1355/460/1432 1356/464/1432
f 1334/426/1433 1333/452/1433 1348/462/1433 1349/465/1433
f 1342/430/1434 1341/455/1434 1356/464/1434 1357/466/1434
f 1335/427/1435 1334/426/1435 1349/465/1435 1350/467/1435
f 1343/431/1436 1342/430/1436 1357/466/1436 1358/468/1436
f 1336/433/1437 1335/427/1437 1350/467/1437 1351/469/1437
f 1344/435/1438 1343/431/1438 1358/468/1438 1359/470/1438
f 1337/437/1439 1336/433/1439 1351/469/1439 1352/471/1439
f 1345/439/1440 1344/435/1440 1359/470/1440 1360/472/1440
f 1357/466/1441 1356/464/1441 1371/488/1441 1372/473/1441
f 1350/467/1442 1349/465/1442 1364/489/1442 1365/475/1442
f 1358/468/1443 1357/466/1443 1372/473/1443 1373/474/1443
f 1351/469/1444 1350/467/1444 1365/475/1444 1366/476/1444
f 1359/470/1445 1358/468/1445 1373/474/1445 1374/477/1445
f 1352/471/1446 1351/469/1446 1366/476/1446 1367/478/1446
f 1360/472/1447 1359/470/1447 1374/477/1447 1375/479/1447
f 1353/456/1448 1352/471/1448 1367/478/1448 1368/480/1448
f 1361/458/1449 1360/472/1449 1375/479/1449 1376/481/1449
f 1354/457/1450 1353/456/1450 1368/480/1450 1369/482/1450
f 1362/459/1451 1361/458/1451 1376/481/1451 1377/483/1451
f 1355/460/1452 1354/457/1452 1369/482/1452 1370/484/1452
f 1348/462/1453 965/485/1453 1363/486/1453
f 972/487/1454 1362/459/1454 1377/483/1454
f 1356/464/1455 1355/460/1455 1370/484/1455 1371/488/1455
f 1349/465/1456 1348/462/1456 1363/486/1456 1364/489/1456
f 1376/481/1457 1375/479/1457 1390/505/1457 1391/490/1457
f 1369/482/1458 1368/480/1458 1383/506/1458 1384/492/1458
f 1377/483/1459 1376/481/1459 1391/490/1459 1392/491/1459
f 1370/484/1460 1369/482/1460 1384/492/1460 1385/493/1460
f 1363/486/1461 965/494/1461 1378/495/1461
f 972/496/1462 1377/483/1462 1392/491/1462
f 1371/488/1463 1370/484/1463 1385/493/1463 1386/497/1463
f 1364/489/1464 1363/486/1464 1378/495/1464 1379/498/1464
f 1372/473/1465 1371/488/1465 1386/497/1465 1387/499/1465
f 1365/475/1466 1364/489/1466 1379/498/1466 1380/500/1466
f 1373/474/1467 1372/473/1467 1387/499/1467 1388/501/1467
f 1366/476/1468 1365/475/1468 1380/500/1468 1381/502/1468
f 1374/477/1469 1373/474/1469 1388/501/1469 1389/503/1469
f 1367/478/1470 1366/476/1470 1381/502/1470 1382/504/1470
f 1375/479/1471 1374/477/1471 1389/503/1471 1390/505/1471
f 1368/480/1472 1367/478/1472 1382/504/1472 1383/506/1472
f 1380/500/1473 1379/498/1473 1394/521/1473 1395/523/1473
f 1388/501/1474 1387/499/1474 1402/522/1474 1403/507/1474
f 1381/502/1475 1380/500/1475 1395/523/1475 1396/509/1475
f 1389/503/1476 1388/501/1476 1403/507/1476 1404/508/1476
f 1382/504/1477 1381/502/1477 1396/509/1477 1397/510/1477
f 1390/505/1478 1389/503/1478 1404/508/1478 1405/511/1478
f 1383/506/1479 1382/504/1479 1397/510/1479 1398/512/1479
f 1391/490/1480 1390/505/1480 1405/511/1480 1406/513/1480
f 1384/492/1481 1383/506/1481 1398/512/1481 1399/514/1481
f 1392/491/1482 1391/490/1482 1406/513/1482 1407/515/1482
f 1385/493/1483 1384/492/1483 1399/514/1483 1400/516/1483
f 1378/495/1484 965/517/1484 1393/518/1484
f 972/519/1485 1392/491/1485 1407/515/1485
f 1386/497/1486 1385/493/1486 1400/516/1486 1401/520/1486
f 1379/498/1487 1378/495/1487 1393/518/1487 1394/521/1487
f 1387/499/1488 1386/497/1488 1401/520/1488 1402/522/1488
f 1399/514/1489 1398/512/1489 1413/538/1489 1414/540/1489
f 1407/515/1490 1406/513/1490 1421/539/1490 1422/527/1490
f 1400/516/1491 1399/514/1491 1414/540/1491 1415/528/1491
f 1393/518/1492 965/524/1492 1408/525/1492
f 972/526/1493 1407/515/1493 1422/527/1493
f 1401/520/1494 1400/516/1494 1415/528/1494 1416/529/1494
f 1394/521/1495 1393/518/1495 1408/525/1495 1409/530/1495
f 1402/522/1496 1401/520/1496 1416/529/1496 1417/531/1496
f 1395/523/1497 1394/521/1497 1409/530/1497 1410/532/1497
f 1403/507/1498 1402/522/1498 1417/531/1498 1418/533/1498
f 1396/509/1499 1395/523/1499 1410/532/1499 1411/534/1499
f 1404/508/1500 1403/507/1500 1418/533/1500 1419/535/1500
f 1397/510/1501 1396/509/1501 1411/534/1501 1412/536/1501
f 1405/511/1502 1404/508/1502 1419/535/1502 1420/537/1502
f 1398/512/1503 1397/510/1503 1412/536/1503 1413/538/1503
f 1406/513/1504 1405/511/1504 1420/537/1504 1421/539/1504
f 1418/533/1505 1417/531/1505 1432/555/1505 1433/557/1505
f 1411/534/1506 1410/532/1506 1425/556/1506 1426/541/1506
f 1419/535/1507 1418/533/1507 1433/557/1507 1434/543/1507
f 1412/536/1508 1411/534/1508 1426/541/1508 1427/542/1508
f 1420/537/1509 1419/535/1509 1434/543/1509 1435/544/1509
f 1413/538/1510 1412/536/1510 1427/542/1510 1428/545/1510
f 1421/539/1511 1420/537/1511 1435/544/1511 1436/546/1511
f 1414/540/1512 1413/538/1512 1428/545/1512 1429/547/1512
f 1422/527/1513 1421/539/1513 1436/546/1513 1437/548/1513
f 1415/528/1514 1414/540/1514 1429/547/1514 1430/549/1514
f 1408/525/1515 965/550/1515 1423/551/1515
f 972/552/1516 1422/527/1516 1437/548/1516
f 1416/529/1517 1415/528/1517 1430/549/1517 1431/553/1517
f 1409/530/1518 1408/525/1518 1423/551/1518 1424/554/1518
f 1417/531/1519 1416/529/1519 1431/553/1519 1432/555/1519
f 1410/532/1520 1409/530/1520 1424/554/1520 1425/556/1520
f 1437/548/1521 1436/546/1521 1445/29/1521 1446/5/1521
f 1430/549/1522 1429/547/1522 968/31/1522 969/8/1522
f 1423/551/1523 965/558/1523 1438/1/1523
f 972/559/1524 1437/548/1524 1446/5/1524
f 1431/553/1525 1430/549/1525 969/8/1525 970/7/1525
f 1424/554/1526 1423/551/1526 1438/1/1526 1439/11/1526
f 1432/555/1527 1431/553/1527 970/7/1527 1442/13/1527
f 1425/556/1528 1424/554/1528 1439/11/1528 966/15/1528
f 1433/557/1529 1432/555/1529 1442/13/1529 971/17/1529
f 1426/541/1530 1425/556/1530 966/15/1530 1440/19/1530
f 1434/543/1531 1433/557/1531 971/17/1531 1443/21/1531
f 1427/542/1532 1426/541/1532 1440/19/1532 967/23/1532
f 1435/544/1533 1434/543/1533 1443/21/1533 1444/25/1533
f 1428/545/1534 1427/542/1534 967/23/1534 1441/27/1534
f 1436/546/1535 1435/544/1535 1444/25/1535 1445/29/1535
f 1429/547/1536 1428/545/1536 1441/27/1536 968/31/1536
usemtl Demon_Frame
f 1447/560/1537 1457/561/1537 1458/562/1537 1448/563/1537
f 1448/563/1538 1458/562/1538 1459/564/1538 1449/565/1538
f 1449/565/1539 1459/564/1539 1460/566/1539 1450/567/1539
f 1450/567/1540 1460/566/1540 1461/568/1540 1451/569/1540
f 1451/570/1541 1461/571/1541 1462/572/1541 1452/573/1541
f 1452/573/1542 1462/572/1542 1463/574/1542 1453/575/1542
f 1453/575/1543 1463/574/1543 1464/576/1543 1454/577/1543
f 1454/577/1544 1464/576/1544 1465/578/1544 1455/579/1544
f 1455/579/1545 1465/578/1545 1466/580/1545 1456/581/1545
f 1456/581/1546 1466/580/1546 1457/561/1546 1447/560/1546
f 1457/561/1547 1467/582/1547 1468/583/1547 1458/562/1547
f 1458/562/1548 1468/583/1548 1469/584/1548 1459/564/1548
f 1459/564/1539 1469/584/1539 1470/585/1539 1460/566/1539
f 1460/566/1549 1470/585/1549 1471/586/1549 1461/568/1549
f 1461/571/1550 1471/587/1550 1472/588/1550 1462/572/1550
f 1462/572/1551 1472/588/1551 1473/589/1551 1463/574/1551
f 1463/574/1552 1473/589/1552 1474/590/1552 1464/576/1552
f 1464/576/1544 1474/590/1544 1475/591/1544 1465/578/1544
f 1465/578/1553 1475/591/1553 1476/592/1553 1466/580/1553
f 1466/580/1554 1476/592/1554 1467/582/1554 1457/561/1554
f 1467/582/1555 1477/593/1555 1478/594/1555 1468/583/1555
f 1468/583/1556 1478/594/1556 1479/595/1556 1469/584/1556
f 1469/584/1539 1479/595/1539 1480/596/1539 1470/585/1539
f 1470/585/1557 1480/596/1557 1481/597/1557 1471/586/1557
f 1471/587/1558 1481/598/1558 1482/599/1558 1472/588/1558
f 1472/588/1559 1482/599/1559 1483/600/1559 1473/589/1559
f 1473/589/1560 1483/600/1560 1484/601/1560 1474/590/1560
f 1474/590/1544 1484/601/1544 1485/602/1544 1475/591/1544
f 1475/591/1561 1485/602/1561 1486/603/1561 1476/592/1561
f 1476/592/1562 1486/603/1562 1477/593/1562 1467/582/1562
f 1477/593/1563 1487/604/1563 1488/605/1563 1478/594/1563
f 1478/594/1564 1488/605/1564 1489/606/1564 1479/595/1564
f 1479/595/1539 1489/606/1539 1490/607/1539 1480/596/1539
f 1480/596/1565 1490/607/1565 1491/608/1565 1481/597/1565
f 1481/598/1566 1491/609/1566 1492/610/1566 1482/599/1566
f 1482/599/1567 1492/610/1567 1493/611/1567 1483/600/1567
f 1483/600/1568 1493/611/1568 1494/612/1568 1484/601/1568
f 1484/601/1544 1494/612/1544 1495/613/1544 1485/602/1544
f 1485/602/1569 1495/613/1569 1496/68/1569 1486/603/1569
f 1486/603/1570 1496/68/1570 1487/604/1570 1477/593/1570
f 1487/604/1571 1497/614/1571 1498/615/1571 1488/605/1571
f 1488/605/1572 1498/615/1572 1499/616/1572 1489/606/1572
f 1489/606/1539 1499/616/1539 1500/617/1539 1490/607/1539
f 1490/607/1573 1500/617/1573 1501/618/1573 1491/608/1573
f 1491/609/1574 1501/619/1574 1502/620/1574 1492/610/1574
f 1492/610/1575 1502/620/1575 1503/621/1575 1493/611/1575
f 1493/611/1576 1503/621/1576 1504/622/1576 1494/612/1576
f 1494/612/1544 1504/622/1544 1505/623/1544 1495/613/1544
f 1495/613/1577 1505/623/1577 1506/624/1577 1496/68/1577
f 1496/68/1578 1506/624/1578 1497/614/1578 1487/604/1578
f 1497/614/1579 1507/625/1579 1508/626/1579 1498/615/1579
f 1498/615/1580 1508/626/1580 1509/627/1580 1499/616/1580
f 1499/616/1539 1509/627/1539 1510/628/1539 1500/617/1539
f 1500/617/1581 1510/628/1581 1511/629/1581 1501/618/1581
f 1501/619/1582 1511/630/1582 1512/631/1582 1502/620/1582
f 1502/620/1583 1512/631/1583 1513/632/1583 1503/621/1583
f 1503/621/1584 1513/632/1584 1514/633/1584 1504/622/1584
f 1504/622/1544 1514/633/1544 1515/634/1544 1505/623/1544
f 1505/623/1585 1515/634/1585 1516/635/1585 1506/624/1585
f 1506/624/1586 1516/635/1586 1507/625/1586 1497/614/1586
f 1507/625/1587 1517/636/1587 1518/637/1587 1508/626/1587
f 1508/626/1588 1518/637/1588 1519/638/1588 1509/627/1588
f 1509/627/1539 1519/638/1539 1520/639/1539 1510/628/1539
f 1510/628/1589 1520/639/1589 1521/640/1589 1511/629/1589
f 1511/630/1590 1521/641/1590 1522/642/1590 1512/631/1590
f 1512/631/1591 1522/642/1591 1523/643/1591 1513/632/1591
f 1513/632/1592 1523/643/1592 1524/644/1592 1514/633/1592
f 1514/633/1544 1524/644/1544 1525/645/1544 1515/634/1544
f 1515/634/1593 1525/645/1593 1526/646/1593 1516/635/1593
f 1516/635/1594 1526/646/1594 1517/636/1594 1507/625/1594
f 1517/636/1595 1527/647/1595 1528/648/1595 1518/637/1595
f 1518/637/1596 1528/648/1596 1529/649/1596 1519/638/1596
f 1519/638/1539 1529/649/1539 1530/650/1539 1520/639/1539
f 1520/639/1597 1530/650/1597 1531/651/1597 1521/640/1597
f 1521/641/1598 1531/652/1598 1532/653/1598 1522/642/1598
f 1522/642/1599 1532/653/1599 1533/654/1599 1523/643/1599
f 1523/643/1600 1533/654/1600 1534/655/1600 1524/644/1600
f 1524/644/1544 1534/655/1544 1535/656/1544 1525/645/1544
f 1525/645/1601 1535/656/1601 1536/657/1601 1526/646/1601
f 1526/646/1602 1536/657/1602 1527/647/1602 1517/636/1602
f 1527/647/1603 1537/658/1603 1538/659/1603 1528/648/1603
f 1528/648/1604 1538/659/1604 1539/660/1604 1529/649/1604
f 1529/649/1539 1539/660/1539 1540/661/1539 1530/650/1539
f 1530/650/1605 1540/661/1605 1541/662/1605 1531/651/1605
f 1531/652/1606 1541/663/1606 1542/664/1606 1532/653/1606
f 1532/653/1607 1542/664/1607 1543/665/1607 1533/654/1607
f 1533/654/1608 1543/665/1608 1544/666/1608 1534/655/1608
f 1534/655/1544 1544/666/1544 1545/667/1544 1535/656/1544
f 1535/656/1609 1545/667/1609 1546/8/1609 1536/657/1609
f 1536/657/1610 1546/8/1610 1537/658/1610 1527/647/1610
f 1537/658/1611 1547/668/1611 1548/669/1611 1538/659/1611
f 1538/659/1612 1548/669/1612 1549/670/1612 1539/660/1612
f 1539/660/1539 1549/670/1539 1550/671/1539 1540/661/1539
f 1540/661/1613 1550/671/1613 1551/672/1613 1541/662/1613
f 1541/663/1614 1551/673/1614 1552/674/1614 1542/664/1614
f 1542/664/1615 1552/674/1615 1553/675/1615 1543/665/1615
f 1543/665/1616 1553/675/1616 1554/676/1616 1544/666/1616
f 1544/666/1544 1554/676/1544 1555/677/1544 1545/667/1544
f 1545/667/1617 1555/677/1617 1556/678/1617 1546/8/1617
f 1546/8/1618 1556/678/1618 1547/668/1618 1537/658/1618
f 1547/668/1619 1557/679/1619 1558/680/1619 1548/669/1619
f 1548/669/1620 1558/680/1620 1559/681/1620 1549/670/1620
f 1549/670/1539 1559/681/1539 1560/682/1539 1550/671/1539
f 1550/671/1621 1560/682/1621 1561/683/1621 1551/672/1621
f 1551/673/1622 1561/684/1622 1562/685/1622 1552/674/1622
f 1552/674/1623 1562/685/1623 1563/686/1623 1553/675/1623
f 1553/675/1624 1563/686/1624 1564/687/1624 1554/676/1624
f 1554/676/1544 1564/687/1544 1565/688/1544 1555/677/1544
f 1555/677/1625 1565/688/1625 1566/689/1625 1556/678/1625
f 1556/678/1626 1566/689/1626 1557/679/1626 1547/668/1626
f 1557/679/1627 1567/690/1627 1568/691/1627 1558/680/1627
f 1558/680/1628 1568/691/1628 1569/692/1628 1559/681/1628
f 1559/681/1539 1569/692/1539 1570/693/1539 1560/682/1539
f 1560/682/1629 1570/693/1629 1571/694/1629 1561/683/1629
f 1561/684/1630 1571/695/1630 1572/696/1630 1562/685/1630
f 1562/685/1631 1572/696/1631 1573/697/1631 1563/686/1631
f 1563/686/1632 1573/697/1632 1574/698/1632 1564/687/1632
f 1564/687/1544 1574/698/1544 1575/699/1544 1565/688/1544
f 1565/688/1633 1575/699/1633 1576/700/1633 1566/689/1633
f 1566/689/1634 1576/700/1634 1567/690/1634 1557/679/1634
f 1567/690/1635 1577/701/1635 1578/702/1635 1568/691/1635
f 1568/691/1636 1578/702/1636 1579/703/1636 1569/692/1636
f 1569/692/1539 1579/703/1539 1580/704/1539 1570/693/1539
f 1570/693/1637 1580/704/1637 1581/705/1637 1571/694/1637
f 1571/695/1638 1581/706/1638 1582/707/1638 1572/696/1638
f 1572/696/1639 1582/707/1639 1583/708/1639 1573/697/1639
f 1573/697/1640 1583/708/1640 1584/709/1640 1574/698/1640
f 1574/698/1544 1584/709/1544 1585/710/1544 1575/699/1544
f 1575/699/1641 1585/710/1641 1586/711/1641 1576/700/1641
f 1576/700/1642 1586/711/1642 1577/701/1642 1567/690/1642
f 1577/701/1643 1587/712/1643 1588/713/1643 1578/702/1643
f 1578/702/1644 1588/713/1644 1589/714/1644 1579/703/1644
f 1579/703/1539 1589/714/1539 1590/715/1539 1580/704/1539
f 1580/704/1645 1590/715/1645 1591/716/1645 1581/705/1645
f 1581/706/1646 1591/717/1646 1592/718/1646 1582/707/1646
f 1582/707/1647 1592/718/1647 1593/719/1647 1583/708/1647
f 1583/708/1648 1593/719/1648 1594/720/1648 1584/709/1648
f 1584/709/1544 1594/720/1544 1595/721/1544 1585/710/1544
f 1585/710/1649 1595/721/1649 1596/722/1649 1586/711/1649
f 1586/711/1650 1596/722/1650 1587/712/1650 1577/701/1650
f 1587/712/1651 1597/723/1651 1598/724/1651 1588/713/1651
f 1588/713/1652 1598/724/1652 1599/725/1652 1589/714/1652
f 1589/714/1539 1599/725/1539 1600/726/1539 1590/715/1539
f 1590/715/1653 1600/726/1653 1601/727/1653 1591/716/1653
f 1591/717/1654 1601/728/1654 1602/729/1654 1592/718/1654
f 1592/718/1655 1602/729/1655 1603/730/1655 1593/719/1655
f 1593/719/1656 1603/730/1656 1604/731/1656 1594/720/1656
f 1594/720/1544 1604/731/1544 1605/732/1544 1595/721/1544
f 1595/721/1657 1605/732/1657 1606/733/1657 1596/722/1657
f 1596/722/1658 1606/733/1658 1597/723/1658 1587/712/1658
f 1597/723/1659 1607/734/1659 1608/735/1659 1598/724/1659
f 1598/724/1660 1608/735/1660 1609/736/1660 1599/725/1660
f 1599/725/1539 1609/736/1539 1610/737/1539 1600/726/1539
f 1600/726/1661 1610/737/1661 1611/738/1661 1601/727/1661
f 1601/728/1662 1611/739/1662 1612/740/1662 1602/729/1662
f 1602/729/1663 1612/740/1663 1613/741/1663 1603/730/1663
f 1603/730/1664 1613/741/1664 1614/742/1664 1604/731/1664
f 1604/731/1544 1614/742/1544 1615/743/1544 1605/732/1544
f 1605/732/1665 1615/743/1665 1616/744/1665 1606/733/1665
f 1606/733/1666 1616/744/1666 1607/734/1666 1597/723/1666
f 1607/734/1667 1617/745/1667 1618/746/1667 1608/735/1667
f 1608/735/1668 1618/746/1668 1619/747/1668 1609/736/1668
f 1609/736/1539 1619/747/1539 1620/748/1539 1610/737/1539
f 1610/737/1669 1620/748/1669 1621/749/1669 1611/738/1669
f 1611/739/1670 1621/750/1670 1622/751/1670 1612/740/1670
f 1612/740/1671 1622/751/1671 1623/752/1671 1613/741/1671
f 1613/741/1672 1623/752/1672 1624/753/1672 1614/742/1672
f 1614/742/1544 1624/753/1544 1625/754/1544 1615/743/1544
f 1615/743/1673 1625/754/1673 1626/755/1673 1616/744/1673
f 1616/744/1674 1626/755/1674 1617/745/1674 1607/734/1674
f 1617/745/1675 1627/756/1675 1628/757/1675 1618/746/1675
f 1618/746/1676 1628/757/1676 1629/758/1676 1619/747/1676
f 1619/747/1539 1629/758/1539 1630/759/1539 1620/748/1539
f 1620/748/1677 1630/759/1677 1631/760/1677 1621/749/1677
f 1621/750/1678 1631/761/1678 1632/762/1678 1622/751/1678
f 1622/751/1679 1632/762/1679 1633/763/1679 1623/752/1679
f 1623/752/1680 1633/763/1680 1634/764/1680 1624/753/1680
f 1624/753/1544 1634/764/1544 1635/765/1544 1625/754/1544
f 1625/754/1681 1635/765/1681 1636/766/1681 1626/755/1681
f 1626/755/1682 1636/766/1682 1627/756/1682 1617/745/1682
f 1627/756/1683 1637/767/1683 1638/768/1683 1628/757/1683
f 1628/757/1684 1638/768/1684 1639/769/1684 1629/758/1684
f 1629/758/1539 1639/769/1539 1640/770/1539 1630/759/1539
f 1630/759/1685 1640/770/1685 1641/771/1685 1631/760/1685
f 1631/761/1686 1641/772/1686 1642/773/1686 1632/762/1686
f 1632/762/1687 1642/773/1687 1643/774/1687 1633/763/1687
f 1633/763/1688 1643/774/1688 1644/775/1688 1634/764/1688
f 1634/764/1544 1644/775/1544 1645/776/1544 1635/765/1544
f 1635/765/1689 1645/776/1689 1646/448/1689 1636/766/1689
f 1636/766/1690 1646/448/1690 1637/767/1690 1627/756/1690
f 1637/777/1691 1647/778/1691 1648/779/1691 1638/780/1691
f 1638/780/1692 1648/779/1692 1649/781/1692 1639/782/1692
f 1639/782/1539 1649/781/1539 1650/783/1539 1640/784/1539
f 1640/784/1693 1650/783/1693 1651/785/1693 1641/786/1693
f 1641/787/1694 1651/788/1694 1652/789/1694 1642/790/1694
f 1642/790/1695 1652/789/1695 1653/791/1695 1643/792/1695
f 1643/792/1696 1653/791/1696 1654/793/1696 1644/794/1696
f 1644/794/1544 1654/793/1544 1655/795/1544 1645/796/1544
f 1645/796/1697 1655/795/1697 1656/797/1697 1646/798/1697
f 1646/798/1698 1656/797/1698 1647/778/1698 1637/777/1698
f 1647/778/1541 1657/799/1541 1658/800/1541 1648/779/1541
f 1648/779/1540 1658/800/1540 1659/801/1540 1649/781/1540
f 1649/781/1539 1659/801/1539 1660/802/1539 1650/783/1539
f 1650/783/1538 1660/802/1538 1661/803/1538 1651/785/1538
f 1651/788/1537 1661/804/1537 1662/805/1537 1652/789/1537
f 1652/789/1546 1662/805/1546 1663/806/1546 1653/791/1546
f 1653/791/1545 1663/806/1545 1664/807/1545 1654/793/1545
f 1654/793/1544 1664/807/1544 1665/808/1544 1655/795/1544
f 1655/795/1543 1665/808/1543 1666/809/1543 1656/797/1543
f 1656/797/1542 1666/809/1542 1657/799/1542 1647/778/1542
f 1657/799/1550 1667/810/1550 1668/811/1550 1658/800/1550
f 1658/800/1549 1668/811/1549 1669/812/1549 1659/801/1549
f 1659/801/1539 1669/812/1539 1670/813/1539 1660/802/1539
f 1660/802/1548 1670/813/1548 1671/814/1548 1661/803/1548
f 1661/804/1547 1671/815/1547 1672/816/1547 1662/805/1547
f 1662/805/1554 1672/816/1554 1673/817/1554 1663/806/1554
f 1663/806/1553 1673/817/1553 1674/818/1553 1664/807/1553
f 1664/807/1544 1674/818/1544 1675/819/1544 1665/808/1544
f 1665/808/1552 1675/819/1552 1676/820/1552 1666/809/1552
f 1666/809/1551 1676/820/1551 1667/810/1551 1657/799/1551
f 1667/810/1558 1677/821/1558 1678/822/1558 1668/811/1558
f 1668/811/1557 1678/822/1557 1679/823/1557 1669/812/1557
f 1669/812/1539 1679/823/1539 1680/824/1539 1670/813/1539
f 1670/813/1556 1680/824/1556 1681/825/1556 1671/814/1556
f 1671/815/1555 1681/826/1555 1682/827/1555 1672/816/1555
f 1672/816/1562 1682/827/1562 1683/828/1562 1673/817/1562
f 1673/817/1561 1683/828/1561 1684/829/1561 1674/818/1561
f 1674/818/1544 1684/829/1544 1685/830/1544 1675/819/1544
f 1675/819/1560 1685/830/1560 1686/831/1560 1676/820/1560
f 1676/820/1559 1686/831/1559 1677/821/1559 1667/810/1559
f 1677/821/1566 1687/832/1566 1688/833/1566 1678/822/1566
f 1678/822/1565 1688/833/1565 1689/834/1565 1679/823/1565
f 1679/823/1539 1689/834/1539 1690/835/1539 1680/824/1539
f 1680/824/1564 1690/835/1564 1691/836/1564 1681/825/1564
f 1681/826/1563 1691/837/1563 1692/838/1563 1682/827/1563
f 1682/827/1570 1692/838/1570 1693/839/1570 1683/828/1570
f 1683/828/1569 1693/839/1569 1694/840/1569 1684/829/1569
f 1684/829/1544 1694/840/1544 1695/841/1544 1685/830/1544
f 1685/830/1568 1695/841/1568 1696/842/1568 1686/831/1568
f 1686/831/1567 1696/842/1567 1687/832/1567 1677/821/1567
f 1687/832/1574 1697/843/1574 1698/844/1574 1688/833/1574
f 1688/833/1573 1698/844/1573 1699/845/1573 1689/834/1573
f 1689/834/1539 1699/845/1539 1700/846/1539 1690/835/1539
f 1690/835/1572 1700/846/1572 1701/847/1572 1691/836/1572
f 1691/837/1571 1701/848/1571 1702/849/1571 1692/838/1571
f 1692/838/1578 1702/849/1578 1703/850/1578 1693/839/1578
f 1693/839/1577 1703/850/1577 1704/851/1577 1694/840/1577
f 1694/840/1544 1704/851/1544 1705/852/1544 1695/841/1544
f 1695/841/1576 1705/852/1576 1706/853/1576 1696/842/1576
f 1696/842/1575 1706/853/1575 1697/843/1575 1687/832/1575
f 1697/843/1582 1707/854/1582 1708/855/1582 1698/844/1582
f 1698/844/1581 1708/855/1581 1709/856/1581 1699/845/1581
f 1699/845/1539 1709/856/1539 1710/857/1539 1700/846/1539
f 1700/846/1580 1710/857/1580 1711/858/1580 1701/847/1580
f 1701/848/1579 1711/859/1579 1712/860/1579 1702/849/1579
f 1702/849/1586 1712/860/1586 1713/861/1586 1703/850/1586
f 1703/850/1585 1713/861/1585 1714/862/1585 1704/851/1585
f 1704/851/1544 1714/862/1544 1715/863/1544 1705/852/1544
f 1705/852/1584 1715/863/1584 1716/864/1584 1706/853/1584
f 1706/853/1583 1716/864/1583 1707/854/1583 1697/843/1583
f 1707/854/1590 1717/865/1590 1718/866/1590 1708/855/1590
f 1708/855/1589 1718/866/1589 1719/867/1589 1709/856/1589
f 1709/856/1539 1719/867/1539 1720/868/1539 1710/857/1539
f 1710/857/1588 1720/868/1588 1721/869/1588 1711/858/1588
f 1711/859/1587 1721/870/1587 1722/871/1587 1712/860/1587
f 1712/860/1594 1722/871/1594 1723/872/1594 1713/861/1594
f 1713/861/1593 1723/872/1593 1724/873/1593 1714/862/1593
f 1714/862/1544 1724/873/1544 1725/874/1544 1715/863/1544
f 1715/863/1592 1725/874/1592 1726/875/1592 1716/864/1592
f 1716/864/1591 1726/875/1591 1717/865/1591 1707/854/1591
f 1717/865/1598 1727/876/1598 1728/877/1598 1718/866/1598
f 1718/866/1597 1728/877/1597 1729/878/1597 1719/867/1597
f 1719/867/1539 1729/878/1539 1730/879/1539 1720/868/1539
f 1720/868/1596 1730/879/1596 1731/880/1596 1721/869/1596
f 1721/870/1595 1731/881/1595 1732/882/1595 1722/871/1595
f 1722/871/1602 1732/882/1602 1733/883/1602 1723/872/1602
f 1723/872/1601 1733/883/1601 1734/884/1601 1724/873/1601
f 1724/873/1544 1734/884/1544 1735/885/1544 1725/874/1544
f 1725/874/1600 1735/885/1600 1736/886/1600 1726/875/1600
f 1726/875/1599 1736/886/1599 1727/876/1599 1717/865/1599
f 1727/876/1606 1737/887/1606 1738/888/1606 1728/877/1606
f 1728/877/1605 1738/888/1605 1739/889/1605 1729/878/1605
f 1729/878/1539 1739/889/1539 1740/890/1539 1730/879/1539
f 1730/879/1604 1740/890/1604 1741/891/1604 1731/880/1604
f 1731/881/1603 1741/892/1603 1742/893/1603 1732/882/1603
f 1732/882/1610 1742/893/1610 1743/894/1610 1733/883/1610
f 1733/883/1609 1743/894/1609 1744/895/1609 1734/884/1609
f 1734/884/1544 1744/895/1544 1745/896/1544 1735/885/1544
f 1735/885/1608 1745/896/1608 1746/897/1608 1736/886/1608
f 1736/886/1607 1746/897/1607 1737/887/1607 1727/876/1607
f 1737/887/1614 1747/898/1614 1748/899/1614 1738/888/1614
f 1738/888/1613 1748/899/1613 1749/900/1613 1739/889/1613
f 1739/889/1539 1749/900/1539 1750/901/1539 1740/890/1539
f 1740/890/1612 1750/901/1612 1751/902/1612 1741/891/1612
f 1741/892/1611 1751/903/1611 1752/904/1611 1742/893/1611
f 1742/893/1618 1752/904/1618 1753/905/1618 1743/894/1618
f 1743/894/1617 1753/905/1617 1754/906/1617 1744/895/1617
f 1744/895/1544 1754/906/1544 1755/907/1544 1745/896/1544
f 1745/896/1616 1755/907/1616 1756/908/1616 1746/897/1616
f 1746/897/1615 1756/908/1615 1747/898/1615 1737/887/1615
f 1747/898/1622 1757/909/1622 1758/910/1622 1748/899/1622
f 1748/899/1621 1758/910/1621 1759/911/1621 1749/900/1621
f 1749/900/1539 1759/911/1539 1760/912/1539 1750/901/1539
f 1750/901/1620 1760/912/1620 1761/913/1620 1751/902/1620
f 1751/903/1619 1761/914/1619 1762/915/1619 1752/904/1619
f 1752/904/1626 1762/915/1626 1763/916/1626 1753/905/1626
f 1753/905/1625 1763/916/1625 1764/917/1625 1754/906/1625
f 1754/906/1544 1764/917/1544 1765/918/1544 1755/907/1544
f 1755/907/1624 1765/918/1624 1766/919/1624 1756/908/1624
f 1756/908/1623 1766/919/1623 1757/909/1623 1747/898/1623
f 1757/909/1630 1767/920/1630 1768/921/1630 1758/910/1630
f 1758/910/1629 1768/921/1629 1769/922/1629 1759/911/1629
f 1759/911/1539 1769/922/1539 1770/923/1539 1760/912/1539
f 1760/912/1628 1770/923/1628 1771/924/1628 1761/913/1628
f 1761/914/1627 1771/925/1627 1772/926/1627 1762/915/1627
f 1762/915/1634 1772/926/1634 1773/927/1634 1763/916/1634
f 1763/916/1633 1773/927/1633 1774/928/1633 1764/917/1633
f 1764/917/1544 1774/928/1544 1775/929/1544 1765/918/1544
f 1765/918/1632 1775/929/1632 1776/930/1632 1766/919/1632
f 1766/919/1631 1776/930/1631 1767/920/1631 1757/909/1631
f 1767/920/1638 1777/931/1638 1778/932/1638 1768/921/1638
f 1768/921/1637 1778/932/1637 1779/933/1637 1769/922/1637
f 1769/922/1539 1779/933/1539 1780/934/1539 1770/923/1539
f 1770/923/1636 1780/934/1636 1781/935/1636 1771/924/1636
f 1771/925/1635 1781/936/1635 1782/937/1635 1772/926/1635
f 1772/926/1642 1782/937/1642 1783/938/1642 1773/927/1642
f 1773/927/1641 1783/938/1641 1784/939/1641 1774/928/1641
f 1774/928/1544 1784/939/1544 1785/940/1544 1775/929/1544
f 1775/929/1640 1785/940/1640 1786/941/1640 1776/930/1640
f 1776/930/1639 1786/941/1639 1777/931/1639 1767/920/1639
f 1777/931/1646 1787/942/1646 1788/943/1646 1778/932/1646
f 1778/932/1645 1788/943/1645 1789/944/1645 1779/933/1645
f 1779/933/1539 1789/944/1539 1790/945/1539 1780/934/1539
f 1780/934/1644 1790/945/1644 1791/946/1644 1781/935/1644
f 1781/936/1643 1791/947/1643 1792/948/1643 1782/937/1643
f 1782/937/1650 1792/948/1650 1793/949/1650 1783/938/1650
f 1783/938/1649 1793/949/1649 1794/950/1649 1784/939/1649
f 1784/939/1544 1794/950/1544 1795/951/1544 1785/940/1544
f 1785/940/1648 1795/951/1648 1796/952/1648 1786/941/1648
f 1786/941/1647 1796/952/1647 1787/942/1647 1777/931/1647
f 1787/942/1654 1797/953/1654 1798/954/1654 1788/943/1654
f 1788/943/1653 1798/954/1653 1799/955/1653 1789/944/1653
f 1789/944/1539 1799/955/1539 1800/956/1539 1790/945/1539
f 1790/945/1652 1800/956/1652 1801/957/1652 1791/946/1652
f 1791/947/1651 1801/958/1651 1802/959/1651 1792/948/1651
f 1792/948/1658 1802/959/1658 1803/960/1658 1793/949/1658
f 1793/949/1657 1803/960/1657 1804/961/1657 1794/950/1657
f 1794/950/1544 1804/961/1544 1805/962/1544 1795/951/1544
f 1795/951/1656 1805/962/1656 1806/963/1656 1796/952/1656
f 1796/952/1655 1806/963/1655 1797/953/1655 1787/942/1655
f 1797/953/1662 1807/964/1662 1808/965/1662 1798/954/1662
f 1798/954/1661 1808/965/1661 1809/966/1661 1799/955/1661
f 1799/955/1539 1809/966/1539 1810/967/1539 1800/956/1539
f 1800/956/1660 1810/967/1660 1811/968/1660 1801/957/1660
f 1801/958/1659 1811/969/1659 1812/970/1659 1802/959/1659
f 1802/959/1666 1812/970/1666 1813/971/1666 1803/960/1666
f 1803/960/1665 1813/971/1665 1814/972/1665 1804/961/1665
f 1804/961/1544 1814/972/1544 1815/973/1544 1805/962/1544
f 1805/962/1664 1815/973/1664 1816/974/1664 1806/963/1664
f 1806/963/1663 1816/974/1663 1807/964/1663 1797/953/1663
f 1807/964/1670 1817/975/1670 1818/976/1670 1808/965/1670
f 1808/965/1669 1818/976/1669 1819/977/1669 1809/966/1669
f 1809/966/1539 1819/977/1539 1820/978/1539 1810/967/1539
f 1810/967/1668 1820/978/1668 1821/979/1668 1811/968/1668
f 1811/969/1667 1821/980/1667 1822/981/1667 1812/970/1667
f 1812/970/1674 1822/981/1674 1823/982/1674 1813/971/1674
f 1813/971/1673 1823/982/1673 1824/983/1673 1814/972/1673
f 1814/972/1544 1824/983/1544 1825/984/1544 1815/973/1544
f 1815/973/1672 1825/984/1672 1826/985/1672 1816/974/1672
f 1816/974/1671 1826/985/1671 1817/975/1671 1807/964/1671
f 1817/975/1678 1827/986/1678 1828/987/1678 1818/976/1678
f 1818/976/1677 1828/987/1677 1829/988/1677 1819/977/1677
f 1819/977/1539 1829/988/1539 1830/989/1539 1820/978/1539
f 1820/978/1676 1830/989/1676 1831/990/1676 1821/979/1676
f 1821/980/1675 1831/991/1675 1832/992/1675 1822/981/1675
f 1822/981/1682 1832/992/1682 1833/993/1682 1823/982/1682
f 1823/982/1681 1833/993/1681 1834/994/1681 1824/983/1681
f 1824/983/1544 1834/994/1544 1835/995/1544 1825/984/1544
f 1825/984/1680 1835/995/1680 1836/996/1680 1826/985/1680
f 1826/985/1679 1836/996/1679 1827/986/1679 1817/975/1679
f 1827/986/1686 1837/997/1686 1838/998/1686 1828/987/1686
f 1828/987/1685 1838/998/1685 1839/999/1685 1829/988/1685
f 1829/988/1539 1839/999/1539 1840/1000/1539 1830/989/1539
f 1830/989/1684 1840/1000/1684 1841/1001/1684 1831/990/1684
f 1831/991/1683 1841/1002/1683 1842/1003/1683 1832/992/1683
f 1832/992/1690 1842/1003/1690 1843/1004/1690 1833/993/1690
f 1833/993/1689 1843/1004/1689 1844/1005/1689 1834/994/1689
f 1834/994/1544 1844/1005/1544 1845/1006/1544 1835/995/1544
f 1835/995/1688 1845/1006/1688 1846/1007/1688 1836/996/1688
f 1836/996/1687 1846/1007/1687 1837/997/1687 1827/986/1687
f 1837/997/1694 1447/560/1694 1448/563/1694 1838/998/1694
f 1838/998/1693 1448/563/1693 1449/565/1693 1839/999/1693
f 1839/999/1539 1449/565/1539 1450/567/1539 1840/1000/1539
f 1840/1000/1692 1450/567/1692 1451/569/1692 1841/1001/1692
f 1841/1002/1691 1451/570/1691 1452/573/1691 1842/1003/1691
f 1842/1003/1698 1452/573/1698 1453/575/1698 1843/1004/1698
f 1843/1004/1697 1453/575/1697 1454/577/1697 1844/1005/1697
f 1844/1005/1544 1454/577/1544 1455/579/1544 1845/1006/1544
f 1845/1006/1696 1455/579/1696 1456/581/1696 1846/1007/1696
f 1846/1007/1695 1456/581/1695 1447/560/1695 1837/997/1695
f 1847/448/1699 1848/771/1699 1850/1008/1699 1849/1009/1699
f 1849/1009/1700 1850/1008/1700 1852/1010/1700 1851/1011/1700
f 1851/1011/1701 1852/1010/1701 1854/1012/1701 1853/1013/1701
f 1853/1013/1702 1854/1012/1702 1856/1014/1702 1855/1015/1702
f 1855/1015/1703 1856/1014/1703 1858/1016/1703 1857/1017/1703
f 1857/1017/1704 1858/1016/1704 1860/1018/1704 1859/1019/1704
f 1859/1019/1705 1860/1018/1705 1862/1020/1705 1861/1021/1705
f 1861/1021/1706 1862/1020/1706 1864/1022/1706 1863/1023/1706
f 1863/1023/1707 1864/1022/1707 1866/1024/1707 1865/1025/1707
f 1865/1025/1708 1866/1024/1708 1868/1026/1708 1867/1027/1708
f 1850/1028/1709 1848/1029/1709 1870/1030/1709 1868/1031/1709 1866/1032/1709 1864/1033/1709 1862/1034/1709 1860/1035/1709 1858/1036/1709 1856/1037/1709 1854/1038/1709 1852/1039/1709
f 1867/1027/1710 1868/1026/1710 1870/1040/1710 1869/1041/1710
f 1869/1041/1711 1870/1040/1711 1848/1042/1711 1847/1043/1711
f 1847/1044/1712 1849/1045/1712 1851/1046/1712 1853/1047/1712 1855/1048/1712 1857/1049/1712 1859/1050/1712 1861/1051/1712 1863/1052/1712 1865/1053/1712 1867/1054/1712 1869/1055/1712
f 1871/448/1713 1872/771/1713 1874/1008/1713 1873/1009/1713
f 1873/1009/1714 1874/1008/1714 1876/1010/1714 1875/1011/1714
f 1875/1011/1715 1876/1010/1715 1878/1012/1715 1877/1013/1715
f 1877/1013/1716 1878/1012/1716 1880/1014/1716 1879/1015/1716
f 1879/1015/1717 1880/1014/1717 1882/1016/1717 1881/1017/1717
f 1881/1017/1718 1882/1016/1718 1884/1018/1718 1883/1019/1718
f 1883/1019/1719 1884/1018/1719 1886/1020/1719 1885/1021/1719
f 1885/1021/1720 1886/1020/1720 1888/1022/1720 1887/1023/1720
f 1887/1023/1721 1888/1022/1721 1890/1024/1721 1889/1025/1721
f 1889/1025/1722 1890/1024/1722 1892/1026/1722 1891/1027/1722
f 1874/1028/1723 1872/1029/1723 1894/1030/1723 1892/1031/1723 1890/1032/1723 1888/1033/1723 1886/1034/1723 1884/1035/1723 1882/1036/1723 1880/1037/1723 1878/1038/1723 1876/1039/1723
f 1891/1027/1724 1892/1026/1724 1894/1040/1724 1893/1041/1724
f 1893/1041/1725 1894/1040/1725 1872/1042/1725 1871/1043/1725
f 1871/1044/1726 1873/1045/1726 1875/1046/1726 1877/1047/1726 1879/1048/1726 1881/1049/1726 1883/1050/1726 1885/1051/1726 1887/1052/1726 1889/1053/1726 1891/1054/1726 1893/1055/1726
f 1895/448/1727 1896/771/1727 1898/1008/1727 1897/1009/1727
f 1897/1009/1728 1898/1008/1728 1900/1010/1728 1899/1011/1728
f 1899/1011/1729 1900/1010/1729 1902/1012/1729 1901/1013/1729
f 1901/1013/1730 1902/1012/1730 1904/1014/1730 1903/1015/1730
f 1903/1015/1731 1904/1014/1731 1906/1016/1731 1905/1017/1731
f 1905/1017/1732 1906/1016/1732 1908/1018/1732 1907/1019/1732
f 1907/1019/1733 1908/1018/1733 1910/1020/1733 1909/1021/1733
f 1909/1021/1734 1910/1020/1734 1912/1022/1734 1911/1023/1734
f 1911/1023/1735 1912/1022/1735 1914/1024/1735 1913/1025/1735
f 1913/1025/1736 1914/1024/1736 1916/1026/1736 1915/1027/1736
f 1898/1028/1737 1896/1029/1737 1918/1030/1737 1916/1031/1737 1914/1032/1737 1912/1033/1737 1910/1034/1737 1908/1035/1737 1906/1036/1737 1904/1037/1737 1902/1038/1737 1900/1039/1737
f 1915/1027/1738 1916/1026/1738 1918/1040/1738 1917/1041/1738
f 1917/1041/1739 1918/1040/1739 1896/1042/1739 1895/1043/1739
f 1895/1044/1740 1897/1045/1740 1899/1046/1740 1901/1047/1740 1903/1048/1740 1905/1049/1740 1907/1050/1740 1909/1051/1740 1911/1052/1740 1913/1053/1740 1915/1054/1740 1917/1055/1740
f 1919/448/1741 1920/771/1741 1922/1008/1741 1921/1009/1741
f 1921/1009/1742 1922/1008/1742 1924/1010/1742 1923/1011/1742
f 1923/1011/1743 1924/1010/1743 1926/1012/1743 1925/1013/1743
f 1925/1013/1744 1926/1012/1744 1928/1014/1744 1927/1015/1744
f 1927/1015/1745 1928/1014/1745 1930/1016/1745 1929/1017/1745
f 1929/1017/1746 1930/1016/1746 1932/1018/1746 1931/1019/1746
f 1931/1019/1747 1932/1018/1747 1934/1020/1747 1933/1021/1747
f 1933/1021/1748 1934/1020/1748 1936/1022/1748 1935/1023/1748
f 1935/1023/1749 1936/1022/1749 1938/1024/1749 1937/1025/1749
f 1937/1025/1750 1938/1024/1750 1940/1026/1750 1939/1027/1750
f 1922/1028/1751 1920/1029/1751 1942/1030/1751 1940/1031/1751 1938/1032/1751 1936/1033/1751 1934/1034/1751 1932/1035/1751 1930/1036/1751 1928/1037/1751 1926/1038/1751 1924/1039/1751
f 1939/1027/1752 1940/1026/1752 1942/1040/1752 1941/1041/1752
f 1941/1041/1753 1942/1040/1753 1920/1042/1753 1919/1043/1753
f 1919/1044/1754 1921/1045/1754 1923/1046/1754 1925/1047/1754 1927/1048/1754 1929/1049/1754 1931/1050/1754 1933/1051/1754 1935/1052/1754 1937/1053/1754 1939/1054/1754 1941/1055/1754
