# Blender 5.2.2 LTS
# www.blender.org
mtllib handle.mtl
o Bone_Grip
v 0.003833 -0.271158 -0.008102
v 0.003012 0.225854 0.007570
v 0.039890 -0.271158 0.003613
v 0.031342 0.225854 0.016775
v 0.065258 -0.271158 0.031787
v 0.051274 0.225854 0.038912
v 0.073140 -0.271158 0.068871
v 0.057467 0.225854 0.068049
v 0.061424 -0.271158 0.104927
v 0.048262 0.225854 0.096379
v 0.033250 -0.271158 0.130295
v 0.026125 0.225854 0.116311
v -0.003833 -0.271158 0.138177
v -0.003012 0.225854 0.122504
v -0.039890 -0.271158 0.126462
v -0.031342 0.225854 0.113299
v -0.065258 -0.271158 0.098288
v -0.051274 0.225854 0.091163
v -0.073140 -0.271158 0.061204
v -0.057467 0.225854 0.062026
v -0.061424 -0.271158 0.025148
v -0.048262 0.225854 0.033696
v -0.033250 -0.271158 -0.000220
v -0.026125 0.225854 0.013764
v 0.000000 -0.265902 0.070269
v 0.064354 -0.247105 0.107398
v -0.024580 -0.247105 0.130346
v -0.079545 -0.247105 0.070269
v -0.024580 -0.247105 0.010192
v 0.064354 -0.247105 0.033140
v 0.024580 -0.216690 0.130346
v -0.064354 -0.216690 0.107398
v -0.064354 -0.216690 0.033140
v 0.024580 -0.216690 0.010192
v 0.079545 -0.216690 0.070269
v 0.000000 -0.197893 0.070269
v -0.014448 -0.260823 0.105581
v 0.037826 -0.260823 0.092093
v 0.023378 -0.249775 0.127405
v 0.075652 -0.249775 0.070269
v 0.037826 -0.260823 0.048445
v -0.046756 -0.260823 0.070269
v -0.061204 -0.223643 0.105581
v -0.014448 -0.260823 0.034957
v -0.061204 -0.249775 0.034957
v 0.023378 -0.249775 0.013133
v 0.084582 -0.231897 0.092093
v 0.084582 -0.231897 0.048445
v 0.000000 -0.231897 0.140893
v 0.052274 -0.231897 0.127405
v -0.084582 -0.231897 0.092093
v -0.052274 -0.231897 0.127405
v -0.052274 -0.231897 0.013132
v -0.084582 -0.231897 0.048445
v 0.052274 -0.231897 0.013132
v 0.000000 -0.231897 -0.000356
v 0.061204 -0.214020 0.105581
v -0.023378 -0.214020 0.127405
v -0.075652 -0.214020 0.070269
v -0.023378 -0.214020 0.013133
v 0.061204 -0.214020 0.034957
v 0.014448 -0.202971 0.105581
v 0.046756 -0.202971 0.070269
v -0.037826 -0.202971 0.092093
v -0.037826 -0.202971 0.048445
v 0.014448 -0.202971 0.034957
v -0.065393 -0.278980 0.065037
v -0.042680 -0.252954 0.078789
v -0.074069 -0.252954 0.087288
v -0.093468 -0.252954 0.065037
v -0.074069 -0.252954 0.042787
v -0.042680 -0.252954 0.051286
v -0.056718 -0.210841 0.087288
v -0.088106 -0.210841 0.078789
v -0.088106 -0.210841 0.051286
v -0.056718 -0.210841 0.042787
v -0.037318 -0.210841 0.065037
v -0.065393 -0.184814 0.065037
v -0.070492 -0.271949 0.078116
v -0.052043 -0.271949 0.073120
v -0.057142 -0.256651 0.086199
v -0.038692 -0.256651 0.065037
v -0.052043 -0.271949 0.056955
v -0.081895 -0.245816 0.065037
v -0.086994 -0.256651 0.078116
v -0.070492 -0.271949 0.051959
v -0.086994 -0.256651 0.051959
v -0.057142 -0.256651 0.043876
v -0.035541 -0.231897 0.073120
v -0.035541 -0.231897 0.056954
v -0.065393 -0.231897 0.091195
v -0.046943 -0.231897 0.086199
v -0.095246 -0.231897 0.073120
v -0.083843 -0.231897 0.086199
v -0.083843 -0.231897 0.043876
v -0.095246 -0.231897 0.056954
v -0.046943 -0.231897 0.043876
v -0.065393 -0.231897 0.038880
v -0.043792 -0.207144 0.078116
v -0.073644 -0.207144 0.086199
v -0.092094 -0.207144 0.065037
v -0.073644 -0.207144 0.043876
v -0.043792 -0.207144 0.051959
v -0.060294 -0.191846 0.078116
v -0.048891 -0.191846 0.065037
v -0.078743 -0.191846 0.073120
v -0.078743 -0.191846 0.056955
v -0.060294 -0.191846 0.051959
v 0.065393 -0.278980 0.065037
v 0.088106 -0.252954 0.078789
v 0.056718 -0.252954 0.087288
v 0.037318 -0.252954 0.065037
v 0.056718 -0.252954 0.042787
v 0.088106 -0.252954 0.051286
v 0.074069 -0.210841 0.087288
v 0.042680 -0.210841 0.078789
v 0.042680 -0.210841 0.051286
v 0.074069 -0.210841 0.042787
v 0.093468 -0.210841 0.065037
v 0.065393 -0.184814 0.065037
v 0.060294 -0.271949 0.078116
v 0.078743 -0.271949 0.073120
v 0.073644 -0.256651 0.086199
v 0.092094 -0.256651 0.065037
v 0.078743 -0.271949 0.056955
v 0.048891 -0.271949 0.065037
v 0.043792 -0.256651 0.078116
v 0.060294 -0.271949 0.051959
v 0.043792 -0.256651 0.051959
v 0.073644 -0.256651 0.043876
v 0.095246 -0.231897 0.073120
v 0.095246 -0.231897 0.056954
v 0.065393 -0.231897 0.091195
v 0.083843 -0.231897 0.086199
v 0.035541 -0.231897 0.073120
v 0.046943 -0.231897 0.086199
v 0.046943 -0.231897 0.043876
v 0.035541 -0.231897 0.056954
v 0.083843 -0.231897 0.043876
v 0.065393 -0.231897 0.038880
v 0.086994 -0.207144 0.078116
v 0.057142 -0.207144 0.086199
v 0.038692 -0.207144 0.065037
v 0.057142 -0.207144 0.043876
v 0.086994 -0.207144 0.051959
v 0.070492 -0.191846 0.078116
v 0.081895 -0.191846 0.065037
v 0.052043 -0.191846 0.073120
v 0.052043 -0.191846 0.056955
v 0.070492 -0.191846 0.051959
v 0.000000 -0.169120 0.070269
v 0.064354 -0.150323 0.107398
v -0.024580 -0.150323 0.130346
v -0.079545 -0.150323 0.070269
v -0.024580 -0.150323 0.010192
v 0.064354 -0.150323 0.033140
v 0.024580 -0.119908 0.130346
v -0.064354 -0.119908 0.107398
v -0.064354 -0.119908 0.033140
v 0.024580 -0.119908 0.010192
v 0.079545 -0.119908 0.070269
v 0.000000 -0.101111 0.070269
v -0.014448 -0.164042 0.105581
v 0.037826 -0.164042 0.092093
v 0.023378 -0.152993 0.127405
v 0.075652 -0.152993 0.070269
v 0.037826 -0.164042 0.048445
v -0.046756 -0.164042 0.070269
v -0.061204 -0.152993 0.105581
v -0.014448 -0.164042 0.034957
v -0.061204 -0.152993 0.034957
v 0.023378 -0.152993 0.013133
v 0.084582 -0.135116 0.092093
v 0.084582 -0.135116 0.048445
v 0.000000 -0.135116 0.140893
v 0.052274 -0.135116 0.127405
v -0.084582 -0.135116 0.092093
v -0.052274 -0.135116 0.127405
v -0.052274 -0.135116 0.013132
v -0.084582 -0.135116 0.048445
v 0.052274 -0.135116 0.013132
v 0.000000 -0.135116 -0.000356
v 0.061204 -0.117238 0.105581
v -0.023378 -0.117238 0.127405
v -0.075652 -0.117238 0.070269
v -0.023378 -0.117238 0.013133
v 0.061204 -0.117238 0.034957
v 0.014448 -0.106190 0.105581
v 0.046756 -0.106190 0.070269
v -0.037826 -0.106190 0.092093
v -0.037826 -0.106190 0.048445
v 0.014448 -0.106190 0.034957
v -0.065393 -0.182199 0.065037
v -0.042680 -0.156172 0.078789
v -0.074069 -0.156172 0.087288
v -0.093468 -0.156172 0.065037
v -0.074069 -0.156172 0.042787
v -0.042680 -0.156172 0.051286
v -0.056718 -0.114059 0.087288
v -0.088106 -0.114059 0.078789
v -0.088106 -0.114059 0.051286
v -0.056718 -0.114059 0.042787
v -0.037318 -0.114059 0.065037
v -0.065393 -0.088033 0.065037
v -0.070492 -0.175167 0.078116
v -0.052043 -0.175167 0.073120
v -0.057142 -0.159869 0.086199
v -0.038692 -0.159869 0.065037
v -0.052043 -0.175167 0.056955
v -0.081895 -0.175167 0.065037
v -0.086994 -0.159869 0.078116
v -0.070492 -0.175167 0.051959
v -0.086994 -0.159869 0.051959
v -0.057142 -0.159869 0.043876
v -0.035541 -0.135116 0.073120
v -0.035541 -0.135116 0.056954
v -0.065393 -0.135116 0.091195
v -0.046943 -0.135116 0.086199
v -0.095246 -0.135116 0.073120
v -0.083843 -0.135116 0.086199
v -0.083843 -0.135116 0.043876
v -0.095246 -0.135116 0.056954
v -0.046943 -0.135116 0.043876
v -0.065393 -0.135116 0.038880
v -0.043792 -0.110362 0.078116
v -0.073644 -0.110362 0.086199
v -0.092094 -0.110362 0.065037
v -0.073644 -0.110362 0.043876
v -0.043792 -0.110362 0.051959
v -0.060294 -0.095064 0.078116
v -0.048891 -0.095064 0.065037
v -0.078743 -0.095064 0.073120
v -0.078743 -0.095064 0.056955
v -0.060294 -0.095064 0.051959
v 0.065393 -0.182199 0.065037
v 0.088106 -0.156172 0.078789
v 0.056718 -0.156172 0.087288
v 0.037318 -0.156172 0.065037
v 0.056718 -0.156172 0.042787
v 0.088106 -0.156172 0.051286
v 0.074069 -0.114059 0.087288
v 0.042680 -0.114059 0.078789
v 0.042680 -0.114059 0.051286
v 0.074069 -0.114059 0.042787
v 0.093468 -0.114059 0.065037
v 0.065393 -0.088033 0.065037
v 0.060294 -0.175167 0.078116
v 0.078743 -0.175167 0.073120
v 0.073644 -0.159869 0.086199
v 0.092094 -0.159869 0.065037
v 0.078743 -0.175167 0.056955
v 0.048891 -0.175167 0.065037
v 0.043792 -0.159869 0.078116
v 0.060294 -0.175167 0.051959
v 0.043792 -0.159869 0.051959
v 0.073644 -0.159869 0.043876
v 0.095246 -0.135116 0.073120
v 0.095246 -0.135116 0.056954
v 0.065393 -0.135116 0.091195
v 0.083843 -0.135116 0.086199
v 0.035541 -0.135116 0.073120
v 0.046943 -0.135116 0.086199
v 0.046943 -0.135116 0.043876
v 0.035541 -0.135116 0.056954
v 0.083843 -0.135116 0.043876
v 0.065393 -0.135116 0.038880
v 0.086994 -0.110362 0.078116
v 0.057142 -0.110362 0.086199
v 0.038692 -0.110362 0.065037
v 0.057142 -0.110362 0.043876
v 0.086994 -0.110362 0.051959
v 0.070492 -0.095064 0.078116
v 0.081895 -0.095064 0.065037
v 0.052043 -0.095064 0.073120
v 0.052043 -0.095064 0.056955
v 0.070492 -0.095064 0.051959
v 0.000000 -0.069723 0.070269
v 0.064354 -0.050926 0.107398
v -0.024580 -0.050926 0.130346
v -0.079545 -0.050925 0.070269
v -0.024580 -0.050926 0.010192
v 0.064354 -0.050926 0.033140
v 0.024580 -0.020511 0.130346
v -0.064354 -0.020511 0.107398
v -0.064354 -0.020511 0.033140
v 0.024580 -0.020511 0.010192
v 0.079545 -0.020511 0.070269
v 0.000000 -0.001714 0.070269
v -0.014448 -0.064644 0.105581
v 0.037826 -0.064644 0.092093
v 0.023378 -0.053596 0.127405
v 0.075652 -0.053595 0.070269
v 0.037826 -0.064644 0.048445
v -0.046756 -0.064644 0.070269
v -0.061204 -0.053595 0.105581
v -0.014448 -0.064644 0.034957
v -0.061204 -0.053595 0.034957
v 0.023378 -0.053596 0.013133
v 0.084582 -0.035718 0.092093
v 0.084582 -0.035718 0.048445
v 0.000000 -0.035718 0.140893
v 0.052274 -0.035718 0.127405
v -0.084582 -0.035718 0.092093
v -0.052274 -0.035718 0.127405
v -0.052274 -0.035718 0.013132
v -0.084582 -0.035718 0.048445
v 0.052274 -0.035718 0.013132
v 0.000000 -0.035718 -0.000356
v 0.061204 -0.017841 0.105581
v -0.023378 -0.017841 0.127405
v -0.075652 -0.017841 0.070269
v -0.023378 -0.017841 0.013133
v 0.061204 -0.017841 0.034957
v 0.014448 -0.006792 0.105581
v 0.046756 -0.006792 0.070269
v -0.037826 -0.006792 0.092093
v -0.037826 -0.006792 0.048445
v 0.014448 -0.006792 0.034957
v -0.065393 -0.082801 0.065037
v -0.042680 -0.056775 0.078789
v -0.074069 -0.056775 0.087288
v -0.093468 -0.056774 0.065037
v -0.074069 -0.056775 0.042787
v -0.042680 -0.056775 0.051286
v -0.056718 -0.014662 0.087288
v -0.088106 -0.014662 0.078789
v -0.088106 -0.014662 0.051286
v -0.056718 -0.014662 0.042787
v -0.037318 -0.014662 0.065037
v -0.065393 0.011365 0.065037
v -0.070492 -0.075770 0.078116
v -0.052043 -0.075769 0.073120
v -0.057142 -0.060471 0.086199
v -0.038692 -0.060471 0.065037
v -0.052043 -0.075769 0.056955
v -0.081895 -0.075769 0.065037
v -0.086994 -0.060471 0.078116
v -0.070492 -0.075770 0.051959
v -0.086994 -0.060471 0.051959
v -0.057142 -0.060471 0.043876
v -0.035541 -0.035718 0.073120
v -0.035541 -0.035718 0.056954
v -0.065393 -0.035718 0.091195
v -0.046943 -0.035718 0.086199
v -0.095246 -0.035718 0.073120
v -0.083843 -0.035718 0.086199
v -0.083843 -0.035718 0.043876
v -0.095246 -0.035718 0.056954
v -0.046943 -0.035718 0.043876
v -0.065393 -0.035718 0.038880
v -0.043792 -0.010965 0.078116
v -0.073644 -0.010965 0.086199
v -0.092094 -0.010965 0.065037
v -0.073644 -0.010965 0.043876
v -0.043792 -0.010965 0.051959
v -0.060294 0.004333 0.078116
v -0.048891 0.004333 0.065037
v -0.078743 0.004333 0.073120
v -0.078743 0.004333 0.056955
v -0.060294 0.004333 0.051959
v 0.065393 -0.082801 0.065037
v 0.088106 -0.056775 0.078789
v 0.056718 -0.056775 0.087288
v 0.037318 -0.056774 0.065037
v 0.056718 -0.056775 0.042787
v 0.088106 -0.056775 0.051286
v 0.074069 -0.014662 0.087288
v 0.042680 -0.014662 0.078789
v 0.042680 -0.014662 0.051286
v 0.074069 -0.014662 0.042787
v 0.093468 -0.014662 0.065037
v 0.065393 0.011365 0.065037
v 0.060294 -0.075770 0.078116
v 0.078743 -0.075769 0.073120
v 0.073644 -0.060471 0.086199
v 0.092094 -0.060471 0.065037
v 0.078743 -0.075769 0.056955
v 0.048891 -0.075769 0.065037
v 0.043792 -0.060471 0.078116
v 0.060294 -0.075770 0.051959
v 0.043792 -0.060471 0.051959
v 0.073644 -0.060471 0.043876
v 0.095246 -0.035718 0.073120
v 0.095246 -0.035718 0.056954
v 0.065393 -0.035718 0.091195
v 0.083843 -0.035718 0.086199
v 0.035541 -0.035718 0.073120
v 0.046943 -0.035718 0.086199
v 0.046943 -0.035718 0.043876
v 0.035541 -0.035718 0.056954
v 0.083843 -0.035718 0.043876
v 0.065393 -0.035718 0.038880
v 0.086994 -0.010965 0.078116
v 0.057142 -0.010965 0.086199
v 0.038692 -0.010965 0.065037
v 0.057142 -0.010965 0.043876
v 0.086994 -0.010965 0.051959
v 0.070492 0.004333 0.078116
v 0.081895 0.004333 0.065037
v 0.052043 0.004333 0.073120
v 0.052043 0.004333 0.056955
v 0.070492 0.004333 0.051959
v 0.000000 0.029675 0.070269
v 0.064354 0.048472 0.107398
v -0.024580 0.048472 0.130346
v -0.079545 0.048472 0.070269
v -0.024580 0.048472 0.010192
v 0.064354 0.048472 0.033140
v 0.024580 0.078887 0.130346
v -0.064354 0.078887 0.107398
v -0.064354 0.078887 0.033140
v 0.024580 0.078887 0.010192
v 0.079545 0.078887 0.070269
v 0.000000 0.097684 0.070269
v -0.014448 0.034753 0.105581
v 0.037826 0.034753 0.092093
v 0.023378 0.045802 0.127405
v 0.075652 0.045802 0.070269
v 0.037826 0.034753 0.048445
v -0.046756 0.034753 0.070269
v -0.061204 0.045802 0.105581
v -0.014448 0.034753 0.034957
v -0.061204 0.045802 0.034957
v 0.023378 0.045802 0.013133
v 0.084582 0.063679 0.092093
v 0.084582 0.063679 0.048445
v 0.000000 0.063679 0.140893
v 0.052274 0.063679 0.127405
v -0.084582 0.063679 0.092093
v -0.052274 0.063679 0.127405
v -0.052274 0.063679 0.013132
v -0.084582 0.063679 0.048445
v 0.052274 0.063679 0.013132
v 0.000000 0.063679 -0.000356
v 0.061204 0.081557 0.105581
v -0.023378 0.081557 0.127405
v -0.075652 0.081557 0.070269
v -0.023378 0.081557 0.013133
v 0.061204 0.081557 0.034957
v 0.014448 0.092605 0.105581
v 0.046756 0.092605 0.070269
v -0.037826 0.092605 0.092093
v -0.037826 0.092605 0.048445
v 0.014448 0.092605 0.034957
v -0.065393 0.016596 0.065037
v -0.042680 0.042623 0.078789
v -0.074069 0.042623 0.087288
v -0.093468 0.042623 0.065037
v -0.074069 0.042623 0.042787
v -0.042680 0.042623 0.051286
v -0.056718 0.084736 0.087288
v -0.088106 0.084736 0.078789
v -0.088106 0.084736 0.051286
v -0.056718 0.084736 0.042787
v -0.037318 0.084736 0.065037
v -0.065393 0.110762 0.065037
v -0.070492 0.023628 0.078116
v -0.052043 0.023628 0.073120
v -0.057142 0.038926 0.086199
v -0.038692 0.038926 0.065037
v -0.052043 0.023628 0.056955
v -0.081895 0.023628 0.065037
v -0.086994 0.038926 0.078116
v -0.070492 0.023628 0.051959
v -0.086994 0.038926 0.051959
v -0.057142 0.038926 0.043876
v -0.035541 0.063679 0.073120
v -0.035541 0.063679 0.056954
v -0.065393 0.063679 0.091195
v -0.046943 0.063679 0.086199
v -0.095246 0.063679 0.073120
v -0.083843 0.063679 0.086199
v -0.083843 0.063679 0.043876
v -0.095246 0.063679 0.056954
v -0.046943 0.063679 0.043876
v -0.065393 0.063679 0.038880
v -0.043792 0.088433 0.078116
v -0.073644 0.088433 0.086199
v -0.092094 0.088433 0.065037
v -0.073644 0.088433 0.043876
v -0.043792 0.088433 0.051959
v -0.060294 0.103731 0.078116
v -0.048891 0.103731 0.065037
v -0.078743 0.103731 0.073120
v -0.078743 0.103731 0.056955
v -0.060294 0.103731 0.051959
v 0.065393 0.016596 0.065037
v 0.088106 0.042623 0.078789
v 0.056718 0.042623 0.087288
v 0.037318 0.042623 0.065037
v 0.056718 0.042623 0.042787
v 0.088106 0.042623 0.051286
v 0.074069 0.084736 0.087288
v 0.042680 0.084736 0.078789
v 0.042680 0.084736 0.051286
v 0.074069 0.084736 0.042787
v 0.093468 0.084736 0.065037
v 0.065393 0.110762 0.065037
v 0.060294 0.023628 0.078116
v 0.078743 0.023628 0.073120
v 0.073644 0.038926 0.086199
v 0.092094 0.038926 0.065037
v 0.078743 0.023628 0.056955
v 0.048891 0.023628 0.065037
v 0.043792 0.038926 0.078116
v 0.060294 0.023628 0.051959
v 0.043792 0.038926 0.051959
v 0.073644 0.038926 0.043876
v 0.095246 0.063679 0.073120
v 0.095246 0.063679 0.056954
v 0.065393 0.063679 0.091195
v 0.083843 0.063679 0.086199
v 0.035541 0.063679 0.073120
v 0.046943 0.063679 0.086199
v 0.046943 0.063679 0.043876
v 0.035541 0.063679 0.056954
v 0.083843 0.063679 0.043876
v 0.065393 0.063679 0.038880
v 0.086994 0.088433 0.078116
v 0.057142 0.088433 0.086199
v 0.038692 0.088433 0.065037
v 0.057142 0.088433 0.043876
v 0.086994 0.088433 0.051959
v 0.070492 0.103731 0.078116
v 0.081895 0.103731 0.065037
v 0.052043 0.103731 0.073120
v 0.052043 0.103731 0.056955
v 0.070492 0.103731 0.051959
v 0.000000 0.126457 0.070269
v 0.064354 0.145254 0.107398
v -0.024580 0.145254 0.130346
v -0.079545 0.145254 0.070269
v -0.024580 0.145254 0.010192
v 0.064354 0.145254 0.033140
v 0.024580 0.175669 0.130346
v -0.064354 0.175669 0.107398
v -0.064354 0.175669 0.033140
v 0.024580 0.175669 0.010192
v 0.079545 0.175668 0.070269
v 0.000000 0.194466 0.070269
v -0.014448 0.131535 0.105581
v 0.037826 0.131535 0.092093
v 0.023378 0.142584 0.127405
v 0.075652 0.142584 0.070269
v 0.037826 0.131535 0.048445
v -0.046756 0.131535 0.070269
v -0.061204 0.142584 0.105581
v -0.014448 0.131535 0.034957
v -0.061204 0.142584 0.034957
v 0.023378 0.142584 0.013133
v 0.084582 0.160461 0.092093
v 0.084582 0.160461 0.048445
v 0.000000 0.160461 0.140893
v 0.052274 0.160461 0.127405
v -0.084582 0.160461 0.092093
v -0.052274 0.160461 0.127405
v -0.052274 0.160461 0.013132
v -0.084582 0.160461 0.048445
v 0.052274 0.160461 0.013132
v 0.000000 0.160461 -0.000356
v 0.061204 0.178338 0.105581
v -0.023378 0.178339 0.127405
v -0.075652 0.178338 0.070269
v -0.023378 0.178339 0.013133
v 0.061204 0.178338 0.034957
v 0.014448 0.189387 0.105581
v 0.046756 0.189387 0.070269
v -0.037826 0.189387 0.092093
v -0.037826 0.189387 0.048445
v 0.014448 0.189387 0.034957
v -0.065393 0.113378 0.065037
v -0.042680 0.139405 0.078789
v -0.074069 0.139405 0.087288
v -0.093468 0.139405 0.065037
v -0.074069 0.139405 0.042787
v -0.042680 0.139405 0.051286
v -0.056718 0.181518 0.087288
v -0.088106 0.181518 0.078789
v -0.088106 0.181518 0.051286
v -0.056718 0.181518 0.042787
v -0.037318 0.181517 0.065037
v -0.065393 0.207544 0.065037
v -0.070492 0.120410 0.078116
v -0.052043 0.120410 0.073120
v -0.057142 0.135708 0.086199
v -0.038692 0.135708 0.065037
v -0.052043 0.120410 0.056955
v -0.081895 0.120410 0.065037
v -0.086994 0.135708 0.078116
v -0.070492 0.120410 0.051959
v -0.086994 0.135708 0.051959
v -0.057142 0.135708 0.043876
v -0.035541 0.160461 0.073120
v -0.035541 0.160461 0.056954
v -0.065393 0.160461 0.091195
v -0.046943 0.160461 0.086199
v -0.095246 0.160461 0.073120
v -0.083843 0.160461 0.086199
v -0.083843 0.160461 0.043876
v -0.095246 0.160461 0.056954
v -0.046943 0.160461 0.043876
v -0.065393 0.160461 0.038880
v -0.043792 0.185214 0.078116
v -0.073644 0.185214 0.086199
v -0.092094 0.185214 0.065037
v -0.073644 0.185214 0.043876
v -0.043792 0.185214 0.051959
v -0.060294 0.200513 0.078116
v -0.048891 0.200512 0.065037
v -0.078743 0.200513 0.073120
v -0.078743 0.200513 0.056955
v -0.060294 0.200513 0.051959
v 0.065393 0.113378 0.065037
v 0.088106 0.139405 0.078789
v 0.056718 0.139405 0.087288
v 0.037318 0.139405 0.065037
v 0.056718 0.139405 0.042787
v 0.088106 0.139405 0.051286
v 0.074069 0.181518 0.087288
v 0.042680 0.181518 0.078789
v 0.042680 0.181518 0.051286
v 0.074069 0.181518 0.042787
v 0.093468 0.181517 0.065037
v 0.065393 0.207544 0.065037
v 0.060294 0.120410 0.078116
v 0.078743 0.120410 0.073120
v 0.073644 0.135708 0.086199
v 0.092094 0.135708 0.065037
v 0.078743 0.120410 0.056955
v 0.048891 0.120410 0.065037
v 0.043792 0.135708 0.078116
v 0.060294 0.120410 0.051959
v 0.043792 0.135708 0.051959
v 0.073644 0.135708 0.043876
v 0.095246 0.160461 0.073120
v 0.095246 0.160461 0.056954
v 0.065393 0.160461 0.091195
v 0.083843 0.160461 0.086199
v 0.035541 0.160461 0.073120
v 0.046943 0.160461 0.086199
v 0.046943 0.160461 0.043876
v 0.035541 0.160461 0.056954
v 0.083843 0.160461 0.043876
v 0.065393 0.160461 0.038880
v 0.086994 0.185214 0.078116
v 0.057142 0.185214 0.086199
v 0.038692 0.185214 0.065037
v 0.057142 0.185214 0.043876
v 0.086994 0.185214 0.051959
v 0.070492 0.200513 0.078116
v 0.081895 0.200512 0.065037
v 0.052043 0.200513 0.073120
v 0.052043 0.200513 0.056955
v 0.070492 0.200513 0.051959
v -0.000000 -0.234513 0.130431
v 0.022713 -0.208487 0.141432
v -0.008675 -0.208487 0.148231
v -0.028075 -0.208486 0.130431
v -0.008675 -0.208487 0.112630
v 0.022713 -0.208487 0.119429
v 0.008675 -0.166374 0.148231
v -0.022713 -0.166374 0.141432
v -0.022713 -0.166374 0.119429
v 0.008675 -0.166374 0.112630
v 0.028075 -0.166374 0.130431
v -0.000000 -0.140347 0.130431
v -0.005099 -0.227482 0.140893
v 0.013350 -0.227482 0.136897
v 0.008251 -0.212183 0.147360
v 0.026701 -0.212183 0.130431
v 0.013350 -0.227482 0.123964
v -0.016502 -0.227481 0.130431
v -0.021601 -0.212183 0.140893
v -0.005099 -0.227482 0.119968
v -0.021601 -0.212183 0.119968
v 0.008251 -0.212183 0.113501
v 0.029852 -0.187430 0.136897
v 0.029852 -0.187430 0.123964
v -0.000000 -0.187430 0.151356
v 0.018450 -0.187430 0.147360
v -0.029852 -0.187430 0.136897
v -0.018450 -0.187430 0.147360
v -0.018450 -0.187430 0.113501
v -0.029852 -0.187430 0.123964
v 0.018450 -0.187430 0.113501
v 0.000000 -0.187430 0.109505
v 0.021601 -0.162677 0.140893
v -0.008251 -0.162677 0.147360
v -0.026701 -0.162677 0.130431
v -0.008251 -0.162677 0.113501
v 0.021601 -0.162677 0.119968
v 0.005099 -0.147379 0.140893
v 0.016502 -0.147379 0.130431
v -0.013350 -0.147379 0.136897
v -0.013350 -0.147379 0.123964
v 0.005099 -0.147379 0.119968
v -0.000000 -0.135116 0.130431
v 0.022713 -0.109089 0.141432
v -0.008675 -0.109089 0.148231
v -0.028075 -0.109089 0.130431
v -0.008675 -0.109089 0.112630
v 0.022713 -0.109089 0.119429
v 0.008675 -0.066976 0.148231
v -0.022713 -0.066976 0.141432
v -0.022713 -0.066976 0.119429
v 0.008675 -0.066976 0.112630
v 0.028075 -0.066976 0.130431
v -0.000000 -0.040950 0.130431
v -0.005099 -0.128084 0.140893
v 0.013350 -0.128084 0.136897
v 0.008251 -0.112786 0.147360
v 0.026701 -0.112786 0.130431
v 0.013350 -0.128084 0.123964
v -0.016502 -0.128084 0.130431
v -0.021601 -0.112786 0.140893
v -0.005099 -0.128084 0.119968
v -0.021601 -0.112786 0.119968
v 0.008251 -0.112786 0.113501
v 0.029852 -0.088033 0.136897
v 0.029852 -0.088033 0.123964
v -0.000000 -0.088033 0.151356
v 0.018450 -0.088033 0.147360
v -0.029852 -0.088033 0.136897
v -0.018450 -0.088033 0.147360
v -0.018450 -0.088033 0.113501
v -0.029852 -0.088033 0.123964
v 0.018450 -0.088033 0.113501
v 0.000000 -0.088033 0.109505
v 0.021601 -0.063279 0.140893
v -0.008251 -0.063279 0.147360
v -0.026701 -0.063279 0.130431
v -0.008251 -0.063279 0.113501
v 0.021601 -0.063279 0.119968
v 0.005099 -0.047981 0.140893
v 0.016502 -0.047981 0.130431
v -0.013350 -0.047981 0.136897
v -0.013350 -0.047981 0.123964
v 0.005099 -0.047981 0.119968
v -0.000000 -0.035718 0.130431
v 0.022713 -0.009692 0.141432
v -0.008675 -0.009692 0.148231
v -0.028075 -0.009691 0.130431
v -0.008675 -0.009692 0.112630
v 0.022713 -0.009692 0.119429
v 0.008675 0.032421 0.148231
v -0.022713 0.032421 0.141432
v -0.022713 0.032421 0.119429
v 0.008675 0.032421 0.112630
v 0.028075 0.032421 0.130431
v -0.000000 0.058448 0.130431
v -0.005099 -0.028687 0.140893
v 0.013350 -0.028687 0.136897
v 0.008251 -0.013388 0.147360
v 0.026701 -0.013388 0.130431
v 0.013350 -0.028687 0.123964
v -0.016502 -0.028686 0.130431
v -0.021601 -0.013388 0.140893
v -0.005099 -0.028687 0.119968
v -0.021601 -0.013388 0.119968
v 0.008251 -0.013388 0.113501
v 0.029852 0.011365 0.136897
v 0.029852 0.011365 0.123964
v -0.000000 0.011365 0.151356
v 0.018450 0.011365 0.147360
v -0.029852 0.011365 0.136897
v -0.018450 0.011365 0.147360
v -0.018450 0.011365 0.113501
v -0.029852 0.011365 0.123964
v 0.018450 0.011365 0.113501
v 0.000000 0.011365 0.109505
v 0.021601 0.036118 0.140893
v -0.008251 0.036118 0.147360
v -0.026701 0.036118 0.130431
v -0.008251 0.036118 0.113501
v 0.021601 0.036118 0.119968
v 0.005099 0.051416 0.140893
v 0.016502 0.051416 0.130431
v -0.013350 0.051416 0.136897
v -0.013350 0.051416 0.123964
v 0.005099 0.051416 0.119968
v -0.000000 0.063679 0.130431
v 0.022713 0.089706 0.141432
v -0.008675 0.089706 0.148231
v -0.028075 0.089706 0.130431
v -0.008675 0.089706 0.112630
v 0.022713 0.089706 0.119429
v 0.008675 0.131819 0.148231
v -0.022713 0.131819 0.141432
v -0.022713 0.131819 0.119429
v 0.008675 0.131819 0.112630
v 0.028075 0.131819 0.130431
v -0.000000 0.157845 0.130431
v -0.005099 0.070711 0.140893
v 0.013350 0.070711 0.136897
v 0.008251 0.086009 0.147360
v 0.026701 0.086009 0.130431
v 0.013350 0.070711 0.123964
v -0.016502 0.070711 0.130431
v -0.021601 0.086009 0.140893
v -0.005099 0.070711 0.119968
v -0.021601 0.086009 0.119968
v 0.008251 0.086009 0.113501
v 0.029852 0.110762 0.136897
v 0.029852 0.110762 0.123964
v -0.000000 0.110762 0.151356
v 0.018450 0.110762 0.147360
v -0.029852 0.110762 0.136897
v -0.018450 0.110762 0.147360
v -0.018450 0.110762 0.113501
v -0.029852 0.110762 0.123964
v 0.018450 0.110762 0.113501
v 0.000000 0.110762 0.109505
v 0.021601 0.135516 0.140893
v -0.008251 0.135516 0.147360
v -0.026701 0.135516 0.130431
v -0.008251 0.135516 0.113501
v 0.021601 0.135516 0.119968
v 0.005099 0.150814 0.140893
v 0.016502 0.150814 0.130431
v -0.013350 0.150814 0.136897
v -0.013350 0.150814 0.123964
v 0.005099 0.150814 0.119968
v 0.000000 0.191850 0.065037
v 0.071925 0.232336 0.109042
v -0.027472 0.232336 0.136239
v -0.088904 0.232336 0.065037
v -0.027472 0.232336 -0.006165
v 0.071925 0.232336 0.021033
v 0.027472 0.297845 0.136239
v -0.071925 0.297845 0.109042
v -0.071925 0.297845 0.021033
v 0.027472 0.297845 -0.006165
v 0.088904 0.297844 0.065037
v 0.000000 0.338330 0.065037
v -0.016148 0.202788 0.106889
v 0.042276 0.202788 0.090903
v 0.026129 0.226585 0.132754
v 0.084552 0.226585 0.065037
v 0.042276 0.202788 0.039172
v -0.052256 0.202788 0.065037
v -0.068404 0.226585 0.106889
v -0.016148 0.202788 0.023186
v -0.068404 0.226585 0.023186
v 0.026129 0.226585 -0.002679
v 0.094533 0.265090 0.090903
v 0.094533 0.265090 0.039172
v 0.000000 0.265090 0.148741
v 0.058424 0.265090 0.132755
v -0.094533 0.265090 0.090903
v -0.058424 0.265090 0.132755
v -0.058424 0.265090 -0.002680
v -0.094533 0.265090 0.039172
v 0.058424 0.265090 -0.002680
v 0.000000 0.265090 -0.018666
v 0.068404 0.303595 0.106889
v -0.026129 0.303595 0.132754
v -0.084552 0.303595 0.065037
v -0.026129 0.303595 -0.002679
v 0.068404 0.303595 0.023186
v 0.016148 0.327392 0.106889
v 0.052256 0.327392 0.065037
v -0.042276 0.327392 0.090903
v -0.042276 0.327392 0.039172
v 0.016148 0.327392 0.023186
v -0.062777 0.220623 0.065037
v -0.034386 0.246649 0.087040
v -0.073622 0.246649 0.100638
v -0.097871 0.246649 0.065037
v -0.073622 0.246649 0.029436
v -0.034386 0.246649 0.043035
v -0.051933 0.288762 0.100638
v -0.091169 0.288762 0.087040
v -0.091169 0.288762 0.043035
v -0.051933 0.288762 0.029436
v -0.027684 0.288762 0.065037
v -0.062777 0.314789 0.065037
v -0.069151 0.227654 0.085963
v -0.046089 0.227654 0.077970
v -0.052463 0.242952 0.098896
v -0.029401 0.242953 0.065037
v -0.046089 0.227654 0.052105
v -0.083405 0.227655 0.065037
v -0.089779 0.242953 0.085963
v -0.069151 0.227654 0.044112
v -0.089779 0.242953 0.044112
v -0.052463 0.242952 0.031179
v -0.025462 0.267706 0.077970
v -0.025462 0.267706 0.052105
v -0.062777 0.267706 0.106889
v -0.039715 0.267706 0.098896
v -0.100093 0.267706 0.077970
v -0.085840 0.267706 0.098896
v -0.085840 0.267706 0.031179
v -0.100093 0.267706 0.052105
v -0.039715 0.267706 0.031179
v -0.062777 0.267706 0.023186
v -0.035776 0.292459 0.085963
v -0.073091 0.292459 0.098896
v -0.096153 0.292459 0.065037
v -0.073091 0.292459 0.031179
v -0.035776 0.292459 0.044112
v -0.056403 0.307757 0.085963
v -0.042150 0.307757 0.065037
v -0.079465 0.307757 0.077970
v -0.079465 0.307757 0.052105
v -0.056403 0.307757 0.044112
v 0.062777 0.220623 0.065037
v 0.091169 0.246649 0.087040
v 0.051933 0.246649 0.100638
v 0.027684 0.246649 0.065037
v 0.051933 0.246649 0.029436
v 0.091169 0.246649 0.043035
v 0.073622 0.288762 0.100638
v 0.034386 0.288762 0.087040
v 0.034386 0.288762 0.043035
v 0.073622 0.288762 0.029436
v 0.097871 0.288762 0.065037
v 0.062777 0.314789 0.065037
v 0.056403 0.227654 0.085963
v 0.079465 0.227654 0.077970
v 0.073091 0.242952 0.098896
v 0.096153 0.242953 0.065037
v 0.079465 0.227654 0.052105
v 0.042150 0.227655 0.065037
v 0.035776 0.242953 0.085963
v 0.056403 0.227654 0.044112
v 0.035776 0.242953 0.044112
v 0.073091 0.242952 0.031179
v 0.100093 0.267706 0.077970
v 0.100093 0.267706 0.052105
v 0.062777 0.267706 0.106889
v 0.085840 0.267706 0.098896
v 0.025462 0.267706 0.077970
v 0.039715 0.267706 0.098896
v 0.039715 0.267706 0.031179
v 0.025462 0.267706 0.052105
v 0.085840 0.267706 0.031179
v 0.062777 0.267706 0.023186
v 0.089779 0.292459 0.085963
v 0.052463 0.292459 0.098896
v 0.029401 0.292459 0.065037
v 0.052463 0.292459 0.031179
v 0.089779 0.292459 0.044112
v 0.069151 0.307757 0.085963
v 0.083405 0.307757 0.065037
v 0.046089 0.307757 0.077970
v 0.046089 0.307757 0.052105
v 0.069151 0.307757 0.044112
v -0.026751 0.282375 0.046209
v -0.080556 0.389054 0.054810
v -0.014584 0.288873 0.054641
v -0.078731 0.390029 0.056075
v -0.009651 0.292888 0.069503
v -0.077991 0.390631 0.058304
v -0.013835 0.292888 0.085118
v -0.078618 0.390631 0.060646
v -0.025538 0.288873 0.095522
v -0.080374 0.390029 0.062207
v -0.040291 0.282375 0.096741
v -0.082587 0.389054 0.062390
v -0.052457 0.275877 0.088309
v -0.084412 0.388080 0.061125
v -0.057391 0.271862 0.073447
v -0.085152 0.387477 0.058896
v -0.053207 0.271862 0.057832
v -0.084524 0.387477 0.056553
v -0.041503 0.275877 0.047428
v -0.082768 0.388080 0.054993
v 0.026751 0.282375 0.046209
v 0.080556 0.389054 0.054810
v 0.041503 0.275877 0.047428
v 0.082768 0.388080 0.054993
v 0.053207 0.271862 0.057832
v 0.084524 0.387477 0.056553
v 0.057391 0.271862 0.073447
v 0.085152 0.387477 0.058896
v 0.052457 0.275877 0.088309
v 0.084412 0.388080 0.061125
v 0.040291 0.282375 0.096741
v 0.082587 0.389054 0.062390
v 0.025538 0.288873 0.095522
v 0.080374 0.390029 0.062207
v 0.013835 0.292888 0.085118
v 0.078618 0.390631 0.060646
v 0.009651 0.292888 0.069503
v 0.077991 0.390631 0.058304
v 0.014584 0.288873 0.054641
v 0.078731 0.390029 0.056075
vn 0.3089 0.0305 -0.9506
vn 0.7428 0.0305 -0.6688
vn 0.9777 0.0305 -0.2078
vn 0.9506 0.0305 0.3089
vn 0.6688 0.0305 0.7428
vn 0.2078 0.0305 0.9777
vn -0.3089 0.0305 0.9506
vn -0.7428 0.0305 0.6688
vn -0.9777 0.0305 0.2078
vn -0.9506 0.0305 -0.3089
vn -0.0000 1.0000 -0.0000
vn -0.6688 0.0305 -0.7428
vn -0.2078 0.0305 -0.9777
vn -0.0000 -1.0000 -0.0000
vn 0.0409 -0.9865 0.1586
vn 0.3691 -0.9122 0.1779
vn -0.1075 -0.9893 0.0983
vn -0.1075 -0.9893 -0.0983
vn 0.0409 -0.9865 -0.1586
vn 0.6983 -0.6667 0.2604
vn 0.0168 -0.5881 0.8086
vn -0.0356 -0.8238 0.5658
vn -0.4098 -0.6163 -0.6725
vn 0.3788 -0.6122 -0.6940
vn 0.7063 -0.2891 0.6462
vn -0.2413 -0.2587 0.9353
vn -0.9493 -0.3144 -0.0000
vn -0.2413 -0.2587 -0.9353
vn 0.7063 -0.2891 -0.6462
vn 0.2101 0.8891 0.4066
vn -0.2432 0.8929 0.3789
vn -0.3691 0.9122 -0.1779
vn 0.0195 0.8780 -0.4783
vn 0.3827 0.9147 -0.1296
vn 0.1075 0.9893 -0.0983
vn 0.2250 0.9523 -0.2059
vn 0.2101 0.8891 -0.4066
vn -0.0409 0.9865 -0.1586
vn -0.0849 0.9405 -0.3290
vn -0.2432 0.8929 -0.3789
vn -0.1331 0.9911 -0.0000
vn -0.2804 0.9599 -0.0000
vn -0.3691 0.9122 0.1779
vn -0.0409 0.9865 0.1586
vn -0.0849 0.9405 0.3290
vn 0.0195 0.8780 0.4783
vn 0.1075 0.9893 0.0983
vn 0.2250 0.9523 0.2059
vn 0.3827 0.9147 0.1296
vn 0.6832 0.6636 -0.3047
vn 0.6714 0.4145 -0.6143
vn 0.4098 0.6163 -0.6725
vn -0.0168 0.5881 -0.8086
vn -0.2317 0.3745 -0.8978
vn -0.3788 0.6122 -0.6940
vn -0.6983 0.6667 -0.2604
vn -0.8946 0.4469 -0.0000
vn -0.6983 0.6667 0.2604
vn -0.3788 0.6122 0.6940
vn -0.2317 0.3745 0.8978
vn -0.0168 0.5881 0.8086
vn 0.4098 0.6163 0.6725
vn 0.6714 0.4145 0.6143
vn 0.6832 0.6636 0.3047
vn 0.2413 0.2587 -0.9353
vn 0.2317 -0.3745 -0.8978
vn 0.0168 -0.5881 -0.8086
vn -0.7063 0.2891 -0.6462
vn -0.6714 -0.4145 -0.6143
vn -0.6832 -0.6636 -0.3047
vn -0.7063 0.2891 0.6462
vn 0.5252 -0.7023 -0.4805
vn -0.4651 -0.8741 -0.1403
vn 0.2413 0.2587 0.9353
vn 0.2317 -0.3745 0.8978
vn 0.3788 -0.6122 0.6940
vn 0.9493 0.3144 -0.0000
vn 0.8946 -0.4469 -0.0000
vn 0.6983 -0.6667 -0.2604
vn 0.2432 -0.8929 -0.3789
vn 0.0849 -0.9405 -0.3290
vn -0.0195 -0.8780 -0.4783
vn -0.2101 -0.8891 -0.4066
vn -0.2250 -0.9523 -0.2059
vn -0.3827 -0.9147 -0.1296
vn -0.2994 -0.7157 0.6310
vn -0.5409 -0.6801 0.4948
vn -0.6127 -0.7705 0.1761
vn 0.3691 -0.9122 -0.1779
vn 0.2804 -0.9599 -0.0000
vn 0.1331 -0.9911 -0.0000
vn -0.0195 -0.8780 0.4783
vn 0.0849 -0.9405 0.3290
vn 0.2432 -0.8929 0.3789
vn 0.1382 -0.8489 0.5103
vn 0.7886 -0.4968 0.3622
vn -0.8900 -0.4428 -0.1089
vn -0.8900 -0.4428 0.1089
vn 0.1382 -0.8489 -0.5103
vn 0.9184 -0.2235 0.3264
vn 0.0214 -0.1909 0.9814
vn -0.8973 -0.2221 0.3814
vn -0.5276 -0.2022 -0.8251
vn 0.4869 -0.2006 -0.8501
vn 0.7514 -0.0784 0.6551
vn -0.2607 -0.0712 0.9628
vn -0.9965 -0.0841 -0.0000
vn -0.2607 -0.0712 -0.9628
vn 0.7514 -0.0784 -0.6551
vn 0.4239 0.4573 0.7818
vn -0.4950 0.4634 0.7350
vn -0.7886 0.4968 -0.3622
vn 0.0385 0.4404 -0.8970
vn 0.8233 0.5016 -0.2657
vn 0.3709 0.8705 -0.3234
vn 0.5848 0.6309 -0.5099
vn 0.4239 0.4573 -0.7818
vn -0.1382 0.8489 -0.5103
vn -0.2103 0.5938 -0.7766
vn -0.4950 0.4634 -0.7350
vn -0.4660 0.8848 -0.0000
vn -0.7534 0.6575 -0.0000
vn -0.7886 0.4968 0.3622
vn -0.1382 0.8489 0.5103
vn -0.2103 0.5938 0.7766
vn 0.0385 0.4404 0.8970
vn 0.3709 0.8705 0.3234
vn 0.5848 0.6309 0.5099
vn 0.8233 0.5016 0.2657
vn 0.8973 0.2221 -0.3814
vn 0.7485 0.1178 -0.6526
vn 0.5276 0.2022 -0.8251
vn -0.0214 0.1909 -0.9814
vn -0.2599 0.1071 -0.9597
vn -0.4869 0.2006 -0.8501
vn -0.9184 0.2235 -0.3264
vn -0.9920 0.1263 -0.0000
vn -0.9184 0.2235 0.3264
vn -0.4869 0.2006 0.8501
vn -0.2599 0.1071 0.9597
vn -0.0214 0.1909 0.9814
vn 0.5276 0.2022 0.8251
vn 0.7485 0.1178 0.6526
vn 0.8973 0.2221 0.3814
vn 0.2607 0.0712 -0.9628
vn 0.2599 -0.1071 -0.9597
vn 0.0214 -0.1909 -0.9814
vn -0.7514 0.0784 -0.6551
vn -0.7485 -0.1178 -0.6526
vn -0.8973 -0.2221 -0.3814
vn -0.7514 0.0784 0.6551
vn -0.7485 -0.1178 0.6526
vn -0.5276 -0.2022 0.8251
vn 0.2607 0.0712 0.9628
vn 0.2599 -0.1071 0.9597
vn 0.4869 -0.2006 0.8501
vn 0.9965 0.0841 -0.0000
vn 0.9920 -0.1263 -0.0000
vn 0.9184 -0.2235 -0.3264
vn 0.4950 -0.4634 -0.7350
vn 0.2103 -0.5938 -0.7766
vn -0.0385 -0.4404 -0.8970
vn -0.4239 -0.4573 -0.7818
vn -0.5123 -0.5526 0.6575
vn 0.4694 -0.7612 0.4475
vn 0.4694 -0.7612 -0.4475
vn -0.5123 -0.5526 -0.6575
vn -0.4239 -0.4573 0.7818
vn 0.7886 -0.4968 -0.3622
vn 0.7534 -0.6575 -0.0000
vn 0.4660 -0.8848 -0.0000
vn -0.0385 -0.4404 0.8970
vn 0.2103 -0.5938 0.7766
vn 0.4950 -0.4634 0.7350
vn -0.3709 -0.8705 0.3234
vn -0.3709 -0.8705 -0.3234
vn -0.5848 -0.6309 -0.5099
vn -0.8233 -0.5016 -0.2657
vn -0.8233 -0.5016 0.2657
vn -0.5848 -0.6309 0.5099
vn -0.6832 -0.6636 0.3047
vn -0.6714 -0.4145 0.6143
vn -0.4098 -0.6163 0.6725
vn -0.3827 -0.9147 0.1296
vn -0.2250 -0.9523 0.2059
vn -0.2101 -0.8891 0.4066
vn 0.0215 -0.1909 0.9814
vn -0.0215 0.1909 -0.9814
vn 0.1290 -0.7928 0.5957
vn 0.7610 -0.4794 0.4370
vn -0.3605 -0.8460 0.3929
vn -0.3605 -0.8460 -0.3929
vn 0.1290 -0.7928 -0.5957
vn 0.8921 -0.2171 0.3963
vn 0.0173 -0.1538 0.9880
vn -0.8627 -0.2136 0.4583
vn -0.4487 -0.1720 -0.8770
vn 0.4105 -0.1691 -0.8960
vn 0.6744 -0.0704 0.7350
vn -0.2114 -0.0577 0.9757
vn -0.2114 -0.0577 -0.9757
vn 0.6744 -0.0704 -0.7350
vn 0.3657 0.3945 0.8430
vn -0.4335 0.4058 0.8046
vn -0.7610 0.4794 -0.4370
vn 0.0319 0.3654 -0.9303
vn 0.8074 0.4919 -0.3257
vn 0.3605 0.8460 -0.3929
vn 0.5463 0.5892 -0.5953
vn 0.3657 0.3945 -0.8430
vn -0.1290 0.7928 -0.5957
vn -0.1817 0.5131 -0.8388
vn -0.4335 0.4058 -0.8046
vn -0.7610 0.4794 0.4370
vn -0.1290 0.7928 0.5957
vn -0.1817 0.5131 0.8388
vn 0.0319 0.3654 0.9303
vn 0.3605 0.8460 0.3929
vn 0.5463 0.5892 0.5953
vn 0.8074 0.4919 0.3257
vn 0.8627 0.2136 -0.4583
vn 0.6723 0.1058 -0.7327
vn 0.4487 0.1720 -0.8770
vn -0.0173 0.1538 -0.9880
vn -0.2109 0.0869 -0.9736
vn -0.4105 0.1691 -0.8960
vn -0.8921 0.2171 -0.3963
vn -0.8921 0.2171 0.3963
vn -0.4105 0.1691 0.8960
vn -0.2109 0.0869 0.9736
vn -0.0173 0.1538 0.9880
vn 0.4487 0.1720 0.8770
vn 0.6723 0.1058 0.7327
vn 0.8627 0.2136 0.4583
vn 0.2114 0.0577 -0.9757
vn 0.2109 -0.0869 -0.9736
vn 0.0173 -0.1538 -0.9880
vn -0.6744 0.0704 -0.7350
vn -0.6723 -0.1058 -0.7327
vn -0.8627 -0.2136 -0.4583
vn -0.6744 0.0704 0.7350
vn -0.6723 -0.1058 0.7327
vn -0.4487 -0.1720 0.8770
vn 0.2114 0.0577 0.9757
vn 0.2109 -0.0869 0.9736
vn 0.4105 -0.1691 0.8960
vn 0.8921 -0.2171 -0.3963
vn 0.4335 -0.4058 -0.8046
vn 0.1817 -0.5131 -0.8388
vn -0.0319 -0.3654 -0.9303
vn -0.3657 -0.3945 -0.8430
vn -0.5463 -0.5892 -0.5953
vn -0.8074 -0.4919 -0.3257
vn -0.8074 -0.4919 0.3257
vn -0.5463 -0.5892 0.5953
vn -0.3657 -0.3945 0.8430
vn 0.7610 -0.4794 -0.4370
vn -0.0319 -0.3654 0.9303
vn 0.1817 -0.5131 0.8388
vn 0.4335 -0.4058 0.8046
vn -0.2113 -0.0577 0.9757
vn 0.0765 -0.9570 0.2797
vn 0.5922 -0.7595 0.2692
vn -0.2018 -0.9638 0.1741
vn -0.2018 -0.9638 -0.1741
vn 0.0765 -0.9570 -0.2797
vn 0.8546 -0.4234 0.3006
vn 0.0205 -0.3715 0.9282
vn -0.8360 -0.4213 0.3516
vn -0.4998 -0.3900 -0.7734
vn 0.4618 -0.3873 -0.7979
vn 0.7475 -0.1588 0.6450
vn -0.2611 -0.1452 0.9543
vn -0.9856 -0.1694 -0.0000
vn -0.2611 -0.1452 -0.9543
vn 0.7475 -0.1588 -0.6450
vn 0.3306 0.7259 0.6032
vn -0.3838 0.7313 0.5639
vn -0.5922 0.7595 -0.2692
vn 0.0305 0.7103 -0.7033
vn 0.6154 0.7633 -0.1966
vn 0.2018 0.9638 -0.1741
vn 0.3902 0.8569 -0.3367
vn 0.3306 0.7259 -0.6032
vn -0.0765 0.9570 -0.2797
vn -0.1452 0.8350 -0.5308
vn -0.3838 0.7313 -0.5639
vn -0.2505 0.9681 -0.0000
vn -0.4905 0.8714 -0.0000
vn -0.5922 0.7595 0.2692
vn -0.0765 0.9570 0.2797
vn -0.1452 0.8350 0.5308
vn 0.0305 0.7103 0.7033
vn 0.2018 0.9638 0.1741
vn 0.3902 0.8569 0.3367
vn 0.6154 0.7633 0.1966
vn 0.8360 0.4213 -0.3516
vn 0.7358 0.2357 -0.6348
vn 0.4998 0.3900 -0.7734
vn -0.0205 0.3715 -0.9282
vn -0.2577 0.2161 -0.9417
vn -0.4618 0.3873 -0.7979
vn -0.8546 0.4234 -0.3006
vn -0.9680 0.2509 -0.0000
vn -0.8546 0.4234 0.3006
vn -0.4618 0.3873 0.7979
vn -0.2577 0.2161 0.9417
vn -0.0205 0.3715 0.9282
vn 0.4998 0.3900 0.7734
vn 0.7358 0.2357 0.6348
vn 0.8360 0.4213 0.3516
vn 0.2611 0.1452 -0.9543
vn 0.2577 -0.2161 -0.9417
vn 0.0205 -0.3715 -0.9282
vn -0.7475 0.1588 -0.6450
vn -0.7358 -0.2357 -0.6348
vn -0.8360 -0.4213 -0.3516
vn -0.7475 0.1588 0.6450
vn -0.7358 -0.2357 0.6348
vn -0.4998 -0.3900 0.7734
vn 0.2611 0.1452 0.9543
vn 0.2577 -0.2161 0.9417
vn 0.4618 -0.3873 0.7979
vn 0.9856 0.1694 -0.0000
vn 0.9680 -0.2509 -0.0000
vn 0.8546 -0.4234 -0.3006
vn 0.3838 -0.7313 -0.5639
vn 0.1452 -0.8350 -0.5308
vn -0.0305 -0.7103 -0.7033
vn -0.3306 -0.7259 -0.6032
vn -0.3902 -0.8569 -0.3367
vn -0.6154 -0.7633 -0.1966
vn -0.6154 -0.7633 0.1966
vn -0.3902 -0.8569 0.3367
vn -0.3306 -0.7259 0.6032
vn 0.5922 -0.7595 -0.2692
vn 0.4905 -0.8714 -0.0000
vn 0.2505 -0.9681 -0.0000
vn -0.0305 -0.7103 0.7033
vn 0.1452 -0.8350 0.5308
vn 0.3838 -0.7313 0.5639
vn 0.1210 -0.9292 0.3491
vn 0.7562 -0.5955 0.2714
vn -0.3151 -0.9245 0.2147
vn -0.3151 -0.9245 -0.2147
vn 0.1210 -0.9292 -0.3491
vn 0.9246 -0.2813 0.2567
vn 0.0267 -0.2971 0.9545
vn -0.9106 -0.2818 0.3023
vn -0.6061 -0.2904 -0.7405
vn 0.5656 -0.2913 -0.7715
vn 0.8217 -0.1072 0.5597
vn -0.3254 -0.1111 0.9390
vn -0.9945 -0.1049 -0.0000
vn -0.3254 -0.1111 -0.9390
vn 0.8217 -0.1072 -0.5597
vn 0.4520 0.6095 0.6512
vn -0.5189 0.6071 0.6019
vn -0.7562 0.5955 -0.2714
vn 0.0431 0.6171 -0.7857
vn 0.7800 0.5940 -0.1967
vn 0.3151 0.9245 -0.2147
vn 0.5520 0.7443 -0.3760
vn 0.4520 0.6095 -0.6512
vn -0.1210 0.9292 -0.3491
vn -0.2142 0.7563 -0.6182
vn -0.5189 0.6071 -0.6019
vn -0.3883 0.9215 -0.0000
vn -0.6757 0.7371 -0.0000
vn -0.7562 0.5955 0.2714
vn -0.1210 0.9292 0.3491
vn -0.2142 0.7563 0.6182
vn 0.0431 0.6171 0.7857
vn 0.3151 0.9245 0.2147
vn 0.5520 0.7443 0.3760
vn 0.7800 0.5940 0.1967
vn 0.9106 0.2818 -0.3023
vn 0.8158 0.1605 -0.5557
vn 0.6061 0.2904 -0.7405
vn -0.0267 0.2971 -0.9545
vn -0.3229 0.1663 -0.9317
vn -0.5656 0.2913 -0.7715
vn -0.9246 0.2813 -0.2567
vn -0.9876 0.1572 -0.0000
vn -0.9246 0.2813 0.2567
vn -0.5656 0.2913 0.7715
vn -0.3229 0.1663 0.9317
vn -0.0267 0.2971 0.9545
vn 0.6061 0.2904 0.7405
vn 0.8158 0.1605 0.5557
vn 0.9106 0.2818 0.3023
vn 0.3254 0.1111 -0.9390
vn 0.3229 -0.1663 -0.9317
vn 0.0267 -0.2971 -0.9545
vn -0.8217 0.1072 -0.5597
vn -0.8158 -0.1605 -0.5557
vn -0.9106 -0.2818 -0.3023
vn -0.8217 0.1072 0.5597
vn -0.8158 -0.1605 0.5557
vn -0.6061 -0.2904 0.7405
vn 0.3254 0.1111 0.9390
vn 0.3229 -0.1663 0.9317
vn 0.5656 -0.2913 0.7715
vn 0.9945 0.1049 -0.0000
vn 0.9876 -0.1572 -0.0000
vn 0.9246 -0.2813 -0.2567
vn 0.5189 -0.6071 -0.6019
vn 0.2142 -0.7563 -0.6182
vn -0.0431 -0.6171 -0.7857
vn -0.4520 -0.6095 -0.6512
vn -0.5520 -0.7443 -0.3760
vn -0.7800 -0.5940 -0.1967
vn -0.7800 -0.5940 0.1967
vn -0.5520 -0.7443 0.3760
vn -0.4520 -0.6095 0.6512
vn 0.7562 -0.5955 -0.2714
vn 0.6757 -0.7371 -0.0000
vn 0.3883 -0.9215 -0.0000
vn -0.0431 -0.6171 0.7857
vn 0.2142 -0.7563 0.6182
vn 0.5189 -0.6071 0.6019
vn 0.4364 0.2888 -0.8522
vn 0.7746 0.4968 -0.3914
vn 0.7895 0.5762 0.2115
vn 0.4752 0.4968 0.7263
vn -0.0482 0.2888 0.9562
vn -0.5807 0.0317 0.8135
vn -0.9190 -0.1763 0.3527
vn -0.9338 -0.2557 -0.2502
vn -0.4082 0.9063 -0.1094
vn -0.6195 -0.1763 -0.7649
vn -0.0962 0.0317 -0.9949
vn 0.4082 -0.9063 0.1094
vn 0.0962 0.0317 -0.9949
vn 0.6195 -0.1763 -0.7649
vn 0.9338 -0.2557 -0.2502
vn 0.9190 -0.1763 0.3527
vn 0.5807 0.0317 0.8135
vn 0.0482 0.2888 0.9562
vn -0.4752 0.4968 0.7263
vn -0.7895 0.5762 0.2115
vn 0.4082 0.9063 -0.1094
vn -0.7746 0.4968 -0.3914
vn -0.4364 0.2888 -0.8522
vn -0.4082 -0.9063 0.1094
vt 1.000000 0.500000
vt 1.000000 1.000000
vt 0.916667 1.000000
vt 0.916667 0.500000
vt 0.833333 1.000000
vt 0.833333 0.500000
vt 0.750000 1.000000
vt 0.750000 0.500000
vt 0.666667 1.000000
vt 0.666667 0.500000
vt 0.583333 1.000000
vt 0.583333 0.500000
vt 0.500000 1.000000
vt 0.500000 0.500000
vt 0.416667 1.000000
vt 0.416667 0.500000
vt 0.333333 1.000000
vt 0.333333 0.500000
vt 0.250000 1.000000
vt 0.250000 0.500000
vt 0.166667 1.000000
vt 0.166667 0.500000
vt 0.370000 0.457846
vt 0.250000 0.490000
vt 0.130000 0.457846
vt 0.042154 0.370000
vt 0.010000 0.250000
vt 0.042154 0.130000
vt 0.130000 0.042154
vt 0.250000 0.010000
vt 0.370000 0.042154
vt 0.457846 0.130000
vt 0.490000 0.250000
vt 0.457846 0.370000
vt 0.083333 1.000000
vt 0.083333 0.500000
vt 0.000000 1.000000
vt 0.000000 0.500000
vt 0.750000 0.490000
vt 0.870000 0.457846
vt 0.957846 0.370000
vt 0.990000 0.250000
vt 0.957846 0.130000
vt 0.870000 0.042154
vt 0.750000 0.010000
vt 0.630000 0.042154
vt 0.542154 0.130000
vt 0.510000 0.250000
vt 0.542154 0.370000
vt 0.630000 0.457846
vt 0.181819 0.000000
vt 0.227273 0.078731
vt 0.136365 0.078731
vt 0.272728 0.157461
vt 0.318182 0.078731
vt 0.363637 0.157461
vt 0.909091 0.000000
vt 0.954545 0.078731
vt 0.863636 0.078731
vt 0.727273 0.000000
vt 0.772727 0.078731
vt 0.681818 0.078731
vt 0.545455 0.000000
vt 0.590909 0.078731
vt 0.500000 0.078731
vt 0.318182 0.236191
vt 0.090910 0.157461
vt 0.181819 0.157461
vt 0.136365 0.236191
vt 0.818182 0.157461
vt 0.909091 0.157461
vt 0.863636 0.236191
vt 0.636364 0.157461
vt 0.727273 0.157461
vt 0.681818 0.236191
vt 0.454546 0.157461
vt 0.545455 0.157461
vt 0.500000 0.236191
vt 0.227273 0.236191
vt 0.045455 0.236191
vt 0.772727 0.236191
vt 0.590909 0.236191
vt 0.409092 0.236191
vt 0.181819 0.314921
vt 0.272728 0.314921
vt 0.227273 0.393651
vt 0.000000 0.314921
vt 0.090910 0.314921
vt 0.045455 0.393651
vt 0.727273 0.314921
vt 0.818182 0.314921
vt 0.772727 0.393651
vt 0.545455 0.314921
vt 0.636364 0.314921
vt 0.590909 0.393651
vt 0.363637 0.314921
vt 0.454546 0.314921
vt 0.409092 0.393651
vt 0.500000 0.393651
vt 0.454546 0.472382
vt 0.681818 0.393651
vt 0.636364 0.472382
vt 0.863636 0.393651
vt 0.818182 0.472382
vt 0.909091 0.314921
vt 0.136365 0.393651
vt 0.090910 0.472382
vt 0.318182 0.393651
vt 0.272728 0.472382
vt 0.954545 0.236191
vt 1.000000 0.157461
vt 0.409092 0.078731
vt 0.363637 0.000000
vt 0.900000 1.000000
vt 0.900000 0.500000
vt 0.800000 1.000000
vt 0.800000 0.500000
vt 0.700000 1.000000
vt 0.700000 0.500000
vt 0.600000 1.000000
vt 0.600000 0.500000
vt 0.500000 1.000000
vt 0.500000 0.500000
vt 0.400000 1.000000
vt 0.400000 0.500000
vt 0.300000 1.000000
vt 0.300000 0.500000
vt 0.200000 1.000000
vt 0.200000 0.500000
vt 0.391068 0.444164
vt 0.108932 0.444164
vt 0.021746 0.324164
vt 0.021746 0.175836
vt 0.108932 0.055836
vt 0.250000 0.010000
vt 0.391068 0.055836
vt 0.478254 0.175836
vt 0.478254 0.324164
vt 0.100000 1.000000
vt 0.100000 0.500000
vt -0.000000 1.000000
vt -0.000000 0.500000
vt 0.750000 0.490000
vt 0.891068 0.444164
vt 0.978254 0.324164
vt 0.978254 0.175836
vt 0.891068 0.055836
vt 0.750000 0.010000
vt 0.608932 0.055836
vt 0.521746 0.175836
vt 0.521746 0.324164
vt 0.608932 0.444164
s 0
usemtl Bone
f 1/1/1 2/2/1 4/3/1 3/4/1
f 3/4/2 4/3/2 6/5/2 5/6/2
f 5/6/3 6/5/3 8/7/3 7/8/3
f 7/8/4 8/7/4 10/9/4 9/10/4
f 9/10/5 10/9/5 12/11/5 11/12/5
f 11/12/6 12/11/6 14/13/6 13/14/6
f 13/14/7 14/13/7 16/15/7 15/16/7
f 15/16/8 16/15/8 18/17/8 17/18/8
f 17/18/9 18/17/9 20/19/9 19/20/9
f 19/20/10 20/19/10 22/21/10 21/22/10
f 4/23/11 2/24/11 24/25/11 22/26/11 20/27/11 18/28/11 16/29/11 14/30/11 12/31/11 10/32/11 8/33/11 6/34/11
f 21/22/12 22/21/12 24/35/12 23/36/12
f 23/36/13 24/35/13 2/37/13 1/38/13
f 1/39/14 3/40/14 5/41/14 7/42/14 9/43/14 11/44/14 13/45/14 15/46/14 17/47/14 19/48/14 21/49/14 23/50/14
f 25/51/15 38/52/15 37/53/15
f 26/54/16 38/55/16 40/56/16
f 25/57/17 37/58/17 42/59/17
f 25/60/18 42/61/18 44/62/18
f 25/63/19 44/64/19 41/65/19
f 26/54/20 40/56/20 47/66/20
f 27/67/21 39/68/21 49/69/21
f 28/70/22 43/71/22 51/72/22
f 29/73/23 45/74/23 53/75/23
f 30/76/24 46/77/24 55/78/24
f 26/54/25 47/66/25 50/79/25
f 27/67/26 49/69/26 52/80/26
f 28/70/27 51/72/27 54/81/27
f 29/73/28 53/75/28 56/82/28
f 30/76/29 55/78/29 48/83/29
f 31/84/30 57/85/30 62/86/30
f 32/87/31 58/88/31 64/89/31
f 33/90/32 59/91/32 65/92/32
f 34/93/33 60/94/33 66/95/33
f 35/96/34 61/97/34 63/98/34
f 63/98/35 66/99/35 36/100/35
f 63/98/36 61/97/36 66/99/36
f 61/97/37 34/93/37 66/99/37
f 66/95/38 65/101/38 36/102/38
f 66/95/39 60/94/39 65/101/39
f 60/94/40 33/90/40 65/101/40
f 65/92/41 64/103/41 36/104/41
f 65/92/42 59/91/42 64/103/42
f 59/91/43 32/105/43 64/103/43
f 64/89/44 62/106/44 36/107/44
f 64/89/45 58/88/45 62/106/45
f 58/88/46 31/84/46 62/106/46
f 62/86/47 63/108/47 36/109/47
f 62/86/48 57/85/48 63/108/48
f 57/85/49 35/96/49 63/108/49
f 48/83/50 61/97/50 35/96/50
f 48/83/51 55/78/51 61/97/51
f 55/78/52 34/93/52 61/97/52
f 56/82/53 60/94/53 34/93/53
f 56/82/54 53/75/54 60/94/54
f 53/75/55 33/90/55 60/94/55
f 54/81/56 59/91/56 33/90/56
f 54/81/57 51/72/57 59/91/57
f 51/72/58 32/105/58 59/91/58
f 52/80/59 58/88/59 32/87/59
f 52/80/60 49/69/60 58/88/60
f 49/69/61 31/84/61 58/88/61
f 50/79/62 57/85/62 31/84/62
f 50/79/63 47/66/63 57/85/63
f 47/66/64 35/96/64 57/85/64
f 55/78/65 56/82/65 34/93/65
f 55/78/66 46/77/66 56/82/66
f 46/77/67 29/73/67 56/82/67
f 53/75/68 54/81/68 33/90/68
f 53/75/69 45/74/69 54/81/69
f 45/74/70 28/70/70 54/81/70
f 51/72/71 52/110/71 32/105/71
f 51/72/72 43/71/72 52/110/72
f 43/71/73 27/111/73 52/110/73
f 49/69/74 50/79/74 31/84/74
f 49/69/75 39/68/75 50/79/75
f 39/68/76 26/54/76 50/79/76
f 47/66/77 48/83/77 35/96/77
f 47/66/78 40/56/78 48/83/78
f 40/56/79 30/76/79 48/83/79
f 41/65/80 46/77/80 30/76/80
f 41/65/81 44/64/81 46/77/81
f 44/64/82 29/73/82 46/77/82
f 44/62/83 45/74/83 29/73/83
f 44/62/84 42/61/84 45/74/84
f 42/61/85 28/70/85 45/74/85
f 42/59/86 43/71/86 28/70/86
f 42/59/87 37/58/87 43/71/87
f 37/58/88 27/111/88 43/71/88
f 40/56/89 41/112/89 30/76/89
f 40/56/90 38/55/90 41/112/90
f 38/55/91 25/113/91 41/112/91
f 37/53/92 39/68/92 27/67/92
f 37/53/93 38/52/93 39/68/93
f 38/52/94 26/54/94 39/68/94
f 67/51/95 80/52/95 79/53/95
f 68/54/96 80/55/96 82/56/96
f 67/57/97 79/58/97 84/59/97
f 67/60/98 84/61/98 86/62/98
f 67/63/99 86/64/99 83/65/99
f 68/54/100 82/56/100 89/66/100
f 69/67/101 81/68/101 91/69/101
f 70/70/102 85/71/102 93/72/102
f 71/73/103 87/74/103 95/75/103
f 72/76/104 88/77/104 97/78/104
f 68/54/105 89/66/105 92/79/105
f 69/67/106 91/69/106 94/80/106
f 70/70/107 93/72/107 96/81/107
f 71/73/108 95/75/108 98/82/108
f 72/76/109 97/78/109 90/83/109
f 73/84/110 99/85/110 104/86/110
f 74/87/111 100/88/111 106/89/111
f 75/90/112 101/91/112 107/92/112
f 76/93/113 102/94/113 108/95/113
f 77/96/114 103/97/114 105/98/114
f 105/98/115 108/99/115 78/100/115
f 105/98/116 103/97/116 108/99/116
f 103/97/117 76/93/117 108/99/117
f 108/95/118 107/101/118 78/102/118
f 108/95/119 102/94/119 107/101/119
f 102/94/120 75/90/120 107/101/120
f 107/92/121 106/103/121 78/104/121
f 107/92/122 101/91/122 106/103/122
f 101/91/123 74/105/123 106/103/123
f 106/89/124 104/106/124 78/107/124
f 106/89/125 100/88/125 104/106/125
f 100/88/126 73/84/126 104/106/126
f 104/86/127 105/108/127 78/109/127
f 104/86/128 99/85/128 105/108/128
f 99/85/129 77/96/129 105/108/129
f 90/83/130 103/97/130 77/96/130
f 90/83/131 97/78/131 103/97/131
f 97/78/132 76/93/132 103/97/132
f 98/82/133 102/94/133 76/93/133
f 98/82/134 95/75/134 102/94/134
f 95/75/135 75/90/135 102/94/135
f 96/81/136 101/91/136 75/90/136
f 96/81/137 93/72/137 101/91/137
f 93/72/138 74/105/138 101/91/138
f 94/80/139 100/88/139 74/87/139
f 94/80/140 91/69/140 100/88/140
f 91/69/141 73/84/141 100/88/141
f 92/79/142 99/85/142 73/84/142
f 92/79/143 89/66/143 99/85/143
f 89/66/144 77/96/144 99/85/144
f 97/78/145 98/82/145 76/93/145
f 97/78/146 88/77/146 98/82/146
f 88/77/147 71/73/147 98/82/147
f 95/75/148 96/81/148 75/90/148
f 95/75/149 87/74/149 96/81/149
f 87/74/150 70/70/150 96/81/150
f 93/72/151 94/110/151 74/105/151
f 93/72/152 85/71/152 94/110/152
f 85/71/153 69/111/153 94/110/153
f 91/69/154 92/79/154 73/84/154
f 91/69/155 81/68/155 92/79/155
f 81/68/156 68/54/156 92/79/156
f 89/66/157 90/83/157 77/96/157
f 89/66/158 82/56/158 90/83/158
f 82/56/159 72/76/159 90/83/159
f 83/65/160 88/77/160 72/76/160
f 83/65/161 86/64/161 88/77/161
f 86/64/162 71/73/162 88/77/162
f 86/62/163 87/74/163 71/73/163
f 86/62/164 84/61/164 87/74/164
f 84/61/165 70/70/165 87/74/165
f 84/59/166 85/71/166 70/70/166
f 84/59/167 79/58/167 85/71/167
f 79/58/168 69/111/168 85/71/168
f 82/56/169 83/112/169 72/76/169
f 82/56/170 80/55/170 83/112/170
f 80/55/171 67/113/171 83/112/171
f 79/53/172 81/68/172 69/67/172
f 79/53/173 80/52/173 81/68/173
f 80/52/174 68/54/174 81/68/174
f 109/51/95 122/52/95 121/53/95
f 110/54/96 122/55/96 124/56/96
f 109/57/175 121/58/175 126/59/175
f 109/60/176 126/61/176 128/62/176
f 109/63/99 128/64/99 125/65/99
f 110/54/100 124/56/100 131/66/100
f 111/67/101 123/68/101 133/69/101
f 112/70/102 127/71/102 135/72/102
f 113/73/103 129/74/103 137/75/103
f 114/76/104 130/77/104 139/78/104
f 110/54/105 131/66/105 134/79/105
f 111/67/106 133/69/106 136/80/106
f 112/70/107 135/72/107 138/81/107
f 113/73/108 137/75/108 140/82/108
f 114/76/109 139/78/109 132/83/109
f 115/84/110 141/85/110 146/86/110
f 116/87/111 142/88/111 148/89/111
f 117/90/112 143/91/112 149/92/112
f 118/93/113 144/94/113 150/95/113
f 119/96/114 145/97/114 147/98/114
f 147/98/115 150/99/115 120/100/115
f 147/98/116 145/97/116 150/99/116
f 145/97/117 118/93/117 150/99/117
f 150/95/118 149/101/118 120/102/118
f 150/95/119 144/94/119 149/101/119
f 144/94/120 117/90/120 149/101/120
f 149/92/121 148/103/121 120/104/121
f 149/92/122 143/91/122 148/103/122
f 143/91/123 116/105/123 148/103/123
f 148/89/124 146/106/124 120/107/124
f 148/89/125 142/88/125 146/106/125
f 142/88/126 115/84/126 146/106/126
f 146/86/127 147/108/127 120/109/127
f 146/86/128 141/85/128 147/108/128
f 141/85/129 119/96/129 147/108/129
f 132/83/130 145/97/130 119/96/130
f 132/83/131 139/78/131 145/97/131
f 139/78/132 118/93/132 145/97/132
f 140/82/133 144/94/133 118/93/133
f 140/82/134 137/75/134 144/94/134
f 137/75/135 117/90/135 144/94/135
f 138/81/136 143/91/136 117/90/136
f 138/81/137 135/72/137 143/91/137
f 135/72/138 116/105/138 143/91/138
f 136/80/139 142/88/139 116/87/139
f 136/80/140 133/69/140 142/88/140
f 133/69/141 115/84/141 142/88/141
f 134/79/142 141/85/142 115/84/142
f 134/79/143 131/66/143 141/85/143
f 131/66/144 119/96/144 141/85/144
f 139/78/145 140/82/145 118/93/145
f 139/78/146 130/77/146 140/82/146
f 130/77/147 113/73/147 140/82/147
f 137/75/148 138/81/148 117/90/148
f 137/75/149 129/74/149 138/81/149
f 129/74/150 112/70/150 138/81/150
f 135/72/151 136/110/151 116/105/151
f 135/72/152 127/71/152 136/110/152
f 127/71/153 111/111/153 136/110/153
f 133/69/154 134/79/154 115/84/154
f 133/69/155 123/68/155 134/79/155
f 123/68/156 110/54/156 134/79/156
f 131/66/157 132/83/157 119/96/157
f 131/66/158 124/56/158 132/83/158
f 124/56/159 114/76/159 132/83/159
f 125/65/160 130/77/160 114/76/160
f 125/65/161 128/64/161 130/77/161
f 128/64/162 113/73/162 130/77/162
f 128/62/163 129/74/163 113/73/163
f 128/62/177 126/61/177 129/74/177
f 126/61/178 112/70/178 129/74/178
f 126/59/179 127/71/179 112/70/179
f 126/59/180 121/58/180 127/71/180
f 121/58/168 111/111/168 127/71/168
f 124/56/169 125/112/169 114/76/169
f 124/56/170 122/55/170 125/112/170
f 122/55/171 109/113/171 125/112/171
f 121/53/172 123/68/172 111/67/172
f 121/53/173 122/52/173 123/68/173
f 122/52/174 110/54/174 123/68/174
f 151/51/15 164/52/15 163/53/15
f 152/54/16 164/55/16 166/56/16
f 151/57/17 163/58/17 168/59/17
f 151/60/18 168/61/18 170/62/18
f 151/63/19 170/64/19 167/65/19
f 152/54/20 166/56/20 173/66/20
f 153/67/21 165/68/21 175/69/21
f 154/70/181 169/71/181 177/72/181
f 155/73/23 171/74/23 179/75/23
f 156/76/24 172/77/24 181/78/24
f 152/54/25 173/66/25 176/79/25
f 153/67/26 175/69/26 178/80/26
f 154/70/27 177/72/27 180/81/27
f 155/73/28 179/75/28 182/82/28
f 156/76/29 181/78/29 174/83/29
f 157/84/30 183/85/30 188/86/30
f 158/87/31 184/88/31 190/89/31
f 159/90/32 185/91/32 191/92/32
f 160/93/33 186/94/33 192/95/33
f 161/96/34 187/97/34 189/98/34
f 189/98/35 192/99/35 162/100/35
f 189/98/36 187/97/36 192/99/36
f 187/97/37 160/93/37 192/99/37
f 192/95/38 191/101/38 162/102/38
f 192/95/39 186/94/39 191/101/39
f 186/94/40 159/90/40 191/101/40
f 191/92/41 190/103/41 162/104/41
f 191/92/42 185/91/42 190/103/42
f 185/91/43 158/105/43 190/103/43
f 190/89/44 188/106/44 162/107/44
f 190/89/45 184/88/45 188/106/45
f 184/88/46 157/84/46 188/106/46
f 188/86/47 189/108/47 162/109/47
f 188/86/48 183/85/48 189/108/48
f 183/85/49 161/96/49 189/108/49
f 174/83/50 187/97/50 161/96/50
f 174/83/51 181/78/51 187/97/51
f 181/78/52 160/93/52 187/97/52
f 182/82/53 186/94/53 160/93/53
f 182/82/54 179/75/54 186/94/54
f 179/75/55 159/90/55 186/94/55
f 180/81/56 185/91/56 159/90/56
f 180/81/57 177/72/57 185/91/57
f 177/72/58 158/105/58 185/91/58
f 178/80/59 184/88/59 158/87/59
f 178/80/60 175/69/60 184/88/60
f 175/69/61 157/84/61 184/88/61
f 176/79/62 183/85/62 157/84/62
f 176/79/63 173/66/63 183/85/63
f 173/66/64 161/96/64 183/85/64
f 181/78/65 182/82/65 160/93/65
f 181/78/66 172/77/66 182/82/66
f 172/77/67 155/73/67 182/82/67
f 179/75/68 180/81/68 159/90/68
f 179/75/69 171/74/69 180/81/69
f 171/74/70 154/70/70 180/81/70
f 177/72/71 178/110/71 158/105/71
f 177/72/182 169/71/182 178/110/182
f 169/71/183 153/111/183 178/110/183
f 175/69/74 176/79/74 157/84/74
f 175/69/75 165/68/75 176/79/75
f 165/68/76 152/54/76 176/79/76
f 173/66/77 174/83/77 161/96/77
f 173/66/78 166/56/78 174/83/78
f 166/56/79 156/76/79 174/83/79
f 167/65/80 172/77/80 156/76/80
f 167/65/81 170/64/81 172/77/81
f 170/64/82 155/73/82 172/77/82
f 170/62/83 171/74/83 155/73/83
f 170/62/84 168/61/84 171/74/84
f 168/61/85 154/70/85 171/74/85
f 168/59/184 169/71/184 154/70/184
f 168/59/185 163/58/185 169/71/185
f 163/58/186 153/111/186 169/71/186
f 166/56/89 167/112/89 156/76/89
f 166/56/90 164/55/90 167/112/90
f 164/55/91 151/113/91 167/112/91
f 163/53/92 165/68/92 153/67/92
f 163/53/93 164/52/93 165/68/93
f 164/52/94 152/54/94 165/68/94
f 193/51/95 206/52/95 205/53/95
f 194/54/96 206/55/96 208/56/96
f 193/57/175 205/58/175 210/59/175
f 193/60/176 210/61/176 212/62/176
f 193/63/99 212/64/99 209/65/99
f 194/54/100 208/56/100 215/66/100
f 195/67/101 207/68/101 217/69/101
f 196/70/102 211/71/102 219/72/102
f 197/73/103 213/74/103 221/75/103
f 198/76/104 214/77/104 223/78/104
f 194/54/105 215/66/105 218/79/105
f 195/67/106 217/69/106 220/80/106
f 196/70/107 219/72/107 222/81/107
f 197/73/108 221/75/108 224/82/108
f 198/76/109 223/78/109 216/83/109
f 199/84/110 225/85/110 230/86/110
f 200/87/111 226/88/111 232/89/111
f 201/90/112 227/91/112 233/92/112
f 202/93/113 228/94/113 234/95/113
f 203/96/114 229/97/114 231/98/114
f 231/98/115 234/99/115 204/100/115
f 231/98/116 229/97/116 234/99/116
f 229/97/117 202/93/117 234/99/117
f 234/95/118 233/101/118 204/102/118
f 234/95/119 228/94/119 233/101/119
f 228/94/120 201/90/120 233/101/120
f 233/92/121 232/103/121 204/104/121
f 233/92/122 227/91/122 232/103/122
f 227/91/123 200/105/123 232/103/123
f 232/89/124 230/106/124 204/107/124
f 232/89/125 226/88/125 230/106/125
f 226/88/126 199/84/126 230/106/126
f 230/86/127 231/108/127 204/109/127
f 230/86/128 225/85/128 231/108/128
f 225/85/129 203/96/129 231/108/129
f 216/83/130 229/97/130 203/96/130
f 216/83/131 223/78/131 229/97/131
f 223/78/132 202/93/132 229/97/132
f 224/82/133 228/94/133 202/93/133
f 224/82/134 221/75/134 228/94/134
f 221/75/135 201/90/135 228/94/135
f 222/81/136 227/91/136 201/90/136
f 222/81/137 219/72/137 227/91/137
f 219/72/138 200/105/138 227/91/138
f 220/80/139 226/88/139 200/87/139
f 220/80/140 217/69/140 226/88/140
f 217/69/141 199/84/141 226/88/141
f 218/79/142 225/85/142 199/84/142
f 218/79/143 215/66/143 225/85/143
f 215/66/144 203/96/144 225/85/144
f 223/78/145 224/82/145 202/93/145
f 223/78/146 214/77/146 224/82/146
f 214/77/147 197/73/147 224/82/147
f 221/75/148 222/81/148 201/90/148
f 221/75/149 213/74/149 222/81/149
f 213/74/150 196/70/150 222/81/150
f 219/72/151 220/110/151 200/105/151
f 219/72/152 211/71/152 220/110/152
f 211/71/153 195/111/153 220/110/153
f 217/69/154 218/79/154 199/84/154
f 217/69/155 207/68/155 218/79/155
f 207/68/156 194/54/156 218/79/156
f 215/66/157 216/83/157 203/96/157
f 215/66/158 208/56/158 216/83/158
f 208/56/159 198/76/159 216/83/159
f 209/65/160 214/77/160 198/76/160
f 209/65/161 212/64/161 214/77/161
f 212/64/162 197/73/162 214/77/162
f 212/62/163 213/74/163 197/73/163
f 212/62/177 210/61/177 213/74/177
f 210/61/178 196/70/178 213/74/178
f 210/59/179 211/71/179 196/70/179
f 210/59/180 205/58/180 211/71/180
f 205/58/168 195/111/168 211/71/168
f 208/56/169 209/112/169 198/76/169
f 208/56/170 206/55/170 209/112/170
f 206/55/171 193/113/171 209/112/171
f 205/53/172 207/68/172 195/67/172
f 205/53/173 206/52/173 207/68/173
f 206/52/174 194/54/174 207/68/174
f 235/51/95 248/52/95 247/53/95
f 236/54/96 248/55/96 250/56/96
f 235/57/175 247/58/175 252/59/175
f 235/60/176 252/61/176 254/62/176
f 235/63/99 254/64/99 251/65/99
f 236/54/100 250/56/100 257/66/100
f 237/67/101 249/68/101 259/69/101
f 238/70/102 253/71/102 261/72/102
f 239/73/103 255/74/103 263/75/103
f 240/76/104 256/77/104 265/78/104
f 236/54/105 257/66/105 260/79/105
f 237/67/106 259/69/106 262/80/106
f 238/70/107 261/72/107 264/81/107
f 239/73/108 263/75/108 266/82/108
f 240/76/109 265/78/109 258/83/109
f 241/84/110 267/85/110 272/86/110
f 242/87/111 268/88/111 274/89/111
f 243/90/112 269/91/112 275/92/112
f 244/93/113 270/94/113 276/95/113
f 245/96/114 271/97/114 273/98/114
f 273/98/115 276/99/115 246/100/115
f 273/98/116 271/97/116 276/99/116
f 271/97/117 244/93/117 276/99/117
f 276/95/118 275/101/118 246/102/118
f 276/95/119 270/94/119 275/101/119
f 270/94/120 243/90/120 275/101/120
f 275/92/121 274/103/121 246/104/121
f 275/92/122 269/91/122 274/103/122
f 269/91/123 242/105/123 274/103/123
f 274/89/124 272/106/124 246/107/124
f 274/89/125 268/88/125 272/106/125
f 268/88/126 241/84/126 272/106/126
f 272/86/127 273/108/127 246/109/127
f 272/86/128 267/85/128 273/108/128
f 267/85/129 245/96/129 273/108/129
f 258/83/130 271/97/130 245/96/130
f 258/83/131 265/78/131 271/97/131
f 265/78/132 244/93/132 271/97/132
f 266/82/133 270/94/133 244/93/133
f 266/82/134 263/75/134 270/94/134
f 263/75/135 243/90/135 270/94/135
f 264/81/136 269/91/136 243/90/136
f 264/81/137 261/72/137 269/91/137
f 261/72/138 242/105/138 269/91/138
f 262/80/139 268/88/139 242/87/139
f 262/80/140 259/69/140 268/88/140
f 259/69/141 241/84/141 268/88/141
f 260/79/142 267/85/142 241/84/142
f 260/79/143 257/66/143 267/85/143
f 257/66/144 245/96/144 267/85/144
f 265/78/145 266/82/145 244/93/145
f 265/78/146 256/77/146 266/82/146
f 256/77/147 239/73/147 266/82/147
f 263/75/148 264/81/148 243/90/148
f 263/75/149 255/74/149 264/81/149
f 255/74/150 238/70/150 264/81/150
f 261/72/151 262/110/151 242/105/151
f 261/72/152 253/71/152 262/110/152
f 253/71/153 237/111/153 262/110/153
f 259/69/154 260/79/154 241/84/154
f 259/69/155 249/68/155 260/79/155
f 249/68/156 236/54/156 260/79/156
f 257/66/157 258/83/157 245/96/157
f 257/66/158 250/56/158 258/83/158
f 250/56/159 240/76/159 258/83/159
f 251/65/160 256/77/160 240/76/160
f 251/65/161 254/64/161 256/77/161
f 254/64/162 239/73/162 256/77/162
f 254/62/163 255/74/163 239/73/163
f 254/62/177 252/61/177 255/74/177
f 252/61/178 238/70/178 255/74/178
f 252/59/179 253/71/179 238/70/179
f 252/59/180 247/58/180 253/71/180
f 247/58/168 237/111/168 253/71/168
f 250/56/169 251/112/169 240/76/169
f 250/56/170 248/55/170 251/112/170
f 248/55/171 235/113/171 251/112/171
f 247/53/172 249/68/172 237/67/172
f 247/53/173 248/52/173 249/68/173
f 248/52/174 236/54/174 249/68/174
f 277/51/15 290/52/15 289/53/15
f 278/54/16 290/55/16 292/56/16
f 277/57/17 289/58/17 294/59/17
f 277/60/18 294/61/18 296/62/18
f 277/63/19 296/64/19 293/65/19
f 278/54/20 292/56/20 299/66/20
f 279/67/21 291/68/21 301/69/21
f 280/70/181 295/71/181 303/72/181
f 281/73/23 297/74/23 305/75/23
f 282/76/24 298/77/24 307/78/24
f 278/54/25 299/66/25 302/79/25
f 279/67/26 301/69/26 304/80/26
f 280/70/27 303/72/27 306/81/27
f 281/73/28 305/75/28 308/82/28
f 282/76/29 307/78/29 300/83/29
f 283/84/30 309/85/30 314/86/30
f 284/87/31 310/88/31 316/89/31
f 285/90/32 311/91/32 317/92/32
f 286/93/33 312/94/33 318/95/33
f 287/96/34 313/97/34 315/98/34
f 315/98/35 318/99/35 288/100/35
f 315/98/36 313/97/36 318/99/36
f 313/97/37 286/93/37 318/99/37
f 318/95/38 317/101/38 288/102/38
f 318/95/39 312/94/39 317/101/39
f 312/94/40 285/90/40 317/101/40
f 317/92/41 316/103/41 288/104/41
f 317/92/42 311/91/42 316/103/42
f 311/91/43 284/105/43 316/103/43
f 316/89/44 314/106/44 288/107/44
f 316/89/45 310/88/45 314/106/45
f 310/88/46 283/84/46 314/106/46
f 314/86/47 315/108/47 288/109/47
f 314/86/48 309/85/48 315/108/48
f 309/85/49 287/96/49 315/108/49
f 300/83/50 313/97/50 287/96/50
f 300/83/51 307/78/51 313/97/51
f 307/78/52 286/93/52 313/97/52
f 308/82/53 312/94/53 286/93/53
f 308/82/54 305/75/54 312/94/54
f 305/75/55 285/90/55 312/94/55
f 306/81/56 311/91/56 285/90/56
f 306/81/57 303/72/57 311/91/57
f 303/72/58 284/105/58 311/91/58
f 304/80/59 310/88/59 284/87/59
f 304/80/60 301/69/60 310/88/60
f 301/69/61 283/84/61 310/88/61
f 302/79/62 309/85/62 283/84/62
f 302/79/63 299/66/63 309/85/63
f 299/66/64 287/96/64 309/85/64
f 307/78/65 308/82/65 286/93/65
f 307/78/66 298/77/66 308/82/66
f 298/77/67 281/73/67 308/82/67
f 305/75/68 306/81/68 285/90/68
f 305/75/69 297/74/69 306/81/69
f 297/74/70 280/70/70 306/81/70
f 303/72/71 304/110/71 284/105/71
f 303/72/182 295/71/182 304/110/182
f 295/71/183 279/111/183 304/110/183
f 301/69/74 302/79/74 283/84/74
f 301/69/75 291/68/75 302/79/75
f 291/68/76 278/54/76 302/79/76
f 299/66/77 300/83/77 287/96/77
f 299/66/78 292/56/78 300/83/78
f 292/56/79 282/76/79 300/83/79
f 293/65/80 298/77/80 282/76/80
f 293/65/81 296/64/81 298/77/81
f 296/64/82 281/73/82 298/77/82
f 296/62/83 297/74/83 281/73/83
f 296/62/84 294/61/84 297/74/84
f 294/61/85 280/70/85 297/74/85
f 294/59/184 295/71/184 280/70/184
f 294/59/185 289/58/185 295/71/185
f 289/58/186 279/111/186 295/71/186
f 292/56/89 293/112/89 282/76/89
f 292/56/90 290/55/90 293/112/90
f 290/55/91 277/113/91 293/112/91
f 289/53/92 291/68/92 279/67/92
f 289/53/93 290/52/93 291/68/93
f 290/52/94 278/54/94 291/68/94
f 319/51/95 332/52/95 331/53/95
f 320/54/96 332/55/96 334/56/96
f 319/57/175 331/58/175 336/59/175
f 319/60/176 336/61/176 338/62/176
f 319/63/99 338/64/99 335/65/99
f 320/54/100 334/56/100 341/66/100
f 321/67/101 333/68/101 343/69/101
f 322/70/102 337/71/102 345/72/102
f 323/73/103 339/74/103 347/75/103
f 324/76/104 340/77/104 349/78/104
f 320/54/105 341/66/105 344/79/105
f 321/67/106 343/69/106 346/80/106
f 322/70/107 345/72/107 348/81/107
f 323/73/108 347/75/108 350/82/108
f 324/76/109 349/78/109 342/83/109
f 325/84/110 351/85/110 356/86/110
f 326/87/111 352/88/111 358/89/111
f 327/90/112 353/91/112 359/92/112
f 328/93/113 354/94/113 360/95/113
f 329/96/114 355/97/114 357/98/114
f 357/98/115 360/99/115 330/100/115
f 357/98/116 355/97/116 360/99/116
f 355/97/117 328/93/117 360/99/117
f 360/95/118 359/101/118 330/102/118
f 360/95/119 354/94/119 359/101/119
f 354/94/120 327/90/120 359/101/120
f 359/92/121 358/103/121 330/104/121
f 359/92/122 353/91/122 358/103/122
f 353/91/123 326/105/123 358/103/123
f 358/89/124 356/106/124 330/107/124
f 358/89/125 352/88/125 356/106/125
f 352/88/126 325/84/126 356/106/126
f 356/86/127 357/108/127 330/109/127
f 356/86/128 351/85/128 357/108/128
f 351/85/129 329/96/129 357/108/129
f 342/83/130 355/97/130 329/96/130
f 342/83/131 349/78/131 355/97/131
f 349/78/132 328/93/132 355/97/132
f 350/82/133 354/94/133 328/93/133
f 350/82/134 347/75/134 354/94/134
f 347/75/135 327/90/135 354/94/135
f 348/81/136 353/91/136 327/90/136
f 348/81/137 345/72/137 353/91/137
f 345/72/138 326/105/138 353/91/138
f 346/80/139 352/88/139 326/87/139
f 346/80/140 343/69/140 352/88/140
f 343/69/141 325/84/141 352/88/141
f 344/79/142 351/85/142 325/84/142
f 344/79/143 341/66/143 351/85/143
f 341/66/144 329/96/144 351/85/144
f 349/78/145 350/82/145 328/93/145
f 349/78/146 340/77/146 350/82/146
f 340/77/147 323/73/147 350/82/147
f 347/75/148 348/81/148 327/90/148
f 347/75/149 339/74/149 348/81/149
f 339/74/150 322/70/150 348/81/150
f 345/72/151 346/110/151 326/105/151
f 345/72/152 337/71/152 346/110/152
f 337/71/153 321/111/153 346/110/153
f 343/69/154 344/79/154 325/84/154
f 343/69/155 333/68/155 344/79/155
f 333/68/156 320/54/156 344/79/156
f 341/66/157 342/83/157 329/96/157
f 341/66/158 334/56/158 342/83/158
f 334/56/159 324/76/159 342/83/159
f 335/65/160 340/77/160 324/76/160
f 335/65/161 338/64/161 340/77/161
f 338/64/162 323/73/162 340/77/162
f 338/62/163 339/74/163 323/73/163
f 338/62/177 336/61/177 339/74/177
f 336/61/178 322/70/178 339/74/178
f 336/59/179 337/71/179 322/70/179
f 336/59/180 331/58/180 337/71/180
f 331/58/168 321/111/168 337/71/168
f 334/56/169 335/112/169 324/76/169
f 334/56/170 332/55/170 335/112/170
f 332/55/171 319/113/171 335/112/171
f 331/53/172 333/68/172 321/67/172
f 331/53/173 332/52/173 333/68/173
f 332/52/174 320/54/174 333/68/174
f 361/51/95 374/52/95 373/53/95
f 362/54/96 374/55/96 376/56/96
f 361/57/175 373/58/175 378/59/175
f 361/60/176 378/61/176 380/62/176
f 361/63/99 380/64/99 377/65/99
f 362/54/100 376/56/100 383/66/100
f 363/67/101 375/68/101 385/69/101
f 364/70/102 379/71/102 387/72/102
f 365/73/103 381/74/103 389/75/103
f 366/76/104 382/77/104 391/78/104
f 362/54/105 383/66/105 386/79/105
f 363/67/106 385/69/106 388/80/106
f 364/70/107 387/72/107 390/81/107
f 365/73/108 389/75/108 392/82/108
f 366/76/109 391/78/109 384/83/109
f 367/84/110 393/85/110 398/86/110
f 368/87/111 394/88/111 400/89/111
f 369/90/112 395/91/112 401/92/112
f 370/93/113 396/94/113 402/95/113
f 371/96/114 397/97/114 399/98/114
f 399/98/115 402/99/115 372/100/115
f 399/98/116 397/97/116 402/99/116
f 397/97/117 370/93/117 402/99/117
f 402/95/118 401/101/118 372/102/118
f 402/95/119 396/94/119 401/101/119
f 396/94/120 369/90/120 401/101/120
f 401/92/121 400/103/121 372/104/121
f 401/92/122 395/91/122 400/103/122
f 395/91/123 368/105/123 400/103/123
f 400/89/124 398/106/124 372/107/124
f 400/89/125 394/88/125 398/106/125
f 394/88/126 367/84/126 398/106/126
f 398/86/127 399/108/127 372/109/127
f 398/86/128 393/85/128 399/108/128
f 393/85/129 371/96/129 399/108/129
f 384/83/130 397/97/130 371/96/130
f 384/83/131 391/78/131 397/97/131
f 391/78/132 370/93/132 397/97/132
f 392/82/133 396/94/133 370/93/133
f 392/82/134 389/75/134 396/94/134
f 389/75/135 369/90/135 396/94/135
f 390/81/136 395/91/136 369/90/136
f 390/81/137 387/72/137 395/91/137
f 387/72/138 368/105/138 395/91/138
f 388/80/139 394/88/139 368/87/139
f 388/80/140 385/69/140 394/88/140
f 385/69/141 367/84/141 394/88/141
f 386/79/142 393/85/142 367/84/142
f 386/79/143 383/66/143 393/85/143
f 383/66/144 371/96/144 393/85/144
f 391/78/145 392/82/145 370/93/145
f 391/78/146 382/77/146 392/82/146
f 382/77/147 365/73/147 392/82/147
f 389/75/148 390/81/148 369/90/148
f 389/75/149 381/74/149 390/81/149
f 381/74/150 364/70/150 390/81/150
f 387/72/151 388/110/151 368/105/151
f 387/72/152 379/71/152 388/110/152
f 379/71/153 363/111/153 388/110/153
f 385/69/154 386/79/154 367/84/154
f 385/69/155 375/68/155 386/79/155
f 375/68/156 362/54/156 386/79/156
f 383/66/157 384/83/157 371/96/157
f 383/66/158 376/56/158 384/83/158
f 376/56/159 366/76/159 384/83/159
f 377/65/160 382/77/160 366/76/160
f 377/65/161 380/64/161 382/77/161
f 380/64/162 365/73/162 382/77/162
f 380/62/163 381/74/163 365/73/163
f 380/62/177 378/61/177 381/74/177
f 378/61/178 364/70/178 381/74/178
f 378/59/179 379/71/179 364/70/179
f 378/59/180 373/58/180 379/71/180
f 373/58/168 363/111/168 379/71/168
f 376/56/169 377/112/169 366/76/169
f 376/56/170 374/55/170 377/112/170
f 374/55/171 361/113/171 377/112/171
f 373/53/172 375/68/172 363/67/172
f 373/53/173 374/52/173 375/68/173
f 374/52/174 362/54/174 375/68/174
f 403/51/15 416/52/15 415/53/15
f 404/54/16 416/55/16 418/56/16
f 403/57/17 415/58/17 420/59/17
f 403/60/18 420/61/18 422/62/18
f 403/63/19 422/64/19 419/65/19
f 404/54/20 418/56/20 425/66/20
f 405/67/21 417/68/21 427/69/21
f 406/70/181 421/71/181 429/72/181
f 407/73/23 423/74/23 431/75/23
f 408/76/24 424/77/24 433/78/24
f 404/54/25 425/66/25 428/79/25
f 405/67/26 427/69/26 430/80/26
f 406/70/27 429/72/27 432/81/27
f 407/73/28 431/75/28 434/82/28
f 408/76/29 433/78/29 426/83/29
f 409/84/30 435/85/30 440/86/30
f 410/87/31 436/88/31 442/89/31
f 411/90/32 437/91/32 443/92/32
f 412/93/33 438/94/33 444/95/33
f 413/96/34 439/97/34 441/98/34
f 441/98/35 444/99/35 414/100/35
f 441/98/36 439/97/36 444/99/36
f 439/97/37 412/93/37 444/99/37
f 444/95/38 443/101/38 414/102/38
f 444/95/39 438/94/39 443/101/39
f 438/94/40 411/90/40 443/101/40
f 443/92/41 442/103/41 414/104/41
f 443/92/42 437/91/42 442/103/42
f 437/91/43 410/105/43 442/103/43
f 442/89/44 440/106/44 414/107/44
f 442/89/45 436/88/45 440/106/45
f 436/88/46 409/84/46 440/106/46
f 440/86/47 441/108/47 414/109/47
f 440/86/48 435/85/48 441/108/48
f 435/85/49 413/96/49 441/108/49
f 426/83/50 439/97/50 413/96/50
f 426/83/51 433/78/51 439/97/51
f 433/78/52 412/93/52 439/97/52
f 434/82/53 438/94/53 412/93/53
f 434/82/54 431/75/54 438/94/54
f 431/75/55 411/90/55 438/94/55
f 432/81/56 437/91/56 411/90/56
f 432/81/57 429/72/57 437/91/57
f 429/72/58 410/105/58 437/91/58
f 430/80/59 436/88/59 410/87/59
f 430/80/60 427/69/60 436/88/60
f 427/69/61 409/84/61 436/88/61
f 428/79/62 435/85/62 409/84/62
f 428/79/63 425/66/63 435/85/63
f 425/66/64 413/96/64 435/85/64
f 433/78/65 434/82/65 412/93/65
f 433/78/66 424/77/66 434/82/66
f 424/77/67 407/73/67 434/82/67
f 431/75/68 432/81/68 411/90/68
f 431/75/69 423/74/69 432/81/69
f 423/74/70 406/70/70 432/81/70
f 429/72/71 430/110/71 410/105/71
f 429/72/182 421/71/182 430/110/182
f 421/71/183 405/111/183 430/110/183
f 427/69/74 428/79/74 409/84/74
f 427/69/75 417/68/75 428/79/75
f 417/68/76 404/54/76 428/79/76
f 425/66/77 426/83/77 413/96/77
f 425/66/78 418/56/78 426/83/78
f 418/56/79 408/76/79 426/83/79
f 419/65/80 424/77/80 408/76/80
f 419/65/81 422/64/81 424/77/81
f 422/64/82 407/73/82 424/77/82
f 422/62/83 423/74/83 407/73/83
f 422/62/84 420/61/84 423/74/84
f 420/61/85 406/70/85 423/74/85
f 420/59/184 421/71/184 406/70/184
f 420/59/185 415/58/185 421/71/185
f 415/58/186 405/111/186 421/71/186
f 418/56/89 419/112/89 408/76/89
f 418/56/90 416/55/90 419/112/90
f 416/55/91 403/113/91 419/112/91
f 415/53/92 417/68/92 405/67/92
f 415/53/93 416/52/93 417/68/93
f 416/52/94 404/54/94 417/68/94
f 445/51/95 458/52/95 457/53/95
f 446/54/96 458/55/96 460/56/96
f 445/57/175 457/58/175 462/59/175
f 445/60/176 462/61/176 464/62/176
f 445/63/99 464/64/99 461/65/99
f 446/54/100 460/56/100 467/66/100
f 447/67/101 459/68/101 469/69/101
f 448/70/102 463/71/102 471/72/102
f 449/73/103 465/74/103 473/75/103
f 450/76/104 466/77/104 475/78/104
f 446/54/105 467/66/105 470/79/105
f 447/67/106 469/69/106 472/80/106
f 448/70/107 471/72/107 474/81/107
f 449/73/108 473/75/108 476/82/108
f 450/76/109 475/78/109 468/83/109
f 451/84/110 477/85/110 482/86/110
f 452/87/111 478/88/111 484/89/111
f 453/90/112 479/91/112 485/92/112
f 454/93/113 480/94/113 486/95/113
f 455/96/114 481/97/114 483/98/114
f 483/98/115 486/99/115 456/100/115
f 483/98/116 481/97/116 486/99/116
f 481/97/117 454/93/117 486/99/117
f 486/95/118 485/101/118 456/102/118
f 486/95/119 480/94/119 485/101/119
f 480/94/120 453/90/120 485/101/120
f 485/92/121 484/103/121 456/104/121
f 485/92/122 479/91/122 484/103/122
f 479/91/123 452/105/123 484/103/123
f 484/89/124 482/106/124 456/107/124
f 484/89/125 478/88/125 482/106/125
f 478/88/126 451/84/126 482/106/126
f 482/86/127 483/108/127 456/109/127
f 482/86/128 477/85/128 483/108/128
f 477/85/129 455/96/129 483/108/129
f 468/83/130 481/97/130 455/96/130
f 468/83/131 475/78/131 481/97/131
f 475/78/132 454/93/132 481/97/132
f 476/82/133 480/94/133 454/93/133
f 476/82/134 473/75/134 480/94/134
f 473/75/135 453/90/135 480/94/135
f 474/81/136 479/91/136 453/90/136
f 474/81/137 471/72/137 479/91/137
f 471/72/138 452/105/138 479/91/138
f 472/80/139 478/88/139 452/87/139
f 472/80/140 469/69/140 478/88/140
f 469/69/141 451/84/141 478/88/141
f 470/79/142 477/85/142 451/84/142
f 470/79/143 467/66/143 477/85/143
f 467/66/144 455/96/144 477/85/144
f 475/78/145 476/82/145 454/93/145
f 475/78/146 466/77/146 476/82/146
f 466/77/147 449/73/147 476/82/147
f 473/75/148 474/81/148 453/90/148
f 473/75/149 465/74/149 474/81/149
f 465/74/150 448/70/150 474/81/150
f 471/72/151 472/110/151 452/105/151
f 471/72/152 463/71/152 472/110/152
f 463/71/153 447/111/153 472/110/153
f 469/69/154 470/79/154 451/84/154
f 469/69/155 459/68/155 470/79/155
f 459/68/156 446/54/156 470/79/156
f 467/66/157 468/83/157 455/96/157
f 467/66/158 460/56/158 468/83/158
f 460/56/159 450/76/159 468/83/159
f 461/65/160 466/77/160 450/76/160
f 461/65/161 464/64/161 466/77/161
f 464/64/162 449/73/162 466/77/162
f 464/62/163 465/74/163 449/73/163
f 464/62/177 462/61/177 465/74/177
f 462/61/178 448/70/178 465/74/178
f 462/59/179 463/71/179 448/70/179
f 462/59/180 457/58/180 463/71/180
f 457/58/168 447/111/168 463/71/168
f 460/56/169 461/112/169 450/76/169
f 460/56/170 458/55/170 461/112/170
f 458/55/171 445/113/171 461/112/171
f 457/53/172 459/68/172 447/67/172
f 457/53/173 458/52/173 459/68/173
f 458/52/174 446/54/174 459/68/174
f 487/51/95 500/52/95 499/53/95
f 488/54/96 500/55/96 502/56/96
f 487/57/175 499/58/175 504/59/175
f 487/60/176 504/61/176 506/62/176
f 487/63/99 506/64/99 503/65/99
f 488/54/100 502/56/100 509/66/100
f 489/67/101 501/68/101 511/69/101
f 490/70/102 505/71/102 513/72/102
f 491/73/103 507/74/103 515/75/103
f 492/76/104 508/77/104 517/78/104
f 488/54/105 509/66/105 512/79/105
f 489/67/106 511/69/106 514/80/106
f 490/70/107 513/72/107 516/81/107
f 491/73/108 515/75/108 518/82/108
f 492/76/109 517/78/109 510/83/109
f 493/84/110 519/85/110 524/86/110
f 494/87/111 520/88/111 526/89/111
f 495/90/112 521/91/112 527/92/112
f 496/93/113 522/94/113 528/95/113
f 497/96/114 523/97/114 525/98/114
f 525/98/115 528/99/115 498/100/115
f 525/98/116 523/97/116 528/99/116
f 523/97/117 496/93/117 528/99/117
f 528/95/118 527/101/118 498/102/118
f 528/95/119 522/94/119 527/101/119
f 522/94/120 495/90/120 527/101/120
f 527/92/121 526/103/121 498/104/121
f 527/92/122 521/91/122 526/103/122
f 521/91/123 494/105/123 526/103/123
f 526/89/124 524/106/124 498/107/124
f 526/89/125 520/88/125 524/106/125
f 520/88/126 493/84/126 524/106/126
f 524/86/127 525/108/127 498/109/127
f 524/86/128 519/85/128 525/108/128
f 519/85/129 497/96/129 525/108/129
f 510/83/130 523/97/130 497/96/130
f 510/83/131 517/78/131 523/97/131
f 517/78/132 496/93/132 523/97/132
f 518/82/133 522/94/133 496/93/133
f 518/82/134 515/75/134 522/94/134
f 515/75/135 495/90/135 522/94/135
f 516/81/136 521/91/136 495/90/136
f 516/81/137 513/72/137 521/91/137
f 513/72/138 494/105/138 521/91/138
f 514/80/139 520/88/139 494/87/139
f 514/80/140 511/69/140 520/88/140
f 511/69/141 493/84/141 520/88/141
f 512/79/142 519/85/142 493/84/142
f 512/79/143 509/66/143 519/85/143
f 509/66/144 497/96/144 519/85/144
f 517/78/145 518/82/145 496/93/145
f 517/78/146 508/77/146 518/82/146
f 508/77/147 491/73/147 518/82/147
f 515/75/148 516/81/148 495/90/148
f 515/75/149 507/74/149 516/81/149
f 507/74/150 490/70/150 516/81/150
f 513/72/151 514/110/151 494/105/151
f 513/72/152 505/71/152 514/110/152
f 505/71/153 489/111/153 514/110/153
f 511/69/154 512/79/154 493/84/154
f 511/69/155 501/68/155 512/79/155
f 501/68/156 488/54/156 512/79/156
f 509/66/157 510/83/157 497/96/157
f 509/66/158 502/56/158 510/83/158
f 502/56/159 492/76/159 510/83/159
f 503/65/160 508/77/160 492/76/160
f 503/65/161 506/64/161 508/77/161
f 506/64/162 491/73/162 508/77/162
f 506/62/163 507/74/163 491/73/163
f 506/62/177 504/61/177 507/74/177
f 504/61/178 490/70/178 507/74/178
f 504/59/179 505/71/179 490/70/179
f 504/59/180 499/58/180 505/71/180
f 499/58/168 489/111/168 505/71/168
f 502/56/169 503/112/169 492/76/169
f 502/56/170 500/55/170 503/112/170
f 500/55/171 487/113/171 503/112/171
f 499/53/172 501/68/172 489/67/172
f 499/53/173 500/52/173 501/68/173
f 500/52/174 488/54/174 501/68/174
f 529/51/15 542/52/15 541/53/15
f 530/54/16 542/55/16 544/56/16
f 529/57/17 541/58/17 546/59/17
f 529/60/18 546/61/18 548/62/18
f 529/63/19 548/64/19 545/65/19
f 530/54/20 544/56/20 551/66/20
f 531/67/21 543/68/21 553/69/21
f 532/70/181 547/71/181 555/72/181
f 533/73/23 549/74/23 557/75/23
f 534/76/24 550/77/24 559/78/24
f 530/54/25 551/66/25 554/79/25
f 531/67/26 553/69/26 556/80/26
f 532/70/27 555/72/27 558/81/27
f 533/73/28 557/75/28 560/82/28
f 534/76/29 559/78/29 552/83/29
f 535/84/30 561/85/30 566/86/30
f 536/87/31 562/88/31 568/89/31
f 537/90/32 563/91/32 569/92/32
f 538/93/33 564/94/33 570/95/33
f 539/96/34 565/97/34 567/98/34
f 567/98/35 570/99/35 540/100/35
f 567/98/36 565/97/36 570/99/36
f 565/97/37 538/93/37 570/99/37
f 570/95/38 569/101/38 540/102/38
f 570/95/39 564/94/39 569/101/39
f 564/94/40 537/90/40 569/101/40
f 569/92/41 568/103/41 540/104/41
f 569/92/42 563/91/42 568/103/42
f 563/91/43 536/105/43 568/103/43
f 568/89/44 566/106/44 540/107/44
f 568/89/45 562/88/45 566/106/45
f 562/88/46 535/84/46 566/106/46
f 566/86/47 567/108/47 540/109/47
f 566/86/48 561/85/48 567/108/48
f 561/85/49 539/96/49 567/108/49
f 552/83/50 565/97/50 539/96/50
f 552/83/51 559/78/51 565/97/51
f 559/78/52 538/93/52 565/97/52
f 560/82/53 564/94/53 538/93/53
f 560/82/54 557/75/54 564/94/54
f 557/75/55 537/90/55 564/94/55
f 558/81/56 563/91/56 537/90/56
f 558/81/57 555/72/57 563/91/57
f 555/72/58 536/105/58 563/91/58
f 556/80/59 562/88/59 536/87/59
f 556/80/60 553/69/60 562/88/60
f 553/69/61 535/84/61 562/88/61
f 554/79/62 561/85/62 535/84/62
f 554/79/63 551/66/63 561/85/63
f 551/66/64 539/96/64 561/85/64
f 559/78/65 560/82/65 538/93/65
f 559/78/66 550/77/66 560/82/66
f 550/77/67 533/73/67 560/82/67
f 557/75/68 558/81/68 537/90/68
f 557/75/69 549/74/69 558/81/69
f 549/74/70 532/70/70 558/81/70
f 555/72/71 556/110/71 536/105/71
f 555/72/182 547/71/182 556/110/182
f 547/71/183 531/111/183 556/110/183
f 553/69/74 554/79/74 535/84/74
f 553/69/75 543/68/75 554/79/75
f 543/68/76 530/54/76 554/79/76
f 551/66/77 552/83/77 539/96/77
f 551/66/78 544/56/78 552/83/78
f 544/56/79 534/76/79 552/83/79
f 545/65/80 550/77/80 534/76/80
f 545/65/81 548/64/81 550/77/81
f 548/64/82 533/73/82 550/77/82
f 548/62/83 549/74/83 533/73/83
f 548/62/84 546/61/84 549/74/84
f 546/61/85 532/70/85 549/74/85
f 546/59/184 547/71/184 532/70/184
f 546/59/185 541/58/185 547/71/185
f 541/58/186 531/111/186 547/71/186
f 544/56/89 545/112/89 534/76/89
f 544/56/90 542/55/90 545/112/90
f 542/55/91 529/113/91 545/112/91
f 541/53/92 543/68/92 531/67/92
f 541/53/93 542/52/93 543/68/93
f 542/52/94 530/54/94 543/68/94
f 571/51/95 584/52/95 583/53/95
f 572/54/96 584/55/96 586/56/96
f 571/57/175 583/58/175 588/59/175
f 571/60/176 588/61/176 590/62/176
f 571/63/99 590/64/99 587/65/99
f 572/54/100 586/56/100 593/66/100
f 573/67/187 585/68/187 595/69/187
f 574/70/102 589/71/102 597/72/102
f 575/73/103 591/74/103 599/75/103
f 576/76/104 592/77/104 601/78/104
f 572/54/105 593/66/105 596/79/105
f 573/67/106 595/69/106 598/80/106
f 574/70/107 597/72/107 600/81/107
f 575/73/108 599/75/108 602/82/108
f 576/76/109 601/78/109 594/83/109
f 577/84/110 603/85/110 608/86/110
f 578/87/111 604/88/111 610/89/111
f 579/90/112 605/91/112 611/92/112
f 580/93/113 606/94/113 612/95/113
f 581/96/114 607/97/114 609/98/114
f 609/98/115 612/99/115 582/100/115
f 609/98/116 607/97/116 612/99/116
f 607/97/117 580/93/117 612/99/117
f 612/95/118 611/101/118 582/102/118
f 612/95/119 606/94/119 611/101/119
f 606/94/120 579/90/120 611/101/120
f 611/92/121 610/103/121 582/104/121
f 611/92/122 605/91/122 610/103/122
f 605/91/123 578/105/123 610/103/123
f 610/89/124 608/106/124 582/107/124
f 610/89/125 604/88/125 608/106/125
f 604/88/126 577/84/126 608/106/126
f 608/86/127 609/108/127 582/109/127
f 608/86/128 603/85/128 609/108/128
f 603/85/129 581/96/129 609/108/129
f 594/83/130 607/97/130 581/96/130
f 594/83/131 601/78/131 607/97/131
f 601/78/132 580/93/132 607/97/132
f 602/82/133 606/94/133 580/93/133
f 602/82/134 599/75/134 606/94/134
f 599/75/135 579/90/135 606/94/135
f 600/81/136 605/91/136 579/90/136
f 600/81/137 597/72/137 605/91/137
f 597/72/138 578/105/138 605/91/138
f 598/80/139 604/88/139 578/87/139
f 598/80/140 595/69/140 604/88/140
f 595/69/141 577/84/141 604/88/141
f 596/79/142 603/85/142 577/84/142
f 596/79/143 593/66/143 603/85/143
f 593/66/144 581/96/144 603/85/144
f 601/78/145 602/82/145 580/93/145
f 601/78/146 592/77/146 602/82/146
f 592/77/147 575/73/147 602/82/147
f 599/75/148 600/81/148 579/90/148
f 599/75/149 591/74/149 600/81/149
f 591/74/150 574/70/150 600/81/150
f 597/72/151 598/110/151 578/105/151
f 597/72/152 589/71/152 598/110/152
f 589/71/153 573/111/153 598/110/153
f 595/69/154 596/79/154 577/84/154
f 595/69/155 585/68/155 596/79/155
f 585/68/156 572/54/156 596/79/156
f 593/66/157 594/83/157 581/96/157
f 593/66/158 586/56/158 594/83/158
f 586/56/159 576/76/159 594/83/159
f 587/65/160 592/77/160 576/76/160
f 587/65/161 590/64/161 592/77/161
f 590/64/162 575/73/162 592/77/162
f 590/62/163 591/74/163 575/73/163
f 590/62/177 588/61/177 591/74/177
f 588/61/178 574/70/178 591/74/178
f 588/59/179 589/71/179 574/70/179
f 588/59/180 583/58/180 589/71/180
f 583/58/168 573/111/168 589/71/168
f 586/56/169 587/112/169 576/76/169
f 586/56/170 584/55/170 587/112/170
f 584/55/171 571/113/171 587/112/171
f 583/53/172 585/68/172 573/67/172
f 583/53/173 584/52/173 585/68/173
f 584/52/174 572/54/174 585/68/174
f 613/51/95 626/52/95 625/53/95
f 614/54/96 626/55/96 628/56/96
f 613/57/175 625/58/175 630/59/175
f 613/60/176 630/61/176 632/62/176
f 613/63/99 632/64/99 629/65/99
f 614/54/100 628/56/100 635/66/100
f 615/67/101 627/68/101 637/69/101
f 616/70/102 631/71/102 639/72/102
f 617/73/103 633/74/103 641/75/103
f 618/76/104 634/77/104 643/78/104
f 614/54/105 635/66/105 638/79/105
f 615/67/106 637/69/106 640/80/106
f 616/70/107 639/72/107 642/81/107
f 617/73/108 641/75/108 644/82/108
f 618/76/109 643/78/109 636/83/109
f 619/84/110 645/85/110 650/86/110
f 620/87/111 646/88/111 652/89/111
f 621/90/112 647/91/112 653/92/112
f 622/93/113 648/94/113 654/95/113
f 623/96/114 649/97/114 651/98/114
f 651/98/115 654/99/115 624/100/115
f 651/98/116 649/97/116 654/99/116
f 649/97/117 622/93/117 654/99/117
f 654/95/118 653/101/118 624/102/118
f 654/95/119 648/94/119 653/101/119
f 648/94/120 621/90/120 653/101/120
f 653/92/121 652/103/121 624/104/121
f 653/92/122 647/91/122 652/103/122
f 647/91/123 620/105/123 652/103/123
f 652/89/124 650/106/124 624/107/124
f 652/89/125 646/88/125 650/106/125
f 646/88/126 619/84/126 650/106/126
f 650/86/127 651/108/127 624/109/127
f 650/86/128 645/85/128 651/108/128
f 645/85/129 623/96/129 651/108/129
f 636/83/130 649/97/130 623/96/130
f 636/83/131 643/78/131 649/97/131
f 643/78/132 622/93/132 649/97/132
f 644/82/188 648/94/188 622/93/188
f 644/82/134 641/75/134 648/94/134
f 641/75/135 621/90/135 648/94/135
f 642/81/136 647/91/136 621/90/136
f 642/81/137 639/72/137 647/91/137
f 639/72/138 620/105/138 647/91/138
f 640/80/139 646/88/139 620/87/139
f 640/80/140 637/69/140 646/88/140
f 637/69/141 619/84/141 646/88/141
f 638/79/142 645/85/142 619/84/142
f 638/79/143 635/66/143 645/85/143
f 635/66/144 623/96/144 645/85/144
f 643/78/145 644/82/145 622/93/145
f 643/78/146 634/77/146 644/82/146
f 634/77/147 617/73/147 644/82/147
f 641/75/148 642/81/148 621/90/148
f 641/75/149 633/74/149 642/81/149
f 633/74/150 616/70/150 642/81/150
f 639/72/151 640/110/151 620/105/151
f 639/72/152 631/71/152 640/110/152
f 631/71/153 615/111/153 640/110/153
f 637/69/154 638/79/154 619/84/154
f 637/69/155 627/68/155 638/79/155
f 627/68/156 614/54/156 638/79/156
f 635/66/157 636/83/157 623/96/157
f 635/66/158 628/56/158 636/83/158
f 628/56/159 618/76/159 636/83/159
f 629/65/160 634/77/160 618/76/160
f 629/65/161 632/64/161 634/77/161
f 632/64/162 617/73/162 634/77/162
f 632/62/163 633/74/163 617/73/163
f 632/62/177 630/61/177 633/74/177
f 630/61/178 616/70/178 633/74/178
f 630/59/179 631/71/179 616/70/179
f 630/59/180 625/58/180 631/71/180
f 625/58/168 615/111/168 631/71/168
f 628/56/169 629/112/169 618/76/169
f 628/56/170 626/55/170 629/112/170
f 626/55/171 613/113/171 629/112/171
f 625/53/172 627/68/172 615/67/172
f 625/53/173 626/52/173 627/68/173
f 626/52/174 614/54/174 627/68/174
f 655/51/189 668/52/189 667/53/189
f 656/54/190 668/55/190 670/56/190
f 655/57/191 667/58/191 672/59/191
f 655/60/192 672/61/192 674/62/192
f 655/63/193 674/64/193 671/65/193
f 656/54/194 670/56/194 677/66/194
f 657/67/195 669/68/195 679/69/195
f 658/70/196 673/71/196 681/72/196
f 659/73/197 675/74/197 683/75/197
f 660/76/198 676/77/198 685/78/198
f 656/54/199 677/66/199 680/79/199
f 657/67/200 679/69/200 682/80/200
f 658/70/107 681/72/107 684/81/107
f 659/73/201 683/75/201 686/82/201
f 660/76/202 685/78/202 678/83/202
f 661/84/203 687/85/203 692/86/203
f 662/87/204 688/88/204 694/89/204
f 663/90/205 689/91/205 695/92/205
f 664/93/206 690/94/206 696/95/206
f 665/96/207 691/97/207 693/98/207
f 693/98/208 696/99/208 666/100/208
f 693/98/209 691/97/209 696/99/209
f 691/97/210 664/93/210 696/99/210
f 696/95/211 695/101/211 666/102/211
f 696/95/212 690/94/212 695/101/212
f 690/94/213 663/90/213 695/101/213
f 695/92/121 694/103/121 666/104/121
f 695/92/122 689/91/122 694/103/122
f 689/91/214 662/105/214 694/103/214
f 694/89/215 692/106/215 666/107/215
f 694/89/216 688/88/216 692/106/216
f 688/88/217 661/84/217 692/106/217
f 692/86/218 693/108/218 666/109/218
f 692/86/219 687/85/219 693/108/219
f 687/85/220 665/96/220 693/108/220
f 678/83/221 691/97/221 665/96/221
f 678/83/222 685/78/222 691/97/222
f 685/78/223 664/93/223 691/97/223
f 686/82/224 690/94/224 664/93/224
f 686/82/225 683/75/225 690/94/225
f 683/75/226 663/90/226 690/94/226
f 684/81/227 689/91/227 663/90/227
f 684/81/137 681/72/137 689/91/137
f 681/72/228 662/105/228 689/91/228
f 682/80/229 688/88/229 662/87/229
f 682/80/230 679/69/230 688/88/230
f 679/69/231 661/84/231 688/88/231
f 680/79/232 687/85/232 661/84/232
f 680/79/233 677/66/233 687/85/233
f 677/66/234 665/96/234 687/85/234
f 685/78/235 686/82/235 664/93/235
f 685/78/236 676/77/236 686/82/236
f 676/77/237 659/73/237 686/82/237
f 683/75/238 684/81/238 663/90/238
f 683/75/239 675/74/239 684/81/239
f 675/74/240 658/70/240 684/81/240
f 681/72/241 682/110/241 662/105/241
f 681/72/242 673/71/242 682/110/242
f 673/71/243 657/111/243 682/110/243
f 679/69/244 680/79/244 661/84/244
f 679/69/245 669/68/245 680/79/245
f 669/68/246 656/54/246 680/79/246
f 677/66/157 678/83/157 665/96/157
f 677/66/158 670/56/158 678/83/158
f 670/56/247 660/76/247 678/83/247
f 671/65/248 676/77/248 660/76/248
f 671/65/249 674/64/249 676/77/249
f 674/64/250 659/73/250 676/77/250
f 674/62/251 675/74/251 659/73/251
f 674/62/252 672/61/252 675/74/252
f 672/61/253 658/70/253 675/74/253
f 672/59/254 673/71/254 658/70/254
f 672/59/255 667/58/255 673/71/255
f 667/58/256 657/111/256 673/71/256
f 670/56/257 671/112/257 660/76/257
f 670/56/170 668/55/170 671/112/170
f 668/55/171 655/113/171 671/112/171
f 667/53/258 669/68/258 657/67/258
f 667/53/259 668/52/259 669/68/259
f 668/52/260 656/54/260 669/68/260
f 697/51/189 710/52/189 709/53/189
f 698/54/190 710/55/190 712/56/190
f 697/57/191 709/58/191 714/59/191
f 697/60/192 714/61/192 716/62/192
f 697/63/193 716/64/193 713/65/193
f 698/54/194 712/56/194 719/66/194
f 699/67/195 711/68/195 721/69/195
f 700/70/196 715/71/196 723/72/196
f 701/73/197 717/74/197 725/75/197
f 702/76/198 718/77/198 727/78/198
f 698/54/199 719/66/199 722/79/199
f 699/67/200 721/69/200 724/80/200
f 700/70/107 723/72/107 726/81/107
f 701/73/201 725/75/201 728/82/201
f 702/76/202 727/78/202 720/83/202
f 703/84/203 729/85/203 734/86/203
f 704/87/204 730/88/204 736/89/204
f 705/90/205 731/91/205 737/92/205
f 706/93/206 732/94/206 738/95/206
f 707/96/207 733/97/207 735/98/207
f 735/98/208 738/99/208 708/100/208
f 735/98/209 733/97/209 738/99/209
f 733/97/210 706/93/210 738/99/210
f 738/95/211 737/101/211 708/102/211
f 738/95/212 732/94/212 737/101/212
f 732/94/213 705/90/213 737/101/213
f 737/92/121 736/103/121 708/104/121
f 737/92/122 731/91/122 736/103/122
f 731/91/214 704/105/214 736/103/214
f 736/89/215 734/106/215 708/107/215
f 736/89/216 730/88/216 734/106/216
f 730/88/217 703/84/217 734/106/217
f 734/86/218 735/108/218 708/109/218
f 734/86/219 729/85/219 735/108/219
f 729/85/220 707/96/220 735/108/220
f 720/83/221 733/97/221 707/96/221
f 720/83/222 727/78/222 733/97/222
f 727/78/223 706/93/223 733/97/223
f 728/82/224 732/94/224 706/93/224
f 728/82/225 725/75/225 732/94/225
f 725/75/226 705/90/226 732/94/226
f 726/81/227 731/91/227 705/90/227
f 726/81/137 723/72/137 731/91/137
f 723/72/228 704/105/228 731/91/228
f 724/80/229 730/88/229 704/87/229
f 724/80/230 721/69/230 730/88/230
f 721/69/231 703/84/231 730/88/231
f 722/79/232 729/85/232 703/84/232
f 722/79/233 719/66/233 729/85/233
f 719/66/234 707/96/234 729/85/234
f 727/78/235 728/82/235 706/93/235
f 727/78/236 718/77/236 728/82/236
f 718/77/237 701/73/237 728/82/237
f 725/75/238 726/81/238 705/90/238
f 725/75/239 717/74/239 726/81/239
f 717/74/240 700/70/240 726/81/240
f 723/72/241 724/110/241 704/105/241
f 723/72/242 715/71/242 724/110/242
f 715/71/243 699/111/243 724/110/243
f 721/69/244 722/79/244 703/84/244
f 721/69/245 711/68/245 722/79/245
f 711/68/246 698/54/246 722/79/246
f 719/66/157 720/83/157 707/96/157
f 719/66/158 712/56/158 720/83/158
f 712/56/247 702/76/247 720/83/247
f 713/65/248 718/77/248 702/76/248
f 713/65/249 716/64/249 718/77/249
f 716/64/250 701/73/250 718/77/250
f 716/62/251 717/74/251 701/73/251
f 716/62/252 714/61/252 717/74/252
f 714/61/253 700/70/253 717/74/253
f 714/59/254 715/71/254 700/70/254
f 714/59/255 709/58/255 715/71/255
f 709/58/256 699/111/256 715/71/256
f 712/56/257 713/112/257 702/76/257
f 712/56/170 710/55/170 713/112/170
f 710/55/171 697/113/171 713/112/171
f 709/53/258 711/68/258 699/67/258
f 709/53/259 710/52/259 711/68/259
f 710/52/260 698/54/260 711/68/260
f 739/51/189 752/52/189 751/53/189
f 740/54/190 752/55/190 754/56/190
f 739/57/191 751/58/191 756/59/191
f 739/60/192 756/61/192 758/62/192
f 739/63/193 758/64/193 755/65/193
f 740/54/194 754/56/194 761/66/194
f 741/67/195 753/68/195 763/69/195
f 742/70/196 757/71/196 765/72/196
f 743/73/197 759/74/197 767/75/197
f 744/76/198 760/77/198 769/78/198
f 740/54/199 761/66/199 764/79/199
f 741/67/200 763/69/200 766/80/200
f 742/70/107 765/72/107 768/81/107
f 743/73/201 767/75/201 770/82/201
f 744/76/202 769/78/202 762/83/202
f 745/84/203 771/85/203 776/86/203
f 746/87/204 772/88/204 778/89/204
f 747/90/205 773/91/205 779/92/205
f 748/93/206 774/94/206 780/95/206
f 749/96/207 775/97/207 777/98/207
f 777/98/208 780/99/208 750/100/208
f 777/98/209 775/97/209 780/99/209
f 775/97/210 748/93/210 780/99/210
f 780/95/211 779/101/211 750/102/211
f 780/95/212 774/94/212 779/101/212
f 774/94/213 747/90/213 779/101/213
f 779/92/121 778/103/121 750/104/121
f 779/92/122 773/91/122 778/103/122
f 773/91/214 746/105/214 778/103/214
f 778/89/215 776/106/215 750/107/215
f 778/89/216 772/88/216 776/106/216
f 772/88/217 745/84/217 776/106/217
f 776/86/218 777/108/218 750/109/218
f 776/86/219 771/85/219 777/108/219
f 771/85/220 749/96/220 777/108/220
f 762/83/221 775/97/221 749/96/221
f 762/83/222 769/78/222 775/97/222
f 769/78/223 748/93/223 775/97/223
f 770/82/224 774/94/224 748/93/224
f 770/82/225 767/75/225 774/94/225
f 767/75/226 747/90/226 774/94/226
f 768/81/227 773/91/227 747/90/227
f 768/81/137 765/72/137 773/91/137
f 765/72/228 746/105/228 773/91/228
f 766/80/229 772/88/229 746/87/229
f 766/80/230 763/69/230 772/88/230
f 763/69/231 745/84/231 772/88/231
f 764/79/232 771/85/232 745/84/232
f 764/79/233 761/66/233 771/85/233
f 761/66/234 749/96/234 771/85/234
f 769/78/235 770/82/235 748/93/235
f 769/78/236 760/77/236 770/82/236
f 760/77/237 743/73/237 770/82/237
f 767/75/238 768/81/238 747/90/238
f 767/75/239 759/74/239 768/81/239
f 759/74/240 742/70/240 768/81/240
f 765/72/241 766/110/241 746/105/241
f 765/72/242 757/71/242 766/110/242
f 757/71/243 741/111/243 766/110/243
f 763/69/244 764/79/244 745/84/244
f 763/69/245 753/68/245 764/79/245
f 753/68/246 740/54/246 764/79/246
f 761/66/157 762/83/157 749/96/157
f 761/66/158 754/56/158 762/83/158
f 754/56/247 744/76/247 762/83/247
f 755/65/248 760/77/248 744/76/248
f 755/65/249 758/64/249 760/77/249
f 758/64/250 743/73/250 760/77/250
f 758/62/251 759/74/251 743/73/251
f 758/62/252 756/61/252 759/74/252
f 756/61/253 742/70/253 759/74/253
f 756/59/254 757/71/254 742/70/254
f 756/59/255 751/58/255 757/71/255
f 751/58/256 741/111/256 757/71/256
f 754/56/257 755/112/257 744/76/257
f 754/56/170 752/55/170 755/112/170
f 752/55/171 739/113/171 755/112/171
f 751/53/258 753/68/258 741/67/258
f 751/53/259 752/52/259 753/68/259
f 752/52/260 740/54/260 753/68/260
f 781/51/189 794/52/189 793/53/189
f 782/54/190 794/55/190 796/56/190
f 781/57/191 793/58/191 798/59/191
f 781/60/192 798/61/192 800/62/192
f 781/63/193 800/64/193 797/65/193
f 782/54/194 796/56/194 803/66/194
f 783/67/195 795/68/195 805/69/195
f 784/70/196 799/71/196 807/72/196
f 785/73/197 801/74/197 809/75/197
f 786/76/198 802/77/198 811/78/198
f 782/54/199 803/66/199 806/79/199
f 783/67/261 805/69/261 808/80/261
f 784/70/107 807/72/107 810/81/107
f 785/73/201 809/75/201 812/82/201
f 786/76/202 811/78/202 804/83/202
f 787/84/203 813/85/203 818/86/203
f 788/87/204 814/88/204 820/89/204
f 789/90/205 815/91/205 821/92/205
f 790/93/206 816/94/206 822/95/206
f 791/96/207 817/97/207 819/98/207
f 819/98/208 822/99/208 792/100/208
f 819/98/209 817/97/209 822/99/209
f 817/97/210 790/93/210 822/99/210
f 822/95/211 821/101/211 792/102/211
f 822/95/212 816/94/212 821/101/212
f 816/94/213 789/90/213 821/101/213
f 821/92/121 820/103/121 792/104/121
f 821/92/122 815/91/122 820/103/122
f 815/91/214 788/105/214 820/103/214
f 820/89/215 818/106/215 792/107/215
f 820/89/216 814/88/216 818/106/216
f 814/88/217 787/84/217 818/106/217
f 818/86/218 819/108/218 792/109/218
f 818/86/219 813/85/219 819/108/219
f 813/85/220 791/96/220 819/108/220
f 804/83/221 817/97/221 791/96/221
f 804/83/222 811/78/222 817/97/222
f 811/78/223 790/93/223 817/97/223
f 812/82/224 816/94/224 790/93/224
f 812/82/225 809/75/225 816/94/225
f 809/75/226 789/90/226 816/94/226
f 810/81/227 815/91/227 789/90/227
f 810/81/137 807/72/137 815/91/137
f 807/72/228 788/105/228 815/91/228
f 808/80/229 814/88/229 788/87/229
f 808/80/230 805/69/230 814/88/230
f 805/69/231 787/84/231 814/88/231
f 806/79/232 813/85/232 787/84/232
f 806/79/233 803/66/233 813/85/233
f 803/66/234 791/96/234 813/85/234
f 811/78/235 812/82/235 790/93/235
f 811/78/236 802/77/236 812/82/236
f 802/77/237 785/73/237 812/82/237
f 809/75/238 810/81/238 789/90/238
f 809/75/239 801/74/239 810/81/239
f 801/74/240 784/70/240 810/81/240
f 807/72/241 808/110/241 788/105/241
f 807/72/242 799/71/242 808/110/242
f 799/71/243 783/111/243 808/110/243
f 805/69/244 806/79/244 787/84/244
f 805/69/245 795/68/245 806/79/245
f 795/68/246 782/54/246 806/79/246
f 803/66/157 804/83/157 791/96/157
f 803/66/158 796/56/158 804/83/158
f 796/56/247 786/76/247 804/83/247
f 797/65/248 802/77/248 786/76/248
f 797/65/249 800/64/249 802/77/249
f 800/64/250 785/73/250 802/77/250
f 800/62/251 801/74/251 785/73/251
f 800/62/252 798/61/252 801/74/252
f 798/61/253 784/70/253 801/74/253
f 798/59/254 799/71/254 784/70/254
f 798/59/255 793/58/255 799/71/255
f 793/58/256 783/111/256 799/71/256
f 796/56/257 797/112/257 786/76/257
f 796/56/170 794/55/170 797/112/170
f 794/55/171 781/113/171 797/112/171
f 793/53/258 795/68/258 783/67/258
f 793/53/259 794/52/259 795/68/259
f 794/52/260 782/54/260 795/68/260
f 823/51/262 836/52/262 835/53/262
f 824/54/263 836/55/263 838/56/263
f 823/57/264 835/58/264 840/59/264
f 823/60/265 840/61/265 842/62/265
f 823/63/266 842/64/266 839/65/266
f 824/54/267 838/56/267 845/66/267
f 825/67/268 837/68/268 847/69/268
f 826/70/269 841/71/269 849/72/269
f 827/73/270 843/74/270 851/75/270
f 828/76/271 844/77/271 853/78/271
f 824/54/272 845/66/272 848/79/272
f 825/67/273 847/69/273 850/80/273
f 826/70/274 849/72/274 852/81/274
f 827/73/275 851/75/275 854/82/275
f 828/76/276 853/78/276 846/83/276
f 829/84/277 855/85/277 860/86/277
f 830/87/278 856/88/278 862/89/278
f 831/90/279 857/91/279 863/92/279
f 832/93/280 858/94/280 864/95/280
f 833/96/281 859/97/281 861/98/281
f 861/98/282 864/99/282 834/100/282
f 861/98/283 859/97/283 864/99/283
f 859/97/284 832/93/284 864/99/284
f 864/95/285 863/101/285 834/102/285
f 864/95/286 858/94/286 863/101/286
f 858/94/287 831/90/287 863/101/287
f 863/92/288 862/103/288 834/104/288
f 863/92/289 857/91/289 862/103/289
f 857/91/290 830/105/290 862/103/290
f 862/89/291 860/106/291 834/107/291
f 862/89/292 856/88/292 860/106/292
f 856/88/293 829/84/293 860/106/293
f 860/86/294 861/108/294 834/109/294
f 860/86/295 855/85/295 861/108/295
f 855/85/296 833/96/296 861/108/296
f 846/83/297 859/97/297 833/96/297
f 846/83/298 853/78/298 859/97/298
f 853/78/299 832/93/299 859/97/299
f 854/82/300 858/94/300 832/93/300
f 854/82/301 851/75/301 858/94/301
f 851/75/302 831/90/302 858/94/302
f 852/81/303 857/91/303 831/90/303
f 852/81/304 849/72/304 857/91/304
f 849/72/305 830/105/305 857/91/305
f 850/80/306 856/88/306 830/87/306
f 850/80/307 847/69/307 856/88/307
f 847/69/308 829/84/308 856/88/308
f 848/79/309 855/85/309 829/84/309
f 848/79/310 845/66/310 855/85/310
f 845/66/311 833/96/311 855/85/311
f 853/78/312 854/82/312 832/93/312
f 853/78/313 844/77/313 854/82/313
f 844/77/314 827/73/314 854/82/314
f 851/75/315 852/81/315 831/90/315
f 851/75/316 843/74/316 852/81/316
f 843/74/317 826/70/317 852/81/317
f 849/72/318 850/110/318 830/105/318
f 849/72/319 841/71/319 850/110/319
f 841/71/320 825/111/320 850/110/320
f 847/69/321 848/79/321 829/84/321
f 847/69/322 837/68/322 848/79/322
f 837/68/323 824/54/323 848/79/323
f 845/66/324 846/83/324 833/96/324
f 845/66/325 838/56/325 846/83/325
f 838/56/326 828/76/326 846/83/326
f 839/65/327 844/77/327 828/76/327
f 839/65/328 842/64/328 844/77/328
f 842/64/329 827/73/329 844/77/329
f 842/62/330 843/74/330 827/73/330
f 842/62/331 840/61/331 843/74/331
f 840/61/332 826/70/332 843/74/332
f 840/59/333 841/71/333 826/70/333
f 840/59/334 835/58/334 841/71/334
f 835/58/335 825/111/335 841/71/335
f 838/56/336 839/112/336 828/76/336
f 838/56/337 836/55/337 839/112/337
f 836/55/338 823/113/338 839/112/338
f 835/53/339 837/68/339 825/67/339
f 835/53/340 836/52/340 837/68/340
f 836/52/341 824/54/341 837/68/341
f 865/51/342 878/52/342 877/53/342
f 866/54/343 878/55/343 880/56/343
f 865/57/344 877/58/344 882/59/344
f 865/60/345 882/61/345 884/62/345
f 865/63/346 884/64/346 881/65/346
f 866/54/347 880/56/347 887/66/347
f 867/67/348 879/68/348 889/69/348
f 868/70/349 883/71/349 891/72/349
f 869/73/350 885/74/350 893/75/350
f 870/76/351 886/77/351 895/78/351
f 866/54/352 887/66/352 890/79/352
f 867/67/353 889/69/353 892/80/353
f 868/70/354 891/72/354 894/81/354
f 869/73/355 893/75/355 896/82/355
f 870/76/356 895/78/356 888/83/356
f 871/84/357 897/85/357 902/86/357
f 872/87/358 898/88/358 904/89/358
f 873/90/359 899/91/359 905/92/359
f 874/93/360 900/94/360 906/95/360
f 875/96/361 901/97/361 903/98/361
f 903/98/362 906/99/362 876/100/362
f 903/98/363 901/97/363 906/99/363
f 901/97/364 874/93/364 906/99/364
f 906/95/365 905/101/365 876/102/365
f 906/95/366 900/94/366 905/101/366
f 900/94/367 873/90/367 905/101/367
f 905/92/368 904/103/368 876/104/368
f 905/92/369 899/91/369 904/103/369
f 899/91/370 872/105/370 904/103/370
f 904/89/371 902/106/371 876/107/371
f 904/89/372 898/88/372 902/106/372
f 898/88/373 871/84/373 902/106/373
f 902/86/374 903/108/374 876/109/374
f 902/86/375 897/85/375 903/108/375
f 897/85/376 875/96/376 903/108/376
f 888/83/377 901/97/377 875/96/377
f 888/83/378 895/78/378 901/97/378
f 895/78/379 874/93/379 901/97/379
f 896/82/380 900/94/380 874/93/380
f 896/82/381 893/75/381 900/94/381
f 893/75/382 873/90/382 900/94/382
f 894/81/383 899/91/383 873/90/383
f 894/81/384 891/72/384 899/91/384
f 891/72/385 872/105/385 899/91/385
f 892/80/386 898/88/386 872/87/386
f 892/80/387 889/69/387 898/88/387
f 889/69/388 871/84/388 898/88/388
f 890/79/389 897/85/389 871/84/389
f 890/79/390 887/66/390 897/85/390
f 887/66/391 875/96/391 897/85/391
f 895/78/392 896/82/392 874/93/392
f 895/78/393 886/77/393 896/82/393
f 886/77/394 869/73/394 896/82/394
f 893/75/395 894/81/395 873/90/395
f 893/75/396 885/74/396 894/81/396
f 885/74/397 868/70/397 894/81/397
f 891/72/398 892/110/398 872/105/398
f 891/72/399 883/71/399 892/110/399
f 883/71/400 867/111/400 892/110/400
f 889/69/401 890/79/401 871/84/401
f 889/69/402 879/68/402 890/79/402
f 879/68/403 866/54/403 890/79/403
f 887/66/404 888/83/404 875/96/404
f 887/66/405 880/56/405 888/83/405
f 880/56/406 870/76/406 888/83/406
f 881/65/407 886/77/407 870/76/407
f 881/65/408 884/64/408 886/77/408
f 884/64/409 869/73/409 886/77/409
f 884/62/410 885/74/410 869/73/410
f 884/62/411 882/61/411 885/74/411
f 882/61/412 868/70/412 885/74/412
f 882/59/413 883/71/413 868/70/413
f 882/59/414 877/58/414 883/71/414
f 877/58/415 867/111/415 883/71/415
f 880/56/416 881/112/416 870/76/416
f 880/56/417 878/55/417 881/112/417
f 878/55/418 865/113/418 881/112/418
f 877/53/419 879/68/419 867/67/419
f 877/53/420 878/52/420 879/68/420
f 878/52/421 866/54/421 879/68/421
f 907/51/342 920/52/342 919/53/342
f 908/54/343 920/55/343 922/56/343
f 907/57/344 919/58/344 924/59/344
f 907/60/345 924/61/345 926/62/345
f 907/63/346 926/64/346 923/65/346
f 908/54/347 922/56/347 929/66/347
f 909/67/348 921/68/348 931/69/348
f 910/70/349 925/71/349 933/72/349
f 911/73/350 927/74/350 935/75/350
f 912/76/351 928/77/351 937/78/351
f 908/54/352 929/66/352 932/79/352
f 909/67/353 931/69/353 934/80/353
f 910/70/354 933/72/354 936/81/354
f 911/73/355 935/75/355 938/82/355
f 912/76/356 937/78/356 930/83/356
f 913/84/357 939/85/357 944/86/357
f 914/87/358 940/88/358 946/89/358
f 915/90/359 941/91/359 947/92/359
f 916/93/360 942/94/360 948/95/360
f 917/96/361 943/97/361 945/98/361
f 945/98/362 948/99/362 918/100/362
f 945/98/363 943/97/363 948/99/363
f 943/97/364 916/93/364 948/99/364
f 948/95/365 947/101/365 918/102/365
f 948/95/366 942/94/366 947/101/366
f 942/94/367 915/90/367 947/101/367
f 947/92/368 946/103/368 918/104/368
f 947/92/369 941/91/369 946/103/369
f 941/91/370 914/105/370 946/103/370
f 946/89/371 944/106/371 918/107/371
f 946/89/372 940/88/372 944/106/372
f 940/88/373 913/84/373 944/106/373
f 944/86/374 945/108/374 918/109/374
f 944/86/375 939/85/375 945/108/375
f 939/85/376 917/96/376 945/108/376
f 930/83/377 943/97/377 917/96/377
f 930/83/378 937/78/378 943/97/378
f 937/78/379 916/93/379 943/97/379
f 938/82/380 942/94/380 916/93/380
f 938/82/381 935/75/381 942/94/381
f 935/75/382 915/90/382 942/94/382
f 936/81/383 941/91/383 915/90/383
f 936/81/384 933/72/384 941/91/384
f 933/72/385 914/105/385 941/91/385
f 934/80/386 940/88/386 914/87/386
f 934/80/387 931/69/387 940/88/387
f 931/69/388 913/84/388 940/88/388
f 932/79/389 939/85/389 913/84/389
f 932/79/390 929/66/390 939/85/390
f 929/66/391 917/96/391 939/85/391
f 937/78/392 938/82/392 916/93/392
f 937/78/393 928/77/393 938/82/393
f 928/77/394 911/73/394 938/82/394
f 935/75/395 936/81/395 915/90/395
f 935/75/396 927/74/396 936/81/396
f 927/74/397 910/70/397 936/81/397
f 933/72/398 934/110/398 914/105/398
f 933/72/399 925/71/399 934/110/399
f 925/71/400 909/111/400 934/110/400
f 931/69/401 932/79/401 913/84/401
f 931/69/402 921/68/402 932/79/402
f 921/68/403 908/54/403 932/79/403
f 929/66/404 930/83/404 917/96/404
f 929/66/405 922/56/405 930/83/405
f 922/56/406 912/76/406 930/83/406
f 923/65/407 928/77/407 912/76/407
f 923/65/408 926/64/408 928/77/408
f 926/64/409 911/73/409 928/77/409
f 926/62/410 927/74/410 911/73/410
f 926/62/411 924/61/411 927/74/411
f 924/61/412 910/70/412 927/74/412
f 924/59/413 925/71/413 910/70/413
f 924/59/414 919/58/414 925/71/414
f 919/58/415 909/111/415 925/71/415
f 922/56/416 923/112/416 912/76/416
f 922/56/417 920/55/417 923/112/417
f 920/55/418 907/113/418 923/112/418
f 919/53/419 921/68/419 909/67/419
f 919/53/420 920/52/420 921/68/420
f 920/52/421 908/54/421 921/68/421
f 949/1/422 950/2/422 952/114/422 951/115/422
f 951/115/423 952/114/423 954/116/423 953/117/423
f 953/117/424 954/116/424 956/118/424 955/119/424
f 955/119/425 956/118/425 958/120/425 957/121/425
f 957/121/426 958/120/426 960/122/426 959/123/426
f 959/123/427 960/122/427 962/124/427 961/125/427
f 961/125/428 962/124/428 964/126/428 963/127/428
f 963/127/429 964/126/429 966/128/429 965/129/429
f 952/130/430 950/24/430 968/131/430 966/132/430 964/133/430 962/134/430 960/135/430 958/136/430 956/137/430 954/138/430
f 965/129/431 966/128/431 968/139/431 967/140/431
f 967/140/432 968/139/432 950/141/432 949/142/432
f 949/143/433 951/144/433 953/145/433 955/146/433 957/147/433 959/148/433 961/149/433 963/150/433 965/151/433 967/152/433
f 969/1/434 970/2/434 972/114/434 971/115/434
f 971/115/435 972/114/435 974/116/435 973/117/435
f 973/117/436 974/116/436 976/118/436 975/119/436
f 975/119/437 976/118/437 978/120/437 977/121/437
f 977/121/438 978/120/438 980/122/438 979/123/438
f 979/123/439 980/122/439 982/124/439 981/125/439
f 981/125/440 982/124/440 984/126/440 983/127/440
f 983/127/441 984/126/441 986/128/441 985/129/441
f 972/130/442 970/24/442 988/131/442 986/132/442 984/133/442 982/134/442 980/135/442 978/136/442 976/137/442 974/138/442
f 985/129/443 986/128/443 988/139/443 987/140/443
f 987/140/444 988/139/444 970/141/444 969/142/444
f 969/143/445 971/144/445 973/145/445 975/146/445 977/147/445 979/148/445 981/149/445 983/150/445 985/151/445 987/152/445
