# Blender 5.2.2 LTS
# www.blender.org
mtllib main part .mtl
o RenderMesh_106691776457786.001
v 0.087121 0.292284 -0.586830
v 0.081073 0.305885 -0.574989
v 0.090018 0.294011 -0.582462
v 0.128355 0.210407 -0.582462
v 0.067524 0.314577 -0.574989
v 0.052639 0.314406 -0.586830
v 0.053002 0.317759 -0.582462
v 0.000000 0.314406 -0.586830
v 0.000000 0.317759 -0.582462
v -0.052639 0.314406 -0.586830
v -0.053002 0.317759 -0.582462
v 0.000000 0.317759 -0.582462
v -0.052639 0.314406 -0.586830
v 0.053002 0.317759 -0.582462
v 0.052639 0.314406 -0.586830
v -0.067524 0.314577 -0.574989
v -0.087121 0.292284 -0.586830
v -0.081073 0.305885 -0.574989
v -0.090018 0.294011 -0.582462
v -0.128355 0.210407 -0.582462
v 0.000000 0.314406 -0.586830
v 0.083210 0.123326 -0.586830
v 0.000000 0.067104 -0.586830
v 0.099752 0.103463 -0.586830
v 0.103191 0.116319 -0.586830
v 0.070649 0.074360 -0.586830
v 0.103012 0.197225 -0.586830
v 0.070649 0.067104 -0.586830
v 0.065033 0.041561 -0.587415
v 0.049039 0.023231 -0.587834
v 0.087121 0.292284 -0.586830
v 0.052639 0.314406 -0.586830
v 0.126997 0.205326 -0.586830
v 0.123967 0.193998 -0.586830
v 0.025102 0.010983 -0.588115
v 0.000000 0.006682 -0.588213
v -0.025102 0.010983 -0.588115
v -0.049039 0.023231 -0.587834
v -0.065033 0.041561 -0.587415
v -0.070650 0.067104 -0.586830
v -0.070650 0.074361 -0.586830
v -0.083211 0.123326 -0.586830
v 0.083210 0.123326 -0.586830
v 0.070649 0.074360 -0.586830
v 0.000000 0.067104 -0.586830
v 0.000000 0.314406 -0.586830
v -0.083211 0.123326 -0.586830
v -0.099752 0.103463 -0.586830
v -0.070650 0.074361 -0.586830
v -0.103191 0.116320 -0.586830
v -0.102960 0.197032 -0.586830
v -0.087121 0.292284 -0.586830
v -0.052639 0.314406 -0.586830
v -0.126997 0.205326 -0.586830
v -0.123967 0.193998 -0.586830
v -0.073969 0.077628 0.588213
v -0.038004 0.095943 0.583306
v -0.073969 0.095943 0.583306
v -0.073969 0.109350 0.569899
v 0.126997 0.205326 -0.586830
v 0.087121 0.292284 -0.586830
v 0.128355 0.210407 -0.582462
v -0.128355 0.210407 -0.582462
v -0.087121 0.292284 -0.586830
v -0.126997 0.205326 -0.586830
v 0.000000 -0.223524 0.542867
v 0.056836 -0.205359 0.543756
v 0.000000 -0.205359 0.543756
v 0.061363 -0.223524 0.542867
v -0.056836 -0.205359 0.543756
v -0.061363 -0.223524 0.542867
v 0.038000 0.059314 0.583306
v 0.073969 0.059314 0.583306
v 0.038000 0.077628 0.588213
v 0.073969 0.077628 0.588213
v 0.087812 0.091244 0.575026
v 0.073969 0.077628 0.588213
v 0.087812 0.077628 0.578674
v -0.085798 0.114257 0.532186
v -0.085798 0.109691 0.532186
v -0.080189 0.114257 0.532186
v -0.087811 0.104830 0.532186
v -0.087811 0.046914 0.532186
v -0.080190 0.032758 0.532186
v -0.087811 0.041405 0.532186
v -0.105930 0.065682 0.532186
v -0.105930 0.076062 0.532186
v -0.105930 0.076062 0.532186
v -0.087811 0.104830 0.532186
v -0.105930 0.086711 0.532186
v -0.087811 0.046914 0.532186
v -0.080189 0.114257 0.532186
v -0.085798 0.109691 0.532186
v 0.038000 -0.002875 0.511981
v 0.073969 -0.002875 0.511981
v 0.038000 0.012132 0.516564
v 0.073969 -0.150474 0.511981
v 0.000000 -0.150474 0.511981
v 0.073969 0.012132 0.516564
v 0.038000 0.023259 0.527628
v 0.073969 0.023259 0.527628
v 0.073969 0.045907 0.569899
v 0.038000 0.045907 0.569899
v 0.038000 0.059314 0.583306
v 0.073969 0.059314 0.583306
v 0.000000 -0.150474 0.511981
v -0.038004 -0.002875 0.511981
v -0.073969 -0.150474 0.511981
v 0.000000 -0.002875 0.511981
v 0.038000 -0.002875 0.511981
v 0.000000 0.114257 0.512431
v 0.000000 -0.002875 0.511981
v 0.038000 0.114257 0.512431
v 0.038000 -0.002875 0.511981
v -0.038004 0.114257 0.512431
v -0.038004 -0.002875 0.511981
v -0.038004 0.109350 0.569899
v -0.073969 0.114257 0.551584
v -0.073969 0.109350 0.569899
v -0.038004 0.095943 0.583306
v -0.073969 0.077628 0.588213
v -0.038004 0.077628 0.588213
v 0.038000 0.077628 0.588213
v 0.073969 0.077628 0.588213
v 0.038001 0.095943 0.583306
v 0.073969 0.095943 0.583306
v 0.073969 0.109350 0.569899
v 0.038001 0.109350 0.569899
v 0.038001 0.114257 0.551584
v 0.080529 0.114257 0.551584
v 0.073969 0.095943 0.583306
v 0.087812 0.091244 0.575026
v 0.087812 0.101211 0.565059
v 0.073969 0.077628 0.588213
v 0.080529 0.114257 0.551584
v 0.073969 0.109350 0.569899
v -0.038004 0.059314 0.583306
v -0.073969 0.045907 0.569899
v -0.038004 0.045907 0.569899
v -0.038004 0.023259 0.527628
v -0.073969 0.023259 0.527628
v -0.073969 0.012132 0.516564
v -0.038004 0.012132 0.516564
v -0.073969 -0.002875 0.511981
v -0.038004 -0.002875 0.511981
v -0.073969 -0.150474 0.511981
v -0.038004 0.077628 0.588213
v -0.073969 0.059314 0.583306
v -0.073969 0.077628 0.588213
v -0.028747 -0.128335 -0.427508
v -0.028747 -0.081033 -0.427508
v 0.000000 -0.081033 -0.427508
v 0.000000 -0.128335 -0.427508
v 0.028747 -0.128336 -0.427508
v 0.028747 -0.081033 -0.427508
v 0.087812 0.101211 0.565059
v 0.073969 0.109350 0.569899
v 0.073969 0.095943 0.583306
v 0.087812 0.114257 0.542696
v 0.080529 0.114257 0.551584
v -0.070857 0.079624 -0.382708
v -0.070650 0.074360 -0.384292
v -0.075913 0.079624 -0.382708
v 0.070857 0.079624 -0.382708
v 0.075913 0.079624 -0.382708
v 0.070649 0.074360 -0.384292
v 0.073969 0.012132 0.516564
v 0.087812 -0.000809 0.498139
v 0.087812 0.019458 0.504328
v 0.087812 0.034485 0.519269
v 0.073969 0.023259 0.527628
v 0.073969 -0.002875 0.511981
v 0.087811 -0.152503 0.498139
v 0.073969 -0.150474 0.511981
v 0.073969 0.045907 0.569899
v 0.087812 0.052610 0.563623
v 0.073969 0.059314 0.583306
v 0.087812 0.064013 0.575026
v 0.073969 0.077628 0.588213
v 0.087812 0.077628 0.578674
v -0.073969 0.012132 0.516564
v -0.087811 -0.000809 0.498139
v -0.073969 -0.002875 0.511981
v -0.087811 -0.152503 0.498139
v -0.073969 -0.150474 0.511981
v -0.087811 0.034485 0.519269
v -0.087811 0.019458 0.504328
v -0.080190 0.032758 0.532186
v -0.073969 0.023259 0.527628
v -0.073969 0.045907 0.569899
v -0.073969 0.095943 0.583306
v -0.080189 0.103773 0.566679
v -0.080189 0.092723 0.577729
v 0.061363 -0.223524 0.542867
v 0.111934 -0.214174 0.493764
v 0.056836 -0.205359 0.543756
v 0.105479 -0.234076 0.503484
v 0.087811 -0.152503 0.498139
v 0.073969 -0.150474 0.511981
v -0.061363 -0.223524 0.542867
v -0.111934 -0.214174 0.493764
v -0.105479 -0.234076 0.503484
v -0.056836 -0.205359 0.543756
v -0.087811 -0.152503 0.498139
v -0.073969 -0.150474 0.511981
v 0.000000 -0.150474 0.511981
v 0.056836 -0.205359 0.543756
v 0.073969 -0.150474 0.511981
v 0.000000 -0.205359 0.543756
v -0.056836 -0.205359 0.543756
v -0.073969 -0.150474 0.511981
v -0.073969 0.077628 0.588213
v -0.080189 0.092723 0.577729
v -0.080189 0.077628 0.581773
v -0.073969 0.095943 0.583306
v -0.080189 0.103773 0.566679
v -0.073969 0.109350 0.569899
v -0.073969 0.114257 0.551584
v -0.080189 0.114257 0.532186
v -0.067524 0.314577 -0.574989
v -0.067524 0.314577 -0.509760
v -0.053002 0.317759 -0.509760
v -0.053002 0.317759 -0.509760
v -0.053002 0.317759 -0.582462
v -0.067524 0.314577 -0.574989
v 0.067524 0.314577 -0.509760
v 0.067524 0.314577 -0.574989
v 0.053002 0.317759 -0.509760
v 0.053002 0.317759 -0.582462
v 0.000000 0.317759 -0.582462
v 0.000000 0.317759 -0.509760
v -0.053002 0.317759 -0.582462
v -0.053002 0.317759 -0.509760
v 0.000000 0.317759 -0.509760
v 0.053002 0.317759 -0.509760
v 0.053002 0.317759 -0.582462
v -0.073969 0.045907 0.569899
v -0.038004 0.059314 0.583306
v -0.073969 0.059314 0.583306
v 0.061363 -0.223524 0.542867
v 0.081975 -0.233778 0.504598
v 0.105479 -0.234076 0.503484
v 0.064589 -0.230913 0.515291
v 0.044476 -0.229909 0.519037
v 0.000000 -0.223524 0.542867
v 0.000000 -0.229909 0.519037
v -0.044475 -0.229909 0.519037
v -0.061363 -0.223524 0.542867
v -0.064589 -0.230913 0.515291
v -0.081975 -0.233778 0.504598
v -0.105479 -0.234076 0.503484
v 0.081073 0.305885 -0.509760
v 0.081073 0.305885 -0.574989
v 0.067524 0.314577 -0.509760
v 0.067524 0.314577 -0.574989
v -0.081073 0.305885 -0.574989
v -0.081073 0.305885 -0.509760
v -0.067524 0.314577 -0.509760
v -0.081073 0.305885 -0.574989
v -0.067524 0.314577 -0.509760
v -0.067524 0.314577 -0.574989
v -0.087811 -0.000809 0.498139
v -0.073969 0.012132 0.516564
v -0.087811 0.019458 0.504328
v -0.087811 0.034485 0.519269
v -0.073969 0.023259 0.527628
v -0.080190 0.032758 0.532186
v -0.087811 0.041405 0.532186
v -0.073969 0.045907 0.569899
v -0.080190 0.050955 0.566151
v -0.080190 0.062534 0.577729
v -0.073969 0.059314 0.583306
v -0.080189 0.077628 0.581773
v -0.073969 0.077628 0.588213
v 0.000000 -0.224560 -0.262367
v 0.000000 -0.128335 -0.427508
v 0.028747 -0.128336 -0.427508
v -0.028747 -0.128335 -0.427508
v 0.028747 -0.224560 -0.262367
v -0.028747 -0.224560 -0.262367
v 0.000000 -0.224560 -0.236682
v 0.028747 -0.224560 -0.236682
v -0.028747 -0.224560 -0.236682
v 0.097410 -0.288994 0.191736
v 0.105479 -0.234076 0.503484
v 0.097433 -0.240364 0.467789
v 0.081975 -0.233778 0.504598
v 0.093427 -0.236849 0.487743
v 0.082037 -0.298276 0.138698
v 0.105345 -0.298272 0.139065
v 0.105345 -0.298272 0.139065
v 0.105479 -0.234076 0.503484
v 0.097410 -0.288994 0.191736
v 0.093427 -0.236849 0.487743
v 0.097433 -0.240364 0.467789
v -0.097410 -0.288993 0.191736
v -0.105479 -0.234076 0.503484
v -0.105345 -0.298272 0.139065
v -0.093427 -0.236849 0.487743
v -0.097433 -0.240364 0.467789
v -0.105479 -0.234076 0.503484
v -0.093427 -0.236849 0.487743
v -0.081975 -0.233778 0.504598
v -0.097410 -0.288993 0.191736
v -0.097433 -0.240364 0.467789
v -0.105345 -0.298272 0.139065
v -0.082037 -0.298276 0.138698
v 0.000000 -0.302319 0.092802
v 0.047949 -0.293766 0.085903
v 0.049088 -0.302319 0.092802
v 0.000000 -0.293765 0.085903
v 0.046848 -0.290284 0.078422
v -0.047949 -0.293765 0.085903
v -0.049088 -0.302319 0.092802
v -0.046849 -0.290284 0.078422
v 0.000000 -0.290284 0.078422
v 0.041673 -0.289338 0.070651
v -0.040398 -0.289338 0.070651
v 0.000000 -0.289338 0.070651
v 0.034799 -0.317759 -0.023241
v -0.034800 -0.317759 -0.023241
v 0.000000 -0.317759 -0.023241
v 0.034799 -0.317759 -0.116251
v -0.034799 -0.317759 -0.116251
v 0.000000 -0.317759 -0.116251
v 0.000000 -0.277737 -0.194627
v 0.043910 -0.277737 -0.194627
v -0.043910 -0.277737 -0.194627
v 0.000000 -0.273292 -0.213106
v 0.049088 -0.273292 -0.213106
v -0.049088 -0.273292 -0.213106
v 0.049088 -0.273292 -0.236682
v -0.049088 -0.273292 -0.236682
v 0.000000 -0.273292 -0.236682
v 0.069996 -0.302320 0.092802
v 0.051850 -0.300894 0.109099
v 0.049088 -0.302319 0.092802
v 0.064081 -0.300697 0.111342
v 0.074612 -0.300117 0.117747
v 0.000000 -0.300894 0.109099
v 0.000000 -0.302319 0.092802
v -0.049088 -0.302319 0.092802
v -0.051850 -0.300894 0.109099
v -0.069997 -0.302319 0.092802
v 0.105345 -0.298272 0.139065
v 0.081878 -0.299277 0.127341
v 0.082037 -0.298276 0.138698
v -0.081878 -0.299277 0.127341
v -0.074612 -0.300117 0.117747
v -0.105345 -0.298272 0.139065
v -0.082037 -0.298276 0.138698
v 0.069996 -0.302320 0.092802
v 0.081878 -0.299277 0.127341
v 0.074612 -0.300117 0.117747
v -0.069997 -0.302319 0.092802
v -0.051850 -0.300894 0.109099
v -0.064081 -0.300697 0.111342
v -0.074612 -0.300117 0.117747
v 0.088825 0.114257 -0.387360
v 0.088825 0.096313 -0.387360
v 0.088825 0.108105 -0.399152
v 0.092909 0.096620 -0.377500
v 0.089270 0.092981 -0.386287
v 0.088825 0.114257 -0.387360
v 0.092909 0.114257 -0.377500
v 0.099752 0.103463 -0.374665
v 0.103056 0.114257 -0.373415
v 0.087812 0.014046 0.290897
v 0.104615 0.015711 0.280383
v 0.100717 0.019700 0.282822
v 0.093134 -0.061511 0.287566
v 0.093758 -0.046484 0.287218
v 0.104615 -0.035420 0.280383
v 0.087812 0.014046 0.290897
v 0.096160 -0.041902 0.285673
v 0.093758 -0.046484 0.287218
v 0.104615 0.015711 0.280383
v 0.093134 -0.061511 0.287566
v 0.087811 -0.189046 0.290897
v 0.093134 -0.201927 0.287566
v -0.088825 0.114257 -0.387360
v -0.092910 0.096621 -0.377500
v -0.092910 0.114257 -0.377500
v -0.088825 0.096313 -0.387360
v -0.089270 0.092981 -0.386287
v -0.099752 0.103463 -0.374665
v -0.103056 0.114257 -0.373415
v -0.088825 0.114257 -0.387360
v -0.088825 0.108105 -0.399152
v -0.073969 0.114257 0.551584
v -0.038004 0.109350 0.569899
v -0.038004 0.114257 0.551584
v 0.103191 0.116319 -0.457174
v 0.083210 0.123326 -0.451366
v 0.092909 0.120189 -0.453090
v 0.081073 0.305885 -0.574989
v 0.090018 0.294011 -0.509760
v 0.090018 0.294011 -0.582462
v -0.083211 0.123326 -0.451366
v -0.103191 0.116320 -0.457174
v -0.092910 0.120189 -0.453090
v 0.000000 -0.273292 -0.236682
v 0.028747 -0.224560 -0.236682
v 0.049088 -0.273292 -0.236682
v 0.049088 -0.126518 -0.236682
v 0.000000 -0.224560 -0.236682
v 0.028747 -0.126518 -0.236682
v -0.028747 -0.224560 -0.236682
v 0.049088 -0.109111 -0.240144
v -0.049088 -0.273292 -0.236682
v 0.028747 -0.109111 -0.240144
v -0.049088 -0.126518 -0.236682
v 0.049088 -0.094355 -0.250004
v -0.028747 -0.126518 -0.236682
v 0.028747 -0.094355 -0.250004
v -0.049088 -0.109111 -0.240144
v 0.049088 -0.091084 -0.255137
v -0.028747 -0.109111 -0.240144
v 0.028747 -0.084290 -0.265795
v -0.049088 -0.094355 -0.250004
v 0.060894 -0.084290 -0.265795
v -0.028747 -0.094355 -0.250004
v -0.049088 -0.091084 -0.255137
v -0.028747 -0.084290 -0.265795
v -0.060894 -0.084290 -0.265795
v 0.028747 -0.081033 -0.282166
v -0.028747 -0.081033 -0.282166
v 0.070649 -0.081033 -0.282166
v 0.070649 -0.082590 -0.274340
v 0.070649 -0.081033 -0.392566
v 0.028747 -0.081033 -0.427508
v 0.065033 -0.081033 -0.420909
v 0.049039 -0.081033 -0.441250
v 0.025102 -0.081033 -0.454840
v 0.000000 -0.081033 -0.427508
v 0.000000 -0.081033 -0.459613
v -0.025102 -0.081033 -0.454840
v -0.028747 -0.081033 -0.427508
v -0.049039 -0.081033 -0.441250
v -0.065033 -0.081033 -0.420909
v -0.070650 -0.081033 -0.392566
v -0.070650 -0.081033 -0.282166
v -0.070650 -0.082590 -0.274340
v 0.087812 -0.000809 0.498139
v 0.073969 0.012132 0.516564
v 0.073969 -0.002875 0.511981
v 0.087812 0.034485 0.519269
v 0.087812 0.019458 0.504328
v 0.087812 0.052610 0.563623
v 0.073969 0.023259 0.527628
v 0.073969 0.059314 0.583306
v 0.087812 0.064013 0.575026
v -0.043910 -0.277737 -0.194627
v -0.049088 -0.274044 -0.191004
v -0.049088 -0.273292 -0.213106
v 0.049088 -0.274044 -0.191004
v 0.043910 -0.277737 -0.194627
v 0.049088 -0.273292 -0.213106
v 0.039976 -0.312374 -0.115967
v 0.034799 -0.317759 -0.116251
v 0.034799 -0.317759 -0.023241
v 0.039976 -0.312382 -0.023316
v 0.041673 -0.289338 0.070651
v 0.046849 -0.284307 0.069433
v -0.045574 -0.284307 0.069433
v -0.040398 -0.289338 0.070651
v -0.046849 -0.290284 0.078422
v -0.039976 -0.312382 -0.023316
v -0.034800 -0.317759 -0.023241
v -0.039976 -0.312374 -0.115967
v -0.034799 -0.317759 -0.116251
v -0.043910 -0.277737 -0.194627
v -0.049088 -0.274044 -0.191004
v -0.128355 0.210407 -0.582462
v -0.090018 0.294011 -0.509760
v -0.090018 0.294011 -0.582462
v -0.081073 0.305885 -0.574989
v -0.081073 0.305885 -0.509760
v 0.128355 0.210407 -0.582462
v 0.090018 0.294011 -0.509760
v 0.128355 0.210407 -0.509760
v 0.090018 0.294011 -0.582462
v 0.081073 0.305885 -0.574989
v 0.081073 0.305885 -0.509760
v -0.090018 0.294011 -0.509760
v -0.128355 0.210407 -0.582462
v -0.128355 0.210407 -0.509760
v 0.000000 -0.001083 -0.546285
v 0.025102 0.002835 -0.544563
v 0.000000 -0.020654 -0.511455
v 0.025102 0.010983 -0.588115
v 0.049039 0.023231 -0.587834
v 0.000000 0.006682 -0.588213
v 0.049039 0.013996 -0.539650
v -0.025102 0.010983 -0.588115
v 0.025102 -0.017660 -0.508280
v 0.049039 -0.009125 -0.499232
v -0.025102 0.002835 -0.544563
v -0.049039 0.023231 -0.587834
v -0.049039 0.013996 -0.539650
v -0.065033 0.041561 -0.587415
v -0.025102 -0.017660 -0.508280
v 0.000000 -0.046512 -0.480265
v -0.065033 0.030714 -0.532279
v -0.070650 0.067104 -0.586830
v -0.049039 -0.009125 -0.499232
v -0.070650 0.054027 -0.521983
v -0.070650 0.074361 -0.586830
v -0.070650 0.074360 -0.446899
v -0.070650 0.063267 -0.443926
v -0.070650 0.021433 -0.466842
v -0.070650 0.051293 -0.431952
v -0.065033 0.003651 -0.485688
v -0.070650 0.046910 -0.415595
v -0.070650 -0.023737 -0.421762
v -0.070650 0.051293 -0.399239
v -0.065033 -0.033224 -0.446326
v -0.049039 -0.040134 -0.464077
v -0.049039 -0.081033 -0.441250
v -0.065033 -0.081033 -0.420909
v -0.070650 -0.081033 -0.392566
v -0.070650 -0.081033 -0.282166
v -0.070650 0.063267 -0.387265
v -0.025102 -0.044837 -0.476038
v -0.025102 -0.081033 -0.454840
v 0.000000 -0.081033 -0.459613
v 0.025102 -0.081033 -0.454840
v 0.025102 -0.044837 -0.476038
v 0.049039 -0.081033 -0.441250
v 0.049039 -0.040134 -0.464077
v 0.065033 -0.033224 -0.446326
v 0.065033 0.003651 -0.485688
v -0.054676 -0.250986 0.138742
v -0.074612 -0.300117 0.117747
v -0.064081 -0.300697 0.111342
v -0.044761 -0.240475 0.138742
v -0.051850 -0.300894 0.109099
v -0.034059 -0.236225 0.138742
v -0.028027 -0.249386 0.132710
v 0.000000 -0.300894 0.109099
v -0.021972 -0.290624 0.113807
v 0.000000 -0.290624 0.113807
v -0.028027 -0.249386 0.132710
v -0.051850 -0.300894 0.109099
v -0.028027 -0.277415 0.119862
v -0.021972 -0.290624 0.113807
v 0.051850 -0.300894 0.109099
v 0.034059 -0.236225 0.138742
v 0.028027 -0.249386 0.132710
v 0.028027 -0.277415 0.119862
v 0.021972 -0.290624 0.113807
v 0.064081 -0.300697 0.111342
v 0.044761 -0.240475 0.138742
v 0.051850 -0.300894 0.109099
v 0.034059 -0.236225 0.138742
v 0.074612 -0.300117 0.117747
v 0.054675 -0.250986 0.138742
v 0.000000 -0.300894 0.109099
v 0.021972 -0.290624 0.113807
v 0.000000 -0.290624 0.113807
v -0.085985 -0.067190 0.337502
v -0.087811 -0.063065 0.335156
v -0.087811 -0.065387 0.334840
v -0.087811 -0.063065 0.339836
v -0.085985 -0.069724 0.337069
v -0.087811 -0.109509 0.309835
v -0.085985 -0.117862 0.309835
v 0.067192 -0.029168 0.213609
v 0.073763 0.009921 0.213605
v 0.067192 0.009921 0.213609
v 0.073763 -0.029168 0.213605
v 0.112337 -0.271167 0.162542
v 0.105345 -0.298272 0.139065
v 0.110279 -0.282313 0.140192
v 0.105479 -0.234076 0.503484
v 0.111934 -0.214174 0.493764
v -0.085985 -0.138734 0.319417
v -0.087811 -0.136220 0.316113
v -0.087811 -0.145347 0.315112
v -0.085985 -0.067440 0.359754
v -0.087811 -0.063093 0.357484
v -0.085985 -0.064412 0.367251
v -0.087811 -0.060057 0.367346
v -0.085985 -0.064420 0.374272
v -0.087811 -0.060057 0.376496
v -0.087811 -0.062416 0.380588
v 0.087812 0.032902 0.263968
v 0.087812 0.014046 0.290897
v 0.100717 0.019700 0.282822
v 0.041673 -0.289338 0.070651
v 0.046849 -0.284307 0.069433
v 0.046848 -0.290284 0.078422
v 0.103056 0.114257 0.267983
v 0.087812 0.114257 0.314073
v 0.099752 0.103463 0.279012
v 0.087812 0.091522 0.314073
v -0.111934 -0.273349 0.158166
v -0.105479 -0.234076 0.503484
v -0.111934 -0.214174 0.493764
v -0.105345 -0.298272 0.139065
v -0.110279 -0.282313 0.140192
v 0.111270 0.107659 0.076518
v 0.111270 0.107659 0.046013
v 0.103056 0.114257 0.076518
v 0.105462 0.112324 0.043121
v 0.103056 0.114257 0.036137
v 0.103056 0.114257 0.076518
v 0.105462 0.112324 0.043121
v 0.103056 0.114257 0.101543
v 0.111271 0.107659 0.132047
v 0.111271 0.107659 0.101543
v 0.105462 0.112324 0.134940
v 0.103056 0.114257 0.101543
v 0.103056 0.114257 0.141923
v 0.105462 0.112324 0.134940
v 0.083210 0.123326 -0.451366
v 0.103191 0.116319 -0.457174
v 0.083210 0.123326 -0.586830
v 0.103191 0.116319 -0.586830
v 0.088825 0.121590 -0.443229
v 0.092909 0.120189 -0.453090
v -0.083211 0.123326 -0.451366
v -0.092910 0.120189 -0.453090
v -0.088825 0.121590 -0.443229
v -0.083211 0.123326 -0.586830
v -0.103191 0.116320 -0.457174
v -0.103191 0.116320 -0.586830
v -0.087811 -0.067170 0.277429
v -0.085985 -0.067190 0.282168
v -0.087811 -0.063065 0.279835
v -0.087811 -0.070122 0.278099
v -0.085985 -0.069724 0.282602
v -0.085985 -0.117862 0.309835
v -0.087811 -0.126215 0.309835
v -0.093619 -0.103318 0.132737
v -0.087811 -0.108457 0.130481
v -0.087811 -0.100460 0.136849
v -0.087959 0.108477 0.042386
v -0.087945 0.104696 0.052398
v -0.085798 0.109691 0.052920
v -0.085798 0.112992 0.044209
v -0.085798 0.114257 0.043314
v -0.087970 0.114257 0.038290
v -0.092544 0.114257 0.035057
v -0.100592 0.106208 0.035057
v -0.098163 0.098272 0.042386
v -0.097274 0.095367 0.052398
v -0.097274 0.095367 0.337585
v -0.087859 0.104782 0.337585
v -0.085798 0.109691 0.532186
v -0.087856 0.104785 0.346680
v -0.099297 0.093344 0.346661
v -0.087811 0.104830 0.532186
v -0.105930 0.086711 0.360758
v -0.105930 0.086711 0.532186
v 0.044761 -0.240475 0.138742
v 0.064081 -0.300697 0.111342
v 0.054675 -0.250986 0.138742
v 0.074612 -0.300117 0.117747
v 0.059465 -0.256163 0.139695
v 0.081878 -0.299277 0.127341
v 0.115001 0.094858 0.132047
v 0.115001 0.094858 0.101543
v 0.111271 0.107659 0.101543
v 0.111271 0.107659 0.132047
v 0.111270 0.107659 0.046013
v 0.111270 0.107659 0.076518
v 0.115001 0.094858 0.046013
v 0.115001 0.094858 0.076518
v -0.074612 -0.300117 0.117747
v -0.054676 -0.250986 0.138742
v -0.059465 -0.256163 0.139695
v -0.081878 -0.299277 0.127341
v -0.092753 0.054494 0.135392
v -0.087811 0.050395 0.136849
v -0.087811 0.053677 0.138210
v -0.087811 0.058485 0.142082
v -0.088886 0.059302 0.139984
v -0.099752 0.050404 0.128393
v -0.099752 -0.093876 0.128393
v -0.087811 -0.100460 0.136849
v -0.093619 -0.103318 0.132737
v -0.067192 0.114257 0.151258
v -0.085798 0.114257 0.043314
v -0.085798 0.114257 0.532186
v -0.080189 0.114257 0.532186
v -0.073969 0.114257 0.551584
v -0.038004 0.114257 0.551584
v -0.038004 0.114257 0.512431
v 0.000000 0.114257 0.479652
v -0.054675 0.114257 0.479652
v 0.038000 0.114257 0.512431
v 0.000000 0.114257 0.512431
v 0.054676 0.114257 0.479652
v 0.059465 0.114257 0.478700
v 0.038001 0.114257 0.551584
v 0.080529 0.114257 0.551584
v 0.087812 0.114257 0.542696
v 0.063526 0.114257 0.475986
v 0.066239 0.114257 0.471926
v 0.067192 0.114257 0.467136
v 0.087812 0.114257 0.314073
v 0.067192 0.114257 0.151258
v 0.103056 0.114257 0.267983
v 0.103056 0.114257 0.141923
v 0.066239 0.114257 0.146469
v 0.063526 0.114257 0.142408
v 0.103056 0.114257 0.101543
v 0.059465 0.114257 0.139695
v 0.054676 0.114257 0.138742
v 0.028027 0.114257 0.119862
v 0.034059 0.114257 0.138742
v 0.028027 0.114257 0.132710
v 0.021972 0.114257 0.113807
v 0.000000 0.114257 0.101543
v 0.000000 0.114257 0.113807
v 0.049670 0.114257 -0.245556
v 0.103056 0.114257 -0.373415
v 0.092909 0.114257 -0.377500
v 0.049670 0.114257 -0.415167
v 0.088825 0.114257 -0.387360
v 0.103056 0.114257 0.141923
v 0.063526 0.114257 0.142408
v 0.066239 0.114257 0.146469
v 0.000000 0.143520 -0.482054
v -0.088817 0.144247 -0.482054
v -0.040221 0.133670 -0.467123
v -0.000002 0.133340 -0.467123
v -0.047141 0.130096 -0.461784
v -0.083211 0.123326 -0.451366
v -0.049674 0.123032 -0.451366
v -0.088825 0.121590 -0.443229
v -0.049674 0.114257 -0.415167
v -0.092910 0.114257 -0.377500
v -0.049674 0.114257 -0.245556
v -0.103056 0.114257 -0.373415
v -0.058336 0.114257 -0.234002
v -0.061432 0.114257 -0.222449
v -0.103056 0.114257 0.031789
v -0.061432 0.114257 0.017087
v -0.092544 0.114257 0.035057
v -0.087970 0.114257 0.038290
v -0.057566 0.114257 0.031514
v -0.085798 0.114257 0.043314
v -0.047004 0.114257 0.042076
v -0.063934 0.114257 0.076518
v -0.032576 0.114257 0.045942
v 0.000000 0.114257 0.076518
v 0.000000 0.114257 0.045942
v -0.063934 0.114257 0.101543
v -0.066239 0.114257 0.146469
v -0.067192 0.114257 0.151258
v -0.063526 0.114257 0.142408
v -0.059465 0.114257 0.139695
v -0.054675 0.114257 0.138742
v -0.028027 0.114257 0.119862
v -0.034059 0.114257 0.138742
v -0.028027 0.114257 0.132710
v -0.021972 0.114257 0.113807
v 0.000000 0.114257 0.101543
v 0.000000 0.114257 0.113807
v -0.085798 0.114257 0.532186
v -0.067191 0.114257 0.467136
v -0.066239 0.114257 0.471926
v -0.063526 0.114257 0.475986
v -0.080189 0.114257 0.532186
v -0.059465 0.114257 0.478700
v -0.038004 0.114257 0.512431
v -0.054675 0.114257 0.479652
v -0.038004 0.114257 0.551584
v 0.000000 0.114257 0.479652
v 0.000000 0.114257 0.512431
v -0.085985 -0.138734 0.300254
v -0.087811 -0.141248 0.296950
v -0.087811 -0.145347 0.304559
v -0.087811 -0.071787 0.257648
v -0.085985 -0.067440 0.259917
v -0.087811 -0.068766 0.251348
v -0.085985 -0.064412 0.252420
v -0.085985 -0.064421 0.245399
v -0.087811 -0.068783 0.245399
v -0.087811 -0.062416 0.239083
v 0.000000 0.133340 -0.467123
v 0.000000 0.143520 -0.482054
v -0.000002 0.133340 -0.467123
v 0.040217 0.133670 -0.467123
v 0.088817 0.144247 -0.482054
v 0.047137 0.130096 -0.461784
v 0.083210 0.123326 -0.451366
v 0.049670 0.123032 -0.451366
v 0.088825 0.121590 -0.443229
v 0.049670 0.114257 -0.415167
v 0.088825 0.114257 -0.415167
v 0.088825 0.114257 -0.387360
v 0.049670 0.114257 -0.245556
v 0.092909 0.114257 -0.377500
v 0.103056 0.114257 -0.373415
v 0.058332 0.114257 -0.234002
v 0.061428 0.114257 -0.222449
v 0.103056 0.114257 0.036137
v 0.061428 0.114257 0.017087
v 0.057562 0.114257 0.031514
v 0.103056 0.114257 0.076518
v 0.047000 0.114257 0.042076
v 0.032573 0.114257 0.045942
v 0.000000 0.114257 0.076518
v 0.000000 0.114257 0.045942
v 0.102332 0.102007 0.134940
v 0.111271 0.107659 0.132047
v 0.105462 0.112324 0.134940
v 0.108559 0.098493 0.132047
v 0.115001 0.094858 0.132047
v -0.070650 -0.019289 -0.110535
v -0.061432 -0.025113 -0.108975
v -0.070650 -0.025113 -0.108975
v -0.061432 -0.019289 -0.110535
v 0.061428 -0.025113 -0.108975
v 0.061428 -0.019289 -0.110536
v 0.070650 -0.025113 -0.108975
v 0.070650 -0.019289 -0.110536
v -0.070650 -0.025113 -0.108975
v -0.061432 -0.030937 -0.110535
v -0.070650 -0.030937 -0.110535
v -0.061432 -0.025113 -0.108975
v 0.061428 -0.030937 -0.110536
v 0.061428 -0.025113 -0.108975
v 0.070649 -0.030937 -0.110536
v 0.070650 -0.025113 -0.108975
v 0.115001 0.094858 0.046013
v 0.115001 0.094858 0.076518
v 0.115001 0.079405 0.046013
v 0.115001 0.079405 0.076518
v -0.088886 0.059302 0.139984
v -0.088886 0.059302 0.046371
v -0.092753 0.054494 0.135392
v 0.114122 0.073468 0.132047
v 0.114122 0.073468 0.101543
v 0.115001 0.079405 0.101543
v 0.115001 0.079405 0.132047
v 0.115001 0.094858 0.101543
v 0.115001 0.094858 0.132047
v 0.115001 0.079405 0.101543
v -0.063526 0.114257 0.142408
v -0.063526 -0.259658 0.142408
v -0.059465 -0.256163 0.139695
v -0.059465 0.114257 0.139695
v -0.054676 -0.250986 0.138742
v -0.054675 0.114257 0.138742
v -0.044761 -0.240475 0.138742
v -0.034059 -0.236225 0.138742
v -0.034059 0.114257 0.138742
v 0.063526 -0.259658 0.142408
v 0.063526 0.114257 0.142408
v 0.059465 -0.256163 0.139695
v 0.059465 0.114257 0.139695
v 0.059465 0.114257 0.139695
v 0.054675 -0.250986 0.138742
v 0.054676 0.114257 0.138742
v 0.044761 -0.240475 0.138742
v 0.034059 -0.236225 0.138742
v 0.034059 0.114257 0.138742
v 0.104615 0.015712 0.170491
v 0.104615 0.015711 0.280383
v 0.104615 0.009908 0.256251
v 0.104615 0.009935 0.170491
v 0.104615 -0.009623 0.275783
v 0.104615 0.000142 0.273166
v 0.104615 -0.035420 0.280383
v 0.104615 -0.019389 0.273166
v 0.104615 -0.029155 0.256251
v 0.104615 -0.026538 0.266017
v 0.104615 -0.035420 0.170491
v 0.104615 -0.029181 0.170491
v 0.104615 -0.035420 0.280383
v 0.104615 -0.026538 0.266017
v 0.104615 -0.019389 0.273166
v 0.104615 0.009908 0.256251
v 0.104615 0.015711 0.280383
v 0.104615 0.007291 0.266017
v 0.104615 0.000142 0.273166
v 0.087812 0.058707 0.130110
v 0.106897 0.058707 0.130110
v 0.087812 0.065934 0.132047
v 0.110927 0.065934 0.132047
v 0.101992 0.080891 0.132047
v 0.114122 0.073468 0.132047
v 0.097157 0.082894 0.132047
v 0.106827 0.082894 0.132047
v 0.115001 0.079405 0.132047
v 0.108830 0.087730 0.132047
v 0.115001 0.094858 0.132047
v 0.106827 0.092565 0.132047
v 0.108559 0.098493 0.132047
v 0.101992 0.094568 0.132047
v 0.087812 0.091522 0.132047
v 0.095154 0.087730 0.132047
v 0.097157 0.092565 0.132047
v 0.087812 0.032902 0.263968
v 0.104615 0.015711 0.280383
v 0.104615 0.015712 0.170491
v 0.100717 0.019700 0.282822
v 0.087812 0.032902 0.263968
v 0.104615 0.015712 0.170491
v 0.087812 0.032902 0.157230
v 0.106827 0.092565 0.117615
v 0.106827 0.092565 0.132047
v 0.101992 0.094568 0.117615
v 0.108830 0.087730 0.117615
v 0.101992 0.094568 0.132047
v 0.108830 0.087730 0.132047
v 0.097157 0.092565 0.117615
v 0.106827 0.082894 0.117615
v 0.097157 0.092565 0.132047
v 0.106827 0.082894 0.132047
v 0.095154 0.087730 0.117615
v 0.101992 0.080891 0.132047
v 0.095154 0.087730 0.132047
v 0.101992 0.080891 0.117615
v 0.097157 0.082894 0.117615
v 0.097157 0.082894 0.132047
v 0.115001 0.079405 0.046013
v 0.115001 0.079405 0.076518
v 0.114121 0.073468 0.046013
v 0.114122 0.073468 0.076518
v -0.105930 0.076062 0.532186
v -0.105930 0.076062 0.399898
v -0.105930 0.065682 0.532186
v -0.105930 0.086711 0.532186
v -0.105930 0.071950 0.398194
v -0.105930 0.080175 0.398194
v -0.105930 0.081879 0.394082
v -0.105930 0.086711 0.360758
v -0.105930 0.070246 0.394082
v -0.105930 0.065682 0.369021
v -0.105930 0.071950 0.389969
v -0.105930 0.076062 0.388266
v -0.105930 0.080175 0.389969
v -0.105930 0.081879 0.394082
v -0.105930 0.086711 0.360758
v -0.105930 0.080175 0.389969
v 0.093758 -0.046484 0.193562
v 0.096160 -0.041902 0.285673
v 0.093758 -0.046484 0.287218
v 0.096160 -0.041902 0.185276
v 0.093134 -0.052281 0.199192
v -0.063934 0.076131 0.101543
v 0.048124 0.076131 0.076518
v -0.063934 0.076131 0.076518
v 0.048124 0.076131 0.101543
v 0.093134 -0.052281 0.199192
v 0.093758 -0.046484 0.287218
v 0.093134 -0.061511 0.201524
v 0.093134 -0.061511 0.287566
v 0.093141 -0.216729 0.201531
v 0.093134 -0.061511 0.201524
v 0.093134 -0.201927 0.287566
v 0.093134 -0.061511 0.287566
v 0.101992 0.094568 0.117615
v 0.106827 0.082894 0.117615
v 0.106827 0.092565 0.117615
v 0.108830 0.087730 0.117615
v 0.101992 0.080891 0.117615
v 0.095154 0.087730 0.117615
v 0.097157 0.092565 0.117615
v 0.097157 0.082894 0.117615
v -0.105930 0.076062 0.399898
v -0.095007 0.073970 0.396174
v -0.105930 0.071950 0.398194
v -0.095007 0.076062 0.397041
v -0.105930 0.070246 0.394082
v -0.095007 0.073103 0.394082
v -0.095007 0.073970 0.391989
v -0.105930 0.071950 0.389969
v -0.105930 0.076062 0.388266
v -0.095007 0.076062 0.391122
v -0.095007 0.078155 0.391989
v -0.105930 0.080175 0.389969
v -0.105930 0.081879 0.394082
v -0.095007 0.079022 0.394082
v -0.095007 0.078155 0.396174
v -0.105930 0.080175 0.398194
v -0.105930 0.076062 0.399898
v -0.095007 0.076062 0.397041
v 0.065033 0.030714 -0.532279
v 0.070649 0.054027 -0.521983
v 0.070649 0.067104 -0.586830
v 0.065033 0.041561 -0.587415
v 0.070649 0.074360 -0.586830
v 0.070649 0.074360 -0.446899
v 0.070649 0.063267 -0.443926
v 0.070649 0.021433 -0.466842
v -0.099752 -0.093876 0.128393
v -0.099752 0.050404 0.128393
v -0.099752 -0.024554 0.118657
v -0.099752 0.028636 0.118657
v -0.099752 -0.035097 0.116615
v -0.099752 0.036708 0.115314
v -0.099752 -0.053164 0.109343
v -0.099752 0.040051 0.107242
v -0.099752 0.050626 0.055990
v -0.099752 0.040051 0.057916
v -0.099752 -0.058373 0.104924
v -0.099752 -0.078604 0.102567
v -0.099752 -0.060543 0.098447
v -0.099752 -0.068923 0.086197
v -0.099752 -0.060576 0.084677
v -0.021972 0.114257 0.113807
v -0.021972 -0.290624 0.113807
v 0.000000 -0.290624 0.113807
v 0.000000 0.114257 0.113807
v 0.000000 -0.290624 0.113807
v 0.021972 0.114257 0.113807
v 0.000000 0.114257 0.113807
v 0.021972 -0.290624 0.113807
v 0.088825 0.114257 -0.415167
v 0.088825 0.108105 -0.432039
v 0.088825 0.121590 -0.443229
v 0.088825 0.112511 -0.415595
v 0.088825 0.108105 -0.399152
v 0.088825 0.114257 -0.387360
v -0.081878 -0.299277 0.127341
v -0.063526 -0.259658 0.142408
v -0.066239 -0.261424 0.146469
v -0.059465 -0.256163 0.139695
v -0.082037 -0.298276 0.138698
v -0.067192 -0.260821 0.151258
v -0.097410 -0.288993 0.191736
v -0.067192 -0.224202 0.204910
v 0.087812 0.091522 0.132047
v 0.087812 0.091522 0.314073
v 0.087812 0.032902 0.263968
v 0.087812 0.014046 0.290897
v 0.087812 -0.000809 0.498139
v 0.087811 -0.152503 0.498139
v 0.087812 0.032902 0.157230
v 0.087812 0.065934 0.132047
v 0.087812 0.058707 0.130110
v 0.087812 0.053415 0.124819
v 0.087812 0.029894 0.101543
v 0.087812 0.009915 0.049409
v 0.087812 0.000171 0.054122
v 0.087812 0.003701 0.045791
v 0.087812 -0.009623 0.051498
v 0.087812 0.007341 0.061292
v 0.087812 0.018265 0.064124
v 0.087812 0.009966 0.071087
v 0.087812 0.024781 0.067918
v 0.087812 0.023638 0.078194
v 0.087812 0.029894 0.076518
v 0.087812 0.019058 0.082774
v 0.087812 0.051479 0.067918
v 0.087812 0.051479 0.076518
v 0.087812 0.017382 0.089030
v 0.087812 0.009939 0.157230
v 0.087812 0.019058 0.095286
v 0.087812 0.023638 0.099866
v 0.087812 0.029894 0.101543
v 0.087812 0.032902 0.157230
v 0.087812 0.053415 0.124819
v 0.087812 0.051479 0.117592
v 0.087812 0.051479 0.101543
v 0.087812 0.114257 0.542696
v 0.087812 0.019458 0.504328
v 0.087812 0.114257 0.314073
v 0.087812 0.034485 0.519269
v 0.087811 -0.062277 0.196079
v 0.087811 -0.050667 0.190141
v 0.087811 -0.054990 0.194340
v 0.087812 -0.028039 0.049074
v 0.087812 -0.026588 0.061292
v 0.087812 -0.033724 0.056381
v 0.087812 -0.019418 0.054122
v 0.087812 -0.036279 0.063824
v 0.087812 -0.029212 0.071087
v 0.087812 -0.036279 0.107080
v 0.087812 -0.029186 0.157230
v 0.087812 -0.038479 0.118011
v 0.087812 -0.021324 0.045791
v 0.087812 -0.009623 0.051498
v 0.087812 0.003701 0.045791
v 0.087812 -0.033681 0.157230
v 0.087811 -0.055519 0.148237
v 0.087811 -0.061288 0.151442
v 0.087811 -0.050667 0.190141
v 0.087811 -0.062277 0.196079
v 0.087811 -0.214296 0.196079
v 0.087811 -0.233792 0.151442
v 0.087812 -0.038479 0.118011
v 0.087812 -0.029186 0.157230
v 0.087812 -0.033681 0.157230
v 0.087812 -0.021324 0.045791
v 0.087812 -0.019418 0.054122
v 0.087812 -0.028039 0.049074
v 0.087812 0.051479 0.067918
v 0.087812 0.029894 0.076518
v 0.087812 0.024781 0.067918
v 0.087812 0.052610 0.563623
v 0.087812 0.101211 0.565059
v 0.087812 0.064013 0.575026
v 0.087812 0.091244 0.575026
v 0.087812 0.077628 0.578674
v 0.087812 0.114257 0.314073
v 0.087812 0.019458 0.504328
v 0.087812 0.091522 0.314073
v 0.087812 -0.000809 0.498139
v 0.087812 0.101211 0.565059
v 0.087812 0.052610 0.563623
v 0.087812 0.114257 0.542696
v 0.087812 0.034485 0.519269
v 0.087812 0.014046 0.290897
v 0.087811 -0.152503 0.498139
v 0.087811 -0.189046 0.290897
v -0.095007 0.076062 0.397041
v -0.095007 0.079022 0.394082
v -0.095007 0.073103 0.394082
v -0.095007 0.078155 0.396174
v -0.095007 0.073970 0.396174
v -0.095007 0.076062 0.391122
v -0.095007 0.073970 0.391989
v -0.095007 0.078155 0.391989
v -0.070650 -0.015026 -0.114799
v -0.061432 -0.019289 -0.110535
v -0.070650 -0.019289 -0.110535
v -0.061432 -0.015026 -0.114799
v 0.070650 -0.019289 -0.110536
v 0.061428 -0.019289 -0.110536
v 0.061428 -0.015026 -0.114799
v 0.070650 -0.015026 -0.114799
v -0.061432 -0.030937 -0.110535
v -0.070650 -0.035201 -0.114799
v -0.070650 -0.030937 -0.110535
v -0.061432 -0.035201 -0.114799
v 0.061428 -0.030937 -0.110536
v 0.070649 -0.030937 -0.110536
v 0.061428 -0.035201 -0.114799
v 0.070649 -0.035201 -0.114799
v -0.088825 0.114257 -0.387360
v -0.088825 0.114257 -0.415167
v -0.088825 0.108105 -0.399152
v -0.088825 0.112511 -0.415595
v -0.088825 0.108105 -0.432039
v -0.088825 0.121590 -0.443229
v -0.088825 0.096915 -0.443229
v -0.087811 -0.067170 0.277429
v -0.087811 -0.063093 0.262187
v -0.087811 -0.070122 0.278099
v -0.087811 -0.136220 0.303558
v -0.087811 -0.126215 0.309835
v -0.087811 -0.136220 0.316113
v -0.087811 -0.070122 0.341572
v -0.087811 -0.063093 0.357484
v -0.087811 -0.067170 0.342242
v -0.087811 -0.033576 0.267927
v -0.087811 -0.006297 0.261073
v -0.087811 -0.033575 0.230833
v -0.087811 -0.030273 0.225113
v -0.087811 -0.006298 0.211272
v -0.087811 -0.009600 0.266794
v -0.087811 -0.022569 0.273843
v -0.087811 -0.006297 0.358597
v -0.087811 -0.033575 0.388838
v -0.087811 -0.030273 0.394557
v -0.087811 -0.006298 0.408398
v -0.087811 -0.033576 0.351743
v -0.087811 -0.009599 0.352877
v -0.087811 -0.022569 0.345828
v -0.087811 -0.049641 0.280683
v -0.087811 -0.025487 0.282073
v -0.087811 -0.041807 0.272679
v -0.087811 -0.026606 0.293982
v -0.087811 -0.063065 0.279835
v -0.087811 -0.053756 0.283059
v -0.087811 -0.063093 0.262187
v -0.087811 -0.067170 0.277429
v -0.087811 -0.041807 0.272679
v -0.087811 -0.026606 0.325689
v -0.087811 -0.049641 0.338988
v -0.087811 -0.025487 0.337597
v -0.087811 -0.019652 0.337597
v -0.087811 -0.023689 0.320635
v -0.087811 -0.041806 0.346991
v -0.087811 -0.063093 0.357484
v -0.087811 -0.063065 0.339836
v -0.087811 -0.067170 0.342242
v -0.087811 -0.053756 0.336612
v -0.087811 -0.063065 0.284515
v -0.087811 -0.053756 0.283059
v -0.087811 -0.063065 0.279835
v -0.087811 -0.049641 0.290186
v -0.087811 -0.065387 0.284831
v -0.087811 -0.032313 0.309835
v -0.087811 -0.032314 0.300556
v -0.087811 -0.049641 0.329485
v -0.087811 -0.032314 0.319115
v -0.087811 -0.065387 0.334840
v -0.087811 -0.109509 0.309835
v -0.087811 -0.063065 0.335156
v -0.087811 -0.053756 0.336612
v -0.087811 -0.063065 0.339836
v -0.087811 -0.041807 0.391044
v -0.087811 -0.060057 0.367346
v -0.087811 -0.060057 0.376496
v -0.087811 -0.041806 0.346991
v -0.087811 -0.063093 0.357484
v -0.087811 -0.062416 0.380588
v -0.087811 -0.036300 0.400584
v -0.087811 -0.152503 0.498139
v -0.087811 -0.068783 0.374272
v -0.087811 -0.000809 0.498139
v -0.087811 -0.068766 0.368323
v -0.087811 -0.071787 0.362023
v -0.087811 0.019458 0.504328
v -0.087811 0.001936 0.422661
v -0.087811 0.041405 0.532186
v -0.087811 0.034485 0.519269
v -0.087811 -0.041807 0.272679
v -0.087811 -0.060057 0.252325
v -0.087811 -0.063093 0.262187
v -0.087811 -0.041808 0.228627
v -0.087811 -0.060057 0.243175
v -0.087811 -0.062416 0.239083
v -0.087811 -0.036300 0.219086
v -0.087811 -0.100460 0.136849
v -0.087811 0.001936 0.197010
v -0.087811 0.050395 0.136849
v -0.087811 0.061635 0.149568
v -0.087811 0.058485 0.142082
v -0.087811 0.058485 0.142082
v -0.087811 0.053677 0.138210
v -0.087811 0.001934 0.263279
v -0.087811 0.061635 0.149568
v -0.087811 0.001934 0.356391
v -0.087811 0.061635 0.337585
v -0.087811 -0.003574 0.346851
v -0.087811 -0.003574 0.272819
v -0.087811 -0.023689 0.309835
v -0.087811 -0.023689 0.320635
v -0.087811 -0.019652 0.337597
v -0.087811 -0.023689 0.299035
v -0.087811 -0.019652 0.282074
v -0.087811 -0.026606 0.293982
v -0.087811 -0.025487 0.282073
v -0.087811 -0.026606 0.325689
v -0.087811 -0.025487 0.337597
v -0.087811 -0.145347 0.315112
v -0.087811 -0.136220 0.303558
v -0.087811 -0.145347 0.304559
v -0.087811 -0.136220 0.316113
v -0.087811 -0.202467 0.214778
v -0.087811 -0.141248 0.296950
v -0.087811 -0.233792 0.151442
v -0.087811 -0.125542 0.151442
v -0.087811 -0.233792 0.151442
v -0.087811 -0.071787 0.257648
v -0.087811 -0.125542 0.151442
v -0.087811 -0.068766 0.251348
v -0.087811 -0.068783 0.245399
v -0.087811 -0.115358 0.144835
v -0.087811 -0.108457 0.130481
v -0.087811 -0.100460 0.136849
v -0.087811 -0.145347 0.315112
v -0.087811 -0.152503 0.498139
v -0.087811 -0.141248 0.322721
v -0.087811 -0.202467 0.214778
v -0.087811 -0.071787 0.362023
v -0.087811 -0.152503 0.498139
v -0.087811 -0.068783 0.374272
v -0.087811 -0.068766 0.368323
v -0.087811 0.001936 0.422661
v -0.087811 -0.036300 0.400584
v -0.087811 -0.000809 0.498139
v -0.087811 0.034485 0.519269
v -0.087811 0.019458 0.504328
v -0.087811 0.041405 0.532186
v -0.087811 0.046914 0.532186
v -0.087811 0.046914 0.404596
v -0.087811 0.001934 0.356391
v -0.087811 0.060223 0.380612
v -0.087811 0.061635 0.373036
v -0.087811 0.061635 0.347140
v -0.087811 0.061635 0.337585
v -0.087811 0.001934 0.263279
v -0.087811 0.061635 0.149568
v -0.087811 -0.145347 0.304559
v -0.087811 -0.141248 0.296950
v -0.087811 -0.202467 0.214778
v -0.087811 -0.068783 0.245399
v -0.087811 -0.062416 0.239083
v -0.087811 -0.100460 0.136849
v -0.087811 0.053677 0.138210
v -0.087811 0.050395 0.136849
v -0.087811 0.001936 0.197010
v 0.049088 -0.245051 0.098997
v 0.032364 -0.252190 0.080408
v 0.032364 -0.235642 0.092128
v 0.049088 -0.263407 0.085481
v 0.049088 -0.224177 0.103944
v 0.032364 -0.218156 0.096427
v 0.049088 -0.140940 0.103944
v 0.032364 -0.141974 0.096447
v 0.032364 -0.126534 0.092199
v 0.049088 -0.122934 0.098857
v 0.032364 -0.114549 0.081630
v 0.049088 -0.108818 0.086574
v 0.050801 -0.080861 0.042975
v 0.032364 -0.087678 0.039687
v 0.034462 -0.084110 0.029152
v 0.054424 -0.076773 0.031008
v 0.039180 -0.082146 0.017498
v 0.056346 -0.074604 0.018129
v 0.039180 -0.082069 -0.159958
v 0.056346 -0.074604 -0.161202
v -0.087811 -0.023689 0.320635
v -0.087811 -0.023689 0.309835
v -0.085985 -0.028001 0.319875
v -0.087811 -0.026606 0.325689
v -0.085985 -0.028001 0.309835
v -0.085985 -0.029619 0.322677
v -0.085985 -0.028001 0.299796
v -0.085985 -0.049641 0.334236
v -0.087811 -0.049641 0.338988
v -0.087811 -0.053756 0.336612
v -0.087811 -0.023689 0.299035
v -0.087811 -0.026606 0.293982
v -0.085985 -0.029619 0.296994
v -0.085985 -0.049641 0.285434
v -0.087811 -0.049641 0.280683
v -0.087811 -0.053756 0.283059
v -0.085985 -0.037691 0.270303
v -0.087811 -0.041808 0.228627
v -0.087811 -0.041807 0.272679
v -0.087811 -0.025487 0.282073
v -0.085985 -0.037691 0.229730
v -0.085985 -0.024187 0.277958
v -0.085985 -0.033286 0.222100
v -0.085985 -0.020952 0.277958
v -0.087811 -0.036300 0.219086
v -0.085985 -0.002181 0.204141
v -0.087811 0.001936 0.197010
v -0.087811 -0.019652 0.282074
v -0.085985 -0.006587 0.269807
v -0.087811 -0.003574 0.272819
v -0.085985 -0.002181 0.262176
v -0.087811 0.001934 0.263279
v -0.085985 -0.002181 0.204141
v -0.087811 0.001936 0.197010
v -0.087811 -0.022569 0.273843
v -0.085985 -0.024187 0.277958
v -0.085985 -0.020952 0.277958
v -0.087811 -0.033576 0.267927
v -0.087811 -0.009600 0.266794
v -0.085985 -0.037691 0.270303
v -0.085985 -0.006587 0.269807
v -0.085985 -0.037691 0.229730
v -0.085985 -0.002181 0.262176
v -0.087811 -0.033575 0.230833
v -0.087811 -0.006297 0.261073
v -0.087811 -0.006298 0.211272
v -0.085985 -0.002181 0.204141
v -0.085985 -0.033286 0.222100
v -0.087811 -0.030273 0.225113
v -0.087811 -0.006298 0.211272
v -0.085985 -0.002181 0.204141
v -0.087811 0.001936 0.422661
v -0.087811 0.001934 0.356391
v -0.085985 -0.002181 0.415530
v -0.085985 -0.002181 0.357494
v -0.087811 -0.003574 0.346851
v -0.085985 -0.006587 0.349864
v -0.087811 -0.019652 0.337597
v -0.085985 -0.020952 0.341713
v -0.087811 -0.025487 0.337597
v -0.085985 -0.024187 0.341713
v -0.085985 -0.037691 0.349367
v -0.087811 -0.041806 0.346991
v -0.087811 -0.041807 0.391044
v -0.085985 -0.037691 0.389941
v -0.085985 -0.033286 0.397571
v -0.087811 -0.036300 0.400584
v -0.085985 -0.002181 0.415530
v -0.087811 0.001936 0.422661
v -0.085985 -0.037691 0.389941
v -0.087811 -0.033576 0.351743
v -0.085985 -0.037691 0.349367
v -0.085985 -0.024187 0.341713
v -0.087811 -0.033575 0.388838
v -0.087811 -0.022569 0.345828
v -0.087811 -0.030273 0.394557
v -0.085985 -0.020952 0.341713
v -0.085985 -0.033286 0.397571
v -0.087811 -0.006298 0.408398
v -0.085985 -0.002181 0.415530
v -0.087811 -0.009599 0.352877
v -0.085985 -0.006587 0.349864
v -0.087811 -0.006297 0.358597
v -0.085985 -0.002181 0.357494
v -0.087811 -0.006298 0.408398
v -0.085985 -0.002181 0.415530
v -0.085798 0.114257 0.532186
v -0.085798 0.109691 0.052920
v -0.085798 0.109691 0.532186
v -0.085798 0.114257 0.043314
v -0.085798 0.112992 0.044209
v 0.070649 0.051293 -0.431952
v 0.070649 0.046910 -0.415595
v 0.070649 -0.023737 -0.421762
v 0.070649 0.051293 -0.399239
v 0.070649 -0.081033 -0.282166
v 0.070649 0.063267 -0.387265
v 0.070649 -0.081033 -0.392566
v 0.065033 -0.081033 -0.420909
v 0.070649 -0.058465 -0.241500
v 0.070649 -0.082590 -0.274340
v 0.070649 0.074360 -0.384292
v 0.070650 -0.015026 -0.126447
v 0.070650 -0.013466 -0.120623
v 0.070650 0.074360 0.046013
v 0.070650 0.032762 0.000686
v 0.070650 0.028498 -0.003577
v 0.070650 0.065934 0.046013
v 0.070650 0.034322 0.006510
v 0.070650 0.032762 0.012334
v 0.070650 0.022674 -0.005138
v 0.070650 -0.015026 -0.114799
v 0.070650 -0.019289 -0.110536
v 0.070650 0.058707 0.047950
v 0.070650 0.028498 0.016597
v 0.070650 0.053415 0.053241
v 0.070650 0.028569 0.057297
v 0.070650 0.052329 0.057297
v 0.070650 0.022674 0.018158
v 0.070650 0.022053 0.053503
v 0.070650 0.013703 0.038788
v 0.070650 0.007490 0.035170
v 0.070650 0.016850 0.016597
v 0.070650 0.012587 0.012334
v 0.070650 -0.030876 0.035170
v 0.070650 0.011026 0.006510
v 0.070650 0.012587 0.000686
v 0.070650 -0.025113 -0.108975
v 0.070650 0.016850 -0.003577
v 0.070649 -0.030937 -0.110536
v 0.070650 -0.037591 0.038453
v 0.070649 -0.035201 -0.114799
v 0.070650 -0.058465 0.053760
v 0.070650 -0.043276 0.045760
v 0.070650 -0.045831 0.053203
v 0.070650 -0.045831 0.071919
v 0.070650 -0.048065 0.082778
v 0.070649 -0.058465 -0.143363
v 0.070650 -0.072442 0.124585
v 0.070650 -0.092597 0.117204
v 0.070649 -0.025113 -0.132271
v 0.070649 -0.030937 -0.130710
v 0.070649 -0.035201 -0.126447
v 0.070649 -0.036761 -0.120623
v -0.087811 0.058485 0.142082
v -0.092753 0.054494 0.135392
v -0.087811 0.053677 0.138210
v -0.103056 0.114257 0.031789
v -0.100592 0.106208 0.035057
v -0.092544 0.114257 0.035057
v 0.073644 0.000171 0.054132
v 0.073644 -0.019418 0.054132
v 0.073644 -0.009623 0.051508
v 0.073644 -0.029212 0.071097
v 0.073644 -0.026588 0.061302
v 0.073644 0.009966 0.071097
v 0.073644 0.007341 0.061302
v 0.073763 -0.029168 0.213605
v 0.073763 0.009921 0.213605
v -0.080189 0.103773 0.566679
v -0.080189 0.077628 0.581773
v -0.080189 0.092723 0.577729
v -0.080190 0.062534 0.577729
v -0.080190 0.050955 0.566151
v -0.080189 0.114257 0.532186
v -0.080190 0.032758 0.532186
v 0.104615 -0.035420 0.170491
v 0.104615 -0.035420 0.280383
v 0.096160 -0.041902 0.185276
v 0.096160 -0.041902 0.285673
v 0.096160 -0.041902 0.185276
v 0.104615 -0.035420 0.280383
v -0.082037 -0.298276 0.138698
v -0.066239 -0.261424 0.146469
v -0.067192 -0.260821 0.151258
v -0.079724 0.036623 0.106560
v -0.079724 0.027954 0.115229
v -0.079724 0.034084 0.112690
v -0.079724 -0.024225 0.115229
v -0.079724 0.036623 0.037480
v -0.079724 -0.056546 0.054478
v -0.079724 -0.034122 0.113312
v -0.079724 -0.057107 0.097910
v -0.079724 -0.056546 0.054478
v -0.079724 -0.034122 0.113312
v -0.079724 -0.024225 0.115229
v -0.079724 -0.057107 0.097910
v -0.079724 -0.051369 0.106370
v -0.079724 -0.055426 0.102929
v 0.070650 -0.019289 -0.110536
v 0.070650 0.022674 -0.005138
v 0.070650 0.016850 -0.003577
v 0.070650 -0.025113 -0.108975
v 0.070649 -0.058465 -0.241500
v 0.070650 -0.015026 -0.126447
v 0.070649 -0.019289 -0.130710
v 0.070649 -0.025113 -0.132271
v 0.070649 -0.058465 -0.143363
v 0.070649 -0.035201 -0.126447
v 0.070649 -0.030937 -0.130710
v 0.070649 -0.036761 -0.120623
v 0.070649 -0.035201 -0.114799
v 0.070650 -0.037591 0.038453
v 0.070650 -0.058465 0.053760
v 0.070650 -0.092597 0.117204
v 0.070650 -0.048065 0.082778
v 0.070650 -0.078249 0.127749
v 0.070650 -0.072442 0.124585
v 0.070650 -0.103100 0.124085
v 0.070650 -0.118872 0.127749
v 0.070650 0.058707 0.047950
v 0.070650 0.032762 0.012334
v 0.070650 0.065934 0.046013
v 0.070650 0.074360 0.046013
v 0.070650 0.034322 0.006510
v 0.070650 0.032762 0.000686
v 0.070650 -0.013466 -0.120623
v 0.070650 0.028498 -0.003577
v 0.070650 -0.015026 -0.114799
v 0.070650 0.013703 0.038788
v 0.070650 0.016850 0.016597
v 0.070650 0.022674 0.018158
v 0.070649 -0.030937 -0.110536
v 0.070650 0.012587 0.000686
v 0.070650 -0.030876 0.035170
v 0.070650 0.012587 0.012334
v 0.070650 0.011026 0.006510
v 0.048124 0.019058 0.082774
v 0.087812 0.019058 0.082774
v 0.048124 0.023638 0.078194
v 0.087812 0.023638 0.078194
v -0.087811 -0.032314 0.319115
v -0.085985 -0.029619 0.322677
v -0.085985 -0.028001 0.319875
v -0.085985 -0.028001 0.309835
v -0.087811 -0.049641 0.329485
v -0.085985 -0.049641 0.334236
v -0.087811 -0.053756 0.336612
v -0.087811 -0.032313 0.309835
v -0.087811 -0.032314 0.300556
v -0.085985 -0.028001 0.299796
v -0.085985 -0.029619 0.296994
v -0.087811 -0.049641 0.290186
v -0.085985 -0.049641 0.285434
v -0.087811 -0.053756 0.283059
v 0.070650 -0.058465 0.053760
v 0.050801 -0.080861 0.042975
v 0.054424 -0.076773 0.031008
v 0.049944 -0.080861 0.058077
v 0.056346 -0.074604 0.018129
v 0.070649 -0.058465 -0.143363
v 0.056346 -0.074604 -0.161202
v 0.070649 -0.058465 -0.241500
v 0.049088 -0.082794 -0.185035
v 0.049088 -0.082794 -0.239263
v 0.060894 -0.084290 -0.265795
v 0.070649 -0.082590 -0.274340
v 0.049088 -0.091084 -0.255137
v -0.092753 0.054494 0.135392
v -0.088886 0.059302 0.046371
v -0.092753 0.054494 0.050244
v -0.099752 0.050404 0.128393
v -0.099752 0.050626 0.055990
v -0.092753 0.054494 0.135392
v -0.088886 0.059302 0.139984
v -0.088560 0.063562 0.044183
v -0.088736 0.063562 0.149568
v -0.088736 0.063562 0.337585
v -0.097274 0.095367 0.337585
v -0.099297 0.093344 0.346661
v -0.088736 0.063562 0.347188
v -0.105930 0.086711 0.360758
v -0.095160 0.088459 0.041165
v -0.097274 0.095367 0.052398
v -0.098163 0.098272 0.042386
v -0.098226 0.098478 0.031598
v -0.100592 0.106208 0.035057
v 0.067374 0.079624 -0.446647
v 0.067374 0.110675 -0.415595
v 0.067374 0.106515 -0.400070
v 0.067374 0.106515 -0.431121
v 0.067374 0.095149 -0.442487
v 0.067374 0.079624 -0.384544
v 0.067374 0.052732 -0.400070
v 0.067374 0.064098 -0.388704
v 0.067374 0.079624 -0.384544
v 0.067374 0.106515 -0.400070
v 0.067374 0.095149 -0.388704
v 0.067374 0.052732 -0.400070
v 0.067374 0.079624 -0.446647
v 0.067374 0.048572 -0.415595
v 0.067374 0.052732 -0.431121
v 0.067374 0.064098 -0.442487
v 0.114122 0.073468 0.101543
v 0.114122 0.073468 0.132047
v 0.110927 0.065934 0.101543
v 0.110927 0.065934 0.101543
v 0.114122 0.073468 0.132047
v 0.110927 0.065934 0.132047
v 0.114121 0.073468 0.046013
v 0.114122 0.073468 0.076518
v 0.110927 0.065934 0.046013
v 0.110927 0.065934 0.076518
v 0.000000 -0.082146 0.017498
v 0.034462 -0.084110 0.029152
v 0.000000 -0.084110 0.029152
v 0.032364 -0.087678 0.039687
v -0.034462 -0.084110 0.029152
v -0.032364 -0.087678 0.039687
v 0.000000 -0.087678 0.039687
v 0.000000 -0.082109 -0.047168
v -0.011519 -0.082108 -0.050254
v 0.032364 -0.114549 0.081630
v 0.000000 -0.114549 0.081630
v -0.032364 -0.114549 0.081630
v -0.039180 -0.082146 0.017498
v -0.019951 -0.082105 -0.058687
v -0.023037 -0.082101 -0.070205
v -0.039180 -0.082069 -0.159958
v -0.019951 -0.082085 -0.132630
v -0.023037 -0.082089 -0.121111
v 0.071502 -0.288106 0.090161
v 0.105345 -0.298272 0.139065
v 0.069996 -0.302320 0.092802
v 0.084169 -0.269042 0.101168
v 0.110279 -0.282313 0.140192
v 0.070857 0.108105 -0.432039
v 0.070857 0.112511 -0.415595
v 0.067374 0.106515 -0.431121
v 0.070857 0.096067 -0.444077
v 0.067374 0.110675 -0.415595
v 0.067374 0.095149 -0.442487
v 0.067374 0.106515 -0.400070
v 0.070857 0.079624 -0.448483
v 0.070857 0.108105 -0.399152
v 0.067374 0.079624 -0.446647
v 0.067374 0.095149 -0.388704
v 0.070649 0.074360 -0.446899
v 0.070857 0.096067 -0.387114
v 0.070857 0.079624 -0.382708
v 0.067374 0.079624 -0.384544
v 0.067374 0.064098 -0.442487
v 0.070649 0.063267 -0.443926
v 0.067374 0.052732 -0.431121
v 0.070649 0.051293 -0.431952
v 0.070649 0.046910 -0.415595
v 0.070649 0.051293 -0.431952
v 0.067374 0.048572 -0.415595
v 0.067374 0.052732 -0.400070
v 0.070649 0.051293 -0.399239
v 0.067374 0.064098 -0.388704
v 0.070649 0.063267 -0.387265
v 0.070649 0.074360 -0.384292
v 0.067374 0.079624 -0.384544
v 0.070857 0.079624 -0.382708
v 0.048124 0.023638 0.078194
v 0.087812 0.029894 0.076518
v 0.048124 0.029894 0.076518
v 0.087812 0.023638 0.078194
v 0.099752 0.103463 -0.586830
v 0.103191 0.116319 -0.457174
v 0.099752 0.103463 -0.455924
v 0.103191 0.116319 -0.457174
v 0.099752 0.103463 -0.586830
v 0.103191 0.116319 -0.586830
v -0.070650 -0.082590 -0.274340
v -0.060894 -0.084290 -0.265795
v -0.070650 -0.058465 -0.241500
v -0.049088 -0.082794 -0.239263
v -0.049088 -0.091084 -0.255137
v -0.049088 -0.082794 -0.185035
v -0.056346 -0.074604 -0.161202
v -0.070650 -0.058465 -0.143363
v -0.056346 -0.074604 0.018129
v -0.070650 -0.058465 0.018341
v -0.070650 -0.058465 0.033345
v -0.054424 -0.076773 0.031008
v -0.059261 -0.077278 0.043347
v -0.070650 -0.058465 0.045301
v 0.123967 0.193998 -0.506496
v 0.123967 0.193998 -0.586830
v 0.128355 0.210407 -0.582462
v 0.126997 0.205326 -0.586830
v 0.128355 0.210407 -0.509760
v 0.066239 -0.261424 0.146469
v 0.082037 -0.298276 0.138698
v 0.067192 -0.260821 0.151258
v -0.056346 -0.074604 0.018129
v -0.039180 -0.082146 0.017498
v -0.054424 -0.076773 0.031008
v -0.034462 -0.084110 0.029152
v 0.034462 -0.084110 0.029152
v 0.050801 -0.080861 0.042975
v 0.032364 -0.087678 0.039687
v -0.070650 -0.025113 -0.108975
v -0.070650 -0.058465 0.018341
v -0.070650 0.012587 0.000686
v -0.070650 0.016850 -0.003577
v -0.070650 -0.019289 -0.110535
v -0.070650 0.022674 -0.005138
v -0.070650 -0.030937 -0.110535
v -0.070650 -0.035201 -0.114799
v -0.070650 -0.058465 -0.143363
v -0.070650 -0.035201 -0.126447
v -0.070650 -0.036761 -0.120623
v -0.070650 0.012587 0.012334
v -0.070650 0.011026 0.006510
v -0.070650 -0.058465 0.033345
v -0.070650 -0.058465 0.045301
v -0.070650 0.016850 0.016597
v -0.070650 -0.025113 -0.132271
v -0.070650 -0.030937 -0.130710
v -0.070650 -0.058465 -0.241500
v -0.070650 -0.019289 -0.130710
v -0.070650 -0.082590 -0.274340
v -0.070650 0.074360 -0.384292
v -0.070650 -0.015026 -0.126447
v -0.070650 -0.058465 0.018341
v -0.070650 0.011026 0.006510
v -0.070650 0.012587 0.000686
v -0.070650 -0.058465 -0.143363
v -0.070650 -0.035201 -0.114799
v -0.070650 -0.036761 -0.120623
v -0.070650 -0.035201 -0.126447
v -0.070650 -0.030937 -0.130710
v -0.070650 0.022674 0.018158
v -0.070649 0.065989 0.022571
v -0.070650 0.028498 0.016597
v -0.070650 0.032762 0.012334
v -0.070650 0.034322 0.006510
v -0.070649 0.074360 0.012419
v -0.070649 0.071908 0.018925
v -0.070650 0.028498 -0.003577
v -0.070650 0.032762 0.000686
v -0.070650 -0.015026 -0.114799
v -0.070650 -0.013466 -0.120623
v -0.070650 -0.058465 0.045301
v -0.070650 0.012587 0.012334
v -0.070650 -0.058465 0.033345
v -0.070650 0.016850 0.016597
v -0.070650 0.022674 0.018158
v -0.070649 0.065989 0.022571
v -0.070650 0.034322 0.006510
v -0.070649 0.071908 0.018925
v -0.070649 0.074360 0.012419
v -0.070650 0.032762 0.000686
v -0.070650 0.074360 -0.384292
v -0.070650 -0.013466 -0.120623
v -0.070650 -0.015026 -0.126447
v -0.070650 -0.058465 -0.241500
v -0.070650 -0.019289 -0.130710
v -0.070650 0.022674 -0.005138
v -0.070650 -0.015026 -0.114799
v -0.070650 -0.019289 -0.110535
v -0.070650 0.028498 -0.003577
v 0.105462 0.112324 0.134940
v 0.099752 0.103463 0.141923
v 0.102332 0.102007 0.134940
v 0.103056 0.114257 0.141923
v 0.103056 0.114257 0.267983
v 0.099752 0.103463 0.279012
v 0.103056 0.114257 0.036137
v 0.105462 0.112324 0.043121
v 0.099752 0.103463 0.036137
v 0.102332 0.102007 0.043121
v 0.103056 0.114257 -0.373415
v 0.099752 0.103463 -0.374665
v -0.067374 0.106515 -0.400070
v -0.067374 0.079624 -0.384544
v -0.067374 0.095149 -0.388704
v -0.067374 0.079624 -0.446647
v -0.067374 0.052732 -0.400070
v -0.067374 0.048572 -0.415595
v -0.067374 0.052732 -0.431121
v -0.067374 0.064098 -0.442487
v -0.067374 0.106515 -0.400070
v -0.067374 0.079624 -0.446647
v -0.067374 0.079624 -0.384544
v -0.067374 0.052732 -0.400070
v -0.067374 0.064098 -0.388704
v -0.067374 0.110675 -0.415595
v -0.067374 0.106515 -0.431121
v -0.067374 0.095149 -0.442487
v -0.028027 0.114257 0.132710
v -0.034059 -0.236225 0.138742
v -0.028027 -0.249386 0.132710
v -0.034059 0.114257 0.138742
v -0.110279 -0.282313 0.140192
v -0.084169 -0.269042 0.101168
v -0.105345 -0.298272 0.139065
v -0.071503 -0.288106 0.090161
v -0.069997 -0.302319 0.092802
v -0.039180 -0.082069 -0.159958
v -0.056346 -0.074604 0.018129
v -0.056346 -0.074604 -0.161202
v -0.039180 -0.082146 0.017498
v -0.049088 -0.082794 -0.185035
v -0.034462 -0.089217 -0.181031
v -0.032364 -0.099753 -0.191657
v -0.049088 -0.095973 -0.198213
v -0.067374 0.106515 -0.400070
v -0.067374 0.095149 -0.388704
v -0.070857 0.108105 -0.399152
v -0.070857 0.096067 -0.387114
v -0.070857 0.079624 -0.382708
v -0.067374 0.079624 -0.384544
v -0.070857 0.112511 -0.415595
v -0.067374 0.110675 -0.415595
v -0.067374 0.106515 -0.431121
v -0.070857 0.108105 -0.432039
v -0.070857 0.096067 -0.444077
v -0.067374 0.095149 -0.442487
v -0.070857 0.079624 -0.448483
v -0.067374 0.079624 -0.446647
v -0.070650 0.074360 -0.446899
v -0.067374 0.064098 -0.442487
v -0.070650 0.063267 -0.443926
v -0.067374 0.052732 -0.431121
v -0.070650 0.051293 -0.431952
v -0.070650 0.046910 -0.415595
v -0.070650 0.051293 -0.431952
v -0.067374 0.048572 -0.415595
v -0.067374 0.052732 -0.400070
v -0.070650 0.051293 -0.399239
v -0.067374 0.064098 -0.388704
v -0.070650 0.063267 -0.387265
v -0.070650 0.074360 -0.384292
v -0.067374 0.079624 -0.384544
v -0.070857 0.079624 -0.382708
v 0.049088 -0.082794 -0.185035
v 0.039180 -0.082069 -0.159958
v 0.034462 -0.089217 -0.181031
v 0.056346 -0.074604 -0.161202
v 0.032364 -0.099753 -0.191657
v 0.049088 -0.095973 -0.198213
v 0.056346 -0.074604 0.018129
v 0.039180 -0.082146 0.017498
v 0.049088 -0.263407 0.085481
v 0.046849 -0.284307 0.069433
v 0.046849 -0.274329 0.067018
v 0.046848 -0.290284 0.078422
v 0.049122 -0.121924 0.122351
v 0.049944 -0.080861 0.058077
v 0.070650 -0.092597 0.117204
v 0.070650 -0.058465 0.053760
v 0.087812 -0.038479 0.118011
v 0.070650 -0.048065 0.082778
v 0.087812 -0.036279 0.107080
v 0.070650 -0.045831 0.071919
v -0.103191 0.116320 -0.457174
v -0.099752 0.103463 -0.586830
v -0.099752 0.103463 -0.455924
v -0.103191 0.116320 -0.586830
v -0.128355 0.210407 -0.509760
v -0.128355 0.210407 -0.582462
v -0.123967 0.193998 -0.506496
v -0.123967 0.193998 -0.586830
v -0.126997 0.205326 -0.586830
v -0.011519 -0.082108 -0.050254
v 0.000000 -0.059479 -0.047168
v 0.000000 -0.082109 -0.047168
v -0.011519 -0.059479 -0.050254
v -0.019951 -0.082105 -0.058687
v -0.019951 -0.059479 -0.058687
v -0.087811 0.058485 0.142082
v -0.088736 0.063562 0.149568
v -0.088886 0.059302 0.139984
v -0.087811 0.061635 0.149568
v -0.099752 -0.060576 0.084677
v -0.093979 -0.062367 0.070504
v -0.099752 -0.068923 0.086197
v -0.093979 -0.060420 0.070150
v -0.083144 -0.061285 0.058800
v -0.083152 -0.060088 0.058723
v -0.088736 0.063562 0.149568
v -0.097274 0.095367 0.052398
v -0.088560 0.063562 0.044183
v -0.097274 0.095367 0.337585
v -0.070650 -0.058465 0.045301
v -0.071144 -0.069717 0.057502
v -0.077410 -0.060071 0.052605
v -0.063133 -0.082934 0.052489
v -0.077739 -0.090923 0.093282
v -0.068623 -0.102788 0.084577
v -0.087811 -0.108457 0.130481
v -0.070415 -0.122877 0.122692
v 0.047949 -0.293766 0.085903
v 0.046848 -0.290284 0.078422
v 0.049088 -0.263407 0.085481
v 0.048053 -0.288106 0.090161
v 0.049088 -0.245051 0.098997
v 0.048970 -0.223012 0.127749
v 0.049088 -0.140940 0.103944
v 0.049088 -0.224177 0.103944
v 0.049088 -0.122934 0.098857
v 0.049122 -0.121924 0.122351
v 0.049088 -0.130702 0.127749
v 0.049088 -0.126725 0.126665
v 0.049944 -0.080861 0.058077
v 0.049088 -0.108818 0.086574
v -0.083144 -0.061285 0.058800
v -0.077739 -0.090923 0.093282
v -0.088694 -0.083831 0.098593
v -0.068623 -0.102788 0.084577
v -0.070415 -0.122877 0.122692
v -0.071144 -0.069717 0.057502
v -0.077410 -0.060071 0.052605
v -0.093979 -0.062367 0.070504
v -0.099752 -0.068923 0.086197
v -0.087811 -0.108457 0.130481
v -0.093619 -0.103318 0.132737
v -0.099752 -0.093876 0.128393
v -0.099752 -0.078604 0.102567
v -0.070583 -0.126487 0.126268
v -0.087811 -0.115358 0.144835
v -0.070652 -0.131431 0.127749
v -0.087811 -0.125542 0.151442
v -0.059261 -0.077278 0.043347
v -0.070650 -0.058465 0.045301
v -0.063133 -0.082934 0.052489
v 0.070650 -0.072442 0.124585
v 0.087812 -0.038479 0.118011
v 0.087811 -0.055519 0.148237
v 0.070650 -0.048065 0.082778
v 0.110927 0.065934 0.101543
v 0.102866 0.051479 0.117592
v 0.102866 0.051479 0.101543
v 0.110927 0.065934 0.132047
v 0.103946 0.053415 0.124819
v 0.106897 0.058707 0.130110
v 0.110927 0.065934 0.046013
v 0.110927 0.065934 0.076518
v 0.102866 0.051479 0.060469
v 0.102866 0.051479 0.076518
v 0.103946 0.053415 0.053241
v 0.106897 0.058707 0.047950
v 0.028027 0.114257 0.132710
v 0.034059 -0.236225 0.138742
v 0.034059 0.114257 0.138742
v 0.028027 -0.249386 0.132710
v -0.063934 0.076131 0.076518
v 0.000000 0.114257 0.076518
v -0.063934 0.114257 0.076518
v 0.048124 0.076131 0.076518
v 0.103056 0.114257 0.076518
v 0.115001 0.094858 0.076518
v 0.111270 0.107659 0.076518
v 0.115001 0.079405 0.076518
v 0.087812 0.051479 0.076518
v 0.110927 0.065934 0.076518
v 0.102866 0.051479 0.076518
v 0.048124 0.029894 0.076518
v 0.087812 0.029894 0.076518
v 0.115001 0.079405 0.076518
v 0.110927 0.065934 0.076518
v 0.114122 0.073468 0.076518
v -0.099752 -0.093876 0.128393
v -0.088694 -0.083831 0.098593
v -0.093619 -0.103318 0.132737
v -0.099752 -0.068923 0.086197
v -0.099752 -0.078604 0.102567
v 0.046849 -0.274329 0.067018
v 0.039976 -0.312382 -0.023316
v 0.039976 -0.302127 -0.028345
v 0.011518 -0.059480 -0.050254
v 0.019951 -0.082105 -0.058687
v 0.011518 -0.082108 -0.050254
v 0.019951 -0.059480 -0.058687
v 0.005858 -0.059480 -0.048738
v 0.000000 -0.082109 -0.047168
v 0.000000 -0.059479 -0.047168
v -0.100592 0.106208 0.035057
v -0.099752 0.103463 0.015297
v -0.098226 0.098478 0.031598
v -0.103056 0.114257 0.031789
v -0.103056 0.114257 -0.373415
v -0.099752 0.103463 -0.374665
v 0.049122 -0.121924 0.122351
v 0.049088 -0.130702 0.127749
v 0.049088 -0.140940 0.103944
v 0.048970 -0.223012 0.127749
v 0.049088 -0.245051 0.098997
v 0.049088 -0.224177 0.103944
v 0.049088 -0.108818 0.086574
v 0.049088 -0.122934 0.098857
v 0.050801 -0.080861 0.042975
v 0.049944 -0.080861 0.058077
v 0.049088 -0.109111 -0.240144
v 0.049088 -0.095973 -0.198213
v 0.049088 -0.117341 -0.203939
v 0.049088 -0.126518 -0.236682
v 0.049088 -0.232875 -0.203939
v 0.049088 -0.082794 -0.239263
v 0.049088 -0.082794 -0.185035
v 0.049088 -0.094355 -0.250004
v 0.049088 -0.091084 -0.255137
v 0.049088 -0.273292 -0.236682
v 0.049088 -0.273292 -0.213106
v 0.049088 -0.252202 -0.197928
v 0.049088 -0.274044 -0.191004
v 0.049088 -0.266313 -0.183417
v -0.021972 0.114257 0.113807
v -0.028027 -0.277415 0.119862
v -0.021972 -0.290624 0.113807
v -0.028027 0.114257 0.119862
v -0.083211 0.123326 -0.451366
v -0.047141 0.130096 -0.461784
v -0.088817 0.144247 -0.482054
v -0.088825 0.121590 -0.443229
v -0.049674 0.123032 -0.451366
v -0.049674 0.114257 -0.415167
v -0.088825 0.114257 -0.415167
v -0.088825 0.114257 -0.387360
v -0.092910 0.114257 -0.377500
v -0.103056 0.114257 -0.373415
v -0.049674 0.114257 -0.245556
v 0.048124 0.019058 0.082774
v 0.048124 0.019058 0.095286
v 0.048124 0.017382 0.089030
v 0.048124 0.029894 0.076518
v 0.048124 0.023638 0.078194
v 0.048124 0.023638 0.099866
v 0.048124 0.029894 0.101543
v 0.048124 0.076131 0.101543
v 0.048124 0.076131 0.076518
v -0.032364 -0.114549 0.081630
v -0.050801 -0.080861 0.042975
v -0.032364 -0.087678 0.039687
v 0.087812 -0.033724 0.056381
v 0.070650 -0.045831 0.053203
v 0.070650 -0.043276 0.045760
v 0.087812 -0.036279 0.063824
v 0.087812 -0.028039 0.049074
v 0.070650 -0.037591 0.038453
v 0.070650 -0.030876 0.035170
v 0.087812 -0.021324 0.045791
v 0.070650 -0.045831 0.071919
v 0.087812 -0.036279 0.107080
v 0.070650 -0.045831 0.053203
v 0.039976 -0.312374 -0.115967
v 0.039976 -0.302127 -0.028345
v 0.039976 -0.312382 -0.023316
v 0.039976 -0.302127 -0.115426
v 0.046849 -0.274329 0.067018
v 0.046849 -0.284307 0.069433
v 0.000000 -0.082069 -0.159958
v 0.000000 -0.089217 -0.181031
v 0.034462 -0.089217 -0.181031
v 0.032364 -0.099753 -0.191657
v 0.000000 -0.099753 -0.191657
v -0.032364 -0.099753 -0.191657
v -0.034462 -0.089217 -0.181031
v -0.039180 -0.082069 -0.159958
v -0.023037 -0.082101 -0.070205
v -0.023037 -0.082089 -0.121111
v -0.011519 -0.082082 -0.141062
v -0.019951 -0.082085 -0.132630
v 0.000000 -0.082081 -0.144148
v 0.011518 -0.082082 -0.141062
v 0.039180 -0.082069 -0.159958
v 0.019951 -0.082085 -0.132630
v 0.023037 -0.082089 -0.121111
v 0.023037 -0.082101 -0.070205
v 0.039180 -0.082146 0.017498
v 0.019951 -0.082105 -0.058687
v 0.011518 -0.082108 -0.050254
v 0.000000 -0.082146 0.017498
v 0.000000 -0.082109 -0.047168
v 0.034462 -0.084110 0.029152
v -0.039180 -0.082146 0.017498
v -0.011519 -0.082108 -0.050254
v -0.034462 -0.084110 0.029152
v 0.021972 0.114257 0.113807
v 0.028027 -0.277415 0.119862
v 0.028027 0.114257 0.119862
v 0.021972 -0.290624 0.113807
v -0.063133 -0.082934 0.052489
v -0.049088 -0.108818 0.086574
v -0.068623 -0.102788 0.084577
v -0.070415 -0.122877 0.122692
v -0.050801 -0.080861 0.042975
v -0.059261 -0.077278 0.043347
v -0.049088 -0.128331 0.122694
v -0.070583 -0.126487 0.126268
v -0.049085 -0.131987 0.126268
v -0.059261 -0.077278 0.043347
v -0.054424 -0.076773 0.031008
v 0.083210 0.123326 -0.586830
v 0.103012 0.197225 -0.586830
v 0.097039 0.174935 -0.502559
v 0.103012 0.197225 -0.506881
v 0.088817 0.144247 -0.482054
v 0.083210 0.123326 -0.451366
v -0.047949 -0.293765 0.085903
v -0.049088 -0.263407 0.085481
v -0.046849 -0.290284 0.078422
v -0.045574 -0.284307 0.069433
v -0.045574 -0.274329 0.067018
v -0.048053 -0.288106 0.090161
v -0.049088 -0.263407 0.085481
v -0.049088 -0.245051 0.098997
v -0.048970 -0.223012 0.127749
v -0.049088 -0.140940 0.103944
v -0.049088 -0.224177 0.103944
v -0.049080 -0.136951 0.127749
v -0.049088 -0.128331 0.122694
v -0.049088 -0.122934 0.098857
v -0.049088 -0.108818 0.086574
v -0.049088 -0.273292 -0.213106
v -0.049088 -0.232875 -0.203939
v -0.049088 -0.273292 -0.236682
v -0.049088 -0.126518 -0.236682
v -0.049088 -0.252202 -0.197928
v -0.049088 -0.274044 -0.191004
v -0.049088 -0.266313 -0.183417
v -0.049088 -0.117341 -0.203939
v -0.049088 -0.109111 -0.240144
v -0.049088 -0.095973 -0.198213
v -0.049088 -0.082794 -0.239263
v -0.049088 -0.082794 -0.185035
v -0.049088 -0.094355 -0.250004
v -0.049088 -0.091084 -0.255137
v -0.049088 -0.245051 0.098997
v -0.048970 -0.223012 0.127749
v -0.049088 -0.224177 0.103944
v -0.049080 -0.136951 0.127749
v -0.049088 -0.140940 0.103944
v -0.049088 -0.128331 0.122694
v -0.049085 -0.131987 0.126268
v -0.045574 -0.274329 0.067018
v -0.039976 -0.302127 -0.028345
v -0.039976 -0.312382 -0.023316
v 0.049088 -0.274044 -0.191004
v 0.039976 -0.302127 -0.115426
v 0.039976 -0.312374 -0.115967
v 0.049088 -0.266313 -0.183417
v -0.081975 -0.233778 0.504598
v -0.066239 -0.193053 0.471926
v -0.063526 -0.192353 0.475986
v -0.093427 -0.236849 0.487743
v -0.067192 -0.191897 0.467136
v -0.097433 -0.240364 0.467789
v -0.067192 -0.183776 0.434178
v -0.067192 -0.224202 0.204910
v -0.097410 -0.288993 0.191736
v -0.039976 -0.312382 -0.023316
v -0.045574 -0.284307 0.069433
v -0.045574 -0.274329 0.067018
v -0.039976 -0.312374 -0.115967
v -0.039976 -0.302127 -0.028345
v -0.039976 -0.302127 -0.115426
v -0.087811 0.060223 0.380612
v -0.088736 0.063869 0.372770
v -0.087811 0.061635 0.373036
v -0.087811 0.061635 0.347140
v -0.088736 0.063562 0.337585
v -0.087811 0.061635 0.337585
v -0.088736 0.063562 0.149568
v -0.087811 0.061635 0.149568
v -0.102960 0.197032 -0.586830
v -0.097039 0.174936 -0.502559
v -0.102960 0.197032 -0.506844
v -0.083211 0.123326 -0.586830
v -0.088817 0.144247 -0.482054
v -0.083211 0.123326 -0.451366
v -0.083211 0.123326 -0.586830
v -0.097039 0.174936 -0.502559
v -0.102960 0.197032 -0.586830
v -0.061432 0.011026 0.006510
v -0.070650 0.012587 0.000686
v -0.070650 0.011026 0.006510
v -0.061432 0.012587 0.000686
v -0.061432 0.012587 0.012334
v -0.070650 0.012587 0.012334
v 0.061428 0.012587 0.000686
v 0.061428 0.011026 0.006510
v 0.070650 0.011026 0.006510
v 0.070650 0.012587 0.000686
v 0.070650 0.012587 0.012334
v 0.061428 0.012587 0.012334
v -0.095160 0.088459 0.041165
v -0.098226 0.098478 0.031598
v -0.070649 0.071908 0.018925
v -0.070649 0.065989 0.022571
v -0.088560 0.063562 0.044183
v -0.088886 0.059302 0.046371
v -0.083153 0.040051 0.040460
v -0.092753 0.054494 0.050244
v -0.099752 0.050626 0.055990
v -0.099752 0.040051 0.057916
v -0.079724 0.036623 0.037480
v -0.070650 -0.058465 0.045301
v -0.079724 -0.056546 0.054478
v -0.077410 -0.060071 0.052605
v -0.077410 -0.060071 0.052605
v -0.083144 -0.061285 0.058800
v -0.083152 -0.060088 0.058723
v -0.079724 -0.056546 0.054478
v -0.049088 -0.274044 -0.191004
v -0.039976 -0.302127 -0.115426
v -0.049088 -0.266313 -0.183417
v -0.039976 -0.312374 -0.115967
v 0.028747 -0.224560 -0.262367
v 0.028747 -0.126518 -0.236682
v 0.028747 -0.224560 -0.236682
v 0.028747 -0.084290 -0.265795
v 0.028747 -0.109111 -0.240144
v 0.028747 -0.094355 -0.250004
v 0.028747 -0.128336 -0.427508
v 0.028747 -0.081033 -0.282166
v 0.028747 -0.224560 -0.262367
v 0.028747 -0.126518 -0.236682
v 0.028747 -0.084290 -0.265795
v 0.028747 -0.081033 -0.282166
v 0.028747 -0.128336 -0.427508
v 0.028747 -0.081033 -0.427508
v -0.087811 0.060223 0.380612
v -0.087811 0.046914 0.404596
v -0.088736 0.061635 0.381859
v -0.088736 0.063869 0.372770
v -0.087811 0.061635 0.347140
v -0.088736 0.063562 0.347188
v -0.088736 0.063562 0.337585
v -0.088736 0.063562 0.149568
v -0.087811 0.061635 0.337585
v -0.070650 0.016850 0.016597
v -0.061432 0.012587 0.012334
v -0.070650 0.012587 0.012334
v -0.061432 0.016850 0.016597
v 0.070650 0.012587 0.012334
v 0.061428 0.012587 0.012334
v 0.061428 0.016850 0.016597
v 0.070650 0.016850 0.016597
v 0.048053 -0.288106 0.090161
v 0.049088 -0.302319 0.092802
v 0.047949 -0.293766 0.085903
v 0.087812 0.024781 0.067918
v 0.070650 0.022053 0.053503
v 0.070650 0.028569 0.057297
v 0.087812 0.018265 0.064124
v 0.087812 0.009915 0.049409
v 0.075774 0.051479 0.060469
v 0.087812 0.051479 0.067918
v 0.070650 0.052329 0.057297
v 0.070650 0.013703 0.038788
v 0.070650 0.007490 0.035170
v 0.087812 0.003701 0.045791
v 0.087812 -0.021324 0.045791
v 0.070650 -0.030876 0.035170
v 0.087811 -0.061288 0.151442
v 0.070650 -0.078249 0.127749
v 0.070650 -0.072442 0.124585
v 0.087811 -0.055519 0.148237
v 0.102332 0.102007 0.134940
v 0.087812 0.091522 0.132047
v 0.108559 0.098493 0.132047
v 0.087812 0.091522 0.132047
v 0.099752 0.103463 0.141923
v -0.083153 -0.060543 0.098447
v -0.079724 -0.055426 0.102929
v -0.079724 -0.057107 0.097910
v -0.083153 -0.058373 0.104924
v -0.083152 -0.060088 0.058723
v -0.079724 -0.056546 0.054478
v -0.083153 -0.053164 0.109343
v -0.079724 -0.051369 0.106370
v 0.064589 -0.230913 0.515291
v 0.054676 -0.188017 0.479652
v 0.059465 -0.191478 0.478700
v 0.081975 -0.233778 0.504598
v 0.063526 -0.192353 0.475986
v 0.066239 -0.193053 0.471926
v 0.093427 -0.236849 0.487743
v 0.044476 -0.229909 0.519037
v 0.030504 -0.174024 0.479652
v 0.000000 -0.229909 0.519037
v -0.030504 -0.174024 0.479652
v -0.044475 -0.229909 0.519037
v -0.054675 -0.188017 0.479652
v -0.064589 -0.230913 0.515291
v 0.067192 -0.191897 0.467136
v 0.097433 -0.240364 0.467789
v 0.067192 -0.224202 0.204910
v 0.067192 -0.183776 0.434178
v 0.097410 -0.288994 0.191736
v 0.067192 -0.260821 0.151258
v 0.082037 -0.298276 0.138698
v 0.066239 -0.261424 0.146469
v 0.081878 -0.299277 0.127341
v 0.063526 -0.259658 0.142408
v 0.059465 -0.256163 0.139695
v -0.028747 -0.224560 -0.262367
v -0.028747 -0.081033 -0.282166
v -0.028747 -0.128335 -0.427508
v -0.028747 -0.081033 -0.427508
v -0.028747 -0.126518 -0.236682
v -0.028747 -0.224560 -0.236682
v -0.028747 -0.084290 -0.265795
v -0.028747 -0.084290 -0.265795
v -0.028747 -0.109111 -0.240144
v -0.028747 -0.094355 -0.250004
v -0.028747 -0.126518 -0.236682
v -0.048053 -0.288106 0.090161
v -0.047949 -0.293765 0.085903
v -0.049088 -0.302319 0.092802
v -0.070649 0.065989 0.022571
v -0.095160 0.088459 0.041165
v -0.070649 0.071908 0.018925
v -0.087811 -0.136220 0.303558
v -0.087811 -0.063093 0.262187
v -0.085985 -0.067440 0.259917
v -0.085985 -0.138734 0.300254
v -0.087811 -0.145347 0.304559
v -0.085985 -0.064412 0.252420
v -0.087811 -0.060057 0.252325
v -0.085985 -0.064421 0.245399
v -0.087811 -0.060057 0.243175
v -0.087811 -0.062416 0.239083
v -0.070650 0.022674 0.018158
v -0.061432 0.016850 0.016597
v -0.070650 0.016850 0.016597
v -0.061144 0.022674 0.018158
v 0.061428 0.016850 0.016597
v 0.070650 0.022674 0.018158
v 0.070650 0.016850 0.016597
v 0.061141 0.022674 0.018158
v -0.070650 0.012587 0.000686
v -0.061432 0.012587 0.000686
v -0.070650 0.016850 -0.003577
v -0.061432 0.016850 -0.003577
v 0.061428 0.012587 0.000686
v 0.070650 0.012587 0.000686
v 0.061428 0.016850 -0.003577
v 0.070650 0.016850 -0.003577
v -0.079724 0.036623 0.106560
v -0.083153 0.040051 0.040460
v -0.079724 0.036623 0.037480
v -0.083153 0.040051 0.107242
v -0.105930 0.065682 0.532186
v -0.087811 0.046914 0.404596
v -0.087811 0.046914 0.532186
v -0.105930 0.065682 0.532186
v -0.105930 0.065682 0.369021
v -0.102824 0.062464 0.379318
v -0.087811 0.046914 0.404596
v 0.087811 -0.189046 0.290897
v 0.111934 -0.214174 0.493764
v 0.093134 -0.201927 0.287566
v 0.087811 -0.152503 0.498139
v 0.112337 -0.271167 0.162542
v 0.093141 -0.216729 0.201531
v -0.061432 0.012587 0.000686
v -0.061432 -0.025113 -0.108975
v -0.061432 0.016850 -0.003577
v -0.061432 0.028498 -0.003577
v -0.061432 0.114257 0.017087
v -0.061432 0.032762 0.000686
v -0.061432 0.034322 0.006510
v -0.061432 0.032762 0.012334
v -0.061432 0.028498 0.016597
v -0.061432 -0.059479 0.017087
v -0.061432 0.011026 0.006510
v -0.061432 0.012587 0.012334
v -0.061432 0.016850 0.016597
v -0.057566 -0.059479 0.031514
v -0.057566 0.114257 0.031514
v -0.061144 0.022674 0.018158
v -0.047004 -0.059479 0.042076
v -0.047004 0.114257 0.042076
v -0.032576 -0.059479 0.045942
v -0.032576 0.114257 0.045942
v 0.000000 -0.059479 0.045942
v 0.000000 0.114257 0.045942
v 0.032573 -0.059480 0.045942
v 0.032573 0.114257 0.045942
v 0.047000 -0.059480 0.042076
v 0.047000 0.114257 0.042076
v 0.057562 -0.059480 0.031514
v 0.057562 0.114257 0.031514
v 0.061141 0.022674 0.018158
v 0.061428 0.028498 0.016597
v 0.061428 0.016850 0.016597
v 0.061428 0.114257 0.017087
v 0.061428 -0.059480 0.017087
v 0.061428 0.032762 0.012334
v 0.061428 0.034322 0.006510
v 0.061428 0.032762 0.000686
v 0.061428 0.012587 0.012334
v 0.061428 0.028498 -0.003577
v 0.061428 0.011026 0.006510
v 0.061428 -0.013466 -0.120623
v 0.061428 0.012587 0.000686
v 0.061428 -0.015026 -0.114799
v 0.061428 0.022674 -0.005138
v 0.061428 -0.019289 -0.110536
v 0.061428 0.016850 -0.003577
v 0.061428 -0.025113 -0.108975
v 0.061428 -0.030937 -0.110536
v 0.061428 -0.035201 -0.114799
v 0.061428 -0.036761 -0.120623
v 0.061428 -0.059480 -0.222449
v 0.061428 -0.035201 -0.126447
v 0.061428 -0.030937 -0.130710
v 0.061428 -0.025113 -0.132271
v 0.061428 -0.019289 -0.130710
v 0.061428 0.114257 -0.222449
v 0.061428 -0.015026 -0.126447
v 0.058332 -0.059480 -0.234002
v 0.058332 0.114257 -0.234002
v 0.049670 -0.059480 -0.245556
v 0.049670 0.114257 -0.245556
v -0.087811 -0.152503 0.498139
v -0.087811 -0.202467 0.214778
v -0.111934 -0.214174 0.493764
v -0.111934 -0.273349 0.158166
v -0.049088 -0.122934 0.098857
v -0.032364 -0.126534 0.092199
v -0.049088 -0.140940 0.103944
v -0.032364 -0.141974 0.096447
v -0.032364 -0.114549 0.081630
v -0.049088 -0.108818 0.086574
v -0.050801 -0.080861 0.042975
v -0.032364 -0.218156 0.096427
v -0.049088 -0.224177 0.103944
v -0.032364 -0.235642 0.092128
v -0.034462 -0.084110 0.029152
v -0.054424 -0.076773 0.031008
v -0.032364 -0.087678 0.039687
v 0.087811 -0.061288 0.151442
v 0.070650 -0.118872 0.127749
v 0.070650 -0.078249 0.127749
v 0.087811 -0.233792 0.151442
v 0.070634 -0.223002 0.127749
v 0.111270 0.107659 0.046013
v 0.102332 0.102007 0.043121
v 0.105462 0.112324 0.043121
v 0.108559 0.098493 0.046013
v 0.115001 0.094858 0.046013
v -0.085985 -0.069724 0.282602
v -0.087811 -0.109509 0.309835
v -0.087811 -0.065387 0.284831
v -0.085985 -0.117862 0.309835
v -0.085985 -0.067190 0.282168
v -0.087811 -0.063065 0.284515
v -0.087811 -0.063065 0.279835
v -0.063526 -0.259658 0.142408
v -0.063526 0.114257 0.142408
v -0.066239 0.114257 0.146469
v -0.066239 -0.261424 0.146469
v -0.067192 -0.260821 0.151258
v -0.067192 0.114257 0.151258
v -0.083153 -0.053164 0.109343
v -0.079724 -0.055426 0.102929
v -0.083153 -0.058373 0.104924
v -0.083153 -0.035097 0.116615
v -0.079724 -0.051369 0.106370
v -0.079724 -0.034122 0.113312
v -0.079724 -0.024225 0.115229
v -0.083153 -0.024554 0.118657
v -0.083153 0.028636 0.118657
v -0.079724 0.027954 0.115229
v -0.079724 0.034084 0.112690
v -0.083153 0.040051 0.107242
v -0.079724 0.036623 0.106560
v -0.083153 0.036708 0.115314
v -0.087811 -0.125542 0.151442
v -0.070639 -0.223002 0.127749
v -0.087811 -0.233792 0.151442
v -0.070652 -0.131431 0.127749
v -0.070650 -0.013466 -0.120623
v -0.061432 -0.015026 -0.114799
v -0.070650 -0.015026 -0.114799
v -0.061432 -0.013466 -0.120623
v -0.070650 -0.015026 -0.126447
v -0.061432 -0.015026 -0.126447
v 0.061428 -0.015026 -0.114799
v 0.061428 -0.013466 -0.120623
v 0.070650 -0.015026 -0.114799
v 0.070650 -0.013466 -0.120623
v 0.061428 -0.015026 -0.126447
v 0.070650 -0.015026 -0.126447
v -0.070650 0.022674 0.018158
v -0.061432 0.028498 0.016597
v -0.061144 0.022674 0.018158
v -0.070650 0.028498 0.016597
v 0.061141 0.022674 0.018158
v 0.061428 0.028498 0.016597
v 0.070650 0.022674 0.018158
v 0.070650 0.028498 0.016597
v -0.061432 -0.036761 -0.120623
v -0.070650 -0.035201 -0.126447
v -0.070650 -0.036761 -0.120623
v -0.061432 -0.035201 -0.126447
v -0.061432 -0.035201 -0.114799
v -0.070650 -0.035201 -0.114799
v 0.061428 -0.035201 -0.126447
v 0.061428 -0.036761 -0.120623
v 0.070649 -0.036761 -0.120623
v 0.070649 -0.035201 -0.126447
v 0.070649 -0.035201 -0.114799
v 0.061428 -0.035201 -0.114799
v -0.079724 0.034084 0.112690
v -0.083153 0.028636 0.118657
v -0.083153 0.036708 0.115314
v -0.079724 0.027954 0.115229
v -0.083153 -0.024554 0.118657
v -0.079724 -0.024225 0.115229
v 0.070649 0.074360 -0.586830
v 0.075913 0.079624 -0.448483
v 0.070649 0.074360 -0.446899
v 0.092909 0.096620 -0.453090
v 0.089494 0.093205 -0.444843
v 0.099752 0.103463 -0.455924
v 0.099752 0.103463 -0.455924
v 0.070649 0.074360 -0.586830
v 0.099752 0.103463 -0.586830
v 0.067192 -0.260821 0.151258
v 0.066239 0.114257 0.146469
v 0.066239 -0.261424 0.146469
v 0.067192 0.114257 0.151258
v 0.063526 -0.259658 0.142408
v 0.063526 0.114257 0.142408
v 0.087812 0.091522 0.314073
v 0.087812 0.091522 0.132047
v 0.099752 0.103463 0.279012
v 0.099752 0.103463 0.141923
v 0.070650 0.074360 0.046013
v 0.070649 0.074360 -0.384292
v 0.075913 0.079624 -0.382708
v 0.099752 0.103463 0.036137
v 0.099752 0.103463 -0.374665
v 0.092909 0.096620 -0.377500
v 0.092909 0.096620 -0.377500
v 0.075913 0.079624 -0.382708
v 0.089270 0.092981 -0.386287
v -0.023037 -0.082101 -0.070205
v -0.019951 -0.059479 -0.058687
v -0.019951 -0.082105 -0.058687
v -0.023037 -0.059479 -0.070205
v -0.023037 -0.082089 -0.121111
v -0.023037 -0.059479 -0.121111
v -0.019951 -0.082085 -0.132630
v -0.019951 -0.059479 -0.132630
v -0.069997 -0.302319 0.092802
v -0.048053 -0.288106 0.090161
v -0.049088 -0.302319 0.092802
v -0.048053 -0.288106 0.090161
v -0.069997 -0.302319 0.092802
v -0.071503 -0.288106 0.090161
v 0.049088 -0.302319 0.092802
v 0.048053 -0.288106 0.090161
v 0.069996 -0.302320 0.092802
v 0.048053 -0.288106 0.090161
v 0.071502 -0.288106 0.090161
v 0.069996 -0.302320 0.092802
v -0.098226 0.098478 0.031598
v -0.070649 0.074360 0.012419
v -0.070649 0.071908 0.018925
v -0.099752 0.103463 0.015297
v -0.099752 0.103463 -0.374665
v -0.075913 0.079624 -0.382708
v -0.092910 0.096621 -0.377500
v -0.070650 0.074360 -0.384292
v -0.092910 0.096621 -0.453090
v -0.075913 0.079624 -0.448483
v -0.089494 0.093205 -0.444843
v -0.070650 0.074361 -0.586830
v -0.099752 0.103463 -0.455924
v -0.070650 0.074360 -0.446899
v -0.099752 0.103463 -0.455924
v -0.099752 0.103463 -0.586830
v -0.070650 0.074361 -0.586830
v -0.092910 0.096621 -0.377500
v -0.089270 0.092981 -0.386287
v -0.075913 0.079624 -0.382708
v 0.087812 0.019058 0.095286
v 0.048124 0.023638 0.099866
v 0.087812 0.023638 0.099866
v -0.028027 -0.249386 0.132710
v -0.028027 0.114257 0.119862
v -0.028027 0.114257 0.132710
v -0.028027 -0.277415 0.119862
v -0.070650 0.022674 -0.005138
v -0.061432 0.022674 -0.005138
v -0.070650 0.028498 -0.003577
v -0.061432 0.028498 -0.003577
v -0.061432 0.016850 -0.003577
v -0.070650 0.016850 -0.003577
v 0.061428 0.028498 -0.003577
v 0.061428 0.022674 -0.005138
v 0.070650 0.022674 -0.005138
v 0.070650 0.028498 -0.003577
v 0.070650 0.016850 -0.003577
v 0.061428 0.016850 -0.003577
v 0.019951 -0.059480 -0.058687
v 0.023037 -0.082101 -0.070205
v 0.019951 -0.082105 -0.058687
v 0.023037 -0.059480 -0.070205
v 0.023037 -0.082089 -0.121111
v 0.023037 -0.059480 -0.121111
v 0.019951 -0.082085 -0.132630
v 0.023037 -0.082101 -0.070205
v 0.019951 -0.059480 -0.058687
v 0.023037 -0.059480 -0.070205
v 0.023037 -0.082089 -0.121111
v 0.023037 -0.059480 -0.121111
v 0.019951 -0.082085 -0.132630
v 0.019951 -0.059480 -0.132630
v 0.087811 -0.054990 0.194340
v 0.093758 -0.046484 0.193562
v 0.093134 -0.052281 0.199192
v 0.093134 -0.061511 0.201524
v 0.087811 -0.050667 0.190141
v 0.087811 -0.062277 0.196079
v 0.087811 -0.214296 0.196079
v 0.093141 -0.216729 0.201531
v 0.096160 -0.041902 0.185276
v 0.087812 -0.033681 0.157230
v 0.104615 -0.035420 0.170491
v 0.088825 0.096915 -0.443229
v 0.088825 0.121590 -0.443229
v 0.088825 0.108105 -0.432039
v 0.092909 0.120189 -0.453090
v 0.088825 0.121590 -0.443229
v 0.092909 0.096620 -0.453090
v 0.089494 0.093205 -0.444843
v 0.106897 0.058707 0.047950
v 0.070650 0.058707 0.047950
v 0.070650 0.065934 0.046013
v 0.110927 0.065934 0.046013
v 0.070650 0.074360 0.046013
v 0.114121 0.073468 0.046013
v 0.115001 0.079405 0.046013
v 0.108559 0.098493 0.046013
v 0.115001 0.094858 0.046013
v 0.028027 0.114257 0.119862
v 0.028027 -0.249386 0.132710
v 0.028027 0.114257 0.132710
v 0.028027 -0.277415 0.119862
v -0.038004 0.012132 0.516564
v -0.038004 0.114257 0.512431
v -0.038004 0.023259 0.527628
v -0.038004 -0.002875 0.511981
v -0.038004 0.045907 0.569899
v -0.038004 0.114257 0.551584
v -0.038004 0.059314 0.583306
v -0.038004 0.095943 0.583306
v -0.038004 0.109350 0.569899
v -0.038004 0.077628 0.588213
v 0.048124 0.029894 0.101543
v 0.087812 0.051479 0.101543
v 0.087812 0.029894 0.101543
v 0.048124 0.023638 0.099866
v 0.087812 0.023638 0.099866
v 0.087812 0.019058 0.095286
v 0.048124 0.019058 0.095286
v 0.110927 0.065934 0.101543
v 0.102866 0.051479 0.101543
v 0.115001 0.079405 0.101543
v 0.114122 0.073468 0.101543
v 0.048124 0.017382 0.089030
v 0.048124 0.019058 0.095286
v 0.087812 0.017382 0.089030
v 0.087812 0.019058 0.082774
v 0.048124 0.019058 0.082774
v -0.070650 0.032762 0.012334
v -0.061432 0.028498 0.016597
v -0.070650 0.028498 0.016597
v -0.061432 0.032762 0.012334
v 0.070650 0.028498 0.016597
v 0.061428 0.028498 0.016597
v 0.061428 0.032762 0.012334
v 0.070650 0.032762 0.012334
v 0.099752 0.103463 0.036137
v 0.102332 0.102007 0.043121
v 0.070650 0.074360 0.046013
v -0.011519 -0.059479 -0.141062
v -0.061432 -0.059479 -0.222449
v -0.019951 -0.059479 -0.132630
v -0.023037 -0.059479 -0.121111
v 0.000000 -0.059479 -0.144148
v -0.061432 -0.059479 0.017087
v -0.023037 -0.059479 -0.070205
v -0.019951 -0.059479 -0.058687
v -0.011519 -0.059479 -0.050254
v 0.000000 -0.059479 -0.047168
v 0.000000 -0.059479 0.045942
v 0.005858 -0.059480 -0.048738
v -0.032576 -0.059479 0.045942
v -0.047004 -0.059479 0.042076
v -0.057566 -0.059479 0.031514
v 0.032573 -0.059480 0.045942
v 0.061428 -0.059480 0.017087
v 0.011518 -0.059480 -0.050254
v 0.047000 -0.059480 0.042076
v 0.057562 -0.059480 0.031514
v 0.019951 -0.059480 -0.058687
v 0.023037 -0.059480 -0.070205
v 0.023037 -0.059480 -0.121111
v 0.061428 -0.059480 -0.222449
v 0.019951 -0.059480 -0.132630
v 0.011518 -0.059480 -0.141062
v 0.049670 -0.059480 -0.245556
v 0.058332 -0.059480 -0.234002
v -0.000001 -0.059479 -0.382098
v 0.049670 -0.059480 -0.382098
v -0.049674 -0.059479 -0.245556
v -0.049674 -0.059479 -0.382098
v -0.058336 -0.059479 -0.234002
v 0.102332 0.102007 0.043121
v 0.108559 0.098493 0.046013
v 0.070650 0.074360 0.046013
v 0.038001 0.095943 0.583306
v 0.038000 0.059314 0.583306
v 0.038000 0.077628 0.588213
v 0.038001 0.114257 0.551584
v 0.038001 0.109350 0.569899
v 0.038000 0.045907 0.569899
v 0.038000 0.114257 0.512431
v 0.038000 0.023259 0.527628
v 0.038000 0.012132 0.516564
v 0.038000 -0.002875 0.511981
v -0.085985 -0.138734 0.319417
v -0.087811 -0.071787 0.362023
v -0.085985 -0.067440 0.359754
v -0.087811 -0.141248 0.322721
v -0.087811 -0.145347 0.315112
v -0.087811 -0.068766 0.368323
v -0.085985 -0.064412 0.367251
v -0.085985 -0.064420 0.374272
v -0.087811 -0.068783 0.374272
v -0.087811 -0.062416 0.380588
v -0.085985 -0.117862 0.309835
v -0.087811 -0.070122 0.341572
v -0.085985 -0.069724 0.337069
v -0.087811 -0.126215 0.309835
v -0.085985 -0.067190 0.337502
v -0.087811 -0.067170 0.342242
v -0.087811 -0.063065 0.339836
v 0.081975 -0.233778 0.504598
v 0.063526 -0.192353 0.475986
v 0.066239 -0.193053 0.471926
v 0.093427 -0.236849 0.487743
v 0.067192 -0.191897 0.467136
v 0.067192 -0.183776 0.434178
v 0.097433 -0.240364 0.467789
v 0.032364 -0.141974 0.096447
v 0.000000 -0.141974 0.096447
v 0.000000 -0.126534 0.092199
v 0.032364 -0.126534 0.092199
v 0.032364 -0.114549 0.081630
v 0.000000 -0.218156 0.096427
v 0.032364 -0.218156 0.096427
v 0.032364 -0.235642 0.092128
v -0.032364 -0.141974 0.096447
v -0.032364 -0.218156 0.096427
v -0.032364 -0.126534 0.092199
v 0.000000 -0.114549 0.081630
v -0.032364 -0.114549 0.081630
v 0.000000 -0.087678 0.039687
v 0.032364 -0.087678 0.039687
v -0.032364 -0.087678 0.039687
v 0.000000 -0.084110 0.029152
v 0.000000 -0.252190 0.080408
v 0.032364 -0.252190 0.080408
v 0.000000 -0.235642 0.092128
v -0.032364 -0.235642 0.092128
v -0.032364 -0.252190 0.080408
v -0.029395 -0.262191 0.063950
v 0.000000 -0.262191 0.063950
v 0.087812 0.058707 0.130110
v 0.103946 0.053415 0.124819
v 0.106897 0.058707 0.130110
v 0.087812 0.053415 0.124819
v 0.087812 0.053415 0.124819
v 0.102866 0.051479 0.117592
v 0.087812 0.051479 0.117592
v 0.087812 0.051479 0.117592
v 0.102866 0.051479 0.101543
v 0.087812 0.051479 0.101543
v 0.087812 0.032902 0.157230
v 0.104615 0.015712 0.170491
v 0.087812 0.009939 0.157230
v 0.104615 0.009935 0.170491
v 0.087812 -0.029186 0.157230
v 0.104615 -0.029181 0.170491
v 0.087812 -0.033681 0.157230
v 0.104615 -0.035420 0.170491
v -0.061432 0.028498 -0.003577
v -0.070650 0.032762 0.000686
v -0.070650 0.028498 -0.003577
v -0.061432 0.032762 0.000686
v 0.061428 0.028498 -0.003577
v 0.070650 0.028498 -0.003577
v 0.061428 0.032762 0.000686
v 0.070650 0.032762 0.000686
v -0.070650 0.034322 0.006510
v -0.061432 0.032762 0.012334
v -0.070650 0.032762 0.012334
v -0.061432 0.034322 0.006510
v -0.070650 0.032762 0.000686
v -0.061432 0.032762 0.000686
v 0.061428 0.032762 0.012334
v 0.061428 0.034322 0.006510
v 0.070650 0.032762 0.012334
v 0.070650 0.034322 0.006510
v 0.061428 0.032762 0.000686
v 0.070650 0.032762 0.000686
v -0.063934 0.076131 0.076518
v -0.063934 0.114257 0.076518
v -0.063934 0.114257 0.101543
v -0.063934 0.076131 0.076518
v -0.063934 0.114257 0.101543
v -0.063934 0.076131 0.101543
v -0.067191 0.114257 0.467136
v -0.067192 -0.191897 0.467136
v -0.067192 -0.183776 0.434178
v -0.067192 0.114257 0.151258
v -0.067192 -0.224202 0.204910
v -0.067192 -0.260821 0.151258
v -0.099752 0.040051 0.057916
v -0.083153 0.040051 0.107242
v -0.099752 0.040051 0.107242
v -0.083153 0.040051 0.040460
v -0.061432 -0.059479 -0.222449
v -0.061432 -0.036761 -0.120623
v -0.061432 -0.035201 -0.126447
v -0.061432 -0.035201 -0.114799
v -0.061432 -0.030937 -0.130710
v -0.061432 -0.030937 -0.110535
v -0.061432 -0.025113 -0.132271
v -0.061432 -0.019289 -0.130710
v -0.061432 0.114257 -0.222449
v -0.061432 -0.015026 -0.126447
v -0.061432 -0.013466 -0.120623
v -0.058336 0.114257 -0.234002
v -0.058336 -0.059479 -0.234002
v -0.049674 0.114257 -0.245556
v -0.049674 -0.059479 -0.245556
v -0.061432 -0.015026 -0.114799
v -0.061432 0.022674 -0.005138
v -0.061432 -0.019289 -0.110535
v -0.099752 -0.053164 0.109343
v -0.083153 -0.035097 0.116615
v -0.083153 -0.053164 0.109343
v -0.083153 -0.058373 0.104924
v -0.099752 -0.035097 0.116615
v -0.083153 -0.024554 0.118657
v -0.099752 -0.024554 0.118657
v -0.099752 -0.058373 0.104924
v -0.099752 -0.060543 0.098447
v -0.083153 -0.060543 0.098447
v -0.093979 -0.060420 0.070150
v -0.083152 -0.060088 0.058723
v -0.099752 -0.060576 0.084677
v -0.099752 -0.060543 0.098447
v 0.087811 -0.233792 0.151442
v 0.084169 -0.269042 0.101168
v 0.070634 -0.223002 0.127749
v 0.110279 -0.282313 0.140192
v 0.112337 -0.271167 0.162542
v 0.087811 -0.214296 0.196079
v 0.093141 -0.216729 0.201531
v 0.067192 0.114257 0.467136
v 0.067192 -0.183776 0.434178
v 0.067192 -0.191897 0.467136
v 0.067192 -0.009623 0.275808
v 0.067192 0.000142 0.273191
v 0.067192 0.007291 0.266042
v 0.067192 0.114257 0.151258
v 0.067192 0.009921 0.213609
v 0.067192 0.009908 0.256276
v 0.067192 -0.029168 0.213609
v 0.067192 -0.224202 0.204910
v 0.067192 -0.029155 0.256276
v 0.067192 -0.026538 0.266042
v 0.067192 -0.019389 0.273191
v 0.067192 -0.260821 0.151258
v 0.067192 0.114257 0.151258
v 0.067192 0.007291 0.266042
v 0.067192 0.114257 0.151258
v 0.067192 0.009908 0.256276
v 0.067192 -0.183776 0.434178
v 0.067192 -0.009623 0.275808
v 0.067192 -0.019389 0.273191
v -0.110279 -0.282313 0.140192
v -0.087811 -0.233792 0.151442
v -0.084169 -0.269042 0.101168
v -0.070639 -0.223002 0.127749
v -0.111934 -0.273349 0.158166
v -0.087811 -0.202467 0.214778
v -0.088736 0.063562 0.347188
v -0.088736 0.063869 0.372770
v -0.105930 0.065682 0.369021
v 0.115001 0.094858 0.101543
v 0.048124 0.076131 0.101543
v 0.103056 0.114257 0.101543
v 0.111271 0.107659 0.101543
v 0.000000 0.114257 0.101543
v -0.063934 0.076131 0.101543
v -0.063934 0.114257 0.101543
v 0.087812 0.051479 0.101543
v 0.048124 0.029894 0.101543
v 0.048124 0.076131 0.101543
v 0.115001 0.079405 0.101543
v 0.115001 0.094858 0.101543
v -0.063934 0.076131 0.101543
v 0.000000 0.114257 0.101543
v 0.103946 0.053415 0.053241
v 0.070650 0.053415 0.053241
v 0.070650 0.058707 0.047950
v 0.106897 0.058707 0.047950
v 0.075774 0.051479 0.060469
v 0.070650 0.052329 0.057297
v 0.102866 0.051479 0.060469
v 0.075774 0.051479 0.060469
v 0.087812 0.051479 0.067918
v 0.102866 0.051479 0.076518
v 0.087812 0.051479 0.076518
v 0.049088 -0.224177 0.103944
v 0.032364 -0.235642 0.092128
v 0.032364 -0.218156 0.096427
v -0.083153 0.036708 0.115314
v -0.099752 0.036708 0.115314
v -0.099752 0.040051 0.107242
v -0.083153 0.040051 0.107242
v 0.049088 -0.130702 0.127749
v 0.070634 -0.223002 0.127749
v 0.048970 -0.223012 0.127749
v 0.070650 -0.118872 0.127749
v 0.049088 -0.126725 0.126665
v 0.070650 -0.103100 0.124085
v 0.049122 -0.121924 0.122351
v 0.070650 -0.092597 0.117204
v -0.092910 0.120189 -0.453090
v -0.088825 0.096915 -0.443229
v -0.088825 0.121590 -0.443229
v -0.092910 0.096621 -0.453090
v -0.089494 0.093205 -0.444843
v -0.083153 0.028636 0.118657
v -0.099752 0.028636 0.118657
v -0.099752 0.036708 0.115314
v -0.083153 0.036708 0.115314
v -0.099752 -0.024554 0.118657
v -0.083153 -0.024554 0.118657
v -0.049085 -0.131987 0.126268
v -0.070652 -0.131431 0.127749
v -0.070583 -0.126487 0.126268
v -0.049080 -0.136951 0.127749
v -0.070639 -0.223002 0.127749
v -0.048970 -0.223012 0.127749
v -0.070650 -0.015026 -0.126447
v -0.061432 -0.019289 -0.130710
v -0.061432 -0.015026 -0.126447
v -0.070650 -0.019289 -0.130710
v 0.061428 -0.015026 -0.126447
v 0.070649 -0.019289 -0.130710
v 0.070650 -0.015026 -0.126447
v 0.061428 -0.019289 -0.130710
v -0.061432 -0.035201 -0.126447
v -0.070650 -0.030937 -0.130710
v -0.070650 -0.035201 -0.126447
v -0.061432 -0.030937 -0.130710
v 0.061428 -0.035201 -0.126447
v 0.070649 -0.035201 -0.126447
v 0.061428 -0.030937 -0.130710
v 0.070649 -0.030937 -0.130710
v 0.047137 0.130096 -0.461784
v 0.083210 0.123326 -0.451366
v 0.088817 0.144247 -0.482054
v 0.049670 0.123032 -0.451366
v 0.088825 0.121590 -0.443229
v -0.049088 -0.224177 0.103944
v -0.032364 -0.235642 0.092128
v -0.049088 -0.245051 0.098997
v -0.032364 -0.252190 0.080408
v -0.032364 -0.218156 0.096427
v 0.000000 -0.218156 0.096427
v -0.032364 -0.235642 0.092128
v 0.000000 -0.235642 0.092128
v 0.032364 -0.235642 0.092128
v 0.070857 0.096067 -0.387114
v 0.075913 0.079624 -0.382708
v 0.070857 0.079624 -0.382708
v 0.089270 0.092981 -0.386287
v 0.088825 0.096313 -0.387360
v 0.070857 0.108105 -0.399152
v 0.088825 0.096313 -0.387360
v 0.088825 0.108105 -0.399152
v 0.070857 0.112511 -0.415595
v 0.088825 0.112511 -0.415595
v 0.070857 0.108105 -0.432039
v 0.088825 0.108105 -0.432039
v 0.088825 0.096915 -0.443229
v 0.070857 0.096067 -0.444077
v 0.089494 0.093205 -0.444843
v 0.075913 0.079624 -0.448483
v 0.070857 0.079624 -0.448483
v 0.070649 0.074360 -0.446899
v -0.088825 0.108105 -0.399152
v -0.088825 0.112511 -0.415595
v -0.070857 0.112511 -0.415595
v -0.070857 0.108105 -0.399152
v -0.088825 0.096313 -0.387360
v -0.070857 0.108105 -0.432039
v -0.070857 0.096067 -0.387114
v -0.088825 0.108105 -0.432039
v -0.088825 0.096915 -0.443229
v -0.070857 0.096067 -0.444077
v -0.089494 0.093205 -0.444843
v -0.075913 0.079624 -0.448483
v -0.070857 0.079624 -0.448483
v -0.070650 0.074360 -0.446899
v -0.075913 0.079624 -0.382708
v -0.070857 0.079624 -0.382708
v -0.089270 0.092981 -0.386287
v -0.088825 0.096313 -0.387360
v -0.011519 -0.082082 -0.141062
v -0.019951 -0.059479 -0.132630
v -0.019951 -0.082085 -0.132630
v -0.011519 -0.059479 -0.141062
v 0.000000 -0.082081 -0.144148
v 0.000000 -0.059479 -0.144148
v 0.019951 -0.059480 -0.132630
v 0.011518 -0.082082 -0.141062
v 0.019951 -0.082085 -0.132630
v 0.011518 -0.059480 -0.141062
v 0.000000 -0.082081 -0.144148
v 0.000000 -0.059479 -0.144148
v -0.105930 0.086711 0.360758
v -0.088736 0.063562 0.347188
v -0.105930 0.065682 0.369021
v -0.070650 -0.025113 -0.132271
v -0.061432 -0.025113 -0.132271
v -0.070650 -0.019289 -0.130710
v -0.061432 -0.019289 -0.130710
v -0.061432 -0.030937 -0.130710
v -0.070650 -0.030937 -0.130710
v 0.061428 -0.019289 -0.130710
v 0.061428 -0.025113 -0.132271
v 0.070649 -0.025113 -0.132271
v 0.070649 -0.019289 -0.130710
v 0.070649 -0.030937 -0.130710
v 0.061428 -0.030937 -0.130710
v -0.049088 -0.245051 0.098997
v -0.032364 -0.252190 0.080408
v -0.049088 -0.263407 0.085481
v -0.032364 -0.252190 0.080408
v -0.045574 -0.274329 0.067018
v -0.029395 -0.262191 0.063950
v 0.032364 -0.252190 0.080408
v 0.046849 -0.274329 0.067018
v 0.030670 -0.262191 0.063950
v 0.049088 -0.263407 0.085481
v 0.067192 -0.026538 0.266042
v 0.104615 -0.019389 0.273166
v 0.104615 -0.026538 0.266017
v 0.067192 -0.019389 0.273191
v 0.067192 -0.029155 0.256276
v 0.067192 -0.009623 0.275808
v 0.104615 -0.009623 0.275783
v 0.067192 0.000142 0.273191
v 0.104615 0.000142 0.273166
v 0.067192 0.007291 0.266042
v 0.104615 0.007291 0.266017
v 0.067192 0.009908 0.256276
v 0.104615 0.009908 0.256251
v 0.104615 -0.029155 0.256251
v 0.073763 0.009921 0.213605
v 0.067192 0.009921 0.213609
v 0.104615 0.009935 0.170491
v 0.087812 0.009939 0.157230
v 0.073644 0.009966 0.071097
v 0.087812 0.009966 0.071087
v 0.073644 0.007341 0.061302
v 0.087812 0.007341 0.061292
v 0.073644 0.000171 0.054132
v 0.087812 0.000171 0.054122
v 0.073644 -0.009623 0.051508
v 0.087812 -0.009623 0.051498
v 0.087812 -0.019418 0.054122
v 0.073644 -0.019418 0.054132
v 0.087812 -0.026588 0.061292
v 0.073644 -0.026588 0.061302
v 0.087812 -0.029212 0.071087
v 0.073644 -0.029212 0.071097
v 0.087812 -0.029186 0.157230
v 0.073763 -0.029168 0.213605
v 0.104615 -0.029181 0.170491
v 0.067192 -0.029168 0.213609
v -0.105930 0.065682 0.369021
v -0.088736 0.063869 0.372770
v -0.102824 0.062464 0.379318
v -0.088736 0.061635 0.381859
v 0.032364 -0.247484 -0.191478
v 0.049088 -0.232875 -0.203939
v 0.032364 -0.231745 -0.196456
v 0.049088 -0.252202 -0.197928
v 0.049088 -0.117341 -0.203939
v 0.032364 -0.118322 -0.196434
v 0.032364 -0.099753 -0.191657
v 0.049088 -0.095973 -0.198213
v -0.049088 -0.232875 -0.203939
v -0.032364 -0.247484 -0.191478
v -0.032364 -0.231745 -0.196456
v -0.049088 -0.252202 -0.197928
v -0.049088 -0.117341 -0.203939
v -0.032364 -0.118322 -0.196434
v -0.032364 -0.099753 -0.191657
v -0.049088 -0.095973 -0.198213
v -0.084169 -0.269042 0.101168
v -0.048053 -0.288106 0.090161
v -0.071503 -0.288106 0.090161
v -0.048970 -0.223012 0.127749
v -0.048970 -0.223012 0.127749
v -0.084169 -0.269042 0.101168
v -0.070639 -0.223002 0.127749
v 0.048970 -0.223012 0.127749
v 0.084169 -0.269042 0.101168
v 0.048053 -0.288106 0.090161
v 0.071502 -0.288106 0.090161
v 0.070634 -0.223002 0.127749
v -0.039976 -0.302127 -0.028345
v -0.029395 -0.262191 0.063950
v -0.023797 -0.295725 -0.029483
v -0.045574 -0.274329 0.067018
v -0.032364 -0.118322 -0.196434
v 0.000000 -0.099753 -0.191657
v -0.032364 -0.099753 -0.191657
v 0.000000 -0.118322 -0.196434
v 0.000000 -0.231745 -0.196456
v -0.032364 -0.231745 -0.196456
v 0.032364 -0.247484 -0.191478
v 0.000000 -0.247484 -0.191478
v 0.032364 -0.118322 -0.196434
v 0.032364 -0.231745 -0.196456
v -0.032364 -0.247484 -0.191478
v 0.000000 -0.231745 -0.196456
v -0.032364 -0.231745 -0.196456
v 0.000000 -0.247484 -0.191478
v 0.032364 -0.247484 -0.191478
v 0.032364 -0.231745 -0.196456
v -0.032364 -0.118322 -0.196434
v 0.000000 -0.118322 -0.196434
v 0.032364 -0.118322 -0.196434
v 0.000000 -0.099753 -0.191657
v 0.032364 -0.099753 -0.191657
v 0.023797 -0.295852 -0.113664
v 0.023797 -0.295725 -0.029483
v 0.039976 -0.302127 -0.028345
v 0.030670 -0.262191 0.063950
v 0.046849 -0.274329 0.067018
v 0.039976 -0.302127 -0.115426
v 0.032364 -0.259866 -0.179020
v 0.049088 -0.266313 -0.183417
v 0.032364 -0.247484 -0.191478
v 0.049088 -0.252202 -0.197928
v -0.064589 -0.230913 0.515291
v -0.059465 -0.191478 0.478700
v -0.054675 -0.188017 0.479652
v -0.081975 -0.233778 0.504598
v -0.063526 -0.192353 0.475986
v -0.044475 -0.229909 0.519037
v -0.030504 -0.174024 0.479652
v -0.093427 -0.236849 0.487743
v -0.066239 -0.193053 0.471926
v -0.097433 -0.240364 0.467789
v -0.067192 -0.191897 0.467136
v 0.000000 -0.229909 0.519037
v 0.000000 -0.174024 0.479652
v 0.030504 -0.174024 0.479652
v -0.102960 0.197032 -0.586830
v -0.102960 0.197032 -0.506844
v -0.123967 0.193998 -0.586830
v -0.123967 0.193998 -0.506496
v 0.103012 0.197225 -0.506881
v 0.103012 0.197225 -0.586830
v 0.123967 0.193998 -0.586830
v 0.123967 0.193998 -0.506496
v -0.023797 -0.295725 -0.029483
v 0.000000 -0.262191 0.063950
v 0.000000 -0.295725 -0.029483
v -0.029395 -0.262191 0.063950
v 0.023797 -0.295725 -0.029483
v 0.030670 -0.262191 0.063950
v 0.000000 -0.252190 0.080408
v 0.032364 -0.252190 0.080408
v 0.044476 -0.229909 0.519037
v 0.054676 -0.188017 0.479652
v 0.064589 -0.230913 0.515291
v -0.039976 -0.302127 -0.028345
v -0.023797 -0.295852 -0.113664
v -0.039976 -0.302127 -0.115426
v -0.023797 -0.295725 -0.029483
v -0.039976 -0.302127 -0.115426
v -0.032364 -0.259866 -0.179020
v -0.049088 -0.266313 -0.183417
v -0.023797 -0.295852 -0.113664
v -0.032364 -0.247484 -0.191478
v -0.049088 -0.252202 -0.197928
v -0.102824 0.062464 0.379318
v -0.088736 0.061635 0.381859
v -0.087811 0.046914 0.404596
v 0.049670 -0.004211 -0.453609
v -0.000001 -0.059479 -0.382098
v 0.049670 -0.059480 -0.382098
v 0.040217 0.006234 -0.467123
v 0.047137 0.002108 -0.461784
v -0.000002 0.006234 -0.467123
v -0.049674 -0.004211 -0.453609
v -0.049674 -0.059479 -0.382098
v -0.040221 0.006234 -0.467123
v -0.047141 0.002108 -0.461784
v 0.000000 -0.259866 -0.179020
v 0.023797 -0.295852 -0.113664
v 0.032364 -0.259866 -0.179020
v 0.000000 -0.247484 -0.191478
v 0.032364 -0.247484 -0.191478
v -0.032364 -0.259866 -0.179020
v -0.032364 -0.247484 -0.191478
v -0.023797 -0.295852 -0.113664
v 0.000000 -0.295725 -0.029483
v 0.023797 -0.295725 -0.029483
v -0.023797 -0.295725 -0.029483
v 0.000000 -0.295852 -0.113664
v 0.023797 -0.295852 -0.113664
v 0.000000 -0.259866 -0.179020
v 0.000000 -0.295852 -0.113664
v -0.023797 -0.295852 -0.113664
v -0.000002 0.006234 -0.467123
v 0.000000 0.133340 -0.467123
v -0.000002 0.133340 -0.467123
v 0.040217 0.006234 -0.467123
v -0.040221 0.006234 -0.467123
v 0.040217 0.133670 -0.467123
v -0.040221 0.133670 -0.467123
v 0.047137 0.130096 -0.461784
v -0.047141 0.130096 -0.461784
v 0.047137 0.002108 -0.461784
v -0.047141 0.002108 -0.461784
v 0.049670 0.123032 -0.451366
v -0.049674 0.123032 -0.451366
v 0.049670 -0.004211 -0.453609
v -0.049674 -0.004211 -0.453609
v 0.049670 0.114257 -0.415167
v -0.049674 0.114257 -0.415167
v 0.049670 -0.059480 -0.382098
v 0.049670 0.114257 -0.245556
v 0.049670 -0.059480 -0.245556
v -0.049674 -0.059479 -0.382098
v -0.049674 0.114257 -0.245556
v -0.049674 -0.059479 -0.245556
v 0.099752 0.103463 -0.455924
v 0.092909 0.120189 -0.453090
v 0.092909 0.096620 -0.453090
v 0.103191 0.116319 -0.457174
v -0.092910 0.120189 -0.453090
v -0.099752 0.103463 -0.455924
v -0.092910 0.096621 -0.453090
v -0.103191 0.116320 -0.457174
v -0.059465 0.114257 0.478700
v -0.054675 -0.188017 0.479652
v -0.059465 -0.191478 0.478700
v -0.054675 0.114257 0.479652
v -0.063526 0.114257 0.475986
v -0.030504 -0.174024 0.479652
v 0.000000 0.114257 0.479652
v 0.000000 -0.174024 0.479652
v -0.063526 -0.192353 0.475986
v -0.066239 0.114257 0.471926
v -0.066239 -0.193053 0.471926
v -0.067192 -0.191897 0.467136
v -0.067191 0.114257 0.467136
v 0.000000 0.114257 0.479652
v 0.030504 -0.174024 0.479652
v 0.000000 -0.174024 0.479652
v 0.054676 0.114257 0.479652
v 0.054676 -0.188017 0.479652
v 0.059465 0.114257 0.478700
v 0.059465 -0.191478 0.478700
v 0.063526 0.114257 0.475986
v 0.063526 -0.192353 0.475986
v 0.066239 0.114257 0.471926
v 0.066239 -0.193053 0.471926
v 0.067192 -0.191897 0.467136
v 0.067192 0.114257 0.467136
v 0.000000 0.174208 -0.502559
v 0.097039 0.174935 -0.502559
v 0.000000 0.210407 -0.509760
v -0.088817 0.144247 -0.482054
v -0.097039 0.174936 -0.502559
v -0.102960 0.197032 -0.506844
v 0.128355 0.210407 -0.509760
v 0.103012 0.197225 -0.506881
v 0.123967 0.193998 -0.506496
v 0.090018 0.294011 -0.509760
v 0.053002 0.317759 -0.509760
v 0.067524 0.314577 -0.509760
v 0.081073 0.305885 -0.509760
v 0.000000 0.210407 -0.509760
v 0.097039 0.174935 -0.502559
v 0.103012 0.197225 -0.506881
v 0.090018 0.294011 -0.509760
v 0.128355 0.210407 -0.509760
v 0.000000 0.174208 -0.502559
v 0.088817 0.144247 -0.482054
v 0.000000 0.143520 -0.482054
v -0.088817 0.144247 -0.482054
v -0.097039 0.174936 -0.502559
v 0.000000 0.317759 -0.509760
v 0.053002 0.317759 -0.509760
v -0.053002 0.317759 -0.509760
v -0.090018 0.294011 -0.509760
v -0.067524 0.314577 -0.509760
v -0.081073 0.305885 -0.509760
v -0.128355 0.210407 -0.509760
v -0.102960 0.197032 -0.506844
v -0.123967 0.193998 -0.506496
v 0.088000 -0.016671 0.320918
v 0.096000 -0.016671 0.320918
v 0.088000 -0.023329 0.323082
v 0.096000 -0.023329 0.323082
v 0.088000 0.011542 0.407751
v 0.096000 0.011542 0.407751
v 0.088000 0.004885 0.409914
v 0.096000 0.004885 0.409914
v 0.088000 0.027708 0.357999
v 0.096000 0.027708 0.357999
v 0.088000 0.023593 0.352336
v 0.096000 0.023593 0.352336
v 0.088000 -0.046156 0.411664
v 0.096000 -0.046156 0.411664
v 0.088000 -0.050271 0.406001
v 0.096000 -0.050271 0.406001
v 0.088000 0.006156 0.411664
v 0.096000 0.006156 0.411664
v 0.088000 0.010271 0.406001
v 0.096000 0.010271 0.406001
v 0.088000 -0.067708 0.357999
v 0.096000 -0.067708 0.357999
v 0.088000 -0.063593 0.352336
v 0.096000 -0.063593 0.352336
v 0.088000 -0.051542 0.407751
v 0.096000 -0.051542 0.407751
v 0.088000 -0.044885 0.409914
v 0.096000 -0.044885 0.409914
v 0.088000 -0.023329 0.320918
v 0.096000 -0.023329 0.320918
v 0.088000 -0.016671 0.323082
v 0.096000 -0.016671 0.323082
v 0.088000 -0.065651 0.351667
v 0.096000 -0.065651 0.351667
v 0.088000 -0.065651 0.358667
v 0.096000 -0.065651 0.358667
v 0.088000 0.025651 0.351667
v 0.096000 0.025651 0.351667
v 0.088000 0.025651 0.358667
v 0.096000 0.025651 0.358667
v 0.097259 -0.016179 0.322000
v 0.097259 -0.017298 0.324702
v 0.097259 -0.020000 0.325821
v 0.097259 -0.022702 0.324702
v 0.097259 -0.023821 0.322000
v 0.097259 -0.022702 0.319298
v 0.097259 -0.020000 0.318179
v 0.097259 -0.017298 0.319298
v 0.094009 -0.013818 0.322000
v 0.094009 -0.015629 0.326371
v 0.094009 -0.020000 0.328182
v 0.094009 -0.024371 0.326371
v 0.094009 -0.026182 0.322000
v 0.094009 -0.024371 0.317629
v 0.094009 -0.020000 0.315818
v 0.094009 -0.015629 0.317629
v 0.089991 -0.013818 0.322000
v 0.089991 -0.015629 0.326371
v 0.089991 -0.020000 0.328182
v 0.089991 -0.024371 0.326371
v 0.089991 -0.026182 0.322000
v 0.089991 -0.024371 0.317629
v 0.089991 -0.020000 0.315818
v 0.089991 -0.015629 0.317629
v 0.086741 -0.016179 0.322000
v 0.086741 -0.017298 0.324702
v 0.086741 -0.020000 0.325821
v 0.086741 -0.022702 0.324702
v 0.086741 -0.023821 0.322000
v 0.086741 -0.022702 0.319298
v 0.086741 -0.020000 0.318179
v 0.086741 -0.017298 0.319298
v 0.098500 -0.020000 0.322000
v 0.085500 -0.020000 0.322000
v 0.097259 0.029471 0.355167
v 0.097259 0.028352 0.357869
v 0.097259 0.025651 0.358988
v 0.097259 0.022949 0.357869
v 0.097259 0.021830 0.355167
v 0.097259 0.022949 0.352466
v 0.097259 0.025651 0.351347
v 0.097259 0.028352 0.352466
v 0.094009 0.031833 0.355167
v 0.094009 0.030022 0.359538
v 0.094009 0.025651 0.361349
v 0.094009 0.021279 0.359538
v 0.094009 0.019469 0.355167
v 0.094009 0.021279 0.350796
v 0.094009 0.025651 0.348985
v 0.094009 0.030022 0.350796
v 0.089991 0.031833 0.355167
v 0.089991 0.030022 0.359538
v 0.089991 0.025651 0.361349
v 0.089991 0.021279 0.359538
v 0.089991 0.019469 0.355167
v 0.089991 0.021279 0.350796
v 0.089991 0.025651 0.348985
v 0.089991 0.030022 0.350796
v 0.086741 0.029471 0.355167
v 0.086741 0.028352 0.357869
v 0.086741 0.025651 0.358988
v 0.086741 0.022949 0.357869
v 0.086741 0.021830 0.355167
v 0.086741 0.022949 0.352466
v 0.086741 0.025651 0.351347
v 0.086741 0.028352 0.352466
v 0.098500 0.025651 0.355167
v 0.085500 0.025651 0.355167
v 0.097259 0.012034 0.408833
v 0.097259 0.010915 0.411534
v 0.097259 0.008214 0.412653
v 0.097259 0.005512 0.411534
v 0.097259 0.004393 0.408833
v 0.097259 0.005512 0.406131
v 0.097259 0.008214 0.405012
v 0.097259 0.010915 0.406131
v 0.094009 0.014396 0.408833
v 0.094009 0.012585 0.413204
v 0.094009 0.008214 0.415015
v 0.094009 0.003842 0.413204
v 0.094009 0.002032 0.408833
v 0.094009 0.003842 0.404462
v 0.094009 0.008214 0.402651
v 0.094009 0.012585 0.404462
v 0.089991 0.014396 0.408833
v 0.089991 0.012585 0.413204
v 0.089991 0.008214 0.415015
v 0.089991 0.003842 0.413204
v 0.089991 0.002032 0.408833
v 0.089991 0.003842 0.404462
v 0.089991 0.008214 0.402651
v 0.089991 0.012585 0.404462
v 0.086741 0.012034 0.408833
v 0.086741 0.010915 0.411534
v 0.086741 0.008214 0.412653
v 0.086741 0.005512 0.411534
v 0.086741 0.004393 0.408833
v 0.086741 0.005512 0.406131
v 0.086741 0.008214 0.405012
v 0.086741 0.010915 0.406131
v 0.098500 0.008214 0.408833
v 0.085500 0.008214 0.408833
v 0.097259 -0.044393 0.408833
v 0.097259 -0.045512 0.411534
v 0.097259 -0.048214 0.412653
v 0.097259 -0.050915 0.411534
v 0.097259 -0.052034 0.408833
v 0.097259 -0.050915 0.406131
v 0.097259 -0.048214 0.405012
v 0.097259 -0.045512 0.406131
v 0.094009 -0.042032 0.408833
v 0.094009 -0.043842 0.413204
v 0.094009 -0.048214 0.415015
v 0.094009 -0.052585 0.413204
v 0.094009 -0.054396 0.408833
v 0.094009 -0.052585 0.404462
v 0.094009 -0.048214 0.402651
v 0.094009 -0.043842 0.404462
v 0.089991 -0.042032 0.408833
v 0.089991 -0.043842 0.413204
v 0.089991 -0.048214 0.415015
v 0.089991 -0.052585 0.413204
v 0.089991 -0.054396 0.408833
v 0.089991 -0.052585 0.404462
v 0.089991 -0.048214 0.402651
v 0.089991 -0.043842 0.404462
v 0.086741 -0.044393 0.408833
v 0.086741 -0.045512 0.411534
v 0.086741 -0.048214 0.412653
v 0.086741 -0.050915 0.411534
v 0.086741 -0.052034 0.408833
v 0.086741 -0.050915 0.406131
v 0.086741 -0.048214 0.405012
v 0.086741 -0.045512 0.406131
v 0.098500 -0.048214 0.408833
v 0.085500 -0.048214 0.408833
v 0.097259 -0.061830 0.355167
v 0.097259 -0.062949 0.357869
v 0.097259 -0.065651 0.358988
v 0.097259 -0.068352 0.357869
v 0.097259 -0.069471 0.355167
v 0.097259 -0.068352 0.352466
v 0.097259 -0.065651 0.351347
v 0.097259 -0.062949 0.352466
v 0.094009 -0.059469 0.355167
v 0.094009 -0.061279 0.359538
v 0.094009 -0.065651 0.361349
v 0.094009 -0.070022 0.359538
v 0.094009 -0.071833 0.355167
v 0.094009 -0.070022 0.350796
v 0.094009 -0.065651 0.348985
v 0.094009 -0.061279 0.350796
v 0.089991 -0.059469 0.355167
v 0.089991 -0.061279 0.359538
v 0.089991 -0.065651 0.361349
v 0.089991 -0.070022 0.359538
v 0.089991 -0.071833 0.355167
v 0.089991 -0.070022 0.350796
v 0.089991 -0.065651 0.348985
v 0.089991 -0.061279 0.350796
v 0.086741 -0.061830 0.355167
v 0.086741 -0.062949 0.357869
v 0.086741 -0.065651 0.358988
v 0.086741 -0.068352 0.357869
v 0.086741 -0.069471 0.355167
v 0.086741 -0.068352 0.352466
v 0.086741 -0.065651 0.351347
v 0.086741 -0.062949 0.352466
v 0.098500 -0.065651 0.355167
v 0.085500 -0.065651 0.355167
v 0.092000 0.043000 0.370000
v 0.096330 0.040500 0.370000
v 0.096330 0.035500 0.370000
v 0.092000 0.033000 0.370000
v 0.087670 0.035500 0.370000
v 0.087670 0.040500 0.370000
v 0.092000 0.042224 0.379855
v 0.096330 0.039755 0.379464
v 0.096330 0.034817 0.378682
v 0.092000 0.032347 0.378291
v 0.087670 0.034817 0.378682
v 0.087670 0.039755 0.379464
v 0.092000 0.039917 0.389468
v 0.096330 0.037539 0.388696
v 0.096330 0.032784 0.387150
v 0.092000 0.030406 0.386378
v 0.087670 0.032784 0.387150
v 0.087670 0.037539 0.388696
v 0.092000 0.036133 0.398601
v 0.096330 0.033906 0.397466
v 0.096330 0.029451 0.395196
v 0.092000 0.027223 0.394061
v 0.087670 0.029451 0.395196
v 0.087670 0.033906 0.397466
v 0.092000 0.030968 0.407030
v 0.096330 0.028946 0.405561
v 0.096330 0.024900 0.402622
v 0.092000 0.022878 0.401153
v 0.087670 0.024900 0.402622
v 0.087670 0.028946 0.405561
v 0.092000 0.024548 0.414548
v 0.096330 0.022780 0.412780
v 0.096330 0.019244 0.409244
v 0.092000 0.017477 0.407477
v 0.087670 0.019244 0.409244
v 0.087670 0.022780 0.412780
v 0.092000 0.017030 0.420968
v 0.096330 0.015561 0.418946
v 0.096330 0.012622 0.414900
v 0.092000 0.011153 0.412878
v 0.087670 0.012622 0.414900
v 0.087670 0.015561 0.418946
v 0.092000 0.008601 0.426133
v 0.096330 0.007466 0.423906
v 0.096330 0.005196 0.419451
v 0.092000 0.004061 0.417223
v 0.087670 0.005196 0.419451
v 0.087670 0.007466 0.423906
v 0.092000 -0.000532 0.429917
v 0.096330 -0.001304 0.427539
v 0.096330 -0.002850 0.422784
v 0.092000 -0.003622 0.420406
v 0.087670 -0.002850 0.422784
v 0.087670 -0.001304 0.427539
v 0.092000 -0.010145 0.432224
v 0.096330 -0.010536 0.429755
v 0.096330 -0.011318 0.424817
v 0.092000 -0.011709 0.422347
v 0.087670 -0.011318 0.424817
v 0.087670 -0.010536 0.429755
v 0.092000 -0.020000 0.433000
v 0.096330 -0.020000 0.430500
v 0.096330 -0.020000 0.425500
v 0.092000 -0.020000 0.423000
v 0.087670 -0.020000 0.425500
v 0.087670 -0.020000 0.430500
v 0.092000 -0.029855 0.432224
v 0.096330 -0.029464 0.429755
v 0.096330 -0.028682 0.424817
v 0.092000 -0.028291 0.422347
v 0.087670 -0.028682 0.424817
v 0.087670 -0.029464 0.429755
v 0.092000 -0.039468 0.429917
v 0.096330 -0.038696 0.427539
v 0.096330 -0.037150 0.422784
v 0.092000 -0.036378 0.420406
v 0.087670 -0.037150 0.422784
v 0.087670 -0.038696 0.427539
v 0.092000 -0.048601 0.426133
v 0.096330 -0.047466 0.423906
v 0.096330 -0.045196 0.419451
v 0.092000 -0.044061 0.417223
v 0.087670 -0.045196 0.419451
v 0.087670 -0.047466 0.423906
v 0.092000 -0.057030 0.420968
v 0.096330 -0.055561 0.418946
v 0.096330 -0.052622 0.414900
v 0.092000 -0.051153 0.412878
v 0.087670 -0.052622 0.414900
v 0.087670 -0.055561 0.418946
v 0.092000 -0.064548 0.414548
v 0.096330 -0.062780 0.412780
v 0.096330 -0.059244 0.409244
v 0.092000 -0.057477 0.407477
v 0.087670 -0.059244 0.409244
v 0.087670 -0.062780 0.412780
v 0.092000 -0.070968 0.407030
v 0.096330 -0.068946 0.405561
v 0.096330 -0.064900 0.402622
v 0.092000 -0.062878 0.401153
v 0.087670 -0.064900 0.402622
v 0.087670 -0.068946 0.405561
v 0.092000 -0.076133 0.398601
v 0.096330 -0.073906 0.397466
v 0.096330 -0.069451 0.395196
v 0.092000 -0.067223 0.394061
v 0.087670 -0.069451 0.395196
v 0.087670 -0.073906 0.397466
v 0.092000 -0.079917 0.389468
v 0.096330 -0.077539 0.388696
v 0.096330 -0.072784 0.387150
v 0.092000 -0.070406 0.386378
v 0.087670 -0.072784 0.387150
v 0.087670 -0.077539 0.388696
v 0.092000 -0.082224 0.379855
v 0.096330 -0.079755 0.379464
v 0.096330 -0.074817 0.378682
v 0.092000 -0.072347 0.378291
v 0.087670 -0.074817 0.378682
v 0.087670 -0.079755 0.379464
v 0.092000 -0.083000 0.370000
v 0.096330 -0.080500 0.370000
v 0.096330 -0.075500 0.370000
v 0.092000 -0.073000 0.370000
v 0.087670 -0.075500 0.370000
v 0.087670 -0.080500 0.370000
v 0.092000 -0.082224 0.360145
v 0.096330 -0.079755 0.360536
v 0.096330 -0.074817 0.361318
v 0.092000 -0.072347 0.361709
v 0.087670 -0.074817 0.361318
v 0.087670 -0.079755 0.360536
v 0.092000 -0.079917 0.350532
v 0.096330 -0.077539 0.351304
v 0.096330 -0.072784 0.352850
v 0.092000 -0.070406 0.353622
v 0.087670 -0.072784 0.352850
v 0.087670 -0.077539 0.351304
v 0.092000 -0.076133 0.341399
v 0.096330 -0.073906 0.342534
v 0.096330 -0.069451 0.344804
v 0.092000 -0.067223 0.345939
v 0.087670 -0.069451 0.344804
v 0.087670 -0.073906 0.342534
v 0.092000 -0.070968 0.332970
v 0.096330 -0.068946 0.334439
v 0.096330 -0.064900 0.337378
v 0.092000 -0.062878 0.338847
v 0.087670 -0.064900 0.337378
v 0.087670 -0.068946 0.334439
v 0.092000 -0.064548 0.325452
v 0.096330 -0.062780 0.327220
v 0.096330 -0.059244 0.330756
v 0.092000 -0.057477 0.332523
v 0.087670 -0.059244 0.330756
v 0.087670 -0.062780 0.327220
v 0.092000 -0.057030 0.319032
v 0.096330 -0.055561 0.321054
v 0.096330 -0.052622 0.325100
v 0.092000 -0.051153 0.327122
v 0.087670 -0.052622 0.325100
v 0.087670 -0.055561 0.321054
v 0.092000 -0.048601 0.313867
v 0.096330 -0.047466 0.316094
v 0.096330 -0.045196 0.320549
v 0.092000 -0.044061 0.322777
v 0.087670 -0.045196 0.320549
v 0.087670 -0.047466 0.316094
v 0.092000 -0.039468 0.310083
v 0.096330 -0.038696 0.312461
v 0.096330 -0.037150 0.317216
v 0.092000 -0.036378 0.319594
v 0.087670 -0.037150 0.317216
v 0.087670 -0.038696 0.312461
v 0.092000 -0.029855 0.307776
v 0.096330 -0.029464 0.310245
v 0.096330 -0.028682 0.315183
v 0.092000 -0.028291 0.317653
v 0.087670 -0.028682 0.315183
v 0.087670 -0.029464 0.310245
v 0.092000 -0.020000 0.307000
v 0.096330 -0.020000 0.309500
v 0.096330 -0.020000 0.314500
v 0.092000 -0.020000 0.317000
v 0.087670 -0.020000 0.314500
v 0.087670 -0.020000 0.309500
v 0.092000 -0.010145 0.307776
v 0.096330 -0.010536 0.310245
v 0.096330 -0.011318 0.315183
v 0.092000 -0.011709 0.317653
v 0.087670 -0.011318 0.315183
v 0.087670 -0.010536 0.310245
v 0.092000 -0.000532 0.310083
v 0.096330 -0.001304 0.312461
v 0.096330 -0.002850 0.317216
v 0.092000 -0.003622 0.319594
v 0.087670 -0.002850 0.317216
v 0.087670 -0.001304 0.312461
v 0.092000 0.008601 0.313867
v 0.096330 0.007466 0.316094
v 0.096330 0.005196 0.320549
v 0.092000 0.004061 0.322777
v 0.087670 0.005196 0.320549
v 0.087670 0.007466 0.316094
v 0.092000 0.017030 0.319032
v 0.096330 0.015561 0.321054
v 0.096330 0.012622 0.325100
v 0.092000 0.011153 0.327122
v 0.087670 0.012622 0.325100
v 0.087670 0.015561 0.321054
v 0.092000 0.024548 0.325452
v 0.096330 0.022780 0.327220
v 0.096330 0.019244 0.330756
v 0.092000 0.017477 0.332523
v 0.087670 0.019244 0.330756
v 0.087670 0.022780 0.327220
v 0.092000 0.030968 0.332970
v 0.096330 0.028946 0.334439
v 0.096330 0.024900 0.337378
v 0.092000 0.022878 0.338847
v 0.087670 0.024900 0.337378
v 0.087670 0.028946 0.334439
v 0.092000 0.036133 0.341399
v 0.096330 0.033906 0.342534
v 0.096330 0.029451 0.344804
v 0.092000 0.027223 0.345939
v 0.087670 0.029451 0.344804
v 0.087670 0.033906 0.342534
v 0.092000 0.039917 0.350532
v 0.096330 0.037539 0.351304
v 0.096330 0.032784 0.352850
v 0.092000 0.030406 0.353622
v 0.087670 0.032784 0.352850
v 0.087670 0.037539 0.351304
v 0.092000 0.042224 0.360145
v 0.096330 0.039755 0.360536
v 0.096330 0.034817 0.361318
v 0.092000 0.032347 0.361709
v 0.087670 0.034817 0.361318
v 0.087670 0.039755 0.360536
v 0.101281 -0.014710 0.370000
v 0.101281 -0.016259 0.373741
v 0.101281 -0.020000 0.375290
v 0.101281 -0.023741 0.373741
v 0.101281 -0.025290 0.370000
v 0.101281 -0.023741 0.366259
v 0.101281 -0.020000 0.364710
v 0.101281 -0.016259 0.366259
v 0.096781 -0.011440 0.370000
v 0.096781 -0.013948 0.376052
v 0.096781 -0.020000 0.378560
v 0.096781 -0.026052 0.376052
v 0.096781 -0.028560 0.370000
v 0.096781 -0.026052 0.363948
v 0.096781 -0.020000 0.361440
v 0.096781 -0.013948 0.363948
v 0.091219 -0.011440 0.370000
v 0.091219 -0.013948 0.376052
v 0.091219 -0.020000 0.378560
v 0.091219 -0.026052 0.376052
v 0.091219 -0.028560 0.370000
v 0.091219 -0.026052 0.363948
v 0.091219 -0.020000 0.361440
v 0.091219 -0.013948 0.363948
v 0.086719 -0.014710 0.370000
v 0.086719 -0.016259 0.373741
v 0.086719 -0.020000 0.375290
v 0.086719 -0.023741 0.373741
v 0.086719 -0.025290 0.370000
v 0.086719 -0.023741 0.366259
v 0.086719 -0.020000 0.364710
v 0.086719 -0.016259 0.366259
v 0.103000 -0.020000 0.370000
v 0.085000 -0.020000 0.370000
v -0.088000 -0.016671 0.320918
v -0.096000 -0.016671 0.320918
v -0.088000 -0.023329 0.323082
v -0.096000 -0.023329 0.323082
v -0.088000 0.011542 0.407751
v -0.096000 0.011542 0.407751
v -0.088000 0.004885 0.409914
v -0.096000 0.004885 0.409914
v -0.088000 0.027708 0.357999
v -0.096000 0.027708 0.357999
v -0.088000 0.023593 0.352336
v -0.096000 0.023593 0.352336
v -0.088000 -0.046156 0.411664
v -0.096000 -0.046156 0.411664
v -0.088000 -0.050271 0.406001
v -0.096000 -0.050271 0.406001
v -0.088000 0.006156 0.411664
v -0.096000 0.006156 0.411664
v -0.088000 0.010271 0.406001
v -0.096000 0.010271 0.406001
v -0.088000 -0.067708 0.357999
v -0.096000 -0.067708 0.357999
v -0.088000 -0.063593 0.352336
v -0.096000 -0.063593 0.352336
v -0.088000 -0.051542 0.407751
v -0.096000 -0.051542 0.407751
v -0.088000 -0.044885 0.409914
v -0.096000 -0.044885 0.409914
v -0.088000 -0.023329 0.320918
v -0.096000 -0.023329 0.320918
v -0.088000 -0.016671 0.323082
v -0.096000 -0.016671 0.323082
v -0.088000 -0.065651 0.351667
v -0.096000 -0.065651 0.351667
v -0.088000 -0.065651 0.358667
v -0.096000 -0.065651 0.358667
v -0.088000 0.025651 0.351667
v -0.096000 0.025651 0.351667
v -0.088000 0.025651 0.358667
v -0.096000 0.025651 0.358667
v -0.097259 -0.016179 0.322000
v -0.097259 -0.017298 0.324702
v -0.097259 -0.020000 0.325821
v -0.097259 -0.022702 0.324702
v -0.097259 -0.023821 0.322000
v -0.097259 -0.022702 0.319298
v -0.097259 -0.020000 0.318179
v -0.097259 -0.017298 0.319298
v -0.094009 -0.013818 0.322000
v -0.094009 -0.015629 0.326371
v -0.094009 -0.020000 0.328182
v -0.094009 -0.024371 0.326371
v -0.094009 -0.026182 0.322000
v -0.094009 -0.024371 0.317629
v -0.094009 -0.020000 0.315818
v -0.094009 -0.015629 0.317629
v -0.089991 -0.013818 0.322000
v -0.089991 -0.015629 0.326371
v -0.089991 -0.020000 0.328182
v -0.089991 -0.024371 0.326371
v -0.089991 -0.026182 0.322000
v -0.089991 -0.024371 0.317629
v -0.089991 -0.020000 0.315818
v -0.089991 -0.015629 0.317629
v -0.086741 -0.016179 0.322000
v -0.086741 -0.017298 0.324702
v -0.086741 -0.020000 0.325821
v -0.086741 -0.022702 0.324702
v -0.086741 -0.023821 0.322000
v -0.086741 -0.022702 0.319298
v -0.086741 -0.020000 0.318179
v -0.086741 -0.017298 0.319298
v -0.098500 -0.020000 0.322000
v -0.085500 -0.020000 0.322000
v -0.097259 0.029471 0.355167
v -0.097259 0.028352 0.357869
v -0.097259 0.025651 0.358988
v -0.097259 0.022949 0.357869
v -0.097259 0.021830 0.355167
v -0.097259 0.022949 0.352466
v -0.097259 0.025651 0.351347
v -0.097259 0.028352 0.352466
v -0.094009 0.031833 0.355167
v -0.094009 0.030022 0.359538
v -0.094009 0.025651 0.361349
v -0.094009 0.021279 0.359538
v -0.094009 0.019469 0.355167
v -0.094009 0.021279 0.350796
v -0.094009 0.025651 0.348985
v -0.094009 0.030022 0.350796
v -0.089991 0.031833 0.355167
v -0.089991 0.030022 0.359538
v -0.089991 0.025651 0.361349
v -0.089991 0.021279 0.359538
v -0.089991 0.019469 0.355167
v -0.089991 0.021279 0.350796
v -0.089991 0.025651 0.348985
v -0.089991 0.030022 0.350796
v -0.086741 0.029471 0.355167
v -0.086741 0.028352 0.357869
v -0.086741 0.025651 0.358988
v -0.086741 0.022949 0.357869
v -0.086741 0.021830 0.355167
v -0.086741 0.022949 0.352466
v -0.086741 0.025651 0.351347
v -0.086741 0.028352 0.352466
v -0.098500 0.025651 0.355167
v -0.085500 0.025651 0.355167
v -0.097259 0.012034 0.408833
v -0.097259 0.010915 0.411534
v -0.097259 0.008214 0.412653
v -0.097259 0.005512 0.411534
v -0.097259 0.004393 0.408833
v -0.097259 0.005512 0.406131
v -0.097259 0.008214 0.405012
v -0.097259 0.010915 0.406131
v -0.094009 0.014396 0.408833
v -0.094009 0.012585 0.413204
v -0.094009 0.008214 0.415015
v -0.094009 0.003842 0.413204
v -0.094009 0.002032 0.408833
v -0.094009 0.003842 0.404462
v -0.094009 0.008214 0.402651
v -0.094009 0.012585 0.404462
v -0.089991 0.014396 0.408833
v -0.089991 0.012585 0.413204
v -0.089991 0.008214 0.415015
v -0.089991 0.003842 0.413204
v -0.089991 0.002032 0.408833
v -0.089991 0.003842 0.404462
v -0.089991 0.008214 0.402651
v -0.089991 0.012585 0.404462
v -0.086741 0.012034 0.408833
v -0.086741 0.010915 0.411534
v -0.086741 0.008214 0.412653
v -0.086741 0.005512 0.411534
v -0.086741 0.004393 0.408833
v -0.086741 0.005512 0.406131
v -0.086741 0.008214 0.405012
v -0.086741 0.010915 0.406131
v -0.098500 0.008214 0.408833
v -0.085500 0.008214 0.408833
v -0.097259 -0.044393 0.408833
v -0.097259 -0.045512 0.411534
v -0.097259 -0.048214 0.412653
v -0.097259 -0.050915 0.411534
v -0.097259 -0.052034 0.408833
v -0.097259 -0.050915 0.406131
v -0.097259 -0.048214 0.405012
v -0.097259 -0.045512 0.406131
v -0.094009 -0.042032 0.408833
v -0.094009 -0.043842 0.413204
v -0.094009 -0.048214 0.415015
v -0.094009 -0.052585 0.413204
v -0.094009 -0.054396 0.408833
v -0.094009 -0.052585 0.404462
v -0.094009 -0.048214 0.402651
v -0.094009 -0.043842 0.404462
v -0.089991 -0.042032 0.408833
v -0.089991 -0.043842 0.413204
v -0.089991 -0.048214 0.415015
v -0.089991 -0.052585 0.413204
v -0.089991 -0.054396 0.408833
v -0.089991 -0.052585 0.404462
v -0.089991 -0.048214 0.402651
v -0.089991 -0.043842 0.404462
v -0.086741 -0.044393 0.408833
v -0.086741 -0.045512 0.411534
v -0.086741 -0.048214 0.412653
v -0.086741 -0.050915 0.411534
v -0.086741 -0.052034 0.408833
v -0.086741 -0.050915 0.406131
v -0.086741 -0.048214 0.405012
v -0.086741 -0.045512 0.406131
v -0.098500 -0.048214 0.408833
v -0.085500 -0.048214 0.408833
v -0.097259 -0.061830 0.355167
v -0.097259 -0.062949 0.357869
v -0.097259 -0.065651 0.358988
v -0.097259 -0.068352 0.357869
v -0.097259 -0.069471 0.355167
v -0.097259 -0.068352 0.352466
v -0.097259 -0.065651 0.351347
v -0.097259 -0.062949 0.352466
v -0.094009 -0.059469 0.355167
v -0.094009 -0.061279 0.359538
v -0.094009 -0.065651 0.361349
v -0.094009 -0.070022 0.359538
v -0.094009 -0.071833 0.355167
v -0.094009 -0.070022 0.350796
v -0.094009 -0.065651 0.348985
v -0.094009 -0.061279 0.350796
v -0.089991 -0.059469 0.355167
v -0.089991 -0.061279 0.359538
v -0.089991 -0.065651 0.361349
v -0.089991 -0.070022 0.359538
v -0.089991 -0.071833 0.355167
v -0.089991 -0.070022 0.350796
v -0.089991 -0.065651 0.348985
v -0.089991 -0.061279 0.350796
v -0.086741 -0.061830 0.355167
v -0.086741 -0.062949 0.357869
v -0.086741 -0.065651 0.358988
v -0.086741 -0.068352 0.357869
v -0.086741 -0.069471 0.355167
v -0.086741 -0.068352 0.352466
v -0.086741 -0.065651 0.351347
v -0.086741 -0.062949 0.352466
v -0.098500 -0.065651 0.355167
v -0.085500 -0.065651 0.355167
v -0.092000 0.043000 0.370000
v -0.096330 0.040500 0.370000
v -0.096330 0.035500 0.370000
v -0.092000 0.033000 0.370000
v -0.087670 0.035500 0.370000
v -0.087670 0.040500 0.370000
v -0.092000 0.042224 0.379855
v -0.096330 0.039755 0.379464
v -0.096330 0.034817 0.378682
v -0.092000 0.032347 0.378291
v -0.087670 0.034817 0.378682
v -0.087670 0.039755 0.379464
v -0.092000 0.039917 0.389468
v -0.096330 0.037539 0.388696
v -0.096330 0.032784 0.387150
v -0.092000 0.030406 0.386378
v -0.087670 0.032784 0.387150
v -0.087670 0.037539 0.388696
v -0.092000 0.036133 0.398601
v -0.096330 0.033906 0.397466
v -0.096330 0.029451 0.395196
v -0.092000 0.027223 0.394061
v -0.087670 0.029451 0.395196
v -0.087670 0.033906 0.397466
v -0.092000 0.030968 0.407030
v -0.096330 0.028946 0.405561
v -0.096330 0.024900 0.402622
v -0.092000 0.022878 0.401153
v -0.087670 0.024900 0.402622
v -0.087670 0.028946 0.405561
v -0.092000 0.024548 0.414548
v -0.096330 0.022780 0.412780
v -0.096330 0.019244 0.409244
v -0.092000 0.017477 0.407477
v -0.087670 0.019244 0.409244
v -0.087670 0.022780 0.412780
v -0.092000 0.017030 0.420968
v -0.096330 0.015561 0.418946
v -0.096330 0.012622 0.414900
v -0.092000 0.011153 0.412878
v -0.087670 0.012622 0.414900
v -0.087670 0.015561 0.418946
v -0.092000 0.008601 0.426133
v -0.096330 0.007466 0.423906
v -0.096330 0.005196 0.419451
v -0.092000 0.004061 0.417223
v -0.087670 0.005196 0.419451
v -0.087670 0.007466 0.423906
v -0.092000 -0.000532 0.429917
v -0.096330 -0.001304 0.427539
v -0.096330 -0.002850 0.422784
v -0.092000 -0.003622 0.420406
v -0.087670 -0.002850 0.422784
v -0.087670 -0.001304 0.427539
v -0.092000 -0.010145 0.432224
v -0.096330 -0.010536 0.429755
v -0.096330 -0.011318 0.424817
v -0.092000 -0.011709 0.422347
v -0.087670 -0.011318 0.424817
v -0.087670 -0.010536 0.429755
v -0.092000 -0.020000 0.433000
v -0.096330 -0.020000 0.430500
v -0.096330 -0.020000 0.425500
v -0.092000 -0.020000 0.423000
v -0.087670 -0.020000 0.425500
v -0.087670 -0.020000 0.430500
v -0.092000 -0.029855 0.432224
v -0.096330 -0.029464 0.429755
v -0.096330 -0.028682 0.424817
v -0.092000 -0.028291 0.422347
v -0.087670 -0.028682 0.424817
v -0.087670 -0.029464 0.429755
v -0.092000 -0.039468 0.429917
v -0.096330 -0.038696 0.427539
v -0.096330 -0.037150 0.422784
v -0.092000 -0.036378 0.420406
v -0.087670 -0.037150 0.422784
v -0.087670 -0.038696 0.427539
v -0.092000 -0.048601 0.426133
v -0.096330 -0.047466 0.423906
v -0.096330 -0.045196 0.419451
v -0.092000 -0.044061 0.417223
v -0.087670 -0.045196 0.419451
v -0.087670 -0.047466 0.423906
v -0.092000 -0.057030 0.420968
v -0.096330 -0.055561 0.418946
v -0.096330 -0.052622 0.414900
v -0.092000 -0.051153 0.412878
v -0.087670 -0.052622 0.414900
v -0.087670 -0.055561 0.418946
v -0.092000 -0.064548 0.414548
v -0.096330 -0.062780 0.412780
v -0.096330 -0.059244 0.409244
v -0.092000 -0.057477 0.407477
v -0.087670 -0.059244 0.409244
v -0.087670 -0.062780 0.412780
v -0.092000 -0.070968 0.407030
v -0.096330 -0.068946 0.405561
v -0.096330 -0.064900 0.402622
v -0.092000 -0.062878 0.401153
v -0.087670 -0.064900 0.402622
v -0.087670 -0.068946 0.405561
v -0.092000 -0.076133 0.398601
v -0.096330 -0.073906 0.397466
v -0.096330 -0.069451 0.395196
v -0.092000 -0.067223 0.394061
v -0.087670 -0.069451 0.395196
v -0.087670 -0.073906 0.397466
v -0.092000 -0.079917 0.389468
v -0.096330 -0.077539 0.388696
v -0.096330 -0.072784 0.387150
v -0.092000 -0.070406 0.386378
v -0.087670 -0.072784 0.387150
v -0.087670 -0.077539 0.388696
v -0.092000 -0.082224 0.379855
v -0.096330 -0.079755 0.379464
v -0.096330 -0.074817 0.378682
v -0.092000 -0.072347 0.378291
v -0.087670 -0.074817 0.378682
v -0.087670 -0.079755 0.379464
v -0.092000 -0.083000 0.370000
v -0.096330 -0.080500 0.370000
v -0.096330 -0.075500 0.370000
v -0.092000 -0.073000 0.370000
v -0.087670 -0.075500 0.370000
v -0.087670 -0.080500 0.370000
v -0.092000 -0.082224 0.360145
v -0.096330 -0.079755 0.360536
v -0.096330 -0.074817 0.361318
v -0.092000 -0.072347 0.361709
v -0.087670 -0.074817 0.361318
v -0.087670 -0.079755 0.360536
v -0.092000 -0.079917 0.350532
v -0.096330 -0.077539 0.351304
v -0.096330 -0.072784 0.352850
v -0.092000 -0.070406 0.353622
v -0.087670 -0.072784 0.352850
v -0.087670 -0.077539 0.351304
v -0.092000 -0.076133 0.341399
v -0.096330 -0.073906 0.342534
v -0.096330 -0.069451 0.344804
v -0.092000 -0.067223 0.345939
v -0.087670 -0.069451 0.344804
v -0.087670 -0.073906 0.342534
v -0.092000 -0.070968 0.332970
v -0.096330 -0.068946 0.334439
v -0.096330 -0.064900 0.337378
v -0.092000 -0.062878 0.338847
v -0.087670 -0.064900 0.337378
v -0.087670 -0.068946 0.334439
v -0.092000 -0.064548 0.325452
v -0.096330 -0.062780 0.327220
v -0.096330 -0.059244 0.330756
v -0.092000 -0.057477 0.332523
v -0.087670 -0.059244 0.330756
v -0.087670 -0.062780 0.327220
v -0.092000 -0.057030 0.319032
v -0.096330 -0.055561 0.321054
v -0.096330 -0.052622 0.325100
v -0.092000 -0.051153 0.327122
v -0.087670 -0.052622 0.325100
v -0.087670 -0.055561 0.321054
v -0.092000 -0.048601 0.313867
v -0.096330 -0.047466 0.316094
v -0.096330 -0.045196 0.320549
v -0.092000 -0.044061 0.322777
v -0.087670 -0.045196 0.320549
v -0.087670 -0.047466 0.316094
v -0.092000 -0.039468 0.310083
v -0.096330 -0.038696 0.312461
v -0.096330 -0.037150 0.317216
v -0.092000 -0.036378 0.319594
v -0.087670 -0.037150 0.317216
v -0.087670 -0.038696 0.312461
v -0.092000 -0.029855 0.307776
v -0.096330 -0.029464 0.310245
v -0.096330 -0.028682 0.315183
v -0.092000 -0.028291 0.317653
v -0.087670 -0.028682 0.315183
v -0.087670 -0.029464 0.310245
v -0.092000 -0.020000 0.307000
v -0.096330 -0.020000 0.309500
v -0.096330 -0.020000 0.314500
v -0.092000 -0.020000 0.317000
v -0.087670 -0.020000 0.314500
v -0.087670 -0.020000 0.309500
v -0.092000 -0.010145 0.307776
v -0.096330 -0.010536 0.310245
v -0.096330 -0.011318 0.315183
v -0.092000 -0.011709 0.317653
v -0.087670 -0.011318 0.315183
v -0.087670 -0.010536 0.310245
v -0.092000 -0.000532 0.310083
v -0.096330 -0.001304 0.312461
v -0.096330 -0.002850 0.317216
v -0.092000 -0.003622 0.319594
v -0.087670 -0.002850 0.317216
v -0.087670 -0.001304 0.312461
v -0.092000 0.008601 0.313867
v -0.096330 0.007466 0.316094
v -0.096330 0.005196 0.320549
v -0.092000 0.004061 0.322777
v -0.087670 0.005196 0.320549
v -0.087670 0.007466 0.316094
v -0.092000 0.017030 0.319032
v -0.096330 0.015561 0.321054
v -0.096330 0.012622 0.325100
v -0.092000 0.011153 0.327122
v -0.087670 0.012622 0.325100
v -0.087670 0.015561 0.321054
v -0.092000 0.024548 0.325452
v -0.096330 0.022780 0.327220
v -0.096330 0.019244 0.330756
v -0.092000 0.017477 0.332523
v -0.087670 0.019244 0.330756
v -0.087670 0.022780 0.327220
v -0.092000 0.030968 0.332970
v -0.096330 0.028946 0.334439
v -0.096330 0.024900 0.337378
v -0.092000 0.022878 0.338847
v -0.087670 0.024900 0.337378
v -0.087670 0.028946 0.334439
v -0.092000 0.036133 0.341399
v -0.096330 0.033906 0.342534
v -0.096330 0.029451 0.344804
v -0.092000 0.027223 0.345939
v -0.087670 0.029451 0.344804
v -0.087670 0.033906 0.342534
v -0.092000 0.039917 0.350532
v -0.096330 0.037539 0.351304
v -0.096330 0.032784 0.352850
v -0.092000 0.030406 0.353622
v -0.087670 0.032784 0.352850
v -0.087670 0.037539 0.351304
v -0.092000 0.042224 0.360145
v -0.096330 0.039755 0.360536
v -0.096330 0.034817 0.361318
v -0.092000 0.032347 0.361709
v -0.087670 0.034817 0.361318
v -0.087670 0.039755 0.360536
v -0.101281 -0.014710 0.370000
v -0.101281 -0.016259 0.373741
v -0.101281 -0.020000 0.375290
v -0.101281 -0.023741 0.373741
v -0.101281 -0.025290 0.370000
v -0.101281 -0.023741 0.366259
v -0.101281 -0.020000 0.364710
v -0.101281 -0.016259 0.366259
v -0.096781 -0.011440 0.370000
v -0.096781 -0.013948 0.376052
v -0.096781 -0.020000 0.378560
v -0.096781 -0.026052 0.376052
v -0.096781 -0.028560 0.370000
v -0.096781 -0.026052 0.363948
v -0.096781 -0.020000 0.361440
v -0.096781 -0.013948 0.363948
v -0.091219 -0.011440 0.370000
v -0.091219 -0.013948 0.376052
v -0.091219 -0.020000 0.378560
v -0.091219 -0.026052 0.376052
v -0.091219 -0.028560 0.370000
v -0.091219 -0.026052 0.363948
v -0.091219 -0.020000 0.361440
v -0.091219 -0.013948 0.363948
v -0.086719 -0.014710 0.370000
v -0.086719 -0.016259 0.373741
v -0.086719 -0.020000 0.375290
v -0.086719 -0.023741 0.373741
v -0.086719 -0.025290 0.370000
v -0.086719 -0.023741 0.366259
v -0.086719 -0.020000 0.364710
v -0.086719 -0.016259 0.366259
v -0.103000 -0.020000 0.370000
v -0.085000 -0.020000 0.370000
v -0.062068 -0.201780 0.509987
v -0.052150 -0.204671 0.511899
v -0.043320 -0.201959 0.516906
v -0.038952 -0.194678 0.523094
v -0.040713 -0.185611 0.528101
v -0.047932 -0.178220 0.530013
v -0.057850 -0.175329 0.528101
v -0.066680 -0.178041 0.523094
v -0.071048 -0.185322 0.516906
v -0.069287 -0.194389 0.511899
v -0.069799 -0.214666 0.537395
v -0.062215 -0.216877 0.538857
v -0.055463 -0.214802 0.542686
v -0.052122 -0.209235 0.547418
v -0.053469 -0.202301 0.551247
v -0.058989 -0.196649 0.552709
v -0.066574 -0.194438 0.551247
v -0.073326 -0.196513 0.547418
v -0.076666 -0.202080 0.542686
v -0.075320 -0.209014 0.538857
v -0.055000 -0.190000 0.520000
v -0.064394 -0.205657 0.545052
v -0.067629 -0.212227 0.533927
v -0.060119 -0.214293 0.535897
v -0.054126 -0.212868 0.541056
v -0.051940 -0.208495 0.547432
v -0.054395 -0.202846 0.552590
v -0.060554 -0.198078 0.554561
v -0.068064 -0.196012 0.552590
v -0.074057 -0.197437 0.547432
v -0.076243 -0.201809 0.541056
v -0.073788 -0.207458 0.535897
v -0.077543 -0.232055 0.555962
v -0.072343 -0.233485 0.557326
v -0.068195 -0.232498 0.560898
v -0.066681 -0.229471 0.565312
v -0.068381 -0.225560 0.568883
v -0.072645 -0.222259 0.570247
v -0.077844 -0.220829 0.568883
v -0.081993 -0.221816 0.565312
v -0.083506 -0.224843 0.560898
v -0.081806 -0.228754 0.557326
v -0.064091 -0.205152 0.544244
v -0.075094 -0.227157 0.563105
v -0.075954 -0.229890 0.554270
v -0.070733 -0.230993 0.555841
v -0.067043 -0.230360 0.559954
v -0.066292 -0.228232 0.565038
v -0.068767 -0.225423 0.569152
v -0.073524 -0.223005 0.570723
v -0.078744 -0.221902 0.569152
v -0.082435 -0.222535 0.565038
v -0.083186 -0.224662 0.559954
v -0.080710 -0.227471 0.555841
v -0.084844 -0.255080 0.570500
v -0.081944 -0.255692 0.571373
v -0.079894 -0.255341 0.573658
v -0.079477 -0.254159 0.576483
v -0.080852 -0.252598 0.578768
v -0.083494 -0.251255 0.579641
v -0.086395 -0.250642 0.578768
v -0.088445 -0.250993 0.576483
v -0.088862 -0.252175 0.573658
v -0.087487 -0.253736 0.571373
v -0.074739 -0.226447 0.562496
v -0.084169 -0.253167 0.575070
v -0.084073 -0.253292 0.569768
v -0.081157 -0.253709 0.570703
v -0.079276 -0.253590 0.573152
v -0.079148 -0.252980 0.576178
v -0.080821 -0.252112 0.578627
v -0.083657 -0.251318 0.579562
v -0.086573 -0.250901 0.578627
v -0.088454 -0.251020 0.576178
v -0.088583 -0.251631 0.573152
v -0.086909 -0.252498 0.570703
v -0.090203 -0.282411 0.578961
v -0.089037 -0.282578 0.579335
v -0.088285 -0.282530 0.580315
v -0.088233 -0.282286 0.581525
v -0.088903 -0.281939 0.582505
v -0.090037 -0.281621 0.582879
v -0.091203 -0.281455 0.582505
v -0.091956 -0.281502 0.581525
v -0.092007 -0.281746 0.580315
v -0.091338 -0.282094 0.579335
v -0.083865 -0.252305 0.574665
v -0.090120 -0.282016 0.580920
v 0.062068 -0.201780 0.509987
v 0.069287 -0.194389 0.511899
v 0.071048 -0.185322 0.516906
v 0.066680 -0.178041 0.523094
v 0.057850 -0.175329 0.528101
v 0.047932 -0.178220 0.530013
v 0.040713 -0.185611 0.528101
v 0.038952 -0.194678 0.523094
v 0.043320 -0.201959 0.516906
v 0.052150 -0.204671 0.511899
v 0.069799 -0.214666 0.537395
v 0.075320 -0.209014 0.538857
v 0.076666 -0.202080 0.542686
v 0.073326 -0.196513 0.547418
v 0.066574 -0.194438 0.551247
v 0.058989 -0.196649 0.552709
v 0.053469 -0.202301 0.551247
v 0.052122 -0.209235 0.547418
v 0.055463 -0.214802 0.542686
v 0.062215 -0.216877 0.538857
v 0.055000 -0.190000 0.520000
v 0.064394 -0.205657 0.545052
v 0.067629 -0.212227 0.533927
v 0.073788 -0.207458 0.535897
v 0.076243 -0.201809 0.541056
v 0.074057 -0.197437 0.547432
v 0.068064 -0.196012 0.552590
v 0.060554 -0.198078 0.554561
v 0.054395 -0.202846 0.552590
v 0.051940 -0.208495 0.547432
v 0.054126 -0.212868 0.541056
v 0.060119 -0.214293 0.535897
v 0.077543 -0.232055 0.555962
v 0.081806 -0.228754 0.557326
v 0.083506 -0.224843 0.560898
v 0.081993 -0.221816 0.565312
v 0.077844 -0.220829 0.568883
v 0.072645 -0.222259 0.570247
v 0.068381 -0.225560 0.568883
v 0.066681 -0.229471 0.565312
v 0.068195 -0.232498 0.560898
v 0.072343 -0.233485 0.557326
v 0.064091 -0.205152 0.544244
v 0.075094 -0.227157 0.563105
v 0.075954 -0.229890 0.554270
v 0.080710 -0.227471 0.555841
v 0.083186 -0.224662 0.559954
v 0.082435 -0.222535 0.565038
v 0.078744 -0.221902 0.569152
v 0.073524 -0.223005 0.570723
v 0.068767 -0.225423 0.569152
v 0.066292 -0.228232 0.565038
v 0.067043 -0.230360 0.559954
v 0.070733 -0.230993 0.555841
v 0.084844 -0.255080 0.570500
v 0.087487 -0.253736 0.571373
v 0.088862 -0.252175 0.573658
v 0.088445 -0.250993 0.576483
v 0.086395 -0.250642 0.578768
v 0.083494 -0.251255 0.579641
v 0.080852 -0.252598 0.578768
v 0.079477 -0.254159 0.576483
v 0.079894 -0.255341 0.573658
v 0.081944 -0.255692 0.571373
v 0.074739 -0.226447 0.562496
v 0.084169 -0.253167 0.575070
v 0.084073 -0.253292 0.569768
v 0.086909 -0.252498 0.570703
v 0.088583 -0.251631 0.573152
v 0.088454 -0.251020 0.576178
v 0.086573 -0.250901 0.578627
v 0.083657 -0.251318 0.579562
v 0.080821 -0.252112 0.578627
v 0.079148 -0.252980 0.576178
v 0.079276 -0.253590 0.573152
v 0.081157 -0.253709 0.570703
v 0.090203 -0.282411 0.578961
v 0.091338 -0.282094 0.579335
v 0.092007 -0.281746 0.580315
v 0.091956 -0.281502 0.581525
v 0.091203 -0.281455 0.582505
v 0.090037 -0.281621 0.582879
v 0.088903 -0.281939 0.582505
v 0.088233 -0.282286 0.581525
v 0.088285 -0.282530 0.580315
v 0.089037 -0.282578 0.579335
v 0.083865 -0.252305 0.574665
v 0.090120 -0.282016 0.580920
v 0.015307 0.250000 -0.439045
v 0.013257 0.257654 -0.439045
v 0.007654 0.263257 -0.439045
v 0.000000 0.265307 -0.439045
v -0.007654 0.263257 -0.439045
v -0.013257 0.257654 -0.439045
v -0.015307 0.250000 -0.439045
v -0.013257 0.242346 -0.439045
v -0.007654 0.236743 -0.439045
v 0.000000 0.234693 -0.439045
v 0.007654 0.236743 -0.439045
v 0.013257 0.242346 -0.439045
v 0.028284 0.250000 -0.447716
v 0.024495 0.264142 -0.447716
v 0.014142 0.274495 -0.447716
v 0.000000 0.278284 -0.447716
v -0.014142 0.274495 -0.447716
v -0.024495 0.264142 -0.447716
v -0.028284 0.250000 -0.447716
v -0.024495 0.235858 -0.447716
v -0.014142 0.225505 -0.447716
v 0.000000 0.221716 -0.447716
v 0.014142 0.225505 -0.447716
v 0.024495 0.235858 -0.447716
v 0.036955 0.250000 -0.460693
v 0.032004 0.268478 -0.460693
v 0.018478 0.282004 -0.460693
v 0.000000 0.286955 -0.460693
v -0.018478 0.282004 -0.460693
v -0.032004 0.268478 -0.460693
v -0.036955 0.250000 -0.460693
v -0.032004 0.231522 -0.460693
v -0.018478 0.217996 -0.460693
v 0.000000 0.213045 -0.460693
v 0.018478 0.217996 -0.460693
v 0.032004 0.231522 -0.460693
v 0.040000 0.250000 -0.476000
v 0.034641 0.270000 -0.476000
v 0.020000 0.284641 -0.476000
v 0.000000 0.290000 -0.476000
v -0.020000 0.284641 -0.476000
v -0.034641 0.270000 -0.476000
v -0.040000 0.250000 -0.476000
v -0.034641 0.230000 -0.476000
v -0.020000 0.215359 -0.476000
v 0.000000 0.210000 -0.476000
v 0.020000 0.215359 -0.476000
v 0.034641 0.230000 -0.476000
v 0.036955 0.250000 -0.491307
v 0.032004 0.268478 -0.491307
v 0.018478 0.282004 -0.491307
v 0.000000 0.286955 -0.491307
v -0.018478 0.282004 -0.491307
v -0.032004 0.268478 -0.491307
v -0.036955 0.250000 -0.491307
v -0.032004 0.231522 -0.491307
v -0.018478 0.217996 -0.491307
v 0.000000 0.213045 -0.491307
v 0.018478 0.217996 -0.491307
v 0.032004 0.231522 -0.491307
v 0.028284 0.250000 -0.504284
v 0.024495 0.264142 -0.504284
v 0.014142 0.274495 -0.504284
v 0.000000 0.278284 -0.504284
v -0.014142 0.274495 -0.504284
v -0.024495 0.264142 -0.504284
v -0.028284 0.250000 -0.504284
v -0.024495 0.235858 -0.504284
v -0.014142 0.225505 -0.504284
v 0.000000 0.221716 -0.504284
v 0.014142 0.225505 -0.504284
v 0.024495 0.235858 -0.504284
v 0.015307 0.250000 -0.512955
v 0.013257 0.257654 -0.512955
v 0.007654 0.263257 -0.512955
v 0.000000 0.265307 -0.512955
v -0.007654 0.263257 -0.512955
v -0.013257 0.257654 -0.512955
v -0.015307 0.250000 -0.512955
v -0.013257 0.242346 -0.512955
v -0.007654 0.236743 -0.512955
v 0.000000 0.234693 -0.512955
v 0.007654 0.236743 -0.512955
v 0.013257 0.242346 -0.512955
v 0.000000 0.250000 -0.436000
v 0.000000 0.250000 -0.516000
v -0.020000 0.247000 -0.516000
v -0.020000 0.247000 -0.500000
v -0.020000 0.277000 -0.516000
v -0.020000 0.277000 -0.500000
v 0.020000 0.247000 -0.516000
v 0.020000 0.247000 -0.500000
v 0.020000 0.277000 -0.516000
v 0.020000 0.277000 -0.500000
v -0.009828 0.283000 -0.459505
v -0.011636 0.287364 -0.459505
v -0.016000 0.289172 -0.459505
v -0.020364 0.287364 -0.459505
v -0.022172 0.283000 -0.459505
v -0.020364 0.278636 -0.459505
v -0.016000 0.276828 -0.459505
v -0.011636 0.278636 -0.459505
v -0.006014 0.283000 -0.464755
v -0.008939 0.290061 -0.464755
v -0.016000 0.292986 -0.464755
v -0.023061 0.290061 -0.464755
v -0.025986 0.283000 -0.464755
v -0.023061 0.275939 -0.464755
v -0.016000 0.273014 -0.464755
v -0.008939 0.275939 -0.464755
v -0.006014 0.283000 -0.471245
v -0.008939 0.290061 -0.471245
v -0.016000 0.292986 -0.471245
v -0.023061 0.290061 -0.471245
v -0.025986 0.283000 -0.471245
v -0.023061 0.275939 -0.471245
v -0.016000 0.273014 -0.471245
v -0.008939 0.275939 -0.471245
v -0.009828 0.283000 -0.476495
v -0.011636 0.287364 -0.476495
v -0.016000 0.289172 -0.476495
v -0.020364 0.287364 -0.476495
v -0.022172 0.283000 -0.476495
v -0.020364 0.278636 -0.476495
v -0.016000 0.276828 -0.476495
v -0.011636 0.278636 -0.476495
v -0.016000 0.283000 -0.457500
v -0.016000 0.283000 -0.478500
v 0.022172 0.283000 -0.459505
v 0.020364 0.287364 -0.459505
v 0.016000 0.289172 -0.459505
v 0.011636 0.287364 -0.459505
v 0.009828 0.283000 -0.459505
v 0.011636 0.278636 -0.459505
v 0.016000 0.276828 -0.459505
v 0.020364 0.278636 -0.459505
v 0.025986 0.283000 -0.464755
v 0.023061 0.290061 -0.464755
v 0.016000 0.292986 -0.464755
v 0.008939 0.290061 -0.464755
v 0.006014 0.283000 -0.464755
v 0.008939 0.275939 -0.464755
v 0.016000 0.273014 -0.464755
v 0.023061 0.275939 -0.464755
v 0.025986 0.283000 -0.471245
v 0.023061 0.290061 -0.471245
v 0.016000 0.292986 -0.471245
v 0.008939 0.290061 -0.471245
v 0.006014 0.283000 -0.471245
v 0.008939 0.275939 -0.471245
v 0.016000 0.273014 -0.471245
v 0.023061 0.275939 -0.471245
v 0.022172 0.283000 -0.476495
v 0.020364 0.287364 -0.476495
v 0.016000 0.289172 -0.476495
v 0.011636 0.287364 -0.476495
v 0.009828 0.283000 -0.476495
v 0.011636 0.278636 -0.476495
v 0.016000 0.276828 -0.476495
v 0.020364 0.278636 -0.476495
v 0.016000 0.283000 -0.457500
v 0.016000 0.283000 -0.478500
v 0.000000 0.286000 -0.495000
v -0.007000 0.286000 -0.488000
v 0.000000 0.286000 -0.481000
v 0.007000 0.286000 -0.488000
v 0.000000 0.300000 -0.490000
v -0.002000 0.300000 -0.488000
v 0.000000 0.300000 -0.486000
v 0.002000 0.300000 -0.488000
v 0.000000 0.286000 -0.488000
v 0.000000 0.300000 -0.488000
v -0.085000 0.112000 0.471000
v -0.092794 0.112000 0.475500
v -0.092794 0.112000 0.484500
v -0.085000 0.112000 0.489000
v -0.077206 0.112000 0.484500
v -0.077206 0.112000 0.475500
v -0.085000 0.167000 0.477000
v -0.087598 0.167000 0.478500
v -0.087598 0.167000 0.481500
v -0.085000 0.167000 0.483000
v -0.082402 0.167000 0.481500
v -0.082402 0.167000 0.478500
v -0.085000 0.112000 0.480000
v -0.085000 0.167000 0.480000
v -0.085000 0.112000 0.371000
v -0.092794 0.112000 0.375500
v -0.092794 0.112000 0.384500
v -0.085000 0.112000 0.389000
v -0.077206 0.112000 0.384500
v -0.077206 0.112000 0.375500
v -0.085000 0.167000 0.377000
v -0.087598 0.167000 0.378500
v -0.087598 0.167000 0.381500
v -0.085000 0.167000 0.383000
v -0.082402 0.167000 0.381500
v -0.082402 0.167000 0.378500
v -0.085000 0.112000 0.380000
v -0.085000 0.167000 0.380000
v -0.085000 0.112000 0.271000
v -0.092794 0.112000 0.275500
v -0.092794 0.112000 0.284500
v -0.085000 0.112000 0.289000
v -0.077206 0.112000 0.284500
v -0.077206 0.112000 0.275500
v -0.085000 0.167000 0.277000
v -0.087598 0.167000 0.278500
v -0.087598 0.167000 0.281500
v -0.085000 0.167000 0.283000
v -0.082402 0.167000 0.281500
v -0.082402 0.167000 0.278500
v -0.085000 0.112000 0.280000
v -0.085000 0.167000 0.280000
v -0.085000 0.112000 0.171000
v -0.092794 0.112000 0.175500
v -0.092794 0.112000 0.184500
v -0.085000 0.112000 0.189000
v -0.077206 0.112000 0.184500
v -0.077206 0.112000 0.175500
v -0.085000 0.167000 0.177000
v -0.087598 0.167000 0.178500
v -0.087598 0.167000 0.181500
v -0.085000 0.167000 0.183000
v -0.082402 0.167000 0.181500
v -0.082402 0.167000 0.178500
v -0.085000 0.112000 0.180000
v -0.085000 0.167000 0.180000
v -0.085000 0.112000 -0.059000
v -0.092794 0.112000 -0.054500
v -0.092794 0.112000 -0.045500
v -0.085000 0.112000 -0.041000
v -0.077206 0.112000 -0.045500
v -0.077206 0.112000 -0.054500
v -0.085000 0.167000 -0.053000
v -0.087598 0.167000 -0.051500
v -0.087598 0.167000 -0.048500
v -0.085000 0.167000 -0.047000
v -0.082402 0.167000 -0.048500
v -0.082402 0.167000 -0.051500
v -0.085000 0.112000 -0.050000
v -0.085000 0.167000 -0.050000
v -0.085000 0.112000 -0.159000
v -0.092794 0.112000 -0.154500
v -0.092794 0.112000 -0.145500
v -0.085000 0.112000 -0.141000
v -0.077206 0.112000 -0.145500
v -0.077206 0.112000 -0.154500
v -0.085000 0.167000 -0.153000
v -0.087598 0.167000 -0.151500
v -0.087598 0.167000 -0.148500
v -0.085000 0.167000 -0.147000
v -0.082402 0.167000 -0.148500
v -0.082402 0.167000 -0.151500
v -0.085000 0.112000 -0.150000
v -0.085000 0.167000 -0.150000
v -0.085000 0.112000 -0.259000
v -0.092794 0.112000 -0.254500
v -0.092794 0.112000 -0.245500
v -0.085000 0.112000 -0.241000
v -0.077206 0.112000 -0.245500
v -0.077206 0.112000 -0.254500
v -0.085000 0.167000 -0.253000
v -0.087598 0.167000 -0.251500
v -0.087598 0.167000 -0.248500
v -0.085000 0.167000 -0.247000
v -0.082402 0.167000 -0.248500
v -0.082402 0.167000 -0.251500
v -0.085000 0.112000 -0.250000
v -0.085000 0.167000 -0.250000
v -0.085000 0.112000 -0.359000
v -0.092794 0.112000 -0.354500
v -0.092794 0.112000 -0.345500
v -0.085000 0.112000 -0.341000
v -0.077206 0.112000 -0.345500
v -0.077206 0.112000 -0.354500
v -0.085000 0.167000 -0.353000
v -0.087598 0.167000 -0.351500
v -0.087598 0.167000 -0.348500
v -0.085000 0.167000 -0.347000
v -0.082402 0.167000 -0.348500
v -0.082402 0.167000 -0.351500
v -0.085000 0.112000 -0.350000
v -0.085000 0.167000 -0.350000
v -0.085000 0.112000 -0.429000
v -0.092794 0.112000 -0.424500
v -0.092794 0.112000 -0.415500
v -0.085000 0.112000 -0.411000
v -0.077206 0.112000 -0.415500
v -0.077206 0.112000 -0.424500
v -0.085000 0.167000 -0.423000
v -0.087598 0.167000 -0.421500
v -0.087598 0.167000 -0.418500
v -0.085000 0.167000 -0.417000
v -0.082402 0.167000 -0.418500
v -0.082402 0.167000 -0.421500
v -0.085000 0.112000 -0.420000
v -0.085000 0.167000 -0.420000
v 0.085000 0.112000 0.471000
v 0.077206 0.112000 0.475500
v 0.077206 0.112000 0.484500
v 0.085000 0.112000 0.489000
v 0.092794 0.112000 0.484500
v 0.092794 0.112000 0.475500
v 0.085000 0.167000 0.477000
v 0.082402 0.167000 0.478500
v 0.082402 0.167000 0.481500
v 0.085000 0.167000 0.483000
v 0.087598 0.167000 0.481500
v 0.087598 0.167000 0.478500
v 0.085000 0.112000 0.480000
v 0.085000 0.167000 0.480000
v 0.085000 0.112000 0.371000
v 0.077206 0.112000 0.375500
v 0.077206 0.112000 0.384500
v 0.085000 0.112000 0.389000
v 0.092794 0.112000 0.384500
v 0.092794 0.112000 0.375500
v 0.085000 0.167000 0.377000
v 0.082402 0.167000 0.378500
v 0.082402 0.167000 0.381500
v 0.085000 0.167000 0.383000
v 0.087598 0.167000 0.381500
v 0.087598 0.167000 0.378500
v 0.085000 0.112000 0.380000
v 0.085000 0.167000 0.380000
v 0.085000 0.112000 0.271000
v 0.077206 0.112000 0.275500
v 0.077206 0.112000 0.284500
v 0.085000 0.112000 0.289000
v 0.092794 0.112000 0.284500
v 0.092794 0.112000 0.275500
v 0.085000 0.167000 0.277000
v 0.082402 0.167000 0.278500
v 0.082402 0.167000 0.281500
v 0.085000 0.167000 0.283000
v 0.087598 0.167000 0.281500
v 0.087598 0.167000 0.278500
v 0.085000 0.112000 0.280000
v 0.085000 0.167000 0.280000
v 0.085000 0.112000 0.171000
v 0.077206 0.112000 0.175500
v 0.077206 0.112000 0.184500
v 0.085000 0.112000 0.189000
v 0.092794 0.112000 0.184500
v 0.092794 0.112000 0.175500
v 0.085000 0.167000 0.177000
v 0.082402 0.167000 0.178500
v 0.082402 0.167000 0.181500
v 0.085000 0.167000 0.183000
v 0.087598 0.167000 0.181500
v 0.087598 0.167000 0.178500
v 0.085000 0.112000 0.180000
v 0.085000 0.167000 0.180000
v 0.085000 0.112000 -0.059000
v 0.077206 0.112000 -0.054500
v 0.077206 0.112000 -0.045500
v 0.085000 0.112000 -0.041000
v 0.092794 0.112000 -0.045500
v 0.092794 0.112000 -0.054500
v 0.085000 0.167000 -0.053000
v 0.082402 0.167000 -0.051500
v 0.082402 0.167000 -0.048500
v 0.085000 0.167000 -0.047000
v 0.087598 0.167000 -0.048500
v 0.087598 0.167000 -0.051500
v 0.085000 0.112000 -0.050000
v 0.085000 0.167000 -0.050000
v 0.085000 0.112000 -0.159000
v 0.077206 0.112000 -0.154500
v 0.077206 0.112000 -0.145500
v 0.085000 0.112000 -0.141000
v 0.092794 0.112000 -0.145500
v 0.092794 0.112000 -0.154500
v 0.085000 0.167000 -0.153000
v 0.082402 0.167000 -0.151500
v 0.082402 0.167000 -0.148500
v 0.085000 0.167000 -0.147000
v 0.087598 0.167000 -0.148500
v 0.087598 0.167000 -0.151500
v 0.085000 0.112000 -0.150000
v 0.085000 0.167000 -0.150000
v 0.085000 0.112000 -0.259000
v 0.077206 0.112000 -0.254500
v 0.077206 0.112000 -0.245500
v 0.085000 0.112000 -0.241000
v 0.092794 0.112000 -0.245500
v 0.092794 0.112000 -0.254500
v 0.085000 0.167000 -0.253000
v 0.082402 0.167000 -0.251500
v 0.082402 0.167000 -0.248500
v 0.085000 0.167000 -0.247000
v 0.087598 0.167000 -0.248500
v 0.087598 0.167000 -0.251500
v 0.085000 0.112000 -0.250000
v 0.085000 0.167000 -0.250000
v 0.085000 0.112000 -0.359000
v 0.077206 0.112000 -0.354500
v 0.077206 0.112000 -0.345500
v 0.085000 0.112000 -0.341000
v 0.092794 0.112000 -0.345500
v 0.092794 0.112000 -0.354500
v 0.085000 0.167000 -0.353000
v 0.082402 0.167000 -0.351500
v 0.082402 0.167000 -0.348500
v 0.085000 0.167000 -0.347000
v 0.087598 0.167000 -0.348500
v 0.087598 0.167000 -0.351500
v 0.085000 0.112000 -0.350000
v 0.085000 0.167000 -0.350000
v 0.085000 0.112000 -0.429000
v 0.077206 0.112000 -0.424500
v 0.077206 0.112000 -0.415500
v 0.085000 0.112000 -0.411000
v 0.092794 0.112000 -0.415500
v 0.092794 0.112000 -0.424500
v 0.085000 0.167000 -0.423000
v 0.082402 0.167000 -0.421500
v 0.082402 0.167000 -0.418500
v 0.085000 0.167000 -0.417000
v 0.087598 0.167000 -0.418500
v 0.087598 0.167000 -0.421500
v 0.085000 0.112000 -0.420000
v 0.085000 0.167000 -0.420000
v 0.013000 -0.050000 0.508000
v 0.006500 -0.038742 0.508000
v -0.006500 -0.038742 0.508000
v -0.013000 -0.050000 0.508000
v -0.006500 -0.061258 0.508000
v 0.006500 -0.061258 0.508000
v 0.002000 -0.050000 0.563000
v 0.001000 -0.048268 0.563000
v -0.001000 -0.048268 0.563000
v -0.002000 -0.050000 0.563000
v -0.001000 -0.051732 0.563000
v 0.001000 -0.051732 0.563000
v 0.000000 -0.050000 0.508000
v 0.000000 -0.050000 0.563000
v 0.013000 0.000000 0.508000
v 0.006500 0.011258 0.508000
v -0.006500 0.011258 0.508000
v -0.013000 0.000000 0.508000
v -0.006500 -0.011258 0.508000
v 0.006500 -0.011258 0.508000
v 0.002000 0.000000 0.558000
v 0.001000 0.001732 0.558000
v -0.001000 0.001732 0.558000
v -0.002000 0.000000 0.558000
v -0.001000 -0.001732 0.558000
v 0.001000 -0.001732 0.558000
v 0.000000 0.000000 0.508000
v 0.000000 0.000000 0.558000
v 0.013000 0.040000 0.508000
v 0.006500 0.051258 0.508000
v -0.006500 0.051258 0.508000
v -0.013000 0.040000 0.508000
v -0.006500 0.028742 0.508000
v 0.006500 0.028742 0.508000
v 0.002000 0.040000 0.548000
v 0.001000 0.041732 0.548000
v -0.001000 0.041732 0.548000
v -0.002000 0.040000 0.548000
v -0.001000 0.038268 0.548000
v 0.001000 0.038268 0.548000
v 0.000000 0.040000 0.508000
v 0.000000 0.040000 0.548000
v -0.027000 -0.020000 0.508000
v -0.033500 -0.008742 0.508000
v -0.046500 -0.008742 0.508000
v -0.053000 -0.020000 0.508000
v -0.046500 -0.031258 0.508000
v -0.033500 -0.031258 0.508000
v -0.038000 -0.020000 0.548000
v -0.039000 -0.018268 0.548000
v -0.041000 -0.018268 0.548000
v -0.042000 -0.020000 0.548000
v -0.041000 -0.021732 0.548000
v -0.039000 -0.021732 0.548000
v -0.040000 -0.020000 0.508000
v -0.040000 -0.020000 0.548000
v 0.053000 -0.020000 0.508000
v 0.046500 -0.008742 0.508000
v 0.033500 -0.008742 0.508000
v 0.027000 -0.020000 0.508000
v 0.033500 -0.031258 0.508000
v 0.046500 -0.031258 0.508000
v 0.042000 -0.020000 0.548000
v 0.041000 -0.018268 0.548000
v 0.039000 -0.018268 0.548000
v 0.038000 -0.020000 0.548000
v 0.039000 -0.021732 0.548000
v 0.041000 -0.021732 0.548000
v 0.040000 -0.020000 0.508000
v 0.040000 -0.020000 0.548000
v -0.032000 0.030000 0.508000
v -0.038500 0.041258 0.508000
v -0.051500 0.041258 0.508000
v -0.058000 0.030000 0.508000
v -0.051500 0.018742 0.508000
v -0.038500 0.018742 0.508000
v -0.043000 0.030000 0.538000
v -0.044000 0.031732 0.538000
v -0.046000 0.031732 0.538000
v -0.047000 0.030000 0.538000
v -0.046000 0.028268 0.538000
v -0.044000 0.028268 0.538000
v -0.045000 0.030000 0.508000
v -0.045000 0.030000 0.538000
v 0.058000 0.030000 0.508000
v 0.051500 0.041258 0.508000
v 0.038500 0.041258 0.508000
v 0.032000 0.030000 0.508000
v 0.038500 0.018742 0.508000
v 0.051500 0.018742 0.508000
v 0.047000 0.030000 0.538000
v 0.046000 0.031732 0.538000
v 0.044000 0.031732 0.538000
v 0.043000 0.030000 0.538000
v 0.044000 0.028268 0.538000
v 0.046000 0.028268 0.538000
v 0.045000 0.030000 0.508000
v 0.045000 0.030000 0.538000
v -0.068950 -0.110000 0.300000
v -0.073625 -0.105237 0.300000
v -0.082975 -0.105237 0.300000
v -0.087650 -0.110000 0.300000
v -0.082975 -0.114763 0.300000
v -0.073625 -0.114763 0.300000
v -0.072708 -0.110000 0.291750
v -0.076757 -0.105237 0.293125
v -0.084854 -0.105237 0.295875
v -0.088903 -0.110000 0.297250
v -0.084854 -0.114763 0.295875
v -0.076757 -0.114763 0.293125
v -0.082975 -0.110000 0.285711
v -0.085312 -0.105237 0.288092
v -0.089987 -0.105237 0.292855
v -0.092325 -0.110000 0.295237
v -0.089987 -0.114763 0.292855
v -0.085312 -0.114763 0.288092
v -0.097000 -0.110000 0.283500
v -0.097000 -0.105237 0.286250
v -0.097000 -0.105237 0.291750
v -0.097000 -0.110000 0.294500
v -0.097000 -0.114763 0.291750
v -0.097000 -0.114763 0.286250
v -0.111025 -0.110000 0.285711
v -0.108687 -0.105237 0.288092
v -0.104012 -0.105237 0.292855
v -0.101675 -0.110000 0.295237
v -0.104012 -0.114763 0.292855
v -0.108687 -0.114763 0.288092
v -0.121292 -0.110000 0.291750
v -0.117243 -0.105237 0.293125
v -0.109146 -0.105237 0.295875
v -0.105097 -0.110000 0.297250
v -0.109146 -0.114763 0.295875
v -0.117243 -0.114763 0.293125
v -0.125050 -0.110000 0.300000
v -0.120375 -0.105237 0.300000
v -0.111025 -0.105237 0.300000
v -0.106350 -0.110000 0.300000
v -0.111025 -0.114763 0.300000
v -0.120375 -0.114763 0.300000
v -0.121292 -0.110000 0.308250
v -0.117243 -0.105237 0.306875
v -0.109146 -0.105237 0.304125
v -0.105097 -0.110000 0.302750
v -0.109146 -0.114763 0.304125
v -0.117243 -0.114763 0.306875
v -0.111025 -0.110000 0.314289
v -0.108688 -0.105237 0.311908
v -0.104013 -0.105237 0.307145
v -0.101675 -0.110000 0.304763
v -0.104013 -0.114763 0.307145
v -0.108688 -0.114763 0.311908
v -0.097000 -0.110000 0.316500
v -0.097000 -0.105237 0.313750
v -0.097000 -0.105237 0.308250
v -0.097000 -0.110000 0.305500
v -0.097000 -0.114763 0.308250
v -0.097000 -0.114763 0.313750
v -0.082975 -0.110000 0.314289
v -0.085312 -0.105237 0.311908
v -0.089987 -0.105237 0.307145
v -0.092325 -0.110000 0.304763
v -0.089987 -0.114763 0.307145
v -0.085312 -0.114763 0.311908
v -0.072708 -0.110000 0.308250
v -0.076757 -0.105237 0.306875
v -0.084854 -0.105237 0.304125
v -0.088903 -0.110000 0.302750
v -0.084854 -0.114763 0.304125
v -0.076757 -0.114763 0.306875
v -0.039379 -0.110000 0.300000
v -0.044054 -0.110000 0.295237
v -0.053404 -0.110000 0.295237
v -0.058079 -0.110000 0.300000
v -0.053404 -0.110000 0.304763
v -0.044054 -0.110000 0.304763
v -0.043137 -0.118250 0.300000
v -0.047185 -0.116875 0.295237
v -0.055283 -0.114125 0.295237
v -0.059331 -0.112750 0.300000
v -0.055283 -0.114125 0.304763
v -0.047185 -0.116875 0.304763
v -0.053404 -0.124289 0.300000
v -0.055741 -0.121908 0.295237
v -0.060416 -0.117145 0.295237
v -0.062754 -0.114763 0.300000
v -0.060416 -0.117145 0.304763
v -0.055741 -0.121908 0.304763
v -0.067429 -0.126500 0.300000
v -0.067429 -0.123750 0.295237
v -0.067429 -0.118250 0.295237
v -0.067429 -0.115500 0.300000
v -0.067429 -0.118250 0.304763
v -0.067429 -0.123750 0.304763
v -0.081454 -0.124289 0.300000
v -0.079116 -0.121908 0.295237
v -0.074441 -0.117145 0.295237
v -0.072104 -0.114763 0.300000
v -0.074441 -0.117145 0.304763
v -0.079116 -0.121908 0.304763
v -0.091721 -0.118250 0.300000
v -0.087672 -0.116875 0.295237
v -0.079575 -0.114125 0.295237
v -0.075526 -0.112750 0.300000
v -0.079575 -0.114125 0.304763
v -0.087672 -0.116875 0.304763
v -0.095479 -0.110000 0.300000
v -0.090804 -0.110000 0.295237
v -0.081454 -0.110000 0.295237
v -0.076779 -0.110000 0.300000
v -0.081454 -0.110000 0.304763
v -0.090804 -0.110000 0.304763
v -0.091721 -0.101750 0.300000
v -0.087672 -0.103125 0.295237
v -0.079575 -0.105875 0.295237
v -0.075526 -0.107250 0.300000
v -0.079575 -0.105875 0.304763
v -0.087672 -0.103125 0.304763
v -0.081454 -0.095711 0.300000
v -0.079116 -0.098092 0.295237
v -0.074441 -0.102855 0.295237
v -0.072104 -0.105237 0.300000
v -0.074441 -0.102855 0.304763
v -0.079116 -0.098092 0.304763
v -0.067429 -0.093500 0.300000
v -0.067429 -0.096250 0.295237
v -0.067429 -0.101750 0.295237
v -0.067429 -0.104500 0.300000
v -0.067429 -0.101750 0.304763
v -0.067429 -0.096250 0.304763
v -0.053404 -0.095711 0.300000
v -0.055741 -0.098092 0.295237
v -0.060416 -0.102855 0.295237
v -0.062754 -0.105237 0.300000
v -0.060416 -0.102855 0.304763
v -0.055741 -0.098092 0.304763
v -0.043137 -0.101750 0.300000
v -0.047185 -0.103125 0.295237
v -0.055283 -0.105875 0.295237
v -0.059331 -0.107250 0.300000
v -0.055283 -0.105875 0.304763
v -0.047185 -0.103125 0.304763
v -0.009807 -0.110000 0.300000
v -0.014482 -0.105237 0.300000
v -0.023832 -0.105237 0.300000
v -0.028507 -0.110000 0.300000
v -0.023832 -0.114763 0.300000
v -0.014482 -0.114763 0.300000
v -0.013565 -0.110000 0.291750
v -0.017614 -0.105237 0.293125
v -0.025711 -0.105237 0.295875
v -0.029760 -0.110000 0.297250
v -0.025711 -0.114763 0.295875
v -0.017614 -0.114763 0.293125
v -0.023832 -0.110000 0.285711
v -0.026170 -0.105237 0.288092
v -0.030845 -0.105237 0.292855
v -0.033182 -0.110000 0.295237
v -0.030845 -0.114763 0.292855
v -0.026170 -0.114763 0.288092
v -0.037857 -0.110000 0.283500
v -0.037857 -0.105237 0.286250
v -0.037857 -0.105237 0.291750
v -0.037857 -0.110000 0.294500
v -0.037857 -0.114763 0.291750
v -0.037857 -0.114763 0.286250
v -0.051882 -0.110000 0.285711
v -0.049545 -0.105237 0.288092
v -0.044870 -0.105237 0.292855
v -0.042532 -0.110000 0.295237
v -0.044870 -0.114763 0.292855
v -0.049545 -0.114763 0.288092
v -0.062149 -0.110000 0.291750
v -0.058100 -0.105237 0.293125
v -0.050003 -0.105237 0.295875
v -0.045954 -0.110000 0.297250
v -0.050003 -0.114763 0.295875
v -0.058100 -0.114763 0.293125
v -0.065907 -0.110000 0.300000
v -0.061232 -0.105237 0.300000
v -0.051882 -0.105237 0.300000
v -0.047207 -0.110000 0.300000
v -0.051882 -0.114763 0.300000
v -0.061232 -0.114763 0.300000
v -0.062149 -0.110000 0.308250
v -0.058100 -0.105237 0.306875
v -0.050003 -0.105237 0.304125
v -0.045954 -0.110000 0.302750
v -0.050003 -0.114763 0.304125
v -0.058100 -0.114763 0.306875
v -0.051882 -0.110000 0.314289
v -0.049545 -0.105237 0.311908
v -0.044870 -0.105237 0.307145
v -0.042532 -0.110000 0.304763
v -0.044870 -0.114763 0.307145
v -0.049545 -0.114763 0.311908
v -0.037857 -0.110000 0.316500
v -0.037857 -0.105237 0.313750
v -0.037857 -0.105237 0.308250
v -0.037857 -0.110000 0.305500
v -0.037857 -0.114763 0.308250
v -0.037857 -0.114763 0.313750
v -0.023832 -0.110000 0.314289
v -0.026170 -0.105237 0.311908
v -0.030845 -0.105237 0.307145
v -0.033182 -0.110000 0.304763
v -0.030845 -0.114763 0.307145
v -0.026170 -0.114763 0.311908
v -0.013565 -0.110000 0.308250
v -0.017614 -0.105237 0.306875
v -0.025711 -0.105237 0.304125
v -0.029760 -0.110000 0.302750
v -0.025711 -0.114763 0.304125
v -0.017614 -0.114763 0.306875
v 0.019764 -0.110000 0.300000
v 0.015089 -0.110000 0.295237
v 0.005739 -0.110000 0.295237
v 0.001064 -0.110000 0.300000
v 0.005739 -0.110000 0.304763
v 0.015089 -0.110000 0.304763
v 0.016006 -0.118250 0.300000
v 0.011958 -0.116875 0.295237
v 0.003860 -0.114125 0.295237
v -0.000188 -0.112750 0.300000
v 0.003860 -0.114125 0.304763
v 0.011958 -0.116875 0.304763
v 0.005739 -0.124289 0.300000
v 0.003402 -0.121908 0.295237
v -0.001273 -0.117145 0.295237
v -0.003611 -0.114763 0.300000
v -0.001273 -0.117145 0.304763
v 0.003402 -0.121908 0.304763
v -0.008286 -0.126500 0.300000
v -0.008286 -0.123750 0.295237
v -0.008286 -0.118250 0.295237
v -0.008286 -0.115500 0.300000
v -0.008286 -0.118250 0.304763
v -0.008286 -0.123750 0.304763
v -0.022311 -0.124289 0.300000
v -0.019973 -0.121908 0.295237
v -0.015298 -0.117145 0.295237
v -0.012961 -0.114763 0.300000
v -0.015298 -0.117145 0.304763
v -0.019973 -0.121908 0.304763
v -0.032578 -0.118250 0.300000
v -0.028529 -0.116875 0.295237
v -0.020432 -0.114125 0.295237
v -0.016383 -0.112750 0.300000
v -0.020432 -0.114125 0.304763
v -0.028529 -0.116875 0.304763
v -0.036336 -0.110000 0.300000
v -0.031661 -0.110000 0.295237
v -0.022311 -0.110000 0.295237
v -0.017636 -0.110000 0.300000
v -0.022311 -0.110000 0.304763
v -0.031661 -0.110000 0.304763
v -0.032578 -0.101750 0.300000
v -0.028529 -0.103125 0.295237
v -0.020432 -0.105875 0.295237
v -0.016383 -0.107250 0.300000
v -0.020432 -0.105875 0.304763
v -0.028529 -0.103125 0.304763
v -0.022311 -0.095711 0.300000
v -0.019973 -0.098092 0.295237
v -0.015298 -0.102855 0.295237
v -0.012961 -0.105237 0.300000
v -0.015298 -0.102855 0.304763
v -0.019973 -0.098092 0.304763
v -0.008286 -0.093500 0.300000
v -0.008286 -0.096250 0.295237
v -0.008286 -0.101750 0.295237
v -0.008286 -0.104500 0.300000
v -0.008286 -0.101750 0.304763
v -0.008286 -0.096250 0.304763
v 0.005739 -0.095711 0.300000
v 0.003402 -0.098092 0.295237
v -0.001273 -0.102855 0.295237
v -0.003611 -0.105237 0.300000
v -0.001273 -0.102855 0.304763
v 0.003402 -0.098092 0.304763
v 0.016006 -0.101750 0.300000
v 0.011958 -0.103125 0.295237
v 0.003860 -0.105875 0.295237
v -0.000188 -0.107250 0.300000
v 0.003860 -0.105875 0.304763
v 0.011958 -0.103125 0.304763
v 0.049336 -0.110000 0.300000
v 0.044661 -0.105237 0.300000
v 0.035311 -0.105237 0.300000
v 0.030636 -0.110000 0.300000
v 0.035311 -0.114763 0.300000
v 0.044661 -0.114763 0.300000
v 0.045578 -0.110000 0.291750
v 0.041529 -0.105237 0.293125
v 0.033432 -0.105237 0.295875
v 0.029383 -0.110000 0.297250
v 0.033432 -0.114763 0.295875
v 0.041529 -0.114763 0.293125
v 0.035311 -0.110000 0.285711
v 0.032973 -0.105237 0.288092
v 0.028298 -0.105237 0.292855
v 0.025961 -0.110000 0.295237
v 0.028298 -0.114763 0.292855
v 0.032973 -0.114763 0.288092
v 0.021286 -0.110000 0.283500
v 0.021286 -0.105237 0.286250
v 0.021286 -0.105237 0.291750
v 0.021286 -0.110000 0.294500
v 0.021286 -0.114763 0.291750
v 0.021286 -0.114763 0.286250
v 0.007261 -0.110000 0.285711
v 0.009598 -0.105237 0.288092
v 0.014273 -0.105237 0.292855
v 0.016611 -0.110000 0.295237
v 0.014273 -0.114763 0.292855
v 0.009598 -0.114763 0.288092
v -0.003006 -0.110000 0.291750
v 0.001042 -0.105237 0.293125
v 0.009140 -0.105237 0.295875
v 0.013188 -0.110000 0.297250
v 0.009140 -0.114763 0.295875
v 0.001042 -0.114763 0.293125
v -0.006764 -0.110000 0.300000
v -0.002089 -0.105237 0.300000
v 0.007261 -0.105237 0.300000
v 0.011936 -0.110000 0.300000
v 0.007261 -0.114763 0.300000
v -0.002089 -0.114763 0.300000
v -0.003006 -0.110000 0.308250
v 0.001042 -0.105237 0.306875
v 0.009140 -0.105237 0.304125
v 0.013188 -0.110000 0.302750
v 0.009140 -0.114763 0.304125
v 0.001042 -0.114763 0.306875
v 0.007261 -0.110000 0.314289
v 0.009598 -0.105237 0.311908
v 0.014273 -0.105237 0.307145
v 0.016611 -0.110000 0.304763
v 0.014273 -0.114763 0.307145
v 0.009598 -0.114763 0.311908
v 0.021286 -0.110000 0.316500
v 0.021286 -0.105237 0.313750
v 0.021286 -0.105237 0.308250
v 0.021286 -0.110000 0.305500
v 0.021286 -0.114763 0.308250
v 0.021286 -0.114763 0.313750
v 0.035311 -0.110000 0.314289
v 0.032973 -0.105237 0.311908
v 0.028298 -0.105237 0.307145
v 0.025961 -0.110000 0.304763
v 0.028298 -0.114763 0.307145
v 0.032973 -0.114763 0.311908
v 0.045578 -0.110000 0.308250
v 0.041529 -0.105237 0.306875
v 0.033432 -0.105237 0.304125
v 0.029383 -0.110000 0.302750
v 0.033432 -0.114763 0.304125
v 0.041529 -0.114763 0.306875
v 0.078907 -0.110000 0.300000
v 0.074232 -0.110000 0.295237
v 0.064882 -0.110000 0.295237
v 0.060207 -0.110000 0.300000
v 0.064882 -0.110000 0.304763
v 0.074232 -0.110000 0.304763
v 0.075149 -0.118250 0.300000
v 0.071100 -0.116875 0.295237
v 0.063003 -0.114125 0.295237
v 0.058954 -0.112750 0.300000
v 0.063003 -0.114125 0.304763
v 0.071100 -0.116875 0.304763
v 0.064882 -0.124289 0.300000
v 0.062545 -0.121908 0.295237
v 0.057870 -0.117145 0.295237
v 0.055532 -0.114763 0.300000
v 0.057870 -0.117145 0.304763
v 0.062545 -0.121908 0.304763
v 0.050857 -0.126500 0.300000
v 0.050857 -0.123750 0.295237
v 0.050857 -0.118250 0.295237
v 0.050857 -0.115500 0.300000
v 0.050857 -0.118250 0.304763
v 0.050857 -0.123750 0.304763
v 0.036832 -0.124289 0.300000
v 0.039170 -0.121908 0.295237
v 0.043845 -0.117145 0.295237
v 0.046182 -0.114763 0.300000
v 0.043845 -0.117145 0.304763
v 0.039170 -0.121908 0.304763
v 0.026565 -0.118250 0.300000
v 0.030614 -0.116875 0.295237
v 0.038711 -0.114125 0.295237
v 0.042760 -0.112750 0.300000
v 0.038711 -0.114125 0.304763
v 0.030614 -0.116875 0.304763
v 0.022807 -0.110000 0.300000
v 0.027482 -0.110000 0.295237
v 0.036832 -0.110000 0.295237
v 0.041507 -0.110000 0.300000
v 0.036832 -0.110000 0.304763
v 0.027482 -0.110000 0.304763
v 0.026565 -0.101750 0.300000
v 0.030614 -0.103125 0.295237
v 0.038711 -0.105875 0.295237
v 0.042760 -0.107250 0.300000
v 0.038711 -0.105875 0.304763
v 0.030614 -0.103125 0.304763
v 0.036832 -0.095711 0.300000
v 0.039170 -0.098092 0.295237
v 0.043845 -0.102855 0.295237
v 0.046182 -0.105237 0.300000
v 0.043845 -0.102855 0.304763
v 0.039170 -0.098092 0.304763
v 0.050857 -0.093500 0.300000
v 0.050857 -0.096250 0.295237
v 0.050857 -0.101750 0.295237
v 0.050857 -0.104500 0.300000
v 0.050857 -0.101750 0.304763
v 0.050857 -0.096250 0.304763
v 0.064882 -0.095711 0.300000
v 0.062545 -0.098092 0.295237
v 0.057870 -0.102855 0.295237
v 0.055532 -0.105237 0.300000
v 0.057870 -0.102855 0.304763
v 0.062545 -0.098092 0.304763
v 0.075149 -0.101750 0.300000
v 0.071100 -0.103125 0.295237
v 0.063003 -0.105875 0.295237
v 0.058954 -0.107250 0.300000
v 0.063003 -0.105875 0.304763
v 0.071100 -0.103125 0.304763
v 0.108479 -0.110000 0.300000
v 0.103804 -0.105237 0.300000
v 0.094454 -0.105237 0.300000
v 0.089779 -0.110000 0.300000
v 0.094454 -0.114763 0.300000
v 0.103804 -0.114763 0.300000
v 0.104721 -0.110000 0.291750
v 0.100672 -0.105237 0.293125
v 0.092575 -0.105237 0.295875
v 0.088526 -0.110000 0.297250
v 0.092575 -0.114763 0.295875
v 0.100672 -0.114763 0.293125
v 0.094454 -0.110000 0.285711
v 0.092116 -0.105237 0.288092
v 0.087441 -0.105237 0.292855
v 0.085104 -0.110000 0.295237
v 0.087441 -0.114763 0.292855
v 0.092116 -0.114763 0.288092
v 0.080429 -0.110000 0.283500
v 0.080429 -0.105237 0.286250
v 0.080429 -0.105237 0.291750
v 0.080429 -0.110000 0.294500
v 0.080429 -0.114763 0.291750
v 0.080429 -0.114763 0.286250
v 0.066404 -0.110000 0.285711
v 0.068741 -0.105237 0.288092
v 0.073416 -0.105237 0.292855
v 0.075754 -0.110000 0.295237
v 0.073416 -0.114763 0.292855
v 0.068741 -0.114763 0.288092
v 0.056137 -0.110000 0.291750
v 0.060185 -0.105237 0.293125
v 0.068283 -0.105237 0.295875
v 0.072331 -0.110000 0.297250
v 0.068283 -0.114763 0.295875
v 0.060185 -0.114763 0.293125
v 0.052379 -0.110000 0.300000
v 0.057054 -0.105237 0.300000
v 0.066404 -0.105237 0.300000
v 0.071079 -0.110000 0.300000
v 0.066404 -0.114763 0.300000
v 0.057054 -0.114763 0.300000
v 0.056137 -0.110000 0.308250
v 0.060185 -0.105237 0.306875
v 0.068283 -0.105237 0.304125
v 0.072331 -0.110000 0.302750
v 0.068283 -0.114763 0.304125
v 0.060185 -0.114763 0.306875
v 0.066404 -0.110000 0.314289
v 0.068741 -0.105237 0.311908
v 0.073416 -0.105237 0.307145
v 0.075754 -0.110000 0.304763
v 0.073416 -0.114763 0.307145
v 0.068741 -0.114763 0.311908
v 0.080429 -0.110000 0.316500
v 0.080429 -0.105237 0.313750
v 0.080429 -0.105237 0.308250
v 0.080429 -0.110000 0.305500
v 0.080429 -0.114763 0.308250
v 0.080429 -0.114763 0.313750
v 0.094454 -0.110000 0.314289
v 0.092116 -0.105237 0.311908
v 0.087441 -0.105237 0.307145
v 0.085104 -0.110000 0.304763
v 0.087441 -0.114763 0.307145
v 0.092116 -0.114763 0.311908
v 0.104721 -0.110000 0.308250
v 0.100672 -0.105237 0.306875
v 0.092575 -0.105237 0.304125
v 0.088526 -0.110000 0.302750
v 0.092575 -0.114763 0.304125
v 0.100672 -0.114763 0.306875
v 0.097000 -0.110000 0.341050
v 0.101763 -0.110000 0.336375
v 0.101763 -0.110000 0.327025
v 0.097000 -0.110000 0.322350
v 0.092237 -0.110000 0.327025
v 0.092237 -0.110000 0.336375
v 0.097000 -0.118250 0.337292
v 0.101763 -0.116875 0.333243
v 0.101763 -0.114125 0.325146
v 0.097000 -0.112750 0.321097
v 0.092237 -0.114125 0.325146
v 0.092237 -0.116875 0.333243
v 0.097000 -0.124289 0.327025
v 0.101763 -0.121908 0.324688
v 0.101763 -0.117145 0.320012
v 0.097000 -0.114763 0.317675
v 0.092237 -0.117145 0.320012
v 0.092237 -0.121908 0.324688
v 0.097000 -0.126500 0.313000
v 0.101763 -0.123750 0.313000
v 0.101763 -0.118250 0.313000
v 0.097000 -0.115500 0.313000
v 0.092237 -0.118250 0.313000
v 0.092237 -0.123750 0.313000
v 0.097000 -0.124289 0.298975
v 0.101763 -0.121908 0.301312
v 0.101763 -0.117145 0.305988
v 0.097000 -0.114763 0.308325
v 0.092237 -0.117145 0.305988
v 0.092237 -0.121908 0.301312
v 0.097000 -0.118250 0.288708
v 0.101763 -0.116875 0.292757
v 0.101763 -0.114125 0.300854
v 0.097000 -0.112750 0.304903
v 0.092237 -0.114125 0.300854
v 0.092237 -0.116875 0.292757
v 0.097000 -0.110000 0.284950
v 0.101763 -0.110000 0.289625
v 0.101763 -0.110000 0.298975
v 0.097000 -0.110000 0.303650
v 0.092237 -0.110000 0.298975
v 0.092237 -0.110000 0.289625
v 0.097000 -0.101750 0.288708
v 0.101763 -0.103125 0.292757
v 0.101763 -0.105875 0.300854
v 0.097000 -0.107250 0.304903
v 0.092237 -0.105875 0.300854
v 0.092237 -0.103125 0.292757
v 0.097000 -0.095711 0.298975
v 0.101763 -0.098092 0.301312
v 0.101763 -0.102855 0.305987
v 0.097000 -0.105237 0.308325
v 0.092237 -0.102855 0.305988
v 0.092237 -0.098092 0.301312
v 0.097000 -0.093500 0.313000
v 0.101763 -0.096250 0.313000
v 0.101763 -0.101750 0.313000
v 0.097000 -0.104500 0.313000
v 0.092237 -0.101750 0.313000
v 0.092237 -0.096250 0.313000
v 0.097000 -0.095711 0.327025
v 0.101763 -0.098092 0.324688
v 0.101763 -0.102855 0.320012
v 0.097000 -0.105237 0.317675
v 0.092237 -0.102855 0.320012
v 0.092237 -0.098092 0.324688
v 0.097000 -0.101750 0.337292
v 0.101763 -0.103125 0.333243
v 0.101763 -0.105875 0.325146
v 0.097000 -0.107250 0.321097
v 0.092237 -0.105875 0.325146
v 0.092237 -0.103125 0.333243
v 0.097000 -0.110000 0.370621
v 0.097000 -0.105237 0.365946
v 0.097000 -0.105237 0.356596
v 0.097000 -0.110000 0.351921
v 0.097000 -0.114763 0.356596
v 0.097000 -0.114763 0.365946
v 0.105250 -0.110000 0.366863
v 0.103875 -0.105237 0.362815
v 0.101125 -0.105237 0.354717
v 0.099750 -0.110000 0.350669
v 0.101125 -0.114763 0.354717
v 0.103875 -0.114763 0.362815
v 0.111289 -0.110000 0.356596
v 0.108908 -0.105237 0.354259
v 0.104145 -0.105237 0.349584
v 0.101763 -0.110000 0.347246
v 0.104145 -0.114763 0.349584
v 0.108908 -0.114763 0.354259
v 0.113500 -0.110000 0.342571
v 0.110750 -0.105237 0.342571
v 0.105250 -0.105237 0.342571
v 0.102500 -0.110000 0.342571
v 0.105250 -0.114763 0.342571
v 0.110750 -0.114763 0.342571
v 0.111289 -0.110000 0.328546
v 0.108908 -0.105237 0.330884
v 0.104145 -0.105237 0.335559
v 0.101763 -0.110000 0.337896
v 0.104145 -0.114763 0.335559
v 0.108908 -0.114763 0.330884
v 0.105250 -0.110000 0.318279
v 0.103875 -0.105237 0.322328
v 0.101125 -0.105237 0.330425
v 0.099750 -0.110000 0.334474
v 0.101125 -0.114763 0.330425
v 0.103875 -0.114763 0.322328
v 0.097000 -0.110000 0.314521
v 0.097000 -0.105237 0.319196
v 0.097000 -0.105237 0.328546
v 0.097000 -0.110000 0.333221
v 0.097000 -0.114763 0.328546
v 0.097000 -0.114763 0.319196
v 0.088750 -0.110000 0.318279
v 0.090125 -0.105237 0.322328
v 0.092875 -0.105237 0.330425
v 0.094250 -0.110000 0.334474
v 0.092875 -0.114763 0.330425
v 0.090125 -0.114763 0.322328
v 0.082711 -0.110000 0.328546
v 0.085092 -0.105237 0.330884
v 0.089855 -0.105237 0.335559
v 0.092237 -0.110000 0.337896
v 0.089855 -0.114763 0.335559
v 0.085092 -0.114763 0.330884
v 0.080500 -0.110000 0.342571
v 0.083250 -0.105237 0.342571
v 0.088750 -0.105237 0.342571
v 0.091500 -0.110000 0.342571
v 0.088750 -0.114763 0.342571
v 0.083250 -0.114763 0.342571
v 0.082711 -0.110000 0.356596
v 0.085092 -0.105237 0.354259
v 0.089855 -0.105237 0.349584
v 0.092237 -0.110000 0.347246
v 0.089855 -0.114763 0.349584
v 0.085092 -0.114763 0.354259
v 0.088750 -0.110000 0.366863
v 0.090125 -0.105237 0.362815
v 0.092875 -0.105237 0.354717
v 0.094250 -0.110000 0.350669
v 0.092875 -0.114763 0.354717
v 0.090125 -0.114763 0.362815
v 0.097000 -0.110000 0.400193
v 0.101763 -0.110000 0.395518
v 0.101763 -0.110000 0.386168
v 0.097000 -0.110000 0.381493
v 0.092237 -0.110000 0.386168
v 0.092237 -0.110000 0.395518
v 0.097000 -0.118250 0.396435
v 0.101763 -0.116875 0.392386
v 0.101763 -0.114125 0.384289
v 0.097000 -0.112750 0.380240
v 0.092237 -0.114125 0.384289
v 0.092237 -0.116875 0.392386
v 0.097000 -0.124289 0.386168
v 0.101763 -0.121908 0.383830
v 0.101763 -0.117145 0.379155
v 0.097000 -0.114763 0.376818
v 0.092237 -0.117145 0.379155
v 0.092237 -0.121908 0.383830
v 0.097000 -0.126500 0.372143
v 0.101763 -0.123750 0.372143
v 0.101763 -0.118250 0.372143
v 0.097000 -0.115500 0.372143
v 0.092237 -0.118250 0.372143
v 0.092237 -0.123750 0.372143
v 0.097000 -0.124289 0.358118
v 0.101763 -0.121908 0.360455
v 0.101763 -0.117145 0.365130
v 0.097000 -0.114763 0.367468
v 0.092237 -0.117145 0.365130
v 0.092237 -0.121908 0.360455
v 0.097000 -0.118250 0.347851
v 0.101763 -0.116875 0.351900
v 0.101763 -0.114125 0.359997
v 0.097000 -0.112750 0.364046
v 0.092237 -0.114125 0.359997
v 0.092237 -0.116875 0.351900
v 0.097000 -0.110000 0.344093
v 0.101763 -0.110000 0.348768
v 0.101763 -0.110000 0.358118
v 0.097000 -0.110000 0.362793
v 0.092237 -0.110000 0.358118
v 0.092237 -0.110000 0.348768
v 0.097000 -0.101750 0.347851
v 0.101763 -0.103125 0.351900
v 0.101763 -0.105875 0.359997
v 0.097000 -0.107250 0.364046
v 0.092237 -0.105875 0.359997
v 0.092237 -0.103125 0.351900
v 0.097000 -0.095711 0.358118
v 0.101763 -0.098092 0.360455
v 0.101763 -0.102855 0.365130
v 0.097000 -0.105237 0.367468
v 0.092237 -0.102855 0.365130
v 0.092237 -0.098092 0.360455
v 0.097000 -0.093500 0.372143
v 0.101763 -0.096250 0.372143
v 0.101763 -0.101750 0.372143
v 0.097000 -0.104500 0.372143
v 0.092237 -0.101750 0.372143
v 0.092237 -0.096250 0.372143
v 0.097000 -0.095711 0.386168
v 0.101763 -0.098092 0.383830
v 0.101763 -0.102855 0.379155
v 0.097000 -0.105237 0.376818
v 0.092237 -0.102855 0.379155
v 0.092237 -0.098092 0.383830
v 0.097000 -0.101750 0.396435
v 0.101763 -0.103125 0.392386
v 0.101763 -0.105875 0.384289
v 0.097000 -0.107250 0.380240
v 0.092237 -0.105875 0.384289
v 0.092237 -0.103125 0.392386
v 0.097000 -0.110000 0.429764
v 0.097000 -0.105237 0.425089
v 0.097000 -0.105237 0.415739
v 0.097000 -0.110000 0.411064
v 0.097000 -0.114763 0.415739
v 0.097000 -0.114763 0.425089
v 0.105250 -0.110000 0.426006
v 0.103875 -0.105237 0.421958
v 0.101125 -0.105237 0.413860
v 0.099750 -0.110000 0.409812
v 0.101125 -0.114763 0.413860
v 0.103875 -0.114763 0.421958
v 0.111289 -0.110000 0.415739
v 0.108908 -0.105237 0.413402
v 0.104145 -0.105237 0.408727
v 0.101763 -0.110000 0.406389
v 0.104145 -0.114763 0.408727
v 0.108908 -0.114763 0.413402
v 0.113500 -0.110000 0.401714
v 0.110750 -0.105237 0.401714
v 0.105250 -0.105237 0.401714
v 0.102500 -0.110000 0.401714
v 0.105250 -0.114763 0.401714
v 0.110750 -0.114763 0.401714
v 0.111289 -0.110000 0.387689
v 0.108908 -0.105237 0.390027
v 0.104145 -0.105237 0.394702
v 0.101763 -0.110000 0.397039
v 0.104145 -0.114763 0.394702
v 0.108908 -0.114763 0.390027
v 0.105250 -0.110000 0.377422
v 0.103875 -0.105237 0.381471
v 0.101125 -0.105237 0.389568
v 0.099750 -0.110000 0.393617
v 0.101125 -0.114763 0.389568
v 0.103875 -0.114763 0.381471
v 0.097000 -0.110000 0.373664
v 0.097000 -0.105237 0.378339
v 0.097000 -0.105237 0.387689
v 0.097000 -0.110000 0.392364
v 0.097000 -0.114763 0.387689
v 0.097000 -0.114763 0.378339
v 0.088750 -0.110000 0.377422
v 0.090125 -0.105237 0.381471
v 0.092875 -0.105237 0.389568
v 0.094250 -0.110000 0.393617
v 0.092875 -0.114763 0.389568
v 0.090125 -0.114763 0.381471
v 0.082711 -0.110000 0.387689
v 0.085092 -0.105237 0.390027
v 0.089855 -0.105237 0.394702
v 0.092237 -0.110000 0.397039
v 0.089855 -0.114763 0.394702
v 0.085092 -0.114763 0.390027
v 0.080500 -0.110000 0.401714
v 0.083250 -0.105237 0.401714
v 0.088750 -0.105237 0.401714
v 0.091500 -0.110000 0.401714
v 0.088750 -0.114763 0.401714
v 0.083250 -0.114763 0.401714
v 0.082711 -0.110000 0.415739
v 0.085092 -0.105237 0.413402
v 0.089855 -0.105237 0.408727
v 0.092237 -0.110000 0.406389
v 0.089855 -0.114763 0.408727
v 0.085092 -0.114763 0.413402
v 0.088750 -0.110000 0.426006
v 0.090125 -0.105237 0.421958
v 0.092875 -0.105237 0.413860
v 0.094250 -0.110000 0.409812
v 0.092875 -0.114763 0.413860
v 0.090125 -0.114763 0.421958
v 0.097000 -0.110000 0.459336
v 0.101763 -0.110000 0.454661
v 0.101763 -0.110000 0.445311
v 0.097000 -0.110000 0.440636
v 0.092237 -0.110000 0.445311
v 0.092237 -0.110000 0.454661
v 0.097000 -0.118250 0.455578
v 0.101763 -0.116875 0.451529
v 0.101763 -0.114125 0.443432
v 0.097000 -0.112750 0.439383
v 0.092237 -0.114125 0.443432
v 0.092237 -0.116875 0.451529
v 0.097000 -0.124289 0.445311
v 0.101763 -0.121908 0.442973
v 0.101763 -0.117145 0.438298
v 0.097000 -0.114763 0.435961
v 0.092237 -0.117145 0.438298
v 0.092237 -0.121908 0.442973
v 0.097000 -0.126500 0.431286
v 0.101763 -0.123750 0.431286
v 0.101763 -0.118250 0.431286
v 0.097000 -0.115500 0.431286
v 0.092237 -0.118250 0.431286
v 0.092237 -0.123750 0.431286
v 0.097000 -0.124289 0.417261
v 0.101763 -0.121908 0.419598
v 0.101763 -0.117145 0.424273
v 0.097000 -0.114763 0.426611
v 0.092237 -0.117145 0.424273
v 0.092237 -0.121908 0.419598
v 0.097000 -0.118250 0.406994
v 0.101763 -0.116875 0.411042
v 0.101763 -0.114125 0.419140
v 0.097000 -0.112750 0.423188
v 0.092237 -0.114125 0.419140
v 0.092237 -0.116875 0.411042
v 0.097000 -0.110000 0.403236
v 0.101763 -0.110000 0.407911
v 0.101763 -0.110000 0.417261
v 0.097000 -0.110000 0.421936
v 0.092237 -0.110000 0.417261
v 0.092237 -0.110000 0.407911
v 0.097000 -0.101750 0.406994
v 0.101763 -0.103125 0.411042
v 0.101763 -0.105875 0.419140
v 0.097000 -0.107250 0.423188
v 0.092237 -0.105875 0.419140
v 0.092237 -0.103125 0.411042
v 0.097000 -0.095711 0.417261
v 0.101763 -0.098092 0.419598
v 0.101763 -0.102855 0.424273
v 0.097000 -0.105237 0.426611
v 0.092237 -0.102855 0.424273
v 0.092237 -0.098092 0.419598
v 0.097000 -0.093500 0.431286
v 0.101763 -0.096250 0.431286
v 0.101763 -0.101750 0.431286
v 0.097000 -0.104500 0.431286
v 0.092237 -0.101750 0.431286
v 0.092237 -0.096250 0.431286
v 0.097000 -0.095711 0.445311
v 0.101763 -0.098092 0.442973
v 0.101763 -0.102855 0.438298
v 0.097000 -0.105237 0.435961
v 0.092237 -0.102855 0.438298
v 0.092237 -0.098092 0.442973
v 0.097000 -0.101750 0.455578
v 0.101763 -0.103125 0.451529
v 0.101763 -0.105875 0.443432
v 0.097000 -0.107250 0.439383
v 0.092237 -0.105875 0.443432
v 0.092237 -0.103125 0.451529
v 0.097000 -0.110000 0.488907
v 0.097000 -0.105237 0.484232
v 0.097000 -0.105237 0.474882
v 0.097000 -0.110000 0.470207
v 0.097000 -0.114763 0.474882
v 0.097000 -0.114763 0.484232
v 0.105250 -0.110000 0.485149
v 0.103875 -0.105237 0.481100
v 0.101125 -0.105237 0.473003
v 0.099750 -0.110000 0.468954
v 0.101125 -0.114763 0.473003
v 0.103875 -0.114763 0.481100
v 0.111289 -0.110000 0.474882
v 0.108908 -0.105237 0.472545
v 0.104145 -0.105237 0.467870
v 0.101763 -0.110000 0.465532
v 0.104145 -0.114763 0.467870
v 0.108908 -0.114763 0.472545
v 0.113500 -0.110000 0.460857
v 0.110750 -0.105237 0.460857
v 0.105250 -0.105237 0.460857
v 0.102500 -0.110000 0.460857
v 0.105250 -0.114763 0.460857
v 0.110750 -0.114763 0.460857
v 0.111289 -0.110000 0.446832
v 0.108908 -0.105237 0.449170
v 0.104145 -0.105237 0.453845
v 0.101763 -0.110000 0.456182
v 0.104145 -0.114763 0.453845
v 0.108908 -0.114763 0.449170
v 0.105250 -0.110000 0.436565
v 0.103875 -0.105237 0.440614
v 0.101125 -0.105237 0.448711
v 0.099750 -0.110000 0.452760
v 0.101125 -0.114763 0.448711
v 0.103875 -0.114763 0.440614
v 0.097000 -0.110000 0.432807
v 0.097000 -0.105237 0.437482
v 0.097000 -0.105237 0.446832
v 0.097000 -0.110000 0.451507
v 0.097000 -0.114763 0.446832
v 0.097000 -0.114763 0.437482
v 0.088750 -0.110000 0.436565
v 0.090125 -0.105237 0.440614
v 0.092875 -0.105237 0.448711
v 0.094250 -0.110000 0.452760
v 0.092875 -0.114763 0.448711
v 0.090125 -0.114763 0.440614
v 0.082711 -0.110000 0.446832
v 0.085092 -0.105237 0.449170
v 0.089855 -0.105237 0.453845
v 0.092237 -0.110000 0.456182
v 0.089855 -0.114763 0.453845
v 0.085092 -0.114763 0.449170
v 0.080500 -0.110000 0.460857
v 0.083250 -0.105237 0.460857
v 0.088750 -0.105237 0.460857
v 0.091500 -0.110000 0.460857
v 0.088750 -0.114763 0.460857
v 0.083250 -0.114763 0.460857
v 0.082711 -0.110000 0.474882
v 0.085092 -0.105237 0.472545
v 0.089855 -0.105237 0.467870
v 0.092237 -0.110000 0.465532
v 0.089855 -0.114763 0.467870
v 0.085092 -0.114763 0.472545
v 0.088750 -0.110000 0.485149
v 0.090125 -0.105237 0.481100
v 0.092875 -0.105237 0.473003
v 0.094250 -0.110000 0.468954
v 0.092875 -0.114763 0.473003
v 0.090125 -0.114763 0.481100
v 0.097000 -0.110000 0.518479
v 0.101763 -0.110000 0.513804
v 0.101763 -0.110000 0.504454
v 0.097000 -0.110000 0.499779
v 0.092237 -0.110000 0.504454
v 0.092237 -0.110000 0.513804
v 0.097000 -0.118250 0.514721
v 0.101763 -0.116875 0.510672
v 0.101763 -0.114125 0.502575
v 0.097000 -0.112750 0.498526
v 0.092237 -0.114125 0.502575
v 0.092237 -0.116875 0.510672
v 0.097000 -0.124289 0.504454
v 0.101763 -0.121908 0.502116
v 0.101763 -0.117145 0.497441
v 0.097000 -0.114763 0.495104
v 0.092237 -0.117145 0.497441
v 0.092237 -0.121908 0.502116
v 0.097000 -0.126500 0.490429
v 0.101763 -0.123750 0.490429
v 0.101763 -0.118250 0.490429
v 0.097000 -0.115500 0.490429
v 0.092237 -0.118250 0.490429
v 0.092237 -0.123750 0.490429
v 0.097000 -0.124289 0.476404
v 0.101763 -0.121908 0.478741
v 0.101763 -0.117145 0.483416
v 0.097000 -0.114763 0.485754
v 0.092237 -0.117145 0.483416
v 0.092237 -0.121908 0.478741
v 0.097000 -0.118250 0.466137
v 0.101763 -0.116875 0.470185
v 0.101763 -0.114125 0.478283
v 0.097000 -0.112750 0.482331
v 0.092237 -0.114125 0.478283
v 0.092237 -0.116875 0.470185
v 0.097000 -0.110000 0.462379
v 0.101763 -0.110000 0.467054
v 0.101763 -0.110000 0.476404
v 0.097000 -0.110000 0.481079
v 0.092237 -0.110000 0.476404
v 0.092237 -0.110000 0.467054
v 0.097000 -0.101750 0.466137
v 0.101763 -0.103125 0.470185
v 0.101763 -0.105875 0.478283
v 0.097000 -0.107250 0.482331
v 0.092237 -0.105875 0.478283
v 0.092237 -0.103125 0.470185
v 0.097000 -0.095711 0.476404
v 0.101763 -0.098092 0.478741
v 0.101763 -0.102855 0.483416
v 0.097000 -0.105237 0.485754
v 0.092237 -0.102855 0.483416
v 0.092237 -0.098092 0.478741
v 0.097000 -0.093500 0.490429
v 0.101763 -0.096250 0.490429
v 0.101763 -0.101750 0.490429
v 0.097000 -0.104500 0.490429
v 0.092237 -0.101750 0.490429
v 0.092237 -0.096250 0.490429
v 0.097000 -0.095711 0.504454
v 0.101763 -0.098092 0.502116
v 0.101763 -0.102855 0.497441
v 0.097000 -0.105237 0.495104
v 0.092237 -0.102855 0.497441
v 0.092237 -0.098092 0.502116
v 0.097000 -0.101750 0.514721
v 0.101763 -0.103125 0.510672
v 0.101763 -0.105875 0.502575
v 0.097000 -0.107250 0.498526
v 0.092237 -0.105875 0.502575
v 0.092237 -0.103125 0.510672
v 0.097000 -0.110000 0.548050
v 0.097000 -0.105237 0.543375
v 0.097000 -0.105237 0.534025
v 0.097000 -0.110000 0.529350
v 0.097000 -0.114763 0.534025
v 0.097000 -0.114763 0.543375
v 0.105250 -0.110000 0.544292
v 0.103875 -0.105237 0.540243
v 0.101125 -0.105237 0.532146
v 0.099750 -0.110000 0.528097
v 0.101125 -0.114763 0.532146
v 0.103875 -0.114763 0.540243
v 0.111289 -0.110000 0.534025
v 0.108908 -0.105237 0.531687
v 0.104145 -0.105237 0.527012
v 0.101763 -0.110000 0.524675
v 0.104145 -0.114763 0.527012
v 0.108908 -0.114763 0.531687
v 0.113500 -0.110000 0.520000
v 0.110750 -0.105237 0.520000
v 0.105250 -0.105237 0.520000
v 0.102500 -0.110000 0.520000
v 0.105250 -0.114763 0.520000
v 0.110750 -0.114763 0.520000
v 0.111289 -0.110000 0.505975
v 0.108908 -0.105237 0.508313
v 0.104145 -0.105237 0.512988
v 0.101763 -0.110000 0.515325
v 0.104145 -0.114763 0.512988
v 0.108908 -0.114763 0.508313
v 0.105250 -0.110000 0.495708
v 0.103875 -0.105237 0.499757
v 0.101125 -0.105237 0.507854
v 0.099750 -0.110000 0.511903
v 0.101125 -0.114763 0.507854
v 0.103875 -0.114763 0.499757
v 0.097000 -0.110000 0.491950
v 0.097000 -0.105237 0.496625
v 0.097000 -0.105237 0.505975
v 0.097000 -0.110000 0.510650
v 0.097000 -0.114763 0.505975
v 0.097000 -0.114763 0.496625
v 0.088750 -0.110000 0.495708
v 0.090125 -0.105237 0.499757
v 0.092875 -0.105237 0.507854
v 0.094250 -0.110000 0.511903
v 0.092875 -0.114763 0.507854
v 0.090125 -0.114763 0.499757
v 0.082711 -0.110000 0.505975
v 0.085092 -0.105237 0.508313
v 0.089855 -0.105237 0.512988
v 0.092237 -0.110000 0.515325
v 0.089855 -0.114763 0.512988
v 0.085092 -0.114763 0.508313
v 0.080500 -0.110000 0.520000
v 0.083250 -0.105237 0.520000
v 0.088750 -0.105237 0.520000
v 0.091500 -0.110000 0.520000
v 0.088750 -0.114763 0.520000
v 0.083250 -0.114763 0.520000
v 0.082711 -0.110000 0.534025
v 0.085092 -0.105237 0.531687
v 0.089855 -0.105237 0.527012
v 0.092237 -0.110000 0.524675
v 0.089855 -0.114763 0.527012
v 0.085092 -0.114763 0.531687
v 0.088750 -0.110000 0.544292
v 0.090125 -0.105237 0.540243
v 0.092875 -0.105237 0.532146
v 0.094250 -0.110000 0.528097
v 0.092875 -0.114763 0.532146
v 0.090125 -0.114763 0.540243
v 0.039379 -0.110000 0.520000
v 0.044054 -0.110000 0.524763
v 0.053404 -0.110000 0.524763
v 0.058079 -0.110000 0.520000
v 0.053404 -0.110000 0.515237
v 0.044054 -0.110000 0.515237
v 0.043137 -0.118250 0.520000
v 0.047185 -0.116875 0.524763
v 0.055283 -0.114125 0.524763
v 0.059331 -0.112750 0.520000
v 0.055283 -0.114125 0.515237
v 0.047185 -0.116875 0.515237
v 0.053404 -0.124289 0.520000
v 0.055741 -0.121908 0.524763
v 0.060416 -0.117145 0.524763
v 0.062754 -0.114763 0.520000
v 0.060416 -0.117145 0.515237
v 0.055741 -0.121908 0.515237
v 0.067429 -0.126500 0.520000
v 0.067429 -0.123750 0.524763
v 0.067429 -0.118250 0.524763
v 0.067429 -0.115500 0.520000
v 0.067429 -0.118250 0.515237
v 0.067429 -0.123750 0.515237
v 0.081454 -0.124289 0.520000
v 0.079116 -0.121908 0.524763
v 0.074441 -0.117145 0.524763
v 0.072104 -0.114763 0.520000
v 0.074441 -0.117145 0.515237
v 0.079116 -0.121908 0.515237
v 0.091721 -0.118250 0.520000
v 0.087672 -0.116875 0.524763
v 0.079575 -0.114125 0.524763
v 0.075526 -0.112750 0.520000
v 0.079575 -0.114125 0.515237
v 0.087672 -0.116875 0.515237
v 0.095479 -0.110000 0.520000
v 0.090804 -0.110000 0.524763
v 0.081454 -0.110000 0.524763
v 0.076779 -0.110000 0.520000
v 0.081454 -0.110000 0.515237
v 0.090804 -0.110000 0.515237
v 0.091721 -0.101750 0.520000
v 0.087672 -0.103125 0.524763
v 0.079575 -0.105875 0.524763
v 0.075526 -0.107250 0.520000
v 0.079575 -0.105875 0.515237
v 0.087672 -0.103125 0.515237
v 0.081454 -0.095711 0.520000
v 0.079116 -0.098092 0.524763
v 0.074441 -0.102855 0.524763
v 0.072104 -0.105237 0.520000
v 0.074441 -0.102855 0.515237
v 0.079116 -0.098092 0.515237
v 0.067429 -0.093500 0.520000
v 0.067429 -0.096250 0.524763
v 0.067429 -0.101750 0.524763
v 0.067429 -0.104500 0.520000
v 0.067429 -0.101750 0.515237
v 0.067429 -0.096250 0.515237
v 0.053404 -0.095711 0.520000
v 0.055741 -0.098092 0.524763
v 0.060416 -0.102855 0.524763
v 0.062754 -0.105237 0.520000
v 0.060416 -0.102855 0.515237
v 0.055741 -0.098092 0.515237
v 0.043137 -0.101750 0.520000
v 0.047185 -0.103125 0.524763
v 0.055283 -0.105875 0.524763
v 0.059331 -0.107250 0.520000
v 0.055283 -0.105875 0.515237
v 0.047185 -0.103125 0.515237
v 0.009807 -0.110000 0.520000
v 0.014482 -0.105237 0.520000
v 0.023832 -0.105237 0.520000
v 0.028507 -0.110000 0.520000
v 0.023832 -0.114763 0.520000
v 0.014482 -0.114763 0.520000
v 0.013565 -0.110000 0.528250
v 0.017614 -0.105237 0.526875
v 0.025711 -0.105237 0.524125
v 0.029760 -0.110000 0.522750
v 0.025711 -0.114763 0.524125
v 0.017614 -0.114763 0.526875
v 0.023832 -0.110000 0.534289
v 0.026170 -0.105237 0.531908
v 0.030845 -0.105237 0.527145
v 0.033182 -0.110000 0.524763
v 0.030845 -0.114763 0.527145
v 0.026170 -0.114763 0.531908
v 0.037857 -0.110000 0.536500
v 0.037857 -0.105237 0.533750
v 0.037857 -0.105237 0.528250
v 0.037857 -0.110000 0.525500
v 0.037857 -0.114763 0.528250
v 0.037857 -0.114763 0.533750
v 0.051882 -0.110000 0.534289
v 0.049545 -0.105237 0.531908
v 0.044870 -0.105237 0.527145
v 0.042532 -0.110000 0.524763
v 0.044870 -0.114763 0.527145
v 0.049545 -0.114763 0.531908
v 0.062149 -0.110000 0.528250
v 0.058100 -0.105237 0.526875
v 0.050003 -0.105237 0.524125
v 0.045954 -0.110000 0.522750
v 0.050003 -0.114763 0.524125
v 0.058100 -0.114763 0.526875
v 0.065907 -0.110000 0.520000
v 0.061232 -0.105237 0.520000
v 0.051882 -0.105237 0.520000
v 0.047207 -0.110000 0.520000
v 0.051882 -0.114763 0.520000
v 0.061232 -0.114763 0.520000
v 0.062149 -0.110000 0.511750
v 0.058100 -0.105237 0.513125
v 0.050003 -0.105237 0.515875
v 0.045954 -0.110000 0.517250
v 0.050003 -0.114763 0.515875
v 0.058100 -0.114763 0.513125
v 0.051882 -0.110000 0.505711
v 0.049545 -0.105237 0.508092
v 0.044870 -0.105237 0.512855
v 0.042532 -0.110000 0.515237
v 0.044870 -0.114763 0.512855
v 0.049545 -0.114763 0.508092
v 0.037857 -0.110000 0.503500
v 0.037857 -0.105237 0.506250
v 0.037857 -0.105237 0.511750
v 0.037857 -0.110000 0.514500
v 0.037857 -0.114763 0.511750
v 0.037857 -0.114763 0.506250
v 0.023832 -0.110000 0.505711
v 0.026170 -0.105237 0.508092
v 0.030845 -0.105237 0.512855
v 0.033182 -0.110000 0.515237
v 0.030845 -0.114763 0.512855
v 0.026170 -0.114763 0.508092
v 0.013565 -0.110000 0.511750
v 0.017614 -0.105237 0.513125
v 0.025711 -0.105237 0.515875
v 0.029760 -0.110000 0.517250
v 0.025711 -0.114763 0.515875
v 0.017614 -0.114763 0.513125
v -0.019764 -0.110000 0.520000
v -0.015089 -0.110000 0.524763
v -0.005739 -0.110000 0.524763
v -0.001064 -0.110000 0.520000
v -0.005739 -0.110000 0.515237
v -0.015089 -0.110000 0.515237
v -0.016006 -0.118250 0.520000
v -0.011958 -0.116875 0.524763
v -0.003860 -0.114125 0.524763
v 0.000188 -0.112750 0.520000
v -0.003860 -0.114125 0.515237
v -0.011958 -0.116875 0.515237
v -0.005739 -0.124289 0.520000
v -0.003402 -0.121908 0.524763
v 0.001273 -0.117145 0.524763
v 0.003611 -0.114763 0.520000
v 0.001273 -0.117145 0.515237
v -0.003402 -0.121908 0.515237
v 0.008286 -0.126500 0.520000
v 0.008286 -0.123750 0.524763
v 0.008286 -0.118250 0.524763
v 0.008286 -0.115500 0.520000
v 0.008286 -0.118250 0.515237
v 0.008286 -0.123750 0.515237
v 0.022311 -0.124289 0.520000
v 0.019973 -0.121908 0.524763
v 0.015298 -0.117145 0.524763
v 0.012961 -0.114763 0.520000
v 0.015298 -0.117145 0.515237
v 0.019973 -0.121908 0.515237
v 0.032578 -0.118250 0.520000
v 0.028529 -0.116875 0.524763
v 0.020432 -0.114125 0.524763
v 0.016383 -0.112750 0.520000
v 0.020432 -0.114125 0.515237
v 0.028529 -0.116875 0.515237
v 0.036336 -0.110000 0.520000
v 0.031661 -0.110000 0.524763
v 0.022311 -0.110000 0.524763
v 0.017636 -0.110000 0.520000
v 0.022311 -0.110000 0.515237
v 0.031661 -0.110000 0.515237
v 0.032578 -0.101750 0.520000
v 0.028529 -0.103125 0.524763
v 0.020432 -0.105875 0.524763
v 0.016383 -0.107250 0.520000
v 0.020432 -0.105875 0.515237
v 0.028529 -0.103125 0.515237
v 0.022311 -0.095711 0.520000
v 0.019973 -0.098092 0.524763
v 0.015298 -0.102855 0.524763
v 0.012961 -0.105237 0.520000
v 0.015298 -0.102855 0.515237
v 0.019973 -0.098092 0.515237
v 0.008286 -0.093500 0.520000
v 0.008286 -0.096250 0.524763
v 0.008286 -0.101750 0.524763
v 0.008286 -0.104500 0.520000
v 0.008286 -0.101750 0.515237
v 0.008286 -0.096250 0.515237
v -0.005739 -0.095711 0.520000
v -0.003402 -0.098092 0.524763
v 0.001273 -0.102855 0.524763
v 0.003611 -0.105237 0.520000
v 0.001273 -0.102855 0.515237
v -0.003402 -0.098092 0.515237
v -0.016006 -0.101750 0.520000
v -0.011958 -0.103125 0.524763
v -0.003860 -0.105875 0.524763
v 0.000188 -0.107250 0.520000
v -0.003860 -0.105875 0.515237
v -0.011958 -0.103125 0.515237
v -0.049336 -0.110000 0.520000
v -0.044661 -0.105237 0.520000
v -0.035311 -0.105237 0.520000
v -0.030636 -0.110000 0.520000
v -0.035311 -0.114763 0.520000
v -0.044661 -0.114763 0.520000
v -0.045578 -0.110000 0.528250
v -0.041529 -0.105237 0.526875
v -0.033432 -0.105237 0.524125
v -0.029383 -0.110000 0.522750
v -0.033432 -0.114763 0.524125
v -0.041529 -0.114763 0.526875
v -0.035311 -0.110000 0.534289
v -0.032973 -0.105237 0.531908
v -0.028298 -0.105237 0.527145
v -0.025961 -0.110000 0.524763
v -0.028298 -0.114763 0.527145
v -0.032973 -0.114763 0.531908
v -0.021286 -0.110000 0.536500
v -0.021286 -0.105237 0.533750
v -0.021286 -0.105237 0.528250
v -0.021286 -0.110000 0.525500
v -0.021286 -0.114763 0.528250
v -0.021286 -0.114763 0.533750
v -0.007261 -0.110000 0.534289
v -0.009598 -0.105237 0.531908
v -0.014273 -0.105237 0.527145
v -0.016611 -0.110000 0.524763
v -0.014273 -0.114763 0.527145
v -0.009598 -0.114763 0.531908
v 0.003006 -0.110000 0.528250
v -0.001042 -0.105237 0.526875
v -0.009140 -0.105237 0.524125
v -0.013188 -0.110000 0.522750
v -0.009140 -0.114763 0.524125
v -0.001042 -0.114763 0.526875
v 0.006764 -0.110000 0.520000
v 0.002089 -0.105237 0.520000
v -0.007261 -0.105237 0.520000
v -0.011936 -0.110000 0.520000
v -0.007261 -0.114763 0.520000
v 0.002089 -0.114763 0.520000
v 0.003006 -0.110000 0.511750
v -0.001042 -0.105237 0.513125
v -0.009140 -0.105237 0.515875
v -0.013188 -0.110000 0.517250
v -0.009140 -0.114763 0.515875
v -0.001042 -0.114763 0.513125
v -0.007261 -0.110000 0.505711
v -0.009598 -0.105237 0.508092
v -0.014273 -0.105237 0.512855
v -0.016611 -0.110000 0.515237
v -0.014273 -0.114763 0.512855
v -0.009598 -0.114763 0.508092
v -0.021286 -0.110000 0.503500
v -0.021286 -0.105237 0.506250
v -0.021286 -0.105237 0.511750
v -0.021286 -0.110000 0.514500
v -0.021286 -0.114763 0.511750
v -0.021286 -0.114763 0.506250
v -0.035311 -0.110000 0.505711
v -0.032973 -0.105237 0.508092
v -0.028298 -0.105237 0.512855
v -0.025961 -0.110000 0.515237
v -0.028298 -0.114763 0.512855
v -0.032973 -0.114763 0.508092
v -0.045578 -0.110000 0.511750
v -0.041529 -0.105237 0.513125
v -0.033432 -0.105237 0.515875
v -0.029383 -0.110000 0.517250
v -0.033432 -0.114763 0.515875
v -0.041529 -0.114763 0.513125
v -0.078907 -0.110000 0.520000
v -0.074232 -0.110000 0.524763
v -0.064882 -0.110000 0.524763
v -0.060207 -0.110000 0.520000
v -0.064882 -0.110000 0.515237
v -0.074232 -0.110000 0.515237
v -0.075149 -0.118250 0.520000
v -0.071100 -0.116875 0.524763
v -0.063003 -0.114125 0.524763
v -0.058954 -0.112750 0.520000
v -0.063003 -0.114125 0.515237
v -0.071100 -0.116875 0.515237
v -0.064882 -0.124289 0.520000
v -0.062545 -0.121908 0.524763
v -0.057870 -0.117145 0.524763
v -0.055532 -0.114763 0.520000
v -0.057870 -0.117145 0.515237
v -0.062545 -0.121908 0.515237
v -0.050857 -0.126500 0.520000
v -0.050857 -0.123750 0.524763
v -0.050857 -0.118250 0.524763
v -0.050857 -0.115500 0.520000
v -0.050857 -0.118250 0.515237
v -0.050857 -0.123750 0.515237
v -0.036832 -0.124289 0.520000
v -0.039170 -0.121908 0.524763
v -0.043845 -0.117145 0.524763
v -0.046182 -0.114763 0.520000
v -0.043845 -0.117145 0.515237
v -0.039170 -0.121908 0.515237
v -0.026565 -0.118250 0.520000
v -0.030614 -0.116875 0.524763
v -0.038711 -0.114125 0.524763
v -0.042760 -0.112750 0.520000
v -0.038711 -0.114125 0.515237
v -0.030614 -0.116875 0.515237
v -0.022807 -0.110000 0.520000
v -0.027482 -0.110000 0.524763
v -0.036832 -0.110000 0.524763
v -0.041507 -0.110000 0.520000
v -0.036832 -0.110000 0.515237
v -0.027482 -0.110000 0.515237
v -0.026565 -0.101750 0.520000
v -0.030614 -0.103125 0.524763
v -0.038711 -0.105875 0.524763
v -0.042760 -0.107250 0.520000
v -0.038711 -0.105875 0.515237
v -0.030614 -0.103125 0.515237
v -0.036832 -0.095711 0.520000
v -0.039170 -0.098092 0.524763
v -0.043845 -0.102855 0.524763
v -0.046182 -0.105237 0.520000
v -0.043845 -0.102855 0.515237
v -0.039170 -0.098092 0.515237
v -0.050857 -0.093500 0.520000
v -0.050857 -0.096250 0.524763
v -0.050857 -0.101750 0.524763
v -0.050857 -0.104500 0.520000
v -0.050857 -0.101750 0.515237
v -0.050857 -0.096250 0.515237
v -0.064882 -0.095711 0.520000
v -0.062545 -0.098092 0.524763
v -0.057870 -0.102855 0.524763
v -0.055532 -0.105237 0.520000
v -0.057870 -0.102855 0.515237
v -0.062545 -0.098092 0.515237
v -0.075149 -0.101750 0.520000
v -0.071100 -0.103125 0.524763
v -0.063003 -0.105875 0.524763
v -0.058954 -0.107250 0.520000
v -0.063003 -0.105875 0.515237
v -0.071100 -0.103125 0.515237
v -0.108479 -0.110000 0.520000
v -0.103804 -0.105237 0.520000
v -0.094454 -0.105237 0.520000
v -0.089779 -0.110000 0.520000
v -0.094454 -0.114763 0.520000
v -0.103804 -0.114763 0.520000
v -0.104721 -0.110000 0.528250
v -0.100672 -0.105237 0.526875
v -0.092575 -0.105237 0.524125
v -0.088526 -0.110000 0.522750
v -0.092575 -0.114763 0.524125
v -0.100672 -0.114763 0.526875
v -0.094454 -0.110000 0.534289
v -0.092116 -0.105237 0.531908
v -0.087441 -0.105237 0.527145
v -0.085104 -0.110000 0.524763
v -0.087441 -0.114763 0.527145
v -0.092116 -0.114763 0.531908
v -0.080429 -0.110000 0.536500
v -0.080429 -0.105237 0.533750
v -0.080429 -0.105237 0.528250
v -0.080429 -0.110000 0.525500
v -0.080429 -0.114763 0.528250
v -0.080429 -0.114763 0.533750
v -0.066404 -0.110000 0.534289
v -0.068741 -0.105237 0.531908
v -0.073416 -0.105237 0.527145
v -0.075754 -0.110000 0.524763
v -0.073416 -0.114763 0.527145
v -0.068741 -0.114763 0.531908
v -0.056137 -0.110000 0.528250
v -0.060185 -0.105237 0.526875
v -0.068283 -0.105237 0.524125
v -0.072331 -0.110000 0.522750
v -0.068283 -0.114763 0.524125
v -0.060185 -0.114763 0.526875
v -0.052379 -0.110000 0.520000
v -0.057054 -0.105237 0.520000
v -0.066404 -0.105237 0.520000
v -0.071079 -0.110000 0.520000
v -0.066404 -0.114763 0.520000
v -0.057054 -0.114763 0.520000
v -0.056137 -0.110000 0.511750
v -0.060185 -0.105237 0.513125
v -0.068283 -0.105237 0.515875
v -0.072331 -0.110000 0.517250
v -0.068283 -0.114763 0.515875
v -0.060185 -0.114763 0.513125
v -0.066404 -0.110000 0.505711
v -0.068741 -0.105237 0.508092
v -0.073416 -0.105237 0.512855
v -0.075754 -0.110000 0.515237
v -0.073416 -0.114763 0.512855
v -0.068741 -0.114763 0.508092
v -0.080429 -0.110000 0.503500
v -0.080429 -0.105237 0.506250
v -0.080429 -0.105237 0.511750
v -0.080429 -0.110000 0.514500
v -0.080429 -0.114763 0.511750
v -0.080429 -0.114763 0.506250
v -0.094454 -0.110000 0.505711
v -0.092116 -0.105237 0.508092
v -0.087441 -0.105237 0.512855
v -0.085104 -0.110000 0.515237
v -0.087441 -0.114763 0.512855
v -0.092116 -0.114763 0.508092
v -0.104721 -0.110000 0.511750
v -0.100672 -0.105237 0.513125
v -0.092575 -0.105237 0.515875
v -0.088526 -0.110000 0.517250
v -0.092575 -0.114763 0.515875
v -0.100672 -0.114763 0.513125
v -0.097000 -0.110000 0.478950
v -0.101763 -0.110000 0.483625
v -0.101763 -0.110000 0.492975
v -0.097000 -0.110000 0.497650
v -0.092237 -0.110000 0.492975
v -0.092237 -0.110000 0.483625
v -0.097000 -0.118250 0.482708
v -0.101763 -0.116875 0.486757
v -0.101763 -0.114125 0.494854
v -0.097000 -0.112750 0.498903
v -0.092237 -0.114125 0.494854
v -0.092237 -0.116875 0.486757
v -0.097000 -0.124289 0.492975
v -0.101763 -0.121908 0.495312
v -0.101763 -0.117145 0.499987
v -0.097000 -0.114763 0.502325
v -0.092237 -0.117145 0.499987
v -0.092237 -0.121908 0.495312
v -0.097000 -0.126500 0.507000
v -0.101763 -0.123750 0.507000
v -0.101763 -0.118250 0.507000
v -0.097000 -0.115500 0.507000
v -0.092237 -0.118250 0.507000
v -0.092237 -0.123750 0.507000
v -0.097000 -0.124289 0.521025
v -0.101763 -0.121908 0.518687
v -0.101763 -0.117145 0.514012
v -0.097000 -0.114763 0.511675
v -0.092237 -0.117145 0.514012
v -0.092237 -0.121908 0.518687
v -0.097000 -0.118250 0.531292
v -0.101763 -0.116875 0.527243
v -0.101763 -0.114125 0.519146
v -0.097000 -0.112750 0.515097
v -0.092237 -0.114125 0.519146
v -0.092237 -0.116875 0.527243
v -0.097000 -0.110000 0.535050
v -0.101763 -0.110000 0.530375
v -0.101763 -0.110000 0.521025
v -0.097000 -0.110000 0.516350
v -0.092237 -0.110000 0.521025
v -0.092237 -0.110000 0.530375
v -0.097000 -0.101750 0.531292
v -0.101763 -0.103125 0.527243
v -0.101763 -0.105875 0.519146
v -0.097000 -0.107250 0.515097
v -0.092237 -0.105875 0.519146
v -0.092237 -0.103125 0.527243
v -0.097000 -0.095711 0.521025
v -0.101763 -0.098092 0.518687
v -0.101763 -0.102855 0.514012
v -0.097000 -0.105237 0.511675
v -0.092237 -0.102855 0.514012
v -0.092237 -0.098092 0.518687
v -0.097000 -0.093500 0.507000
v -0.101763 -0.096250 0.507000
v -0.101763 -0.101750 0.507000
v -0.097000 -0.104500 0.507000
v -0.092237 -0.101750 0.507000
v -0.092237 -0.096250 0.507000
v -0.097000 -0.095711 0.492975
v -0.101763 -0.098092 0.495312
v -0.101763 -0.102855 0.499987
v -0.097000 -0.105237 0.502325
v -0.092237 -0.102855 0.499987
v -0.092237 -0.098092 0.495312
v -0.097000 -0.101750 0.482708
v -0.101763 -0.103125 0.486757
v -0.101763 -0.105875 0.494854
v -0.097000 -0.107250 0.498903
v -0.092237 -0.105875 0.494854
v -0.092237 -0.103125 0.486757
v -0.097000 -0.110000 0.449379
v -0.097000 -0.105237 0.454054
v -0.097000 -0.105237 0.463404
v -0.097000 -0.110000 0.468079
v -0.097000 -0.114763 0.463404
v -0.097000 -0.114763 0.454054
v -0.105250 -0.110000 0.453137
v -0.103875 -0.105237 0.457185
v -0.101125 -0.105237 0.465283
v -0.099750 -0.110000 0.469331
v -0.101125 -0.114763 0.465283
v -0.103875 -0.114763 0.457185
v -0.111289 -0.110000 0.463404
v -0.108908 -0.105237 0.465741
v -0.104145 -0.105237 0.470416
v -0.101763 -0.110000 0.472754
v -0.104145 -0.114763 0.470416
v -0.108908 -0.114763 0.465741
v -0.113500 -0.110000 0.477429
v -0.110750 -0.105237 0.477429
v -0.105250 -0.105237 0.477429
v -0.102500 -0.110000 0.477429
v -0.105250 -0.114763 0.477429
v -0.110750 -0.114763 0.477429
v -0.111289 -0.110000 0.491454
v -0.108908 -0.105237 0.489116
v -0.104145 -0.105237 0.484441
v -0.101763 -0.110000 0.482104
v -0.104145 -0.114763 0.484441
v -0.108908 -0.114763 0.489116
v -0.105250 -0.110000 0.501721
v -0.103875 -0.105237 0.497672
v -0.101125 -0.105237 0.489575
v -0.099750 -0.110000 0.485526
v -0.101125 -0.114763 0.489575
v -0.103875 -0.114763 0.497672
v -0.097000 -0.110000 0.505479
v -0.097000 -0.105237 0.500804
v -0.097000 -0.105237 0.491454
v -0.097000 -0.110000 0.486779
v -0.097000 -0.114763 0.491454
v -0.097000 -0.114763 0.500804
v -0.088750 -0.110000 0.501721
v -0.090125 -0.105237 0.497672
v -0.092875 -0.105237 0.489575
v -0.094250 -0.110000 0.485526
v -0.092875 -0.114763 0.489575
v -0.090125 -0.114763 0.497672
v -0.082711 -0.110000 0.491454
v -0.085092 -0.105237 0.489116
v -0.089855 -0.105237 0.484441
v -0.092237 -0.110000 0.482104
v -0.089855 -0.114763 0.484441
v -0.085092 -0.114763 0.489116
v -0.080500 -0.110000 0.477429
v -0.083250 -0.105237 0.477429
v -0.088750 -0.105237 0.477429
v -0.091500 -0.110000 0.477429
v -0.088750 -0.114763 0.477429
v -0.083250 -0.114763 0.477429
v -0.082711 -0.110000 0.463404
v -0.085092 -0.105237 0.465741
v -0.089855 -0.105237 0.470416
v -0.092237 -0.110000 0.472754
v -0.089855 -0.114763 0.470416
v -0.085092 -0.114763 0.465741
v -0.088750 -0.110000 0.453137
v -0.090125 -0.105237 0.457185
v -0.092875 -0.105237 0.465283
v -0.094250 -0.110000 0.469331
v -0.092875 -0.114763 0.465283
v -0.090125 -0.114763 0.457185
v -0.097000 -0.110000 0.419807
v -0.101763 -0.110000 0.424482
v -0.101763 -0.110000 0.433832
v -0.097000 -0.110000 0.438507
v -0.092237 -0.110000 0.433832
v -0.092237 -0.110000 0.424482
v -0.097000 -0.118250 0.423565
v -0.101763 -0.116875 0.427614
v -0.101763 -0.114125 0.435711
v -0.097000 -0.112750 0.439760
v -0.092237 -0.114125 0.435711
v -0.092237 -0.116875 0.427614
v -0.097000 -0.124289 0.433832
v -0.101763 -0.121908 0.436170
v -0.101763 -0.117145 0.440845
v -0.097000 -0.114763 0.443182
v -0.092237 -0.117145 0.440845
v -0.092237 -0.121908 0.436170
v -0.097000 -0.126500 0.447857
v -0.101763 -0.123750 0.447857
v -0.101763 -0.118250 0.447857
v -0.097000 -0.115500 0.447857
v -0.092237 -0.118250 0.447857
v -0.092237 -0.123750 0.447857
v -0.097000 -0.124289 0.461882
v -0.101763 -0.121908 0.459545
v -0.101763 -0.117145 0.454870
v -0.097000 -0.114763 0.452532
v -0.092237 -0.117145 0.454870
v -0.092237 -0.121908 0.459545
v -0.097000 -0.118250 0.472149
v -0.101763 -0.116875 0.468100
v -0.101763 -0.114125 0.460003
v -0.097000 -0.112750 0.455954
v -0.092237 -0.114125 0.460003
v -0.092237 -0.116875 0.468100
v -0.097000 -0.110000 0.475907
v -0.101763 -0.110000 0.471232
v -0.101763 -0.110000 0.461882
v -0.097000 -0.110000 0.457207
v -0.092237 -0.110000 0.461882
v -0.092237 -0.110000 0.471232
v -0.097000 -0.101750 0.472149
v -0.101763 -0.103125 0.468100
v -0.101763 -0.105875 0.460003
v -0.097000 -0.107250 0.455954
v -0.092237 -0.105875 0.460003
v -0.092237 -0.103125 0.468100
v -0.097000 -0.095711 0.461882
v -0.101763 -0.098092 0.459545
v -0.101763 -0.102855 0.454870
v -0.097000 -0.105237 0.452532
v -0.092237 -0.102855 0.454870
v -0.092237 -0.098092 0.459545
v -0.097000 -0.093500 0.447857
v -0.101763 -0.096250 0.447857
v -0.101763 -0.101750 0.447857
v -0.097000 -0.104500 0.447857
v -0.092237 -0.101750 0.447857
v -0.092237 -0.096250 0.447857
v -0.097000 -0.095711 0.433832
v -0.101763 -0.098092 0.436170
v -0.101763 -0.102855 0.440845
v -0.097000 -0.105237 0.443182
v -0.092237 -0.102855 0.440845
v -0.092237 -0.098092 0.436170
v -0.097000 -0.101750 0.423565
v -0.101763 -0.103125 0.427614
v -0.101763 -0.105875 0.435711
v -0.097000 -0.107250 0.439760
v -0.092237 -0.105875 0.435711
v -0.092237 -0.103125 0.427614
v -0.097000 -0.110000 0.390236
v -0.097000 -0.105237 0.394911
v -0.097000 -0.105237 0.404261
v -0.097000 -0.110000 0.408936
v -0.097000 -0.114763 0.404261
v -0.097000 -0.114763 0.394911
v -0.105250 -0.110000 0.393994
v -0.103875 -0.105237 0.398042
v -0.101125 -0.105237 0.406140
v -0.099750 -0.110000 0.410188
v -0.101125 -0.114763 0.406140
v -0.103875 -0.114763 0.398042
v -0.111289 -0.110000 0.404261
v -0.108908 -0.105237 0.406598
v -0.104145 -0.105237 0.411273
v -0.101763 -0.110000 0.413611
v -0.104145 -0.114763 0.411273
v -0.108908 -0.114763 0.406598
v -0.113500 -0.110000 0.418286
v -0.110750 -0.105237 0.418286
v -0.105250 -0.105237 0.418286
v -0.102500 -0.110000 0.418286
v -0.105250 -0.114763 0.418286
v -0.110750 -0.114763 0.418286
v -0.111289 -0.110000 0.432311
v -0.108908 -0.105237 0.429973
v -0.104145 -0.105237 0.425298
v -0.101763 -0.110000 0.422961
v -0.104145 -0.114763 0.425298
v -0.108908 -0.114763 0.429973
v -0.105250 -0.110000 0.442578
v -0.103875 -0.105237 0.438529
v -0.101125 -0.105237 0.430432
v -0.099750 -0.110000 0.426383
v -0.101125 -0.114763 0.430432
v -0.103875 -0.114763 0.438529
v -0.097000 -0.110000 0.446336
v -0.097000 -0.105237 0.441661
v -0.097000 -0.105237 0.432311
v -0.097000 -0.110000 0.427636
v -0.097000 -0.114763 0.432311
v -0.097000 -0.114763 0.441661
v -0.088750 -0.110000 0.442578
v -0.090125 -0.105237 0.438529
v -0.092875 -0.105237 0.430432
v -0.094250 -0.110000 0.426383
v -0.092875 -0.114763 0.430432
v -0.090125 -0.114763 0.438529
v -0.082711 -0.110000 0.432311
v -0.085092 -0.105237 0.429973
v -0.089855 -0.105237 0.425298
v -0.092237 -0.110000 0.422961
v -0.089855 -0.114763 0.425298
v -0.085092 -0.114763 0.429973
v -0.080500 -0.110000 0.418286
v -0.083250 -0.105237 0.418286
v -0.088750 -0.105237 0.418286
v -0.091500 -0.110000 0.418286
v -0.088750 -0.114763 0.418286
v -0.083250 -0.114763 0.418286
v -0.082711 -0.110000 0.404261
v -0.085092 -0.105237 0.406598
v -0.089855 -0.105237 0.411273
v -0.092237 -0.110000 0.413611
v -0.089855 -0.114763 0.411273
v -0.085092 -0.114763 0.406598
v -0.088750 -0.110000 0.393994
v -0.090125 -0.105237 0.398042
v -0.092875 -0.105237 0.406140
v -0.094250 -0.110000 0.410188
v -0.092875 -0.114763 0.406140
v -0.090125 -0.114763 0.398042
v -0.097000 -0.110000 0.360664
v -0.101763 -0.110000 0.365339
v -0.101763 -0.110000 0.374689
v -0.097000 -0.110000 0.379364
v -0.092237 -0.110000 0.374689
v -0.092237 -0.110000 0.365339
v -0.097000 -0.118250 0.364422
v -0.101763 -0.116875 0.368471
v -0.101763 -0.114125 0.376568
v -0.097000 -0.112750 0.380617
v -0.092237 -0.114125 0.376568
v -0.092237 -0.116875 0.368471
v -0.097000 -0.124289 0.374689
v -0.101763 -0.121908 0.377027
v -0.101763 -0.117145 0.381702
v -0.097000 -0.114763 0.384039
v -0.092237 -0.117145 0.381702
v -0.092237 -0.121908 0.377027
v -0.097000 -0.126500 0.388714
v -0.101763 -0.123750 0.388714
v -0.101763 -0.118250 0.388714
v -0.097000 -0.115500 0.388714
v -0.092237 -0.118250 0.388714
v -0.092237 -0.123750 0.388714
v -0.097000 -0.124289 0.402739
v -0.101763 -0.121908 0.400402
v -0.101763 -0.117145 0.395727
v -0.097000 -0.114763 0.393389
v -0.092237 -0.117145 0.395727
v -0.092237 -0.121908 0.400402
v -0.097000 -0.118250 0.413006
v -0.101763 -0.116875 0.408958
v -0.101763 -0.114125 0.400860
v -0.097000 -0.112750 0.396812
v -0.092237 -0.114125 0.400860
v -0.092237 -0.116875 0.408958
v -0.097000 -0.110000 0.416764
v -0.101763 -0.110000 0.412089
v -0.101763 -0.110000 0.402739
v -0.097000 -0.110000 0.398064
v -0.092237 -0.110000 0.402739
v -0.092237 -0.110000 0.412089
v -0.097000 -0.101750 0.413006
v -0.101763 -0.103125 0.408958
v -0.101763 -0.105875 0.400860
v -0.097000 -0.107250 0.396812
v -0.092237 -0.105875 0.400860
v -0.092237 -0.103125 0.408958
v -0.097000 -0.095711 0.402739
v -0.101763 -0.098092 0.400402
v -0.101763 -0.102855 0.395727
v -0.097000 -0.105237 0.393389
v -0.092237 -0.102855 0.395727
v -0.092237 -0.098092 0.400402
v -0.097000 -0.093500 0.388714
v -0.101763 -0.096250 0.388714
v -0.101763 -0.101750 0.388714
v -0.097000 -0.104500 0.388714
v -0.092237 -0.101750 0.388714
v -0.092237 -0.096250 0.388714
v -0.097000 -0.095711 0.374689
v -0.101763 -0.098092 0.377027
v -0.101763 -0.102855 0.381702
v -0.097000 -0.105237 0.384039
v -0.092237 -0.102855 0.381702
v -0.092237 -0.098092 0.377027
v -0.097000 -0.101750 0.364422
v -0.101763 -0.103125 0.368471
v -0.101763 -0.105875 0.376568
v -0.097000 -0.107250 0.380617
v -0.092237 -0.105875 0.376568
v -0.092237 -0.103125 0.368471
v -0.097000 -0.110000 0.331093
v -0.097000 -0.105237 0.335768
v -0.097000 -0.105237 0.345118
v -0.097000 -0.110000 0.349793
v -0.097000 -0.114763 0.345118
v -0.097000 -0.114763 0.335768
v -0.105250 -0.110000 0.334851
v -0.103875 -0.105237 0.338900
v -0.101125 -0.105237 0.346997
v -0.099750 -0.110000 0.351046
v -0.101125 -0.114763 0.346997
v -0.103875 -0.114763 0.338900
v -0.111289 -0.110000 0.345118
v -0.108908 -0.105237 0.347455
v -0.104145 -0.105237 0.352130
v -0.101763 -0.110000 0.354468
v -0.104145 -0.114763 0.352130
v -0.108908 -0.114763 0.347455
v -0.113500 -0.110000 0.359143
v -0.110750 -0.105237 0.359143
v -0.105250 -0.105237 0.359143
v -0.102500 -0.110000 0.359143
v -0.105250 -0.114763 0.359143
v -0.110750 -0.114763 0.359143
v -0.111289 -0.110000 0.373168
v -0.108908 -0.105237 0.370830
v -0.104145 -0.105237 0.366155
v -0.101763 -0.110000 0.363818
v -0.104145 -0.114763 0.366155
v -0.108908 -0.114763 0.370830
v -0.105250 -0.110000 0.383435
v -0.103875 -0.105237 0.379386
v -0.101125 -0.105237 0.371289
v -0.099750 -0.110000 0.367240
v -0.101125 -0.114763 0.371289
v -0.103875 -0.114763 0.379386
v -0.097000 -0.110000 0.387193
v -0.097000 -0.105237 0.382518
v -0.097000 -0.105237 0.373168
v -0.097000 -0.110000 0.368493
v -0.097000 -0.114763 0.373168
v -0.097000 -0.114763 0.382518
v -0.088750 -0.110000 0.383435
v -0.090125 -0.105237 0.379386
v -0.092875 -0.105237 0.371289
v -0.094250 -0.110000 0.367240
v -0.092875 -0.114763 0.371289
v -0.090125 -0.114763 0.379386
v -0.082711 -0.110000 0.373168
v -0.085092 -0.105237 0.370830
v -0.089855 -0.105237 0.366155
v -0.092237 -0.110000 0.363818
v -0.089855 -0.114763 0.366155
v -0.085092 -0.114763 0.370830
v -0.080500 -0.110000 0.359143
v -0.083250 -0.105237 0.359143
v -0.088750 -0.105237 0.359143
v -0.091500 -0.110000 0.359143
v -0.088750 -0.114763 0.359143
v -0.083250 -0.114763 0.359143
v -0.082711 -0.110000 0.345118
v -0.085092 -0.105237 0.347455
v -0.089855 -0.105237 0.352130
v -0.092237 -0.110000 0.354468
v -0.089855 -0.114763 0.352130
v -0.085092 -0.114763 0.347455
v -0.088750 -0.110000 0.334851
v -0.090125 -0.105237 0.338900
v -0.092875 -0.105237 0.346997
v -0.094250 -0.110000 0.351046
v -0.092875 -0.114763 0.346997
v -0.090125 -0.114763 0.338900
v -0.097000 -0.110000 0.301521
v -0.101763 -0.110000 0.306196
v -0.101763 -0.110000 0.315546
v -0.097000 -0.110000 0.320221
v -0.092237 -0.110000 0.315546
v -0.092237 -0.110000 0.306196
v -0.097000 -0.118250 0.305279
v -0.101763 -0.116875 0.309328
v -0.101763 -0.114125 0.317425
v -0.097000 -0.112750 0.321474
v -0.092237 -0.114125 0.317425
v -0.092237 -0.116875 0.309328
v -0.097000 -0.124289 0.315546
v -0.101763 -0.121908 0.317884
v -0.101763 -0.117145 0.322559
v -0.097000 -0.114763 0.324896
v -0.092237 -0.117145 0.322559
v -0.092237 -0.121908 0.317884
v -0.097000 -0.126500 0.329571
v -0.101763 -0.123750 0.329571
v -0.101763 -0.118250 0.329571
v -0.097000 -0.115500 0.329571
v -0.092237 -0.118250 0.329571
v -0.092237 -0.123750 0.329571
v -0.097000 -0.124289 0.343596
v -0.101763 -0.121908 0.341259
v -0.101763 -0.117145 0.336584
v -0.097000 -0.114763 0.334246
v -0.092237 -0.117145 0.336584
v -0.092237 -0.121908 0.341259
v -0.097000 -0.118250 0.353863
v -0.101763 -0.116875 0.349815
v -0.101763 -0.114125 0.341717
v -0.097000 -0.112750 0.337669
v -0.092237 -0.114125 0.341717
v -0.092237 -0.116875 0.349815
v -0.097000 -0.110000 0.357621
v -0.101763 -0.110000 0.352946
v -0.101763 -0.110000 0.343596
v -0.097000 -0.110000 0.338921
v -0.092237 -0.110000 0.343596
v -0.092237 -0.110000 0.352946
v -0.097000 -0.101750 0.353863
v -0.101763 -0.103125 0.349815
v -0.101763 -0.105875 0.341717
v -0.097000 -0.107250 0.337669
v -0.092237 -0.105875 0.341717
v -0.092237 -0.103125 0.349815
v -0.097000 -0.095711 0.343596
v -0.101763 -0.098092 0.341259
v -0.101763 -0.102855 0.336584
v -0.097000 -0.105237 0.334246
v -0.092237 -0.102855 0.336584
v -0.092237 -0.098092 0.341259
v -0.097000 -0.093500 0.329571
v -0.101763 -0.096250 0.329571
v -0.101763 -0.101750 0.329571
v -0.097000 -0.104500 0.329571
v -0.092237 -0.101750 0.329571
v -0.092237 -0.096250 0.329571
v -0.097000 -0.095711 0.315546
v -0.101763 -0.098092 0.317884
v -0.101763 -0.102855 0.322559
v -0.097000 -0.105237 0.324896
v -0.092237 -0.102855 0.322559
v -0.092237 -0.098092 0.317884
v -0.097000 -0.101750 0.305279
v -0.101763 -0.103125 0.309328
v -0.101763 -0.105875 0.317425
v -0.097000 -0.107250 0.321474
v -0.092237 -0.105875 0.317425
v -0.092237 -0.103125 0.309328
v -0.103922 -0.210000 0.452000
v -0.103922 -0.216928 0.456000
v -0.103922 -0.216928 0.464000
v -0.103922 -0.210000 0.468000
v -0.103922 -0.203072 0.464000
v -0.103922 -0.203072 0.456000
v -0.123922 -0.210000 0.457000
v -0.123922 -0.212598 0.458500
v -0.123922 -0.212598 0.461500
v -0.123922 -0.210000 0.463000
v -0.123922 -0.207402 0.461500
v -0.123922 -0.207402 0.458500
v -0.103922 -0.210000 0.460000
v -0.123922 -0.210000 0.460000
v -0.099732 -0.210000 0.392000
v -0.099732 -0.216928 0.396000
v -0.099732 -0.216928 0.404000
v -0.099732 -0.210000 0.408000
v -0.099732 -0.203072 0.404000
v -0.099732 -0.203072 0.396000
v -0.119732 -0.210000 0.397000
v -0.119732 -0.212598 0.398500
v -0.119732 -0.212598 0.401500
v -0.119732 -0.210000 0.403000
v -0.119732 -0.207402 0.401500
v -0.119732 -0.207402 0.398500
v -0.099732 -0.210000 0.400000
v -0.119732 -0.210000 0.400000
v -0.095541 -0.210000 0.332000
v -0.095541 -0.216928 0.336000
v -0.095541 -0.216928 0.344000
v -0.095541 -0.210000 0.348000
v -0.095541 -0.203072 0.344000
v -0.095541 -0.203072 0.336000
v -0.115541 -0.210000 0.337000
v -0.115541 -0.212598 0.338500
v -0.115541 -0.212598 0.341500
v -0.115541 -0.210000 0.343000
v -0.115541 -0.207402 0.341500
v -0.115541 -0.207402 0.338500
v -0.095541 -0.210000 0.340000
v -0.115541 -0.210000 0.340000
v -0.091350 -0.210000 0.272000
v -0.091350 -0.216928 0.276000
v -0.091350 -0.216928 0.284000
v -0.091350 -0.210000 0.288000
v -0.091350 -0.203072 0.284000
v -0.091350 -0.203072 0.276000
v -0.111350 -0.210000 0.277000
v -0.111350 -0.212598 0.278500
v -0.111350 -0.212598 0.281500
v -0.111350 -0.210000 0.283000
v -0.111350 -0.207402 0.281500
v -0.111350 -0.207402 0.278500
v -0.091350 -0.210000 0.280000
v -0.111350 -0.210000 0.280000
v -0.096445 0.060000 0.452000
v -0.096445 0.053072 0.456000
v -0.096445 0.053072 0.464000
v -0.096445 0.060000 0.468000
v -0.096445 0.066928 0.464000
v -0.096445 0.066928 0.456000
v -0.116445 0.060000 0.457000
v -0.116445 0.057402 0.458500
v -0.116445 0.057402 0.461500
v -0.116445 0.060000 0.463000
v -0.116445 0.062598 0.461500
v -0.116445 0.062598 0.458500
v -0.096445 0.060000 0.460000
v -0.116445 0.060000 0.460000
v -0.083811 0.060000 0.272000
v -0.083811 0.053072 0.276000
v -0.083811 0.053072 0.284000
v -0.083811 0.060000 0.288000
v -0.083811 0.066928 0.284000
v -0.083811 0.066928 0.276000
v -0.103811 0.060000 0.277000
v -0.103811 0.057402 0.278500
v -0.103811 0.057402 0.281500
v -0.103811 0.060000 0.283000
v -0.103811 0.062598 0.281500
v -0.103811 0.062598 0.278500
v -0.083811 0.060000 0.280000
v -0.103811 0.060000 0.280000
v 0.103923 -0.210000 0.452000
v 0.103923 -0.203072 0.456000
v 0.103923 -0.203072 0.464000
v 0.103923 -0.210000 0.468000
v 0.103923 -0.216928 0.464000
v 0.103923 -0.216928 0.456000
v 0.123923 -0.210000 0.457000
v 0.123923 -0.207402 0.458500
v 0.123923 -0.207402 0.461500
v 0.123923 -0.210000 0.463000
v 0.123923 -0.212598 0.461500
v 0.123923 -0.212598 0.458500
v 0.103923 -0.210000 0.460000
v 0.123923 -0.210000 0.460000
v 0.099942 -0.210000 0.392000
v 0.099942 -0.203072 0.396000
v 0.099942 -0.203072 0.404000
v 0.099942 -0.210000 0.408000
v 0.099942 -0.216928 0.404000
v 0.099942 -0.216928 0.396000
v 0.119942 -0.210000 0.397000
v 0.119942 -0.207402 0.398500
v 0.119942 -0.207402 0.401500
v 0.119942 -0.210000 0.403000
v 0.119942 -0.212598 0.401500
v 0.119942 -0.212598 0.398500
v 0.099942 -0.210000 0.400000
v 0.119942 -0.210000 0.400000
v 0.095894 -0.210000 0.332000
v 0.095894 -0.203072 0.336000
v 0.095894 -0.203072 0.344000
v 0.095894 -0.210000 0.348000
v 0.095894 -0.216928 0.344000
v 0.095894 -0.216928 0.336000
v 0.115894 -0.210000 0.337000
v 0.115894 -0.207402 0.338500
v 0.115894 -0.207402 0.341500
v 0.115894 -0.210000 0.343000
v 0.115894 -0.212598 0.341500
v 0.115894 -0.212598 0.338500
v 0.095894 -0.210000 0.340000
v 0.115894 -0.210000 0.340000
v 0.091846 -0.210000 0.272000
v 0.091846 -0.203072 0.276000
v 0.091846 -0.203072 0.284000
v 0.091846 -0.210000 0.288000
v 0.091846 -0.216928 0.284000
v 0.091846 -0.216928 0.276000
v 0.111846 -0.210000 0.277000
v 0.111846 -0.207402 0.278500
v 0.111846 -0.207402 0.281500
v 0.111846 -0.210000 0.283000
v 0.111846 -0.212598 0.281500
v 0.111846 -0.212598 0.278500
v 0.091846 -0.210000 0.280000
v 0.111846 -0.210000 0.280000
v 0.083812 0.060000 0.452000
v 0.083812 0.066928 0.456000
v 0.083812 0.066928 0.464000
v 0.083812 0.060000 0.468000
v 0.083812 0.053072 0.464000
v 0.083812 0.053072 0.456000
v 0.103812 0.060000 0.457000
v 0.103812 0.062598 0.458500
v 0.103812 0.062598 0.461500
v 0.103812 0.060000 0.463000
v 0.103812 0.057402 0.461500
v 0.103812 0.057402 0.458500
v 0.083812 0.060000 0.460000
v 0.103812 0.060000 0.460000
v 0.083812 0.060000 0.272000
v 0.083812 0.066928 0.276000
v 0.083812 0.066928 0.284000
v 0.083812 0.060000 0.288000
v 0.083812 0.053072 0.284000
v 0.083812 0.053072 0.276000
v 0.103812 0.060000 0.277000
v 0.103812 0.062598 0.278500
v 0.103812 0.062598 0.281500
v 0.103812 0.060000 0.283000
v 0.103812 0.057402 0.281500
v 0.103812 0.057402 0.278500
v 0.083812 0.060000 0.280000
v 0.103812 0.060000 0.280000
vn 0.6012 0.5220 -0.6051
vn 0.4442 0.6925 -0.5685
vn 0.6011 0.5220 -0.6051
vn 0.7207 0.3308 -0.6092
vn 0.2877 0.7478 -0.5983
vn 0.2876 0.7478 -0.5984
vn 0.0004 0.7930 -0.6092
vn -0.2876 0.7478 -0.5984
vn -0.2877 0.7478 -0.5983
vn 0.0005 0.7930 -0.6093
vn 0.0003 0.7930 -0.6092
vn 0.2877 0.7478 -0.5984
vn -0.4442 0.6925 -0.5685
vn -0.6011 0.5220 -0.6052
vn -0.6011 0.5220 -0.6051
vn -0.7207 0.3308 -0.6093
vn 0.0005 0.0005 -1.0000
vn 0.0005 0.0024 -1.0000
vn 0.0005 0.0025 -1.0000
vn -0.0005 0.0230 -0.9997
vn -0.0000 0.0229 -0.9997
vn -0.0003 0.0230 -0.9997
vn -0.0007 0.0230 -0.9997
vn -0.0005 0.0025 -1.0000
vn -0.0005 0.0005 -1.0000
vn 0.0005 -0.0004 1.0000
vn 0.0005 0.4998 0.8661
vn 0.0003 0.4999 0.8661
vn 0.0005 0.8661 0.4998
vn 0.7208 0.3308 -0.6092
vn 0.6012 0.5220 -0.6050
vn -0.7208 0.3308 -0.6092
vn -0.6012 0.5220 -0.6050
vn 0.0004 -0.0485 0.9988
vn 0.0006 -0.0482 0.9988
vn -0.0000 -0.0489 0.9988
vn 0.0005 -0.4997 0.8662
vn 0.0005 -0.0005 1.0000
vn 0.5663 0.4119 0.7139
vn 0.5674 -0.0005 0.8235
vn 0.5674 0.0006 0.8235
vn -0.0005 -0.0005 1.0000
vn 0.0005 -0.0142 0.9999
vn -0.0000 -0.0513 0.9987
vn 0.0004 -0.5134 0.8581
vn 0.0003 -0.5135 0.8581
vn -0.0000 -0.8448 0.5351
vn -0.0005 -0.8448 0.5351
vn -0.0005 -0.8394 0.5435
vn -0.0000 -0.8394 0.5435
vn 0.0005 -0.4998 0.8661
vn 0.0006 -0.0033 1.0000
vn 0.0004 -0.0035 1.0000
vn 0.0005 0.8661 0.4999
vn -0.0000 0.9659 0.2588
vn 0.0005 0.8662 0.4997
vn 0.0005 0.4996 0.8662
vn -0.0000 0.5000 0.8660
vn 0.0004 0.4998 0.8661
vn 0.0005 0.8718 0.4898
vn 0.0005 0.8718 0.4899
vn 0.0005 0.9660 0.2585
vn 0.5537 0.6622 0.5049
vn 0.5477 0.7294 0.4099
vn 0.5537 0.6622 0.5048
vn 0.5537 0.6623 0.5048
vn -0.0005 -0.4998 0.8661
vn -0.0000 -0.5137 0.8580
vn 0.0005 -0.0513 0.9987
vn -0.0000 -0.0142 0.9999
vn -0.0005 -0.4997 0.8662
vn 0.5663 0.4120 0.7138
vn 0.0015 -0.2351 -0.9720
vn -0.0005 0.2877 -0.9577
vn -0.0015 -0.2351 -0.9720
vn -0.0013 -0.2351 -0.9720
vn 0.7176 -0.3580 0.5974
vn 0.7089 -0.0230 0.7050
vn 0.7176 -0.3581 0.5974
vn 0.6581 -0.6473 0.3845
vn 0.6582 -0.6473 0.3845
vn 0.7089 -0.0229 0.7050
vn 0.6985 0.1021 0.7083
vn 0.6150 -0.6795 0.4001
vn 0.6580 -0.6474 0.3845
vn 0.5665 -0.4180 0.7102
vn 0.5665 -0.4178 0.7103
vn 0.5674 -0.0006 0.8235
vn 0.5665 -0.4179 0.7102
vn 0.5674 0.0003 0.8234
vn -0.7176 -0.3580 0.5974
vn -0.7089 -0.0230 0.7050
vn -0.6985 0.1021 0.7083
vn -0.7176 -0.3581 0.5974
vn -0.7109 -0.5770 0.4021
vn -0.7073 -0.6231 0.3338
vn -0.7098 -0.5984 0.3717
vn -0.7196 0.3473 0.6013
vn -0.7041 0.6308 0.3261
vn 0.6776 0.1335 0.7232
vn 0.6813 0.1832 0.7087
vn 0.6813 0.1831 0.7087
vn 0.6985 0.1022 0.7083
vn -0.6776 0.1335 0.7232
vn -0.6813 0.1832 0.7087
vn -0.6813 0.1831 0.7087
vn -0.6985 0.1022 0.7083
vn 0.0005 0.5009 0.8655
vn -0.0000 0.5010 0.8654
vn -0.7192 -0.0005 0.6948
vn -0.7196 0.3472 0.6014
vn -0.7041 0.6308 0.3259
vn -0.7042 0.6308 0.3259
vn -0.6844 0.7001 0.2037
vn -0.3853 0.9228 -0.0005
vn -0.0456 0.9990 -0.0005
vn 0.3853 0.9228 -0.0005
vn 0.0456 0.9990 0.0005
vn 0.0005 1.0000 0.0005
vn 0.0454 0.9990 0.0005
vn -0.0454 0.9990 -0.0005
vn -0.0005 -0.8394 0.5436
vn -0.0004 -0.9660 0.2586
vn -0.0005 -0.9784 0.2066
vn -0.0005 -0.9660 0.2585
vn -0.0000 -0.9659 0.2588
vn -0.0006 -0.9660 0.2585
vn -0.0005 -0.9660 0.2584
vn 0.0005 -0.9784 0.2066
vn 0.6787 0.7344 -0.0005
vn 0.3855 0.9227 -0.0005
vn -0.6787 0.7344 0.0005
vn -0.3856 0.9227 -0.0005
vn -0.3855 0.9227 -0.0005
vn -0.7072 -0.6233 0.3339
vn -0.7074 -0.6231 0.3337
vn -0.7098 -0.5983 0.3718
vn -0.7195 -0.3492 0.6003
vn -0.0000 -0.8930 -0.4501
vn -0.0007 -0.8640 -0.5035
vn -0.0005 -0.8640 -0.5035
vn -0.0006 -0.8640 -0.5035
vn -0.0005 -0.8930 -0.4501
vn -0.0005 -1.0000 0.0005
vn -0.0003 -0.9848 0.1735
vn -0.0005 -0.9848 0.1735
vn -0.0005 -0.9894 0.1451
vn 0.0001 -0.9848 0.1735
vn 0.0005 -0.9894 0.1451
vn 0.0005 -0.9848 0.1735
vn -0.0000 -0.9848 0.1735
vn -0.0000 -0.6278 -0.7784
vn -0.0005 -0.7651 -0.6439
vn -0.0006 -0.6278 -0.7783
vn -0.0005 -0.7651 -0.6440
vn 0.0005 -0.9589 -0.2838
vn -0.0005 -0.9586 -0.2847
vn 0.0005 -0.9666 0.2563
vn 0.0005 -0.9666 0.2564
vn -0.0005 -0.9876 0.1568
vn -0.0005 -0.9878 0.1559
vn 0.0005 -0.9876 0.1569
vn -0.0004 -0.9703 -0.2417
vn -0.0005 -0.9704 -0.2417
vn 0.0005 -0.9112 -0.4119
vn -0.0005 -0.9113 -0.4118
vn 0.0005 -0.9948 -0.1021
vn -0.0005 -0.9948 -0.1021
vn -0.0002 -0.9962 0.0874
vn -0.0000 -0.9962 0.0871
vn -0.0003 -0.9962 0.0875
vn -0.0005 -0.9962 0.0875
vn -0.0004 -0.9962 0.0874
vn 0.0004 -0.9962 0.0874
vn 0.0005 -0.9962 0.0874
vn -0.0006 -0.9962 0.0875
vn 0.0009 -0.9961 0.0877
vn 0.0006 -0.9962 0.0875
vn -0.0005 -0.9962 0.0874
vn 0.0002 -0.9962 0.0874
vn -0.0001 -0.9962 0.0872
vn 0.0005 -0.9962 0.0875
vn 0.9936 -0.0005 -0.1129
vn 0.9936 0.0005 -0.1129
vn 1.0000 -0.0005 -0.0005
vn 0.7753 -0.0015 -0.6316
vn 0.9239 -0.0003 -0.3826
vn 0.9936 -0.0000 -0.1131
vn 0.7752 -0.0022 -0.6317
vn 0.3786 -0.0034 -0.9256
vn 0.3785 -0.0034 -0.9256
vn 0.5303 0.0003 0.8478
vn 0.5302 0.0005 0.8479
vn 0.5303 0.0004 0.8478
vn 0.5302 0.0005 0.8478
vn 0.5304 -0.0000 0.8477
vn 0.5305 -0.0000 0.8477
vn 0.5304 0.0003 0.8478
vn -0.9936 0.0005 -0.1130
vn -0.7753 -0.0015 -0.6316
vn -0.9936 0.0005 -0.1131
vn -0.9239 -0.0002 -0.3826
vn -0.3785 -0.0034 -0.9256
vn -0.9936 0.0005 -0.1129
vn -1.0000 0.0005 0.0005
vn 0.0006 0.9660 0.2584
vn 0.0005 0.8662 0.4996
vn 0.3305 0.9438 -0.0016
vn 0.8968 0.4425 -0.0005
vn 0.8965 0.4431 -0.0005
vn -0.3305 0.9438 -0.0015
vn -0.0005 -0.0152 -0.9999
vn -0.0000 -0.0152 -0.9999
vn -0.0003 -0.3826 -0.9239
vn -0.0005 -0.3826 -0.9239
vn -0.0005 -0.7316 -0.6817
vn -0.0005 -0.7316 -0.6818
vn -0.0005 -0.8432 -0.5376
vn -0.0000 -0.3827 -0.9239
vn -0.0005 -0.9403 -0.3405
vn 0.0005 -0.7316 -0.6817
vn -0.0005 -0.9403 -0.3404
vn 0.0005 -0.7316 -0.6818
vn 0.0005 -0.8432 -0.5376
vn -0.0000 -0.9402 -0.3405
vn 0.0005 -0.9403 -0.3404
vn -0.0005 -0.9999 -0.0162
vn -0.0000 -0.9999 -0.0162
vn -0.0000 -0.9999 -0.0161
vn -0.0000 -0.9808 -0.1951
vn -0.0002 -1.0000 0.0002
vn -0.0005 -0.9999 -0.0161
vn -0.0006 -0.9808 -0.1950
vn 0.6150 -0.6795 0.4000
vn 0.6581 -0.6474 0.3845
vn -0.6827 -0.6906 -0.2388
vn -0.6827 -0.6905 -0.2388
vn -0.5933 -0.8045 -0.0277
vn 0.6827 -0.6905 -0.2389
vn 0.5934 -0.8044 -0.0279
vn 0.7127 -0.6903 -0.1246
vn 0.7128 -0.6902 -0.1246
vn 0.7175 -0.6921 0.0786
vn 0.7095 -0.6929 0.1285
vn 0.7095 -0.6929 0.1284
vn -0.7090 -0.6924 0.1334
vn -0.5289 -0.6702 -0.5207
vn -0.7177 -0.6913 0.0836
vn -0.7177 -0.6913 0.0835
vn -0.7127 -0.6903 -0.1246
vn -0.7128 -0.6903 -0.1246
vn -0.6827 -0.6905 -0.2390
vn -0.9090 0.4167 0.0003
vn -0.8968 0.4425 0.0005
vn -0.8965 0.4431 -0.0000
vn 0.9090 0.4167 -0.0003
vn 0.8969 0.4423 -0.0005
vn -0.8969 0.4423 0.0005
vn -0.0005 -0.9416 -0.3367
vn 0.3230 -0.8907 -0.3200
vn -0.0005 -0.8222 -0.5692
vn 0.3189 -0.9314 -0.1753
vn 0.6091 -0.7790 -0.1490
vn -0.0005 -0.9831 -0.1832
vn 0.6149 -0.7409 -0.2701
vn -0.3189 -0.9314 -0.1753
vn 0.3192 -0.7767 -0.5430
vn 0.6104 -0.6436 -0.4618
vn -0.3229 -0.8907 -0.3200
vn -0.6091 -0.7790 -0.1490
vn -0.6149 -0.7409 -0.2701
vn -0.9021 -0.4235 -0.0825
vn -0.3192 -0.7767 -0.5430
vn -0.0005 -0.6482 -0.7615
vn -0.9048 -0.3993 -0.1481
vn -1.0000 -0.0054 -0.0015
vn -0.6104 -0.6436 -0.4618
vn -0.9999 -0.0103 -0.0044
vn -0.9999 -0.0083 -0.0064
vn -0.9031 -0.3453 -0.2554
vn -0.9999 -0.0064 -0.0093
vn -0.9062 -0.2584 -0.3346
vn -0.6178 -0.4938 -0.6120
vn -0.6190 -0.3835 -0.6854
vn -0.9065 -0.1999 -0.3719
vn -1.0000 -0.0025 -0.0054
vn -1.0000 0.0002 0.0002
vn -0.3248 -0.6071 -0.7253
vn -0.3258 -0.4753 -0.8173
vn -0.0005 -0.5096 -0.8604
vn 0.3258 -0.4753 -0.8173
vn 0.3248 -0.6071 -0.7253
vn 0.6190 -0.3835 -0.6854
vn 0.6178 -0.4938 -0.6120
vn 0.9062 -0.2584 -0.3347
vn 0.9031 -0.3453 -0.2554
vn 0.5007 -0.4968 0.7088
vn 0.5711 -0.5047 0.6474
vn 0.3063 -0.4763 0.8242
vn 0.0591 -0.4305 0.9006
vn 0.0592 -0.4305 0.9006
vn 0.0003 -0.4167 0.9091
vn -0.0000 -0.4167 0.9090
vn 0.0003 -0.4167 0.9090
vn 0.0006 -0.4167 0.9091
vn 0.0007 -0.4167 0.9091
vn -0.0591 -0.4305 0.9006
vn -0.0004 -0.4167 0.9091
vn -0.0003 -0.4167 0.9090
vn -0.3063 -0.4763 0.8242
vn -0.0592 -0.4305 0.9006
vn -0.5711 -0.5047 0.6474
vn -0.5007 -0.4968 0.7088
vn -0.3064 -0.4763 0.8242
vn -0.9298 -0.2741 0.2458
vn -0.9298 -0.2741 0.2457
vn -0.9119 -0.1968 0.3600
vn -0.9143 -0.4051 0.0005
vn -0.9120 -0.1968 0.3600
vn -0.9133 -0.2009 0.3543
vn -0.9133 -0.2008 0.3543
vn 0.0005 0.0005 1.0000
vn 0.0006 -0.0000 1.0000
vn 0.9560 -0.2887 0.0513
vn -0.9136 -0.1929 0.3579
vn -0.9136 -0.1928 0.3579
vn -0.8897 -0.0498 0.4538
vn -0.9187 -0.2174 0.3297
vn -0.9259 -0.3718 0.0669
vn -0.9292 -0.3671 -0.0425
vn -0.9292 -0.3671 -0.0426
vn -0.9367 -0.3037 -0.1743
vn 0.0006 0.8189 0.5739
vn 0.5621 -0.6890 -0.4576
vn 0.9476 0.0112 0.3191
vn -0.9560 -0.2887 0.0513
vn -0.9560 -0.2888 0.0513
vn 0.8441 0.5362 -0.0005
vn 0.6262 0.7797 -0.0005
vn 0.6262 0.7796 -0.0000
vn 0.6262 0.7797 -0.0000
vn 0.6261 0.7797 -0.0006
vn 0.3305 0.9438 -0.0015
vn 0.3306 0.9438 -0.0015
vn -0.9308 -0.0493 0.3621
vn -0.9308 -0.0494 0.3621
vn -0.9134 -0.2058 0.3511
vn -0.9149 0.1939 0.3541
vn -0.9140 0.1998 0.3531
vn -0.2401 -0.6047 0.7594
vn -0.6848 0.5684 0.4560
vn -0.8076 0.5897 0.0074
vn -0.9767 0.2145 0.0015
vn -0.9999 0.0112 0.0064
vn -1.0000 0.0025 0.0034
vn -0.5532 0.4809 0.6802
vn -0.4558 0.4558 0.7645
vn -0.6092 0.6092 0.5076
vn -0.7071 0.7071 0.0093
vn -0.7071 0.7071 0.0005
vn -0.8063 0.5915 0.0005
vn -0.9772 0.2125 0.0005
vn -0.7951 0.6065 0.0005
vn -0.7968 0.6043 0.0001
vn -0.7071 0.7071 -0.0000
vn -0.5712 -0.5047 0.6473
vn -0.6797 -0.5068 0.5302
vn -0.5008 -0.4968 0.7088
vn -0.8066 -0.4803 0.3446
vn 0.9914 0.1305 -0.0005
vn 0.9914 0.1305 0.0005
vn 0.8442 0.5361 -0.0005
vn 0.5712 -0.5047 0.6473
vn 0.5008 -0.4968 0.7088
vn 0.6798 -0.5068 0.5302
vn 0.8066 -0.4803 0.3446
vn -0.5732 -0.3572 0.7374
vn -0.5778 -0.0074 0.8162
vn -0.5731 -0.3573 0.7375
vn -0.7674 -0.4089 0.4938
vn -0.7674 -0.4089 0.4939
vn -0.5778 -0.0074 0.8161
vn -0.5779 -0.0000 0.8161
vn -0.5779 0.0001 0.8161
vn -0.5778 0.0008 0.8162
vn 0.0002 1.0000 0.0002
vn -0.0005 1.0000 -0.0005
vn -0.0005 0.9999 0.0132
vn 0.0005 0.6767 0.7362
vn 0.0054 0.6768 0.7362
vn 0.0069 0.8264 0.5631
vn 0.0074 0.8262 0.5633
vn 0.0073 0.8261 0.5634
vn 0.0073 0.8262 0.5633
vn 0.0073 0.8950 0.4459
vn 0.0073 0.9708 0.2399
vn 0.0005 1.0000 0.0094
vn 0.0073 0.8951 0.4458
vn 0.0005 1.0000 0.0093
vn -0.9147 0.2085 0.3462
vn -0.9147 0.2086 0.3462
vn -0.9005 0.3825 0.2067
vn -0.9181 0.2125 0.3346
vn -0.9181 0.2125 0.3347
vn -0.9298 0.3591 0.0806
vn -0.9150 0.3835 0.1255
vn -0.9149 0.3834 0.1266
vn -0.8596 0.3598 0.3628
vn 0.0005 0.8262 0.5633
vn 0.0005 0.6767 0.7363
vn -0.0073 0.8262 0.5633
vn -0.0054 0.6768 0.7362
vn -0.0073 0.8950 0.4459
vn -0.0073 0.9708 0.2399
vn -0.0073 0.8951 0.4458
vn -0.0005 0.9999 0.0133
vn -0.0000 0.9999 0.0132
vn 0.6899 -0.2095 0.6929
vn 0.2584 -0.0777 0.9629
vn -0.0005 -0.4997 -0.8662
vn -0.0005 -0.0005 -1.0000
vn -0.0000 -0.0005 -1.0000
vn -0.0000 -0.4997 -0.8662
vn -0.0000 -0.0006 -1.0000
vn -0.0005 -0.4996 -0.8662
vn -0.0005 -0.0006 -1.0000
vn -0.0000 -0.4996 -0.8662
vn 0.0005 0.4997 -0.8662
vn -0.0000 0.4997 -0.8662
vn -0.0000 0.4996 -0.8662
vn -0.0005 -0.0003 -1.0000
vn 0.0005 0.4996 -0.8662
vn -0.0000 -0.0003 -1.0000
vn 0.9915 0.1304 0.0005
vn 0.9915 0.1304 -0.0005
vn 0.9991 -0.0415 -0.0005
vn -0.9177 0.3972 -0.0005
vn -0.6382 0.7698 0.0005
vn 0.9571 -0.2897 -0.0005
vn 0.9991 -0.0416 -0.0005
vn 0.9915 0.1305 -0.0005
vn 0.7075 -0.0005 0.7067
vn 0.7075 0.0005 0.7067
vn 0.3834 0.0005 0.9236
vn 0.3833 0.0004 0.9236
vn 0.0386 0.0005 0.9993
vn 0.0386 -0.0000 0.9993
vn -0.7075 0.0005 0.7067
vn -0.7075 -0.0000 0.7067
vn -0.3834 0.0005 0.9236
vn -0.3833 -0.0000 0.9236
vn -0.0386 0.0005 0.9993
vn -0.3833 0.0005 0.9236
vn -0.0386 -0.0005 0.9993
vn 0.0005 -0.4790 0.8778
vn 0.0005 -0.0552 0.9985
vn 0.0002 0.0002 1.0000
vn 0.7149 0.6992 0.0004
vn 0.7152 0.6990 -0.0001
vn 0.7150 0.6992 0.0004
vn 0.7149 0.6993 0.0005
vn -0.7071 -0.7071 0.0005
vn -0.0005 -1.0000 -0.0005
vn 0.7071 -0.7071 -0.0003
vn 0.7071 -0.7071 -0.0000
vn -0.7071 0.7071 0.0004
vn 0.7071 0.7071 -0.0000
vn -1.0000 -0.0005 0.0005
vn 0.9870 -0.1607 -0.0015
vn 0.7086 -0.7056 0.0005
vn 0.9870 -0.1608 -0.0015
vn 0.7086 -0.7056 -0.0005
vn 0.9991 -0.0425 -0.0024
vn 1.0000 -0.0044 -0.0005
vn 1.0000 0.0005 0.0005
vn -0.2525 0.0005 -0.9676
vn -0.2524 0.6842 -0.6842
vn -0.2526 0.9676 0.0004
vn -0.2525 0.9676 0.0005
vn -0.2524 0.6842 0.6842
vn -0.2525 -0.0004 0.9676
vn -0.2530 0.0001 0.9675
vn -0.2525 -0.6842 0.6842
vn -0.2530 -0.6840 0.6842
vn -0.2526 -0.9676 0.0004
vn -0.2526 -0.9676 -0.0004
vn -0.2523 -0.6842 -0.6842
vn -0.2530 -0.6841 -0.6841
vn -0.2525 0.0004 -0.9676
vn -0.2525 0.0003 -0.9676
vn 0.9048 -0.3993 -0.1481
vn 0.9999 -0.0103 -0.0034
vn 1.0000 -0.0054 -0.0015
vn 0.9021 -0.4235 -0.0825
vn 0.9999 -0.0083 -0.0064
vn -1.0000 -0.0002 0.0002
vn -0.9999 -0.0015 -0.0103
vn 0.9905 -0.0005 0.1373
vn 0.8067 -0.4802 0.3444
vn 0.7159 -0.5067 0.4803
vn 0.8851 -0.4360 0.1626
vn 0.6798 -0.5067 0.5302
vn 0.8465 -0.4449 0.2925
vn 0.8464 -0.4449 0.2926
vn 0.8921 -0.4380 0.1109
vn 0.8464 -0.4450 0.2926
vn 0.8921 -0.4380 0.1110
vn 1.0000 -0.0002 -0.0002
vn 1.0000 -0.0003 -0.0002
vn -0.0005 -0.8661 -0.4999
vn -0.0005 -0.4999 -0.8661
vn -0.0000 -0.4999 -0.8661
vn -0.0000 -0.8661 -0.4999
vn -0.0005 -0.4998 -0.8661
vn -0.0000 -0.4998 -0.8661
vn -0.0005 -0.8661 -0.4998
vn -0.0000 -0.8661 -0.4998
vn -0.0000 0.4998 -0.8661
vn -0.0000 0.8661 -0.4998
vn 0.0005 0.4998 -0.8661
vn 0.0005 0.8661 -0.4998
vn 0.0005 0.4999 -0.8661
vn -0.0000 0.4999 -0.8661
vn -0.0000 0.8661 -0.4999
vn 0.0005 0.8661 -0.4999
vn -0.9936 -0.0000 -0.1129
vn -0.9905 -0.0005 0.1373
vn -0.9905 0.0005 0.1373
vn -1.0000 0.0005 -0.0005
vn -1.0000 -0.0005 -0.0005
vn -1.0000 -0.0002 -0.0002
vn 0.5161 0.3648 -0.7749
vn 0.5708 0.5825 -0.5787
vn 0.5161 0.3648 -0.7750
vn 0.4226 0.0427 -0.9053
vn 0.4226 0.0425 -0.9053
vn 0.4107 -0.0445 -0.9107
vn 0.4147 -0.4324 -0.8007
vn 0.4148 -0.4323 -0.8007
vn 0.3983 -0.7393 -0.5429
vn 0.3893 -0.8103 -0.4381
vn 0.3699 -0.9192 -0.1354
vn 0.3699 -0.9192 -0.1353
vn 0.3991 -0.9169 -0.0044
vn 0.4030 -0.9150 0.0210
vn -0.9228 -0.3805 -0.0601
vn -0.9207 -0.3902 0.0004
vn -0.9228 -0.3806 -0.0601
vn -0.9166 -0.2261 -0.3296
vn -0.9228 -0.3805 0.0601
vn -0.9202 -0.1686 -0.3533
vn -0.9141 0.2028 -0.3512
vn -0.9228 -0.3806 0.0601
vn -0.9166 -0.2261 0.3296
vn -0.9202 -0.1686 0.3533
vn -0.9140 0.2028 0.3513
vn -0.9306 0.3512 -0.1031
vn -0.9173 0.3963 0.0386
vn -0.9186 0.1587 -0.3619
vn -0.9172 0.2331 0.3230
vn -0.9188 -0.1597 -0.3610
vn -0.9141 0.2027 0.3511
vn -0.9189 -0.1588 -0.3610
vn -0.9199 -0.2555 -0.2975
vn -0.9166 -0.3989 -0.0279
vn -0.9139 -0.4059 -0.0004
vn -0.9347 0.0103 0.3552
vn -0.9194 -0.1725 0.3534
vn -0.9194 0.1753 0.3520
vn -0.9304 -0.3541 0.0952
vn -0.9219 0.2448 0.3004
vn -0.9304 -0.3541 0.0953
vn -0.9168 -0.3980 -0.0337
vn -0.9161 0.4001 0.0259
vn -0.9167 -0.3981 -0.0337
vn -0.9140 0.4057 -0.0002
vn -0.9139 0.4059 -0.0005
vn -0.9174 -0.2322 -0.3231
vn -0.9141 -0.2027 -0.3511
vn -0.9139 -0.4059 0.0005
vn -0.9166 -0.3989 0.0279
vn -0.9199 -0.2555 0.2975
vn -0.9190 -0.1587 0.3610
vn -0.9188 -0.1597 0.3610
vn -0.9186 0.1587 0.3619
vn -0.9306 0.3512 0.1031
vn -0.9173 0.3963 -0.0386
vn -0.9172 0.2331 -0.3230
vn -0.9141 0.2027 -0.3511
vn -0.9167 -0.3981 0.0337
vn -0.9304 -0.3541 -0.0953
vn -0.9304 -0.3541 -0.0952
vn -0.9194 -0.1725 -0.3534
vn -0.9168 -0.3980 0.0337
vn -0.9347 0.0102 -0.3552
vn -0.9174 -0.2322 0.3231
vn -0.9194 0.1753 -0.3521
vn -0.9142 -0.2027 0.3511
vn -0.9219 0.2448 -0.3004
vn -0.9161 0.4001 -0.0259
vn -0.9139 0.4059 0.0005
vn -0.9772 0.2124 -0.0000
vn -0.9999 0.0112 0.0063
vn 0.9999 -0.0064 -0.0083
vn 1.0000 -0.0025 -0.0044
vn 0.9065 -0.1999 -0.3719
vn 1.0000 0.0005 -0.0005
vn 1.0000 -0.0002 0.0001
vn -0.5732 -0.3574 0.7374
vn -0.2846 0.2846 0.9154
vn -0.4557 0.4557 0.7646
vn -0.4557 0.4558 0.7646
vn 1.0000 -0.0000 -0.0005
vn 1.0000 -0.0006 -0.0005
vn 0.6084 -0.7936 -0.0000
vn 0.7085 -0.7057 -0.0005
vn 0.7085 -0.7057 0.0005
vn 0.6081 -0.7938 -0.0006
vn 1.0000 -0.0004 -0.0002
vn -0.0000 0.8661 0.4998
vn -0.0000 0.4998 0.8661
vn -0.9343 0.2672 0.2359
vn -0.9201 0.2096 0.3308
vn -0.9222 0.3856 0.0279
vn -0.9207 0.3903 -0.0004
vn -0.9110 0.2369 0.3375
vn -0.7928 0.5281 0.3043
vn -0.9207 0.3903 -0.0006
vn -0.9343 0.2672 -0.2359
vn -0.9222 0.3856 -0.0279
vn -0.9201 0.2096 -0.3308
vn -0.9110 0.2369 -0.3375
vn -0.9110 0.2370 -0.3375
vn -0.7929 0.5279 -0.3044
vn 0.7400 -0.6628 -0.1147
vn 0.7431 -0.6688 0.0218
vn 0.7484 -0.6633 -0.0005
vn 0.6970 -0.6373 -0.3287
vn 0.7484 -0.6633 -0.0000
vn 0.7412 -0.6659 0.0846
vn 0.7484 -0.6633 0.0005
vn 0.7482 -0.6603 0.0650
vn 0.6660 -0.6338 0.3934
vn 0.5507 -0.6728 0.4940
vn 0.6802 -0.6497 0.3393
vn -0.6382 0.7699 0.0005
vn -0.4941 0.8694 0.0015
vn -0.6381 0.7700 0.0005
vn -0.9178 0.3970 -0.0005
vn -0.9784 -0.2066 -0.0024
vn -0.9178 0.3971 -0.0005
vn -0.9688 -0.2477 -0.0005
vn -0.9655 -0.2603 -0.0054
vn -0.9655 -0.2603 -0.0055
vn -0.8642 -0.2790 -0.4186
vn -0.7890 -0.2604 -0.5564
vn -0.9641 -0.2654 -0.0034
vn -0.9784 -0.2067 -0.0025
vn -0.9655 -0.2603 -0.0005
vn -0.9562 -0.2926 -0.0000
vn -0.9562 -0.2927 -0.0000
vn -0.9562 -0.2927 -0.0005
vn 0.8916 -0.4529 -0.0005
vn 0.8916 -0.4529 0.0005
vn 0.9571 -0.2898 -0.0005
vn -0.0005 -0.9999 -0.0142
vn 0.0005 -0.9713 -0.2378
vn -0.0005 -0.9713 -0.2378
vn -0.0005 -0.8655 -0.5009
vn -0.0000 -0.8655 -0.5009
vn 0.0005 -1.0000 -0.0005
vn 0.0005 -0.8655 -0.5009
vn -0.0005 -0.8039 -0.5947
vn 0.0003 -0.9999 -0.0142
vn 0.0003 -1.0000 -0.0005
vn 0.0004 -1.0000 -0.0004
vn 0.0005 -0.9990 0.0454
vn 0.7868 -0.1919 -0.5866
vn 0.7868 -0.1920 -0.5866
vn 0.7869 -0.1920 -0.5865
vn 0.4663 -0.7661 0.4423
vn 0.4664 -0.8846 0.0004
vn 0.4663 -0.4423 0.7661
vn 0.4664 -0.8846 0.0003
vn 0.4663 -0.7661 -0.4423
vn 0.4606 -0.0054 0.8876
vn 0.4663 -0.4423 -0.7661
vn 0.4421 0.2340 0.8659
vn 0.4606 -0.0055 -0.8876
vn 0.4537 0.4449 0.7721
vn 0.4536 0.4450 0.7721
vn 0.4527 0.7721 0.4459
vn 0.4527 0.7721 0.4460
vn 0.4527 0.7722 0.4458
vn 0.4528 0.8916 -0.0004
vn 0.4529 0.8916 -0.0005
vn 0.4528 0.7721 -0.4459
vn 0.4525 0.7723 -0.4459
vn 0.4537 0.4449 -0.7721
vn 0.4421 0.2340 -0.8659
vn 0.4606 -0.0053 -0.8876
vn 0.0005 0.4997 0.8662
vn 0.0005 0.0074 1.0000
vn -0.0000 0.0074 1.0000
vn -0.0000 0.4997 0.8662
vn 0.9660 -0.2585 -0.0005
vn 0.9660 -0.2585 -0.0006
vn -0.5503 -0.6729 0.4944
vn -0.6660 -0.6338 0.3934
vn -0.7412 -0.6659 0.0846
vn -0.7482 -0.6603 0.0650
vn -0.6802 -0.6497 0.3393
vn -0.7484 -0.6633 -0.0000
vn -0.7484 -0.6633 -0.0005
vn -0.7484 -0.6633 -0.0006
vn -0.7765 -0.6250 -0.0806
vn -0.8115 -0.4921 -0.3151
vn -0.7857 -0.5113 -0.3481
vn 0.9661 -0.2583 -0.0000
vn 0.9660 -0.2585 -0.0002
vn -0.8851 -0.4360 0.1626
vn -0.8465 -0.4449 0.2925
vn -0.3991 -0.9169 -0.0044
vn -0.3699 -0.9192 -0.1353
vn 0.3892 -0.8103 -0.4381
vn -1.0000 0.0004 0.0004
vn -1.0000 0.0006 0.0006
vn 0.6900 -0.2095 0.6928
vn 0.9560 -0.2926 0.0201
vn 0.9562 -0.2927 -0.0000
vn 0.9562 -0.2927 -0.0005
vn 0.9562 -0.2927 -0.0064
vn 0.6900 -0.2095 -0.6928
vn 0.9562 -0.2927 -0.0003
vn 0.7071 -0.0005 0.7071
vn 0.7071 -0.0007 0.7071
vn 0.7071 -0.0000 0.7071
vn -0.7868 -0.1920 -0.5866
vn -0.7868 -0.1919 -0.5866
vn -0.7868 -0.1919 -0.5867
vn -0.4030 -0.9150 0.0210
vn -0.4335 -0.8182 0.3776
vn -0.4334 -0.8183 0.3777
vn -0.4264 -0.4323 0.7945
vn -0.4263 -0.4323 0.7946
vn -0.4664 -0.7663 -0.4419
vn -0.4663 -0.4423 -0.7661
vn -0.4663 -0.7661 -0.4423
vn -0.4664 -0.4419 -0.7663
vn -0.4606 -0.0055 -0.8876
vn -0.4664 -0.8846 0.0004
vn -0.4664 -0.8846 0.0003
vn -0.4663 -0.7661 0.4423
vn -0.4663 -0.4423 0.7661
vn -0.4606 -0.0054 0.8876
vn -0.4422 0.2340 0.8658
vn -0.4537 0.4450 0.7721
vn -0.4537 0.4449 0.7721
vn -0.4527 0.7721 0.4460
vn -0.4528 0.8916 -0.0004
vn -0.4527 0.7722 0.4458
vn -0.4524 0.7723 -0.4459
vn -0.4528 0.7721 -0.4459
vn -0.4537 0.4449 -0.7721
vn -0.4537 0.4450 -0.7721
vn -0.4424 0.2340 -0.8658
vn -0.4606 -0.0053 -0.8876
vn -0.4607 -0.0052 -0.8875
vn 0.4333 -0.8183 0.3777
vn 0.4030 -0.9150 0.0211
vn 0.4264 -0.4323 0.7945
vn 0.4264 -0.4323 0.7946
vn 0.9961 -0.0513 -0.0718
vn 0.6736 -0.6208 -0.4010
vn 0.6969 -0.6374 -0.3287
vn 0.7399 -0.6628 -0.1148
vn 0.8169 -0.5181 -0.2534
vn 0.8169 -0.5182 -0.2534
vn 0.5534 -0.8317 -0.0445
vn -0.9660 -0.2585 0.0005
vn -0.9660 -0.2585 0.0006
vn -0.9660 -0.2584 -0.0000
vn -0.9660 -0.2585 0.0004
vn -0.9661 -0.2583 -0.0000
vn -0.9660 -0.2584 0.0002
vn 0.4999 -0.0003 -0.8661
vn -0.0005 -0.0000 -1.0000
vn 0.4998 -0.0004 -0.8661
vn 0.8661 -0.0005 -0.4999
vn 0.8661 -0.0000 -0.4999
vn -0.9007 -0.4344 0.0094
vn -0.9007 -0.4344 0.0093
vn -0.8904 -0.0747 -0.4489
vn -0.8904 -0.0748 -0.4489
vn -0.7245 -0.0962 -0.6825
vn -0.9784 -0.2067 -0.0024
vn -0.7857 -0.5113 -0.3482
vn -0.7314 -0.5106 -0.4520
vn -0.5016 -0.6276 -0.5954
vn -0.8353 -0.3759 -0.4013
vn -0.7293 -0.5396 -0.4206
vn -0.7315 -0.5106 -0.4519
vn -0.8015 -0.4606 -0.3814
vn -0.7227 -0.5634 -0.4003
vn -0.7292 -0.5397 -0.4206
vn -0.7497 -0.5436 -0.3775
vn 1.0000 -0.0093 0.0034
vn 0.9857 -0.0395 -0.1636
vn 0.9999 -0.0083 0.0083
vn -0.5308 -0.6978 -0.4810
vn -0.7292 -0.5398 -0.4206
vn -0.5675 -0.6789 -0.4658
vn -0.7293 -0.5397 -0.4205
vn -0.4683 -0.7456 -0.4741
vn -0.7227 -0.5634 -0.4002
vn -0.6168 -0.6460 -0.4497
vn -0.5675 -0.6790 -0.4658
vn -0.5757 -0.6861 -0.4448
vn -0.5135 -0.7227 -0.4627
vn -0.7685 -0.4529 -0.4520
vn -0.7227 -0.5635 -0.4002
vn -0.7496 -0.5435 -0.3776
vn -0.7685 -0.4529 -0.4519
vn -0.8111 -0.0220 -0.5845
vn -0.8116 -0.4919 -0.3152
vn -0.7315 -0.5105 -0.4520
vn -0.8353 -0.3758 -0.4013
vn 0.8440 -0.4442 -0.3006
vn 0.8440 -0.4442 -0.3005
vn 0.8733 -0.4872 -0.0006
vn 0.8734 -0.4870 -0.0000
vn 0.8734 -0.4870 -0.0001
vn 0.8733 -0.4872 -0.0004
vn -0.7071 0.0005 0.7071
vn -0.7071 0.0007 0.7071
vn -0.7071 -0.0000 0.7071
vn -0.0005 0.0005 1.0000
vn -0.0002 0.0002 1.0000
vn 0.0005 0.0073 1.0000
vn -0.5135 -0.7226 -0.4627
vn 0.9993 -0.0132 -0.0347
vn -0.5000 -0.0000 -0.8661
vn -0.8661 -0.0001 -0.4998
vn -0.5000 -0.0000 -0.8660
vn -0.8661 0.0005 -0.4998
vn -0.2588 -0.0000 -0.9659
vn -0.9562 -0.2927 -0.0003
vn -0.9562 -0.2927 0.0005
vn 0.0073 0.8262 0.5634
vn -0.3979 -0.7394 -0.5431
vn -0.3893 -0.8103 -0.4381
vn 0.6190 -0.6854 -0.3835
vn 0.5122 -0.8569 -0.0572
vn 0.5123 -0.8569 -0.0572
vn 0.6396 -0.4988 -0.5849
vn 0.6396 -0.4989 -0.5849
vn 0.5534 -0.0709 -0.8299
vn 0.5535 -0.0708 -0.8298
vn 0.5533 -0.8318 -0.0444
vn 0.5122 -0.8570 -0.0571
vn 0.9997 -0.0229 0.0044
vn -0.0000 -0.9990 0.0455
vn -0.0005 -0.8784 0.4780
vn -0.0005 -0.4715 0.8819
vn 0.0005 -0.4715 0.8819
vn 0.0005 -0.8784 0.4780
vn 0.0005 -0.9990 0.0455
vn 0.0004 -1.0000 -0.0005
vn -0.0005 -0.9990 0.0455
vn -0.0009 -1.0000 -0.0006
vn -0.0003 -1.0000 -0.0005
vn -0.0004 -1.0000 -0.0005
vn 0.0005 -0.9999 -0.0142
vn -0.2339 -0.8132 -0.5329
vn -0.2224 -0.8411 -0.4931
vn -0.2145 -0.8437 -0.4921
vn -0.2457 -0.8229 -0.5123
vn -0.3736 -0.8406 -0.3922
vn -0.2145 -0.8438 -0.4920
vn -0.1285 -0.5017 -0.8554
vn -0.1285 -0.5018 -0.8554
vn -0.3902 -0.9009 -0.1900
vn -0.2456 -0.8229 -0.5123
vn 0.9660 -0.2584 0.0005
vn 0.9659 -0.2588 -0.0000
vn 0.9660 -0.2586 0.0004
vn 0.9660 -0.2584 0.0006
vn 0.9660 -0.2585 0.0005
vn -1.0000 -0.0083 0.0023
vn -0.9999 -0.0103 -0.0084
vn -0.9855 -0.0396 -0.1647
vn -0.9856 -0.0397 -0.1646
vn -0.9855 -0.0396 -0.1648
vn -1.0000 -0.0083 0.0025
vn -0.9999 -0.0073 0.0083
vn -0.9999 -0.0103 -0.0083
vn -0.9995 -0.0102 -0.0288
vn -0.9995 -0.0103 -0.0288
vn 0.9937 -0.0465 0.1021
vn 0.9997 -0.0230 0.0044
vn 0.9937 -0.0464 0.1022
vn 0.6111 -0.6140 -0.4996
vn 0.7253 -0.5826 -0.3668
vn 0.6259 -0.6122 -0.4832
vn 0.8142 -0.5485 -0.1900
vn 0.8377 -0.5319 -0.1237
vn 0.8947 -0.4423 0.0620
vn 0.8377 -0.5319 -0.1236
vn 0.8921 -0.4380 0.1108
vn -0.9997 -0.0210 0.0093
vn -0.8971 -0.4077 -0.1704
vn -0.9111 -0.4118 -0.0200
vn -0.9109 -0.4127 0.0015
vn -0.9016 -0.4325 0.0004
vn -0.9660 -0.2584 -0.0005
vn -0.9659 -0.2588 -0.0000
vn -0.9660 -0.2585 -0.0005
vn -0.9660 -0.2585 -0.0006
vn -0.9660 -0.2586 -0.0004
vn 0.0005 1.0000 -0.0005
vn -0.0000 0.8662 0.4996
vn -0.0000 0.8662 -0.4996
vn 0.0005 0.8662 -0.4996
vn -0.7432 -0.1771 -0.6452
vn -0.7351 -0.6101 -0.2956
vn -0.7352 -0.6101 -0.2956
vn -0.7390 -0.1802 -0.6491
vn -0.7285 -0.1287 -0.6728
vn -0.7396 -0.1794 -0.6487
vn -0.7286 -0.1285 -0.6728
vn -0.7285 -0.1285 -0.6728
vn -0.7285 -0.1284 -0.6729
vn -0.7285 -0.1285 -0.6729
vn -0.9937 -0.0465 0.1021
vn -0.9937 -0.0464 0.1022
vn -0.8970 -0.4078 -0.1704
vn -0.8935 -0.3923 -0.2184
vn -0.9110 -0.4118 -0.0200
vn -0.9016 -0.4325 0.0005
vn -0.9015 -0.4328 -0.0000
vn 0.0005 0.4980 -0.8672
vn -0.0000 0.4980 -0.8672
vn 0.5397 0.1011 -0.8357
vn 0.4880 0.6804 -0.5466
vn 0.4880 0.6805 -0.5466
vn 0.4873 0.6838 -0.5430
vn 0.5263 -0.0000 -0.8503
vn 0.5262 -0.0000 -0.8504
vn 0.5262 -0.0003 -0.8504
vn 0.4873 0.6838 -0.5431
vn 0.5369 0.0806 -0.8398
vn 0.5534 -0.0708 -0.8299
vn 0.8133 -0.0114 -0.5817
vn 0.8133 -0.0113 -0.5818
vn 0.3543 -0.6700 0.6524
vn 0.6999 -0.7136 0.0298
vn 0.1520 -0.4531 0.8784
vn 0.7031 -0.7110 0.0083
vn -0.7118 0.7020 -0.0210
vn -0.7205 0.5739 -0.3893
vn -0.7205 0.5740 -0.3892
vn -0.7100 0.7042 0.0083
vn -0.7101 0.7041 0.0083
vn -0.7106 0.3122 -0.6305
vn -0.3503 -0.6277 -0.6951
vn -0.3016 -0.6241 -0.7208
vn -0.4996 -0.6256 -0.5992
vn -0.6110 -0.6140 -0.4997
vn -0.6259 -0.6122 -0.4832
vn -0.6111 -0.6140 -0.4995
vn -0.7253 -0.5826 -0.3668
vn -0.8143 -0.5485 -0.1900
vn -0.0962 -0.5982 -0.7955
vn -0.0005 -0.5761 -0.8174
vn 0.0962 -0.5982 -0.7955
vn -0.0003 -0.5761 -0.8174
vn 0.3014 -0.6241 -0.7209
vn 0.3502 -0.6278 -0.6952
vn -0.8377 -0.5319 -0.1236
vn -0.8947 -0.4423 0.0620
vn -0.8921 -0.4380 0.1109
vn -0.8948 -0.4422 0.0621
vn -0.8464 -0.4449 0.2926
vn -0.8067 -0.4803 0.3444
vn -0.7159 -0.5067 0.4803
vn -0.6798 -0.5068 0.5302
vn -1.0000 -0.0083 0.0024
vn -0.7390 -0.1803 -0.6491
vn -0.7396 -0.1796 -0.6487
vn -0.9136 -0.1929 -0.3579
vn -0.9187 -0.2174 -0.3297
vn -0.8897 -0.0498 -0.4538
vn -0.9259 -0.3718 -0.0669
vn -0.9292 -0.3671 0.0425
vn -0.9367 -0.3035 0.1744
vn -0.0005 0.0006 -1.0000
vn 0.0005 0.4978 -0.8673
vn -0.0000 0.4978 -0.8673
vn -0.0000 0.0006 -1.0000
vn -0.7098 -0.7039 -0.0279
vn -0.7196 -0.6944 -0.0004
vn -0.7197 -0.6943 -0.0005
vn -0.7198 -0.6942 -0.0007
vn -0.7197 -0.6943 -0.0004
vn 0.9266 0.3708 -0.0630
vn 0.9266 0.3707 -0.0630
vn 0.9266 0.3707 -0.0629
vn 0.9999 0.0007 -0.0171
vn 0.9999 0.0005 -0.0171
vn 0.9999 -0.0005 -0.0152
vn 0.9999 -0.0005 -0.0172
vn 0.8679 -0.0005 -0.4967
vn 0.9670 -0.0005 -0.2546
vn 0.5000 -0.0000 -0.8660
vn 0.0816 -0.0000 -0.9967
vn 0.0816 0.0005 -0.9967
vn -0.0815 -0.0005 -0.9967
vn -0.0816 -0.0000 -0.9967
vn -0.4998 0.0004 -0.8661
vn -0.8679 0.0005 -0.4968
vn -0.8679 0.0005 -0.4967
vn -0.9671 0.0005 -0.2546
vn -0.9999 0.0005 -0.0171
vn -0.9999 -0.0005 -0.0171
vn -0.9999 -0.0008 -0.0152
vn -0.9999 -0.0005 0.0122
vn -0.9999 -0.0000 0.0142
vn -0.8912 0.0005 0.4536
vn -0.8912 -0.0005 0.4536
vn -0.8001 -0.0000 0.5998
vn -0.9278 0.3675 -0.0648
vn -0.9276 0.3678 -0.0649
vn -0.4147 -0.4324 -0.8007
vn -0.4107 -0.0445 -0.9107
vn -0.3983 -0.7393 -0.5429
vn -0.4226 0.0425 -0.9053
vn -0.5161 0.3647 -0.7750
vn -0.3699 -0.9192 -0.1354
vn -0.3892 -0.8103 -0.4381
vn 0.8133 -0.0112 -0.5818
vn 0.8099 -0.0000 -0.5866
vn 0.8096 -0.0001 -0.5869
vn 0.8096 -0.0001 -0.5870
vn 0.2585 -0.0777 -0.9629
vn 0.6899 -0.2095 -0.6929
vn 0.2584 -0.0777 -0.9629
vn -0.9120 -0.1968 -0.3600
vn -0.9133 -0.2008 -0.3543
vn -0.9119 -0.1968 -0.3600
vn -0.9133 -0.2009 -0.3543
vn -0.9298 -0.2741 -0.2458
vn -0.9298 -0.2741 -0.2457
vn -0.9143 -0.4050 -0.0004
vn 0.7076 0.0005 0.7066
vn 0.7076 -0.0000 0.7066
vn 0.9239 -0.0005 0.3826
vn 0.9240 -0.0005 0.3825
vn 0.9996 0.0005 0.0298
vn 1.0000 0.0005 0.0035
vn -0.7107 0.3121 -0.6305
vn -0.7204 0.5739 -0.3894
vn -0.7088 0.2184 -0.6707
vn -0.7106 0.3121 -0.6305
vn -0.7106 0.3121 -0.6306
vn -0.7088 0.2183 -0.6707
vn -0.7079 0.0220 -0.7060
vn -0.7101 -0.0347 -0.7033
vn -0.7341 -0.4802 -0.4801
vn -0.7098 -0.7039 -0.0280
vn -0.8097 -0.0000 -0.5868
vn -0.8097 -0.0003 -0.5869
vn -0.8111 -0.0219 -0.5845
vn -0.0005 -0.8662 -0.4997
vn -0.0000 -0.8662 -0.4997
vn -0.0005 -0.8662 0.4997
vn -0.0000 -0.8662 0.4997
vn -0.0000 0.0003 -1.0000
vn -0.0005 -0.4978 -0.8673
vn -0.0005 0.0003 -1.0000
vn -0.0000 -0.4978 -0.8673
vn -0.0000 0.8662 0.4997
vn -0.0000 0.8662 -0.4997
vn 0.0005 0.8662 -0.4997
vn -0.7341 -0.4801 -0.4802
vn -0.7101 -0.0347 -0.7032
vn 0.7071 -0.7071 -0.0007
vn 0.7071 -0.7071 -0.0005
vn -0.9996 0.0005 0.0298
vn -0.9239 0.0006 0.3826
vn -0.9240 -0.0005 0.3825
vn -1.0000 -0.0000 0.0035
vn -0.7076 0.0005 0.7066
vn 0.7032 -0.7110 0.0083
vn 0.7061 -0.7080 -0.0112
vn 0.7066 -0.7076 -0.0034
vn 0.9988 0.0005 -0.0494
vn 0.8662 -0.0005 -0.4996
vn 0.8662 0.0001 -0.4996
vn 0.9988 -0.0000 -0.0494
vn 0.9988 -0.0000 0.0493
vn 0.9988 -0.0005 0.0494
vn 0.8662 -0.0005 0.4997
vn 0.8662 -0.0000 0.4997
vn 0.0004 -0.1823 -0.9832
vn 0.0006 -0.1821 -0.9833
vn -0.0004 -0.1823 -0.9832
vn -0.7351 -0.6101 -0.2955
vn -0.7076 -0.7066 -0.0054
vn -0.7071 -0.7071 0.0003
vn -0.7071 -0.7071 -0.0000
vn -0.7072 -0.7070 -0.0000
vn -0.0005 0.4998 -0.8661
vn -0.0000 -0.4996 0.8662
vn 0.0005 -0.4996 0.8662
vn -0.0000 0.4996 0.8662
vn -0.8662 0.0005 -0.4996
vn -0.9988 -0.0001 -0.0494
vn -0.9988 -0.0005 -0.0493
vn -0.9988 -0.0000 0.0493
vn -0.9988 0.0005 0.0494
vn -0.8662 -0.0001 0.4997
vn -0.9988 -0.0005 -0.0494
vn -0.8662 -0.0000 -0.4996
vn -0.9988 0.0005 0.0493
vn -0.9988 -0.0000 -0.0493
vn -0.8662 0.0005 0.4997
vn -0.9988 -0.0000 0.0494
vn 0.7167 -0.3395 -0.6092
vn 0.6798 -0.6221 -0.3885
vn 0.7158 -0.0083 -0.6982
vn 0.4305 -0.8233 -0.3699
vn 0.7149 -0.0005 -0.6993
vn 0.7149 -0.0004 -0.6992
vn 0.3894 -0.8526 -0.3484
vn 0.3601 -0.8606 -0.3602
vn 0.9905 0.0005 0.1373
vn 0.9905 0.0005 0.1374
vn 0.7753 -0.0015 0.6316
vn 0.9905 -0.0005 0.1375
vn 0.9239 -0.0006 0.3826
vn 0.0005 -0.4891 -0.8723
vn -0.0005 -0.4891 -0.8722
vn -0.0000 -0.0601 -0.9982
vn 0.0005 -0.0601 -0.9982
vn -0.0005 0.0074 -1.0000
vn -0.0000 0.0073 -1.0000
vn -0.0005 0.4997 -0.8662
vn -0.0005 -0.4980 -0.8672
vn -0.0000 -0.4980 -0.8672
vn 0.7066 -0.7076 -0.0035
vn 0.4421 -0.5788 -0.6853
vn 0.7060 -0.7081 -0.0113
vn 0.0003 1.0000 0.0003
vn 0.0003 1.0000 0.0002
vn 0.0004 1.0000 -0.0004
vn 0.0007 1.0000 0.0007
vn 0.4420 -0.5788 -0.6853
vn 0.2238 -0.3515 -0.9090
vn 0.7061 -0.7081 -0.0113
vn -0.9147 0.2085 -0.3462
vn -0.9181 0.2125 -0.3346
vn -0.9181 0.2125 -0.3347
vn -0.9005 0.3829 -0.2063
vn -0.9298 0.3591 -0.0806
vn -0.9149 0.3834 -0.1265
vn -0.9150 0.3835 -0.1256
vn -0.8593 0.3602 -0.3631
vn -0.9140 0.1998 -0.3531
vn -0.9149 0.1939 -0.3541
vn -0.9308 -0.0493 -0.3621
vn -0.9133 -0.2057 -0.3515
vn -0.6111 -0.6140 -0.4996
vn -0.8142 -0.5485 -0.1900
vn -0.8377 -0.5319 -0.1237
vn -0.8948 -0.4422 0.0620
vn -0.0005 -0.0464 -0.9989
vn -0.0000 -0.0464 -0.9989
vn -0.0004 -0.4753 -0.8798
vn -0.0005 -0.4753 -0.8798
vn -0.0000 -0.8039 -0.5948
vn 0.0005 0.0464 -0.9989
vn -0.0000 0.0464 -0.9989
vn -0.0005 0.4253 -0.9051
vn -0.0005 -0.8039 -0.5948
vn -0.0000 -0.8039 -0.5947
vn -0.0000 -0.9713 -0.2378
vn 0.0005 0.7254 -0.6883
vn -0.0000 0.4254 -0.9050
vn 0.0005 0.7259 -0.6878
vn -0.0005 0.4254 -0.9050
vn 0.0005 0.4254 -0.9050
vn 0.0004 0.7244 -0.6894
vn -0.0005 0.9279 -0.3729
vn 0.0005 0.9279 -0.3729
vn 0.0005 -0.4792 0.8777
vn -0.0005 -0.8575 0.5145
vn -0.0005 -0.8575 0.5144
vn -0.0005 -0.9964 0.0847
vn -0.0005 -0.9964 0.0846
vn -0.0005 -0.9964 0.0845
vn 0.6197 -0.0004 -0.7848
vn 0.6197 -0.0003 -0.7849
vn 0.6196 -0.0003 -0.7849
vn 0.6195 -0.0000 -0.7850
vn -0.0000 -0.4999 0.8661
vn -0.0000 -0.8661 0.4999
vn 0.0005 -0.4999 0.8661
vn -0.0005 -0.8661 0.4999
vn 1.0000 -0.0005 -0.0034
vn 0.9990 0.0005 -0.0444
vn 1.0000 0.0005 0.0034
vn -0.0005 -0.9987 -0.0503
vn -0.0000 -0.9987 -0.0503
vn 0.9999 -0.0000 0.0124
vn 0.9999 0.0005 0.0142
vn 0.8912 -0.0005 0.4536
vn 0.8912 0.0005 0.4536
vn 0.8002 -0.0003 0.5998
vn 0.8001 -0.0000 0.5998
vn 0.0005 0.4490 -0.8935
vn 0.0005 0.3092 -0.9510
vn -0.0000 0.4490 -0.8935
vn 0.0005 0.8282 -0.5604
vn -0.0005 0.3092 -0.9510
vn -0.0000 0.0318 -0.9995
vn -0.0005 0.0318 -0.9995
vn -0.0093 0.9985 -0.0543
vn -0.0113 0.9999 0.0073
vn -0.0093 0.9985 -0.0542
vn -0.0112 0.9999 0.0073
vn 0.8158 0.4756 -0.3290
vn 0.8113 0.4577 -0.3639
vn 0.8065 0.4550 -0.3775
vn 0.8132 0.4596 -0.3570
vn 0.8179 0.4809 -0.3159
vn 0.8213 0.5076 -0.2605
vn -1.0000 0.0005 -0.0034
vn -0.9990 0.0005 -0.0444
vn -1.0000 0.0005 0.0034
vn -0.8104 0.4577 -0.3659
vn -0.8258 0.4664 -0.3170
vn -0.8039 0.4578 -0.3798
vn -0.8039 0.4579 -0.3797
vn -0.8447 0.4724 -0.2516
vn -0.8470 0.4765 -0.2357
vn -0.1074 -0.9941 0.0119
vn -0.0757 -0.9918 -0.1030
vn -0.0005 0.0073 -1.0000
vn -0.0005 -0.8597 -0.5108
vn -0.0005 -0.8598 -0.5107
vn -0.0005 -0.4892 -0.8722
vn 0.0005 -0.4892 -0.8722
vn -0.0005 -0.9930 -0.1177
vn -0.0006 -0.9660 -0.2584
vn -0.0005 -0.9930 -0.1179
vn -0.0005 -0.9931 -0.1177
vn 0.5161 0.3647 -0.7750
vn -0.0005 -0.7071 -0.7071
vn -0.0000 -0.7071 -0.7071
vn 0.0122 -0.0220 -0.9997
vn 0.3364 -0.3902 -0.8571
vn 0.3365 -0.3902 -0.8570
vn 0.6736 -0.6208 -0.4011
vn -0.7753 -0.0015 0.6316
vn -0.9905 0.0005 0.1375
vn -0.9905 -0.0005 0.1375
vn -0.9239 0.0001 0.3827
vn -0.0005 -0.0543 -0.9985
vn -0.0000 -0.0544 -0.9985
vn -0.1285 -0.5016 -0.8555
vn -0.0044 -0.0162 -0.9999
vn -0.0000 -0.8661 0.4998
vn -0.0000 -0.4998 0.8661
vn -0.0005 -0.8661 0.4998
vn -0.0000 0.8661 0.4999
vn -0.0000 0.4999 0.8661
vn 0.0005 0.4999 0.8661
vn -0.0073 0.8261 0.5634
vn -0.0073 0.9708 0.2398
vn -0.4226 0.0427 -0.9053
vn -0.5161 0.3648 -0.7750
vn -0.5671 0.5720 -0.5926
vn -0.0000 0.4253 -0.9051
vn -0.0005 -0.5368 -0.8437
vn -0.0015 -0.2654 -0.9641
vn -0.0005 -0.5369 -0.8437
vn -0.0000 -0.5370 -0.8436
vn -0.0005 -0.8668 -0.4986
vn -0.0005 -0.5370 -0.8436
vn -0.0005 -0.8683 0.4960
vn -0.0015 -0.5369 0.8436
vn -0.0024 -0.5369 0.8437
vn -0.0034 -0.2820 0.9594
vn -0.0034 -0.2516 0.9678
vn 0.0005 0.2877 0.9577
vn 0.0005 -0.8668 -0.4986
vn 0.0005 -0.5370 -0.8436
vn 0.0015 -0.5369 0.8436
vn 0.0015 -0.5369 0.8437
vn 0.0034 -0.2820 0.9594
vn 0.0034 -0.2516 0.9678
vn 0.0006 0.2876 0.9577
vn 0.0010 -0.5369 -0.8437
vn 0.0015 -0.2654 -0.9641
vn 0.0005 -0.5369 -0.8437
vn 0.4999 -0.0003 0.8661
vn 0.8661 -0.0005 0.4998
vn 0.8661 0.0001 0.4998
vn 0.4998 -0.0004 0.8661
vn 0.0005 -0.0000 1.0000
vn -0.8661 -0.0000 0.4999
vn -0.4999 0.0003 0.8661
vn -0.8661 0.0005 0.4999
vn -0.5000 -0.0000 0.8660
vn 0.0003 -0.0000 1.0000
vn 0.0003 0.0005 1.0000
vn -0.7890 -0.2604 -0.5565
vn -0.8642 -0.2789 -0.4188
vn -0.5162 0.3648 -0.7749
vn -0.5671 0.5720 -0.5927
vn -0.5672 0.5721 -0.5925
vn -0.5671 0.5721 -0.5925
vn -0.5212 0.7859 -0.3327
vn 0.5708 0.5825 -0.5786
vn 0.5203 0.7869 -0.3317
vn 0.5708 0.5826 -0.5786
vn -0.0003 0.8660 -0.5001
vn -0.0006 0.5001 -0.8660
vn -0.0003 0.8661 -0.4999
vn -0.0006 0.5000 -0.8660
vn -0.0001 0.9998 -0.0210
vn -0.0006 -0.5000 -0.8660
vn -0.0006 -0.5001 -0.8660
vn -0.0003 -0.8660 -0.5001
vn -0.0003 -0.8661 -0.4999
vn -0.0005 -0.9998 -0.0210
vn -0.0001 -0.9998 -0.0210
vn -0.0005 0.9998 -0.0211
vn -0.0000 -1.0000 -0.0003
vn 0.0001 -1.0000 0.0073
vn 0.0005 -1.0000 0.0075
vn 0.0004 -0.8661 0.4999
vn 0.0004 -0.8660 0.5001
vn 0.0006 -0.5000 0.8660
vn 0.0006 -0.4999 0.8661
vn 0.0005 -0.0006 1.0000
vn 0.0007 -0.0000 1.0000
vn 0.0006 0.4999 0.8661
vn 0.0006 0.5000 0.8660
vn 0.0004 0.8660 0.5001
vn 0.0004 0.8661 0.4999
vn 0.0001 1.0000 0.0074
vn 0.0005 1.0000 0.0073
vn -0.0000 1.0000 -0.0003
vn -0.0006 1.0000 -0.0005
vn -0.0003 1.0000 -0.0005
vn -0.0757 -0.9918 -0.1031
vn 0.0151 -0.9048 -0.4257
vn 0.0152 -0.9047 -0.4257
vn 0.4267 0.4745 0.7699
vn 0.4108 0.0376 0.9110
vn 0.4100 -0.0357 0.9114
vn 0.4264 -0.4322 0.7946
vn 0.4263 -0.4322 0.7946
vn -0.4108 0.0376 0.9110
vn -0.4267 0.4745 0.7699
vn -0.4100 -0.0357 0.9114
vn -0.4263 -0.4322 0.7946
vn -0.4264 -0.4322 0.7946
vn 0.0003 0.4999 -0.8661
vn 0.0004 0.4998 -0.8661
vn 0.0007 0.4996 -0.8662
vn 0.0002 0.4999 -0.8661
vn -0.0001 0.5000 -0.8660
vn -0.0004 0.4998 -0.8661
vn -0.0000 0.5000 -0.8660
vn -0.0002 0.4999 -0.8661
vn -0.4489 0.8779 -0.1666
vn -0.5212 0.7859 -0.3326
vn -0.4490 0.8779 -0.1666
vn 0.0005 -0.0367 0.9993
vn 0.0005 -0.4714 0.8819
vn -0.0000 -0.4714 0.8819
vn -0.0000 -0.0367 0.9993
vn 0.0005 0.0386 0.9993
vn 0.0005 0.5271 0.8498
vn -0.0000 0.0386 0.9993
vn -0.0000 0.5271 0.8498
vn 0.0005 -0.0366 0.9993
vn -0.0005 -0.4714 0.8819
vn 0.3903 0.8905 0.2340
vn 0.4491 0.8772 -0.1696
vn 0.4487 0.8775 -0.1694
vn 0.4011 0.7606 0.5105
vn 0.4267 0.4747 0.7698
vn 0.3503 -0.6277 -0.6951
vn 0.4996 -0.6256 -0.5992
vn 0.3016 -0.6241 -0.7208
vn 0.6109 -0.6140 -0.4997
vn 0.6111 -0.6140 -0.4995
vn 0.8142 -0.5486 -0.1900
vn 0.8143 -0.5485 -0.1899
vn 0.1429 -0.9897 -0.0000
vn -0.1520 -0.9884 -0.0003
vn -0.1522 -0.9883 -0.0000
vn 0.0005 0.9806 -0.1960
vn 0.0005 0.9279 -0.3728
vn -0.0005 0.9804 -0.1969
vn -0.0005 0.9279 -0.3728
vn 0.0005 0.9802 -0.1978
vn 0.0005 0.9282 -0.3720
vn -0.3015 -0.6241 -0.7208
vn -0.3502 -0.6278 -0.6952
vn -0.4489 0.8779 -0.1665
vn -0.3903 0.8905 0.2338
vn -0.3903 0.8905 0.2339
vn -0.3903 0.8905 0.2340
vn -0.4011 0.7606 0.5105
vn -0.4267 0.4747 0.7698
vn 0.0484 -0.8374 -0.5445
vn 0.0005 0.7913 0.6114
vn 0.0006 0.7913 0.6114
vn 0.0003 0.7913 0.6114
vn 0.0001 0.7912 0.6116
vn 0.0005 0.8460 0.5332
vn 0.0005 0.9673 0.2537
vn -0.0000 0.8460 0.5332
vn 0.0005 0.5273 0.8497
vn -0.0000 0.5273 0.8497
vn 0.0005 0.9673 0.2536
vn -0.0005 0.9805 -0.1968
vn -0.0000 0.9803 -0.1978
vn -0.0000 0.9673 0.2536
vn 0.0005 0.9806 -0.1959
vn -0.1129 -0.0005 0.9936
vn 0.1129 -0.0005 0.9936
vn -0.8410 -0.0015 0.5411
vn 0.8410 -0.0015 0.5411
vn -0.8410 -0.0015 0.5410
vn 0.8410 -0.0015 0.5410
vn -0.9958 -0.0005 0.0913
vn 0.9958 -0.0005 0.0913
vn -1.0000 -0.0005 0.0093
vn 1.0000 -0.0005 0.0093
vn 0.3749 -0.0034 0.9271
vn 0.7753 -0.0015 0.6317
vn 0.3748 -0.0034 0.9271
vn -0.3749 -0.0034 0.9271
vn -0.3748 -0.0034 0.9271
vn 0.3833 -0.0004 -0.9236
vn 0.0171 -0.0005 -0.9999
vn 0.3834 0.0005 -0.9236
vn 0.0171 0.0005 -0.9999
vn 0.7071 -0.0000 -0.7071
vn 0.7071 -0.0005 -0.7071
vn 0.9239 -0.0007 -0.3826
vn 0.9239 -0.0005 -0.3826
vn 0.9990 0.0005 -0.0446
vn 1.0000 -0.0000 -0.0035
vn -0.0171 -0.0000 -0.9999
vn -0.0171 -0.0005 -0.9999
vn -0.3832 0.0003 -0.9237
vn -0.3834 0.0005 -0.9236
vn -0.7071 0.0005 -0.7071
vn -0.7071 -0.0005 -0.7071
vn -0.9239 0.0006 -0.3825
vn -0.9239 0.0005 -0.3826
vn -0.9990 0.0005 -0.0446
vn -0.0005 0.3688 0.9295
vn -0.0025 0.3688 0.9295
vn -0.0014 0.0532 0.9986
vn 0.0054 0.6767 0.7363
vn 0.0024 0.3688 0.9295
vn 0.0024 0.3687 0.9295
vn -0.0005 0.0533 0.9986
vn 0.0015 0.1978 0.9802
vn -0.0005 0.0532 0.9986
vn -0.0005 0.0534 0.9986
vn -0.0015 0.1978 0.9802
vn -0.0014 0.1978 0.9802
vn -0.0024 0.3687 0.9296
vn -0.0005 0.3689 0.9295
vn -0.0054 0.6766 0.7363
vn -0.0024 0.3688 0.9295
vn 0.0014 0.3688 0.9295
vn 0.0005 0.0532 0.9986
vn -0.5773 0.3707 -0.7275
vn 0.5773 0.3707 -0.7275
vn 0.5774 -0.7275 -0.3706
vn -0.5774 -0.7275 -0.3706
vn -0.5774 0.7275 0.3707
vn -0.5774 -0.3707 0.7275
vn 0.5774 -0.3707 0.7275
vn 0.5774 0.7275 0.3707
vn -0.5773 0.8065 0.1277
vn 0.5773 0.8065 0.1277
vn 0.5774 0.1277 -0.8064
vn -0.5774 0.1277 -0.8064
vn -0.5774 -0.1277 0.8064
vn -0.5773 -0.8065 -0.1277
vn 0.5773 -0.8065 -0.1277
vn 0.5774 -0.1277 0.8064
vn -0.5774 0.1277 0.8064
vn 0.5774 0.1277 0.8064
vn 0.5773 0.8065 -0.1277
vn -0.5773 0.8065 -0.1277
vn -0.5773 -0.8065 0.1277
vn -0.5774 -0.1277 -0.8064
vn 0.5774 -0.1277 -0.8064
vn 0.5773 -0.8065 0.1277
vn -0.5774 -0.7275 0.3707
vn 0.5774 -0.7275 0.3707
vn 0.5774 0.3707 0.7275
vn -0.5774 0.3707 0.7275
vn -0.5773 -0.3707 -0.7275
vn -0.5774 0.7275 -0.3706
vn 0.5774 0.7275 -0.3706
vn 0.5773 -0.3707 -0.7275
vn -0.5774 -0.5774 -0.5774
vn 0.5774 -0.5774 -0.5774
vn 0.5774 -0.5774 0.5774
vn -0.5774 -0.5774 0.5774
vn -0.5774 0.5774 -0.5774
vn -0.5774 0.5774 0.5774
vn 0.5774 0.5774 0.5774
vn 0.5774 0.5774 -0.5774
vn -1.0000 -0.0000 -0.0000
vn -0.7736 -0.4480 -0.4480
vn -0.7737 -0.6336 -0.0000
vn 1.0000 -0.0000 -0.0000
vn 0.7737 -0.6336 -0.0000
vn 0.7736 -0.4480 -0.4480
vn -0.7737 -0.0000 -0.6336
vn 0.7737 -0.0000 -0.6336
vn -0.7736 0.4480 -0.4480
vn 0.7736 0.4480 -0.4480
vn -0.7737 0.6336 -0.0000
vn 0.7737 0.6336 -0.0000
vn -0.7736 0.4480 0.4480
vn 0.7736 0.4480 0.4480
vn -0.7737 -0.0000 0.6336
vn 0.7737 -0.0000 0.6336
vn -0.7736 -0.4480 0.4480
vn 0.7736 -0.4480 0.4480
vn -0.2888 -0.6770 -0.6770
vn -0.2888 -0.9574 -0.0000
vn -0.2888 -0.0000 -0.9574
vn -0.2888 0.6770 -0.6770
vn -0.2888 0.9574 -0.0000
vn -0.2888 0.6770 0.6770
vn -0.2888 -0.0000 0.9574
vn -0.2888 -0.6770 0.6770
vn 0.2888 -0.6770 -0.6770
vn 0.2888 -0.9574 -0.0000
vn 0.2888 -0.0000 -0.9574
vn 0.2888 0.6770 -0.6770
vn 0.2888 0.9574 -0.0000
vn 0.2888 0.6770 0.6770
vn 0.2888 -0.0000 0.9574
vn 0.2888 -0.6770 0.6770
vn -0.7737 -0.4480 -0.4480
vn -0.7737 -0.6335 -0.0000
vn 0.7737 -0.6335 -0.0000
vn 0.7737 -0.4480 -0.4480
vn -0.7737 0.4480 -0.4480
vn 0.7737 0.4480 -0.4480
vn -0.7737 0.4480 0.4480
vn 0.7737 0.4480 0.4480
vn -0.7737 -0.0000 0.6335
vn 0.7737 -0.0000 0.6335
vn -0.7737 -0.4480 0.4480
vn 0.7737 -0.4480 0.4480
vn -0.2889 -0.6770 -0.6769
vn -0.2889 -0.9573 -0.0000
vn -0.2889 -0.0000 -0.9574
vn -0.2889 0.6770 -0.6769
vn -0.2889 0.9574 -0.0000
vn -0.2889 0.6770 0.6769
vn -0.2889 -0.0000 0.9573
vn -0.2889 -0.6769 0.6769
vn 0.2889 -0.6770 -0.6769
vn 0.2889 -0.9573 -0.0000
vn 0.2889 -0.0000 -0.9574
vn 0.2889 0.6770 -0.6769
vn 0.2889 0.9574 -0.0000
vn 0.2889 0.6770 0.6769
vn 0.2889 -0.0000 0.9573
vn 0.2889 -0.6769 0.6769
vn -0.7737 -0.0000 -0.6335
vn 0.7737 -0.0000 -0.6335
vn -0.2889 -0.6769 -0.6769
vn -0.2889 -0.0000 -0.9573
vn -0.2889 -0.0000 0.9574
vn -0.2889 -0.6770 0.6769
vn 0.2889 -0.6769 -0.6769
vn 0.2889 -0.0000 -0.9573
vn 0.2889 -0.0000 0.9574
vn 0.2889 -0.6770 0.6769
vn -0.7737 0.6335 -0.0000
vn 0.7737 0.6335 -0.0000
vn -0.2889 -0.9574 -0.0000
vn -0.2889 0.6769 -0.6769
vn -0.2889 0.9573 -0.0000
vn 0.2889 -0.9574 -0.0000
vn 0.2889 0.6769 -0.6769
vn 0.2889 0.9573 -0.0000
vn -0.2889 0.6769 0.6769
vn 0.2889 0.6769 0.6769
vn -0.0000 1.0000 -0.0000
vn -0.0000 0.9877 0.1564
vn 0.8552 0.5119 0.0811
vn 0.8552 0.5183 -0.0000
vn 0.8769 -0.4748 -0.0752
vn 0.8768 -0.4808 -0.0000
vn -0.0000 -0.9877 -0.1564
vn -0.0000 -1.0000 -0.0000
vn -0.8769 -0.4748 -0.0752
vn -0.8768 -0.4808 -0.0000
vn -0.8552 0.5119 0.0811
vn -0.8552 0.5183 -0.0000
vn -0.0000 0.9511 0.3090
vn 0.8552 0.4929 0.1602
vn 0.8768 -0.4572 -0.1486
vn -0.0000 -0.9511 -0.3090
vn -0.8768 -0.4572 -0.1486
vn -0.8552 0.4929 0.1602
vn -0.0000 0.8910 0.4540
vn 0.8552 0.4618 0.2353
vn 0.8768 -0.4284 -0.2183
vn -0.0000 -0.8910 -0.4540
vn -0.8768 -0.4284 -0.2183
vn -0.8552 0.4618 0.2353
vn -0.0000 0.8090 0.5878
vn 0.8552 0.4193 0.3046
vn 0.8768 -0.3890 -0.2826
vn -0.0000 -0.8090 -0.5878
vn -0.8768 -0.3890 -0.2826
vn -0.8552 0.4193 0.3046
vn -0.0000 0.7071 0.7071
vn 0.8552 0.3665 0.3665
vn 0.8768 -0.3400 -0.3400
vn -0.8768 -0.3400 -0.3400
vn -0.8552 0.3665 0.3665
vn -0.0000 0.5878 0.8090
vn 0.8552 0.3046 0.4193
vn 0.8768 -0.2826 -0.3890
vn -0.0000 -0.5878 -0.8090
vn -0.8768 -0.2826 -0.3890
vn -0.8552 0.3046 0.4193
vn -0.0000 0.4540 0.8910
vn 0.8552 0.2353 0.4618
vn 0.8768 -0.2183 -0.4284
vn -0.0000 -0.4540 -0.8910
vn -0.8768 -0.2183 -0.4284
vn -0.8552 0.2353 0.4618
vn -0.0000 0.3090 0.9511
vn 0.8552 0.1602 0.4929
vn 0.8768 -0.1486 -0.4572
vn -0.0000 -0.3090 -0.9511
vn -0.8768 -0.1486 -0.4572
vn -0.8552 0.1602 0.4929
vn -0.0000 0.1564 0.9877
vn 0.8552 0.0811 0.5119
vn 0.8769 -0.0752 -0.4748
vn -0.0000 -0.1564 -0.9877
vn -0.8769 -0.0752 -0.4748
vn -0.8552 0.0811 0.5119
vn -0.0000 -0.0000 1.0000
vn 0.8552 -0.0000 0.5183
vn 0.8768 -0.0000 -0.4808
vn -0.0000 -0.0000 -1.0000
vn -0.8768 -0.0000 -0.4808
vn -0.8552 -0.0000 0.5183
vn -0.0000 -0.1564 0.9877
vn 0.8552 -0.0811 0.5119
vn 0.8769 0.0752 -0.4748
vn -0.0000 0.1564 -0.9877
vn -0.8769 0.0752 -0.4748
vn -0.8552 -0.0811 0.5119
vn -0.0000 -0.3090 0.9511
vn 0.8552 -0.1602 0.4929
vn 0.8768 0.1486 -0.4572
vn -0.0000 0.3090 -0.9511
vn -0.8768 0.1486 -0.4572
vn -0.8552 -0.1602 0.4929
vn -0.0000 -0.4540 0.8910
vn 0.8552 -0.2353 0.4618
vn 0.8768 0.2183 -0.4284
vn -0.0000 0.4540 -0.8910
vn -0.8768 0.2183 -0.4284
vn -0.8552 -0.2353 0.4618
vn -0.0000 -0.5878 0.8090
vn 0.8552 -0.3046 0.4193
vn 0.8768 0.2826 -0.3890
vn -0.0000 0.5878 -0.8090
vn -0.8768 0.2826 -0.3890
vn -0.8552 -0.3046 0.4193
vn -0.0000 -0.7071 0.7071
vn 0.8552 -0.3665 0.3665
vn 0.8768 0.3400 -0.3400
vn -0.0000 0.7071 -0.7071
vn -0.8768 0.3400 -0.3400
vn -0.8552 -0.3665 0.3665
vn -0.0000 -0.8090 0.5878
vn 0.8552 -0.4193 0.3046
vn 0.8768 0.3890 -0.2826
vn -0.0000 0.8090 -0.5878
vn -0.8768 0.3890 -0.2826
vn -0.8552 -0.4193 0.3046
vn -0.0000 -0.8910 0.4540
vn 0.8552 -0.4618 0.2353
vn 0.8768 0.4284 -0.2183
vn -0.0000 0.8910 -0.4540
vn -0.8768 0.4284 -0.2183
vn -0.8552 -0.4618 0.2353
vn -0.0000 -0.9511 0.3090
vn 0.8552 -0.4929 0.1602
vn 0.8768 0.4572 -0.1486
vn -0.0000 0.9511 -0.3090
vn -0.8768 0.4572 -0.1486
vn -0.8552 -0.4929 0.1602
vn -0.0000 -0.9877 0.1564
vn 0.8552 -0.5119 0.0811
vn 0.8769 0.4748 -0.0752
vn -0.0000 0.9877 -0.1564
vn -0.8769 0.4748 -0.0752
vn -0.8552 -0.5119 0.0811
vn 0.8552 -0.5183 -0.0000
vn 0.8768 0.4808 -0.0000
vn -0.8768 0.4808 -0.0000
vn -0.8552 -0.5183 -0.0000
vn 0.8552 -0.5119 -0.0811
vn 0.8769 0.4748 0.0752
vn -0.8769 0.4748 0.0752
vn -0.8552 -0.5119 -0.0811
vn 0.8552 -0.4929 -0.1602
vn 0.8768 0.4572 0.1486
vn -0.8768 0.4572 0.1486
vn -0.8552 -0.4929 -0.1602
vn 0.8552 -0.4618 -0.2353
vn 0.8768 0.4284 0.2183
vn -0.8768 0.4284 0.2183
vn -0.8552 -0.4618 -0.2353
vn 0.8552 -0.4193 -0.3046
vn 0.8768 0.3890 0.2826
vn -0.8768 0.3890 0.2826
vn -0.8552 -0.4193 -0.3046
vn 0.8552 -0.3665 -0.3665
vn 0.8768 0.3400 0.3400
vn -0.8768 0.3400 0.3400
vn -0.8552 -0.3665 -0.3665
vn 0.8552 -0.3046 -0.4193
vn 0.8768 0.2826 0.3890
vn -0.8768 0.2826 0.3890
vn -0.8552 -0.3046 -0.4193
vn 0.8552 -0.2353 -0.4618
vn 0.8768 0.2183 0.4284
vn -0.8768 0.2183 0.4284
vn -0.8552 -0.2353 -0.4618
vn 0.8552 -0.1602 -0.4929
vn 0.8768 0.1486 0.4572
vn -0.8768 0.1486 0.4572
vn -0.8552 -0.1602 -0.4929
vn 0.8552 -0.0811 -0.5119
vn 0.8768 0.0752 0.4748
vn -0.8768 0.0752 0.4748
vn -0.8552 -0.0811 -0.5119
vn 0.8552 -0.0000 -0.5183
vn 0.8768 -0.0000 0.4808
vn -0.8768 -0.0000 0.4808
vn -0.8552 -0.0000 -0.5183
vn 0.8552 0.0811 -0.5119
vn 0.8768 -0.0752 0.4748
vn -0.8768 -0.0752 0.4748
vn -0.8552 0.0811 -0.5119
vn 0.8552 0.1602 -0.4929
vn 0.8768 -0.1486 0.4572
vn -0.8768 -0.1486 0.4572
vn -0.8552 0.1602 -0.4929
vn 0.8552 0.2353 -0.4618
vn 0.8768 -0.2183 0.4284
vn -0.8768 -0.2183 0.4284
vn -0.8552 0.2353 -0.4618
vn 0.8552 0.3046 -0.4193
vn 0.8768 -0.2826 0.3890
vn -0.8768 -0.2826 0.3890
vn -0.8552 0.3046 -0.4193
vn 0.8552 0.3665 -0.3665
vn 0.8768 -0.3400 0.3400
vn -0.8768 -0.3400 0.3400
vn -0.8552 0.3665 -0.3665
vn 0.8552 0.4193 -0.3046
vn 0.8768 -0.3890 0.2826
vn -0.8768 -0.3890 0.2826
vn -0.8552 0.4193 -0.3046
vn 0.8552 0.4618 -0.2353
vn 0.8768 -0.4284 0.2183
vn -0.8768 -0.4284 0.2183
vn -0.8552 0.4618 -0.2353
vn 0.8552 0.4929 -0.1602
vn 0.8768 -0.4572 0.1486
vn -0.8768 -0.4572 0.1486
vn -0.8552 0.4929 -0.1602
vn 0.8552 0.5119 -0.0811
vn 0.8769 -0.4748 0.0752
vn -0.8769 -0.4748 0.0752
vn -0.8552 0.5119 -0.0811
vn -0.7736 -0.4481 -0.4481
vn 0.7736 -0.4481 -0.4481
vn -0.7736 -0.0000 -0.6336
vn 0.7736 -0.0000 -0.6336
vn -0.7736 0.4481 -0.4481
vn 0.7736 0.4481 -0.4481
vn -0.7736 0.4481 0.4481
vn 0.7736 0.4481 0.4481
vn -0.7736 -0.4481 0.4481
vn 0.7736 -0.4481 0.4481
vn -0.2889 -0.6770 -0.6770
vn -0.2889 0.6770 -0.6770
vn -0.2889 0.6770 0.6770
vn -0.2889 -0.6770 0.6770
vn 0.2889 -0.6770 -0.6770
vn 0.2889 0.6770 -0.6770
vn 0.2889 0.6770 0.6770
vn 0.2889 -0.6770 0.6770
vn -0.1538 -0.2564 -0.9542
vn 0.3151 -0.3931 -0.8638
vn -0.0882 -0.9729 0.2138
vn -0.5099 -0.8499 0.1325
vn 0.3030 0.5051 -0.8081
vn -0.3030 -0.5051 0.8081
vn 0.7325 -0.2649 -0.6271
vn 0.2873 -0.8575 0.4268
vn 0.9390 0.0794 -0.3346
vn 0.4731 -0.5479 0.6899
vn 0.8558 0.5080 -0.0978
vn 0.3982 -0.1623 0.9028
vn 0.5145 0.8575 -0.0074
vn 0.0912 0.1520 0.9842
vn 0.0456 0.9942 -0.0978
vn -0.3306 0.2750 0.9028
vn -0.3719 0.8659 -0.3345
vn -0.7061 0.1596 0.6899
vn -0.5784 0.5217 -0.6271
vn -0.8918 -0.1500 0.4268
vn -0.4951 0.0930 -0.8638
vn -0.8169 -0.5356 0.2138
vn -0.0075 -0.0151 -0.9999
vn 0.4568 -0.1428 -0.8780
vn -0.0242 -0.9987 -0.0439
vn -0.4419 -0.8838 -0.1534
vn 0.3549 0.7098 -0.6084
vn -0.3549 -0.7098 0.6084
vn 0.8273 -0.0547 -0.5591
vn 0.3089 -0.9195 0.2431
vn 0.9624 0.2157 -0.1649
vn 0.4306 -0.6763 0.5977
vn 0.8106 0.5649 0.1540
vn 0.2940 -0.3622 0.8845
vn 0.4298 0.8597 0.2759
vn -0.0485 -0.0970 0.9941
vn -0.0344 0.9875 0.1540
vn -0.4661 0.0179 0.8845
vn -0.4050 0.8993 -0.1649
vn -0.7994 -0.0614 0.5977
vn -0.5401 0.6290 -0.5591
vn -0.9210 -0.3046 0.2431
vn -0.3883 0.2798 -0.8780
vn -0.7844 -0.6187 -0.0438
vn 0.0725 0.2053 -0.9760
vn 0.5387 0.1069 -0.8357
vn 0.1116 -0.9607 -0.2544
vn -0.3078 -0.8721 -0.3805
vn 0.3042 0.8619 -0.4056
vn -0.3043 -0.8619 0.4056
vn 0.8683 0.1634 -0.4684
vn 0.4080 -0.9098 0.0760
vn 0.9353 0.3535 -0.0144
vn 0.4683 -0.7390 0.4844
vn 0.7143 0.6043 0.3530
vn 0.2695 -0.5133 0.8148
vn 0.2895 0.8203 0.4933
vn -0.1126 -0.3191 0.9410
vn -0.1767 0.9188 0.3530
vn -0.5320 -0.2305 0.8148
vn -0.5063 0.8623 -0.0143
vn -0.8284 -0.2812 0.4844
vn -0.5734 0.6723 -0.4683
vn -0.8887 -0.4521 0.0760
vn -0.3522 0.4214 -0.8357
vn -0.6899 -0.6778 -0.2543
vn 0.0895 0.4251 -0.9007
vn 0.5529 0.3589 -0.7520
vn 0.2603 -0.8572 -0.4444
vn -0.1675 -0.7960 -0.5817
vn 0.2018 0.9584 -0.2017
vn -0.2018 -0.9584 0.2018
vn 0.8518 0.3778 -0.3629
vn 0.5363 -0.8398 -0.0848
vn 0.8722 0.4748 0.1179
vn 0.5554 -0.7500 0.3591
vn 0.6063 0.6126 0.5071
vn 0.3095 -0.6229 0.7184
vn 0.1556 0.7389 0.6557
vn -0.1065 -0.5061 0.8559
vn -0.3078 0.8050 0.5071
vn -0.5344 -0.4454 0.7184
vn -0.6066 0.7862 0.1179
vn -0.8107 -0.4624 0.3590
vn -0.6273 0.6890 -0.3630
vn -0.8295 -0.5521 -0.0848
vn -0.3612 0.5514 -0.7520
vn -0.5838 -0.6796 -0.4443
vn 0.1538 -0.2564 -0.9542
vn 0.4951 0.0930 -0.8638
vn 0.8169 -0.5356 0.2138
vn 0.5099 -0.8499 0.1325
vn -0.3030 0.5051 -0.8081
vn 0.3030 -0.5051 0.8081
vn 0.5784 0.5217 -0.6271
vn 0.8918 -0.1500 0.4268
vn 0.3719 0.8659 -0.3345
vn 0.7061 0.1596 0.6899
vn -0.0456 0.9942 -0.0978
vn 0.3306 0.2750 0.9028
vn -0.5145 0.8575 -0.0074
vn -0.0912 0.1520 0.9842
vn -0.8558 0.5080 -0.0978
vn -0.3982 -0.1623 0.9028
vn -0.9390 0.0794 -0.3346
vn -0.4731 -0.5479 0.6899
vn -0.7325 -0.2649 -0.6271
vn -0.2873 -0.8575 0.4268
vn -0.3151 -0.3931 -0.8638
vn 0.0882 -0.9729 0.2138
vn 0.0075 -0.0151 -0.9999
vn 0.3883 0.2798 -0.8780
vn 0.7844 -0.6187 -0.0438
vn 0.4419 -0.8838 -0.1534
vn -0.3549 0.7098 -0.6084
vn 0.3549 -0.7098 0.6084
vn 0.5401 0.6290 -0.5591
vn 0.9210 -0.3046 0.2431
vn 0.4050 0.8993 -0.1649
vn 0.7994 -0.0614 0.5977
vn 0.0344 0.9875 0.1540
vn 0.4661 0.0179 0.8845
vn -0.4298 0.8597 0.2759
vn 0.0485 -0.0970 0.9941
vn -0.8106 0.5649 0.1540
vn -0.2940 -0.3622 0.8845
vn -0.9624 0.2157 -0.1649
vn -0.4306 -0.6763 0.5977
vn -0.8273 -0.0547 -0.5591
vn -0.3089 -0.9195 0.2431
vn -0.4568 -0.1428 -0.8780
vn 0.0242 -0.9987 -0.0439
vn -0.0725 0.2053 -0.9760
vn 0.3522 0.4214 -0.8357
vn 0.6899 -0.6778 -0.2543
vn 0.3078 -0.8721 -0.3805
vn -0.3042 0.8619 -0.4056
vn 0.3043 -0.8619 0.4056
vn 0.5734 0.6723 -0.4683
vn 0.8887 -0.4521 0.0760
vn 0.5063 0.8623 -0.0143
vn 0.8284 -0.2812 0.4844
vn 0.1767 0.9188 0.3530
vn 0.5320 -0.2305 0.8148
vn -0.2895 0.8203 0.4933
vn 0.1126 -0.3191 0.9410
vn -0.7143 0.6043 0.3530
vn -0.2695 -0.5133 0.8148
vn -0.9353 0.3535 -0.0144
vn -0.4683 -0.7390 0.4844
vn -0.8683 0.1634 -0.4684
vn -0.4080 -0.9098 0.0760
vn -0.5387 0.1069 -0.8357
vn -0.1116 -0.9607 -0.2544
vn -0.0895 0.4251 -0.9007
vn 0.3612 0.5514 -0.7520
vn 0.5838 -0.6796 -0.4443
vn 0.1675 -0.7960 -0.5817
vn -0.2018 0.9584 -0.2017
vn 0.2018 -0.9584 0.2018
vn 0.6273 0.6890 -0.3630
vn 0.8295 -0.5521 -0.0848
vn 0.6066 0.7862 0.1179
vn 0.8107 -0.4624 0.3590
vn 0.3078 0.8050 0.5071
vn 0.5344 -0.4454 0.7184
vn -0.1556 0.7389 0.6557
vn 0.1065 -0.5061 0.8559
vn -0.6063 0.6126 0.5071
vn -0.3095 -0.6229 0.7184
vn -0.8722 0.4748 0.1179
vn -0.5554 -0.7500 0.3591
vn -0.8518 0.3778 -0.3629
vn -0.5363 -0.8398 -0.0848
vn -0.5529 0.3589 -0.7520
vn -0.2603 -0.8572 -0.4444
vn -0.3548 -0.2048 -0.9122
vn -0.4097 -0.0000 -0.9122
vn -0.4097 -0.0000 0.9122
vn -0.3548 -0.2048 0.9122
vn -0.2048 -0.3548 -0.9122
vn -0.2048 -0.3548 0.9122
vn -0.0000 -0.4097 -0.9122
vn -0.0000 -0.4097 0.9122
vn 0.2048 -0.3548 -0.9122
vn 0.2048 -0.3548 0.9122
vn 0.3548 -0.2048 -0.9122
vn 0.3548 -0.2048 0.9122
vn 0.4097 -0.0000 -0.9122
vn 0.4097 -0.0000 0.9122
vn 0.3548 0.2048 -0.9122
vn 0.3548 0.2048 0.9122
vn 0.2048 0.3548 -0.9122
vn 0.2048 0.3548 0.9122
vn -0.0000 0.4097 -0.9122
vn -0.0000 0.4097 0.9122
vn -0.2048 0.3548 -0.9122
vn -0.2048 0.3548 0.9122
vn -0.3548 0.2048 -0.9122
vn -0.3548 0.2048 0.9122
vn -0.6258 -0.3613 -0.6913
vn -0.7226 -0.0000 -0.6913
vn -0.3613 -0.6258 -0.6913
vn -0.0000 -0.7226 -0.6913
vn 0.3613 -0.6258 -0.6913
vn 0.6258 -0.3613 -0.6913
vn 0.7226 -0.0000 -0.6913
vn 0.6258 0.3613 -0.6913
vn 0.3613 0.6258 -0.6913
vn -0.0000 0.7226 -0.6913
vn -0.3613 0.6258 -0.6913
vn -0.6258 0.3613 -0.6913
vn -0.8040 -0.4642 -0.3718
vn -0.9283 -0.0000 -0.3718
vn -0.4642 -0.8040 -0.3718
vn -0.0000 -0.9283 -0.3718
vn 0.4642 -0.8040 -0.3718
vn 0.8040 -0.4642 -0.3718
vn 0.9283 -0.0000 -0.3718
vn 0.8040 0.4642 -0.3718
vn 0.4642 0.8040 -0.3718
vn -0.0000 0.9283 -0.3718
vn -0.4642 0.8040 -0.3718
vn -0.8040 0.4642 -0.3718
vn -0.8660 -0.5000 -0.0000
vn -0.5000 -0.8660 -0.0000
vn 0.5000 -0.8660 -0.0000
vn 0.8660 -0.5000 -0.0000
vn 0.8660 0.5000 -0.0000
vn 0.5000 0.8660 -0.0000
vn -0.5000 0.8660 -0.0000
vn -0.8660 0.5000 -0.0000
vn -0.8040 -0.4642 0.3718
vn -0.9283 -0.0000 0.3718
vn -0.4642 -0.8040 0.3718
vn -0.0000 -0.9283 0.3718
vn 0.4642 -0.8040 0.3718
vn 0.8040 -0.4642 0.3718
vn 0.9283 -0.0000 0.3718
vn 0.8040 0.4642 0.3718
vn 0.4642 0.8040 0.3718
vn -0.0000 0.9283 0.3718
vn -0.4642 0.8040 0.3718
vn -0.8040 0.4642 0.3718
vn -0.6258 -0.3613 0.6913
vn -0.7226 -0.0000 0.6913
vn -0.3613 -0.6258 0.6913
vn -0.0000 -0.7226 0.6913
vn 0.3613 -0.6258 0.6913
vn 0.6258 -0.3613 0.6913
vn 0.7226 -0.0000 0.6913
vn 0.6258 0.3613 0.6913
vn 0.3613 0.6258 0.6913
vn -0.0000 0.7226 0.6913
vn -0.3613 0.6258 0.6913
vn -0.6258 0.3613 0.6913
vn -0.4480 -0.4480 -0.7737
vn -0.6336 -0.0000 -0.7737
vn -0.6336 -0.0000 0.7737
vn -0.4480 -0.4480 0.7737
vn -0.0000 -0.6336 -0.7737
vn -0.0000 -0.6336 0.7737
vn 0.4480 -0.4480 -0.7737
vn 0.4480 -0.4480 0.7737
vn 0.6336 -0.0000 -0.7737
vn 0.6336 -0.0000 0.7737
vn 0.4480 0.4480 -0.7737
vn 0.4480 0.4480 0.7737
vn -0.0000 0.6336 -0.7737
vn -0.0000 0.6336 0.7737
vn -0.4480 0.4480 -0.7737
vn -0.4480 0.4480 0.7737
vn -0.6770 -0.6770 -0.2889
vn -0.9574 -0.0000 -0.2889
vn -0.0000 -0.9574 -0.2889
vn 0.6770 -0.6770 -0.2889
vn 0.9574 -0.0000 -0.2889
vn 0.6770 0.6770 -0.2889
vn -0.0000 0.9574 -0.2889
vn -0.6770 0.6770 -0.2889
vn -0.6770 -0.6770 0.2889
vn -0.9574 -0.0000 0.2889
vn -0.0000 -0.9574 0.2889
vn 0.6770 -0.6770 0.2889
vn 0.9574 -0.0000 0.2889
vn 0.6770 0.6770 0.2889
vn -0.0000 0.9574 0.2889
vn -0.6770 0.6770 0.2889
vn -0.0000 -0.4499 -0.8931
vn -0.8931 -0.4499 -0.0000
vn -0.7107 0.7035 -0.0000
vn -0.0000 0.7035 -0.7107
vn -0.0000 -0.4499 0.8931
vn -0.0000 0.7035 0.7107
vn 0.8931 -0.4499 -0.0000
vn 0.7107 0.7035 -0.0000
vn -0.0000 -0.5689 -0.8224
vn -0.7122 -0.5689 -0.4112
vn -0.6577 0.6505 -0.3797
vn -0.0000 0.6505 -0.7595
vn -0.7122 -0.5689 0.4112
vn -0.6577 0.6505 0.3797
vn -0.0000 -0.5689 0.8224
vn -0.0000 0.6505 0.7595
vn 0.7122 -0.5689 0.4112
vn 0.6577 0.6505 0.3797
vn 0.7122 -0.5689 -0.4112
vn 0.6577 0.6505 -0.3797
vn 0.8448 -0.0000 -0.5350
vn 0.4224 0.7316 -0.5351
vn 0.3652 0.6325 0.6831
vn 0.7303 -0.0000 0.6831
vn -0.4224 0.7316 -0.5351
vn -0.3652 0.6325 0.6831
vn -0.8448 -0.0000 -0.5350
vn -0.7303 -0.0000 0.6831
vn -0.4224 -0.7316 -0.5351
vn -0.3652 -0.6325 0.6831
vn 0.4224 -0.7316 -0.5351
vn 0.3652 -0.6325 0.6831
vn 0.8494 -0.0000 -0.5277
vn 0.4247 0.7356 -0.5277
vn 0.3619 0.6268 0.6900
vn 0.7238 -0.0000 0.6900
vn -0.4247 0.7356 -0.5277
vn -0.3619 0.6268 0.6900
vn -0.8494 -0.0000 -0.5277
vn -0.7238 -0.0000 0.6900
vn -0.4247 -0.7356 -0.5277
vn -0.3619 -0.6268 0.6900
vn 0.4247 -0.7356 -0.5277
vn 0.3619 -0.6268 0.6900
vn 0.8615 -0.0000 -0.5078
vn 0.4307 0.7461 -0.5078
vn 0.3527 0.6110 0.7087
vn 0.7055 -0.0000 0.7087
vn -0.4307 0.7461 -0.5078
vn -0.3527 0.6110 0.7087
vn -0.8615 -0.0000 -0.5078
vn -0.7055 -0.0000 0.7087
vn -0.4307 -0.7461 -0.5078
vn -0.3527 -0.6110 0.7087
vn 0.4307 -0.7461 -0.5078
vn 0.3527 -0.6110 0.7087
vn 0.8796 -0.0000 -0.4758
vn 0.4398 0.7617 -0.4758
vn 0.3373 0.5842 0.7382
vn 0.6746 -0.0000 0.7382
vn -0.4398 0.7617 -0.4758
vn -0.3373 0.5842 0.7382
vn -0.8796 -0.0000 -0.4758
vn -0.6746 -0.0000 0.7382
vn -0.4398 -0.7617 -0.4758
vn -0.3373 -0.5842 0.7382
vn 0.4398 -0.7617 -0.4758
vn 0.3373 -0.5842 0.7382
vn 0.7714 -0.0000 -0.6364
vn 0.3475 0.8681 -0.3545
vn 0.4687 0.8833 -0.0000
vn -0.2705 0.9365 0.2231
vn -0.2909 0.9567 -0.0000
vn -0.7000 -0.0000 0.7141
vn -0.2705 -0.9365 0.2231
vn -0.2909 -0.9567 -0.0000
vn 0.3475 -0.8681 -0.3545
vn 0.4687 -0.8833 -0.0000
vn 0.3620 -0.0000 -0.9322
vn 0.1617 0.8504 -0.5007
vn -0.1566 0.9017 0.4031
vn -0.3072 -0.0000 0.9516
vn -0.1566 -0.9017 0.4031
vn 0.1617 -0.8504 -0.5007
vn -0.0000 0.8445 -0.5355
vn -0.0000 0.8875 0.4609
vn -0.0000 -0.8875 0.4609
vn -0.0000 -0.8445 -0.5355
vn -0.3620 -0.0000 -0.9322
vn -0.1616 0.8504 -0.5007
vn 0.1565 0.9016 0.4032
vn 0.3072 -0.0000 0.9516
vn 0.1565 -0.9016 0.4032
vn -0.1616 -0.8504 -0.5007
vn -0.7714 -0.0000 -0.6364
vn -0.3475 0.8681 -0.3545
vn 0.2705 0.9365 0.2231
vn 0.7000 -0.0000 0.7142
vn 0.2705 -0.9365 0.2231
vn -0.3475 -0.8681 -0.3545
vn -0.4687 0.8833 -0.0000
vn 0.2909 0.9567 -0.0000
vn 0.2909 -0.9567 -0.0000
vn -0.4687 -0.8833 -0.0000
vn -0.7714 -0.0000 0.6364
vn -0.3475 0.8681 0.3545
vn 0.2705 0.9365 -0.2231
vn 0.7000 -0.0000 -0.7141
vn 0.2705 -0.9365 -0.2231
vn -0.3475 -0.8681 0.3545
vn -0.3620 -0.0000 0.9322
vn -0.1617 0.8504 0.5007
vn 0.1566 0.9017 -0.4031
vn 0.3072 -0.0000 -0.9516
vn 0.1566 -0.9017 -0.4031
vn -0.1617 -0.8504 0.5007
vn -0.0000 0.8445 0.5355
vn -0.0000 0.8875 -0.4609
vn -0.0000 -0.8875 -0.4609
vn -0.0000 -0.8445 0.5355
vn 0.3620 -0.0000 0.9322
vn 0.1617 0.8504 0.5007
vn -0.1566 0.9017 -0.4031
vn -0.3072 -0.0000 -0.9516
vn -0.1566 -0.9017 -0.4031
vn 0.1617 -0.8504 0.5007
vn 0.7714 -0.0000 0.6364
vn 0.3475 0.8681 0.3545
vn -0.2705 0.9365 -0.2231
vn -0.7000 -0.0000 -0.7141
vn -0.2705 -0.9365 -0.2231
vn 0.3475 -0.8681 0.3545
vn 0.7714 -0.6364 -0.0000
vn 0.3475 -0.3545 -0.8681
vn 0.4687 -0.0000 -0.8833
vn -0.2705 0.2231 -0.9365
vn -0.2909 -0.0000 -0.9567
vn -0.7000 0.7141 -0.0000
vn -0.2705 0.2231 0.9365
vn -0.2909 -0.0000 0.9567
vn 0.3475 -0.3545 0.8681
vn 0.4687 -0.0000 0.8833
vn 0.3620 -0.9322 -0.0000
vn 0.1616 -0.5007 -0.8504
vn -0.1565 0.4031 -0.9016
vn -0.3072 0.9516 -0.0000
vn -0.1565 0.4031 0.9016
vn 0.1616 -0.5007 0.8504
vn -0.0000 -0.5355 -0.8445
vn -0.0000 0.4609 -0.8875
vn -0.0000 0.4609 0.8875
vn -0.0000 -0.5355 0.8445
vn -0.3620 -0.9322 -0.0000
vn -0.1616 -0.5007 -0.8504
vn 0.1565 0.4032 -0.9016
vn 0.3072 0.9516 -0.0000
vn 0.1566 0.4032 0.9016
vn -0.1616 -0.5007 0.8504
vn -0.7714 -0.6364 -0.0000
vn -0.3475 -0.3545 -0.8681
vn 0.2705 0.2231 -0.9365
vn 0.7000 0.7142 -0.0000
vn 0.2705 0.2231 0.9365
vn -0.3475 -0.3545 0.8681
vn -0.4687 -0.0000 -0.8833
vn 0.2909 -0.0000 -0.9567
vn 0.2909 -0.0000 0.9567
vn -0.4687 -0.0000 0.8833
vn -0.7714 0.6364 -0.0000
vn -0.3475 0.3545 -0.8681
vn 0.2705 -0.2231 -0.9365
vn 0.7000 -0.7142 -0.0000
vn 0.2705 -0.2231 0.9365
vn -0.3475 0.3545 0.8681
vn -0.3620 0.9322 -0.0000
vn -0.1616 0.5007 -0.8504
vn 0.1565 -0.4032 -0.9016
vn 0.3072 -0.9516 -0.0000
vn 0.1565 -0.4032 0.9016
vn -0.1616 0.5007 0.8504
vn -0.0000 0.5355 -0.8445
vn -0.0000 -0.4609 -0.8875
vn -0.0000 -0.4609 0.8875
vn -0.0000 0.5355 0.8445
vn 0.3620 0.9322 -0.0000
vn 0.1616 0.5007 -0.8504
vn -0.1565 -0.4031 -0.9016
vn -0.3072 -0.9516 -0.0000
vn -0.1565 -0.4031 0.9016
vn 0.1616 0.5007 0.8504
vn 0.7714 0.6364 -0.0000
vn 0.3475 0.3545 -0.8681
vn -0.2705 -0.2231 -0.9365
vn -0.7000 -0.7141 -0.0000
vn -0.2705 -0.2231 0.9365
vn 0.3475 0.3545 0.8681
vn -0.7000 -0.0000 0.7142
vn 0.1616 0.8504 -0.5007
vn -0.1565 0.9016 0.4032
vn -0.1565 -0.9016 0.4032
vn 0.1616 -0.8504 -0.5007
vn -0.1617 0.8504 -0.5007
vn 0.1566 0.9017 0.4031
vn 0.1566 -0.9017 0.4031
vn -0.1617 -0.8504 -0.5007
vn 0.7000 -0.0000 0.7141
vn 0.1616 0.8504 0.5007
vn -0.1565 0.9016 -0.4032
vn -0.1565 -0.9016 -0.4032
vn 0.1616 -0.8504 0.5007
vn -0.7000 -0.0000 -0.7142
vn 0.1566 0.4032 -0.9016
vn 0.1565 0.9016 0.4031
vn 0.1565 -0.9016 0.4031
vn -0.1616 0.8504 0.5007
vn 0.1565 0.9016 -0.4031
vn 0.1565 -0.9016 -0.4031
vn -0.1616 -0.8504 0.5007
vn 0.1617 -0.5007 -0.8504
vn -0.1566 0.4031 -0.9017
vn -0.1566 0.4031 0.9017
vn 0.1617 -0.5007 0.8504
vn 0.1566 -0.4032 0.9016
vn 0.1617 0.5007 -0.8504
vn -0.1566 -0.4031 -0.9017
vn -0.1566 -0.4031 0.9017
vn 0.1617 0.5007 0.8504
vn -0.0000 -0.6364 0.7714
vn 0.8681 -0.3545 0.3475
vn 0.8833 -0.0000 0.4687
vn 0.9365 0.2231 -0.2705
vn 0.9567 -0.0000 -0.2909
vn -0.0000 0.7142 -0.7000
vn -0.9365 0.2231 -0.2705
vn -0.9567 -0.0000 -0.2909
vn -0.8681 -0.3545 0.3475
vn -0.8833 -0.0000 0.4687
vn -0.0000 -0.9322 0.3620
vn 0.8504 -0.5007 0.1617
vn 0.9016 0.4032 -0.1565
vn -0.0000 0.9516 -0.3072
vn -0.9016 0.4032 -0.1565
vn -0.8504 -0.5007 0.1617
vn 0.8445 -0.5355 -0.0000
vn 0.8875 0.4609 -0.0000
vn -0.8875 0.4609 -0.0000
vn -0.8445 -0.5355 -0.0000
vn -0.0000 -0.9322 -0.3620
vn 0.8504 -0.5007 -0.1617
vn 0.9016 0.4032 0.1565
vn -0.0000 0.9516 0.3072
vn -0.9016 0.4032 0.1565
vn -0.8504 -0.5007 -0.1617
vn -0.0000 -0.6364 -0.7714
vn 0.8681 -0.3545 -0.3475
vn 0.9365 0.2231 0.2705
vn -0.0000 0.7142 0.7000
vn -0.9365 0.2231 0.2705
vn -0.8681 -0.3545 -0.3475
vn 0.8833 -0.0000 -0.4687
vn 0.9567 -0.0000 0.2909
vn -0.9567 -0.0000 0.2909
vn -0.8833 -0.0000 -0.4687
vn -0.0000 0.6364 -0.7714
vn 0.8681 0.3545 -0.3475
vn 0.9365 -0.2231 0.2705
vn -0.0000 -0.7141 0.7000
vn -0.9365 -0.2231 0.2705
vn -0.8681 0.3545 -0.3475
vn -0.0000 0.9322 -0.3620
vn 0.8504 0.5007 -0.1617
vn 0.9017 -0.4031 0.1566
vn -0.0000 -0.9516 0.3072
vn -0.9016 -0.4032 0.1565
vn -0.8504 0.5007 -0.1617
vn 0.8445 0.5355 -0.0000
vn 0.8875 -0.4609 -0.0000
vn -0.8875 -0.4609 -0.0000
vn -0.8445 0.5355 -0.0000
vn -0.0000 0.9322 0.3620
vn 0.8504 0.5007 0.1617
vn 0.9016 -0.4032 -0.1565
vn -0.0000 -0.9516 -0.3072
vn -0.9016 -0.4032 -0.1565
vn -0.8504 0.5007 0.1617
vn -0.0000 0.6364 0.7714
vn 0.8681 0.3545 0.3475
vn 0.9365 -0.2231 -0.2705
vn -0.0000 -0.7142 -0.7000
vn -0.9365 -0.2231 -0.2705
vn -0.8681 0.3545 0.3475
vn 0.6364 -0.0000 0.7714
vn 0.3545 0.8681 0.3475
vn -0.0000 0.8833 0.4687
vn -0.2231 0.9365 -0.2705
vn -0.0000 0.9567 -0.2909
vn -0.7141 -0.0000 -0.7000
vn -0.2231 -0.9365 -0.2705
vn -0.0000 -0.9567 -0.2909
vn 0.3545 -0.8681 0.3475
vn -0.0000 -0.8833 0.4687
vn 0.9322 -0.0000 0.3620
vn 0.5007 0.8504 0.1616
vn -0.4031 0.9016 -0.1565
vn -0.9516 -0.0000 -0.3072
vn -0.4031 -0.9016 -0.1565
vn 0.5007 -0.8504 0.1616
vn 0.5355 0.8445 -0.0000
vn -0.4609 0.8875 -0.0000
vn -0.4609 -0.8875 -0.0000
vn 0.5355 -0.8445 -0.0000
vn 0.9322 -0.0000 -0.3620
vn 0.5007 0.8504 -0.1616
vn -0.4032 0.9016 0.1565
vn -0.9516 -0.0000 0.3072
vn -0.4032 -0.9016 0.1565
vn 0.5007 -0.8504 -0.1616
vn 0.6364 -0.0000 -0.7714
vn 0.3545 0.8681 -0.3475
vn -0.2231 0.9365 0.2705
vn -0.7142 -0.0000 0.7000
vn -0.2231 -0.9365 0.2705
vn 0.3545 -0.8681 -0.3475
vn -0.0000 0.8833 -0.4687
vn -0.0000 0.9567 0.2909
vn -0.0000 -0.9567 0.2909
vn -0.0000 -0.8833 -0.4687
vn -0.6364 -0.0000 -0.7714
vn -0.3545 0.8681 -0.3475
vn 0.2231 0.9365 0.2705
vn 0.7142 -0.0000 0.7000
vn 0.2231 -0.9365 0.2705
vn -0.3545 -0.8681 -0.3475
vn -0.9322 -0.0000 -0.3620
vn -0.5007 0.8504 -0.1616
vn 0.4032 0.9016 0.1565
vn 0.9516 -0.0000 0.3072
vn 0.4032 -0.9016 0.1565
vn -0.5007 -0.8504 -0.1616
vn -0.5355 0.8445 -0.0000
vn 0.4609 0.8875 -0.0000
vn 0.4609 -0.8875 -0.0000
vn -0.5355 -0.8445 -0.0000
vn -0.9322 -0.0000 0.3620
vn -0.5007 0.8504 0.1616
vn 0.4031 0.9016 -0.1565
vn 0.9516 -0.0000 -0.3072
vn 0.4031 -0.9016 -0.1565
vn -0.5007 -0.8504 0.1616
vn -0.6364 -0.0000 0.7714
vn -0.3545 0.8681 0.3475
vn 0.2231 0.9365 -0.2705
vn 0.7141 -0.0000 -0.7000
vn 0.2231 -0.9365 -0.2705
vn -0.3545 -0.8681 0.3475
vn 0.8504 -0.5007 0.1616
vn -0.8504 -0.5007 0.1616
vn 0.9017 0.4031 0.1566
vn -0.9017 0.4031 0.1566
vn -0.0000 0.7141 0.7000
vn -0.9017 -0.4031 0.1566
vn 0.8504 0.5007 0.1616
vn -0.8504 0.5007 0.1616
vn 0.8504 -0.5007 -0.1616
vn 0.9016 0.4031 0.1565
vn -0.9016 0.4031 0.1565
vn -0.8504 -0.5007 -0.1616
vn 0.8504 0.5007 -0.1616
vn 0.9016 -0.4031 0.1565
vn -0.9016 -0.4031 0.1565
vn -0.8504 0.5007 -0.1616
vn 0.5007 0.8504 0.1617
vn -0.4031 0.9017 -0.1566
vn -0.4031 -0.9017 -0.1566
vn 0.5007 -0.8504 0.1617
vn -0.5007 0.8504 0.1617
vn 0.4031 0.9017 -0.1566
vn 0.4031 -0.9017 -0.1566
vn -0.5007 -0.8504 0.1617
vn 0.9016 0.4032 -0.1566
vn -0.7142 -0.0000 -0.7000
vn -0.0000 -0.9568 -0.2909
vn -0.4032 0.9016 -0.1566
vn -0.4032 -0.9016 -0.1566
vn -0.4032 0.9016 0.1566
vn -0.4032 -0.9016 0.1566
vn 0.4032 0.9016 -0.1566
vn 0.4032 -0.9016 -0.1566
vn 0.7142 -0.0000 -0.7000
vn 0.7000 0.7141 -0.0000
vn 0.1566 0.4031 0.9016
vn 0.1565 0.4031 -0.9016
vn -0.1565 0.4032 0.9016
vn -0.1565 0.4032 -0.9016
vn -0.7000 0.7142 -0.0000
vn -0.7000 -0.7142 -0.0000
vn -0.1566 -0.4032 0.9016
vn -0.1566 -0.4032 -0.9016
vn 0.1565 -0.4031 0.9016
vn 0.1565 -0.4031 -0.9016
vn 0.7000 -0.7141 -0.0000
vn 0.7000 -0.0000 -0.7142
vn 0.1565 0.9016 -0.4032
vn 0.1565 -0.9016 -0.4032
vn -0.1565 0.9016 -0.4031
vn -0.1565 -0.9016 -0.4031
vn -0.1565 0.9016 0.4031
vn -0.1565 -0.9016 0.4031
vn 0.1566 0.4031 0.9017
vn 0.1566 0.4031 -0.9017
vn -0.1617 -0.5007 -0.8504
vn -0.1617 0.5007 0.8504
vn 0.1566 -0.4031 0.9017
vn 0.1566 -0.4031 -0.9017
vn -0.1617 0.5007 -0.8504
vn 0.7141 -0.0000 0.7000
vn 0.4031 0.9016 0.1565
vn 0.4031 -0.9016 0.1565
vn -0.4032 0.9016 -0.1565
vn -0.4032 -0.9016 -0.1565
vn -0.4031 0.9016 0.1565
vn -0.4031 -0.9016 0.1565
vn -0.7141 -0.0000 0.7000
vn -0.9017 0.4031 -0.1566
vn 0.9017 0.4031 -0.1566
vn -0.0000 0.7141 -0.7000
vn -0.0000 -0.7141 -0.7000
vn -0.9017 -0.4031 -0.1566
vn 0.9017 -0.4031 -0.1566
vn 0.9016 -0.4032 0.1565
vn -0.0000 -0.7142 0.7000
vn 0.4032 0.9016 -0.1565
vn 0.4032 -0.9016 -0.1565
vn -0.9016 0.4031 -0.1565
vn 0.9016 0.4031 -0.1565
vn -0.9016 -0.4031 -0.1565
vn 0.9016 -0.4031 -0.1565
vn -0.5007 0.8504 -0.1617
vn 0.4031 0.9017 0.1566
vn 0.4031 -0.9017 0.1566
vn -0.5007 -0.8504 -0.1617
vn 0.5007 0.8504 -0.1617
vn -0.4031 0.9017 0.1566
vn -0.4031 -0.9017 0.1566
vn 0.5007 -0.8504 -0.1617
vn 0.5168 -0.0000 -0.8561
vn 0.5168 -0.7414 -0.4280
vn -0.7003 -0.6182 -0.3569
vn -0.7003 -0.0000 -0.7138
vn 0.5168 -0.7414 0.4280
vn -0.7003 -0.6182 0.3569
vn 0.5168 -0.0000 0.8561
vn -0.7003 -0.0000 0.7138
vn 0.5168 0.7414 0.4280
vn -0.7003 0.6182 0.3569
vn 0.5168 0.7414 -0.4280
vn -0.7003 0.6182 -0.3569
vn -0.5168 -0.0000 -0.8561
vn -0.5168 0.7414 -0.4280
vn 0.7003 0.6182 -0.3569
vn 0.7003 -0.0000 -0.7138
vn -0.5168 0.7414 0.4280
vn 0.7003 0.6182 0.3569
vn -0.5168 -0.0000 0.8561
vn 0.7003 -0.0000 0.7138
vn -0.5168 -0.7414 0.4280
vn 0.7003 -0.6182 0.3569
vn -0.5168 -0.7414 -0.4280
vn 0.7003 -0.6182 -0.3569
vt 0.812618 0.743866
vt 0.846837 0.746741
vt 0.819018 0.748923
vt 0.617938 0.749148
vt 0.868687 0.746781
vt 0.865183 0.744480
vt 0.875000 0.748862
vt 0.377381 0.649234
vt 0.000000 0.000000
vt 0.375000 0.750000
vt 0.404205 0.750000
vt 0.571728 0.722469
vt 0.606396 0.750000
vt 0.580662 0.750000
vt 0.570047 0.721835
vt 0.000000 0.931420
vt 0.083333 0.931420
vt 0.166667 0.931420
vt 0.420984 0.448421
vt 0.625000 0.438470
vt 0.916667 0.931420
vt 1.000000 0.931420
vt 0.016302 0.931420
vt 0.579397 0.985979
vt 0.569058 0.985979
vt 0.593913 1.000000
vt 0.402791 0.498101
vt 0.426930 0.980945
vt 0.393271 1.000000
vt 0.414888 0.980945
vt 0.381085 0.503579
vt 0.428784 0.501813
vt 0.477715 0.500000
vt 0.754787 0.931420
vt 0.754786 0.931420
vt 0.776007 0.931420
vt 0.833333 0.931420
vt 0.611955 0.875007
vt 0.419372 0.875007
vt 0.611955 1.000000
vt 0.419372 1.000000
vt 0.611954 0.750000
vt 0.419372 0.750000
vt 0.250000 0.931420
vt 0.174423 0.931420
vt 0.245825 0.933102
vt 0.476048 0.750000
vt 0.559329 0.750000
vt 0.250000 0.940482
vt 1.000000 0.521552
vt 0.973191 0.519972
vt 1.000000 0.559982
vt 0.833760 0.931420
vt 0.916234 0.931420
vt 0.983698 0.931420
vt 0.787321 0.931420
vt 0.170152 0.931420
vt 0.489961 0.924393
vt 0.515882 0.836767
vt 0.515882 0.932237
vt 0.484766 0.847951
vt 0.583579 0.865572
vt 0.583579 0.891033
vt 0.625000 0.492825
vt 0.625000 0.493445
vt 0.007326 0.931420
vt 0.244128 0.934861
vt 0.875000 0.746292
vt 0.868687 0.722177
vt 0.875000 0.723853
vt 0.625000 0.572967
vt 0.625000 0.683048
vt 0.625000 0.687621
vt 0.625000 0.651744
vt 0.625000 0.640205
vt 0.625000 0.638493
vt 0.846878 0.722143
vt 0.793647 0.931420
vt 0.833525 0.931420
vt 0.916472 0.931420
vt 0.992674 0.931420
vt 0.375000 0.638916
vt 0.375000 0.569521
vt 0.355488 0.693665
vt 0.251757 0.527051
vt 0.263634 0.546128
vt 0.251380 0.526447
vt 0.256994 0.535464
vt 0.373133 0.722007
vt 0.373014 0.721815
vt 0.625000 0.675823
vt 0.625000 0.629833
vt 0.625000 0.623504
vt 0.625000 0.605425
vt 0.625000 0.545271
vt 0.625000 0.578351
vt 0.625000 0.546302
vt 0.464111 0.208378
vt 0.499306 0.173183
vt 0.465028 0.250000
vt 0.454164 0.212907
vt 0.522316 0.208378
vt 0.522316 0.250000
vt 0.485452 0.278884
vt 0.522316 0.291622
vt 0.610316 0.332481
vt 0.605450 0.250000
vt 0.606579 0.269136
vt 0.521544 0.250000
vt 0.537362 0.292876
vt 0.550322 0.250000
vt 0.541843 0.289374
vt 0.415878 0.332481
vt 0.393179 0.250000
vt 0.265255 0.738177
vt 0.125000 0.686833
vt 0.176239 0.706100
vt 0.819087 0.723854
vt 0.448918 0.053179
vt 0.452050 0.054689
vt 0.452338 0.043076
vt 0.353484 0.753857
vt 0.354852 0.752663
vt 0.345573 0.760758
vt 0.350866 0.782171
vt 0.348447 0.781718
vt 0.329377 0.778148
vt 0.266346 0.766348
vt 0.304792 0.773545
vt 0.266345 0.766348
vt 0.319240 0.776250
vt 0.625000 0.712297
vt 0.380886 0.724935
vt 0.562199 0.722739
vt 0.380103 0.524300
vt 0.625000 0.527525
vt 0.625000 0.750000
vt 0.402189 0.750000
vt 0.462142 0.801342
vt 0.441493 0.194849
vt 0.441691 0.194227
vt 0.443517 0.198970
vt 0.403873 0.500000
vt 0.375000 0.500000
vt 0.221140 0.500000
vt 0.542955 0.544438
vt 0.392146 0.568850
vt 0.481507 0.466052
vt 0.393221 0.562003
vt 0.392915 0.563929
vt 0.536409 0.405396
vt 0.817482 0.500000
vt 0.666673 0.524412
vt 0.620308 0.295736
vt 0.625000 0.307519
vt 0.125000 0.728402
vt 0.265255 0.804821
vt 0.140062 0.690127
vt 0.126124 0.745466
vt 0.132590 0.740931
vt 0.124993 0.740704
vt 0.118815 0.745283
vt 0.119571 0.746330
vt 0.129693 0.747967
vt 0.148763 0.749899
vt 0.177116 0.749778
vt 0.163111 0.745466
vt 0.165575 0.740931
vt 0.165575 0.613081
vt 0.132313 0.613080
vt 0.125000 0.523635
vt 0.132304 0.608945
vt 0.165575 0.610939
vt 0.132160 0.542782
vt 0.165575 0.542783
vt 0.356738 0.752687
vt 0.361320 0.752743
vt 0.608981 0.267290
vt 0.599963 0.172518
vt 0.583546 0.000000
vt 0.592565 0.094772
vt 0.375000 0.174961
vt 0.375000 0.232628
vt 0.375000 0.244903
vt 0.625000 1.000000
vt 0.511517 0.666036
vt 0.375000 0.048594
vt 0.375000 0.048786
vt 0.375000 0.143223
vt 0.235893 0.675240
vt 0.239459 0.658236
vt 0.250000 0.939285
vt 0.250000 0.935951
vt 0.249848 0.924867
vt 0.249986 0.915580
vt 0.249826 0.929520
vt 0.249975 0.930843
vt 0.249992 0.922798
vt 0.249858 0.931497
vt 0.249884 0.933316
vt 0.249897 0.934731
vt 0.249896 0.935433
vt 0.250000 0.967766
vt 0.218424 0.536344
vt 0.233711 0.655711
vt 0.236249 0.677973
vt 0.236956 0.685188
vt 0.232900 0.633369
vt 0.237898 0.695708
vt 0.238935 0.707948
vt 0.244657 0.772098
vt 0.243219 0.759690
vt 0.244511 0.773705
vt 0.245873 0.785427
vt 0.249911 0.832318
vt 0.249913 0.835019
vt 0.248593 0.715186
vt 0.254836 0.704648
vt 0.251251 0.706007
vt 0.249808 0.718536
vt 0.249808 0.709287
vt 0.267498 0.745544
vt 0.260474 0.737448
vt 0.260476 0.737451
vt 0.257963 0.734555
vt 0.253065 0.728910
vt 0.253258 0.727869
vt 0.249491 0.719354
vt 0.249217 0.712871
vt 0.248921 0.710130
vt 0.237692 0.625405
vt 0.243145 0.706003
vt 0.238790 0.644408
vt 0.239193 0.652424
vt 0.243401 0.714921
vt 0.244614 0.736879
vt 0.242467 0.714794
vt 0.246320 0.764073
vt 0.249906 0.826807
vt 0.249900 0.820074
vt 0.242332 0.721887
vt 0.248076 0.707585
vt 0.247623 0.704122
vt 0.231586 0.597180
vt 0.240059 0.692571
vt 0.240484 0.702224
vt 0.232397 0.619523
vt 0.242198 0.725889
vt 0.244624 0.755999
vt 0.586059 0.330214
vt 0.621054 0.309819
vt 0.584608 0.283885
vt 0.583546 0.250000
vt 0.916667 0.582626
vt 1.000000 0.604464
vt 1.000000 0.582626
vt 0.916667 0.604464
vt 1.000000 0.895536
vt 0.916667 0.895536
vt 1.000000 0.917383
vt 0.916667 0.917383
vt 0.000000 0.582626
vt 0.083333 0.604464
vt 0.083333 0.582626
vt 0.000000 0.604464
vt 0.083333 0.895536
vt 0.000000 0.895536
vt 0.083333 0.917383
vt 0.000000 0.917383
vt 0.466082 0.000000
vt 0.466082 0.088641
vt 0.577807 0.746661
vt 0.466082 0.250000
vt 0.449463 0.161359
vt 0.466082 0.161359
vt 0.477759 1.000000
vt 0.412336 1.000000
vt 0.414076 0.985626
vt 0.477759 0.985626
vt 0.416652 0.976715
vt 0.477759 0.976715
vt 0.421883 0.958270
vt 0.423998 0.938360
vt 0.598421 0.938360
vt 0.524243 1.000000
vt 0.524243 0.985626
vt 0.598421 0.985626
vt 0.598421 0.976715
vt 0.375000 0.729177
vt 0.375000 0.515481
vt 0.375000 0.562407
vt 0.375000 0.524427
vt 0.375000 0.529516
vt 0.375000 0.543417
vt 0.388377 0.405785
vt 0.375000 0.300815
vt 0.420201 0.397846
vt 0.404371 0.267058
vt 0.485350 0.319879
vt 0.422610 0.253592
vt 0.496076 0.346559
vt 0.495678 0.293736
vt 0.526532 0.283095
vt 0.553420 0.293819
vt 0.559340 0.320148
vt 0.532794 0.398304
vt 0.519485 0.357744
vt 0.545291 0.346772
vt 0.625000 0.529456
vt 0.625000 0.494080
vt 0.625000 0.739132
vt 0.625000 0.490734
vt 0.625000 0.726848
vt 0.419212 0.000000
vt 0.435830 0.088641
vt 0.388968 0.501734
vt 0.424231 0.552259
vt 0.397054 0.499841
vt 0.426293 0.556331
vt 0.423080 0.549489
vt 0.423309 0.549528
vt 0.427217 0.556480
vt 0.428256 0.559433
vt 0.439028 0.574113
vt 0.429054 0.559795
vt 0.427317 0.556692
vt 0.424963 0.552454
vt 0.577720 0.651172
vt 0.577720 0.522226
vt 0.577720 0.521118
vt 0.577720 0.662771
vt 0.577720 0.643290
vt 0.000000 0.500000
vt 0.500000 0.500000
vt 0.375000 0.639408
vt 0.375000 0.523903
vt 0.375000 0.014357
vt 0.375000 0.018810
vt 0.375000 0.235643
vt 0.375000 0.237833
vt 1.000000 0.940145
vt 0.875000 0.500000
vt 0.875000 0.940145
vt 1.000000 0.500000
vt 0.750000 0.940144
vt 0.750000 0.500000
vt 0.625000 0.500000
vt 0.625000 0.940144
vt 0.500000 0.940144
vt 0.375000 0.940145
vt 0.250000 0.940144
vt 0.250000 0.500000
vt 0.125000 0.500000
vt 0.125000 0.940145
vt 0.000000 0.940145
vt 0.375000 0.515043
vt 0.498096 0.659060
vt 0.433839 0.602413
vt 0.482898 0.648892
vt 0.423750 0.597551
vt 0.491924 0.659158
vt 0.404178 0.600154
vt 0.499396 0.668808
vt 0.540317 0.714823
vt 0.524976 0.712136
vt 0.396987 0.607887
vt 0.375000 0.600454
vt 0.391458 0.624058
vt 0.375000 0.654595
vt 0.383712 0.662821
vt 0.598421 0.915873
vt 0.396926 0.915873
vt 0.396926 0.875000
vt 0.598421 0.875000
vt 0.512114 0.125381
vt 0.499306 0.075022
vt 0.465905 0.041622
vt 0.512457 0.124103
vt 0.359879 0.752725
vt 0.361948 0.752751
vt 0.363591 0.752771
vt 0.362949 0.752764
vt 0.375000 0.711465
vt 0.537811 0.273263
vt 0.290330 1.000000
vt 0.451491 0.843588
vt 0.429444 0.922363
vt 0.618837 1.000000
vt 0.715199 1.000000
vt 0.625000 0.223629
vt 0.566898 0.231958
vt 0.574364 0.219435
vt 0.580629 0.201356
vt 0.592907 0.136133
vt 0.592131 0.002817
vt 0.498035 0.024675
vt 0.448208 0.000000
vt 0.469646 0.018480
vt 0.559528 0.036714
vt 0.618262 0.014275
vt 0.574093 0.061774
vt 0.625000 0.017230
vt 0.599569 0.060117
vt 0.609363 0.047534
vt 0.588843 0.086919
vt 0.618110 0.045197
vt 0.583969 0.117511
vt 0.562530 0.480575
vt 0.584626 0.137933
vt 0.588457 0.142771
vt 0.585203 0.178774
vt 0.598061 0.126581
vt 0.250000 1.000000
vt 0.586559 1.000000
vt 0.573418 1.000000
vt 0.510260 1.000000
vt 0.492316 1.000000
vt 0.502123 1.000000
vt 0.415921 0.005199
vt 0.562568 0.029855
vt 0.604511 0.008246
vt 0.480768 0.023175
vt 0.617729 0.014042
vt 0.597213 0.041211
vt 0.619588 0.067614
vt 0.449262 0.946464
vt 0.621057 0.091367
vt 0.436246 1.000000
vt 0.630097 0.207926
vt 0.632649 0.236966
vt 0.680572 1.000000
vt 0.705534 1.000000
vt 0.533988 1.000000
vt 0.292342 1.000000
vt 0.464482 1.000000
vt 0.311751 1.000000
vt 0.373049 1.000000
vt 0.682227 1.000000
vt 0.750000 0.490000
vt 0.510000 0.250000
vt 0.990000 0.250000
vt 0.580294 0.419706
vt 0.919706 0.419706
vt 0.750000 0.010000
vt 0.919706 0.080294
vt 0.580294 0.080294
vt 0.166667 0.604464
vt 0.166667 0.582626
vt 0.166667 0.895536
vt 0.166667 0.917383
vt 0.588230 0.713787
vt 0.588924 0.716528
vt 0.588878 0.713390
vt 0.604578 0.706685
vt 0.601189 0.705838
vt 0.603815 0.704298
vt 0.579639 0.701971
vt 0.575396 0.699346
vt 0.578505 0.701768
vt 0.582970 0.715793
vt 0.578018 0.717544
vt 0.592259 0.722213
vt 0.593115 0.723255
vt 0.592725 0.725988
vt 0.577198 0.716501
vt 0.578548 0.715020
vt 0.549906 0.700999
vt 0.553343 0.695255
vt 0.550368 0.694418
vt 0.535648 0.692649
vt 0.562538 0.701392
vt 0.552832 0.701874
vt 0.559896 0.702694
vt 0.584193 0.713217
vt 0.577251 0.713534
vt 0.583972 0.714786
vt 0.574538 0.711458
vt 0.587962 0.713239
vt 0.584672 0.712711
vt 0.591252 0.716185
vt 0.589464 0.713572
vt 0.583886 0.714792
vt 0.566350 0.706025
vt 0.571496 0.703102
vt 0.562978 0.704022
vt 0.566811 0.701964
vt 0.572809 0.699537
vt 0.576017 0.702380
vt 0.577071 0.701835
vt 0.573487 0.703389
vt 0.587689 0.711889
vt 0.582017 0.711561
vt 0.588112 0.711614
vt 0.572262 0.708591
vt 0.574545 0.710189
vt 0.573534 0.704735
vt 0.569989 0.706997
vt 0.579699 0.703620
vt 0.596155 0.706394
vt 0.578833 0.703474
vt 0.875000 0.736962
vt 0.875000 0.750000
vt 0.617783 1.000000
vt 0.375000 0.013038
vt 0.375000 0.142274
vt 0.537825 0.430470
vt 0.505160 0.401170
vt 0.754786 1.000000
vt 0.625000 0.519382
vt 0.625000 0.675394
vt 0.447803 0.637991
vt 0.399196 0.240791
vt 0.379480 0.178881
vt 0.375000 0.161898
vt 0.375000 0.148103
vt 0.296096 0.500000
vt 0.275987 0.500000
vt 0.297593 0.500000
vt 0.300759 0.500000
vt 0.302439 0.500000
vt 0.401212 0.226364
vt 0.385068 0.009305
vt 0.385068 0.226364
vt 0.401212 0.004955
vt 0.396738 0.005360
vt 0.000164 0.000197
vt 0.000167 0.000200
vt -0.000230 -0.000275
vt -0.000208 -0.000250
vt -0.000113 -0.000136
vt -0.000255 -0.000306
vt -0.000282 -0.000338
vt -0.000192 -0.000231
vt 0.000172 0.000206
vt 0.000177 0.000212
vt -0.000148 -0.000177
vt -0.000299 -0.000358
vt -0.000092 -0.000110
vt -0.000298 -0.000357
vt -0.000279 -0.000334
vt -0.000260 -0.000312
vt -0.000228 -0.000273
vt -0.000198 -0.000238
vt 0.000176 0.000211
vt -0.000187 -0.000224
vt 0.000166 0.000199
vt 0.000151 0.000181
vt -0.038933 -0.046671
vt 0.000156 0.000188
vt 0.000148 0.000178
vt 0.000140 0.000168
vt 0.442037 0.948256
vt 0.379570 0.952233
vt 0.377084 0.978220
vt 0.375000 0.086233
vt 0.375000 0.123969
vt 0.375000 0.113858
vt 0.375000 0.084912
vt 0.375000 0.000000
vt 0.641873 0.690026
vt 0.641873 0.518938
vt 0.641873 0.667006
vt 0.641873 0.510702
vt 0.610343 0.220588
vt 0.595409 0.241830
vt 0.608505 0.235851
vt 0.588152 0.241946
vt 0.375000 0.053585
vt 0.375000 0.097658
vt 0.595738 0.237558
vt 0.440906 0.206961
vt 0.596928 0.220881
vt 0.563317 0.213939
vt 0.000162 0.000194
vt -0.026281 -0.031504
vt -0.000283 -0.000339
vt 0.333333 0.500000
vt 0.416667 0.786184
vt 0.548622 0.716278
vt 0.497457 0.652543
vt 0.561674 0.718564
vt 0.501766 0.651562
vt 0.437173 0.573702
vt 0.428278 0.558204
vt 0.433196 0.569028
vt 0.581664 0.722066
vt 0.491652 0.661094
vt 0.516176 0.677130
vt 0.602086 0.732123
vt 0.476666 0.651155
vt 0.957846 0.370000
vt 0.957846 0.130000
vt 0.870000 0.042154
vt 0.630000 0.457846
vt 0.129459 0.588641
vt 0.137576 0.750000
vt 0.133117 0.661359
vt 0.520715 0.348032
vt 0.462804 0.441195
vt 0.481104 0.345314
vt 0.562433 0.380627
vt 0.505090 0.452606
vt 0.333333 0.521552
vt 0.250000 0.521552
vt 0.416667 0.521552
vt 0.416667 0.500000
vt 0.166667 0.500000
vt 0.500000 0.521552
vt 0.166667 0.521552
vt 0.083333 0.500000
vt 0.526781 0.519972
vt 0.083333 0.521552
vt 0.000000 0.521552
vt 0.583333 0.500000
vt 0.583333 0.519973
vt 0.666667 0.500000
vt 0.666667 0.519973
vt 0.750000 0.519973
vt 0.666667 0.519972
vt 0.833333 0.500000
vt 0.833333 0.519972
vt 0.916667 0.500000
vt 0.916667 0.519972
vt 0.500000 0.786184
vt 0.404205 0.705527
vt 0.375000 0.704574
vt 0.580662 0.722716
vt 0.617938 0.723854
vt 0.000048 0.000157
vt 0.000336 0.001107
vt 0.000289 0.000954
vt 0.000052 0.000170
vt 0.000252 0.000832
vt 0.000041 0.000135
vt 0.000034 0.000112
vt 0.000030 0.000098
vt 0.000030 0.000099
vt 0.000422 0.001390
vt 0.000385 0.001269
vt 0.001418 0.004673
vt 0.000427 0.001406
vt 0.000036 0.000120
vt 0.000032 0.000106
vt 0.000041 0.000134
vt 0.000045 0.000148
vt 0.000393 0.001294
vt 0.000333 0.001098
vt 0.000273 0.000899
vt 0.000233 0.000767
vt 0.000228 0.000751
vt 0.000219 0.000722
vt 0.000049 0.000161
vt 0.396686 0.540178
vt 0.393266 0.561868
vt 0.392917 0.564075
vt 0.397543 0.534760
vt 0.403057 0.500000
vt 0.398173 0.530860
vt 0.392995 0.563444
vt 0.389526 0.585505
vt 0.389875 0.583298
vt 0.375000 0.676859
vt 0.375000 0.677296
vt 0.598421 0.927137
vt 0.417449 0.927137
vt 0.467201 0.203762
vt 0.456240 0.193633
vt 0.226927 0.272028
vt 0.754787 0.933254
vt 0.754787 0.925427
vt 0.754786 0.925463
vt 0.434606 0.312499
vt 0.477480 0.346851
vt 0.434604 0.375000
vt 0.477480 0.298425
vt 0.434612 0.250000
vt 0.477480 0.250000
vt 0.873304 0.736962
vt 0.873015 0.752680
vt 0.299937 0.549518
vt 0.302761 0.550013
vt 0.159076 0.293653
vt 0.159859 0.293961
vt -0.019227 -0.035416
vt -0.015016 -0.027196
vt -0.013073 -0.023553
vt -0.002703 -0.001137
vt -0.006303 -0.011611
vt 0.445541 0.203090
vt 0.465711 0.203761
vt 0.413162 0.215358
vt 0.481692 0.211807
vt 0.636797 0.238104
vt 0.571312 0.222620
vt 0.499903 0.215676
vt 0.587508 0.223334
vt 0.569886 0.228250
vt 0.579491 0.234161
vt 0.580599 0.233455
vt 0.291180 0.116166
vt -0.009783 -0.017568
vt -0.004433 -0.008165
vt -0.002849 -0.004957
vt 0.001304 0.002402
vt -0.003076 -0.005666
vt 0.754787 0.925030
vt 0.754787 0.993600
vt 0.139165 0.588641
vt 0.175815 0.542005
vt 0.175815 0.588641
vt 0.137576 0.500000
vt 0.170890 0.521003
vt 0.160903 0.504972
vt 0.142058 0.750000
vt 0.140469 0.661359
vt 0.175815 0.707995
vt 0.175815 0.661359
vt 0.170890 0.728997
vt 0.160903 0.745028
vt 0.500000 0.617652
vt 0.500000 0.940619
vt 0.500000 0.988398
vt 0.500000 0.972812
vt 0.500000 0.987499
vt 0.500000 0.810615
vt 0.500000 0.964258
vt 0.500000 0.911351
vt 0.500000 0.982525
vt 0.440547 0.192923
vt 0.418044 0.145006
vt 0.417015 0.142334
vt 0.477480 0.322218
vt 0.388210 0.593588
vt 0.595176 0.011598
vt 0.612221 0.032143
vt 0.591130 0.032463
vt 0.577875 0.018531
vt 0.486524 0.045462
vt 0.625000 0.000000
vt 0.625000 0.039845
vt 0.609013 0.002347
vt 0.611016 0.000000
vt 0.451439 0.030738
vt 0.469979 0.050027
vt 0.458215 0.058436
vt 0.403500 0.927137
vt 0.598420 0.927137
vt 0.125000 0.733232
vt 0.256497 0.719327
vt 0.262750 0.733232
vt 0.125000 0.719327
vt 0.125000 0.744801
vt 0.276666 0.744801
vt 0.293234 0.750000
vt 0.125000 0.750000
vt 0.125000 0.661589
vt 0.125000 0.625602
vt 0.417973 0.095438
vt 0.416644 0.095740
vt -0.002394 -0.004410
vt 0.625000 0.021598
vt 0.549924 0.046290
vt 0.622748 0.044992
vt 0.447067 0.052447
vt 0.375000 0.063167
vt 0.467350 0.203870
vt 0.441628 0.194224
vt 0.583162 0.234414
vt 0.582070 0.232517
vt 0.600501 0.220769
vt 0.580099 0.233610
vt 0.430076 0.095612
vt 0.356280 0.509294
vt 0.360707 0.512906
vt 0.356928 0.509823
vt 0.370136 0.520599
vt 0.363842 0.515463
vt 0.375000 0.533331
vt 0.625000 0.611358
vt 0.625000 0.631221
vt 0.625000 0.736962
vt 0.622118 0.045003
vt 0.250000 0.604464
vt 0.333333 0.582626
vt 0.250000 0.582626
vt 0.333333 0.604464
vt 0.333333 0.895535
vt 0.250000 0.895535
vt 0.250000 0.917383
vt 0.333333 0.917383
vt 0.166667 0.895535
vt 0.341373 0.423774
vt -0.011513 -0.014079
vt 0.235525 0.319252
vt 0.173650 0.237246
vt -0.003368 -0.001416
vt 0.116715 0.213758
vt 0.084530 0.158246
vt 0.375000 0.098898
vt 0.375000 0.108609
vt 0.375000 0.108666
vt 0.566646 0.569541
vt 0.375000 0.578875
vt 0.375000 0.605514
vt 0.570690 0.588594
vt 0.375000 0.166597
vt 0.795347 0.950761
vt 0.451581 0.215386
vt 0.618201 0.861273
vt 0.625000 0.859776
vt 0.618262 1.000000
vt 0.592131 1.000000
vt 0.625000 0.901647
vt 0.591834 0.867076
vt 0.565574 0.868503
vt 0.566106 1.000000
vt 0.448208 1.000000
vt 0.446439 0.868503
vt 0.754787 1.000000
vt 0.754787 0.923205
vt 0.585634 0.316644
vt 0.533409 0.398050
vt 0.586361 0.339850
vt 0.375000 0.211660
vt 0.625000 0.216289
vt 0.623033 0.227304
vt 0.335531 0.500203
vt 0.345423 0.504537
vt 0.351227 0.507080
vt 0.316312 0.491151
vt 0.254422 0.495576
vt 0.000000 0.605144
vt 0.083333 0.895535
vt 0.000000 0.894855
vt 0.416667 0.582626
vt 0.416667 0.604464
vt 0.416667 0.895535
vt 0.416667 0.917383
vt 0.387805 0.060672
vt 0.625000 0.221978
vt 0.432199 0.516964
vt 0.625000 0.633485
vt 0.625000 0.638701
vt 0.625000 0.684909
vt 0.754786 0.904798
vt 0.607572 0.980755
vt 0.585758 0.919348
vt 0.621023 0.940137
vt 0.584481 0.965930
vt 0.583546 1.000000
vt 0.412337 0.000000
vt 0.477759 0.000000
vt 0.477759 0.005666
vt 0.411458 0.005666
vt 0.411758 0.009178
vt 0.477759 0.009178
vt 0.609480 0.245384
vt 0.596979 0.250000
vt 0.596979 0.256788
vt 0.875000 0.504554
vt 0.866584 0.528022
vt 0.875000 0.525834
vt 0.866349 0.500236
vt 0.750000 0.582626
vt 0.833333 0.604464
vt 0.833333 0.582626
vt 0.750000 0.604464
vt 0.666667 0.582626
vt 0.666667 0.604464
vt 0.833333 0.895536
vt 0.750000 0.895536
vt 0.833333 0.917383
vt 0.750000 0.917383
vt 0.666667 0.895536
vt 0.666667 0.917383
vt 1.000000 0.605144
vt 1.000000 0.894855
vt 0.916667 0.895535
vt 0.333333 0.895536
vt 0.250000 0.895536
vt 0.617462 0.251349
vt 0.330508 0.000000
vt 0.059772 0.111905
vt 0.000000 0.096107
vt 0.252798 0.162092
vt 0.214008 0.160263
vt 0.330508 0.181703
vt 0.524243 0.005666
vt 0.524243 0.009178
vt 0.524243 0.000000
vt 0.330508 1.000000
vt 0.259567 0.805870
vt 0.272980 0.851431
vt 0.215176 0.702150
vt 0.300489 0.881079
vt 0.126907 0.193443
vt 0.059772 0.166752
vt 0.171113 0.588356
vt 0.000000 0.146454
vt 0.000000 0.144479
vt 0.211462 0.227060
vt 0.569088 0.176564
vt 0.625000 0.250000
vt 0.490570 0.073436
vt 0.434658 0.000000
vt 0.427685 0.793004
vt 0.595029 0.794583
vt 0.201293 0.666296
vt 0.283178 0.812504
vt 0.290339 0.831998
vt 0.180549 0.612726
vt 0.166667 0.786184
vt 0.375000 0.927137
vt 0.625000 0.927137
vt 0.500000 0.582626
vt 0.500000 0.604464
vt 0.583333 0.582626
vt 0.583333 0.604464
vt 0.583333 0.895535
vt 0.500000 0.895535
vt 0.500000 0.917383
vt 0.583333 0.917383
vt 0.525482 0.926540
vt 0.533160 1.005701
vt 0.525484 1.001107
vt 0.519530 1.000000
vt 0.532886 0.926377
vt 0.519646 0.923487
vt 0.504268 0.508575
vt 0.377901 1.000000
vt 0.544946 1.003567
vt 0.574670 0.933653
vt 0.575419 1.000000
vt 0.535375 0.000000
vt 0.539555 0.041622
vt 0.465028 0.000000
vt 0.454833 0.034808
vt 0.375000 0.949185
vt 0.400405 0.749821
vt 0.431954 0.755051
vt 0.404370 0.982942
vt 0.465837 0.755023
vt 0.423442 0.995524
vt 0.466082 1.000000
vt 0.375000 0.739668
vt 0.375000 0.712007
vt 0.375000 0.606331
vt 0.375000 0.652117
vt 0.375000 0.572813
vt 0.375000 0.560544
vt 0.000000 0.810614
vt 0.000000 0.786184
vt 0.083333 0.786184
vt 0.000000 0.964258
vt 0.000000 0.911351
vt 0.000000 0.987499
vt 0.000000 0.982525
vt 0.250000 0.786184
vt 0.333333 0.786184
vt 0.585384 0.932991
vt 0.487897 0.740392
vt 0.586382 0.896603
vt 0.375000 0.177187
vt 0.375000 0.189456
vt 0.375000 0.097883
vt 0.375000 0.143669
vt 0.375000 0.037993
vt 0.375000 0.010332
vt 0.284297 0.505032
vt 0.270526 0.521003
vt 0.270527 0.521003
vt 0.266382 0.542005
vt 0.625000 0.917519
vt 0.620950 1.000000
vt 0.608502 0.919076
vt 0.616930 1.000000
vt 0.578588 0.921897
vt 0.581130 1.000000
vt 0.575150 0.922222
vt 0.666667 0.895535
vt 0.833333 0.895535
vt 0.750000 0.895535
vt 0.375000 0.240822
vt 0.401085 0.216652
vt 0.625000 0.009178
vt 0.582538 0.048523
vt 0.625000 0.649103
vt 0.625000 0.528022
vt 0.625000 0.691954
vt 0.174962 0.513483
vt 0.133888 0.502956
vt 0.133552 0.513483
vt 0.133503 0.517901
vt 0.176923 0.502956
vt 0.134583 0.500000
vt 0.180986 0.500000
vt 0.174674 0.518532
vt 0.174163 0.538340
vt 0.133415 0.538340
vt 0.160492 0.611708
vt 0.132465 0.641330
vt 0.174952 0.574045
vt 0.174156 0.538340
vt 0.481556 0.373820
vt 0.508100 0.363542
vt 0.485014 0.421196
vt 0.493227 0.431370
vt 0.521002 0.105540
vt 0.522742 0.103928
vt 0.527978 0.099076
vt 0.611243 0.021926
vt 0.567629 0.062337
vt 0.535306 0.092287
vt 0.568895 0.061164
vt 0.536385 0.091287
vt 0.528871 0.098248
vt 0.523240 0.103467
vt 0.421015 0.554835
vt 0.000000 0.988398
vt 0.000000 0.940619
vt 0.000000 0.972812
vt 0.000000 0.617652
vt 0.376511 0.728997
vt 0.395259 0.744913
vt 0.338800 0.707995
vt 0.372573 0.717210
vt 0.175815 0.686348
vt 0.824460 0.501377
vt 0.825837 0.528022
vt 0.463251 0.555321
vt 0.596979 0.299163
vt 0.617553 0.294469
vt 0.411397 0.299163
vt 0.411741 0.258415
vt 0.416667 0.895536
vt 0.000000 0.559982
vt 0.067691 0.661518
vt 0.084907 0.658139
vt 0.085036 0.658139
vt 0.166667 0.658139
vt 0.250000 0.658139
vt 0.333333 0.658139
vt 0.411246 0.658139
vt 0.431173 0.663222
vt 0.500000 0.559982
vt 0.526900 0.519972
vt 0.434655 0.937499
vt 0.477486 1.000000
vt 0.434658 1.000000
vt 0.477480 0.951561
vt 0.434658 0.875000
vt 0.477480 0.903122
vt 0.583333 0.895536
vt 0.500000 0.895536
vt 0.276906 0.500000
vt 0.277104 0.500000
vt 0.375000 0.849013
vt 0.406516 0.828904
vt 0.406516 0.849013
vt 0.375000 0.828904
vt 0.566480 0.828904
vt 0.566480 0.849013
vt 0.625000 0.849013
vt 0.625000 0.828904
vt 0.457855 0.308426
vt 0.411444 0.319379
vt 0.569936 0.321408
vt 0.275987 0.692037
vt 0.296096 0.692037
vt 0.275987 0.750000
vt 0.296096 0.750000
vt 0.254421 0.495576
vt 0.735066 0.804650
vt 0.735066 0.763976
vt 0.735066 0.804646
vt 0.735066 0.763798
vt 0.735066 0.763994
vt 0.485452 0.971116
vt 0.535375 1.000000
vt 0.465028 1.000000
vt 0.523825 0.956884
vt 0.598420 0.264374
vt 0.447990 0.273285
vt 0.446267 0.264374
vt 0.598420 0.273285
vt 0.598420 0.250000
vt 0.454954 0.318253
vt 0.598421 0.375000
vt 0.454954 0.375000
vt 0.445832 0.250000
vt 0.598421 0.244334
vt 0.445484 0.244334
vt 0.446059 0.240822
vt 0.598420 0.240822
vt 0.444378 0.869326
vt 0.487387 0.861225
vt 0.390914 0.868961
vt 0.469970 0.867989
vt 0.470193 0.867977
vt 0.467891 0.862214
vt 0.586719 0.874771
vt 0.614934 0.887849
vt 0.611154 0.882719
vt 0.600826 0.877931
s 1
usemtl iron
f 1/1/1 2/2/2 3/3/3
f 4/4/4 1/1/1 3/3/3
f 2/2/2 1/1/1 5/5/2
f 6/6/5 5/5/2 1/1/1
f 5/5/2 6/6/5 7/7/5
f 6/6/6 8/6/7 9/7/7
f 10/6/8 9/7/7 8/6/7
f 11/7/9 12/7/10 13/6/9
f 12/7/11 14/7/6 15/6/12
f 13/6/9 16/5/13 11/7/9
f 17/1/14 16/5/13 13/6/9
f 16/5/13 17/1/14 18/2/13
f 18/2/13 17/1/14 19/3/15
f 20/4/16 19/3/15 17/1/14
f 21/6/17 22/8/17 23/9/18
f 24/10/17 22/8/17 25/11/17
f 26/9/17 22/8/17 24/10/17
f 22/8/17 21/6/17 27/12/17
f 23/9/19 26/9/17 28/9/19
f 29/9/20 23/9/19 28/9/19
f 23/9/19 29/9/20 30/9/21
f 31/1/17 27/12/17 21/6/17
f 31/1/17 21/6/17 32/6/17
f 33/13/17 27/12/17 31/1/17
f 27/12/17 33/13/17 34/14/17
f 23/9/19 30/9/21 35/9/22
f 23/9/19 35/9/22 36/9/23
f 37/9/21 23/9/19 36/9/23
f 38/9/21 23/9/19 37/9/21
f 39/9/23 23/9/19 38/9/21
f 23/9/19 39/9/23 40/9/24
f 23/9/19 40/9/24 41/9/25
f 41/9/25 42/8/25 23/9/19
f 43/8/17 44/9/17 45/9/18
f 46/6/17 45/9/18 47/8/25
f 48/10/25 47/8/25 49/9/25
f 47/8/25 48/10/25 50/11/25
f 51/15/25 46/6/17 47/8/25
f 46/6/17 51/15/25 52/1/25
f 46/6/17 52/1/25 53/6/25
f 51/15/25 54/13/25 52/1/25
f 54/13/25 51/15/25 55/14/25
f 56/16/26 57/17/27 58/17/28
f 57/17/27 59/18/29 58/17/28
f 60/13/30 61/1/31 62/4/30
f 63/4/32 64/1/33 65/13/32
f 66/19/34 67/20/35 68/20/36
f 67/20/35 66/19/34 69/19/34
f 70/20/35 66/19/34 68/20/36
f 66/19/34 70/20/35 71/19/34
f 72/21/37 73/21/37 74/22/38
f 74/22/38 73/21/37 75/22/38
f 76/17/39 77/16/40 78/23/41
f 79/24/42 80/25/42 81/26/42
f 81/26/42 82/27/42 83/28/42
f 81/26/42 83/28/42 84/29/42
f 83/28/42 85/30/42 84/29/42
f 86/31/42 83/28/42 87/32/42
f 88/32/42 89/27/42 90/33/42
f 89/27/42 88/32/42 91/28/42
f 89/27/42 92/26/42 93/25/42
f 94/34/43 95/34/44 96/35/45
f 97/34/38 95/34/44 94/34/43
f 94/34/43 98/34/38 97/34/38
f 96/35/45 95/34/44 99/35/46
f 96/35/45 99/35/46 100/36/47
f 100/36/47 99/35/46 101/36/48
f 100/36/47 101/36/48 102/37/49
f 103/37/50 100/36/47 102/37/49
f 103/37/50 102/37/49 104/21/51
f 104/21/51 102/37/49 105/21/51
f 106/34/38 107/34/43 108/34/38
f 107/34/43 106/34/38 109/34/38
f 106/34/38 110/34/43 109/34/38
f 111/38/52 112/39/53 113/40/52
f 114/41/52 113/40/52 112/39/53
f 115/42/53 112/39/53 111/38/52
f 112/39/53 115/42/53 116/43/52
f 117/18/54 118/44/55 119/18/56
f 119/18/56 120/17/27 117/18/54
f 120/17/57 121/16/26 122/16/26
f 123/16/26 124/16/26 125/17/58
f 125/17/58 124/16/26 126/17/59
f 127/18/60 125/17/58 126/17/59
f 125/17/58 127/18/60 128/18/61
f 128/18/61 127/18/60 129/44/62
f 129/44/62 127/18/60 130/44/55
f 131/17/39 132/17/39 133/45/63
f 134/16/40 132/17/39 131/17/39
f 135/46/64 136/18/65 133/45/66
f 137/21/67 138/37/49 139/37/49
f 138/37/49 140/36/48 139/37/49
f 140/36/48 138/37/49 141/36/47
f 142/35/68 140/36/48 141/36/47
f 140/36/48 142/35/68 143/35/45
f 144/34/69 143/35/45 142/35/68
f 143/35/45 144/34/69 145/34/70
f 144/34/69 146/34/38 145/34/70
f 147/22/38 148/21/71 137/21/71
f 148/21/71 147/22/38 149/22/38
f 150/47/25 151/48/25 152/48/25
f 150/47/25 152/48/25 153/47/25
f 153/47/25 152/48/25 154/47/25
f 152/48/25 155/48/25 154/47/25
f 156/45/63 157/18/63 158/17/72
f 156/45/66 159/49/64 160/46/64
f 161/50/73 162/51/74 163/52/73
f 164/50/75 165/52/76 166/51/74
f 167/35/77 168/34/78 169/35/77
f 167/35/79 170/36/80 171/36/81
f 172/34/82 173/34/83 168/34/82
f 173/34/83 172/34/82 174/34/83
f 175/37/84 171/36/85 176/53/84
f 176/53/84 177/21/86 175/37/84
f 178/54/87 179/22/88 177/21/89
f 179/22/88 178/54/87 180/55/90
f 181/35/91 182/34/92 183/34/92
f 184/34/93 183/34/92 182/34/92
f 183/34/92 184/34/93 185/34/93
f 181/35/94 186/36/95 187/35/94
f 188/56/96 186/36/95 189/36/95
f 190/37/97 188/56/96 189/36/95
f 191/17/98 192/57/99 193/17/98
f 194/58/100 195/59/101 196/60/102
f 195/59/101 194/58/100 197/61/100
f 198/62/103 196/60/102 195/59/101
f 196/60/102 198/62/103 199/63/103
f 200/58/104 201/59/105 202/61/104
f 201/59/105 200/58/104 203/60/106
f 201/59/105 203/60/106 204/62/107
f 204/62/107 203/60/106 205/63/107
f 206/64/108 207/20/108 208/64/109
f 207/20/108 206/64/108 209/20/108
f 206/64/108 210/20/108 209/20/108
f 210/20/108 206/64/108 211/65/109
f 212/16/110 213/17/111 214/66/110
f 213/17/111 212/16/110 215/17/111
f 216/57/112 215/17/98 217/18/113
f 217/18/113 218/44/114 216/57/112
f 219/67/114 216/57/112 218/44/114
f 220/68/115 221/69/115 222/69/116
f 223/69/116 224/7/116 225/68/115
f 226/69/117 227/68/117 228/69/118
f 229/7/118 228/69/118 227/68/117
f 230/7/119 231/70/119 229/7/120
f 232/7/121 231/70/119 230/7/119
f 232/7/121 233/70/121 231/70/119
f 234/70/119 235/70/120 236/7/120
f 237/37/122 238/21/67 239/21/67
f 240/71/123 241/72/124 242/73/124
f 241/72/124 240/71/123 243/74/125
f 243/74/125 240/71/123 244/75/123
f 245/71/125 244/75/123 240/71/123
f 244/75/123 245/71/125 246/76/125
f 247/75/126 246/76/125 245/71/125
f 245/71/125 248/71/127 247/75/126
f 247/75/126 248/71/127 249/74/128
f 248/71/127 250/72/129 249/74/128
f 248/71/127 251/73/129 250/72/129
f 252/77/130 253/5/130 254/77/131
f 255/5/131 254/77/131 253/5/130
f 256/5/132 257/77/132 258/77/133
f 259/5/132 260/77/134 261/5/134
f 262/34/92 263/35/91 264/35/91
f 265/36/95 263/35/94 266/36/95
f 265/36/95 267/56/135 268/78/135
f 267/56/136 269/37/97 270/79/137
f 269/37/97 271/80/138 270/79/137
f 271/80/138 269/37/97 272/21/138
f 272/21/138 273/81/110 271/80/138
f 273/81/110 272/21/138 274/22/110
f 275/82/139 276/47/140 277/47/141
f 276/47/140 275/82/139 278/47/142
f 275/82/139 277/47/141 279/82/143
f 280/82/139 278/47/142 275/82/139
f 281/83/144 275/82/139 279/82/143
f 280/82/139 275/82/139 281/83/144
f 281/83/144 279/82/143 282/83/144
f 283/83/144 280/82/139 281/83/144
f 284/84/145 285/85/124 286/86/145
f 287/87/124 288/88/146 285/85/124
f 284/84/146 289/89/147 290/90/147
f 291/90/147 292/85/124 293/84/146
f 292/85/124 294/88/146 295/86/146
f 296/84/148 297/85/129 298/90/149
f 299/88/150 297/85/129 300/86/150
f 301/85/129 302/88/150 303/87/129
f 301/85/129 304/84/151 305/86/151
f 304/84/150 306/90/149 307/89/149
f 308/9/152 309/9/153 310/9/154
f 309/9/153 308/9/152 311/9/155
f 311/9/155 312/9/156 309/9/153
f 308/9/152 313/9/155 311/9/155
f 313/9/155 308/9/152 314/9/152
f 311/9/155 313/9/155 315/9/157
f 316/9/157 312/9/156 311/9/155
f 315/9/157 316/9/157 311/9/155
f 316/9/157 317/9/158 312/9/156
f 318/9/158 316/9/157 315/9/157
f 317/9/158 316/9/157 319/9/159
f 316/9/157 318/9/158 319/9/159
f 319/9/159 320/9/160 317/9/158
f 318/9/158 321/9/161 319/9/159
f 319/9/159 322/9/162 320/9/160
f 322/9/162 319/9/159 321/9/161
f 322/9/162 323/9/163 320/9/160
f 324/9/163 322/9/162 321/9/161
f 323/9/163 322/9/162 325/9/164
f 322/9/162 324/9/163 325/9/164
f 326/9/165 323/9/163 325/9/164
f 324/9/163 326/9/165 325/9/164
f 323/9/163 326/9/165 327/9/166
f 326/9/165 324/9/163 328/9/166
f 327/9/166 326/9/165 329/9/167
f 328/9/166 329/9/167 326/9/165
f 329/9/167 330/9/168 327/9/166
f 331/9/168 329/9/167 328/9/166
f 329/9/167 332/9/144 330/9/168
f 329/9/167 331/9/168 333/9/144
f 334/9/144 332/9/144 329/9/167
f 333/9/144 334/9/144 329/9/167
f 335/91/169 336/92/170 337/91/170
f 336/92/170 335/91/169 338/93/171
f 335/91/169 339/94/172 338/93/171
f 340/92/170 337/91/170 336/92/170
f 337/91/170 340/92/170 341/91/173
f 340/92/170 342/91/170 341/91/173
f 342/91/170 340/92/170 343/92/174
f 343/92/174 344/91/175 342/91/170
f 335/91/176 345/95/147 346/96/172
f 345/95/147 347/97/147 346/96/172
f 348/96/177 344/91/178 349/94/175
f 350/95/149 344/91/178 348/96/177
f 350/95/149 348/96/177 351/97/149
f 352/91/179 353/96/179 354/94/179
f 355/91/180 356/92/181 357/93/174
f 355/91/180 357/93/174 358/94/182
f 359/98/183 360/98/184 361/99/185
f 360/98/184 362/100/186 363/101/187
f 362/100/186 360/98/184 364/102/188
f 364/102/188 365/103/189 362/100/186
f 362/100/186 365/103/189 366/104/190
f 365/103/189 367/105/191 366/104/190
f 368/106/192 369/107/192 370/108/192
f 368/106/193 371/109/193 372/110/193
f 373/111/192 374/106/194 375/112/195
f 375/112/195 374/106/194 376/110/195
f 374/106/194 373/111/192 377/107/196
f 378/109/197 374/106/198 379/113/194
f 380/114/194 378/109/197 379/113/194
f 381/102/199 382/100/200 383/103/200
f 384/98/201 382/100/200 381/102/199
f 382/100/200 384/98/201 385/101/202
f 383/103/200 382/100/200 386/104/203
f 386/104/203 387/105/203 383/103/200
f 384/98/204 388/98/204 389/99/205
f 390/44/206 391/18/207 392/44/206
f 393/115/208 394/116/208 395/117/208
f 396/2/130 397/118/209 398/3/210
f 399/116/211 400/115/211 401/117/211
f 402/9/25 403/9/25 404/9/25
f 405/9/212 404/9/25 403/9/25
f 403/9/25 402/9/25 406/9/25
f 403/9/25 407/9/213 405/9/212
f 406/9/25 402/9/25 408/9/25
f 407/9/213 409/9/214 405/9/212
f 410/9/25 408/9/25 402/9/25
f 411/9/215 409/9/214 407/9/213
f 410/9/25 412/9/213 408/9/25
f 411/9/215 413/9/216 409/9/214
f 408/9/25 412/9/213 414/9/212
f 413/9/216 411/9/215 415/9/217
f 416/9/214 414/9/212 412/9/213
f 415/9/217 417/9/218 413/9/216
f 414/9/212 416/9/214 418/9/219
f 417/9/218 415/9/217 419/9/220
f 420/9/221 418/9/219 416/9/214
f 419/9/220 421/9/222 417/9/218
f 418/9/219 420/9/221 422/9/223
f 423/9/224 422/9/223 420/9/221
f 422/9/223 423/9/224 424/9/225
f 425/9/226 424/9/225 423/9/224
f 426/9/227 421/9/222 419/9/220
f 425/9/226 427/9/228 424/9/225
f 428/9/229 421/9/222 426/9/227
f 421/9/222 428/9/229 429/9/230
f 426/9/227 430/9/144 428/9/229
f 426/9/227 431/9/231 430/9/144
f 430/9/144 431/9/231 432/9/144
f 431/9/231 433/9/144 432/9/144
f 433/9/144 431/9/231 434/9/144
f 435/9/144 434/9/144 431/9/231
f 434/9/144 435/9/144 436/9/144
f 435/9/144 437/9/144 436/9/144
f 438/9/231 437/9/144 435/9/144
f 437/9/144 438/9/231 439/9/144
f 440/9/144 439/9/144 438/9/231
f 438/9/231 441/9/144 440/9/144
f 438/9/231 427/9/228 441/9/144
f 442/9/232 441/9/144 427/9/228
f 427/9/228 425/9/226 442/9/232
f 442/9/232 425/9/226 443/9/233
f 444/34/78 445/35/77 446/34/78
f 447/36/80 445/35/79 448/35/79
f 449/53/234 450/36/235 447/36/235
f 451/21/86 449/53/84 452/54/86
f 453/119/236 454/120/237 455/121/238
f 456/9/239 457/9/239 458/9/240
f 459/9/241 457/9/239 456/9/239
f 457/9/239 459/9/241 460/9/242
f 461/9/243 460/9/242 459/9/241
f 459/9/241 462/9/243 461/9/243
f 463/9/244 461/9/243 462/9/243
f 462/9/243 464/9/245 463/9/244
f 465/9/246 466/9/246 467/9/247
f 468/9/248 466/9/246 465/9/246
f 466/9/246 468/9/248 469/9/249
f 470/9/250 469/9/249 468/9/248
f 469/9/249 470/9/250 471/9/251
f 472/9/252 471/9/251 470/9/250
f 472/9/252 470/9/250 473/9/252
f 474/3/253 475/118/254 476/3/255
f 475/118/254 477/2/132 476/3/255
f 477/2/132 475/118/254 478/118/132
f 479/3/256 480/118/257 481/118/256
f 480/118/257 479/3/256 482/3/210
f 480/118/209 483/2/130 484/118/130
f 485/118/258 486/3/253 487/118/253
f 488/9/259 489/9/260 490/9/261
f 488/9/259 491/9/262 489/9/260
f 489/9/260 491/9/262 492/9/263
f 493/9/264 491/9/262 488/9/259
f 489/9/260 492/9/263 494/9/265
f 488/9/259 495/9/266 493/9/264
f 489/9/260 494/9/265 496/9/267
f 490/9/261 489/9/260 496/9/267
f 496/9/267 494/9/265 497/9/268
f 495/9/266 488/9/259 498/9/269
f 490/9/261 498/9/269 488/9/259
f 498/9/269 499/9/270 495/9/266
f 499/9/270 498/9/269 500/9/271
f 500/9/271 501/9/272 499/9/270
f 498/9/269 490/9/261 502/9/273
f 502/9/273 500/9/271 498/9/269
f 490/9/261 496/9/267 503/9/274
f 503/9/274 502/9/273 490/9/261
f 504/9/275 501/9/272 500/9/271
f 504/9/275 505/9/276 501/9/272
f 500/9/271 502/9/273 506/9/277
f 500/9/271 506/9/277 504/9/275
f 507/9/278 505/9/276 504/9/275
f 507/9/278 508/9/205 505/9/276
f 508/9/205 507/9/278 509/9/205
f 509/9/205 507/9/278 510/9/205
f 511/9/279 510/9/205 507/9/278
f 510/9/205 511/9/279 512/9/205
f 504/9/275 513/9/280 507/9/278
f 513/9/280 504/9/275 506/9/277
f 511/9/279 507/9/278 513/9/280
f 511/9/279 514/9/205 512/9/205
f 514/9/205 511/9/279 515/9/281
f 515/9/281 516/9/205 514/9/205
f 513/9/280 517/9/282 511/9/279
f 517/9/282 515/9/281 511/9/279
f 506/9/277 518/9/283 513/9/280
f 518/9/283 517/9/282 513/9/280
f 518/9/283 519/9/284 517/9/282
f 517/9/282 520/9/285 515/9/281
f 517/9/282 519/9/284 520/9/285
f 515/9/281 520/9/285 521/9/286
f 522/9/287 515/9/281 521/9/286
f 515/9/281 522/9/287 516/9/205
f 516/9/205 522/9/287 523/9/205
f 524/9/288 519/9/284 518/9/283
f 518/9/283 506/9/277 524/9/288
f 524/9/288 506/9/277 502/9/273
f 519/9/284 524/9/288 525/9/289
f 502/9/273 503/9/274 524/9/288
f 503/9/274 525/9/289 524/9/288
f 525/9/289 503/9/274 526/9/290
f 503/9/274 527/9/291 526/9/290
f 527/9/291 503/9/274 528/9/292
f 503/9/274 496/9/267 528/9/292
f 528/9/292 529/9/293 527/9/291
f 496/9/267 497/9/268 528/9/292
f 529/9/293 528/9/292 530/9/294
f 528/9/292 497/9/268 530/9/294
f 529/9/293 530/9/294 531/9/295
f 530/9/294 497/9/268 532/9/296
f 532/9/296 531/9/295 530/9/294
f 533/122/297 534/123/298 535/124/299
f 535/124/299 536/124/299 533/122/297
f 536/124/299 535/124/299 537/125/300
f 537/125/300 538/126/301 536/124/299
f 537/125/300 539/127/302 538/126/301
f 537/125/300 540/128/303 541/129/304
f 542/130/303 541/129/304 540/128/303
f 543/127/305 544/125/300 545/131/306
f 545/131/306 544/125/300 546/129/305
f 547/125/307 548/126/307 549/127/308
f 547/125/307 549/127/308 550/131/303
f 551/129/309 547/125/307 550/131/303
f 552/124/310 553/124/310 554/125/311
f 555/126/311 554/125/311 553/124/310
f 556/123/312 557/122/313 552/124/314
f 558/128/303 554/125/307 559/129/309
f 558/128/303 559/129/309 560/130/303
f 561/9/315 562/9/316 563/9/317
f 561/9/315 564/9/318 562/9/316
f 563/9/317 565/9/319 561/9/315
f 563/9/317 566/9/320 565/9/319
f 567/9/321 565/9/319 566/9/320
f 568/9/322 569/9/322 570/9/323
f 569/9/322 568/9/322 571/9/323
f 572/132/324 573/133/324 574/134/324
f 575/135/324 573/133/324 572/132/324
f 575/135/324 572/132/324 576/136/324
f 577/9/325 578/9/326 579/9/327
f 577/9/325 580/9/328 578/9/326
f 581/9/328 578/9/326 580/9/328
f 581/9/328 580/9/328 582/9/329
f 583/9/329 581/9/328 582/9/329
f 584/9/330 583/9/329 582/9/329
f 585/9/331 583/9/329 584/9/330
f 584/9/330 586/9/332 585/9/331
f 587/137/333 588/138/333 589/139/333
f 590/140/245 591/141/245 592/142/334
f 593/143/335 594/143/335 595/144/335
f 594/143/335 596/145/335 595/144/335
f 597/132/336 598/135/337 599/136/336
f 600/133/336 598/135/337 597/132/336
f 597/132/336 601/134/336 600/133/336
f 602/146/338 603/147/338 604/148/339
f 605/149/340 604/148/339 603/147/338
f 606/150/339 607/148/339 608/149/339
f 609/151/339 610/152/338 611/153/338
f 610/152/338 609/151/339 612/154/341
f 613/151/342 614/155/342 615/154/342
f 616/116/343 617/115/343 618/156/343
f 618/156/343 617/115/343 619/157/343
f 620/158/344 621/117/344 616/116/344
f 622/116/211 623/117/211 624/158/211
f 622/116/211 625/156/211 626/115/211
f 627/157/211 626/115/211 625/156/211
f 628/9/345 629/9/346 630/9/347
f 631/9/348 629/9/346 628/9/345
f 629/9/346 631/9/348 632/9/348
f 631/9/348 633/9/349 632/9/348
f 633/9/349 631/9/348 634/9/349
f 635/9/350 636/9/350 637/9/350
f 638/159/351 639/160/352 640/161/353
f 638/159/351 640/161/353 641/162/354
f 642/163/355 638/159/351 641/162/354
f 638/159/351 642/163/355 643/164/356
f 644/165/357 638/159/351 643/164/356
f 644/165/357 645/166/357 638/159/351
f 646/167/358 638/159/351 645/166/357
f 639/160/352 638/159/351 646/167/358
f 647/168/359 639/160/352 646/167/358
f 648/169/360 639/160/352 647/168/359
f 649/170/361 640/161/353 639/160/352
f 649/170/361 639/160/352 648/169/360
f 649/170/361 650/171/362 640/161/353
f 648/169/360 651/172/363 649/170/361
f 650/171/362 649/170/361 651/172/363
f 651/172/363 648/169/360 652/173/360
f 650/171/362 651/172/363 653/174/364
f 654/173/365 651/172/363 652/173/360
f 654/173/365 653/174/364 651/172/363
f 653/174/364 654/173/365 655/175/360
f 656/124/310 657/124/310 658/122/313
f 659/123/366 660/176/367 658/122/368
f 660/176/367 659/123/366 661/177/369
f 662/178/370 663/179/371 664/179/372
f 664/179/372 665/178/372 662/178/370
f 666/180/372 667/181/372 668/180/371
f 668/180/371 667/181/372 669/181/370
f 670/123/373 671/122/374 672/176/375
f 672/176/375 673/177/376 670/123/373
f 674/182/377 675/183/378 676/184/377
f 674/182/379 677/185/380 678/186/381
f 675/183/378 674/182/377 679/187/382
f 680/188/383 675/183/378 679/187/382
f 675/183/378 680/188/383 681/183/384
f 682/189/385 681/183/384 680/188/383
f 683/190/119 684/191/119 685/192/119
f 686/193/119 687/44/119 688/44/119
f 689/194/119 690/195/119 691/196/119
f 692/197/386 690/195/119 693/198/119
f 690/195/119 692/197/386 694/196/119
f 692/197/386 695/199/119 694/196/119
f 692/197/386 696/44/119 697/44/119
f 698/49/386 692/197/386 697/44/119
f 692/197/386 698/49/386 695/199/119
f 695/199/119 698/49/386 699/200/119
f 699/200/119 698/49/386 700/201/119
f 700/201/119 698/49/386 701/202/119
f 701/202/119 698/49/386 702/203/119
f 702/203/119 703/190/119 701/202/119
f 703/190/119 702/203/119 704/204/119
f 705/205/119 703/190/119 704/204/119
f 705/205/119 706/206/119 703/190/119
f 707/207/119 705/205/119 708/208/386
f 708/208/386 709/209/119 707/207/119
f 708/208/386 710/210/119 709/209/119
f 708/208/386 711/211/119 710/210/119
f 712/212/119 710/210/119 711/211/119
f 712/212/119 711/211/119 713/213/119
f 708/208/386 714/214/119 711/211/119
f 708/208/386 715/215/119 714/214/119
f 716/216/119 714/214/119 715/215/119
f 717/217/387 718/218/387 719/219/387
f 720/220/388 719/219/387 721/221/387
f 722/205/119 723/207/119 724/206/119
f 725/222/389 726/222/390 727/223/391
f 727/223/391 728/224/392 725/222/389
f 726/222/390 729/225/393 727/223/391
f 729/225/394 730/226/395 731/226/395
f 732/227/396 733/220/397 731/226/398
f 733/220/399 734/219/119 735/228/119
f 735/228/119 736/218/119 737/229/119
f 737/229/119 736/218/119 738/230/119
f 739/231/119 738/230/119 736/218/119
f 739/231/119 740/232/119 738/230/119
f 740/232/119 739/231/119 741/233/119
f 742/234/119 740/232/119 741/233/119
f 742/234/119 743/235/119 740/232/119
f 744/191/386 743/235/119 742/234/119
f 744/191/386 745/236/119 743/235/119
f 745/236/119 744/191/386 746/237/119
f 745/236/119 746/237/119 747/238/119
f 748/239/119 747/238/119 746/237/119
f 747/238/119 748/239/119 749/240/119
f 744/191/386 750/241/386 746/237/119
f 744/191/386 751/206/119 750/241/386
f 751/206/119 744/191/386 752/190/119
f 750/241/386 751/206/119 753/207/119
f 750/241/386 753/207/119 754/209/119
f 755/210/119 750/241/386 754/209/119
f 755/210/119 756/211/119 750/241/386
f 757/212/119 756/211/119 755/210/119
f 756/211/119 757/212/119 758/213/119
f 759/214/119 750/241/386 756/211/119
f 760/215/119 750/241/386 759/214/119
f 759/214/119 761/216/119 760/215/119
f 752/190/119 762/192/119 763/202/119
f 762/192/119 764/201/119 763/202/119
f 762/192/119 765/200/119 764/201/119
f 766/193/119 765/200/119 762/192/119
f 765/200/119 766/193/119 767/199/119
f 766/193/119 768/194/119 767/199/119
f 767/199/119 768/194/119 769/196/119
f 768/194/119 766/193/119 770/44/119
f 771/195/119 768/194/119 772/198/119
f 773/9/400 774/9/401 775/9/402
f 773/9/400 776/9/403 774/9/401
f 776/9/403 773/9/400 777/9/404
f 777/9/404 778/9/405 776/9/403
f 778/9/405 777/9/404 779/9/405
f 779/9/405 780/9/406 778/9/405
f 778/9/405 780/9/406 781/9/407
f 780/9/406 782/9/408 781/9/407
f 783/224/409 784/222/410 785/224/394
f 783/224/409 786/223/411 784/222/410
f 787/222/412 784/222/410 786/223/411
f 787/222/412 786/223/411 788/225/411
f 789/226/413 788/225/411 790/226/413
f 791/227/414 790/226/415 792/220/416
f 792/220/416 793/220/417 791/227/414
f 792/220/416 794/221/387 793/220/417
f 795/217/387 796/219/387 792/220/388
f 797/218/387 795/217/387 798/242/387
f 797/218/387 798/242/387 799/243/387
f 800/244/387 797/218/387 799/243/387
f 800/244/387 799/243/387 801/245/387
f 800/244/387 801/245/387 802/246/387
f 802/246/387 803/247/387 800/244/387
f 803/247/387 802/246/387 804/248/387
f 805/249/387 803/247/387 804/248/387
f 806/239/119 803/247/387 805/249/387
f 806/239/119 805/249/387 807/240/119
f 808/250/418 809/178/419 810/251/418
f 809/178/419 808/250/418 811/252/419
f 811/252/419 812/253/322 809/178/419
f 813/254/420 814/255/421 815/256/422
f 814/255/421 813/254/420 816/257/423
f 817/258/424 818/259/425 819/260/426
f 818/259/425 820/261/427 819/260/426
f 821/262/421 822/263/428 823/264/429
f 822/263/428 821/262/421 824/265/422
f 825/266/430 826/267/431 827/268/432
f 826/267/431 828/269/433 827/268/432
f 829/270/434 830/271/435 831/270/436
f 831/270/436 830/271/435 832/271/436
f 833/186/437 834/272/437 835/182/438
f 836/273/439 837/274/439 838/274/440
f 838/274/440 839/273/440 836/273/439
f 840/275/434 841/273/441 839/273/436
f 839/273/436 842/275/436 840/275/434
f 843/276/442 844/277/443 845/278/444
f 843/276/442 845/278/444 846/279/445
f 847/280/446 846/279/445 845/278/444
f 846/279/445 847/280/446 848/281/447
f 848/281/447 847/280/446 849/282/38
f 850/283/38 848/281/447 849/282/38
f 848/281/447 850/283/38 851/284/38
f 852/277/448 853/285/449 854/278/450
f 855/286/450 854/278/450 853/285/449
f 856/287/451 857/280/452 854/278/453
f 857/280/452 856/287/451 858/288/454
f 857/280/452 858/288/454 859/282/38
f 858/288/454 860/283/38 859/282/38
f 860/283/38 858/288/454 861/284/38
f 862/289/185 863/290/185 864/291/185
f 862/289/185 864/291/185 865/289/185
f 863/290/185 866/292/185 867/293/185
f 863/290/185 868/290/185 866/292/185
f 866/292/185 868/290/185 869/293/185
f 868/290/185 870/291/185 871/294/185
f 868/290/185 872/289/185 870/291/185
f 873/289/185 870/291/185 872/289/185
f 874/290/185 875/294/185 876/293/185
f 877/291/185 878/290/185 879/294/185
f 878/290/185 880/293/185 879/294/185
f 881/295/455 882/296/455 883/297/456
f 883/297/456 882/296/455 884/298/456
f 885/299/322 883/297/456 884/298/456
f 886/300/322 885/299/322 884/298/456
f 883/297/456 885/299/322 887/301/322
f 885/299/322 886/300/322 888/302/322
f 888/302/322 886/300/322 889/273/322
f 889/273/322 890/303/322 888/302/322
f 890/303/322 889/273/322 891/253/322
f 891/253/322 892/304/322 890/303/322
f 892/304/322 891/253/322 893/252/322
f 894/305/322 892/304/322 893/252/322
f 895/306/457 883/297/456 887/301/322
f 893/252/322 895/306/457 894/305/322
f 895/306/457 887/301/322 896/307/322
f 894/305/322 895/306/457 897/308/322
f 897/308/322 895/306/457 896/307/322
f 898/309/458 899/310/459 900/311/460
f 899/310/459 898/309/458 901/312/461
f 902/309/458 903/311/458 904/313/458
f 905/9/462 906/9/462 907/9/463
f 906/9/462 905/9/462 908/9/205
f 909/9/463 907/9/463 906/9/462
f 908/9/205 910/9/205 906/9/462
f 907/9/463 909/9/463 911/9/464
f 910/9/205 908/9/205 912/9/360
f 913/9/465 911/9/464 909/9/463
f 912/9/360 914/9/466 910/9/205
f 911/9/464 913/9/465 915/9/185
f 912/9/360 916/9/119 914/9/466
f 915/9/185 913/9/465 917/9/185
f 916/9/119 912/9/360 918/9/119
f 915/9/185 917/9/185 919/9/467
f 918/9/119 920/9/467 916/9/119
f 919/9/467 917/9/185 920/9/467
f 920/9/467 918/9/119 919/9/467
f 921/314/436 922/315/436 923/314/439
f 923/314/439 922/315/436 924/315/439
f 925/316/205 926/317/205 927/31/205
f 928/318/468 926/317/205 925/316/205
f 927/31/205 926/317/205 929/319/205
f 926/317/205 928/318/468 930/320/468
f 928/318/468 931/321/468 930/320/468
f 928/318/468 932/322/468 931/321/468
f 933/323/205 927/31/205 929/319/205
f 934/324/468 927/31/205 933/323/205
f 934/324/468 933/323/205 935/325/205
f 936/326/468 934/324/468 935/325/205
f 934/324/468 936/326/468 932/322/468
f 936/326/468 937/327/468 932/322/468
f 938/321/468 939/322/468 940/327/468
f 941/328/469 942/329/470 943/330/471
f 942/329/470 941/328/469 944/331/472
f 941/328/469 943/330/471 945/332/473
f 946/333/119 947/334/119 948/334/119
f 947/334/119 946/333/119 949/333/119
f 950/332/473 951/330/469 952/335/474
f 952/335/474 951/330/469 953/336/474
f 954/337/475 955/338/474 956/339/475
f 955/338/474 957/340/474 956/339/475
f 958/9/322 959/9/322 960/9/322
f 960/9/322 959/9/322 961/9/322
f 959/9/322 958/9/322 962/9/322
f 962/9/322 958/9/322 963/9/322
f 963/9/322 958/9/322 964/9/322
f 962/9/322 963/9/322 965/9/322
f 966/341/476 967/342/477 968/343/477
f 967/342/477 966/341/476 969/344/476
f 968/343/477 967/342/477 970/345/478
f 970/345/478 967/342/477 971/346/479
f 972/347/480 970/345/478 971/346/479
f 970/345/478 972/347/480 973/348/480
f 973/348/480 972/347/480 974/349/481
f 974/349/481 972/347/480 975/334/482
f 976/144/483 974/349/481 975/334/482
f 974/349/481 976/144/483 977/350/484
f 977/350/484 976/144/483 978/351/485
f 978/351/485 976/144/483 979/352/486
f 980/353/487 978/351/485 979/352/486
f 978/351/485 980/353/487 981/354/488
f 981/354/488 980/353/487 982/355/489
f 982/355/489 980/353/487 983/333/490
f 984/9/491 532/9/296 497/9/268
f 985/9/492 532/9/296 984/9/491
f 986/9/493 985/9/492 984/9/491
f 986/9/493 984/9/491 987/9/494
f 985/9/492 986/9/493 988/9/185
f 989/9/185 985/9/492 988/9/185
f 990/9/185 985/9/492 989/9/185
f 985/9/492 990/9/185 991/9/495
f 985/9/492 991/9/495 532/9/296
f 992/356/496 993/357/496 994/358/468
f 994/358/468 993/357/496 995/359/468
f 992/356/496 994/358/468 996/360/468
f 993/357/496 997/361/468 995/359/468
f 998/362/468 992/356/496 996/360/468
f 993/357/496 999/363/468 997/361/468
f 1000/364/468 999/363/468 993/357/496
f 999/363/468 1000/364/468 1001/365/468
f 1002/366/468 992/356/496 998/362/468
f 992/356/496 1002/366/468 1003/367/468
f 1004/368/468 1003/367/468 1002/366/468
f 1003/367/468 1004/368/468 1005/369/497
f 1006/370/497 1005/369/497 1004/368/468
f 1007/371/38 1008/372/38 1009/373/38
f 1007/371/38 1009/373/38 1010/374/38
f 1011/373/38 1012/371/38 1013/374/38
f 1012/371/38 1011/373/38 1014/372/38
f 1015/375/185 1016/376/185 1017/377/498
f 1016/376/185 1015/375/185 1018/378/185
f 1015/375/185 1019/99/185 1018/378/185
f 1015/375/185 1020/98/183 1019/99/185
f 1021/177/499 1022/379/500 1023/380/501
f 1022/379/500 1021/177/499 1024/176/502
f 1023/380/501 1025/381/503 1021/177/499
f 1026/382/504 1027/383/505 1025/381/506
f 1027/383/505 1026/382/504 1028/383/507
f 1029/384/185 1030/385/185 1031/386/185
f 1030/385/185 1032/387/185 1031/386/185
f 1033/388/185 1032/387/185 1030/385/185
f 1034/389/185 1032/387/185 1033/388/185
f 1035/390/508 1029/384/185 1031/386/185
f 1029/384/185 1035/390/508 1036/391/185
f 1035/390/508 1037/392/185 1036/391/185
f 1035/390/508 1038/393/185 1037/392/185
f 1035/390/508 1039/394/185 1038/393/185
f 1040/395/185 1041/396/185 1042/397/185
f 1043/398/185 1042/397/185 1041/396/185
f 1041/396/185 1040/395/185 1044/399/185
f 1045/400/185 1044/399/185 1040/395/185
f 1044/399/185 1045/400/185 1046/401/508
f 1047/402/185 1046/401/508 1045/400/185
f 1046/401/508 1047/402/185 1048/403/185
f 1047/402/185 1049/404/185 1048/403/185
f 1046/401/508 1048/403/185 1050/405/185
f 1049/404/185 1051/402/185 1052/406/185
f 1053/407/185 1046/401/508 1050/405/185
f 1053/407/185 1054/408/508 1046/401/508
f 1055/409/185 1054/408/508 1053/407/185
f 1054/408/508 1055/409/185 1056/410/185
f 1057/394/185 1054/408/508 1056/410/185
f 1057/394/185 1058/390/185 1054/408/508
f 1059/393/185 1057/394/185 1060/411/185
f 1057/394/185 1061/412/185 1060/411/185
f 1062/413/185 1063/414/185 1064/413/185
f 1063/414/185 1062/413/185 1065/415/185
f 1066/416/185 1067/417/185 1068/418/185
f 1069/419/185 1070/420/185 1071/421/185
f 1070/420/185 1069/419/185 1072/422/185
f 1071/421/185 1070/420/185 1073/423/185
f 1073/423/185 1070/420/185 1074/424/185
f 1075/425/185 1073/423/185 1074/424/185
f 1076/426/185 1075/425/185 1074/424/185
f 1075/425/185 1076/426/185 1077/427/185
f 1072/422/185 1078/397/185 1079/398/185
f 1080/397/185 1079/398/185 1078/397/185
f 1081/428/185 1082/429/185 1077/427/185
f 1081/428/185 1083/430/509 1082/429/185
f 1084/417/185 1083/430/509 1081/428/185
f 1084/417/185 1085/416/185 1083/430/509
f 1085/416/185 1086/431/185 1083/430/509
f 1087/432/185 1083/430/509 1086/431/185
f 1088/427/185 1089/426/185 1090/428/185
f 1091/397/185 1092/422/185 1093/419/185
f 1094/402/185 1095/404/185 1096/402/185
f 1097/433/185 1098/434/185 1099/435/185
f 1099/435/185 1098/434/185 1100/436/185
f 1099/435/185 1100/436/185 1101/437/185
f 1102/413/185 1103/414/185 1104/385/185
f 1104/385/185 1103/414/185 1105/388/185
f 1106/434/185 1107/433/185 1108/413/185
f 1109/415/185 1108/413/185 1107/433/185
f 1110/387/185 1111/389/185 1112/438/185
f 1113/439/205 1114/440/205 1115/441/205
f 1114/440/205 1113/439/205 1116/442/205
f 1113/439/205 1115/441/205 1117/443/205
f 1114/440/205 1118/444/205 1115/441/205
f 1115/441/205 1118/444/205 1119/445/205
f 1118/444/205 1114/440/205 1120/446/205
f 1121/254/510 1122/257/511 1123/254/512
f 1122/257/511 1121/254/510 1124/257/513
f 1125/261/514 1126/259/515 1127/259/516
f 1127/259/516 1128/261/517 1125/261/514
f 1129/447/518 1130/448/519 1131/448/520
f 1130/448/519 1129/447/518 1132/447/521
f 1133/449/522 1134/450/523 1135/449/524
f 1135/449/524 1134/450/523 1136/450/525
f 1137/98/526 1138/375/205 1139/99/205
f 1139/99/205 1138/375/205 1140/378/205
f 1138/375/205 1141/376/205 1140/378/205
f 1138/375/205 1142/377/527 1141/376/205
f 1142/377/527 1143/377/528 1141/376/205
f 1144/451/205 1145/452/205 1146/453/205
f 1147/454/205 1146/453/205 1145/452/205
f 1146/453/205 1147/454/205 1148/455/205
f 1148/455/205 1147/454/205 1149/456/205
f 1150/457/205 1148/455/205 1149/456/205
f 1149/456/205 1151/458/205 1150/457/205
f 1151/458/205 1152/459/205 1150/457/205
f 1153/460/205 1154/461/205 1155/462/205
f 1154/461/205 1156/463/205 1155/462/205
f 1156/463/205 1154/461/205 1157/464/205
f 1153/460/205 1158/465/205 1154/461/205
f 1158/465/205 1153/460/205 1159/466/205
f 1160/467/468 1161/468/468 1162/469/468
f 1160/467/468 1162/469/468 1163/470/468
f 1160/467/468 1164/471/468 1161/468/468
f 1164/471/468 1160/467/468 1165/472/468
f 1165/472/468 1166/473/468 1164/471/468
f 1167/474/205 1168/475/205 1169/476/205
f 1167/474/205 1170/477/205 1168/475/205
f 1167/474/205 1171/478/205 1172/479/205
f 1167/474/205 1173/480/205 1171/478/205
f 1173/480/205 1174/481/205 1171/478/205
f 1173/480/205 1167/474/205 1175/482/205
f 1176/483/205 1177/484/287 1178/485/205
f 1176/483/205 1179/9/205 1180/9/205
f 1178/485/205 1177/484/287 1181/486/205
f 1182/487/205 1181/486/205 1177/484/287
f 1183/488/468 1182/487/205 1177/484/287
f 1182/487/205 1183/488/468 1184/489/205
f 1183/488/468 1177/484/287 1185/490/468
f 1186/491/205 1187/479/205 1188/478/205
f 1187/479/205 1186/491/205 1189/492/287
f 1190/493/205 1189/492/287 1186/491/205
f 1189/492/287 1191/494/205 1192/495/205
f 1193/496/287 1191/494/205 1189/492/287
f 1189/492/287 1190/493/205 1193/496/287
f 1191/494/205 1193/496/287 1194/497/205
f 1190/493/205 1195/498/205 1193/496/287
f 1195/498/205 1190/493/205 1196/499/205
f 1193/496/287 1195/498/205 1197/500/205
f 1197/500/205 1198/490/205 1193/496/287
f 1198/490/205 1197/500/205 1199/488/205
f 1200/9/468 1201/9/205 1202/9/468
f 1201/9/205 1200/9/468 1203/9/205
f 1203/9/205 1204/9/205 1201/9/205
f 1205/9/529 1200/9/468 1202/9/468
f 1200/9/468 1205/9/529 1206/9/529
f 1206/9/529 1205/9/529 1207/34/529
f 1205/9/529 1208/9/205 1207/34/529
f 1209/34/529 1206/9/529 1207/34/529
f 1210/9/529 1211/9/529 1207/34/529
f 1212/35/529 1213/9/530 1209/34/529
f 1214/30/529 1213/9/530 1215/36/529
f 1216/9/205 1217/9/529 1218/9/205
f 1217/9/529 1216/9/205 1219/9/205
f 1217/9/529 1219/9/205 1220/9/205
f 1221/9/205 1220/9/205 1219/9/205
f 1222/9/205 1221/9/205 1219/9/205
f 1221/9/205 1222/9/205 1223/183/468
f 1222/9/205 1224/9/468 1223/183/468
f 1224/9/468 1225/183/205 1223/183/468
f 1224/9/468 1226/501/468 1227/502/468
f 1224/9/468 1228/185/468 1229/503/468
f 1230/9/468 1231/504/468 1224/9/468
f 1232/9/530 1233/505/468 1230/9/468
f 1230/9/468 1234/9/287 1232/9/530
f 1234/9/287 1230/9/468 1235/9/205
f 1236/9/205 1234/9/287 1235/9/205
f 1234/9/287 1236/9/205 1237/9/205
f 1234/9/287 1237/9/205 1238/9/205
f 1236/9/205 1235/9/205 1239/9/205
f 1239/9/205 1235/9/205 1240/9/205
f 1239/9/205 1240/9/205 1241/9/205
f 1241/9/205 1240/9/205 1242/475/205
f 1238/9/205 1243/483/205 1244/9/205
f 1245/9/529 1246/454/205 1247/9/205
f 1246/454/205 1245/9/529 1248/456/205
f 1247/9/205 1249/506/529 1245/9/529
f 1250/9/205 1251/507/205 1249/506/529
f 1250/9/205 1252/508/205 1253/508/205
f 1254/9/205 1255/9/205 1250/9/205
f 1254/9/205 1256/9/205 1255/9/205
f 1256/9/205 1257/9/205 1255/9/205
f 1257/9/205 1258/9/205 1255/9/205
f 1257/9/205 1259/9/205 1258/9/205
f 1257/9/205 1260/9/468 1259/9/205
f 1261/9/529 1262/509/529 1263/9/529
f 1261/9/529 1264/510/529 1262/509/529
f 1265/9/529 1263/9/529 1266/34/529
f 1267/9/205 1268/9/529 1266/34/529
f 1269/9/530 1270/9/529 1271/34/529
f 1272/36/529 1269/9/530 1273/35/529
f 1274/30/529 1275/511/529 1269/9/530
f 1275/511/529 1276/512/530 1269/9/530
f 1269/9/530 1276/512/530 1277/9/531
f 1276/512/530 1278/513/530 1277/9/531
f 1277/9/531 1278/513/530 1279/514/530
f 1277/9/531 1279/514/530 1280/515/468
f 1277/9/531 1280/515/468 1281/505/468
f 1282/9/468 1281/505/468 1283/504/468
f 1284/9/205 1285/9/205 1286/506/529
f 1287/9/205 1288/9/205 1289/183/468
f 1290/184/468 1291/183/205 1292/9/468
f 1293/516/532 1294/517/533 1295/517/534
f 1294/517/533 1293/516/532 1296/516/533
f 1295/517/534 1297/516/535 1293/516/532
f 1298/517/536 1299/516/537 1297/516/536
f 1299/516/537 1298/517/536 1300/517/537
f 1301/517/538 1299/516/537 1300/517/537
f 1299/516/537 1301/517/538 1302/516/539
f 1303/517/540 1302/516/539 1301/517/538
f 1302/516/539 1303/517/540 1304/516/540
f 1303/517/540 1305/518/541 1304/516/540
f 1305/518/541 1303/517/540 1306/517/541
f 1305/518/541 1307/517/542 1308/519/543
f 1309/517/544 1308/519/543 1307/517/542
f 1308/519/543 1309/517/544 1310/520/544
f 1310/520/544 1311/517/545 1312/520/545
f 1313/9/546 1314/9/547 1315/9/548
f 1315/9/548 1316/9/549 1313/9/546
f 1315/9/548 1314/9/547 1317/9/547
f 1316/9/549 1315/9/548 1318/9/549
f 1314/9/547 1319/9/550 1317/9/547
f 1320/9/551 1316/9/549 1318/9/549
f 1316/9/549 1320/9/551 1321/9/551
f 1321/9/551 1320/9/551 1322/9/552
f 1319/9/550 1314/9/547 1323/9/553
f 1323/9/553 1324/9/554 1319/9/550
f 1324/9/554 1325/9/554 1319/9/550
f 1324/9/554 1326/9/555 1325/9/554
f 1326/9/555 1324/9/554 1327/9/555
f 1326/9/555 1327/9/555 1328/9/556
f 1329/9/557 1330/9/558 1331/9/557
f 1331/9/557 1332/9/559 1329/9/557
f 1330/9/558 1329/9/557 1333/9/558
f 1329/9/557 1332/9/559 1334/9/559
f 1333/9/558 1335/9/560 1330/9/558
f 1332/9/559 1336/9/561 1334/9/559
f 1337/9/560 1330/9/558 1335/9/560
f 1338/9/562 1337/9/560 1335/9/560
f 1339/9/562 1337/9/560 1338/9/562
f 1332/9/559 1340/9/563 1336/9/561
f 1341/9/564 1336/9/561 1340/9/563
f 1340/9/563 1342/9/564 1341/9/564
f 1342/9/564 1343/9/565 1341/9/564
f 1343/9/565 1342/9/564 1344/9/565
f 1344/9/565 1345/9/566 1343/9/565
f 1344/9/565 1346/9/566 1345/9/566
f 1347/9/567 1348/9/568 1349/9/569
f 1350/9/570 1348/9/568 1347/9/567
f 1349/9/569 1351/9/571 1347/9/567
f 1352/9/572 1348/9/568 1350/9/570
f 1351/9/571 1349/9/569 1353/9/571
f 1350/9/570 1354/9/573 1352/9/572
f 1353/9/571 1355/9/574 1351/9/571
f 1354/9/573 1350/9/570 1356/9/575
f 1351/9/571 1355/9/574 1357/9/574
f 1355/9/574 1358/9/576 1357/9/574
f 1358/9/576 1355/9/574 1359/9/577
f 1360/9/578 1354/9/573 1356/9/575
f 1360/9/578 1356/9/575 1361/9/578
f 1362/9/579 1360/9/578 1361/9/578
f 1363/9/579 1360/9/578 1362/9/579
f 1364/9/580 1365/9/581 1366/9/580
f 1366/9/580 1365/9/581 1367/9/581
f 1365/9/581 1368/9/582 1367/9/581
f 1369/9/582 1367/9/581 1368/9/582
f 1370/9/583 1369/9/582 1368/9/582
f 1369/9/582 1370/9/583 1371/9/584
f 1372/9/585 1371/9/584 1370/9/583
f 1371/9/584 1372/9/585 1373/9/585
f 1372/9/585 1374/9/586 1373/9/585
f 1374/9/586 1372/9/585 1375/9/586
f 1375/9/586 1376/9/587 1374/9/586
f 1374/9/586 1376/9/587 1377/9/587
f 1376/9/587 1378/9/588 1377/9/587
f 1378/9/588 1376/9/587 1379/9/588
f 1379/9/588 1380/9/589 1378/9/588
f 1380/9/589 1379/9/588 1381/9/589
f 1382/9/590 1383/9/591 1384/9/592
f 1385/9/593 1384/9/592 1383/9/591
f 1383/9/591 1382/9/590 1386/9/594
f 1383/9/591 1387/9/595 1385/9/593
f 1382/9/590 1388/9/596 1386/9/594
f 1387/9/595 1389/9/597 1385/9/593
f 1388/9/596 1382/9/590 1390/9/596
f 1390/9/596 1391/9/598 1388/9/596
f 1391/9/598 1390/9/596 1392/9/598
f 1387/9/595 1393/9/599 1389/9/597
f 1389/9/597 1393/9/599 1394/9/599
f 1395/9/600 1394/9/599 1393/9/599
f 1394/9/599 1395/9/600 1396/9/600
f 1397/9/601 1396/9/600 1395/9/600
f 1396/9/600 1397/9/601 1398/9/601
f 1399/521/468 1400/522/353 1401/523/602
f 1399/521/468 1402/524/355 1400/522/353
f 1400/522/353 1402/524/355 1403/525/603
f 991/9/495 990/9/185 1404/9/185
f 1405/9/185 991/9/495 1404/9/185
f 987/9/494 984/9/491 494/9/265
f 984/9/491 497/9/268 494/9/265
f 987/9/494 494/9/265 492/9/263
f 991/9/495 1405/9/185 1406/9/604
f 1407/9/185 1406/9/604 1405/9/185
f 531/9/295 532/9/296 991/9/495
f 991/9/495 1406/9/604 531/9/295
f 1408/9/508 1406/9/604 1407/9/185
f 1409/9/185 1408/9/508 1407/9/185
f 1406/9/604 1408/9/508 1410/9/605
f 1406/9/604 1410/9/605 1411/9/606
f 1411/9/606 531/9/295 1406/9/604
f 1408/9/508 1409/9/185 1412/9/185
f 1408/9/508 1412/9/185 1413/9/185
f 1414/9/185 1412/9/185 1409/9/185
f 1412/9/185 1414/9/185 1415/526/185
f 1414/9/185 1416/527/185 1415/526/185
f 531/9/295 1411/9/606 529/9/293
f 1416/527/185 1414/9/185 1417/9/185
f 1416/527/185 1417/9/185 1418/528/185
f 1419/529/185 1416/527/185 1418/528/185
f 1420/530/185 1421/531/185 1417/9/185
f 1421/531/185 1420/530/185 1422/532/185
f 1423/533/185 1424/534/185 1419/529/185
f 1424/534/185 1423/533/185 1425/535/185
f 1422/532/185 1426/536/185 1427/537/185
f 1428/538/185 1427/537/185 1426/536/185
f 1428/538/185 1429/9/185 1427/537/185
f 1429/9/185 1428/538/185 1430/9/185
f 1431/539/185 1427/537/185 1429/9/185
f 1431/539/185 1429/9/185 1432/9/607
f 1431/539/185 1432/9/607 1433/9/185
f 1434/9/185 1435/540/185 1433/9/185
f 1435/540/185 1434/9/185 1436/541/185
f 1437/9/185 1436/541/185 1434/9/185
f 1438/542/185 1437/9/185 1439/543/185
f 1439/543/185 1440/544/608 1441/545/185
f 1440/544/608 1439/543/185 1442/546/608
f 1442/546/185 1437/9/185 1443/9/185
f 1443/9/185 1444/547/185 1442/546/185
f 1445/9/185 1443/9/185 1446/9/185
f 1445/9/185 1446/9/185 1447/9/185
f 1448/9/185 1445/9/185 1447/9/185
f 1445/9/185 1448/9/185 1449/9/185
f 1445/9/185 1450/9/185 1444/547/185
f 1449/9/185 1451/9/185 1452/548/185
f 1450/9/185 1453/549/185 1454/550/185
f 1450/9/185 1455/551/185 1456/551/185
f 1457/185/381 1458/182/609 1459/503/609
f 1460/552/610 1461/553/611 1462/554/612
f 1463/9/185 1464/9/185 1465/9/185
f 1466/9/613 1464/9/185 1463/9/185
f 1464/9/185 1466/9/613 1467/9/185
f 1466/9/613 1463/9/185 1468/9/614
f 1468/9/614 1463/9/185 1469/9/185
f 1466/9/613 1468/9/614 1470/9/185
f 1470/9/185 1468/9/614 1471/9/185
f 1472/555/205 1473/556/205 1474/557/205
f 1472/555/205 1475/557/205 1473/556/205
f 1475/557/205 1472/555/205 1476/558/205
f 1476/558/205 1472/555/205 1477/559/205
f 1476/558/205 1477/559/205 1478/559/205
f 1479/560/615 1480/561/615 1481/562/616
f 1482/563/617 1483/562/616 1484/561/618
f 1485/381/503 1486/380/501 1487/382/503
f 1488/564/205 1489/565/205 1490/566/205
f 1489/565/205 1488/564/205 1491/567/205
f 1492/568/205 1491/567/205 1488/564/205
f 1493/569/205 1491/567/205 1492/568/205
f 1494/570/205 1493/569/205 1495/571/205
f 1496/569/205 1497/570/205 1498/567/205
f 1497/570/205 1499/571/205 1500/572/205
f 1500/572/205 1499/571/205 1501/573/205
f 1502/535/185 1503/533/185 1504/545/185
f 1504/545/185 1505/544/185 1502/535/185
f 1506/9/185 1507/526/619 1508/574/619
f 1509/549/185 1506/9/185 1508/574/619
f 1506/9/185 1509/549/185 1510/9/185
f 1511/551/185 1510/9/185 1512/550/185
f 1513/551/185 1514/547/185 1510/9/185
f 1514/547/185 1515/9/185 1516/9/185
f 1517/548/185 1516/9/185 1518/9/185
f 1519/9/185 1517/548/185 1520/9/185
f 1517/548/185 1519/9/185 1521/575/185
f 1521/575/185 1519/9/185 1522/9/185
f 1523/536/185 1524/532/185 1525/530/185
f 1526/9/185 1527/531/185 1528/528/185
f 1529/527/185 1530/529/185 1531/534/185
f 1532/9/185 1533/576/185 1534/539/185
f 1535/546/185 1536/543/185 1537/9/185
f 1538/541/185 1537/9/185 1539/542/185
f 1540/577/29 1541/578/620 1542/577/621
f 1542/577/621 1541/578/620 1543/578/27
f 1544/9/622 1545/9/623 1546/9/624
f 1546/9/624 1547/9/625 1544/9/622
f 1544/9/622 1548/9/626 1545/9/623
f 1545/9/623 1548/9/626 1549/9/626
f 1549/9/626 1548/9/626 1550/9/627
f 1544/9/622 1547/9/625 1551/9/628
f 1547/9/625 1552/9/629 1551/9/628
f 1552/9/629 1547/9/625 1553/9/630
f 1553/9/630 1554/9/631 1552/9/629
f 1554/9/631 1555/9/632 1552/9/629
f 1555/9/632 1554/9/631 1556/9/633
f 1556/9/633 1557/9/634 1555/9/632
f 1558/9/635 1559/9/636 1560/9/637
f 1558/9/635 1561/9/638 1559/9/636
f 1558/9/635 1560/9/637 1562/9/639
f 1563/9/639 1558/9/635 1562/9/639
f 1562/9/639 1564/9/639 1563/9/639
f 1565/9/640 1563/9/639 1564/9/639
f 1566/9/641 1565/9/640 1564/9/639
f 1565/9/640 1566/9/641 1567/9/642
f 1567/9/642 1568/9/643 1565/9/640
f 1568/9/643 1569/9/644 1565/9/640
f 1568/9/643 1567/9/642 1570/9/645
f 1571/182/646 1572/272/437 1573/579/646
f 1574/357/647 1573/579/648 1575/364/647
f 1573/579/648 1574/357/647 1576/580/648
f 1577/186/649 1578/581/650 1572/272/651
f 1578/581/650 1577/186/649 1579/582/652
f 1579/582/652 1580/583/653 1581/584/654
f 1580/583/653 1582/322/655 1581/584/654
f 1582/322/655 1580/583/653 1583/585/655
f 1583/585/655 1584/322/656 1582/322/655
f 1585/586/657 1578/581/658 1586/587/659
f 1586/587/659 1587/588/660 1585/586/657
f 1587/588/660 1588/589/661 1585/586/657
f 1587/588/660 1589/590/662 1588/589/661
f 1590/444/185 1591/441/185 1592/591/185
f 1591/441/185 1590/444/185 1593/592/185
f 1593/592/185 1590/444/185 1594/593/185
f 1595/439/185 1590/444/185 1592/591/185
f 1596/591/185 1595/439/185 1597/594/185
f 1598/439/185 1599/591/185 1600/594/185
f 1601/591/185 1602/444/185 1598/439/185
f 1602/444/185 1601/591/185 1603/441/185
f 1604/592/185 1602/444/185 1603/441/185
f 1602/444/185 1604/592/185 1605/593/185
f 1606/595/439 1607/353/439 1608/595/663
f 1609/595/663 1610/353/439 1611/353/664
f 1612/596/665 1613/597/665 1614/596/663
f 1614/596/663 1613/597/665 1615/597/663
f 1616/517/666 1617/517/667 1618/517/668
f 1618/517/668 1617/517/667 1619/517/669
f 1620/517/668 1616/517/666 1618/517/668
f 1620/517/668 1618/517/668 1621/517/669
f 1619/517/669 1622/517/670 1618/517/668
f 1623/517/463 1616/517/666 1624/517/671
f 1622/517/672 1625/517/673 1626/517/673
f 1627/517/673 1622/517/672 1626/517/673
f 1624/517/671 1628/517/674 1629/517/675
f 1628/517/674 1630/517/676 1629/517/675
f 1628/517/674 1631/517/677 1630/517/676
f 1631/517/677 1632/517/671 1633/517/671
f 1634/598/678 1635/599/679 1636/600/680
f 1637/601/678 1635/599/679 1634/598/678
f 1635/599/679 1637/601/678 1638/602/679
f 1639/603/681 1640/604/682 1641/577/681
f 1642/605/683 1639/603/681 1641/577/681
f 1643/352/684 1641/577/681 1640/604/682
f 1641/577/681 1644/606/683 1642/605/683
f 1640/604/682 1645/607/685 1643/352/684
f 1644/606/683 1646/608/686 1642/605/683
f 1645/607/685 1640/604/682 1647/609/685
f 1646/608/686 1644/606/683 1648/334/686
f 1649/610/687 1645/607/685 1647/609/685
f 1648/334/686 1650/611/688 1646/608/686
f 1647/609/685 1651/612/687 1649/610/687
f 1651/612/687 1652/613/689 1649/610/687
f 1653/333/689 1649/610/687 1652/613/689
f 1648/334/686 1654/614/690 1650/611/688
f 1650/611/688 1654/614/690 1655/615/691
f 1656/616/692 1655/615/691 1654/614/690
f 1655/615/691 1656/616/692 1657/617/693
f 1656/616/694 1658/618/695 1659/619/694
f 1658/618/695 1656/616/694 1660/346/696
f 1660/346/696 1661/620/697 1658/618/695
f 1662/621/698 1658/618/695 1661/620/697
f 1663/622/699 1662/621/698 1661/620/697
f 1662/621/698 1663/622/699 1664/623/699
f 1665/51/700 1664/623/699 1663/622/699
f 1663/622/699 1666/344/701 1665/51/700
f 1665/51/700 1666/344/701 1667/50/701
f 1668/606/702 1669/624/703 1670/334/704
f 1669/624/703 1668/606/702 1671/578/705
f 1672/11/706 1673/625/706 1674/626/706
f 1675/625/707 1676/11/707 1677/11/707
f 1678/9/708 1679/9/709 1680/9/710
f 1681/9/711 1680/9/710 1679/9/709
f 1679/9/709 1682/9/712 1681/9/711
f 1683/9/713 1680/9/710 1681/9/711
f 1680/9/710 1683/9/713 1684/9/713
f 1685/9/713 1680/9/710 1684/9/713
f 1684/9/713 1686/9/714 1685/9/713
f 1687/9/715 1685/9/713 1686/9/714
f 1686/9/714 1688/9/716 1687/9/715
f 1688/9/716 1686/9/714 1689/9/716
f 1690/9/717 1688/9/716 1689/9/716
f 1688/9/716 1690/9/717 1691/9/718
f 1692/627/719 1693/13/719 1694/4/719
f 1694/4/719 1693/13/719 1695/13/720
f 1694/4/719 1696/628/719 1692/627/719
f 1697/380/721 1698/381/722 1699/382/722
f 1700/520/723 1701/517/723 1702/519/724
f 1703/517/724 1702/519/724 1701/517/723
f 1704/517/542 1705/518/725 1706/517/541
f 1707/629/205 1708/9/205 1709/630/205
f 1707/629/205 1709/630/205 1710/631/205
f 1707/629/205 1710/631/205 1711/632/205
f 1712/633/205 1711/632/205 1710/631/205
f 1708/9/205 1707/629/205 1713/634/205
f 1708/9/205 1713/634/205 1714/635/205
f 1715/9/205 1708/9/205 1714/635/205
f 1716/636/205 1715/9/205 1717/637/205
f 1708/9/205 1718/638/205 1719/639/205
f 1718/638/205 1708/9/205 1720/9/205
f 1718/638/205 1721/640/205 1722/641/205
f 1723/642/205 1715/9/205 1724/643/205
f 1715/9/205 1723/642/205 1725/9/205
f 1725/9/205 1723/642/205 1726/644/205
f 1725/9/205 522/9/287 1727/9/205
f 1725/9/205 523/9/205 522/9/287
f 523/9/205 1725/9/205 1728/9/205
f 1725/9/205 1729/645/205 1728/9/205
f 1730/9/205 1731/639/205 1732/630/205
f 1733/9/205 1734/635/205 1735/637/205
f 1736/636/205 1737/643/205 1733/9/205
f 1738/646/726 1739/9/205 1740/647/205
f 1739/9/205 1741/648/205 1740/647/205
f 1739/9/205 1742/649/205 1741/648/205
f 1743/9/205 1742/649/205 1744/9/205
f 1743/9/205 1745/650/205 1746/651/205
f 1745/650/205 1743/9/205 1747/632/205
f 1747/632/205 1743/9/205 1748/652/205
f 1749/640/205 1750/638/205 1751/9/205
f 1752/641/205 1749/640/205 1753/646/205
f 1749/640/205 1754/9/727 1753/646/205
f 1755/649/205 1754/9/205 1756/9/205
f 1755/649/205 1757/9/205 1758/651/205
f 1759/9/205 1760/652/205 1757/9/205
f 1760/652/205 1759/9/205 1761/645/205
f 1761/645/205 1762/9/205 1763/644/205
f 1764/633/205 1765/632/205 1766/632/205
f 1765/632/205 1764/633/205 1767/650/205
f 1768/653/728 1769/654/729 1770/655/728
f 1769/654/729 1768/653/728 1771/656/729
f 1771/656/729 1772/657/730 1769/654/729
f 1769/654/729 1772/657/730 1773/658/731
f 1774/150/732 1775/659/733 1776/660/732
f 1776/660/732 1775/659/733 1777/661/733
f 1776/660/732 1778/662/734 1774/150/732
f 1778/662/734 1776/660/732 1779/663/734
f 1780/591/205 1781/439/205 1782/594/205
f 1781/439/205 1783/444/205 1784/591/205
f 1784/591/205 1783/444/205 1785/441/205
f 1785/441/205 1783/444/205 1786/592/205
f 1786/592/205 1783/444/205 1787/593/205
f 1788/591/205 1789/444/205 1790/439/205
f 1790/439/205 1791/591/205 1792/594/205
f 1793/441/205 1789/444/205 1788/591/205
f 1789/444/205 1793/441/205 1794/592/205
f 1789/444/205 1794/592/205 1795/593/205
f 1796/664/735 1797/283/736 1798/665/737
f 1797/283/736 1796/664/735 1799/284/737
f 1800/602/738 1801/601/739 1802/599/739
f 1803/598/739 1802/599/739 1801/601/739
f 1802/599/739 1803/598/739 1804/600/740
f 1805/517/741 1806/520/723 1807/520/741
f 1806/520/723 1805/517/741 1808/517/723
f 1807/520/741 1809/516/742 1805/517/741
f 1810/517/743 1805/517/741 1809/516/742
f 1809/516/742 1811/517/744 1810/517/743
f 1811/517/744 1809/516/742 1812/516/745
f 1813/607/746 1814/610/747 1815/609/748
f 1816/612/749 1815/609/748 1814/610/747
f 1817/613/750 1816/612/749 1814/610/747
f 1817/613/750 1814/610/747 1818/333/750
f 1819/604/751 1813/607/746 1815/609/748
f 1813/607/746 1819/604/751 1820/352/752
f 1819/604/751 1821/577/753 1820/352/752
f 1819/604/751 1822/603/753 1821/577/753
f 1822/603/753 1823/605/754 1821/577/753
f 1824/606/754 1821/577/753 1823/605/754
f 1825/608/755 1824/606/754 1823/605/754
f 1824/606/754 1825/608/755 1826/334/755
f 1825/608/755 1827/611/756 1826/334/755
f 1828/614/757 1826/334/755 1827/611/756
f 1827/611/756 1829/615/758 1828/614/757
f 1829/615/758 1830/616/759 1828/614/757
f 1830/616/759 1829/615/758 1831/617/759
f 1832/618/760 1830/616/761 1833/619/761
f 1830/616/761 1832/618/760 1834/346/760
f 1832/618/760 1835/620/762 1834/346/760
f 1832/618/760 1836/621/763 1835/620/762
f 1836/621/763 1837/622/764 1835/620/762
f 1837/622/764 1836/621/763 1838/623/765
f 1838/623/765 1839/51/766 1837/622/764
f 1840/344/767 1837/622/764 1839/51/766
f 1839/51/766 1841/50/768 1840/344/767
f 1842/516/769 1843/517/545 1844/517/769
f 1843/517/545 1842/516/769 1845/520/770
f 1846/517/771 1842/516/769 1844/517/769
f 1842/516/769 1846/517/771 1847/516/772
f 1843/517/545 1848/520/544 1849/517/544
f 1850/666/773 1851/141/773 1852/667/773
f 1851/141/773 1850/666/773 1853/142/773
f 1854/668/774 1855/9/775 1856/548/774
f 1857/9/776 1856/548/774 1855/9/775
f 1858/669/777 1859/670/778 1860/671/779
f 1861/671/779 1860/671/779 1859/670/778
f 1862/625/780 1863/11/781 1864/626/782
f 1863/11/781 1862/625/780 1865/11/781
f 1866/628/780 1867/4/783 1868/627/780
f 1868/627/780 1867/4/783 1869/13/784
f 1869/13/784 1867/4/783 1870/13/785
f 1871/672/786 1872/673/25 1873/674/787
f 1872/673/25 1871/672/786 1874/675/788
f 1875/676/789 1874/675/788 1871/672/786
f 1874/675/788 1875/676/789 1876/677/790
f 1877/502/380 1878/678/791 1879/679/380
f 1878/678/791 1877/502/380 1880/501/792
f 1881/370/497 1882/680/793 1883/369/497
f 1882/680/793 1881/370/497 1884/681/794
f 1884/681/794 1885/682/795 1882/680/793
f 1885/682/795 1884/681/794 1886/683/795
f 1887/582/652 1888/587/659 1889/581/796
f 1890/584/653 1888/587/659 1887/582/652
f 1891/684/797 1892/685/798 1893/686/799
f 1894/687/800 1895/688/801 1892/685/802
f 1894/687/800 1896/9/803 1895/688/801
f 1897/9/804 1895/688/805 1898/9/806
f 1899/689/807 1900/142/808 1901/690/807
f 1901/690/807 1902/691/809 1899/689/807
f 1902/691/809 1901/690/807 1903/692/809
f 1904/693/809 1902/691/809 1903/692/809
f 1905/694/809 1904/693/809 1906/695/809
f 1907/696/809 1908/697/809 1905/694/809
f 1909/698/809 1908/697/809 1910/699/809
f 1911/700/809 1908/697/809 1912/9/809
f 1913/701/810 1914/688/811 1915/702/812
f 1916/9/803 1917/9/806 1914/688/813
f 1914/688/811 1913/701/810 1918/685/798
f 1918/685/798 1913/701/810 1919/686/799
f 1915/702/812 1920/703/814 1913/701/810
f 1920/703/814 1915/702/812 1921/9/814
f 1914/688/811 1922/9/815 1915/702/812
f 1923/704/816 1915/702/812 1922/9/815
f 1915/702/817 1924/9/818 1925/9/819
f 1926/9/820 1922/9/821 1917/9/822
f 1922/9/821 1926/9/820 1927/9/823
f 1928/9/824 1927/9/823 1926/9/820
f 1927/9/823 1928/9/824 1929/9/824
f 1930/705/825 1918/685/826 1931/684/797
f 1918/685/826 1930/705/825 1932/687/827
f 1933/706/828 1934/669/777 1935/707/829
f 1934/669/777 1933/706/828 1936/670/777
f 1937/708/663 1938/709/830 1939/710/831
f 1938/709/830 1937/708/663 1940/711/664
f 1938/709/830 1940/711/664 1941/712/832
f 1941/712/832 1940/711/664 1942/713/833
f 1943/714/663 1944/715/663 1945/716/833
f 1945/716/833 1944/715/663 1946/717/831
f 1947/718/833 1943/714/663 1945/716/833
f 1943/714/663 1947/718/833 1948/719/833
f 1949/664/834 1950/283/835 1951/284/836
f 1949/664/834 1952/665/836 1950/283/835
f 1953/334/837 1954/720/837 1955/334/837
f 1953/334/837 1956/334/838 1954/720/837
f 1957/721/837 1954/720/837 1956/334/838
f 1956/334/838 1958/722/837 1957/721/837
f 1957/721/837 1958/722/837 1959/723/837
f 1958/722/837 1956/334/838 1960/724/837
f 1961/725/838 1960/724/837 1956/334/838
f 1962/726/837 1960/724/837 1961/725/838
f 1962/726/837 1961/725/838 1963/727/837
f 1964/334/839 1961/725/838 1956/334/838
f 1961/725/838 1964/334/839 1965/624/839
f 1966/724/837 1967/726/837 1968/728/837
f 1969/9/818 1970/702/812 1971/9/816
f 1972/9/814 1970/702/812 1973/9/840
f 1974/729/841 1975/730/841 1976/731/841
f 1977/675/842 1978/676/843 1979/672/844
f 1978/676/843 1977/675/842 1980/677/845
f 1977/675/842 1979/672/844 1981/732/846
f 1982/674/25 1981/732/846 1979/672/844
f 1982/674/25 1983/673/787 1981/732/846
f 1984/590/847 1985/137/848 1986/589/661
f 1984/590/847 1987/733/661 1985/137/848
f 1988/662/661 1985/137/848 1987/733/661
f 1985/137/848 1988/662/661 1989/663/661
f 1990/697/809 1991/698/809 1992/694/809
f 1993/693/809 1992/694/809 1991/698/809
f 1993/693/809 1994/692/809 1995/695/809
f 1996/9/809 1990/697/809 1997/696/809
f 1996/9/809 1998/9/809 1999/700/809
f 2000/734/185 2001/735/185 2002/736/185
f 2000/734/185 2002/736/185 2003/737/185
f 2002/736/185 2004/738/185 2003/737/185
f 2001/735/185 2000/734/185 2005/739/185
f 2005/739/185 2006/740/185 2001/735/185
f 2007/741/185 2005/739/185 2000/734/185
f 2008/742/185 2005/739/185 2007/741/185
f 2004/738/185 2009/743/185 2003/737/185
f 2009/743/185 2004/738/185 2010/121/185
f 2010/121/185 2004/738/185 2011/744/185
f 2011/744/185 2012/120/185 2010/121/185
f 2012/120/185 2011/744/185 2013/745/185
f 2014/371/737 2015/746/735 2016/372/735
f 2015/746/735 2014/371/737 2017/747/737
f 2018/226/395 2019/225/849 2020/222/390
f 2021/227/396 2022/226/398 2018/226/398
f 2023/220/399 2021/227/396 2024/220/399
f 2024/220/399 2025/221/119 2023/220/399
f 2026/219/119 2023/220/399 2025/221/119
f 2027/218/119 2028/228/119 2026/219/119
f 2029/577/185 2030/607/185 2031/352/185
f 2029/577/185 2032/334/508 2030/607/185
f 2032/334/508 2029/577/185 2033/606/185
f 2032/334/508 2034/610/185 2030/607/185
f 2034/610/185 2032/334/508 2035/333/185
f 2035/333/185 2032/334/508 2036/333/185
f 2036/333/185 2032/334/508 2037/334/185
f 2038/517/850 2039/518/851 2040/517/851
f 2041/748/852 2042/749/853 2043/750/852
f 2042/749/853 2041/748/852 2044/751/854
f 2043/750/852 2045/752/855 2041/748/852
f 2045/752/855 2043/750/852 2046/753/856
f 2045/752/855 2046/753/856 2047/754/857
f 2047/754/857 2048/755/858 2045/752/855
f 2049/756/859 2044/751/860 2050/757/859
f 2044/751/860 2049/756/859 2051/751/860
f 2052/758/861 2053/731/841 2054/730/841
f 2053/731/841 2052/758/861 2055/759/861
f 2054/730/841 2056/729/841 2057/141/841
f 2058/517/862 2059/517/863 2060/517/863
f 2059/517/863 2061/517/864 2060/517/863
f 2061/517/864 2059/517/863 2062/517/865
f 2059/517/863 2063/517/865 2062/517/865
f 2063/517/865 2059/517/863 2064/517/866
f 2064/517/866 2059/517/863 2058/517/862
f 2065/517/867 2064/517/866 2058/517/862
f 2066/517/671 2065/517/677 2067/517/671
f 2065/517/867 2068/517/671 2069/517/868
f 2058/517/862 2068/517/671 2065/517/867
f 2068/517/671 2058/517/862 2070/517/463
f 2058/517/862 2071/517/463 2070/517/463
f 2058/517/862 2060/517/863 2072/517/869
f 2058/517/862 2072/517/869 2071/517/463
f 2071/517/463 2072/517/869 2073/517/463
f 2072/517/869 2074/517/463 2073/517/463
f 2075/517/870 2074/517/463 2072/517/869
f 2072/517/869 2076/517/666 2075/517/870
f 2076/517/666 2077/517/871 2075/517/870
f 2076/517/666 2078/517/872 2077/517/871
f 2079/517/666 2078/517/872 2076/517/666
f 2078/517/872 2079/517/666 2080/517/463
f 2081/517/667 2079/517/666 2076/517/666
f 2082/517/873 2083/517/671 2079/517/666
f 2079/517/666 2084/517/668 2082/517/873
f 2085/371/836 2086/746/834 2087/747/836
f 2085/371/836 2088/372/834 2086/746/834
f 2089/760/874 2090/9/875 2091/9/875
f 2090/9/875 2092/9/876 2091/9/875
f 2090/9/875 2089/760/874 2093/9/877
f 2094/705/878 2093/9/877 2089/760/874
f 2092/9/876 2090/9/875 2095/9/879
f 2095/9/879 2096/9/880 2092/9/876
f 2096/9/880 2095/9/879 2097/9/881
f 2098/9/878 2099/9/882 2093/9/883
f 2100/761/884 2101/761/885 2102/762/886
f 2102/762/886 2101/761/885 2103/763/885
f 2100/761/884 2102/762/886 2104/764/887
f 2105/765/888 2100/761/884 2104/764/887
f 2106/689/889 2107/766/890 2108/142/891
f 2107/766/890 2109/767/892 2108/142/891
f 2109/767/892 2107/766/890 2110/667/893
f 2106/689/894 2111/691/895 2112/690/896
f 2113/692/895 2112/690/896 2111/691/895
f 2111/691/895 2114/693/895 2113/692/895
f 2114/693/895 2115/694/895 2116/695/895
f 2115/694/895 2117/768/895 2118/769/895
f 2115/694/895 2118/769/895 2119/696/895
f 2118/769/895 2120/770/895 2119/696/895
f 2121/121/205 2122/738/205 2123/743/205
f 2122/738/205 2124/737/205 2123/743/205
f 2122/738/205 2121/121/205 2125/744/205
f 2126/120/205 2125/744/205 2121/121/205
f 2125/744/205 2126/120/205 2127/745/205
f 2124/737/205 2122/738/205 2128/736/205
f 2128/736/205 2129/734/205 2124/737/205
f 2129/734/205 2128/736/205 2130/735/205
f 2130/735/205 2131/739/205 2129/734/205
f 2131/739/205 2130/735/205 2132/740/205
f 2129/734/205 2131/739/205 2133/741/205
f 2131/739/205 2134/742/205 2133/741/205
f 2135/692/895 2136/693/895 2137/695/895
f 2138/768/895 2139/694/895 2136/693/895
f 2140/769/895 2138/768/895 2141/771/895
f 2142/729/897 2143/731/898 2144/730/898
f 2145/120/899 2146/772/861 2147/758/900
f 2146/772/861 2145/120/899 2148/745/901
f 2149/773/902 2150/774/903 2151/775/904
f 2152/776/905 2153/777/906 2150/774/903
f 2154/778/907 2155/778/907 2153/777/908
f 2154/778/907 2156/383/909 2155/778/907
f 2156/383/909 2154/778/907 2157/383/909
f 2158/730/898 2159/767/898 2160/729/898
f 2161/758/910 2158/730/898 2162/731/898
f 2162/731/898 2163/759/910 2161/758/910
f 2164/513/911 2165/779/912 2166/514/912
f 2165/779/912 2167/515/913 2166/514/912
f 2167/515/913 2168/780/914 2169/505/914
f 2169/505/914 2170/781/792 2171/504/792
f 2172/761/915 2173/762/915 2174/782/915
f 2173/762/916 2175/761/917 2176/764/918
f 2175/761/917 2177/765/917 2176/764/918
f 2178/761/919 2179/762/919 2180/761/919
f 2181/783/920 2182/784/921 2183/785/920
f 2182/784/921 2181/783/920 2184/786/207
f 2183/785/920 2185/447/922 2181/783/920
f 2186/448/923 2185/447/922 2183/785/920
f 2187/787/921 2188/788/920 2189/789/920
f 2187/787/921 2189/789/920 2190/790/207
f 2188/788/920 2191/450/922 2189/789/920
f 2188/788/920 2192/791/923 2191/450/922
f 2193/792/924 2194/9/925 2195/793/926
f 2196/9/927 2197/581/928 2193/792/929
f 2196/9/927 2198/272/930 2197/581/928
f 2198/272/930 2196/9/927 2199/794/931
f 2199/794/931 2200/579/932 2198/272/930
f 2199/794/931 2201/364/933 2200/579/932
f 2201/364/933 2199/794/931 2202/365/931
f 2199/794/931 2196/9/927 2203/795/931
f 2196/9/927 2204/796/933 2203/795/931
f 2205/797/931 2203/795/931 2204/796/933
f 2204/796/933 2206/798/931 2205/797/931
f 2207/799/931 2208/800/795 2209/801/795
f 2207/799/931 2209/801/795 2210/569/931
f 2211/120/934 2212/772/910 2213/745/935
f 2212/772/910 2211/120/934 2214/758/910
f 2215/82/185 2216/83/185 2217/83/185
f 2218/802/185 2219/803/185 2216/83/185
f 2219/803/185 2218/802/185 2220/804/185
f 2221/48/185 2222/805/185 2223/82/185
f 2224/83/185 2223/82/185 2222/805/185
f 2224/83/185 2222/805/185 2225/802/185
f 2226/805/185 2227/48/185 2228/48/185
f 2229/513/936 2230/512/937 2231/806/936
f 2231/806/936 2232/779/938 2229/513/936
f 2233/515/913 2232/779/912 2234/807/913
f 2234/807/913 2235/780/939 2233/515/913
f 2235/780/940 2236/781/792 2237/505/940
f 2238/448/941 2239/447/521 2240/448/519
f 2239/447/521 2238/448/941 2241/447/942
f 2242/450/521 2243/791/519 2244/791/941
f 2244/791/941 2245/450/942 2242/450/521
f 2246/691/809 2247/808/809 2248/689/807
f 2249/185/943 2250/809/944 2251/810/943
f 2250/809/944 2249/185/943 2252/811/945
f 2253/812/946 2250/809/944 2252/811/945
f 2254/813/947 2249/185/943 2251/810/943
f 2255/185/948 2249/185/943 2254/813/947
f 2251/810/943 2256/810/949 2254/813/947
f 2250/809/944 2253/812/946 2257/814/950
f 2253/812/946 2258/815/951 2257/814/950
f 2258/815/951 2253/812/946 2259/816/951
f 2258/815/951 2259/816/951 2260/817/952
f 2261/818/952 2258/815/951 2260/817/952
f 2262/819/953 2263/820/954 2264/706/828
f 2262/819/953 2264/706/828 2265/707/828
f 2266/821/955 2267/822/956 2268/252/957
f 2269/823/956 2266/821/955 2270/250/958
f 2271/824/959 2272/573/960 2273/571/959
f 2272/573/960 2271/824/959 2274/825/961
f 2275/801/962 2271/824/959 2273/571/959
f 2273/571/959 2276/569/963 2275/801/962
f 2272/573/960 2277/826/964 2278/572/964
f 2279/827/965 2280/828/966 2281/829/967
f 2279/827/965 2281/829/967 2282/773/968
f 2282/773/968 2281/829/967 2283/775/969
f 2282/773/970 2284/774/971 2285/776/972
f 2280/828/966 2286/830/973 2287/830/973
f 2288/831/974 2287/830/973 2286/830/973
f 2289/830/975 2288/831/976 2290/830/975
f 2291/828/977 2290/830/975 2292/827/978
f 2293/777/979 2294/778/980 2285/776/972
f 2295/383/981 2294/778/982 2296/778/982
f 2294/778/982 2295/383/981 2297/383/981
f 2298/382/983 2297/383/981 2295/383/981
f 2297/383/981 2298/382/983 2299/381/983
f 2299/381/722 2300/380/721 2301/177/984
f 2301/177/984 2300/380/721 2302/379/985
f 2303/176/986 2301/177/984 2302/379/985
f 2304/82/205 2305/805/205 2306/48/205
f 2306/48/205 2305/805/205 2307/48/205
f 2305/805/205 2304/82/205 2308/83/205
f 2309/83/205 2308/83/205 2304/82/205
f 2305/805/205 2308/83/205 2310/802/205
f 2311/802/205 2312/803/205 2313/804/205
f 2312/803/205 2311/802/205 2314/83/205
f 2315/691/895 2316/689/987 2317/808/895
f 2318/9/988 2319/792/989 2320/793/925
f 2321/9/990 2322/9/991 2323/9/991
f 2323/9/991 2324/9/990 2321/9/990
f 2324/9/990 2325/9/992 2321/9/990
f 2322/9/991 2326/9/993 2323/9/991
f 2326/9/993 2322/9/991 2327/9/993
f 2327/9/993 2328/9/994 2326/9/993
f 2327/9/993 2329/9/994 2328/9/994
f 2330/9/995 2328/9/994 2329/9/994
f 2331/262/996 2332/263/997 2333/264/998
f 2332/263/997 2331/262/996 2334/832/996
f 2335/833/997 2336/269/999 2337/268/997
f 2336/269/999 2335/833/997 2338/834/996
f 2339/835/29 2340/836/620 2341/835/621
f 2341/835/621 2340/836/620 2342/836/27
f 2343/837/29 2344/838/620 2345/837/621
f 2345/837/621 2344/838/620 2346/838/27
f 2347/564/1000 2348/839/462 2349/568/462
f 2348/839/462 2347/564/1000 2350/840/1000
f 2351/31/1001 2352/512/1001 2353/511/1001
f 2354/31/1002 2355/324/1003 2356/841/1004
f 2357/512/1002 2354/31/1002 2356/841/1004
f 2358/842/1005 2359/136/1006 2360/843/1005
f 2359/136/1006 2358/842/1005 2361/509/1006
f 2359/136/1006 2362/132/1007 2360/843/1005
f 2360/843/1005 2362/132/1007 2363/844/1006
f 2364/9/185 2365/9/185 2366/9/185
f 2367/9/185 2368/9/1008 2369/9/185
f 2368/9/1008 2370/9/185 2369/9/185
f 2370/9/185 2368/9/1008 2371/9/185
f 2368/9/1008 2372/9/1009 2371/9/185
f 2365/9/185 2364/9/185 2373/9/1010
f 2373/9/1010 2364/9/185 2374/9/185
f 2373/9/1010 2374/9/185 2375/9/185
f 2376/9/1011 2373/9/1010 2375/9/185
f 2376/9/1011 2377/9/1012 2373/9/1010
f 2378/9/1012 2372/9/1009 2368/9/1008
f 2377/9/1012 2376/9/1011 2379/9/1013
f 2372/9/1009 2378/9/1012 2379/9/1013
f 2378/9/1012 2377/9/1012 2379/9/1013
f 2378/9/1012 2380/9/1014 2377/9/1012
f 2380/9/1014 2378/9/1012 2381/9/788
f 2381/9/788 2382/9/1015 2380/9/1014
f 2382/9/1015 2381/9/788 2383/9/1016
f 2383/9/1016 2384/9/25 2382/9/1015
f 2384/9/25 2383/9/1016 2385/9/25
f 2385/9/25 2386/9/1017 2384/9/25
f 2386/9/1017 2385/9/25 2387/9/1018
f 2387/9/1018 2388/9/1019 2386/9/1017
f 2388/9/1019 2387/9/1018 2389/9/844
f 2389/9/844 2390/9/1020 2388/9/1019
f 2390/9/1020 2389/9/844 2391/9/1021
f 2390/9/1020 2391/9/1021 2392/9/1022
f 2392/9/1022 2391/9/1021 2393/9/1023
f 2390/9/1020 2392/9/1022 2394/9/1024
f 2393/9/1023 2391/9/1021 2395/9/1023
f 2390/9/1020 2394/9/1024 2396/9/1025
f 2393/9/1023 2395/9/1023 2397/9/205
f 2395/9/1023 2398/9/205 2397/9/205
f 2395/9/1023 2399/9/205 2398/9/205
f 2396/9/1025 2394/9/1024 2400/9/205
f 2395/9/1023 2401/9/205 2399/9/205
f 2402/9/205 2396/9/1025 2400/9/205
f 2401/9/205 2395/9/1023 2403/9/205
f 2404/9/205 2396/9/1025 2402/9/205
f 2401/9/205 2403/9/205 2405/9/205
f 2405/9/205 2406/9/205 2401/9/205
f 2407/9/205 2406/9/205 2405/9/205
f 2406/9/205 2407/9/205 2408/9/205
f 2409/9/205 2408/9/205 2407/9/205
f 2408/9/205 2409/9/205 2404/9/205
f 2396/9/1025 2404/9/205 2409/9/205
f 2396/9/1025 2409/9/205 2410/9/205
f 2411/9/205 2396/9/1025 2410/9/205
f 2412/9/205 2396/9/1025 2411/9/205
f 2413/9/1026 2396/9/1025 2412/9/205
f 2413/9/1026 2412/9/205 2414/9/205
f 2415/9/205 2413/9/1026 2414/9/205
f 2413/9/1026 2415/9/205 2416/9/205
f 2417/9/205 2413/9/1026 2416/9/205
f 2413/9/1026 2417/9/205 2418/9/1027
f 2418/9/1027 2417/9/205 2419/9/205
f 2403/9/205 2418/9/1027 2419/9/205
f 2418/9/1027 2403/9/205 2395/9/1023
f 2418/9/1027 2420/9/1028 2413/9/1026
f 2420/9/1028 2418/9/1027 2421/9/1029
f 2421/9/1029 2422/9/1030 2420/9/1028
f 2422/9/1030 2421/9/1029 2423/9/1030
f 2424/509/1031 2425/510/1032 2426/136/1032
f 2425/510/1032 2427/132/1032 2426/136/1032
f 2428/516/1033 2429/517/1033 2430/516/1034
f 2430/516/1034 2429/517/1033 2431/517/1034
f 2428/516/1033 2432/517/1035 2429/517/1033
f 2433/516/1035 2432/517/1035 2428/516/1033
f 2434/518/851 2432/517/1035 2433/516/1035
f 2435/517/1036 2430/516/1034 2431/517/1034
f 2430/516/1034 2435/517/1036 2436/516/1036
f 2437/517/1037 2436/516/1036 2435/517/1036
f 2438/517/1038 2434/518/851 2439/519/1038
f 2434/518/851 2438/517/1038 2440/517/1039
f 2441/819/1040 2442/845/1041 2443/820/1040
f 2442/845/1041 2441/819/1040 2444/508/1042
f 2442/845/1041 2444/508/1042 2445/845/1043
f 2446/846/1044 2447/847/1045 2448/848/1045
f 2447/847/1045 2446/846/1044 2449/849/1046
f 2446/846/1044 2450/850/25 2449/849/1046
f 2451/9/1047 2452/9/1048 2453/9/1049
f 2452/9/1048 2451/9/1047 2454/9/1050
f 2453/9/1049 2455/9/1051 2451/9/1047
f 2455/9/1051 2453/9/1049 2456/9/1052
f 2455/9/1051 2456/9/1052 2457/9/1053
f 2458/851/1054 2459/852/1055 2460/853/1056
f 2458/851/1054 2460/853/1056 2461/854/1057
f 2460/853/1056 2462/855/1058 2461/854/1057
f 2462/855/1058 2460/853/1056 2463/856/1059
f 2464/826/1060 2465/573/1061 2466/825/960
f 2467/857/1062 2468/572/1063 2464/826/1064
f 2468/572/1063 2467/857/1062 2469/570/1065
f 2467/857/1062 2470/567/1066 2469/570/1065
f 2467/857/1062 2471/858/1066 2470/567/1066
f 2471/858/1066 2472/859/1067 2473/565/1067
f 2474/860/1068 2475/861/1000 2476/862/1069
f 2475/861/1000 2474/860/1068 2477/863/1068
f 2478/508/824 2479/845/1070 2480/508/1071
f 2479/845/1070 2478/508/824 2481/845/1072
f 2482/864/144 2483/865/1073 2484/866/1074
f 2483/865/1073 2482/864/144 2485/867/144
f 2486/868/1075 2485/867/144 2482/864/144
f 2485/867/144 2486/868/1075 2487/869/1076
f 2488/870/1074 2489/871/144 2490/872/1073
f 2489/871/144 2491/873/144 2490/872/1073
f 2489/871/144 2492/874/1075 2491/873/144
f 2492/874/1075 2493/875/1076 2491/873/144
f 2494/256/1077 2495/257/1078 2496/876/1079
f 2495/257/1078 2494/256/1077 2497/254/1078
f 2498/877/1079 2499/878/1078 2500/260/1079
f 2499/878/1078 2501/261/1080 2500/260/1079
f 2502/783/119 2503/784/1081 2504/785/119
f 2503/784/1081 2502/783/119 2505/786/56
f 2504/785/119 2506/447/1082 2502/783/119
f 2506/447/1082 2504/785/119 2507/448/1083
f 2508/879/1081 2509/880/119 2510/789/119
f 2508/879/1081 2510/789/119 2511/790/56
f 2509/880/119 2512/450/1082 2510/789/119
f 2509/880/119 2513/449/1083 2512/450/1082
f 2514/566/1084 2515/859/1067 2516/881/1084
f 2515/859/1067 2514/566/1084 2517/565/1085
f 2518/858/1066 2517/565/1067 2519/567/1066
f 2520/882/464 2521/883/465 2522/884/1086
f 2520/882/464 2523/885/464 2521/883/465
f 2521/883/465 2523/885/464 2524/886/1087
f 2520/882/464 2525/887/1087 2523/885/464
f 2526/887/465 2527/882/465 2528/882/465
f 2529/855/1088 2530/888/1089 2531/854/1090
f 2530/888/1089 2529/855/1088 2532/889/1091
f 2531/854/1090 2530/888/1089 2533/851/1092
f 2533/851/1092 2530/888/1089 2534/890/1092
f 2535/891/465 2536/892/956 2537/893/1086
f 2537/893/1086 2536/892/956 2538/894/1093
f 2539/895/1094 2540/896/1087 2541/897/1087
f 2541/897/1087 2542/898/1095 2539/895/1094
f 2542/898/1095 2541/897/1087 2543/899/1087
f 2543/899/1087 2541/897/1087 2544/900/1087
f 2545/900/1087 2546/897/1087 2547/901/1087
f 2548/902/1096 2549/903/1097 2550/903/1098
f 2549/903/1097 2548/902/1096 2551/902/1099
f 2552/904/1100 2551/902/1099 2548/902/1096
f 2553/904/1101 2551/902/1099 2552/904/1100
f 2554/905/1102 2553/904/1101 2552/904/1100
f 2553/904/1101 2554/905/1102 2555/905/1103
f 2556/906/1104 2557/907/1104 2558/906/1104
f 2559/907/1105 2560/906/1105 2561/907/1105
f 2562/906/1106 2563/907/1106 2564/906/1106
f 2565/907/1106 2566/907/1106 2567/906/1106
f 2568/908/1107 2569/909/1108 2570/910/1107
f 2569/909/1108 2568/908/1107 2571/911/1108
f 2572/899/1109 2569/909/1108 2571/911/1108
f 2569/909/1108 2572/899/1109 2573/897/1110
f 2573/897/1110 2572/899/1109 2574/900/462
f 2569/909/1108 2573/897/1110 2575/896/1111
f 2576/885/1109 2577/883/1110 2578/886/1110
f 2577/883/1110 2576/885/1109 2579/882/1110
f 2579/882/1110 2576/885/1109 2580/887/1110
f 2577/883/1110 2579/882/1110 2581/884/462
f 2582/887/1110 2583/882/1110 2584/882/1110
f 2585/900/462 2586/901/462 2587/897/462
f 2588/912/521 2589/610/1112 2590/912/518
f 2591/913/185 2592/914/185 2593/913/185
f 2594/914/185 2592/914/185 2591/913/185
f 2595/915/322 2596/916/322 2597/917/1113
f 2597/917/1113 2596/916/322 2598/918/1114
f 2595/915/322 2599/836/1115 2596/916/322
f 2600/835/57 2599/836/1115 2595/915/322
f 2601/919/1113 2602/920/322 2603/921/322
f 2601/919/1113 2603/921/322 2604/922/1114
f 2602/920/322 2605/838/1115 2603/921/322
f 2602/920/322 2606/837/57 2605/838/1115
f 2607/903/1116 2608/902/1117 2609/903/1116
f 2610/902/1118 2611/904/1119 2608/902/1118
f 2612/904/1120 2613/905/1121 2611/904/1120
f 2614/902/1122 2615/903/1123 2616/902/1122
f 2617/904/1124 2616/902/1125 2618/904/1124
f 2619/905/1126 2618/904/1127 2620/905/1126
f 2621/923/1128 2622/924/1129 2623/925/1128
f 2624/926/1130 2621/923/1128 2623/925/1128
f 2622/924/1129 2621/923/1128 2625/927/1131
f 2621/923/1128 2624/926/1130 2626/928/1130
f 2627/929/1132 2626/928/1130 2624/926/1130
f 2627/929/1132 2624/926/1130 2628/930/1133
f 2629/931/1134 2622/924/1129 2625/927/1131
f 2625/927/1131 2630/932/1135 2629/931/1134
f 2630/932/1135 2631/933/1135 2629/931/1134
f 2632/377/1136 2633/377/498 2634/376/185
f 2632/377/1137 2635/934/1138 2636/935/1139
f 2635/934/1138 2632/377/1137 2637/936/1138
f 2637/936/1138 2632/377/1137 2638/937/1140
f 2639/938/1141 2640/939/1142 2641/940/1143
f 2641/940/1143 2642/941/1144 2639/938/1141
f 2643/942/17 2642/941/1144 2641/940/1143
f 2642/941/1144 2643/942/17 2644/943/17
f 2644/943/17 2643/942/17 2645/944/17
f 2645/944/17 2643/942/17 2646/849/17
f 2645/944/17 2646/849/17 2647/850/17
f 2648/914/205 2649/913/205 2650/913/205
f 2649/913/205 2648/914/205 2651/914/205
f 2652/945/185 2653/10/185 2654/946/185
f 2655/10/185 2653/10/185 2652/945/185
f 2653/10/185 2656/947/185 2654/946/185
f 2657/948/185 2656/947/185 2653/10/185
f 2657/948/185 2658/949/185 2656/947/185
f 2658/949/185 2657/948/185 2659/949/185
f 2659/949/185 2657/948/185 2660/947/185
f 2658/949/185 2659/949/185 2661/950/185
f 2662/333/1145 2663/951/421 2664/952/1146
f 2664/952/1146 2665/610/429 2662/333/1145
f 2665/610/429 2664/952/1146 2666/953/1147
f 2665/610/1112 2667/912/521 2668/610/519
f 2663/951/421 2669/954/421 2670/955/421
f 2663/951/421 2671/956/421 2669/954/421
f 2669/954/421 2671/956/421 2672/957/421
f 2667/912/1082 2673/352/119 2674/607/1083
f 2673/352/119 2667/912/1082 2675/958/119
f 2676/959/56 2673/352/119 2675/958/119
f 2673/352/119 2676/959/56 2677/577/1081
f 2678/254/510 2679/257/1148 2680/254/1149
f 2679/257/1148 2678/254/510 2681/257/513
f 2682/261/1148 2683/878/1149 2684/878/510
f 2684/878/510 2685/261/513 2682/261/1148
f 2686/847/1150 2687/960/1151 2688/961/1152
f 2689/9/119 2690/9/386 2691/9/119
f 2691/9/119 2690/9/386 2692/9/119
f 2693/9/1153 2690/9/386 2689/9/119
f 2694/9/1153 2692/9/119 2690/9/386
f 2692/9/119 2694/9/1153 2695/9/119
f 2694/9/1153 2696/9/119 2695/9/119
f 2694/9/1153 2697/9/119 2696/9/119
f 2694/9/1153 2698/9/1154 2697/9/119
f 2694/9/1153 2699/9/119 2698/9/1154
f 2699/9/119 2700/9/1155 2698/9/1154
f 2699/9/119 2694/9/1153 2701/9/119
f 2694/9/1153 2702/9/119 2701/9/119
f 2702/9/119 2694/9/1153 2703/9/119
f 2700/9/1155 2699/9/119 2704/9/920
f 2705/9/386 2700/9/1155 2704/9/920
f 2700/9/1155 2705/9/386 2706/9/119
f 2707/9/119 2705/9/386 2704/9/920
f 2705/9/386 2707/9/119 2708/9/119
f 2706/9/119 2705/9/386 2709/9/119
f 2709/9/119 2705/9/386 2710/9/119
f 2705/9/386 2711/9/119 2710/9/119
f 2711/9/119 2705/9/386 2712/9/386
f 2712/9/386 2713/9/119 2711/9/119
f 2712/9/386 2714/9/119 2713/9/119
f 2712/9/386 2693/9/1153 2714/9/119
f 2712/9/386 2715/9/119 2693/9/1153
f 2715/9/119 2712/9/386 2716/9/119
f 2715/9/119 2717/9/119 2693/9/1153
f 2717/9/119 2715/9/119 2718/9/1156
f 2719/9/119 2693/9/1153 2717/9/119
f 2719/9/119 2717/9/119 2720/9/119
f 2690/9/386 2693/9/1153 2719/9/119
f 2690/9/386 2719/9/119 2721/9/119
f 2722/960/1157 2723/849/1158 2724/962/1159
f 2725/963/205 2726/963/205 2727/964/205
f 2725/963/205 2728/965/205 2726/963/205
f 2728/965/205 2725/963/205 2729/966/205
f 2726/963/205 2728/965/205 2730/966/205
f 2730/966/205 2728/965/205 2731/559/205
f 2730/966/205 2731/559/205 2732/967/205
f 2731/559/205 2733/968/205 2732/967/205
f 2731/559/205 2734/559/205 2733/968/205
f 2735/9/1160 2736/9/1161 2737/9/1162
f 2738/9/1160 2736/9/1161 2735/9/1160
f 2735/9/1160 2739/9/1163 2738/9/1160
f 2740/9/1164 2737/9/1162 2736/9/1161
f 2737/9/1162 2740/9/1164 2741/9/1164
f 2740/9/1164 2742/9/1165 2741/9/1164
f 2742/9/1165 2740/9/1164 2743/9/1166
f 2742/9/1165 2743/9/1166 2744/9/1167
f 2745/9/1168 2746/9/1169 2747/9/1169
f 2746/9/1169 2745/9/1168 2748/9/1168
f 2746/9/1169 2749/9/1170 2747/9/1169
f 2746/9/1169 2750/9/1170 2749/9/1170
f 2749/9/1170 2750/9/1170 2751/9/1171
f 2752/773/1172 2753/775/969 2754/774/971
f 2755/776/1173 2754/774/971 2756/777/1174
f 2757/778/1175 2758/778/980 2756/777/979
f 2759/517/1176 2760/517/1177 2761/517/1178
f 2761/517/1178 2762/517/1179 2759/517/1176
f 2761/517/1178 2763/517/1180 2762/517/1179
f 2764/517/1181 2760/517/1177 2759/517/1176
f 2764/517/1181 2759/517/1176 2765/517/1182
f 2764/517/1181 2765/517/1182 2766/517/1183
f 2764/517/1181 2767/517/1177 2760/517/1177
f 2767/517/1177 2764/517/1181 2768/517/1182
f 2767/517/1177 2761/517/1178 2760/517/1177
f 2769/517/1179 2761/517/1178 2767/517/1177
f 2763/517/1180 2761/517/1178 2770/517/1184
f 2771/517/1184 2761/517/1178 2769/517/1179
f 2761/517/1178 2771/517/1184 2770/517/1184
f 2763/517/673 2772/517/672 2773/517/670
f 2772/517/672 2771/517/1185 2774/517/669
f 2774/517/669 2775/517/1186 2772/517/672
f 2776/517/1187 2766/517/1188 2777/517/1189
f 2766/517/1188 2776/517/1187 2778/517/1190
f 2776/517/1187 2779/517/1191 2778/517/1190
f 2779/517/1191 2776/517/1187 2780/517/1192
f 2780/517/1192 2776/517/1187 2781/517/1193
f 2781/517/1193 2776/517/1187 2782/517/1194
f 2783/969/1195 2784/712/1196 2785/713/1195
f 2784/712/1196 2783/969/1195 2786/970/1196
f 2787/971/1197 2788/709/1198 2784/712/1197
f 2788/709/1198 2787/971/1197 2789/972/1199
f 2790/709/1200 2791/710/144 2788/709/1200
f 2790/709/1200 2792/710/144 2791/710/144
f 2793/973/1201 2794/974/1201 2795/975/1202
f 2795/975/1202 2794/974/1201 2796/976/1201
f 2797/977/1202 2798/978/1201 2799/979/1203
f 2798/978/1201 2800/933/1204 2799/979/1203
f 2801/869/1205 2802/868/1206 2803/868/1207
f 2802/868/1206 2801/869/1205 2804/869/1208
f 2805/980/1207 2806/875/1205 2807/980/1206
f 2807/980/1206 2806/875/1205 2808/875/1208
f 2809/864/463 2810/865/1073 2811/866/1074
f 2810/865/1073 2809/864/463 2812/867/463
f 2813/868/1075 2812/867/463 2809/864/463
f 2812/867/463 2813/868/1075 2814/869/1076
f 2815/981/1074 2816/982/463 2817/872/1073
f 2816/982/463 2818/873/463 2817/872/1073
f 2816/982/463 2819/980/1075 2818/873/463
f 2819/980/1075 2820/875/1076 2818/873/463
f 2821/334/185 2822/334/185 2823/333/185
f 2824/334/185 2825/333/185 2826/333/185
f 2827/983/1209 2828/983/1210 2829/984/185
f 2830/985/1211 2827/983/1209 2829/984/185
f 2831/986/185 2830/985/1211 2829/984/185
f 2830/985/1211 2831/986/185 2832/985/1058
f 2833/987/144 2834/988/1212 2835/988/1213
f 2834/988/1212 2833/987/144 2836/989/144
f 2373/9/1010 2837/9/1214 2838/9/185
f 2838/9/185 2837/9/1214 2839/9/185
f 2373/9/1010 2838/9/185 2840/9/185
f 2837/9/1214 2841/9/185 2839/9/185
f 2373/9/1010 2840/9/185 2842/9/185
f 2837/9/1214 2843/9/185 2841/9/185
f 2837/9/1214 2844/9/185 2843/9/185
f 2365/9/185 2373/9/1010 2842/9/185
f 2845/9/1215 2844/9/185 2837/9/1214
f 2844/9/185 2845/9/1215 2846/9/185
f 2845/9/1215 2847/9/185 2846/9/185
f 2837/9/1214 2848/9/1216 2845/9/1215
f 2848/9/1216 2837/9/1214 2849/9/1217
f 2849/9/1217 2850/9/1218 2848/9/1216
f 2850/9/1218 2849/9/1217 2851/9/1219
f 2368/9/1008 2847/9/185 2845/9/1215
f 2368/9/1008 2367/9/185 2847/9/185
f 2847/9/185 2367/9/185 2852/9/185
f 2853/9/185 2852/9/185 2367/9/185
f 2852/9/185 2853/9/185 2854/9/185
f 2366/9/185 2854/9/185 2853/9/185
f 2854/9/185 2366/9/185 2365/9/185
f 2855/990/1220 2856/991/1221 2857/992/1222
f 2855/990/1220 2857/992/1222 2858/993/1223
f 2856/991/1221 2855/990/1220 2859/994/1224
f 2859/994/1224 2860/995/1225 2856/991/1221
f 2860/995/1225 2859/994/1224 2861/996/1226
f 2858/993/1223 2862/997/1223 2855/990/1220
f 2862/997/1223 2858/993/1223 2863/998/1227
f 2863/998/1227 2858/993/1223 2864/999/1227
f 2865/1000/1228 2864/999/1229 2866/1001/1228
f 2867/1002/1230 2864/999/1229 2865/1000/1228
f 2864/999/1229 2867/1002/1230 2868/1003/1229
f 2869/507/1231 2870/1004/1232 2871/1005/1233
f 2869/507/1231 2872/1006/1234 2870/1004/1232
f 2872/1006/1234 2869/507/1231 2873/1007/1235
f 2874/929/1236 2873/1007/1235 2869/507/1231
f 2875/930/1236 2873/1007/1235 2874/929/1236
f 2876/983/1237 2877/984/205 2878/983/1238
f 2877/984/205 2876/983/1237 2879/1008/205
f 2879/1008/205 2876/983/1237 2880/1009/205
f 2876/983/1237 2881/1010/205 2880/1009/205
f 2882/1011/1239 2881/1010/205 2876/983/1237
f 2883/1012/205 2884/1013/205 2882/1011/1239
f 2882/1011/1239 2885/1014/205 2883/1012/205
f 2885/1014/205 2882/1011/1239 2886/986/205
f 2885/1014/205 2886/986/205 2887/1015/205
f 2886/986/205 2888/1016/205 2887/1015/205
f 2888/1016/205 2886/986/205 2877/984/205
f 2877/984/205 2889/1017/205 2888/1016/205
f 2890/985/1088 2886/986/205 2891/985/1239
f 2892/1010/205 2893/1011/1239 2894/1013/205
f 2895/984/205 2896/1008/205 2897/1017/205
f 2898/1006/1240 2899/507/1241 2900/1004/1242
f 2900/1004/1242 2899/507/1241 2901/1005/1243
f 2902/1007/1244 2899/507/1241 2898/1006/1240
f 2903/506/1245 2899/507/1241 2902/1007/1244
f 2904/585/1246 2905/1018/1247 2906/324/1247
f 2907/1019/421 2908/333/421 2909/1020/421
f 2907/1019/421 2909/1020/421 2910/1021/421
f 2909/1020/421 2908/333/421 2911/1022/421
f 2911/1022/421 2912/333/421 2913/333/421
f 2914/951/421 2915/333/1248 2916/333/421
f 2916/333/421 2917/956/421 2914/951/421
f 2917/956/421 2916/333/421 2918/1019/421
f 2919/333/421 2920/1022/421 2916/333/421
f 2921/718/1249 2922/1023/1250 2923/1024/1251
f 2923/1024/1251 2924/719/1252 2921/718/1249
f 2921/718/1249 2925/1025/1253 2922/1023/1250
f 2922/1023/1250 2925/1025/1253 2926/1026/1254
f 2925/1025/1253 2921/718/1249 2927/716/1255
f 2928/716/1256 2927/716/1256 2929/1027/144
f 2929/1027/144 2927/716/1256 2930/717/144
f 2930/717/144 2931/717/144 2929/1027/144
f 2932/516/536 2933/517/1257 2934/517/536
f 2935/863/1258 2936/1028/1259 2937/1029/1212
f 2937/1029/1212 2938/861/1213 2935/863/1258
f 2939/845/1260 2940/845/17 2941/845/17
f 2940/845/17 2939/845/1260 2942/845/1260
f 2943/1030/1261 2942/845/1260 2939/845/1260
f 2942/845/1260 2943/1030/1261 2944/575/1262
f 2944/575/1262 2943/1030/1261 2945/668/1263
f 2945/668/1263 2946/548/1263 2944/575/1262
f 2947/934/1264 2948/377/1265 2949/935/1266
f 2948/377/1265 2947/934/1264 2950/936/1264
f 2948/377/1265 2950/936/1264 2951/937/1267
f 2952/859/1268 2953/1031/1269 2954/1032/1258
f 2954/1032/1258 2955/881/1259 2952/859/1268
f 2952/859/1268 2956/1033/1226 2953/1031/1269
f 2956/1033/1226 2952/859/1268 2957/1034/1226
f 2958/845/1270 2959/845/1271 2960/845/1270
f 2959/845/1271 2958/845/1270 2961/845/1271
f 2961/845/1271 2962/845/25 2959/845/1271
f 2962/845/25 2961/845/1271 2963/845/25
f 2964/868/1272 2965/869/1273 2966/869/1274
f 2965/869/1273 2964/868/1272 2967/868/51
f 2968/874/1272 2969/875/1273 2970/875/1274
f 2969/875/1273 2968/874/1272 2971/874/51
f 2972/836/1275 2973/835/1276 2974/835/54
f 2973/835/1276 2972/836/1275 2975/836/1277
f 2976/1035/54 2977/838/1275 2978/1035/1276
f 2978/1035/1276 2977/838/1275 2979/838/1277
f 2980/225/1278 2981/226/413 2982/222/412
f 2983/226/415 2984/227/1279 2981/226/415
f 2985/516/1280 2986/517/1281 2987/516/1281
f 2988/517/1282 2987/516/1281 2986/517/1281
f 2989/517/1181 2990/517/1181 2991/517/1283
f 2991/517/1283 2990/517/1181 2992/517/1183
f 2993/517/1183 2992/517/1183 2990/517/1181
f 2994/612/1284 2995/1036/75 2996/613/75
f 2994/612/1284 2997/1037/1285 2995/1036/75
f 2997/1037/1285 2994/612/1284 2998/1038/1286
f 2994/612/1287 2999/609/1288 3000/1039/1289
f 2999/609/1288 3001/1040/1288 3000/1039/1289
f 2999/609/1288 3002/604/463 3001/1040/1288
f 3002/604/463 3003/1041/463 3001/1040/1288
f 3002/604/463 3004/603/1290 3003/1041/463
f 3004/603/1290 3005/1042/1290 3003/1041/463
f 3004/603/1290 3006/1043/1291 3005/1042/1290
f 3004/603/1290 3007/605/1292 3006/1043/1291
f 3007/605/1292 3008/1044/1293 3006/1043/1291
f 3008/1044/1293 3007/605/1292 3009/1045/1294
f 3009/1045/1294 3007/605/1292 3010/608/1294
f 3009/1045/1294 3010/608/1294 3011/1046/1295
f 3012/1040/1296 3013/1041/463 3014/604/463
f 3012/1040/1296 3014/604/463 3015/609/1296
f 3016/1039/1287 3012/1040/1296 3015/609/1296
f 3013/1041/463 3017/603/1290 3014/604/463
f 3016/1039/1287 3015/609/1296 3018/612/1297
f 3013/1041/463 3019/1042/1290 3017/603/1290
f 3019/1042/1290 3020/1043/1298 3017/603/1290
f 3020/1043/1298 3021/605/1299 3017/603/1290
f 3022/1044/1300 3021/605/1299 3020/1043/1298
f 3021/605/1299 3022/1044/1300 3023/1045/1301
f 3024/608/1301 3021/605/1299 3023/1045/1301
f 3023/1045/1301 3025/1046/1302 3024/608/1301
f 3026/1036/73 3018/612/1303 3027/613/73
f 3028/1037/1304 3018/612/1303 3026/1036/73
f 3018/612/1303 3028/1037/1304 3029/1038/1305
f 3030/1047/1306 3031/1048/1307 3032/1049/1308
f 3031/1048/1307 3030/1047/1306 3033/1050/1309
f 3034/1051/322 3033/1050/1309 3030/1047/1306
f 3033/1050/1309 3034/1051/322 3035/1052/1310
f 3036/1048/1311 3037/1047/1312 3038/1049/1313
f 3037/1047/1312 3036/1048/1311 3039/1050/1314
f 3039/1050/1314 3040/1051/1315 3037/1047/1312
f 3040/1051/1315 3039/1050/1314 3041/1052/1316
f 3042/322/1317 3043/585/1318 3044/324/1317
f 3045/915/38 3046/916/38 3047/917/1113
f 3047/917/1113 3046/916/38 3048/918/1114
f 3045/915/38 3049/836/1115 3046/916/38
f 3050/835/57 3049/836/1115 3045/915/38
f 3051/1053/1113 3052/1054/38 3053/921/38
f 3051/1053/1113 3053/921/38 3054/922/1114
f 3052/1054/38 3055/838/1115 3053/921/38
f 3052/1054/38 3056/1035/57 3055/838/1115
f 3057/516/1319 3058/517/1320 3059/516/1320
f 3059/516/1321 3060/1055/1322 3061/516/1323
f 3061/516/1323 3060/1055/1322 3062/517/1323
f 3063/1056/1324 3064/516/1325 3065/517/1325
f 3064/516/1325 3063/1056/1324 3066/516/1326
f 3067/9/1327 3068/9/1328 3069/9/1329
f 3068/9/1328 3067/9/1327 3070/9/1330
f 3067/9/1327 3069/9/1329 3071/9/1331
f 3072/9/421 3068/9/1328 3070/9/1330
f 3068/9/1328 3072/9/421 3073/9/421
f 3074/9/1332 3073/9/421 3072/9/421
f 3073/9/421 3074/9/1332 3075/9/1333
f 3076/9/1334 3075/9/1333 3074/9/1332
f 3075/9/1333 3076/9/1334 3077/9/1335
f 3078/9/1336 3077/9/1335 3076/9/1334
f 3077/9/1335 3078/9/1336 3079/9/1337
f 3071/9/1331 3069/9/1329 3080/9/1338
f 3078/9/1336 3081/9/1339 3079/9/1337
f 3081/9/1339 3078/9/1336 3082/9/872
f 3081/9/1339 3083/9/463 3079/9/1337
f 3083/9/463 3081/9/1339 3084/9/1339
f 3081/9/1339 3085/9/1340 3084/9/1339
f 3084/9/1339 3085/9/1340 3086/9/1341
f 3087/9/1342 3086/9/1341 3085/9/1340
f 3086/9/1341 3087/9/1342 3088/9/1343
f 3089/9/1344 3088/9/1343 3087/9/1342
f 3088/9/1343 3089/9/1344 3090/9/1345
f 3091/9/1346 3090/9/1345 3089/9/1344
f 3090/9/1345 3091/9/1346 3092/9/1347
f 3091/9/1346 3093/9/1348 3092/9/1347
f 3093/9/1348 3091/9/1346 3094/9/1349
f 3094/9/1349 3095/9/1350 3093/9/1348
f 3095/9/1350 3094/9/1349 3096/9/1351
f 3096/9/1351 3097/9/1352 3095/9/1350
f 3097/9/1352 3096/9/1351 3098/9/1353
f 3098/9/1353 3099/9/1354 3097/9/1352
f 3098/9/1353 3100/9/1354 3099/9/1354
f 3100/9/1354 3101/9/1355 3099/9/1354
f 3101/9/1355 3100/9/1354 3080/9/1338
f 3100/9/1354 3071/9/1331 3080/9/1338
f 3071/9/1331 3100/9/1354 3102/9/1356
f 3103/324/1357 3104/779/1357 3105/841/1358
f 3104/779/1357 3106/806/1359 3105/841/1358
f 3107/1057/1360 3108/1058/1361 3109/1059/1361
f 3108/1058/1361 3107/1057/1360 3110/1060/1360
f 3111/1061/1362 3109/1059/1361 3108/1058/1361
f 3109/1059/1361 3111/1061/1362 3112/1062/1362
f 3112/1062/1362 3111/1061/1362 3113/1063/1363
f 3113/1063/1363 3111/1061/1362 3114/1064/1364
f 3115/1058/1365 3116/1057/1366 3117/1059/1365
f 3116/1057/1366 3115/1058/1365 3118/1060/1366
f 3117/1059/1365 3119/1061/1367 3115/1058/1365
f 3119/1061/1367 3117/1059/1365 3120/1062/1367
f 3121/1063/1368 3119/1061/1367 3120/1062/1367
f 3119/1061/1367 3121/1063/1368 3122/1064/1369
f 3123/1065/1370 3124/1066/1371 3125/1066/1372
f 3123/1065/1370 3126/1067/1371 3124/1066/1371
f 3127/1067/1373 3128/1065/1373 3129/1067/1373
f 3130/1067/1147 3131/1065/1374 3132/1066/1375
f 3132/1066/1375 3131/1065/1374 3133/1066/1376
f 3131/1065/1374 3130/1067/1147 3134/1067/1377
f 3135/516/1378 3136/517/1379 3137/517/1380
f 3136/517/1379 3135/516/1378 3138/516/1379
f 3139/1062/1381 3140/1063/1382 3141/1063/1383
f 3140/1063/1382 3139/1062/1381 3142/1062/1384
f 3143/1059/1385 3139/1062/1384 3144/1059/1385
f 3145/1057/1386 3143/1059/1387 3146/1057/1386
f 3147/1062/1381 3143/1059/1385 3148/1059/1387
f 3149/1057/1386 3150/1059/1385 3151/1059/1387
f 3150/1059/1385 3149/1057/1386 3152/1057/1388
f 3150/1059/1385 3153/1057/1388 3154/1059/1385
f 3155/1062/1381 3150/1059/1385 3156/1062/1389
f 3150/1059/1385 3157/1062/1384 3156/1062/1389
f 3157/1062/1384 3158/1063/1383 3156/1062/1389
f 3158/1063/1383 3157/1062/1384 3159/1063/1390
f 3160/517/1391 3161/517/1392 3162/516/1393
f 3163/517/1325 3162/516/1393 3161/517/1392
f 3162/516/1393 3163/517/1325 3164/516/1325
f 3160/517/1391 3162/516/1393 3165/516/1391
f 3165/516/1391 3166/1068/1394 3160/517/1391
f 3166/1068/1394 3165/516/1391 3167/1069/1394
f 3167/1069/1394 3168/1070/1395 3166/1068/1394
f 3168/1070/1395 3167/1069/1394 3169/1071/1395
f 3170/827/1396 3171/829/1397 3172/828/1398
f 3170/827/1396 3173/773/1399 3171/829/1397
f 3173/773/1399 3174/775/904 3171/829/1397
f 3175/830/975 3172/828/1398 3176/830/975
f 3173/773/1400 3177/776/1401 3178/774/903
f 3179/778/907 3180/777/908 3177/776/1402
f 3181/831/976 3176/830/975 3182/1072/976
f 3183/830/973 3181/831/976 3182/1072/976
f 3184/1073/1403 3185/1074/1403 3186/1075/1403
f 3187/1076/1403 3186/1075/1403 3185/1074/1403
f 3188/1077/1404 3189/1075/1404 3190/1075/1404
f 3188/1077/1404 3190/1075/1404 3191/1076/1405
f 3192/517/1406 3193/517/1407 3194/517/1408
f 3193/517/1407 3192/517/1406 3195/517/1409
f 3193/517/1407 3196/517/1410 3194/517/1408
f 3196/517/1410 3193/517/1407 3197/517/1411
f 3198/517/1187 3197/517/1411 3193/517/1407
f 3197/517/1411 3198/517/1187 3199/1056/1189
f 3200/830/973 3201/828/1412 3202/827/1413
f 3203/516/1414 3204/517/1415 3205/516/1416
f 3204/517/1415 3203/516/1414 3206/517/1414
f 3207/516/1417 3208/1068/1418 3209/1069/1418
f 3208/1068/1418 3207/516/1417 3210/517/1417
f 3211/1070/1419 3209/1069/1418 3208/1068/1418
f 3209/1069/1418 3211/1070/1419 3212/1071/1419
f 3213/841/1359 3214/806/1359 3215/512/1420
f 3216/9/1421 3217/9/1421 3218/9/1422
f 3219/9/1423 3216/9/1421 3220/9/1421
f 3216/9/1421 3219/9/1423 3221/9/1421
f 3217/9/1421 3216/9/1421 3221/9/1421
f 3221/9/1421 3222/9/1421 3217/9/1421
f 3222/9/1421 3223/9/1421 3217/9/1421
f 3224/9/1421 3222/9/1421 3221/9/1421
f 3222/9/1421 3224/9/1421 3225/9/1424
f 3226/1068/1425 3227/517/1426 3228/1068/1427
f 3226/1068/1425 3228/1068/1427 3229/1070/1428
f 3229/1070/1428 3228/1068/1427 3230/1070/1428
f 3231/1068/1425 3226/1068/1425 3229/1070/1428
f 3229/1070/1428 3232/1070/1429 3231/1068/1425
f 3233/517/1426 3226/1068/1425 3231/1068/1425
f 3227/517/1430 3234/517/1431 3235/517/1432
f 3234/517/1431 3233/517/1433 3236/517/1434
f 3234/517/1431 3227/517/1430 3237/517/1430
f 3233/517/1433 3234/517/1431 3237/517/1430
f 3238/517/1426 3239/1068/1425 3240/517/1426
f 3239/1068/1425 3241/517/1426 3240/517/1426
f 3242/9/322 3243/9/322 3244/9/322
f 3243/9/322 3242/9/322 3245/9/1435
f 3244/9/322 3246/9/1436 3242/9/322
f 3243/9/322 3245/9/1435 3247/9/1435
f 3246/9/1436 3244/9/322 3248/9/1436
f 3245/9/1435 3249/9/1437 3247/9/1435
f 3250/9/1438 3246/9/1436 3248/9/1436
f 3249/9/1437 3245/9/1435 3251/9/1439
f 3250/9/1438 3252/9/1440 3246/9/1436
f 3251/9/1439 3253/9/1441 3249/9/1437
f 3252/9/1440 3250/9/1438 3254/9/1442
f 3255/9/1443 3253/9/1441 3251/9/1439
f 3254/9/1442 3256/9/1444 3252/9/1440
f 3257/9/205 3253/9/1441 3255/9/1443
f 3258/9/185 3256/9/1444 3254/9/1442
f 3259/9/205 3257/9/205 3255/9/1443
f 3259/9/205 3260/9/205 3257/9/205
f 3260/9/205 3259/9/205 3261/9/205
f 3258/9/185 3262/9/185 3256/9/1444
f 3263/9/185 3262/9/185 3258/9/185
f 3262/9/185 3263/9/185 3264/9/185
f 3265/1078/1445 3266/1079/1138 3267/1080/1446
f 3266/1079/1138 3265/1078/1445 3268/1081/1447
f 3269/1079/1264 3270/1078/1448 3271/1080/1264
f 3270/1078/1448 3269/1079/1264 3272/1081/1449
f 3273/1082/1450 3274/1083/1451 3275/1084/1452
f 3274/1083/1451 3273/1082/1450 3276/1085/1453
f 3275/1084/1452 3277/1086/1454 3273/1082/1450
f 3274/1083/1451 3276/1085/1453 3278/1087/25
f 3278/1087/25 3276/1085/1453 3279/1088/25
f 3278/1087/25 3279/1088/25 3280/1089/25
f 3277/1086/1454 3275/1084/1452 3281/1090/1455
f 3281/1090/1455 3282/1091/1456 3277/1086/1454
f 3282/1091/1456 3281/1090/1455 3283/1092/1457
f 3284/1093/1458 3282/1091/1456 3283/1092/1457
f 3284/1093/1458 3285/1094/1459 3282/1091/1456
f 3286/1088/25 3287/1087/25 3288/1089/25
f 3287/1087/25 3286/1088/25 3289/1085/1460
f 3287/1087/25 3289/1085/1460 3290/1083/1461
f 3291/1082/1462 3290/1083/1461 3289/1085/1460
f 3290/1083/1461 3291/1082/1462 3292/1084/1463
f 3293/1086/1464 3292/1084/1463 3291/1082/1462
f 3292/1084/1463 3293/1086/1464 3294/1090/1465
f 3295/1091/1466 3294/1090/1465 3293/1086/1464
f 3294/1090/1465 3295/1091/1466 3296/1092/1467
f 3296/1092/1467 3295/1091/1466 3297/1093/1468
f 3298/1094/1237 3297/1093/1468 3295/1091/1466
f 3299/1095/1469 3300/1095/1470 3301/1096/1471
f 3302/1097/1472 3299/1095/1469 3303/1095/1473
f 3303/1095/1474 3301/1096/1475 3304/1098/1476
f 3305/1096/1477 3301/1096/1478 3306/1099/1479
f 3306/1099/1479 3307/1100/1480 3305/1096/1477
f 3301/1096/1477 3308/1101/322 3309/1102/322
f 3308/1101/322 3310/1103/322 3309/1102/322
f 3310/1103/322 3308/1101/322 3311/1104/322
f 3312/1096/1475 3313/1095/1481 3314/1099/1479
f 3315/1101/322 3312/1096/1477 3316/1096/1477
f 3317/1095/1482 3318/1097/1483 3313/1095/1484
f 3318/1097/1483 3317/1095/1482 3319/1097/410
f 3317/1095/1482 3320/1097/1472 3319/1097/410
f 3321/1095/1473 3317/1095/1485 3312/1096/1478
f 3322/1102/322 3312/1096/1477 3323/1102/322
f 3324/1102/322 3312/1096/1477 3322/1102/322
f 3324/1102/322 3325/1101/322 3312/1096/1477
f 3326/1103/322 3325/1101/322 3324/1102/322
f 3325/1101/322 3326/1103/322 3327/1104/322
f 3325/1101/322 3328/1096/1486 3312/1096/1477
f 3312/1096/1477 3328/1096/1486 3329/1098/1476
f 3330/1100/1476 3329/1098/1476 3328/1096/1486
usemtl flame.002
f 3331/9/1487 3332/9/1488 3334/9/1489 3333/9/1490
f 3335/9/1491 3337/9/1492 3338/9/1493 3336/9/1494
f 3331/9/1487 3335/9/1491 3336/9/1494 3332/9/1488
f 3333/9/1490 3334/9/1489 3338/9/1493 3337/9/1492
f 3331/9/1487 3333/9/1490 3337/9/1492 3335/9/1491
f 3332/9/1488 3336/9/1494 3338/9/1493 3334/9/1489
f 3339/9/1495 3340/9/1496 3342/9/1497 3341/9/1498
f 3343/9/1499 3345/9/1500 3346/9/1501 3344/9/1502
f 3339/9/1495 3343/9/1499 3344/9/1502 3340/9/1496
f 3341/9/1498 3342/9/1497 3346/9/1501 3345/9/1500
f 3339/9/1495 3341/9/1498 3345/9/1500 3343/9/1499
f 3340/9/1496 3344/9/1502 3346/9/1501 3342/9/1497
f 3347/9/1503 3348/9/1504 3350/9/1505 3349/9/1506
f 3351/9/1507 3353/9/1508 3354/9/1509 3352/9/1510
f 3347/9/1503 3351/9/1507 3352/9/1510 3348/9/1504
f 3349/9/1506 3350/9/1505 3354/9/1509 3353/9/1508
f 3347/9/1503 3349/9/1506 3353/9/1508 3351/9/1507
f 3348/9/1504 3352/9/1510 3354/9/1509 3350/9/1505
f 3355/9/1511 3356/9/1512 3358/9/1513 3357/9/1514
f 3359/9/1515 3361/9/1516 3362/9/1517 3360/9/1518
f 3355/9/1511 3359/9/1515 3360/9/1518 3356/9/1512
f 3357/9/1514 3358/9/1513 3362/9/1517 3361/9/1516
f 3355/9/1511 3357/9/1514 3361/9/1516 3359/9/1515
f 3356/9/1512 3360/9/1518 3362/9/1517 3358/9/1513
f 3363/9/1519 3364/9/1520 3366/9/1521 3365/9/1522
f 3367/9/1523 3369/9/1524 3370/9/1525 3368/9/1526
f 3363/9/1519 3367/9/1523 3368/9/1526 3364/9/1520
f 3365/9/1522 3366/9/1521 3370/9/1525 3369/9/1524
f 3363/9/1519 3365/9/1522 3369/9/1524 3367/9/1523
f 3364/9/1520 3368/9/1526 3370/9/1525 3366/9/1521
f 3403/9/1527 3372/9/1528 3371/9/1529
f 3404/9/1530 3395/9/1531 3396/9/1532
f 3403/9/1527 3373/9/1533 3372/9/1528
f 3404/9/1530 3396/9/1532 3397/9/1534
f 3403/9/1527 3374/9/1535 3373/9/1533
f 3404/9/1530 3397/9/1534 3398/9/1536
f 3403/9/1527 3375/9/1537 3374/9/1535
f 3404/9/1530 3398/9/1536 3399/9/1538
f 3403/9/1527 3376/9/1539 3375/9/1537
f 3404/9/1530 3399/9/1538 3400/9/1540
f 3403/9/1527 3377/9/1541 3376/9/1539
f 3404/9/1530 3400/9/1540 3401/9/1542
f 3403/9/1527 3378/9/1543 3377/9/1541
f 3404/9/1530 3401/9/1542 3402/9/1544
f 3403/9/1527 3371/9/1529 3378/9/1543
f 3404/9/1530 3402/9/1544 3395/9/1531
f 3371/9/1529 3372/9/1528 3380/9/1545 3379/9/1546
f 3372/9/1528 3373/9/1533 3381/9/1547 3380/9/1545
f 3373/9/1533 3374/9/1535 3382/9/1548 3381/9/1547
f 3374/9/1535 3375/9/1537 3383/9/1549 3382/9/1548
f 3375/9/1537 3376/9/1539 3384/9/1550 3383/9/1549
f 3376/9/1539 3377/9/1541 3385/9/1551 3384/9/1550
f 3377/9/1541 3378/9/1543 3386/9/1552 3385/9/1551
f 3378/9/1543 3371/9/1529 3379/9/1546 3386/9/1552
f 3379/9/1546 3380/9/1545 3388/9/1553 3387/9/1554
f 3380/9/1545 3381/9/1547 3389/9/1555 3388/9/1553
f 3381/9/1547 3382/9/1548 3390/9/1556 3389/9/1555
f 3382/9/1548 3383/9/1549 3391/9/1557 3390/9/1556
f 3383/9/1549 3384/9/1550 3392/9/1558 3391/9/1557
f 3384/9/1550 3385/9/1551 3393/9/1559 3392/9/1558
f 3385/9/1551 3386/9/1552 3394/9/1560 3393/9/1559
f 3386/9/1552 3379/9/1546 3387/9/1554 3394/9/1560
f 3387/9/1554 3388/9/1553 3396/9/1532 3395/9/1531
f 3388/9/1553 3389/9/1555 3397/9/1534 3396/9/1532
f 3389/9/1555 3390/9/1556 3398/9/1536 3397/9/1534
f 3390/9/1556 3391/9/1557 3399/9/1538 3398/9/1536
f 3391/9/1557 3392/9/1558 3400/9/1540 3399/9/1538
f 3392/9/1558 3393/9/1559 3401/9/1542 3400/9/1540
f 3393/9/1559 3394/9/1560 3402/9/1544 3401/9/1542
f 3394/9/1560 3387/9/1554 3395/9/1531 3402/9/1544
f 3437/9/1527 3406/9/1561 3405/9/1562
f 3438/9/1530 3429/9/1563 3430/9/1564
f 3437/9/1527 3407/9/1533 3406/9/1561
f 3438/9/1530 3430/9/1564 3431/9/1534
f 3437/9/1527 3408/9/1565 3407/9/1533
f 3438/9/1530 3431/9/1534 3432/9/1566
f 3437/9/1527 3409/9/1537 3408/9/1565
f 3438/9/1530 3432/9/1566 3433/9/1538
f 3437/9/1527 3410/9/1567 3409/9/1537
f 3438/9/1530 3433/9/1538 3434/9/1568
f 3437/9/1527 3411/9/1569 3410/9/1567
f 3438/9/1530 3434/9/1568 3435/9/1570
f 3437/9/1527 3412/9/1571 3411/9/1569
f 3438/9/1530 3435/9/1570 3436/9/1572
f 3437/9/1527 3405/9/1562 3412/9/1571
f 3438/9/1530 3436/9/1572 3429/9/1563
f 3405/9/1562 3406/9/1561 3414/9/1573 3413/9/1574
f 3406/9/1561 3407/9/1533 3415/9/1575 3414/9/1573
f 3407/9/1533 3408/9/1565 3416/9/1576 3415/9/1575
f 3408/9/1565 3409/9/1537 3417/9/1577 3416/9/1576
f 3409/9/1537 3410/9/1567 3418/9/1578 3417/9/1577
f 3410/9/1567 3411/9/1569 3419/9/1579 3418/9/1578
f 3411/9/1569 3412/9/1571 3420/9/1580 3419/9/1579
f 3412/9/1571 3405/9/1562 3413/9/1574 3420/9/1580
f 3413/9/1574 3414/9/1573 3422/9/1581 3421/9/1582
f 3414/9/1573 3415/9/1575 3423/9/1583 3422/9/1581
f 3415/9/1575 3416/9/1576 3424/9/1584 3423/9/1583
f 3416/9/1576 3417/9/1577 3425/9/1585 3424/9/1584
f 3417/9/1577 3418/9/1578 3426/9/1586 3425/9/1585
f 3418/9/1578 3419/9/1579 3427/9/1587 3426/9/1586
f 3419/9/1579 3420/9/1580 3428/9/1588 3427/9/1587
f 3420/9/1580 3413/9/1574 3421/9/1582 3428/9/1588
f 3421/9/1582 3422/9/1581 3430/9/1564 3429/9/1563
f 3422/9/1581 3423/9/1583 3431/9/1534 3430/9/1564
f 3423/9/1583 3424/9/1584 3432/9/1566 3431/9/1534
f 3424/9/1584 3425/9/1585 3433/9/1538 3432/9/1566
f 3425/9/1585 3426/9/1586 3434/9/1568 3433/9/1538
f 3426/9/1586 3427/9/1587 3435/9/1570 3434/9/1568
f 3427/9/1587 3428/9/1588 3436/9/1572 3435/9/1570
f 3428/9/1588 3421/9/1582 3429/9/1563 3436/9/1572
f 3471/9/1527 3440/9/1561 3439/9/1562
f 3472/9/1530 3463/9/1563 3464/9/1564
f 3471/9/1527 3441/9/1589 3440/9/1561
f 3472/9/1530 3464/9/1564 3465/9/1590
f 3471/9/1527 3442/9/1565 3441/9/1589
f 3472/9/1530 3465/9/1590 3466/9/1566
f 3471/9/1527 3443/9/1537 3442/9/1565
f 3472/9/1530 3466/9/1566 3467/9/1538
f 3471/9/1527 3444/9/1567 3443/9/1537
f 3472/9/1530 3467/9/1538 3468/9/1568
f 3471/9/1527 3445/9/1541 3444/9/1567
f 3472/9/1530 3468/9/1568 3469/9/1542
f 3471/9/1527 3446/9/1571 3445/9/1541
f 3472/9/1530 3469/9/1542 3470/9/1572
f 3471/9/1527 3439/9/1562 3446/9/1571
f 3472/9/1530 3470/9/1572 3463/9/1563
f 3439/9/1562 3440/9/1561 3448/9/1591 3447/9/1574
f 3440/9/1561 3441/9/1589 3449/9/1592 3448/9/1591
f 3441/9/1589 3442/9/1565 3450/9/1576 3449/9/1592
f 3442/9/1565 3443/9/1537 3451/9/1577 3450/9/1576
f 3443/9/1537 3444/9/1567 3452/9/1578 3451/9/1577
f 3444/9/1567 3445/9/1541 3453/9/1593 3452/9/1578
f 3445/9/1541 3446/9/1571 3454/9/1594 3453/9/1593
f 3446/9/1571 3439/9/1562 3447/9/1574 3454/9/1594
f 3447/9/1574 3448/9/1591 3456/9/1595 3455/9/1582
f 3448/9/1591 3449/9/1592 3457/9/1596 3456/9/1595
f 3449/9/1592 3450/9/1576 3458/9/1584 3457/9/1596
f 3450/9/1576 3451/9/1577 3459/9/1585 3458/9/1584
f 3451/9/1577 3452/9/1578 3460/9/1586 3459/9/1585
f 3452/9/1578 3453/9/1593 3461/9/1597 3460/9/1586
f 3453/9/1593 3454/9/1594 3462/9/1598 3461/9/1597
f 3454/9/1594 3447/9/1574 3455/9/1582 3462/9/1598
f 3455/9/1582 3456/9/1595 3464/9/1564 3463/9/1563
f 3456/9/1595 3457/9/1596 3465/9/1590 3464/9/1564
f 3457/9/1596 3458/9/1584 3466/9/1566 3465/9/1590
f 3458/9/1584 3459/9/1585 3467/9/1538 3466/9/1566
f 3459/9/1585 3460/9/1586 3468/9/1568 3467/9/1538
f 3460/9/1586 3461/9/1597 3469/9/1542 3468/9/1568
f 3461/9/1597 3462/9/1598 3470/9/1572 3469/9/1542
f 3462/9/1598 3455/9/1582 3463/9/1563 3470/9/1572
f 3505/9/1527 3474/9/1561 3473/9/1529
f 3506/9/1530 3497/9/1531 3498/9/1564
f 3505/9/1527 3475/9/1589 3474/9/1561
f 3506/9/1530 3498/9/1564 3499/9/1590
f 3505/9/1527 3476/9/1565 3475/9/1589
f 3506/9/1530 3499/9/1590 3500/9/1566
f 3505/9/1527 3477/9/1599 3476/9/1565
f 3506/9/1530 3500/9/1566 3501/9/1600
f 3505/9/1527 3478/9/1567 3477/9/1599
f 3506/9/1530 3501/9/1600 3502/9/1568
f 3505/9/1527 3479/9/1541 3478/9/1567
f 3506/9/1530 3502/9/1568 3503/9/1542
f 3505/9/1527 3480/9/1571 3479/9/1541
f 3506/9/1530 3503/9/1542 3504/9/1572
f 3505/9/1527 3473/9/1529 3480/9/1571
f 3506/9/1530 3504/9/1572 3497/9/1531
f 3473/9/1529 3474/9/1561 3482/9/1573 3481/9/1601
f 3474/9/1561 3475/9/1589 3483/9/1592 3482/9/1573
f 3475/9/1589 3476/9/1565 3484/9/1602 3483/9/1592
f 3476/9/1565 3477/9/1599 3485/9/1603 3484/9/1602
f 3477/9/1599 3478/9/1567 3486/9/1578 3485/9/1603
f 3478/9/1567 3479/9/1541 3487/9/1593 3486/9/1578
f 3479/9/1541 3480/9/1571 3488/9/1594 3487/9/1593
f 3480/9/1571 3473/9/1529 3481/9/1601 3488/9/1594
f 3481/9/1601 3482/9/1573 3490/9/1581 3489/9/1604
f 3482/9/1573 3483/9/1592 3491/9/1596 3490/9/1581
f 3483/9/1592 3484/9/1602 3492/9/1605 3491/9/1596
f 3484/9/1602 3485/9/1603 3493/9/1606 3492/9/1605
f 3485/9/1603 3486/9/1578 3494/9/1586 3493/9/1606
f 3486/9/1578 3487/9/1593 3495/9/1597 3494/9/1586
f 3487/9/1593 3488/9/1594 3496/9/1598 3495/9/1597
f 3488/9/1594 3481/9/1601 3489/9/1604 3496/9/1598
f 3489/9/1604 3490/9/1581 3498/9/1564 3497/9/1531
f 3490/9/1581 3491/9/1596 3499/9/1590 3498/9/1564
f 3491/9/1596 3492/9/1605 3500/9/1566 3499/9/1590
f 3492/9/1605 3493/9/1606 3501/9/1600 3500/9/1566
f 3493/9/1606 3494/9/1586 3502/9/1568 3501/9/1600
f 3494/9/1586 3495/9/1597 3503/9/1542 3502/9/1568
f 3495/9/1597 3496/9/1598 3504/9/1572 3503/9/1542
f 3496/9/1598 3489/9/1604 3497/9/1531 3504/9/1572
f 3539/9/1527 3508/9/1561 3507/9/1529
f 3540/9/1530 3531/9/1531 3532/9/1564
f 3539/9/1527 3509/9/1533 3508/9/1561
f 3540/9/1530 3532/9/1564 3533/9/1534
f 3539/9/1527 3510/9/1565 3509/9/1533
f 3540/9/1530 3533/9/1534 3534/9/1566
f 3539/9/1527 3511/9/1599 3510/9/1565
f 3540/9/1530 3534/9/1566 3535/9/1600
f 3539/9/1527 3512/9/1567 3511/9/1599
f 3540/9/1530 3535/9/1600 3536/9/1568
f 3539/9/1527 3513/9/1569 3512/9/1567
f 3540/9/1530 3536/9/1568 3537/9/1570
f 3539/9/1527 3514/9/1571 3513/9/1569
f 3540/9/1530 3537/9/1570 3538/9/1572
f 3539/9/1527 3507/9/1529 3514/9/1571
f 3540/9/1530 3538/9/1572 3531/9/1531
f 3507/9/1529 3508/9/1561 3516/9/1573 3515/9/1601
f 3508/9/1561 3509/9/1533 3517/9/1575 3516/9/1573
f 3509/9/1533 3510/9/1565 3518/9/1576 3517/9/1575
f 3510/9/1565 3511/9/1599 3519/9/1603 3518/9/1576
f 3511/9/1599 3512/9/1567 3520/9/1607 3519/9/1603
f 3512/9/1567 3513/9/1569 3521/9/1579 3520/9/1607
f 3513/9/1569 3514/9/1571 3522/9/1594 3521/9/1579
f 3514/9/1571 3507/9/1529 3515/9/1601 3522/9/1594
f 3515/9/1601 3516/9/1573 3524/9/1581 3523/9/1604
f 3516/9/1573 3517/9/1575 3525/9/1583 3524/9/1581
f 3517/9/1575 3518/9/1576 3526/9/1584 3525/9/1583
f 3518/9/1576 3519/9/1603 3527/9/1606 3526/9/1584
f 3519/9/1603 3520/9/1607 3528/9/1608 3527/9/1606
f 3520/9/1607 3521/9/1579 3529/9/1587 3528/9/1608
f 3521/9/1579 3522/9/1594 3530/9/1598 3529/9/1587
f 3522/9/1594 3515/9/1601 3523/9/1604 3530/9/1598
f 3523/9/1604 3524/9/1581 3532/9/1564 3531/9/1531
f 3524/9/1581 3525/9/1583 3533/9/1534 3532/9/1564
f 3525/9/1583 3526/9/1584 3534/9/1566 3533/9/1534
f 3526/9/1584 3527/9/1606 3535/9/1600 3534/9/1566
f 3527/9/1606 3528/9/1608 3536/9/1568 3535/9/1600
f 3528/9/1608 3529/9/1587 3537/9/1570 3536/9/1568
f 3529/9/1587 3530/9/1598 3538/9/1572 3537/9/1570
f 3530/9/1598 3523/9/1604 3531/9/1531 3538/9/1572
f 3813/9/1527 3782/9/1808 3781/9/1529
f 3814/9/1530 3805/9/1531 3806/9/1809
f 3813/9/1527 3783/9/1810 3782/9/1808
f 3814/9/1530 3806/9/1809 3807/9/1811
f 3813/9/1527 3784/9/1812 3783/9/1810
f 3814/9/1530 3807/9/1811 3808/9/1813
f 3813/9/1527 3785/9/1537 3784/9/1812
f 3814/9/1530 3808/9/1813 3809/9/1538
f 3813/9/1527 3786/9/1814 3785/9/1537
f 3814/9/1530 3809/9/1538 3810/9/1815
f 3813/9/1527 3787/9/1541 3786/9/1814
f 3814/9/1530 3810/9/1815 3811/9/1542
f 3813/9/1527 3788/9/1816 3787/9/1541
f 3814/9/1530 3811/9/1542 3812/9/1817
f 3813/9/1527 3781/9/1529 3788/9/1816
f 3814/9/1530 3812/9/1817 3805/9/1531
f 3781/9/1529 3782/9/1808 3790/9/1818 3789/9/1601
f 3782/9/1808 3783/9/1810 3791/9/1575 3790/9/1818
f 3783/9/1810 3784/9/1812 3792/9/1819 3791/9/1575
f 3784/9/1812 3785/9/1537 3793/9/1577 3792/9/1819
f 3785/9/1537 3786/9/1814 3794/9/1820 3793/9/1577
f 3786/9/1814 3787/9/1541 3795/9/1593 3794/9/1820
f 3787/9/1541 3788/9/1816 3796/9/1821 3795/9/1593
f 3788/9/1816 3781/9/1529 3789/9/1601 3796/9/1821
f 3789/9/1601 3790/9/1818 3798/9/1822 3797/9/1604
f 3790/9/1818 3791/9/1575 3799/9/1583 3798/9/1822
f 3791/9/1575 3792/9/1819 3800/9/1823 3799/9/1583
f 3792/9/1819 3793/9/1577 3801/9/1585 3800/9/1823
f 3793/9/1577 3794/9/1820 3802/9/1824 3801/9/1585
f 3794/9/1820 3795/9/1593 3803/9/1597 3802/9/1824
f 3795/9/1593 3796/9/1821 3804/9/1825 3803/9/1597
f 3796/9/1821 3789/9/1601 3797/9/1604 3804/9/1825
f 3797/9/1604 3798/9/1822 3806/9/1809 3805/9/1531
f 3798/9/1822 3799/9/1583 3807/9/1811 3806/9/1809
f 3799/9/1583 3800/9/1823 3808/9/1813 3807/9/1811
f 3800/9/1823 3801/9/1585 3809/9/1538 3808/9/1813
f 3801/9/1585 3802/9/1824 3810/9/1815 3809/9/1538
f 3802/9/1824 3803/9/1597 3811/9/1542 3810/9/1815
f 3803/9/1597 3804/9/1825 3812/9/1817 3811/9/1542
f 3804/9/1825 3797/9/1604 3805/9/1531 3812/9/1817
f 3817/9/1489 3818/9/1490 3816/9/1487 3815/9/1488
f 3820/9/1491 3822/9/1492 3821/9/1493 3819/9/1494
f 3816/9/1487 3820/9/1491 3819/9/1494 3815/9/1488
f 3821/9/1493 3822/9/1492 3818/9/1490 3817/9/1489
f 3819/9/1494 3821/9/1493 3817/9/1489 3815/9/1488
f 3818/9/1490 3822/9/1492 3820/9/1491 3816/9/1487
f 3825/9/1497 3826/9/1498 3824/9/1495 3823/9/1496
f 3828/9/1499 3830/9/1500 3829/9/1501 3827/9/1502
f 3824/9/1495 3828/9/1499 3827/9/1502 3823/9/1496
f 3829/9/1501 3830/9/1500 3826/9/1498 3825/9/1497
f 3827/9/1502 3829/9/1501 3825/9/1497 3823/9/1496
f 3826/9/1498 3830/9/1500 3828/9/1499 3824/9/1495
f 3833/9/1505 3834/9/1506 3832/9/1503 3831/9/1504
f 3836/9/1507 3838/9/1508 3837/9/1509 3835/9/1510
f 3832/9/1503 3836/9/1507 3835/9/1510 3831/9/1504
f 3837/9/1509 3838/9/1508 3834/9/1506 3833/9/1505
f 3835/9/1510 3837/9/1509 3833/9/1505 3831/9/1504
f 3834/9/1506 3838/9/1508 3836/9/1507 3832/9/1503
f 3841/9/1513 3842/9/1514 3840/9/1511 3839/9/1512
f 3844/9/1515 3846/9/1516 3845/9/1517 3843/9/1518
f 3840/9/1511 3844/9/1515 3843/9/1518 3839/9/1512
f 3845/9/1517 3846/9/1516 3842/9/1514 3841/9/1513
f 3843/9/1518 3845/9/1517 3841/9/1513 3839/9/1512
f 3842/9/1514 3846/9/1516 3844/9/1515 3840/9/1511
f 3849/9/1521 3850/9/1522 3848/9/1519 3847/9/1520
f 3852/9/1523 3854/9/1524 3853/9/1525 3851/9/1526
f 3848/9/1519 3852/9/1523 3851/9/1526 3847/9/1520
f 3853/9/1525 3854/9/1524 3850/9/1522 3849/9/1521
f 3851/9/1526 3853/9/1525 3849/9/1521 3847/9/1520
f 3850/9/1522 3854/9/1524 3852/9/1523 3848/9/1519
f 3855/9/1531 3856/9/1532 3887/9/1530
f 3880/9/1528 3879/9/1529 3888/9/1527
f 3856/9/1532 3857/9/1534 3887/9/1530
f 3881/9/1533 3880/9/1528 3888/9/1527
f 3857/9/1534 3858/9/1536 3887/9/1530
f 3882/9/1535 3881/9/1533 3888/9/1527
f 3858/9/1536 3859/9/1538 3887/9/1530
f 3883/9/1537 3882/9/1535 3888/9/1527
f 3859/9/1538 3860/9/1540 3887/9/1530
f 3884/9/1539 3883/9/1537 3888/9/1527
f 3860/9/1540 3861/9/1542 3887/9/1530
f 3885/9/1541 3884/9/1539 3888/9/1527
f 3861/9/1542 3862/9/1544 3887/9/1530
f 3886/9/1543 3885/9/1541 3888/9/1527
f 3862/9/1544 3855/9/1531 3887/9/1530
f 3879/9/1529 3886/9/1543 3888/9/1527
f 3863/9/1554 3864/9/1553 3856/9/1532 3855/9/1531
f 3864/9/1553 3865/9/1555 3857/9/1534 3856/9/1532
f 3865/9/1555 3866/9/1556 3858/9/1536 3857/9/1534
f 3866/9/1556 3867/9/1557 3859/9/1538 3858/9/1536
f 3867/9/1557 3868/9/1558 3860/9/1540 3859/9/1538
f 3868/9/1558 3869/9/1559 3861/9/1542 3860/9/1540
f 3869/9/1559 3870/9/1560 3862/9/1544 3861/9/1542
f 3870/9/1560 3863/9/1554 3855/9/1531 3862/9/1544
f 3871/9/1546 3872/9/1545 3864/9/1553 3863/9/1554
f 3872/9/1545 3873/9/1547 3865/9/1555 3864/9/1553
f 3873/9/1547 3874/9/1548 3866/9/1556 3865/9/1555
f 3874/9/1548 3875/9/1549 3867/9/1557 3866/9/1556
f 3875/9/1549 3876/9/1550 3868/9/1558 3867/9/1557
f 3876/9/1550 3877/9/1551 3869/9/1559 3868/9/1558
f 3877/9/1551 3878/9/1552 3870/9/1560 3869/9/1559
f 3878/9/1552 3871/9/1546 3863/9/1554 3870/9/1560
f 3879/9/1529 3880/9/1528 3872/9/1545 3871/9/1546
f 3880/9/1528 3881/9/1533 3873/9/1547 3872/9/1545
f 3881/9/1533 3882/9/1535 3874/9/1548 3873/9/1547
f 3882/9/1535 3883/9/1537 3875/9/1549 3874/9/1548
f 3883/9/1537 3884/9/1539 3876/9/1550 3875/9/1549
f 3884/9/1539 3885/9/1541 3877/9/1551 3876/9/1550
f 3885/9/1541 3886/9/1543 3878/9/1552 3877/9/1551
f 3886/9/1543 3879/9/1529 3871/9/1546 3878/9/1552
f 3889/9/1563 3890/9/1564 3921/9/1530
f 3914/9/1561 3913/9/1562 3922/9/1527
f 3890/9/1564 3891/9/1534 3921/9/1530
f 3915/9/1533 3914/9/1561 3922/9/1527
f 3891/9/1534 3892/9/1566 3921/9/1530
f 3916/9/1565 3915/9/1533 3922/9/1527
f 3892/9/1566 3893/9/1538 3921/9/1530
f 3917/9/1537 3916/9/1565 3922/9/1527
f 3893/9/1538 3894/9/1568 3921/9/1530
f 3918/9/1567 3917/9/1537 3922/9/1527
f 3894/9/1568 3895/9/1570 3921/9/1530
f 3919/9/1569 3918/9/1567 3922/9/1527
f 3895/9/1570 3896/9/1572 3921/9/1530
f 3920/9/1571 3919/9/1569 3922/9/1527
f 3896/9/1572 3889/9/1563 3921/9/1530
f 3913/9/1562 3920/9/1571 3922/9/1527
f 3897/9/1582 3898/9/1581 3890/9/1564 3889/9/1563
f 3898/9/1581 3899/9/1583 3891/9/1534 3890/9/1564
f 3899/9/1583 3900/9/1584 3892/9/1566 3891/9/1534
f 3900/9/1584 3901/9/1585 3893/9/1538 3892/9/1566
f 3901/9/1585 3902/9/1586 3894/9/1568 3893/9/1538
f 3902/9/1586 3903/9/1587 3895/9/1570 3894/9/1568
f 3903/9/1587 3904/9/1588 3896/9/1572 3895/9/1570
f 3904/9/1588 3897/9/1582 3889/9/1563 3896/9/1572
f 3905/9/1574 3906/9/1573 3898/9/1581 3897/9/1582
f 3906/9/1573 3907/9/1575 3899/9/1583 3898/9/1581
f 3907/9/1575 3908/9/1576 3900/9/1584 3899/9/1583
f 3908/9/1576 3909/9/1577 3901/9/1585 3900/9/1584
f 3909/9/1577 3910/9/1578 3902/9/1586 3901/9/1585
f 3910/9/1578 3911/9/1579 3903/9/1587 3902/9/1586
f 3911/9/1579 3912/9/1580 3904/9/1588 3903/9/1587
f 3912/9/1580 3905/9/1574 3897/9/1582 3904/9/1588
f 3913/9/1562 3914/9/1561 3906/9/1573 3905/9/1574
f 3914/9/1561 3915/9/1533 3907/9/1575 3906/9/1573
f 3915/9/1533 3916/9/1565 3908/9/1576 3907/9/1575
f 3916/9/1565 3917/9/1537 3909/9/1577 3908/9/1576
f 3917/9/1537 3918/9/1567 3910/9/1578 3909/9/1577
f 3918/9/1567 3919/9/1569 3911/9/1579 3910/9/1578
f 3919/9/1569 3920/9/1571 3912/9/1580 3911/9/1579
f 3920/9/1571 3913/9/1562 3905/9/1574 3912/9/1580
f 3923/9/1563 3924/9/1564 3955/9/1530
f 3948/9/1561 3947/9/1562 3956/9/1527
f 3924/9/1564 3925/9/1590 3955/9/1530
f 3949/9/1589 3948/9/1561 3956/9/1527
f 3925/9/1590 3926/9/1566 3955/9/1530
f 3950/9/1565 3949/9/1589 3956/9/1527
f 3926/9/1566 3927/9/1538 3955/9/1530
f 3951/9/1537 3950/9/1565 3956/9/1527
f 3927/9/1538 3928/9/1568 3955/9/1530
f 3952/9/1567 3951/9/1537 3956/9/1527
f 3928/9/1568 3929/9/1542 3955/9/1530
f 3953/9/1541 3952/9/1567 3956/9/1527
f 3929/9/1542 3930/9/1572 3955/9/1530
f 3954/9/1571 3953/9/1541 3956/9/1527
f 3930/9/1572 3923/9/1563 3955/9/1530
f 3947/9/1562 3954/9/1571 3956/9/1527
f 3931/9/1582 3932/9/1595 3924/9/1564 3923/9/1563
f 3932/9/1595 3933/9/1596 3925/9/1590 3924/9/1564
f 3933/9/1596 3934/9/1584 3926/9/1566 3925/9/1590
f 3934/9/1584 3935/9/1585 3927/9/1538 3926/9/1566
f 3935/9/1585 3936/9/1586 3928/9/1568 3927/9/1538
f 3936/9/1586 3937/9/1597 3929/9/1542 3928/9/1568
f 3937/9/1597 3938/9/1598 3930/9/1572 3929/9/1542
f 3938/9/1598 3931/9/1582 3923/9/1563 3930/9/1572
f 3939/9/1574 3940/9/1591 3932/9/1595 3931/9/1582
f 3940/9/1591 3941/9/1592 3933/9/1596 3932/9/1595
f 3941/9/1592 3942/9/1576 3934/9/1584 3933/9/1596
f 3942/9/1576 3943/9/1577 3935/9/1585 3934/9/1584
f 3943/9/1577 3944/9/1578 3936/9/1586 3935/9/1585
f 3944/9/1578 3945/9/1593 3937/9/1597 3936/9/1586
f 3945/9/1593 3946/9/1594 3938/9/1598 3937/9/1597
f 3946/9/1594 3939/9/1574 3931/9/1582 3938/9/1598
f 3947/9/1562 3948/9/1561 3940/9/1591 3939/9/1574
f 3948/9/1561 3949/9/1589 3941/9/1592 3940/9/1591
f 3949/9/1589 3950/9/1565 3942/9/1576 3941/9/1592
f 3950/9/1565 3951/9/1537 3943/9/1577 3942/9/1576
f 3951/9/1537 3952/9/1567 3944/9/1578 3943/9/1577
f 3952/9/1567 3953/9/1541 3945/9/1593 3944/9/1578
f 3953/9/1541 3954/9/1571 3946/9/1594 3945/9/1593
f 3954/9/1571 3947/9/1562 3939/9/1574 3946/9/1594
f 3957/9/1531 3958/9/1564 3989/9/1530
f 3982/9/1561 3981/9/1529 3990/9/1527
f 3958/9/1564 3959/9/1590 3989/9/1530
f 3983/9/1589 3982/9/1561 3990/9/1527
f 3959/9/1590 3960/9/1566 3989/9/1530
f 3984/9/1565 3983/9/1589 3990/9/1527
f 3960/9/1566 3961/9/1600 3989/9/1530
f 3985/9/1599 3984/9/1565 3990/9/1527
f 3961/9/1600 3962/9/1568 3989/9/1530
f 3986/9/1567 3985/9/1599 3990/9/1527
f 3962/9/1568 3963/9/1542 3989/9/1530
f 3987/9/1541 3986/9/1567 3990/9/1527
f 3963/9/1542 3964/9/1572 3989/9/1530
f 3988/9/1571 3987/9/1541 3990/9/1527
f 3964/9/1572 3957/9/1531 3989/9/1530
f 3981/9/1529 3988/9/1571 3990/9/1527
f 3965/9/1604 3966/9/1581 3958/9/1564 3957/9/1531
f 3966/9/1581 3967/9/1596 3959/9/1590 3958/9/1564
f 3967/9/1596 3968/9/1605 3960/9/1566 3959/9/1590
f 3968/9/1605 3969/9/1606 3961/9/1600 3960/9/1566
f 3969/9/1606 3970/9/1586 3962/9/1568 3961/9/1600
f 3970/9/1586 3971/9/1597 3963/9/1542 3962/9/1568
f 3971/9/1597 3972/9/1598 3964/9/1572 3963/9/1542
f 3972/9/1598 3965/9/1604 3957/9/1531 3964/9/1572
f 3973/9/1601 3974/9/1573 3966/9/1581 3965/9/1604
f 3974/9/1573 3975/9/1592 3967/9/1596 3966/9/1581
f 3975/9/1592 3976/9/1602 3968/9/1605 3967/9/1596
f 3976/9/1602 3977/9/1603 3969/9/1606 3968/9/1605
f 3977/9/1603 3978/9/1578 3970/9/1586 3969/9/1606
f 3978/9/1578 3979/9/1593 3971/9/1597 3970/9/1586
f 3979/9/1593 3980/9/1594 3972/9/1598 3971/9/1597
f 3980/9/1594 3973/9/1601 3965/9/1604 3972/9/1598
f 3981/9/1529 3982/9/1561 3974/9/1573 3973/9/1601
f 3982/9/1561 3983/9/1589 3975/9/1592 3974/9/1573
f 3983/9/1589 3984/9/1565 3976/9/1602 3975/9/1592
f 3984/9/1565 3985/9/1599 3977/9/1603 3976/9/1602
f 3985/9/1599 3986/9/1567 3978/9/1578 3977/9/1603
f 3986/9/1567 3987/9/1541 3979/9/1593 3978/9/1578
f 3987/9/1541 3988/9/1571 3980/9/1594 3979/9/1593
f 3988/9/1571 3981/9/1529 3973/9/1601 3980/9/1594
f 3991/9/1531 3992/9/1564 4023/9/1530
f 4016/9/1561 4015/9/1529 4024/9/1527
f 3992/9/1564 3993/9/1534 4023/9/1530
f 4017/9/1533 4016/9/1561 4024/9/1527
f 3993/9/1534 3994/9/1566 4023/9/1530
f 4018/9/1565 4017/9/1533 4024/9/1527
f 3994/9/1566 3995/9/1600 4023/9/1530
f 4019/9/1599 4018/9/1565 4024/9/1527
f 3995/9/1600 3996/9/1568 4023/9/1530
f 4020/9/1567 4019/9/1599 4024/9/1527
f 3996/9/1568 3997/9/1570 4023/9/1530
f 4021/9/1569 4020/9/1567 4024/9/1527
f 3997/9/1570 3998/9/1572 4023/9/1530
f 4022/9/1571 4021/9/1569 4024/9/1527
f 3998/9/1572 3991/9/1531 4023/9/1530
f 4015/9/1529 4022/9/1571 4024/9/1527
f 3999/9/1604 4000/9/1581 3992/9/1564 3991/9/1531
f 4000/9/1581 4001/9/1583 3993/9/1534 3992/9/1564
f 4001/9/1583 4002/9/1584 3994/9/1566 3993/9/1534
f 4002/9/1584 4003/9/1606 3995/9/1600 3994/9/1566
f 4003/9/1606 4004/9/1608 3996/9/1568 3995/9/1600
f 4004/9/1608 4005/9/1587 3997/9/1570 3996/9/1568
f 4005/9/1587 4006/9/1598 3998/9/1572 3997/9/1570
f 4006/9/1598 3999/9/1604 3991/9/1531 3998/9/1572
f 4007/9/1601 4008/9/1573 4000/9/1581 3999/9/1604
f 4008/9/1573 4009/9/1575 4001/9/1583 4000/9/1581
f 4009/9/1575 4010/9/1576 4002/9/1584 4001/9/1583
f 4010/9/1576 4011/9/1603 4003/9/1606 4002/9/1584
f 4011/9/1603 4012/9/1607 4004/9/1608 4003/9/1606
f 4012/9/1607 4013/9/1579 4005/9/1587 4004/9/1608
f 4013/9/1579 4014/9/1594 4006/9/1598 4005/9/1587
f 4014/9/1594 4007/9/1601 3999/9/1604 4006/9/1598
f 4015/9/1529 4016/9/1561 4008/9/1573 4007/9/1601
f 4016/9/1561 4017/9/1533 4009/9/1575 4008/9/1573
f 4017/9/1533 4018/9/1565 4010/9/1576 4009/9/1575
f 4018/9/1565 4019/9/1599 4011/9/1603 4010/9/1576
f 4019/9/1599 4020/9/1567 4012/9/1607 4011/9/1603
f 4020/9/1567 4021/9/1569 4013/9/1579 4012/9/1607
f 4021/9/1569 4022/9/1571 4014/9/1594 4013/9/1579
f 4022/9/1571 4015/9/1529 4007/9/1601 4014/9/1594
f 4265/9/1531 4266/9/1809 4297/9/1530
f 4290/9/1808 4289/9/1529 4298/9/1527
f 4266/9/1809 4267/9/1811 4297/9/1530
f 4291/9/1810 4290/9/1808 4298/9/1527
f 4267/9/1811 4268/9/1813 4297/9/1530
f 4292/9/1812 4291/9/1810 4298/9/1527
f 4268/9/1813 4269/9/1538 4297/9/1530
f 4293/9/1537 4292/9/1812 4298/9/1527
f 4269/9/1538 4270/9/1815 4297/9/1530
f 4294/9/1814 4293/9/1537 4298/9/1527
f 4270/9/1815 4271/9/1542 4297/9/1530
f 4295/9/1541 4294/9/1814 4298/9/1527
f 4271/9/1542 4272/9/1817 4297/9/1530
f 4296/9/1816 4295/9/1541 4298/9/1527
f 4272/9/1817 4265/9/1531 4297/9/1530
f 4289/9/1529 4296/9/1816 4298/9/1527
f 4273/9/1604 4274/9/1822 4266/9/1809 4265/9/1531
f 4274/9/1822 4275/9/1583 4267/9/1811 4266/9/1809
f 4275/9/1583 4276/9/1823 4268/9/1813 4267/9/1811
f 4276/9/1823 4277/9/1585 4269/9/1538 4268/9/1813
f 4277/9/1585 4278/9/1824 4270/9/1815 4269/9/1538
f 4278/9/1824 4279/9/1597 4271/9/1542 4270/9/1815
f 4279/9/1597 4280/9/1825 4272/9/1817 4271/9/1542
f 4280/9/1825 4273/9/1604 4265/9/1531 4272/9/1817
f 4281/9/1601 4282/9/1818 4274/9/1822 4273/9/1604
f 4282/9/1818 4283/9/1575 4275/9/1583 4274/9/1822
f 4283/9/1575 4284/9/1819 4276/9/1823 4275/9/1583
f 4284/9/1819 4285/9/1577 4277/9/1585 4276/9/1823
f 4285/9/1577 4286/9/1820 4278/9/1824 4277/9/1585
f 4286/9/1820 4287/9/1593 4279/9/1597 4278/9/1824
f 4287/9/1593 4288/9/1821 4280/9/1825 4279/9/1597
f 4288/9/1821 4281/9/1601 4273/9/1604 4280/9/1825
f 4289/9/1529 4290/9/1808 4282/9/1818 4281/9/1601
f 4290/9/1808 4291/9/1810 4283/9/1575 4282/9/1818
f 4291/9/1810 4292/9/1812 4284/9/1819 4283/9/1575
f 4292/9/1812 4293/9/1537 4285/9/1577 4284/9/1819
f 4293/9/1537 4294/9/1814 4286/9/1820 4285/9/1577
f 4294/9/1814 4295/9/1541 4287/9/1593 4286/9/1820
f 4295/9/1541 4296/9/1816 4288/9/1821 4287/9/1593
f 4296/9/1816 4289/9/1529 4281/9/1601 4288/9/1821
f 4601/9/1671 4570/9/2082 4569/9/2083
f 4602/9/1668 4593/9/2084 4594/9/2085
f 4601/9/1671 4571/9/2086 4570/9/2082
f 4602/9/1668 4594/9/2085 4595/9/2087
f 4601/9/1671 4572/9/2088 4571/9/2086
f 4602/9/1668 4595/9/2087 4596/9/2089
f 4601/9/1671 4573/9/2090 4572/9/2088
f 4602/9/1668 4596/9/2089 4597/9/2091
f 4601/9/1671 4574/9/2092 4573/9/2090
f 4602/9/1668 4597/9/2091 4598/9/2093
f 4601/9/1671 4575/9/2094 4574/9/2092
f 4602/9/1668 4598/9/2093 4599/9/2095
f 4601/9/1671 4576/9/2096 4575/9/2094
f 4602/9/1668 4599/9/2095 4600/9/2097
f 4601/9/1671 4569/9/2083 4576/9/2096
f 4602/9/1668 4600/9/2097 4593/9/2084
f 4569/9/2083 4570/9/2082 4578/9/2098 4577/9/2099
f 4570/9/2082 4571/9/2086 4579/9/2100 4578/9/2098
f 4571/9/2086 4572/9/2088 4580/9/2101 4579/9/2100
f 4572/9/2088 4573/9/2090 4581/9/2102 4580/9/2101
f 4573/9/2090 4574/9/2092 4582/9/2103 4581/9/2102
f 4574/9/2092 4575/9/2094 4583/9/2104 4582/9/2103
f 4575/9/2094 4576/9/2096 4584/9/2105 4583/9/2104
f 4576/9/2096 4569/9/2083 4577/9/2099 4584/9/2105
f 4577/9/2099 4578/9/2098 4586/9/2106 4585/9/2107
f 4578/9/2098 4579/9/2100 4587/9/2108 4586/9/2106
f 4579/9/2100 4580/9/2101 4588/9/2109 4587/9/2108
f 4580/9/2101 4581/9/2102 4589/9/2110 4588/9/2109
f 4581/9/2102 4582/9/2103 4590/9/2111 4589/9/2110
f 4582/9/2103 4583/9/2104 4591/9/2112 4590/9/2111
f 4583/9/2104 4584/9/2105 4592/9/2113 4591/9/2112
f 4584/9/2105 4577/9/2099 4585/9/2107 4592/9/2113
f 4585/9/2107 4586/9/2106 4594/9/2085 4593/9/2084
f 4586/9/2106 4587/9/2108 4595/9/2087 4594/9/2085
f 4587/9/2108 4588/9/2109 4596/9/2089 4595/9/2087
f 4588/9/2109 4589/9/2110 4597/9/2091 4596/9/2089
f 4589/9/2110 4590/9/2111 4598/9/2093 4597/9/2091
f 4590/9/2111 4591/9/2112 4599/9/2095 4598/9/2093
f 4591/9/2112 4592/9/2113 4600/9/2097 4599/9/2095
f 4592/9/2113 4585/9/2107 4593/9/2084 4600/9/2097
f 4635/9/1671 4604/9/2082 4603/9/2083
f 4636/9/1668 4627/9/2084 4628/9/2085
f 4635/9/1671 4605/9/2086 4604/9/2082
f 4636/9/1668 4628/9/2085 4629/9/2087
f 4635/9/1671 4606/9/2088 4605/9/2086
f 4636/9/1668 4629/9/2087 4630/9/2089
f 4635/9/1671 4607/9/2090 4606/9/2088
f 4636/9/1668 4630/9/2089 4631/9/2091
f 4635/9/1671 4608/9/2092 4607/9/2090
f 4636/9/1668 4631/9/2091 4632/9/2093
f 4635/9/1671 4609/9/2094 4608/9/2092
f 4636/9/1668 4632/9/2093 4633/9/2095
f 4635/9/1671 4610/9/2096 4609/9/2094
f 4636/9/1668 4633/9/2095 4634/9/2097
f 4635/9/1671 4603/9/2083 4610/9/2096
f 4636/9/1668 4634/9/2097 4627/9/2084
f 4603/9/2083 4604/9/2082 4612/9/2098 4611/9/2099
f 4604/9/2082 4605/9/2086 4613/9/2100 4612/9/2098
f 4605/9/2086 4606/9/2088 4614/9/2101 4613/9/2100
f 4606/9/2088 4607/9/2090 4615/9/2102 4614/9/2101
f 4607/9/2090 4608/9/2092 4616/9/2103 4615/9/2102
f 4608/9/2092 4609/9/2094 4617/9/2104 4616/9/2103
f 4609/9/2094 4610/9/2096 4618/9/2105 4617/9/2104
f 4610/9/2096 4603/9/2083 4611/9/2099 4618/9/2105
f 4611/9/2099 4612/9/2098 4620/9/2106 4619/9/2107
f 4612/9/2098 4613/9/2100 4621/9/2108 4620/9/2106
f 4613/9/2100 4614/9/2101 4622/9/2109 4621/9/2108
f 4614/9/2101 4615/9/2102 4623/9/2110 4622/9/2109
f 4615/9/2102 4616/9/2103 4624/9/2111 4623/9/2110
f 4616/9/2103 4617/9/2104 4625/9/2112 4624/9/2111
f 4617/9/2104 4618/9/2105 4626/9/2113 4625/9/2112
f 4618/9/2105 4611/9/2099 4619/9/2107 4626/9/2113
f 4619/9/2107 4620/9/2106 4628/9/2085 4627/9/2084
f 4620/9/2106 4621/9/2108 4629/9/2087 4628/9/2085
f 4621/9/2108 4622/9/2109 4630/9/2089 4629/9/2087
f 4622/9/2109 4623/9/2110 4631/9/2091 4630/9/2089
f 4623/9/2110 4624/9/2111 4632/9/2093 4631/9/2091
f 4624/9/2111 4625/9/2112 4633/9/2095 4632/9/2093
f 4625/9/2112 4626/9/2113 4634/9/2097 4633/9/2095
f 4626/9/2113 4619/9/2107 4627/9/2084 4634/9/2097
f 4899/9/2134 4900/9/2135 4906/9/2136 4905/9/2137
f 4911/9/1671 4900/9/2135 4899/9/2134
f 4912/9/1668 4905/9/2137 4906/9/2136
f 4900/9/2135 4901/9/2138 4907/9/2139 4906/9/2136
f 4911/9/1671 4901/9/2138 4900/9/2135
f 4912/9/1668 4906/9/2136 4907/9/2139
f 4901/9/2138 4902/9/2140 4908/9/2141 4907/9/2139
f 4911/9/1671 4902/9/2140 4901/9/2138
f 4912/9/1668 4907/9/2139 4908/9/2141
f 4902/9/2140 4903/9/2142 4909/9/2143 4908/9/2141
f 4911/9/1671 4903/9/2142 4902/9/2140
f 4912/9/1668 4908/9/2141 4909/9/2143
f 4903/9/2142 4904/9/2144 4910/9/2145 4909/9/2143
f 4911/9/1671 4904/9/2144 4903/9/2142
f 4912/9/1668 4909/9/2143 4910/9/2145
f 4904/9/2144 4899/9/2134 4905/9/2137 4910/9/2145
f 4911/9/1671 4899/9/2134 4904/9/2144
f 4912/9/1668 4910/9/2145 4905/9/2137
f 4913/9/2146 4914/9/2147 4920/9/2148 4919/9/2149
f 4925/9/1671 4914/9/2147 4913/9/2146
f 4926/9/1668 4919/9/2149 4920/9/2148
f 4914/9/2147 4915/9/2150 4921/9/2151 4920/9/2148
f 4925/9/1671 4915/9/2150 4914/9/2147
f 4926/9/1668 4920/9/2148 4921/9/2151
f 4915/9/2150 4916/9/2152 4922/9/2153 4921/9/2151
f 4925/9/1671 4916/9/2152 4915/9/2150
f 4926/9/1668 4921/9/2151 4922/9/2153
f 4916/9/2152 4917/9/2154 4923/9/2155 4922/9/2153
f 4925/9/1671 4917/9/2154 4916/9/2152
f 4926/9/1668 4922/9/2153 4923/9/2155
f 4917/9/2154 4918/9/2156 4924/9/2157 4923/9/2155
f 4925/9/1671 4918/9/2156 4917/9/2154
f 4926/9/1668 4923/9/2155 4924/9/2157
f 4918/9/2156 4913/9/2146 4919/9/2149 4924/9/2157
f 4925/9/1671 4913/9/2146 4918/9/2156
f 4926/9/1668 4924/9/2157 4919/9/2149
f 4927/9/2158 4928/9/2159 4934/9/2160 4933/9/2161
f 4939/9/1671 4928/9/2159 4927/9/2158
f 4940/9/1668 4933/9/2161 4934/9/2160
f 4928/9/2159 4929/9/2162 4935/9/2163 4934/9/2160
f 4939/9/1671 4929/9/2162 4928/9/2159
f 4940/9/1668 4934/9/2160 4935/9/2163
f 4929/9/2162 4930/9/2164 4936/9/2165 4935/9/2163
f 4939/9/1671 4930/9/2164 4929/9/2162
f 4940/9/1668 4935/9/2163 4936/9/2165
f 4930/9/2164 4931/9/2166 4937/9/2167 4936/9/2165
f 4939/9/1671 4931/9/2166 4930/9/2164
f 4940/9/1668 4936/9/2165 4937/9/2167
f 4931/9/2166 4932/9/2168 4938/9/2169 4937/9/2167
f 4939/9/1671 4932/9/2168 4931/9/2166
f 4940/9/1668 4937/9/2167 4938/9/2169
f 4932/9/2168 4927/9/2158 4933/9/2161 4938/9/2169
f 4939/9/1671 4927/9/2158 4932/9/2168
f 4940/9/1668 4938/9/2169 4933/9/2161
f 4941/9/2158 4942/9/2159 4948/9/2160 4947/9/2161
f 4953/9/1671 4942/9/2159 4941/9/2158
f 4954/9/1668 4947/9/2161 4948/9/2160
f 4942/9/2159 4943/9/2162 4949/9/2163 4948/9/2160
f 4953/9/1671 4943/9/2162 4942/9/2159
f 4954/9/1668 4948/9/2160 4949/9/2163
f 4943/9/2162 4944/9/2164 4950/9/2165 4949/9/2163
f 4953/9/1671 4944/9/2164 4943/9/2162
f 4954/9/1668 4949/9/2163 4950/9/2165
f 4944/9/2164 4945/9/2166 4951/9/2167 4950/9/2165
f 4953/9/1671 4945/9/2166 4944/9/2164
f 4954/9/1668 4950/9/2165 4951/9/2167
f 4945/9/2166 4946/9/2168 4952/9/2169 4951/9/2167
f 4953/9/1671 4946/9/2168 4945/9/2166
f 4954/9/1668 4951/9/2167 4952/9/2169
f 4946/9/2168 4941/9/2158 4947/9/2161 4952/9/2169
f 4953/9/1671 4941/9/2158 4946/9/2168
f 4954/9/1668 4952/9/2169 4947/9/2161
f 4955/9/2158 4956/9/2159 4962/9/2160 4961/9/2161
f 4967/9/1671 4956/9/2159 4955/9/2158
f 4968/9/1668 4961/9/2161 4962/9/2160
f 4956/9/2159 4957/9/2162 4963/9/2163 4962/9/2160
f 4967/9/1671 4957/9/2162 4956/9/2159
f 4968/9/1668 4962/9/2160 4963/9/2163
f 4957/9/2162 4958/9/2164 4964/9/2165 4963/9/2163
f 4967/9/1671 4958/9/2164 4957/9/2162
f 4968/9/1668 4963/9/2163 4964/9/2165
f 4958/9/2164 4959/9/2166 4965/9/2167 4964/9/2165
f 4967/9/1671 4959/9/2166 4958/9/2164
f 4968/9/1668 4964/9/2165 4965/9/2167
f 4959/9/2166 4960/9/2168 4966/9/2169 4965/9/2167
f 4967/9/1671 4960/9/2168 4959/9/2166
f 4968/9/1668 4965/9/2167 4966/9/2169
f 4960/9/2168 4955/9/2158 4961/9/2161 4966/9/2169
f 4967/9/1671 4955/9/2158 4960/9/2168
f 4968/9/1668 4966/9/2169 4961/9/2161
f 4969/9/2170 4970/9/2171 4976/9/2172 4975/9/2173
f 4981/9/1671 4970/9/2171 4969/9/2170
f 4982/9/1668 4975/9/2173 4976/9/2172
f 4970/9/2171 4971/9/2174 4977/9/2175 4976/9/2172
f 4981/9/1671 4971/9/2174 4970/9/2171
f 4982/9/1668 4976/9/2172 4977/9/2175
f 4971/9/2174 4972/9/2176 4978/9/2177 4977/9/2175
f 4981/9/1671 4972/9/2176 4971/9/2174
f 4982/9/1668 4977/9/2175 4978/9/2177
f 4972/9/2176 4973/9/2178 4979/9/2179 4978/9/2177
f 4981/9/1671 4973/9/2178 4972/9/2176
f 4982/9/1668 4978/9/2177 4979/9/2179
f 4973/9/2178 4974/9/2180 4980/9/2181 4979/9/2179
f 4981/9/1671 4974/9/2180 4973/9/2178
f 4982/9/1668 4979/9/2179 4980/9/2181
f 4974/9/2180 4969/9/2170 4975/9/2173 4980/9/2181
f 4981/9/1671 4969/9/2170 4974/9/2180
f 4982/9/1668 4980/9/2181 4975/9/2173
f 4983/9/2170 4984/9/2171 4990/9/2172 4989/9/2173
f 4995/9/1671 4984/9/2171 4983/9/2170
f 4996/9/1668 4989/9/2173 4990/9/2172
f 4984/9/2171 4985/9/2174 4991/9/2175 4990/9/2172
f 4995/9/1671 4985/9/2174 4984/9/2171
f 4996/9/1668 4990/9/2172 4991/9/2175
f 4985/9/2174 4986/9/2176 4992/9/2177 4991/9/2175
f 4995/9/1671 4986/9/2176 4985/9/2174
f 4996/9/1668 4991/9/2175 4992/9/2177
f 4986/9/2176 4987/9/2178 4993/9/2179 4992/9/2177
f 4995/9/1671 4987/9/2178 4986/9/2176
f 4996/9/1668 4992/9/2177 4993/9/2179
f 4987/9/2178 4988/9/2180 4994/9/2181 4993/9/2179
f 4995/9/1671 4988/9/2180 4987/9/2178
f 4996/9/1668 4993/9/2179 4994/9/2181
f 4988/9/2180 4983/9/2170 4989/9/2173 4994/9/2181
f 4995/9/1671 4983/9/2170 4988/9/2180
f 4996/9/1668 4994/9/2181 4989/9/2173
usemtl blood
f 3541/9/1609 3547/9/1610 3548/9/1611 3542/9/1612
f 3542/9/1612 3548/9/1611 3549/9/1613 3543/9/1614
f 3543/9/1614 3549/9/1613 3550/9/1615 3544/9/1616
f 3544/9/1616 3550/9/1615 3551/9/1617 3545/9/1618
f 3545/9/1618 3551/9/1617 3552/9/1619 3546/9/1620
f 3546/9/1620 3552/9/1619 3547/9/1610 3541/9/1609
f 3547/9/1610 3553/9/1621 3554/9/1622 3548/9/1611
f 3548/9/1611 3554/9/1622 3555/9/1623 3549/9/1613
f 3549/9/1613 3555/9/1623 3556/9/1624 3550/9/1615
f 3550/9/1615 3556/9/1624 3557/9/1625 3551/9/1617
f 3551/9/1617 3557/9/1625 3558/9/1626 3552/9/1619
f 3552/9/1619 3558/9/1626 3553/9/1621 3547/9/1610
f 3553/9/1621 3559/9/1627 3560/9/1628 3554/9/1622
f 3554/9/1622 3560/9/1628 3561/9/1629 3555/9/1623
f 3555/9/1623 3561/9/1629 3562/9/1630 3556/9/1624
f 3556/9/1624 3562/9/1630 3563/9/1631 3557/9/1625
f 3557/9/1625 3563/9/1631 3564/9/1632 3558/9/1626
f 3558/9/1626 3564/9/1632 3559/9/1627 3553/9/1621
f 3559/9/1627 3565/9/1633 3566/9/1634 3560/9/1628
f 3560/9/1628 3566/9/1634 3567/9/1635 3561/9/1629
f 3561/9/1629 3567/9/1635 3568/9/1636 3562/9/1630
f 3562/9/1630 3568/9/1636 3569/9/1637 3563/9/1631
f 3563/9/1631 3569/9/1637 3570/9/1638 3564/9/1632
f 3564/9/1632 3570/9/1638 3565/9/1633 3559/9/1627
f 3565/9/1633 3571/9/1639 3572/9/1640 3566/9/1634
f 3566/9/1634 3572/9/1640 3573/9/1641 3567/9/1635
f 3567/9/1635 3573/9/1641 3574/9/1259 3568/9/1636
f 3568/9/1636 3574/9/1259 3575/9/1642 3569/9/1637
f 3569/9/1637 3575/9/1642 3576/9/1643 3570/9/1638
f 3570/9/1638 3576/9/1643 3571/9/1639 3565/9/1633
f 3571/9/1639 3577/9/1644 3578/9/1645 3572/9/1640
f 3572/9/1640 3578/9/1645 3579/9/1646 3573/9/1641
f 3573/9/1641 3579/9/1646 3580/9/1647 3574/9/1259
f 3574/9/1259 3580/9/1647 3581/9/1648 3575/9/1642
f 3575/9/1642 3581/9/1648 3582/9/1649 3576/9/1643
f 3576/9/1643 3582/9/1649 3577/9/1644 3571/9/1639
f 3577/9/1644 3583/9/1650 3584/9/1651 3578/9/1645
f 3578/9/1645 3584/9/1651 3585/9/1652 3579/9/1646
f 3579/9/1646 3585/9/1652 3586/9/1653 3580/9/1647
f 3580/9/1647 3586/9/1653 3587/9/1654 3581/9/1648
f 3581/9/1648 3587/9/1654 3588/9/1655 3582/9/1649
f 3582/9/1649 3588/9/1655 3583/9/1650 3577/9/1644
f 3583/9/1650 3589/9/1656 3590/9/1657 3584/9/1651
f 3584/9/1651 3590/9/1657 3591/9/1658 3585/9/1652
f 3585/9/1652 3591/9/1658 3592/9/1659 3586/9/1653
f 3586/9/1653 3592/9/1659 3593/9/1660 3587/9/1654
f 3587/9/1654 3593/9/1660 3594/9/1661 3588/9/1655
f 3588/9/1655 3594/9/1661 3589/9/1656 3583/9/1650
f 3589/9/1656 3595/9/1662 3596/9/1663 3590/9/1657
f 3590/9/1657 3596/9/1663 3597/9/1664 3591/9/1658
f 3591/9/1658 3597/9/1664 3598/9/1665 3592/9/1659
f 3592/9/1659 3598/9/1665 3599/9/1666 3593/9/1660
f 3593/9/1660 3599/9/1666 3600/9/1667 3594/9/1661
f 3594/9/1661 3600/9/1667 3595/9/1662 3589/9/1656
f 3595/9/1662 3601/9/1668 3602/9/1669 3596/9/1663
f 3596/9/1663 3602/9/1669 3603/9/1670 3597/9/1664
f 3597/9/1664 3603/9/1670 3604/9/1671 3598/9/1665
f 3598/9/1665 3604/9/1671 3605/9/1672 3599/9/1666
f 3599/9/1666 3605/9/1672 3606/9/1673 3600/9/1667
f 3600/9/1667 3606/9/1673 3601/9/1668 3595/9/1662
f 3601/9/1668 3607/9/1674 3608/9/1675 3602/9/1669
f 3602/9/1669 3608/9/1675 3609/9/1676 3603/9/1670
f 3603/9/1670 3609/9/1676 3610/9/1677 3604/9/1671
f 3604/9/1671 3610/9/1677 3611/9/1678 3605/9/1672
f 3605/9/1672 3611/9/1678 3612/9/1679 3606/9/1673
f 3606/9/1673 3612/9/1679 3607/9/1674 3601/9/1668
f 3607/9/1674 3613/9/1680 3614/9/1681 3608/9/1675
f 3608/9/1675 3614/9/1681 3615/9/1682 3609/9/1676
f 3609/9/1676 3615/9/1682 3616/9/1683 3610/9/1677
f 3610/9/1677 3616/9/1683 3617/9/1684 3611/9/1678
f 3611/9/1678 3617/9/1684 3618/9/1685 3612/9/1679
f 3612/9/1679 3618/9/1685 3613/9/1680 3607/9/1674
f 3613/9/1680 3619/9/1686 3620/9/1687 3614/9/1681
f 3614/9/1681 3620/9/1687 3621/9/1688 3615/9/1682
f 3615/9/1682 3621/9/1688 3622/9/1689 3616/9/1683
f 3616/9/1683 3622/9/1689 3623/9/1690 3617/9/1684
f 3617/9/1684 3623/9/1690 3624/9/1691 3618/9/1685
f 3618/9/1685 3624/9/1691 3619/9/1686 3613/9/1680
f 3619/9/1686 3625/9/1692 3626/9/1693 3620/9/1687
f 3620/9/1687 3626/9/1693 3627/9/1694 3621/9/1688
f 3621/9/1688 3627/9/1694 3628/9/1695 3622/9/1689
f 3622/9/1689 3628/9/1695 3629/9/1696 3623/9/1690
f 3623/9/1690 3629/9/1696 3630/9/1697 3624/9/1691
f 3624/9/1691 3630/9/1697 3625/9/1692 3619/9/1686
f 3625/9/1692 3631/9/1698 3632/9/1699 3626/9/1693
f 3626/9/1693 3632/9/1699 3633/9/1700 3627/9/1694
f 3627/9/1694 3633/9/1700 3634/9/1701 3628/9/1695
f 3628/9/1695 3634/9/1701 3635/9/1702 3629/9/1696
f 3629/9/1696 3635/9/1702 3636/9/1703 3630/9/1697
f 3630/9/1697 3636/9/1703 3631/9/1698 3625/9/1692
f 3631/9/1698 3637/9/1704 3638/9/1705 3632/9/1699
f 3632/9/1699 3638/9/1705 3639/9/1706 3633/9/1700
f 3633/9/1700 3639/9/1706 3640/9/1707 3634/9/1701
f 3634/9/1701 3640/9/1707 3641/9/1708 3635/9/1702
f 3635/9/1702 3641/9/1708 3642/9/1709 3636/9/1703
f 3636/9/1703 3642/9/1709 3637/9/1704 3631/9/1698
f 3637/9/1704 3643/9/1710 3644/9/1711 3638/9/1705
f 3638/9/1705 3644/9/1711 3645/9/1712 3639/9/1706
f 3639/9/1706 3645/9/1712 3646/9/1713 3640/9/1707
f 3640/9/1707 3646/9/1713 3647/9/1714 3641/9/1708
f 3641/9/1708 3647/9/1714 3648/9/1715 3642/9/1709
f 3642/9/1709 3648/9/1715 3643/9/1710 3637/9/1704
f 3643/9/1710 3649/9/1716 3650/9/1717 3644/9/1711
f 3644/9/1711 3650/9/1717 3651/9/1718 3645/9/1712
f 3645/9/1712 3651/9/1718 3652/9/1719 3646/9/1713
f 3646/9/1713 3652/9/1719 3653/9/1720 3647/9/1714
f 3647/9/1714 3653/9/1720 3654/9/1721 3648/9/1715
f 3648/9/1715 3654/9/1721 3649/9/1716 3643/9/1710
f 3649/9/1716 3655/9/1722 3656/9/1723 3650/9/1717
f 3650/9/1717 3656/9/1723 3657/9/1724 3651/9/1718
f 3651/9/1718 3657/9/1724 3658/9/1725 3652/9/1719
f 3652/9/1719 3658/9/1725 3659/9/1726 3653/9/1720
f 3653/9/1720 3659/9/1726 3660/9/1727 3654/9/1721
f 3654/9/1721 3660/9/1727 3655/9/1722 3649/9/1716
f 3655/9/1722 3661/9/1616 3662/9/1728 3656/9/1723
f 3656/9/1723 3662/9/1728 3663/9/1729 3657/9/1724
f 3657/9/1724 3663/9/1729 3664/9/1609 3658/9/1725
f 3658/9/1725 3664/9/1609 3665/9/1730 3659/9/1726
f 3659/9/1726 3665/9/1730 3666/9/1731 3660/9/1727
f 3660/9/1727 3666/9/1731 3661/9/1616 3655/9/1722
f 3661/9/1616 3667/9/1615 3668/9/1732 3662/9/1728
f 3662/9/1728 3668/9/1732 3669/9/1733 3663/9/1729
f 3663/9/1729 3669/9/1733 3670/9/1610 3664/9/1609
f 3664/9/1609 3670/9/1610 3671/9/1734 3665/9/1730
f 3665/9/1730 3671/9/1734 3672/9/1735 3666/9/1731
f 3666/9/1731 3672/9/1735 3667/9/1615 3661/9/1616
f 3667/9/1615 3673/9/1624 3674/9/1736 3668/9/1732
f 3668/9/1732 3674/9/1736 3675/9/1737 3669/9/1733
f 3669/9/1733 3675/9/1737 3676/9/1621 3670/9/1610
f 3670/9/1610 3676/9/1621 3677/9/1738 3671/9/1734
f 3671/9/1734 3677/9/1738 3678/9/1739 3672/9/1735
f 3672/9/1735 3678/9/1739 3673/9/1624 3667/9/1615
f 3673/9/1624 3679/9/1630 3680/9/1740 3674/9/1736
f 3674/9/1736 3680/9/1740 3681/9/1741 3675/9/1737
f 3675/9/1737 3681/9/1741 3682/9/1627 3676/9/1621
f 3676/9/1621 3682/9/1627 3683/9/1742 3677/9/1738
f 3677/9/1738 3683/9/1742 3684/9/1743 3678/9/1739
f 3678/9/1739 3684/9/1743 3679/9/1630 3673/9/1624
f 3679/9/1630 3685/9/1636 3686/9/1744 3680/9/1740
f 3680/9/1740 3686/9/1744 3687/9/1745 3681/9/1741
f 3681/9/1741 3687/9/1745 3688/9/1633 3682/9/1627
f 3682/9/1627 3688/9/1633 3689/9/1746 3683/9/1742
f 3683/9/1742 3689/9/1746 3690/9/1747 3684/9/1743
f 3684/9/1743 3690/9/1747 3685/9/1636 3679/9/1630
f 3685/9/1636 3691/9/1259 3692/9/1748 3686/9/1744
f 3686/9/1744 3692/9/1748 3693/9/1749 3687/9/1745
f 3687/9/1745 3693/9/1749 3694/9/1639 3688/9/1633
f 3688/9/1633 3694/9/1639 3695/9/1750 3689/9/1746
f 3689/9/1746 3695/9/1750 3696/9/1751 3690/9/1747
f 3690/9/1747 3696/9/1751 3691/9/1259 3685/9/1636
f 3691/9/1259 3697/9/1647 3698/9/1752 3692/9/1748
f 3692/9/1748 3698/9/1752 3699/9/1753 3693/9/1749
f 3693/9/1749 3699/9/1753 3700/9/1644 3694/9/1639
f 3694/9/1639 3700/9/1644 3701/9/1754 3695/9/1750
f 3695/9/1750 3701/9/1754 3702/9/1755 3696/9/1751
f 3696/9/1751 3702/9/1755 3697/9/1647 3691/9/1259
f 3697/9/1647 3703/9/1653 3704/9/1756 3698/9/1752
f 3698/9/1752 3704/9/1756 3705/9/1757 3699/9/1753
f 3699/9/1753 3705/9/1757 3706/9/1650 3700/9/1644
f 3700/9/1644 3706/9/1650 3707/9/1758 3701/9/1754
f 3701/9/1754 3707/9/1758 3708/9/1759 3702/9/1755
f 3702/9/1755 3708/9/1759 3703/9/1653 3697/9/1647
f 3703/9/1653 3709/9/1659 3710/9/1760 3704/9/1756
f 3704/9/1756 3710/9/1760 3711/9/1761 3705/9/1757
f 3705/9/1757 3711/9/1761 3712/9/1656 3706/9/1650
f 3706/9/1650 3712/9/1656 3713/9/1762 3707/9/1758
f 3707/9/1758 3713/9/1762 3714/9/1763 3708/9/1759
f 3708/9/1759 3714/9/1763 3709/9/1659 3703/9/1653
f 3709/9/1659 3715/9/1665 3716/9/1764 3710/9/1760
f 3710/9/1760 3716/9/1764 3717/9/1765 3711/9/1761
f 3711/9/1761 3717/9/1765 3718/9/1662 3712/9/1656
f 3712/9/1656 3718/9/1662 3719/9/1766 3713/9/1762
f 3713/9/1762 3719/9/1766 3720/9/1767 3714/9/1763
f 3714/9/1763 3720/9/1767 3715/9/1665 3709/9/1659
f 3715/9/1665 3721/9/1671 3722/9/1768 3716/9/1764
f 3716/9/1764 3722/9/1768 3723/9/1769 3717/9/1765
f 3717/9/1765 3723/9/1769 3724/9/1668 3718/9/1662
f 3718/9/1662 3724/9/1668 3725/9/1770 3719/9/1766
f 3719/9/1766 3725/9/1770 3726/9/1771 3720/9/1767
f 3720/9/1767 3726/9/1771 3721/9/1671 3715/9/1665
f 3721/9/1671 3727/9/1677 3728/9/1772 3722/9/1768
f 3722/9/1768 3728/9/1772 3729/9/1773 3723/9/1769
f 3723/9/1769 3729/9/1773 3730/9/1674 3724/9/1668
f 3724/9/1668 3730/9/1674 3731/9/1774 3725/9/1770
f 3725/9/1770 3731/9/1774 3732/9/1775 3726/9/1771
f 3726/9/1771 3732/9/1775 3727/9/1677 3721/9/1671
f 3727/9/1677 3733/9/1683 3734/9/1776 3728/9/1772
f 3728/9/1772 3734/9/1776 3735/9/1777 3729/9/1773
f 3729/9/1773 3735/9/1777 3736/9/1680 3730/9/1674
f 3730/9/1674 3736/9/1680 3737/9/1778 3731/9/1774
f 3731/9/1774 3737/9/1778 3738/9/1779 3732/9/1775
f 3732/9/1775 3738/9/1779 3733/9/1683 3727/9/1677
f 3733/9/1683 3739/9/1689 3740/9/1780 3734/9/1776
f 3734/9/1776 3740/9/1780 3741/9/1781 3735/9/1777
f 3735/9/1777 3741/9/1781 3742/9/1686 3736/9/1680
f 3736/9/1680 3742/9/1686 3743/9/1782 3737/9/1778
f 3737/9/1778 3743/9/1782 3744/9/1783 3738/9/1779
f 3738/9/1779 3744/9/1783 3739/9/1689 3733/9/1683
f 3739/9/1689 3745/9/1695 3746/9/1784 3740/9/1780
f 3740/9/1780 3746/9/1784 3747/9/1785 3741/9/1781
f 3741/9/1781 3747/9/1785 3748/9/1692 3742/9/1686
f 3742/9/1686 3748/9/1692 3749/9/1786 3743/9/1782
f 3743/9/1782 3749/9/1786 3750/9/1787 3744/9/1783
f 3744/9/1783 3750/9/1787 3745/9/1695 3739/9/1689
f 3745/9/1695 3751/9/1701 3752/9/1788 3746/9/1784
f 3746/9/1784 3752/9/1788 3753/9/1789 3747/9/1785
f 3747/9/1785 3753/9/1789 3754/9/1698 3748/9/1692
f 3748/9/1692 3754/9/1698 3755/9/1790 3749/9/1786
f 3749/9/1786 3755/9/1790 3756/9/1791 3750/9/1787
f 3750/9/1787 3756/9/1791 3751/9/1701 3745/9/1695
f 3751/9/1701 3757/9/1707 3758/9/1792 3752/9/1788
f 3752/9/1788 3758/9/1792 3759/9/1793 3753/9/1789
f 3753/9/1789 3759/9/1793 3760/9/1704 3754/9/1698
f 3754/9/1698 3760/9/1704 3761/9/1794 3755/9/1790
f 3755/9/1790 3761/9/1794 3762/9/1795 3756/9/1791
f 3756/9/1791 3762/9/1795 3757/9/1707 3751/9/1701
f 3757/9/1707 3763/9/1713 3764/9/1796 3758/9/1792
f 3758/9/1792 3764/9/1796 3765/9/1797 3759/9/1793
f 3759/9/1793 3765/9/1797 3766/9/1710 3760/9/1704
f 3760/9/1704 3766/9/1710 3767/9/1798 3761/9/1794
f 3761/9/1794 3767/9/1798 3768/9/1799 3762/9/1795
f 3762/9/1795 3768/9/1799 3763/9/1713 3757/9/1707
f 3763/9/1713 3769/9/1719 3770/9/1800 3764/9/1796
f 3764/9/1796 3770/9/1800 3771/9/1801 3765/9/1797
f 3765/9/1797 3771/9/1801 3772/9/1716 3766/9/1710
f 3766/9/1710 3772/9/1716 3773/9/1802 3767/9/1798
f 3767/9/1798 3773/9/1802 3774/9/1803 3768/9/1799
f 3768/9/1799 3774/9/1803 3769/9/1719 3763/9/1713
f 3769/9/1719 3775/9/1725 3776/9/1804 3770/9/1800
f 3770/9/1800 3776/9/1804 3777/9/1805 3771/9/1801
f 3771/9/1801 3777/9/1805 3778/9/1722 3772/9/1716
f 3772/9/1716 3778/9/1722 3779/9/1806 3773/9/1802
f 3773/9/1802 3779/9/1806 3780/9/1807 3774/9/1803
f 3774/9/1803 3780/9/1807 3775/9/1725 3769/9/1719
f 3775/9/1725 3541/9/1609 3542/9/1612 3776/9/1804
f 3776/9/1804 3542/9/1612 3543/9/1614 3777/9/1805
f 3777/9/1805 3543/9/1614 3544/9/1616 3778/9/1722
f 3778/9/1722 3544/9/1616 3545/9/1618 3779/9/1806
f 3779/9/1806 3545/9/1618 3546/9/1620 3780/9/1807
f 3780/9/1807 3546/9/1620 3541/9/1609 3775/9/1725
f 4026/9/1620 4032/9/1619 4031/9/1610 4025/9/1609
f 4027/9/1618 4033/9/1617 4032/9/1619 4026/9/1620
f 4028/9/1616 4034/9/1615 4033/9/1617 4027/9/1618
f 4029/9/1614 4035/9/1613 4034/9/1615 4028/9/1616
f 4030/9/1612 4036/9/1611 4035/9/1613 4029/9/1614
f 4025/9/1609 4031/9/1610 4036/9/1611 4030/9/1612
f 4032/9/1619 4038/9/1626 4037/9/1621 4031/9/1610
f 4033/9/1617 4039/9/1625 4038/9/1626 4032/9/1619
f 4034/9/1615 4040/9/1624 4039/9/1625 4033/9/1617
f 4035/9/1613 4041/9/1623 4040/9/1624 4034/9/1615
f 4036/9/1611 4042/9/1622 4041/9/1623 4035/9/1613
f 4031/9/1610 4037/9/1621 4042/9/1622 4036/9/1611
f 4038/9/1626 4044/9/1632 4043/9/1627 4037/9/1621
f 4039/9/1625 4045/9/1631 4044/9/1632 4038/9/1626
f 4040/9/1624 4046/9/1630 4045/9/1631 4039/9/1625
f 4041/9/1623 4047/9/1629 4046/9/1630 4040/9/1624
f 4042/9/1622 4048/9/1628 4047/9/1629 4041/9/1623
f 4037/9/1621 4043/9/1627 4048/9/1628 4042/9/1622
f 4044/9/1632 4050/9/1638 4049/9/1633 4043/9/1627
f 4045/9/1631 4051/9/1637 4050/9/1638 4044/9/1632
f 4046/9/1630 4052/9/1636 4051/9/1637 4045/9/1631
f 4047/9/1629 4053/9/1635 4052/9/1636 4046/9/1630
f 4048/9/1628 4054/9/1634 4053/9/1635 4047/9/1629
f 4043/9/1627 4049/9/1633 4054/9/1634 4048/9/1628
f 4050/9/1638 4056/9/1643 4055/9/1639 4049/9/1633
f 4051/9/1637 4057/9/1642 4056/9/1643 4050/9/1638
f 4052/9/1636 4058/9/1259 4057/9/1642 4051/9/1637
f 4053/9/1635 4059/9/1641 4058/9/1259 4052/9/1636
f 4054/9/1634 4060/9/1640 4059/9/1641 4053/9/1635
f 4049/9/1633 4055/9/1639 4060/9/1640 4054/9/1634
f 4056/9/1643 4062/9/1649 4061/9/1644 4055/9/1639
f 4057/9/1642 4063/9/1648 4062/9/1649 4056/9/1643
f 4058/9/1259 4064/9/1647 4063/9/1648 4057/9/1642
f 4059/9/1641 4065/9/1646 4064/9/1647 4058/9/1259
f 4060/9/1640 4066/9/1645 4065/9/1646 4059/9/1641
f 4055/9/1639 4061/9/1644 4066/9/1645 4060/9/1640
f 4062/9/1649 4068/9/1655 4067/9/1650 4061/9/1644
f 4063/9/1648 4069/9/1654 4068/9/1655 4062/9/1649
f 4064/9/1647 4070/9/1653 4069/9/1654 4063/9/1648
f 4065/9/1646 4071/9/1652 4070/9/1653 4064/9/1647
f 4066/9/1645 4072/9/1651 4071/9/1652 4065/9/1646
f 4061/9/1644 4067/9/1650 4072/9/1651 4066/9/1645
f 4068/9/1655 4074/9/1661 4073/9/1656 4067/9/1650
f 4069/9/1654 4075/9/1660 4074/9/1661 4068/9/1655
f 4070/9/1653 4076/9/1659 4075/9/1660 4069/9/1654
f 4071/9/1652 4077/9/1658 4076/9/1659 4070/9/1653
f 4072/9/1651 4078/9/1657 4077/9/1658 4071/9/1652
f 4067/9/1650 4073/9/1656 4078/9/1657 4072/9/1651
f 4074/9/1661 4080/9/1667 4079/9/1662 4073/9/1656
f 4075/9/1660 4081/9/1666 4080/9/1667 4074/9/1661
f 4076/9/1659 4082/9/1665 4081/9/1666 4075/9/1660
f 4077/9/1658 4083/9/1664 4082/9/1665 4076/9/1659
f 4078/9/1657 4084/9/1663 4083/9/1664 4077/9/1658
f 4073/9/1656 4079/9/1662 4084/9/1663 4078/9/1657
f 4080/9/1667 4086/9/1673 4085/9/1668 4079/9/1662
f 4081/9/1666 4087/9/1672 4086/9/1673 4080/9/1667
f 4082/9/1665 4088/9/1671 4087/9/1672 4081/9/1666
f 4083/9/1664 4089/9/1670 4088/9/1671 4082/9/1665
f 4084/9/1663 4090/9/1669 4089/9/1670 4083/9/1664
f 4079/9/1662 4085/9/1668 4090/9/1669 4084/9/1663
f 4086/9/1673 4092/9/1679 4091/9/1674 4085/9/1668
f 4087/9/1672 4093/9/1678 4092/9/1679 4086/9/1673
f 4088/9/1671 4094/9/1677 4093/9/1678 4087/9/1672
f 4089/9/1670 4095/9/1676 4094/9/1677 4088/9/1671
f 4090/9/1669 4096/9/1675 4095/9/1676 4089/9/1670
f 4085/9/1668 4091/9/1674 4096/9/1675 4090/9/1669
f 4092/9/1679 4098/9/1685 4097/9/1680 4091/9/1674
f 4093/9/1678 4099/9/1684 4098/9/1685 4092/9/1679
f 4094/9/1677 4100/9/1683 4099/9/1684 4093/9/1678
f 4095/9/1676 4101/9/1682 4100/9/1683 4094/9/1677
f 4096/9/1675 4102/9/1681 4101/9/1682 4095/9/1676
f 4091/9/1674 4097/9/1680 4102/9/1681 4096/9/1675
f 4098/9/1685 4104/9/1691 4103/9/1686 4097/9/1680
f 4099/9/1684 4105/9/1690 4104/9/1691 4098/9/1685
f 4100/9/1683 4106/9/1689 4105/9/1690 4099/9/1684
f 4101/9/1682 4107/9/1688 4106/9/1689 4100/9/1683
f 4102/9/1681 4108/9/1687 4107/9/1688 4101/9/1682
f 4097/9/1680 4103/9/1686 4108/9/1687 4102/9/1681
f 4104/9/1691 4110/9/1697 4109/9/1692 4103/9/1686
f 4105/9/1690 4111/9/1696 4110/9/1697 4104/9/1691
f 4106/9/1689 4112/9/1695 4111/9/1696 4105/9/1690
f 4107/9/1688 4113/9/1694 4112/9/1695 4106/9/1689
f 4108/9/1687 4114/9/1693 4113/9/1694 4107/9/1688
f 4103/9/1686 4109/9/1692 4114/9/1693 4108/9/1687
f 4110/9/1697 4116/9/1703 4115/9/1698 4109/9/1692
f 4111/9/1696 4117/9/1702 4116/9/1703 4110/9/1697
f 4112/9/1695 4118/9/1701 4117/9/1702 4111/9/1696
f 4113/9/1694 4119/9/1700 4118/9/1701 4112/9/1695
f 4114/9/1693 4120/9/1699 4119/9/1700 4113/9/1694
f 4109/9/1692 4115/9/1698 4120/9/1699 4114/9/1693
f 4116/9/1703 4122/9/1709 4121/9/1704 4115/9/1698
f 4117/9/1702 4123/9/1708 4122/9/1709 4116/9/1703
f 4118/9/1701 4124/9/1707 4123/9/1708 4117/9/1702
f 4119/9/1700 4125/9/1706 4124/9/1707 4118/9/1701
f 4120/9/1699 4126/9/1705 4125/9/1706 4119/9/1700
f 4115/9/1698 4121/9/1704 4126/9/1705 4120/9/1699
f 4122/9/1709 4128/9/1715 4127/9/1710 4121/9/1704
f 4123/9/1708 4129/9/1714 4128/9/1715 4122/9/1709
f 4124/9/1707 4130/9/1713 4129/9/1714 4123/9/1708
f 4125/9/1706 4131/9/1712 4130/9/1713 4124/9/1707
f 4126/9/1705 4132/9/1711 4131/9/1712 4125/9/1706
f 4121/9/1704 4127/9/1710 4132/9/1711 4126/9/1705
f 4128/9/1715 4134/9/1721 4133/9/1716 4127/9/1710
f 4129/9/1714 4135/9/1720 4134/9/1721 4128/9/1715
f 4130/9/1713 4136/9/1719 4135/9/1720 4129/9/1714
f 4131/9/1712 4137/9/1718 4136/9/1719 4130/9/1713
f 4132/9/1711 4138/9/1717 4137/9/1718 4131/9/1712
f 4127/9/1710 4133/9/1716 4138/9/1717 4132/9/1711
f 4134/9/1721 4140/9/1727 4139/9/1722 4133/9/1716
f 4135/9/1720 4141/9/1726 4140/9/1727 4134/9/1721
f 4136/9/1719 4142/9/1725 4141/9/1726 4135/9/1720
f 4137/9/1718 4143/9/1724 4142/9/1725 4136/9/1719
f 4138/9/1717 4144/9/1723 4143/9/1724 4137/9/1718
f 4133/9/1716 4139/9/1722 4144/9/1723 4138/9/1717
f 4140/9/1727 4146/9/1731 4145/9/1616 4139/9/1722
f 4141/9/1726 4147/9/1730 4146/9/1731 4140/9/1727
f 4142/9/1725 4148/9/1609 4147/9/1730 4141/9/1726
f 4143/9/1724 4149/9/1729 4148/9/1609 4142/9/1725
f 4144/9/1723 4150/9/1728 4149/9/1729 4143/9/1724
f 4139/9/1722 4145/9/1616 4150/9/1728 4144/9/1723
f 4146/9/1731 4152/9/1735 4151/9/1615 4145/9/1616
f 4147/9/1730 4153/9/1734 4152/9/1735 4146/9/1731
f 4148/9/1609 4154/9/1610 4153/9/1734 4147/9/1730
f 4149/9/1729 4155/9/1733 4154/9/1610 4148/9/1609
f 4150/9/1728 4156/9/1732 4155/9/1733 4149/9/1729
f 4145/9/1616 4151/9/1615 4156/9/1732 4150/9/1728
f 4152/9/1735 4158/9/1739 4157/9/1624 4151/9/1615
f 4153/9/1734 4159/9/1738 4158/9/1739 4152/9/1735
f 4154/9/1610 4160/9/1621 4159/9/1738 4153/9/1734
f 4155/9/1733 4161/9/1737 4160/9/1621 4154/9/1610
f 4156/9/1732 4162/9/1736 4161/9/1737 4155/9/1733
f 4151/9/1615 4157/9/1624 4162/9/1736 4156/9/1732
f 4158/9/1739 4164/9/1743 4163/9/1630 4157/9/1624
f 4159/9/1738 4165/9/1742 4164/9/1743 4158/9/1739
f 4160/9/1621 4166/9/1627 4165/9/1742 4159/9/1738
f 4161/9/1737 4167/9/1741 4166/9/1627 4160/9/1621
f 4162/9/1736 4168/9/1740 4167/9/1741 4161/9/1737
f 4157/9/1624 4163/9/1630 4168/9/1740 4162/9/1736
f 4164/9/1743 4170/9/1747 4169/9/1636 4163/9/1630
f 4165/9/1742 4171/9/1746 4170/9/1747 4164/9/1743
f 4166/9/1627 4172/9/1633 4171/9/1746 4165/9/1742
f 4167/9/1741 4173/9/1745 4172/9/1633 4166/9/1627
f 4168/9/1740 4174/9/1744 4173/9/1745 4167/9/1741
f 4163/9/1630 4169/9/1636 4174/9/1744 4168/9/1740
f 4170/9/1747 4176/9/1751 4175/9/1259 4169/9/1636
f 4171/9/1746 4177/9/1750 4176/9/1751 4170/9/1747
f 4172/9/1633 4178/9/1639 4177/9/1750 4171/9/1746
f 4173/9/1745 4179/9/1749 4178/9/1639 4172/9/1633
f 4174/9/1744 4180/9/1748 4179/9/1749 4173/9/1745
f 4169/9/1636 4175/9/1259 4180/9/1748 4174/9/1744
f 4176/9/1751 4182/9/1755 4181/9/1647 4175/9/1259
f 4177/9/1750 4183/9/1754 4182/9/1755 4176/9/1751
f 4178/9/1639 4184/9/1644 4183/9/1754 4177/9/1750
f 4179/9/1749 4185/9/1753 4184/9/1644 4178/9/1639
f 4180/9/1748 4186/9/1752 4185/9/1753 4179/9/1749
f 4175/9/1259 4181/9/1647 4186/9/1752 4180/9/1748
f 4182/9/1755 4188/9/1759 4187/9/1653 4181/9/1647
f 4183/9/1754 4189/9/1758 4188/9/1759 4182/9/1755
f 4184/9/1644 4190/9/1650 4189/9/1758 4183/9/1754
f 4185/9/1753 4191/9/1757 4190/9/1650 4184/9/1644
f 4186/9/1752 4192/9/1756 4191/9/1757 4185/9/1753
f 4181/9/1647 4187/9/1653 4192/9/1756 4186/9/1752
f 4188/9/1759 4194/9/1763 4193/9/1659 4187/9/1653
f 4189/9/1758 4195/9/1762 4194/9/1763 4188/9/1759
f 4190/9/1650 4196/9/1656 4195/9/1762 4189/9/1758
f 4191/9/1757 4197/9/1761 4196/9/1656 4190/9/1650
f 4192/9/1756 4198/9/1760 4197/9/1761 4191/9/1757
f 4187/9/1653 4193/9/1659 4198/9/1760 4192/9/1756
f 4194/9/1763 4200/9/1767 4199/9/1665 4193/9/1659
f 4195/9/1762 4201/9/1766 4200/9/1767 4194/9/1763
f 4196/9/1656 4202/9/1662 4201/9/1766 4195/9/1762
f 4197/9/1761 4203/9/1765 4202/9/1662 4196/9/1656
f 4198/9/1760 4204/9/1764 4203/9/1765 4197/9/1761
f 4193/9/1659 4199/9/1665 4204/9/1764 4198/9/1760
f 4200/9/1767 4206/9/1771 4205/9/1671 4199/9/1665
f 4201/9/1766 4207/9/1770 4206/9/1771 4200/9/1767
f 4202/9/1662 4208/9/1668 4207/9/1770 4201/9/1766
f 4203/9/1765 4209/9/1769 4208/9/1668 4202/9/1662
f 4204/9/1764 4210/9/1768 4209/9/1769 4203/9/1765
f 4199/9/1665 4205/9/1671 4210/9/1768 4204/9/1764
f 4206/9/1771 4212/9/1775 4211/9/1677 4205/9/1671
f 4207/9/1770 4213/9/1774 4212/9/1775 4206/9/1771
f 4208/9/1668 4214/9/1674 4213/9/1774 4207/9/1770
f 4209/9/1769 4215/9/1773 4214/9/1674 4208/9/1668
f 4210/9/1768 4216/9/1772 4215/9/1773 4209/9/1769
f 4205/9/1671 4211/9/1677 4216/9/1772 4210/9/1768
f 4212/9/1775 4218/9/1779 4217/9/1683 4211/9/1677
f 4213/9/1774 4219/9/1778 4218/9/1779 4212/9/1775
f 4214/9/1674 4220/9/1680 4219/9/1778 4213/9/1774
f 4215/9/1773 4221/9/1777 4220/9/1680 4214/9/1674
f 4216/9/1772 4222/9/1776 4221/9/1777 4215/9/1773
f 4211/9/1677 4217/9/1683 4222/9/1776 4216/9/1772
f 4218/9/1779 4224/9/1783 4223/9/1689 4217/9/1683
f 4219/9/1778 4225/9/1782 4224/9/1783 4218/9/1779
f 4220/9/1680 4226/9/1686 4225/9/1782 4219/9/1778
f 4221/9/1777 4227/9/1781 4226/9/1686 4220/9/1680
f 4222/9/1776 4228/9/1780 4227/9/1781 4221/9/1777
f 4217/9/1683 4223/9/1689 4228/9/1780 4222/9/1776
f 4224/9/1783 4230/9/1787 4229/9/1695 4223/9/1689
f 4225/9/1782 4231/9/1786 4230/9/1787 4224/9/1783
f 4226/9/1686 4232/9/1692 4231/9/1786 4225/9/1782
f 4227/9/1781 4233/9/1785 4232/9/1692 4226/9/1686
f 4228/9/1780 4234/9/1784 4233/9/1785 4227/9/1781
f 4223/9/1689 4229/9/1695 4234/9/1784 4228/9/1780
f 4230/9/1787 4236/9/1791 4235/9/1701 4229/9/1695
f 4231/9/1786 4237/9/1790 4236/9/1791 4230/9/1787
f 4232/9/1692 4238/9/1698 4237/9/1790 4231/9/1786
f 4233/9/1785 4239/9/1789 4238/9/1698 4232/9/1692
f 4234/9/1784 4240/9/1788 4239/9/1789 4233/9/1785
f 4229/9/1695 4235/9/1701 4240/9/1788 4234/9/1784
f 4236/9/1791 4242/9/1795 4241/9/1707 4235/9/1701
f 4237/9/1790 4243/9/1794 4242/9/1795 4236/9/1791
f 4238/9/1698 4244/9/1704 4243/9/1794 4237/9/1790
f 4239/9/1789 4245/9/1793 4244/9/1704 4238/9/1698
f 4240/9/1788 4246/9/1792 4245/9/1793 4239/9/1789
f 4235/9/1701 4241/9/1707 4246/9/1792 4240/9/1788
f 4242/9/1795 4248/9/1799 4247/9/1713 4241/9/1707
f 4243/9/1794 4249/9/1798 4248/9/1799 4242/9/1795
f 4244/9/1704 4250/9/1710 4249/9/1798 4243/9/1794
f 4245/9/1793 4251/9/1797 4250/9/1710 4244/9/1704
f 4246/9/1792 4252/9/1796 4251/9/1797 4245/9/1793
f 4241/9/1707 4247/9/1713 4252/9/1796 4246/9/1792
f 4248/9/1799 4254/9/1803 4253/9/1719 4247/9/1713
f 4249/9/1798 4255/9/1802 4254/9/1803 4248/9/1799
f 4250/9/1710 4256/9/1716 4255/9/1802 4249/9/1798
f 4251/9/1797 4257/9/1801 4256/9/1716 4250/9/1710
f 4252/9/1796 4258/9/1800 4257/9/1801 4251/9/1797
f 4247/9/1713 4253/9/1719 4258/9/1800 4252/9/1796
f 4254/9/1803 4260/9/1807 4259/9/1725 4253/9/1719
f 4255/9/1802 4261/9/1806 4260/9/1807 4254/9/1803
f 4256/9/1716 4262/9/1722 4261/9/1806 4255/9/1802
f 4257/9/1801 4263/9/1805 4262/9/1722 4256/9/1716
f 4258/9/1800 4264/9/1804 4263/9/1805 4257/9/1801
f 4253/9/1719 4259/9/1725 4264/9/1804 4258/9/1800
f 4260/9/1807 4026/9/1620 4025/9/1609 4259/9/1725
f 4261/9/1806 4027/9/1618 4026/9/1620 4260/9/1807
f 4262/9/1722 4028/9/1616 4027/9/1618 4261/9/1806
f 4263/9/1805 4029/9/1614 4028/9/1616 4262/9/1722
f 4264/9/1804 4030/9/1612 4029/9/1614 4263/9/1805
f 4259/9/1725 4025/9/1609 4030/9/1612 4264/9/1804
f 4637/9/2114 4638/9/2115 4642/9/2116 4641/9/2117
f 4645/9/1616 4638/9/2115 4637/9/2114
f 4646/9/1609 4641/9/2117 4642/9/2116
f 4638/9/2115 4639/9/2118 4643/9/2119 4642/9/2116
f 4645/9/1616 4639/9/2118 4638/9/2115
f 4646/9/1609 4642/9/2116 4643/9/2119
f 4639/9/2118 4640/9/2120 4644/9/2121 4643/9/2119
f 4645/9/1616 4640/9/2120 4639/9/2118
f 4646/9/1609 4643/9/2119 4644/9/2121
f 4640/9/2120 4637/9/2114 4641/9/2117 4644/9/2121
f 4645/9/1616 4637/9/2114 4640/9/2120
f 4646/9/1609 4644/9/2121 4641/9/2117
usemtl bone.002
f 4299/9/1826 4300/9/1827 4310/9/1828 4309/9/1829
f 4319/9/1830 4300/9/1827 4299/9/1826
f 4320/9/1831 4309/9/1829 4310/9/1828
f 4300/9/1827 4301/9/1832 4311/9/1833 4310/9/1828
f 4319/9/1830 4301/9/1832 4300/9/1827
f 4320/9/1831 4310/9/1828 4311/9/1833
f 4301/9/1832 4302/9/1834 4312/9/1835 4311/9/1833
f 4319/9/1830 4302/9/1834 4301/9/1832
f 4320/9/1831 4311/9/1833 4312/9/1835
f 4302/9/1834 4303/9/1836 4313/9/1837 4312/9/1835
f 4319/9/1830 4303/9/1836 4302/9/1834
f 4320/9/1831 4312/9/1835 4313/9/1837
f 4303/9/1836 4304/9/1838 4314/9/1839 4313/9/1837
f 4319/9/1830 4304/9/1838 4303/9/1836
f 4320/9/1831 4313/9/1837 4314/9/1839
f 4304/9/1838 4305/9/1840 4315/9/1841 4314/9/1839
f 4319/9/1830 4305/9/1840 4304/9/1838
f 4320/9/1831 4314/9/1839 4315/9/1841
f 4305/9/1840 4306/9/1842 4316/9/1843 4315/9/1841
f 4319/9/1830 4306/9/1842 4305/9/1840
f 4320/9/1831 4315/9/1841 4316/9/1843
f 4306/9/1842 4307/9/1844 4317/9/1845 4316/9/1843
f 4319/9/1830 4307/9/1844 4306/9/1842
f 4320/9/1831 4316/9/1843 4317/9/1845
f 4307/9/1844 4308/9/1846 4318/9/1847 4317/9/1845
f 4319/9/1830 4308/9/1846 4307/9/1844
f 4320/9/1831 4317/9/1845 4318/9/1847
f 4308/9/1846 4299/9/1826 4309/9/1829 4318/9/1847
f 4319/9/1830 4299/9/1826 4308/9/1846
f 4320/9/1831 4318/9/1847 4309/9/1829
f 4321/9/1848 4322/9/1849 4332/9/1850 4331/9/1851
f 4341/9/1852 4322/9/1849 4321/9/1848
f 4342/9/1853 4331/9/1851 4332/9/1850
f 4322/9/1849 4323/9/1854 4333/9/1855 4332/9/1850
f 4341/9/1852 4323/9/1854 4322/9/1849
f 4342/9/1853 4332/9/1850 4333/9/1855
f 4323/9/1854 4324/9/1856 4334/9/1857 4333/9/1855
f 4341/9/1852 4324/9/1856 4323/9/1854
f 4342/9/1853 4333/9/1855 4334/9/1857
f 4324/9/1856 4325/9/1858 4335/9/1859 4334/9/1857
f 4341/9/1852 4325/9/1858 4324/9/1856
f 4342/9/1853 4334/9/1857 4335/9/1859
f 4325/9/1858 4326/9/1860 4336/9/1861 4335/9/1859
f 4341/9/1852 4326/9/1860 4325/9/1858
f 4342/9/1853 4335/9/1859 4336/9/1861
f 4326/9/1860 4327/9/1862 4337/9/1863 4336/9/1861
f 4341/9/1852 4327/9/1862 4326/9/1860
f 4342/9/1853 4336/9/1861 4337/9/1863
f 4327/9/1862 4328/9/1864 4338/9/1865 4337/9/1863
f 4341/9/1852 4328/9/1864 4327/9/1862
f 4342/9/1853 4337/9/1863 4338/9/1865
f 4328/9/1864 4329/9/1866 4339/9/1867 4338/9/1865
f 4341/9/1852 4329/9/1866 4328/9/1864
f 4342/9/1853 4338/9/1865 4339/9/1867
f 4329/9/1866 4330/9/1868 4340/9/1869 4339/9/1867
f 4341/9/1852 4330/9/1868 4329/9/1866
f 4342/9/1853 4339/9/1867 4340/9/1869
f 4330/9/1868 4321/9/1848 4331/9/1851 4340/9/1869
f 4341/9/1852 4321/9/1848 4330/9/1868
f 4342/9/1853 4340/9/1869 4331/9/1851
f 4343/9/1870 4344/9/1871 4354/9/1872 4353/9/1873
f 4363/9/1874 4344/9/1871 4343/9/1870
f 4364/9/1875 4353/9/1873 4354/9/1872
f 4344/9/1871 4345/9/1876 4355/9/1877 4354/9/1872
f 4363/9/1874 4345/9/1876 4344/9/1871
f 4364/9/1875 4354/9/1872 4355/9/1877
f 4345/9/1876 4346/9/1878 4356/9/1879 4355/9/1877
f 4363/9/1874 4346/9/1878 4345/9/1876
f 4364/9/1875 4355/9/1877 4356/9/1879
f 4346/9/1878 4347/9/1880 4357/9/1881 4356/9/1879
f 4363/9/1874 4347/9/1880 4346/9/1878
f 4364/9/1875 4356/9/1879 4357/9/1881
f 4347/9/1880 4348/9/1882 4358/9/1883 4357/9/1881
f 4363/9/1874 4348/9/1882 4347/9/1880
f 4364/9/1875 4357/9/1881 4358/9/1883
f 4348/9/1882 4349/9/1884 4359/9/1885 4358/9/1883
f 4363/9/1874 4349/9/1884 4348/9/1882
f 4364/9/1875 4358/9/1883 4359/9/1885
f 4349/9/1884 4350/9/1886 4360/9/1887 4359/9/1885
f 4363/9/1874 4350/9/1886 4349/9/1884
f 4364/9/1875 4359/9/1885 4360/9/1887
f 4350/9/1886 4351/9/1888 4361/9/1889 4360/9/1887
f 4363/9/1874 4351/9/1888 4350/9/1886
f 4364/9/1875 4360/9/1887 4361/9/1889
f 4351/9/1888 4352/9/1890 4362/9/1891 4361/9/1889
f 4363/9/1874 4352/9/1890 4351/9/1888
f 4364/9/1875 4361/9/1889 4362/9/1891
f 4352/9/1890 4343/9/1870 4353/9/1873 4362/9/1891
f 4363/9/1874 4343/9/1870 4352/9/1890
f 4364/9/1875 4362/9/1891 4353/9/1873
f 4365/9/1892 4366/9/1893 4376/9/1894 4375/9/1895
f 4385/9/1896 4366/9/1893 4365/9/1892
f 4386/9/1897 4375/9/1895 4376/9/1894
f 4366/9/1893 4367/9/1898 4377/9/1899 4376/9/1894
f 4385/9/1896 4367/9/1898 4366/9/1893
f 4386/9/1897 4376/9/1894 4377/9/1899
f 4367/9/1898 4368/9/1900 4378/9/1901 4377/9/1899
f 4385/9/1896 4368/9/1900 4367/9/1898
f 4386/9/1897 4377/9/1899 4378/9/1901
f 4368/9/1900 4369/9/1902 4379/9/1903 4378/9/1901
f 4385/9/1896 4369/9/1902 4368/9/1900
f 4386/9/1897 4378/9/1901 4379/9/1903
f 4369/9/1902 4370/9/1904 4380/9/1905 4379/9/1903
f 4385/9/1896 4370/9/1904 4369/9/1902
f 4386/9/1897 4379/9/1903 4380/9/1905
f 4370/9/1904 4371/9/1906 4381/9/1907 4380/9/1905
f 4385/9/1896 4371/9/1906 4370/9/1904
f 4386/9/1897 4380/9/1905 4381/9/1907
f 4371/9/1906 4372/9/1908 4382/9/1909 4381/9/1907
f 4385/9/1896 4372/9/1908 4371/9/1906
f 4386/9/1897 4381/9/1907 4382/9/1909
f 4372/9/1908 4373/9/1910 4383/9/1911 4382/9/1909
f 4385/9/1896 4373/9/1910 4372/9/1908
f 4386/9/1897 4382/9/1909 4383/9/1911
f 4373/9/1910 4374/9/1912 4384/9/1913 4383/9/1911
f 4385/9/1896 4374/9/1912 4373/9/1910
f 4386/9/1897 4383/9/1911 4384/9/1913
f 4374/9/1912 4365/9/1892 4375/9/1895 4384/9/1913
f 4385/9/1896 4365/9/1892 4374/9/1912
f 4386/9/1897 4384/9/1913 4375/9/1895
f 4387/9/1914 4388/9/1915 4398/9/1916 4397/9/1917
f 4407/9/1918 4388/9/1915 4387/9/1914
f 4408/9/1919 4397/9/1917 4398/9/1916
f 4388/9/1915 4389/9/1920 4399/9/1921 4398/9/1916
f 4407/9/1918 4389/9/1920 4388/9/1915
f 4408/9/1919 4398/9/1916 4399/9/1921
f 4389/9/1920 4390/9/1922 4400/9/1923 4399/9/1921
f 4407/9/1918 4390/9/1922 4389/9/1920
f 4408/9/1919 4399/9/1921 4400/9/1923
f 4390/9/1922 4391/9/1924 4401/9/1925 4400/9/1923
f 4407/9/1918 4391/9/1924 4390/9/1922
f 4408/9/1919 4400/9/1923 4401/9/1925
f 4391/9/1924 4392/9/1926 4402/9/1927 4401/9/1925
f 4407/9/1918 4392/9/1926 4391/9/1924
f 4408/9/1919 4401/9/1925 4402/9/1927
f 4392/9/1926 4393/9/1928 4403/9/1929 4402/9/1927
f 4407/9/1918 4393/9/1928 4392/9/1926
f 4408/9/1919 4402/9/1927 4403/9/1929
f 4393/9/1928 4394/9/1930 4404/9/1931 4403/9/1929
f 4407/9/1918 4394/9/1930 4393/9/1928
f 4408/9/1919 4403/9/1929 4404/9/1931
f 4394/9/1930 4395/9/1932 4405/9/1933 4404/9/1931
f 4407/9/1918 4395/9/1932 4394/9/1930
f 4408/9/1919 4404/9/1931 4405/9/1933
f 4395/9/1932 4396/9/1934 4406/9/1935 4405/9/1933
f 4407/9/1918 4396/9/1934 4395/9/1932
f 4408/9/1919 4405/9/1933 4406/9/1935
f 4396/9/1934 4387/9/1914 4397/9/1917 4406/9/1935
f 4407/9/1918 4387/9/1914 4396/9/1934
f 4408/9/1919 4406/9/1935 4397/9/1917
f 4409/9/1936 4410/9/1937 4420/9/1938 4419/9/1939
f 4429/9/1940 4410/9/1937 4409/9/1936
f 4430/9/1941 4419/9/1939 4420/9/1938
f 4410/9/1937 4411/9/1942 4421/9/1943 4420/9/1938
f 4429/9/1940 4411/9/1942 4410/9/1937
f 4430/9/1941 4420/9/1938 4421/9/1943
f 4411/9/1942 4412/9/1944 4422/9/1945 4421/9/1943
f 4429/9/1940 4412/9/1944 4411/9/1942
f 4430/9/1941 4421/9/1943 4422/9/1945
f 4412/9/1944 4413/9/1946 4423/9/1947 4422/9/1945
f 4429/9/1940 4413/9/1946 4412/9/1944
f 4430/9/1941 4422/9/1945 4423/9/1947
f 4413/9/1946 4414/9/1948 4424/9/1949 4423/9/1947
f 4429/9/1940 4414/9/1948 4413/9/1946
f 4430/9/1941 4423/9/1947 4424/9/1949
f 4414/9/1948 4415/9/1950 4425/9/1951 4424/9/1949
f 4429/9/1940 4415/9/1950 4414/9/1948
f 4430/9/1941 4424/9/1949 4425/9/1951
f 4415/9/1950 4416/9/1952 4426/9/1953 4425/9/1951
f 4429/9/1940 4416/9/1952 4415/9/1950
f 4430/9/1941 4425/9/1951 4426/9/1953
f 4416/9/1952 4417/9/1954 4427/9/1955 4426/9/1953
f 4429/9/1940 4417/9/1954 4416/9/1952
f 4430/9/1941 4426/9/1953 4427/9/1955
f 4417/9/1954 4418/9/1956 4428/9/1957 4427/9/1955
f 4429/9/1940 4418/9/1956 4417/9/1954
f 4430/9/1941 4427/9/1955 4428/9/1957
f 4418/9/1956 4409/9/1936 4419/9/1939 4428/9/1957
f 4429/9/1940 4409/9/1936 4418/9/1956
f 4430/9/1941 4428/9/1957 4419/9/1939
f 4431/9/1958 4432/9/1959 4442/9/1960 4441/9/1961
f 4451/9/1962 4432/9/1959 4431/9/1958
f 4452/9/1963 4441/9/1961 4442/9/1960
f 4432/9/1959 4433/9/1964 4443/9/1965 4442/9/1960
f 4451/9/1962 4433/9/1964 4432/9/1959
f 4452/9/1963 4442/9/1960 4443/9/1965
f 4433/9/1964 4434/9/1966 4444/9/1967 4443/9/1965
f 4451/9/1962 4434/9/1966 4433/9/1964
f 4452/9/1963 4443/9/1965 4444/9/1967
f 4434/9/1966 4435/9/1968 4445/9/1969 4444/9/1967
f 4451/9/1962 4435/9/1968 4434/9/1966
f 4452/9/1963 4444/9/1967 4445/9/1969
f 4435/9/1968 4436/9/1970 4446/9/1971 4445/9/1969
f 4451/9/1962 4436/9/1970 4435/9/1968
f 4452/9/1963 4445/9/1969 4446/9/1971
f 4436/9/1970 4437/9/1972 4447/9/1973 4446/9/1971
f 4451/9/1962 4437/9/1972 4436/9/1970
f 4452/9/1963 4446/9/1971 4447/9/1973
f 4437/9/1972 4438/9/1974 4448/9/1975 4447/9/1973
f 4451/9/1962 4438/9/1974 4437/9/1972
f 4452/9/1963 4447/9/1973 4448/9/1975
f 4438/9/1974 4439/9/1976 4449/9/1977 4448/9/1975
f 4451/9/1962 4439/9/1976 4438/9/1974
f 4452/9/1963 4448/9/1975 4449/9/1977
f 4439/9/1976 4440/9/1978 4450/9/1979 4449/9/1977
f 4451/9/1962 4440/9/1978 4439/9/1976
f 4452/9/1963 4449/9/1977 4450/9/1979
f 4440/9/1978 4431/9/1958 4441/9/1961 4450/9/1979
f 4451/9/1962 4431/9/1958 4440/9/1978
f 4452/9/1963 4450/9/1979 4441/9/1961
f 4453/9/1980 4454/9/1981 4464/9/1982 4463/9/1983
f 4473/9/1984 4454/9/1981 4453/9/1980
f 4474/9/1985 4463/9/1983 4464/9/1982
f 4454/9/1981 4455/9/1986 4465/9/1987 4464/9/1982
f 4473/9/1984 4455/9/1986 4454/9/1981
f 4474/9/1985 4464/9/1982 4465/9/1987
f 4455/9/1986 4456/9/1988 4466/9/1989 4465/9/1987
f 4473/9/1984 4456/9/1988 4455/9/1986
f 4474/9/1985 4465/9/1987 4466/9/1989
f 4456/9/1988 4457/9/1990 4467/9/1991 4466/9/1989
f 4473/9/1984 4457/9/1990 4456/9/1988
f 4474/9/1985 4466/9/1989 4467/9/1991
f 4457/9/1990 4458/9/1992 4468/9/1993 4467/9/1991
f 4473/9/1984 4458/9/1992 4457/9/1990
f 4474/9/1985 4467/9/1991 4468/9/1993
f 4458/9/1992 4459/9/1994 4469/9/1995 4468/9/1993
f 4473/9/1984 4459/9/1994 4458/9/1992
f 4474/9/1985 4468/9/1993 4469/9/1995
f 4459/9/1994 4460/9/1996 4470/9/1997 4469/9/1995
f 4473/9/1984 4460/9/1996 4459/9/1994
f 4474/9/1985 4469/9/1995 4470/9/1997
f 4460/9/1996 4461/9/1998 4471/9/1999 4470/9/1997
f 4473/9/1984 4461/9/1998 4460/9/1996
f 4474/9/1985 4470/9/1997 4471/9/1999
f 4461/9/1998 4462/9/2000 4472/9/2001 4471/9/1999
f 4473/9/1984 4462/9/2000 4461/9/1998
f 4474/9/1985 4471/9/1999 4472/9/2001
f 4462/9/2000 4453/9/1980 4463/9/1983 4472/9/2001
f 4473/9/1984 4453/9/1980 4462/9/2000
f 4474/9/1985 4472/9/2001 4463/9/1983
f 4559/9/1671 4476/9/2002 4475/9/2003
f 4560/9/1668 4547/9/2004 4548/9/2005
f 4559/9/1671 4477/9/2006 4476/9/2002
f 4560/9/1668 4548/9/2005 4549/9/2007
f 4559/9/1671 4478/9/2008 4477/9/2006
f 4560/9/1668 4549/9/2007 4550/9/2009
f 4559/9/1671 4479/9/2010 4478/9/2008
f 4560/9/1668 4550/9/2009 4551/9/2011
f 4559/9/1671 4480/9/2012 4479/9/2010
f 4560/9/1668 4551/9/2011 4552/9/2013
f 4559/9/1671 4481/9/2014 4480/9/2012
f 4560/9/1668 4552/9/2013 4553/9/2015
f 4559/9/1671 4482/9/2016 4481/9/2014
f 4560/9/1668 4553/9/2015 4554/9/2017
f 4559/9/1671 4483/9/2018 4482/9/2016
f 4560/9/1668 4554/9/2017 4555/9/2019
f 4559/9/1671 4484/9/2020 4483/9/2018
f 4560/9/1668 4555/9/2019 4556/9/2021
f 4559/9/1671 4485/9/2022 4484/9/2020
f 4560/9/1668 4556/9/2021 4557/9/2023
f 4559/9/1671 4486/9/2024 4485/9/2022
f 4560/9/1668 4557/9/2023 4558/9/2025
f 4559/9/1671 4475/9/2003 4486/9/2024
f 4560/9/1668 4558/9/2025 4547/9/2004
f 4475/9/2003 4476/9/2002 4488/9/2026 4487/9/2027
f 4476/9/2002 4477/9/2006 4489/9/2028 4488/9/2026
f 4477/9/2006 4478/9/2008 4490/9/2029 4489/9/2028
f 4478/9/2008 4479/9/2010 4491/9/2030 4490/9/2029
f 4479/9/2010 4480/9/2012 4492/9/2031 4491/9/2030
f 4480/9/2012 4481/9/2014 4493/9/2032 4492/9/2031
f 4481/9/2014 4482/9/2016 4494/9/2033 4493/9/2032
f 4482/9/2016 4483/9/2018 4495/9/2034 4494/9/2033
f 4483/9/2018 4484/9/2020 4496/9/2035 4495/9/2034
f 4484/9/2020 4485/9/2022 4497/9/2036 4496/9/2035
f 4485/9/2022 4486/9/2024 4498/9/2037 4497/9/2036
f 4486/9/2024 4475/9/2003 4487/9/2027 4498/9/2037
f 4487/9/2027 4488/9/2026 4500/9/2038 4499/9/2039
f 4488/9/2026 4489/9/2028 4501/9/2040 4500/9/2038
f 4489/9/2028 4490/9/2029 4502/9/2041 4501/9/2040
f 4490/9/2029 4491/9/2030 4503/9/2042 4502/9/2041
f 4491/9/2030 4492/9/2031 4504/9/2043 4503/9/2042
f 4492/9/2031 4493/9/2032 4505/9/2044 4504/9/2043
f 4493/9/2032 4494/9/2033 4506/9/2045 4505/9/2044
f 4494/9/2033 4495/9/2034 4507/9/2046 4506/9/2045
f 4495/9/2034 4496/9/2035 4508/9/2047 4507/9/2046
f 4496/9/2035 4497/9/2036 4509/9/2048 4508/9/2047
f 4497/9/2036 4498/9/2037 4510/9/2049 4509/9/2048
f 4498/9/2037 4487/9/2027 4499/9/2039 4510/9/2049
f 4499/9/2039 4500/9/2038 4512/9/2050 4511/9/1527
f 4500/9/2038 4501/9/2040 4513/9/2051 4512/9/2050
f 4501/9/2040 4502/9/2041 4514/9/1616 4513/9/2051
f 4502/9/2041 4503/9/2042 4515/9/2052 4514/9/1616
f 4503/9/2042 4504/9/2043 4516/9/2053 4515/9/2052
f 4504/9/2043 4505/9/2044 4517/9/1530 4516/9/2053
f 4505/9/2044 4506/9/2045 4518/9/2054 4517/9/1530
f 4506/9/2045 4507/9/2046 4519/9/2055 4518/9/2054
f 4507/9/2046 4508/9/2047 4520/9/1609 4519/9/2055
f 4508/9/2047 4509/9/2048 4521/9/2056 4520/9/1609
f 4509/9/2048 4510/9/2049 4522/9/2057 4521/9/2056
f 4510/9/2049 4499/9/2039 4511/9/1527 4522/9/2057
f 4511/9/1527 4512/9/2050 4524/9/2058 4523/9/2059
f 4512/9/2050 4513/9/2051 4525/9/2060 4524/9/2058
f 4513/9/2051 4514/9/1616 4526/9/2061 4525/9/2060
f 4514/9/1616 4515/9/2052 4527/9/2062 4526/9/2061
f 4515/9/2052 4516/9/2053 4528/9/2063 4527/9/2062
f 4516/9/2053 4517/9/1530 4529/9/2064 4528/9/2063
f 4517/9/1530 4518/9/2054 4530/9/2065 4529/9/2064
f 4518/9/2054 4519/9/2055 4531/9/2066 4530/9/2065
f 4519/9/2055 4520/9/1609 4532/9/2067 4531/9/2066
f 4520/9/1609 4521/9/2056 4533/9/2068 4532/9/2067
f 4521/9/2056 4522/9/2057 4534/9/2069 4533/9/2068
f 4522/9/2057 4511/9/1527 4523/9/2059 4534/9/2069
f 4523/9/2059 4524/9/2058 4536/9/2070 4535/9/2071
f 4524/9/2058 4525/9/2060 4537/9/2072 4536/9/2070
f 4525/9/2060 4526/9/2061 4538/9/2073 4537/9/2072
f 4526/9/2061 4527/9/2062 4539/9/2074 4538/9/2073
f 4527/9/2062 4528/9/2063 4540/9/2075 4539/9/2074
f 4528/9/2063 4529/9/2064 4541/9/2076 4540/9/2075
f 4529/9/2064 4530/9/2065 4542/9/2077 4541/9/2076
f 4530/9/2065 4531/9/2066 4543/9/2078 4542/9/2077
f 4531/9/2066 4532/9/2067 4544/9/2079 4543/9/2078
f 4532/9/2067 4533/9/2068 4545/9/2080 4544/9/2079
f 4533/9/2068 4534/9/2069 4546/9/2081 4545/9/2080
f 4534/9/2069 4523/9/2059 4535/9/2071 4546/9/2081
f 4535/9/2071 4536/9/2070 4548/9/2005 4547/9/2004
f 4536/9/2070 4537/9/2072 4549/9/2007 4548/9/2005
f 4537/9/2072 4538/9/2073 4550/9/2009 4549/9/2007
f 4538/9/2073 4539/9/2074 4551/9/2011 4550/9/2009
f 4539/9/2074 4540/9/2075 4552/9/2013 4551/9/2011
f 4540/9/2075 4541/9/2076 4553/9/2015 4552/9/2013
f 4541/9/2076 4542/9/2077 4554/9/2017 4553/9/2015
f 4542/9/2077 4543/9/2078 4555/9/2019 4554/9/2017
f 4543/9/2078 4544/9/2079 4556/9/2021 4555/9/2019
f 4544/9/2079 4545/9/2080 4557/9/2023 4556/9/2021
f 4545/9/2080 4546/9/2081 4558/9/2025 4557/9/2023
f 4546/9/2081 4535/9/2071 4547/9/2004 4558/9/2025
f 4561/9/1519 4562/9/1522 4564/9/1524 4563/9/1523
f 4565/9/1520 4567/9/1526 4568/9/1525 4566/9/1521
f 4561/9/1519 4565/9/1520 4566/9/1521 4562/9/1522
f 4563/9/1523 4564/9/1524 4568/9/1525 4567/9/1526
f 4561/9/1519 4563/9/1523 4567/9/1526 4565/9/1520
f 4562/9/1522 4566/9/1521 4568/9/1525 4564/9/1524
usemtl chain.004
f 4647/9/2122 4648/9/2123 4654/9/2124 4653/9/2125
f 4659/9/1616 4648/9/2123 4647/9/2122
f 4660/9/1609 4653/9/2125 4654/9/2124
f 4648/9/2123 4649/9/2126 4655/9/2127 4654/9/2124
f 4659/9/1616 4649/9/2126 4648/9/2123
f 4660/9/1609 4654/9/2124 4655/9/2127
f 4649/9/2126 4650/9/2128 4656/9/2129 4655/9/2127
f 4659/9/1616 4650/9/2128 4649/9/2126
f 4660/9/1609 4655/9/2127 4656/9/2129
f 4650/9/2128 4651/9/2130 4657/9/2131 4656/9/2129
f 4659/9/1616 4651/9/2130 4650/9/2128
f 4660/9/1609 4656/9/2129 4657/9/2131
f 4651/9/2130 4652/9/2132 4658/9/2133 4657/9/2131
f 4659/9/1616 4652/9/2132 4651/9/2130
f 4660/9/1609 4657/9/2131 4658/9/2133
f 4652/9/2132 4647/9/2122 4653/9/2125 4658/9/2133
f 4659/9/1616 4647/9/2122 4652/9/2132
f 4660/9/1609 4658/9/2133 4653/9/2125
f 4661/9/2122 4662/9/2123 4668/9/2124 4667/9/2125
f 4673/9/1616 4662/9/2123 4661/9/2122
f 4674/9/1609 4667/9/2125 4668/9/2124
f 4662/9/2123 4663/9/2126 4669/9/2127 4668/9/2124
f 4673/9/1616 4663/9/2126 4662/9/2123
f 4674/9/1609 4668/9/2124 4669/9/2127
f 4663/9/2126 4664/9/2128 4670/9/2129 4669/9/2127
f 4673/9/1616 4664/9/2128 4663/9/2126
f 4674/9/1609 4669/9/2127 4670/9/2129
f 4664/9/2128 4665/9/2130 4671/9/2131 4670/9/2129
f 4673/9/1616 4665/9/2130 4664/9/2128
f 4674/9/1609 4670/9/2129 4671/9/2131
f 4665/9/2130 4666/9/2132 4672/9/2133 4671/9/2131
f 4673/9/1616 4666/9/2132 4665/9/2130
f 4674/9/1609 4671/9/2131 4672/9/2133
f 4666/9/2132 4661/9/2122 4667/9/2125 4672/9/2133
f 4673/9/1616 4661/9/2122 4666/9/2132
f 4674/9/1609 4672/9/2133 4667/9/2125
f 4675/9/2122 4676/9/2123 4682/9/2124 4681/9/2125
f 4687/9/1616 4676/9/2123 4675/9/2122
f 4688/9/1609 4681/9/2125 4682/9/2124
f 4676/9/2123 4677/9/2126 4683/9/2127 4682/9/2124
f 4687/9/1616 4677/9/2126 4676/9/2123
f 4688/9/1609 4682/9/2124 4683/9/2127
f 4677/9/2126 4678/9/2128 4684/9/2129 4683/9/2127
f 4687/9/1616 4678/9/2128 4677/9/2126
f 4688/9/1609 4683/9/2127 4684/9/2129
f 4678/9/2128 4679/9/2130 4685/9/2131 4684/9/2129
f 4687/9/1616 4679/9/2130 4678/9/2128
f 4688/9/1609 4684/9/2129 4685/9/2131
f 4679/9/2130 4680/9/2132 4686/9/2133 4685/9/2131
f 4687/9/1616 4680/9/2132 4679/9/2130
f 4688/9/1609 4685/9/2131 4686/9/2133
f 4680/9/2132 4675/9/2122 4681/9/2125 4686/9/2133
f 4687/9/1616 4675/9/2122 4680/9/2132
f 4688/9/1609 4686/9/2133 4681/9/2125
f 4689/9/2122 4690/9/2123 4696/9/2124 4695/9/2125
f 4701/9/1616 4690/9/2123 4689/9/2122
f 4702/9/1609 4695/9/2125 4696/9/2124
f 4690/9/2123 4691/9/2126 4697/9/2127 4696/9/2124
f 4701/9/1616 4691/9/2126 4690/9/2123
f 4702/9/1609 4696/9/2124 4697/9/2127
f 4691/9/2126 4692/9/2128 4698/9/2129 4697/9/2127
f 4701/9/1616 4692/9/2128 4691/9/2126
f 4702/9/1609 4697/9/2127 4698/9/2129
f 4692/9/2128 4693/9/2130 4699/9/2131 4698/9/2129
f 4701/9/1616 4693/9/2130 4692/9/2128
f 4702/9/1609 4698/9/2129 4699/9/2131
f 4693/9/2130 4694/9/2132 4700/9/2133 4699/9/2131
f 4701/9/1616 4694/9/2132 4693/9/2130
f 4702/9/1609 4699/9/2131 4700/9/2133
f 4694/9/2132 4689/9/2122 4695/9/2125 4700/9/2133
f 4701/9/1616 4689/9/2122 4694/9/2132
f 4702/9/1609 4700/9/2133 4695/9/2125
f 4703/9/2122 4704/9/2123 4710/9/2124 4709/9/2125
f 4715/9/1616 4704/9/2123 4703/9/2122
f 4716/9/1609 4709/9/2125 4710/9/2124
f 4704/9/2123 4705/9/2126 4711/9/2127 4710/9/2124
f 4715/9/1616 4705/9/2126 4704/9/2123
f 4716/9/1609 4710/9/2124 4711/9/2127
f 4705/9/2126 4706/9/2128 4712/9/2129 4711/9/2127
f 4715/9/1616 4706/9/2128 4705/9/2126
f 4716/9/1609 4711/9/2127 4712/9/2129
f 4706/9/2128 4707/9/2130 4713/9/2131 4712/9/2129
f 4715/9/1616 4707/9/2130 4706/9/2128
f 4716/9/1609 4712/9/2129 4713/9/2131
f 4707/9/2130 4708/9/2132 4714/9/2133 4713/9/2131
f 4715/9/1616 4708/9/2132 4707/9/2130
f 4716/9/1609 4713/9/2131 4714/9/2133
f 4708/9/2132 4703/9/2122 4709/9/2125 4714/9/2133
f 4715/9/1616 4703/9/2122 4708/9/2132
f 4716/9/1609 4714/9/2133 4709/9/2125
f 4717/9/2122 4718/9/2123 4724/9/2124 4723/9/2125
f 4729/9/1616 4718/9/2123 4717/9/2122
f 4730/9/1609 4723/9/2125 4724/9/2124
f 4718/9/2123 4719/9/2126 4725/9/2127 4724/9/2124
f 4729/9/1616 4719/9/2126 4718/9/2123
f 4730/9/1609 4724/9/2124 4725/9/2127
f 4719/9/2126 4720/9/2128 4726/9/2129 4725/9/2127
f 4729/9/1616 4720/9/2128 4719/9/2126
f 4730/9/1609 4725/9/2127 4726/9/2129
f 4720/9/2128 4721/9/2130 4727/9/2131 4726/9/2129
f 4729/9/1616 4721/9/2130 4720/9/2128
f 4730/9/1609 4726/9/2129 4727/9/2131
f 4721/9/2130 4722/9/2132 4728/9/2133 4727/9/2131
f 4729/9/1616 4722/9/2132 4721/9/2130
f 4730/9/1609 4727/9/2131 4728/9/2133
f 4722/9/2132 4717/9/2122 4723/9/2125 4728/9/2133
f 4729/9/1616 4717/9/2122 4722/9/2132
f 4730/9/1609 4728/9/2133 4723/9/2125
f 4731/9/2122 4732/9/2123 4738/9/2124 4737/9/2125
f 4743/9/1616 4732/9/2123 4731/9/2122
f 4744/9/1609 4737/9/2125 4738/9/2124
f 4732/9/2123 4733/9/2126 4739/9/2127 4738/9/2124
f 4743/9/1616 4733/9/2126 4732/9/2123
f 4744/9/1609 4738/9/2124 4739/9/2127
f 4733/9/2126 4734/9/2128 4740/9/2129 4739/9/2127
f 4743/9/1616 4734/9/2128 4733/9/2126
f 4744/9/1609 4739/9/2127 4740/9/2129
f 4734/9/2128 4735/9/2130 4741/9/2131 4740/9/2129
f 4743/9/1616 4735/9/2130 4734/9/2128
f 4744/9/1609 4740/9/2129 4741/9/2131
f 4735/9/2130 4736/9/2132 4742/9/2133 4741/9/2131
f 4743/9/1616 4736/9/2132 4735/9/2130
f 4744/9/1609 4741/9/2131 4742/9/2133
f 4736/9/2132 4731/9/2122 4737/9/2125 4742/9/2133
f 4743/9/1616 4731/9/2122 4736/9/2132
f 4744/9/1609 4742/9/2133 4737/9/2125
f 4745/9/2122 4746/9/2123 4752/9/2124 4751/9/2125
f 4757/9/1616 4746/9/2123 4745/9/2122
f 4758/9/1609 4751/9/2125 4752/9/2124
f 4746/9/2123 4747/9/2126 4753/9/2127 4752/9/2124
f 4757/9/1616 4747/9/2126 4746/9/2123
f 4758/9/1609 4752/9/2124 4753/9/2127
f 4747/9/2126 4748/9/2128 4754/9/2129 4753/9/2127
f 4757/9/1616 4748/9/2128 4747/9/2126
f 4758/9/1609 4753/9/2127 4754/9/2129
f 4748/9/2128 4749/9/2130 4755/9/2131 4754/9/2129
f 4757/9/1616 4749/9/2130 4748/9/2128
f 4758/9/1609 4754/9/2129 4755/9/2131
f 4749/9/2130 4750/9/2132 4756/9/2133 4755/9/2131
f 4757/9/1616 4750/9/2132 4749/9/2130
f 4758/9/1609 4755/9/2131 4756/9/2133
f 4750/9/2132 4745/9/2122 4751/9/2125 4756/9/2133
f 4757/9/1616 4745/9/2122 4750/9/2132
f 4758/9/1609 4756/9/2133 4751/9/2125
f 4759/9/2122 4760/9/2123 4766/9/2124 4765/9/2125
f 4771/9/1616 4760/9/2123 4759/9/2122
f 4772/9/1609 4765/9/2125 4766/9/2124
f 4760/9/2123 4761/9/2126 4767/9/2127 4766/9/2124
f 4771/9/1616 4761/9/2126 4760/9/2123
f 4772/9/1609 4766/9/2124 4767/9/2127
f 4761/9/2126 4762/9/2128 4768/9/2129 4767/9/2127
f 4771/9/1616 4762/9/2128 4761/9/2126
f 4772/9/1609 4767/9/2127 4768/9/2129
f 4762/9/2128 4763/9/2130 4769/9/2131 4768/9/2129
f 4771/9/1616 4763/9/2130 4762/9/2128
f 4772/9/1609 4768/9/2129 4769/9/2131
f 4763/9/2130 4764/9/2132 4770/9/2133 4769/9/2131
f 4771/9/1616 4764/9/2132 4763/9/2130
f 4772/9/1609 4769/9/2131 4770/9/2133
f 4764/9/2132 4759/9/2122 4765/9/2125 4770/9/2133
f 4771/9/1616 4759/9/2122 4764/9/2132
f 4772/9/1609 4770/9/2133 4765/9/2125
f 4773/9/2122 4774/9/2123 4780/9/2124 4779/9/2125
f 4785/9/1616 4774/9/2123 4773/9/2122
f 4786/9/1609 4779/9/2125 4780/9/2124
f 4774/9/2123 4775/9/2126 4781/9/2127 4780/9/2124
f 4785/9/1616 4775/9/2126 4774/9/2123
f 4786/9/1609 4780/9/2124 4781/9/2127
f 4775/9/2126 4776/9/2128 4782/9/2129 4781/9/2127
f 4785/9/1616 4776/9/2128 4775/9/2126
f 4786/9/1609 4781/9/2127 4782/9/2129
f 4776/9/2128 4777/9/2130 4783/9/2131 4782/9/2129
f 4785/9/1616 4777/9/2130 4776/9/2128
f 4786/9/1609 4782/9/2129 4783/9/2131
f 4777/9/2130 4778/9/2132 4784/9/2133 4783/9/2131
f 4785/9/1616 4778/9/2132 4777/9/2130
f 4786/9/1609 4783/9/2131 4784/9/2133
f 4778/9/2132 4773/9/2122 4779/9/2125 4784/9/2133
f 4785/9/1616 4773/9/2122 4778/9/2132
f 4786/9/1609 4784/9/2133 4779/9/2125
f 4787/9/2122 4788/9/2123 4794/9/2124 4793/9/2125
f 4799/9/1616 4788/9/2123 4787/9/2122
f 4800/9/1609 4793/9/2125 4794/9/2124
f 4788/9/2123 4789/9/2126 4795/9/2127 4794/9/2124
f 4799/9/1616 4789/9/2126 4788/9/2123
f 4800/9/1609 4794/9/2124 4795/9/2127
f 4789/9/2126 4790/9/2128 4796/9/2129 4795/9/2127
f 4799/9/1616 4790/9/2128 4789/9/2126
f 4800/9/1609 4795/9/2127 4796/9/2129
f 4790/9/2128 4791/9/2130 4797/9/2131 4796/9/2129
f 4799/9/1616 4791/9/2130 4790/9/2128
f 4800/9/1609 4796/9/2129 4797/9/2131
f 4791/9/2130 4792/9/2132 4798/9/2133 4797/9/2131
f 4799/9/1616 4792/9/2132 4791/9/2130
f 4800/9/1609 4797/9/2131 4798/9/2133
f 4792/9/2132 4787/9/2122 4793/9/2125 4798/9/2133
f 4799/9/1616 4787/9/2122 4792/9/2132
f 4800/9/1609 4798/9/2133 4793/9/2125
f 4801/9/2122 4802/9/2123 4808/9/2124 4807/9/2125
f 4813/9/1616 4802/9/2123 4801/9/2122
f 4814/9/1609 4807/9/2125 4808/9/2124
f 4802/9/2123 4803/9/2126 4809/9/2127 4808/9/2124
f 4813/9/1616 4803/9/2126 4802/9/2123
f 4814/9/1609 4808/9/2124 4809/9/2127
f 4803/9/2126 4804/9/2128 4810/9/2129 4809/9/2127
f 4813/9/1616 4804/9/2128 4803/9/2126
f 4814/9/1609 4809/9/2127 4810/9/2129
f 4804/9/2128 4805/9/2130 4811/9/2131 4810/9/2129
f 4813/9/1616 4805/9/2130 4804/9/2128
f 4814/9/1609 4810/9/2129 4811/9/2131
f 4805/9/2130 4806/9/2132 4812/9/2133 4811/9/2131
f 4813/9/1616 4806/9/2132 4805/9/2130
f 4814/9/1609 4811/9/2131 4812/9/2133
f 4806/9/2132 4801/9/2122 4807/9/2125 4812/9/2133
f 4813/9/1616 4801/9/2122 4806/9/2132
f 4814/9/1609 4812/9/2133 4807/9/2125
f 4815/9/2122 4816/9/2123 4822/9/2124 4821/9/2125
f 4827/9/1616 4816/9/2123 4815/9/2122
f 4828/9/1609 4821/9/2125 4822/9/2124
f 4816/9/2123 4817/9/2126 4823/9/2127 4822/9/2124
f 4827/9/1616 4817/9/2126 4816/9/2123
f 4828/9/1609 4822/9/2124 4823/9/2127
f 4817/9/2126 4818/9/2128 4824/9/2129 4823/9/2127
f 4827/9/1616 4818/9/2128 4817/9/2126
f 4828/9/1609 4823/9/2127 4824/9/2129
f 4818/9/2128 4819/9/2130 4825/9/2131 4824/9/2129
f 4827/9/1616 4819/9/2130 4818/9/2128
f 4828/9/1609 4824/9/2129 4825/9/2131
f 4819/9/2130 4820/9/2132 4826/9/2133 4825/9/2131
f 4827/9/1616 4820/9/2132 4819/9/2130
f 4828/9/1609 4825/9/2131 4826/9/2133
f 4820/9/2132 4815/9/2122 4821/9/2125 4826/9/2133
f 4827/9/1616 4815/9/2122 4820/9/2132
f 4828/9/1609 4826/9/2133 4821/9/2125
f 4829/9/2122 4830/9/2123 4836/9/2124 4835/9/2125
f 4841/9/1616 4830/9/2123 4829/9/2122
f 4842/9/1609 4835/9/2125 4836/9/2124
f 4830/9/2123 4831/9/2126 4837/9/2127 4836/9/2124
f 4841/9/1616 4831/9/2126 4830/9/2123
f 4842/9/1609 4836/9/2124 4837/9/2127
f 4831/9/2126 4832/9/2128 4838/9/2129 4837/9/2127
f 4841/9/1616 4832/9/2128 4831/9/2126
f 4842/9/1609 4837/9/2127 4838/9/2129
f 4832/9/2128 4833/9/2130 4839/9/2131 4838/9/2129
f 4841/9/1616 4833/9/2130 4832/9/2128
f 4842/9/1609 4838/9/2129 4839/9/2131
f 4833/9/2130 4834/9/2132 4840/9/2133 4839/9/2131
f 4841/9/1616 4834/9/2132 4833/9/2130
f 4842/9/1609 4839/9/2131 4840/9/2133
f 4834/9/2132 4829/9/2122 4835/9/2125 4840/9/2133
f 4841/9/1616 4829/9/2122 4834/9/2132
f 4842/9/1609 4840/9/2133 4835/9/2125
f 4843/9/2122 4844/9/2123 4850/9/2124 4849/9/2125
f 4855/9/1616 4844/9/2123 4843/9/2122
f 4856/9/1609 4849/9/2125 4850/9/2124
f 4844/9/2123 4845/9/2126 4851/9/2127 4850/9/2124
f 4855/9/1616 4845/9/2126 4844/9/2123
f 4856/9/1609 4850/9/2124 4851/9/2127
f 4845/9/2126 4846/9/2128 4852/9/2129 4851/9/2127
f 4855/9/1616 4846/9/2128 4845/9/2126
f 4856/9/1609 4851/9/2127 4852/9/2129
f 4846/9/2128 4847/9/2130 4853/9/2131 4852/9/2129
f 4855/9/1616 4847/9/2130 4846/9/2128
f 4856/9/1609 4852/9/2129 4853/9/2131
f 4847/9/2130 4848/9/2132 4854/9/2133 4853/9/2131
f 4855/9/1616 4848/9/2132 4847/9/2130
f 4856/9/1609 4853/9/2131 4854/9/2133
f 4848/9/2132 4843/9/2122 4849/9/2125 4854/9/2133
f 4855/9/1616 4843/9/2122 4848/9/2132
f 4856/9/1609 4854/9/2133 4849/9/2125
f 4857/9/2122 4858/9/2123 4864/9/2124 4863/9/2125
f 4869/9/1616 4858/9/2123 4857/9/2122
f 4870/9/1609 4863/9/2125 4864/9/2124
f 4858/9/2123 4859/9/2126 4865/9/2127 4864/9/2124
f 4869/9/1616 4859/9/2126 4858/9/2123
f 4870/9/1609 4864/9/2124 4865/9/2127
f 4859/9/2126 4860/9/2128 4866/9/2129 4865/9/2127
f 4869/9/1616 4860/9/2128 4859/9/2126
f 4870/9/1609 4865/9/2127 4866/9/2129
f 4860/9/2128 4861/9/2130 4867/9/2131 4866/9/2129
f 4869/9/1616 4861/9/2130 4860/9/2128
f 4870/9/1609 4866/9/2129 4867/9/2131
f 4861/9/2130 4862/9/2132 4868/9/2133 4867/9/2131
f 4869/9/1616 4862/9/2132 4861/9/2130
f 4870/9/1609 4867/9/2131 4868/9/2133
f 4862/9/2132 4857/9/2122 4863/9/2125 4868/9/2133
f 4869/9/1616 4857/9/2122 4862/9/2132
f 4870/9/1609 4868/9/2133 4863/9/2125
f 4871/9/2122 4872/9/2123 4878/9/2124 4877/9/2125
f 4883/9/1616 4872/9/2123 4871/9/2122
f 4884/9/1609 4877/9/2125 4878/9/2124
f 4872/9/2123 4873/9/2126 4879/9/2127 4878/9/2124
f 4883/9/1616 4873/9/2126 4872/9/2123
f 4884/9/1609 4878/9/2124 4879/9/2127
f 4873/9/2126 4874/9/2128 4880/9/2129 4879/9/2127
f 4883/9/1616 4874/9/2128 4873/9/2126
f 4884/9/1609 4879/9/2127 4880/9/2129
f 4874/9/2128 4875/9/2130 4881/9/2131 4880/9/2129
f 4883/9/1616 4875/9/2130 4874/9/2128
f 4884/9/1609 4880/9/2129 4881/9/2131
f 4875/9/2130 4876/9/2132 4882/9/2133 4881/9/2131
f 4883/9/1616 4876/9/2132 4875/9/2130
f 4884/9/1609 4881/9/2131 4882/9/2133
f 4876/9/2132 4871/9/2122 4877/9/2125 4882/9/2133
f 4883/9/1616 4871/9/2122 4876/9/2132
f 4884/9/1609 4882/9/2133 4877/9/2125
f 4885/9/2122 4886/9/2123 4892/9/2124 4891/9/2125
f 4897/9/1616 4886/9/2123 4885/9/2122
f 4898/9/1609 4891/9/2125 4892/9/2124
f 4886/9/2123 4887/9/2126 4893/9/2127 4892/9/2124
f 4897/9/1616 4887/9/2126 4886/9/2123
f 4898/9/1609 4892/9/2124 4893/9/2127
f 4887/9/2126 4888/9/2128 4894/9/2129 4893/9/2127
f 4897/9/1616 4888/9/2128 4887/9/2126
f 4898/9/1609 4893/9/2127 4894/9/2129
f 4888/9/2128 4889/9/2130 4895/9/2131 4894/9/2129
f 4897/9/1616 4889/9/2130 4888/9/2128
f 4898/9/1609 4894/9/2129 4895/9/2131
f 4889/9/2130 4890/9/2132 4896/9/2133 4895/9/2131
f 4897/9/1616 4890/9/2132 4889/9/2130
f 4898/9/1609 4895/9/2131 4896/9/2133
f 4890/9/2132 4885/9/2122 4891/9/2125 4896/9/2133
f 4897/9/1616 4885/9/2122 4890/9/2132
f 4898/9/1609 4896/9/2133 4891/9/2125
f 4997/9/1530 5003/9/2182 5004/9/2183 4998/9/2184
f 4998/9/2184 5004/9/2183 5005/9/2185 4999/9/2186
f 4999/9/2186 5005/9/2185 5006/9/2187 5000/9/1527
f 5000/9/1527 5006/9/2187 5007/9/2188 5001/9/2189
f 5001/9/2189 5007/9/2188 5008/9/2190 5002/9/2191
f 5002/9/2191 5008/9/2190 5003/9/2182 4997/9/1530
f 5003/9/2182 5009/9/2192 5010/9/2193 5004/9/2183
f 5004/9/2183 5010/9/2193 5011/9/2194 5005/9/2185
f 5005/9/2185 5011/9/2194 5012/9/2195 5006/9/2187
f 5006/9/2187 5012/9/2195 5013/9/2196 5007/9/2188
f 5007/9/2188 5013/9/2196 5014/9/2197 5008/9/2190
f 5008/9/2190 5014/9/2197 5009/9/2192 5003/9/2182
f 5009/9/2192 5015/9/1671 5016/9/2198 5010/9/2193
f 5010/9/2193 5016/9/2198 5017/9/2199 5011/9/2194
f 5011/9/2194 5017/9/2199 5018/9/1668 5012/9/2195
f 5012/9/2195 5018/9/1668 5019/9/2200 5013/9/2196
f 5013/9/2196 5019/9/2200 5020/9/2201 5014/9/2197
f 5014/9/2197 5020/9/2201 5015/9/1671 5009/9/2192
f 5015/9/1671 5021/9/2202 5022/9/2203 5016/9/2198
f 5016/9/2198 5022/9/2203 5023/9/2204 5017/9/2199
f 5017/9/2199 5023/9/2204 5024/9/2205 5018/9/1668
f 5018/9/1668 5024/9/2205 5025/9/2206 5019/9/2200
f 5019/9/2200 5025/9/2206 5026/9/2207 5020/9/2201
f 5020/9/2201 5026/9/2207 5021/9/2202 5015/9/1671
f 5021/9/2202 5027/9/2208 5028/9/2209 5022/9/2203
f 5022/9/2203 5028/9/2209 5029/9/2210 5023/9/2204
f 5023/9/2204 5029/9/2210 5030/9/2211 5024/9/2205
f 5024/9/2205 5030/9/2211 5031/9/2212 5025/9/2206
f 5025/9/2206 5031/9/2212 5032/9/2213 5026/9/2207
f 5026/9/2207 5032/9/2213 5027/9/2208 5021/9/2202
f 5027/9/2208 5033/9/1527 5034/9/2214 5028/9/2209
f 5028/9/2209 5034/9/2214 5035/9/2215 5029/9/2210
f 5029/9/2210 5035/9/2215 5036/9/1530 5030/9/2211
f 5030/9/2211 5036/9/1530 5037/9/2216 5031/9/2212
f 5031/9/2212 5037/9/2216 5038/9/2217 5032/9/2213
f 5032/9/2213 5038/9/2217 5033/9/1527 5027/9/2208
f 5033/9/1527 5039/9/2218 5040/9/2219 5034/9/2214
f 5034/9/2214 5040/9/2219 5041/9/2220 5035/9/2215
f 5035/9/2215 5041/9/2220 5042/9/2221 5036/9/1530
f 5036/9/1530 5042/9/2221 5043/9/2222 5037/9/2216
f 5037/9/2216 5043/9/2222 5044/9/2223 5038/9/2217
f 5038/9/2217 5044/9/2223 5039/9/2218 5033/9/1527
f 5039/9/2218 5045/9/2224 5046/9/2225 5040/9/2219
f 5040/9/2219 5046/9/2225 5047/9/2226 5041/9/2220
f 5041/9/2220 5047/9/2226 5048/9/2227 5042/9/2221
f 5042/9/2221 5048/9/2227 5049/9/2228 5043/9/2222
f 5043/9/2222 5049/9/2228 5050/9/2229 5044/9/2223
f 5044/9/2223 5050/9/2229 5045/9/2224 5039/9/2218
f 5045/9/2224 5051/9/1668 5052/9/2230 5046/9/2225
f 5046/9/2225 5052/9/2230 5053/9/2231 5047/9/2226
f 5047/9/2226 5053/9/2231 5054/9/1671 5048/9/2227
f 5048/9/2227 5054/9/1671 5055/9/2232 5049/9/2228
f 5049/9/2228 5055/9/2232 5056/9/2233 5050/9/2229
f 5050/9/2229 5056/9/2233 5051/9/1668 5045/9/2224
f 5051/9/1668 5057/9/2234 5058/9/2235 5052/9/2230
f 5052/9/2230 5058/9/2235 5059/9/2236 5053/9/2231
f 5053/9/2231 5059/9/2236 5060/9/2237 5054/9/1671
f 5054/9/1671 5060/9/2237 5061/9/2238 5055/9/2232
f 5055/9/2232 5061/9/2238 5062/9/2239 5056/9/2233
f 5056/9/2233 5062/9/2239 5057/9/2234 5051/9/1668
f 5057/9/2234 5063/9/2240 5064/9/2241 5058/9/2235
f 5058/9/2235 5064/9/2241 5065/9/2242 5059/9/2236
f 5059/9/2236 5065/9/2242 5066/9/2243 5060/9/2237
f 5060/9/2237 5066/9/2243 5067/9/2244 5061/9/2238
f 5061/9/2238 5067/9/2244 5068/9/2245 5062/9/2239
f 5062/9/2239 5068/9/2245 5063/9/2240 5057/9/2234
f 5063/9/2240 4997/9/1530 4998/9/2184 5064/9/2241
f 5064/9/2241 4998/9/2184 4999/9/2186 5065/9/2242
f 5065/9/2242 4999/9/2186 5000/9/1527 5066/9/2243
f 5066/9/2243 5000/9/1527 5001/9/2189 5067/9/2244
f 5067/9/2244 5001/9/2189 5002/9/2191 5068/9/2245
f 5068/9/2245 5002/9/2191 4997/9/1530 5063/9/2240
f 5069/9/1530 5075/9/2246 5076/9/2247 5070/9/2248
f 5070/9/2248 5076/9/2247 5077/9/2249 5071/9/2250
f 5071/9/2250 5077/9/2249 5078/9/2251 5072/9/1527
f 5072/9/1527 5078/9/2251 5079/9/2252 5073/9/2253
f 5073/9/2253 5079/9/2252 5080/9/2254 5074/9/2255
f 5074/9/2255 5080/9/2254 5075/9/2246 5069/9/1530
f 5075/9/2246 5081/9/2256 5082/9/2257 5076/9/2247
f 5076/9/2247 5082/9/2257 5083/9/2258 5077/9/2249
f 5077/9/2249 5083/9/2258 5084/9/2259 5078/9/2251
f 5078/9/2251 5084/9/2259 5085/9/2260 5079/9/2252
f 5079/9/2252 5085/9/2260 5086/9/2261 5080/9/2254
f 5080/9/2254 5086/9/2261 5081/9/2256 5075/9/2246
f 5081/9/2256 5087/9/1616 5088/9/2262 5082/9/2257
f 5082/9/2257 5088/9/2262 5089/9/2263 5083/9/2258
f 5083/9/2258 5089/9/2263 5090/9/1609 5084/9/2259
f 5084/9/2259 5090/9/1609 5091/9/2264 5085/9/2260
f 5085/9/2260 5091/9/2264 5092/9/2265 5086/9/2261
f 5086/9/2261 5092/9/2265 5087/9/1616 5081/9/2256
f 5087/9/1616 5093/9/2266 5094/9/2267 5088/9/2262
f 5088/9/2262 5094/9/2267 5095/9/2268 5089/9/2263
f 5089/9/2263 5095/9/2268 5096/9/2269 5090/9/1609
f 5090/9/1609 5096/9/2269 5097/9/2270 5091/9/2264
f 5091/9/2264 5097/9/2270 5098/9/2271 5092/9/2265
f 5092/9/2265 5098/9/2271 5093/9/2266 5087/9/1616
f 5093/9/2266 5099/9/2272 5100/9/2273 5094/9/2267
f 5094/9/2267 5100/9/2273 5101/9/2274 5095/9/2268
f 5095/9/2268 5101/9/2274 5102/9/2275 5096/9/2269
f 5096/9/2269 5102/9/2275 5103/9/2276 5097/9/2270
f 5097/9/2270 5103/9/2276 5104/9/2277 5098/9/2271
f 5098/9/2271 5104/9/2277 5099/9/2272 5093/9/2266
f 5099/9/2272 5105/9/1527 5106/9/2278 5100/9/2273
f 5100/9/2273 5106/9/2278 5107/9/2279 5101/9/2274
f 5101/9/2274 5107/9/2279 5108/9/1530 5102/9/2275
f 5102/9/2275 5108/9/1530 5109/9/2280 5103/9/2276
f 5103/9/2276 5109/9/2280 5110/9/2281 5104/9/2277
f 5104/9/2277 5110/9/2281 5105/9/1527 5099/9/2272
f 5105/9/1527 5111/9/2282 5112/9/2283 5106/9/2278
f 5106/9/2278 5112/9/2283 5113/9/2284 5107/9/2279
f 5107/9/2279 5113/9/2284 5114/9/2285 5108/9/1530
f 5108/9/1530 5114/9/2285 5115/9/2286 5109/9/2280
f 5109/9/2280 5115/9/2286 5116/9/2287 5110/9/2281
f 5110/9/2281 5116/9/2287 5111/9/2282 5105/9/1527
f 5111/9/2282 5117/9/2288 5118/9/2289 5112/9/2283
f 5112/9/2283 5118/9/2289 5119/9/2290 5113/9/2284
f 5113/9/2284 5119/9/2290 5120/9/2291 5114/9/2285
f 5114/9/2285 5120/9/2291 5121/9/2292 5115/9/2286
f 5115/9/2286 5121/9/2292 5122/9/2293 5116/9/2287
f 5116/9/2287 5122/9/2293 5117/9/2288 5111/9/2282
f 5117/9/2288 5123/9/1609 5124/9/2294 5118/9/2289
f 5118/9/2289 5124/9/2294 5125/9/2295 5119/9/2290
f 5119/9/2290 5125/9/2295 5126/9/1616 5120/9/2291
f 5120/9/2291 5126/9/1616 5127/9/2296 5121/9/2292
f 5121/9/2292 5127/9/2296 5128/9/2297 5122/9/2293
f 5122/9/2293 5128/9/2297 5123/9/1609 5117/9/2288
f 5123/9/1609 5129/9/2298 5130/9/2299 5124/9/2294
f 5124/9/2294 5130/9/2299 5131/9/2300 5125/9/2295
f 5125/9/2295 5131/9/2300 5132/9/2301 5126/9/1616
f 5126/9/1616 5132/9/2301 5133/9/2302 5127/9/2296
f 5127/9/2296 5133/9/2302 5134/9/2303 5128/9/2297
f 5128/9/2297 5134/9/2303 5129/9/2298 5123/9/1609
f 5129/9/2298 5135/9/2304 5136/9/2305 5130/9/2299
f 5130/9/2299 5136/9/2305 5137/9/2306 5131/9/2300
f 5131/9/2300 5137/9/2306 5138/9/2307 5132/9/2301
f 5132/9/2301 5138/9/2307 5139/9/2308 5133/9/2302
f 5133/9/2302 5139/9/2308 5140/9/2309 5134/9/2303
f 5134/9/2303 5140/9/2309 5135/9/2304 5129/9/2298
f 5135/9/2304 5069/9/1530 5070/9/2248 5136/9/2305
f 5136/9/2305 5070/9/2248 5071/9/2250 5137/9/2306
f 5137/9/2306 5071/9/2250 5072/9/1527 5138/9/2307
f 5138/9/2307 5072/9/1527 5073/9/2253 5139/9/2308
f 5139/9/2308 5073/9/2253 5074/9/2255 5140/9/2309
f 5140/9/2309 5074/9/2255 5069/9/1530 5135/9/2304
f 5141/9/1530 5147/9/2182 5148/9/2183 5142/9/2184
f 5142/9/2184 5148/9/2183 5149/9/2185 5143/9/2186
f 5143/9/2186 5149/9/2185 5150/9/2310 5144/9/1527
f 5144/9/1527 5150/9/2310 5151/9/2188 5145/9/2189
f 5145/9/2189 5151/9/2188 5152/9/2190 5146/9/2191
f 5146/9/2191 5152/9/2190 5147/9/2182 5141/9/1530
f 5147/9/2182 5153/9/2192 5154/9/2311 5148/9/2183
f 5148/9/2183 5154/9/2311 5155/9/2312 5149/9/2185
f 5149/9/2185 5155/9/2312 5156/9/2195 5150/9/2310
f 5150/9/2310 5156/9/2195 5157/9/2313 5151/9/2188
f 5151/9/2188 5157/9/2313 5158/9/2314 5152/9/2190
f 5152/9/2190 5158/9/2314 5153/9/2192 5147/9/2182
f 5153/9/2192 5159/9/1671 5160/9/2198 5154/9/2311
f 5154/9/2311 5160/9/2198 5161/9/2199 5155/9/2312
f 5155/9/2312 5161/9/2199 5162/9/1668 5156/9/2195
f 5156/9/2195 5162/9/1668 5163/9/2200 5157/9/2313
f 5157/9/2313 5163/9/2200 5164/9/2201 5158/9/2314
f 5158/9/2314 5164/9/2201 5159/9/1671 5153/9/2192
f 5159/9/1671 5165/9/2202 5166/9/2315 5160/9/2198
f 5160/9/2198 5166/9/2315 5167/9/2316 5161/9/2199
f 5161/9/2199 5167/9/2316 5168/9/2205 5162/9/1668
f 5162/9/1668 5168/9/2205 5169/9/2317 5163/9/2200
f 5163/9/2200 5169/9/2317 5170/9/2318 5164/9/2201
f 5164/9/2201 5170/9/2318 5165/9/2202 5159/9/1671
f 5165/9/2202 5171/9/2208 5172/9/2209 5166/9/2315
f 5166/9/2315 5172/9/2209 5173/9/2210 5167/9/2316
f 5167/9/2316 5173/9/2210 5174/9/2319 5168/9/2205
f 5168/9/2205 5174/9/2319 5175/9/2212 5169/9/2317
f 5169/9/2317 5175/9/2212 5176/9/2213 5170/9/2318
f 5170/9/2318 5176/9/2213 5171/9/2208 5165/9/2202
f 5171/9/2208 5177/9/1527 5178/9/2214 5172/9/2209
f 5172/9/2209 5178/9/2214 5179/9/2215 5173/9/2210
f 5173/9/2210 5179/9/2215 5180/9/1530 5174/9/2319
f 5174/9/2319 5180/9/1530 5181/9/2216 5175/9/2212
f 5175/9/2212 5181/9/2216 5182/9/2217 5176/9/2213
f 5176/9/2213 5182/9/2217 5177/9/1527 5171/9/2208
f 5177/9/1527 5183/9/2218 5184/9/2219 5178/9/2214
f 5178/9/2214 5184/9/2219 5185/9/2220 5179/9/2215
f 5179/9/2215 5185/9/2220 5186/9/2221 5180/9/1530
f 5180/9/1530 5186/9/2221 5187/9/2222 5181/9/2216
f 5181/9/2216 5187/9/2222 5188/9/2223 5182/9/2217
f 5182/9/2217 5188/9/2223 5183/9/2218 5177/9/1527
f 5183/9/2218 5189/9/2224 5190/9/2225 5184/9/2219
f 5184/9/2219 5190/9/2225 5191/9/2226 5185/9/2220
f 5185/9/2220 5191/9/2226 5192/9/2227 5186/9/2221
f 5186/9/2221 5192/9/2227 5193/9/2228 5187/9/2222
f 5187/9/2222 5193/9/2228 5194/9/2229 5188/9/2223
f 5188/9/2223 5194/9/2229 5189/9/2224 5183/9/2218
f 5189/9/2224 5195/9/1668 5196/9/2230 5190/9/2225
f 5190/9/2225 5196/9/2230 5197/9/2231 5191/9/2226
f 5191/9/2226 5197/9/2231 5198/9/1671 5192/9/2227
f 5192/9/2227 5198/9/1671 5199/9/2232 5193/9/2228
f 5193/9/2228 5199/9/2232 5200/9/2233 5194/9/2229
f 5194/9/2229 5200/9/2233 5195/9/1668 5189/9/2224
f 5195/9/1668 5201/9/2234 5202/9/2320 5196/9/2230
f 5196/9/2230 5202/9/2320 5203/9/2321 5197/9/2231
f 5197/9/2231 5203/9/2321 5204/9/2237 5198/9/1671
f 5198/9/1671 5204/9/2237 5205/9/2322 5199/9/2232
f 5199/9/2232 5205/9/2322 5206/9/2323 5200/9/2233
f 5200/9/2233 5206/9/2323 5201/9/2234 5195/9/1668
f 5201/9/2234 5207/9/2240 5208/9/2241 5202/9/2320
f 5202/9/2320 5208/9/2241 5209/9/2242 5203/9/2321
f 5203/9/2321 5209/9/2242 5210/9/2324 5204/9/2237
f 5204/9/2237 5210/9/2324 5211/9/2244 5205/9/2322
f 5205/9/2322 5211/9/2244 5212/9/2245 5206/9/2323
f 5206/9/2323 5212/9/2245 5207/9/2240 5201/9/2234
f 5207/9/2240 5141/9/1530 5142/9/2184 5208/9/2241
f 5208/9/2241 5142/9/2184 5143/9/2186 5209/9/2242
f 5209/9/2242 5143/9/2186 5144/9/1527 5210/9/2324
f 5210/9/2324 5144/9/1527 5145/9/2189 5211/9/2244
f 5211/9/2244 5145/9/2189 5146/9/2191 5212/9/2245
f 5212/9/2245 5146/9/2191 5141/9/1530 5207/9/2240
f 5213/9/1530 5219/9/2246 5220/9/2247 5214/9/2248
f 5214/9/2248 5220/9/2247 5221/9/2249 5215/9/2250
f 5215/9/2250 5221/9/2249 5222/9/2251 5216/9/1527
f 5216/9/1527 5222/9/2251 5223/9/2252 5217/9/2253
f 5217/9/2253 5223/9/2252 5224/9/2254 5218/9/2255
f 5218/9/2255 5224/9/2254 5219/9/2246 5213/9/1530
f 5219/9/2246 5225/9/2256 5226/9/2257 5220/9/2247
f 5220/9/2247 5226/9/2257 5227/9/2258 5221/9/2249
f 5221/9/2249 5227/9/2258 5228/9/2259 5222/9/2251
f 5222/9/2251 5228/9/2259 5229/9/2260 5223/9/2252
f 5223/9/2252 5229/9/2260 5230/9/2261 5224/9/2254
f 5224/9/2254 5230/9/2261 5225/9/2256 5219/9/2246
f 5225/9/2256 5231/9/1616 5232/9/2262 5226/9/2257
f 5226/9/2257 5232/9/2262 5233/9/2263 5227/9/2258
f 5227/9/2258 5233/9/2263 5234/9/1609 5228/9/2259
f 5228/9/2259 5234/9/1609 5235/9/2264 5229/9/2260
f 5229/9/2260 5235/9/2264 5236/9/2265 5230/9/2261
f 5230/9/2261 5236/9/2265 5231/9/1616 5225/9/2256
f 5231/9/1616 5237/9/2266 5238/9/2267 5232/9/2262
f 5232/9/2262 5238/9/2267 5239/9/2325 5233/9/2263
f 5233/9/2263 5239/9/2325 5240/9/2269 5234/9/1609
f 5234/9/1609 5240/9/2269 5241/9/2270 5235/9/2264
f 5235/9/2264 5241/9/2270 5242/9/2271 5236/9/2265
f 5236/9/2265 5242/9/2271 5237/9/2266 5231/9/1616
f 5237/9/2266 5243/9/2272 5244/9/2273 5238/9/2267
f 5238/9/2267 5244/9/2273 5245/9/2274 5239/9/2325
f 5239/9/2325 5245/9/2274 5246/9/2275 5240/9/2269
f 5240/9/2269 5246/9/2275 5247/9/2276 5241/9/2270
f 5241/9/2270 5247/9/2276 5248/9/2277 5242/9/2271
f 5242/9/2271 5248/9/2277 5243/9/2272 5237/9/2266
f 5243/9/2272 5249/9/1527 5250/9/2278 5244/9/2273
f 5244/9/2273 5250/9/2278 5251/9/2279 5245/9/2274
f 5245/9/2274 5251/9/2279 5252/9/1530 5246/9/2275
f 5246/9/2275 5252/9/1530 5253/9/2280 5247/9/2276
f 5247/9/2276 5253/9/2280 5254/9/2281 5248/9/2277
f 5248/9/2277 5254/9/2281 5249/9/1527 5243/9/2272
f 5249/9/1527 5255/9/2282 5256/9/2283 5250/9/2278
f 5250/9/2278 5256/9/2283 5257/9/2284 5251/9/2279
f 5251/9/2279 5257/9/2284 5258/9/2285 5252/9/1530
f 5252/9/1530 5258/9/2285 5259/9/2286 5253/9/2280
f 5253/9/2280 5259/9/2286 5260/9/2287 5254/9/2281
f 5254/9/2281 5260/9/2287 5255/9/2282 5249/9/1527
f 5255/9/2282 5261/9/2288 5262/9/2289 5256/9/2283
f 5256/9/2283 5262/9/2289 5263/9/2290 5257/9/2284
f 5257/9/2284 5263/9/2290 5264/9/2291 5258/9/2285
f 5258/9/2285 5264/9/2291 5265/9/2292 5259/9/2286
f 5259/9/2286 5265/9/2292 5266/9/2293 5260/9/2287
f 5260/9/2287 5266/9/2293 5261/9/2288 5255/9/2282
f 5261/9/2288 5267/9/1609 5268/9/2294 5262/9/2289
f 5262/9/2289 5268/9/2294 5269/9/2295 5263/9/2290
f 5263/9/2290 5269/9/2295 5270/9/1616 5264/9/2291
f 5264/9/2291 5270/9/1616 5271/9/2296 5265/9/2292
f 5265/9/2292 5271/9/2296 5272/9/2297 5266/9/2293
f 5266/9/2293 5272/9/2297 5267/9/1609 5261/9/2288
f 5267/9/1609 5273/9/2298 5274/9/2299 5268/9/2294
f 5268/9/2294 5274/9/2299 5275/9/2300 5269/9/2295
f 5269/9/2295 5275/9/2300 5276/9/2301 5270/9/1616
f 5270/9/1616 5276/9/2301 5277/9/2302 5271/9/2296
f 5271/9/2296 5277/9/2302 5278/9/2303 5272/9/2297
f 5272/9/2297 5278/9/2303 5273/9/2298 5267/9/1609
f 5273/9/2298 5279/9/2304 5280/9/2305 5274/9/2299
f 5274/9/2299 5280/9/2305 5281/9/2306 5275/9/2300
f 5275/9/2300 5281/9/2306 5282/9/2307 5276/9/2301
f 5276/9/2301 5282/9/2307 5283/9/2308 5277/9/2302
f 5277/9/2302 5283/9/2308 5284/9/2309 5278/9/2303
f 5278/9/2303 5284/9/2309 5279/9/2304 5273/9/2298
f 5279/9/2304 5213/9/1530 5214/9/2248 5280/9/2305
f 5280/9/2305 5214/9/2248 5215/9/2250 5281/9/2306
f 5281/9/2306 5215/9/2250 5216/9/1527 5282/9/2307
f 5282/9/2307 5216/9/1527 5217/9/2253 5283/9/2308
f 5283/9/2308 5217/9/2253 5218/9/2255 5284/9/2309
f 5284/9/2309 5218/9/2255 5213/9/1530 5279/9/2304
f 5285/9/1530 5291/9/2182 5292/9/2183 5286/9/2184
f 5286/9/2184 5292/9/2183 5293/9/2185 5287/9/2186
f 5287/9/2186 5293/9/2185 5294/9/2310 5288/9/1527
f 5288/9/1527 5294/9/2310 5295/9/2188 5289/9/2189
f 5289/9/2189 5295/9/2188 5296/9/2190 5290/9/2191
f 5290/9/2191 5296/9/2190 5291/9/2182 5285/9/1530
f 5291/9/2182 5297/9/2192 5298/9/2311 5292/9/2183
f 5292/9/2183 5298/9/2311 5299/9/2312 5293/9/2185
f 5293/9/2185 5299/9/2312 5300/9/2195 5294/9/2310
f 5294/9/2310 5300/9/2195 5301/9/2313 5295/9/2188
f 5295/9/2188 5301/9/2313 5302/9/2314 5296/9/2190
f 5296/9/2190 5302/9/2314 5297/9/2192 5291/9/2182
f 5297/9/2192 5303/9/1671 5304/9/2198 5298/9/2311
f 5298/9/2311 5304/9/2198 5305/9/2199 5299/9/2312
f 5299/9/2312 5305/9/2199 5306/9/1668 5300/9/2195
f 5300/9/2195 5306/9/1668 5307/9/2200 5301/9/2313
f 5301/9/2313 5307/9/2200 5308/9/2201 5302/9/2314
f 5302/9/2314 5308/9/2201 5303/9/1671 5297/9/2192
f 5303/9/1671 5309/9/2202 5310/9/2203 5304/9/2198
f 5304/9/2198 5310/9/2203 5311/9/2326 5305/9/2199
f 5305/9/2199 5311/9/2326 5312/9/2205 5306/9/1668
f 5306/9/1668 5312/9/2205 5313/9/2327 5307/9/2200
f 5307/9/2200 5313/9/2327 5314/9/2207 5308/9/2201
f 5308/9/2201 5314/9/2207 5309/9/2202 5303/9/1671
f 5309/9/2202 5315/9/2208 5316/9/2209 5310/9/2203
f 5310/9/2203 5316/9/2209 5317/9/2210 5311/9/2326
f 5311/9/2326 5317/9/2210 5318/9/2319 5312/9/2205
f 5312/9/2205 5318/9/2319 5319/9/2212 5313/9/2327
f 5313/9/2327 5319/9/2212 5320/9/2213 5314/9/2207
f 5314/9/2207 5320/9/2213 5315/9/2208 5309/9/2202
f 5315/9/2208 5321/9/1527 5322/9/2214 5316/9/2209
f 5316/9/2209 5322/9/2214 5323/9/2215 5317/9/2210
f 5317/9/2210 5323/9/2215 5324/9/1530 5318/9/2319
f 5318/9/2319 5324/9/1530 5325/9/2216 5319/9/2212
f 5319/9/2212 5325/9/2216 5326/9/2217 5320/9/2213
f 5320/9/2213 5326/9/2217 5321/9/1527 5315/9/2208
f 5321/9/1527 5327/9/2218 5328/9/2219 5322/9/2214
f 5322/9/2214 5328/9/2219 5329/9/2220 5323/9/2215
f 5323/9/2215 5329/9/2220 5330/9/2221 5324/9/1530
f 5324/9/1530 5330/9/2221 5331/9/2222 5325/9/2216
f 5325/9/2216 5331/9/2222 5332/9/2223 5326/9/2217
f 5326/9/2217 5332/9/2223 5327/9/2218 5321/9/1527
f 5327/9/2218 5333/9/2224 5334/9/2328 5328/9/2219
f 5328/9/2219 5334/9/2328 5335/9/2329 5329/9/2220
f 5329/9/2220 5335/9/2329 5336/9/2227 5330/9/2221
f 5330/9/2221 5336/9/2227 5337/9/2330 5331/9/2222
f 5331/9/2222 5337/9/2330 5338/9/2331 5332/9/2223
f 5332/9/2223 5338/9/2331 5333/9/2224 5327/9/2218
f 5333/9/2224 5339/9/1668 5340/9/2230 5334/9/2328
f 5334/9/2328 5340/9/2230 5341/9/2231 5335/9/2329
f 5335/9/2329 5341/9/2231 5342/9/1671 5336/9/2227
f 5336/9/2227 5342/9/1671 5343/9/2232 5337/9/2330
f 5337/9/2330 5343/9/2232 5344/9/2233 5338/9/2331
f 5338/9/2331 5344/9/2233 5339/9/1668 5333/9/2224
f 5339/9/1668 5345/9/2234 5346/9/2320 5340/9/2230
f 5340/9/2230 5346/9/2320 5347/9/2321 5341/9/2231
f 5341/9/2231 5347/9/2321 5348/9/2237 5342/9/1671
f 5342/9/1671 5348/9/2237 5349/9/2322 5343/9/2232
f 5343/9/2232 5349/9/2322 5350/9/2323 5344/9/2233
f 5344/9/2233 5350/9/2323 5345/9/2234 5339/9/1668
f 5345/9/2234 5351/9/2240 5352/9/2241 5346/9/2320
f 5346/9/2320 5352/9/2241 5353/9/2242 5347/9/2321
f 5347/9/2321 5353/9/2242 5354/9/2324 5348/9/2237
f 5348/9/2237 5354/9/2324 5355/9/2244 5349/9/2322
f 5349/9/2322 5355/9/2244 5356/9/2245 5350/9/2323
f 5350/9/2323 5356/9/2245 5351/9/2240 5345/9/2234
f 5351/9/2240 5285/9/1530 5286/9/2184 5352/9/2241
f 5352/9/2241 5286/9/2184 5287/9/2186 5353/9/2242
f 5353/9/2242 5287/9/2186 5288/9/1527 5354/9/2324
f 5354/9/2324 5288/9/1527 5289/9/2189 5355/9/2244
f 5355/9/2244 5289/9/2189 5290/9/2191 5356/9/2245
f 5356/9/2245 5290/9/2191 5285/9/1530 5351/9/2240
f 5357/9/1530 5363/9/2246 5364/9/2247 5358/9/2248
f 5358/9/2248 5364/9/2247 5365/9/2249 5359/9/2250
f 5359/9/2250 5365/9/2249 5366/9/2251 5360/9/1527
f 5360/9/1527 5366/9/2251 5367/9/2252 5361/9/2253
f 5361/9/2253 5367/9/2252 5368/9/2254 5362/9/2255
f 5362/9/2255 5368/9/2254 5363/9/2246 5357/9/1530
f 5363/9/2246 5369/9/2256 5370/9/2332 5364/9/2247
f 5364/9/2247 5370/9/2332 5371/9/2333 5365/9/2249
f 5365/9/2249 5371/9/2333 5372/9/2259 5366/9/2251
f 5366/9/2251 5372/9/2259 5373/9/2334 5367/9/2252
f 5367/9/2252 5373/9/2334 5374/9/2335 5368/9/2254
f 5368/9/2254 5374/9/2335 5369/9/2256 5363/9/2246
f 5369/9/2256 5375/9/1616 5376/9/2262 5370/9/2332
f 5370/9/2332 5376/9/2262 5377/9/2263 5371/9/2333
f 5371/9/2333 5377/9/2263 5378/9/1609 5372/9/2259
f 5372/9/2259 5378/9/1609 5379/9/2264 5373/9/2334
f 5373/9/2334 5379/9/2264 5380/9/2265 5374/9/2335
f 5374/9/2335 5380/9/2265 5375/9/1616 5369/9/2256
f 5375/9/1616 5381/9/2266 5382/9/2267 5376/9/2262
f 5376/9/2262 5382/9/2267 5383/9/2325 5377/9/2263
f 5377/9/2263 5383/9/2325 5384/9/2269 5378/9/1609
f 5378/9/1609 5384/9/2269 5385/9/2270 5379/9/2264
f 5379/9/2264 5385/9/2270 5386/9/2271 5380/9/2265
f 5380/9/2265 5386/9/2271 5381/9/2266 5375/9/1616
f 5381/9/2266 5387/9/2272 5388/9/2273 5382/9/2267
f 5382/9/2267 5388/9/2273 5389/9/2274 5383/9/2325
f 5383/9/2325 5389/9/2274 5390/9/2275 5384/9/2269
f 5384/9/2269 5390/9/2275 5391/9/2276 5385/9/2270
f 5385/9/2270 5391/9/2276 5392/9/2277 5386/9/2271
f 5386/9/2271 5392/9/2277 5387/9/2272 5381/9/2266
f 5387/9/2272 5393/9/1527 5394/9/2278 5388/9/2273
f 5388/9/2273 5394/9/2278 5395/9/2279 5389/9/2274
f 5389/9/2274 5395/9/2279 5396/9/1530 5390/9/2275
f 5390/9/2275 5396/9/1530 5397/9/2280 5391/9/2276
f 5391/9/2276 5397/9/2280 5398/9/2281 5392/9/2277
f 5392/9/2277 5398/9/2281 5393/9/1527 5387/9/2272
f 5393/9/1527 5399/9/2282 5400/9/2283 5394/9/2278
f 5394/9/2278 5400/9/2283 5401/9/2284 5395/9/2279
f 5395/9/2279 5401/9/2284 5402/9/2285 5396/9/1530
f 5396/9/1530 5402/9/2285 5403/9/2286 5397/9/2280
f 5397/9/2280 5403/9/2286 5404/9/2287 5398/9/2281
f 5398/9/2281 5404/9/2287 5399/9/2282 5393/9/1527
f 5399/9/2282 5405/9/2288 5406/9/2289 5400/9/2283
f 5400/9/2283 5406/9/2289 5407/9/2290 5401/9/2284
f 5401/9/2284 5407/9/2290 5408/9/2291 5402/9/2285
f 5402/9/2285 5408/9/2291 5409/9/2336 5403/9/2286
f 5403/9/2286 5409/9/2336 5410/9/2293 5404/9/2287
f 5404/9/2287 5410/9/2293 5405/9/2288 5399/9/2282
f 5405/9/2288 5411/9/1609 5412/9/2294 5406/9/2289
f 5406/9/2289 5412/9/2294 5413/9/2295 5407/9/2290
f 5407/9/2290 5413/9/2295 5414/9/1616 5408/9/2291
f 5408/9/2291 5414/9/1616 5415/9/2296 5409/9/2336
f 5409/9/2336 5415/9/2296 5416/9/2297 5410/9/2293
f 5410/9/2293 5416/9/2297 5411/9/1609 5405/9/2288
f 5411/9/1609 5417/9/2298 5418/9/2337 5412/9/2294
f 5412/9/2294 5418/9/2337 5419/9/2338 5413/9/2295
f 5413/9/2295 5419/9/2338 5420/9/2301 5414/9/1616
f 5414/9/1616 5420/9/2301 5421/9/2339 5415/9/2296
f 5415/9/2296 5421/9/2339 5422/9/2340 5416/9/2297
f 5416/9/2297 5422/9/2340 5417/9/2298 5411/9/1609
f 5417/9/2298 5423/9/2304 5424/9/2305 5418/9/2337
f 5418/9/2337 5424/9/2305 5425/9/2306 5419/9/2338
f 5419/9/2338 5425/9/2306 5426/9/2307 5420/9/2301
f 5420/9/2301 5426/9/2307 5427/9/2308 5421/9/2339
f 5421/9/2339 5427/9/2308 5428/9/2309 5422/9/2340
f 5422/9/2340 5428/9/2309 5423/9/2304 5417/9/2298
f 5423/9/2304 5357/9/1530 5358/9/2248 5424/9/2305
f 5424/9/2305 5358/9/2248 5359/9/2250 5425/9/2306
f 5425/9/2306 5359/9/2250 5360/9/1527 5426/9/2307
f 5426/9/2307 5360/9/1527 5361/9/2253 5427/9/2308
f 5427/9/2308 5361/9/2253 5362/9/2255 5428/9/2309
f 5428/9/2309 5362/9/2255 5357/9/1530 5423/9/2304
f 5429/9/1530 5435/9/2182 5436/9/2183 5430/9/2184
f 5430/9/2184 5436/9/2183 5437/9/2185 5431/9/2186
f 5431/9/2186 5437/9/2185 5438/9/2310 5432/9/1527
f 5432/9/1527 5438/9/2310 5439/9/2188 5433/9/2189
f 5433/9/2189 5439/9/2188 5440/9/2190 5434/9/2191
f 5434/9/2191 5440/9/2190 5435/9/2182 5429/9/1530
f 5435/9/2182 5441/9/2192 5442/9/2311 5436/9/2183
f 5436/9/2183 5442/9/2311 5443/9/2312 5437/9/2185
f 5437/9/2185 5443/9/2312 5444/9/2195 5438/9/2310
f 5438/9/2310 5444/9/2195 5445/9/2313 5439/9/2188
f 5439/9/2188 5445/9/2313 5446/9/2314 5440/9/2190
f 5440/9/2190 5446/9/2314 5441/9/2192 5435/9/2182
f 5441/9/2192 5447/9/1671 5448/9/2198 5442/9/2311
f 5442/9/2311 5448/9/2198 5449/9/2199 5443/9/2312
f 5443/9/2312 5449/9/2199 5450/9/1668 5444/9/2195
f 5444/9/2195 5450/9/1668 5451/9/2200 5445/9/2313
f 5445/9/2313 5451/9/2200 5452/9/2201 5446/9/2314
f 5446/9/2314 5452/9/2201 5447/9/1671 5441/9/2192
f 5447/9/1671 5453/9/2202 5454/9/2203 5448/9/2198
f 5448/9/2198 5454/9/2203 5455/9/2326 5449/9/2199
f 5449/9/2199 5455/9/2326 5456/9/2205 5450/9/1668
f 5450/9/1668 5456/9/2205 5457/9/2327 5451/9/2200
f 5451/9/2200 5457/9/2327 5458/9/2207 5452/9/2201
f 5452/9/2201 5458/9/2207 5453/9/2202 5447/9/1671
f 5453/9/2202 5459/9/2208 5460/9/2209 5454/9/2203
f 5454/9/2203 5460/9/2209 5461/9/2210 5455/9/2326
f 5455/9/2326 5461/9/2210 5462/9/2319 5456/9/2205
f 5456/9/2205 5462/9/2319 5463/9/2212 5457/9/2327
f 5457/9/2327 5463/9/2212 5464/9/2213 5458/9/2207
f 5458/9/2207 5464/9/2213 5459/9/2208 5453/9/2202
f 5459/9/2208 5465/9/1527 5466/9/2214 5460/9/2209
f 5460/9/2209 5466/9/2214 5467/9/2215 5461/9/2210
f 5461/9/2210 5467/9/2215 5468/9/1530 5462/9/2319
f 5462/9/2319 5468/9/1530 5469/9/2216 5463/9/2212
f 5463/9/2212 5469/9/2216 5470/9/2217 5464/9/2213
f 5464/9/2213 5470/9/2217 5465/9/1527 5459/9/2208
f 5465/9/1527 5471/9/2218 5472/9/2219 5466/9/2214
f 5466/9/2214 5472/9/2219 5473/9/2220 5467/9/2215
f 5467/9/2215 5473/9/2220 5474/9/2221 5468/9/1530
f 5468/9/1530 5474/9/2221 5475/9/2222 5469/9/2216
f 5469/9/2216 5475/9/2222 5476/9/2223 5470/9/2217
f 5470/9/2217 5476/9/2223 5471/9/2218 5465/9/1527
f 5471/9/2218 5477/9/2224 5478/9/2328 5472/9/2219
f 5472/9/2219 5478/9/2328 5479/9/2329 5473/9/2220
f 5473/9/2220 5479/9/2329 5480/9/2227 5474/9/2221
f 5474/9/2221 5480/9/2227 5481/9/2330 5475/9/2222
f 5475/9/2222 5481/9/2330 5482/9/2331 5476/9/2223
f 5476/9/2223 5482/9/2331 5477/9/2224 5471/9/2218
f 5477/9/2224 5483/9/1668 5484/9/2230 5478/9/2328
f 5478/9/2328 5484/9/2230 5485/9/2231 5479/9/2329
f 5479/9/2329 5485/9/2231 5486/9/1671 5480/9/2227
f 5480/9/2227 5486/9/1671 5487/9/2232 5481/9/2330
f 5481/9/2330 5487/9/2232 5488/9/2233 5482/9/2331
f 5482/9/2331 5488/9/2233 5483/9/1668 5477/9/2224
f 5483/9/1668 5489/9/2234 5490/9/2320 5484/9/2230
f 5484/9/2230 5490/9/2320 5491/9/2321 5485/9/2231
f 5485/9/2231 5491/9/2321 5492/9/2237 5486/9/1671
f 5486/9/1671 5492/9/2237 5493/9/2322 5487/9/2232
f 5487/9/2232 5493/9/2322 5494/9/2323 5488/9/2233
f 5488/9/2233 5494/9/2323 5489/9/2234 5483/9/1668
f 5489/9/2234 5495/9/2240 5496/9/2241 5490/9/2320
f 5490/9/2320 5496/9/2241 5497/9/2242 5491/9/2321
f 5491/9/2321 5497/9/2242 5498/9/2324 5492/9/2237
f 5492/9/2237 5498/9/2324 5499/9/2244 5493/9/2322
f 5493/9/2322 5499/9/2244 5500/9/2245 5494/9/2323
f 5494/9/2323 5500/9/2245 5495/9/2240 5489/9/2234
f 5495/9/2240 5429/9/1530 5430/9/2184 5496/9/2241
f 5496/9/2241 5430/9/2184 5431/9/2186 5497/9/2242
f 5497/9/2242 5431/9/2186 5432/9/1527 5498/9/2324
f 5498/9/2324 5432/9/1527 5433/9/2189 5499/9/2244
f 5499/9/2244 5433/9/2189 5434/9/2191 5500/9/2245
f 5500/9/2245 5434/9/2191 5429/9/1530 5495/9/2240
f 5501/9/1668 5507/9/2341 5508/9/2342 5502/9/2343
f 5502/9/2343 5508/9/2342 5509/9/2344 5503/9/2345
f 5503/9/2345 5509/9/2344 5510/9/2346 5504/9/1671
f 5504/9/1671 5510/9/2346 5511/9/2347 5505/9/2348
f 5505/9/2348 5511/9/2347 5512/9/2349 5506/9/2350
f 5506/9/2350 5512/9/2349 5507/9/2341 5501/9/1668
f 5507/9/2341 5513/9/2351 5514/9/2352 5508/9/2342
f 5508/9/2342 5514/9/2352 5515/9/2353 5509/9/2344
f 5509/9/2344 5515/9/2353 5516/9/2354 5510/9/2346
f 5510/9/2346 5516/9/2354 5517/9/2355 5511/9/2347
f 5511/9/2347 5517/9/2355 5518/9/2356 5512/9/2349
f 5512/9/2349 5518/9/2356 5513/9/2351 5507/9/2341
f 5513/9/2351 5519/9/1616 5520/9/2357 5514/9/2352
f 5514/9/2352 5520/9/2357 5521/9/2358 5515/9/2353
f 5515/9/2353 5521/9/2358 5522/9/1609 5516/9/2354
f 5516/9/2354 5522/9/1609 5523/9/2359 5517/9/2355
f 5517/9/2355 5523/9/2359 5524/9/2360 5518/9/2356
f 5518/9/2356 5524/9/2360 5519/9/1616 5513/9/2351
f 5519/9/1616 5525/9/2361 5526/9/2362 5520/9/2357
f 5520/9/2357 5526/9/2362 5527/9/2363 5521/9/2358
f 5521/9/2358 5527/9/2363 5528/9/2364 5522/9/1609
f 5522/9/1609 5528/9/2364 5529/9/2365 5523/9/2359
f 5523/9/2359 5529/9/2365 5530/9/2366 5524/9/2360
f 5524/9/2360 5530/9/2366 5525/9/2361 5519/9/1616
f 5525/9/2361 5531/9/2367 5532/9/2368 5526/9/2362
f 5526/9/2362 5532/9/2368 5533/9/2369 5527/9/2363
f 5527/9/2363 5533/9/2369 5534/9/2370 5528/9/2364
f 5528/9/2364 5534/9/2370 5535/9/2371 5529/9/2365
f 5529/9/2365 5535/9/2371 5536/9/2372 5530/9/2366
f 5530/9/2366 5536/9/2372 5531/9/2367 5525/9/2361
f 5531/9/2367 5537/9/1671 5538/9/2373 5532/9/2368
f 5532/9/2368 5538/9/2373 5539/9/2374 5533/9/2369
f 5533/9/2369 5539/9/2374 5540/9/1668 5534/9/2370
f 5534/9/2370 5540/9/1668 5541/9/2375 5535/9/2371
f 5535/9/2371 5541/9/2375 5542/9/2376 5536/9/2372
f 5536/9/2372 5542/9/2376 5537/9/1671 5531/9/2367
f 5537/9/1671 5543/9/2377 5544/9/2378 5538/9/2373
f 5538/9/2373 5544/9/2378 5545/9/2379 5539/9/2374
f 5539/9/2374 5545/9/2379 5546/9/2380 5540/9/1668
f 5540/9/1668 5546/9/2380 5547/9/2381 5541/9/2375
f 5541/9/2375 5547/9/2381 5548/9/2382 5542/9/2376
f 5542/9/2376 5548/9/2382 5543/9/2377 5537/9/1671
f 5543/9/2377 5549/9/2383 5550/9/2384 5544/9/2378
f 5544/9/2378 5550/9/2384 5551/9/2385 5545/9/2379
f 5545/9/2379 5551/9/2385 5552/9/2386 5546/9/2380
f 5546/9/2380 5552/9/2386 5553/9/2387 5547/9/2381
f 5547/9/2381 5553/9/2387 5554/9/2388 5548/9/2382
f 5548/9/2382 5554/9/2388 5549/9/2383 5543/9/2377
f 5549/9/2383 5555/9/1609 5556/9/2389 5550/9/2384
f 5550/9/2384 5556/9/2389 5557/9/2390 5551/9/2385
f 5551/9/2385 5557/9/2390 5558/9/1616 5552/9/2386
f 5552/9/2386 5558/9/1616 5559/9/2391 5553/9/2387
f 5553/9/2387 5559/9/2391 5560/9/2392 5554/9/2388
f 5554/9/2388 5560/9/2392 5555/9/1609 5549/9/2383
f 5555/9/1609 5561/9/2393 5562/9/2394 5556/9/2389
f 5556/9/2389 5562/9/2394 5563/9/2395 5557/9/2390
f 5557/9/2390 5563/9/2395 5564/9/2396 5558/9/1616
f 5558/9/1616 5564/9/2396 5565/9/2397 5559/9/2391
f 5559/9/2391 5565/9/2397 5566/9/2398 5560/9/2392
f 5560/9/2392 5566/9/2398 5561/9/2393 5555/9/1609
f 5561/9/2393 5567/9/2399 5568/9/2400 5562/9/2394
f 5562/9/2394 5568/9/2400 5569/9/2401 5563/9/2395
f 5563/9/2395 5569/9/2401 5570/9/2402 5564/9/2396
f 5564/9/2396 5570/9/2402 5571/9/2403 5565/9/2397
f 5565/9/2397 5571/9/2403 5572/9/2404 5566/9/2398
f 5566/9/2398 5572/9/2404 5567/9/2399 5561/9/2393
f 5567/9/2399 5501/9/1668 5502/9/2343 5568/9/2400
f 5568/9/2400 5502/9/2343 5503/9/2345 5569/9/2401
f 5569/9/2401 5503/9/2345 5504/9/1671 5570/9/2402
f 5570/9/2402 5504/9/1671 5505/9/2348 5571/9/2403
f 5571/9/2403 5505/9/2348 5506/9/2350 5572/9/2404
f 5572/9/2404 5506/9/2350 5501/9/1668 5567/9/2399
f 5573/9/1668 5579/9/2405 5580/9/2406 5574/9/2407
f 5574/9/2407 5580/9/2406 5581/9/2408 5575/9/2409
f 5575/9/2409 5581/9/2408 5582/9/2410 5576/9/1671
f 5576/9/1671 5582/9/2410 5583/9/2411 5577/9/2412
f 5577/9/2412 5583/9/2411 5584/9/2413 5578/9/2414
f 5578/9/2414 5584/9/2413 5579/9/2405 5573/9/1668
f 5579/9/2405 5585/9/2415 5586/9/2416 5580/9/2406
f 5580/9/2406 5586/9/2416 5587/9/2417 5581/9/2408
f 5581/9/2408 5587/9/2417 5588/9/2418 5582/9/2410
f 5582/9/2410 5588/9/2418 5589/9/2419 5583/9/2411
f 5583/9/2411 5589/9/2419 5590/9/2420 5584/9/2413
f 5584/9/2413 5590/9/2420 5585/9/2415 5579/9/2405
f 5585/9/2415 5591/9/1530 5592/9/2421 5586/9/2416
f 5586/9/2416 5592/9/2421 5593/9/2422 5587/9/2417
f 5587/9/2417 5593/9/2422 5594/9/1527 5588/9/2418
f 5588/9/2418 5594/9/1527 5595/9/2423 5589/9/2419
f 5589/9/2419 5595/9/2423 5596/9/2424 5590/9/2420
f 5590/9/2420 5596/9/2424 5591/9/1530 5585/9/2415
f 5591/9/1530 5597/9/2425 5598/9/2426 5592/9/2421
f 5592/9/2421 5598/9/2426 5599/9/2427 5593/9/2422
f 5593/9/2422 5599/9/2427 5600/9/2428 5594/9/1527
f 5594/9/1527 5600/9/2428 5601/9/2429 5595/9/2423
f 5595/9/2423 5601/9/2429 5602/9/2430 5596/9/2424
f 5596/9/2424 5602/9/2430 5597/9/2425 5591/9/1530
f 5597/9/2425 5603/9/2431 5604/9/2432 5598/9/2426
f 5598/9/2426 5604/9/2432 5605/9/2433 5599/9/2427
f 5599/9/2427 5605/9/2433 5606/9/2434 5600/9/2428
f 5600/9/2428 5606/9/2434 5607/9/2435 5601/9/2429
f 5601/9/2429 5607/9/2435 5608/9/2436 5602/9/2430
f 5602/9/2430 5608/9/2436 5603/9/2431 5597/9/2425
f 5603/9/2431 5609/9/1671 5610/9/2437 5604/9/2432
f 5604/9/2432 5610/9/2437 5611/9/2438 5605/9/2433
f 5605/9/2433 5611/9/2438 5612/9/1668 5606/9/2434
f 5606/9/2434 5612/9/1668 5613/9/2439 5607/9/2435
f 5607/9/2435 5613/9/2439 5614/9/2440 5608/9/2436
f 5608/9/2436 5614/9/2440 5609/9/1671 5603/9/2431
f 5609/9/1671 5615/9/2441 5616/9/2442 5610/9/2437
f 5610/9/2437 5616/9/2442 5617/9/2443 5611/9/2438
f 5611/9/2438 5617/9/2443 5618/9/2444 5612/9/1668
f 5612/9/1668 5618/9/2444 5619/9/2445 5613/9/2439
f 5613/9/2439 5619/9/2445 5620/9/2446 5614/9/2440
f 5614/9/2440 5620/9/2446 5615/9/2441 5609/9/1671
f 5615/9/2441 5621/9/2447 5622/9/2448 5616/9/2442
f 5616/9/2442 5622/9/2448 5623/9/2449 5617/9/2443
f 5617/9/2443 5623/9/2449 5624/9/2450 5618/9/2444
f 5618/9/2444 5624/9/2450 5625/9/2451 5619/9/2445
f 5619/9/2445 5625/9/2451 5626/9/2452 5620/9/2446
f 5620/9/2446 5626/9/2452 5621/9/2447 5615/9/2441
f 5621/9/2447 5627/9/1527 5628/9/2453 5622/9/2448
f 5622/9/2448 5628/9/2453 5629/9/2454 5623/9/2449
f 5623/9/2449 5629/9/2454 5630/9/1530 5624/9/2450
f 5624/9/2450 5630/9/1530 5631/9/2455 5625/9/2451
f 5625/9/2451 5631/9/2455 5632/9/2456 5626/9/2452
f 5626/9/2452 5632/9/2456 5627/9/1527 5621/9/2447
f 5627/9/1527 5633/9/2457 5634/9/2458 5628/9/2453
f 5628/9/2453 5634/9/2458 5635/9/2459 5629/9/2454
f 5629/9/2454 5635/9/2459 5636/9/2460 5630/9/1530
f 5630/9/1530 5636/9/2460 5637/9/2461 5631/9/2455
f 5631/9/2455 5637/9/2461 5638/9/2462 5632/9/2456
f 5632/9/2456 5638/9/2462 5633/9/2457 5627/9/1527
f 5633/9/2457 5639/9/2463 5640/9/2464 5634/9/2458
f 5634/9/2458 5640/9/2464 5641/9/2465 5635/9/2459
f 5635/9/2459 5641/9/2465 5642/9/2466 5636/9/2460
f 5636/9/2460 5642/9/2466 5643/9/2467 5637/9/2461
f 5637/9/2461 5643/9/2467 5644/9/2468 5638/9/2462
f 5638/9/2462 5644/9/2468 5639/9/2463 5633/9/2457
f 5639/9/2463 5573/9/1668 5574/9/2407 5640/9/2464
f 5640/9/2464 5574/9/2407 5575/9/2409 5641/9/2465
f 5641/9/2465 5575/9/2409 5576/9/1671 5642/9/2466
f 5642/9/2466 5576/9/1671 5577/9/2412 5643/9/2467
f 5643/9/2467 5577/9/2412 5578/9/2414 5644/9/2468
f 5644/9/2468 5578/9/2414 5573/9/1668 5639/9/2463
f 5645/9/1668 5651/9/2341 5652/9/2342 5646/9/2343
f 5646/9/2343 5652/9/2342 5653/9/2344 5647/9/2345
f 5647/9/2345 5653/9/2344 5654/9/2346 5648/9/1671
f 5648/9/1671 5654/9/2346 5655/9/2347 5649/9/2348
f 5649/9/2348 5655/9/2347 5656/9/2349 5650/9/2350
f 5650/9/2350 5656/9/2349 5651/9/2341 5645/9/1668
f 5651/9/2341 5657/9/2351 5658/9/2469 5652/9/2342
f 5652/9/2342 5658/9/2469 5659/9/2353 5653/9/2344
f 5653/9/2344 5659/9/2353 5660/9/2354 5654/9/2346
f 5654/9/2346 5660/9/2354 5661/9/2355 5655/9/2347
f 5655/9/2347 5661/9/2355 5662/9/2470 5656/9/2349
f 5656/9/2349 5662/9/2470 5657/9/2351 5651/9/2341
f 5657/9/2351 5663/9/1616 5664/9/2357 5658/9/2469
f 5658/9/2469 5664/9/2357 5665/9/2358 5659/9/2353
f 5659/9/2353 5665/9/2358 5666/9/1609 5660/9/2354
f 5660/9/2354 5666/9/1609 5667/9/2359 5661/9/2355
f 5661/9/2355 5667/9/2359 5668/9/2360 5662/9/2470
f 5662/9/2470 5668/9/2360 5663/9/1616 5657/9/2351
f 5663/9/1616 5669/9/2361 5670/9/2362 5664/9/2357
f 5664/9/2357 5670/9/2362 5671/9/2471 5665/9/2358
f 5665/9/2358 5671/9/2471 5672/9/2364 5666/9/1609
f 5666/9/1609 5672/9/2364 5673/9/2472 5667/9/2359
f 5667/9/2359 5673/9/2472 5674/9/2366 5668/9/2360
f 5668/9/2360 5674/9/2366 5669/9/2361 5663/9/1616
f 5669/9/2361 5675/9/2367 5676/9/2368 5670/9/2362
f 5670/9/2362 5676/9/2368 5677/9/2369 5671/9/2471
f 5671/9/2471 5677/9/2369 5678/9/2473 5672/9/2364
f 5672/9/2364 5678/9/2473 5679/9/2371 5673/9/2472
f 5673/9/2472 5679/9/2371 5680/9/2372 5674/9/2366
f 5674/9/2366 5680/9/2372 5675/9/2367 5669/9/2361
f 5675/9/2367 5681/9/1671 5682/9/2373 5676/9/2368
f 5676/9/2368 5682/9/2373 5683/9/2374 5677/9/2369
f 5677/9/2369 5683/9/2374 5684/9/1668 5678/9/2473
f 5678/9/2473 5684/9/1668 5685/9/2375 5679/9/2371
f 5679/9/2371 5685/9/2375 5686/9/2376 5680/9/2372
f 5680/9/2372 5686/9/2376 5681/9/1671 5675/9/2367
f 5681/9/1671 5687/9/2377 5688/9/2378 5682/9/2373
f 5682/9/2373 5688/9/2378 5689/9/2379 5683/9/2374
f 5683/9/2374 5689/9/2379 5690/9/2380 5684/9/1668
f 5684/9/1668 5690/9/2380 5691/9/2381 5685/9/2375
f 5685/9/2375 5691/9/2381 5692/9/2382 5686/9/2376
f 5686/9/2376 5692/9/2382 5687/9/2377 5681/9/1671
f 5687/9/2377 5693/9/2383 5694/9/2384 5688/9/2378
f 5688/9/2378 5694/9/2384 5695/9/2385 5689/9/2379
f 5689/9/2379 5695/9/2385 5696/9/2386 5690/9/2380
f 5690/9/2380 5696/9/2386 5697/9/2474 5691/9/2381
f 5691/9/2381 5697/9/2474 5698/9/2388 5692/9/2382
f 5692/9/2382 5698/9/2388 5693/9/2383 5687/9/2377
f 5693/9/2383 5699/9/1609 5700/9/2389 5694/9/2384
f 5694/9/2384 5700/9/2389 5701/9/2390 5695/9/2385
f 5695/9/2385 5701/9/2390 5702/9/1616 5696/9/2386
f 5696/9/2386 5702/9/1616 5703/9/2391 5697/9/2474
f 5697/9/2474 5703/9/2391 5704/9/2392 5698/9/2388
f 5698/9/2388 5704/9/2392 5699/9/1609 5693/9/2383
f 5699/9/1609 5705/9/2393 5706/9/2475 5700/9/2389
f 5700/9/2389 5706/9/2475 5707/9/2395 5701/9/2390
f 5701/9/2390 5707/9/2395 5708/9/2396 5702/9/1616
f 5702/9/1616 5708/9/2396 5709/9/2397 5703/9/2391
f 5703/9/2391 5709/9/2397 5710/9/2476 5704/9/2392
f 5704/9/2392 5710/9/2476 5705/9/2393 5699/9/1609
f 5705/9/2393 5711/9/2399 5712/9/2400 5706/9/2475
f 5706/9/2475 5712/9/2400 5713/9/2401 5707/9/2395
f 5707/9/2395 5713/9/2401 5714/9/2402 5708/9/2396
f 5708/9/2396 5714/9/2402 5715/9/2403 5709/9/2397
f 5709/9/2397 5715/9/2403 5716/9/2404 5710/9/2476
f 5710/9/2476 5716/9/2404 5711/9/2399 5705/9/2393
f 5711/9/2399 5645/9/1668 5646/9/2343 5712/9/2400
f 5712/9/2400 5646/9/2343 5647/9/2345 5713/9/2401
f 5713/9/2401 5647/9/2345 5648/9/1671 5714/9/2402
f 5714/9/2402 5648/9/1671 5649/9/2348 5715/9/2403
f 5715/9/2403 5649/9/2348 5650/9/2350 5716/9/2404
f 5716/9/2404 5650/9/2350 5645/9/1668 5711/9/2399
f 5717/9/1668 5723/9/2405 5724/9/2406 5718/9/2407
f 5718/9/2407 5724/9/2406 5725/9/2408 5719/9/2409
f 5719/9/2409 5725/9/2408 5726/9/2410 5720/9/1671
f 5720/9/1671 5726/9/2410 5727/9/2411 5721/9/2412
f 5721/9/2412 5727/9/2411 5728/9/2413 5722/9/2414
f 5722/9/2414 5728/9/2413 5723/9/2405 5717/9/1668
f 5723/9/2405 5729/9/2415 5730/9/2416 5724/9/2406
f 5724/9/2406 5730/9/2416 5731/9/2417 5725/9/2408
f 5725/9/2408 5731/9/2417 5732/9/2418 5726/9/2410
f 5726/9/2410 5732/9/2418 5733/9/2419 5727/9/2411
f 5727/9/2411 5733/9/2419 5734/9/2420 5728/9/2413
f 5728/9/2413 5734/9/2420 5729/9/2415 5723/9/2405
f 5729/9/2415 5735/9/1530 5736/9/2421 5730/9/2416
f 5730/9/2416 5736/9/2421 5737/9/2422 5731/9/2417
f 5731/9/2417 5737/9/2422 5738/9/1527 5732/9/2418
f 5732/9/2418 5738/9/1527 5739/9/2423 5733/9/2419
f 5733/9/2419 5739/9/2423 5740/9/2424 5734/9/2420
f 5734/9/2420 5740/9/2424 5735/9/1530 5729/9/2415
f 5735/9/1530 5741/9/2425 5742/9/2426 5736/9/2421
f 5736/9/2421 5742/9/2426 5743/9/2427 5737/9/2422
f 5737/9/2422 5743/9/2427 5744/9/2428 5738/9/1527
f 5738/9/1527 5744/9/2428 5745/9/2429 5739/9/2423
f 5739/9/2423 5745/9/2429 5746/9/2430 5740/9/2424
f 5740/9/2424 5746/9/2430 5741/9/2425 5735/9/1530
f 5741/9/2425 5747/9/2431 5748/9/2432 5742/9/2426
f 5742/9/2426 5748/9/2432 5749/9/2433 5743/9/2427
f 5743/9/2427 5749/9/2433 5750/9/2434 5744/9/2428
f 5744/9/2428 5750/9/2434 5751/9/2435 5745/9/2429
f 5745/9/2429 5751/9/2435 5752/9/2436 5746/9/2430
f 5746/9/2430 5752/9/2436 5747/9/2431 5741/9/2425
f 5747/9/2431 5753/9/1671 5754/9/2437 5748/9/2432
f 5748/9/2432 5754/9/2437 5755/9/2438 5749/9/2433
f 5749/9/2433 5755/9/2438 5756/9/1668 5750/9/2434
f 5750/9/2434 5756/9/1668 5757/9/2439 5751/9/2435
f 5751/9/2435 5757/9/2439 5758/9/2440 5752/9/2436
f 5752/9/2436 5758/9/2440 5753/9/1671 5747/9/2431
f 5753/9/1671 5759/9/2441 5760/9/2442 5754/9/2437
f 5754/9/2437 5760/9/2442 5761/9/2443 5755/9/2438
f 5755/9/2438 5761/9/2443 5762/9/2444 5756/9/1668
f 5756/9/1668 5762/9/2444 5763/9/2445 5757/9/2439
f 5757/9/2439 5763/9/2445 5764/9/2446 5758/9/2440
f 5758/9/2440 5764/9/2446 5759/9/2441 5753/9/1671
f 5759/9/2441 5765/9/2447 5766/9/2448 5760/9/2442
f 5760/9/2442 5766/9/2448 5767/9/2449 5761/9/2443
f 5761/9/2443 5767/9/2449 5768/9/2450 5762/9/2444
f 5762/9/2444 5768/9/2450 5769/9/2451 5763/9/2445
f 5763/9/2445 5769/9/2451 5770/9/2452 5764/9/2446
f 5764/9/2446 5770/9/2452 5765/9/2447 5759/9/2441
f 5765/9/2447 5771/9/1527 5772/9/2453 5766/9/2448
f 5766/9/2448 5772/9/2453 5773/9/2454 5767/9/2449
f 5767/9/2449 5773/9/2454 5774/9/1530 5768/9/2450
f 5768/9/2450 5774/9/1530 5775/9/2455 5769/9/2451
f 5769/9/2451 5775/9/2455 5776/9/2456 5770/9/2452
f 5770/9/2452 5776/9/2456 5771/9/1527 5765/9/2447
f 5771/9/1527 5777/9/2457 5778/9/2458 5772/9/2453
f 5772/9/2453 5778/9/2458 5779/9/2459 5773/9/2454
f 5773/9/2454 5779/9/2459 5780/9/2460 5774/9/1530
f 5774/9/1530 5780/9/2460 5781/9/2461 5775/9/2455
f 5775/9/2455 5781/9/2461 5782/9/2462 5776/9/2456
f 5776/9/2456 5782/9/2462 5777/9/2457 5771/9/1527
f 5777/9/2457 5783/9/2463 5784/9/2464 5778/9/2458
f 5778/9/2458 5784/9/2464 5785/9/2465 5779/9/2459
f 5779/9/2459 5785/9/2465 5786/9/2466 5780/9/2460
f 5780/9/2460 5786/9/2466 5787/9/2467 5781/9/2461
f 5781/9/2461 5787/9/2467 5788/9/2468 5782/9/2462
f 5782/9/2462 5788/9/2468 5783/9/2463 5777/9/2457
f 5783/9/2463 5717/9/1668 5718/9/2407 5784/9/2464
f 5784/9/2464 5718/9/2407 5719/9/2409 5785/9/2465
f 5785/9/2465 5719/9/2409 5720/9/1671 5786/9/2466
f 5786/9/2466 5720/9/1671 5721/9/2412 5787/9/2467
f 5787/9/2467 5721/9/2412 5722/9/2414 5788/9/2468
f 5788/9/2468 5722/9/2414 5717/9/1668 5783/9/2463
f 5789/9/1668 5795/9/2341 5796/9/2342 5790/9/2343
f 5790/9/2343 5796/9/2342 5797/9/2344 5791/9/2345
f 5791/9/2345 5797/9/2344 5798/9/2346 5792/9/1671
f 5792/9/1671 5798/9/2346 5799/9/2347 5793/9/2348
f 5793/9/2348 5799/9/2347 5800/9/2349 5794/9/2350
f 5794/9/2350 5800/9/2349 5795/9/2341 5789/9/1668
f 5795/9/2341 5801/9/2351 5802/9/2469 5796/9/2342
f 5796/9/2342 5802/9/2469 5803/9/2353 5797/9/2344
f 5797/9/2344 5803/9/2353 5804/9/2354 5798/9/2346
f 5798/9/2346 5804/9/2354 5805/9/2355 5799/9/2347
f 5799/9/2347 5805/9/2355 5806/9/2470 5800/9/2349
f 5800/9/2349 5806/9/2470 5801/9/2351 5795/9/2341
f 5801/9/2351 5807/9/1616 5808/9/2357 5802/9/2469
f 5802/9/2469 5808/9/2357 5809/9/2358 5803/9/2353
f 5803/9/2353 5809/9/2358 5810/9/1609 5804/9/2354
f 5804/9/2354 5810/9/1609 5811/9/2359 5805/9/2355
f 5805/9/2355 5811/9/2359 5812/9/2360 5806/9/2470
f 5806/9/2470 5812/9/2360 5807/9/1616 5801/9/2351
f 5807/9/1616 5813/9/2361 5814/9/2477 5808/9/2357
f 5808/9/2357 5814/9/2477 5815/9/2478 5809/9/2358
f 5809/9/2358 5815/9/2478 5816/9/2364 5810/9/1609
f 5810/9/1609 5816/9/2364 5817/9/2479 5811/9/2359
f 5811/9/2359 5817/9/2479 5818/9/2480 5812/9/2360
f 5812/9/2360 5818/9/2480 5813/9/2361 5807/9/1616
f 5813/9/2361 5819/9/2367 5820/9/2368 5814/9/2477
f 5814/9/2477 5820/9/2368 5821/9/2369 5815/9/2478
f 5815/9/2478 5821/9/2369 5822/9/2473 5816/9/2364
f 5816/9/2364 5822/9/2473 5823/9/2371 5817/9/2479
f 5817/9/2479 5823/9/2371 5824/9/2372 5818/9/2480
f 5818/9/2480 5824/9/2372 5819/9/2367 5813/9/2361
f 5819/9/2367 5825/9/1671 5826/9/2373 5820/9/2368
f 5820/9/2368 5826/9/2373 5827/9/2374 5821/9/2369
f 5821/9/2369 5827/9/2374 5828/9/1668 5822/9/2473
f 5822/9/2473 5828/9/1668 5829/9/2375 5823/9/2371
f 5823/9/2371 5829/9/2375 5830/9/2376 5824/9/2372
f 5824/9/2372 5830/9/2376 5825/9/1671 5819/9/2367
f 5825/9/1671 5831/9/2377 5832/9/2378 5826/9/2373
f 5826/9/2373 5832/9/2378 5833/9/2379 5827/9/2374
f 5827/9/2374 5833/9/2379 5834/9/2380 5828/9/1668
f 5828/9/1668 5834/9/2380 5835/9/2381 5829/9/2375
f 5829/9/2375 5835/9/2381 5836/9/2382 5830/9/2376
f 5830/9/2376 5836/9/2382 5831/9/2377 5825/9/1671
f 5831/9/2377 5837/9/2383 5838/9/2481 5832/9/2378
f 5832/9/2378 5838/9/2481 5839/9/2482 5833/9/2379
f 5833/9/2379 5839/9/2482 5840/9/2386 5834/9/2380
f 5834/9/2380 5840/9/2386 5841/9/2483 5835/9/2381
f 5835/9/2381 5841/9/2483 5842/9/2484 5836/9/2382
f 5836/9/2382 5842/9/2484 5837/9/2383 5831/9/2377
f 5837/9/2383 5843/9/1609 5844/9/2389 5838/9/2481
f 5838/9/2481 5844/9/2389 5845/9/2390 5839/9/2482
f 5839/9/2482 5845/9/2390 5846/9/1616 5840/9/2386
f 5840/9/2386 5846/9/1616 5847/9/2391 5841/9/2483
f 5841/9/2483 5847/9/2391 5848/9/2392 5842/9/2484
f 5842/9/2484 5848/9/2392 5843/9/1609 5837/9/2383
f 5843/9/1609 5849/9/2393 5850/9/2475 5844/9/2389
f 5844/9/2389 5850/9/2475 5851/9/2395 5845/9/2390
f 5845/9/2390 5851/9/2395 5852/9/2396 5846/9/1616
f 5846/9/1616 5852/9/2396 5853/9/2397 5847/9/2391
f 5847/9/2391 5853/9/2397 5854/9/2476 5848/9/2392
f 5848/9/2392 5854/9/2476 5849/9/2393 5843/9/1609
f 5849/9/2393 5855/9/2399 5856/9/2400 5850/9/2475
f 5850/9/2475 5856/9/2400 5857/9/2401 5851/9/2395
f 5851/9/2395 5857/9/2401 5858/9/2402 5852/9/2396
f 5852/9/2396 5858/9/2402 5859/9/2403 5853/9/2397
f 5853/9/2397 5859/9/2403 5860/9/2404 5854/9/2476
f 5854/9/2476 5860/9/2404 5855/9/2399 5849/9/2393
f 5855/9/2399 5789/9/1668 5790/9/2343 5856/9/2400
f 5856/9/2400 5790/9/2343 5791/9/2345 5857/9/2401
f 5857/9/2401 5791/9/2345 5792/9/1671 5858/9/2402
f 5858/9/2402 5792/9/1671 5793/9/2348 5859/9/2403
f 5859/9/2403 5793/9/2348 5794/9/2350 5860/9/2404
f 5860/9/2404 5794/9/2350 5789/9/1668 5855/9/2399
f 5861/9/1668 5867/9/2405 5868/9/2406 5862/9/2407
f 5862/9/2407 5868/9/2406 5869/9/2408 5863/9/2409
f 5863/9/2409 5869/9/2408 5870/9/2410 5864/9/1671
f 5864/9/1671 5870/9/2410 5871/9/2411 5865/9/2412
f 5865/9/2412 5871/9/2411 5872/9/2413 5866/9/2414
f 5866/9/2414 5872/9/2413 5867/9/2405 5861/9/1668
f 5867/9/2405 5873/9/2415 5874/9/2485 5868/9/2406
f 5868/9/2406 5874/9/2485 5875/9/2486 5869/9/2408
f 5869/9/2408 5875/9/2486 5876/9/2418 5870/9/2410
f 5870/9/2410 5876/9/2418 5877/9/2487 5871/9/2411
f 5871/9/2411 5877/9/2487 5878/9/2488 5872/9/2413
f 5872/9/2413 5878/9/2488 5873/9/2415 5867/9/2405
f 5873/9/2415 5879/9/1530 5880/9/2421 5874/9/2485
f 5874/9/2485 5880/9/2421 5881/9/2422 5875/9/2486
f 5875/9/2486 5881/9/2422 5882/9/1527 5876/9/2418
f 5876/9/2418 5882/9/1527 5883/9/2423 5877/9/2487
f 5877/9/2487 5883/9/2423 5884/9/2424 5878/9/2488
f 5878/9/2488 5884/9/2424 5879/9/1530 5873/9/2415
f 5879/9/1530 5885/9/2425 5886/9/2426 5880/9/2421
f 5880/9/2421 5886/9/2426 5887/9/2427 5881/9/2422
f 5881/9/2422 5887/9/2427 5888/9/2428 5882/9/1527
f 5882/9/1527 5888/9/2428 5889/9/2429 5883/9/2423
f 5883/9/2423 5889/9/2429 5890/9/2430 5884/9/2424
f 5884/9/2424 5890/9/2430 5885/9/2425 5879/9/1530
f 5885/9/2425 5891/9/2431 5892/9/2432 5886/9/2426
f 5886/9/2426 5892/9/2432 5893/9/2433 5887/9/2427
f 5887/9/2427 5893/9/2433 5894/9/2434 5888/9/2428
f 5888/9/2428 5894/9/2434 5895/9/2435 5889/9/2429
f 5889/9/2429 5895/9/2435 5896/9/2436 5890/9/2430
f 5890/9/2430 5896/9/2436 5891/9/2431 5885/9/2425
f 5891/9/2431 5897/9/1671 5898/9/2437 5892/9/2432
f 5892/9/2432 5898/9/2437 5899/9/2438 5893/9/2433
f 5893/9/2433 5899/9/2438 5900/9/1668 5894/9/2434
f 5894/9/2434 5900/9/1668 5901/9/2439 5895/9/2435
f 5895/9/2435 5901/9/2439 5902/9/2440 5896/9/2436
f 5896/9/2436 5902/9/2440 5897/9/1671 5891/9/2431
f 5897/9/1671 5903/9/2441 5904/9/2442 5898/9/2437
f 5898/9/2437 5904/9/2442 5905/9/2443 5899/9/2438
f 5899/9/2438 5905/9/2443 5906/9/2444 5900/9/1668
f 5900/9/1668 5906/9/2444 5907/9/2445 5901/9/2439
f 5901/9/2439 5907/9/2445 5908/9/2446 5902/9/2440
f 5902/9/2440 5908/9/2446 5903/9/2441 5897/9/1671
f 5903/9/2441 5909/9/2447 5910/9/2448 5904/9/2442
f 5904/9/2442 5910/9/2448 5911/9/2449 5905/9/2443
f 5905/9/2443 5911/9/2449 5912/9/2450 5906/9/2444
f 5906/9/2444 5912/9/2450 5913/9/2451 5907/9/2445
f 5907/9/2445 5913/9/2451 5914/9/2452 5908/9/2446
f 5908/9/2446 5914/9/2452 5909/9/2447 5903/9/2441
f 5909/9/2447 5915/9/1527 5916/9/2453 5910/9/2448
f 5910/9/2448 5916/9/2453 5917/9/2454 5911/9/2449
f 5911/9/2449 5917/9/2454 5918/9/1530 5912/9/2450
f 5912/9/2450 5918/9/1530 5919/9/2455 5913/9/2451
f 5913/9/2451 5919/9/2455 5920/9/2456 5914/9/2452
f 5914/9/2452 5920/9/2456 5915/9/1527 5909/9/2447
f 5915/9/1527 5921/9/2457 5922/9/2489 5916/9/2453
f 5916/9/2453 5922/9/2489 5923/9/2490 5917/9/2454
f 5917/9/2454 5923/9/2490 5924/9/2460 5918/9/1530
f 5918/9/1530 5924/9/2460 5925/9/2491 5919/9/2455
f 5919/9/2455 5925/9/2491 5926/9/2492 5920/9/2456
f 5920/9/2456 5926/9/2492 5921/9/2457 5915/9/1527
f 5921/9/2457 5927/9/2463 5928/9/2464 5922/9/2489
f 5922/9/2489 5928/9/2464 5929/9/2465 5923/9/2490
f 5923/9/2490 5929/9/2465 5930/9/2466 5924/9/2460
f 5924/9/2460 5930/9/2466 5931/9/2467 5925/9/2491
f 5925/9/2491 5931/9/2467 5932/9/2468 5926/9/2492
f 5926/9/2492 5932/9/2468 5927/9/2463 5921/9/2457
f 5927/9/2463 5861/9/1668 5862/9/2407 5928/9/2464
f 5928/9/2464 5862/9/2407 5863/9/2409 5929/9/2465
f 5929/9/2465 5863/9/2409 5864/9/1671 5930/9/2466
f 5930/9/2466 5864/9/1671 5865/9/2412 5931/9/2467
f 5931/9/2467 5865/9/2412 5866/9/2414 5932/9/2468
f 5932/9/2468 5866/9/2414 5861/9/1668 5927/9/2463
f 5933/9/1668 5939/9/2341 5940/9/2342 5934/9/2343
f 5934/9/2343 5940/9/2342 5941/9/2344 5935/9/2345
f 5935/9/2345 5941/9/2344 5942/9/2346 5936/9/1671
f 5936/9/1671 5942/9/2346 5943/9/2347 5937/9/2348
f 5937/9/2348 5943/9/2347 5944/9/2349 5938/9/2350
f 5938/9/2350 5944/9/2349 5939/9/2341 5933/9/1668
f 5939/9/2341 5945/9/2351 5946/9/2469 5940/9/2342
f 5940/9/2342 5946/9/2469 5947/9/2493 5941/9/2344
f 5941/9/2344 5947/9/2493 5948/9/2354 5942/9/2346
f 5942/9/2346 5948/9/2354 5949/9/2355 5943/9/2347
f 5943/9/2347 5949/9/2355 5950/9/2470 5944/9/2349
f 5944/9/2349 5950/9/2470 5945/9/2351 5939/9/2341
f 5945/9/2351 5951/9/1616 5952/9/2357 5946/9/2469
f 5946/9/2469 5952/9/2357 5953/9/2358 5947/9/2493
f 5947/9/2493 5953/9/2358 5954/9/1609 5948/9/2354
f 5948/9/2354 5954/9/1609 5955/9/2359 5949/9/2355
f 5949/9/2355 5955/9/2359 5956/9/2360 5950/9/2470
f 5950/9/2470 5956/9/2360 5951/9/1616 5945/9/2351
f 5951/9/1616 5957/9/2361 5958/9/2477 5952/9/2357
f 5952/9/2357 5958/9/2477 5959/9/2478 5953/9/2358
f 5953/9/2358 5959/9/2478 5960/9/2364 5954/9/1609
f 5954/9/1609 5960/9/2364 5961/9/2479 5955/9/2359
f 5955/9/2359 5961/9/2479 5962/9/2480 5956/9/2360
f 5956/9/2360 5962/9/2480 5957/9/2361 5951/9/1616
f 5957/9/2361 5963/9/2367 5964/9/2368 5958/9/2477
f 5958/9/2477 5964/9/2368 5965/9/2369 5959/9/2478
f 5959/9/2478 5965/9/2369 5966/9/2473 5960/9/2364
f 5960/9/2364 5966/9/2473 5967/9/2371 5961/9/2479
f 5961/9/2479 5967/9/2371 5968/9/2372 5962/9/2480
f 5962/9/2480 5968/9/2372 5963/9/2367 5957/9/2361
f 5963/9/2367 5969/9/1671 5970/9/2373 5964/9/2368
f 5964/9/2368 5970/9/2373 5971/9/2374 5965/9/2369
f 5965/9/2369 5971/9/2374 5972/9/1668 5966/9/2473
f 5966/9/2473 5972/9/1668 5973/9/2375 5967/9/2371
f 5967/9/2371 5973/9/2375 5974/9/2376 5968/9/2372
f 5968/9/2372 5974/9/2376 5969/9/1671 5963/9/2367
f 5969/9/1671 5975/9/2377 5976/9/2378 5970/9/2373
f 5970/9/2373 5976/9/2378 5977/9/2379 5971/9/2374
f 5971/9/2374 5977/9/2379 5978/9/2380 5972/9/1668
f 5972/9/1668 5978/9/2380 5979/9/2381 5973/9/2375
f 5973/9/2375 5979/9/2381 5980/9/2382 5974/9/2376
f 5974/9/2376 5980/9/2382 5975/9/2377 5969/9/1671
f 5975/9/2377 5981/9/2383 5982/9/2481 5976/9/2378
f 5976/9/2378 5982/9/2481 5983/9/2482 5977/9/2379
f 5977/9/2379 5983/9/2482 5984/9/2386 5978/9/2380
f 5978/9/2380 5984/9/2386 5985/9/2483 5979/9/2381
f 5979/9/2381 5985/9/2483 5986/9/2484 5980/9/2382
f 5980/9/2382 5986/9/2484 5981/9/2383 5975/9/2377
f 5981/9/2383 5987/9/1609 5988/9/2389 5982/9/2481
f 5982/9/2481 5988/9/2389 5989/9/2390 5983/9/2482
f 5983/9/2482 5989/9/2390 5990/9/1616 5984/9/2386
f 5984/9/2386 5990/9/1616 5991/9/2391 5985/9/2483
f 5985/9/2483 5991/9/2391 5992/9/2392 5986/9/2484
f 5986/9/2484 5992/9/2392 5987/9/1609 5981/9/2383
f 5987/9/1609 5993/9/2393 5994/9/2475 5988/9/2389
f 5988/9/2389 5994/9/2475 5995/9/2395 5989/9/2390
f 5989/9/2390 5995/9/2395 5996/9/2396 5990/9/1616
f 5990/9/1616 5996/9/2396 5997/9/2397 5991/9/2391
f 5991/9/2391 5997/9/2397 5998/9/2476 5992/9/2392
f 5992/9/2392 5998/9/2476 5993/9/2393 5987/9/1609
f 5993/9/2393 5999/9/2399 6000/9/2400 5994/9/2475
f 5994/9/2475 6000/9/2400 6001/9/2401 5995/9/2395
f 5995/9/2395 6001/9/2401 6002/9/2402 5996/9/2396
f 5996/9/2396 6002/9/2402 6003/9/2403 5997/9/2397
f 5997/9/2397 6003/9/2403 6004/9/2404 5998/9/2476
f 5998/9/2476 6004/9/2404 5999/9/2399 5993/9/2393
f 5999/9/2399 5933/9/1668 5934/9/2343 6000/9/2400
f 6000/9/2400 5934/9/2343 5935/9/2345 6001/9/2401
f 6001/9/2401 5935/9/2345 5936/9/1671 6002/9/2402
f 6002/9/2402 5936/9/1671 5937/9/2348 6003/9/2403
f 6003/9/2403 5937/9/2348 5938/9/2350 6004/9/2404
f 6004/9/2404 5938/9/2350 5933/9/1668 5999/9/2399
f 6005/9/1668 6011/9/2405 6012/9/2406 6006/9/2407
f 6006/9/2407 6012/9/2406 6013/9/2408 6007/9/2409
f 6007/9/2409 6013/9/2408 6014/9/2494 6008/9/1671
f 6008/9/1671 6014/9/2494 6015/9/2411 6009/9/2495
f 6009/9/2495 6015/9/2411 6016/9/2413 6010/9/2414
f 6010/9/2414 6016/9/2413 6011/9/2405 6005/9/1668
f 6011/9/2405 6017/9/2415 6018/9/2416 6012/9/2406
f 6012/9/2406 6018/9/2416 6019/9/2496 6013/9/2408
f 6013/9/2408 6019/9/2496 6020/9/2418 6014/9/2494
f 6014/9/2494 6020/9/2418 6021/9/2497 6015/9/2411
f 6015/9/2411 6021/9/2497 6022/9/2420 6016/9/2413
f 6016/9/2413 6022/9/2420 6017/9/2415 6011/9/2405
f 6017/9/2415 6023/9/1530 6024/9/2421 6018/9/2416
f 6018/9/2416 6024/9/2421 6025/9/2422 6019/9/2496
f 6019/9/2496 6025/9/2422 6026/9/1527 6020/9/2418
f 6020/9/2418 6026/9/1527 6027/9/2423 6021/9/2497
f 6021/9/2497 6027/9/2423 6028/9/2424 6022/9/2420
f 6022/9/2420 6028/9/2424 6023/9/1530 6017/9/2415
f 6023/9/1530 6029/9/2425 6030/9/2426 6024/9/2421
f 6024/9/2421 6030/9/2426 6031/9/2498 6025/9/2422
f 6025/9/2422 6031/9/2498 6032/9/2428 6026/9/1527
f 6026/9/1527 6032/9/2428 6033/9/2499 6027/9/2423
f 6027/9/2423 6033/9/2499 6034/9/2430 6028/9/2424
f 6028/9/2424 6034/9/2430 6029/9/2425 6023/9/1530
f 6029/9/2425 6035/9/2431 6036/9/2432 6030/9/2426
f 6030/9/2426 6036/9/2432 6037/9/2433 6031/9/2498
f 6031/9/2498 6037/9/2433 6038/9/2434 6032/9/2428
f 6032/9/2428 6038/9/2434 6039/9/2435 6033/9/2499
f 6033/9/2499 6039/9/2435 6040/9/2436 6034/9/2430
f 6034/9/2430 6040/9/2436 6035/9/2431 6029/9/2425
f 6035/9/2431 6041/9/1671 6042/9/2437 6036/9/2432
f 6036/9/2432 6042/9/2437 6043/9/2438 6037/9/2433
f 6037/9/2433 6043/9/2438 6044/9/1668 6038/9/2434
f 6038/9/2434 6044/9/1668 6045/9/2439 6039/9/2435
f 6039/9/2435 6045/9/2439 6046/9/2440 6040/9/2436
f 6040/9/2436 6046/9/2440 6041/9/1671 6035/9/2431
f 6041/9/1671 6047/9/2441 6048/9/2442 6042/9/2437
f 6042/9/2437 6048/9/2442 6049/9/2443 6043/9/2438
f 6043/9/2438 6049/9/2443 6050/9/2444 6044/9/1668
f 6044/9/1668 6050/9/2444 6051/9/2445 6045/9/2439
f 6045/9/2439 6051/9/2445 6052/9/2446 6046/9/2440
f 6046/9/2440 6052/9/2446 6047/9/2441 6041/9/1671
f 6047/9/2441 6053/9/2447 6054/9/2448 6048/9/2442
f 6048/9/2442 6054/9/2448 6055/9/2449 6049/9/2443
f 6049/9/2443 6055/9/2449 6056/9/2450 6050/9/2444
f 6050/9/2444 6056/9/2450 6057/9/2451 6051/9/2445
f 6051/9/2445 6057/9/2451 6058/9/2452 6052/9/2446
f 6052/9/2446 6058/9/2452 6053/9/2447 6047/9/2441
f 6053/9/2447 6059/9/1527 6060/9/2453 6054/9/2448
f 6054/9/2448 6060/9/2453 6061/9/2454 6055/9/2449
f 6055/9/2449 6061/9/2454 6062/9/1530 6056/9/2450
f 6056/9/2450 6062/9/1530 6063/9/2455 6057/9/2451
f 6057/9/2451 6063/9/2455 6064/9/2456 6058/9/2452
f 6058/9/2452 6064/9/2456 6059/9/1527 6053/9/2447
f 6059/9/1527 6065/9/2457 6066/9/2458 6060/9/2453
f 6060/9/2453 6066/9/2458 6067/9/2500 6061/9/2454
f 6061/9/2454 6067/9/2500 6068/9/2460 6062/9/1530
f 6062/9/1530 6068/9/2460 6069/9/2501 6063/9/2455
f 6063/9/2455 6069/9/2501 6070/9/2462 6064/9/2456
f 6064/9/2456 6070/9/2462 6065/9/2457 6059/9/1527
f 6065/9/2457 6071/9/2463 6072/9/2464 6066/9/2458
f 6066/9/2458 6072/9/2464 6073/9/2465 6067/9/2500
f 6067/9/2500 6073/9/2465 6074/9/2502 6068/9/2460
f 6068/9/2460 6074/9/2502 6075/9/2467 6069/9/2501
f 6069/9/2501 6075/9/2467 6076/9/2468 6070/9/2462
f 6070/9/2462 6076/9/2468 6071/9/2463 6065/9/2457
f 6071/9/2463 6005/9/1668 6006/9/2407 6072/9/2464
f 6072/9/2464 6006/9/2407 6007/9/2409 6073/9/2465
f 6073/9/2465 6007/9/2409 6008/9/1671 6074/9/2502
f 6074/9/2502 6008/9/1671 6009/9/2495 6075/9/2467
f 6075/9/2467 6009/9/2495 6010/9/2414 6076/9/2468
f 6076/9/2468 6010/9/2414 6005/9/1668 6071/9/2463
f 6077/9/1527 6083/9/2272 6084/9/2277 6078/9/2281
f 6078/9/2281 6084/9/2277 6085/9/2276 6079/9/2280
f 6079/9/2280 6085/9/2276 6086/9/2503 6080/9/1530
f 6080/9/1530 6086/9/2503 6087/9/2274 6081/9/2279
f 6081/9/2279 6087/9/2274 6088/9/2273 6082/9/2278
f 6082/9/2278 6088/9/2273 6083/9/2272 6077/9/1527
f 6083/9/2272 6089/9/2266 6090/9/2271 6084/9/2277
f 6084/9/2277 6090/9/2271 6091/9/2504 6085/9/2276
f 6085/9/2276 6091/9/2504 6092/9/2269 6086/9/2503
f 6086/9/2503 6092/9/2269 6093/9/2505 6087/9/2274
f 6087/9/2274 6093/9/2505 6094/9/2267 6088/9/2273
f 6088/9/2273 6094/9/2267 6089/9/2266 6083/9/2272
f 6089/9/2266 6095/9/1616 6096/9/2265 6090/9/2271
f 6090/9/2271 6096/9/2265 6097/9/2264 6091/9/2504
f 6091/9/2504 6097/9/2264 6098/9/1609 6092/9/2269
f 6092/9/2269 6098/9/1609 6099/9/2263 6093/9/2505
f 6093/9/2505 6099/9/2263 6100/9/2262 6094/9/2267
f 6094/9/2267 6100/9/2262 6095/9/1616 6089/9/2266
f 6095/9/1616 6101/9/2256 6102/9/2261 6096/9/2265
f 6096/9/2265 6102/9/2261 6103/9/2506 6097/9/2264
f 6097/9/2264 6103/9/2506 6104/9/2259 6098/9/1609
f 6098/9/1609 6104/9/2259 6105/9/2507 6099/9/2263
f 6099/9/2263 6105/9/2507 6106/9/2257 6100/9/2262
f 6100/9/2262 6106/9/2257 6101/9/2256 6095/9/1616
f 6101/9/2256 6107/9/2246 6108/9/2254 6102/9/2261
f 6102/9/2261 6108/9/2254 6109/9/2252 6103/9/2506
f 6103/9/2506 6109/9/2252 6110/9/2508 6104/9/2259
f 6104/9/2259 6110/9/2508 6111/9/2249 6105/9/2507
f 6105/9/2507 6111/9/2249 6112/9/2247 6106/9/2257
f 6106/9/2257 6112/9/2247 6107/9/2246 6101/9/2256
f 6107/9/2246 6113/9/1530 6114/9/2255 6108/9/2254
f 6108/9/2254 6114/9/2255 6115/9/2253 6109/9/2252
f 6109/9/2252 6115/9/2253 6116/9/1527 6110/9/2508
f 6110/9/2508 6116/9/1527 6117/9/2250 6111/9/2249
f 6111/9/2249 6117/9/2250 6118/9/2248 6112/9/2247
f 6112/9/2247 6118/9/2248 6113/9/1530 6107/9/2246
f 6113/9/1530 6119/9/2304 6120/9/2309 6114/9/2255
f 6114/9/2255 6120/9/2309 6121/9/2308 6115/9/2253
f 6115/9/2253 6121/9/2308 6122/9/2509 6116/9/1527
f 6116/9/1527 6122/9/2509 6123/9/2306 6117/9/2250
f 6117/9/2250 6123/9/2306 6124/9/2305 6118/9/2248
f 6118/9/2248 6124/9/2305 6119/9/2304 6113/9/1530
f 6119/9/2304 6125/9/2298 6126/9/2303 6120/9/2309
f 6120/9/2309 6126/9/2303 6127/9/2510 6121/9/2308
f 6121/9/2308 6127/9/2510 6128/9/2301 6122/9/2509
f 6122/9/2509 6128/9/2301 6129/9/2511 6123/9/2306
f 6123/9/2306 6129/9/2511 6130/9/2299 6124/9/2305
f 6124/9/2305 6130/9/2299 6125/9/2298 6119/9/2304
f 6125/9/2298 6131/9/1609 6132/9/2297 6126/9/2303
f 6126/9/2303 6132/9/2297 6133/9/2296 6127/9/2510
f 6127/9/2510 6133/9/2296 6134/9/1616 6128/9/2301
f 6128/9/2301 6134/9/1616 6135/9/2295 6129/9/2511
f 6129/9/2511 6135/9/2295 6136/9/2294 6130/9/2299
f 6130/9/2299 6136/9/2294 6131/9/1609 6125/9/2298
f 6131/9/1609 6137/9/2288 6138/9/2293 6132/9/2297
f 6132/9/2297 6138/9/2293 6139/9/2512 6133/9/2296
f 6133/9/2296 6139/9/2512 6140/9/2291 6134/9/1616
f 6134/9/1616 6140/9/2291 6141/9/2513 6135/9/2295
f 6135/9/2295 6141/9/2513 6142/9/2289 6136/9/2294
f 6136/9/2294 6142/9/2289 6137/9/2288 6131/9/1609
f 6137/9/2288 6143/9/2282 6144/9/2287 6138/9/2293
f 6138/9/2293 6144/9/2287 6145/9/2286 6139/9/2512
f 6139/9/2512 6145/9/2286 6146/9/2514 6140/9/2291
f 6140/9/2291 6146/9/2514 6147/9/2284 6141/9/2513
f 6141/9/2513 6147/9/2284 6148/9/2283 6142/9/2289
f 6142/9/2289 6148/9/2283 6143/9/2282 6137/9/2288
f 6143/9/2282 6077/9/1527 6078/9/2281 6144/9/2287
f 6144/9/2287 6078/9/2281 6079/9/2280 6145/9/2286
f 6145/9/2286 6079/9/2280 6080/9/1530 6146/9/2514
f 6146/9/2514 6080/9/1530 6081/9/2279 6147/9/2284
f 6147/9/2284 6081/9/2279 6082/9/2278 6148/9/2283
f 6148/9/2283 6082/9/2278 6077/9/1527 6143/9/2282
f 6149/9/1527 6155/9/2218 6156/9/2219 6150/9/2214
f 6150/9/2214 6156/9/2219 6157/9/2220 6151/9/2215
f 6151/9/2215 6157/9/2220 6158/9/2515 6152/9/1530
f 6152/9/1530 6158/9/2515 6159/9/2222 6153/9/2216
f 6153/9/2216 6159/9/2222 6160/9/2223 6154/9/2217
f 6154/9/2217 6160/9/2223 6155/9/2218 6149/9/1527
f 6155/9/2218 6161/9/2224 6162/9/2328 6156/9/2219
f 6156/9/2219 6162/9/2328 6163/9/2516 6157/9/2220
f 6157/9/2220 6163/9/2516 6164/9/2227 6158/9/2515
f 6158/9/2515 6164/9/2227 6165/9/2517 6159/9/2222
f 6159/9/2222 6165/9/2517 6166/9/2331 6160/9/2223
f 6160/9/2223 6166/9/2331 6161/9/2224 6155/9/2218
f 6161/9/2224 6167/9/1668 6168/9/2230 6162/9/2328
f 6162/9/2328 6168/9/2230 6169/9/2231 6163/9/2516
f 6163/9/2516 6169/9/2231 6170/9/1671 6164/9/2227
f 6164/9/2227 6170/9/1671 6171/9/2232 6165/9/2517
f 6165/9/2517 6171/9/2232 6172/9/2233 6166/9/2331
f 6166/9/2331 6172/9/2233 6167/9/1668 6161/9/2224
f 6167/9/1668 6173/9/2234 6174/9/2235 6168/9/2230
f 6168/9/2230 6174/9/2235 6175/9/2236 6169/9/2231
f 6169/9/2231 6175/9/2236 6176/9/2237 6170/9/1671
f 6170/9/1671 6176/9/2237 6177/9/2238 6171/9/2232
f 6171/9/2232 6177/9/2238 6178/9/2239 6172/9/2233
f 6172/9/2233 6178/9/2239 6173/9/2234 6167/9/1668
f 6173/9/2234 6179/9/2240 6180/9/2241 6174/9/2235
f 6174/9/2235 6180/9/2241 6181/9/2242 6175/9/2236
f 6175/9/2236 6181/9/2242 6182/9/2243 6176/9/2237
f 6176/9/2237 6182/9/2243 6183/9/2244 6177/9/2238
f 6177/9/2238 6183/9/2244 6184/9/2245 6178/9/2239
f 6178/9/2239 6184/9/2245 6179/9/2240 6173/9/2234
f 6179/9/2240 6185/9/1530 6186/9/2184 6180/9/2241
f 6180/9/2241 6186/9/2184 6187/9/2186 6181/9/2242
f 6181/9/2242 6187/9/2186 6188/9/1527 6182/9/2243
f 6182/9/2243 6188/9/1527 6189/9/2189 6183/9/2244
f 6183/9/2244 6189/9/2189 6190/9/2191 6184/9/2245
f 6184/9/2245 6190/9/2191 6185/9/1530 6179/9/2240
f 6185/9/1530 6191/9/2182 6192/9/2183 6186/9/2184
f 6186/9/2184 6192/9/2183 6193/9/2185 6187/9/2186
f 6187/9/2186 6193/9/2185 6194/9/2187 6188/9/1527
f 6188/9/1527 6194/9/2187 6195/9/2188 6189/9/2189
f 6189/9/2189 6195/9/2188 6196/9/2190 6190/9/2191
f 6190/9/2191 6196/9/2190 6191/9/2182 6185/9/1530
f 6191/9/2182 6197/9/2192 6198/9/2311 6192/9/2183
f 6192/9/2183 6198/9/2311 6199/9/2194 6193/9/2185
f 6193/9/2185 6199/9/2194 6200/9/2195 6194/9/2187
f 6194/9/2187 6200/9/2195 6201/9/2196 6195/9/2188
f 6195/9/2188 6201/9/2196 6202/9/2314 6196/9/2190
f 6196/9/2190 6202/9/2314 6197/9/2192 6191/9/2182
f 6197/9/2192 6203/9/1671 6204/9/2198 6198/9/2311
f 6198/9/2311 6204/9/2198 6205/9/2199 6199/9/2194
f 6199/9/2194 6205/9/2199 6206/9/1668 6200/9/2195
f 6200/9/2195 6206/9/1668 6207/9/2200 6201/9/2196
f 6201/9/2196 6207/9/2200 6208/9/2201 6202/9/2314
f 6202/9/2314 6208/9/2201 6203/9/1671 6197/9/2192
f 6203/9/1671 6209/9/2202 6210/9/2203 6204/9/2198
f 6204/9/2198 6210/9/2203 6211/9/2204 6205/9/2199
f 6205/9/2199 6211/9/2204 6212/9/2205 6206/9/1668
f 6206/9/1668 6212/9/2205 6213/9/2206 6207/9/2200
f 6207/9/2200 6213/9/2206 6214/9/2207 6208/9/2201
f 6208/9/2201 6214/9/2207 6209/9/2202 6203/9/1671
f 6209/9/2202 6215/9/2208 6216/9/2209 6210/9/2203
f 6210/9/2203 6216/9/2209 6217/9/2210 6211/9/2204
f 6211/9/2204 6217/9/2210 6218/9/2211 6212/9/2205
f 6212/9/2205 6218/9/2211 6219/9/2212 6213/9/2206
f 6213/9/2206 6219/9/2212 6220/9/2213 6214/9/2207
f 6214/9/2207 6220/9/2213 6215/9/2208 6209/9/2202
f 6215/9/2208 6149/9/1527 6150/9/2214 6216/9/2209
f 6216/9/2209 6150/9/2214 6151/9/2215 6217/9/2210
f 6217/9/2210 6151/9/2215 6152/9/1530 6218/9/2211
f 6218/9/2211 6152/9/1530 6153/9/2216 6219/9/2212
f 6219/9/2212 6153/9/2216 6154/9/2217 6220/9/2213
f 6220/9/2213 6154/9/2217 6149/9/1527 6215/9/2208
f 6221/9/1527 6227/9/2272 6228/9/2277 6222/9/2281
f 6222/9/2281 6228/9/2277 6229/9/2276 6223/9/2280
f 6223/9/2280 6229/9/2276 6230/9/2503 6224/9/1530
f 6224/9/1530 6230/9/2503 6231/9/2274 6225/9/2279
f 6225/9/2279 6231/9/2274 6232/9/2273 6226/9/2278
f 6226/9/2278 6232/9/2273 6227/9/2272 6221/9/1527
f 6227/9/2272 6233/9/2266 6234/9/2271 6228/9/2277
f 6228/9/2277 6234/9/2271 6235/9/2504 6229/9/2276
f 6229/9/2276 6235/9/2504 6236/9/2269 6230/9/2503
f 6230/9/2503 6236/9/2269 6237/9/2505 6231/9/2274
f 6231/9/2274 6237/9/2505 6238/9/2267 6232/9/2273
f 6232/9/2273 6238/9/2267 6233/9/2266 6227/9/2272
f 6233/9/2266 6239/9/1616 6240/9/2265 6234/9/2271
f 6234/9/2271 6240/9/2265 6241/9/2264 6235/9/2504
f 6235/9/2504 6241/9/2264 6242/9/1609 6236/9/2269
f 6236/9/2269 6242/9/1609 6243/9/2263 6237/9/2505
f 6237/9/2505 6243/9/2263 6244/9/2262 6238/9/2267
f 6238/9/2267 6244/9/2262 6239/9/1616 6233/9/2266
f 6239/9/1616 6245/9/2256 6246/9/2261 6240/9/2265
f 6240/9/2265 6246/9/2261 6247/9/2506 6241/9/2264
f 6241/9/2264 6247/9/2506 6248/9/2259 6242/9/1609
f 6242/9/1609 6248/9/2259 6249/9/2507 6243/9/2263
f 6243/9/2263 6249/9/2507 6250/9/2257 6244/9/2262
f 6244/9/2262 6250/9/2257 6245/9/2256 6239/9/1616
f 6245/9/2256 6251/9/2246 6252/9/2254 6246/9/2261
f 6246/9/2261 6252/9/2254 6253/9/2252 6247/9/2506
f 6247/9/2506 6253/9/2252 6254/9/2508 6248/9/2259
f 6248/9/2259 6254/9/2508 6255/9/2249 6249/9/2507
f 6249/9/2507 6255/9/2249 6256/9/2247 6250/9/2257
f 6250/9/2257 6256/9/2247 6251/9/2246 6245/9/2256
f 6251/9/2246 6257/9/1530 6258/9/2255 6252/9/2254
f 6252/9/2254 6258/9/2255 6259/9/2253 6253/9/2252
f 6253/9/2252 6259/9/2253 6260/9/1527 6254/9/2508
f 6254/9/2508 6260/9/1527 6261/9/2250 6255/9/2249
f 6255/9/2249 6261/9/2250 6262/9/2248 6256/9/2247
f 6256/9/2247 6262/9/2248 6257/9/1530 6251/9/2246
f 6257/9/1530 6263/9/2304 6264/9/2309 6258/9/2255
f 6258/9/2255 6264/9/2309 6265/9/2308 6259/9/2253
f 6259/9/2253 6265/9/2308 6266/9/2509 6260/9/1527
f 6260/9/1527 6266/9/2509 6267/9/2306 6261/9/2250
f 6261/9/2250 6267/9/2306 6268/9/2305 6262/9/2248
f 6262/9/2248 6268/9/2305 6263/9/2304 6257/9/1530
f 6263/9/2304 6269/9/2298 6270/9/2303 6264/9/2309
f 6264/9/2309 6270/9/2303 6271/9/2510 6265/9/2308
f 6265/9/2308 6271/9/2510 6272/9/2301 6266/9/2509
f 6266/9/2509 6272/9/2301 6273/9/2511 6267/9/2306
f 6267/9/2306 6273/9/2511 6274/9/2299 6268/9/2305
f 6268/9/2305 6274/9/2299 6269/9/2298 6263/9/2304
f 6269/9/2298 6275/9/1609 6276/9/2297 6270/9/2303
f 6270/9/2303 6276/9/2297 6277/9/2296 6271/9/2510
f 6271/9/2510 6277/9/2296 6278/9/1616 6272/9/2301
f 6272/9/2301 6278/9/1616 6279/9/2295 6273/9/2511
f 6273/9/2511 6279/9/2295 6280/9/2294 6274/9/2299
f 6274/9/2299 6280/9/2294 6275/9/1609 6269/9/2298
f 6275/9/1609 6281/9/2288 6282/9/2293 6276/9/2297
f 6276/9/2297 6282/9/2293 6283/9/2512 6277/9/2296
f 6277/9/2296 6283/9/2512 6284/9/2291 6278/9/1616
f 6278/9/1616 6284/9/2291 6285/9/2513 6279/9/2295
f 6279/9/2295 6285/9/2513 6286/9/2289 6280/9/2294
f 6280/9/2294 6286/9/2289 6281/9/2288 6275/9/1609
f 6281/9/2288 6287/9/2282 6288/9/2287 6282/9/2293
f 6282/9/2293 6288/9/2287 6289/9/2286 6283/9/2512
f 6283/9/2512 6289/9/2286 6290/9/2514 6284/9/2291
f 6284/9/2291 6290/9/2514 6291/9/2284 6285/9/2513
f 6285/9/2513 6291/9/2284 6292/9/2283 6286/9/2289
f 6286/9/2289 6292/9/2283 6287/9/2282 6281/9/2288
f 6287/9/2282 6221/9/1527 6222/9/2281 6288/9/2287
f 6288/9/2287 6222/9/2281 6223/9/2280 6289/9/2286
f 6289/9/2286 6223/9/2280 6224/9/1530 6290/9/2514
f 6290/9/2514 6224/9/1530 6225/9/2279 6291/9/2284
f 6291/9/2284 6225/9/2279 6226/9/2278 6292/9/2283
f 6292/9/2283 6226/9/2278 6221/9/1527 6287/9/2282
f 6293/9/1527 6299/9/2218 6300/9/2219 6294/9/2214
f 6294/9/2214 6300/9/2219 6301/9/2220 6295/9/2215
f 6295/9/2215 6301/9/2220 6302/9/2515 6296/9/1530
f 6296/9/1530 6302/9/2515 6303/9/2222 6297/9/2216
f 6297/9/2216 6303/9/2222 6304/9/2223 6298/9/2217
f 6298/9/2217 6304/9/2223 6299/9/2218 6293/9/1527
f 6299/9/2218 6305/9/2224 6306/9/2328 6300/9/2219
f 6300/9/2219 6306/9/2328 6307/9/2516 6301/9/2220
f 6301/9/2220 6307/9/2516 6308/9/2227 6302/9/2515
f 6302/9/2515 6308/9/2227 6309/9/2517 6303/9/2222
f 6303/9/2222 6309/9/2517 6310/9/2331 6304/9/2223
f 6304/9/2223 6310/9/2331 6305/9/2224 6299/9/2218
f 6305/9/2224 6311/9/1668 6312/9/2230 6306/9/2328
f 6306/9/2328 6312/9/2230 6313/9/2231 6307/9/2516
f 6307/9/2516 6313/9/2231 6314/9/1671 6308/9/2227
f 6308/9/2227 6314/9/1671 6315/9/2232 6309/9/2517
f 6309/9/2517 6315/9/2232 6316/9/2233 6310/9/2331
f 6310/9/2331 6316/9/2233 6311/9/1668 6305/9/2224
f 6311/9/1668 6317/9/2234 6318/9/2320 6312/9/2230
f 6312/9/2230 6318/9/2320 6319/9/2518 6313/9/2231
f 6313/9/2231 6319/9/2518 6320/9/2237 6314/9/1671
f 6314/9/1671 6320/9/2237 6321/9/2519 6315/9/2232
f 6315/9/2232 6321/9/2519 6322/9/2323 6316/9/2233
f 6316/9/2233 6322/9/2323 6317/9/2234 6311/9/1668
f 6317/9/2234 6323/9/2240 6324/9/2241 6318/9/2320
f 6318/9/2320 6324/9/2241 6325/9/2242 6319/9/2518
f 6319/9/2518 6325/9/2242 6326/9/2243 6320/9/2237
f 6320/9/2237 6326/9/2243 6327/9/2244 6321/9/2519
f 6321/9/2519 6327/9/2244 6328/9/2245 6322/9/2323
f 6322/9/2323 6328/9/2245 6323/9/2240 6317/9/2234
f 6323/9/2240 6329/9/1530 6330/9/2184 6324/9/2241
f 6324/9/2241 6330/9/2184 6331/9/2186 6325/9/2242
f 6325/9/2242 6331/9/2186 6332/9/1527 6326/9/2243
f 6326/9/2243 6332/9/1527 6333/9/2189 6327/9/2244
f 6327/9/2244 6333/9/2189 6334/9/2191 6328/9/2245
f 6328/9/2245 6334/9/2191 6329/9/1530 6323/9/2240
f 6329/9/1530 6335/9/2182 6336/9/2183 6330/9/2184
f 6330/9/2184 6336/9/2183 6337/9/2185 6331/9/2186
f 6331/9/2186 6337/9/2185 6338/9/2187 6332/9/1527
f 6332/9/1527 6338/9/2187 6339/9/2188 6333/9/2189
f 6333/9/2189 6339/9/2188 6340/9/2190 6334/9/2191
f 6334/9/2191 6340/9/2190 6335/9/2182 6329/9/1530
f 6335/9/2182 6341/9/2192 6342/9/2311 6336/9/2183
f 6336/9/2183 6342/9/2311 6343/9/2520 6337/9/2185
f 6337/9/2185 6343/9/2520 6344/9/2195 6338/9/2187
f 6338/9/2187 6344/9/2195 6345/9/2521 6339/9/2188
f 6339/9/2188 6345/9/2521 6346/9/2314 6340/9/2190
f 6340/9/2190 6346/9/2314 6341/9/2192 6335/9/2182
f 6341/9/2192 6347/9/1671 6348/9/2198 6342/9/2311
f 6342/9/2311 6348/9/2198 6349/9/2199 6343/9/2520
f 6343/9/2520 6349/9/2199 6350/9/1668 6344/9/2195
f 6344/9/2195 6350/9/1668 6351/9/2200 6345/9/2521
f 6345/9/2521 6351/9/2200 6352/9/2201 6346/9/2314
f 6346/9/2314 6352/9/2201 6347/9/1671 6341/9/2192
f 6347/9/1671 6353/9/2202 6354/9/2203 6348/9/2198
f 6348/9/2198 6354/9/2203 6355/9/2204 6349/9/2199
f 6349/9/2199 6355/9/2204 6356/9/2205 6350/9/1668
f 6350/9/1668 6356/9/2205 6357/9/2206 6351/9/2200
f 6351/9/2200 6357/9/2206 6358/9/2207 6352/9/2201
f 6352/9/2201 6358/9/2207 6353/9/2202 6347/9/1671
f 6353/9/2202 6359/9/2208 6360/9/2209 6354/9/2203
f 6354/9/2203 6360/9/2209 6361/9/2210 6355/9/2204
f 6355/9/2204 6361/9/2210 6362/9/2211 6356/9/2205
f 6356/9/2205 6362/9/2211 6363/9/2212 6357/9/2206
f 6357/9/2206 6363/9/2212 6364/9/2213 6358/9/2207
f 6358/9/2207 6364/9/2213 6359/9/2208 6353/9/2202
f 6359/9/2208 6293/9/1527 6294/9/2214 6360/9/2209
f 6360/9/2209 6294/9/2214 6295/9/2215 6361/9/2210
f 6361/9/2210 6295/9/2215 6296/9/1530 6362/9/2211
f 6362/9/2211 6296/9/1530 6297/9/2216 6363/9/2212
f 6363/9/2212 6297/9/2216 6298/9/2217 6364/9/2213
f 6364/9/2213 6298/9/2217 6293/9/1527 6359/9/2208
f 6365/9/1527 6371/9/2272 6372/9/2277 6366/9/2281
f 6366/9/2281 6372/9/2277 6373/9/2276 6367/9/2280
f 6367/9/2280 6373/9/2276 6374/9/2503 6368/9/1530
f 6368/9/1530 6374/9/2503 6375/9/2274 6369/9/2279
f 6369/9/2279 6375/9/2274 6376/9/2273 6370/9/2278
f 6370/9/2278 6376/9/2273 6371/9/2272 6365/9/1527
f 6371/9/2272 6377/9/2266 6378/9/2271 6372/9/2277
f 6372/9/2277 6378/9/2271 6379/9/2522 6373/9/2276
f 6373/9/2276 6379/9/2522 6380/9/2269 6374/9/2503
f 6374/9/2503 6380/9/2269 6381/9/2523 6375/9/2274
f 6375/9/2274 6381/9/2523 6382/9/2524 6376/9/2273
f 6376/9/2273 6382/9/2524 6377/9/2266 6371/9/2272
f 6377/9/2266 6383/9/1616 6384/9/2265 6378/9/2271
f 6378/9/2271 6384/9/2265 6385/9/2264 6379/9/2522
f 6379/9/2522 6385/9/2264 6386/9/1609 6380/9/2269
f 6380/9/2269 6386/9/1609 6387/9/2263 6381/9/2523
f 6381/9/2523 6387/9/2263 6388/9/2262 6382/9/2524
f 6382/9/2524 6388/9/2262 6383/9/1616 6377/9/2266
f 6383/9/1616 6389/9/2256 6390/9/2261 6384/9/2265
f 6384/9/2265 6390/9/2261 6391/9/2506 6385/9/2264
f 6385/9/2264 6391/9/2506 6392/9/2259 6386/9/1609
f 6386/9/1609 6392/9/2259 6393/9/2507 6387/9/2263
f 6387/9/2263 6393/9/2507 6394/9/2257 6388/9/2262
f 6388/9/2262 6394/9/2257 6389/9/2256 6383/9/1616
f 6389/9/2256 6395/9/2246 6396/9/2254 6390/9/2261
f 6390/9/2261 6396/9/2254 6397/9/2252 6391/9/2506
f 6391/9/2506 6397/9/2252 6398/9/2508 6392/9/2259
f 6392/9/2259 6398/9/2508 6399/9/2249 6393/9/2507
f 6393/9/2507 6399/9/2249 6400/9/2247 6394/9/2257
f 6394/9/2257 6400/9/2247 6395/9/2246 6389/9/2256
f 6395/9/2246 6401/9/1530 6402/9/2255 6396/9/2254
f 6396/9/2254 6402/9/2255 6403/9/2253 6397/9/2252
f 6397/9/2252 6403/9/2253 6404/9/1527 6398/9/2508
f 6398/9/2508 6404/9/1527 6405/9/2250 6399/9/2249
f 6399/9/2249 6405/9/2250 6406/9/2248 6400/9/2247
f 6400/9/2247 6406/9/2248 6401/9/1530 6395/9/2246
f 6401/9/1530 6407/9/2304 6408/9/2309 6402/9/2255
f 6402/9/2255 6408/9/2309 6409/9/2308 6403/9/2253
f 6403/9/2253 6409/9/2308 6410/9/2509 6404/9/1527
f 6404/9/1527 6410/9/2509 6411/9/2306 6405/9/2250
f 6405/9/2250 6411/9/2306 6412/9/2305 6406/9/2248
f 6406/9/2248 6412/9/2305 6407/9/2304 6401/9/1530
f 6407/9/2304 6413/9/2298 6414/9/2303 6408/9/2309
f 6408/9/2309 6414/9/2303 6415/9/2510 6409/9/2308
f 6409/9/2308 6415/9/2510 6416/9/2301 6410/9/2509
f 6410/9/2509 6416/9/2301 6417/9/2511 6411/9/2306
f 6411/9/2306 6417/9/2511 6418/9/2299 6412/9/2305
f 6412/9/2305 6418/9/2299 6413/9/2298 6407/9/2304
f 6413/9/2298 6419/9/1609 6420/9/2297 6414/9/2303
f 6414/9/2303 6420/9/2297 6421/9/2296 6415/9/2510
f 6415/9/2510 6421/9/2296 6422/9/1616 6416/9/2301
f 6416/9/2301 6422/9/1616 6423/9/2295 6417/9/2511
f 6417/9/2511 6423/9/2295 6424/9/2294 6418/9/2299
f 6418/9/2299 6424/9/2294 6419/9/1609 6413/9/2298
f 6419/9/1609 6425/9/2288 6426/9/2525 6420/9/2297
f 6420/9/2297 6426/9/2525 6427/9/2526 6421/9/2296
f 6421/9/2296 6427/9/2526 6428/9/2291 6422/9/1616
f 6422/9/1616 6428/9/2291 6429/9/2527 6423/9/2295
f 6423/9/2295 6429/9/2527 6430/9/2528 6424/9/2294
f 6424/9/2294 6430/9/2528 6425/9/2288 6419/9/1609
f 6425/9/2288 6431/9/2282 6432/9/2287 6426/9/2525
f 6426/9/2525 6432/9/2287 6433/9/2286 6427/9/2526
f 6427/9/2526 6433/9/2286 6434/9/2514 6428/9/2291
f 6428/9/2291 6434/9/2514 6435/9/2284 6429/9/2527
f 6429/9/2527 6435/9/2284 6436/9/2283 6430/9/2528
f 6430/9/2528 6436/9/2283 6431/9/2282 6425/9/2288
f 6431/9/2282 6365/9/1527 6366/9/2281 6432/9/2287
f 6432/9/2287 6366/9/2281 6367/9/2280 6433/9/2286
f 6433/9/2286 6367/9/2280 6368/9/1530 6434/9/2514
f 6434/9/2514 6368/9/1530 6369/9/2279 6435/9/2284
f 6435/9/2284 6369/9/2279 6370/9/2278 6436/9/2283
f 6436/9/2283 6370/9/2278 6365/9/1527 6431/9/2282
f 6437/9/1527 6443/9/2218 6444/9/2219 6438/9/2214
f 6438/9/2214 6444/9/2219 6445/9/2220 6439/9/2215
f 6439/9/2215 6445/9/2220 6446/9/2515 6440/9/1530
f 6440/9/1530 6446/9/2515 6447/9/2222 6441/9/2216
f 6441/9/2216 6447/9/2222 6448/9/2223 6442/9/2217
f 6442/9/2217 6448/9/2223 6443/9/2218 6437/9/1527
f 6443/9/2218 6449/9/2224 6450/9/2328 6444/9/2219
f 6444/9/2219 6450/9/2328 6451/9/2516 6445/9/2220
f 6445/9/2220 6451/9/2516 6452/9/2227 6446/9/2515
f 6446/9/2515 6452/9/2227 6453/9/2517 6447/9/2222
f 6447/9/2222 6453/9/2517 6454/9/2331 6448/9/2223
f 6448/9/2223 6454/9/2331 6449/9/2224 6443/9/2218
f 6449/9/2224 6455/9/1668 6456/9/2230 6450/9/2328
f 6450/9/2328 6456/9/2230 6457/9/2231 6451/9/2516
f 6451/9/2516 6457/9/2231 6458/9/1671 6452/9/2227
f 6452/9/2227 6458/9/1671 6459/9/2232 6453/9/2517
f 6453/9/2517 6459/9/2232 6460/9/2233 6454/9/2331
f 6454/9/2331 6460/9/2233 6455/9/1668 6449/9/2224
f 6455/9/1668 6461/9/2234 6462/9/2320 6456/9/2230
f 6456/9/2230 6462/9/2320 6463/9/2518 6457/9/2231
f 6457/9/2231 6463/9/2518 6464/9/2237 6458/9/1671
f 6458/9/1671 6464/9/2237 6465/9/2519 6459/9/2232
f 6459/9/2232 6465/9/2519 6466/9/2323 6460/9/2233
f 6460/9/2233 6466/9/2323 6461/9/2234 6455/9/1668
f 6461/9/2234 6467/9/2240 6468/9/2241 6462/9/2320
f 6462/9/2320 6468/9/2241 6469/9/2242 6463/9/2518
f 6463/9/2518 6469/9/2242 6470/9/2243 6464/9/2237
f 6464/9/2237 6470/9/2243 6471/9/2244 6465/9/2519
f 6465/9/2519 6471/9/2244 6472/9/2245 6466/9/2323
f 6466/9/2323 6472/9/2245 6467/9/2240 6461/9/2234
f 6467/9/2240 6473/9/1530 6474/9/2184 6468/9/2241
f 6468/9/2241 6474/9/2184 6475/9/2186 6469/9/2242
f 6469/9/2242 6475/9/2186 6476/9/1527 6470/9/2243
f 6470/9/2243 6476/9/1527 6477/9/2189 6471/9/2244
f 6471/9/2244 6477/9/2189 6478/9/2191 6472/9/2245
f 6472/9/2245 6478/9/2191 6473/9/1530 6467/9/2240
f 6473/9/1530 6479/9/2182 6480/9/2183 6474/9/2184
f 6474/9/2184 6480/9/2183 6481/9/2185 6475/9/2186
f 6475/9/2186 6481/9/2185 6482/9/2187 6476/9/1527
f 6476/9/1527 6482/9/2187 6483/9/2188 6477/9/2189
f 6477/9/2189 6483/9/2188 6484/9/2190 6478/9/2191
f 6478/9/2191 6484/9/2190 6479/9/2182 6473/9/1530
f 6479/9/2182 6485/9/2192 6486/9/2311 6480/9/2183
f 6480/9/2183 6486/9/2311 6487/9/2520 6481/9/2185
f 6481/9/2185 6487/9/2520 6488/9/2195 6482/9/2187
f 6482/9/2187 6488/9/2195 6489/9/2521 6483/9/2188
f 6483/9/2188 6489/9/2521 6490/9/2314 6484/9/2190
f 6484/9/2190 6490/9/2314 6485/9/2192 6479/9/2182
f 6485/9/2192 6491/9/1671 6492/9/2198 6486/9/2311
f 6486/9/2311 6492/9/2198 6493/9/2199 6487/9/2520
f 6487/9/2520 6493/9/2199 6494/9/1668 6488/9/2195
f 6488/9/2195 6494/9/1668 6495/9/2200 6489/9/2521
f 6489/9/2521 6495/9/2200 6496/9/2201 6490/9/2314
f 6490/9/2314 6496/9/2201 6491/9/1671 6485/9/2192
f 6491/9/1671 6497/9/2202 6498/9/2203 6492/9/2198
f 6492/9/2198 6498/9/2203 6499/9/2204 6493/9/2199
f 6493/9/2199 6499/9/2204 6500/9/2205 6494/9/1668
f 6494/9/1668 6500/9/2205 6501/9/2206 6495/9/2200
f 6495/9/2200 6501/9/2206 6502/9/2207 6496/9/2201
f 6496/9/2201 6502/9/2207 6497/9/2202 6491/9/1671
f 6497/9/2202 6503/9/2208 6504/9/2209 6498/9/2203
f 6498/9/2203 6504/9/2209 6505/9/2210 6499/9/2204
f 6499/9/2204 6505/9/2210 6506/9/2211 6500/9/2205
f 6500/9/2205 6506/9/2211 6507/9/2212 6501/9/2206
f 6501/9/2206 6507/9/2212 6508/9/2213 6502/9/2207
f 6502/9/2207 6508/9/2213 6503/9/2208 6497/9/2202
f 6503/9/2208 6437/9/1527 6438/9/2214 6504/9/2209
f 6504/9/2209 6438/9/2214 6439/9/2215 6505/9/2210
f 6505/9/2210 6439/9/2215 6440/9/1530 6506/9/2211
f 6506/9/2211 6440/9/1530 6441/9/2216 6507/9/2212
f 6507/9/2212 6441/9/2216 6442/9/2217 6508/9/2213
f 6508/9/2213 6442/9/2217 6437/9/1527 6503/9/2208
f 6509/9/1671 6515/9/2367 6516/9/2372 6510/9/2376
f 6510/9/2376 6516/9/2372 6517/9/2371 6511/9/2375
f 6511/9/2375 6517/9/2371 6518/9/2473 6512/9/1668
f 6512/9/1668 6518/9/2473 6519/9/2369 6513/9/2374
f 6513/9/2374 6519/9/2369 6520/9/2368 6514/9/2373
f 6514/9/2373 6520/9/2368 6515/9/2367 6509/9/1671
f 6515/9/2367 6521/9/2361 6522/9/2366 6516/9/2372
f 6516/9/2372 6522/9/2366 6523/9/2472 6517/9/2371
f 6517/9/2371 6523/9/2472 6524/9/2364 6518/9/2473
f 6518/9/2473 6524/9/2364 6525/9/2471 6519/9/2369
f 6519/9/2369 6525/9/2471 6526/9/2362 6520/9/2368
f 6520/9/2368 6526/9/2362 6521/9/2361 6515/9/2367
f 6521/9/2361 6527/9/1616 6528/9/2360 6522/9/2366
f 6522/9/2366 6528/9/2360 6529/9/2359 6523/9/2472
f 6523/9/2472 6529/9/2359 6530/9/1609 6524/9/2364
f 6524/9/2364 6530/9/1609 6531/9/2358 6525/9/2471
f 6525/9/2471 6531/9/2358 6532/9/2357 6526/9/2362
f 6526/9/2362 6532/9/2357 6527/9/1616 6521/9/2361
f 6527/9/1616 6533/9/2351 6534/9/2470 6528/9/2360
f 6528/9/2360 6534/9/2470 6535/9/2355 6529/9/2359
f 6529/9/2359 6535/9/2355 6536/9/2354 6530/9/1609
f 6530/9/1609 6536/9/2354 6537/9/2353 6531/9/2358
f 6531/9/2358 6537/9/2353 6538/9/2469 6532/9/2357
f 6532/9/2357 6538/9/2469 6533/9/2351 6527/9/1616
f 6533/9/2351 6539/9/2341 6540/9/2349 6534/9/2470
f 6534/9/2470 6540/9/2349 6541/9/2347 6535/9/2355
f 6535/9/2355 6541/9/2347 6542/9/2346 6536/9/2354
f 6536/9/2354 6542/9/2346 6543/9/2344 6537/9/2353
f 6537/9/2353 6543/9/2344 6544/9/2342 6538/9/2469
f 6538/9/2469 6544/9/2342 6539/9/2341 6533/9/2351
f 6539/9/2341 6545/9/1668 6546/9/2350 6540/9/2349
f 6540/9/2349 6546/9/2350 6547/9/2348 6541/9/2347
f 6541/9/2347 6547/9/2348 6548/9/1671 6542/9/2346
f 6542/9/2346 6548/9/1671 6549/9/2345 6543/9/2344
f 6543/9/2344 6549/9/2345 6550/9/2343 6544/9/2342
f 6544/9/2342 6550/9/2343 6545/9/1668 6539/9/2341
f 6545/9/1668 6551/9/2399 6552/9/2404 6546/9/2350
f 6546/9/2350 6552/9/2404 6553/9/2403 6547/9/2348
f 6547/9/2348 6553/9/2403 6554/9/2402 6548/9/1671
f 6548/9/1671 6554/9/2402 6555/9/2401 6549/9/2345
f 6549/9/2345 6555/9/2401 6556/9/2400 6550/9/2343
f 6550/9/2343 6556/9/2400 6551/9/2399 6545/9/1668
f 6551/9/2399 6557/9/2393 6558/9/2476 6552/9/2404
f 6552/9/2404 6558/9/2476 6559/9/2397 6553/9/2403
f 6553/9/2403 6559/9/2397 6560/9/2396 6554/9/2402
f 6554/9/2402 6560/9/2396 6561/9/2395 6555/9/2401
f 6555/9/2401 6561/9/2395 6562/9/2475 6556/9/2400
f 6556/9/2400 6562/9/2475 6557/9/2393 6551/9/2399
f 6557/9/2393 6563/9/1609 6564/9/2392 6558/9/2476
f 6558/9/2476 6564/9/2392 6565/9/2391 6559/9/2397
f 6559/9/2397 6565/9/2391 6566/9/1616 6560/9/2396
f 6560/9/2396 6566/9/1616 6567/9/2390 6561/9/2395
f 6561/9/2395 6567/9/2390 6568/9/2389 6562/9/2475
f 6562/9/2475 6568/9/2389 6563/9/1609 6557/9/2393
f 6563/9/1609 6569/9/2383 6570/9/2388 6564/9/2392
f 6564/9/2392 6570/9/2388 6571/9/2474 6565/9/2391
f 6565/9/2391 6571/9/2474 6572/9/2386 6566/9/1616
f 6566/9/1616 6572/9/2386 6573/9/2385 6567/9/2390
f 6567/9/2390 6573/9/2385 6574/9/2384 6568/9/2389
f 6568/9/2389 6574/9/2384 6569/9/2383 6563/9/1609
f 6569/9/2383 6575/9/2377 6576/9/2382 6570/9/2388
f 6570/9/2388 6576/9/2382 6577/9/2381 6571/9/2474
f 6571/9/2474 6577/9/2381 6578/9/2380 6572/9/2386
f 6572/9/2386 6578/9/2380 6579/9/2379 6573/9/2385
f 6573/9/2385 6579/9/2379 6580/9/2378 6574/9/2384
f 6574/9/2384 6580/9/2378 6575/9/2377 6569/9/2383
f 6575/9/2377 6509/9/1671 6510/9/2376 6576/9/2382
f 6576/9/2382 6510/9/2376 6511/9/2375 6577/9/2381
f 6577/9/2381 6511/9/2375 6512/9/1668 6578/9/2380
f 6578/9/2380 6512/9/1668 6513/9/2374 6579/9/2379
f 6579/9/2379 6513/9/2374 6514/9/2373 6580/9/2378
f 6580/9/2378 6514/9/2373 6509/9/1671 6575/9/2377
f 6581/9/1671 6587/9/2441 6588/9/2442 6582/9/2437
f 6582/9/2437 6588/9/2442 6589/9/2443 6583/9/2438
f 6583/9/2438 6589/9/2443 6590/9/2529 6584/9/1668
f 6584/9/1668 6590/9/2529 6591/9/2445 6585/9/2439
f 6585/9/2439 6591/9/2445 6592/9/2446 6586/9/2440
f 6586/9/2440 6592/9/2446 6587/9/2441 6581/9/1671
f 6587/9/2441 6593/9/2447 6594/9/2448 6588/9/2442
f 6588/9/2442 6594/9/2448 6595/9/2530 6589/9/2443
f 6589/9/2443 6595/9/2530 6596/9/2450 6590/9/2529
f 6590/9/2529 6596/9/2450 6597/9/2531 6591/9/2445
f 6591/9/2445 6597/9/2531 6598/9/2452 6592/9/2446
f 6592/9/2446 6598/9/2452 6593/9/2447 6587/9/2441
f 6593/9/2447 6599/9/1527 6600/9/2453 6594/9/2448
f 6594/9/2448 6600/9/2453 6601/9/2454 6595/9/2530
f 6595/9/2530 6601/9/2454 6602/9/1530 6596/9/2450
f 6596/9/2450 6602/9/1530 6603/9/2455 6597/9/2531
f 6597/9/2531 6603/9/2455 6604/9/2456 6598/9/2452
f 6598/9/2452 6604/9/2456 6599/9/1527 6593/9/2447
f 6599/9/1527 6605/9/2457 6606/9/2458 6600/9/2453
f 6600/9/2453 6606/9/2458 6607/9/2500 6601/9/2454
f 6601/9/2454 6607/9/2500 6608/9/2460 6602/9/1530
f 6602/9/1530 6608/9/2460 6609/9/2501 6603/9/2455
f 6603/9/2455 6609/9/2501 6610/9/2462 6604/9/2456
f 6604/9/2456 6610/9/2462 6605/9/2457 6599/9/1527
f 6605/9/2457 6611/9/2463 6612/9/2464 6606/9/2458
f 6606/9/2458 6612/9/2464 6613/9/2465 6607/9/2500
f 6607/9/2500 6613/9/2465 6614/9/2502 6608/9/2460
f 6608/9/2460 6614/9/2502 6615/9/2467 6609/9/2501
f 6609/9/2501 6615/9/2467 6616/9/2468 6610/9/2462
f 6610/9/2462 6616/9/2468 6611/9/2463 6605/9/2457
f 6611/9/2463 6617/9/1668 6618/9/2407 6612/9/2464
f 6612/9/2464 6618/9/2407 6619/9/2409 6613/9/2465
f 6613/9/2465 6619/9/2409 6620/9/1671 6614/9/2502
f 6614/9/2502 6620/9/1671 6621/9/2412 6615/9/2467
f 6615/9/2467 6621/9/2412 6622/9/2414 6616/9/2468
f 6616/9/2468 6622/9/2414 6617/9/1668 6611/9/2463
f 6617/9/1668 6623/9/2405 6624/9/2406 6618/9/2407
f 6618/9/2407 6624/9/2406 6625/9/2408 6619/9/2409
f 6619/9/2409 6625/9/2408 6626/9/2494 6620/9/1671
f 6620/9/1671 6626/9/2494 6627/9/2411 6621/9/2412
f 6621/9/2412 6627/9/2411 6628/9/2413 6622/9/2414
f 6622/9/2414 6628/9/2413 6623/9/2405 6617/9/1668
f 6623/9/2405 6629/9/2415 6630/9/2416 6624/9/2406
f 6624/9/2406 6630/9/2416 6631/9/2532 6625/9/2408
f 6625/9/2408 6631/9/2532 6632/9/2418 6626/9/2494
f 6626/9/2494 6632/9/2418 6633/9/2533 6627/9/2411
f 6627/9/2411 6633/9/2533 6634/9/2420 6628/9/2413
f 6628/9/2413 6634/9/2420 6629/9/2415 6623/9/2405
f 6629/9/2415 6635/9/1530 6636/9/2421 6630/9/2416
f 6630/9/2416 6636/9/2421 6637/9/2422 6631/9/2532
f 6631/9/2532 6637/9/2422 6638/9/1527 6632/9/2418
f 6632/9/2418 6638/9/1527 6639/9/2423 6633/9/2533
f 6633/9/2533 6639/9/2423 6640/9/2424 6634/9/2420
f 6634/9/2420 6640/9/2424 6635/9/1530 6629/9/2415
f 6635/9/1530 6641/9/2425 6642/9/2426 6636/9/2421
f 6636/9/2421 6642/9/2426 6643/9/2534 6637/9/2422
f 6637/9/2422 6643/9/2534 6644/9/2428 6638/9/1527
f 6638/9/1527 6644/9/2428 6645/9/2535 6639/9/2423
f 6639/9/2423 6645/9/2535 6646/9/2430 6640/9/2424
f 6640/9/2424 6646/9/2430 6641/9/2425 6635/9/1530
f 6641/9/2425 6647/9/2431 6648/9/2432 6642/9/2426
f 6642/9/2426 6648/9/2432 6649/9/2433 6643/9/2534
f 6643/9/2534 6649/9/2433 6650/9/2536 6644/9/2428
f 6644/9/2428 6650/9/2536 6651/9/2435 6645/9/2535
f 6645/9/2535 6651/9/2435 6652/9/2436 6646/9/2430
f 6646/9/2430 6652/9/2436 6647/9/2431 6641/9/2425
f 6647/9/2431 6581/9/1671 6582/9/2437 6648/9/2432
f 6648/9/2432 6582/9/2437 6583/9/2438 6649/9/2433
f 6649/9/2433 6583/9/2438 6584/9/1668 6650/9/2536
f 6650/9/2536 6584/9/1668 6585/9/2439 6651/9/2435
f 6651/9/2435 6585/9/2439 6586/9/2440 6652/9/2436
f 6652/9/2436 6586/9/2440 6581/9/1671 6647/9/2431
f 6653/9/1671 6659/9/2367 6660/9/2372 6654/9/2376
f 6654/9/2376 6660/9/2372 6661/9/2371 6655/9/2375
f 6655/9/2375 6661/9/2371 6662/9/2370 6656/9/1668
f 6656/9/1668 6662/9/2370 6663/9/2369 6657/9/2374
f 6657/9/2374 6663/9/2369 6664/9/2368 6658/9/2373
f 6658/9/2373 6664/9/2368 6659/9/2367 6653/9/1671
f 6659/9/2367 6665/9/2361 6666/9/2480 6660/9/2372
f 6660/9/2372 6666/9/2480 6667/9/2365 6661/9/2371
f 6661/9/2371 6667/9/2365 6668/9/2364 6662/9/2370
f 6662/9/2370 6668/9/2364 6669/9/2363 6663/9/2369
f 6663/9/2369 6669/9/2363 6670/9/2477 6664/9/2368
f 6664/9/2368 6670/9/2477 6665/9/2361 6659/9/2367
f 6665/9/2361 6671/9/1616 6672/9/2360 6666/9/2480
f 6666/9/2480 6672/9/2360 6673/9/2359 6667/9/2365
f 6667/9/2365 6673/9/2359 6674/9/1609 6668/9/2364
f 6668/9/2364 6674/9/1609 6675/9/2358 6669/9/2363
f 6669/9/2363 6675/9/2358 6676/9/2357 6670/9/2477
f 6670/9/2477 6676/9/2357 6671/9/1616 6665/9/2361
f 6671/9/1616 6677/9/2351 6678/9/2356 6672/9/2360
f 6672/9/2360 6678/9/2356 6679/9/2537 6673/9/2359
f 6673/9/2359 6679/9/2537 6680/9/2354 6674/9/1609
f 6674/9/1609 6680/9/2354 6681/9/2538 6675/9/2358
f 6675/9/2358 6681/9/2538 6682/9/2352 6676/9/2357
f 6676/9/2357 6682/9/2352 6677/9/2351 6671/9/1616
f 6677/9/2351 6683/9/2341 6684/9/2349 6678/9/2356
f 6678/9/2356 6684/9/2349 6685/9/2347 6679/9/2537
f 6679/9/2537 6685/9/2347 6686/9/2539 6680/9/2354
f 6680/9/2354 6686/9/2539 6687/9/2344 6681/9/2538
f 6681/9/2538 6687/9/2344 6688/9/2342 6682/9/2352
f 6682/9/2352 6688/9/2342 6683/9/2341 6677/9/2351
f 6683/9/2341 6689/9/1668 6690/9/2350 6684/9/2349
f 6684/9/2349 6690/9/2350 6691/9/2348 6685/9/2347
f 6685/9/2347 6691/9/2348 6692/9/1671 6686/9/2539
f 6686/9/2539 6692/9/1671 6693/9/2345 6687/9/2344
f 6687/9/2344 6693/9/2345 6694/9/2343 6688/9/2342
f 6688/9/2342 6694/9/2343 6689/9/1668 6683/9/2341
f 6689/9/1668 6695/9/2399 6696/9/2404 6690/9/2350
f 6690/9/2350 6696/9/2404 6697/9/2403 6691/9/2348
f 6691/9/2348 6697/9/2403 6698/9/2540 6692/9/1671
f 6692/9/1671 6698/9/2540 6699/9/2401 6693/9/2345
f 6693/9/2345 6699/9/2401 6700/9/2400 6694/9/2343
f 6694/9/2343 6700/9/2400 6695/9/2399 6689/9/1668
f 6695/9/2399 6701/9/2393 6702/9/2398 6696/9/2404
f 6696/9/2404 6702/9/2398 6703/9/2541 6697/9/2403
f 6697/9/2403 6703/9/2541 6704/9/2396 6698/9/2540
f 6698/9/2540 6704/9/2396 6705/9/2542 6699/9/2401
f 6699/9/2401 6705/9/2542 6706/9/2394 6700/9/2400
f 6700/9/2400 6706/9/2394 6701/9/2393 6695/9/2399
f 6701/9/2393 6707/9/1609 6708/9/2392 6702/9/2398
f 6702/9/2398 6708/9/2392 6709/9/2391 6703/9/2541
f 6703/9/2541 6709/9/2391 6710/9/1616 6704/9/2396
f 6704/9/2396 6710/9/1616 6711/9/2390 6705/9/2542
f 6705/9/2542 6711/9/2390 6712/9/2389 6706/9/2394
f 6706/9/2394 6712/9/2389 6707/9/1609 6701/9/2393
f 6707/9/1609 6713/9/2383 6714/9/2484 6708/9/2392
f 6708/9/2392 6714/9/2484 6715/9/2387 6709/9/2391
f 6709/9/2391 6715/9/2387 6716/9/2386 6710/9/1616
f 6710/9/1616 6716/9/2386 6717/9/2543 6711/9/2390
f 6711/9/2390 6717/9/2543 6718/9/2481 6712/9/2389
f 6712/9/2389 6718/9/2481 6713/9/2383 6707/9/1609
f 6713/9/2383 6719/9/2377 6720/9/2382 6714/9/2484
f 6714/9/2484 6720/9/2382 6721/9/2381 6715/9/2387
f 6715/9/2387 6721/9/2381 6722/9/2544 6716/9/2386
f 6716/9/2386 6722/9/2544 6723/9/2379 6717/9/2543
f 6717/9/2543 6723/9/2379 6724/9/2378 6718/9/2481
f 6718/9/2481 6724/9/2378 6719/9/2377 6713/9/2383
f 6719/9/2377 6653/9/1671 6654/9/2376 6720/9/2382
f 6720/9/2382 6654/9/2376 6655/9/2375 6721/9/2381
f 6721/9/2381 6655/9/2375 6656/9/1668 6722/9/2544
f 6722/9/2544 6656/9/1668 6657/9/2374 6723/9/2379
f 6723/9/2379 6657/9/2374 6658/9/2373 6724/9/2378
f 6724/9/2378 6658/9/2373 6653/9/1671 6719/9/2377
f 6725/9/1671 6731/9/2441 6732/9/2442 6726/9/2437
f 6726/9/2437 6732/9/2442 6733/9/2443 6727/9/2438
f 6727/9/2438 6733/9/2443 6734/9/2529 6728/9/1668
f 6728/9/1668 6734/9/2529 6735/9/2445 6729/9/2439
f 6729/9/2439 6735/9/2445 6736/9/2446 6730/9/2440
f 6730/9/2440 6736/9/2446 6731/9/2441 6725/9/1671
f 6731/9/2441 6737/9/2447 6738/9/2448 6732/9/2442
f 6732/9/2442 6738/9/2448 6739/9/2530 6733/9/2443
f 6733/9/2443 6739/9/2530 6740/9/2450 6734/9/2529
f 6734/9/2529 6740/9/2450 6741/9/2531 6735/9/2445
f 6735/9/2445 6741/9/2531 6742/9/2452 6736/9/2446
f 6736/9/2446 6742/9/2452 6737/9/2447 6731/9/2441
f 6737/9/2447 6743/9/1527 6744/9/2453 6738/9/2448
f 6738/9/2448 6744/9/2453 6745/9/2454 6739/9/2530
f 6739/9/2530 6745/9/2454 6746/9/1530 6740/9/2450
f 6740/9/2450 6746/9/1530 6747/9/2455 6741/9/2531
f 6741/9/2531 6747/9/2455 6748/9/2456 6742/9/2452
f 6742/9/2452 6748/9/2456 6743/9/1527 6737/9/2447
f 6743/9/1527 6749/9/2457 6750/9/2458 6744/9/2453
f 6744/9/2453 6750/9/2458 6751/9/2545 6745/9/2454
f 6745/9/2454 6751/9/2545 6752/9/2460 6746/9/1530
f 6746/9/1530 6752/9/2460 6753/9/2546 6747/9/2455
f 6747/9/2455 6753/9/2546 6754/9/2462 6748/9/2456
f 6748/9/2456 6754/9/2462 6749/9/2457 6743/9/1527
f 6749/9/2457 6755/9/2463 6756/9/2464 6750/9/2458
f 6750/9/2458 6756/9/2464 6757/9/2465 6751/9/2545
f 6751/9/2545 6757/9/2465 6758/9/2502 6752/9/2460
f 6752/9/2460 6758/9/2502 6759/9/2467 6753/9/2546
f 6753/9/2546 6759/9/2467 6760/9/2468 6754/9/2462
f 6754/9/2462 6760/9/2468 6755/9/2463 6749/9/2457
f 6755/9/2463 6761/9/1668 6762/9/2407 6756/9/2464
f 6756/9/2464 6762/9/2407 6763/9/2409 6757/9/2465
f 6757/9/2465 6763/9/2409 6764/9/1671 6758/9/2502
f 6758/9/2502 6764/9/1671 6765/9/2412 6759/9/2467
f 6759/9/2467 6765/9/2412 6766/9/2414 6760/9/2468
f 6760/9/2468 6766/9/2414 6761/9/1668 6755/9/2463
f 6761/9/1668 6767/9/2405 6768/9/2406 6762/9/2407
f 6762/9/2407 6768/9/2406 6769/9/2408 6763/9/2409
f 6763/9/2409 6769/9/2408 6770/9/2494 6764/9/1671
f 6764/9/1671 6770/9/2494 6771/9/2411 6765/9/2412
f 6765/9/2412 6771/9/2411 6772/9/2413 6766/9/2414
f 6766/9/2414 6772/9/2413 6767/9/2405 6761/9/1668
f 6767/9/2405 6773/9/2415 6774/9/2416 6768/9/2406
f 6768/9/2406 6774/9/2416 6775/9/2532 6769/9/2408
f 6769/9/2408 6775/9/2532 6776/9/2418 6770/9/2494
f 6770/9/2494 6776/9/2418 6777/9/2533 6771/9/2411
f 6771/9/2411 6777/9/2533 6778/9/2420 6772/9/2413
f 6772/9/2413 6778/9/2420 6773/9/2415 6767/9/2405
f 6773/9/2415 6779/9/1530 6780/9/2421 6774/9/2416
f 6774/9/2416 6780/9/2421 6781/9/2422 6775/9/2532
f 6775/9/2532 6781/9/2422 6782/9/1527 6776/9/2418
f 6776/9/2418 6782/9/1527 6783/9/2423 6777/9/2533
f 6777/9/2533 6783/9/2423 6784/9/2424 6778/9/2420
f 6778/9/2420 6784/9/2424 6779/9/1530 6773/9/2415
f 6779/9/1530 6785/9/2425 6786/9/2426 6780/9/2421
f 6780/9/2421 6786/9/2426 6787/9/2534 6781/9/2422
f 6781/9/2422 6787/9/2534 6788/9/2428 6782/9/1527
f 6782/9/1527 6788/9/2428 6789/9/2535 6783/9/2423
f 6783/9/2423 6789/9/2535 6790/9/2430 6784/9/2424
f 6784/9/2424 6790/9/2430 6785/9/2425 6779/9/1530
f 6785/9/2425 6791/9/2431 6792/9/2432 6786/9/2426
f 6786/9/2426 6792/9/2432 6793/9/2433 6787/9/2534
f 6787/9/2534 6793/9/2433 6794/9/2536 6788/9/2428
f 6788/9/2428 6794/9/2536 6795/9/2435 6789/9/2535
f 6789/9/2535 6795/9/2435 6796/9/2436 6790/9/2430
f 6790/9/2430 6796/9/2436 6791/9/2431 6785/9/2425
f 6791/9/2431 6725/9/1671 6726/9/2437 6792/9/2432
f 6792/9/2432 6726/9/2437 6727/9/2438 6793/9/2433
f 6793/9/2433 6727/9/2438 6728/9/1668 6794/9/2536
f 6794/9/2536 6728/9/1668 6729/9/2439 6795/9/2435
f 6795/9/2435 6729/9/2439 6730/9/2440 6796/9/2436
f 6796/9/2436 6730/9/2440 6725/9/1671 6791/9/2431
f 6797/9/1671 6803/9/2367 6804/9/2372 6798/9/2376
f 6798/9/2376 6804/9/2372 6805/9/2371 6799/9/2375
f 6799/9/2375 6805/9/2371 6806/9/2370 6800/9/1668
f 6800/9/1668 6806/9/2370 6807/9/2369 6801/9/2374
f 6801/9/2374 6807/9/2369 6808/9/2368 6802/9/2373
f 6802/9/2373 6808/9/2368 6803/9/2367 6797/9/1671
f 6803/9/2367 6809/9/2361 6810/9/2480 6804/9/2372
f 6804/9/2372 6810/9/2480 6811/9/2365 6805/9/2371
f 6805/9/2371 6811/9/2365 6812/9/2364 6806/9/2370
f 6806/9/2370 6812/9/2364 6813/9/2363 6807/9/2369
f 6807/9/2369 6813/9/2363 6814/9/2477 6808/9/2368
f 6808/9/2368 6814/9/2477 6809/9/2361 6803/9/2367
f 6809/9/2361 6815/9/1616 6816/9/2360 6810/9/2480
f 6810/9/2480 6816/9/2360 6817/9/2359 6811/9/2365
f 6811/9/2365 6817/9/2359 6818/9/1609 6812/9/2364
f 6812/9/2364 6818/9/1609 6819/9/2358 6813/9/2363
f 6813/9/2363 6819/9/2358 6820/9/2357 6814/9/2477
f 6814/9/2477 6820/9/2357 6815/9/1616 6809/9/2361
f 6815/9/1616 6821/9/2351 6822/9/2470 6816/9/2360
f 6816/9/2360 6822/9/2470 6823/9/2547 6817/9/2359
f 6817/9/2359 6823/9/2547 6824/9/2354 6818/9/1609
f 6818/9/1609 6824/9/2354 6825/9/2548 6819/9/2358
f 6819/9/2358 6825/9/2548 6826/9/2469 6820/9/2357
f 6820/9/2357 6826/9/2469 6821/9/2351 6815/9/1616
f 6821/9/2351 6827/9/2341 6828/9/2349 6822/9/2470
f 6822/9/2470 6828/9/2349 6829/9/2347 6823/9/2547
f 6823/9/2547 6829/9/2347 6830/9/2539 6824/9/2354
f 6824/9/2354 6830/9/2539 6831/9/2344 6825/9/2548
f 6825/9/2548 6831/9/2344 6832/9/2342 6826/9/2469
f 6826/9/2469 6832/9/2342 6827/9/2341 6821/9/2351
f 6827/9/2341 6833/9/1668 6834/9/2350 6828/9/2349
f 6828/9/2349 6834/9/2350 6835/9/2348 6829/9/2347
f 6829/9/2347 6835/9/2348 6836/9/1671 6830/9/2539
f 6830/9/2539 6836/9/1671 6837/9/2345 6831/9/2344
f 6831/9/2344 6837/9/2345 6838/9/2343 6832/9/2342
f 6832/9/2342 6838/9/2343 6833/9/1668 6827/9/2341
f 6833/9/1668 6839/9/2399 6840/9/2404 6834/9/2350
f 6834/9/2350 6840/9/2404 6841/9/2403 6835/9/2348
f 6835/9/2348 6841/9/2403 6842/9/2540 6836/9/1671
f 6836/9/1671 6842/9/2540 6843/9/2401 6837/9/2345
f 6837/9/2345 6843/9/2401 6844/9/2400 6838/9/2343
f 6838/9/2343 6844/9/2400 6839/9/2399 6833/9/1668
f 6839/9/2399 6845/9/2393 6846/9/2476 6840/9/2404
f 6840/9/2404 6846/9/2476 6847/9/2549 6841/9/2403
f 6841/9/2403 6847/9/2549 6848/9/2396 6842/9/2540
f 6842/9/2540 6848/9/2396 6849/9/2550 6843/9/2401
f 6843/9/2401 6849/9/2550 6850/9/2475 6844/9/2400
f 6844/9/2400 6850/9/2475 6845/9/2393 6839/9/2399
f 6845/9/2393 6851/9/1609 6852/9/2392 6846/9/2476
f 6846/9/2476 6852/9/2392 6853/9/2391 6847/9/2549
f 6847/9/2549 6853/9/2391 6854/9/1616 6848/9/2396
f 6848/9/2396 6854/9/1616 6855/9/2390 6849/9/2550
f 6849/9/2550 6855/9/2390 6856/9/2389 6850/9/2475
f 6850/9/2475 6856/9/2389 6851/9/1609 6845/9/2393
f 6851/9/1609 6857/9/2383 6858/9/2484 6852/9/2392
f 6852/9/2392 6858/9/2484 6859/9/2387 6853/9/2391
f 6853/9/2391 6859/9/2387 6860/9/2386 6854/9/1616
f 6854/9/1616 6860/9/2386 6861/9/2543 6855/9/2390
f 6855/9/2390 6861/9/2543 6862/9/2481 6856/9/2389
f 6856/9/2389 6862/9/2481 6857/9/2383 6851/9/1609
f 6857/9/2383 6863/9/2377 6864/9/2382 6858/9/2484
f 6858/9/2484 6864/9/2382 6865/9/2381 6859/9/2387
f 6859/9/2387 6865/9/2381 6866/9/2544 6860/9/2386
f 6860/9/2386 6866/9/2544 6867/9/2379 6861/9/2543
f 6861/9/2543 6867/9/2379 6868/9/2378 6862/9/2481
f 6862/9/2481 6868/9/2378 6863/9/2377 6857/9/2383
f 6863/9/2377 6797/9/1671 6798/9/2376 6864/9/2382
f 6864/9/2382 6798/9/2376 6799/9/2375 6865/9/2381
f 6865/9/2381 6799/9/2375 6800/9/1668 6866/9/2544
f 6866/9/2544 6800/9/1668 6801/9/2374 6867/9/2379
f 6867/9/2379 6801/9/2374 6802/9/2373 6868/9/2378
f 6868/9/2378 6802/9/2373 6797/9/1671 6863/9/2377
f 6869/9/1671 6875/9/2441 6876/9/2442 6870/9/2437
f 6870/9/2437 6876/9/2442 6877/9/2443 6871/9/2438
f 6871/9/2438 6877/9/2443 6878/9/2529 6872/9/1668
f 6872/9/1668 6878/9/2529 6879/9/2445 6873/9/2439
f 6873/9/2439 6879/9/2445 6880/9/2446 6874/9/2440
f 6874/9/2440 6880/9/2446 6875/9/2441 6869/9/1671
f 6875/9/2441 6881/9/2447 6882/9/2551 6876/9/2442
f 6876/9/2442 6882/9/2551 6883/9/2552 6877/9/2443
f 6877/9/2443 6883/9/2552 6884/9/2450 6878/9/2529
f 6878/9/2529 6884/9/2450 6885/9/2553 6879/9/2445
f 6879/9/2445 6885/9/2553 6886/9/2554 6880/9/2446
f 6880/9/2446 6886/9/2554 6881/9/2447 6875/9/2441
f 6881/9/2447 6887/9/1527 6888/9/2453 6882/9/2551
f 6882/9/2551 6888/9/2453 6889/9/2454 6883/9/2552
f 6883/9/2552 6889/9/2454 6890/9/1530 6884/9/2450
f 6884/9/2450 6890/9/1530 6891/9/2455 6885/9/2553
f 6885/9/2553 6891/9/2455 6892/9/2456 6886/9/2554
f 6886/9/2554 6892/9/2456 6887/9/1527 6881/9/2447
f 6887/9/1527 6893/9/2457 6894/9/2458 6888/9/2453
f 6888/9/2453 6894/9/2458 6895/9/2545 6889/9/2454
f 6889/9/2454 6895/9/2545 6896/9/2460 6890/9/1530
f 6890/9/1530 6896/9/2460 6897/9/2546 6891/9/2455
f 6891/9/2455 6897/9/2546 6898/9/2462 6892/9/2456
f 6892/9/2456 6898/9/2462 6893/9/2457 6887/9/1527
f 6893/9/2457 6899/9/2463 6900/9/2464 6894/9/2458
f 6894/9/2458 6900/9/2464 6901/9/2465 6895/9/2545
f 6895/9/2545 6901/9/2465 6902/9/2502 6896/9/2460
f 6896/9/2460 6902/9/2502 6903/9/2467 6897/9/2546
f 6897/9/2546 6903/9/2467 6904/9/2468 6898/9/2462
f 6898/9/2462 6904/9/2468 6899/9/2463 6893/9/2457
f 6899/9/2463 6905/9/1668 6906/9/2407 6900/9/2464
f 6900/9/2464 6906/9/2407 6907/9/2409 6901/9/2465
f 6901/9/2465 6907/9/2409 6908/9/1671 6902/9/2502
f 6902/9/2502 6908/9/1671 6909/9/2412 6903/9/2467
f 6903/9/2467 6909/9/2412 6910/9/2414 6904/9/2468
f 6904/9/2468 6910/9/2414 6905/9/1668 6899/9/2463
f 6905/9/1668 6911/9/2405 6912/9/2406 6906/9/2407
f 6906/9/2407 6912/9/2406 6913/9/2408 6907/9/2409
f 6907/9/2409 6913/9/2408 6914/9/2494 6908/9/1671
f 6908/9/1671 6914/9/2494 6915/9/2411 6909/9/2412
f 6909/9/2412 6915/9/2411 6916/9/2413 6910/9/2414
f 6910/9/2414 6916/9/2413 6911/9/2405 6905/9/1668
f 6911/9/2405 6917/9/2415 6918/9/2416 6912/9/2406
f 6912/9/2406 6918/9/2416 6919/9/2532 6913/9/2408
f 6913/9/2408 6919/9/2532 6920/9/2418 6914/9/2494
f 6914/9/2494 6920/9/2418 6921/9/2533 6915/9/2411
f 6915/9/2411 6921/9/2533 6922/9/2420 6916/9/2413
f 6916/9/2413 6922/9/2420 6917/9/2415 6911/9/2405
f 6917/9/2415 6923/9/1530 6924/9/2421 6918/9/2416
f 6918/9/2416 6924/9/2421 6925/9/2422 6919/9/2532
f 6919/9/2532 6925/9/2422 6926/9/1527 6920/9/2418
f 6920/9/2418 6926/9/1527 6927/9/2423 6921/9/2533
f 6921/9/2533 6927/9/2423 6928/9/2424 6922/9/2420
f 6922/9/2420 6928/9/2424 6923/9/1530 6917/9/2415
f 6923/9/1530 6929/9/2425 6930/9/2555 6924/9/2421
f 6924/9/2421 6930/9/2555 6931/9/2556 6925/9/2422
f 6925/9/2422 6931/9/2556 6932/9/2428 6926/9/1527
f 6926/9/1527 6932/9/2428 6933/9/2557 6927/9/2423
f 6927/9/2423 6933/9/2557 6934/9/2558 6928/9/2424
f 6928/9/2424 6934/9/2558 6929/9/2425 6923/9/1530
f 6929/9/2425 6935/9/2431 6936/9/2432 6930/9/2555
f 6930/9/2555 6936/9/2432 6937/9/2433 6931/9/2556
f 6931/9/2556 6937/9/2433 6938/9/2536 6932/9/2428
f 6932/9/2428 6938/9/2536 6939/9/2435 6933/9/2557
f 6933/9/2557 6939/9/2435 6940/9/2436 6934/9/2558
f 6934/9/2558 6940/9/2436 6935/9/2431 6929/9/2425
f 6935/9/2431 6869/9/1671 6870/9/2437 6936/9/2432
f 6936/9/2432 6870/9/2437 6871/9/2438 6937/9/2433
f 6937/9/2433 6871/9/2438 6872/9/1668 6938/9/2536
f 6938/9/2536 6872/9/1668 6873/9/2439 6939/9/2435
f 6939/9/2435 6873/9/2439 6874/9/2440 6940/9/2436
f 6940/9/2436 6874/9/2440 6869/9/1671 6935/9/2431
f 6941/9/1671 6947/9/2367 6948/9/2372 6942/9/2376
f 6942/9/2376 6948/9/2372 6949/9/2371 6943/9/2375
f 6943/9/2375 6949/9/2371 6950/9/2370 6944/9/1668
f 6944/9/1668 6950/9/2370 6951/9/2369 6945/9/2374
f 6945/9/2374 6951/9/2369 6952/9/2368 6946/9/2373
f 6946/9/2373 6952/9/2368 6947/9/2367 6941/9/1671
f 6947/9/2367 6953/9/2361 6954/9/2480 6948/9/2372
f 6948/9/2372 6954/9/2480 6955/9/2365 6949/9/2371
f 6949/9/2371 6955/9/2365 6956/9/2364 6950/9/2370
f 6950/9/2370 6956/9/2364 6957/9/2363 6951/9/2369
f 6951/9/2369 6957/9/2363 6958/9/2477 6952/9/2368
f 6952/9/2368 6958/9/2477 6953/9/2361 6947/9/2367
f 6953/9/2361 6959/9/1616 6960/9/2360 6954/9/2480
f 6954/9/2480 6960/9/2360 6961/9/2359 6955/9/2365
f 6955/9/2365 6961/9/2359 6962/9/1609 6956/9/2364
f 6956/9/2364 6962/9/1609 6963/9/2358 6957/9/2363
f 6957/9/2363 6963/9/2358 6964/9/2357 6958/9/2477
f 6958/9/2477 6964/9/2357 6959/9/1616 6953/9/2361
f 6959/9/1616 6965/9/2351 6966/9/2470 6960/9/2360
f 6960/9/2360 6966/9/2470 6967/9/2547 6961/9/2359
f 6961/9/2359 6967/9/2547 6968/9/2354 6962/9/1609
f 6962/9/1609 6968/9/2354 6969/9/2548 6963/9/2358
f 6963/9/2358 6969/9/2548 6970/9/2469 6964/9/2357
f 6964/9/2357 6970/9/2469 6965/9/2351 6959/9/1616
f 6965/9/2351 6971/9/2341 6972/9/2349 6966/9/2470
f 6966/9/2470 6972/9/2349 6973/9/2347 6967/9/2547
f 6967/9/2547 6973/9/2347 6974/9/2539 6968/9/2354
f 6968/9/2354 6974/9/2539 6975/9/2344 6969/9/2548
f 6969/9/2548 6975/9/2344 6976/9/2342 6970/9/2469
f 6970/9/2469 6976/9/2342 6971/9/2341 6965/9/2351
f 6971/9/2341 6977/9/1668 6978/9/2350 6972/9/2349
f 6972/9/2349 6978/9/2350 6979/9/2348 6973/9/2347
f 6973/9/2347 6979/9/2348 6980/9/1671 6974/9/2539
f 6974/9/2539 6980/9/1671 6981/9/2345 6975/9/2344
f 6975/9/2344 6981/9/2345 6982/9/2343 6976/9/2342
f 6976/9/2342 6982/9/2343 6977/9/1668 6971/9/2341
f 6977/9/1668 6983/9/2399 6984/9/2404 6978/9/2350
f 6978/9/2350 6984/9/2404 6985/9/2403 6979/9/2348
f 6979/9/2348 6985/9/2403 6986/9/2540 6980/9/1671
f 6980/9/1671 6986/9/2540 6987/9/2401 6981/9/2345
f 6981/9/2345 6987/9/2401 6988/9/2400 6982/9/2343
f 6982/9/2343 6988/9/2400 6983/9/2399 6977/9/1668
f 6983/9/2399 6989/9/2393 6990/9/2476 6984/9/2404
f 6984/9/2404 6990/9/2476 6991/9/2549 6985/9/2403
f 6985/9/2403 6991/9/2549 6992/9/2396 6986/9/2540
f 6986/9/2540 6992/9/2396 6993/9/2550 6987/9/2401
f 6987/9/2401 6993/9/2550 6994/9/2475 6988/9/2400
f 6988/9/2400 6994/9/2475 6989/9/2393 6983/9/2399
f 6989/9/2393 6995/9/1609 6996/9/2392 6990/9/2476
f 6990/9/2476 6996/9/2392 6997/9/2391 6991/9/2549
f 6991/9/2549 6997/9/2391 6998/9/1616 6992/9/2396
f 6992/9/2396 6998/9/1616 6999/9/2390 6993/9/2550
f 6993/9/2550 6999/9/2390 7000/9/2389 6994/9/2475
f 6994/9/2475 7000/9/2389 6995/9/1609 6989/9/2393
f 6995/9/1609 7001/9/2383 7002/9/2484 6996/9/2392
f 6996/9/2392 7002/9/2484 7003/9/2387 6997/9/2391
f 6997/9/2391 7003/9/2387 7004/9/2386 6998/9/1616
f 6998/9/1616 7004/9/2386 7005/9/2543 6999/9/2390
f 6999/9/2390 7005/9/2543 7006/9/2481 7000/9/2389
f 7000/9/2389 7006/9/2481 7001/9/2383 6995/9/1609
f 7001/9/2383 7007/9/2377 7008/9/2382 7002/9/2484
f 7002/9/2484 7008/9/2382 7009/9/2381 7003/9/2387
f 7003/9/2387 7009/9/2381 7010/9/2544 7004/9/2386
f 7004/9/2386 7010/9/2544 7011/9/2379 7005/9/2543
f 7005/9/2543 7011/9/2379 7012/9/2378 7006/9/2481
f 7006/9/2481 7012/9/2378 7007/9/2377 7001/9/2383
f 7007/9/2377 6941/9/1671 6942/9/2376 7008/9/2382
f 7008/9/2382 6942/9/2376 6943/9/2375 7009/9/2381
f 7009/9/2381 6943/9/2375 6944/9/1668 7010/9/2544
f 7010/9/2544 6944/9/1668 6945/9/2374 7011/9/2379
f 7011/9/2379 6945/9/2374 6946/9/2373 7012/9/2378
f 7012/9/2378 6946/9/2373 6941/9/1671 7007/9/2377
f 7013/9/2559 7014/9/2560 7020/9/2561 7019/9/2562
f 7025/9/1530 7014/9/2560 7013/9/2559
f 7026/9/1527 7019/9/2562 7020/9/2561
f 7014/9/2560 7015/9/2563 7021/9/2564 7020/9/2561
f 7025/9/1530 7015/9/2563 7014/9/2560
f 7026/9/1527 7020/9/2561 7021/9/2564
f 7015/9/2563 7016/9/2565 7022/9/2566 7021/9/2564
f 7025/9/1530 7016/9/2565 7015/9/2563
f 7026/9/1527 7021/9/2564 7022/9/2566
f 7016/9/2565 7017/9/2567 7023/9/2568 7022/9/2566
f 7025/9/1530 7017/9/2567 7016/9/2565
f 7026/9/1527 7022/9/2566 7023/9/2568
f 7017/9/2567 7018/9/2569 7024/9/2570 7023/9/2568
f 7025/9/1530 7018/9/2569 7017/9/2567
f 7026/9/1527 7023/9/2568 7024/9/2570
f 7018/9/2569 7013/9/2559 7019/9/2562 7024/9/2570
f 7025/9/1530 7013/9/2559 7018/9/2569
f 7026/9/1527 7024/9/2570 7019/9/2562
f 7027/9/2559 7028/9/2560 7034/9/2561 7033/9/2562
f 7039/9/1530 7028/9/2560 7027/9/2559
f 7040/9/1527 7033/9/2562 7034/9/2561
f 7028/9/2560 7029/9/2563 7035/9/2564 7034/9/2561
f 7039/9/1530 7029/9/2563 7028/9/2560
f 7040/9/1527 7034/9/2561 7035/9/2564
f 7029/9/2563 7030/9/2565 7036/9/2566 7035/9/2564
f 7039/9/1530 7030/9/2565 7029/9/2563
f 7040/9/1527 7035/9/2564 7036/9/2566
f 7030/9/2565 7031/9/2567 7037/9/2568 7036/9/2566
f 7039/9/1530 7031/9/2567 7030/9/2565
f 7040/9/1527 7036/9/2566 7037/9/2568
f 7031/9/2567 7032/9/2569 7038/9/2570 7037/9/2568
f 7039/9/1530 7032/9/2569 7031/9/2567
f 7040/9/1527 7037/9/2568 7038/9/2570
f 7032/9/2569 7027/9/2559 7033/9/2562 7038/9/2570
f 7039/9/1530 7027/9/2559 7032/9/2569
f 7040/9/1527 7038/9/2570 7033/9/2562
f 7041/9/2559 7042/9/2560 7048/9/2561 7047/9/2562
f 7053/9/1530 7042/9/2560 7041/9/2559
f 7054/9/1527 7047/9/2562 7048/9/2561
f 7042/9/2560 7043/9/2563 7049/9/2564 7048/9/2561
f 7053/9/1530 7043/9/2563 7042/9/2560
f 7054/9/1527 7048/9/2561 7049/9/2564
f 7043/9/2563 7044/9/2565 7050/9/2566 7049/9/2564
f 7053/9/1530 7044/9/2565 7043/9/2563
f 7054/9/1527 7049/9/2564 7050/9/2566
f 7044/9/2565 7045/9/2567 7051/9/2568 7050/9/2566
f 7053/9/1530 7045/9/2567 7044/9/2565
f 7054/9/1527 7050/9/2566 7051/9/2568
f 7045/9/2567 7046/9/2569 7052/9/2570 7051/9/2568
f 7053/9/1530 7046/9/2569 7045/9/2567
f 7054/9/1527 7051/9/2568 7052/9/2570
f 7046/9/2569 7041/9/2559 7047/9/2562 7052/9/2570
f 7053/9/1530 7041/9/2559 7046/9/2569
f 7054/9/1527 7052/9/2570 7047/9/2562
f 7055/9/2559 7056/9/2560 7062/9/2561 7061/9/2562
f 7067/9/1530 7056/9/2560 7055/9/2559
f 7068/9/1527 7061/9/2562 7062/9/2561
f 7056/9/2560 7057/9/2563 7063/9/2564 7062/9/2561
f 7067/9/1530 7057/9/2563 7056/9/2560
f 7068/9/1527 7062/9/2561 7063/9/2564
f 7057/9/2563 7058/9/2565 7064/9/2566 7063/9/2564
f 7067/9/1530 7058/9/2565 7057/9/2563
f 7068/9/1527 7063/9/2564 7064/9/2566
f 7058/9/2565 7059/9/2567 7065/9/2568 7064/9/2566
f 7067/9/1530 7059/9/2567 7058/9/2565
f 7068/9/1527 7064/9/2566 7065/9/2568
f 7059/9/2567 7060/9/2569 7066/9/2570 7065/9/2568
f 7067/9/1530 7060/9/2569 7059/9/2567
f 7068/9/1527 7065/9/2568 7066/9/2570
f 7060/9/2569 7055/9/2559 7061/9/2562 7066/9/2570
f 7067/9/1530 7055/9/2559 7060/9/2569
f 7068/9/1527 7066/9/2570 7061/9/2562
f 7069/9/2559 7070/9/2560 7076/9/2561 7075/9/2562
f 7081/9/1530 7070/9/2560 7069/9/2559
f 7082/9/1527 7075/9/2562 7076/9/2561
f 7070/9/2560 7071/9/2563 7077/9/2564 7076/9/2561
f 7081/9/1530 7071/9/2563 7070/9/2560
f 7082/9/1527 7076/9/2561 7077/9/2564
f 7071/9/2563 7072/9/2565 7078/9/2566 7077/9/2564
f 7081/9/1530 7072/9/2565 7071/9/2563
f 7082/9/1527 7077/9/2564 7078/9/2566
f 7072/9/2565 7073/9/2567 7079/9/2568 7078/9/2566
f 7081/9/1530 7073/9/2567 7072/9/2565
f 7082/9/1527 7078/9/2566 7079/9/2568
f 7073/9/2567 7074/9/2569 7080/9/2570 7079/9/2568
f 7081/9/1530 7074/9/2569 7073/9/2567
f 7082/9/1527 7079/9/2568 7080/9/2570
f 7074/9/2569 7069/9/2559 7075/9/2562 7080/9/2570
f 7081/9/1530 7069/9/2559 7074/9/2569
f 7082/9/1527 7080/9/2570 7075/9/2562
f 7083/9/2559 7084/9/2560 7090/9/2561 7089/9/2562
f 7095/9/1530 7084/9/2560 7083/9/2559
f 7096/9/1527 7089/9/2562 7090/9/2561
f 7084/9/2560 7085/9/2563 7091/9/2564 7090/9/2561
f 7095/9/1530 7085/9/2563 7084/9/2560
f 7096/9/1527 7090/9/2561 7091/9/2564
f 7085/9/2563 7086/9/2565 7092/9/2566 7091/9/2564
f 7095/9/1530 7086/9/2565 7085/9/2563
f 7096/9/1527 7091/9/2564 7092/9/2566
f 7086/9/2565 7087/9/2567 7093/9/2568 7092/9/2566
f 7095/9/1530 7087/9/2567 7086/9/2565
f 7096/9/1527 7092/9/2566 7093/9/2568
f 7087/9/2567 7088/9/2569 7094/9/2570 7093/9/2568
f 7095/9/1530 7088/9/2569 7087/9/2567
f 7096/9/1527 7093/9/2568 7094/9/2570
f 7088/9/2569 7083/9/2559 7089/9/2562 7094/9/2570
f 7095/9/1530 7083/9/2559 7088/9/2569
f 7096/9/1527 7094/9/2570 7089/9/2562
f 7097/9/2571 7098/9/2572 7104/9/2573 7103/9/2574
f 7109/9/1527 7098/9/2572 7097/9/2571
f 7110/9/1530 7103/9/2574 7104/9/2573
f 7098/9/2572 7099/9/2575 7105/9/2576 7104/9/2573
f 7109/9/1527 7099/9/2575 7098/9/2572
f 7110/9/1530 7104/9/2573 7105/9/2576
f 7099/9/2575 7100/9/2577 7106/9/2578 7105/9/2576
f 7109/9/1527 7100/9/2577 7099/9/2575
f 7110/9/1530 7105/9/2576 7106/9/2578
f 7100/9/2577 7101/9/2579 7107/9/2580 7106/9/2578
f 7109/9/1527 7101/9/2579 7100/9/2577
f 7110/9/1530 7106/9/2578 7107/9/2580
f 7101/9/2579 7102/9/2581 7108/9/2582 7107/9/2580
f 7109/9/1527 7102/9/2581 7101/9/2579
f 7110/9/1530 7107/9/2580 7108/9/2582
f 7102/9/2581 7097/9/2571 7103/9/2574 7108/9/2582
f 7109/9/1527 7097/9/2571 7102/9/2581
f 7110/9/1530 7108/9/2582 7103/9/2574
f 7111/9/2571 7112/9/2572 7118/9/2573 7117/9/2574
f 7123/9/1527 7112/9/2572 7111/9/2571
f 7124/9/1530 7117/9/2574 7118/9/2573
f 7112/9/2572 7113/9/2575 7119/9/2576 7118/9/2573
f 7123/9/1527 7113/9/2575 7112/9/2572
f 7124/9/1530 7118/9/2573 7119/9/2576
f 7113/9/2575 7114/9/2577 7120/9/2578 7119/9/2576
f 7123/9/1527 7114/9/2577 7113/9/2575
f 7124/9/1530 7119/9/2576 7120/9/2578
f 7114/9/2577 7115/9/2579 7121/9/2580 7120/9/2578
f 7123/9/1527 7115/9/2579 7114/9/2577
f 7124/9/1530 7120/9/2578 7121/9/2580
f 7115/9/2579 7116/9/2581 7122/9/2582 7121/9/2580
f 7123/9/1527 7116/9/2581 7115/9/2579
f 7124/9/1530 7121/9/2580 7122/9/2582
f 7116/9/2581 7111/9/2571 7117/9/2574 7122/9/2582
f 7123/9/1527 7111/9/2571 7116/9/2581
f 7124/9/1530 7122/9/2582 7117/9/2574
f 7125/9/2571 7126/9/2572 7132/9/2573 7131/9/2574
f 7137/9/1527 7126/9/2572 7125/9/2571
f 7138/9/1530 7131/9/2574 7132/9/2573
f 7126/9/2572 7127/9/2575 7133/9/2576 7132/9/2573
f 7137/9/1527 7127/9/2575 7126/9/2572
f 7138/9/1530 7132/9/2573 7133/9/2576
f 7127/9/2575 7128/9/2577 7134/9/2578 7133/9/2576
f 7137/9/1527 7128/9/2577 7127/9/2575
f 7138/9/1530 7133/9/2576 7134/9/2578
f 7128/9/2577 7129/9/2579 7135/9/2580 7134/9/2578
f 7137/9/1527 7129/9/2579 7128/9/2577
f 7138/9/1530 7134/9/2578 7135/9/2580
f 7129/9/2579 7130/9/2581 7136/9/2582 7135/9/2580
f 7137/9/1527 7130/9/2581 7129/9/2579
f 7138/9/1530 7135/9/2580 7136/9/2582
f 7130/9/2581 7125/9/2571 7131/9/2574 7136/9/2582
f 7137/9/1527 7125/9/2571 7130/9/2581
f 7138/9/1530 7136/9/2582 7131/9/2574
f 7139/9/2571 7140/9/2572 7146/9/2573 7145/9/2574
f 7151/9/1527 7140/9/2572 7139/9/2571
f 7152/9/1530 7145/9/2574 7146/9/2573
f 7140/9/2572 7141/9/2575 7147/9/2576 7146/9/2573
f 7151/9/1527 7141/9/2575 7140/9/2572
f 7152/9/1530 7146/9/2573 7147/9/2576
f 7141/9/2575 7142/9/2577 7148/9/2578 7147/9/2576
f 7151/9/1527 7142/9/2577 7141/9/2575
f 7152/9/1530 7147/9/2576 7148/9/2578
f 7142/9/2577 7143/9/2579 7149/9/2580 7148/9/2578
f 7151/9/1527 7143/9/2579 7142/9/2577
f 7152/9/1530 7148/9/2578 7149/9/2580
f 7143/9/2579 7144/9/2581 7150/9/2582 7149/9/2580
f 7151/9/1527 7144/9/2581 7143/9/2579
f 7152/9/1530 7149/9/2580 7150/9/2582
f 7144/9/2581 7139/9/2571 7145/9/2574 7150/9/2582
f 7151/9/1527 7139/9/2571 7144/9/2581
f 7152/9/1530 7150/9/2582 7145/9/2574
f 7153/9/2571 7154/9/2572 7160/9/2573 7159/9/2574
f 7165/9/1527 7154/9/2572 7153/9/2571
f 7166/9/1530 7159/9/2574 7160/9/2573
f 7154/9/2572 7155/9/2575 7161/9/2576 7160/9/2573
f 7165/9/1527 7155/9/2575 7154/9/2572
f 7166/9/1530 7160/9/2573 7161/9/2576
f 7155/9/2575 7156/9/2577 7162/9/2578 7161/9/2576
f 7165/9/1527 7156/9/2577 7155/9/2575
f 7166/9/1530 7161/9/2576 7162/9/2578
f 7156/9/2577 7157/9/2579 7163/9/2580 7162/9/2578
f 7165/9/1527 7157/9/2579 7156/9/2577
f 7166/9/1530 7162/9/2578 7163/9/2580
f 7157/9/2579 7158/9/2581 7164/9/2582 7163/9/2580
f 7165/9/1527 7158/9/2581 7157/9/2579
f 7166/9/1530 7163/9/2580 7164/9/2582
f 7158/9/2581 7153/9/2571 7159/9/2574 7164/9/2582
f 7165/9/1527 7153/9/2571 7158/9/2581
f 7166/9/1530 7164/9/2582 7159/9/2574
f 7167/9/2571 7168/9/2572 7174/9/2573 7173/9/2574
f 7179/9/1527 7168/9/2572 7167/9/2571
f 7180/9/1530 7173/9/2574 7174/9/2573
f 7168/9/2572 7169/9/2575 7175/9/2576 7174/9/2573
f 7179/9/1527 7169/9/2575 7168/9/2572
f 7180/9/1530 7174/9/2573 7175/9/2576
f 7169/9/2575 7170/9/2577 7176/9/2578 7175/9/2576
f 7179/9/1527 7170/9/2577 7169/9/2575
f 7180/9/1530 7175/9/2576 7176/9/2578
f 7170/9/2577 7171/9/2579 7177/9/2580 7176/9/2578
f 7179/9/1527 7171/9/2579 7170/9/2577
f 7180/9/1530 7176/9/2578 7177/9/2580
f 7171/9/2579 7172/9/2581 7178/9/2582 7177/9/2580
f 7179/9/1527 7172/9/2581 7171/9/2579
f 7180/9/1530 7177/9/2580 7178/9/2582
f 7172/9/2581 7167/9/2571 7173/9/2574 7178/9/2582
f 7179/9/1527 7167/9/2571 7172/9/2581
f 7180/9/1530 7178/9/2582 7173/9/2574
