# Blender 5.2.2 LTS
# www.blender.org
mtllib receiver.mtl
o RenderMesh_101667207324037
v 0.059716 0.093749 -0.572543
v 0.055098 0.044425 -0.572543
v 0.031504 0.060190 -0.572543
v 0.031504 0.093749 -0.572543
v 0.067571 0.092028 -0.572543
v 0.081065 0.083371 -0.572543
v 0.089974 0.071545 -0.572543
v 0.072016 0.019013 -0.572543
v 0.114063 0.019013 -0.572543
v 0.077922 -0.010675 -0.572543
v 0.128355 -0.012155 -0.572543
v 0.102913 -0.025829 -0.570067
v 0.124069 -0.028425 -0.569306
v 0.124012 -0.028662 -0.569259
v 0.037724 -0.101754 0.572543
v 0.000000 -0.088598 0.572543
v -0.000002 -0.109258 0.572543
v 0.029818 -0.082667 0.572543
v 0.069707 -0.080384 0.572543
v -0.037728 -0.101754 0.572543
v -0.000002 -0.109258 0.572543
v -0.029822 -0.082667 0.572543
v 0.000000 -0.088598 0.572543
v -0.055102 -0.065776 0.572543
v -0.069711 -0.080384 0.572543
v -0.091081 -0.048401 0.572543
v -0.072330 -0.038803 0.572543
v -0.098585 -0.010675 0.572543
v -0.077775 -0.009922 0.572543
v -0.091081 0.027051 0.572543
v -0.072019 0.019017 0.572543
v -0.069711 0.059034 0.572543
v -0.054814 0.044617 0.572543
v -0.030152 0.061096 0.572543
v -0.037728 0.080404 0.572543
v 0.000000 0.067248 0.572543
v -0.000002 0.087908 0.572543
v 0.037724 0.080404 0.572543
v 0.030148 0.061096 0.572543
v 0.069707 0.059034 0.572543
v 0.055099 0.044425 0.572543
v 0.091077 0.027051 0.572543
v 0.071990 0.019144 0.572543
v 0.098581 -0.010675 0.572543
v 0.077922 -0.010675 0.572543
v 0.091077 -0.048401 0.572543
v 0.071869 -0.040676 0.572543
v 0.069707 -0.080384 0.572543
v 0.055099 -0.065776 0.572543
v 0.029818 -0.082667 0.572543
v -0.020790 -0.177926 -0.511767
v -0.031508 -0.100513 -0.511767
v -0.000002 -0.088598 -0.511767
v -0.031508 -0.081541 -0.511767
v 0.031504 -0.100513 -0.511767
v 0.020786 -0.177926 -0.511767
v 0.050857 -0.157157 -0.511767
v 0.050857 -0.100513 -0.511767
v 0.031504 -0.100513 -0.511767
v -0.000002 -0.088598 -0.511767
v 0.031504 -0.081541 -0.511767
v -0.020790 -0.177926 -0.511767
v 0.020786 -0.177926 -0.511767
v -0.031508 -0.100513 -0.511767
v -0.050861 -0.157157 -0.511767
v -0.050861 -0.100513 -0.511767
v -0.050861 -0.132322 -0.459990
v 0.050857 -0.142939 -0.457145
v -0.050861 -0.142939 -0.457145
v 0.050857 -0.132322 -0.459990
v -0.050861 -0.124550 -0.467762
v 0.050857 -0.124550 -0.467762
v 0.000000 0.085669 0.520388
v 0.036867 0.078335 0.520386
v 0.000000 0.089882 0.520388
v 0.051754 0.089887 0.520386
v 0.068124 0.057450 0.520385
v 0.107051 0.030845 0.520363
v 0.089009 0.026194 0.520382
v 0.107051 -0.009550 0.520388
v 0.096342 -0.010675 0.520386
v 0.089009 -0.047545 0.520388
v 0.046677 0.114134 0.520388
v 0.051754 0.108938 0.520388
v 0.017320 0.100284 0.520387
v 0.037285 -0.108306 0.520388
v 0.087812 -0.108306 0.520388
v 0.068124 -0.078801 0.520388
v 0.028400 -0.103609 0.520388
v 0.036480 -0.099893 0.520388
v 0.068124 -0.078801 0.520388
v 0.087812 -0.108306 0.520388
v 0.087812 -0.080589 0.520388
v 0.037285 -0.108306 0.520388
v 0.036480 -0.099893 0.520388
v 0.089009 -0.047545 0.520388
v 0.107051 -0.057423 0.520388
v 0.107051 -0.009550 0.520388
v -0.046677 0.114018 0.520388
v -0.051757 0.089882 0.520386
v -0.017324 0.100284 0.520388
v -0.051757 0.108938 0.520388
v -0.008263 0.091222 0.520388
v -0.017324 0.116806 0.520388
v -0.014138 0.108545 0.520388
v -0.046677 0.142758 0.520388
v -0.008263 0.125867 0.520388
v 0.000000 0.177926 0.520388
v 0.000000 0.122682 0.520388
v 0.008259 0.125867 0.520387
v 0.046677 0.142758 0.520388
v 0.017320 0.116806 0.520387
v 0.046677 0.114134 0.520388
v 0.017320 0.100284 0.520387
v 0.014135 0.108545 0.520387
v 0.051754 0.089887 0.520386
v 0.008259 0.091222 0.520387
v 0.000000 0.089882 0.520388
v -0.000002 0.094408 0.520388
v -0.000002 0.094408 0.520388
v -0.036871 0.078335 0.520383
v 0.000000 0.085669 0.520388
v -0.051757 0.089882 0.520386
v -0.068128 0.057451 0.520374
v -0.107050 0.030845 0.520363
v -0.089012 0.026194 0.520373
v -0.046677 0.142758 0.520388
v 0.000000 0.177926 0.520388
v -0.048374 0.177926 0.520388
v -0.063480 0.159561 0.520388
v -0.063480 0.162819 0.520388
v 0.046677 0.142758 0.520388
v 0.048374 0.177926 0.520388
v 0.063480 0.159561 0.520388
v 0.063480 0.162819 0.520388
v -0.089012 -0.047545 0.520379
v -0.092544 -0.076267 0.520388
v -0.068128 -0.078801 0.520388
v -0.085798 -0.085806 0.520388
v -0.080189 -0.092266 0.520388
v -0.036484 -0.099893 0.520388
v -0.080189 -0.108305 0.520388
v -0.037289 -0.108306 0.520388
v -0.028403 -0.103609 0.520388
v -0.068128 -0.078801 0.520388
v -0.092544 -0.076267 0.520388
v -0.087970 -0.080782 0.520388
v -0.085798 -0.085806 0.520388
v -0.080189 -0.092266 0.520388
v -0.085798 -0.090728 0.520388
v -0.089012 -0.047545 0.520379
v -0.097863 -0.070737 0.520388
v -0.107050 -0.057423 0.520388
v -0.107050 -0.009549 0.520388
v -0.096346 -0.010675 0.520371
v -0.089012 0.026194 0.520373
v -0.107050 0.030845 0.520363
v -0.036484 -0.099893 0.520388
v -0.080189 -0.108305 0.520388
v -0.037289 -0.108306 0.520388
v -0.037289 -0.151543 0.520388
v 0.037285 -0.151543 0.520388
v -0.000002 -0.109258 0.520388
v 0.004789 -0.108306 0.520388
v 0.037285 -0.108306 0.520388
v -0.004793 -0.108306 0.520388
v -0.037289 -0.108306 0.520388
v 0.037285 -0.108306 0.520388
v 0.028400 -0.103609 0.520388
v 0.004789 -0.108306 0.520388
v -0.028403 -0.103609 0.520388
v -0.037289 -0.108306 0.520388
v -0.004793 -0.108306 0.520388
v 0.031504 0.110033 -0.448190
v 0.031504 0.128043 -0.448190
v 0.046677 0.110033 -0.448190
v 0.046677 0.128043 -0.448190
v -0.025061 0.146126 -0.562614
v 0.000000 0.146126 -0.566376
v -0.024159 0.144323 -0.561737
v -0.029898 -0.173287 0.504903
v -0.037289 -0.164097 0.516223
v -0.037289 -0.165897 0.514006
v 0.024159 0.144323 -0.561737
v 0.000000 0.144323 -0.565363
v 0.000000 0.146126 -0.566376
v -0.024159 0.144323 -0.561737
v 0.025061 0.146126 -0.562614
v 0.041789 0.144323 -0.551831
v 0.024159 0.144323 -0.561737
v 0.041718 0.101152 -0.411741
v 0.046677 0.095197 -0.413337
v 0.041718 0.094235 -0.413595
v 0.000000 0.159561 0.460619
v 0.048374 0.177926 0.460618
v 0.000000 0.177926 0.460618
v -0.048374 0.177926 0.460618
v 0.063480 0.159561 0.460619
v 0.063480 0.162819 0.460619
v -0.063480 0.159561 0.460619
v -0.063480 0.162819 0.460619
v 0.046677 0.095197 -0.413337
v 0.041718 0.101152 -0.411741
v 0.046677 0.101152 -0.411741
v 0.041718 0.136380 -0.411741
v 0.046677 0.136380 -0.411741
v 0.047614 0.094235 -0.413595
v 0.041718 0.094235 -0.413595
v 0.041718 0.089171 -0.418658
v 0.052546 0.089171 -0.418658
v 0.041718 0.087317 -0.425575
v 0.054351 0.087317 -0.425575
v -0.050861 -0.142939 -0.457145
v 0.050857 -0.142939 -0.457145
v -0.050861 -0.153556 -0.459990
v 0.050857 -0.153556 -0.459990
v 0.031504 0.106739 -0.468376
v 0.046677 0.095197 -0.479820
v 0.031504 0.093749 -0.481256
v 0.048087 0.093749 -0.481256
v 0.046677 0.106739 -0.468376
v -0.046735 0.095307 -0.479711
v -0.031508 0.093749 -0.481256
v -0.048229 0.093749 -0.481256
v -0.031508 0.106739 -0.468376
v -0.046722 0.106739 -0.468376
v -0.046691 0.131337 -0.468376
v -0.031508 0.106739 -0.468376
v -0.046722 0.106739 -0.468376
v -0.031508 0.131337 -0.468376
v -0.046677 0.142758 -0.479701
v -0.031508 0.142758 -0.479701
v -0.048241 0.144323 -0.481252
v 0.031504 0.142758 -0.479701
v 0.048242 0.144323 -0.481252
v 0.046677 0.142758 -0.479701
v 0.031504 0.131337 -0.468376
v 0.046677 0.131337 -0.468376
v 0.031504 0.110033 -0.448190
v 0.046677 0.106739 -0.451484
v 0.031504 0.106739 -0.451484
v 0.046677 0.110033 -0.448190
v -0.041789 0.144323 -0.551831
v -0.025061 0.146126 -0.562614
v -0.024159 0.144323 -0.561737
v -0.043350 0.146126 -0.552338
v 0.000000 0.159561 0.400849
v 0.048374 0.177926 0.400849
v 0.000000 0.177926 0.400849
v -0.048374 0.177926 0.400849
v 0.063480 0.159561 0.400849
v 0.063480 0.162819 0.400849
v -0.063480 0.159561 0.400849
v -0.063480 0.162819 0.400849
v 0.040383 0.094925 -0.414791
v 0.040383 0.101327 -0.413076
v 0.041718 0.101152 -0.411741
v 0.065080 0.094395 0.350567
v 0.078460 0.088591 0.345969
v 0.073642 0.097052 0.345846
v 0.078460 0.071300 0.348626
v 0.046677 0.095307 0.355740
v 0.078460 0.061222 0.355740
v 0.046677 0.115943 0.355740
v 0.046677 0.095307 0.355740
v 0.054715 0.110312 0.347702
v 0.065080 0.094395 0.350567
v 0.073642 0.097052 0.345846
v 0.000000 0.177926 -0.285002
v 0.048374 0.177926 -0.285002
v 0.000000 0.159561 -0.285002
v -0.048374 0.177926 -0.285002
v 0.063480 0.159561 -0.285002
v 0.063480 0.162819 -0.285002
v -0.063480 0.159561 -0.285002
v -0.063480 0.162819 -0.285002
v 0.000000 0.159561 0.341080
v 0.048374 0.177926 0.341080
v 0.000000 0.177926 0.341080
v -0.048374 0.177926 0.341080
v 0.063480 0.159561 0.341080
v 0.063480 0.162819 0.341080
v -0.063480 0.159561 0.341080
v -0.063480 0.162819 0.341080
v 0.030755 -0.177926 -0.495073
v 0.050857 -0.157157 -0.511767
v 0.050857 -0.164042 -0.495073
v 0.020786 -0.177926 -0.511767
v 0.033504 -0.177926 -0.478378
v 0.050857 -0.165941 -0.478378
v -0.051038 0.175261 -0.369541
v -0.051038 0.147119 -0.369541
v -0.053436 0.149517 -0.365738
v -0.063480 0.162819 -0.355695
v -0.053436 0.172863 -0.365738
v 0.053436 0.149517 -0.365739
v 0.063480 0.162819 -0.355695
v 0.063480 0.159561 -0.355695
v 0.053436 0.172863 -0.365739
v 0.051038 0.147119 -0.369541
v 0.051038 0.175261 -0.369541
v -0.043350 0.176255 -0.552338
v -0.050045 0.146126 -0.538300
v -0.050045 0.176255 -0.538300
v 0.043351 0.176255 -0.552338
v 0.050045 0.146126 -0.538300
v 0.043351 0.146126 -0.552338
v 0.050045 0.176255 -0.538300
v -0.050861 -0.121706 -0.478378
v 0.050857 -0.121706 -0.478378
v -0.050861 -0.124550 -0.467762
v 0.050857 -0.124550 -0.467762
v -0.085798 -0.100746 0.472057
v -0.080189 -0.095810 0.479168
v -0.085798 -0.094431 0.478372
v -0.085798 -0.090728 0.487042
v -0.080189 -0.101586 0.473392
v -0.085798 -0.108305 0.469403
v -0.080189 -0.108305 0.471033
v -0.080189 -0.092266 0.487244
v -0.085798 -0.090728 0.520388
v -0.080189 -0.092266 0.520388
v 0.050045 0.146126 -0.538300
v 0.041789 0.144323 -0.551831
v 0.043351 0.146126 -0.552338
v 0.025061 0.146126 -0.562614
v 0.041789 0.144323 -0.551831
v 0.031504 0.131337 -0.451484
v 0.046677 0.128043 -0.448190
v 0.031504 0.128043 -0.448190
v 0.046677 0.131337 -0.451484
v -0.051038 0.175261 -0.369541
v -0.053436 0.149517 -0.365738
v -0.053436 0.172863 -0.365738
v -0.063480 0.162819 -0.355695
v -0.063480 0.159561 -0.355695
v -0.050045 0.146126 -0.373926
v -0.051038 0.147119 -0.369541
v -0.050045 0.176255 -0.373926
v -0.050045 0.176255 -0.538300
v -0.050045 0.146126 -0.373926
v -0.050045 0.146126 -0.538300
v -0.043350 0.176255 -0.552338
v -0.043350 0.146126 -0.552338
v -0.025061 0.176255 -0.562614
v -0.025061 0.146126 -0.562614
v 0.000000 0.176255 -0.566376
v 0.000000 0.146126 -0.566376
v 0.025061 0.146126 -0.562614
v 0.025061 0.176255 -0.562614
v 0.043351 0.146126 -0.552338
v 0.043351 0.176255 -0.552338
v -0.050861 -0.157157 -0.511767
v -0.030759 -0.177926 -0.495073
v -0.050861 -0.164042 -0.495073
v -0.020790 -0.177926 -0.511767
v -0.033509 -0.177926 -0.478378
v -0.050861 -0.165941 -0.478378
v -0.033509 -0.177926 -0.444220
v -0.050861 -0.165941 -0.444220
v 0.000000 0.177926 -0.225233
v 0.048374 0.177926 -0.225233
v 0.000000 0.159561 -0.225233
v -0.048374 0.177926 -0.225233
v 0.063480 0.159561 -0.225233
v 0.063480 0.162819 -0.225233
v -0.063480 0.159561 -0.225233
v -0.063480 0.162819 -0.225233
v 0.000000 0.159561 0.281311
v 0.048374 0.177926 0.281311
v 0.000000 0.177926 0.281311
v -0.048374 0.177926 0.281311
v 0.063480 0.159561 0.281311
v 0.063480 0.162819 0.281311
v -0.063480 0.159561 0.281311
v -0.063480 0.162819 0.281311
v 0.033504 -0.177926 -0.444220
v -0.033509 -0.177926 -0.444220
v -0.033509 -0.177926 -0.478378
v 0.033504 -0.177926 -0.478378
v -0.030759 -0.177926 -0.495073
v 0.030755 -0.177926 -0.495073
v 0.020786 -0.177926 -0.511767
v -0.020790 -0.177926 -0.511767
v 0.041718 0.150215 -0.425575
v 0.050045 0.148361 -0.418658
v 0.041718 0.148361 -0.418658
v 0.050045 0.150215 -0.425575
v 0.047216 0.143297 -0.413595
v 0.050045 0.146126 -0.416423
v 0.041718 0.143297 -0.413595
v 0.046677 0.142758 -0.413450
v 0.041718 0.136380 -0.411741
v 0.046677 0.136380 -0.411741
v 0.050857 -0.165941 -0.478378
v 0.033504 -0.177926 -0.444220
v 0.033504 -0.177926 -0.478378
v 0.050857 -0.165941 -0.444220
v 0.000000 0.177926 -0.165464
v 0.048374 0.177926 -0.165464
v 0.000000 0.159561 -0.165464
v -0.048374 0.177926 -0.165464
v 0.063480 0.159561 -0.165464
v 0.063480 0.162819 -0.165464
v -0.063480 0.159561 -0.165464
v -0.063480 0.162819 -0.165464
v 0.041718 0.136380 -0.411741
v 0.040383 0.142607 -0.414791
v 0.041718 0.143297 -0.413595
v 0.040383 0.136205 -0.413076
v 0.041718 0.148361 -0.418658
v 0.040383 0.147165 -0.419349
v 0.041718 0.150215 -0.425575
v 0.040383 0.148833 -0.425575
v 0.000000 0.159561 0.221542
v 0.048374 0.177926 0.221542
v 0.000000 0.177926 0.221542
v -0.048374 0.177926 0.221542
v 0.063480 0.159561 0.221542
v 0.063480 0.162819 0.221542
v -0.063480 0.159561 0.221542
v -0.063480 0.162819 0.221542
v 0.031504 -0.081541 -0.541173
v 0.050857 -0.100513 -0.511767
v 0.031504 -0.100513 -0.511767
v 0.088564 -0.079043 -0.544837
v 0.055098 -0.065775 -0.553702
v 0.071990 -0.040495 -0.566990
v 0.082958 -0.099964 -0.514149
v 0.096787 -0.048355 -0.565342
v 0.080723 -0.108305 -0.477950
v 0.050857 -0.108305 -0.477950
v 0.050857 -0.108305 -0.444220
v 0.048208 -0.108305 -0.413874
v 0.031504 -0.108305 -0.430345
v 0.055666 -0.108305 -0.386427
v 0.055666 -0.108305 -0.328279
v 0.080723 -0.108306 -0.105068
v 0.047705 -0.108305 -0.305043
v 0.034760 -0.108305 -0.285792
v 0.034760 -0.108306 -0.020471
v 0.086475 -0.108306 -0.037787
v 0.054988 -0.108306 -0.015045
v 0.089488 -0.108306 -0.039035
v 0.103056 -0.108306 -0.103819
v 0.103056 -0.108306 -0.039035
v 0.085227 -0.108306 -0.034774
v 0.069768 -0.108306 -0.000265
v 0.075178 -0.108306 0.019926
v 0.085227 -0.108306 0.085693
v -0.037289 -0.165183 0.489438
v -0.029898 -0.173287 0.504903
v -0.037289 -0.165897 0.514006
v -0.026534 -0.176651 0.489438
v -0.029898 -0.173287 0.473975
v -0.037289 -0.165897 0.464871
v 0.026530 -0.176651 0.489438
v 0.037285 -0.165897 0.501600
v 0.029894 -0.173288 0.504903
v 0.037285 -0.165897 0.514006
v 0.029894 -0.173288 0.473975
v 0.037285 -0.165897 0.464871
v -0.025061 0.176255 -0.562614
v -0.041903 0.177926 -0.551538
v -0.024226 0.177926 -0.561471
v 0.000000 0.176255 -0.566376
v 0.000000 0.177926 -0.565107
v 0.024226 0.177926 -0.561471
v 0.025061 0.176255 -0.562614
v 0.041904 0.177926 -0.551538
v 0.043351 0.176255 -0.552338
v 0.048374 0.177926 -0.537969
v 0.050045 0.176255 -0.538300
v 0.050045 0.176255 -0.373926
v 0.048374 0.177926 -0.316381
v 0.050045 0.176255 -0.373926
v 0.051038 0.175261 -0.369541
v 0.053436 0.172863 -0.365739
v 0.063480 0.162819 -0.355695
v 0.053436 0.172863 -0.365739
v 0.063480 0.162819 -0.316381
v 0.103056 -0.108306 0.205200
v 0.087812 -0.080589 0.251290
v 0.087812 -0.108306 0.251290
v 0.050857 -0.108305 -0.444220
v -0.000002 -0.108305 -0.439437
v -0.050861 -0.108305 -0.444220
v -0.031508 -0.108305 -0.430345
v 0.031504 -0.108305 -0.430345
v 0.087812 -0.108306 0.251290
v 0.075178 -0.108306 0.440738
v 0.086475 -0.108306 0.088706
v 0.087812 -0.108306 0.451245
v 0.103056 -0.108306 0.205200
v 0.089488 -0.108306 0.089954
v 0.103056 -0.108306 0.089954
v 0.070908 -0.108306 0.445008
v 0.037285 -0.108306 0.458511
v 0.087812 -0.108306 0.520388
v 0.037285 -0.108306 0.520388
v 0.000000 -0.108306 0.445008
v -0.037289 -0.108306 0.458511
v -0.070912 -0.108305 0.445008
v -0.080189 -0.108305 0.471033
v -0.037289 -0.108306 0.489438
v -0.080189 -0.108305 0.520388
v -0.037289 -0.108306 0.520388
v -0.085798 -0.108305 0.469403
v -0.075182 -0.108305 0.440738
v -0.085798 -0.108305 -0.019469
v -0.075182 -0.108305 -0.009288
v -0.069772 -0.108305 -0.029478
v -0.087970 -0.108305 -0.024492
v -0.092544 -0.108305 -0.027726
v -0.054991 -0.108305 -0.044259
v -0.103056 -0.108305 -0.030994
v -0.080723 -0.108305 -0.105068
v -0.103056 -0.108305 -0.103819
v -0.034801 -0.108305 -0.049669
v -0.034764 -0.108305 -0.285792
v -0.047709 -0.108305 -0.305043
v -0.055670 -0.108305 -0.328279
v -0.080723 -0.108305 -0.477950
v -0.055670 -0.108305 -0.386427
v -0.048212 -0.108305 -0.413874
v -0.050861 -0.108305 -0.444220
v -0.031508 -0.108305 -0.430345
v -0.050861 -0.108305 -0.477950
v -0.050861 -0.100513 -0.511767
v -0.082958 -0.099964 -0.514149
v -0.088564 -0.079043 -0.544837
v -0.031508 -0.081541 -0.541173
v -0.031508 -0.100513 -0.511767
v -0.055102 -0.065775 -0.553702
v -0.071994 -0.040495 -0.566990
v -0.096787 -0.048354 -0.565342
v -0.102915 -0.025818 -0.570067
v -0.077925 -0.010675 -0.572543
v -0.124069 -0.028424 -0.569306
v -0.124012 -0.028662 -0.569259
v -0.128355 -0.012155 -0.572543
v -0.114063 0.019013 -0.572543
v -0.071994 0.019145 -0.572543
v -0.089974 0.071545 -0.572543
v -0.055102 0.044425 -0.572543
v -0.081065 0.083371 -0.572543
v -0.067571 0.092028 -0.572543
v -0.059716 0.093749 -0.572543
v -0.031508 0.060190 -0.572543
v -0.031508 0.093749 -0.572543
v -0.092544 -0.076267 0.520388
v -0.097863 -0.070737 0.520388
v -0.097863 -0.070737 0.447998
v -0.107050 -0.057423 0.457418
v -0.107050 -0.057423 0.520388
v -0.097863 -0.070737 0.447998
v -0.041789 0.144323 -0.551831
v -0.050045 0.146126 -0.538300
v -0.043350 0.146126 -0.552338
v -0.103056 -0.108305 -0.103819
v -0.119146 -0.046953 -0.103819
v -0.098222 -0.043040 -0.105059
v -0.080723 -0.108305 -0.105068
v -0.100585 -0.034347 -0.107437
v -0.121547 -0.037801 -0.106349
v 0.100585 -0.034347 -0.107437
v 0.121547 -0.037801 -0.106349
v 0.119146 -0.046953 -0.103819
v 0.098222 -0.043040 -0.105059
v 0.103056 -0.108306 -0.103819
v 0.080723 -0.108306 -0.105068
v 0.098813 -0.067342 0.220937
v 0.098813 -0.067342 0.447998
v 0.087812 -0.080589 0.251290
v 0.087812 -0.080589 0.251290
v 0.098813 -0.067342 0.447998
v 0.087812 -0.080589 0.451245
v 0.107051 -0.057423 0.457418
v 0.087812 -0.080589 0.520388
v 0.087812 -0.080589 0.451245
v 0.107051 -0.057423 0.457418
v 0.087812 -0.080589 0.451245
v 0.098813 -0.067342 0.447998
v 0.087812 -0.080589 0.520388
v 0.107051 -0.057423 0.520388
v -0.048374 0.177926 -0.316381
v -0.063480 0.162819 -0.355695
v -0.063480 0.162819 -0.316381
v -0.053436 0.172863 -0.365738
v -0.051038 0.175261 -0.369541
v -0.050045 0.176255 -0.373926
v -0.048374 0.177926 -0.537969
v -0.050045 0.176255 -0.538300
v -0.043350 0.176255 -0.552338
v 0.000000 0.177926 -0.017535
v 0.048374 0.177926 -0.017535
v 0.000000 0.177926 -0.045926
v 0.048374 0.177926 -0.045926
v -0.048374 0.177926 -0.017535
v -0.048374 0.177926 -0.045926
v 0.000000 0.177926 0.221542
v 0.048374 0.177926 0.221542
v 0.000000 0.177926 0.193151
v 0.048374 0.177926 0.193151
v -0.048374 0.177926 0.221542
v -0.048374 0.177926 0.193151
v -0.048374 0.177926 0.400849
v 0.000000 0.177926 0.372459
v -0.048374 0.177926 0.372459
v 0.000000 0.177926 0.400849
v 0.048374 0.177926 0.400849
v 0.048374 0.177926 0.372459
v 0.000000 0.177926 -0.256612
v 0.048374 0.177926 -0.256612
v 0.000000 0.177926 -0.285002
v 0.048374 0.177926 -0.285002
v -0.048374 0.177926 -0.256612
v -0.048374 0.177926 -0.285002
v 0.000000 0.177926 0.161772
v 0.048374 0.177926 0.161772
v 0.000000 0.177926 0.133382
v 0.048374 0.177926 0.133382
v -0.048374 0.177926 0.161772
v -0.048374 0.177926 0.133382
v 0.000000 0.177926 -0.137074
v 0.048374 0.177926 -0.137074
v 0.000000 0.177926 -0.165464
v 0.048374 0.177926 -0.165464
v -0.048374 0.177926 -0.137074
v -0.048374 0.177926 -0.165464
v 0.000000 0.177926 0.102003
v 0.048374 0.177926 0.102003
v 0.000000 0.177926 0.073613
v 0.048374 0.177926 0.073613
v -0.048374 0.177926 0.102003
v -0.048374 0.177926 0.073613
v 0.000000 0.177926 0.281311
v 0.048374 0.177926 0.281311
v 0.000000 0.177926 0.252921
v 0.048374 0.177926 0.252921
v -0.048374 0.177926 0.281311
v -0.048374 0.177926 0.252921
v 0.000000 0.177926 0.042234
v 0.048374 0.177926 0.042234
v 0.000000 0.177926 0.013844
v 0.048374 0.177926 0.013844
v -0.048374 0.177926 0.042234
v -0.048374 0.177926 0.013844
v 0.000000 0.177926 -0.196843
v 0.048374 0.177926 -0.196843
v 0.000000 0.177926 -0.225233
v 0.048374 0.177926 -0.225233
v -0.048374 0.177926 -0.196843
v -0.048374 0.177926 -0.225233
v 0.000000 0.177926 0.341080
v 0.048374 0.177926 0.341080
v 0.000000 0.177926 0.312690
v 0.048374 0.177926 0.312690
v -0.048374 0.177926 0.341080
v -0.048374 0.177926 0.312690
v 0.000000 0.177926 0.460618
v 0.048374 0.177926 0.460618
v 0.000000 0.177926 0.432228
v 0.048374 0.177926 0.432228
v -0.048374 0.177926 0.460618
v -0.048374 0.177926 0.432228
v 0.000000 0.177926 -0.077304
v 0.048374 0.177926 -0.077304
v 0.000000 0.177926 -0.105695
v 0.048374 0.177926 -0.105695
v -0.048374 0.177926 -0.077304
v -0.048374 0.177926 -0.105695
v 0.000000 0.177926 -0.565107
v 0.000000 0.177926 -0.316381
v 0.048374 0.177926 -0.537969
v 0.048374 0.177926 -0.316381
v 0.024226 0.177926 -0.561471
v 0.041904 0.177926 -0.551538
v -0.048374 0.177926 -0.537969
v -0.048374 0.177926 -0.316381
v -0.024226 0.177926 -0.561471
v -0.041903 0.177926 -0.551538
v 0.000000 0.177926 0.491997
v 0.048374 0.177926 0.520388
v 0.048374 0.177926 0.491997
v 0.000000 0.177926 0.520388
v -0.048374 0.177926 0.520388
v -0.048374 0.177926 0.491997
v -0.114513 -0.064642 -0.069040
v -0.103056 -0.108305 -0.103819
v -0.103056 -0.108305 -0.030994
v -0.119146 -0.046953 -0.103819
v -0.103685 0.067599 -0.063012
v -0.060505 0.066460 -0.129261
v -0.111852 0.045573 -0.063012
v -0.075317 0.036680 -0.130586
v -0.124679 -0.025900 -0.102797
v -0.119146 -0.046953 -0.103819
v -0.114513 -0.064642 -0.069040
v -0.121547 -0.037801 -0.106349
v -0.123304 -0.031102 -0.113261
v -0.123949 -0.028650 -0.122702
v -0.124679 -0.025900 -0.102797
v -0.124679 -0.025900 -0.534935
v -0.123949 -0.028650 -0.122702
v -0.124012 -0.028662 -0.569259
v -0.128355 -0.012155 -0.547959
v -0.124069 -0.028424 -0.569306
v -0.124069 -0.028424 -0.569306
v -0.128355 -0.012155 -0.547959
v -0.128355 -0.012155 -0.572543
v -0.124012 -0.028662 -0.569259
v -0.124679 -0.025900 -0.534935
v 0.000000 0.177926 -0.105695
v 0.048374 0.177926 -0.105695
v 0.000000 0.159561 -0.105695
v -0.048374 0.177926 -0.105695
v 0.063480 0.159561 -0.105695
v 0.063480 0.162819 -0.105695
v -0.063480 0.159561 -0.105695
v -0.063480 0.162819 -0.105695
v 0.128355 -0.012155 -0.547960
v 0.124069 -0.028425 -0.569306
v 0.128355 -0.012155 -0.572543
v 0.120235 -0.042574 0.075744
v 0.120235 -0.042574 0.099748
v 0.118907 -0.047535 0.083947
v 0.117702 -0.052161 0.088194
v 0.103056 -0.108306 -0.103819
v 0.120235 -0.042574 -0.046427
v 0.103056 -0.108306 -0.039035
v 0.120235 -0.042574 -0.039035
v 0.119146 -0.046953 -0.103819
v 0.124679 -0.025901 -0.079508
v 0.121547 -0.037801 -0.106349
v 0.123305 -0.031102 -0.113261
v 0.123949 -0.028650 -0.122702
v 0.124679 -0.025901 -0.534935
v 0.120235 -0.042574 -0.046427
v 0.103056 -0.108306 -0.103819
v 0.119146 -0.046953 -0.103819
v 0.103056 -0.108306 0.089954
v 0.116979 -0.054736 0.121414
v 0.103056 -0.108306 0.205200
v 0.116132 -0.058189 0.089954
v 0.118649 -0.048499 0.110303
v 0.120235 -0.042574 0.099748
v 0.116132 -0.058189 0.089954
v 0.117702 -0.052161 0.088194
v 0.118649 -0.048499 0.110303
v 0.116979 -0.054736 0.121414
v 0.103056 -0.108306 0.089954
v -0.063480 0.162819 0.193151
v -0.063480 0.162819 0.221542
v -0.048374 0.177926 0.221542
v -0.048374 0.177926 0.193151
v -0.063480 0.162819 -0.165464
v -0.063480 0.162819 -0.137074
v -0.048374 0.177926 -0.137074
v -0.048374 0.177926 -0.165464
v -0.063480 0.162819 -0.045926
v -0.063480 0.162819 -0.017535
v -0.048374 0.177926 -0.017535
v -0.048374 0.177926 -0.045926
v -0.063480 0.162819 0.432228
v -0.063480 0.162819 0.460619
v -0.048374 0.177926 0.460618
v -0.048374 0.177926 0.432228
v -0.063480 0.162819 -0.225233
v -0.063480 0.162819 -0.196843
v -0.048374 0.177926 -0.196843
v -0.048374 0.177926 -0.225233
v -0.063480 0.162819 0.013844
v -0.063480 0.162819 0.042234
v -0.048374 0.177926 0.042234
v -0.048374 0.177926 0.013844
v 0.128355 -0.012155 -0.547960
v 0.124012 -0.028662 -0.569259
v 0.124069 -0.028425 -0.569306
v 0.124679 -0.025901 -0.534935
v 0.123949 -0.028650 -0.122702
v -0.063480 0.162819 0.491997
v -0.063480 0.162819 0.520388
v -0.048374 0.177926 0.520388
v -0.048374 0.177926 0.491997
v -0.063480 0.162819 0.073613
v -0.063480 0.162819 0.102003
v -0.048374 0.177926 0.102003
v -0.048374 0.177926 0.073613
v -0.063480 0.162819 -0.285002
v -0.063480 0.162819 -0.256612
v -0.048374 0.177926 -0.256612
v -0.048374 0.177926 -0.285002
v -0.063480 0.162819 0.252921
v -0.063480 0.162819 0.281311
v -0.048374 0.177926 0.281311
v -0.048374 0.177926 0.252921
v -0.063480 0.162819 0.312690
v -0.063480 0.162819 0.341080
v -0.048374 0.177926 0.341080
v -0.048374 0.177926 0.312690
v -0.063480 0.162819 0.372459
v -0.063480 0.162819 0.400849
v -0.048374 0.177926 0.400849
v -0.048374 0.177926 0.372459
v -0.063480 0.162819 -0.105695
v -0.063480 0.162819 -0.077304
v -0.048374 0.177926 -0.077304
v -0.048374 0.177926 -0.105695
v -0.063480 0.162819 0.133382
v -0.063480 0.162819 0.161773
v -0.048374 0.177926 0.161772
v -0.048374 0.177926 0.133382
v 0.000000 0.159561 0.161773
v 0.048374 0.177926 0.161772
v 0.000000 0.177926 0.161772
v -0.048374 0.177926 0.161772
v 0.063480 0.159561 0.161773
v 0.063480 0.162819 0.161773
v -0.063480 0.159561 0.161773
v -0.063480 0.162819 0.161773
v 0.048374 0.177926 -0.105695
v 0.048374 0.177926 -0.077304
v 0.063480 0.162819 -0.105695
v 0.063480 0.162819 -0.077304
v 0.048374 0.177926 -0.225233
v 0.048374 0.177926 -0.196843
v 0.063480 0.162819 -0.225233
v 0.063480 0.162819 -0.196843
v 0.048374 0.177926 0.252921
v 0.048374 0.177926 0.281311
v 0.063480 0.162819 0.252921
v 0.063480 0.162819 0.281311
v 0.048374 0.177926 -0.285002
v 0.048374 0.177926 -0.256612
v 0.063480 0.162819 -0.285002
v 0.063480 0.162819 -0.256612
v 0.048374 0.177926 0.193151
v 0.048374 0.177926 0.221542
v 0.063480 0.162819 0.193151
v 0.063480 0.162819 0.221542
v -0.087970 -0.080782 -0.019469
v -0.087970 -0.080782 0.520388
v -0.092544 -0.076267 -0.019469
v -0.092544 -0.076267 0.520388
v -0.097863 -0.070737 0.447998
v -0.097863 -0.071413 -0.019469
v -0.085798 -0.085806 -0.019469
v -0.085798 -0.085806 0.520388
v -0.087970 -0.081455 -0.021981
v -0.092544 -0.077373 -0.023598
v -0.097863 -0.071413 -0.019469
v -0.097863 -0.072640 -0.024104
v -0.097863 -0.076020 -0.026804
v -0.092544 -0.080396 -0.026620
v -0.103056 -0.082367 -0.030994
v -0.087970 -0.083294 -0.023819
v -0.092544 -0.084525 -0.027726
v -0.103056 -0.108305 -0.030994
v -0.092544 -0.108305 -0.027726
v -0.087970 -0.085806 -0.024492
v -0.087970 -0.108305 -0.024492
v -0.085798 -0.108305 -0.019469
v -0.085798 -0.108305 0.469403
v -0.085798 -0.100746 0.472057
v -0.085798 -0.094431 0.478372
v -0.085798 -0.090728 0.487042
v -0.085798 -0.090728 0.520388
v 0.048374 0.177926 0.013844
v 0.048374 0.177926 0.042234
v 0.063480 0.162819 0.013844
v 0.063480 0.162819 0.042234
v 0.048374 0.177926 0.133382
v 0.048374 0.177926 0.161772
v 0.063480 0.162819 0.133382
v 0.063480 0.162819 0.161773
v 0.048374 0.177926 -0.165464
v 0.048374 0.177926 -0.137074
v 0.063480 0.162819 -0.165464
v 0.063480 0.162819 -0.137074
v 0.048374 0.177926 0.073613
v 0.048374 0.177926 0.102003
v 0.063480 0.162819 0.073613
v 0.063480 0.162819 0.102003
v 0.048374 0.177926 0.372459
v 0.048374 0.177926 0.400849
v 0.063480 0.162819 0.372459
v 0.063480 0.162819 0.400849
v 0.048374 0.177926 -0.045926
v 0.048374 0.177926 -0.017535
v 0.063480 0.162819 -0.045926
v 0.063480 0.162819 -0.017535
v 0.048374 0.177926 0.491997
v 0.048374 0.177926 0.520388
v 0.063480 0.162819 0.491997
v 0.063480 0.162819 0.520388
v 0.048374 0.177926 0.432228
v 0.048374 0.177926 0.460618
v 0.063480 0.162819 0.432228
v 0.063480 0.162819 0.460619
v 0.048374 0.177926 0.312690
v 0.048374 0.177926 0.341080
v 0.063480 0.162819 0.312690
v 0.063480 0.162819 0.341080
v 0.103056 -0.108306 0.205200
v 0.116979 -0.054736 0.121414
v 0.098813 -0.067342 0.220937
v 0.087812 -0.080589 0.251290
v 0.116979 -0.044619 0.121414
v 0.096650 -0.009549 0.220937
v 0.118649 -0.048499 0.110303
v 0.116979 -0.044619 0.121414
v 0.116979 -0.054736 0.121414
v 0.000000 0.159561 0.432228
v 0.063480 0.159561 0.400849
v 0.000000 0.159561 0.400849
v 0.063480 0.159561 0.432228
v -0.063480 0.159561 0.400849
v -0.063480 0.159561 0.432228
v 0.000000 0.159561 0.193151
v 0.063480 0.159561 0.161773
v 0.000000 0.159561 0.161773
v 0.063480 0.159561 0.193151
v -0.063480 0.159561 0.161773
v -0.063480 0.159561 0.193151
v -0.063480 0.159561 -0.285002
v 0.000000 0.159561 -0.316381
v -0.063480 0.159561 -0.316381
v 0.000000 0.159561 -0.285002
v 0.063480 0.159561 -0.285002
v 0.063480 0.159561 -0.316381
v 0.063480 0.159561 0.312690
v 0.000000 0.159561 0.281311
v 0.000000 0.159561 0.312690
v 0.063480 0.159561 0.281311
v -0.063480 0.159561 0.312690
v -0.063480 0.159561 0.281311
v 0.000000 0.159561 -0.045926
v 0.063480 0.159561 -0.045926
v 0.000000 0.159561 -0.077304
v 0.063480 0.159561 -0.077304
v -0.063480 0.159561 -0.045926
v -0.063480 0.159561 -0.077304
v 0.063480 0.159561 0.252921
v 0.000000 0.159561 0.221542
v 0.000000 0.159561 0.252921
v 0.063480 0.159561 0.221542
v -0.063480 0.159561 0.252921
v -0.063480 0.159561 0.221542
v 0.063480 0.159561 0.372459
v 0.000000 0.159561 0.341080
v 0.000000 0.159561 0.372459
v 0.063480 0.159561 0.341080
v -0.063480 0.159561 0.372459
v -0.063480 0.159561 0.341080
v 0.000000 0.159561 0.073613
v 0.063480 0.159561 0.073613
v 0.000000 0.159561 0.042234
v 0.063480 0.159561 0.042234
v -0.063480 0.159561 0.073613
v -0.063480 0.159561 0.042234
v 0.000000 0.159561 0.013844
v 0.063480 0.159561 0.013844
v 0.000000 0.159561 -0.017535
v 0.063480 0.159561 -0.017535
v -0.063480 0.159561 0.013844
v -0.063480 0.159561 -0.017535
v 0.000000 0.159561 0.491997
v 0.063480 0.159561 0.491997
v 0.000000 0.159561 0.460619
v 0.063480 0.159561 0.460619
v -0.063480 0.159561 0.491997
v -0.063480 0.159561 0.460619
v 0.000000 0.159561 -0.225233
v 0.063480 0.159561 -0.225233
v 0.000000 0.159561 -0.256612
v 0.063480 0.159561 -0.256612
v -0.063480 0.159561 -0.225233
v -0.063480 0.159561 -0.256612
v 0.000000 0.159561 -0.165464
v 0.063480 0.159561 -0.165464
v 0.000000 0.159561 -0.196843
v 0.063480 0.159561 -0.196843
v -0.063480 0.159561 -0.165464
v -0.063480 0.159561 -0.196843
v 0.000000 0.159561 -0.105695
v 0.063480 0.159561 -0.137074
v 0.000000 0.159561 -0.137074
v 0.063480 0.159561 -0.105695
v -0.063480 0.159561 -0.137074
v -0.063480 0.159561 -0.105695
v 0.000000 0.159561 0.133382
v 0.063480 0.159561 0.102003
v 0.000000 0.159561 0.102003
v 0.063480 0.159561 0.133382
v -0.063480 0.159561 0.102003
v -0.063480 0.159561 0.133382
v -0.080723 -0.108305 -0.105068
v -0.102915 -0.025818 -0.122866
v -0.080723 -0.108305 -0.477950
v -0.098222 -0.043040 -0.105059
v -0.102289 -0.028111 -0.113891
v -0.100585 -0.034347 -0.107437
v -0.102915 -0.025818 -0.570067
v -0.082958 -0.099964 -0.514149
v -0.088564 -0.079043 -0.544837
v -0.096787 -0.048354 -0.565342
v 0.120235 -0.016539 0.056642
v 0.120235 -0.024138 -0.029492
v 0.120235 -0.016539 -0.046427
v 0.120235 -0.042574 -0.046427
v 0.120235 -0.033681 -0.039035
v 0.124679 -0.025901 -0.079508
v 0.120235 -0.016539 -0.046427
v 0.120235 -0.042574 -0.046427
v 0.120235 -0.033681 -0.039035
v 0.120235 -0.042574 -0.039035
v 0.120235 -0.026933 -0.036240
v 0.120235 -0.024138 -0.029492
v 0.120235 -0.016539 0.056642
v 0.120235 -0.024138 0.040776
v 0.120235 -0.026461 0.049104
v 0.120235 -0.042574 0.075744
v 0.120235 -0.042574 0.099748
v 0.086475 -0.027888 -0.035285
v 0.086475 -0.025386 -0.029244
v 0.085227 -0.030194 -0.032979
v 0.085227 -0.028399 -0.028645
v 0.086475 -0.025386 0.040606
v 0.085227 -0.028399 0.040193
v 0.085227 -0.030409 0.047398
v 0.089488 -0.024138 0.040776
v 0.086475 -0.027617 0.048605
v 0.085227 -0.050866 0.081220
v 0.086475 -0.048511 0.083148
v 0.085227 -0.054310 0.084383
v 0.089488 -0.026461 0.049104
v 0.120235 -0.026461 0.049104
v 0.120235 -0.024138 0.040776
v 0.120235 -0.042574 0.075744
v 0.089488 -0.024138 -0.029492
v 0.120235 -0.024138 -0.029492
v 0.089488 -0.047535 0.083947
v 0.118907 -0.047535 0.083947
v 0.117702 -0.052161 0.088194
v 0.120235 -0.026933 -0.036240
v 0.120235 -0.024138 -0.029492
v 0.089488 -0.026933 -0.036240
v 0.089488 -0.052161 0.088194
v 0.116132 -0.058189 0.089954
v 0.086475 -0.052790 0.087078
v 0.089488 -0.058189 0.089954
v 0.103056 -0.108306 0.089954
v 0.089488 -0.108306 0.089954
v 0.086475 -0.058367 0.088706
v 0.085227 -0.058798 0.085693
v 0.086475 -0.108306 0.088706
v 0.085227 -0.108306 0.085693
v 0.089488 -0.033681 -0.039035
v 0.120235 -0.026933 -0.036240
v 0.120235 -0.033681 -0.039035
v 0.120235 -0.042574 -0.039035
v 0.089488 -0.108306 -0.039035
v 0.103056 -0.108306 -0.039035
v 0.086475 -0.033929 -0.037787
v 0.086475 -0.108306 -0.037787
v 0.085227 -0.034529 -0.034774
v 0.085227 -0.108306 -0.034774
v 0.098222 -0.043040 -0.105059
v 0.102289 -0.028111 -0.113891
v 0.100585 -0.034347 -0.107437
v 0.102915 -0.025818 -0.122866
v 0.080723 -0.108306 -0.105068
v 0.080723 -0.108305 -0.477950
v 0.102913 -0.025829 -0.570067
v 0.082958 -0.099964 -0.514149
v 0.088564 -0.079043 -0.544837
v 0.096787 -0.048355 -0.565342
v -0.107050 -0.009549 0.520388
v -0.107050 -0.057423 0.457418
v -0.107050 -0.057423 0.520388
v -0.107050 -0.057423 0.457418
v -0.107050 -0.009549 0.520388
v -0.107050 -0.009549 0.457418
v -0.107050 0.030845 0.479149
v -0.107050 -0.009549 0.520388
v -0.107050 0.030845 0.520363
v -0.107050 -0.009549 0.457418
v -0.107050 -0.009549 0.520388
v -0.107050 0.030845 0.479149
v -0.103685 0.067599 -0.053151
v -0.111852 0.045573 -0.063012
v -0.111852 0.045573 -0.048920
v -0.103685 0.067599 -0.063012
v 0.107051 -0.057423 0.457418
v 0.107051 -0.009550 0.520388
v 0.107051 -0.057423 0.520388
v 0.107051 -0.009550 0.457418
v 0.107051 -0.009550 0.520388
v 0.107051 -0.009550 0.457418
v 0.107051 0.030845 0.491545
v 0.107051 0.030845 0.520363
v -0.097863 -0.018695 0.448727
v -0.097859 -0.018686 -0.025843
v -0.097863 -0.071413 -0.019469
v -0.097863 -0.072640 -0.024104
v -0.103056 -0.015204 -0.030994
v -0.097863 -0.076020 -0.026804
v -0.103056 -0.082367 -0.030994
v -0.111852 0.045573 -0.063012
v -0.075317 0.036680 -0.130586
v -0.088047 0.013277 -0.063458
v -0.088047 0.013277 -0.063458
v -0.111852 0.045573 -0.048920
v -0.095632 0.023637 -0.031605
v -0.088225 0.013550 -0.030994
v -0.097859 -0.018686 -0.025843
v -0.097863 -0.076020 -0.026804
v -0.097863 -0.072640 -0.024104
v -0.097863 -0.071413 -0.019469
v -0.097863 -0.070737 0.447998
v -0.097863 -0.018695 0.448727
v 0.098813 -0.067342 0.220937
v 0.096650 -0.009549 0.447998
v 0.098813 -0.067342 0.447998
v 0.096650 -0.009549 0.220937
v 0.054715 0.110312 0.347702
v 0.054715 0.110312 0.267496
v 0.046677 0.115943 0.355740
v 0.073642 0.097052 0.345846
v 0.046677 0.115943 0.259458
v 0.046677 0.115943 0.355740
v 0.054715 0.110312 0.267496
v 0.073642 0.097052 0.345846
v 0.073642 0.097052 0.269352
v -0.120235 -0.016539 -0.094215
v -0.120235 -0.016539 -0.518441
v -0.124679 -0.025900 -0.102797
v -0.124679 -0.025900 -0.534935
v -0.118999 -0.014002 -0.530036
v -0.124679 -0.025900 -0.534935
v -0.124679 -0.025900 -0.102797
v -0.120235 -0.016539 -0.518441
v -0.118999 -0.014002 -0.530036
v -0.116017 -0.007878 -0.534702
v -0.081065 0.083371 -0.544382
v -0.081065 0.083371 -0.572543
v -0.089974 0.071545 -0.548773
v -0.089974 0.071545 -0.572543
v -0.067571 0.092028 -0.572543
v -0.114063 0.019013 -0.572543
v -0.128355 -0.012155 -0.547959
v -0.128355 -0.012155 -0.572543
v -0.067571 0.092028 -0.532178
v -0.059716 0.093749 -0.572543
v -0.059716 0.093749 -0.523080
v 0.087812 -0.080589 0.451245
v 0.087812 -0.108306 0.520388
v 0.087812 -0.108306 0.451245
v 0.087812 -0.108306 0.520388
v 0.087812 -0.080589 0.451245
v 0.087812 -0.080589 0.520388
v 0.087812 -0.080589 0.251290
v 0.087812 -0.108306 0.451245
v 0.087812 -0.108306 0.251290
v 0.087812 -0.080589 0.451245
v 0.051754 0.108938 0.502411
v 0.046677 0.114134 0.520388
v 0.051754 0.108938 0.520388
v 0.078460 0.088591 0.345969
v 0.078460 0.086293 0.269318
v 0.073642 0.097052 0.269352
v 0.078460 0.071300 0.348626
v 0.073642 0.097052 0.345846
v -0.103056 -0.082367 -0.030994
v -0.114513 -0.064642 -0.069040
v -0.103056 -0.108305 -0.030994
v -0.103056 -0.015204 -0.030994
v -0.120235 -0.016539 -0.094215
v 0.059716 0.093749 -0.572543
v 0.059716 0.093749 -0.523091
v 0.067571 0.092028 -0.532189
v 0.067571 0.092028 -0.572543
v 0.081065 0.083371 -0.544391
v 0.081065 0.083371 -0.572543
v 0.089974 0.071545 -0.548773
v 0.089974 0.071545 -0.572543
v 0.114063 0.019013 -0.572543
v 0.128355 -0.012155 -0.547960
v 0.128355 -0.012155 -0.572543
v 0.120235 -0.016539 -0.518441
v 0.124679 -0.025901 -0.534935
v 0.118999 -0.014002 -0.530036
v 0.120235 -0.016539 -0.046427
v 0.124679 -0.025901 -0.079508
v 0.124679 -0.025901 -0.079508
v 0.124679 -0.025901 -0.534935
v 0.120235 -0.016539 -0.518441
v 0.116017 -0.007878 -0.534702
v 0.118999 -0.014002 -0.530036
v 0.085227 -0.058798 0.085693
v 0.085227 -0.050866 0.081220
v 0.085227 -0.054310 0.084383
v 0.085227 -0.030409 0.047398
v 0.085227 -0.108306 0.085693
v 0.085227 -0.028399 0.040193
v 0.085227 -0.108306 -0.034774
v 0.085227 -0.034529 -0.034774
v 0.085227 -0.028399 -0.028645
v 0.085227 -0.028399 -0.028645
v 0.085227 -0.034529 -0.034774
v 0.085227 -0.030194 -0.032979
v 0.085227 -0.108306 0.085693
v 0.085227 -0.030409 0.047398
v 0.085227 -0.058798 0.085693
v -0.080189 -0.092266 0.520388
v -0.080189 -0.092266 0.487244
v -0.080189 -0.108305 0.520388
v -0.080189 -0.108305 0.520388
v -0.080189 -0.092266 0.487244
v -0.080189 -0.108305 0.471033
v -0.080189 -0.095810 0.479168
v -0.080189 -0.101586 0.473392
v -0.097859 -0.018686 -0.025843
v -0.096881 -0.015084 0.008568
v -0.094414 -0.010242 -0.011711
v -0.096881 -0.015084 0.397160
v 0.051038 0.175261 -0.369541
v 0.050045 0.146126 -0.373926
v 0.050045 0.176255 -0.373926
v 0.051038 0.147119 -0.369541
v 0.050045 0.146126 -0.416423
v 0.050045 0.146126 -0.373926
v 0.053436 0.149517 -0.365739
v 0.053436 0.172863 -0.365739
v -0.107050 0.030845 0.520363
v -0.051757 0.089968 0.484117
v -0.107050 0.030845 0.479149
v -0.051757 0.089882 0.520386
v -0.061202 0.080633 0.451130
v -0.051757 0.089968 0.484117
v -0.056504 0.085111 0.443763
v -0.050861 -0.161327 -0.467762
v 0.050857 -0.164172 -0.478378
v -0.050861 -0.164172 -0.478378
v 0.050857 -0.161328 -0.467762
v -0.050861 -0.153556 -0.459990
v 0.050857 -0.153556 -0.459990
v 0.000000 0.177926 -0.045926
v 0.048374 0.177926 -0.045926
v 0.000000 0.159561 -0.045926
v -0.048374 0.177926 -0.045926
v 0.063480 0.159561 -0.045926
v 0.063480 0.162819 -0.045926
v -0.063480 0.159561 -0.045926
v -0.063480 0.162819 -0.045926
v 0.078464 0.028679 0.259458
v 0.078460 0.061222 0.355740
v 0.078460 0.028689 0.448461
v 0.078460 0.061222 0.477692
v 0.078460 0.047400 0.267496
v 0.078460 0.071300 0.348626
v 0.078460 0.061222 0.355740
v 0.078460 0.047400 0.267496
v 0.078460 0.086293 0.269318
v -0.056504 0.085111 -0.030995
v -0.046735 0.095307 -0.479711
v -0.048229 0.093749 -0.481256
v -0.046679 0.095307 0.481342
v -0.056504 0.085111 -0.515989
v -0.048229 0.093749 -0.481256
v -0.048229 0.093749 -0.508484
v -0.056504 0.085111 0.443763
v -0.051757 0.089968 0.484117
v -0.046679 0.095307 0.481342
v -0.056504 0.085111 -0.030995
v -0.048374 0.177926 0.102003
v 0.000000 0.159561 0.102003
v 0.000000 0.177926 0.102003
v 0.048374 0.177926 0.102003
v -0.063480 0.159561 0.102003
v -0.063480 0.162819 0.102003
v 0.063480 0.159561 0.102003
v 0.063480 0.162819 0.102003
v -0.096881 -0.015084 0.397160
v -0.097859 -0.018686 -0.025843
v -0.097863 -0.018695 0.448727
v -0.094414 -0.010242 0.417440
v -0.095011 -0.011413 0.447266
v -0.087675 0.002986 0.432285
v -0.078468 0.021055 0.437719
v -0.051833 0.073333 0.447266
v 0.046677 0.095197 -0.413337
v 0.056500 0.085111 0.181755
v 0.047614 0.094235 -0.413595
v 0.052546 0.089171 -0.418658
v 0.046677 0.095197 0.181856
v 0.054351 0.087317 -0.425575
v 0.056500 0.085111 0.259458
v 0.046677 0.095197 0.259458
v 0.056500 0.085111 -0.515989
v 0.052546 0.089171 -0.432492
v 0.048087 0.093749 -0.481256
v 0.048087 0.093749 -0.509295
v 0.047614 0.094235 -0.437556
v 0.046677 0.095197 -0.479820
v 0.046677 0.095197 -0.437814
v 0.056500 0.085111 -0.515989
v 0.048087 0.093749 -0.481256
v 0.052546 0.089171 -0.432492
v 0.078460 0.061222 0.477692
v 0.107051 0.030845 0.520363
v 0.107051 0.030845 0.491545
v 0.046677 0.095307 0.481342
v 0.051754 0.089863 0.484117
v 0.078460 0.061222 0.355740
v 0.046677 0.095307 0.355740
v 0.107051 0.030845 0.520363
v 0.078460 0.061222 0.477692
v 0.051754 0.089887 0.520386
v 0.051754 0.089863 0.484117
v 0.046677 0.095307 0.481342
v 0.046677 0.095307 0.355740
v -0.098620 -0.015365 -0.491161
v -0.060505 0.066460 -0.129261
v -0.056504 0.075049 -0.507645
v -0.056504 0.075049 -0.037594
v -0.060760 0.066469 -0.037594
v -0.094561 -0.006660 -0.507655
v -0.097431 -0.012816 -0.502825
v -0.103056 -0.015204 -0.030994
v -0.075317 0.036680 -0.130586
v -0.056504 0.075049 -0.037594
v -0.056504 0.075049 -0.507645
v -0.060505 0.066460 -0.129261
v -0.098620 -0.015365 -0.491161
v -0.075317 0.036680 -0.130586
v -0.103056 -0.015204 -0.030994
v -0.088047 0.013277 -0.063458
v -0.088225 0.013550 -0.030994
v -0.097859 -0.018686 -0.025843
v -0.094414 -0.010242 -0.011711
v -0.088951 0.000506 -0.026557
v 0.031504 0.106739 -0.451484
v 0.046677 0.106739 -0.468376
v 0.031504 0.106739 -0.468376
v 0.046677 0.106739 -0.451484
v -0.063480 0.162819 -0.316381
v -0.063480 0.162819 -0.355695
v -0.063480 0.159561 -0.316381
v -0.063480 0.159561 -0.355695
v -0.063480 0.162819 -0.256612
v -0.063480 0.162819 -0.285002
v -0.063480 0.159561 -0.256612
v -0.063480 0.159561 -0.285002
v -0.063480 0.162819 0.102003
v -0.063480 0.162819 0.073613
v -0.063480 0.159561 0.102003
v -0.063480 0.159561 0.073613
v -0.063480 0.162819 0.520388
v -0.063480 0.162819 0.491997
v -0.063480 0.159561 0.520388
v -0.063480 0.159561 0.491997
v -0.063480 0.162819 0.341080
v -0.063480 0.162819 0.312690
v -0.063480 0.159561 0.341080
v -0.063480 0.159561 0.312690
v -0.063480 0.162819 0.221542
v -0.063480 0.162819 0.193151
v -0.063480 0.159561 0.221542
v -0.063480 0.159561 0.193151
v -0.063480 0.162819 0.281311
v -0.063480 0.162819 0.252921
v -0.063480 0.159561 0.281311
v -0.063480 0.159561 0.252921
v -0.063480 0.162819 0.161773
v -0.063480 0.162819 0.133382
v -0.063480 0.159561 0.161773
v -0.063480 0.159561 0.133382
v -0.063480 0.162819 0.460619
v -0.063480 0.162819 0.432228
v -0.063480 0.159561 0.460619
v -0.063480 0.159561 0.432228
v -0.063480 0.162819 0.400849
v -0.063480 0.162819 0.372459
v -0.063480 0.159561 0.400849
v -0.063480 0.159561 0.372459
v -0.063480 0.162819 -0.137074
v -0.063480 0.162819 -0.165464
v -0.063480 0.159561 -0.137074
v -0.063480 0.159561 -0.165464
v -0.063480 0.162819 -0.017535
v -0.063480 0.162819 -0.045926
v -0.063480 0.159561 -0.017535
v -0.063480 0.159561 -0.045926
v -0.063480 0.162819 0.042234
v -0.063480 0.162819 0.013844
v -0.063480 0.159561 0.042234
v -0.063480 0.159561 0.013844
v -0.063480 0.162819 -0.077304
v -0.063480 0.162819 -0.105695
v -0.063480 0.159561 -0.077304
v -0.063480 0.159561 -0.105695
v -0.063480 0.162819 -0.196843
v -0.063480 0.162819 -0.225233
v -0.063480 0.159561 -0.196843
v -0.063480 0.159561 -0.225233
v 0.098620 -0.015365 0.099748
v 0.098620 -0.015365 -0.491161
v 0.056500 0.075049 -0.507645
v 0.094561 -0.006660 -0.507655
v 0.097431 -0.012816 -0.502825
v 0.056500 0.075049 0.185301
v 0.078491 0.028623 0.212006
v 0.096650 -0.009549 0.220937
v 0.056500 0.075049 0.259458
v 0.078464 0.028679 0.259458
v 0.096650 -0.009549 0.447998
v 0.078460 0.028689 0.448461
v 0.078464 0.028679 0.259458
v 0.096650 -0.009549 0.447998
v 0.096650 -0.009549 0.220937
v -0.050243 0.076454 -0.030994
v -0.053216 0.070618 -0.037594
v -0.055402 0.066327 -0.030994
v -0.055402 0.066327 -0.037594
v -0.062523 0.052352 -0.011711
v -0.060056 0.057194 0.008568
v -0.069262 0.039125 -0.026557
v -0.074709 0.028468 -0.030994
v -0.078331 0.021364 -0.030994
v -0.060056 0.057194 0.397160
v -0.050243 0.076454 0.443763
v -0.062523 0.052352 0.417440
v -0.051833 0.073333 0.447266
v -0.069262 0.039125 0.432285
v -0.078468 0.021055 0.437719
v -0.078493 0.021047 -0.032682
v -0.087675 0.002986 -0.026557
v -0.078331 0.021364 -0.030994
v -0.074709 0.028468 -0.030994
v -0.088131 0.002117 -0.028362
v -0.088951 0.000506 -0.026557
v 0.089488 -0.024138 0.040776
v 0.120235 -0.024138 -0.029492
v 0.120235 -0.024138 0.040776
v -0.094414 -0.010242 -0.011711
v -0.087675 0.002986 -0.026557
v -0.088951 0.000506 -0.026557
v 0.098620 -0.015365 0.099748
v 0.120235 -0.042574 0.099748
v 0.120235 -0.016539 0.056642
v 0.116979 -0.044619 0.121414
v 0.118649 -0.048499 0.110303
v 0.096650 -0.009549 0.220937
v 0.063480 0.159561 0.221542
v 0.063480 0.159561 0.193151
v 0.063480 0.162819 0.193151
v 0.063480 0.162819 0.221542
v 0.063480 0.159561 -0.316381
v 0.063480 0.159561 -0.355695
v 0.063480 0.162819 -0.355695
v 0.063480 0.162819 -0.316381
v 0.063480 0.159561 0.520388
v 0.063480 0.159561 0.491997
v 0.063480 0.162819 0.491997
v 0.063480 0.162819 0.520388
v 0.063480 0.159561 0.281311
v 0.063480 0.159561 0.252921
v 0.063480 0.162819 0.252921
v 0.063480 0.162819 0.281311
v 0.063480 0.159561 -0.077304
v 0.063480 0.159561 -0.105695
v 0.063480 0.162819 -0.105695
v 0.063480 0.162819 -0.077304
v 0.063480 0.159561 -0.256612
v 0.063480 0.159561 -0.285002
v 0.063480 0.162819 -0.285002
v 0.063480 0.162819 -0.256612
v 0.063480 0.159561 -0.137074
v 0.063480 0.159561 -0.165464
v 0.063480 0.162819 -0.165464
v 0.063480 0.162819 -0.137074
v 0.063480 0.159561 0.102003
v 0.063480 0.159561 0.073613
v 0.063480 0.162819 0.073613
v 0.063480 0.162819 0.102003
v 0.063480 0.159561 0.341080
v 0.063480 0.159561 0.312690
v 0.063480 0.162819 0.312690
v 0.063480 0.162819 0.341080
v 0.063480 0.159561 -0.196843
v 0.063480 0.159561 -0.225233
v 0.063480 0.162819 -0.225233
v 0.063480 0.162819 -0.196843
v 0.063480 0.159561 0.400849
v 0.063480 0.159561 0.372459
v 0.063480 0.162819 0.372459
v 0.063480 0.162819 0.400849
v 0.063480 0.159561 0.042234
v 0.063480 0.159561 0.013844
v 0.063480 0.162819 0.013844
v 0.063480 0.162819 0.042234
v 0.063480 0.159561 0.161773
v 0.063480 0.159561 0.133382
v 0.063480 0.162819 0.133382
v 0.063480 0.162819 0.161773
v 0.063480 0.159561 -0.017535
v 0.063480 0.159561 -0.045926
v 0.063480 0.162819 -0.045926
v 0.063480 0.162819 -0.017535
v 0.063480 0.159561 0.460619
v 0.063480 0.159561 0.432228
v 0.063480 0.162819 0.432228
v 0.063480 0.162819 0.460619
v -0.124679 -0.025900 -0.102797
v -0.114513 -0.064642 -0.069040
v -0.120235 -0.016539 -0.094215
v -0.056504 0.075049 -0.507645
v -0.056504 0.075049 -0.037594
v -0.056504 0.085111 -0.030995
v -0.056504 0.085111 -0.515989
v 0.123305 -0.031102 -0.113261
v 0.102289 -0.028111 -0.113891
v 0.102915 -0.025818 -0.122866
v 0.121547 -0.037801 -0.106349
v 0.100585 -0.034347 -0.107437
v 0.123949 -0.028650 -0.122702
v 0.124012 -0.028662 -0.569259
v 0.102913 -0.025829 -0.570067
v -0.123949 -0.028650 -0.122702
v -0.102915 -0.025818 -0.122866
v -0.123304 -0.031102 -0.113261
v -0.124012 -0.028662 -0.569259
v -0.102915 -0.025818 -0.570067
v -0.102289 -0.028111 -0.113891
v -0.121547 -0.037801 -0.106349
v -0.100585 -0.034347 -0.107437
v 0.048087 0.093749 -0.509295
v 0.031504 0.093749 -0.481256
v 0.048087 0.093749 -0.481256
v 0.031504 0.093749 -0.572543
v 0.059716 0.093749 -0.523091
v 0.059716 0.093749 -0.572543
v -0.059716 0.093749 -0.523080
v -0.031508 0.093749 -0.572543
v -0.059716 0.093749 -0.572543
v -0.048229 0.093749 -0.508484
v -0.031508 0.093749 -0.481256
v -0.048229 0.093749 -0.481256
v 0.056500 0.075049 -0.507645
v 0.056500 0.085111 0.181755
v 0.056500 0.075049 0.185301
v 0.056500 0.085111 -0.515989
v 0.056500 0.085111 0.259458
v 0.056500 0.075049 0.259458
v -0.051757 0.108938 0.520388
v -0.051757 0.108938 0.502411
v -0.051757 0.089882 0.520386
v -0.051757 0.089968 0.484117
v 0.116979 -0.044619 0.121414
v 0.120235 -0.042574 0.099748
v 0.098620 -0.015365 0.099748
v -0.050861 -0.124550 -0.467762
v -0.050861 -0.108305 -0.477950
v -0.050861 -0.121706 -0.478378
v -0.050861 -0.108305 -0.444220
v -0.050861 -0.132322 -0.459990
v -0.050861 -0.165941 -0.444220
v -0.050861 -0.142939 -0.457145
v -0.050861 -0.153556 -0.459990
v -0.050861 -0.161327 -0.467762
v -0.050861 -0.165941 -0.478378
v -0.050861 -0.164172 -0.478378
v -0.050861 -0.142939 -0.457145
v -0.050861 -0.108305 -0.444220
v -0.050861 -0.132322 -0.459990
v -0.050861 -0.161327 -0.467762
v -0.050861 -0.165941 -0.478378
v -0.050861 -0.165941 -0.444220
v -0.050861 -0.161327 -0.488995
v -0.050861 -0.165941 -0.478378
v -0.050861 -0.164172 -0.478378
v -0.050861 -0.153556 -0.496767
v -0.050861 -0.164042 -0.495073
v -0.050861 -0.157157 -0.511767
v -0.050861 -0.132322 -0.496767
v -0.050861 -0.142939 -0.499611
v -0.050861 -0.100513 -0.511767
v -0.050861 -0.124550 -0.488995
v -0.050861 -0.108305 -0.477950
v -0.050861 -0.164042 -0.495073
v -0.050861 -0.165941 -0.478378
v -0.050861 -0.161327 -0.488995
v -0.050861 -0.157157 -0.511767
v -0.050861 -0.153556 -0.496767
v -0.050861 -0.142939 -0.499611
v -0.050861 -0.108305 -0.477950
v -0.050861 -0.124550 -0.488995
v -0.050861 -0.121706 -0.478378
v -0.000002 0.094408 0.520388
v -0.000002 0.094408 0.477419
v -0.008263 0.091222 0.520388
v -0.008263 0.091222 0.477419
v -0.008263 0.091222 0.520388
v -0.000002 0.094408 0.477419
v 0.008259 0.091222 0.520387
v -0.000002 0.094408 0.477419
v -0.000002 0.094408 0.520388
v 0.008259 0.091222 0.477419
v -0.046677 0.142758 0.520388
v -0.046677 0.114018 0.500306
v -0.046677 0.114018 0.520388
v -0.046679 0.095307 0.481342
v -0.046691 0.131337 -0.468376
v -0.046722 0.106739 -0.468376
v -0.046677 0.142758 -0.479701
v -0.046679 0.095307 0.481342
v -0.046722 0.106739 -0.468376
v -0.046735 0.095307 -0.479711
v -0.046677 0.142758 0.520388
v -0.046691 0.131337 -0.468376
v 0.051754 0.089887 0.520386
v 0.051754 0.108938 0.502411
v 0.051754 0.108938 0.520388
v 0.051754 0.089863 0.484117
v 0.050857 -0.124550 -0.467762
v 0.050857 -0.108305 -0.477950
v 0.050857 -0.108305 -0.444220
v 0.050857 -0.132322 -0.459990
v 0.050857 -0.142939 -0.457145
v 0.050857 -0.165941 -0.478378
v 0.050857 -0.161328 -0.467762
v 0.050857 -0.165941 -0.444220
v 0.050857 -0.164172 -0.478378
v 0.050857 -0.153556 -0.459990
v 0.050857 -0.142939 -0.457145
v 0.050857 -0.108305 -0.444220
v 0.050857 -0.108305 -0.477950
v 0.050857 -0.124550 -0.467762
v 0.050857 -0.121706 -0.478378
v 0.050857 -0.124550 -0.488995
v 0.050857 -0.108305 -0.477950
v 0.050857 -0.121706 -0.478378
v 0.050857 -0.157157 -0.511767
v 0.050857 -0.142939 -0.499611
v 0.050857 -0.153556 -0.496767
v 0.050857 -0.164042 -0.495073
v 0.050857 -0.161328 -0.488995
v 0.050857 -0.165941 -0.478378
v 0.050857 -0.165941 -0.478378
v 0.050857 -0.161328 -0.488995
v 0.050857 -0.164172 -0.478378
v 0.050857 -0.153556 -0.496767
v 0.050857 -0.164042 -0.495073
v 0.050857 -0.108305 -0.477950
v 0.050857 -0.124550 -0.488995
v 0.050857 -0.100513 -0.511767
v 0.050857 -0.132322 -0.496767
v 0.050857 -0.157157 -0.511767
v 0.050857 -0.142939 -0.499611
v 0.050045 0.176255 -0.538300
v 0.050045 0.146126 -0.434727
v 0.050045 0.146126 -0.538300
v 0.050045 0.148358 -0.432495
v 0.050045 0.150215 -0.425575
v 0.050045 0.176255 -0.373926
v 0.050045 0.148361 -0.418658
v 0.050045 0.146126 -0.416423
v 0.068124 -0.078801 0.533909
v 0.089009 -0.047545 0.520388
v 0.089009 -0.047545 0.533909
v 0.068124 -0.078801 0.520388
v 0.036480 -0.099893 0.533909
v 0.036480 -0.099893 0.520388
v 0.028400 -0.103609 0.520388
v 0.004789 -0.108306 0.520388
v -0.000002 -0.109258 0.572543
v -0.000002 -0.109258 0.520388
v 0.037724 -0.101754 0.535732
v 0.037724 -0.101754 0.572543
v 0.069707 -0.080384 0.535732
v 0.069707 -0.080384 0.572543
v 0.091077 -0.048401 0.535732
v 0.091077 -0.048401 0.572543
v 0.098581 -0.010675 0.572543
v 0.098581 -0.010675 0.535730
v 0.091077 0.027051 0.572543
v 0.091077 0.027051 0.535728
v 0.069707 0.059034 0.535730
v 0.069707 0.059034 0.572543
v 0.037724 0.080404 0.535730
v 0.037724 0.080404 0.572543
v 0.000000 0.087908 0.535732
v -0.000002 0.087908 0.572543
v -0.037728 0.080404 0.572543
v -0.037728 0.080404 0.535728
v -0.069711 0.059034 0.572543
v -0.069711 0.059034 0.535722
v -0.091081 0.027051 0.572543
v -0.091081 0.027051 0.535721
v -0.098585 -0.010675 0.572543
v -0.098585 -0.010675 0.535720
v -0.091081 -0.048401 0.535726
v -0.091081 -0.048401 0.572543
v -0.069711 -0.080384 0.535732
v -0.069711 -0.080384 0.572543
v -0.037728 -0.101754 0.535732
v -0.037728 -0.101754 0.572543
v -0.000002 -0.109258 0.572543
v -0.036484 -0.099893 0.533909
v -0.004793 -0.108306 0.520388
v -0.000002 -0.109258 0.520388
v -0.028403 -0.103609 0.520388
v 0.046677 0.115943 0.355740
v 0.046677 0.095307 0.481342
v 0.046677 0.095307 0.355740
v 0.046677 0.114134 0.500258
v 0.046677 0.142758 0.520388
v 0.046677 0.114134 0.520388
v 0.046677 0.115943 0.259458
v 0.046677 0.142758 -0.413450
v 0.046677 0.095197 0.181856
v 0.046677 0.095197 0.259458
v 0.046677 0.136380 -0.411741
v 0.046677 0.101152 -0.411741
v 0.046677 0.095197 -0.413337
v 0.046677 0.136380 -0.439410
v 0.046677 0.131337 -0.451484
v 0.046677 0.142758 -0.437701
v 0.046677 0.142758 -0.479701
v 0.046677 0.131337 -0.468376
v 0.046677 0.110033 -0.448190
v 0.046677 0.128043 -0.448190
v 0.046677 0.101152 -0.439410
v 0.046677 0.106739 -0.451484
v 0.046677 0.095197 -0.437814
v 0.046677 0.095197 -0.479820
v 0.046677 0.106739 -0.468376
v 0.046677 0.142758 -0.479701
v 0.046677 0.142758 -0.437701
v 0.046677 0.131337 -0.451484
v 0.046677 0.136380 -0.439410
v 0.046677 0.128043 -0.448190
v -0.037289 -0.162470 0.499563
v 0.037285 -0.162470 0.499563
v -0.037289 -0.165183 0.489438
v 0.037285 -0.165183 0.489438
v 0.037285 -0.155059 0.506974
v 0.037285 -0.162470 0.479314
v -0.037289 -0.155059 0.506974
v -0.037289 -0.162470 0.479314
v -0.037289 -0.144934 0.509687
v 0.037285 -0.155059 0.471903
v 0.037285 -0.144934 0.509687
v -0.037289 -0.155059 0.471903
v -0.037289 -0.134810 0.506974
v 0.037285 -0.144934 0.469190
v 0.037285 -0.134810 0.506974
v -0.037289 -0.144934 0.469190
v 0.037285 -0.127399 0.499563
v 0.037285 -0.134810 0.471903
v -0.037289 -0.127399 0.499563
v -0.037289 -0.134810 0.471903
v 0.037285 -0.124686 0.489438
v -0.037289 -0.127399 0.479314
v -0.037289 -0.124686 0.489438
v 0.037285 -0.127399 0.479314
v -0.037289 -0.108306 0.489438
v -0.037289 -0.127399 0.479314
v -0.037289 -0.124686 0.489438
v -0.037289 -0.108306 0.458511
v -0.037289 -0.134810 0.471903
v -0.037289 -0.151543 0.458511
v -0.037289 -0.144934 0.469190
v -0.037289 -0.155059 0.471903
v -0.037289 -0.164097 0.462654
v -0.037289 -0.165897 0.464871
v -0.037289 -0.162470 0.479314
v -0.037289 -0.151543 0.458511
v -0.037289 -0.155059 0.471903
v -0.037289 -0.144934 0.469190
v -0.037289 -0.165897 0.464871
v -0.037289 -0.165183 0.489438
v -0.037289 -0.162470 0.479314
v -0.037289 -0.165897 0.514006
v -0.037289 -0.155059 0.506974
v -0.037289 -0.162470 0.499563
v -0.037289 -0.165183 0.489438
v -0.037289 -0.164097 0.516223
v -0.037289 -0.151543 0.520388
v -0.037289 -0.134810 0.506974
v -0.037289 -0.144934 0.509687
v -0.037289 -0.108306 0.520388
v -0.037289 -0.127399 0.499563
v -0.037289 -0.108306 0.489438
v -0.037289 -0.124686 0.489438
v -0.037289 -0.151543 0.520388
v -0.037289 -0.108306 0.520388
v -0.037289 -0.134810 0.506974
v -0.037289 -0.155059 0.506974
v -0.037289 -0.144934 0.509687
v 0.040383 0.101327 -0.438075
v 0.040383 0.101327 -0.413076
v 0.040383 0.094925 -0.436359
v 0.040383 0.094925 -0.414791
v 0.040383 0.088699 -0.425575
v 0.040383 0.090367 -0.431802
v 0.040383 0.090367 -0.419349
v 0.040383 0.101327 -0.413076
v 0.040383 0.101327 -0.438075
v 0.040383 0.136205 -0.413076
v 0.040383 0.136205 -0.438075
v 0.040383 0.142607 -0.414791
v 0.040383 0.142607 -0.436359
v 0.040383 0.148833 -0.425575
v 0.040383 0.147165 -0.431802
v 0.040383 0.147165 -0.419349
v 0.040383 0.142607 -0.436359
v 0.040383 0.147165 -0.419349
v 0.040383 0.142607 -0.414791
v 0.040383 0.094925 -0.436359
v 0.040383 0.094925 -0.414791
v 0.040383 0.090367 -0.419349
v 0.037285 -0.165183 0.489438
v 0.037285 -0.165897 0.464871
v 0.037285 -0.162470 0.479314
v 0.037285 -0.155059 0.471903
v 0.037285 -0.164097 0.462654
v 0.037285 -0.151543 0.458511
v 0.037285 -0.155059 0.471903
v 0.037285 -0.165897 0.464871
v 0.037285 -0.155059 0.471903
v 0.037285 -0.162470 0.479314
v 0.037285 -0.165897 0.501600
v 0.037285 -0.165183 0.489438
v 0.037285 -0.162470 0.499563
v 0.037285 -0.127399 0.499563
v 0.037285 -0.124686 0.489438
v 0.037285 -0.108306 0.520388
v 0.037285 -0.108306 0.458511
v 0.037285 -0.127399 0.479314
v 0.037285 -0.134810 0.471903
v 0.037285 -0.151543 0.458511
v 0.037285 -0.144934 0.469190
v 0.037285 -0.155059 0.471903
v 0.037285 -0.151543 0.520388
v 0.037285 -0.134810 0.506974
v 0.037285 -0.144934 0.509687
v 0.037285 -0.165897 0.501600
v 0.037285 -0.155059 0.506974
v 0.037285 -0.165897 0.514006
v 0.037285 -0.162470 0.499563
v 0.037285 -0.155059 0.506974
v 0.037285 -0.164097 0.516223
v 0.037285 -0.165897 0.514006
v 0.037285 -0.151543 0.520388
v 0.037285 -0.144934 0.509687
v 0.037285 -0.108306 0.520388
v 0.037285 -0.134810 0.506974
v 0.037285 -0.127399 0.499563
v 0.017320 0.100284 0.520387
v 0.008259 0.091222 0.477419
v 0.008259 0.091222 0.520387
v 0.017320 0.100284 0.477419
v -0.017324 0.100284 0.477419
v -0.017324 0.100284 0.520388
v -0.008263 0.091222 0.520388
v -0.008263 0.091222 0.477419
v -0.060760 0.066469 -0.037594
v -0.060760 0.066469 -0.030994
v -0.055402 0.066327 -0.037594
v -0.055402 0.066327 -0.030994
v -0.103685 0.067599 -0.053151
v -0.060760 0.066469 -0.037594
v -0.103685 0.067599 -0.063012
v -0.060505 0.066460 -0.129261
v -0.060760 0.066469 -0.030994
v -0.050861 -0.124550 -0.488995
v 0.050857 -0.121706 -0.478378
v -0.050861 -0.121706 -0.478378
v 0.050857 -0.124550 -0.488995
v -0.050243 0.076454 -0.030994
v -0.056504 0.085111 -0.030995
v -0.056504 0.075049 -0.037594
v -0.056504 0.085111 0.443763
v -0.050243 0.076454 0.443763
v 0.000000 0.177926 0.013844
v 0.048374 0.177926 0.013844
v 0.000000 0.159561 0.013844
v -0.048374 0.177926 0.013844
v 0.063480 0.159561 0.013844
v 0.063480 0.162819 0.013844
v -0.063480 0.159561 0.013844
v -0.063480 0.162819 0.013844
v 0.017320 0.116806 0.520387
v 0.014135 0.108545 0.477419
v 0.014135 0.108545 0.520387
v 0.017320 0.116806 0.477419
v -0.048374 0.177926 0.042234
v 0.000000 0.159561 0.042234
v 0.000000 0.177926 0.042234
v 0.048374 0.177926 0.042234
v -0.063480 0.159561 0.042234
v -0.063480 0.162819 0.042234
v 0.063480 0.159561 0.042234
v 0.063480 0.162819 0.042234
v -0.046403 0.050238 0.397160
v -0.031508 0.060190 0.477419
v -0.051581 0.046777 0.417440
v -0.054814 0.044617 0.572543
v -0.030152 0.061096 0.572543
v -0.046403 0.050238 0.008568
v -0.000002 0.067248 0.477419
v 0.000000 0.067248 0.572543
v -0.031508 0.060190 -0.572543
v -0.051582 0.046777 -0.011711
v -0.055102 0.044425 -0.572543
v -0.061341 0.035088 -0.026557
v -0.072184 0.018191 -0.030956
v -0.071994 0.019145 -0.572543
v -0.077925 -0.010675 -0.572543
v -0.076355 -0.002782 -0.026557
v -0.071994 -0.040495 -0.566990
v 0.030148 0.061096 0.572543
v 0.000000 0.067248 0.572543
v 0.031504 0.060190 0.477419
v 0.055099 0.044425 0.572543
v 0.055098 0.044425 -0.572543
v 0.031504 0.060190 -0.572543
v 0.071990 0.019144 0.572543
v 0.072016 0.019013 -0.572543
v -0.069772 -0.043821 -0.029478
v -0.076162 -0.019542 -0.011711
v -0.075182 -0.024468 -0.009288
v -0.055670 -0.064925 -0.328279
v -0.054991 -0.065849 -0.044259
v -0.055670 -0.064925 -0.386427
v -0.055102 -0.065775 -0.553702
v -0.048212 -0.070379 -0.413874
v -0.031508 -0.081541 -0.511767
v -0.031508 -0.081541 -0.430345
v -0.031508 -0.081541 -0.541173
v -0.054991 -0.065849 -0.044259
v -0.047709 -0.070716 -0.305043
v -0.034764 -0.079365 -0.285792
v -0.034801 -0.079340 -0.049669
v -0.062523 0.052352 -0.011711
v -0.061341 0.035088 -0.026557
v -0.051582 0.046777 -0.011711
v -0.069262 0.039125 -0.026557
v -0.060056 0.057194 0.008568
v -0.046403 0.050238 0.008568
v -0.060056 0.057194 0.397160
v -0.046403 0.050238 0.397160
v -0.051581 0.046777 0.417440
v -0.062523 0.052352 0.417440
v -0.061341 0.035088 0.432285
v -0.069262 0.039125 0.432285
v -0.072245 0.017884 0.437719
v -0.078468 0.021055 0.437719
v -0.017324 0.116806 0.477419
v -0.017324 0.116806 0.520388
v -0.014139 0.108545 0.477419
v -0.014138 0.108545 0.520388
v 0.040383 0.094925 -0.414791
v 0.041718 0.089171 -0.418658
v 0.040383 0.090367 -0.419349
v 0.041718 0.087317 -0.425575
v 0.040383 0.088699 -0.425575
v 0.041718 0.094235 -0.413595
v 0.041718 0.101152 -0.411741
v 0.040383 0.101327 -0.413076
v 0.041718 0.136380 -0.411741
v 0.040383 0.136205 -0.413076
v 0.041718 0.087317 -0.425575
v 0.040383 0.090367 -0.431802
v 0.041718 0.089171 -0.432492
v 0.040383 0.094925 -0.436359
v 0.041718 0.094235 -0.437556
v 0.041718 0.101152 -0.439410
v 0.040383 0.101327 -0.438075
v 0.041718 0.101152 -0.439410
v 0.040383 0.136205 -0.438075
v 0.041718 0.136380 -0.439410
v 0.040383 0.142607 -0.436359
v 0.041718 0.148358 -0.432495
v 0.040383 0.147165 -0.431802
v 0.041718 0.150215 -0.425575
v 0.040383 0.148833 -0.425575
v 0.041718 0.148358 -0.432495
v -0.088225 0.013550 -0.030994
v -0.103056 -0.015204 -0.030994
v -0.090063 0.003075 -0.028362
v -0.088951 0.000506 -0.026557
v -0.097859 -0.018686 -0.025843
v -0.103685 0.067599 -0.053151
v -0.086199 0.034127 -0.030994
v -0.060760 0.066469 -0.030994
v -0.111852 0.045573 -0.048920
v -0.093840 0.028656 -0.032682
v -0.095632 0.023637 -0.031605
v -0.068128 -0.078801 0.520388
v -0.036484 -0.099893 0.520388
v -0.068128 -0.078801 0.533909
v -0.089012 -0.047544 0.533903
v -0.089012 -0.047545 0.520379
v -0.096346 -0.010675 0.533897
v -0.096346 -0.010675 0.520371
v -0.089012 0.026194 0.520373
v -0.089012 0.026194 0.533898
v -0.068128 0.057451 0.520374
v -0.068128 0.057451 0.533899
v -0.036871 0.078335 0.520383
v -0.036871 0.078335 0.533906
v 0.000000 0.085669 0.520388
v 0.000000 0.085669 0.533909
v 0.036867 0.078335 0.533907
v 0.036867 0.078335 0.520386
v 0.068124 0.057450 0.533907
v 0.068124 0.057450 0.520385
v 0.089009 0.026194 0.533905
v 0.089009 0.026194 0.520382
v 0.096342 -0.010675 0.520386
v 0.096342 -0.010675 0.533907
v -0.050243 0.076454 -0.030994
v -0.056504 0.075049 -0.037594
v -0.053216 0.070618 -0.037594
v 0.031504 -0.081541 -0.511767
v 0.031504 -0.081541 -0.541173
v 0.031504 -0.100513 -0.511767
v 0.031504 0.142758 0.477419
v 0.031504 0.110033 -0.448190
v 0.031504 0.060190 0.477419
v 0.031504 0.142758 -0.479701
v 0.031504 0.131337 -0.451484
v 0.031504 0.131337 -0.468376
v 0.031504 0.060190 -0.572543
v 0.031504 0.093749 -0.481256
v 0.031504 0.093749 -0.572543
v 0.031504 0.106739 -0.451484
v 0.031504 0.106739 -0.468376
v 0.031504 0.106739 -0.451484
v 0.031504 0.060190 0.477419
v 0.031504 0.110033 -0.448190
v 0.031504 0.142758 0.477419
v 0.031504 0.128043 -0.448190
v 0.031504 0.131337 -0.451484
v 0.034760 -0.079365 -0.020471
v 0.034760 -0.108305 -0.285792
v 0.034760 -0.108306 -0.020471
v 0.034760 -0.079365 -0.285792
v -0.031508 0.093749 -0.572543
v -0.031508 0.093749 -0.481256
v -0.031508 0.060190 -0.572543
v -0.031508 0.060190 0.477419
v -0.031508 0.106739 -0.468376
v -0.031508 0.142758 0.477419
v -0.031508 0.131337 -0.468376
v -0.031508 0.142758 -0.479701
v -0.031508 -0.100513 -0.511767
v -0.031508 -0.081541 -0.541173
v -0.031508 -0.081541 -0.511767
v 0.048242 0.144323 -0.481252
v 0.047216 0.143297 -0.437556
v 0.046677 0.142758 -0.479701
v 0.046677 0.142758 -0.437701
v 0.050045 0.146126 -0.434727
v 0.050045 0.146126 -0.538300
v 0.048242 0.144323 -0.538300
v 0.041789 0.144323 -0.551831
v 0.048242 0.144323 -0.538300
v 0.017320 0.100284 0.520387
v 0.014135 0.108545 0.477419
v 0.017320 0.100284 0.477419
v 0.014135 0.108545 0.520387
v -0.034764 -0.079365 -0.285792
v -0.034801 -0.108305 -0.049669
v -0.034764 -0.108305 -0.285792
v -0.034801 -0.079340 -0.049669
v -0.050045 0.146126 -0.373926
v -0.050045 0.146126 -0.538300
v -0.048241 0.144323 -0.481252
v -0.048241 0.144323 -0.538300
v -0.041789 0.144323 -0.551831
v -0.048241 0.144323 -0.538300
v -0.046677 0.142758 -0.479701
v -0.046677 0.142758 0.520388
v -0.063480 0.159561 -0.105695
v -0.063480 0.159561 -0.077304
v -0.063480 0.159561 -0.045926
v -0.063480 0.159561 -0.017535
v -0.063480 0.159561 0.013844
v -0.063480 0.159561 0.042234
v -0.063480 0.159561 0.073613
v -0.063480 0.159561 0.102003
v -0.063480 0.159561 0.133382
v -0.063480 0.159561 0.161773
v -0.063480 0.159561 0.193151
v -0.063480 0.159561 0.221542
v -0.063480 0.159561 0.252921
v -0.063480 0.159561 0.281311
v -0.063480 0.159561 0.312690
v -0.063480 0.159561 0.341080
v -0.063480 0.159561 0.372459
v -0.063480 0.159561 0.400849
v -0.063480 0.159561 0.432228
v -0.063480 0.159561 0.460619
v -0.063480 0.159561 0.491997
v -0.063480 0.159561 0.520388
v -0.053436 0.149517 -0.365738
v -0.051038 0.147119 -0.369541
v -0.063480 0.159561 -0.316381
v -0.063480 0.159561 -0.355695
v -0.063480 0.159561 -0.285002
v -0.063480 0.159561 -0.256612
v -0.063480 0.159561 -0.225233
v -0.063480 0.159561 -0.196843
v -0.063480 0.159561 -0.165464
v -0.063480 0.159561 -0.137074
v -0.050045 0.146126 -0.373926
v -0.063480 0.159561 -0.105695
v -0.063480 0.159561 -0.137074
v -0.014139 0.108545 0.477419
v -0.014138 0.108545 0.520388
v -0.017324 0.100284 0.477419
v -0.017324 0.100284 0.520388
v 0.046677 0.142758 0.520388
v 0.063480 0.159561 0.372459
v 0.063480 0.159561 0.400849
v 0.063480 0.159561 0.341080
v 0.063480 0.159561 0.432228
v 0.063480 0.159561 0.312690
v 0.063480 0.159561 0.460619
v 0.063480 0.159561 0.281311
v 0.063480 0.159561 0.491997
v 0.063480 0.159561 0.520388
v 0.063480 0.159561 0.252921
v 0.063480 0.159561 0.221542
v 0.063480 0.159561 0.193151
v 0.063480 0.159561 0.161773
v 0.063480 0.159561 0.133382
v 0.063480 0.159561 0.102003
v 0.063480 0.159561 0.073613
v 0.063480 0.159561 0.042234
v 0.046677 0.142758 -0.413450
v 0.063480 0.159561 0.013844
v 0.063480 0.159561 -0.045926
v 0.063480 0.159561 -0.017535
v 0.050045 0.146126 -0.373926
v 0.063480 0.159561 -0.077304
v 0.047216 0.143297 -0.413595
v 0.050045 0.146126 -0.416423
v 0.063480 0.159561 -0.105695
v 0.063480 0.159561 -0.137074
v 0.063480 0.159561 -0.196843
v 0.063480 0.159561 -0.165464
v 0.063480 0.159561 -0.225233
v 0.063480 0.159561 -0.256612
v 0.051038 0.147119 -0.369541
v 0.063480 0.159561 -0.316381
v 0.053436 0.149517 -0.365739
v 0.063480 0.159561 -0.355695
v 0.063480 0.159561 -0.285002
v 0.051038 0.147119 -0.369541
v 0.063480 0.159561 -0.316381
v 0.063480 0.159561 -0.256612
v 0.046677 0.142758 -0.413450
v 0.063480 0.159561 -0.017535
v 0.063480 0.159561 0.013844
v 0.050045 0.146126 -0.373926
v 0.063480 0.159561 -0.045926
v 0.063480 0.159561 -0.165464
v 0.063480 0.159561 -0.137074
v -0.063480 0.159561 0.073613
v -0.048374 0.177926 0.073613
v 0.000000 0.159561 0.073613
v -0.063480 0.162819 0.073613
v 0.000000 0.177926 0.073613
v 0.048374 0.177926 0.073613
v 0.063480 0.159561 0.073613
v 0.063480 0.162819 0.073613
v 0.000000 0.159561 -0.017535
v 0.048374 0.177926 -0.017535
v 0.000000 0.177926 -0.017535
v -0.048374 0.177926 -0.017535
v 0.063480 0.159561 -0.017535
v 0.063480 0.162819 -0.017535
v -0.063480 0.159561 -0.017535
v -0.063480 0.162819 -0.017535
v -0.069262 0.039125 -0.026557
v -0.072184 0.018191 -0.030956
v -0.061341 0.035088 -0.026557
v -0.078331 0.021364 -0.030994
v -0.120235 -0.016539 -0.518441
v -0.097431 -0.012816 -0.502825
v -0.118999 -0.014002 -0.530036
v -0.098620 -0.015365 -0.491161
v -0.120235 -0.016539 -0.094215
v -0.103056 -0.015204 -0.030994
v 0.120235 -0.016539 -0.046427
v 0.098620 -0.015365 0.099748
v 0.120235 -0.016539 0.056642
v 0.120235 -0.016539 -0.518441
v 0.097431 -0.012816 -0.502825
v 0.098620 -0.015365 -0.491161
v 0.118999 -0.014002 -0.530036
v 0.120235 -0.016539 -0.046427
v 0.098620 -0.015365 0.099748
v -0.093840 0.028656 -0.032682
v -0.078493 0.021047 -0.032682
v -0.086199 0.034127 -0.030994
v -0.074709 0.028468 -0.030994
v 0.055666 -0.108305 -0.386427
v 0.048208 -0.070379 -0.413874
v 0.048208 -0.108305 -0.413874
v 0.031504 -0.081541 -0.430345
v 0.031504 -0.108305 -0.430345
v 0.055666 -0.064926 -0.386427
v 0.055666 -0.064926 -0.328279
v 0.055666 -0.108305 -0.328279
v 0.047705 -0.070716 -0.305043
v 0.047705 -0.108305 -0.305043
v 0.034760 -0.079365 -0.285792
v 0.034760 -0.108305 -0.285792
v -0.047709 -0.070716 -0.305043
v -0.034764 -0.079365 -0.285792
v -0.047709 -0.108305 -0.305043
v -0.034764 -0.108305 -0.285792
v -0.055670 -0.108305 -0.328279
v -0.055670 -0.064925 -0.328279
v -0.055670 -0.108305 -0.386427
v -0.055670 -0.064925 -0.386427
v -0.048212 -0.070379 -0.413874
v -0.048212 -0.108305 -0.413874
v -0.031508 -0.081541 -0.430345
v -0.031508 -0.108305 -0.430345
v -0.060760 0.066469 -0.030994
v -0.074709 0.028468 -0.030994
v -0.055402 0.066327 -0.030994
v -0.086199 0.034127 -0.030994
v -0.046679 0.095307 0.481342
v -0.051757 0.108938 0.502411
v -0.046677 0.114018 0.500306
v -0.051757 0.089968 0.484117
v -0.046677 0.114018 0.520388
v -0.051757 0.108938 0.520388
v -0.046562 0.114134 0.520388
v 0.017320 0.116806 0.477419
v 0.017320 0.116806 0.520387
v 0.012623 0.121503 0.477419
v 0.008259 0.125867 0.520387
v 0.008259 0.125867 0.477419
v -0.056504 0.075049 -0.037594
v -0.060760 0.066469 -0.037594
v -0.053216 0.070618 -0.037594
v -0.053216 0.070618 -0.037594
v -0.060760 0.066469 -0.037594
v -0.055402 0.066327 -0.037594
v -0.055102 -0.065776 0.445008
v -0.029822 -0.082667 0.572543
v -0.029822 -0.082667 0.445008
v -0.055102 -0.065776 0.572543
v -0.070912 -0.042114 0.445008
v -0.072330 -0.038803 0.572543
v -0.075182 -0.024468 0.440738
v -0.077775 -0.009922 0.572543
v -0.075182 -0.026140 0.397160
v -0.076162 -0.019542 0.417440
v -0.076355 -0.002782 0.432285
v -0.072245 0.017884 0.437719
v -0.072019 0.019017 0.572543
v -0.061341 0.035088 0.432285
v 0.075178 -0.108306 0.019926
v 0.075178 -0.024468 0.019926
v 0.069768 -0.043821 -0.000265
v 0.075178 -0.024468 0.440738
v 0.069768 -0.108306 -0.000265
v 0.075178 -0.108306 0.440738
v 0.054988 -0.065850 -0.015045
v 0.070908 -0.042114 0.445008
v 0.054988 -0.108306 -0.015045
v 0.034760 -0.079365 -0.020471
v 0.034760 -0.108306 -0.020471
v 0.070908 -0.108306 0.445008
v 0.055099 -0.065776 0.445008
v 0.029818 -0.082667 0.445008
v -0.008263 0.125867 0.477419
v -0.008263 0.125867 0.520388
v -0.017324 0.116806 0.477419
v -0.017324 0.116806 0.520388
v -0.078493 0.021047 -0.032682
v -0.093840 0.028656 -0.032682
v -0.095632 0.023637 -0.031605
v -0.088225 0.013550 -0.030994
v -0.088131 0.002117 -0.028362
v -0.090063 0.003075 -0.028362
v -0.088951 0.000506 -0.026557
v -0.069772 -0.108305 -0.029478
v -0.054991 -0.065849 -0.044259
v -0.069772 -0.043821 -0.029478
v -0.054991 -0.108305 -0.044259
v -0.034801 -0.079340 -0.049669
v -0.034801 -0.108305 -0.049669
v -0.075182 -0.108305 -0.009288
v -0.075182 -0.024468 -0.009288
v -0.075182 -0.026140 0.008568
v -0.075182 -0.026140 0.397160
v -0.075182 -0.108305 0.440738
v -0.075182 -0.024468 0.440738
v -0.070912 -0.042114 0.445008
v -0.070912 -0.108305 0.445008
v -0.055102 -0.065776 0.445008
v -0.029822 -0.082667 0.445008
v -0.008263 0.125867 0.520388
v -0.008263 0.125867 0.477419
v -0.000002 0.122681 0.477419
v 0.000000 0.122682 0.520388
v 0.000000 0.122682 0.520388
v -0.000002 0.122681 0.477419
v 0.008259 0.125867 0.477419
v 0.008259 0.125867 0.520387
v 0.077922 -0.010675 0.572543
v 0.072016 0.019013 -0.572543
v 0.077922 -0.010675 -0.572543
v 0.071990 0.019144 0.572543
v 0.075178 -0.024468 0.019926
v 0.075178 -0.024468 0.440738
v 0.069768 -0.043821 -0.000265
v 0.070908 -0.042114 0.445008
v 0.071869 -0.040676 0.572543
v 0.055099 -0.065776 0.572543
v 0.055099 -0.065776 0.445008
v 0.029818 -0.082667 0.572543
v 0.029818 -0.082667 0.445008
v 0.000000 -0.088598 0.572543
v -0.000002 -0.088599 0.445008
v 0.071990 -0.040495 -0.566990
v 0.055666 -0.064926 -0.328279
v 0.054988 -0.065850 -0.015045
v 0.055666 -0.064926 -0.386427
v 0.047705 -0.070716 -0.305043
v 0.034760 -0.079365 -0.285792
v 0.034760 -0.079365 -0.020471
v 0.055098 -0.065775 -0.553702
v 0.048208 -0.070379 -0.413874
v 0.031504 -0.081541 -0.511767
v 0.031504 -0.081541 -0.541173
v 0.031504 -0.081541 -0.430345
v -0.075182 -0.024468 -0.009288
v -0.076162 -0.019542 -0.011711
v -0.075182 -0.026140 0.008568
v -0.094414 -0.010242 0.417440
v -0.075182 -0.026140 0.397160
v -0.096881 -0.015084 0.397160
v -0.076162 -0.019542 0.417440
v -0.075182 -0.026140 0.008568
v -0.076355 -0.002782 0.432285
v -0.096881 -0.015084 0.008568
v -0.087675 0.002986 0.432285
v -0.072245 0.017884 0.437719
v -0.078468 0.021055 0.437719
v -0.094414 -0.010242 -0.011711
v -0.076162 -0.019542 -0.011711
v -0.076355 -0.002782 -0.026557
v -0.087675 0.002986 -0.026557
v -0.072184 0.018191 -0.030956
v -0.078331 0.021364 -0.030994
v 0.031504 0.131337 -0.451484
v 0.031504 0.131337 -0.468376
v 0.046677 0.131337 -0.451484
v 0.046677 0.131337 -0.468376
v 0.051754 0.108938 0.502411
v 0.051754 0.089863 0.484117
v 0.046677 0.095307 0.481342
v 0.046677 0.114134 0.500258
v 0.046677 0.114134 0.520388
v 0.000000 0.177926 0.133382
v 0.048374 0.177926 0.133382
v 0.000000 0.159561 0.133382
v -0.048374 0.177926 0.133382
v 0.063480 0.159561 0.133382
v 0.063480 0.162819 0.133382
v -0.063480 0.159561 0.133382
v -0.063480 0.162819 0.133382
v -0.031508 0.142758 0.477419
v -0.031508 0.142758 -0.479701
v 0.031504 0.142758 -0.479701
v 0.031504 0.142758 0.477419
v 0.000000 0.144323 -0.565363
v -0.048241 0.144323 -0.481252
v -0.048241 0.144323 -0.538300
v 0.048242 0.144323 -0.481252
v -0.024159 0.144323 -0.561737
v -0.041789 0.144323 -0.551831
v 0.048242 0.144323 -0.538300
v 0.024159 0.144323 -0.561737
v 0.041789 0.144323 -0.551831
v 0.000000 0.159561 -0.077304
v 0.048374 0.177926 -0.077304
v 0.000000 0.177926 -0.077304
v -0.048374 0.177926 -0.077304
v 0.063480 0.159561 -0.077304
v 0.063480 0.162819 -0.077304
v -0.063480 0.159561 -0.077304
v -0.063480 0.162819 -0.077304
v 0.029894 -0.173288 0.473975
v 0.037285 -0.164097 0.462654
v 0.037285 -0.165897 0.464871
v -0.000002 -0.088598 -0.439437
v 0.031504 -0.081541 -0.511767
v -0.000002 -0.088598 -0.511767
v -0.031508 -0.081541 -0.511767
v -0.031508 -0.081541 -0.430345
v 0.031504 -0.081541 -0.511767
v -0.000002 -0.088598 -0.439437
v 0.031504 -0.081541 -0.430345
v -0.031508 -0.081541 -0.511767
v -0.000002 -0.088598 -0.511767
v -0.029822 -0.082667 0.572543
v -0.000002 -0.088599 0.445008
v -0.029822 -0.082667 0.445008
v 0.000000 -0.088598 0.572543
v 0.046677 0.095197 0.259458
v 0.046677 0.115943 0.259458
v 0.054715 0.110312 0.267496
v -0.037289 -0.108306 0.458511
v 0.037285 -0.151543 0.458511
v -0.037289 -0.151543 0.458511
v 0.037285 -0.108306 0.458511
v -0.037289 -0.164097 0.462654
v 0.037285 -0.164097 0.462654
v 0.029894 -0.173288 0.473975
v -0.029898 -0.173287 0.473975
v -0.037289 -0.165897 0.464871
v -0.026534 -0.176651 0.489438
v 0.026530 -0.176651 0.489438
v -0.029898 -0.173287 0.504903
v 0.029894 -0.173288 0.504903
v -0.037289 -0.164097 0.516223
v 0.037285 -0.164097 0.516223
v 0.037285 -0.165897 0.514006
v 0.037285 -0.151543 0.520388
v -0.037289 -0.151543 0.520388
v 0.078464 0.028679 0.259458
v 0.056500 0.075049 0.259458
v 0.078460 0.047400 0.267496
v 0.066051 0.078146 0.265754
v 0.078460 0.086293 0.269318
v 0.000000 0.177926 0.193151
v 0.048374 0.177926 0.193151
v 0.000000 0.159561 0.193151
v -0.048374 0.177926 0.193151
v 0.063480 0.159561 0.193151
v 0.063480 0.162819 0.193151
v -0.063480 0.159561 0.193151
v -0.063480 0.162819 0.193151
v 0.064278 0.090899 0.265445
v 0.046677 0.095197 0.259458
v 0.054715 0.110312 0.267496
v 0.056500 0.085111 0.259458
v 0.000000 0.159561 -0.137074
v 0.048374 0.177926 -0.137074
v 0.000000 0.177926 -0.137074
v -0.048374 0.177926 -0.137074
v 0.063480 0.159561 -0.137074
v 0.063480 0.162819 -0.137074
v -0.063480 0.159561 -0.137074
v -0.063480 0.162819 -0.137074
v 0.078460 0.028689 0.448461
v 0.107051 -0.009550 0.457418
v 0.096650 -0.009549 0.447998
v 0.107051 0.030845 0.491545
v 0.078460 0.061222 0.477692
v 0.056500 0.085111 0.259458
v 0.066051 0.078146 0.265754
v 0.056500 0.075049 0.259458
v 0.064278 0.090899 0.265445
v 0.078460 0.086293 0.269318
v 0.073642 0.097052 0.269352
v 0.064278 0.090899 0.265445
v 0.054715 0.110312 0.267496
v 0.073642 0.097052 0.269352
v 0.046677 0.095197 -0.437814
v 0.041718 0.094235 -0.437556
v 0.047614 0.094235 -0.437556
v 0.041718 0.101152 -0.439410
v 0.046677 0.101152 -0.439410
v 0.041718 0.089171 -0.432492
v 0.052546 0.089171 -0.432492
v 0.041718 0.087317 -0.425575
v 0.054351 0.087317 -0.425575
v -0.094561 -0.006660 -0.507655
v -0.118999 -0.014002 -0.530036
v -0.097431 -0.012816 -0.502825
v -0.116017 -0.007878 -0.534702
v 0.118999 -0.014002 -0.530036
v 0.094561 -0.006660 -0.507655
v 0.097431 -0.012816 -0.502825
v 0.116017 -0.007878 -0.534702
v 0.000000 0.177926 0.252921
v 0.048374 0.177926 0.252921
v 0.000000 0.159561 0.252921
v -0.048374 0.177926 0.252921
v 0.063480 0.159561 0.252921
v 0.063480 0.162819 0.252921
v -0.063480 0.159561 0.252921
v -0.063480 0.162819 0.252921
v 0.041718 0.150215 -0.425575
v 0.050045 0.148358 -0.432495
v 0.050045 0.150215 -0.425575
v 0.041718 0.148358 -0.432495
v 0.000000 0.159561 -0.196843
v 0.048374 0.177926 -0.196843
v 0.000000 0.177926 -0.196843
v -0.048374 0.177926 -0.196843
v 0.063480 0.159561 -0.196843
v 0.063480 0.162819 -0.196843
v -0.063480 0.159561 -0.196843
v -0.063480 0.162819 -0.196843
v 0.096650 -0.009549 0.447998
v 0.107051 -0.057423 0.457418
v 0.098813 -0.067342 0.447998
v 0.107051 -0.009550 0.457418
v -0.097863 -0.018695 0.448727
v -0.107050 -0.057423 0.457418
v -0.107050 -0.009549 0.457418
v -0.097863 -0.070737 0.447998
v -0.061202 0.080633 0.451130
v -0.050243 0.076454 0.443763
v -0.051833 0.073333 0.447266
v -0.056504 0.085111 0.443763
v -0.095011 -0.011413 0.447266
v -0.107050 0.030845 0.479149
v -0.107050 -0.009549 0.457418
v -0.050861 -0.132322 -0.496767
v 0.050857 -0.132322 -0.496767
v -0.050861 -0.124550 -0.488995
v 0.050857 -0.124550 -0.488995
v -0.056504 0.075049 -0.507645
v -0.116017 -0.007878 -0.534702
v -0.094561 -0.006660 -0.507655
v -0.089974 0.071545 -0.548773
v -0.128355 -0.012155 -0.547959
v -0.124679 -0.025900 -0.534935
v -0.056504 0.085111 -0.515989
v -0.081065 0.083371 -0.544382
v -0.067571 0.092028 -0.532178
v -0.059716 0.093749 -0.523080
v -0.048229 0.093749 -0.508484
v 0.089974 0.071545 -0.548773
v 0.056500 0.085111 -0.515989
v 0.056500 0.075049 -0.507645
v 0.081065 0.083371 -0.544391
v 0.067571 0.092028 -0.532189
v 0.059716 0.093749 -0.523091
v 0.048087 0.093749 -0.509295
v 0.116017 -0.007878 -0.534702
v 0.094561 -0.006660 -0.507655
v 0.128355 -0.012155 -0.547960
v 0.124679 -0.025901 -0.534935
v -0.095011 -0.011413 0.447266
v -0.097863 -0.018695 0.448727
v -0.107050 -0.009549 0.457418
v 0.000000 0.177926 0.312690
v 0.048374 0.177926 0.312690
v 0.000000 0.159561 0.312690
v -0.048374 0.177926 0.312690
v 0.063480 0.159561 0.312690
v 0.063480 0.162819 0.312690
v -0.063480 0.159561 0.312690
v -0.063480 0.162819 0.312690
v 0.000000 0.159561 -0.256612
v 0.048374 0.177926 -0.256612
v 0.000000 0.177926 -0.256612
v -0.048374 0.177926 -0.256612
v 0.063480 0.159561 -0.256612
v 0.063480 0.162819 -0.256612
v -0.063480 0.159561 -0.256612
v -0.063480 0.162819 -0.256612
v 0.041718 0.148358 -0.432495
v 0.040383 0.142607 -0.436359
v 0.041718 0.143297 -0.437556
v 0.041718 0.136380 -0.439410
v -0.050861 -0.164172 -0.478378
v 0.050857 -0.164172 -0.478378
v -0.050861 -0.161327 -0.488995
v 0.050857 -0.161328 -0.488995
v 0.000000 0.177926 0.372459
v 0.048374 0.177926 0.372459
v 0.000000 0.159561 0.372459
v -0.048374 0.177926 0.372459
v 0.063480 0.159561 0.372459
v 0.063480 0.162819 0.372459
v -0.063480 0.159561 0.372459
v -0.063480 0.162819 0.372459
v 0.000000 0.159561 -0.316381
v 0.048374 0.177926 -0.316381
v 0.000000 0.177926 -0.316381
v -0.048374 0.177926 -0.316381
v 0.063480 0.159561 -0.316381
v 0.063480 0.162819 -0.316381
v -0.063480 0.159561 -0.316381
v -0.063480 0.162819 -0.316381
v -0.107050 0.030845 0.479149
v -0.061202 0.080633 0.451130
v -0.051833 0.073333 0.447266
v 0.000000 0.177926 0.432228
v 0.048374 0.177926 0.432228
v 0.000000 0.159561 0.432228
v -0.048374 0.177926 0.432228
v 0.063480 0.159561 0.432228
v 0.063480 0.162819 0.432228
v -0.063480 0.159561 0.432228
v -0.063480 0.162819 0.432228
v 0.000000 -0.108306 0.445008
v -0.029822 -0.082667 0.445008
v -0.000002 -0.088599 0.445008
v -0.070912 -0.108305 0.445008
v 0.029818 -0.082667 0.445008
v 0.070908 -0.108306 0.445008
v 0.046677 0.095197 -0.437814
v 0.041718 0.101152 -0.439410
v 0.041718 0.094235 -0.437556
v -0.031508 0.142758 0.477419
v -0.017324 0.100284 0.477419
v -0.031508 0.060190 0.477419
v -0.008263 0.091222 0.477419
v -0.000002 0.067248 0.477419
v -0.017324 0.116806 0.477419
v -0.014139 0.108545 0.477419
v -0.008263 0.125867 0.477419
v 0.008259 0.091222 0.477419
v -0.000002 0.094408 0.477419
v 0.031504 0.060190 0.477419
v 0.017320 0.100284 0.477419
v 0.008259 0.125867 0.477419
v -0.000002 0.122681 0.477419
v 0.031504 0.142758 0.477419
v 0.012623 0.121503 0.477419
v 0.017320 0.116806 0.477419
v 0.014135 0.108545 0.477419
v -0.000002 -0.088598 -0.439437
v 0.031504 -0.108305 -0.430345
v 0.031504 -0.081541 -0.430345
v 0.000000 0.177926 0.491997
v 0.048374 0.177926 0.491997
v 0.000000 0.159561 0.491997
v -0.048374 0.177926 0.491997
v 0.063480 0.159561 0.491997
v 0.063480 0.162819 0.491997
v -0.063480 0.159561 0.491997
v -0.063480 0.162819 0.491997
v -0.031508 -0.108305 -0.430345
v -0.000002 -0.088598 -0.439437
v -0.031508 -0.081541 -0.430345
v -0.000002 -0.108305 -0.439437
v 0.031504 -0.108305 -0.430345
v -0.050861 -0.142939 -0.499611
v 0.050857 -0.142939 -0.499611
v -0.050861 -0.132322 -0.496767
v 0.050857 -0.132322 -0.496767
v -0.050861 -0.108305 -0.444220
v -0.033509 -0.177926 -0.444220
v 0.050857 -0.108305 -0.444220
v -0.050861 -0.165941 -0.444220
v 0.033504 -0.177926 -0.444220
v 0.050857 -0.165941 -0.444220
v 0.041718 0.101152 -0.439410
v 0.046677 0.136380 -0.439410
v 0.041718 0.136380 -0.439410
v 0.046677 0.101152 -0.439410
v 0.046677 0.142758 -0.437701
v 0.041718 0.143297 -0.437556
v 0.047216 0.143297 -0.437556
v 0.041718 0.148358 -0.432495
v 0.050045 0.148358 -0.432495
v 0.050045 0.146126 -0.434727
v 0.068124 -0.078801 0.533909
v 0.037724 -0.101754 0.535732
v 0.036480 -0.099893 0.533909
v 0.069707 -0.080384 0.535732
v 0.091077 -0.048401 0.535732
v 0.089009 -0.047545 0.533909
v 0.098581 -0.010675 0.535730
v 0.096342 -0.010675 0.533907
v 0.091077 0.027051 0.535728
v 0.089009 0.026194 0.533905
v 0.068124 0.057450 0.533907
v 0.069707 0.059034 0.535730
v 0.036867 0.078335 0.533907
v 0.037724 0.080404 0.535730
v 0.000000 0.085669 0.533909
v 0.000000 0.087908 0.535732
v -0.036871 0.078335 0.533906
v -0.037728 0.080404 0.535728
v -0.069711 0.059034 0.535722
v -0.068128 0.057451 0.533899
v -0.091081 0.027051 0.535721
v -0.089012 0.026194 0.533898
v -0.096346 -0.010675 0.533897
v -0.098585 -0.010675 0.535720
v -0.089012 -0.047544 0.533903
v -0.091081 -0.048401 0.535726
v -0.068128 -0.078801 0.533909
v -0.069711 -0.080384 0.535732
v -0.037728 -0.101754 0.535732
v -0.036484 -0.099893 0.533909
v -0.050861 -0.161327 -0.488995
v 0.050857 -0.153556 -0.496767
v -0.050861 -0.153556 -0.496767
v 0.050857 -0.161328 -0.488995
v -0.050861 -0.153556 -0.496767
v 0.050857 -0.142939 -0.499611
v -0.050861 -0.142939 -0.499611
v 0.050857 -0.153556 -0.496767
vn 0.0005 0.0005 -1.0000
vn 0.0004 0.0004 -1.0000
vn -0.0015 -0.0894 -0.9960
vn 0.0005 -0.0503 -0.9987
vn -0.0034 -0.1861 -0.9825
vn 0.0005 -0.1783 -0.9840
vn 0.0005 -0.0005 1.0000
vn -0.0005 -0.0005 1.0000
vn -0.0005 0.0005 1.0000
vn 0.0005 0.0005 1.0000
vn 0.0005 -0.0005 -1.0000
vn -0.0004 -0.4998 -0.8661
vn -0.0005 -0.0006 -1.0000
vn -0.0000 -0.0006 -1.0000
vn -0.0005 -0.8661 -0.4998
vn -0.0000 -0.8661 -0.4998
vn 0.0006 0.0006 1.0000
vn 0.0007 0.0003 1.0000
vn 0.0009 0.0006 1.0000
vn 0.0004 -0.0004 1.0000
vn -0.0004 -0.0004 1.0000
vn 0.0005 0.0004 1.0000
vn 0.0006 0.0005 1.0000
vn 0.0003 0.0004 1.0000
vn 0.0003 0.0003 1.0000
vn 0.0004 0.0005 1.0000
vn 0.0005 -0.0747 0.9972
vn -0.0005 0.0005 -1.0000
vn -0.2623 -0.5252 -0.8095
vn -0.0005 -0.4899 -0.8718
vn 0.0005 -0.8955 0.4451
vn -0.0005 -0.5703 0.8214
vn -0.0005 -0.7761 0.6306
vn 0.2623 -0.5252 -0.8095
vn -0.0000 -0.4898 -0.8718
vn 0.5429 -0.6270 -0.5586
vn 0.2624 -0.5252 -0.8095
vn -0.0005 0.0416 -0.9991
vn -0.0005 0.2585 -0.9660
vn -0.0000 0.5563 -0.8310
vn -0.0006 0.2584 -0.9660
vn -0.0000 0.0416 -0.9991
vn 0.0005 -0.0425 -0.9991
vn -0.0000 -0.0425 -0.9991
vn -0.0005 0.6903 -0.7235
vn 0.0005 0.5564 -0.8309
vn -0.0000 0.8876 -0.4607
vn -0.0005 0.8876 -0.4606
vn -0.0000 1.0000 -0.0005
vn 0.0005 1.0000 -0.0005
vn -0.0005 -0.0005 -1.0000
vn -0.0000 -0.0005 -1.0000
vn -0.0000 0.4997 -0.8662
vn 0.0005 0.4997 -0.8662
vn -0.0005 0.7042 -0.7100
vn -0.0000 0.7041 -0.7101
vn 0.0005 0.7042 -0.7100
vn 0.0003 0.7041 -0.7101
vn -0.0005 -0.4918 -0.8707
vn -0.0000 -0.4917 -0.8707
vn -0.0004 -0.7042 -0.7101
vn -0.0004 -0.7041 -0.7101
vn -0.0005 -0.7042 -0.7100
vn -0.0006 -0.7042 -0.7100
vn 0.0005 0.7071 -0.7071
vn -0.0000 0.7071 -0.7071
vn -0.5429 -0.6270 -0.5586
vn -0.2624 -0.5252 -0.8095
vn -0.5429 -0.6270 -0.5587
vn 0.7194 0.3462 -0.6022
vn 0.7087 0.0298 -0.7048
vn 0.4245 0.2604 0.8672
vn 0.3853 0.1704 0.9069
vn 0.3756 0.2467 0.8933
vn 0.4110 0.2654 0.8722
vn 0.4430 0.2652 0.8564
vn 0.4206 0.3024 0.8554
vn 0.4772 0.2027 0.8551
vn 0.4431 0.2653 0.8563
vn 0.4459 0.2515 0.8590
vn 0.3756 0.2467 0.8934
vn 0.5536 -0.8009 -0.2281
vn 0.5382 -0.7792 -0.3214
vn 0.5536 -0.8009 -0.2282
vn 0.5682 -0.8222 -0.0328
vn -0.9279 0.0005 -0.3729
vn -0.7642 0.0005 -0.6450
vn -0.7641 0.0005 -0.6450
vn -0.7071 0.0003 -0.7071
vn -0.7641 -0.0005 -0.6450
vn 0.7641 0.0005 -0.6450
vn 0.7071 -0.0005 -0.7071
vn 0.7071 -0.0006 -0.7071
vn 0.7641 -0.0005 -0.6450
vn 0.9279 -0.0005 -0.3728
vn 0.7642 0.0005 -0.6450
vn -0.6973 0.0005 -0.7168
vn -0.9993 0.0005 -0.0377
vn 0.6973 -0.0005 -0.7168
vn 0.9993 -0.0005 -0.0377
vn -0.0005 -1.0000 0.0004
vn -0.0000 -1.0000 0.0004
vn -0.0000 -0.8662 -0.4997
vn -0.0005 -0.8662 -0.4997
vn -0.2711 -0.5241 0.8074
vn -0.2691 -0.7996 0.5368
vn -0.2692 -0.7996 0.5368
vn -0.2681 -0.9597 0.0835
vn -0.2643 -0.3191 0.9101
vn -0.2643 -0.3190 0.9101
vn -0.2681 -0.9597 0.0836
vn -0.2643 -0.9644 0.0003
vn 0.7068 -0.7068 -0.0298
vn 0.5430 -0.6270 -0.5586
vn -0.0003 -0.7071 -0.7071
vn -0.0005 -0.7071 -0.7071
vn -0.7642 -0.0005 -0.6450
vn -0.9279 0.0005 -0.3728
vn -1.0000 0.0005 -0.0054
vn -1.0000 -0.0005 -0.0054
vn -1.0000 -0.0005 -0.0053
vn -0.9993 0.0005 -0.0376
vn -1.0000 0.0005 -0.0053
vn -0.6972 0.0005 -0.7168
vn -0.3083 0.0005 -0.9513
vn 0.3083 -0.0005 -0.9513
vn 0.6972 -0.0005 -0.7169
vn 0.6972 -0.0005 -0.7168
vn -0.5380 -0.7794 -0.3211
vn -0.5536 -0.8009 -0.2282
vn -0.5382 -0.7792 -0.3214
vn -0.5682 -0.8222 -0.0327
vn -0.5682 -0.8222 -0.0328
vn -0.5681 -0.8230 0.0004
vn -0.0005 -1.0000 0.0005
vn -0.0005 -0.8729 -0.4880
vn -0.0005 -0.6973 -0.7168
vn -0.0004 -0.7071 -0.7071
vn 0.0005 -0.5464 -0.8375
vn 0.0005 -0.2585 -0.9660
vn -0.0000 -0.0426 -0.9991
vn -0.0005 -0.0426 -0.9991
vn 0.5682 -0.8222 -0.0327
vn 0.5681 -0.8230 -0.0004
vn 0.7088 -0.0298 -0.7048
vn 0.7194 -0.3462 -0.6022
vn 0.7194 -0.3463 -0.6022
vn 0.7087 -0.0298 -0.7048
vn 0.7195 -0.6014 -0.3473
vn 0.7192 -0.6948 0.0005
vn 0.7192 -0.6948 0.0004
vn -0.0112 -0.7929 -0.6092
vn -0.0044 -0.8984 -0.4392
vn -0.0073 -0.8353 -0.5498
vn -0.0171 -0.7167 -0.6972
vn -0.0278 -0.5378 -0.8426
vn -0.0200 -0.3865 -0.9221
vn -0.0000 -1.0000 -0.0074
vn -0.0005 -1.0000 -0.0074
vn -0.0005 -1.0000 -0.0005
vn -0.0003 -1.0000 -0.0003
vn -0.7245 -0.6893 0.0005
vn 0.7071 -0.7071 -0.0005
vn 0.7071 -0.7071 -0.0003
vn 0.7071 -0.7071 -0.0004
vn 0.7071 -0.7071 -0.0006
vn -0.2399 0.6269 -0.7412
vn -0.5067 0.6874 -0.5203
vn -0.0000 0.6048 -0.7964
vn 0.0003 0.6049 -0.7963
vn 0.2399 0.6269 -0.7413
vn 0.2399 0.6269 -0.7412
vn 0.5067 0.6874 -0.5203
vn 0.7061 0.7081 -0.0074
vn 0.7071 0.7071 -0.0006
vn 0.7071 0.7071 -0.0005
vn 0.7072 0.7070 -0.0003
vn 0.7071 0.7071 -0.0007
vn 0.7071 0.7071 -0.0003
vn 0.9767 0.0220 0.2135
vn 0.9466 -0.0151 0.3220
vn -0.0004 -1.0000 -0.0004
vn -0.0004 -1.0000 0.0004
vn -0.0005 -1.0000 -0.0093
vn -0.0000 -1.0000 -0.0093
vn 0.0044 -0.8984 -0.4392
vn 0.0171 -0.7167 -0.6972
vn 0.0112 -0.7929 -0.6092
vn 0.0073 -0.8353 -0.5498
vn 0.0278 -0.5378 -0.8426
vn 0.0200 -0.3865 -0.9221
vn 0.0034 -0.1861 -0.9825
vn 0.0014 -0.0894 -0.9960
vn -0.0005 -0.1793 -0.9838
vn -0.0005 -0.0503 -0.9987
vn -0.0004 0.0004 -1.0000
vn -0.7022 -0.7120 0.0005
vn -0.7297 -0.6838 0.0005
vn -0.8230 -0.5680 0.0005
vn -0.7297 -0.6837 0.0005
vn -0.8231 -0.5679 -0.0000
vn -0.5430 -0.6270 -0.5586
vn -0.7071 -0.7071 -0.0005
vn -0.0561 -0.0151 -0.9983
vn -0.0503 -0.0464 -0.9977
vn -0.0563 -0.0152 -0.9983
vn 0.0376 -0.5024 -0.8638
vn -0.0376 -0.5024 -0.8638
vn 0.0503 -0.0464 -0.9977
vn 0.0559 -0.0148 -0.9983
vn 0.0561 -0.0151 -0.9983
vn 0.7695 -0.6387 -0.0004
vn 0.7695 -0.6386 -0.0004
vn 0.7695 -0.6386 -0.0005
vn -0.7071 0.7071 -0.0005
vn -0.7071 0.7071 -0.0000
vn -0.7061 0.7081 -0.0074
vn 0.0005 1.0000 0.0005
vn -0.9676 -0.2525 0.0005
vn -0.9673 -0.2538 -0.0001
vn -0.9673 -0.2537 -0.0005
vn -0.9678 -0.2516 0.0005
vn -0.7888 0.3619 -0.4968
vn -0.7888 0.3619 -0.4967
vn -0.9681 -0.2507 0.0005
vn 0.9676 -0.2525 0.0005
vn 0.9678 -0.2516 0.0005
vn 0.9676 -0.2524 0.0006
vn 0.9676 -0.2526 0.0005
vn -0.7071 0.7071 0.0003
vn -0.7071 0.7071 0.0005
vn -0.7071 0.7071 0.0006
vn -0.0004 0.0004 1.0000
vn 0.0004 0.0004 1.0000
vn 0.7071 0.7071 -0.0000
vn -0.8162 -0.5778 0.0005
vn -0.8166 -0.5771 0.0005
vn -0.7022 -0.7120 0.0015
vn -0.7012 -0.7130 0.0024
vn -0.9966 -0.0826 0.0035
vn -0.9965 -0.0836 -0.0000
vn -0.7567 -0.5662 0.3268
vn -0.6494 -0.6543 0.3875
vn -0.7012 -0.7130 0.0025
vn -0.6188 -0.6726 0.4059
vn -0.3944 -0.3935 0.8304
vn -0.4832 -0.3933 0.7822
vn -0.3023 -0.0503 0.9519
vn -0.7304 -0.3415 0.5916
vn -0.3943 -0.0435 0.9180
vn -0.2966 0.0004 0.9550
vn -0.3915 -0.0000 0.9202
vn -0.7663 -0.0181 0.6422
vn -0.7722 0.0005 0.6354
vn -1.0000 -0.0005 0.0044
vn -1.0000 -0.0005 0.0005
vn 0.9822 0.0307 0.1851
vn 0.9967 0.0318 0.0748
vn 0.9978 0.0357 0.0552
vn 0.9889 0.0004 0.1489
vn 0.9822 0.0308 0.1851
vn -0.9658 -0.2594 -0.0005
vn -0.9658 -0.2594 -0.0004
vn -0.9657 -0.2595 -0.0004
vn -0.9657 -0.2596 -0.0005
vn 1.0000 -0.0005 -0.0005
vn 0.9991 -0.0000 0.0425
vn 0.9991 -0.0005 0.0425
vn 0.9911 0.0005 0.1334
vn 1.0000 -0.0005 0.0005
vn 0.7048 -0.5016 0.5016
vn 0.7050 -0.7089 0.0230
vn 1.0000 -0.0015 0.0015
vn 0.9999 -0.0103 0.0005
vn 0.7060 -0.7079 -0.0200
vn 0.9999 -0.0103 -0.0015
vn 1.0000 -0.0054 -0.0035
vn 0.0367 -0.9989 -0.0298
vn 0.7051 -0.6230 -0.3386
vn 1.0000 -0.0044 -0.0035
vn 0.7040 -0.5946 -0.3884
vn 1.0000 -0.0005 -0.0015
vn 0.0406 -0.8805 -0.4722
vn 0.0005 -0.8815 -0.4722
vn -0.0000 -0.9996 -0.0298
vn 0.0005 -0.8557 -0.5175
vn 0.0366 -0.9987 0.0357
vn -0.0005 -0.9993 0.0367
vn 0.0376 -0.8358 -0.5477
vn -0.0005 -0.7624 -0.6471
vn -0.0005 -0.4960 -0.8683
vn -0.0000 -0.7071 0.7071
vn 0.0376 -0.7066 0.7066
vn 0.0396 -0.4949 -0.8681
vn -0.0005 -0.0416 -0.9991
vn 0.6953 -0.3533 -0.6259
vn 0.0523 -0.0396 -0.9978
vn 0.0543 -0.0000 -0.9985
vn 0.7055 -0.0210 -0.7084
vn 1.0000 -0.0005 -0.0073
vn 0.7062 -0.0005 -0.7080
vn 1.0000 -0.0005 -0.0064
vn 0.0465 -0.0425 0.9980
vn -0.0005 -0.7071 0.7071
vn -0.0000 -0.0445 0.9990
vn 0.0474 -0.0005 0.9989
vn 0.7060 -0.0220 0.7079
vn 0.7062 0.0005 0.7080
vn 0.9999 -0.0025 0.0103
vn 0.9999 -0.0000 0.0103
vn 0.9658 -0.2594 -0.0004
vn 0.9658 -0.2594 -0.0005
vn 0.9658 -0.2595 -0.0005
vn -1.0000 0.0005 0.0005
vn -0.9377 0.3475 0.0004
vn -1.0000 0.0005 -0.0004
vn -0.9999 -0.0005 0.0132
vn -1.0000 0.0005 -0.0005
vn -0.6680 -0.0054 0.7442
vn -0.6679 -0.0054 0.7442
vn -0.7900 -0.5799 -0.1989
vn -0.7598 -0.5557 -0.3376
vn -0.7900 -0.5799 -0.1988
vn -0.8047 -0.5937 0.0004
vn -0.8048 -0.5936 0.0005
vn -0.8047 -0.5936 0.0005
vn -1.0000 0.0004 -0.0004
vn 0.9967 0.0317 0.0747
vn 0.9993 0.0376 -0.0004
vn 0.5738 0.8190 0.0005
vn 0.6638 0.7479 -0.0015
vn 0.5738 0.8190 0.0006
vn -0.9032 0.4293 -0.0005
vn -0.9031 0.4294 -0.0005
vn -0.9032 0.4292 -0.0004
vn -0.9031 0.4293 -0.0005
vn -0.6560 0.7547 0.0005
vn -0.6561 0.7547 0.0005
vn -0.8955 0.4451 -0.0005
vn -0.8955 0.4451 -0.0000
vn -0.4167 0.9091 -0.0000
vn -0.9091 0.4167 0.0005
vn -0.4166 0.9091 -0.0005
vn -0.2145 0.9767 0.0005
vn 1.0000 0.0005 -0.0005
vn 0.7530 0.5879 -0.2956
vn 0.7154 0.6987 -0.0005
vn 0.9923 0.1236 -0.0015
vn 0.9923 0.1237 -0.0015
vn 0.6639 0.7478 -0.0015
vn -0.9581 0.0181 0.2858
vn -0.9575 0.0005 0.2886
vn -0.9581 0.0200 0.2858
vn 0.2144 0.9767 -0.0004
vn 0.4167 0.9091 0.0005
vn 0.4167 0.9091 -0.0005
vn 0.6561 0.7547 -0.0005
vn 0.8955 0.4451 0.0008
vn 0.8955 0.4451 0.0005
vn 0.9091 0.4167 -0.0004
vn 0.9091 0.4167 -0.0005
vn 0.9090 0.4167 -0.0003
vn 0.9031 0.4294 -0.0005
vn 1.0000 -0.0044 -0.0034
vn 1.0000 -0.0054 -0.0034
vn 0.9999 -0.0005 0.0102
vn 0.9999 -0.0024 0.0103
vn 0.9999 -0.0102 0.0005
vn -0.9541 0.2995 -0.0024
vn -0.9568 0.2906 -0.0005
vn -0.9534 0.3016 -0.0025
vn 1.0000 -0.0005 -0.0054
vn 1.0000 -0.0005 -0.0053
vn 0.7642 -0.0005 -0.6450
vn -0.7302 0.6833 0.0054
vn -0.7235 0.6903 0.0015
vn -0.7301 0.6833 0.0054
vn -0.7292 0.6843 0.0054
vn -0.7206 0.6933 -0.0005
vn 0.0005 0.8662 -0.4997
vn -0.0000 1.0000 0.0004
vn 0.0004 0.8661 -0.4998
vn 0.0005 0.4998 -0.8661
vn -0.0000 0.4998 -0.8661
vn 1.0000 0.0005 0.0005
vn 1.0000 0.0004 0.0004
vn 0.9783 0.1294 -0.1616
vn 0.9954 0.0640 -0.0709
vn -0.7206 0.6933 0.0005
vn -0.7207 0.6933 0.0005
vn -0.7216 0.6923 0.0005
vn -0.7221 0.6918 -0.0000
vn -0.7206 0.6933 -0.0004
vn -0.7236 0.6902 0.0015
vn -0.9022 0.4313 -0.0005
vn -0.8910 0.4540 0.0004
vn -0.8910 0.4540 0.0003
vn 0.7163 0.6978 -0.0003
vn 0.7163 0.6977 0.0003
vn 0.7163 0.6978 -0.0005
vn 0.7165 0.6976 -0.0000
vn 0.7164 0.6977 -0.0000
vn 0.7163 0.6978 -0.0000
vn 0.7163 0.6978 0.0005
vn 0.7163 0.6977 -0.0004
vn 0.7164 0.6976 -0.0000
vn 0.7311 0.6822 -0.0005
vn 0.7312 0.6822 -0.0004
vn 0.7329 0.6802 -0.0112
vn 0.7311 0.6822 -0.0004
vn 0.7311 0.6823 -0.0005
vn 0.7329 0.6802 -0.0113
vn -0.8990 0.4380 -0.0044
vn -0.9541 0.2995 -0.0025
vn -0.9024 0.4304 -0.0200
vn 0.9063 0.4225 -0.0004
vn 0.9063 0.4226 -0.0005
vn 0.9063 0.4227 -0.0005
vn 0.9063 0.4227 -0.0006
vn 0.9035 0.4285 -0.0015
vn 0.9031 0.4293 -0.0015
vn 0.9035 0.4286 0.0005
vn 0.9031 0.4293 0.0005
vn 0.9031 0.4293 -0.0005
vn 0.9031 0.4294 0.0003
vn 0.9031 0.4294 -0.0003
vn 0.9031 0.4294 -0.0014
vn -0.8910 0.4540 0.0005
vn -0.8910 0.4540 0.0024
vn -0.8910 0.4540 0.0034
vn -0.8902 0.4556 0.0035
vn -0.8909 0.4542 0.0002
vn 0.0366 -0.9989 -0.0298
vn -0.0000 -0.9993 0.0367
vn -0.0005 -0.9996 -0.0298
vn -0.8902 0.4556 0.0034
vn 0.8297 0.5494 0.0992
vn 0.7657 0.5732 0.2917
vn 0.7333 0.5820 0.3514
vn 0.8473 0.5308 0.0191
vn 0.8171 0.5495 0.1743
vn 0.8297 0.5494 0.0991
vn 0.8509 0.5253 -0.0111
vn -0.9581 0.0201 0.2858
vn -0.9581 0.0201 0.2859
vn -0.1069 -0.8619 -0.4957
vn -0.1334 -0.9911 -0.0054
vn -0.0376 -0.5025 -0.8638
vn -0.1333 -0.9911 -0.0054
vn -0.1333 -0.9911 0.0004
vn -0.1332 -0.9911 0.0003
vn 0.1333 -0.9911 -0.0054
vn 0.1069 -0.8619 -0.4957
vn 0.1334 -0.9911 0.0004
vn 0.0376 -0.5025 -0.8638
vn -0.3601 0.9329 0.0005
vn -0.3602 0.9329 0.0005
vn 0.3601 0.9329 -0.0004
vn 0.3601 0.9329 -0.0005
vn -1.0000 0.0004 0.0005
vn -1.0000 0.0004 0.0006
vn 0.9993 -0.0005 -0.0376
vn 0.7061 -0.7081 0.0005
vn 0.9239 -0.3826 0.0006
vn 0.9239 -0.3826 0.0004
vn 0.7062 -0.7080 0.0004
vn 0.2838 -0.9589 -0.0044
vn 0.2839 -0.9589 -0.0044
vn 0.2096 -0.9778 -0.0054
vn 0.2096 -0.9778 -0.0053
vn -0.0004 -1.0000 -0.0054
vn -0.0005 -1.0000 -0.0054
vn 0.3590 -0.9333 -0.0034
vn 0.3599 -0.9330 -0.0024
vn 0.7071 -0.7071 0.0005
vn 0.7071 -0.7071 0.0004
vn 0.9239 -0.3826 -0.0005
vn 0.9239 -0.3825 -0.0006
vn 0.9239 0.3826 -0.0005
vn 0.3827 0.9239 -0.0000
vn 0.3826 0.9239 -0.0005
vn -0.0005 1.0000 -0.0005
vn -0.3826 0.9239 -0.0004
vn -0.9239 0.3826 0.0005
vn -0.9239 0.3826 0.0004
vn -0.9239 -0.3826 0.0005
vn -0.9239 -0.3826 0.0004
vn -0.7071 -0.7071 -0.0000
vn -0.7071 -0.7071 0.0005
vn -0.3590 -0.9333 -0.0034
vn -0.3598 -0.9330 -0.0034
vn -0.2838 -0.9589 -0.0044
vn -0.2096 -0.9778 -0.0054
vn -0.2096 -0.9778 -0.0053
vn 1.0000 -0.0004 -0.0004
vn 0.0004 0.4998 -0.8661
vn 0.0004 0.8661 0.4998
vn 0.0004 0.4998 0.8661
vn -0.0005 -0.4998 -0.8662
vn -0.0004 -0.8661 -0.4998
vn 0.0004 -0.4998 0.8661
vn -0.0004 -0.8661 0.4998
vn 0.0259 0.9997 -0.0005
vn 0.0258 0.9997 -0.0005
vn 0.0260 0.9997 -0.0004
vn 0.0258 0.9997 -0.0006
vn 0.0259 0.9997 -0.0004
vn -0.0005 -0.8662 0.4997
vn -0.0000 -1.0000 0.0005
vn -0.0000 -0.8662 0.4997
vn -0.8105 -0.5857 0.0093
vn -0.4380 -0.3198 0.8402
vn -0.8104 -0.5857 -0.0103
vn -0.9329 0.3600 0.0004
vn -0.9329 0.3601 0.0004
vn -0.9329 0.3602 0.0005
vn 0.5552 -0.8317 -0.0005
vn 0.5242 -0.8516 0.0020
vn 0.6103 -0.7922 0.0015
vn 0.7139 -0.7002 0.0015
vn 0.4107 -0.9118 0.0015
vn 0.5553 -0.8316 -0.0004
vn -0.0005 -1.0000 0.0034
vn -0.0004 -1.0000 0.0034
vn 0.5553 -0.8317 -0.0005
vn 0.6843 -0.7292 -0.0005
vn 0.8210 -0.5710 -0.0005
vn 0.9100 -0.4147 -0.0005
vn 0.9998 0.0210 -0.0005
vn 0.9395 0.3425 -0.0005
vn -0.0005 -1.0000 0.0048
vn -0.5291 -0.8486 0.0006
vn -0.5290 -0.8486 0.0005
vn -0.7120 -0.7022 0.0005
vn -0.5553 -0.8316 0.0004
vn -0.9239 -0.3826 -0.0000
vn 0.9848 0.1735 -0.0014
vn 0.7615 0.6482 0.0005
vn 0.7615 0.6481 0.0005
vn 0.7891 0.6142 -0.0005
vn 0.7848 0.6198 -0.0005
vn 0.5622 0.8270 -0.0005
vn 0.4333 0.9012 -0.0005
vn 0.4246 0.9054 -0.0005
vn 0.5552 0.8317 -0.0005
vn 0.5622 0.8270 0.0005
vn -0.4009 -0.7868 0.4693
vn -0.2379 -0.4637 0.8535
vn -0.4539 -0.8910 0.0122
vn -0.4540 -0.8909 0.0122
vn -0.4540 -0.8909 -0.0123
vn -0.4540 -0.8909 -0.0122
vn -0.4009 -0.7868 -0.4693
vn -0.4009 -0.7867 -0.4693
vn -0.2418 -0.4743 -0.8465
vn 0.0132 0.0258 -0.9996
vn 0.0131 0.0258 -0.9996
vn 0.9329 0.3602 0.0005
vn 0.9329 0.3601 0.0005
vn 0.9329 0.3601 0.0004
vn 0.7194 0.3463 -0.6022
vn 0.7196 0.6013 -0.3473
vn 0.7192 0.6948 -0.0005
vn 0.7192 0.6948 -0.0004
vn 0.7196 0.6013 0.3473
vn 0.7195 0.6014 0.3473
vn 0.7194 0.3463 0.6022
vn 0.7088 0.0298 0.7048
vn 0.7087 0.0299 0.7048
vn 0.7087 0.0298 0.7048
vn 0.7087 -0.0298 0.7048
vn 0.7194 -0.3462 0.6022
vn 0.7194 -0.3463 0.6021
vn 0.7191 -0.6020 0.3471
vn -0.5679 0.2929 0.7692
vn -0.5676 0.2923 0.7697
vn -0.5681 0.2927 0.7692
vn -0.5680 0.2926 0.7692
vn -0.5679 0.2925 0.7694
vn -0.4305 0.3328 0.8390
vn -0.7061 -0.7081 0.0005
vn -0.2838 -0.9589 -0.0000
vn -0.7062 -0.7080 0.0004
vn -0.9239 -0.3827 -0.0000
vn -1.0000 -0.0005 -0.0005
vn -0.9239 0.3827 -0.0000
vn 0.7071 -0.7071 -0.0000
vn 0.5430 -0.6271 -0.5585
vn -0.9329 -0.3602 0.0005
vn -0.9329 -0.3602 0.0006
vn -0.7071 -0.7071 0.0006
vn -0.7071 -0.7071 -0.0004
vn -0.7071 -0.7071 0.0004
vn -0.7071 -0.7071 0.0007
vn -0.7071 -0.7071 0.0003
vn 0.9329 -0.3602 -0.0005
vn 0.9329 -0.3601 -0.0004
vn 0.9329 -0.3601 -0.0005
vn 0.7071 -0.7071 -0.0007
vn -0.2380 -0.4636 0.8535
vn 0.0083 0.0220 0.9997
vn -0.2379 -0.4636 0.8535
vn -0.0709 0.9975 0.0054
vn -0.4550 0.8294 0.3240
vn -0.0630 0.9980 -0.0005
vn -0.0631 0.9980 -0.0005
vn 0.0543 0.9985 0.0005
vn 0.0591 0.9982 0.0044
vn 0.4550 0.8294 0.3240
vn 0.0542 0.9985 0.0003
vn 0.0005 0.0327 0.9995
vn -0.0883 -0.1785 0.9800
vn -0.0882 -0.1782 0.9800
vn -0.9966 -0.0005 0.0826
vn -0.8902 0.0005 0.4556
vn -0.5047 0.0005 0.8633
vn -0.5047 -0.0000 0.8633
vn -0.9966 0.0005 0.0826
vn -0.9957 -0.0005 -0.0923
vn -0.9957 -0.0000 -0.0923
vn -0.9028 0.0005 -0.4301
vn -0.8298 0.0003 -0.5581
vn -0.8297 0.0004 -0.5582
vn 0.9028 -0.0005 -0.4301
vn 0.8297 -0.0004 -0.5582
vn 0.9028 0.0005 -0.4301
vn 0.9957 -0.0005 -0.0923
vn 0.9966 -0.0000 0.0826
vn 0.9966 0.0005 0.0826
vn 0.8902 -0.0005 0.4556
vn 0.8902 -0.0000 0.4556
vn 0.5047 0.0005 0.8633
vn -0.7283 0.4821 -0.4870
vn -0.7461 0.5956 -0.2976
vn -0.7072 0.7071 -0.0006
vn -0.7071 0.7072 -0.0005
vn -0.7071 -0.7071 -0.0006
vn -0.4379 -0.3198 0.8402
vn 0.7105 0.7037 -0.0015
vn 0.3826 0.9239 -0.0000
vn 0.8777 0.4791 -0.0005
vn 0.9160 0.4011 -0.0005
vn 0.9884 0.1519 0.0024
vn 0.9996 -0.0278 0.0015
vn 0.9979 0.0640 0.0063
vn 0.9944 -0.1060 0.0024
vn 0.9248 -0.3806 0.0005
vn 0.8210 -0.5709 0.0024
vn -0.9999 0.0005 0.0113
vn -0.9999 -0.0005 0.0113
vn -0.8870 0.0005 0.4618
vn -1.0000 0.0005 -0.0093
vn -1.0000 -0.0000 -0.0093
vn -0.5458 0.0005 0.8379
vn -0.2066 0.0005 -0.9784
vn -0.2594 0.0005 0.9658
vn -0.2593 0.0004 0.9658
vn -0.1168 -0.0005 -0.9932
vn 0.0005 0.0328 0.9995
vn 0.0591 0.1715 0.9834
vn 0.0630 0.1783 0.9820
vn 0.3140 0.6328 0.7078
vn 0.8870 -0.0000 0.4618
vn 0.5458 -0.0005 0.8379
vn 0.8870 0.0005 0.4618
vn 0.5458 -0.0000 0.8379
vn 0.2586 -0.0004 0.9660
vn 0.2585 -0.0005 0.9660
vn 0.9999 0.0005 0.0103
vn 1.0000 0.0005 -0.0084
vn 1.0000 0.0005 -0.0083
vn 0.2066 -0.0005 -0.9784
vn 0.1168 -0.0000 -0.9932
vn -0.3601 -0.9329 0.0005
vn -0.3602 -0.9329 0.0005
vn -0.3603 -0.9328 0.0006
vn 0.3601 -0.9329 0.0005
vn 0.3601 -0.9329 0.0004
vn 0.3602 -0.9329 0.0005
vn -0.9999 -0.0102 -0.0005
vn -0.9239 -0.3825 -0.0000
vn -0.9998 -0.0220 -0.0005
vn -0.9239 -0.3825 0.0005
vn -0.9772 0.2124 -0.0005
vn -0.9380 0.3466 -0.0005
vn -0.9143 0.4051 0.0005
vn -0.7047 0.7095 0.0005
vn -0.3827 0.9239 -0.0000
vn -0.3826 0.9239 0.0003
vn -0.0005 1.0000 -0.0000
vn -0.9380 0.3465 -0.0005
vn -0.7583 0.6519 0.0005
vn -0.7913 0.6114 -0.0005
vn -0.5622 0.8270 0.0005
vn -0.7870 0.6170 -0.0005
vn -0.5622 0.8270 -0.0005
vn -0.4333 0.9012 -0.0005
vn -0.5553 0.8317 0.0004
vn -0.4246 0.9054 -0.0005
vn 0.9789 0.2036 0.0190
vn 0.4020 0.7890 -0.4646
vn 0.4540 0.8909 -0.0123
vn 0.4539 0.8909 -0.0122
vn 0.4021 0.7890 -0.4646
vn 0.4540 0.8909 0.0122
vn 0.2535 0.4968 -0.8300
vn 0.2532 0.4970 -0.8300
vn 0.0132 0.0259 -0.9996
vn 0.4021 0.7890 0.4646
vn 0.2457 0.4841 0.8398
vn 0.0070 0.0227 0.9997
vn 0.7154 0.6988 -0.0005
vn -0.0005 -0.8955 -0.4451
vn -0.0005 -0.5692 -0.8222
vn -0.0005 -0.7761 -0.6306
vn -0.4333 0.9013 -0.0000
vn 0.4333 0.9013 -0.0005
vn 0.0006 1.0000 0.0005
vn -0.4333 0.9013 -0.0005
vn 0.0006 1.0000 -0.0000
vn 0.3825 0.9239 -0.0000
vn -0.0004 1.0000 -0.0000
vn 0.3825 0.9239 -0.0005
vn 0.4930 0.2125 -0.8437
vn 0.4314 0.2164 -0.8758
vn -0.0005 -0.0738 -0.9973
vn -0.0000 -0.0738 -0.9973
vn -0.0005 -0.5691 -0.8222
vn 0.0005 -0.8955 -0.4451
vn -0.0004 -0.7761 -0.6306
vn -0.0005 -0.8955 0.4451
vn -0.0005 -0.5703 0.8215
vn -0.0005 -0.5702 0.8215
vn 0.0005 -0.0748 0.9972
vn 0.5907 0.2458 -0.7685
vn 0.5884 0.2026 -0.7828
vn 0.4851 0.1822 -0.8553
vn 0.4662 0.1460 -0.8725
vn 0.2622 0.0542 -0.9635
vn 0.3689 0.1833 -0.9112
vn 0.4929 0.2126 -0.8437
vn 0.4313 0.2164 -0.8759
vn 0.4430 0.2174 -0.8698
vn 0.9783 0.1294 -0.1617
vn 0.7236 0.4109 -0.5546
vn 0.7267 0.4296 -0.5361
vn 0.9954 0.0639 -0.0709
vn 0.4430 0.2173 -0.8698
vn 0.4663 0.1460 -0.8725
vn 0.3689 0.1832 -0.9112
vn 0.2683 0.1373 -0.9535
vn 0.2683 0.1374 -0.9535
vn 0.0005 0.2585 0.9660
vn -0.0000 0.5564 0.8309
vn -0.0005 0.6903 0.7235
vn 0.0005 0.0416 0.9991
vn 0.0006 0.2584 0.9660
vn -0.0005 0.0416 0.9991
vn 0.0005 0.8876 0.4607
vn -0.0005 0.8876 0.4606
vn 0.0005 1.0000 -0.0004
vn -0.7368 0.3638 0.5698
vn -0.4551 0.8294 0.3241
vn 0.4551 0.8294 0.3241
vn 0.7359 0.3609 0.5728
vn -0.0000 -0.8729 0.4879
vn -0.0005 -0.8729 0.4879
vn 0.7070 0.0142 -0.7070
vn -0.6932 0.0132 -0.7206
vn -0.6987 0.0054 -0.7154
vn -0.6368 0.2252 -0.7374
vn -0.6987 0.0054 -0.7153
vn -0.6221 0.2576 -0.7394
vn -0.8104 -0.5857 -0.0102
vn -0.6219 0.2585 -0.7392
vn -0.8104 -0.5858 -0.0102
vn -0.6180 0.2731 -0.7372
vn -0.6178 0.2769 -0.7360
vn -0.6367 0.2253 -0.7374
vn 0.0005 -0.4998 0.8661
vn -0.0000 -0.4998 0.8661
vn -0.0000 -0.8661 0.4998
vn -0.0005 -0.8661 0.4998
vn -0.7401 0.3473 0.5759
vn -0.7418 0.3453 0.5748
vn -0.7325 0.3435 0.5878
vn -0.7272 0.3580 0.5856
vn -0.7682 0.2106 0.6046
vn 0.7401 0.3454 0.5770
vn 0.7360 0.3609 0.5728
vn -0.6368 0.2253 -0.7374
vn 0.7191 -0.6019 0.3472
vn 0.7087 -0.0299 0.7048
vn 0.0005 1.0000 0.0006
vn -0.0000 1.0000 0.0005
vn -0.0000 0.8662 0.4997
vn 0.0005 0.8662 0.4997
vn -0.6221 0.2575 -0.7394
vn -0.6219 0.2584 -0.7392
vn 0.1167 0.0005 -0.9932
vn -0.1168 -0.0000 -0.9932
vn -0.0000 0.0416 0.9991
vn 0.0005 0.5563 0.8310
vn 0.5047 -0.0000 0.8633
vn 0.0005 -0.0006 1.0000
vn -0.0000 -0.0006 1.0000
vn -0.0000 -0.4997 0.8662
vn 0.0005 -0.4997 0.8662
vn 0.0005 0.0415 0.9991
vn -0.0000 -0.0425 0.9991
vn 0.0005 -0.0425 0.9991
vn -0.0000 0.0415 0.9991
vn 0.0005 -0.2585 0.9660
vn -0.0000 -0.5464 0.8375
vn -0.0005 -0.6972 0.7168
vn -0.0000 -0.8728 0.4880
vn -0.0005 -0.8728 0.4880
vn -0.0003 -0.7071 0.7071
vn 0.4450 -0.4450 -0.7772
vn 0.3523 -0.5282 -0.7726
vn 0.5834 -0.2417 -0.7754
vn 0.5837 -0.2418 -0.7751
vn 0.6316 -0.0005 -0.7753
vn 0.5834 0.2416 -0.7754
vn 0.5836 0.2418 -0.7752
vn 0.4462 0.4462 -0.7757
vn 0.2417 0.5836 -0.7752
vn 0.0004 0.6316 -0.7753
vn -0.2418 0.5837 -0.7751
vn -0.2418 0.5837 -0.7752
vn -0.4463 0.4463 -0.7756
vn -0.5836 0.2418 -0.7752
vn -0.5837 0.2418 -0.7751
vn -0.6316 -0.0005 -0.7753
vn -0.5832 -0.2417 -0.7755
vn -0.4448 -0.4458 -0.7768
vn -0.3523 -0.5282 -0.7726
vn 0.0005 0.8661 0.4998
vn 0.0005 0.4998 0.8661
vn -0.0000 0.4998 0.8661
vn -0.0000 0.8661 0.4998
vn 0.0005 0.4997 0.8662
vn 0.0005 -0.0004 1.0000
vn -0.0000 -0.0004 1.0000
vn -0.0000 0.4997 0.8662
vt 0.000000 0.000000
vt 0.125000 1.000000
vt 0.937500 1.000000
vt 1.000000 1.000000
vt 0.937500 0.946469
vt 1.000000 0.946469
vt 0.875000 0.945187
vt 0.875000 1.000000
vt 0.812500 1.000000
vt 0.808936 0.945187
vt 0.750000 1.000000
vt 0.748421 0.945187
vt 0.687500 1.000000
vt 0.687769 0.945187
vt 0.625000 1.000000
vt 0.624289 0.945187
vt 0.563316 0.945187
vt 0.562500 1.000000
vt 0.499997 0.945187
vt 0.500000 1.000000
vt 0.437500 1.000000
vt 0.436685 0.945187
vt 0.375000 1.000000
vt 0.375000 0.945187
vt 0.312500 1.000000
vt 0.312498 0.945187
vt 0.250000 1.000000
vt 0.250000 0.945187
vt 0.187500 1.000000
vt 0.187054 0.945187
vt 0.125000 0.945187
vt 0.332351 0.750000
vt 0.542438 0.748590
vt 0.606763 0.750821
vt 0.590668 0.750000
vt 0.542237 0.748121
vt 0.305660 0.687500
vt 0.405524 0.750000
vt 0.544215 0.750000
vt 0.333333 0.811279
vt 0.141323 0.112229
vt 0.263791 0.172770
vt 0.142745 0.113358
vt 0.318472 0.205320
vt 0.363836 0.209707
vt 0.485577 0.250000
vt 0.420580 0.215940
vt 0.480752 0.175947
vt 0.427087 0.181678
vt 0.309794 0.185601
vt 0.375000 0.250000
vt 0.375000 0.249999
vt 0.184526 0.132148
vt 0.113698 0.085383
vt 0.003383 0.002686
vt 0.016342 0.011263
vt 0.139516 0.158104
vt 0.375000 0.500000
vt 0.183650 0.199424
vt 0.175382 0.169918
vt 0.125913 0.132483
vt 0.143202 0.145187
vt 0.092536 0.085078
vt 0.091309 0.072512
vt 0.102222 0.076897
vt 0.148960 0.106821
vt 0.153093 0.112003
vt 0.168413 0.126354
vt 0.133666 0.106148
vt 0.133669 0.106156
vt 0.310407 0.232471
vt 0.399876 0.306142
vt 0.400900 0.260575
vt 0.414481 0.237135
vt 0.261159 0.172589
vt 0.064678 0.042770
vt 0.007476 0.005016
vt 0.017489 0.011810
vt 0.007002 0.004686
vt 0.008716 0.006256
vt 0.082493 0.054995
vt 0.355004 0.229752
vt 0.003383 0.002687
vt 0.042998 0.022183
vt 0.060435 0.031179
vt 0.666667 0.950447
vt 0.583333 1.000000
vt 0.599651 1.000000
vt 0.060436 0.031180
vt 0.500000 0.500000
vt 0.571743 0.500000
vt 0.583333 0.500000
vt 1.000000 0.500000
vt 0.666667 0.500000
vt 0.750000 0.500000
vt 0.250000 0.811279
vt 0.589499 0.500000
vt 0.527948 0.500000
vt 0.334314 0.197530
vt 0.420577 0.225798
vt 0.329868 0.194671
vt 0.486679 0.248613
vt 0.331710 0.199429
vt 0.011751 0.006063
vt 0.012325 0.006359
vt 0.012121 0.006253
vt 0.332351 0.687500
vt 0.405524 0.687924
vt 0.332351 0.625000
vt 0.405524 0.626240
vt 0.000211 0.000109
vt 0.038273 0.019746
vt 0.032144 0.016584
vt 0.416667 0.811279
vt 0.332351 0.500000
vt 0.750000 0.524119
vt 0.833333 0.524119
vt 0.916667 0.524119
vt 0.870115 0.524119
vt 0.923162 0.524119
vt 1.000000 0.524119
vt 0.910502 0.500000
vt 0.972052 0.500000
vt 0.835382 0.500000
vt 0.772831 0.500000
vt 0.533288 0.125000
vt 0.489870 0.193773
vt 0.533288 0.234259
vt 0.470108 0.125000
vt 0.489870 0.056227
vt 0.533288 0.015741
vt 0.533288 0.122613
vt 0.533288 0.175519
vt 0.533288 0.191155
vt 0.533288 0.055343
vt 0.625000 0.500000
vt 0.567309 0.477451
vt 0.234098 0.137922
vt 0.375000 0.204594
vt 0.458885 0.417639
vt 0.586830 0.418926
vt 0.584262 0.498455
vt 0.445401 0.500000
vt 0.607423 0.500687
vt 0.625000 0.421624
vt 0.125000 0.699094
vt 0.125000 0.545406
vt 0.125000 0.661527
vt 0.125000 0.536838
vt 0.125000 0.500000
vt 0.000001 0.000002
vt 0.625000 0.750000
vt 0.625000 0.953006
vt 0.375000 0.750000
vt 0.501451 0.992799
vt -0.000002 -0.000003
vt 0.000002 0.000002
vt 0.000669 0.000923
vt 0.000620 0.000855
vt 0.000577 0.000796
vt 0.000522 0.000720
vt 0.073636 0.101486
vt 0.284672 0.392649
vt 0.144464 0.168738
vt 0.307882 0.426258
vt 0.380784 0.439968
vt 0.625000 0.509100
vt 0.445401 0.680293
vt 0.585768 0.500000
vt 0.619790 0.504550
vt 0.605583 0.501207
vt 0.625000 0.724684
vt 0.463298 0.697737
vt 0.508189 0.712526
vt 0.574036 0.722407
vt 0.419553 0.538628
vt 0.297286 0.381678
vt 0.143745 0.184583
vt 0.252315 0.323951
vt 0.259915 0.333707
vt 0.618275 0.744345
vt 0.624982 0.728672
vt 0.609984 0.737475
vt 0.614278 0.727829
vt 0.624980 0.575322
vt 0.612707 0.578157
vt 0.604531 0.564999
vt 0.634486 0.573933
vt 0.615226 0.559856
vt 0.523344 0.514070
vt 0.529527 0.508996
vt 0.512607 0.509354
vt 0.615494 0.544586
vt 0.615494 0.433470
vt 0.631439 0.448746
vt 0.549554 0.411694
vt 0.635652 0.729225
vt 0.529249 0.497471
vt 0.529249 0.419105
vt 0.513909 0.419816
vt 0.704790 0.750177
vt 0.712519 0.729926
vt 0.624267 0.750261
vt 0.513909 0.491822
vt 0.500971 0.422737
vt 0.513964 0.502776
vt 0.500971 0.489348
vt 0.400551 0.460119
vt 0.399869 0.494721
vt 0.500686 0.500006
vt 0.502330 0.507481
vt 0.402963 0.501779
vt 0.405854 0.508070
vt 0.601143 0.760652
vt 0.624502 0.830465
vt 0.601143 0.837519
vt 0.578534 0.837142
vt 0.409397 0.755467
vt 0.410052 0.790042
vt 0.600601 0.749988
vt 0.412135 0.748091
vt 0.598957 0.741236
vt 0.414570 0.741652
vt 0.375000 0.575058
vt 0.284799 0.508984
vt 0.284799 0.745055
vt 0.284799 0.743975
vt 0.284799 0.746398
vt 0.327496 0.788606
vt 0.284799 0.748183
vt 0.289586 0.756122
vt 0.267590 0.849437
vt 0.169861 0.611400
vt 0.169863 0.611401
vt 0.236761 0.502858
vt 0.172089 0.516570
vt 0.284799 0.576930
vt 0.375000 0.050906
vt 0.018050 0.009312
vt 0.018623 0.009608
vt 0.501860 0.599727
vt 0.375568 0.530456
vt 0.419553 0.746581
vt 0.390507 0.552781
vt 0.339004 0.749987
vt 0.339367 0.748920
vt 0.340579 0.750000
vt 0.375000 0.134153
vt 0.486015 0.249449
vt 0.485577 0.000000
vt 0.485566 -0.000600
vt 0.485500 0.250748
vt 0.104540 0.145351
vt 0.375226 0.521706
vt 0.375000 0.508258
vt 0.375000 0.516926
vt 0.375000 0.510797
vt 0.375000 0.582479
vt 0.375000 0.596443
vt 0.375000 0.741742
vt 0.375000 0.729861
vt 0.375000 0.738262
vt 0.375000 0.197292
vt 0.375000 0.073597
vt 0.375000 0.030412
vt 0.375000 0.049473
vt 0.375000 0.034557
vt 0.284566 0.715197
vt 0.284124 0.715185
vt 0.287813 0.515090
vt 0.011117 0.005735
vt 0.375705 0.260648
vt 0.369164 0.211953
vt 0.374103 0.260748
vt 0.344481 0.197794
vt 0.083333 0.811279
vt 0.596516 0.135343
vt 0.495772 0.197374
vt 0.625000 0.633219
vt 0.625000 0.741196
vt 0.625000 0.738776
vt 0.625000 0.578614
vt 0.625000 0.748617
vt 0.625000 0.739781
vt 0.625000 0.746260
vt 0.625000 0.580217
vt 0.625000 0.576202
vt 0.290240 0.491053
vt 0.290052 0.478817
vt 0.302390 0.431928
vt 0.319501 0.360745
vt 0.369573 0.158152
vt 0.625000 0.723168
vt 0.625000 0.582631
vt 0.625000 0.723328
vt 0.625000 0.725051
vt 0.625000 0.580912
vt 0.625000 0.726886
vt 0.625000 0.563670
vt 0.625000 0.562364
vt 0.625000 0.728348
vt 0.625000 0.739538
vt 0.625000 0.746234
vt 0.625000 0.729052
vt 0.625000 0.739058
vt 0.625000 0.729018
vt 0.377674 0.284714
vt 0.390777 0.279910
vt 0.399870 0.306146
vt 0.375000 0.746234
vt 0.875000 0.717753
vt 0.552377 0.750000
vt 0.375000 0.117146
vt 0.394069 0.750000
vt 0.380555 0.748903
vt 0.377212 0.837711
vt 0.284926 0.746974
vt 0.284132 0.713193
vt 0.282851 0.678290
vt 0.375000 0.523445
vt 0.560495 0.750000
vt 0.558589 0.575113
vt 0.467764 0.506094
vt 0.382572 0.441356
vt 0.558379 0.555814
vt 0.625000 0.205268
vt 0.616544 0.215825
vt 0.270564 0.372234
vt 0.270286 0.398292
vt 0.271384 0.424657
vt 0.275973 0.462264
vt 0.278780 0.432962
vt 0.276048 0.522717
vt 0.277397 0.569033
vt 0.278525 0.596123
vt 0.346324 0.243744
vt 0.371746 0.148018
vt 0.345595 0.252250
vt 0.335676 0.295054
vt 0.255806 0.755806
vt 0.318348 0.740626
vt 0.266510 0.709163
vt 0.302345 0.460701
vt 0.318048 0.752898
vt 0.322862 0.751310
vt 0.281974 0.667846
vt 0.347619 0.525264
vt 0.375000 0.004471
vt 0.375000 0.116781
vt 0.375000 0.001383
vt 0.705074 0.504550
vt 0.620742 0.504623
vt 0.625440 0.509052
vt 0.703376 0.500000
vt 0.609707 0.500975
vt 0.705700 0.509100
vt 0.705943 0.724295
vt 0.620742 0.504624
vt 0.375000 0.004297
vt 0.375000 0.167369
vt 0.375000 0.168248
vt 0.375000 0.186330
vt 0.375000 0.186341
vt 0.375000 0.608384
vt 0.375000 0.718675
vt 0.577497 0.586654
vt 0.570296 0.624156
vt 0.569993 0.625733
vt 0.594138 0.500000
vt 0.582991 0.558046
vt 0.585002 0.547575
vt 0.405524 0.665466
vt 0.437069 0.694481
vt 0.464108 0.705009
vt 0.403416 0.624653
vt 0.375000 0.505591
vt 0.375000 0.620410
vt 0.375000 0.505592
vt 0.001434 0.000740
vt 0.002784 0.001436
vt 0.070588 0.036417
vt 0.070625 0.036436
vt 0.071379 0.036825
vt 0.071452 0.036863
vt 0.375000 0.249987
vt 0.375000 0.000000
vt 0.405524 0.587004
vt 0.405524 0.624657
vt 0.563275 0.500000
vt 0.405524 0.558280
vt 0.405524 0.547767
vt 0.576567 0.665245
vt 0.571954 0.624138
vt 0.583141 0.704758
vt 0.581379 0.694170
vt 0.580330 0.687866
vt 0.015905 0.008205
vt 0.015321 0.007904
vt 0.013511 0.006970
vt 0.011701 0.006037
vt 0.125000 0.681051
vt 0.187500 0.569423
vt 0.187500 0.681051
vt 0.125000 0.569423
vt 0.062500 0.681051
vt 0.062500 0.569422
vt 0.047052 0.569422
vt 0.007937 0.569422
vt 0.000000 1.000000
vt 0.000000 0.569422
vt 0.062500 0.696101
vt 0.062500 1.000000
vt 0.125000 0.696101
vt 0.187500 0.696101
vt 0.250000 0.696087
vt 0.312500 0.696068
vt 0.375000 0.696087
vt 0.437500 0.696087
vt 0.500000 0.696100
vt 0.562500 0.696071
vt 0.625000 0.696019
vt 0.687500 0.696012
vt 0.750000 0.696002
vt 0.812500 0.696050
vt 0.875000 0.696100
vt 0.937500 0.696100
vt 0.937500 0.681051
vt 0.992063 0.569423
vt 1.000000 0.569423
vt 0.952949 0.569423
vt 0.002793 0.001441
vt 0.001437 0.000741
vt 0.066651 0.034386
vt 0.024162 0.012465
vt 0.066529 0.034323
vt 0.066643 0.034382
vt 0.068504 0.035342
vt 0.070571 0.036408
vt 0.068382 0.035279
vt 0.068390 0.035283
vt 0.071388 0.036830
vt 0.490000 0.250000
vt 0.447637 0.171436
vt 0.010000 0.250000
vt 0.416626 0.113923
vt 0.405274 0.092872
vt 0.370000 0.042154
vt 0.387202 0.059356
vt 0.250000 0.010000
vt 0.835381 0.500000
vt 0.457846 0.130000
vt 0.130000 0.042154
vt 0.042154 0.130000
vt 0.328326 0.030987
vt 0.125000 0.505593
vt 0.125000 0.620410
vt 0.625000 0.620410
vt 0.625000 0.505591
vt 0.829313 0.514625
vt 0.365553 0.948614
vt 0.500000 0.811279
vt 0.413563 -0.111681
vt 0.297036 0.282097
vt 0.383218 0.101724
vt 0.375000 0.244407
vt 0.375000 0.129590
vt 0.603494 0.904494
vt 0.566668 0.932939
vt 0.616296 0.911681
vt 0.603494 0.766771
vt 0.500000 0.932939
vt 0.500000 0.945187
vt 0.566668 0.560817
vt 0.616296 0.759584
vt 0.625000 0.560817
vt 0.648083 0.754322
vt 0.689500 0.752763
vt 0.687500 0.560817
vt 0.750000 0.560817
vt 0.733456 0.754322
vt 0.812500 0.562784
vt 0.433332 0.932939
vt 0.375000 0.560817
vt 0.433332 0.560817
vt 0.312500 0.945187
vt 0.312500 0.560817
vt 0.820722 0.753287
vt 0.768584 0.759584
vt 0.778871 0.760442
vt 0.872898 0.647387
vt 0.875261 0.748048
vt 0.872898 0.626779
vt 0.875000 0.567494
vt 0.892034 0.617051
vt 0.933332 0.582356
vt 0.933332 0.606296
vt 0.933332 0.571934
vt 0.875274 0.748048
vt 0.893279 0.655622
vt 0.925283 0.662445
vt 0.925190 0.746131
vt 0.566087 0.010854
vt 0.539655 0.000000
vt 0.529580 0.010854
vt 0.566086 0.000000
vt 0.566087 0.021707
vt 0.520533 0.021707
vt 0.566087 0.228293
vt 0.520533 0.228293
vt 0.529580 0.239146
vt 0.566087 0.239146
vt 0.539655 0.312500
vt 0.566086 0.312500
vt 0.545318 0.375000
vt 0.566085 0.375000
vt 0.664619 0.500000
vt 0.727169 0.500000
vt 0.666667 0.524119
vt 0.583333 0.524119
vt 0.500000 0.524119
vt 0.833379 0.500000
vt 0.833333 0.500000
vt 0.377230 0.878642
vt 0.313205 0.774490
vt 0.314027 0.746266
vt 0.283615 0.680022
vt 0.434220 0.345799
vt 0.625000 0.298976
vt 0.392596 0.369847
vt 0.368019 0.366808
vt 0.875000 0.569421
vt 0.937500 0.569422
vt 0.875000 0.681050
vt 0.812500 0.681000
vt 0.812500 0.569352
vt 0.750000 0.680953
vt 0.750000 0.569286
vt 0.687500 0.569300
vt 0.687500 0.680963
vt 0.625000 0.569309
vt 0.625000 0.680969
vt 0.562500 0.569382
vt 0.562500 0.681022
vt 0.500000 0.569422
vt 0.500000 0.681051
vt 0.437500 0.681038
vt 0.437500 0.569404
vt 0.375000 0.681037
vt 0.375000 0.569403
vt 0.312500 0.681018
vt 0.312500 0.569377
vt 0.250000 0.569404
vt 0.250000 0.681038
vt 0.375000 0.042579
vt 0.375000 0.036413
vt 0.375000 0.051677
vt 0.375000 0.049303
vt 0.375000 0.029835
vt 0.375000 0.048976
vt 0.375000 0.720165
vt 0.375000 0.701024
vt 0.375000 0.698323
vt 0.375000 0.700697
vt 0.375000 0.707421
vt 0.375000 0.713587
vt 0.058259 0.030056
vt 0.064316 0.033182
vt 0.062886 0.032444
vt 0.566086 1.000000
vt 0.557565 0.876773
vt 0.539655 1.000000
vt 0.579580 0.876987
vt 0.339461 0.746364
vt 0.343888 0.750000
vt 0.407078 0.875000
vt 0.375000 0.875000
vt 0.398976 0.923815
vt 0.375000 0.923806
vt 0.242306 0.623595
vt 0.560250 0.752365
vt 0.607540 0.640719
vt 0.629388 0.678707
vt 0.541748 0.722823
vt 0.607540 0.500000
vt 0.504590 0.129590
vt 0.625000 0.244408
vt 0.625000 0.129590
vt 0.377268 0.966185
vt 0.372185 0.967199
vt 0.875000 0.921452
vt 0.937035 0.945187
vt 0.933332 0.921452
vt 0.816503 0.921452
vt 0.778740 0.919939
vt 0.782390 0.904494
vt 0.768584 0.911681
vt 0.733456 0.916943
vt 0.690143 0.918868
vt 0.648083 0.916943
vt 0.875000 0.620410
vt 0.875000 0.505591
vt 0.318471 0.755806
vt 0.327342 0.755081
vt 0.304480 0.754309
vt 0.323928 0.752898
vt 0.625000 0.244409
vt 0.312224 0.560817
vt 0.250000 0.560817
vt 0.221091 0.770796
vt 0.221091 0.919938
vt 0.179278 0.763640
vt 0.183497 0.921452
vt 0.125000 0.921452
vt 0.062500 0.946469
vt 0.062500 0.932939
vt 0.000000 0.946469
vt 0.000000 0.932939
vt 0.187500 0.562784
vt 0.127101 0.647387
vt 0.124739 0.758402
vt 0.127101 0.626779
vt 0.106721 0.655622
vt 0.074717 0.662445
vt 0.074717 0.756479
vt 0.125000 0.567494
vt 0.107966 0.617051
vt 0.066668 0.582356
vt 0.066668 0.571934
vt 0.066668 0.606296
vt 0.782390 0.766771
vt 0.574150 0.510854
vt 0.491854 0.521707
vt 0.563142 0.521707
vt 0.505813 0.510854
vt 0.491853 0.728293
vt 0.541215 0.497102
vt 0.563142 0.728293
vt 0.596192 0.497102
vt 0.588531 0.494194
vt 0.629100 0.494194
vt 0.574149 0.739146
vt 0.505812 0.739146
vt 0.541214 0.752898
vt 0.596191 0.752898
vt 0.607758 0.755847
vt 0.650198 0.755852
vt 0.375000 0.007678
vt 0.375000 0.128640
vt 0.625000 0.700697
vt 0.375937 0.373019
vt 0.474331 0.424666
vt 0.474332 0.424666
vt 1.000000 0.932939
vt 0.937500 0.932939
vt 0.750000 0.927892
vt 0.595806 0.253236
vt 0.557645 0.586872
vt 0.559708 0.596770
vt 0.625000 0.562794
vt 0.625000 0.559315
vt 0.375000 0.187787
vt 0.375000 0.187460
vt 0.375000 0.189665
vt 0.375000 0.189034
vt 0.625000 0.561298
vt 0.571742 0.524119
vt 0.413858 0.750000
vt 0.435163 0.751240
vt 0.375000 0.085809
vt 0.002132 0.000912
vt 0.237435 0.094483
vt 0.000132 0.000057
vt 0.583333 0.811279
vt 0.561839 0.774321
vt 0.408647 0.772852
vt 0.390506 0.750000
vt 0.600665 0.756953
vt 0.583842 0.771794
vt 0.603586 0.764624
vt 0.609733 0.759214
vt 0.613317 0.751347
vt 0.613456 0.751286
vt 0.283636 0.498773
vt 0.916667 0.500000
vt 1.000000 0.811279
vt 0.416879 0.374992
vt 0.438132 0.493311
vt 0.433215 0.375000
vt 0.416659 0.657913
vt 0.439066 0.250000
vt 0.417377 0.090101
vt 0.589790 0.443727
vt 0.556555 0.500000
vt 0.582279 0.407776
vt 0.562405 0.375000
vt 0.603486 0.443727
vt 0.596638 0.426821
vt 0.610998 0.407776
vt 0.582279 0.342225
vt 0.585811 0.375000
vt 0.556555 0.250000
vt 0.589790 0.306274
vt 0.610998 0.342225
vt 0.607466 0.375000
vt 0.625000 0.250000
vt 0.607380 0.324910
vt 0.603486 0.306274
vt 0.596638 0.323180
vt 0.529869 0.452434
vt 0.666667 0.811279
vt 0.375000 0.457351
vt 0.923162 0.500000
vt 0.870116 0.500000
vt 0.916667 0.811279
vt 0.750000 0.811279
s 1
f 1/1/1 2/1/2 3/1/1
f 1/1/1 3/1/1 4/1/1
f 2/1/2 1/1/1 5/1/1
f 6/1/1 2/1/2 5/1/1
f 7/1/1 2/1/2 6/1/1
f 7/1/1 8/1/1 2/1/2
f 8/1/1 7/1/1 9/1/1
f 8/1/1 9/1/1 10/1/3
f 11/1/4 10/1/3 9/1/1
f 10/1/3 11/1/4 12/1/5
f 13/1/6 12/1/5 11/1/4
f 14/1/6 12/1/5 13/1/6
f 15/1/7 16/1/7 17/1/7
f 16/1/7 15/1/7 18/1/7
f 19/2/7 18/1/7 15/1/7
f 20/3/8 21/4/7 22/5/8
f 22/5/8 21/4/7 23/6/7
f 22/5/8 24/7/8 20/3/8
f 24/7/8 25/8/8 20/3/8
f 24/7/8 26/9/8 25/8/8
f 26/9/8 24/7/8 27/10/8
f 27/10/8 28/11/8 26/9/8
f 28/11/8 27/10/8 29/12/8
f 29/12/8 30/13/9 28/11/8
f 30/13/9 29/12/8 31/14/9
f 31/14/9 32/15/9 30/13/9
f 32/15/9 31/14/9 33/16/9
f 34/17/9 32/15/9 33/16/9
f 35/18/9 32/15/9 34/17/9
f 34/17/9 36/19/10 35/18/9
f 36/19/10 37/20/10 35/18/9
f 36/19/10 38/21/10 37/20/10
f 38/21/10 36/19/10 39/22/10
f 39/22/10 40/23/10 38/21/10
f 40/23/10 39/22/10 41/24/10
f 41/24/10 42/25/10 40/23/10
f 42/25/10 41/24/10 43/26/10
f 43/26/10 44/27/7 42/25/10
f 44/27/7 43/26/10 45/28/7
f 45/28/7 46/29/7 44/27/7
f 46/29/7 45/28/7 47/30/7
f 47/30/7 48/2/7 46/29/7
f 48/2/7 47/30/7 49/31/7
f 50/1/7 48/2/7 49/31/7
f 51/32/11 52/33/11 53/34/11
f 52/33/11 54/35/11 53/34/11
f 53/34/11 55/36/11 56/37/11
f 55/36/11 57/38/11 56/37/11
f 57/38/11 55/36/11 58/39/11
f 59/36/11 60/34/11 61/35/11
f 62/32/11 60/34/11 63/37/11
f 64/33/11 62/32/11 65/38/11
f 65/38/11 66/39/11 64/33/11
f 67/40/12 68/40/13 69/40/14
f 68/40/13 67/40/12 70/40/12
f 71/40/15 70/40/12 67/40/12
f 70/40/12 71/40/15 72/40/16
f 73/41/17 74/42/10 75/43/10
f 75/43/10 74/42/10 76/44/10
f 76/44/10 74/42/10 77/45/18
f 78/46/19 76/44/10 77/45/18
f 78/46/19 77/45/18 79/47/10
f 80/48/10 78/46/19 79/47/10
f 80/48/10 79/47/10 81/49/10
f 82/50/10 80/48/10 81/49/10
f 83/51/20 76/44/10 84/52/7
f 85/53/7 76/44/10 83/51/20
f 86/1/10 87/1/10 88/54/10
f 89/55/10 86/1/10 90/56/10
f 91/54/10 92/1/10 93/57/10
f 94/1/10 91/54/10 95/56/10
f 93/57/10 96/50/10 91/54/10
f 96/50/10 93/57/10 97/51/10
f 98/48/10 96/50/10 97/51/10
f 99/1/8 100/58/10 101/59/21
f 100/58/10 99/1/8 102/58/8
f 101/59/21 100/58/10 103/60/21
f 101/59/21 104/61/8 99/1/8
f 104/61/8 101/59/21 105/62/8
f 104/61/8 106/1/8 99/1/8
f 106/1/8 104/61/8 107/63/8
f 108/1/8 106/1/8 107/63/8
f 108/1/8 107/63/8 109/64/8
f 110/65/7 108/1/8 109/64/8
f 108/1/8 110/65/7 111/1/7
f 112/66/7 111/1/7 110/65/7
f 111/1/7 112/66/7 113/51/7
f 114/53/7 113/51/7 112/66/7
f 114/53/7 112/66/7 115/67/7
f 116/44/10 114/53/7 117/68/7
f 118/43/10 116/44/10 117/68/7
f 118/43/10 117/68/7 119/69/8
f 120/70/8 103/60/21 118/43/10
f 100/58/10 118/43/10 103/60/21
f 118/43/10 121/71/22 122/41/10
f 121/71/22 118/43/10 123/72/22
f 123/72/22 124/73/10 121/71/22
f 123/72/22 125/46/10 124/73/10
f 124/73/10 125/46/10 126/74/23
f 127/1/8 128/1/8 129/1/8
f 127/1/8 129/1/8 130/1/8
f 130/1/8 129/1/8 131/1/8
f 132/1/7 133/1/7 128/1/8
f 134/1/7 133/1/7 132/1/7
f 133/1/7 134/1/7 135/1/7
f 136/75/24 137/1/24 138/76/24
f 138/76/10 139/1/10 140/77/10
f 138/76/10 140/77/10 141/78/10
f 142/1/10 141/78/10 140/77/10
f 143/79/10 144/80/10 141/78/10
f 145/76/10 146/1/10 147/1/10
f 148/1/10 145/76/10 147/1/10
f 149/77/10 148/1/10 150/1/10
f 146/1/25 151/75/10 152/81/17
f 152/81/17 151/75/10 153/51/10
f 154/51/10 153/51/10 151/75/10
f 154/51/10 151/75/10 155/82/10
f 156/74/26 154/51/10 155/82/10
f 154/51/10 156/74/26 157/46/10
f 158/78/10 159/1/10 160/79/10
f 161/1/27 162/1/27 163/1/10
f 162/1/27 164/1/10 163/1/10
f 164/1/10 162/1/27 165/1/10
f 166/1/10 161/1/27 163/1/10
f 161/1/27 166/1/10 167/1/10
f 168/1/10 169/83/10 170/1/10
f 171/55/10 172/1/10 173/1/10
f 174/1/28 175/1/28 176/1/28
f 175/1/28 177/1/28 176/1/28
f 178/84/29 179/84/30 180/85/29
f 181/86/31 182/87/32 183/88/33
f 184/85/34 185/89/35 186/84/30
f 187/85/29 186/84/30 185/89/35
f 186/84/30 188/84/34 184/85/34
f 189/85/36 190/85/37 188/84/37
f 191/90/38 192/91/39 193/92/40
f 194/1/10 195/1/10 196/1/10
f 197/1/10 194/1/10 196/1/10
f 198/1/10 195/1/10 194/1/10
f 195/1/10 198/1/10 199/1/10
f 194/1/10 197/1/10 200/1/10
f 200/1/10 197/1/10 201/1/10
f 202/91/41 203/90/38 204/90/42
f 205/93/43 204/90/42 203/90/38
f 204/90/42 205/93/43 206/93/44
f 207/92/45 208/92/46 202/91/39
f 207/92/45 209/94/47 208/92/46
f 209/94/47 207/92/45 210/94/48
f 210/94/48 211/95/49 209/94/47
f 211/95/49 210/94/48 212/95/50
f 213/96/51 214/96/52 215/96/53
f 215/96/53 214/96/52 216/96/54
f 217/1/55 218/1/56 219/1/55
f 220/1/55 219/1/55 218/1/56
f 218/1/56 217/1/55 221/1/55
f 222/1/57 223/1/58 224/1/57
f 223/1/58 222/1/57 225/1/57
f 222/1/57 226/1/58 225/1/57
f 227/1/59 228/1/28 229/1/28
f 228/1/28 227/1/59 230/1/60
f 231/1/61 230/1/60 227/1/59
f 230/1/60 231/1/61 232/1/62
f 233/1/63 232/1/62 231/1/61
f 233/1/63 234/1/62 232/1/62
f 234/1/62 233/1/63 235/1/62
f 235/1/62 236/1/62 234/1/62
f 237/1/64 234/1/62 236/1/62
f 237/1/64 236/1/62 238/1/63
f 239/1/65 240/1/65 241/1/65
f 240/1/65 239/1/65 242/1/66
f 243/85/67 244/84/68 245/85/68
f 244/84/68 243/85/67 246/84/69
f 247/1/10 248/1/10 249/1/10
f 250/1/10 247/1/10 249/1/10
f 248/1/10 247/1/10 251/1/10
f 248/1/10 251/1/10 252/1/10
f 247/1/10 250/1/10 253/1/10
f 253/1/10 250/1/10 254/1/10
f 255/97/70 256/98/71 257/90/71
f 258/99/72 259/100/73 260/101/74
f 259/100/73 258/99/72 261/102/75
f 262/103/76 261/102/75 258/99/72
f 262/103/76 263/46/77 261/102/75
f 264/104/78 265/104/79 266/105/80
f 265/104/79 267/106/72 266/105/80
f 268/105/81 266/105/80 267/106/72
f 269/1/28 270/1/28 271/1/28
f 271/1/28 272/1/28 269/1/28
f 270/1/28 273/1/28 271/1/28
f 273/1/28 270/1/28 274/1/28
f 272/1/28 271/1/28 275/1/28
f 272/1/28 275/1/28 276/1/28
f 277/1/10 278/1/10 279/1/10
f 280/1/10 277/1/10 279/1/10
f 281/1/10 278/1/10 277/1/10
f 278/1/10 281/1/10 282/1/10
f 277/1/10 280/1/10 283/1/10
f 283/1/10 280/1/10 284/1/10
f 285/107/82 286/38/83 287/108/84
f 286/38/83 285/107/82 288/32/83
f 287/108/84 289/109/85 285/107/82
f 289/109/85 287/108/84 290/110/85
f 291/111/86 292/112/86 293/113/87
f 293/113/88 294/1/89 295/1/90
f 296/113/91 297/1/92 298/1/93
f 297/1/92 296/113/91 299/1/94
f 300/112/95 301/111/95 296/113/96
f 302/1/97 303/84/98 304/1/98
f 305/1/99 306/84/100 307/84/99
f 306/84/100 305/1/99 308/1/100
f 309/114/101 310/114/102 311/114/103
f 311/114/103 310/114/102 312/114/104
f 313/1/105 314/1/106 315/1/107
f 315/1/107 314/1/106 316/1/108
f 314/1/106 313/1/105 317/1/105
f 318/1/109 317/1/105 313/1/105
f 317/1/105 318/1/109 319/1/110
f 316/1/108 314/1/106 320/1/111
f 321/1/112 316/1/108 320/1/111
f 321/1/112 320/1/111 322/1/112
f 323/84/113 324/85/114 325/84/114
f 326/84/37 325/84/36 327/85/36
f 328/1/115 329/1/116 330/1/116
f 329/1/116 328/1/115 331/1/115
f 332/111/86 333/113/87 334/1/117
f 335/1/89 333/113/87 336/1/89
f 332/111/118 337/84/119 338/112/118
f 337/84/119 332/111/118 339/1/120
f 339/1/121 340/84/122 341/1/123
f 341/1/123 340/84/122 342/84/122
f 342/84/98 343/1/124 344/84/97
f 343/1/124 345/1/125 344/84/97
f 344/84/97 345/1/125 346/84/125
f 345/1/125 347/1/28 346/84/125
f 346/84/125 347/1/28 348/84/28
f 347/1/28 349/84/126 348/84/28
f 349/84/126 347/1/28 350/1/126
f 350/1/126 351/84/127 349/84/126
f 351/84/127 350/1/126 352/1/128
f 353/38/129 354/107/130 355/108/130
f 354/107/130 353/38/129 356/32/131
f 357/109/132 355/108/130 354/107/130
f 355/108/130 357/109/132 358/110/133
f 359/115/134 358/110/133 357/109/132
f 358/110/133 359/115/134 360/115/134
f 361/1/28 362/1/28 363/1/28
f 363/1/28 364/1/28 361/1/28
f 362/1/28 365/1/28 363/1/28
f 365/1/28 362/1/28 366/1/28
f 364/1/28 363/1/28 367/1/28
f 364/1/28 367/1/28 368/1/28
f 369/1/10 370/1/9 371/1/10
f 372/1/10 369/1/10 371/1/10
f 373/1/9 370/1/9 369/1/10
f 370/1/9 373/1/9 374/1/9
f 369/1/10 372/1/10 375/1/10
f 375/1/10 372/1/10 376/1/10
f 377/115/135 378/115/135 379/109/135
f 379/109/135 380/109/135 377/115/135
f 381/107/135 380/109/135 379/109/135
f 381/107/135 382/107/135 380/109/135
f 382/107/135 381/107/135 383/37/135
f 383/37/135 381/107/135 384/37/135
f 385/116/101 386/117/136 387/117/136
f 386/117/136 385/116/101 388/116/102
f 389/118/137 387/117/136 386/117/136
f 389/118/137 386/117/136 390/119/138
f 387/117/136 389/118/137 391/118/139
f 392/120/140 391/118/139 389/118/137
f 392/120/140 393/121/141 391/118/139
f 393/121/141 392/120/140 394/121/142
f 395/109/143 396/115/144 397/109/143
f 396/115/144 395/109/143 398/115/144
f 399/1/28 400/1/28 401/1/28
f 401/1/28 402/1/28 399/1/28
f 400/1/28 403/1/28 401/1/28
f 403/1/28 400/1/28 404/1/28
f 405/1/28 402/1/28 401/1/28
f 402/1/28 405/1/28 406/1/28
f 407/121/145 408/122/146 409/118/147
f 408/122/146 407/121/145 410/123/148
f 411/117/149 409/118/147 408/122/146
f 411/117/149 408/122/146 412/124/149
f 413/116/150 411/117/149 412/124/149
f 413/116/150 412/124/149 414/125/151
f 415/1/10 416/1/10 417/1/10
f 418/1/10 415/1/10 417/1/10
f 419/1/10 416/1/10 415/1/10
f 416/1/10 419/1/10 420/1/10
f 415/1/10 418/1/10 421/1/10
f 421/1/10 418/1/10 422/1/10
f 423/1/152 424/1/153 425/1/154
f 426/1/155 424/1/153 423/1/152
f 423/1/152 427/1/156 426/1/155
f 428/1/157 426/1/155 427/1/156
f 424/1/153 426/1/155 429/1/153
f 426/1/155 428/1/157 430/1/157
f 431/1/158 424/1/153 429/1/153
f 428/1/157 12/1/5 430/1/157
f 424/1/153 431/1/158 432/1/159
f 12/1/5 428/1/157 10/1/3
f 432/1/159 431/1/158 433/1/160
f 431/1/158 434/1/160 433/1/160
f 435/1/135 433/1/160 434/1/160
f 434/1/160 431/1/158 436/1/160
f 431/1/158 437/1/160 436/1/160
f 438/1/161 437/1/160 431/1/158
f 438/1/161 439/1/160 437/1/160
f 439/1/160 438/1/161 440/1/160
f 438/1/161 441/1/160 440/1/160
f 442/1/160 441/1/160 438/1/161
f 441/1/160 442/1/160 443/1/160
f 438/1/161 444/1/160 442/1/160
f 445/1/160 444/1/160 438/1/161
f 444/1/160 445/1/160 446/1/160
f 443/1/160 442/1/160 447/1/160
f 443/1/160 447/1/160 448/1/160
f 447/1/160 449/1/160 448/1/160
f 449/1/160 447/1/160 450/1/160
f 451/126/162 452/127/162 453/128/162
f 452/127/162 451/126/162 454/129/162
f 454/129/162 451/126/162 455/130/162
f 451/126/162 456/131/162 455/130/162
f 457/132/163 458/133/164 459/134/165
f 458/133/164 460/128/163 459/134/165
f 461/135/163 458/133/164 457/132/163
f 458/133/164 461/135/163 462/131/166
f 463/1/167 464/1/168 465/1/167
f 465/1/167 466/1/169 463/1/167
f 466/1/169 465/1/167 467/1/170
f 468/1/171 466/1/169 467/1/170
f 466/1/169 468/1/171 469/1/172
f 470/1/173 469/1/172 468/1/171
f 469/1/172 470/1/173 471/1/173
f 472/1/174 471/1/173 470/1/173
f 471/1/173 472/1/174 473/1/174
f 472/1/174 474/1/175 473/1/174
f 472/1/174 475/1/176 474/1/175
f 476/1/177 475/1/176 477/111/176
f 475/1/176 478/1/176 477/111/176
f 475/1/176 479/1/178 480/1/179
f 479/1/178 475/1/176 481/1/176
f 482/1/180 483/57/181 484/1/181
f 485/136/160 486/137/160 487/136/160
f 486/137/160 488/137/160 487/136/160
f 489/137/135 486/137/160 485/136/160
f 490/1/182 449/1/160 450/1/160
f 449/1/160 490/1/182 491/1/160
f 492/1/160 490/1/182 450/1/160
f 490/1/182 493/1/160 491/1/160
f 490/1/182 492/1/160 494/1/160
f 494/1/160 492/1/160 495/1/160
f 494/1/160 495/1/160 496/1/160
f 491/1/160 493/1/160 497/1/160
f 493/1/160 498/1/183 497/1/160
f 499/1/160 498/1/183 493/1/160
f 498/1/183 499/1/160 500/1/160
f 497/1/160 498/1/183 501/1/135
f 498/1/183 502/1/160 501/1/135
f 502/1/160 503/1/160 501/1/135
f 502/1/160 504/1/160 503/1/160
f 504/1/160 502/1/160 505/1/160
f 504/1/160 505/1/160 506/1/160
f 506/1/160 505/1/160 507/1/160
f 508/1/160 503/1/160 504/1/160
f 503/1/160 508/1/160 509/1/160
f 510/1/160 509/1/160 508/1/160
f 509/1/160 510/1/160 511/1/160
f 510/1/160 512/1/160 511/1/160
f 513/1/160 512/1/160 510/1/160
f 514/1/160 512/1/160 513/1/160
f 512/1/160 514/1/160 515/1/160
f 516/1/160 515/1/160 514/1/160
f 515/1/160 516/1/160 517/1/161
f 518/1/160 517/1/161 516/1/160
f 517/1/161 519/1/160 515/1/160
f 517/1/161 520/1/160 519/1/160
f 517/1/161 521/1/160 520/1/160
f 521/1/160 517/1/161 522/1/160
f 522/1/160 517/1/161 523/1/184
f 522/1/160 523/1/184 524/1/160
f 523/1/184 525/1/160 524/1/160
f 525/1/160 523/1/184 526/1/160
f 526/1/160 527/1/160 525/1/160
f 523/1/184 528/1/185 526/1/160
f 523/1/184 529/1/186 528/1/185
f 529/1/186 523/1/184 530/1/186
f 531/1/187 529/1/186 530/1/186
f 532/1/188 529/1/186 531/1/187
f 529/1/186 532/1/188 533/1/189
f 534/1/190 532/1/188 531/1/187
f 531/1/187 535/1/191 534/1/190
f 535/1/191 531/1/187 536/1/191
f 537/1/192 535/1/191 536/1/191
f 535/1/191 537/1/192 538/1/193
f 539/1/194 537/1/192 540/1/194
f 541/1/195 537/1/192 539/1/194
f 541/1/195 538/1/193 537/1/192
f 542/1/28 538/1/193 541/1/195
f 538/1/193 542/1/28 543/1/28
f 542/1/28 544/1/28 543/1/28
f 543/1/28 544/1/28 545/1/196
f 546/1/28 545/1/196 544/1/28
f 547/1/28 545/1/196 546/1/28
f 548/1/28 545/1/196 547/1/28
f 545/1/196 548/1/28 549/1/28
f 549/1/28 548/1/28 550/1/28
f 551/1/197 552/81/198 553/138/198
f 554/139/199 552/81/200 555/51/201
f 552/81/200 554/139/199 556/139/200
f 557/85/202 558/84/203 559/84/202
f 560/140/204 561/141/205 562/142/205
f 560/140/204 562/142/205 563/143/206
f 561/141/205 564/144/207 562/142/205
f 564/144/207 561/141/205 565/145/207
f 566/144/208 567/145/208 568/141/209
f 566/144/208 568/141/209 569/142/209
f 568/141/209 570/140/210 569/142/209
f 571/143/211 569/142/209 570/140/210
f 572/146/212 573/147/212 574/148/212
f 575/148/212 576/147/212 577/149/212
f 578/147/212 579/150/212 580/149/212
f 581/147/213 582/149/213 583/147/213
f 584/150/214 581/147/214 585/150/214
f 586/1/215 587/1/215 588/1/215
f 587/1/215 586/1/215 589/1/215
f 589/1/215 586/1/215 590/111/215
f 586/1/215 591/1/216 590/111/215
f 586/1/215 592/1/217 591/1/216
f 593/1/217 591/1/216 592/1/217
f 592/1/217 594/1/168 593/1/217
f 594/1/168 592/1/217 464/1/168
f 464/1/168 463/1/167 594/1/168
f 595/1/218 596/1/218 597/1/218
f 597/1/218 596/1/218 598/1/218
f 597/1/218 599/1/218 595/1/218
f 599/1/218 597/1/218 600/1/218
f 601/1/218 602/1/218 603/1/218
f 603/1/218 602/1/218 604/1/218
f 603/1/218 605/1/218 601/1/218
f 605/1/218 603/1/218 606/1/218
f 607/1/218 608/1/218 609/1/218
f 608/1/218 607/1/218 610/1/218
f 610/1/218 611/1/218 608/1/218
f 608/1/218 611/1/218 612/1/218
f 613/1/218 614/1/218 615/1/218
f 615/1/218 614/1/218 616/1/218
f 615/1/218 617/1/218 613/1/218
f 617/1/218 615/1/218 618/1/218
f 619/1/218 620/1/218 621/1/218
f 621/1/218 620/1/218 622/1/218
f 621/1/218 623/1/218 619/1/218
f 623/1/218 621/1/218 624/1/218
f 625/1/218 626/1/218 627/1/218
f 627/1/218 626/1/218 628/1/218
f 627/1/218 629/1/218 625/1/218
f 629/1/218 627/1/218 630/1/218
f 631/1/218 632/1/218 633/1/218
f 633/1/218 632/1/218 634/1/218
f 633/1/218 635/1/218 631/1/218
f 635/1/218 633/1/218 636/1/218
f 637/1/218 638/1/218 639/1/218
f 639/1/218 638/1/218 640/1/218
f 639/1/218 641/1/218 637/1/218
f 641/1/218 639/1/218 642/1/218
f 643/1/218 644/1/218 645/1/218
f 645/1/218 644/1/218 646/1/218
f 645/1/218 647/1/218 643/1/218
f 647/1/218 645/1/218 648/1/218
f 649/1/218 650/1/218 651/1/218
f 651/1/218 650/1/218 652/1/218
f 651/1/218 653/1/218 649/1/218
f 653/1/218 651/1/218 654/1/218
f 655/1/218 656/1/218 657/1/218
f 657/1/218 656/1/218 658/1/218
f 657/1/218 659/1/218 655/1/218
f 659/1/218 657/1/218 660/1/218
f 661/1/218 662/1/218 663/1/218
f 663/1/218 662/1/218 664/1/218
f 663/1/218 665/1/218 661/1/218
f 665/1/218 663/1/218 666/1/218
f 667/1/218 668/1/218 669/1/218
f 669/1/218 668/1/218 670/1/218
f 669/1/218 671/1/218 667/1/218
f 671/1/218 669/1/218 672/1/218
f 673/1/218 674/1/218 675/1/218
f 675/1/218 674/1/218 676/1/218
f 673/1/218 675/1/218 677/1/218
f 677/1/218 675/1/218 678/1/218
f 673/1/218 679/1/218 674/1/218
f 674/1/218 679/1/218 680/1/218
f 679/1/218 673/1/218 681/1/218
f 679/1/218 681/1/218 682/1/218
f 683/1/218 684/1/218 685/1/218
f 684/1/218 683/1/218 686/1/218
f 683/1/218 687/1/218 686/1/218
f 687/1/218 683/1/218 688/1/218
f 689/1/219 690/1/220 691/1/221
f 690/1/220 689/1/219 692/151/222
f 693/152/223 694/153/224 695/154/224
f 694/153/224 696/155/224 695/154/224
f 697/1/225 698/151/222 699/1/219
f 698/151/222 697/1/225 700/156/225
f 700/156/225 697/1/225 701/1/225
f 701/1/225 697/1/225 702/157/225
f 703/1/225 704/1/225 705/157/225
f 706/1/225 705/157/225 704/1/225
f 706/1/225 707/1/225 708/1/225
f 709/1/225 710/1/225 711/1/225
f 710/1/225 712/1/225 713/1/225
f 714/1/28 715/1/1 716/1/28
f 716/1/28 717/1/28 714/1/28
f 715/1/1 718/1/1 716/1/28
f 718/1/1 715/1/1 719/1/1
f 720/1/28 717/1/28 716/1/28
f 717/1/28 720/1/28 721/1/28
f 722/1/226 723/1/226 724/1/226
f 725/158/227 726/158/227 727/159/227
f 727/159/227 726/158/227 728/160/227
f 729/1/228 730/158/226 731/1/226
f 732/158/226 731/1/226 730/158/226
f 733/151/226 734/1/226 730/158/226
f 734/1/226 733/151/226 735/156/226
f 734/1/226 735/156/226 736/1/226
f 737/157/226 734/1/226 736/1/226
f 738/1/226 734/1/226 737/157/226
f 739/158/229 740/1/229 741/151/229
f 742/1/227 743/158/227 744/1/227
f 743/158/227 745/161/227 746/158/227
f 747/158/227 748/161/227 749/160/227
f 748/161/227 747/158/227 750/158/227
f 748/161/227 751/158/227 752/1/227
f 753/1/230 754/1/231 755/1/231
f 755/1/231 756/1/231 753/1/230
f 757/1/231 758/1/230 759/1/231
f 759/1/231 760/1/231 757/1/231
f 761/1/231 762/1/231 763/1/231
f 763/1/231 764/1/231 761/1/231
f 765/1/231 766/1/231 767/1/231
f 767/1/231 768/1/230 765/1/231
f 769/1/232 770/1/216 771/1/231
f 771/1/231 772/1/231 769/1/232
f 773/1/231 774/1/231 775/1/231
f 775/1/231 776/1/231 773/1/231
f 777/1/226 778/1/226 779/1/226
f 778/1/226 777/1/226 780/1/226
f 781/157/226 778/1/226 780/1/226
f 782/1/231 783/1/231 784/1/231
f 784/1/231 785/1/231 782/1/231
f 786/1/231 787/1/230 788/1/231
f 788/1/231 789/1/231 786/1/231
f 790/1/230 791/1/232 792/1/231
f 792/1/231 793/1/230 790/1/230
f 794/1/231 795/1/231 796/1/231
f 796/1/231 797/1/230 794/1/231
f 798/1/231 799/1/231 800/1/231
f 800/1/231 801/1/230 798/1/231
f 802/1/230 803/1/231 804/1/231
f 804/1/231 805/1/230 802/1/230
f 806/1/231 807/1/231 808/1/231
f 808/1/231 809/1/231 806/1/231
f 810/1/230 811/1/231 812/1/216
f 812/1/216 813/1/232 810/1/230
f 814/1/10 815/1/9 816/1/10
f 817/1/10 814/1/10 816/1/10
f 815/1/9 814/1/10 818/1/233
f 815/1/9 818/1/233 819/1/233
f 814/1/10 817/1/10 820/1/234
f 820/1/234 817/1/10 821/1/234
f 822/1/176 823/1/176 824/1/176
f 824/1/176 823/1/176 825/1/176
f 826/1/176 827/1/176 828/1/175
f 828/1/175 827/1/176 829/1/235
f 830/1/179 831/1/176 832/1/176
f 832/1/176 831/1/176 833/1/176
f 834/1/179 835/1/176 836/1/179
f 836/1/179 835/1/176 837/1/175
f 838/1/176 839/1/176 840/1/179
f 840/1/179 839/1/176 841/1/176
f 842/1/236 843/1/237 844/1/238
f 845/1/197 844/1/238 843/1/237
f 844/1/238 845/1/197 846/138/198
f 844/1/238 846/138/198 847/162/239
f 848/1/240 843/1/237 842/1/236
f 843/1/237 848/1/240 849/1/241
f 844/1/238 850/1/242 842/1/236
f 842/1/236 850/1/242 848/1/240
f 850/1/242 844/1/238 851/1/243
f 852/1/244 851/1/243 844/1/238
f 852/1/244 853/1/245 851/1/243
f 854/1/246 851/1/243 853/1/245
f 851/1/243 854/1/246 855/1/247
f 851/1/243 855/1/247 850/1/242
f 856/1/248 855/1/247 854/1/246
f 855/1/247 857/1/249 850/1/242
f 850/1/242 857/1/249 848/1/240
f 855/1/247 856/1/248 858/1/250
f 858/1/250 857/1/249 855/1/247
f 859/1/251 858/1/250 856/1/248
f 858/1/250 859/1/251 860/1/252
f 857/1/249 858/1/250 861/1/253
f 860/1/252 861/1/253 858/1/250
f 857/1/249 861/1/253 848/1/240
f 861/1/253 860/1/252 862/1/254
f 861/1/253 862/1/254 848/1/240
f 863/1/255 848/1/240 862/1/254
f 864/1/256 848/1/240 863/1/255
f 848/1/240 864/1/256 865/1/256
f 866/1/256 848/1/240 865/1/256
f 867/1/256 848/1/240 866/1/256
f 849/1/241 848/1/240 867/1/256
f 867/1/256 868/1/256 849/1/241
f 869/1/176 870/1/176 871/1/176
f 871/1/176 870/1/176 872/1/176
f 873/1/175 874/1/235 875/1/179
f 875/1/179 874/1/235 876/1/176
f 877/1/176 878/1/176 879/1/176
f 879/1/176 878/1/176 880/1/179
f 881/1/176 882/1/176 883/1/176
f 883/1/176 882/1/176 884/1/179
f 885/1/179 886/1/176 887/1/179
f 887/1/179 886/1/176 888/1/176
f 889/1/176 890/1/176 891/1/176
f 891/1/176 890/1/176 892/1/176
f 893/1/176 894/1/176 895/1/176
f 895/1/176 894/1/176 896/1/176
f 897/1/179 898/1/176 899/1/176
f 899/1/176 898/1/176 900/1/176
f 901/1/179 902/1/176 903/1/176
f 903/1/176 902/1/176 904/1/176
f 905/1/180 906/163/257 907/164/258
f 905/1/180 907/164/258 908/57/181
f 909/165/257 907/164/258 906/163/257
f 907/164/258 909/165/257 910/166/259
f 911/163/260 912/165/261 913/163/261
f 914/1/50 915/1/50 916/1/50
f 915/1/50 914/1/50 917/1/50
f 918/1/50 914/1/50 916/1/50
f 914/1/50 918/1/50 919/1/50
f 920/1/50 921/1/50 922/1/50
f 921/1/50 920/1/50 923/1/50
f 924/1/50 920/1/50 922/1/50
f 920/1/50 924/1/50 925/1/50
f 926/1/218 927/1/218 928/1/218
f 927/1/218 926/1/218 929/1/218
f 929/1/218 930/1/218 927/1/218
f 927/1/218 930/1/218 931/1/218
f 932/1/218 933/1/218 934/1/218
f 933/1/218 932/1/218 935/1/218
f 933/1/218 936/1/218 934/1/218
f 936/1/218 933/1/218 937/1/218
f 938/1/218 939/1/218 940/1/218
f 940/1/218 939/1/218 941/1/218
f 940/1/218 942/1/218 938/1/218
f 942/1/218 940/1/218 943/1/218
f 944/1/218 945/1/218 946/1/218
f 945/1/218 944/1/218 947/1/218
f 945/1/218 948/1/218 946/1/218
f 948/1/218 945/1/218 949/1/218
f 950/1/218 951/1/218 952/1/218
f 951/1/218 950/1/218 953/1/218
f 951/1/218 954/1/218 952/1/218
f 954/1/218 951/1/218 955/1/218
f 956/1/218 957/1/218 958/1/218
f 958/1/218 957/1/218 959/1/218
f 958/1/218 960/1/218 956/1/218
f 960/1/218 958/1/218 961/1/218
f 962/1/218 963/1/218 964/1/218
f 964/1/218 963/1/218 965/1/218
f 964/1/218 966/1/218 962/1/218
f 966/1/218 964/1/218 967/1/218
f 968/1/218 969/1/218 970/1/218
f 970/1/218 969/1/218 971/1/218
f 970/1/218 972/1/218 968/1/218
f 972/1/218 970/1/218 973/1/218
f 974/1/218 975/1/218 976/1/218
f 976/1/218 975/1/218 977/1/218
f 976/1/218 978/1/218 974/1/218
f 978/1/218 976/1/218 979/1/218
f 980/1/218 981/1/218 982/1/218
f 982/1/218 981/1/218 983/1/218
f 982/1/218 984/1/218 980/1/218
f 984/1/218 982/1/218 985/1/218
f 986/1/50 987/1/50 988/1/50
f 987/1/50 986/1/50 989/1/50
f 990/1/50 986/1/50 988/1/50
f 986/1/50 990/1/50 991/1/50
f 992/1/218 993/1/218 994/1/218
f 993/1/218 992/1/218 995/1/218
f 996/1/218 992/1/218 994/1/218
f 992/1/218 996/1/218 997/1/218
f 998/143/262 999/167/263 1000/168/264
f 1001/169/262 999/167/263 998/143/262
f 1001/169/262 1002/170/262 999/167/263
f 1002/170/262 1001/169/262 1003/171/262
f 1004/172/262 1000/168/264 999/167/263
f 1000/168/264 1004/172/262 1005/173/265
f 1005/173/265 1004/172/262 1006/174/262
f 1006/174/262 1004/172/262 1007/175/262
f 1008/176/266 1009/177/266 1010/176/267
f 1011/158/268 1010/176/268 1012/178/266
f 1013/1/269 1014/176/268 1015/158/268
f 1015/158/268 1016/178/266 1017/158/266
f 1016/178/266 1014/176/268 1018/179/266
f 1014/176/268 1019/177/266 1018/179/266
f 1019/177/266 1020/176/266 1021/177/266
f 1020/176/266 1022/180/266 1021/177/266
f 1020/176/266 1023/158/270 1022/180/266
f 1023/158/270 1020/176/266 1024/158/270
f 1025/181/271 1026/182/272 1027/183/273
f 1027/183/273 1026/182/272 1028/184/274
f 1026/182/272 1029/185/275 1028/184/274
f 1028/184/274 1029/185/275 1030/186/276
f 1029/185/275 1031/187/277 1030/186/276
f 1029/185/275 1026/182/272 1032/188/278
f 1031/187/277 1029/185/275 1033/189/279
f 1032/188/278 1033/189/279 1029/185/275
f 1033/189/279 1034/190/280 1031/187/277
f 1034/190/280 1033/189/279 1035/191/281
f 1035/191/281 1036/192/282 1034/190/280
f 1033/189/279 1032/188/278 1037/193/283
f 1037/193/283 1035/191/281 1033/189/279
f 1032/188/278 1038/194/284 1037/193/283
f 1038/194/284 1032/188/278 1039/195/285
f 1040/196/286 1037/193/283 1038/194/284
f 1041/197/287 1032/188/278 1026/182/272
f 1042/197/288 1032/188/278 1041/197/287
f 1026/182/272 1025/181/271 1041/197/287
f 1037/193/283 1040/196/286 1043/198/289
f 1035/191/281 1037/193/283 1043/198/289
f 1044/199/290 1043/198/289 1040/196/286
f 1045/200/291 1043/198/289 1044/199/290
f 1041/197/287 1046/201/292 1047/202/288
f 1046/201/292 1041/197/287 1048/203/293
f 1048/203/293 1041/197/287 1025/181/271
f 1043/198/289 1045/200/291 1049/204/294
f 1035/191/281 1043/198/289 1049/204/294
f 1050/205/295 1049/204/294 1045/200/291
f 1051/206/296 1035/191/281 1049/204/294
f 1036/192/282 1035/191/281 1051/206/296
f 1049/204/294 1050/205/295 1052/207/297
f 1049/204/294 1052/207/297 1051/206/296
f 1053/208/28 1052/207/297 1050/205/295
f 1052/207/297 1053/208/28 1054/209/298
f 1055/210/299 1051/206/296 1052/207/297
f 1036/192/282 1051/206/296 1055/210/299
f 1052/207/297 1054/209/298 1055/210/299
f 1056/211/300 1036/192/282 1055/210/299
f 1057/212/301 1055/210/299 1054/209/298
f 1057/212/301 1056/211/300 1055/210/299
f 1056/211/300 1057/212/301 1058/213/302
f 1059/214/303 1060/215/304 1048/203/293
f 1060/215/304 1059/214/303 1061/216/305
f 1025/181/271 1059/214/303 1048/203/293
f 1059/214/303 1062/217/9 1061/216/305
f 1063/218/306 1062/217/9 1059/214/303
f 1062/217/9 1063/218/306 1064/219/9
f 1059/214/303 1025/181/271 1065/220/307
f 1065/220/307 1063/218/306 1059/214/303
f 1027/183/273 1065/220/307 1025/181/271
f 1063/218/306 1065/220/307 1066/221/308
f 1065/220/307 1027/183/273 1067/222/309
f 1067/222/309 1066/221/308 1065/220/307
f 1066/221/308 1067/222/309 1068/223/310
f 1069/169/311 1070/170/312 1071/171/312
f 1070/170/312 1069/169/311 1072/167/311
f 1073/143/311 1072/167/311 1069/169/311
f 1074/168/312 1072/167/311 1073/143/311
f 1074/168/312 1075/172/312 1072/167/311
f 1075/172/312 1074/168/312 1076/173/312
f 1077/174/313 1075/172/312 1076/173/312
f 1075/172/312 1077/174/313 1078/175/312
f 1079/51/256 1080/139/256 1081/51/256
f 1082/139/256 1083/51/256 1084/139/256
f 1085/46/314 1086/51/314 1087/46/314
f 1088/139/314 1089/51/314 1090/46/314
f 1091/224/315 1092/154/315 1093/58/315
f 1092/154/315 1091/224/315 1094/154/315
f 1095/139/266 1096/51/266 1097/51/266
f 1096/51/266 1095/139/266 1098/139/266
f 1099/51/266 1100/139/266 1101/46/266
f 1099/51/266 1101/46/266 1102/46/266
f 1103/225/316 1104/226/317 1105/227/316
f 1104/226/317 1106/228/318 1105/227/316
f 1107/229/319 1108/230/317 1104/226/317
f 1108/230/317 1107/229/319 1109/231/320
f 1110/154/321 1111/232/322 1112/233/321
f 1113/234/323 1114/58/324 1110/154/323
f 1114/58/324 1113/234/323 1115/235/325
f 1113/234/323 1116/236/326 1115/235/325
f 1117/226/317 1118/230/317 1119/228/327
f 1120/227/318 1121/237/318 1122/225/318
f 1123/238/328 1124/139/329 1125/139/329
f 1124/139/329 1123/238/328 1126/238/259
f 1127/136/330 1128/239/330 1129/104/330
f 1130/136/331 1128/239/330 1127/136/330
f 1131/240/330 1132/104/330 1133/239/330
f 1133/239/332 1134/136/331 1135/241/331
f 1136/242/333 1137/243/333 1138/244/333
f 1139/245/334 1137/243/334 1140/246/334
f 1141/245/335 1142/244/335 1143/243/335
f 1144/246/336 1145/247/336 1141/245/336
f 1146/1/337 1147/1/338 1148/1/339
f 1148/1/339 1147/1/338 1149/1/340
f 1146/1/337 1150/1/341 1147/1/338
f 1151/1/342 1148/1/339 1149/1/340
f 1152/1/342 1148/1/339 1151/1/342
f 1152/1/342 1151/1/342 1153/1/342
f 1150/1/341 1146/1/337 1154/1/343
f 1154/1/343 1155/1/344 1150/1/341
f 1155/1/344 1154/1/343 1156/1/344
f 1157/57/345 1158/1/345 1159/1/345
f 1160/1/345 1161/57/345 1162/57/345
f 1163/57/345 1164/1/345 1165/1/345
f 1164/1/345 1163/57/345 1166/57/345
f 1167/248/346 1168/51/347 1169/52/347
f 1170/249/348 1171/250/349 1172/251/350
f 1173/102/345 1171/250/349 1170/249/348
f 1172/251/350 1174/252/350 1170/249/348
f 1175/253/351 1176/1/351 1177/1/352
f 1175/253/351 1178/254/353 1176/1/351
f 1178/254/353 1179/176/353 1176/1/351
f 1180/1/354 1181/1/354 1182/1/355
f 1180/1/354 1182/1/355 1183/1/356
f 1183/1/356 1182/1/355 1184/1/357
f 1183/1/356 1184/1/357 1185/1/357
f 1185/1/357 1184/1/357 1186/1/358
f 1186/1/358 1187/1/359 1185/1/357
f 1188/1/360 1187/1/359 1186/1/358
f 1188/1/360 1186/1/358 1189/1/361
f 1190/1/362 1188/1/360 1189/1/361
f 1191/243/363 1192/245/363 1193/246/363
f 1191/243/363 1194/242/363 1195/244/363
f 1196/244/363 1197/245/363 1198/243/363
f 1197/245/363 1199/247/363 1200/246/363
f 1201/255/300 1202/256/364 1203/257/282
f 1201/255/300 1204/258/365 1202/256/364
f 1204/258/365 1205/255/302 1206/259/276
f 1206/259/276 1205/255/302 1207/260/366
f 1208/260/367 1206/259/276 1207/260/366
f 1206/259/276 1208/260/367 1209/261/274
f 1210/261/368 1211/260/367 1212/262/273
f 1213/255/302 1214/258/365 1215/255/300
f 1216/263/314 1217/264/314 1218/263/314
f 1219/263/314 1220/264/314 1221/265/314
f 1222/266/314 1221/265/314 1220/264/314
f 1221/265/314 1222/266/314 1223/267/314
f 1224/226/369 1225/268/370 1226/269/371
f 1224/226/369 1227/270/370 1225/268/370
f 1228/111/95 1229/84/372 1230/1/372
f 1229/84/372 1228/111/95 1231/112/95
f 1232/271/266 1230/1/373 1233/1/373
f 1234/113/96 1228/111/95 1235/1/374
f 1236/46/375 1237/272/376 1238/46/377
f 1237/272/376 1236/46/375 1239/72/375
f 1240/273/378 1238/46/377 1237/272/376
f 1240/273/378 1241/274/376 1242/275/379
f 1243/276/380 1244/276/218 1245/276/381
f 1244/276/218 1243/276/380 1246/276/382
f 1246/276/382 1243/276/380 1247/276/383
f 1247/276/383 1248/276/384 1246/276/382
f 1249/1/28 1250/1/1 1251/1/28
f 1251/1/28 1252/1/28 1249/1/28
f 1250/1/1 1253/1/1 1251/1/28
f 1253/1/1 1250/1/1 1254/1/1
f 1255/1/28 1252/1/28 1251/1/28
f 1252/1/28 1255/1/28 1256/1/28
f 1257/277/385 1258/51/386 1259/278/387
f 1258/51/386 1260/51/388 1259/278/387
f 1258/51/386 1257/277/385 1261/250/386
f 1262/102/345 1263/51/385 1264/250/385
f 1265/250/348 1262/102/345 1264/250/385
f 1266/279/389 1267/280/390 1268/281/391
f 1269/282/389 1267/280/390 1266/279/389
f 1270/283/392 1266/279/390 1271/284/391
f 1270/283/392 1271/284/391 1272/285/392
f 1273/286/393 1274/287/394 1275/282/390
f 1275/282/390 1276/279/390 1273/286/393
f 1277/1/10 1278/1/10 1279/1/10
f 1278/1/10 1280/1/10 1279/1/10
f 1278/1/10 1277/1/10 1281/1/10
f 1281/1/10 1277/1/10 1282/1/10
f 1283/1/10 1280/1/10 1278/1/10
f 1280/1/10 1283/1/10 1284/1/10
f 1285/270/370 1286/226/369 1287/225/370
f 1285/270/370 1287/225/370 1288/288/395
f 1288/288/395 1287/225/370 1289/289/395
f 1289/289/395 1290/290/396 1288/288/395
f 1291/291/396 1290/290/396 1289/289/395
f 1289/289/395 1292/292/397 1291/291/396
f 1293/293/398 1294/294/399 1295/295/400
f 1295/295/400 1294/294/399 1296/296/401
f 1294/294/399 1293/293/398 1297/297/402
f 1294/294/399 1298/298/403 1296/296/401
f 1297/297/402 1299/299/404 1294/294/399
f 1299/299/404 1297/297/402 1300/300/404
f 1298/298/403 1294/294/399 1301/283/400
f 1298/298/403 1301/283/400 1302/301/405
f 1303/302/400 1301/283/400 1304/303/400
f 1302/301/402 1303/302/402 1305/304/402
f 1306/305/406 1305/304/402 1303/302/402
f 1305/304/402 1306/305/406 1307/306/400
f 1308/283/400 1309/302/400 1310/301/400
f 1311/46/407 1312/46/407 1313/46/407
f 1311/46/408 1314/307/409 1315/308/409
f 1311/46/410 1316/46/410 1317/103/410
f 1318/46/411 1319/46/411 1320/309/410
f 1320/309/410 1319/46/411 1321/308/412
f 1322/307/409 1319/46/408 1323/103/408
f 1324/310/413 1325/311/413 1326/312/413
f 1327/313/413 1325/311/413 1328/1/413
f 1329/314/413 1324/310/413 1326/312/413
f 1324/310/413 1329/314/413 1330/315/413
f 1324/310/413 1331/316/413 1332/232/413
f 1333/313/413 1334/312/413 1335/311/413
f 1335/311/413 1336/310/413 1337/232/413
f 1337/232/413 1338/316/413 1339/233/413
f 1338/316/413 1340/236/413 1339/233/413
f 1341/317/414 1342/318/371 1343/319/415
f 1344/1/218 1345/1/218 1346/1/218
f 1345/1/218 1344/1/218 1347/1/218
f 1348/1/318 1349/1/318 1350/1/318
f 1350/1/318 1349/1/318 1351/1/318
f 1352/1/314 1353/1/314 1354/1/314
f 1354/1/314 1353/1/314 1355/1/314
f 1356/1/314 1357/1/314 1358/1/314
f 1358/1/314 1357/1/314 1359/1/314
f 1360/1/314 1361/1/314 1362/1/314
f 1362/1/314 1361/1/314 1363/1/314
f 1364/1/314 1365/1/314 1366/1/314
f 1366/1/314 1365/1/314 1367/1/314
f 1368/1/314 1369/1/314 1370/1/314
f 1370/1/314 1369/1/314 1371/1/314
f 1372/1/314 1373/1/314 1374/1/314
f 1374/1/314 1373/1/314 1375/1/314
f 1376/1/314 1377/1/314 1378/1/314
f 1378/1/314 1377/1/314 1379/1/314
f 1380/1/314 1381/1/314 1382/1/314
f 1382/1/314 1381/1/314 1383/1/314
f 1384/1/314 1385/1/314 1386/1/314
f 1386/1/314 1385/1/314 1387/1/314
f 1388/1/314 1389/1/314 1390/1/314
f 1390/1/314 1389/1/314 1391/1/314
f 1392/1/314 1393/1/314 1394/1/314
f 1394/1/314 1393/1/314 1395/1/314
f 1396/1/314 1397/1/314 1398/1/314
f 1398/1/314 1397/1/314 1399/1/314
f 1400/1/314 1401/1/314 1402/1/314
f 1402/1/314 1401/1/314 1403/1/314
f 1404/1/314 1405/1/314 1406/1/314
f 1406/1/314 1405/1/314 1407/1/314
f 1408/320/416 1409/310/417 1410/321/418
f 1409/310/417 1411/314/417 1410/321/418
f 1411/314/417 1409/310/417 1412/315/419
f 1410/321/418 1413/322/417 1408/320/416
f 1414/323/420 1408/320/416 1413/322/417
f 1408/320/416 1414/323/420 1415/324/421
f 1416/325/422 1414/323/420 1413/322/417
f 1417/277/423 1415/324/421 1414/323/420
f 1414/323/420 1416/325/422 1417/277/423
f 1418/326/424 1417/277/423 1419/327/424
f 1420/277/425 1421/326/426 1422/324/427
f 1423/328/396 1424/329/397 1425/330/396
f 1425/330/396 1424/329/397 1426/330/428
f 1427/331/428 1423/328/396 1425/330/396
f 1423/328/396 1427/331/428 1428/332/428
f 1425/330/396 1429/333/428 1427/331/428
f 1425/330/396 1430/334/428 1429/333/428
f 1429/333/428 1430/334/428 1431/335/429
f 1432/336/428 1423/328/396 1428/332/428
f 1423/328/396 1432/336/428 1433/337/428
f 1434/338/428 1433/337/428 1432/336/428
f 1433/337/428 1434/338/428 1435/292/397
f 1435/292/397 1434/338/428 1436/339/428
f 1435/292/397 1436/339/428 1437/291/428
f 1438/340/430 1439/341/431 1440/342/429
f 1440/342/429 1441/343/432 1438/340/430
f 1439/341/431 1438/340/430 1442/344/430
f 1439/341/431 1442/344/430 1443/345/415
f 1444/188/433 1445/197/434 1446/188/435
f 1447/318/371 1448/346/436 1449/319/415
f 1450/320/437 1451/163/438 1452/347/439
f 1451/163/438 1453/165/440 1454/163/441
f 1453/165/440 1450/320/442 1455/324/443
f 1456/1/345 1457/1/345 1458/1/345
f 1458/1/345 1459/1/345 1456/1/345
f 1460/1/266 1461/1/266 1462/1/266
f 1462/1/266 1463/1/266 1460/1/266
f 1464/1/270 1465/1/270 1466/1/270
f 1466/1/270 1467/1/270 1464/1/270
f 1468/1/345 1469/1/345 1470/1/345
f 1470/1/345 1471/1/345 1468/1/345
f 1472/1/345 1473/1/345 1474/1/345
f 1474/1/345 1475/1/345 1472/1/345
f 1476/1/345 1477/1/345 1478/1/345
f 1478/1/345 1479/1/345 1476/1/345
f 1480/1/270 1481/1/270 1482/1/270
f 1482/1/270 1483/1/270 1480/1/270
f 1484/1/345 1485/1/345 1486/1/345
f 1486/1/345 1487/1/345 1484/1/345
f 1488/1/345 1489/1/345 1490/1/345
f 1490/1/345 1491/1/345 1488/1/345
f 1492/1/345 1493/1/345 1494/1/345
f 1494/1/345 1495/1/345 1492/1/345
f 1496/1/270 1497/1/270 1498/1/270
f 1498/1/270 1499/1/270 1496/1/270
f 1500/1/345 1501/1/345 1502/1/345
f 1502/1/345 1503/1/345 1500/1/345
f 1504/1/270 1505/1/270 1506/1/270
f 1506/1/270 1507/1/270 1504/1/270
f 1508/1/345 1509/1/345 1510/1/345
f 1510/1/345 1511/1/345 1508/1/345
f 1512/1/345 1513/1/345 1514/1/345
f 1514/1/345 1515/1/345 1512/1/345
f 1516/1/444 1517/1/351 1518/176/445
f 1519/348/256 1520/313/256 1521/349/256
f 1521/349/256 1522/350/256 1519/348/256
f 1523/351/446 1524/352/446 1525/353/447
f 1524/352/446 1523/351/446 1526/354/448
f 1526/354/448 1527/355/448 1524/352/446
f 1525/353/447 1528/356/449 1523/351/446
f 1525/353/447 1529/357/450 1528/356/449
f 1525/353/447 1530/172/451 1529/357/450
f 1531/356/452 1532/353/452 1533/351/453
f 1531/356/452 1534/357/454 1532/353/452
f 1535/172/454 1532/353/452 1534/357/454
f 1533/351/453 1532/353/452 1536/358/453
f 1533/351/453 1536/358/453 1537/354/455
f 1537/354/455 1536/358/453 1538/355/455
f 1539/1/218 1540/1/218 1541/1/218
f 1540/1/218 1539/1/218 1542/1/218
f 1543/1/218 1542/1/218 1539/1/218
f 1542/1/218 1543/1/218 1544/1/218
f 1545/1/218 1546/1/218 1547/1/218
f 1546/1/218 1545/1/218 1548/1/218
f 1549/1/218 1546/1/218 1548/1/218
f 1548/1/218 1550/1/218 1549/1/218
f 1551/359/345 1552/360/385 1553/361/385
f 1552/360/385 1551/359/345 1554/350/345
f 1552/360/385 1555/362/385 1553/361/385
f 1553/361/385 1555/362/385 1556/363/385
f 1557/58/314 1558/364/314 1559/58/314
f 1560/365/314 1559/58/314 1558/364/314
f 1561/165/440 1562/163/438 1563/320/442
f 1564/366/314 1565/367/314 1566/368/314
f 1565/367/314 1564/366/314 1567/369/314
f 1567/369/314 1564/366/314 1568/370/314
f 1569/369/314 1567/369/314 1570/371/314
f 1569/369/314 1570/371/314 1571/370/314
f 1572/366/314 1569/369/314 1571/370/314
f 1573/368/314 1572/366/314 1574/368/314
f 1575/371/314 1576/369/314 1577/370/314
f 1578/366/314 1579/368/314 1580/369/314
f 1581/372/314 1582/110/314 1583/110/314
f 1584/373/314 1585/108/314 1581/372/314
f 1585/108/314 1584/373/314 1586/35/314
f 1587/373/314 1586/35/314 1588/374/314
f 1589/35/314 1586/35/314 1587/373/314
f 1587/373/314 1590/372/314 1589/35/314
f 1591/375/314 1589/35/314 1590/372/314
f 1592/108/314 1593/110/314 1594/372/314
f 1595/35/314 1596/373/314 1597/374/314
f 1598/375/314 1599/372/314 1600/110/314
f 1601/376/456 1602/377/456 1603/378/456
f 1604/377/457 1605/378/457 1606/377/457
f 1607/378/458 1608/377/458 1609/376/458
f 1608/377/458 1607/378/458 1610/377/459
f 1611/1/314 1612/379/314 1613/1/314
f 1611/1/314 1614/380/460 1612/379/314
f 1614/380/460 1615/381/460 1616/382/460
f 1615/381/314 1611/1/314 1617/383/314
f 1618/380/461 1619/382/461 1620/384/461
f 1618/380/314 1621/1/314 1622/381/314
f 1623/385/266 1624/248/266 1625/52/266
f 1624/248/266 1623/385/266 1626/386/266
f 1627/387/266 1628/388/266 1629/389/266
f 1629/389/266 1630/390/266 1627/387/266
f 1631/391/266 1630/390/266 1629/389/266
f 1632/110/266 1633/387/266 1634/389/266
f 1633/387/266 1632/110/266 1635/110/266
f 1634/389/266 1633/387/266 1636/390/266
f 1637/391/266 1634/389/266 1636/390/266
f 1638/389/266 1634/389/266 1637/391/266
f 1639/388/266 1640/387/266 1641/110/266
f 1642/392/266 1643/393/266 1644/368/266
f 1645/38/266 1646/394/266 1647/395/266
f 1647/395/266 1648/396/266 1645/38/266
f 1649/392/266 1650/368/266 1648/396/266
f 1651/368/266 1652/392/266 1653/368/266
f 1654/395/266 1652/392/266 1655/396/266
f 1656/393/266 1657/392/266 1658/38/266
f 1658/38/266 1657/392/266 1659/395/266
f 1659/395/266 1660/38/266 1658/38/266
f 1660/38/266 1659/395/266 1661/394/266
f 1662/84/462 1663/397/266 1664/84/462
f 1663/397/266 1662/84/462 1665/398/266
f 1662/84/462 1666/399/266 1665/398/266
f 1666/399/266 1662/84/462 1667/1/373
f 1667/1/373 1668/400/266 1666/399/266
f 1667/1/373 1669/271/266 1668/400/266
f 1670/401/463 1671/402/464 1672/403/465
f 1671/402/464 1670/401/463 1673/404/466
f 1674/405/467 1673/404/466 1670/401/463
f 1675/406/468 1673/404/466 1674/405/467
f 1674/405/467 1676/407/469 1675/406/468
f 1676/407/469 1674/405/467 1677/408/470
f 1678/409/471 1677/408/470 1674/405/467
f 1677/408/470 1678/409/471 1679/410/472
f 1680/411/473 1678/409/471 1674/405/467
f 1678/409/471 1680/411/473 1681/412/474
f 1681/412/474 1680/411/473 1682/413/475
f 1681/412/474 1682/413/475 1683/2/476
f 1684/414/477 1683/2/476 1682/413/475
f 1683/2/476 1684/414/477 1685/29/478
f 1684/414/477 1686/27/266 1685/29/478
f 1686/27/266 1684/414/477 1687/415/345
f 1687/415/345 1688/25/479 1686/27/266
f 1688/25/479 1687/415/345 1689/416/479
f 1690/417/235 1688/25/479 1689/416/479
f 1688/25/479 1690/417/235 1691/23/235
f 1692/418/480 1691/23/235 1690/417/235
f 1691/23/235 1692/418/480 1693/21/481
f 1694/419/50 1693/21/481 1692/418/480
f 1695/20/482 1693/21/481 1694/419/50
f 1694/419/50 1696/18/483 1695/20/482
f 1696/18/483 1694/419/50 1697/420/483
f 1697/420/483 1698/15/216 1696/18/483
f 1698/15/216 1697/420/483 1699/421/216
f 1699/421/216 1700/13/484 1698/15/216
f 1700/13/484 1699/421/216 1701/422/485
f 1701/422/485 1702/11/314 1700/13/484
f 1702/11/314 1701/422/485 1703/423/314
f 1704/424/486 1702/11/314 1703/423/314
f 1702/11/314 1704/424/486 1705/9/487
f 1706/425/488 1705/9/487 1704/424/486
f 1705/9/487 1706/425/488 1707/8/489
f 1707/8/489 1706/425/488 1708/426/490
f 1707/8/489 1708/426/490 1709/3/491
f 1708/426/490 1710/4/472 1709/3/491
f 1711/427/492 1710/4/472 1708/426/490
f 1712/428/493 1710/4/472 1711/427/492
f 1710/4/472 1712/428/493 1713/429/472
f 1712/428/493 1711/427/492 1714/430/494
f 1715/104/266 1716/431/266 1717/104/266
f 1716/431/266 1715/104/266 1718/432/266
f 1715/104/266 1719/1/266 1718/432/266
f 1720/1/266 1718/432/266 1719/1/266
f 1721/240/266 1719/1/266 1715/104/266
f 1722/433/266 1719/1/266 1721/240/266
f 1722/433/266 1721/240/266 1723/434/495
f 1723/434/495 1721/240/266 1724/240/266
f 1722/433/266 1723/434/495 1725/435/266
f 1725/435/266 1723/434/495 1726/435/266
f 1723/434/495 1727/436/266 1726/435/266
f 1728/437/266 1729/438/266 1730/439/266
f 1731/383/266 1729/438/266 1732/438/266
f 1728/437/266 1733/438/266 1734/438/266
f 1735/437/266 1733/438/266 1728/437/266
f 1733/438/266 1735/437/266 1736/438/266
f 1737/440/266 1736/438/266 1735/437/266
f 1738/441/266 1736/438/266 1737/440/266
f 1736/438/266 1738/441/266 1739/438/266
f 1740/383/266 1741/439/266 1742/438/266
f 1742/438/266 1743/437/266 1744/438/266
f 1745/1/382 1746/1/382 1747/1/218
f 1747/1/218 1746/1/382 1748/1/218
f 1745/1/382 1749/1/496 1746/1/382
f 1747/1/218 1748/1/218 1750/1/497
f 1751/1/54 1749/1/496 1745/1/382
f 1750/1/497 1752/1/497 1747/1/218
f 1749/1/496 1751/1/54 1753/1/51
f 1752/1/497 1750/1/497 1754/1/498
f 1753/1/51 1755/1/51 1749/1/496
f 1754/1/498 1756/1/498 1752/1/497
f 1755/1/51 1753/1/51 1757/1/12
f 1758/1/7 1756/1/498 1754/1/498
f 1757/1/12 1759/1/499 1755/1/51
f 1756/1/498 1758/1/7 1760/1/7
f 1757/1/12 1761/1/500 1759/1/499
f 1762/1/501 1760/1/7 1758/1/7
f 1763/1/500 1761/1/500 1757/1/12
f 1760/1/7 1762/1/501 1764/1/501
f 1763/1/500 1765/1/135 1761/1/500
f 1764/1/501 1762/1/501 1766/1/502
f 1767/1/135 1765/1/135 1763/1/500
f 1765/1/135 1767/1/135 1766/1/502
f 1766/1/502 1762/1/501 1768/1/502
f 1766/1/502 1768/1/502 1765/1/135
f 1769/442/314 1770/443/314 1771/442/314
f 1770/443/314 1769/442/314 1772/444/314
f 1772/444/314 1773/445/314 1770/443/314
f 1774/444/314 1773/445/314 1772/444/314
f 1773/445/314 1774/444/314 1775/446/314
f 1776/445/314 1774/444/314 1777/447/314
f 1778/448/314 1776/445/314 1777/447/314
f 1776/445/314 1778/448/314 1779/443/314
f 1780/444/314 1781/445/314 1782/446/314
f 1783/448/314 1784/442/314 1785/443/314
f 1786/444/314 1787/444/314 1788/444/314
f 1789/444/314 1786/444/314 1788/444/314
f 1790/444/314 1787/444/314 1786/444/314
f 1787/444/314 1790/444/314 1791/449/314
f 1791/449/314 1792/444/314 1793/444/314
f 1794/444/314 1795/444/314 1792/444/314
f 1795/444/314 1794/444/314 1796/444/314
f 1796/444/314 1797/444/314 1795/444/314
f 1798/449/314 1799/444/314 1800/444/314
f 1801/444/314 1798/449/314 1802/444/314
f 1803/123/266 1804/98/266 1805/122/266
f 1805/122/266 1804/98/266 1806/97/266
f 1805/122/266 1807/125/266 1808/450/266
f 1805/122/266 1809/124/266 1807/125/266
f 1810/98/266 1811/123/266 1812/98/266
f 1813/123/266 1812/98/266 1811/123/266
f 1813/123/266 1814/97/266 1812/98/266
f 1815/122/266 1814/97/266 1813/123/266
f 1816/125/266 1815/122/266 1817/450/266
f 1818/124/266 1815/122/266 1816/125/266
f 1819/122/266 1820/124/266 1821/97/266
f 1822/122/266 1823/97/266 1824/124/266
f 1825/451/266 1826/448/266 1827/451/266
f 1828/447/266 1826/448/266 1829/447/266
f 1830/449/266 1831/452/266 1829/447/266
f 1832/448/266 1833/447/266 1834/451/266
f 1835/442/266 1832/448/266 1836/451/266
f 1835/442/266 1836/451/266 1837/451/266
f 1838/447/266 1839/444/266 1840/444/266
f 1839/444/266 1841/449/266 1840/444/266
f 1841/449/266 1839/444/266 1842/453/266
f 1843/452/266 1841/449/266 1842/453/266
f 1844/449/266 1841/449/266 1843/452/266
f 1844/449/266 1843/452/266 1845/449/266
f 1846/452/266 1844/449/266 1845/449/266
f 1847/454/266 1848/451/266 1840/444/266
f 1848/451/266 1847/454/266 1849/451/266
f 1850/451/266 1851/451/266 1852/451/266
f 1851/451/266 1850/451/266 1853/447/266
f 1854/451/266 1855/444/266 1856/451/266
f 1855/444/266 1854/451/266 1857/454/266
f 1857/454/266 1854/451/266 1858/451/266
f 1859/444/266 1860/451/266 1861/447/266
f 1862/455/231 1863/377/231 1864/378/231
f 1863/377/231 1862/455/231 1865/456/231
f 1866/457/176 1867/458/235 1868/378/176
f 1866/457/176 1868/378/176 1869/377/235
f 1870/459/503 1871/1/504 1872/460/504
f 1871/1/504 1873/460/503 1872/460/504
f 1874/136/503 1875/459/505 1876/152/506
f 1875/459/505 1877/311/506 1876/152/506
f 1875/459/505 1874/136/503 1878/1/507
f 1879/461/508 1880/461/135 1881/461/509
f 1880/461/135 1879/461/508 1882/461/510
f 1883/328/511 1884/462/511 1885/463/512
f 1883/328/511 1886/464/513 1884/462/511
f 1886/464/513 1883/328/511 1887/337/513
f 1888/1/28 1889/1/28 1890/1/28
f 1890/1/28 1891/1/28 1888/1/28
f 1889/1/28 1892/1/28 1890/1/28
f 1892/1/28 1889/1/28 1893/1/28
f 1894/1/28 1891/1/28 1890/1/28
f 1891/1/28 1894/1/28 1895/1/28
f 1896/465/514 1897/466/515 1898/465/515
f 1897/466/515 1896/465/514 1899/466/516
f 1900/1/10 1901/1/10 1902/1/10
f 1901/1/10 1903/1/10 1902/1/10
f 1901/1/10 1900/1/10 1904/1/10
f 1904/1/10 1900/1/10 1905/1/10
f 1906/1/10 1903/1/10 1901/1/10
f 1903/1/10 1906/1/10 1907/1/10
f 1908/467/517 1909/468/518 1910/469/519
f 1911/16/520 1909/468/518 1912/17/521
f 1913/470/522 1909/468/518 1908/467/517
f 1912/17/521 1909/468/518 1914/471/523
f 1912/17/521 1914/471/523 1915/472/524
f 1916/473/525 1909/468/518 1913/470/522
f 1917/474/526 1916/473/525 1913/470/522
f 1916/473/525 1917/474/526 1918/475/526
f 1918/475/526 1917/474/526 1919/476/527
f 1920/477/528 1918/475/526 1919/476/527
f 1918/475/526 1920/477/528 1921/478/528
f 1920/477/528 1922/479/529 1921/478/528
f 1922/479/529 1920/477/528 1923/480/529
f 1923/480/529 1924/481/530 1922/479/529
f 1914/471/531 1925/22/532 1926/19/523
f 1925/22/532 1914/471/531 1927/482/533
f 1925/22/532 1927/482/533 1928/24/534
f 1929/483/534 1928/24/534 1927/482/533
f 1927/482/533 1930/484/535 1929/483/534
f 1929/483/534 1931/485/536 1928/24/534
f 1931/485/536 1929/483/534 1932/486/486
f 1924/481/530 1923/480/529 1933/487/530
f 1933/487/530 1923/480/529 1934/488/537
f 1933/487/530 1934/488/537 1935/489/537
f 1936/490/538 1924/481/530 1933/487/530
f 1936/490/538 1933/487/530 1937/491/539
f 1924/481/530 1936/490/538 1938/492/540
f 1924/481/530 1938/492/540 1939/493/541
f 1939/493/541 1938/492/540 1940/494/542
f 1939/493/541 1940/494/542 1941/495/543
f 1941/495/543 1940/494/542 1942/496/544
f 1943/497/545 1939/493/541 1941/495/543
f 1936/490/538 1944/498/538 1945/499/546
f 1944/498/538 1946/500/546 1945/499/546
f 1946/500/546 1944/498/538 1947/501/546
f 1948/502/547 1949/503/548 1950/504/547
f 1949/503/548 1948/502/547 1951/505/548
f 1950/504/547 1952/506/549 1948/502/547
f 1952/506/549 1950/504/547 1953/507/550
f 1953/507/550 1954/508/551 1952/506/549
f 1954/508/551 1953/507/550 1955/509/552
f 1956/510/553 1954/508/551 1955/509/552
f 1954/508/551 1956/510/553 1957/511/554
f 1957/511/554 1956/510/553 1958/512/555
f 1957/511/554 1958/512/555 1959/513/555
f 1958/512/555 1960/514/556 1959/513/555
f 1959/513/555 1960/514/556 1961/515/557
f 1962/457/558 1963/458/559 1964/457/560
f 1964/457/560 1963/458/559 1965/458/560
f 1966/97/561 1967/94/562 1968/516/562
f 1969/95/563 1968/516/562 1967/94/562
f 1968/516/562 1969/95/563 1970/517/563
f 1967/94/562 1966/97/561 1971/92/561
f 1972/90/71 1971/92/561 1966/97/561
f 1973/98/71 1974/93/148 1972/90/71
f 1973/98/71 1975/123/148 1974/93/148
f 1976/116/564 1977/516/565 1970/517/563
f 1977/516/565 1976/116/564 1978/518/566
f 1979/97/567 1977/516/565 1978/518/566
f 1978/518/566 1980/519/567 1979/97/567
f 1981/520/568 1979/97/567 1980/519/567
f 1979/97/567 1981/520/568 1982/98/569
f 1983/90/570 1984/123/571 1982/98/570
f 1983/90/570 1985/93/571 1984/123/571
f 1985/93/571 1986/122/572 1984/123/571
f 1986/122/573 1987/521/574 1988/450/574
f 1988/450/574 1989/95/150 1990/125/150
f 1989/95/150 1988/450/574 1991/522/574
f 1992/523/575 1993/524/576 1994/525/577
f 1993/524/576 1995/526/578 1994/525/577
f 1995/526/578 1993/524/576 1996/317/579
f 1997/136/580 1998/527/580 1999/528/580
f 2000/58/580 1998/527/580 1997/136/580
f 1998/527/580 2000/58/580 2001/529/580
f 2001/529/580 2000/58/580 2002/530/580
f 2003/531/581 2004/532/582 2005/533/583
f 2006/534/486 2003/531/581 2005/533/583
f 2003/531/581 2006/534/486 2007/535/584
f 2005/533/583 2004/532/582 1711/427/492
f 2008/536/585 2007/535/584 2006/534/486
f 1711/427/492 2004/532/582 1714/430/494
f 2007/535/584 2008/536/585 2009/537/318
f 2008/536/585 2010/538/485 2009/537/318
f 2010/538/485 2008/536/585 2011/539/586
f 2011/539/586 2012/540/216 2010/538/485
f 2012/540/216 2011/539/586 2013/541/216
f 2013/541/216 2014/542/483 2012/540/216
f 2014/542/483 2013/541/216 2015/543/483
f 2015/543/483 2016/544/50 2014/542/483
f 2016/544/50 2015/543/483 2017/545/50
f 2017/545/50 2018/546/481 2016/544/50
f 2016/544/50 2018/546/481 2019/547/481
f 2020/548/235 2019/547/481 2018/546/481
f 2019/547/481 2020/548/235 2021/549/235
f 2022/550/479 2021/549/235 2020/548/235
f 2021/549/235 2022/550/479 2023/551/479
f 2022/550/479 2024/552/385 2023/551/479
f 2024/552/385 2022/550/479 2025/553/270
f 2025/553/270 1671/402/464 2024/552/385
f 1671/402/464 2025/553/270 1672/403/465
f 2026/328/511 2027/463/512 2028/329/512
f 2029/554/314 2030/555/314 2031/554/314
f 2032/51/314 2033/556/314 2034/51/314
f 2032/51/314 2035/557/314 2036/556/314
f 2037/556/314 2036/556/314 2035/557/314
f 2038/558/314 2034/51/314 2039/559/314
f 2039/559/314 2040/558/314 2038/558/314
f 2039/559/314 2034/51/314 2041/556/314
f 2039/559/314 2041/556/314 2042/556/314
f 2043/556/314 2044/51/314 2045/556/314
f 2045/556/314 2046/51/314 2047/556/314
f 2047/556/314 2046/51/314 2048/556/314
f 2049/1/314 2050/1/314 2051/1/314
f 2050/1/314 2049/1/314 2052/1/314
f 2053/560/266 2054/561/266 2055/560/266
f 2056/58/266 2055/560/266 2054/561/266
f 2056/58/266 2054/561/266 2057/562/266
f 2057/562/266 2058/58/266 2056/58/266
f 2058/58/266 2057/562/266 2059/562/266
f 2060/563/266 2058/58/266 2059/562/266
f 2061/564/266 2062/565/266 2063/564/266
f 2064/566/163 2065/567/587 2066/383/164
f 2066/383/164 2065/567/587 2067/439/163
f 2064/566/163 2068/84/163 2065/567/587
f 2069/84/113 2068/84/163 2064/566/163
f 2064/566/163 2070/85/113 2069/84/113
f 2071/85/588 2069/84/113 2072/85/113
f 2073/455/589 2074/456/589 2075/456/589
f 2074/456/589 2073/455/589 2076/455/590
f 2077/1/270 2078/1/270 2079/1/270
f 2078/1/270 2077/1/270 2080/1/270
f 2081/84/591 2082/84/592 2083/566/489
f 2083/566/489 2082/84/592 2084/85/592
f 2082/84/203 2085/85/202 2086/85/203
f 2081/84/591 2083/566/489 2087/383/593
f 2088/1/594 2081/84/591 2087/383/593
f 2089/1/489 2081/84/591 2090/1/489
f 2090/1/489 2081/84/591 2091/1/595
f 2091/1/595 2081/84/591 2092/1/595
f 2092/1/595 2081/84/591 2093/1/489
f 2093/1/489 2081/84/591 2094/1/488
f 2094/1/488 2081/84/591 2088/1/594
f 2088/1/594 2095/1/595 2094/1/488
f 2088/1/594 2096/1/489 2095/1/595
f 2088/1/594 2097/1/489 2096/1/489
f 2088/1/594 2098/1/489 2097/1/489
f 2088/1/594 2099/1/488 2098/1/489
f 2088/1/594 2100/1/489 2099/1/488
f 2088/1/594 2101/1/488 2100/1/489
f 2101/1/488 2088/1/594 2102/1/489
f 2102/1/489 2088/1/594 2103/1/489
f 2103/1/489 2088/1/594 2104/1/489
f 2104/1/489 2088/1/594 2105/1/489
f 2105/1/489 2088/1/594 2106/1/489
f 2088/1/594 2107/1/595 2106/1/489
f 2107/1/595 2088/1/594 2108/1/488
f 2108/1/488 2088/1/594 2109/1/488
f 2109/1/488 2088/1/594 2110/1/488
f 2111/113/489 2112/112/488 2113/1/488
f 2113/1/488 2114/1/595 2111/113/489
f 2115/1/489 2113/1/488 2112/112/488
f 2112/112/488 2116/1/488 2115/1/489
f 2116/1/488 2112/112/488 2081/84/489
f 2116/1/488 2081/84/489 2117/1/488
f 2117/1/488 2081/84/489 2118/1/489
f 2081/84/489 2119/1/489 2118/1/489
f 2119/1/489 2081/84/489 2120/1/489
f 2121/84/489 2122/1/489 2123/1/489
f 2124/457/596 2125/458/597 2126/457/596
f 2126/457/596 2125/458/597 2127/458/598
f 2128/1/599 2129/1/163 2130/1/163
f 2129/1/163 2128/1/599 2131/1/163
f 2132/1/164 2128/1/599 2130/1/163
f 2128/1/599 2133/1/163 2131/1/163
f 2134/1/163 2128/1/599 2132/1/164
f 2133/1/163 2128/1/599 2135/1/163
f 2128/1/599 2134/1/163 2136/1/587
f 2128/1/599 2136/1/587 2137/1/587
f 2135/1/163 2128/1/599 2138/1/587
f 2138/1/587 2128/1/599 2139/1/163
f 2139/1/163 2128/1/599 2140/1/587
f 2140/1/587 2128/1/599 2141/1/163
f 2141/1/163 2128/1/599 2142/1/163
f 2142/1/163 2128/1/599 2143/1/163
f 2143/1/163 2128/1/599 2144/1/163
f 2144/1/163 2128/1/599 2145/1/587
f 2145/1/587 2128/1/599 2146/433/163
f 2146/433/163 2147/1/163 2145/1/587
f 2146/433/163 2148/1/163 2149/1/163
f 2150/84/164 2151/1/587 2148/1/163
f 2152/568/163 2150/84/163 2146/433/164
f 2153/84/163 2150/84/163 2152/568/163
f 2150/84/164 2154/1/587 2151/1/587
f 2150/84/164 2155/1/163 2154/1/587
f 2150/84/163 2156/1/163 2157/1/164
f 2156/1/163 2150/84/163 2158/1/587
f 2158/1/587 2150/84/163 2159/1/163
f 2160/112/164 2159/1/163 2150/84/163
f 2161/1/587 2160/112/164 2162/113/163
f 2162/113/163 2163/1/163 2161/1/587
f 2164/1/164 2165/112/164 2166/1/599
f 2167/1/164 2165/112/164 2164/1/164
f 2168/433/164 2169/1/164 2170/1/164
f 2171/84/166 2172/1/166 2168/433/166
f 2171/84/164 2173/1/164 2174/1/164
f 2175/1/28 2176/1/28 2177/1/28
f 2176/1/28 2175/1/28 2178/1/28
f 2177/1/28 2176/1/28 2179/1/28
f 2179/1/28 2180/1/28 2177/1/28
f 2180/1/28 2181/1/28 2177/1/28
f 2181/1/28 2180/1/28 2182/1/28
f 2183/1/10 2184/1/10 2185/1/10
f 2186/1/10 2183/1/10 2185/1/10
f 2187/1/10 2184/1/10 2183/1/10
f 2184/1/10 2187/1/10 2188/1/10
f 2183/1/10 2186/1/10 2189/1/10
f 2189/1/10 2186/1/10 2190/1/10
f 2191/569/600 2192/570/601 2193/571/602
f 2192/570/601 2191/569/600 2194/572/601
f 2195/573/603 2196/315/604 2197/574/604
f 2196/315/604 2195/573/603 2198/310/603
f 2195/573/603 2199/347/605 2198/310/603
f 2200/254/606 2198/310/603 2199/347/605
f 2201/347/607 2202/320/607 2203/347/607
f 2204/573/608 2205/315/609 2206/310/608
f 2205/315/609 2204/573/608 2207/574/609
f 2208/347/607 2204/573/608 2206/310/608
f 2206/310/608 2209/320/610 2208/347/607
f 2210/575/611 2211/576/611 2212/577/612
f 2213/578/613 2212/577/612 2211/576/611
f 2214/1/614 2215/1/615 2216/1/615
f 2217/1/616 2216/1/615 2215/1/615
f 2216/1/615 2217/1/616 2218/1/617
f 2215/1/615 2214/1/614 2219/1/618
f 2214/1/614 2220/1/619 2219/1/618
f 2220/1/619 2214/1/614 2221/1/620
f 2221/1/620 2222/1/621 2220/1/619
f 2222/1/621 2221/1/620 2223/1/621
f 2223/1/621 2224/1/622 2222/1/621
f 2224/1/622 2223/1/621 2225/1/623
f 2226/1/624 2227/1/625 2228/1/626
f 2228/1/626 2227/1/625 2229/1/625
f 2230/1/627 2226/1/624 2228/1/626
f 2230/1/627 2231/1/627 2226/1/624
f 2232/1/628 2231/1/627 2230/1/627
f 2232/1/628 2233/1/629 2231/1/627
f 2232/1/628 2234/1/630 2233/1/629
f 2234/1/630 2232/1/628 2235/1/631
f 2235/1/631 2236/1/632 2234/1/630
f 2236/1/632 2235/1/631 2237/1/632
f 2238/1/10 2239/579/10 2240/460/10
f 2239/579/10 2238/1/10 2241/1/10
f 2242/580/633 2243/581/634 2244/582/634
f 2243/581/634 2242/580/633 2245/583/633
f 2246/584/635 2244/582/634 2243/581/634
f 2243/581/634 2247/584/215 2246/584/635
f 2247/584/215 2248/584/636 2246/584/635
f 2249/466/637 2250/465/488 2251/585/488
f 2252/586/637 2251/585/488 2250/465/488
f 2252/586/637 2253/587/488 2251/585/488
f 2254/588/638 2255/1/10 2256/589/512
f 2257/589/512 2258/1/10 2259/460/10
f 2260/590/639 2261/591/481 2262/592/640
f 2261/591/481 2260/590/639 2263/7/639
f 2264/593/641 2263/7/639 2260/590/639
f 2263/7/639 2264/593/641 2265/10/642
f 2264/593/641 2266/594/643 2265/10/642
f 2266/594/643 2267/12/644 2265/10/642
f 2266/594/643 2268/595/645 2269/596/645
f 2266/594/643 2269/596/645 2270/597/646
f 2270/597/646 2267/12/644 2266/594/643
f 2271/598/647 2267/12/644 2270/597/646
f 2267/12/644 2271/598/647 2272/14/647
f 2271/598/647 1911/16/520 2272/14/647
f 2273/599/648 1911/16/520 2271/598/647
f 2273/599/648 1910/469/519 1911/16/520
f 1911/16/520 1910/469/519 1909/468/518
f 2274/1/649 2275/1/650 2276/1/651
f 2274/1/649 2277/1/652 2275/1/650
f 2274/1/649 2276/1/651 2278/1/651
f 2277/1/652 2274/1/649 2279/1/653
f 2280/1/654 2278/1/651 2276/1/651
f 2279/1/653 2281/1/655 2277/1/652
f 2278/1/651 2280/1/654 2282/1/654
f 2282/1/654 2280/1/654 2283/1/656
f 2283/1/656 2284/1/657 2282/1/654
f 2281/1/655 2279/1/653 2285/1/658
f 2281/1/655 2285/1/658 2286/1/1
f 2287/1/28 2286/1/1 2285/1/658
f 2288/600/163 2289/601/163 2290/457/163
f 2290/457/163 2289/601/163 2291/458/163
f 2292/340/659 2293/602/659 2294/603/660
f 2292/340/659 2294/603/660 2295/604/660
f 2296/344/661 2292/340/659 2295/604/660
f 2295/604/660 2297/605/661 2296/344/661
f 2296/344/661 2297/605/661 2298/345/662
f 2299/1/663 2300/1/664 2301/1/665
f 2300/1/664 2299/1/663 2302/1/666
f 2302/1/666 2303/1/667 2300/1/664
f 2303/1/667 2302/1/666 2304/1/668
f 2301/1/665 2305/1/310 2299/1/663
f 2305/1/310 2301/1/665 2306/1/669
f 2307/1/385 2305/1/310 2306/1/669
f 2308/1/266 2305/1/310 2307/1/385
f 2305/1/310 2308/1/266 2309/1/670
f 2308/1/266 2310/1/671 2309/1/670
f 2309/1/670 2310/1/671 2311/1/672
f 2309/1/670 2311/1/672 2312/1/673
f 2312/1/673 2311/1/672 2313/1/28
f 2314/1/28 2312/1/673 2313/1/28
f 2315/601/674 2316/600/675 2317/600/675
f 2315/601/674 2317/600/675 2318/601/676
f 2319/606/677 2320/587/678 2321/587/677
f 2319/606/677 2321/587/677 2322/586/679
f 2323/28/680 2324/607/681 2325/608/682
f 2324/607/681 2323/28/680 2326/26/683
f 2327/609/684 2323/28/680 2325/608/682
f 2323/28/680 2327/609/684 2328/610/684
f 2327/609/684 2325/608/682 2329/611/685
f 2330/612/686 2323/28/680 2328/610/684
f 2323/28/680 2330/612/686 2331/30/686
f 2331/30/686 2330/612/686 2332/31/687
f 2332/31/687 2330/612/686 2333/613/687
f 2333/613/687 2334/614/688 2332/31/687
f 2334/614/688 2333/613/687 2335/615/689
f 2335/615/689 2336/616/690 2334/614/688
f 2336/616/690 2335/615/689 2337/617/482
f 2329/611/685 2325/608/682 2338/618/691
f 2338/618/691 2339/619/692 2329/611/685
f 2329/611/685 2339/619/692 2340/620/692
f 2339/619/692 2338/618/691 2341/621/693
f 2340/620/692 2339/619/692 2342/622/694
f 2343/623/694 2340/620/692 2342/622/694
f 2343/623/694 2344/624/694 2340/620/692
f 2338/618/691 2345/625/695 2341/621/693
f 2341/621/693 2345/625/695 2346/626/696
f 2346/626/696 2345/625/695 2347/627/697
f 2347/627/697 2345/625/695 2348/628/698
f 2346/626/696 2347/627/697 2349/629/699
f 2350/489/669 2351/488/700 2352/630/385
f 2353/631/701 2354/632/702 2355/633/703
f 2354/632/702 2353/631/701 2356/634/704
f 2357/635/705 2355/633/703 2354/632/702
f 2353/631/701 2358/636/706 2356/634/704
f 2355/633/703 2357/635/705 2359/637/705
f 2358/636/706 2353/631/701 2360/638/707
f 2360/638/707 2361/639/708 2358/636/706
f 2361/639/708 2360/638/707 2362/640/708
f 2357/635/705 2363/641/709 2359/637/705
f 2363/641/709 2357/635/705 2364/642/709
f 2365/643/710 2363/641/709 2364/642/709
f 2363/641/709 2365/643/710 2366/644/710
f 2367/645/601 2366/644/710 2365/643/710
f 2366/644/710 2367/645/601 2368/646/711
f 2369/1/135 2370/1/135 2371/1/135
f 2370/1/135 2372/1/135 2371/1/135
f 2373/248/346 2374/386/409 2375/647/409
f 2373/248/346 2375/647/409 2376/648/346
f 2377/51/712 2373/248/346 2376/648/346
f 2378/1/28 2379/1/28 2380/1/28
f 2380/1/28 2381/1/28 2378/1/28
f 2379/1/28 2382/1/28 2380/1/28
f 2382/1/28 2379/1/28 2383/1/28
f 2384/1/28 2381/1/28 2380/1/28
f 2381/1/28 2384/1/28 2385/1/28
f 2386/136/135 2387/649/135 2388/649/135
f 2386/136/135 2388/649/135 2389/136/135
f 2390/1/183 2391/1/135 2392/1/135
f 2391/1/135 2390/1/183 2393/1/135
f 2390/1/183 2392/1/135 2394/1/135
f 2394/1/135 2392/1/135 2395/1/135
f 2393/1/135 2390/1/183 2396/1/135
f 2396/1/135 2390/1/183 2397/1/135
f 2396/1/135 2397/1/135 2398/1/135
f 2399/1/10 2400/1/9 2401/1/10
f 2402/1/10 2399/1/10 2401/1/10
f 2403/1/9 2400/1/9 2399/1/10
f 2400/1/9 2403/1/9 2404/1/9
f 2399/1/10 2402/1/10 2405/1/10
f 2405/1/10 2402/1/10 2406/1/10
f 2407/86/713 2408/87/714 2409/88/715
f 2410/650/218 2411/35/716 2412/34/218
f 2413/35/717 2414/651/544 2410/650/718
f 2415/35/719 2416/650/218 2417/652/699
f 2418/35/717 2416/650/718 2419/34/720
f 2420/5/721 2421/653/722 2422/654/723
f 2421/653/722 2420/5/721 2423/6/482
f 2424/240/724 2425/240/92 2426/239/725
f 2427/20/28 2428/20/726 2429/20/727
f 2428/20/726 2427/20/28 2430/20/28
f 2429/20/727 2428/20/726 2431/87/714
f 2431/87/714 2428/20/726 2432/87/728
f 2432/87/728 2433/86/713 2431/87/714
f 2431/87/714 2433/86/713 2434/86/729
f 2431/87/714 2434/86/729 2435/88/730
f 2434/86/729 2433/86/713 2436/655/160
f 2436/655/160 2433/86/713 2437/655/160
f 2436/655/160 2437/655/160 2438/86/31
f 2438/86/31 2437/655/160 2439/86/731
f 2440/87/732 2438/86/31 2439/86/731
f 2440/87/732 2439/86/731 2441/87/733
f 2441/87/733 2439/86/731 2442/88/33
f 2443/20/734 2440/87/732 2441/87/733
f 2440/87/732 2443/20/734 2444/20/734
f 2445/277/735 2446/325/736 2447/656/737
f 2447/656/737 2446/325/736 2448/657/738
f 2449/658/739 2447/656/737 2448/657/738
f 2450/1/28 2451/1/28 2452/1/28
f 2452/1/28 2453/1/28 2450/1/28
f 2451/1/28 2454/1/28 2452/1/28
f 2454/1/28 2451/1/28 2455/1/28
f 2456/1/28 2453/1/28 2452/1/28
f 2453/1/28 2456/1/28 2457/1/28
f 2458/659/740 2459/300/741 2460/660/742
f 2459/300/741 2458/659/740 2461/299/743
f 2462/1/10 2463/1/10 2464/1/10
f 2465/1/9 2462/1/10 2464/1/10
f 2463/1/10 2462/1/10 2466/1/10
f 2463/1/10 2466/1/10 2467/1/10
f 2462/1/10 2465/1/9 2468/1/9
f 2468/1/9 2465/1/9 2469/1/9
f 2470/1/744 2471/1/745 2472/1/745
f 2471/1/745 2470/1/744 2473/1/746
f 2473/1/746 2470/1/744 2474/1/747
f 2475/362/748 2476/661/749 2477/363/736
f 2476/661/749 2475/362/748 2478/662/750
f 2478/662/750 2479/663/739 2476/661/749
f 2479/663/739 2478/662/750 2480/664/751
f 2481/659/750 2482/660/742 2483/665/752
f 2484/666/753 2485/519/754 2486/519/755
f 2487/520/756 2484/666/757 2488/520/758
f 2489/518/759 2486/519/755 2485/519/754
f 2486/519/755 2489/518/759 2490/518/760
f 2491/116/761 2490/518/760 2489/518/759
f 2490/518/760 2491/116/761 2492/116/761
f 2493/314/762 2494/667/763 2495/315/763
f 2494/667/763 2493/314/762 2496/668/762
f 2497/667/764 2498/314/765 2499/315/764
f 2498/314/765 2497/667/764 2500/668/765
f 2501/1/28 2502/1/28 2503/1/28
f 2503/1/28 2504/1/28 2501/1/28
f 2502/1/28 2505/1/28 2503/1/28
f 2505/1/28 2502/1/28 2506/1/28
f 2507/1/28 2504/1/28 2503/1/28
f 2504/1/28 2507/1/28 2508/1/28
f 2509/95/509 2510/522/766 2511/95/135
f 2510/522/766 2509/95/509 2512/522/767
f 2513/1/10 2514/1/10 2515/1/10
f 2516/1/10 2513/1/10 2515/1/10
f 2517/1/10 2514/1/10 2513/1/10
f 2514/1/10 2517/1/10 2518/1/10
f 2516/1/10 2519/1/10 2513/1/10
f 2519/1/10 2516/1/10 2520/1/10
f 2521/139/768 2522/139/768 2523/139/768
f 2522/139/768 2521/139/768 2524/139/768
f 2525/669/769 2526/139/770 2527/139/771
f 2526/139/770 2525/669/769 2528/139/772
f 2529/1/773 2530/337/774 2531/670/775
f 2530/337/774 2529/1/773 2532/671/776
f 2533/672/777 2534/1/778 2531/670/775
f 2534/1/778 2533/672/777 2535/1/779
f 2536/673/780 2537/673/781 2538/673/782
f 2538/673/782 2537/673/781 2539/673/783
f 2540/312/784 2541/668/762 2542/314/762
f 2541/668/762 2540/312/784 2543/674/784
f 2541/668/762 2543/674/784 2544/675/785
f 2544/675/785 2545/676/785 2541/668/762
f 2543/674/784 2540/312/784 2546/677/786
f 2546/677/786 2547/678/787 2543/674/784
f 2547/678/787 2546/677/786 2548/679/787
f 2548/679/787 2546/677/786 2549/680/786
f 2549/680/786 2546/677/786 2550/681/788
f 2551/674/789 2552/677/789 2553/321/789
f 2554/678/789 2552/677/789 2551/674/789
f 2552/677/789 2554/678/789 2555/679/789
f 2552/677/789 2555/679/789 2556/680/789
f 2556/680/789 2557/682/789 2552/677/789
f 2551/674/789 2553/321/789 2558/668/765
f 2558/668/765 2553/321/789 2559/314/790
f 2551/674/789 2558/668/765 2560/675/789
f 2558/668/765 2561/676/789 2560/675/789
f 2562/289/777 2563/225/769 2564/683/791
f 2565/1/28 2566/1/28 2567/1/28
f 2567/1/28 2568/1/28 2565/1/28
f 2566/1/28 2569/1/28 2567/1/28
f 2569/1/28 2566/1/28 2570/1/28
f 2571/1/28 2568/1/28 2567/1/28
f 2568/1/28 2571/1/28 2572/1/28
f 2573/1/10 2574/1/10 2575/1/10
f 2576/1/10 2573/1/10 2575/1/10
f 2577/1/10 2574/1/10 2573/1/10
f 2574/1/10 2577/1/10 2578/1/10
f 2579/1/10 2573/1/10 2576/1/10
f 2579/1/10 2576/1/10 2580/1/10
f 2581/521/792 2582/122/573 2583/684/572
f 2584/93/793 2583/684/572 2582/122/573
f 2585/685/794 2586/685/795 2587/685/796
f 2587/685/796 2586/685/795 2588/685/797
f 2589/1/28 2590/1/28 2591/1/28
f 2591/1/28 2592/1/28 2589/1/28
f 2590/1/28 2593/1/28 2591/1/28
f 2593/1/28 2590/1/28 2594/1/28
f 2595/1/28 2592/1/28 2591/1/28
f 2592/1/28 2595/1/28 2596/1/28
f 2597/1/10 2598/1/10 2599/1/10
f 2600/1/10 2597/1/10 2599/1/10
f 2601/1/10 2598/1/10 2597/1/10
f 2598/1/10 2601/1/10 2602/1/10
f 2603/1/10 2597/1/10 2600/1/10
f 2603/1/10 2600/1/10 2604/1/10
f 2605/1/778 2606/1/798 2607/670/799
f 2608/1/28 2609/1/28 2610/1/28
f 2610/1/28 2611/1/28 2608/1/28
f 2609/1/28 2612/1/28 2610/1/28
f 2612/1/28 2609/1/28 2613/1/28
f 2614/1/28 2611/1/28 2610/1/28
f 2611/1/28 2614/1/28 2615/1/28
f 2616/686/28 2617/687/28 2618/688/28
f 2617/687/28 2616/686/28 2619/689/800
f 2620/690/28 2616/686/28 2618/688/28
f 2621/691/801 2616/686/28 2620/690/28
f 2622/666/753 2623/520/802 2624/519/803
f 2625/136/196 2626/692/28 2627/693/28
f 2626/692/28 2628/694/28 2627/693/28
f 2627/693/28 2628/694/28 2629/695/28
f 2626/692/28 2625/136/196 2630/696/28
f 2630/696/28 2631/697/28 2626/692/28
f 2630/696/28 2625/136/196 2632/698/28
f 2633/699/28 2629/695/28 2628/694/28
f 2633/699/28 2628/694/28 2634/700/28
f 2629/695/28 2633/699/28 2635/701/28
f 2633/699/28 2636/702/28 2635/701/28
f 2637/703/28 2632/698/28 2625/136/196
f 2632/698/28 2637/703/28 2638/704/28
f 2637/703/28 2625/136/196 2639/705/196
f 2639/705/196 2635/701/28 2636/702/28
f 2639/705/196 2640/706/28 2637/703/28
f 2641/707/28 2640/706/28 2639/705/196
f 2639/705/196 2636/702/28 2641/707/28
f 2641/707/28 2636/702/28 2642/708/28
f 2643/650/10 2644/137/616 2645/652/616
f 2646/1/28 2647/1/28 2648/1/28
f 2648/1/28 2649/1/28 2646/1/28
f 2647/1/28 2650/1/28 2648/1/28
f 2650/1/28 2647/1/28 2651/1/28
f 2652/1/28 2649/1/28 2648/1/28
f 2649/1/28 2652/1/28 2653/1/28
f 2654/137/804 2655/650/10 2656/709/632
f 2655/650/10 2654/137/804 2657/137/10
f 2658/137/616 2655/650/10 2657/137/10
f 2659/710/805 2660/710/806 2661/710/807
f 2661/710/807 2660/710/806 2662/710/808
f 2663/136/10 2664/711/10 2665/136/10
f 2664/711/10 2663/136/10 2666/136/10
f 2667/711/10 2665/136/10 2664/711/10
f 2665/136/10 2667/711/10 2668/136/10
f 2669/90/809 2670/93/810 2671/93/811
f 2670/93/810 2669/90/809 2672/90/812
f 2673/712/813 2671/93/811 2670/93/810
f 2671/93/811 2673/712/813 2674/684/814
f 2675/684/815 2674/684/814 2673/712/813
f 2675/684/815 2676/521/816 2674/684/814
f 2676/521/816 2675/684/815 2677/521/817
f 2677/521/817 2675/684/815 2678/713/818
f 2679/401/819 2680/411/820 2681/405/820
f 2680/411/820 2679/401/819 2682/413/819
f 2679/401/819 2683/414/821 2682/413/819
f 2683/414/821 2679/401/819 2684/403/822
f 2685/415/823 2683/414/821 2684/403/822
f 2684/403/822 2686/553/823 2685/415/823
f 2686/553/823 2687/416/824 2685/415/823
f 2687/416/824 2686/553/823 2688/550/825
f 2689/548/826 2687/416/824 2688/550/825
f 2687/416/824 2689/548/826 2690/417/826
f 2691/546/827 2690/417/826 2689/548/826
f 2690/417/826 2691/546/827 2692/418/827
f 2693/545/828 2692/418/827 2691/546/827
f 2692/418/827 2693/545/828 2694/419/828
f 2695/543/829 2694/419/828 2693/545/828
f 2694/419/828 2695/543/829 2696/420/830
f 2695/543/829 2697/421/831 2696/420/830
f 2697/421/831 2695/543/829 2698/541/831
f 2698/541/831 2699/422/832 2697/421/831
f 2699/422/832 2698/541/831 2700/539/833
f 2701/536/834 2699/422/832 2700/539/833
f 2699/422/832 2701/536/834 2702/423/834
f 2703/534/835 2702/423/834 2701/536/834
f 2702/423/834 2703/534/835 2704/424/835
f 2705/533/836 2704/424/835 2703/534/835
f 2704/424/835 2705/533/836 2706/425/836
f 2707/426/837 2706/425/836 2705/533/836
f 2705/533/836 2708/427/837 2707/426/837
f 2709/714/838 2710/714/839 2711/714/840
f 2710/714/839 2709/714/838 2712/714/841
f 2713/715/842 2714/715/843 2715/715/844
f 2714/715/843 2713/715/842 2716/715/845
o pentagramme
v -0.154317 -0.103811 -0.280070
v -0.161073 -0.101347 -0.280499
v -0.152877 -0.101234 -0.287942
v -0.159634 -0.098771 -0.288371
v -0.085378 0.099039 -0.200938
v -0.092135 0.101502 -0.201367
v -0.083939 0.101615 -0.208809
v -0.090695 0.104079 -0.209239
v -0.132365 -0.023411 -0.164171
v -0.139121 -0.020948 -0.164601
v -0.134332 -0.029710 -0.169367
v -0.141088 -0.027247 -0.169796
v -0.073830 0.105940 -0.343062
v -0.080587 0.108404 -0.343491
v -0.075796 0.099641 -0.348270
v -0.082553 0.102105 -0.348699
v -0.083330 0.103563 -0.207204
v -0.090087 0.106026 -0.207633
v -0.085986 0.097091 -0.202543
v -0.092743 0.099555 -0.202972
v -0.116091 -0.019339 -0.396893
v -0.122848 -0.016875 -0.397322
v -0.118747 -0.025810 -0.392244
v -0.125503 -0.023347 -0.392673
v -0.074975 0.101642 -0.349706
v -0.081732 0.104106 -0.350135
v -0.074651 0.103939 -0.341626
v -0.081408 0.106403 -0.342055
v -0.153759 -0.103671 -0.288046
v -0.160516 -0.101207 -0.288475
v -0.153435 -0.101374 -0.279965
v -0.160191 -0.098910 -0.280395
v -0.118848 -0.026523 -0.394744
v -0.125604 -0.024059 -0.395173
v -0.115990 -0.018626 -0.394405
v -0.122746 -0.016162 -0.394835
v -0.134778 -0.030509 -0.166932
v -0.141534 -0.028046 -0.167361
v -0.131920 -0.022612 -0.166594
v -0.138676 -0.020149 -0.167023
v -0.163082 -0.099218 -0.281000
v -0.162316 -0.097221 -0.281597
v -0.161745 -0.095960 -0.283341
v -0.161589 -0.095921 -0.285569
v -0.161909 -0.097119 -0.287418
v -0.162580 -0.099093 -0.288185
v -0.163346 -0.101090 -0.287588
v -0.163917 -0.102351 -0.285844
v -0.164072 -0.102390 -0.283616
v -0.163753 -0.101192 -0.281767
v -0.160789 -0.100168 -0.278207
v -0.159460 -0.096706 -0.279258
v -0.158471 -0.094520 -0.282268
v -0.158202 -0.094452 -0.286125
v -0.158756 -0.096530 -0.289318
v -0.159918 -0.099950 -0.290663
v -0.161247 -0.103412 -0.289612
v -0.162236 -0.105598 -0.286602
v -0.162505 -0.105666 -0.282745
v -0.161951 -0.103588 -0.279552
v -0.157478 -0.101416 -0.277035
v -0.155940 -0.097410 -0.278241
v -0.154799 -0.094888 -0.281729
v -0.154489 -0.094810 -0.286160
v -0.155128 -0.097207 -0.289858
v -0.156473 -0.101165 -0.291406
v -0.158010 -0.105171 -0.290199
v -0.159152 -0.107694 -0.286712
v -0.159462 -0.107771 -0.282281
v -0.158823 -0.105375 -0.278582
v -0.154033 -0.102631 -0.277778
v -0.152704 -0.099170 -0.278828
v -0.151715 -0.096983 -0.281839
v -0.151445 -0.096916 -0.285695
v -0.152000 -0.098994 -0.288888
v -0.153162 -0.102414 -0.290233
v -0.154491 -0.105875 -0.289183
v -0.155479 -0.108062 -0.286172
v -0.155749 -0.108129 -0.282316
v -0.155194 -0.106051 -0.279123
v -0.151371 -0.103489 -0.280255
v -0.150605 -0.101491 -0.280853
v -0.150034 -0.100230 -0.282597
v -0.149878 -0.100191 -0.284824
v -0.150198 -0.101389 -0.286673
v -0.150869 -0.103363 -0.287441
v -0.151635 -0.105360 -0.286843
v -0.152206 -0.106622 -0.285100
v -0.152361 -0.106661 -0.282872
v -0.152042 -0.105462 -0.281023
v -0.163732 -0.098827 -0.284650
v -0.150219 -0.103754 -0.283791
v -0.142834 -0.023257 -0.163757
v -0.142066 -0.021259 -0.164367
v -0.141496 -0.019998 -0.166110
v -0.141341 -0.019959 -0.168326
v -0.141660 -0.021157 -0.170175
v -0.142331 -0.023131 -0.170943
v -0.143102 -0.025140 -0.170345
v -0.143668 -0.026390 -0.168601
v -0.143823 -0.026428 -0.166386
v -0.143508 -0.025241 -0.164537
v -0.140540 -0.024206 -0.160977
v -0.139212 -0.020744 -0.162015
v -0.138222 -0.018558 -0.165038
v -0.137953 -0.018490 -0.168882
v -0.138507 -0.020568 -0.172087
v -0.139670 -0.023988 -0.173420
v -0.141002 -0.027461 -0.172382
v -0.141987 -0.029637 -0.169359
v -0.142256 -0.029704 -0.165515
v -0.141706 -0.027637 -0.162310
v -0.137229 -0.025455 -0.159792
v -0.135692 -0.021448 -0.160999
v -0.134555 -0.018937 -0.164487
v -0.134244 -0.018860 -0.168930
v -0.134879 -0.021245 -0.172628
v -0.136224 -0.025203 -0.174163
v -0.137761 -0.029210 -0.172969
v -0.138903 -0.031732 -0.169481
v -0.139213 -0.031810 -0.165038
v -0.138574 -0.029413 -0.161340
v -0.133783 -0.026670 -0.160547
v -0.132455 -0.023208 -0.161586
v -0.131466 -0.021021 -0.164608
v -0.131197 -0.020954 -0.168453
v -0.131751 -0.023032 -0.171658
v -0.132913 -0.026452 -0.172991
v -0.134245 -0.029925 -0.171953
v -0.135231 -0.032100 -0.168930
v -0.135500 -0.032167 -0.165085
v -0.134950 -0.030101 -0.161881
v -0.131123 -0.027527 -0.163013
v -0.130355 -0.025529 -0.163622
v -0.129785 -0.024268 -0.165366
v -0.129630 -0.024230 -0.167582
v -0.129949 -0.025428 -0.169431
v -0.130620 -0.027401 -0.170198
v -0.131391 -0.029410 -0.169601
v -0.131957 -0.030660 -0.167857
v -0.132112 -0.030699 -0.165641
v -0.131797 -0.029512 -0.163793
v -0.143483 -0.022865 -0.167407
v -0.129970 -0.027793 -0.166548
v -0.094143 0.103631 -0.201867
v -0.093373 0.105640 -0.202465
v -0.092806 0.106890 -0.204209
v -0.092651 0.106929 -0.206436
v -0.092966 0.105742 -0.208285
v -0.093641 0.103757 -0.209053
v -0.094407 0.101759 -0.208456
v -0.094978 0.100498 -0.206712
v -0.095134 0.100459 -0.204484
v -0.094814 0.101657 -0.202635
v -0.091849 0.102682 -0.199087
v -0.090517 0.106155 -0.200125
v -0.089532 0.108330 -0.203148
v -0.089263 0.108397 -0.206993
v -0.089813 0.106331 -0.210197
v -0.090979 0.102900 -0.211531
v -0.092307 0.099438 -0.210492
v -0.093297 0.097251 -0.207470
v -0.093566 0.097184 -0.203625
v -0.093012 0.099262 -0.200420
v -0.088539 0.101433 -0.197903
v -0.087001 0.105439 -0.199109
v -0.085860 0.107962 -0.202597
v -0.085549 0.108039 -0.207040
v -0.086188 0.105643 -0.210738
v -0.087534 0.101684 -0.212274
v -0.089071 0.097678 -0.211079
v -0.090208 0.095167 -0.207591
v -0.090519 0.095090 -0.203148
v -0.089884 0.097475 -0.199450
v -0.085093 0.100218 -0.198658
v -0.083761 0.103691 -0.199696
v -0.082775 0.105866 -0.202719
v -0.082507 0.105934 -0.206563
v -0.083056 0.103867 -0.209768
v -0.084223 0.100436 -0.211101
v -0.085551 0.096974 -0.210063
v -0.086541 0.094788 -0.207040
v -0.086809 0.094720 -0.203196
v -0.086255 0.096798 -0.199991
v -0.082432 0.099361 -0.201123
v -0.081662 0.101369 -0.201720
v -0.081095 0.102619 -0.203465
v -0.080939 0.102658 -0.205692
v -0.081255 0.101471 -0.207541
v -0.081930 0.099486 -0.208309
v -0.082696 0.097489 -0.207711
v -0.083267 0.096228 -0.205968
v -0.083423 0.096189 -0.203740
v -0.083103 0.097387 -0.201891
v -0.094793 0.104022 -0.205518
v -0.081280 0.099095 -0.204659
v -0.084298 0.106095 -0.342660
v -0.083528 0.108103 -0.343257
v -0.082961 0.109353 -0.345001
v -0.082805 0.109392 -0.347229
v -0.083121 0.108205 -0.349077
v -0.083796 0.106220 -0.349846
v -0.084562 0.104223 -0.349248
v -0.085133 0.102962 -0.347504
v -0.085288 0.102923 -0.345277
v -0.084969 0.104121 -0.343427
v -0.082005 0.105145 -0.339868
v -0.080673 0.108618 -0.340905
v -0.079687 0.110793 -0.343929
v -0.079419 0.110861 -0.347773
v -0.079968 0.108794 -0.350977
v -0.081135 0.105363 -0.352311
v -0.082463 0.101901 -0.351273
v -0.083453 0.099715 -0.348250
v -0.083721 0.099647 -0.344406
v -0.083167 0.101725 -0.341201
v -0.078694 0.103897 -0.338695
v -0.077157 0.107903 -0.339890
v -0.076016 0.110425 -0.343377
v -0.075705 0.110503 -0.347820
v -0.076344 0.108106 -0.351519
v -0.077689 0.104148 -0.353066
v -0.079227 0.100142 -0.351860
v -0.080364 0.097631 -0.348371
v -0.080674 0.097553 -0.343928
v -0.080040 0.099938 -0.340231
v -0.075249 0.102682 -0.339438
v -0.073916 0.106154 -0.340476
v -0.072931 0.108330 -0.343499
v -0.072662 0.108397 -0.347344
v -0.073212 0.106331 -0.350548
v -0.074379 0.102899 -0.351882
v -0.075707 0.099438 -0.350843
v -0.076696 0.097251 -0.347821
v -0.076965 0.097184 -0.343976
v -0.076411 0.099261 -0.340771
v -0.072587 0.101824 -0.341916
v -0.071817 0.103833 -0.342513
v -0.071250 0.105083 -0.344257
v -0.071094 0.105122 -0.346485
v -0.071410 0.103935 -0.348333
v -0.072085 0.101950 -0.349101
v -0.072851 0.099953 -0.348504
v -0.073422 0.098691 -0.346760
v -0.073577 0.098652 -0.344532
v -0.073258 0.099851 -0.342683
v -0.084948 0.106486 -0.346310
v -0.071435 0.101559 -0.345451
v -0.126904 -0.019270 -0.391568
v -0.126137 -0.017273 -0.392166
v -0.125567 -0.016012 -0.393910
v -0.125412 -0.015973 -0.396125
v -0.125731 -0.017171 -0.397974
v -0.126401 -0.019145 -0.398754
v -0.127172 -0.021154 -0.398145
v -0.127739 -0.022404 -0.396401
v -0.127894 -0.022442 -0.394185
v -0.127579 -0.021255 -0.392336
v -0.124610 -0.020220 -0.388776
v -0.123282 -0.016758 -0.389815
v -0.122293 -0.014572 -0.392837
v -0.122024 -0.014504 -0.396681
v -0.122578 -0.016582 -0.399887
v -0.123740 -0.020002 -0.401219
v -0.125073 -0.023475 -0.400182
v -0.126058 -0.025650 -0.397159
v -0.126327 -0.025718 -0.393314
v -0.125777 -0.023651 -0.390110
v -0.121299 -0.021469 -0.387603
v -0.119762 -0.017462 -0.388798
v -0.118625 -0.014951 -0.392286
v -0.118315 -0.014874 -0.396729
v -0.118949 -0.017259 -0.400427
v -0.120294 -0.021217 -0.401975
v -0.121832 -0.025223 -0.400768
v -0.122973 -0.027746 -0.397280
v -0.123284 -0.027823 -0.392837
v -0.122645 -0.025427 -0.389139
v -0.117854 -0.022684 -0.388347
v -0.116526 -0.019222 -0.389385
v -0.115536 -0.017035 -0.392408
v -0.115268 -0.016968 -0.396252
v -0.115822 -0.019046 -0.399457
v -0.116984 -0.022466 -0.400790
v -0.118316 -0.025939 -0.399752
v -0.119302 -0.028114 -0.396729
v -0.119570 -0.028181 -0.392885
v -0.119021 -0.026115 -0.389680
v -0.115192 -0.023541 -0.390824
v -0.114426 -0.021543 -0.391422
v -0.113855 -0.020282 -0.393166
v -0.113701 -0.020243 -0.395381
v -0.114020 -0.021442 -0.397230
v -0.114690 -0.023415 -0.398010
v -0.115461 -0.025424 -0.397401
v -0.116028 -0.026674 -0.395656
v -0.116183 -0.026713 -0.393441
v -0.115867 -0.025526 -0.391592
v -0.127553 -0.018879 -0.395218
v -0.114040 -0.023806 -0.394360
v -0.151908 -0.103138 -0.283898
v -0.153661 -0.102663 -0.280184
v -0.157352 -0.101385 -0.278831
v -0.160822 -0.100052 -0.280639
v -0.162043 -0.099443 -0.284542
v -0.160290 -0.099918 -0.288256
v -0.156598 -0.101196 -0.289610
v -0.153128 -0.102530 -0.287801
v -0.163874 -0.121762 -0.285061
v -0.164033 -0.121718 -0.284734
v -0.164358 -0.121606 -0.284611
v -0.164663 -0.121488 -0.284774
v -0.164775 -0.121433 -0.285118
v -0.164617 -0.121476 -0.285445
v -0.164291 -0.121589 -0.285569
v -0.163986 -0.121706 -0.285405
v -0.156975 -0.101291 -0.284220
v -0.164325 -0.121597 -0.285090
v -0.131660 -0.027177 -0.166656
v -0.131995 -0.023248 -0.165431
v -0.135096 -0.020530 -0.165106
v -0.139157 -0.020637 -0.165886
v -0.141794 -0.023481 -0.167300
v -0.141462 -0.027421 -0.168537
v -0.138358 -0.030128 -0.168849
v -0.134300 -0.030032 -0.168082
v -0.139979 -0.032124 -0.146726
v -0.140016 -0.031784 -0.146614
v -0.140286 -0.031534 -0.146581
v -0.140647 -0.031554 -0.146655
v -0.140880 -0.031796 -0.146784
v -0.140849 -0.032148 -0.146884
v -0.140575 -0.032386 -0.146917
v -0.140218 -0.032378 -0.146844
v -0.136727 -0.025329 -0.166978
v -0.140430 -0.031960 -0.146755
v -0.082969 0.099711 -0.204766
v -0.083476 0.102417 -0.207860
v -0.086650 0.104625 -0.209320
v -0.090638 0.105028 -0.208315
v -0.093104 0.103406 -0.205410
v -0.092596 0.100701 -0.202328
v -0.089419 0.098504 -0.200856
v -0.085434 0.098090 -0.201873
v -0.082527 0.117599 -0.191686
v -0.082574 0.117844 -0.191961
v -0.082853 0.118040 -0.192086
v -0.083204 0.118074 -0.192002
v -0.083428 0.117927 -0.191743
v -0.083378 0.117692 -0.191467
v -0.083098 0.117497 -0.191342
v -0.082747 0.117463 -0.191427
v -0.088037 0.101559 -0.205088
v -0.082978 0.117763 -0.191714
v -0.073124 0.102175 -0.345559
v -0.075159 0.100661 -0.348821
v -0.078964 0.101120 -0.350367
v -0.082321 0.103272 -0.349276
v -0.083259 0.105870 -0.346203
v -0.081225 0.107384 -0.342928
v -0.077414 0.106936 -0.341393
v -0.074063 0.104772 -0.342473
v -0.070910 0.120506 -0.357820
v -0.071091 0.120379 -0.358111
v -0.071428 0.120417 -0.358243
v -0.071722 0.120609 -0.358151
v -0.071811 0.120834 -0.357877
v -0.071626 0.120972 -0.357585
v -0.071289 0.120934 -0.357453
v -0.070995 0.120742 -0.357545
v -0.078191 0.104022 -0.345881
v -0.071361 0.120670 -0.357848
v -0.115729 -0.023191 -0.394467
v -0.118536 -0.026088 -0.393522
v -0.122661 -0.026200 -0.393331
v -0.125698 -0.023476 -0.393977
v -0.125864 -0.019495 -0.395111
v -0.123063 -0.016610 -0.396045
v -0.118933 -0.016485 -0.396247
v -0.115901 -0.019221 -0.395589
v -0.121184 -0.027421 -0.415520
v -0.121436 -0.027678 -0.415446
v -0.121799 -0.027688 -0.415424
v -0.122066 -0.027448 -0.415486
v -0.122084 -0.027092 -0.415578
v -0.121836 -0.026847 -0.415664
v -0.121468 -0.026825 -0.415686
v -0.121205 -0.027076 -0.415624
v -0.120797 -0.021343 -0.394789
v -0.121634 -0.027257 -0.415549
v -0.125316 0.009229 -0.148252
v -0.128786 0.010562 -0.150060
v -0.130006 0.011171 -0.153963
v -0.128253 0.010696 -0.157677
v -0.124562 0.009418 -0.159030
v -0.121091 0.008084 -0.157222
v -0.119871 0.007476 -0.153319
v -0.121624 0.007951 -0.149605
v -0.119402 0.025370 -0.148687
v -0.122944 0.026511 -0.150480
v -0.124333 0.026657 -0.154379
v -0.122754 0.025707 -0.158077
v -0.119133 0.024237 -0.159427
v -0.115592 0.023095 -0.157622
v -0.114198 0.022961 -0.153735
v -0.115782 0.023900 -0.150025
v -0.113432 0.041279 -0.151350
v -0.117045 0.042228 -0.153115
v -0.118609 0.041909 -0.156938
v -0.117204 0.040495 -0.160560
v -0.113656 0.038832 -0.161870
v -0.110042 0.037884 -0.160105
v -0.108474 0.038214 -0.156294
v -0.109884 0.039616 -0.152660
v -0.107509 0.056673 -0.156216
v -0.111193 0.057440 -0.157917
v -0.112931 0.056667 -0.161592
v -0.111697 0.054811 -0.165077
v -0.108218 0.052966 -0.166335
v -0.104535 0.052199 -0.164622
v -0.102797 0.052972 -0.160948
v -0.104031 0.054829 -0.157462
v -0.101733 0.071302 -0.163177
v -0.105488 0.071887 -0.164802
v -0.107392 0.070693 -0.168278
v -0.106324 0.068415 -0.171554
v -0.102918 0.066389 -0.172724
v -0.099163 0.065804 -0.171099
v -0.097257 0.066998 -0.167634
v -0.098326 0.069276 -0.164346
v -0.096203 0.084905 -0.172135
v -0.100024 0.085330 -0.173646
v -0.102090 0.083737 -0.176865
v -0.101185 0.081059 -0.179882
v -0.097843 0.078873 -0.180950
v -0.094023 0.078447 -0.179427
v -0.091956 0.080041 -0.176221
v -0.092862 0.082719 -0.173191
v -0.091015 0.097253 -0.182920
v -0.094898 0.097529 -0.184306
v -0.097115 0.095580 -0.187204
v -0.096358 0.092547 -0.189913
v -0.093083 0.090200 -0.190857
v -0.089197 0.089935 -0.189458
v -0.086980 0.091885 -0.186560
v -0.087736 0.094918 -0.183851
v -0.086259 0.108129 -0.195363
v -0.090197 0.108278 -0.196599
v -0.092554 0.106006 -0.199139
v -0.091934 0.102662 -0.201489
v -0.088715 0.100189 -0.202270
v -0.084773 0.100051 -0.201034
v -0.082420 0.102311 -0.198495
v -0.083036 0.105666 -0.196143
v -0.082011 0.117358 -0.209242
v -0.086003 0.117392 -0.210315
v -0.088483 0.114853 -0.212447
v -0.087986 0.111242 -0.214390
v -0.084815 0.108664 -0.215007
v -0.080824 0.108631 -0.213934
v -0.078348 0.111158 -0.211803
v -0.078841 0.114780 -0.209860
v -0.078351 0.124769 -0.224326
v -0.082384 0.124720 -0.225211
v -0.084968 0.121971 -0.226908
v -0.084580 0.118137 -0.228417
v -0.081456 0.115466 -0.228847
v -0.077419 0.115526 -0.227962
v -0.074834 0.118275 -0.226264
v -0.075222 0.122108 -0.224755
v -0.075333 0.130254 -0.240343
v -0.079404 0.130134 -0.241039
v -0.082079 0.127218 -0.242264
v -0.081777 0.123230 -0.243312
v -0.078686 0.120499 -0.243553
v -0.074615 0.120619 -0.242857
v -0.071945 0.123523 -0.241620
v -0.072242 0.127522 -0.240584
v -0.073017 0.133696 -0.257035
v -0.077115 0.133538 -0.257529
v -0.079857 0.130524 -0.258267
v -0.079621 0.126437 -0.258827
v -0.076561 0.123657 -0.258867
v -0.072460 0.123826 -0.258372
v -0.069722 0.126828 -0.257623
v -0.069953 0.130927 -0.257073
v -0.071437 0.135055 -0.274103
v -0.075556 0.134872 -0.274395
v -0.078341 0.131827 -0.274643
v -0.078153 0.127697 -0.274702
v -0.075111 0.124902 -0.274538
v -0.070991 0.125086 -0.274247
v -0.068207 0.128131 -0.273999
v -0.068395 0.132261 -0.273939
v -0.070624 0.134294 -0.291263
v -0.074750 0.134130 -0.291349
v -0.077561 0.131099 -0.291105
v -0.077395 0.126994 -0.290660
v -0.074364 0.124207 -0.290292
v -0.070234 0.124383 -0.290205
v -0.067426 0.127403 -0.290461
v -0.067588 0.131519 -0.290894
v -0.070586 0.131441 -0.308224
v -0.074714 0.131307 -0.308106
v -0.077527 0.128357 -0.307367
v -0.077363 0.124335 -0.306427
v -0.074329 0.121589 -0.305853
v -0.070202 0.121723 -0.305971
v -0.067392 0.124662 -0.306723
v -0.067552 0.128696 -0.307651
v -0.071333 0.126525 -0.324686
v -0.075450 0.126455 -0.324374
v -0.078239 0.123655 -0.323149
v -0.078055 0.119770 -0.321735
v -0.075014 0.117078 -0.320968
v -0.070893 0.117159 -0.321280
v -0.068104 0.119959 -0.322505
v -0.068288 0.123844 -0.323918
v -0.072841 0.119653 -0.340381
v -0.076943 0.119659 -0.339874
v -0.079689 0.117054 -0.338197
v -0.079459 0.113376 -0.336331
v -0.076399 0.110770 -0.335368
v -0.072297 0.110765 -0.335876
v -0.069555 0.113358 -0.337553
v -0.069781 0.117047 -0.339419
v -0.075094 0.110923 -0.355030
v -0.079166 0.111038 -0.354349
v -0.081848 0.108685 -0.352242
v -0.081553 0.105260 -0.349946
v -0.078468 0.102753 -0.348811
v -0.074392 0.102648 -0.349491
v -0.071714 0.104990 -0.351598
v -0.072005 0.108427 -0.353894
v -0.078046 0.100499 -0.368384
v -0.082085 0.100736 -0.367542
v -0.084678 0.098692 -0.365051
v -0.084299 0.095565 -0.362370
v -0.081181 0.093179 -0.361063
v -0.077137 0.092953 -0.361915
v -0.074544 0.094997 -0.364407
v -0.074923 0.098124 -0.367087
v -0.081653 0.088546 -0.380209
v -0.085648 0.088928 -0.379230
v -0.088138 0.087228 -0.376388
v -0.087655 0.084445 -0.373369
v -0.084489 0.082214 -0.371923
v -0.080493 0.081833 -0.372914
v -0.078004 0.083533 -0.375744
v -0.078486 0.086316 -0.378775
v -0.085849 0.075277 -0.390318
v -0.089795 0.075814 -0.389212
v -0.092162 0.074505 -0.386078
v -0.091555 0.072111 -0.382766
v -0.088339 0.070037 -0.381205
v -0.084393 0.069500 -0.382311
v -0.082027 0.070809 -0.385434
v -0.082633 0.073203 -0.388757
v -0.090566 0.060913 -0.398519
v -0.094452 0.061629 -0.397322
v -0.096683 0.060733 -0.393954
v -0.095941 0.058753 -0.390398
v -0.092666 0.056858 -0.388733
v -0.088779 0.056142 -0.389942
v -0.086548 0.057038 -0.393310
v -0.087291 0.059018 -0.396867
v -0.095716 0.045712 -0.404695
v -0.099542 0.046607 -0.403418
v -0.101622 0.046160 -0.399863
v -0.100731 0.044617 -0.396132
v -0.097395 0.042901 -0.394400
v -0.093569 0.042006 -0.395677
v -0.091487 0.042464 -0.399219
v -0.092381 0.043996 -0.402963
v -0.101219 0.029920 -0.408715
v -0.104979 0.031007 -0.407394
v -0.106897 0.031020 -0.403723
v -0.105846 0.029938 -0.399877
v -0.102444 0.028413 -0.398089
v -0.098684 0.027327 -0.399422
v -0.096762 0.027324 -0.403079
v -0.097817 0.028395 -0.406939
v -0.106975 0.013818 -0.410531
v -0.110667 0.015097 -0.409177
v -0.112419 0.015572 -0.405463
v -0.111199 0.014963 -0.401561
v -0.107729 0.013630 -0.399752
v -0.104037 0.012352 -0.401105
v -0.102285 0.011876 -0.404819
v -0.103505 0.012485 -0.408722
v -0.112889 -0.002322 -0.410095
v -0.116509 -0.000852 -0.408757
v -0.118093 0.000086 -0.405048
v -0.116698 -0.000048 -0.401160
v -0.113158 -0.001189 -0.399356
v -0.109537 -0.002660 -0.400705
v -0.107958 -0.003609 -0.404404
v -0.109347 -0.003464 -0.408302
v -0.118859 -0.018231 -0.407432
v -0.122407 -0.016569 -0.406122
v -0.123817 -0.015166 -0.402488
v -0.122249 -0.014836 -0.398677
v -0.118635 -0.015785 -0.396912
v -0.115087 -0.017448 -0.398222
v -0.113682 -0.018862 -0.401844
v -0.115245 -0.019180 -0.405667
v -0.124781 -0.033626 -0.402566
v -0.128259 -0.031781 -0.401320
v -0.129494 -0.029924 -0.397835
v -0.127756 -0.029152 -0.394160
v -0.124073 -0.029919 -0.392448
v -0.120594 -0.031763 -0.393705
v -0.119359 -0.033620 -0.397191
v -0.121098 -0.034393 -0.400865
v -0.130558 -0.048255 -0.395606
v -0.133965 -0.046228 -0.394436
v -0.135033 -0.043951 -0.391148
v -0.133128 -0.042756 -0.387684
v -0.129373 -0.043341 -0.386059
v -0.125966 -0.045368 -0.387228
v -0.124899 -0.047646 -0.390504
v -0.126803 -0.048840 -0.393981
v -0.136088 -0.061858 -0.386648
v -0.139429 -0.059671 -0.385591
v -0.140335 -0.056994 -0.382562
v -0.138268 -0.055400 -0.379356
v -0.134448 -0.055825 -0.377832
v -0.131106 -0.058012 -0.378901
v -0.130201 -0.060689 -0.381918
v -0.132267 -0.062283 -0.385136
v -0.141276 -0.074206 -0.375862
v -0.144555 -0.071870 -0.374931
v -0.145311 -0.068837 -0.372222
v -0.143094 -0.066888 -0.369324
v -0.139208 -0.067153 -0.367926
v -0.135932 -0.069500 -0.368869
v -0.135176 -0.072533 -0.371578
v -0.137393 -0.074482 -0.374476
v -0.146032 -0.085081 -0.363420
v -0.149255 -0.082619 -0.362639
v -0.149871 -0.079263 -0.360288
v -0.147518 -0.077003 -0.357748
v -0.143576 -0.077141 -0.356512
v -0.140356 -0.079615 -0.357293
v -0.139736 -0.082959 -0.359644
v -0.142093 -0.085230 -0.362184
v -0.150279 -0.094311 -0.349540
v -0.153450 -0.091733 -0.348923
v -0.153943 -0.088110 -0.346979
v -0.151467 -0.085583 -0.344848
v -0.147476 -0.085617 -0.343775
v -0.144305 -0.088195 -0.344393
v -0.143808 -0.091806 -0.346335
v -0.146288 -0.094344 -0.348467
v -0.153940 -0.101721 -0.334457
v -0.157069 -0.099061 -0.334027
v -0.157457 -0.095228 -0.332518
v -0.154872 -0.092479 -0.330821
v -0.150835 -0.092418 -0.329936
v -0.147710 -0.095090 -0.330366
v -0.147322 -0.098923 -0.331874
v -0.149907 -0.101672 -0.333572
v -0.156958 -0.107206 -0.318440
v -0.160049 -0.104475 -0.318199
v -0.160346 -0.100475 -0.317162
v -0.157676 -0.097571 -0.315926
v -0.153605 -0.097451 -0.315229
v -0.150514 -0.100183 -0.315470
v -0.150212 -0.104171 -0.316518
v -0.152887 -0.107086 -0.317744
v -0.159274 -0.110648 -0.301748
v -0.162338 -0.107879 -0.301709
v -0.162568 -0.103781 -0.301160
v -0.159831 -0.100778 -0.300410
v -0.155730 -0.100610 -0.299916
v -0.152669 -0.103390 -0.299955
v -0.152434 -0.107477 -0.300516
v -0.155176 -0.110491 -0.301254
v -0.160854 -0.112008 -0.284679
v -0.163896 -0.109213 -0.284843
v -0.164084 -0.105084 -0.284784
v -0.161299 -0.102038 -0.284536
v -0.157179 -0.101855 -0.284245
v -0.154138 -0.104650 -0.284081
v -0.153949 -0.108779 -0.284140
v -0.156734 -0.111825 -0.284388
v -0.161667 -0.111247 -0.267520
v -0.164703 -0.108471 -0.267888
v -0.164865 -0.104356 -0.268321
v -0.162057 -0.101335 -0.268577
v -0.157927 -0.101159 -0.268490
v -0.154895 -0.103947 -0.268122
v -0.154730 -0.108051 -0.267677
v -0.157541 -0.111083 -0.267433
v -0.161705 -0.108394 -0.250558
v -0.164738 -0.105648 -0.251132
v -0.164899 -0.101614 -0.252060
v -0.162089 -0.098676 -0.252811
v -0.157961 -0.098542 -0.252929
v -0.154927 -0.101287 -0.252356
v -0.154764 -0.105310 -0.251416
v -0.157577 -0.108260 -0.250677
v -0.160958 -0.103477 -0.234096
v -0.164003 -0.100796 -0.234864
v -0.164187 -0.096912 -0.236278
v -0.161398 -0.094111 -0.237502
v -0.157277 -0.094030 -0.237815
v -0.154236 -0.096723 -0.237047
v -0.154052 -0.100607 -0.235634
v -0.156841 -0.103408 -0.234409
v -0.159449 -0.096606 -0.218401
v -0.162510 -0.094000 -0.219364
v -0.162736 -0.090311 -0.221229
v -0.159994 -0.087717 -0.222906
v -0.155892 -0.087723 -0.223414
v -0.152832 -0.090329 -0.222451
v -0.152601 -0.094006 -0.220585
v -0.155348 -0.096611 -0.218909
v -0.157197 -0.087875 -0.203753
v -0.160286 -0.085379 -0.204888
v -0.160577 -0.081942 -0.207184
v -0.157899 -0.079601 -0.209291
v -0.153823 -0.079705 -0.209971
v -0.150737 -0.082212 -0.208836
v -0.150442 -0.085638 -0.206540
v -0.153124 -0.087991 -0.204433
v -0.154244 -0.077451 -0.190399
v -0.157368 -0.075077 -0.191695
v -0.157747 -0.071949 -0.194376
v -0.155154 -0.069906 -0.196867
v -0.151110 -0.070131 -0.197720
v -0.147992 -0.072517 -0.196412
v -0.147612 -0.075645 -0.193731
v -0.150206 -0.077688 -0.191240
v -0.150638 -0.065499 -0.178573
v -0.153805 -0.063269 -0.180007
v -0.154287 -0.060485 -0.183038
v -0.151798 -0.058786 -0.185868
v -0.147802 -0.059167 -0.186859
v -0.144636 -0.061397 -0.185413
v -0.144153 -0.064181 -0.182394
v -0.146643 -0.065880 -0.179552
v -0.146441 -0.052229 -0.168465
v -0.149657 -0.050155 -0.170026
v -0.150263 -0.047762 -0.173349
v -0.147897 -0.046452 -0.176471
v -0.143952 -0.046990 -0.177577
v -0.140736 -0.049064 -0.176016
v -0.140129 -0.051457 -0.172705
v -0.142496 -0.052767 -0.169571
v -0.141725 -0.037865 -0.160263
v -0.145000 -0.035970 -0.161916
v -0.145742 -0.033990 -0.165472
v -0.143512 -0.033094 -0.168840
v -0.139624 -0.033810 -0.170049
v -0.136350 -0.035706 -0.168385
v -0.135608 -0.037686 -0.164828
v -0.137838 -0.038582 -0.161461
v -0.136574 -0.022664 -0.154087
v -0.139910 -0.020949 -0.155820
v -0.140804 -0.019417 -0.159563
v -0.138721 -0.018958 -0.163105
v -0.134895 -0.019854 -0.164382
v -0.131560 -0.021570 -0.162650
v -0.130669 -0.023112 -0.158919
v -0.132748 -0.023560 -0.155364
v -0.131071 -0.006872 -0.150068
v -0.134474 -0.005348 -0.151844
v -0.135528 -0.004277 -0.155703
v -0.133607 -0.004279 -0.159361
v -0.129847 -0.005366 -0.160694
v -0.126445 -0.006891 -0.158906
v -0.125394 -0.007972 -0.155059
v -0.127312 -0.007959 -0.151389
v -0.123682 0.009638 -0.171605
v -0.125547 0.010369 -0.172927
v -0.125379 0.010411 -0.175322
v -0.123348 0.009721 -0.176396
v -0.121483 0.008990 -0.175074
v -0.121651 0.008948 -0.172679
v -0.118820 0.022909 -0.171960
v -0.120739 0.023494 -0.173276
v -0.120679 0.023242 -0.175660
v -0.118700 0.022406 -0.176740
v -0.116783 0.021821 -0.175412
v -0.116843 0.022073 -0.173028
v -0.113916 0.035976 -0.174157
v -0.115890 0.036414 -0.175443
v -0.115937 0.035879 -0.177779
v -0.114013 0.034895 -0.178830
v -0.112040 0.034458 -0.177532
v -0.111994 0.034993 -0.175196
v -0.109047 0.048634 -0.178146
v -0.111073 0.048935 -0.179390
v -0.111233 0.048106 -0.181643
v -0.109362 0.046986 -0.182651
v -0.107336 0.046685 -0.181395
v -0.107177 0.047515 -0.179142
v -0.104299 0.060657 -0.183876
v -0.106379 0.060821 -0.185053
v -0.106642 0.059729 -0.187186
v -0.104826 0.058473 -0.188116
v -0.102746 0.058309 -0.186938
v -0.102483 0.059400 -0.184806
v -0.099754 0.071838 -0.191235
v -0.101885 0.071877 -0.192335
v -0.102250 0.070534 -0.194298
v -0.100485 0.069152 -0.195149
v -0.098354 0.069113 -0.194050
v -0.097989 0.070456 -0.192087
v -0.095491 0.081985 -0.200101
v -0.097669 0.081909 -0.201110
v -0.098127 0.080348 -0.202866
v -0.096409 0.078852 -0.203627
v -0.094231 0.078928 -0.202619
v -0.093773 0.080489 -0.200862
v -0.091581 0.090925 -0.210326
v -0.093801 0.090757 -0.211218
v -0.094348 0.088989 -0.212756
v -0.092671 0.087400 -0.213401
v -0.090452 0.087568 -0.212508
v -0.089905 0.089336 -0.210970
v -0.088091 0.098508 -0.221734
v -0.090348 0.098259 -0.222499
v -0.090975 0.096317 -0.223780
v -0.089336 0.094647 -0.224297
v -0.087079 0.094896 -0.223533
v -0.086452 0.096838 -0.222251
v -0.085080 0.104607 -0.234130
v -0.087371 0.104288 -0.234753
v -0.088062 0.102217 -0.235765
v -0.086462 0.100465 -0.236141
v -0.084166 0.100796 -0.235517
v -0.083475 0.102867 -0.234505
v -0.082602 0.109105 -0.247301
v -0.084921 0.108738 -0.247782
v -0.085666 0.106571 -0.248486
v -0.084092 0.104772 -0.248721
v -0.081770 0.105151 -0.248239
v -0.081024 0.107317 -0.247535
v -0.080697 0.111942 -0.261010
v -0.083038 0.111538 -0.261337
v -0.083825 0.109310 -0.261744
v -0.082274 0.107474 -0.261825
v -0.079929 0.107889 -0.261497
v -0.079142 0.110117 -0.261090
v -0.079398 0.113057 -0.275045
v -0.081755 0.112639 -0.275217
v -0.082571 0.110383 -0.275314
v -0.081032 0.108544 -0.275238
v -0.078675 0.108962 -0.275066
v -0.077859 0.111218 -0.274969
v -0.078729 0.112434 -0.289154
v -0.081092 0.112025 -0.289170
v -0.081922 0.109786 -0.288954
v -0.080393 0.107945 -0.288723
v -0.078026 0.108365 -0.288707
v -0.077196 0.110604 -0.288923
v -0.078701 0.110081 -0.303086
v -0.081063 0.109703 -0.302945
v -0.081894 0.107515 -0.302427
v -0.080364 0.105705 -0.302039
v -0.077998 0.106094 -0.302179
v -0.077167 0.108283 -0.302697
v -0.079311 0.106051 -0.316622
v -0.081667 0.105715 -0.316335
v -0.082486 0.103612 -0.315502
v -0.080950 0.101844 -0.314968
v -0.078590 0.102191 -0.315255
v -0.077770 0.104294 -0.316087
v -0.080554 0.100394 -0.329520
v -0.082895 0.100124 -0.329087
v -0.083689 0.098140 -0.327973
v -0.082134 0.096449 -0.327292
v -0.079793 0.096719 -0.327726
v -0.078999 0.098703 -0.328839
v -0.082404 0.093221 -0.341561
v -0.084726 0.093028 -0.340992
v -0.085478 0.091208 -0.339608
v -0.083903 0.089594 -0.338792
v -0.081581 0.089788 -0.339360
v -0.080830 0.091607 -0.340745
v -0.084832 0.084652 -0.352535
v -0.087129 0.084547 -0.351842
v -0.087823 0.082927 -0.350222
v -0.086224 0.081400 -0.349282
v -0.083927 0.081506 -0.349974
v -0.083233 0.083126 -0.351595
v -0.087795 0.074831 -0.362255
v -0.090059 0.074837 -0.361463
v -0.090690 0.073427 -0.359617
v -0.089057 0.072012 -0.358577
v -0.086794 0.072006 -0.359370
v -0.086162 0.073416 -0.361215
v -0.091245 0.063924 -0.370561
v -0.093469 0.064052 -0.369679
v -0.094023 0.062887 -0.367643
v -0.092351 0.061595 -0.366513
v -0.090127 0.061466 -0.367395
v -0.089573 0.062631 -0.369431
v -0.095120 0.052119 -0.377310
v -0.097300 0.052382 -0.376351
v -0.097770 0.051474 -0.374172
v -0.096055 0.050316 -0.372953
v -0.093874 0.050054 -0.373925
v -0.093404 0.050961 -0.376103
v -0.099356 0.039620 -0.382376
v -0.101491 0.040017 -0.381362
v -0.101861 0.039401 -0.379076
v -0.100100 0.038377 -0.377803
v -0.097964 0.037980 -0.378828
v -0.097595 0.038596 -0.381115
v -0.103875 0.026649 -0.385688
v -0.105959 0.027192 -0.384632
v -0.106231 0.026857 -0.382273
v -0.104420 0.025979 -0.380958
v -0.102335 0.025437 -0.382026
v -0.102063 0.025772 -0.384384
v -0.108608 0.013410 -0.387177
v -0.110640 0.014099 -0.386103
v -0.110808 0.014057 -0.383708
v -0.108943 0.013326 -0.382387
v -0.106911 0.012637 -0.383460
v -0.106744 0.012678 -0.385856
v -0.113470 0.000138 -0.386822
v -0.115448 0.000974 -0.385754
v -0.115508 0.001226 -0.383370
v -0.113590 0.000641 -0.382043
v -0.111612 -0.000195 -0.383123
v -0.111552 -0.000446 -0.385507
v -0.118375 -0.012929 -0.384625
v -0.120297 -0.011945 -0.383587
v -0.120250 -0.011411 -0.381251
v -0.118277 -0.011848 -0.379953
v -0.116354 -0.012831 -0.381003
v -0.116401 -0.013366 -0.383339
v -0.123244 -0.025587 -0.380637
v -0.125114 -0.024467 -0.379640
v -0.124954 -0.023637 -0.377387
v -0.122929 -0.023939 -0.376131
v -0.121058 -0.025058 -0.377140
v -0.121218 -0.025888 -0.379393
v -0.127992 -0.037609 -0.374907
v -0.129808 -0.036353 -0.373977
v -0.129545 -0.035261 -0.371844
v -0.127465 -0.035426 -0.370667
v -0.125649 -0.036682 -0.371597
v -0.125911 -0.037774 -0.373729
v -0.132537 -0.048791 -0.367547
v -0.134302 -0.047409 -0.366695
v -0.133937 -0.046066 -0.364732
v -0.131806 -0.046105 -0.363633
v -0.130041 -0.047487 -0.364485
v -0.130406 -0.048830 -0.366448
v -0.136800 -0.058938 -0.358681
v -0.138518 -0.057441 -0.357920
v -0.138060 -0.055880 -0.356164
v -0.135881 -0.055804 -0.355155
v -0.134164 -0.057301 -0.355916
v -0.134621 -0.058862 -0.357673
v -0.140710 -0.067878 -0.348457
v -0.142386 -0.066289 -0.347812
v -0.141839 -0.064521 -0.346274
v -0.139620 -0.064352 -0.345382
v -0.137943 -0.065941 -0.346027
v -0.138490 -0.067709 -0.347564
v -0.144200 -0.075461 -0.337048
v -0.145838 -0.073791 -0.336531
v -0.145212 -0.071849 -0.335250
v -0.142954 -0.071599 -0.334486
v -0.141316 -0.073269 -0.335002
v -0.141942 -0.075211 -0.336284
v -0.147211 -0.081560 -0.324653
v -0.148816 -0.079819 -0.324277
v -0.148125 -0.077748 -0.323265
v -0.145829 -0.077418 -0.322642
v -0.144228 -0.079169 -0.323018
v -0.144919 -0.081240 -0.324029
v -0.149688 -0.086058 -0.311482
v -0.151266 -0.084270 -0.311248
v -0.150521 -0.082103 -0.310544
v -0.148199 -0.081725 -0.310062
v -0.146625 -0.083524 -0.310296
v -0.147370 -0.085691 -0.311000
v -0.151594 -0.088894 -0.297772
v -0.153149 -0.087070 -0.297693
v -0.152362 -0.084842 -0.297286
v -0.150017 -0.084426 -0.296958
v -0.148466 -0.086262 -0.297038
v -0.149252 -0.088491 -0.297445
v -0.152892 -0.090009 -0.283737
v -0.154432 -0.088171 -0.283813
v -0.153616 -0.085914 -0.283716
v -0.151259 -0.085497 -0.283544
v -0.149719 -0.087335 -0.283469
v -0.150536 -0.089591 -0.283565
v -0.153562 -0.089387 -0.269628
v -0.155095 -0.087557 -0.269860
v -0.154265 -0.085318 -0.270076
v -0.151897 -0.084897 -0.270059
v -0.150369 -0.086738 -0.269828
v -0.151199 -0.088978 -0.269612
v -0.153589 -0.087034 -0.255697
v -0.155124 -0.085235 -0.256085
v -0.154293 -0.083047 -0.256603
v -0.151927 -0.082658 -0.256744
v -0.150397 -0.084468 -0.256355
v -0.151227 -0.086656 -0.255838
v -0.152980 -0.083003 -0.242161
v -0.154520 -0.081247 -0.242695
v -0.153700 -0.079144 -0.243528
v -0.151341 -0.078797 -0.243814
v -0.149804 -0.080564 -0.243280
v -0.150624 -0.082668 -0.242447
v -0.151737 -0.077347 -0.229262
v -0.153292 -0.075656 -0.229943
v -0.152498 -0.073672 -0.231057
v -0.150157 -0.073402 -0.231490
v -0.148601 -0.075093 -0.230809
v -0.149396 -0.077077 -0.229696
v -0.149886 -0.070174 -0.217222
v -0.151461 -0.068560 -0.218038
v -0.150709 -0.066740 -0.219422
v -0.148388 -0.066547 -0.219991
v -0.146813 -0.068161 -0.219174
v -0.147565 -0.069980 -0.217790
v -0.147459 -0.061605 -0.206248
v -0.149058 -0.060079 -0.207188
v -0.148364 -0.058459 -0.208808
v -0.146067 -0.058353 -0.209500
v -0.144468 -0.059879 -0.208561
v -0.145162 -0.061500 -0.206940
v -0.144496 -0.051784 -0.196527
v -0.146128 -0.050368 -0.197567
v -0.145497 -0.048959 -0.199413
v -0.143234 -0.048964 -0.200206
v -0.141601 -0.050380 -0.199165
v -0.142232 -0.051789 -0.197320
v -0.141046 -0.040876 -0.188222
v -0.142718 -0.039584 -0.189351
v -0.142164 -0.038419 -0.191387
v -0.139940 -0.038547 -0.192269
v -0.138268 -0.039840 -0.191139
v -0.138822 -0.041004 -0.189104
v -0.137171 -0.029072 -0.181472
v -0.138887 -0.027914 -0.182679
v -0.138417 -0.027006 -0.184858
v -0.136236 -0.027268 -0.185829
v -0.134521 -0.028427 -0.184610
v -0.134990 -0.029334 -0.182432
v -0.132935 -0.016572 -0.176407
v -0.134696 -0.015549 -0.177668
v -0.134326 -0.014933 -0.179954
v -0.132191 -0.015330 -0.180980
v -0.130430 -0.016354 -0.179707
v -0.130800 -0.016969 -0.177420
v -0.128416 -0.003602 -0.173095
v -0.130228 -0.002724 -0.174398
v -0.129956 -0.002389 -0.176757
v -0.127871 -0.002932 -0.177824
v -0.126059 -0.003810 -0.176509
v -0.126331 -0.004145 -0.174150
v -0.107651 0.046445 -0.152240
v -0.108263 0.049864 -0.153198
v -0.111642 0.051096 -0.153413
v -0.114407 0.048909 -0.152669
v -0.113793 0.045490 -0.151723
v -0.110415 0.044258 -0.151508
v -0.110038 0.052160 -0.136284
v -0.110098 0.052505 -0.136378
v -0.110436 0.052628 -0.136400
v -0.110713 0.052406 -0.136327
v -0.110653 0.052061 -0.136232
v -0.110315 0.051938 -0.136211
v -0.111029 0.047677 -0.152455
v -0.110375 0.052283 -0.136305
v -0.081848 0.109330 -0.197441
v -0.082735 0.111717 -0.200001
v -0.086114 0.112948 -0.200216
v -0.088604 0.111794 -0.197870
v -0.087715 0.109408 -0.195322
v -0.084337 0.108176 -0.195107
v -0.080951 0.123048 -0.187231
v -0.081041 0.123284 -0.187486
v -0.081379 0.123407 -0.187507
v -0.081627 0.123295 -0.187273
v -0.081537 0.123060 -0.187018
v -0.081199 0.122936 -0.186997
v -0.085226 0.110562 -0.197656
v -0.081289 0.123172 -0.187252
v -0.067854 0.134388 -0.273864
v -0.069326 0.135058 -0.277086
v -0.072704 0.136290 -0.277300
v -0.074611 0.136851 -0.274294
v -0.073139 0.136181 -0.271073
v -0.069761 0.134949 -0.270858
v -0.065178 0.151290 -0.273382
v -0.065326 0.151357 -0.273704
v -0.065663 0.151481 -0.273725
v -0.065854 0.151537 -0.273425
v -0.065707 0.151470 -0.273102
v -0.065369 0.151347 -0.273081
v -0.071232 0.135620 -0.274079
v -0.065516 0.151414 -0.273403
v -0.071018 0.112040 -0.352317
v -0.073156 0.110974 -0.355013
v -0.076534 0.112206 -0.355228
v -0.077774 0.114504 -0.352747
v -0.075637 0.115570 -0.350038
v -0.072259 0.114338 -0.349824
v -0.068743 0.126103 -0.361820
v -0.068955 0.126000 -0.362089
v -0.069293 0.126123 -0.362111
v -0.069418 0.126350 -0.361863
v -0.069206 0.126453 -0.361593
v -0.068868 0.126330 -0.361572
v -0.074396 0.113272 -0.352532
v -0.069081 0.126227 -0.361841
v -0.090128 0.050830 -0.402830
v -0.092758 0.048676 -0.404015
v -0.096136 0.049908 -0.404230
v -0.096884 0.053294 -0.403260
v -0.094254 0.055447 -0.402063
v -0.090876 0.054215 -0.401848
v -0.090285 0.057102 -0.418755
v -0.090550 0.056884 -0.418873
v -0.090888 0.057007 -0.418895
v -0.090961 0.057349 -0.418798
v -0.090697 0.057568 -0.418679
v -0.090359 0.057444 -0.418658
v -0.093506 0.052062 -0.403045
v -0.090623 0.057226 -0.418776
v -0.117884 -0.025861 -0.406113
v -0.120649 -0.028049 -0.405370
v -0.124027 -0.026817 -0.405584
v -0.124640 -0.023398 -0.406542
v -0.121876 -0.021210 -0.407274
v -0.118497 -0.022442 -0.407059
v -0.121577 -0.029359 -0.422456
v -0.121855 -0.029581 -0.422383
v -0.122193 -0.029458 -0.422404
v -0.122253 -0.029112 -0.422499
v -0.121975 -0.028890 -0.422572
v -0.121638 -0.029013 -0.422550
v -0.121262 -0.024629 -0.406328
v -0.121915 -0.029235 -0.422477
v -0.143687 -0.088747 -0.360912
v -0.146177 -0.089901 -0.358566
v -0.149555 -0.088669 -0.358781
v -0.150443 -0.086283 -0.361342
v -0.147953 -0.085129 -0.363675
v -0.144575 -0.086361 -0.363461
v -0.150664 -0.100247 -0.371509
v -0.150912 -0.100359 -0.371275
v -0.151249 -0.100236 -0.371297
v -0.151340 -0.100001 -0.371552
v -0.151092 -0.099889 -0.371785
v -0.150754 -0.100012 -0.371764
v -0.147065 -0.087515 -0.361127
v -0.151002 -0.100124 -0.371530
v -0.157680 -0.113804 -0.284489
v -0.159587 -0.113243 -0.281482
v -0.162965 -0.112011 -0.281697
v -0.164436 -0.111340 -0.284918
v -0.162530 -0.111902 -0.287924
v -0.159151 -0.113134 -0.287710
v -0.166437 -0.128489 -0.285358
v -0.166627 -0.128433 -0.285057
v -0.166965 -0.128310 -0.285079
v -0.167112 -0.128243 -0.285401
v -0.166922 -0.128299 -0.285701
v -0.166584 -0.128422 -0.285680
v -0.161058 -0.112572 -0.284703
v -0.166774 -0.128366 -0.285379
v -0.154517 -0.091457 -0.206036
v -0.155757 -0.089159 -0.203554
v -0.159135 -0.087927 -0.203769
v -0.161273 -0.088993 -0.206465
v -0.160032 -0.091291 -0.208959
v -0.156654 -0.092523 -0.208744
v -0.162872 -0.103302 -0.196920
v -0.162998 -0.103076 -0.196672
v -0.163335 -0.102953 -0.196693
v -0.163548 -0.103056 -0.196963
v -0.163423 -0.103282 -0.197211
v -0.163085 -0.103406 -0.197189
v -0.157895 -0.090225 -0.206250
v -0.163210 -0.103179 -0.196941
v -0.135407 -0.030246 -0.155523
v -0.136154 -0.026861 -0.154553
v -0.139533 -0.025629 -0.154767
v -0.142163 -0.027783 -0.155952
v -0.141415 -0.031168 -0.156934
v -0.138037 -0.032400 -0.156720
v -0.141330 -0.034301 -0.139985
v -0.141403 -0.033959 -0.139888
v -0.141741 -0.033836 -0.139909
v -0.142005 -0.034055 -0.140028
v -0.141932 -0.034397 -0.140125
v -0.141594 -0.034520 -0.140103
v -0.138785 -0.029014 -0.155738
v -0.141668 -0.034178 -0.140006
v -0.153627 -0.085404 -0.215535
v -0.157005 -0.084172 -0.215749
v -0.150211 -0.077080 -0.221518
v -0.153589 -0.075848 -0.221733
v -0.153369 -0.084437 -0.214043
v -0.156747 -0.083205 -0.214258
v -0.149953 -0.076113 -0.220027
v -0.153331 -0.074881 -0.220241
v -0.152825 -0.082772 -0.213049
v -0.156203 -0.081540 -0.213263
v -0.149977 -0.075832 -0.218037
v -0.153355 -0.074600 -0.218252
v -0.152568 -0.081805 -0.211545
v -0.155946 -0.080573 -0.211760
v -0.149720 -0.074864 -0.216534
v -0.153098 -0.073633 -0.216748
v -0.152024 -0.080140 -0.210551
v -0.155402 -0.078908 -0.210766
v -0.149748 -0.074594 -0.214544
v -0.153126 -0.073363 -0.214759
v -0.151766 -0.079172 -0.209059
v -0.155144 -0.077941 -0.209274
v -0.149487 -0.073616 -0.213040
v -0.152865 -0.072384 -0.213255
v -0.111287 0.040223 -0.160946
v -0.114665 0.041455 -0.161160
v -0.111705 0.037266 -0.171332
v -0.115083 0.038498 -0.171546
v -0.110664 0.041846 -0.161428
v -0.114042 0.043078 -0.161642
v -0.111087 0.038878 -0.171814
v -0.114465 0.040110 -0.172029
v -0.110080 0.043213 -0.162783
v -0.113458 0.044445 -0.162998
v -0.110430 0.040745 -0.171434
v -0.113808 0.041977 -0.171649
v -0.109457 0.044836 -0.163265
v -0.112835 0.046068 -0.163480
v -0.109807 0.042368 -0.171928
v -0.113185 0.043600 -0.172143
v -0.108873 0.046203 -0.164621
v -0.112251 0.047435 -0.164836
v -0.109150 0.044236 -0.171549
v -0.112528 0.045468 -0.171763
v -0.108250 0.047826 -0.165103
v -0.111628 0.049058 -0.165317
v -0.108531 0.045847 -0.172031
v -0.111910 0.047079 -0.172246
v -0.073328 0.125336 -0.269891
v -0.076706 0.126568 -0.270106
v -0.077003 0.115183 -0.270326
v -0.080381 0.116414 -0.270540
v -0.073202 0.125367 -0.271688
v -0.076581 0.126599 -0.271902
v -0.076877 0.115214 -0.272122
v -0.080255 0.116446 -0.272337
v -0.073383 0.124553 -0.273520
v -0.076761 0.125784 -0.273735
v -0.076445 0.116091 -0.273882
v -0.079823 0.117323 -0.274097
v -0.073257 0.124584 -0.275317
v -0.076636 0.125816 -0.275531
v -0.076320 0.116123 -0.275679
v -0.079698 0.117355 -0.275894
v -0.073438 0.123769 -0.277149
v -0.076816 0.125001 -0.277364
v -0.075888 0.117000 -0.277439
v -0.079266 0.118232 -0.277654
v -0.073312 0.123801 -0.278946
v -0.076691 0.125033 -0.279160
v -0.075762 0.117032 -0.279236
v -0.079140 0.118264 -0.279450
v -0.092208 0.052312 -0.391814
v -0.095586 0.053544 -0.392029
v -0.094059 0.048997 -0.381697
v -0.097438 0.050229 -0.381911
v -0.092748 0.050720 -0.392446
v -0.096126 0.051952 -0.392660
v -0.094604 0.047393 -0.382329
v -0.097982 0.048625 -0.382543
v -0.093447 0.048842 -0.392226
v -0.096825 0.050074 -0.392441
v -0.094992 0.046075 -0.383787
v -0.098370 0.047307 -0.384002
v -0.093992 0.047239 -0.392846
v -0.097370 0.048471 -0.393061
v -0.095536 0.044472 -0.384419
v -0.098915 0.045704 -0.384634
v -0.094691 0.045361 -0.392627
v -0.098069 0.046593 -0.392842
v -0.095924 0.043154 -0.385878
v -0.099303 0.044386 -0.386093
v -0.095232 0.043768 -0.393247
v -0.098610 0.045000 -0.393461
v -0.096469 0.041551 -0.386510
v -0.099847 0.042783 -0.386725
v -0.141833 -0.077928 -0.358222
v -0.145212 -0.076697 -0.358436
v -0.139304 -0.069826 -0.351535
v -0.142682 -0.068595 -0.351749
v -0.142294 -0.078947 -0.356815
v -0.145672 -0.077715 -0.357030
v -0.139765 -0.070845 -0.350128
v -0.143143 -0.069613 -0.350343
v -0.142547 -0.079297 -0.354853
v -0.145925 -0.078065 -0.355067
v -0.140438 -0.072542 -0.349278
v -0.143816 -0.071310 -0.349493
v -0.143008 -0.080315 -0.353434
v -0.146386 -0.079084 -0.353649
v -0.140899 -0.073560 -0.347859
v -0.144277 -0.072328 -0.348074
v -0.143256 -0.080655 -0.351471
v -0.146635 -0.079423 -0.351686
v -0.141572 -0.075257 -0.347009
v -0.144950 -0.074025 -0.347224
v -0.143722 -0.081684 -0.350053
v -0.147100 -0.080452 -0.350267
v -0.142032 -0.076275 -0.345602
v -0.145411 -0.075043 -0.345817
vn -0.3019 -0.8883 -0.3460
vn 0.3019 0.8883 0.3460
vn -0.1714 -0.3069 0.9362
vn 0.1714 0.3069 -0.9362
vn 0.9378 -0.3420 0.0596
vn -0.9378 0.3420 -0.0596
vn -0.2562 -0.5662 0.7834
vn 0.2565 0.5670 -0.7827
vn 0.2341 0.7499 0.6188
vn -0.2341 -0.7499 -0.6188
vn 0.1437 0.5388 0.8301
vn -0.1434 -0.5379 -0.8307
vn 0.3161 0.7704 -0.5537
vn -0.3161 -0.7704 0.5537
vn 0.3450 0.8991 -0.2694
vn -0.3450 -0.8991 0.2694
vn -0.0388 -0.2737 -0.9610
vn 0.0388 0.2737 0.9610
vn 0.0697 0.0175 -0.9974
vn -0.0697 -0.0175 0.9974
vn -0.3400 -0.9395 -0.0402
vn 0.3400 0.9395 0.0402
vn 0.8926 -0.4029 -0.2021
vn -0.9134 0.2556 -0.3168
vn 0.8398 -0.5318 -0.1097
vn -0.9662 0.1268 -0.2245
vn 0.8110 -0.5832 0.0465
vn -0.9948 0.0753 -0.0682
vn 0.8176 -0.5373 0.2069
vn -0.9883 0.1212 0.0922
vn 0.8568 -0.4119 0.3101
vn -0.9492 0.2467 0.1954
vn 0.9134 -0.2556 0.3168
vn -0.8926 0.4029 0.2021
vn 0.9662 -0.1268 0.2245
vn -0.8398 0.5318 0.1097
vn 0.9948 -0.0753 0.0682
vn -0.8110 0.5832 -0.0465
vn 0.9883 -0.1212 -0.0922
vn -0.8176 0.5373 -0.2069
vn 0.9492 -0.2467 -0.1954
vn -0.8568 0.4119 -0.3101
vn 0.6170 -0.4348 -0.6559
vn 0.4759 -0.7788 -0.4087
vn 0.3994 -0.9167 0.0119
vn 0.4163 -0.7937 0.4435
vn 0.5208 -0.4589 0.7198
vn 0.6739 -0.0359 0.7379
vn 0.8151 0.3081 0.4907
vn 0.8925 0.4456 0.0702
vn 0.8747 0.3230 -0.3615
vn 0.7701 -0.0118 -0.6378
vn 0.1933 -0.3511 -0.9162
vn 0.0058 -0.8106 -0.5855
vn -0.0962 -0.9951 -0.0241
vn -0.0737 -0.8306 0.5520
vn 0.0648 -0.3832 0.9214
vn 0.2695 0.1824 0.9456
vn 0.4589 0.6412 0.6150
vn 0.5625 0.8250 0.0538
vn 0.5385 0.6611 -0.5225
vn 0.3980 0.2145 -0.8920
vn -0.2695 -0.1824 -0.9456
vn -0.4589 -0.6412 -0.6150
vn -0.5625 -0.8250 -0.0538
vn -0.5385 -0.6611 0.5225
vn -0.3980 -0.2145 0.8920
vn -0.1933 0.3511 0.9162
vn -0.0058 0.8106 0.5855
vn 0.0962 0.9951 0.0241
vn 0.0737 0.8306 -0.5520
vn -0.0648 0.3832 -0.9214
vn -0.6739 0.0359 -0.7379
vn -0.8151 -0.3081 -0.4907
vn -0.8925 -0.4456 -0.0702
vn -0.8746 -0.3230 0.3615
vn -0.7701 0.0118 0.6378
vn -0.6170 0.4348 0.6559
vn -0.4759 0.7788 0.4087
vn -0.3994 0.9167 -0.0119
vn -0.4163 0.7937 -0.4435
vn -0.5208 0.4589 -0.7198
vn 0.8920 -0.4042 -0.2021
vn -0.9138 0.2542 -0.3169
vn 0.8395 -0.5321 -0.1101
vn -0.9662 0.1263 -0.2248
vn 0.9133 -0.2561 0.3168
vn -0.8928 0.4025 0.2021
vn 0.9665 -0.1264 0.2234
vn -0.8396 0.5322 0.1086
vn 0.9885 -0.1205 -0.0913
vn -0.8174 0.5380 -0.2060
vn 0.9495 -0.2457 -0.1953
vn -0.8564 0.4128 -0.3101
vn 0.4763 -0.7791 -0.4077
vn 0.4168 -0.7940 0.4426
vn 0.5221 -0.4577 0.7196
vn 0.6739 -0.0384 0.7378
vn 0.8162 0.3093 0.4879
vn 0.8754 0.3241 -0.3586
vn 0.7698 -0.0126 -0.6381
vn 0.1951 -0.3503 -0.9161
vn 0.0050 -0.8117 -0.5840
vn -0.0993 -0.9948 -0.0244
vn -0.0744 -0.8316 0.5504
vn 0.0656 -0.3809 0.9223
vn 0.2680 0.1798 0.9465
vn 0.4591 0.6425 0.6135
vn 0.5384 0.6623 -0.5210
vn 0.3983 0.2125 -0.8923
vn -0.2703 -0.1806 -0.9457
vn -0.4591 -0.6425 -0.6135
vn -0.5599 -0.8268 -0.0536
vn -0.5384 -0.6623 0.5209
vn -0.3971 -0.2121 0.8929
vn -0.1939 0.3482 0.9172
vn -0.0050 0.8117 0.5840
vn 0.0744 0.8316 -0.5504
vn -0.0662 0.3819 -0.9218
vn -0.8156 -0.3080 -0.4898
vn -0.8751 -0.3229 0.3605
vn -0.7703 0.0136 0.6375
vn -0.6186 0.4329 0.6557
vn -0.4757 0.7804 0.4059
vn -0.4165 0.7952 -0.4407
vn -0.5211 0.4581 -0.7201
vn 0.8928 -0.4025 -0.2021
vn -0.9133 0.2561 -0.3168
vn 0.8396 -0.5322 -0.1086
vn -0.9665 0.1264 -0.2234
vn 0.8176 -0.5377 0.2058
vn -0.9885 0.1209 0.0910
vn 0.8570 -0.4115 0.3102
vn -0.9491 0.2471 0.1954
vn 0.6170 -0.4327 -0.6573
vn 0.4745 -0.7808 -0.4065
vn 0.4165 -0.7952 0.4407
vn 0.5224 -0.4569 0.7199
vn 0.6742 -0.0376 0.7376
vn 0.8156 0.3080 0.4898
vn 0.8744 0.3240 -0.3611
vn 0.7691 -0.0125 -0.6391
vn 0.1948 -0.3498 -0.9164
vn 0.0652 -0.3804 0.9225
vn 0.2685 0.1800 0.9463
vn 0.5599 0.8268 0.0536
vn 0.3988 0.2127 -0.8920
vn -0.2697 -0.1804 -0.9459
vn -0.5384 -0.6623 0.5210
vn -0.3966 -0.2120 0.8932
vn -0.1942 0.3487 0.9169
vn -0.0050 0.8117 0.5841
vn 0.0993 0.9948 0.0244
vn -0.0666 0.3824 -0.9216
vn -0.6724 0.0374 -0.7393
vn -0.8155 -0.3104 -0.4885
vn -0.8754 -0.3241 0.3586
vn -0.7701 0.0143 0.6378
vn -0.6183 0.4337 0.6555
vn -0.4763 0.7791 0.4077
vn -0.4156 0.7944 -0.4431
vn -0.5203 0.4576 -0.7210
vn 0.6186 -0.4329 -0.6557
vn 0.4757 -0.7804 -0.4059
vn 0.4152 -0.7956 0.4411
vn 0.5206 -0.4569 0.7213
vn 0.6727 -0.0366 0.7390
vn 0.8149 0.3091 0.4903
vn 0.8751 0.3229 -0.3605
vn 0.7703 -0.0136 -0.6375
vn 0.1939 -0.3482 -0.9172
vn 0.0050 -0.8117 -0.5841
vn 0.0662 -0.3819 0.9218
vn 0.2703 0.1806 0.9457
vn 0.3971 0.2121 -0.8929
vn -0.2680 -0.1798 -0.9465
vn -0.3983 -0.2125 0.8923
vn -0.1951 0.3503 0.9161
vn -0.0656 0.3809 -0.9223
vn -0.6739 0.0384 -0.7378
vn -0.8162 -0.3093 -0.4879
vn -0.8748 -0.3252 0.3592
vn -0.7688 0.0133 0.6394
vn -0.6167 0.4335 0.6571
vn -0.4751 0.7795 0.4083
vn -0.4168 0.7940 -0.4426
vn -0.5221 0.4577 -0.7196
vn 0.8173 -0.5376 0.2072
vn -0.9884 0.1208 0.0925
vn 0.8562 -0.4132 0.3100
vn -0.9496 0.2453 0.1953
vn 0.9136 -0.2547 0.3168
vn -0.8922 0.4038 0.2021
vn 0.9665 -0.1260 0.2237
vn -0.8394 0.5325 0.1089
vn 0.9885 -0.1209 -0.0910
vn -0.8176 0.5377 -0.2058
vn 0.9491 -0.2471 -0.1954
vn -0.8570 0.4115 -0.3102
vn 0.6183 -0.4337 -0.6555
vn 0.6736 -0.0367 0.7382
vn 0.7701 -0.0143 -0.6378
vn 0.1942 -0.3487 -0.9169
vn 0.0666 -0.3824 0.9216
vn 0.2698 0.1804 0.9459
vn 0.5384 0.6623 -0.5209
vn 0.3966 0.2120 -0.8932
vn -0.2685 -0.1800 -0.9463
vn -0.3988 -0.2127 0.8920
vn -0.1948 0.3498 0.9164
vn -0.0652 0.3804 -0.9225
vn -0.6742 0.0376 -0.7376
vn -0.6173 0.4340 0.6562
vn -0.5224 0.4569 -0.7199
vn 0.7510 -0.5090 0.4206
vn 0.2196 -0.3379 0.9152
vn -0.4857 -0.0807 0.8704
vn -0.9435 0.1089 0.3129
vn -0.8911 0.1220 -0.4371
vn -0.3596 -0.0492 -0.9318
vn 0.3456 -0.3063 -0.8870
vn 0.8035 -0.4959 -0.3295
vn 0.9254 -0.0375 0.3772
vn 0.1713 0.3066 -0.9363
vn -0.1771 -0.3238 0.9294
vn 0.5922 0.6087 0.5280
vn 0.1711 0.3069 -0.9362
vn -0.1794 -0.3194 0.9305
vn -0.1180 0.8677 0.4829
vn 0.1716 0.3067 -0.9362
vn -0.1727 -0.3219 0.9309
vn -0.7686 0.5802 0.2696
vn -0.9961 -0.0873 0.0091
vn 0.1719 0.3084 -0.9356
vn -0.1635 -0.2837 0.9449
vn -0.6588 -0.7387 -0.1426
vn 0.1730 0.3062 -0.9361
vn -0.1521 -0.3056 0.9399
vn 0.0422 -0.9943 -0.0981
vn 0.1697 0.3074 -0.9363
vn -0.1856 -0.2933 0.9378
vn 0.6991 -0.7054 0.1168
vn 0.9920 0.0577 -0.1123
vn -0.2344 -0.7505 -0.6179
vn 0.2320 0.7452 0.6252
vn 0.6310 0.5386 -0.5583
vn -0.2358 -0.7486 -0.6197
vn 0.2369 0.7387 0.6310
vn -0.0711 0.7946 -0.6030
vn -0.2319 -0.7500 -0.6194
vn 0.2235 0.7436 0.6302
vn -0.7034 0.6759 -0.2201
vn -0.8955 0.2504 0.3681
vn -0.2339 -0.7495 -0.6194
vn 0.2393 0.7613 0.6026
vn -0.5346 -0.2297 0.8133
vn -0.2329 -0.7508 -0.6181
vn 0.2499 0.7474 0.6156
vn 0.1676 -0.4857 0.8579
vn -0.2358 -0.7498 -0.6182
vn 0.2209 0.7579 0.6138
vn 0.7991 -0.3675 0.4757
vn 0.8584 -0.3527 -0.3724
vn -0.3160 -0.7700 0.5543
vn 0.3190 0.7813 -0.5366
vn 0.2865 -0.4559 -0.8426
vn -0.3177 -0.7703 0.5529
vn 0.3023 0.7783 -0.5503
vn -0.4157 -0.1999 -0.8873
vn -0.3148 -0.7713 0.5531
vn 0.3313 0.7677 -0.5485
vn -0.8361 0.2652 -0.4801
vn -0.7288 0.6695 0.1435
vn -0.3163 -0.7710 0.5528
vn 0.3149 0.7659 -0.5605
vn -0.1562 0.7733 0.6145
vn -0.3140 -0.7706 0.5547
vn 0.3072 0.7645 -0.5667
vn 0.5459 0.5173 0.6591
vn -0.3179 -0.7691 0.5544
vn 0.3206 0.7596 -0.5658
vn 0.9666 0.0513 0.2512
vn 0.7103 -0.7026 -0.0429
vn 0.0393 0.2752 0.9606
vn -0.0297 -0.2502 -0.9677
vn 0.0305 -0.9972 0.0683
vn 0.0370 0.2742 0.9610
vn -0.0527 -0.2601 -0.9642
vn -0.6704 -0.7416 0.0238
vn 0.0404 0.2730 0.9612
vn -0.0191 -0.2723 -0.9620
vn -0.9850 -0.0845 -0.1506
vn -0.7250 0.5911 -0.3535
vn 0.0386 0.2734 0.9611
vn -0.0453 -0.2909 -0.9557
vn -0.0518 0.8843 -0.4641
vn 0.0389 0.2735 0.9611
vn -0.0407 -0.2888 -0.9565
vn 0.6584 0.6253 -0.4190
vn 0.0385 0.2737 0.9610
vn -0.0474 -0.2864 -0.9569
vn 0.9689 -0.0266 -0.2459
vn -0.4017 0.1711 0.8997
vn -0.8842 0.3326 0.3279
vn -0.8476 0.2988 -0.4384
vn -0.3153 0.0903 -0.9447
vn 0.4028 -0.1716 -0.8991
vn 0.8840 -0.3326 -0.3284
vn 0.8478 -0.2989 0.4380
vn 0.3141 -0.0899 0.9451
vn -0.3592 0.2837 0.8891
vn -0.8670 0.3795 0.3230
vn -0.8651 0.2518 -0.4339
vn -0.3564 -0.0228 -0.9340
vn 0.3603 -0.2842 -0.8885
vn 0.8666 -0.3796 -0.3238
vn 0.8654 -0.2521 0.4331
vn 0.3553 0.0232 0.9345
vn -0.3169 0.3944 0.8626
vn -0.8495 0.4253 0.3122
vn -0.8826 0.2062 -0.4226
vn -0.3981 -0.1334 -0.9076
vn 0.3181 -0.3945 -0.8621
vn 0.8494 -0.4253 -0.3125
vn 0.8827 -0.2063 0.4223
vn 0.3971 0.1340 0.9079
vn -0.2761 0.4999 0.8209
vn -0.8323 0.4693 0.2949
vn -0.8996 0.1621 -0.4054
vn -0.4394 -0.2387 -0.8660
vn 0.2772 -0.5000 -0.8204
vn 0.8321 -0.4694 -0.2954
vn 0.8998 -0.1623 0.4050
vn 0.4385 0.2393 0.8663
vn -0.2366 0.5995 0.7646
vn -0.8160 0.5104 0.2715
vn -0.9161 0.1207 -0.3823
vn -0.4797 -0.3384 -0.8096
vn 0.2375 -0.5999 -0.7640
vn 0.8155 -0.5107 -0.2722
vn 0.9163 -0.1213 0.3816
vn 0.4787 0.3387 0.8101
vn -0.1987 0.6908 0.6952
vn -0.8002 0.5483 0.2428
vn -0.9318 0.0831 -0.3532
vn -0.5185 -0.4286 -0.7399
vn 0.2013 -0.6911 -0.6941
vn 0.8000 -0.5484 -0.2432
vn 0.9319 -0.0833 0.3529
vn 0.5162 0.4302 0.7406
vn -0.1635 0.7729 0.6131
vn -0.7856 0.5824 0.2087
vn -0.9465 0.0488 -0.3190
vn -0.5536 -0.5104 -0.6580
vn 0.1663 -0.7729 -0.6123
vn 0.7854 -0.5827 -0.2090
vn 0.9465 -0.0492 0.3188
vn 0.5513 0.5122 0.6586
vn -0.1321 0.8437 0.5204
vn -0.7726 0.6117 0.1702
vn -0.9596 0.0193 -0.2808
vn -0.5840 -0.5820 -0.5659
vn 0.1332 -0.8435 -0.5204
vn 0.7721 -0.6122 -0.1708
vn 0.9597 -0.0200 0.2803
vn 0.5832 0.5828 0.5658
vn -0.1038 0.9023 0.4184
vn -0.7609 0.6361 0.1281
vn -0.9712 -0.0050 -0.2383
vn -0.6117 -0.6410 -0.4636
vn 0.1050 -0.9023 -0.4180
vn 0.7606 -0.6364 -0.1283
vn 0.9712 0.0045 0.2382
vn 0.6108 0.6417 0.4638
vn -0.0801 0.9476 0.3092
vn -0.7512 0.6549 0.0825
vn -0.9810 -0.0236 -0.1927
vn -0.6350 -0.6865 -0.3544
vn 0.0813 -0.9476 -0.3089
vn 0.7509 -0.6552 -0.0826
vn 0.9810 0.0233 0.1926
vn 0.6340 0.6872 0.3546
vn -0.0614 0.9792 0.1935
vn -0.7435 0.6678 0.0347
vn -0.9887 -0.0370 -0.1450
vn -0.6540 -0.7178 -0.2390
vn 0.0627 -0.9791 -0.1934
vn 0.7430 -0.6684 -0.0349
vn 0.9888 0.0361 0.1448
vn 0.6530 0.7187 0.2389
vn -0.0484 0.9960 0.0746
vn -0.7376 0.6751 -0.0147
vn -0.9945 -0.0440 -0.0955
vn -0.6683 -0.7342 -0.1201
vn 0.0498 -0.9960 -0.0745
vn 0.7372 -0.6755 0.0145
vn 0.9945 0.0435 0.0954
vn 0.6673 0.7351 0.1201
vn -0.0400 0.9981 -0.0459
vn -0.7341 0.6760 -0.0646
vn -0.9980 -0.0449 -0.0454
vn -0.6767 -0.7363 0.0003
vn 0.0413 -0.9981 0.0460
vn 0.7337 -0.6764 0.0647
vn 0.9980 0.0444 0.0455
vn 0.6757 0.7372 -0.0004
vn -0.0363 0.9855 -0.1660
vn -0.7331 0.6704 -0.1145
vn -0.9992 -0.0396 0.0046
vn -0.6791 -0.7240 0.1205
vn 0.0376 -0.9854 0.1661
vn 0.7325 -0.6710 0.1147
vn 0.9992 0.0387 -0.0044
vn 0.6782 0.7249 -0.1206
vn -0.0386 0.9580 -0.2842
vn -0.7340 0.6592 -0.1634
vn -0.9982 -0.0279 0.0534
vn -0.6764 -0.6968 0.2385
vn 0.0398 -0.9580 0.2840
vn 0.7337 -0.6595 0.1634
vn 0.9982 0.0276 -0.0533
vn 0.6755 0.6976 -0.2388
vn -0.0468 0.9166 -0.3971
vn -0.7372 0.6420 -0.2105
vn -0.9949 -0.0109 0.1006
vn -0.6687 -0.6553 0.3514
vn 0.0480 -0.9166 0.3969
vn 0.7369 -0.6424 0.2106
vn 0.9949 0.0104 -0.1004
vn 0.6678 0.6560 -0.3517
vn -0.0605 0.8616 -0.5040
vn -0.7429 0.6191 -0.2546
vn -0.9893 0.0118 0.1451
vn -0.6556 -0.5999 0.4586
vn 0.0616 -0.8614 0.5042
vn 0.7423 -0.6196 0.2551
vn 0.9894 -0.0126 -0.1445
vn 0.6548 0.6008 -0.4586
vn -0.0785 0.7941 -0.6026
vn -0.7504 0.5912 -0.2956
vn -0.9818 0.0400 0.1857
vn -0.6385 -0.5317 0.5564
vn 0.0814 -0.7942 0.6022
vn 0.7501 -0.5915 0.2958
vn 0.9818 -0.0404 -0.1855
vn 0.6363 0.5335 -0.5572
vn -0.1017 0.7151 -0.6916
vn -0.7600 0.5584 -0.3326
vn -0.9721 0.0730 0.2228
vn -0.6154 -0.4529 0.6451
vn 0.1045 -0.7154 0.6909
vn 0.7598 -0.5585 0.3329
vn 0.9722 -0.0732 -0.2225
vn 0.6132 0.4544 -0.6462
vn -0.1294 0.6263 -0.7688
vn -0.7715 0.5215 -0.3645
vn -0.9607 0.1095 0.2550
vn -0.5868 -0.3652 0.7227
vn 0.1304 -0.6267 0.7683
vn 0.7709 -0.5219 0.3651
vn 0.9608 -0.1102 -0.2544
vn 0.5859 0.3655 -0.7233
vn -0.1604 0.5288 -0.8334
vn -0.7843 0.4813 -0.3914
vn -0.9477 0.1501 0.2817
vn -0.5551 -0.2676 0.7876
vn 0.1616 -0.5290 0.8331
vn 0.7841 -0.4814 0.3918
vn 0.9478 -0.1503 -0.2813
vn 0.5541 0.2683 -0.7880
vn -0.1948 0.4250 -0.8840
vn -0.7988 0.4380 -0.4124
vn -0.9333 0.1935 0.3026
vn -0.5202 -0.1639 0.8382
vn 0.1960 -0.4251 0.8837
vn 0.7987 -0.4380 0.4127
vn 0.9333 -0.1936 -0.3023
vn 0.5192 0.1646 -0.8386
vn -0.2327 0.3154 -0.9200
vn -0.8145 0.3927 -0.4271
vn -0.9176 0.2387 0.3178
vn -0.4829 -0.0545 0.8740
vn 0.2339 -0.3158 0.9195
vn 0.8141 -0.3928 0.4278
vn 0.9178 -0.2390 -0.3170
vn 0.4818 0.0549 -0.8746
vn -0.2730 0.2033 -0.9403
vn -0.8308 0.3460 -0.4359
vn -0.9011 0.2854 0.3264
vn -0.4438 0.0581 0.8942
vn 0.2742 -0.2037 0.9398
vn 0.8306 -0.3460 0.4364
vn 0.9012 -0.2856 -0.3259
vn 0.4427 -0.0577 -0.8948
vn -0.3141 0.0899 -0.9451
vn -0.8478 0.2989 -0.4380
vn -0.8840 0.3326 0.3284
vn -0.4028 0.1716 0.8991
vn 0.3153 -0.0903 0.9447
vn 0.8476 -0.2988 0.4384
vn 0.8842 -0.3326 -0.3279
vn 0.4017 -0.1711 -0.8997
vn -0.3553 -0.0232 -0.9345
vn -0.8654 0.2521 -0.4331
vn -0.8666 0.3796 0.3238
vn -0.3603 0.2842 0.8885
vn 0.3564 0.0228 0.9340
vn 0.8651 -0.2518 0.4339
vn 0.8670 -0.3795 -0.3230
vn 0.3592 -0.2837 -0.8891
vn -0.3971 -0.1340 -0.9079
vn -0.8827 0.2063 -0.4223
vn -0.8494 0.4253 0.3125
vn -0.3181 0.3945 0.8621
vn 0.3981 0.1334 0.9076
vn 0.8826 -0.2062 0.4226
vn 0.8495 -0.4253 -0.3122
vn 0.3169 -0.3944 -0.8626
vn -0.4385 -0.2393 -0.8663
vn -0.8998 0.1623 -0.4050
vn -0.8321 0.4694 0.2954
vn -0.2772 0.5000 0.8204
vn 0.4394 0.2387 0.8660
vn 0.8996 -0.1621 0.4054
vn 0.8323 -0.4693 -0.2949
vn 0.2761 -0.4999 -0.8209
vn -0.4787 -0.3387 -0.8101
vn -0.9163 0.1213 -0.3816
vn -0.8155 0.5107 0.2722
vn -0.2375 0.5999 0.7640
vn 0.4797 0.3384 0.8096
vn 0.9161 -0.1207 0.3823
vn 0.8160 -0.5104 -0.2715
vn 0.2366 -0.5995 -0.7646
vn -0.5162 -0.4302 -0.7406
vn -0.9319 0.0833 -0.3529
vn -0.8000 0.5484 0.2432
vn -0.2013 0.6911 0.6941
vn 0.5185 0.4286 0.7399
vn 0.9318 -0.0831 0.3532
vn 0.8002 -0.5483 -0.2428
vn 0.1987 -0.6908 -0.6952
vn -0.5513 -0.5122 -0.6586
vn -0.9465 0.0492 -0.3188
vn -0.7854 0.5827 0.2090
vn -0.1663 0.7729 0.6123
vn 0.5536 0.5104 0.6580
vn 0.9465 -0.0488 0.3190
vn 0.7856 -0.5824 -0.2087
vn 0.1635 -0.7729 -0.6131
vn -0.5832 -0.5828 -0.5658
vn -0.9597 0.0200 -0.2803
vn -0.7721 0.6122 0.1708
vn -0.1332 0.8435 0.5204
vn 0.5840 0.5820 0.5659
vn 0.9596 -0.0193 0.2808
vn 0.7726 -0.6117 -0.1702
vn 0.1321 -0.8437 -0.5204
vn -0.6108 -0.6417 -0.4638
vn -0.9712 -0.0045 -0.2382
vn -0.7606 0.6364 0.1283
vn -0.1050 0.9023 0.4180
vn 0.6117 0.6410 0.4636
vn 0.9712 0.0050 0.2383
vn 0.7609 -0.6361 -0.1281
vn 0.1038 -0.9023 -0.4184
vn -0.6340 -0.6872 -0.3546
vn -0.9810 -0.0233 -0.1926
vn -0.7509 0.6552 0.0826
vn -0.0813 0.9476 0.3089
vn 0.6350 0.6865 0.3544
vn 0.9810 0.0236 0.1927
vn 0.7512 -0.6549 -0.0825
vn 0.0801 -0.9476 -0.3092
vn -0.6530 -0.7187 -0.2389
vn -0.9888 -0.0361 -0.1448
vn -0.7430 0.6684 0.0349
vn -0.0627 0.9791 0.1934
vn 0.6540 0.7178 0.2390
vn 0.9887 0.0370 0.1450
vn 0.7435 -0.6678 -0.0347
vn 0.0614 -0.9792 -0.1935
vn -0.6673 -0.7351 -0.1201
vn -0.9945 -0.0435 -0.0954
vn -0.7372 0.6755 -0.0145
vn -0.0498 0.9960 0.0745
vn 0.6683 0.7342 0.1201
vn 0.9945 0.0440 0.0955
vn 0.7376 -0.6751 0.0147
vn 0.0484 -0.9960 -0.0746
vn -0.6757 -0.7372 0.0004
vn -0.9980 -0.0444 -0.0455
vn -0.7337 0.6764 -0.0647
vn -0.0413 0.9981 -0.0460
vn 0.6767 0.7363 -0.0003
vn 0.9980 0.0449 0.0454
vn 0.7341 -0.6760 0.0646
vn 0.0400 -0.9981 0.0459
vn -0.6782 -0.7249 0.1206
vn -0.9992 -0.0387 0.0044
vn -0.7325 0.6710 -0.1147
vn -0.0376 0.9854 -0.1661
vn 0.6791 0.7240 -0.1205
vn 0.9992 0.0396 -0.0046
vn 0.7331 -0.6704 0.1145
vn 0.0363 -0.9855 0.1660
vn -0.6755 -0.6976 0.2388
vn -0.9982 -0.0276 0.0533
vn -0.7337 0.6595 -0.1634
vn -0.0398 0.9580 -0.2840
vn 0.6764 0.6968 -0.2385
vn 0.9982 0.0279 -0.0534
vn 0.7340 -0.6592 0.1634
vn 0.0386 -0.9580 0.2842
vn -0.6678 -0.6560 0.3517
vn -0.9949 -0.0104 0.1004
vn -0.7369 0.6424 -0.2106
vn -0.0480 0.9166 -0.3969
vn 0.6687 0.6553 -0.3514
vn 0.9949 0.0109 -0.1006
vn 0.7372 -0.6420 0.2105
vn 0.0468 -0.9166 0.3971
vn -0.6548 -0.6008 0.4586
vn -0.9894 0.0126 0.1445
vn -0.7423 0.6196 -0.2551
vn -0.0616 0.8614 -0.5042
vn 0.6556 0.5999 -0.4586
vn 0.9893 -0.0118 -0.1451
vn 0.7429 -0.6191 0.2546
vn 0.0605 -0.8616 0.5040
vn -0.6363 -0.5335 0.5572
vn -0.9818 0.0404 0.1855
vn -0.7501 0.5915 -0.2958
vn -0.0814 0.7942 -0.6022
vn 0.6385 0.5317 -0.5564
vn 0.9818 -0.0400 -0.1857
vn 0.7504 -0.5912 0.2956
vn 0.0785 -0.7941 0.6026
vn -0.6132 -0.4544 0.6462
vn -0.9722 0.0732 0.2225
vn -0.7598 0.5585 -0.3329
vn -0.1045 0.7154 -0.6909
vn 0.6154 0.4529 -0.6451
vn 0.9721 -0.0730 -0.2228
vn 0.7600 -0.5584 0.3326
vn 0.1017 -0.7151 0.6916
vn -0.5859 -0.3655 0.7233
vn -0.9608 0.1102 0.2544
vn -0.7709 0.5219 -0.3651
vn -0.1304 0.6267 -0.7683
vn 0.5868 0.3652 -0.7227
vn 0.9607 -0.1095 -0.2550
vn 0.7715 -0.5215 0.3645
vn 0.1294 -0.6263 0.7688
vn -0.5541 -0.2683 0.7880
vn -0.9478 0.1503 0.2813
vn -0.7841 0.4814 -0.3918
vn -0.1616 0.5290 -0.8331
vn 0.5551 0.2676 -0.7876
vn 0.9477 -0.1501 -0.2817
vn 0.7843 -0.4813 0.3914
vn 0.1604 -0.5288 0.8334
vn -0.5192 -0.1646 0.8386
vn -0.9333 0.1936 0.3023
vn -0.7987 0.4380 -0.4127
vn -0.1960 0.4251 -0.8837
vn 0.5202 0.1639 -0.8382
vn 0.9333 -0.1935 -0.3026
vn 0.7988 -0.4380 0.4124
vn 0.1948 -0.4250 0.8840
vn -0.4818 -0.0549 0.8746
vn -0.9178 0.2390 0.3170
vn -0.8141 0.3928 -0.4278
vn -0.2339 0.3158 -0.9195
vn 0.4829 0.0545 -0.8740
vn 0.9176 -0.2387 -0.3178
vn 0.8145 -0.3927 0.4271
vn 0.2327 -0.3154 0.9200
vn -0.4427 0.0577 0.8948
vn -0.9012 0.2856 0.3259
vn -0.8306 0.3460 -0.4364
vn -0.2742 0.2037 -0.9398
vn 0.4438 -0.0581 -0.8942
vn 0.9011 -0.2854 -0.3264
vn 0.8308 -0.3460 0.4359
vn 0.2730 -0.2033 0.9403
vn -0.5094 0.2089 0.8348
vn -0.4291 0.1333 -0.8934
vn 0.5111 -0.2095 -0.8336
vn 0.4273 -0.1327 0.8943
vn -0.4690 0.3146 0.8252
vn -0.4689 0.0281 -0.8828
vn 0.4726 -0.3153 -0.8230
vn 0.4656 -0.0262 0.8846
vn -0.4294 0.4175 0.8008
vn -0.5077 -0.0758 -0.8582
vn 0.4326 -0.4187 -0.7984
vn 0.5043 0.0771 0.8601
vn -0.3906 0.5172 0.7616
vn -0.5445 -0.1756 -0.8202
vn 0.3923 -0.5172 -0.7607
vn 0.5430 0.1767 0.8209
vn -0.3538 0.6104 0.7087
vn -0.5808 -0.2696 -0.7681
vn 0.3538 -0.6104 -0.7087
vn 0.5808 0.2696 0.7681
vn -0.3202 0.6962 0.6425
vn -0.6177 -0.3540 -0.7023
vn 0.3203 -0.6960 -0.6427
vn 0.6178 0.3542 0.7021
vn -0.2875 0.7727 0.5660
vn -0.6506 -0.4309 -0.6254
vn 0.2874 -0.7729 -0.5658
vn 0.6505 0.4306 0.6256
vn -0.2558 0.8393 0.4797
vn -0.6788 -0.4985 -0.5392
vn 0.2558 -0.8393 -0.4798
vn 0.6789 0.4985 0.5391
vn -0.2291 0.8943 0.3844
vn -0.7059 -0.5526 -0.4432
vn 0.2309 -0.8942 -0.3836
vn 0.7045 0.5539 0.4437
vn -0.2070 0.9371 0.2811
vn -0.7293 -0.5934 -0.3405
vn 0.2110 -0.9363 -0.2808
vn 0.7267 0.5966 0.3405
vn -0.1900 0.9664 0.1734
vn -0.7475 -0.6224 -0.2322
vn 0.1941 -0.9657 -0.1724
vn 0.7447 0.6255 0.2328
vn -0.1783 0.9821 0.0615
vn -0.7597 -0.6389 -0.1210
vn 0.1804 -0.9817 -0.0613
vn 0.7583 0.6405 0.1210
vn -0.1704 0.9840 -0.0514
vn -0.7676 -0.6408 -0.0082
vn 0.1725 -0.9837 0.0516
vn 0.7662 0.6425 0.0081
vn -0.1664 0.9723 -0.1644
vn -0.7710 -0.6283 0.1041
vn 0.1706 -0.9716 0.1639
vn 0.7683 0.6315 -0.1050
vn -0.1681 0.9468 -0.2744
vn -0.7682 -0.6031 0.2149
vn 0.1722 -0.9460 0.2746
vn 0.7656 0.6063 -0.2151
vn -0.1755 0.9077 -0.3811
vn -0.7593 -0.5659 0.3211
vn 0.1774 -0.9075 0.3807
vn 0.7581 0.5673 -0.3218
vn -0.1886 0.8561 -0.4812
vn -0.7460 -0.5153 0.4218
vn 0.1886 -0.8561 0.4812
vn 0.7460 0.5153 -0.4218
vn -0.2078 0.7926 -0.5732
vn -0.7302 -0.4508 0.5134
vn 0.2077 -0.7928 0.5730
vn 0.7302 0.4506 -0.5136
vn -0.2294 0.7189 -0.6561
vn -0.7085 -0.3767 0.5967
vn 0.2295 -0.7187 0.6564
vn 0.7086 0.3769 -0.5965
vn -0.2532 0.6356 -0.7293
vn -0.6814 -0.2948 0.6699
vn 0.2532 -0.6356 0.7293
vn 0.6814 0.2948 -0.6699
vn -0.2821 0.5443 -0.7900
vn -0.6529 -0.2028 0.7298
vn 0.2839 -0.5443 0.7894
vn 0.6515 0.2039 -0.7307
vn -0.3149 0.4462 -0.8377
vn -0.6220 -0.1044 0.7760
vn 0.3184 -0.4473 0.8358
vn 0.6188 0.1057 -0.7784
vn -0.3504 0.3443 -0.8710
vn -0.5873 -0.0015 0.8094
vn 0.3543 -0.3449 0.8692
vn 0.5842 0.0035 -0.8116
vn -0.3888 0.2390 -0.8898
vn -0.5495 0.1032 0.8291
vn 0.3906 -0.2396 0.8888
vn 0.5479 -0.1025 -0.8303
vn -0.4273 0.1327 -0.8943
vn -0.5111 0.2095 0.8336
vn 0.4291 -0.1333 0.8934
vn 0.5094 -0.2089 -0.8348
vn -0.4656 0.0262 -0.8846
vn -0.4726 0.3153 0.8230
vn 0.4689 -0.0281 0.8828
vn 0.4690 -0.3146 -0.8252
vn -0.5043 -0.0771 -0.8601
vn -0.4326 0.4187 0.7984
vn 0.5077 0.0758 0.8582
vn 0.4294 -0.4175 -0.8008
vn -0.5430 -0.1767 -0.8209
vn -0.3923 0.5172 0.7607
vn 0.5445 0.1756 0.8202
vn 0.3906 -0.5172 -0.7616
vn -0.6178 -0.3542 -0.7021
vn -0.3203 0.6960 0.6427
vn 0.6177 0.3540 0.7023
vn 0.3202 -0.6962 -0.6425
vn -0.6505 -0.4306 -0.6256
vn -0.2874 0.7729 0.5658
vn 0.6506 0.4309 0.6254
vn 0.2875 -0.7727 -0.5660
vn -0.6789 -0.4985 -0.5391
vn -0.2558 0.8393 0.4798
vn 0.6788 0.4985 0.5392
vn 0.2558 -0.8393 -0.4797
vn -0.7045 -0.5539 -0.4437
vn -0.2309 0.8942 0.3836
vn 0.7059 0.5526 0.4432
vn 0.2291 -0.8943 -0.3844
vn -0.7267 -0.5966 -0.3405
vn -0.2110 0.9363 0.2808
vn 0.7293 0.5934 0.3405
vn 0.2070 -0.9371 -0.2811
vn -0.7447 -0.6255 -0.2328
vn -0.1941 0.9657 0.1724
vn 0.7475 0.6224 0.2322
vn 0.1900 -0.9664 -0.1734
vn -0.7583 -0.6405 -0.1210
vn -0.1804 0.9817 0.0613
vn 0.7597 0.6389 0.1210
vn 0.1783 -0.9821 -0.0615
vn -0.7662 -0.6425 -0.0081
vn -0.1725 0.9837 -0.0516
vn 0.7676 0.6408 0.0082
vn 0.1704 -0.9840 0.0514
vn -0.7683 -0.6315 0.1050
vn -0.1706 0.9716 -0.1639
vn 0.7710 0.6283 -0.1041
vn 0.1664 -0.9723 0.1644
vn -0.7656 -0.6063 0.2151
vn -0.1722 0.9460 -0.2746
vn 0.7682 0.6031 -0.2149
vn 0.1681 -0.9468 0.2744
vn -0.7581 -0.5673 0.3218
vn -0.1774 0.9075 -0.3807
vn 0.7593 0.5659 -0.3211
vn 0.1755 -0.9077 0.3811
vn -0.7302 -0.4506 0.5136
vn -0.2077 0.7928 -0.5730
vn 0.7302 0.4508 -0.5134
vn 0.2078 -0.7926 0.5732
vn -0.7086 -0.3769 0.5965
vn -0.2295 0.7187 -0.6564
vn 0.7085 0.3767 -0.5967
vn 0.2294 -0.7189 0.6561
vn -0.6515 -0.2039 0.7307
vn -0.2839 0.5443 -0.7894
vn 0.6529 0.2028 -0.7298
vn 0.2821 -0.5443 0.7900
vn -0.6188 -0.1057 0.7784
vn -0.3184 0.4473 -0.8358
vn 0.6220 0.1044 -0.7760
vn 0.3149 -0.4462 0.8377
vn -0.5842 -0.0035 0.8116
vn -0.3543 0.3449 -0.8692
vn 0.5873 0.0015 -0.8094
vn 0.3504 -0.3443 0.8710
vn -0.5479 0.1025 0.8303
vn -0.3906 0.2396 -0.8888
vn 0.5495 -0.1032 -0.8291
vn 0.3888 -0.2390 0.8898
vn 0.9777 0.1960 0.0760
vn -0.0397 -0.2762 -0.9603
vn 0.0372 0.2697 0.9622
vn 0.3466 0.9317 -0.1085
vn -0.6248 0.7803 -0.0259
vn -0.9648 -0.1061 0.2407
vn -0.0384 -0.2729 -0.9613
vn -0.3339 -0.8416 0.4247
vn 0.6373 -0.6903 0.3425
vn 0.9662 0.1103 -0.2329
vn -0.2343 -0.7504 -0.6181
vn 0.2362 0.7544 0.6124
vn 0.2915 0.6825 -0.6702
vn -0.6366 0.6948 -0.3347
vn -0.8888 0.1361 0.4375
vn -0.2338 -0.7491 -0.6198
vn 0.2362 0.7544 0.6125
vn -0.2142 -0.4350 0.8746
vn 0.7130 -0.4480 0.5393
vn 0.8916 -0.1288 -0.4341
vn 0.1248 0.1721 -0.9771
vn -0.7108 0.4556 -0.5359
vn -0.7796 0.4384 0.4473
vn -0.0127 0.1377 0.9904
vn 0.8229 -0.1460 0.5492
vn 0.7822 -0.4307 -0.4502
vn -0.3159 -0.7697 0.5548
vn 0.3172 0.7747 -0.5470
vn -0.0894 -0.4038 -0.9105
vn -0.8196 0.1534 -0.5519
vn -0.6787 0.6842 0.2669
vn -0.3162 -0.7709 0.5530
vn 0.1937 0.6581 0.7276
vn 0.9242 0.0998 0.3687
vn 0.6804 -0.6795 -0.2743
vn -0.1711 -0.3061 0.9365
vn 0.1701 0.3030 -0.9377
vn -0.2695 -0.8254 -0.4960
vn -0.9217 -0.0953 -0.3761
vn -0.6243 0.7805 -0.0342
vn -0.1722 -0.3094 0.9352
vn 0.1700 0.3029 -0.9377
vn 0.3259 0.9265 0.1880
vn 0.9782 0.1961 0.0677
vn 0.6248 -0.7803 0.0259
vn 0.0397 0.2762 0.9603
vn -0.0372 -0.2697 -0.9622
vn -0.3466 -0.9317 0.1085
vn -0.9777 -0.1960 -0.0760
vn -0.6373 0.6903 -0.3425
vn 0.0384 0.2729 0.9613
vn 0.3339 0.8416 -0.4247
vn 0.9648 0.1061 -0.2407
vn 0.6366 -0.6948 0.3347
vn 0.2343 0.7504 0.6181
vn -0.2362 -0.7544 -0.6124
vn -0.2915 -0.6825 0.6702
vn -0.9662 -0.1103 0.2329
vn -0.7130 0.4480 -0.5393
vn 0.2338 0.7491 0.6198
vn -0.2362 -0.7544 -0.6125
vn 0.2142 0.4350 -0.8746
vn 0.8888 -0.1361 -0.4375
vn 0.7108 -0.4556 0.5359
vn -0.1248 -0.1721 0.9771
vn -0.8916 0.1288 0.4341
vn -0.8229 0.1460 -0.5492
vn 0.0127 -0.1377 -0.9904
vn 0.7796 -0.4384 -0.4473
vn 0.8196 -0.1534 0.5519
vn 0.3159 0.7697 -0.5548
vn -0.3172 -0.7747 0.5470
vn 0.0894 0.4038 0.9105
vn -0.7822 0.4307 0.4502
vn -0.9242 -0.0998 -0.3687
vn 0.3162 0.7709 -0.5530
vn -0.1937 -0.6581 -0.7276
vn 0.6787 -0.6842 -0.2669
vn 0.9217 0.0953 0.3761
vn 0.1711 0.3061 -0.9365
vn -0.1701 -0.3030 0.9377
vn 0.2695 0.8254 0.4960
vn -0.6804 0.6795 0.2743
vn -0.9782 -0.1961 -0.0677
vn 0.1722 0.3094 -0.9352
vn -0.1700 -0.3029 0.9377
vn -0.3259 -0.9265 -0.1880
vn 0.6243 -0.7805 0.0342
vn -0.1435 -0.5382 -0.8305
vn 0.1435 0.5382 0.8305
vn -0.3160 -0.7701 0.5541
vn 0.3160 0.7701 -0.5541
vn -0.1434 -0.5381 -0.8306
vn 0.1434 0.5381 0.8306
vn -0.3166 -0.7722 0.5509
vn 0.3166 0.7722 -0.5509
vn -0.1437 -0.5388 -0.8301
vn 0.1430 0.5370 0.8314
vn 0.3158 0.7693 -0.5553
vn -0.3450 -0.8990 0.2698
vn 0.3449 0.8987 -0.2708
vn 0.0377 0.2711 0.9618
vn -0.3449 -0.8988 0.2704
vn 0.3450 0.8990 -0.2700
vn -0.0399 -0.2768 -0.9601
vn -0.3450 -0.8992 0.2692
vn 0.3449 0.8988 -0.2707
vn 0.3019 0.8882 0.3463
vn -0.3017 -0.8879 -0.3473
vn 0.1731 0.3118 -0.9343
vn -0.1724 -0.3099 0.9350
vn 0.3018 0.8882 0.3465
vn -0.3018 -0.8880 -0.3469
vn 0.1705 0.3043 -0.9372
vn 0.3020 0.8884 0.3457
vn -0.3016 -0.8878 -0.3476
vn 0.1711 0.3062 -0.9365
vn 0.2563 0.5664 -0.7832
vn -0.2563 -0.5664 0.7832
vn -0.2340 -0.7496 -0.6192
vn 0.2340 0.7496 0.6192
vn 0.2563 0.5664 -0.7833
vn -0.2563 -0.5664 0.7833
vn -0.2350 -0.7518 -0.6161
vn 0.2350 0.7518 0.6161
vn 0.2565 0.5670 -0.7828
vn -0.2560 -0.5653 0.7842
vn -0.2336 -0.7488 -0.6203
s 0
usemtl flame.001
f 2717//846 2718//846 2720//846 2719//846
f 2721//847 2723//847 2724//847 2722//847
f 2717//848 2721//848 2722//848 2718//848
f 2719//849 2720//849 2724//849 2723//849
f 2717//850 2719//850 2723//850 2721//850
f 2718//851 2722//851 2724//851 2720//851
f 2725//852 2726//852 2728//852 2727//852
f 2729//853 2731//853 2732//853 2730//853
f 2725//854 2729//854 2730//854 2726//854
f 2727//855 2728//855 2732//855 2731//855
f 2725//850 2727//850 2731//850 2729//850
f 2726//851 2730//851 2732//851 2728//851
f 2733//856 2734//856 2736//856 2735//856
f 2737//857 2739//857 2740//857 2738//857
f 2733//858 2737//858 2738//858 2734//858
f 2735//859 2736//859 2740//859 2739//859
f 2733//850 2735//850 2739//850 2737//850
f 2734//851 2738//851 2740//851 2736//851
f 2741//860 2742//860 2744//860 2743//860
f 2745//861 2747//861 2748//861 2746//861
f 2741//862 2745//862 2746//862 2742//862
f 2743//863 2744//863 2748//863 2747//863
f 2741//850 2743//850 2747//850 2745//850
f 2742//851 2746//851 2748//851 2744//851
f 2749//864 2750//864 2752//864 2751//864
f 2753//865 2755//865 2756//865 2754//865
f 2749//866 2753//866 2754//866 2750//866
f 2751//867 2752//867 2756//867 2755//867
f 2749//850 2751//850 2755//850 2753//850
f 2750//851 2754//851 2756//851 2752//851
f 2807//868 2758//868 2757//868
f 2808//869 2797//869 2798//869
f 2807//870 2759//870 2758//870
f 2808//871 2798//871 2799//871
f 2807//872 2760//872 2759//872
f 2808//873 2799//873 2800//873
f 2807//874 2761//874 2760//874
f 2808//875 2800//875 2801//875
f 2807//876 2762//876 2761//876
f 2808//877 2801//877 2802//877
f 2807//878 2763//878 2762//878
f 2808//879 2802//879 2803//879
f 2807//880 2764//880 2763//880
f 2808//881 2803//881 2804//881
f 2807//882 2765//882 2764//882
f 2808//883 2804//883 2805//883
f 2807//884 2766//884 2765//884
f 2808//885 2805//885 2806//885
f 2807//886 2757//886 2766//886
f 2808//887 2806//887 2797//887
f 2757//888 2758//888 2768//888 2767//888
f 2758//889 2759//889 2769//889 2768//889
f 2759//890 2760//890 2770//890 2769//890
f 2760//891 2761//891 2771//891 2770//891
f 2761//892 2762//892 2772//892 2771//892
f 2762//893 2763//893 2773//893 2772//893
f 2763//894 2764//894 2774//894 2773//894
f 2764//895 2765//895 2775//895 2774//895
f 2765//896 2766//896 2776//896 2775//896
f 2766//897 2757//897 2767//897 2776//897
f 2767//898 2768//898 2778//898 2777//898
f 2768//899 2769//899 2779//899 2778//899
f 2769//900 2770//900 2780//900 2779//900
f 2770//901 2771//901 2781//901 2780//901
f 2771//902 2772//902 2782//902 2781//902
f 2772//903 2773//903 2783//903 2782//903
f 2773//904 2774//904 2784//904 2783//904
f 2774//905 2775//905 2785//905 2784//905
f 2775//906 2776//906 2786//906 2785//906
f 2776//907 2767//907 2777//907 2786//907
f 2777//908 2778//908 2788//908 2787//908
f 2778//909 2779//909 2789//909 2788//909
f 2779//910 2780//910 2790//910 2789//910
f 2780//911 2781//911 2791//911 2790//911
f 2781//912 2782//912 2792//912 2791//912
f 2782//913 2783//913 2793//913 2792//913
f 2783//914 2784//914 2794//914 2793//914
f 2784//915 2785//915 2795//915 2794//915
f 2785//916 2786//916 2796//916 2795//916
f 2786//917 2777//917 2787//917 2796//917
f 2787//918 2788//918 2798//918 2797//918
f 2788//919 2789//919 2799//919 2798//919
f 2789//920 2790//920 2800//920 2799//920
f 2790//921 2791//921 2801//921 2800//921
f 2791//922 2792//922 2802//922 2801//922
f 2792//923 2793//923 2803//923 2802//923
f 2793//924 2794//924 2804//924 2803//924
f 2794//925 2795//925 2805//925 2804//925
f 2795//926 2796//926 2806//926 2805//926
f 2796//927 2787//927 2797//927 2806//927
f 2859//928 2810//928 2809//928
f 2860//929 2849//929 2850//929
f 2859//930 2811//930 2810//930
f 2860//931 2850//931 2851//931
f 2859//872 2812//872 2811//872
f 2860//873 2851//873 2852//873
f 2859//874 2813//874 2812//874
f 2860//875 2852//875 2853//875
f 2859//876 2814//876 2813//876
f 2860//877 2853//877 2854//877
f 2859//932 2815//932 2814//932
f 2860//933 2854//933 2855//933
f 2859//934 2816//934 2815//934
f 2860//935 2855//935 2856//935
f 2859//882 2817//882 2816//882
f 2860//883 2856//883 2857//883
f 2859//936 2818//936 2817//936
f 2860//937 2857//937 2858//937
f 2859//938 2809//938 2818//938
f 2860//939 2858//939 2849//939
f 2809//888 2810//888 2820//888 2819//888
f 2810//940 2811//940 2821//940 2820//940
f 2811//890 2812//890 2822//890 2821//890
f 2812//941 2813//941 2823//941 2822//941
f 2813//942 2814//942 2824//942 2823//942
f 2814//943 2815//943 2825//943 2824//943
f 2815//944 2816//944 2826//944 2825//944
f 2816//895 2817//895 2827//895 2826//895
f 2817//945 2818//945 2828//945 2827//945
f 2818//946 2809//946 2819//946 2828//946
f 2819//947 2820//947 2830//947 2829//947
f 2820//948 2821//948 2831//948 2830//948
f 2821//949 2822//949 2832//949 2831//949
f 2822//950 2823//950 2833//950 2832//950
f 2823//951 2824//951 2834//951 2833//951
f 2824//952 2825//952 2835//952 2834//952
f 2825//953 2826//953 2836//953 2835//953
f 2826//905 2827//905 2837//905 2836//905
f 2827//954 2828//954 2838//954 2837//954
f 2828//955 2819//955 2829//955 2838//955
f 2829//956 2830//956 2840//956 2839//956
f 2830//957 2831//957 2841//957 2840//957
f 2831//958 2832//958 2842//958 2841//958
f 2832//959 2833//959 2843//959 2842//959
f 2833//960 2834//960 2844//960 2843//960
f 2834//961 2835//961 2845//961 2844//961
f 2835//962 2836//962 2846//962 2845//962
f 2836//915 2837//915 2847//915 2846//915
f 2837//963 2838//963 2848//963 2847//963
f 2838//964 2829//964 2839//964 2848//964
f 2839//918 2840//918 2850//918 2849//918
f 2840//965 2841//965 2851//965 2850//965
f 2841//920 2842//920 2852//920 2851//920
f 2842//966 2843//966 2853//966 2852//966
f 2843//967 2844//967 2854//967 2853//967
f 2844//968 2845//968 2855//968 2854//968
f 2845//969 2846//969 2856//969 2855//969
f 2846//925 2847//925 2857//925 2856//925
f 2847//970 2848//970 2858//970 2857//970
f 2848//971 2839//971 2849//971 2858//971
f 2911//972 2862//972 2861//972
f 2912//973 2901//973 2902//973
f 2911//974 2863//974 2862//974
f 2912//975 2902//975 2903//975
f 2911//872 2864//872 2863//872
f 2912//873 2903//873 2904//873
f 2911//976 2865//976 2864//976
f 2912//977 2904//977 2905//977
f 2911//978 2866//978 2865//978
f 2912//979 2905//979 2906//979
f 2911//878 2867//878 2866//878
f 2912//879 2906//879 2907//879
f 2911//880 2868//880 2867//880
f 2912//881 2907//881 2908//881
f 2911//882 2869//882 2868//882
f 2912//883 2908//883 2909//883
f 2911//884 2870//884 2869//884
f 2912//885 2909//885 2910//885
f 2911//886 2861//886 2870//886
f 2912//887 2910//887 2901//887
f 2861//980 2862//980 2872//980 2871//980
f 2862//981 2863//981 2873//981 2872//981
f 2863//890 2864//890 2874//890 2873//890
f 2864//982 2865//982 2875//982 2874//982
f 2865//983 2866//983 2876//983 2875//983
f 2866//984 2867//984 2877//984 2876//984
f 2867//985 2868//985 2878//985 2877//985
f 2868//895 2869//895 2879//895 2878//895
f 2869//986 2870//986 2880//986 2879//986
f 2870//987 2861//987 2871//987 2880//987
f 2871//988 2872//988 2882//988 2881//988
f 2872//948 2873//948 2883//948 2882//948
f 2873//900 2874//900 2884//900 2883//900
f 2874//950 2875//950 2885//950 2884//950
f 2875//989 2876//989 2886//989 2885//989
f 2876//990 2877//990 2887//990 2886//990
f 2877//953 2878//953 2888//953 2887//953
f 2878//991 2879//991 2889//991 2888//991
f 2879//954 2880//954 2890//954 2889//954
f 2880//992 2871//992 2881//992 2890//992
f 2881//993 2882//993 2892//993 2891//993
f 2882//957 2883//957 2893//957 2892//957
f 2883//910 2884//910 2894//910 2893//910
f 2884//994 2885//994 2895//994 2894//994
f 2885//995 2886//995 2896//995 2895//995
f 2886//996 2887//996 2897//996 2896//996
f 2887//997 2888//997 2898//997 2897//997
f 2888//998 2889//998 2899//998 2898//998
f 2889//963 2890//963 2900//963 2899//963
f 2890//999 2881//999 2891//999 2900//999
f 2891//1000 2892//1000 2902//1000 2901//1000
f 2892//1001 2893//1001 2903//1001 2902//1001
f 2893//920 2894//920 2904//920 2903//920
f 2894//1002 2895//1002 2905//1002 2904//1002
f 2895//1003 2896//1003 2906//1003 2905//1003
f 2896//1004 2897//1004 2907//1004 2906//1004
f 2897//1005 2898//1005 2908//1005 2907//1005
f 2898//925 2899//925 2909//925 2908//925
f 2899//1006 2900//1006 2910//1006 2909//1006
f 2900//1007 2891//1007 2901//1007 2910//1007
f 2963//972 2914//972 2913//972
f 2964//973 2953//973 2954//973
f 2963//974 2915//974 2914//974
f 2964//975 2954//975 2955//975
f 2963//872 2916//872 2915//872
f 2964//873 2955//873 2956//873
f 2963//976 2917//976 2916//976
f 2964//977 2956//977 2957//977
f 2963//978 2918//978 2917//978
f 2964//979 2957//979 2958//979
f 2963//878 2919//878 2918//878
f 2964//879 2958//879 2959//879
f 2963//880 2920//880 2919//880
f 2964//881 2959//881 2960//881
f 2963//882 2921//882 2920//882
f 2964//883 2960//883 2961//883
f 2963//884 2922//884 2921//884
f 2964//885 2961//885 2962//885
f 2963//886 2913//886 2922//886
f 2964//887 2962//887 2953//887
f 2913//1008 2914//1008 2924//1008 2923//1008
f 2914//1009 2915//1009 2925//1009 2924//1009
f 2915//890 2916//890 2926//890 2925//890
f 2916//1010 2917//1010 2927//1010 2926//1010
f 2917//1011 2918//1011 2928//1011 2927//1011
f 2918//1012 2919//1012 2929//1012 2928//1012
f 2919//1013 2920//1013 2930//1013 2929//1013
f 2920//895 2921//895 2931//895 2930//895
f 2921//1014 2922//1014 2932//1014 2931//1014
f 2922//1015 2913//1015 2923//1015 2932//1015
f 2923//1016 2924//1016 2934//1016 2933//1016
f 2924//1017 2925//1017 2935//1017 2934//1017
f 2925//900 2926//900 2936//900 2935//900
f 2926//950 2927//950 2937//950 2936//950
f 2927//1018 2928//1018 2938//1018 2937//1018
f 2928//1019 2929//1019 2939//1019 2938//1019
f 2929//953 2930//953 2940//953 2939//953
f 2930//991 2931//991 2941//991 2940//991
f 2931//954 2932//954 2942//954 2941//954
f 2932//1020 2923//1020 2933//1020 2942//1020
f 2933//1021 2934//1021 2944//1021 2943//1021
f 2934//957 2935//957 2945//957 2944//957
f 2935//910 2936//910 2946//910 2945//910
f 2936//994 2937//994 2947//994 2946//994
f 2937//1022 2938//1022 2948//1022 2947//1022
f 2938//1023 2939//1023 2949//1023 2948//1023
f 2939//962 2940//962 2950//962 2949//962
f 2940//998 2941//998 2951//998 2950//998
f 2941//963 2942//963 2952//963 2951//963
f 2942//1024 2933//1024 2943//1024 2952//1024
f 2943//1025 2944//1025 2954//1025 2953//1025
f 2944//1026 2945//1026 2955//1026 2954//1026
f 2945//920 2946//920 2956//920 2955//920
f 2946//1027 2947//1027 2957//1027 2956//1027
f 2947//1028 2948//1028 2958//1028 2957//1028
f 2948//1029 2949//1029 2959//1029 2958//1029
f 2949//1030 2950//1030 2960//1030 2959//1030
f 2950//925 2951//925 2961//925 2960//925
f 2951//1031 2952//1031 2962//1031 2961//1031
f 2952//1032 2943//1032 2953//1032 2962//1032
f 3015//868 2966//868 2965//868
f 3016//869 3005//869 3006//869
f 3015//870 2967//870 2966//870
f 3016//871 3006//871 3007//871
f 3015//872 2968//872 2967//872
f 3016//873 3007//873 3008//873
f 3015//1033 2969//1033 2968//1033
f 3016//1034 3008//1034 3009//1034
f 3015//1035 2970//1035 2969//1035
f 3016//1036 3009//1036 3010//1036
f 3015//1037 2971//1037 2970//1037
f 3016//1038 3010//1038 3011//1038
f 3015//1039 2972//1039 2971//1039
f 3016//1040 3011//1040 3012//1040
f 3015//882 2973//882 2972//882
f 3016//883 3012//883 3013//883
f 3015//1041 2974//1041 2973//1041
f 3016//1042 3013//1042 3014//1042
f 3015//1043 2965//1043 2974//1043
f 3016//1044 3014//1044 3005//1044
f 2965//1045 2966//1045 2976//1045 2975//1045
f 2966//940 2967//940 2977//940 2976//940
f 2967//890 2968//890 2978//890 2977//890
f 2968//941 2969//941 2979//941 2978//941
f 2969//892 2970//892 2980//892 2979//892
f 2970//1046 2971//1046 2981//1046 2980//1046
f 2971//944 2972//944 2982//944 2981//944
f 2972//895 2973//895 2983//895 2982//895
f 2973//945 2974//945 2984//945 2983//945
f 2974//1047 2965//1047 2975//1047 2984//1047
f 2975//1048 2976//1048 2986//1048 2985//1048
f 2976//948 2977//948 2987//948 2986//948
f 2977//949 2978//949 2988//949 2987//949
f 2978//950 2979//950 2989//950 2988//950
f 2979//1049 2980//1049 2990//1049 2989//1049
f 2980//1050 2981//1050 2991//1050 2990//1050
f 2981//953 2982//953 2992//953 2991//953
f 2982//905 2983//905 2993//905 2992//905
f 2983//1051 2984//1051 2994//1051 2993//1051
f 2984//1052 2975//1052 2985//1052 2994//1052
f 2985//1053 2986//1053 2996//1053 2995//1053
f 2986//957 2987//957 2997//957 2996//957
f 2987//958 2988//958 2998//958 2997//958
f 2988//994 2989//994 2999//994 2998//994
f 2989//1054 2990//1054 3000//1054 2999//1054
f 2990//1055 2991//1055 3001//1055 3000//1055
f 2991//962 2992//962 3002//962 3001//962
f 2992//915 2993//915 3003//915 3002//915
f 2993//963 2994//963 3004//963 3003//963
f 2994//1056 2985//1056 2995//1056 3004//1056
f 2995//1057 2996//1057 3006//1057 3005//1057
f 2996//965 2997//965 3007//965 3006//965
f 2997//920 2998//920 3008//920 3007//920
f 2998//966 2999//966 3009//966 3008//966
f 2999//922 3000//922 3010//922 3009//922
f 3000//1058 3001//1058 3011//1058 3010//1058
f 3001//969 3002//969 3012//969 3011//969
f 3002//925 3003//925 3013//925 3012//925
f 3003//970 3004//970 3014//970 3013//970
f 3004//1059 2995//1059 3005//1059 3014//1059
usemtl metal.001
f 3017//1060 3018//1060 3026//1060 3025//1060
f 3033//867 3018//867 3017//867
f 3034//866 3025//866 3026//866
f 3018//1061 3019//1061 3027//1061 3026//1061
f 3033//867 3019//867 3018//867
f 3034//866 3026//866 3027//866
f 3019//1062 3020//1062 3028//1062 3027//1062
f 3033//867 3020//867 3019//867
f 3034//866 3027//866 3028//866
f 3020//1063 3021//1063 3029//1063 3028//1063
f 3033//867 3021//867 3020//867
f 3034//866 3028//866 3029//866
f 3021//1064 3022//1064 3030//1064 3029//1064
f 3033//867 3022//867 3021//867
f 3034//866 3029//866 3030//866
f 3022//1065 3023//1065 3031//1065 3030//1065
f 3033//867 3023//867 3022//867
f 3034//866 3030//866 3031//866
f 3023//1066 3024//1066 3032//1066 3031//1066
f 3033//867 3024//867 3023//867
f 3034//866 3031//866 3032//866
f 3024//1067 3017//1067 3025//1067 3032//1067
f 3033//867 3017//867 3024//867
f 3034//866 3032//866 3025//866
f 3035//1068 3036//1068 3044//1068 3043//1068
f 3051//1069 3036//1069 3035//1069
f 3052//1070 3043//1070 3044//1070
f 3036//1071 3037//1071 3045//1071 3044//1071
f 3051//1072 3037//1072 3036//1072
f 3052//1073 3044//1073 3045//1073
f 3037//1074 3038//1074 3046//1074 3045//1074
f 3051//1075 3038//1075 3037//1075
f 3052//1076 3045//1076 3046//1076
f 3038//1077 3039//1077 3047//1077 3046//1077
f 3051//1069 3039//1069 3038//1069
f 3052//1070 3046//1070 3047//1070
f 3039//1078 3040//1078 3048//1078 3047//1078
f 3051//1079 3040//1079 3039//1079
f 3052//1080 3047//1080 3048//1080
f 3040//1081 3041//1081 3049//1081 3048//1081
f 3051//1082 3041//1082 3040//1082
f 3052//1083 3048//1083 3049//1083
f 3041//1084 3042//1084 3050//1084 3049//1084
f 3051//1085 3042//1085 3041//1085
f 3052//1086 3049//1086 3050//1086
f 3042//1087 3035//1087 3043//1087 3050//1087
f 3051//1079 3035//1079 3042//1079
f 3052//1080 3050//1080 3043//1080
f 3053//1088 3054//1088 3062//1088 3061//1088
f 3069//1089 3054//1089 3053//1089
f 3070//1090 3061//1090 3062//1090
f 3054//1091 3055//1091 3063//1091 3062//1091
f 3069//1092 3055//1092 3054//1092
f 3070//1093 3062//1093 3063//1093
f 3055//1094 3056//1094 3064//1094 3063//1094
f 3069//1095 3056//1095 3055//1095
f 3070//1096 3063//1096 3064//1096
f 3056//1097 3057//1097 3065//1097 3064//1097
f 3069//1089 3057//1089 3056//1089
f 3070//1090 3064//1090 3065//1090
f 3057//1098 3058//1098 3066//1098 3065//1098
f 3069//1099 3058//1099 3057//1099
f 3070//1100 3065//1100 3066//1100
f 3058//1101 3059//1101 3067//1101 3066//1101
f 3069//1102 3059//1102 3058//1102
f 3070//1103 3066//1103 3067//1103
f 3059//1104 3060//1104 3068//1104 3067//1104
f 3069//1105 3060//1105 3059//1105
f 3070//1106 3067//1106 3068//1106
f 3060//1107 3053//1107 3061//1107 3068//1107
f 3069//1099 3053//1099 3060//1099
f 3070//1100 3068//1100 3061//1100
f 3071//1108 3072//1108 3080//1108 3079//1108
f 3087//1109 3072//1109 3071//1109
f 3088//1110 3079//1110 3080//1110
f 3072//1111 3073//1111 3081//1111 3080//1111
f 3087//1112 3073//1112 3072//1112
f 3088//1113 3080//1113 3081//1113
f 3073//1114 3074//1114 3082//1114 3081//1114
f 3087//1115 3074//1115 3073//1115
f 3088//1116 3081//1116 3082//1116
f 3074//1117 3075//1117 3083//1117 3082//1117
f 3087//1109 3075//1109 3074//1109
f 3088//1110 3082//1110 3083//1110
f 3075//1118 3076//1118 3084//1118 3083//1118
f 3087//1119 3076//1119 3075//1119
f 3088//1120 3083//1120 3084//1120
f 3076//1121 3077//1121 3085//1121 3084//1121
f 3087//1122 3077//1122 3076//1122
f 3088//1123 3084//1123 3085//1123
f 3077//1124 3078//1124 3086//1124 3085//1124
f 3087//1125 3078//1125 3077//1125
f 3088//1126 3085//1126 3086//1126
f 3078//1127 3071//1127 3079//1127 3086//1127
f 3087//1119 3071//1119 3078//1119
f 3088//1120 3086//1120 3079//1120
f 3089//1128 3090//1128 3098//1128 3097//1128
f 3105//1129 3090//1129 3089//1129
f 3106//1130 3097//1130 3098//1130
f 3090//1131 3091//1131 3099//1131 3098//1131
f 3105//1132 3091//1132 3090//1132
f 3106//1133 3098//1133 3099//1133
f 3091//1134 3092//1134 3100//1134 3099//1134
f 3105//1135 3092//1135 3091//1135
f 3106//1136 3099//1136 3100//1136
f 3092//1137 3093//1137 3101//1137 3100//1137
f 3105//1129 3093//1129 3092//1129
f 3106//1130 3100//1130 3101//1130
f 3093//1138 3094//1138 3102//1138 3101//1138
f 3105//1139 3094//1139 3093//1139
f 3106//1140 3101//1140 3102//1140
f 3094//1141 3095//1141 3103//1141 3102//1141
f 3105//1142 3095//1142 3094//1142
f 3106//1143 3102//1143 3103//1143
f 3095//1144 3096//1144 3104//1144 3103//1144
f 3105//1145 3096//1145 3095//1145
f 3106//1146 3103//1146 3104//1146
f 3096//1147 3089//1147 3097//1147 3104//1147
f 3105//1139 3089//1139 3096//1139
f 3106//1140 3104//1140 3097//1140
f 3107//1148 3115//1148 3116//1148 3108//1148
f 3108//1149 3116//1149 3117//1149 3109//1149
f 3109//1150 3117//1150 3118//1150 3110//1150
f 3110//1151 3118//1151 3119//1151 3111//1151
f 3111//1152 3119//1152 3120//1152 3112//1152
f 3112//1153 3120//1153 3121//1153 3113//1153
f 3113//1154 3121//1154 3122//1154 3114//1154
f 3114//1155 3122//1155 3115//1155 3107//1155
f 3115//1156 3123//1156 3124//1156 3116//1156
f 3116//1157 3124//1157 3125//1157 3117//1157
f 3117//1158 3125//1158 3126//1158 3118//1158
f 3118//1159 3126//1159 3127//1159 3119//1159
f 3119//1160 3127//1160 3128//1160 3120//1160
f 3120//1161 3128//1161 3129//1161 3121//1161
f 3121//1162 3129//1162 3130//1162 3122//1162
f 3122//1163 3130//1163 3123//1163 3115//1163
f 3123//1164 3131//1164 3132//1164 3124//1164
f 3124//1165 3132//1165 3133//1165 3125//1165
f 3125//1166 3133//1166 3134//1166 3126//1166
f 3126//1167 3134//1167 3135//1167 3127//1167
f 3127//1168 3135//1168 3136//1168 3128//1168
f 3128//1169 3136//1169 3137//1169 3129//1169
f 3129//1170 3137//1170 3138//1170 3130//1170
f 3130//1171 3138//1171 3131//1171 3123//1171
f 3131//1172 3139//1172 3140//1172 3132//1172
f 3132//1173 3140//1173 3141//1173 3133//1173
f 3133//1174 3141//1174 3142//1174 3134//1174
f 3134//1175 3142//1175 3143//1175 3135//1175
f 3135//1176 3143//1176 3144//1176 3136//1176
f 3136//1177 3144//1177 3145//1177 3137//1177
f 3137//1178 3145//1178 3146//1178 3138//1178
f 3138//1179 3146//1179 3139//1179 3131//1179
f 3139//1180 3147//1180 3148//1180 3140//1180
f 3140//1181 3148//1181 3149//1181 3141//1181
f 3141//1182 3149//1182 3150//1182 3142//1182
f 3142//1183 3150//1183 3151//1183 3143//1183
f 3143//1184 3151//1184 3152//1184 3144//1184
f 3144//1185 3152//1185 3153//1185 3145//1185
f 3145//1186 3153//1186 3154//1186 3146//1186
f 3146//1187 3154//1187 3147//1187 3139//1187
f 3147//1188 3155//1188 3156//1188 3148//1188
f 3148//1189 3156//1189 3157//1189 3149//1189
f 3149//1190 3157//1190 3158//1190 3150//1190
f 3150//1191 3158//1191 3159//1191 3151//1191
f 3151//1192 3159//1192 3160//1192 3152//1192
f 3152//1193 3160//1193 3161//1193 3153//1193
f 3153//1194 3161//1194 3162//1194 3154//1194
f 3154//1195 3162//1195 3155//1195 3147//1195
f 3155//1196 3163//1196 3164//1196 3156//1196
f 3156//1197 3164//1197 3165//1197 3157//1197
f 3157//1198 3165//1198 3166//1198 3158//1198
f 3158//1199 3166//1199 3167//1199 3159//1199
f 3159//1200 3167//1200 3168//1200 3160//1200
f 3160//1201 3168//1201 3169//1201 3161//1201
f 3161//1202 3169//1202 3170//1202 3162//1202
f 3162//1203 3170//1203 3163//1203 3155//1203
f 3163//1204 3171//1204 3172//1204 3164//1204
f 3164//1205 3172//1205 3173//1205 3165//1205
f 3165//1206 3173//1206 3174//1206 3166//1206
f 3166//1207 3174//1207 3175//1207 3167//1207
f 3167//1208 3175//1208 3176//1208 3168//1208
f 3168//1209 3176//1209 3177//1209 3169//1209
f 3169//1210 3177//1210 3178//1210 3170//1210
f 3170//1211 3178//1211 3171//1211 3163//1211
f 3171//1212 3179//1212 3180//1212 3172//1212
f 3172//1213 3180//1213 3181//1213 3173//1213
f 3173//1214 3181//1214 3182//1214 3174//1214
f 3174//1215 3182//1215 3183//1215 3175//1215
f 3175//1216 3183//1216 3184//1216 3176//1216
f 3176//1217 3184//1217 3185//1217 3177//1217
f 3177//1218 3185//1218 3186//1218 3178//1218
f 3178//1219 3186//1219 3179//1219 3171//1219
f 3179//1220 3187//1220 3188//1220 3180//1220
f 3180//1221 3188//1221 3189//1221 3181//1221
f 3181//1222 3189//1222 3190//1222 3182//1222
f 3182//1223 3190//1223 3191//1223 3183//1223
f 3183//1224 3191//1224 3192//1224 3184//1224
f 3184//1225 3192//1225 3193//1225 3185//1225
f 3185//1226 3193//1226 3194//1226 3186//1226
f 3186//1227 3194//1227 3187//1227 3179//1227
f 3187//1228 3195//1228 3196//1228 3188//1228
f 3188//1229 3196//1229 3197//1229 3189//1229
f 3189//1230 3197//1230 3198//1230 3190//1230
f 3190//1231 3198//1231 3199//1231 3191//1231
f 3191//1232 3199//1232 3200//1232 3192//1232
f 3192//1233 3200//1233 3201//1233 3193//1233
f 3193//1234 3201//1234 3202//1234 3194//1234
f 3194//1235 3202//1235 3195//1235 3187//1235
f 3195//1236 3203//1236 3204//1236 3196//1236
f 3196//1237 3204//1237 3205//1237 3197//1237
f 3197//1238 3205//1238 3206//1238 3198//1238
f 3198//1239 3206//1239 3207//1239 3199//1239
f 3199//1240 3207//1240 3208//1240 3200//1240
f 3200//1241 3208//1241 3209//1241 3201//1241
f 3201//1242 3209//1242 3210//1242 3202//1242
f 3202//1243 3210//1243 3203//1243 3195//1243
f 3203//1244 3211//1244 3212//1244 3204//1244
f 3204//1245 3212//1245 3213//1245 3205//1245
f 3205//1246 3213//1246 3214//1246 3206//1246
f 3206//1247 3214//1247 3215//1247 3207//1247
f 3207//1248 3215//1248 3216//1248 3208//1248
f 3208//1249 3216//1249 3217//1249 3209//1249
f 3209//1250 3217//1250 3218//1250 3210//1250
f 3210//1251 3218//1251 3211//1251 3203//1251
f 3211//1252 3219//1252 3220//1252 3212//1252
f 3212//1253 3220//1253 3221//1253 3213//1253
f 3213//1254 3221//1254 3222//1254 3214//1254
f 3214//1255 3222//1255 3223//1255 3215//1255
f 3215//1256 3223//1256 3224//1256 3216//1256
f 3216//1257 3224//1257 3225//1257 3217//1257
f 3217//1258 3225//1258 3226//1258 3218//1258
f 3218//1259 3226//1259 3219//1259 3211//1259
f 3219//1260 3227//1260 3228//1260 3220//1260
f 3220//1261 3228//1261 3229//1261 3221//1261
f 3221//1262 3229//1262 3230//1262 3222//1262
f 3222//1263 3230//1263 3231//1263 3223//1263
f 3223//1264 3231//1264 3232//1264 3224//1264
f 3224//1265 3232//1265 3233//1265 3225//1265
f 3225//1266 3233//1266 3234//1266 3226//1266
f 3226//1267 3234//1267 3227//1267 3219//1267
f 3227//1268 3235//1268 3236//1268 3228//1268
f 3228//1269 3236//1269 3237//1269 3229//1269
f 3229//1270 3237//1270 3238//1270 3230//1270
f 3230//1271 3238//1271 3239//1271 3231//1271
f 3231//1272 3239//1272 3240//1272 3232//1272
f 3232//1273 3240//1273 3241//1273 3233//1273
f 3233//1274 3241//1274 3242//1274 3234//1274
f 3234//1275 3242//1275 3235//1275 3227//1275
f 3235//1276 3243//1276 3244//1276 3236//1276
f 3236//1277 3244//1277 3245//1277 3237//1277
f 3237//1278 3245//1278 3246//1278 3238//1278
f 3238//1279 3246//1279 3247//1279 3239//1279
f 3239//1280 3247//1280 3248//1280 3240//1280
f 3240//1281 3248//1281 3249//1281 3241//1281
f 3241//1282 3249//1282 3250//1282 3242//1282
f 3242//1283 3250//1283 3243//1283 3235//1283
f 3243//1284 3251//1284 3252//1284 3244//1284
f 3244//1285 3252//1285 3253//1285 3245//1285
f 3245//1286 3253//1286 3254//1286 3246//1286
f 3246//1287 3254//1287 3255//1287 3247//1287
f 3247//1288 3255//1288 3256//1288 3248//1288
f 3248//1289 3256//1289 3257//1289 3249//1289
f 3249//1290 3257//1290 3258//1290 3250//1290
f 3250//1291 3258//1291 3251//1291 3243//1291
f 3251//1292 3259//1292 3260//1292 3252//1292
f 3252//1293 3260//1293 3261//1293 3253//1293
f 3253//1294 3261//1294 3262//1294 3254//1294
f 3254//1295 3262//1295 3263//1295 3255//1295
f 3255//1296 3263//1296 3264//1296 3256//1296
f 3256//1297 3264//1297 3265//1297 3257//1297
f 3257//1298 3265//1298 3266//1298 3258//1298
f 3258//1299 3266//1299 3259//1299 3251//1299
f 3259//1300 3267//1300 3268//1300 3260//1300
f 3260//1301 3268//1301 3269//1301 3261//1301
f 3261//1302 3269//1302 3270//1302 3262//1302
f 3262//1303 3270//1303 3271//1303 3263//1303
f 3263//1304 3271//1304 3272//1304 3264//1304
f 3264//1305 3272//1305 3273//1305 3265//1305
f 3265//1306 3273//1306 3274//1306 3266//1306
f 3266//1307 3274//1307 3267//1307 3259//1307
f 3267//1308 3275//1308 3276//1308 3268//1308
f 3268//1309 3276//1309 3277//1309 3269//1309
f 3269//1310 3277//1310 3278//1310 3270//1310
f 3270//1311 3278//1311 3279//1311 3271//1311
f 3271//1312 3279//1312 3280//1312 3272//1312
f 3272//1313 3280//1313 3281//1313 3273//1313
f 3273//1314 3281//1314 3282//1314 3274//1314
f 3274//1315 3282//1315 3275//1315 3267//1315
f 3275//1316 3283//1316 3284//1316 3276//1316
f 3276//1317 3284//1317 3285//1317 3277//1317
f 3277//1318 3285//1318 3286//1318 3278//1318
f 3278//1319 3286//1319 3287//1319 3279//1319
f 3279//1320 3287//1320 3288//1320 3280//1320
f 3280//1321 3288//1321 3289//1321 3281//1321
f 3281//1322 3289//1322 3290//1322 3282//1322
f 3282//1323 3290//1323 3283//1323 3275//1323
f 3283//1324 3291//1324 3292//1324 3284//1324
f 3284//1325 3292//1325 3293//1325 3285//1325
f 3285//1326 3293//1326 3294//1326 3286//1326
f 3286//1327 3294//1327 3295//1327 3287//1327
f 3287//1328 3295//1328 3296//1328 3288//1328
f 3288//1329 3296//1329 3297//1329 3289//1329
f 3289//1330 3297//1330 3298//1330 3290//1330
f 3290//1331 3298//1331 3291//1331 3283//1331
f 3291//1332 3299//1332 3300//1332 3292//1332
f 3292//1333 3300//1333 3301//1333 3293//1333
f 3293//1334 3301//1334 3302//1334 3294//1334
f 3294//1335 3302//1335 3303//1335 3295//1335
f 3295//1336 3303//1336 3304//1336 3296//1336
f 3296//1337 3304//1337 3305//1337 3297//1337
f 3297//1338 3305//1338 3306//1338 3298//1338
f 3298//1339 3306//1339 3299//1339 3291//1339
f 3299//1340 3307//1340 3308//1340 3300//1340
f 3300//1341 3308//1341 3309//1341 3301//1341
f 3301//1342 3309//1342 3310//1342 3302//1342
f 3302//1343 3310//1343 3311//1343 3303//1343
f 3303//1344 3311//1344 3312//1344 3304//1344
f 3304//1345 3312//1345 3313//1345 3305//1345
f 3305//1346 3313//1346 3314//1346 3306//1346
f 3306//1347 3314//1347 3307//1347 3299//1347
f 3307//1348 3315//1348 3316//1348 3308//1348
f 3308//1349 3316//1349 3317//1349 3309//1349
f 3309//1350 3317//1350 3318//1350 3310//1350
f 3310//1351 3318//1351 3319//1351 3311//1351
f 3311//1352 3319//1352 3320//1352 3312//1352
f 3312//1353 3320//1353 3321//1353 3313//1353
f 3313//1354 3321//1354 3322//1354 3314//1354
f 3314//1355 3322//1355 3315//1355 3307//1355
f 3315//1356 3323//1356 3324//1356 3316//1356
f 3316//1357 3324//1357 3325//1357 3317//1357
f 3317//1358 3325//1358 3326//1358 3318//1358
f 3318//1359 3326//1359 3327//1359 3319//1359
f 3319//1360 3327//1360 3328//1360 3320//1360
f 3320//1361 3328//1361 3329//1361 3321//1361
f 3321//1362 3329//1362 3330//1362 3322//1362
f 3322//1363 3330//1363 3323//1363 3315//1363
f 3323//1364 3331//1364 3332//1364 3324//1364
f 3324//1365 3332//1365 3333//1365 3325//1365
f 3325//1366 3333//1366 3334//1366 3326//1366
f 3326//1367 3334//1367 3335//1367 3327//1367
f 3327//1368 3335//1368 3336//1368 3328//1368
f 3328//1369 3336//1369 3337//1369 3329//1369
f 3329//1370 3337//1370 3338//1370 3330//1370
f 3330//1371 3338//1371 3331//1371 3323//1371
f 3331//1372 3339//1372 3340//1372 3332//1372
f 3332//1373 3340//1373 3341//1373 3333//1373
f 3333//1374 3341//1374 3342//1374 3334//1374
f 3334//1375 3342//1375 3343//1375 3335//1375
f 3335//1376 3343//1376 3344//1376 3336//1376
f 3336//1377 3344//1377 3345//1377 3337//1377
f 3337//1378 3345//1378 3346//1378 3338//1378
f 3338//1379 3346//1379 3339//1379 3331//1379
f 3339//1380 3347//1380 3348//1380 3340//1380
f 3340//1381 3348//1381 3349//1381 3341//1381
f 3341//1382 3349//1382 3350//1382 3342//1382
f 3342//1383 3350//1383 3351//1383 3343//1383
f 3343//1384 3351//1384 3352//1384 3344//1384
f 3344//1385 3352//1385 3353//1385 3345//1385
f 3345//1386 3353//1386 3354//1386 3346//1386
f 3346//1387 3354//1387 3347//1387 3339//1387
f 3347//1388 3355//1388 3356//1388 3348//1388
f 3348//1389 3356//1389 3357//1389 3349//1389
f 3349//1390 3357//1390 3358//1390 3350//1390
f 3350//1391 3358//1391 3359//1391 3351//1391
f 3351//1392 3359//1392 3360//1392 3352//1392
f 3352//1393 3360//1393 3361//1393 3353//1393
f 3353//1394 3361//1394 3362//1394 3354//1394
f 3354//1395 3362//1395 3355//1395 3347//1395
f 3355//1396 3363//1396 3364//1396 3356//1396
f 3356//1397 3364//1397 3365//1397 3357//1397
f 3357//1398 3365//1398 3366//1398 3358//1398
f 3358//1399 3366//1399 3367//1399 3359//1399
f 3359//1400 3367//1400 3368//1400 3360//1400
f 3360//1401 3368//1401 3369//1401 3361//1401
f 3361//1402 3369//1402 3370//1402 3362//1402
f 3362//1403 3370//1403 3363//1403 3355//1403
f 3363//1404 3371//1404 3372//1404 3364//1404
f 3364//1405 3372//1405 3373//1405 3365//1405
f 3365//1406 3373//1406 3374//1406 3366//1406
f 3366//1407 3374//1407 3375//1407 3367//1407
f 3367//1408 3375//1408 3376//1408 3368//1408
f 3368//1409 3376//1409 3377//1409 3369//1409
f 3369//1410 3377//1410 3378//1410 3370//1410
f 3370//1411 3378//1411 3371//1411 3363//1411
f 3371//1412 3379//1412 3380//1412 3372//1412
f 3372//1413 3380//1413 3381//1413 3373//1413
f 3373//1414 3381//1414 3382//1414 3374//1414
f 3374//1415 3382//1415 3383//1415 3375//1415
f 3375//1416 3383//1416 3384//1416 3376//1416
f 3376//1417 3384//1417 3385//1417 3377//1417
f 3377//1418 3385//1418 3386//1418 3378//1418
f 3378//1419 3386//1419 3379//1419 3371//1419
f 3379//1420 3387//1420 3388//1420 3380//1420
f 3380//1421 3388//1421 3389//1421 3381//1421
f 3381//1422 3389//1422 3390//1422 3382//1422
f 3382//1423 3390//1423 3391//1423 3383//1423
f 3383//1424 3391//1424 3392//1424 3384//1424
f 3384//1425 3392//1425 3393//1425 3385//1425
f 3385//1426 3393//1426 3394//1426 3386//1426
f 3386//1427 3394//1427 3387//1427 3379//1427
f 3387//1428 3395//1428 3396//1428 3388//1428
f 3388//1429 3396//1429 3397//1429 3389//1429
f 3389//1430 3397//1430 3398//1430 3390//1430
f 3390//1431 3398//1431 3399//1431 3391//1431
f 3391//1432 3399//1432 3400//1432 3392//1432
f 3392//1433 3400//1433 3401//1433 3393//1433
f 3393//1434 3401//1434 3402//1434 3394//1434
f 3394//1435 3402//1435 3395//1435 3387//1435
f 3395//1436 3403//1436 3404//1436 3396//1436
f 3396//1437 3404//1437 3405//1437 3397//1437
f 3397//1438 3405//1438 3406//1438 3398//1438
f 3398//1439 3406//1439 3407//1439 3399//1439
f 3399//1440 3407//1440 3408//1440 3400//1440
f 3400//1441 3408//1441 3409//1441 3401//1441
f 3401//1442 3409//1442 3410//1442 3402//1442
f 3402//1443 3410//1443 3403//1443 3395//1443
f 3403//1444 3411//1444 3412//1444 3404//1444
f 3404//1445 3412//1445 3413//1445 3405//1445
f 3405//1446 3413//1446 3414//1446 3406//1446
f 3406//1447 3414//1447 3415//1447 3407//1447
f 3407//1448 3415//1448 3416//1448 3408//1448
f 3408//1449 3416//1449 3417//1449 3409//1449
f 3409//1450 3417//1450 3418//1450 3410//1450
f 3410//1451 3418//1451 3411//1451 3403//1451
f 3411//1452 3419//1452 3420//1452 3412//1452
f 3412//1453 3420//1453 3421//1453 3413//1453
f 3413//1454 3421//1454 3422//1454 3414//1454
f 3414//1455 3422//1455 3423//1455 3415//1455
f 3415//1456 3423//1456 3424//1456 3416//1456
f 3416//1457 3424//1457 3425//1457 3417//1457
f 3417//1458 3425//1458 3426//1458 3418//1458
f 3418//1459 3426//1459 3419//1459 3411//1459
f 3419//1460 3427//1460 3428//1460 3420//1460
f 3420//1461 3428//1461 3429//1461 3421//1461
f 3421//1462 3429//1462 3430//1462 3422//1462
f 3422//1463 3430//1463 3431//1463 3423//1463
f 3423//1464 3431//1464 3432//1464 3424//1464
f 3424//1465 3432//1465 3433//1465 3425//1465
f 3425//1466 3433//1466 3434//1466 3426//1466
f 3426//1467 3434//1467 3427//1467 3419//1467
f 3427//1468 3435//1468 3436//1468 3428//1468
f 3428//1469 3436//1469 3437//1469 3429//1469
f 3429//1470 3437//1470 3438//1470 3430//1470
f 3430//1471 3438//1471 3439//1471 3431//1471
f 3431//1472 3439//1472 3440//1472 3432//1472
f 3432//1473 3440//1473 3441//1473 3433//1473
f 3433//1474 3441//1474 3442//1474 3434//1474
f 3434//1475 3442//1475 3435//1475 3427//1475
f 3435//1476 3443//1476 3444//1476 3436//1476
f 3436//1477 3444//1477 3445//1477 3437//1477
f 3437//1478 3445//1478 3446//1478 3438//1478
f 3438//1479 3446//1479 3447//1479 3439//1479
f 3439//1480 3447//1480 3448//1480 3440//1480
f 3440//1481 3448//1481 3449//1481 3441//1481
f 3441//1482 3449//1482 3450//1482 3442//1482
f 3442//1483 3450//1483 3443//1483 3435//1483
f 3443//1484 3451//1484 3452//1484 3444//1484
f 3444//1485 3452//1485 3453//1485 3445//1485
f 3445//1486 3453//1486 3454//1486 3446//1486
f 3446//1487 3454//1487 3455//1487 3447//1487
f 3447//1488 3455//1488 3456//1488 3448//1488
f 3448//1489 3456//1489 3457//1489 3449//1489
f 3449//1490 3457//1490 3458//1490 3450//1490
f 3450//1491 3458//1491 3451//1491 3443//1491
f 3451//1492 3459//1492 3460//1492 3452//1492
f 3452//1493 3460//1493 3461//1493 3453//1493
f 3453//1494 3461//1494 3462//1494 3454//1494
f 3454//1495 3462//1495 3463//1495 3455//1495
f 3455//1496 3463//1496 3464//1496 3456//1496
f 3456//1497 3464//1497 3465//1497 3457//1497
f 3457//1498 3465//1498 3466//1498 3458//1498
f 3458//1499 3466//1499 3459//1499 3451//1499
f 3459//1500 3467//1500 3468//1500 3460//1500
f 3460//1501 3468//1501 3469//1501 3461//1501
f 3461//1502 3469//1502 3470//1502 3462//1502
f 3462//1503 3470//1503 3471//1503 3463//1503
f 3463//1504 3471//1504 3472//1504 3464//1504
f 3464//1505 3472//1505 3473//1505 3465//1505
f 3465//1506 3473//1506 3474//1506 3466//1506
f 3466//1507 3474//1507 3467//1507 3459//1507
f 3467//1508 3475//1508 3476//1508 3468//1508
f 3468//1509 3476//1509 3477//1509 3469//1509
f 3469//1510 3477//1510 3478//1510 3470//1510
f 3470//1511 3478//1511 3479//1511 3471//1511
f 3471//1512 3479//1512 3480//1512 3472//1512
f 3472//1513 3480//1513 3481//1513 3473//1513
f 3473//1514 3481//1514 3482//1514 3474//1514
f 3474//1515 3482//1515 3475//1515 3467//1515
f 3475//1516 3483//1516 3484//1516 3476//1516
f 3476//1517 3484//1517 3485//1517 3477//1517
f 3477//1518 3485//1518 3486//1518 3478//1518
f 3478//1519 3486//1519 3487//1519 3479//1519
f 3479//1520 3487//1520 3488//1520 3480//1520
f 3480//1521 3488//1521 3489//1521 3481//1521
f 3481//1522 3489//1522 3490//1522 3482//1522
f 3482//1523 3490//1523 3483//1523 3475//1523
f 3483//1524 3107//1524 3108//1524 3484//1524
f 3484//1525 3108//1525 3109//1525 3485//1525
f 3485//1526 3109//1526 3110//1526 3486//1526
f 3486//1527 3110//1527 3111//1527 3487//1527
f 3487//1528 3111//1528 3112//1528 3488//1528
f 3488//1529 3112//1529 3113//1529 3489//1529
f 3489//1530 3113//1530 3114//1530 3490//1530
f 3490//1531 3114//1531 3107//1531 3483//1531
f 3779//1712 3780//1712 3786//1712 3785//1712
f 3791//1713 3780//1713 3779//1713
f 3792//1714 3785//1714 3786//1714
f 3780//1715 3781//1715 3787//1715 3786//1715
f 3791//1713 3781//1713 3780//1713
f 3792//1714 3786//1714 3787//1714
f 3781//1716 3782//1716 3788//1716 3787//1716
f 3791//1713 3782//1713 3781//1713
f 3792//1714 3787//1714 3788//1714
f 3782//1717 3783//1717 3789//1717 3788//1717
f 3791//1718 3783//1718 3782//1718
f 3792//1714 3788//1714 3789//1714
f 3783//1719 3784//1719 3790//1719 3789//1719
f 3791//1718 3784//1718 3783//1718
f 3792//1714 3789//1714 3790//1714
f 3784//1720 3779//1720 3785//1720 3790//1720
f 3791//1718 3779//1718 3784//1718
f 3792//1714 3790//1714 3785//1714
f 3793//1721 3794//1721 3800//1721 3799//1721
f 3805//1722 3794//1722 3793//1722
f 3806//1723 3799//1723 3800//1723
f 3794//1724 3795//1724 3801//1724 3800//1724
f 3805//1722 3795//1722 3794//1722
f 3806//1723 3800//1723 3801//1723
f 3795//1725 3796//1725 3802//1725 3801//1725
f 3805//1722 3796//1722 3795//1722
f 3806//1723 3801//1723 3802//1723
f 3796//1726 3797//1726 3803//1726 3802//1726
f 3805//1727 3797//1727 3796//1727
f 3806//1728 3802//1728 3803//1728
f 3797//1729 3798//1729 3804//1729 3803//1729
f 3805//1727 3798//1727 3797//1727
f 3806//1728 3803//1728 3804//1728
f 3798//1730 3793//1730 3799//1730 3804//1730
f 3805//1727 3793//1727 3798//1727
f 3806//1728 3804//1728 3799//1728
f 3807//1731 3808//1731 3814//1731 3813//1731
f 3819//866 3808//866 3807//866
f 3820//867 3813//867 3814//867
f 3808//1732 3809//1732 3815//1732 3814//1732
f 3819//866 3809//866 3808//866
f 3820//867 3814//867 3815//867
f 3809//1733 3810//1733 3816//1733 3815//1733
f 3819//866 3810//866 3809//866
f 3820//867 3815//867 3816//867
f 3810//1734 3811//1734 3817//1734 3816//1734
f 3819//866 3811//866 3810//866
f 3820//867 3816//867 3817//867
f 3811//1735 3812//1735 3818//1735 3817//1735
f 3819//866 3812//866 3811//866
f 3820//867 3817//867 3818//867
f 3812//1736 3807//1736 3813//1736 3818//1736
f 3819//866 3807//866 3812//866
f 3820//867 3818//867 3813//867
f 3821//1737 3822//1737 3828//1737 3827//1737
f 3833//1738 3822//1738 3821//1738
f 3834//1739 3827//1739 3828//1739
f 3822//1740 3823//1740 3829//1740 3828//1740
f 3833//1738 3823//1738 3822//1738
f 3834//1739 3828//1739 3829//1739
f 3823//1741 3824//1741 3830//1741 3829//1741
f 3833//1738 3824//1738 3823//1738
f 3834//1739 3829//1739 3830//1739
f 3824//1742 3825//1742 3831//1742 3830//1742
f 3833//1743 3825//1743 3824//1743
f 3834//1739 3830//1739 3831//1739
f 3825//1744 3826//1744 3832//1744 3831//1744
f 3833//1743 3826//1743 3825//1743
f 3834//1739 3831//1739 3832//1739
f 3826//1745 3821//1745 3827//1745 3832//1745
f 3833//1743 3821//1743 3826//1743
f 3834//1739 3832//1739 3827//1739
f 3835//1746 3836//1746 3842//1746 3841//1746
f 3847//1747 3836//1747 3835//1747
f 3848//1748 3841//1748 3842//1748
f 3836//1749 3837//1749 3843//1749 3842//1749
f 3847//1747 3837//1747 3836//1747
f 3848//1748 3842//1748 3843//1748
f 3837//1750 3838//1750 3844//1750 3843//1750
f 3847//1747 3838//1747 3837//1747
f 3848//1748 3843//1748 3844//1748
f 3838//1751 3839//1751 3845//1751 3844//1751
f 3847//1752 3839//1752 3838//1752
f 3848//1753 3844//1753 3845//1753
f 3839//1754 3840//1754 3846//1754 3845//1754
f 3847//1752 3840//1752 3839//1752
f 3848//1753 3845//1753 3846//1753
f 3840//1755 3835//1755 3841//1755 3846//1755
f 3847//1752 3835//1752 3840//1752
f 3848//1753 3846//1753 3841//1753
f 3849//1756 3850//1756 3856//1756 3855//1756
f 3861//1757 3850//1757 3849//1757
f 3862//1758 3855//1758 3856//1758
f 3850//1759 3851//1759 3857//1759 3856//1759
f 3861//1757 3851//1757 3850//1757
f 3862//1758 3856//1758 3857//1758
f 3851//1760 3852//1760 3858//1760 3857//1760
f 3861//1757 3852//1757 3851//1757
f 3862//1758 3857//1758 3858//1758
f 3852//1761 3853//1761 3859//1761 3858//1761
f 3861//1762 3853//1762 3852//1762
f 3862//1758 3858//1758 3859//1758
f 3853//1763 3854//1763 3860//1763 3859//1763
f 3861//1762 3854//1762 3853//1762
f 3862//1758 3859//1758 3860//1758
f 3854//1764 3849//1764 3855//1764 3860//1764
f 3861//1762 3849//1762 3854//1762
f 3862//1758 3860//1758 3855//1758
f 3863//1765 3864//1765 3870//1765 3869//1765
f 3875//1766 3864//1766 3863//1766
f 3876//1767 3869//1767 3870//1767
f 3864//1768 3865//1768 3871//1768 3870//1768
f 3875//1766 3865//1766 3864//1766
f 3876//1767 3870//1767 3871//1767
f 3865//1769 3866//1769 3872//1769 3871//1769
f 3875//1766 3866//1766 3865//1766
f 3876//1767 3871//1767 3872//1767
f 3866//1770 3867//1770 3873//1770 3872//1770
f 3875//1771 3867//1771 3866//1771
f 3876//1772 3872//1772 3873//1772
f 3867//1773 3868//1773 3874//1773 3873//1773
f 3875//1771 3868//1771 3867//1771
f 3876//1772 3873//1772 3874//1772
f 3868//1774 3863//1774 3869//1774 3874//1774
f 3875//1771 3863//1771 3868//1771
f 3876//1772 3874//1772 3869//1772
f 3877//1775 3878//1775 3884//1775 3883//1775
f 3889//867 3878//867 3877//867
f 3890//866 3883//866 3884//866
f 3878//1776 3879//1776 3885//1776 3884//1776
f 3889//867 3879//867 3878//867
f 3890//866 3884//866 3885//866
f 3879//1777 3880//1777 3886//1777 3885//1777
f 3889//867 3880//867 3879//867
f 3890//866 3885//866 3886//866
f 3880//1778 3881//1778 3887//1778 3886//1778
f 3889//867 3881//867 3880//867
f 3890//866 3886//866 3887//866
f 3881//1779 3882//1779 3888//1779 3887//1779
f 3889//867 3882//867 3881//867
f 3890//866 3887//866 3888//866
f 3882//1780 3877//1780 3883//1780 3888//1780
f 3889//867 3877//867 3882//867
f 3890//866 3888//866 3883//866
f 3891//1781 3892//1781 3898//1781 3897//1781
f 3903//1782 3892//1782 3891//1782
f 3904//1783 3897//1783 3898//1783
f 3892//1784 3893//1784 3899//1784 3898//1784
f 3903//1782 3893//1782 3892//1782
f 3904//1783 3898//1783 3899//1783
f 3893//1785 3894//1785 3900//1785 3899//1785
f 3903//1782 3894//1782 3893//1782
f 3904//1783 3899//1783 3900//1783
f 3894//1786 3895//1786 3901//1786 3900//1786
f 3903//1787 3895//1787 3894//1787
f 3904//1783 3900//1783 3901//1783
f 3895//1788 3896//1788 3902//1788 3901//1788
f 3903//1787 3896//1787 3895//1787
f 3904//1783 3901//1783 3902//1783
f 3896//1789 3891//1789 3897//1789 3902//1789
f 3903//1787 3891//1787 3896//1787
f 3904//1783 3902//1783 3897//1783
f 3905//1790 3906//1790 3912//1790 3911//1790
f 3917//1791 3906//1791 3905//1791
f 3918//1792 3911//1792 3912//1792
f 3906//1793 3907//1793 3913//1793 3912//1793
f 3917//1791 3907//1791 3906//1791
f 3918//1792 3912//1792 3913//1792
f 3907//1794 3908//1794 3914//1794 3913//1794
f 3917//1791 3908//1791 3907//1791
f 3918//1792 3913//1792 3914//1792
f 3908//1795 3909//1795 3915//1795 3914//1795
f 3917//1796 3909//1796 3908//1796
f 3918//1797 3914//1797 3915//1797
f 3909//1798 3910//1798 3916//1798 3915//1798
f 3917//1796 3910//1796 3909//1796
f 3918//1797 3915//1797 3916//1797
f 3910//1799 3905//1799 3911//1799 3916//1799
f 3917//1796 3905//1796 3910//1796
f 3918//1797 3916//1797 3911//1797
usemtl chain.003
f 3491//1532 3497//1532 3498//1532 3492//1532
f 3492//851 3498//851 3499//851 3493//851
f 3493//1533 3499//1533 3500//1533 3494//1533
f 3494//1534 3500//1534 3501//1534 3495//1534
f 3495//850 3501//850 3502//850 3496//850
f 3496//1535 3502//1535 3497//1535 3491//1535
f 3497//1536 3503//1536 3504//1536 3498//1536
f 3498//851 3504//851 3505//851 3499//851
f 3499//1537 3505//1537 3506//1537 3500//1537
f 3500//1538 3506//1538 3507//1538 3501//1538
f 3501//850 3507//850 3508//850 3502//850
f 3502//1539 3508//1539 3503//1539 3497//1539
f 3503//1540 3509//1540 3510//1540 3504//1540
f 3504//851 3510//851 3511//851 3505//851
f 3505//1541 3511//1541 3512//1541 3506//1541
f 3506//1542 3512//1542 3513//1542 3507//1542
f 3507//850 3513//850 3514//850 3508//850
f 3508//1543 3514//1543 3509//1543 3503//1543
f 3509//1544 3515//1544 3516//1544 3510//1544
f 3510//851 3516//851 3517//851 3511//851
f 3511//1545 3517//1545 3518//1545 3512//1545
f 3512//1546 3518//1546 3519//1546 3513//1546
f 3513//850 3519//850 3520//850 3514//850
f 3514//1547 3520//1547 3515//1547 3509//1547
f 3515//1548 3521//1548 3522//1548 3516//1548
f 3516//851 3522//851 3523//851 3517//851
f 3517//1549 3523//1549 3524//1549 3518//1549
f 3518//1550 3524//1550 3525//1550 3519//1550
f 3519//850 3525//850 3526//850 3520//850
f 3520//1551 3526//1551 3521//1551 3515//1551
f 3521//1552 3527//1552 3528//1552 3522//1552
f 3522//851 3528//851 3529//851 3523//851
f 3523//1553 3529//1553 3530//1553 3524//1553
f 3524//1554 3530//1554 3531//1554 3525//1554
f 3525//850 3531//850 3532//850 3526//850
f 3526//1555 3532//1555 3527//1555 3521//1555
f 3527//1556 3533//1556 3534//1556 3528//1556
f 3528//851 3534//851 3535//851 3529//851
f 3529//1557 3535//1557 3536//1557 3530//1557
f 3530//1558 3536//1558 3537//1558 3531//1558
f 3531//850 3537//850 3538//850 3532//850
f 3532//1559 3538//1559 3533//1559 3527//1559
f 3533//1560 3539//1560 3540//1560 3534//1560
f 3534//851 3540//851 3541//851 3535//851
f 3535//1561 3541//1561 3542//1561 3536//1561
f 3536//1562 3542//1562 3543//1562 3537//1562
f 3537//850 3543//850 3544//850 3538//850
f 3538//1563 3544//1563 3539//1563 3533//1563
f 3539//1564 3545//1564 3546//1564 3540//1564
f 3540//851 3546//851 3547//851 3541//851
f 3541//1565 3547//1565 3548//1565 3542//1565
f 3542//1566 3548//1566 3549//1566 3543//1566
f 3543//850 3549//850 3550//850 3544//850
f 3544//1567 3550//1567 3545//1567 3539//1567
f 3545//1568 3551//1568 3552//1568 3546//1568
f 3546//851 3552//851 3553//851 3547//851
f 3547//1569 3553//1569 3554//1569 3548//1569
f 3548//1570 3554//1570 3555//1570 3549//1570
f 3549//850 3555//850 3556//850 3550//850
f 3550//1571 3556//1571 3551//1571 3545//1571
f 3551//1572 3557//1572 3558//1572 3552//1572
f 3552//851 3558//851 3559//851 3553//851
f 3553//1573 3559//1573 3560//1573 3554//1573
f 3554//1574 3560//1574 3561//1574 3555//1574
f 3555//850 3561//850 3562//850 3556//850
f 3556//1575 3562//1575 3557//1575 3551//1575
f 3557//1576 3563//1576 3564//1576 3558//1576
f 3558//851 3564//851 3565//851 3559//851
f 3559//1577 3565//1577 3566//1577 3560//1577
f 3560//1578 3566//1578 3567//1578 3561//1578
f 3561//850 3567//850 3568//850 3562//850
f 3562//1579 3568//1579 3563//1579 3557//1579
f 3563//1580 3569//1580 3570//1580 3564//1580
f 3564//851 3570//851 3571//851 3565//851
f 3565//1581 3571//1581 3572//1581 3566//1581
f 3566//1582 3572//1582 3573//1582 3567//1582
f 3567//850 3573//850 3574//850 3568//850
f 3568//1583 3574//1583 3569//1583 3563//1583
f 3569//1584 3575//1584 3576//1584 3570//1584
f 3570//851 3576//851 3577//851 3571//851
f 3571//1585 3577//1585 3578//1585 3572//1585
f 3572//1586 3578//1586 3579//1586 3573//1586
f 3573//850 3579//850 3580//850 3574//850
f 3574//1587 3580//1587 3575//1587 3569//1587
f 3575//1588 3581//1588 3582//1588 3576//1588
f 3576//851 3582//851 3583//851 3577//851
f 3577//1589 3583//1589 3584//1589 3578//1589
f 3578//1590 3584//1590 3585//1590 3579//1590
f 3579//850 3585//850 3586//850 3580//850
f 3580//1591 3586//1591 3581//1591 3575//1591
f 3581//1592 3587//1592 3588//1592 3582//1592
f 3582//851 3588//851 3589//851 3583//851
f 3583//1593 3589//1593 3590//1593 3584//1593
f 3584//1594 3590//1594 3591//1594 3585//1594
f 3585//850 3591//850 3592//850 3586//850
f 3586//1595 3592//1595 3587//1595 3581//1595
f 3587//1596 3593//1596 3594//1596 3588//1596
f 3588//851 3594//851 3595//851 3589//851
f 3589//1597 3595//1597 3596//1597 3590//1597
f 3590//1598 3596//1598 3597//1598 3591//1598
f 3591//850 3597//850 3598//850 3592//850
f 3592//1599 3598//1599 3593//1599 3587//1599
f 3593//1600 3599//1600 3600//1600 3594//1600
f 3594//851 3600//851 3601//851 3595//851
f 3595//1601 3601//1601 3602//1601 3596//1601
f 3596//1602 3602//1602 3603//1602 3597//1602
f 3597//850 3603//850 3604//850 3598//850
f 3598//1603 3604//1603 3599//1603 3593//1603
f 3599//1604 3605//1604 3606//1604 3600//1604
f 3600//851 3606//851 3607//851 3601//851
f 3601//1605 3607//1605 3608//1605 3602//1605
f 3602//1606 3608//1606 3609//1606 3603//1606
f 3603//850 3609//850 3610//850 3604//850
f 3604//1607 3610//1607 3605//1607 3599//1607
f 3605//1608 3611//1608 3612//1608 3606//1608
f 3606//851 3612//851 3613//851 3607//851
f 3607//1609 3613//1609 3614//1609 3608//1609
f 3608//1610 3614//1610 3615//1610 3609//1610
f 3609//850 3615//850 3616//850 3610//850
f 3610//1611 3616//1611 3611//1611 3605//1611
f 3611//1612 3617//1612 3618//1612 3612//1612
f 3612//851 3618//851 3619//851 3613//851
f 3613//1613 3619//1613 3620//1613 3614//1613
f 3614//1614 3620//1614 3621//1614 3615//1614
f 3615//850 3621//850 3622//850 3616//850
f 3616//1615 3622//1615 3617//1615 3611//1615
f 3617//1616 3623//1616 3624//1616 3618//1616
f 3618//851 3624//851 3625//851 3619//851
f 3619//1617 3625//1617 3626//1617 3620//1617
f 3620//1618 3626//1618 3627//1618 3621//1618
f 3621//850 3627//850 3628//850 3622//850
f 3622//1619 3628//1619 3623//1619 3617//1619
f 3623//1620 3629//1620 3630//1620 3624//1620
f 3624//851 3630//851 3631//851 3625//851
f 3625//1621 3631//1621 3632//1621 3626//1621
f 3626//1622 3632//1622 3633//1622 3627//1622
f 3627//850 3633//850 3634//850 3628//850
f 3628//1623 3634//1623 3629//1623 3623//1623
f 3629//1624 3635//1624 3636//1624 3630//1624
f 3630//851 3636//851 3637//851 3631//851
f 3631//1625 3637//1625 3638//1625 3632//1625
f 3632//1626 3638//1626 3639//1626 3633//1626
f 3633//850 3639//850 3640//850 3634//850
f 3634//1627 3640//1627 3635//1627 3629//1627
f 3635//1628 3641//1628 3642//1628 3636//1628
f 3636//851 3642//851 3643//851 3637//851
f 3637//1629 3643//1629 3644//1629 3638//1629
f 3638//1630 3644//1630 3645//1630 3639//1630
f 3639//850 3645//850 3646//850 3640//850
f 3640//1631 3646//1631 3641//1631 3635//1631
f 3641//1632 3647//1632 3648//1632 3642//1632
f 3642//851 3648//851 3649//851 3643//851
f 3643//1633 3649//1633 3650//1633 3644//1633
f 3644//1634 3650//1634 3651//1634 3645//1634
f 3645//850 3651//850 3652//850 3646//850
f 3646//1635 3652//1635 3647//1635 3641//1635
f 3647//1636 3653//1636 3654//1636 3648//1636
f 3648//851 3654//851 3655//851 3649//851
f 3649//1637 3655//1637 3656//1637 3650//1637
f 3650//1638 3656//1638 3657//1638 3651//1638
f 3651//850 3657//850 3658//850 3652//850
f 3652//1639 3658//1639 3653//1639 3647//1639
f 3653//1640 3659//1640 3660//1640 3654//1640
f 3654//851 3660//851 3661//851 3655//851
f 3655//1641 3661//1641 3662//1641 3656//1641
f 3656//1642 3662//1642 3663//1642 3657//1642
f 3657//850 3663//850 3664//850 3658//850
f 3658//1643 3664//1643 3659//1643 3653//1643
f 3659//1549 3665//1549 3666//1549 3660//1549
f 3660//851 3666//851 3667//851 3661//851
f 3661//1548 3667//1548 3668//1548 3662//1548
f 3662//1551 3668//1551 3669//1551 3663//1551
f 3663//850 3669//850 3670//850 3664//850
f 3664//1550 3670//1550 3665//1550 3659//1550
f 3665//1644 3671//1644 3672//1644 3666//1644
f 3666//851 3672//851 3673//851 3667//851
f 3667//1645 3673//1645 3674//1645 3668//1645
f 3668//1646 3674//1646 3675//1646 3669//1646
f 3669//850 3675//850 3676//850 3670//850
f 3670//1647 3676//1647 3671//1647 3665//1647
f 3671//1648 3677//1648 3678//1648 3672//1648
f 3672//851 3678//851 3679//851 3673//851
f 3673//1649 3679//1649 3680//1649 3674//1649
f 3674//1650 3680//1650 3681//1650 3675//1650
f 3675//850 3681//850 3682//850 3676//850
f 3676//1651 3682//1651 3677//1651 3671//1651
f 3677//1652 3683//1652 3684//1652 3678//1652
f 3678//851 3684//851 3685//851 3679//851
f 3679//1653 3685//1653 3686//1653 3680//1653
f 3680//1654 3686//1654 3687//1654 3681//1654
f 3681//850 3687//850 3688//850 3682//850
f 3682//1655 3688//1655 3683//1655 3677//1655
f 3683//1656 3689//1656 3690//1656 3684//1656
f 3684//851 3690//851 3691//851 3685//851
f 3685//1657 3691//1657 3692//1657 3686//1657
f 3686//1658 3692//1658 3693//1658 3687//1658
f 3687//850 3693//850 3694//850 3688//850
f 3688//1659 3694//1659 3689//1659 3683//1659
f 3689//1660 3695//1660 3696//1660 3690//1660
f 3690//851 3696//851 3697//851 3691//851
f 3691//1661 3697//1661 3698//1661 3692//1661
f 3692//1662 3698//1662 3699//1662 3693//1662
f 3693//850 3699//850 3700//850 3694//850
f 3694//1663 3700//1663 3695//1663 3689//1663
f 3695//1664 3701//1664 3702//1664 3696//1664
f 3696//851 3702//851 3703//851 3697//851
f 3697//1665 3703//1665 3704//1665 3698//1665
f 3698//1666 3704//1666 3705//1666 3699//1666
f 3699//850 3705//850 3706//850 3700//850
f 3700//1667 3706//1667 3701//1667 3695//1667
f 3701//1668 3707//1668 3708//1668 3702//1668
f 3702//851 3708//851 3709//851 3703//851
f 3703//1669 3709//1669 3710//1669 3704//1669
f 3704//1670 3710//1670 3711//1670 3705//1670
f 3705//850 3711//850 3712//850 3706//850
f 3706//1671 3712//1671 3707//1671 3701//1671
f 3707//1672 3713//1672 3714//1672 3708//1672
f 3708//851 3714//851 3715//851 3709//851
f 3709//1673 3715//1673 3716//1673 3710//1673
f 3710//1674 3716//1674 3717//1674 3711//1674
f 3711//850 3717//850 3718//850 3712//850
f 3712//1675 3718//1675 3713//1675 3707//1675
f 3713//1676 3719//1676 3720//1676 3714//1676
f 3714//851 3720//851 3721//851 3715//851
f 3715//1677 3721//1677 3722//1677 3716//1677
f 3716//1678 3722//1678 3723//1678 3717//1678
f 3717//850 3723//850 3724//850 3718//850
f 3718//1679 3724//1679 3719//1679 3713//1679
f 3719//1680 3725//1680 3726//1680 3720//1680
f 3720//851 3726//851 3727//851 3721//851
f 3721//1681 3727//1681 3728//1681 3722//1681
f 3722//1682 3728//1682 3729//1682 3723//1682
f 3723//850 3729//850 3730//850 3724//850
f 3724//1683 3730//1683 3725//1683 3719//1683
f 3725//1684 3731//1684 3732//1684 3726//1684
f 3726//851 3732//851 3733//851 3727//851
f 3727//1685 3733//1685 3734//1685 3728//1685
f 3728//1686 3734//1686 3735//1686 3729//1686
f 3729//850 3735//850 3736//850 3730//850
f 3730//1687 3736//1687 3731//1687 3725//1687
f 3731//1597 3737//1597 3738//1597 3732//1597
f 3732//851 3738//851 3739//851 3733//851
f 3733//1596 3739//1596 3740//1596 3734//1596
f 3734//1599 3740//1599 3741//1599 3735//1599
f 3735//850 3741//850 3742//850 3736//850
f 3736//1598 3742//1598 3737//1598 3731//1598
f 3737//1688 3743//1688 3744//1688 3738//1688
f 3738//851 3744//851 3745//851 3739//851
f 3739//1689 3745//1689 3746//1689 3740//1689
f 3740//1690 3746//1690 3747//1690 3741//1690
f 3741//850 3747//850 3748//850 3742//850
f 3742//1691 3748//1691 3743//1691 3737//1691
f 3743//1692 3749//1692 3750//1692 3744//1692
f 3744//851 3750//851 3751//851 3745//851
f 3745//1693 3751//1693 3752//1693 3746//1693
f 3746//1694 3752//1694 3753//1694 3747//1694
f 3747//850 3753//850 3754//850 3748//850
f 3748//1695 3754//1695 3749//1695 3743//1695
f 3749//1609 3755//1609 3756//1609 3750//1609
f 3750//851 3756//851 3757//851 3751//851
f 3751//1608 3757//1608 3758//1608 3752//1608
f 3752//1611 3758//1611 3759//1611 3753//1611
f 3753//850 3759//850 3760//850 3754//850
f 3754//1610 3760//1610 3755//1610 3749//1610
f 3755//1696 3761//1696 3762//1696 3756//1696
f 3756//851 3762//851 3763//851 3757//851
f 3757//1697 3763//1697 3764//1697 3758//1697
f 3758//1698 3764//1698 3765//1698 3759//1698
f 3759//850 3765//850 3766//850 3760//850
f 3760//1699 3766//1699 3761//1699 3755//1699
f 3761//1700 3767//1700 3768//1700 3762//1700
f 3762//851 3768//851 3769//851 3763//851
f 3763//1701 3769//1701 3770//1701 3764//1701
f 3764//1702 3770//1702 3771//1702 3765//1702
f 3765//850 3771//850 3772//850 3766//850
f 3766//1703 3772//1703 3767//1703 3761//1703
f 3767//1704 3773//1704 3774//1704 3768//1704
f 3768//851 3774//851 3775//851 3769//851
f 3769//1705 3775//1705 3776//1705 3770//1705
f 3770//1706 3776//1706 3777//1706 3771//1706
f 3771//850 3777//850 3778//850 3772//850
f 3772//1707 3778//1707 3773//1707 3767//1707
f 3773//1708 3491//1708 3492//1708 3774//1708
f 3774//851 3492//851 3493//851 3775//851
f 3775//1709 3493//1709 3494//1709 3776//1709
f 3776//1710 3494//1710 3495//1710 3777//1710
f 3777//850 3495//850 3496//850 3778//850
f 3778//1711 3496//1711 3491//1711 3773//1711
usemtl bone.001
f 3919//1800 3920//1800 3922//1800 3921//1800
f 3923//1801 3925//1801 3926//1801 3924//1801
f 3919//1802 3923//1802 3924//1802 3920//1802
f 3921//1803 3922//1803 3926//1803 3925//1803
f 3919//850 3921//850 3925//850 3923//850
f 3920//851 3924//851 3926//851 3922//851
f 3927//1804 3928//1804 3930//1804 3929//1804
f 3931//1805 3933//1805 3934//1805 3932//1805
f 3927//1806 3931//1806 3932//1806 3928//1806
f 3929//1807 3930//1807 3934//1807 3933//1807
f 3927//850 3929//850 3933//850 3931//850
f 3928//851 3932//851 3934//851 3930//851
f 3935//1808 3936//1808 3938//1808 3937//1808
f 3939//1809 3941//1809 3942//1809 3940//1809
f 3935//1802 3939//1802 3940//1802 3936//1802
f 3937//1810 3938//1810 3942//1810 3941//1810
f 3935//850 3937//850 3941//850 3939//850
f 3936//851 3940//851 3942//851 3938//851
f 3943//1811 3944//1811 3946//1811 3945//1811
f 3947//1812 3949//1812 3950//1812 3948//1812
f 3943//1813 3947//1813 3948//1813 3944//1813
f 3945//1718 3946//1718 3950//1718 3949//1718
f 3943//850 3945//850 3949//850 3947//850
f 3944//851 3948//851 3950//851 3946//851
f 3951//1814 3952//1814 3954//1814 3953//1814
f 3955//1815 3957//1815 3958//1815 3956//1815
f 3951//1813 3955//1813 3956//1813 3952//1813
f 3953//1816 3954//1816 3958//1816 3957//1816
f 3951//850 3953//850 3957//850 3955//850
f 3952//851 3956//851 3958//851 3954//851
f 3959//1817 3960//1817 3962//1817 3961//1817
f 3963//1818 3965//1818 3966//1818 3964//1818
f 3959//1813 3963//1813 3964//1813 3960//1813
f 3961//1718 3962//1718 3966//1718 3965//1718
f 3959//850 3961//850 3965//850 3963//850
f 3960//851 3964//851 3966//851 3962//851
f 3967//865 3968//865 3970//865 3969//865
f 3971//864 3973//864 3974//864 3972//864
f 3967//867 3971//867 3972//867 3968//867
f 3969//866 3970//866 3974//866 3973//866
f 3967//850 3969//850 3973//850 3971//850
f 3968//851 3972//851 3974//851 3970//851
f 3975//865 3976//865 3978//865 3977//865
f 3979//864 3981//864 3982//864 3980//864
f 3975//867 3979//867 3980//867 3976//867
f 3977//866 3978//866 3982//866 3981//866
f 3975//850 3977//850 3981//850 3979//850
f 3976//851 3980//851 3982//851 3978//851
f 3983//865 3984//865 3986//865 3985//865
f 3987//864 3989//864 3990//864 3988//864
f 3983//867 3987//867 3988//867 3984//867
f 3985//866 3986//866 3990//866 3989//866
f 3983//850 3985//850 3989//850 3987//850
f 3984//851 3988//851 3990//851 3986//851
f 3991//1819 3992//1819 3994//1819 3993//1819
f 3995//1820 3997//1820 3998//1820 3996//1820
f 3991//1821 3995//1821 3996//1821 3992//1821
f 3993//1822 3994//1822 3998//1822 3997//1822
f 3991//850 3993//850 3997//850 3995//850
f 3992//851 3996//851 3998//851 3994//851
f 3999//1823 4000//1823 4002//1823 4001//1823
f 4003//1824 4005//1824 4006//1824 4004//1824
f 3999//1825 4003//1825 4004//1825 4000//1825
f 4001//1822 4002//1822 4006//1822 4005//1822
f 3999//850 4001//850 4005//850 4003//850
f 4000//851 4004//851 4006//851 4002//851
f 4007//1826 4008//1826 4010//1826 4009//1826
f 4011//1827 4013//1827 4014//1827 4012//1827
f 4007//1828 4011//1828 4012//1828 4008//1828
f 4009//1822 4010//1822 4014//1822 4013//1822
f 4007//850 4009//850 4013//850 4011//850
f 4008//851 4012//851 4014//851 4010//851
f 4015//1829 4016//1829 4018//1829 4017//1829
f 4019//1830 4021//1830 4022//1830 4020//1830
f 4015//1831 4019//1831 4020//1831 4016//1831
f 4017//1832 4018//1832 4022//1832 4021//1832
f 4015//850 4017//850 4021//850 4019//850
f 4016//851 4020//851 4022//851 4018//851
f 4023//1833 4024//1833 4026//1833 4025//1833
f 4027//1834 4029//1834 4030//1834 4028//1834
f 4023//1835 4027//1835 4028//1835 4024//1835
f 4025//1836 4026//1836 4030//1836 4029//1836
f 4023//850 4025//850 4029//850 4027//850
f 4024//851 4028//851 4030//851 4026//851
f 4031//1837 4032//1837 4034//1837 4033//1837
f 4035//1838 4037//1838 4038//1838 4036//1838
f 4031//1839 4035//1839 4036//1839 4032//1839
f 4033//1832 4034//1832 4038//1832 4037//1832
f 4031//850 4033//850 4037//850 4035//850
f 4032//851 4036//851 4038//851 4034//851
o pentagramme.001
v 0.102603 -0.001353 0.284887
v 0.108306 0.001223 0.285302
v 0.099825 0.005119 0.282901
v 0.105527 0.007694 0.283316
v 0.136437 -0.045505 0.094028
v 0.142140 -0.042929 0.094443
v 0.133659 -0.039033 0.092043
v 0.139361 -0.036457 0.092458
v 0.146566 -0.085824 0.205064
v 0.152269 -0.083249 0.205479
v 0.144526 -0.082284 0.211126
v 0.150228 -0.079708 0.211541
v 0.085248 0.067723 0.094689
v 0.090951 0.070298 0.095104
v 0.083203 0.071273 0.100752
v 0.088906 0.073848 0.101167
v 0.134289 -0.040127 0.090169
v 0.139992 -0.037551 0.090584
v 0.135807 -0.044411 0.095903
v 0.141509 -0.041835 0.096318
v 0.062560 0.098920 0.212807
v 0.068262 0.101495 0.213222
v 0.064073 0.094645 0.218542
v 0.069776 0.097221 0.218957
v 0.082736 0.072594 0.098978
v 0.088438 0.075169 0.099394
v 0.085716 0.066402 0.096462
v 0.091418 0.068978 0.096877
v 0.099724 0.004979 0.285152
v 0.105426 0.007554 0.285567
v 0.102704 -0.001213 0.282636
v 0.108406 0.001363 0.283051
v 0.063151 0.096560 0.219322
v 0.068854 0.099136 0.219737
v 0.063477 0.097014 0.212027
v 0.069180 0.099590 0.212443
v 0.145385 -0.084286 0.211742
v 0.151088 -0.081710 0.212157
v 0.145711 -0.083832 0.204447
v 0.151414 -0.081256 0.204862
v 0.110304 0.002551 0.284342
v 0.110140 0.003207 0.282530
v 0.109542 0.004704 0.281454
v 0.108738 0.006472 0.281528
v 0.108039 0.007827 0.282724
v 0.107710 0.008255 0.284581
v 0.107875 0.007599 0.286392
v 0.108473 0.006102 0.287468
v 0.109277 0.004334 0.287394
v 0.109976 0.002978 0.286198
v 0.109164 -0.000485 0.284102
v 0.108874 0.000663 0.280963
v 0.107842 0.003248 0.279097
v 0.106450 0.006310 0.279225
v 0.105243 0.008649 0.281298
v 0.104668 0.009402 0.284516
v 0.104959 0.008254 0.287655
v 0.105990 0.005669 0.289521
v 0.107382 0.002607 0.289393
v 0.108590 0.000268 0.287320
v 0.106659 -0.002534 0.283862
v 0.106326 -0.001211 0.280230
v 0.105131 0.001782 0.278077
v 0.103531 0.005300 0.278225
v 0.102133 0.008011 0.280616
v 0.101471 0.008875 0.284341
v 0.101804 0.007553 0.287973
v 0.102999 0.004559 0.290126
v 0.104599 0.001042 0.289978
v 0.105997 -0.001669 0.287587
v 0.103462 -0.003061 0.283687
v 0.103172 -0.001912 0.280548
v 0.102140 0.000673 0.278682
v 0.100748 0.003734 0.278810
v 0.099540 0.006074 0.280883
v 0.098966 0.006827 0.284101
v 0.099256 0.005678 0.287240
v 0.100288 0.003093 0.289106
v 0.101680 0.000032 0.288978
v 0.102888 -0.002308 0.286905
v 0.100420 -0.001914 0.283622
v 0.100255 -0.001258 0.281811
v 0.099658 0.000239 0.280735
v 0.098854 0.002007 0.280809
v 0.098154 0.003363 0.282004
v 0.097826 0.003791 0.283861
v 0.097990 0.003135 0.285673
v 0.098588 0.001638 0.286749
v 0.099392 -0.000131 0.286675
v 0.100092 -0.001486 0.285479
v 0.109768 0.005746 0.284517
v 0.098363 0.000595 0.283686
v 0.154639 -0.083391 0.208542
v 0.154470 -0.082725 0.206731
v 0.153872 -0.081229 0.205655
v 0.153072 -0.079470 0.205729
v 0.152373 -0.078114 0.206925
v 0.152045 -0.077687 0.208782
v 0.152209 -0.078343 0.210603
v 0.152807 -0.079839 0.211669
v 0.153607 -0.081598 0.211595
v 0.154305 -0.082954 0.210410
v 0.153494 -0.086417 0.208303
v 0.153208 -0.085278 0.205164
v 0.152172 -0.082684 0.203298
v 0.150785 -0.079632 0.203426
v 0.149573 -0.077283 0.205499
v 0.149003 -0.076539 0.208717
v 0.149288 -0.077679 0.211866
v 0.150325 -0.080273 0.213722
v 0.151712 -0.083325 0.213594
v 0.152924 -0.085675 0.211531
v 0.150993 -0.088475 0.208063
v 0.150661 -0.087153 0.204430
v 0.149465 -0.084160 0.202289
v 0.147861 -0.080633 0.202436
v 0.146463 -0.077922 0.204817
v 0.145806 -0.077067 0.208541
v 0.146134 -0.078379 0.212175
v 0.147329 -0.081373 0.214327
v 0.148933 -0.084900 0.214179
v 0.150332 -0.087611 0.211788
v 0.147792 -0.088993 0.207888
v 0.147506 -0.087854 0.204749
v 0.146470 -0.085260 0.202883
v 0.145082 -0.082208 0.203011
v 0.143870 -0.079859 0.205084
v 0.143300 -0.079115 0.208302
v 0.143586 -0.080255 0.211451
v 0.144622 -0.082849 0.213307
v 0.146010 -0.085900 0.213179
v 0.147221 -0.088250 0.211116
v 0.144754 -0.087855 0.207823
v 0.144585 -0.087190 0.206012
v 0.143988 -0.085693 0.204936
v 0.143188 -0.083934 0.205010
v 0.142489 -0.082579 0.206205
v 0.142160 -0.082151 0.208062
v 0.142324 -0.082808 0.209884
v 0.142923 -0.084304 0.210950
v 0.143722 -0.086063 0.210876
v 0.144421 -0.087419 0.209691
v 0.154102 -0.080195 0.208717
v 0.142697 -0.085347 0.207887
v 0.144138 -0.041601 0.093483
v 0.143974 -0.040944 0.091662
v 0.143376 -0.039448 0.090596
v 0.142572 -0.037680 0.090670
v 0.141873 -0.036324 0.091855
v 0.141544 -0.035897 0.093722
v 0.141709 -0.036553 0.095534
v 0.142307 -0.038049 0.096610
v 0.143111 -0.039818 0.096536
v 0.143810 -0.041173 0.095340
v 0.142994 -0.044627 0.093244
v 0.142709 -0.043488 0.090095
v 0.141672 -0.040894 0.088239
v 0.140285 -0.037842 0.088367
v 0.139073 -0.035492 0.090430
v 0.138503 -0.034749 0.093658
v 0.138788 -0.035888 0.096797
v 0.139824 -0.038483 0.098663
v 0.141212 -0.041535 0.098535
v 0.142424 -0.043884 0.096462
v 0.140493 -0.046685 0.093004
v 0.140160 -0.045363 0.089371
v 0.138965 -0.042370 0.087219
v 0.137361 -0.038842 0.087367
v 0.135963 -0.036132 0.089758
v 0.135305 -0.035277 0.093482
v 0.135634 -0.036589 0.097115
v 0.136830 -0.039582 0.099257
v 0.138434 -0.043109 0.099109
v 0.139832 -0.045821 0.096729
v 0.137292 -0.047203 0.092829
v 0.137006 -0.046063 0.089679
v 0.135970 -0.043470 0.087824
v 0.134582 -0.040418 0.087952
v 0.133370 -0.038068 0.090015
v 0.132800 -0.037325 0.093243
v 0.133086 -0.038464 0.096382
v 0.134122 -0.041058 0.098248
v 0.135510 -0.044110 0.098120
v 0.136722 -0.046460 0.096047
v 0.134254 -0.046065 0.092764
v 0.134090 -0.045409 0.090942
v 0.133492 -0.043913 0.089876
v 0.132688 -0.042144 0.089951
v 0.131989 -0.040788 0.091136
v 0.131660 -0.040361 0.093003
v 0.131825 -0.041017 0.094814
v 0.132422 -0.042514 0.095890
v 0.133226 -0.044282 0.095816
v 0.133926 -0.045638 0.094621
v 0.143602 -0.038405 0.093658
v 0.132197 -0.043557 0.092828
v 0.093316 0.070166 0.098168
v 0.093152 0.070822 0.096346
v 0.092554 0.072318 0.095281
v 0.091750 0.074087 0.095355
v 0.091051 0.075443 0.096540
v 0.090722 0.075870 0.098407
v 0.090887 0.075214 0.100218
v 0.091484 0.073717 0.101295
v 0.092289 0.071949 0.101220
v 0.092988 0.070593 0.100025
v 0.092176 0.067130 0.097928
v 0.091891 0.068269 0.094779
v 0.090854 0.070863 0.092923
v 0.089467 0.073915 0.093051
v 0.088255 0.076265 0.095114
v 0.087685 0.077008 0.098342
v 0.087971 0.075869 0.101481
v 0.089007 0.073274 0.103347
v 0.090394 0.070222 0.103219
v 0.091606 0.067873 0.101146
v 0.089671 0.065081 0.097689
v 0.089342 0.066394 0.094056
v 0.088147 0.069388 0.091903
v 0.086543 0.072915 0.092051
v 0.085145 0.075626 0.094442
v 0.084483 0.076490 0.098167
v 0.084816 0.075168 0.101800
v 0.086012 0.072175 0.103942
v 0.087616 0.068648 0.103794
v 0.089014 0.065936 0.101413
v 0.086474 0.064554 0.097513
v 0.086188 0.065694 0.094364
v 0.085152 0.068287 0.092508
v 0.083764 0.071339 0.092636
v 0.082553 0.073689 0.094699
v 0.081982 0.074432 0.097927
v 0.082268 0.073293 0.101066
v 0.083304 0.070699 0.102932
v 0.084692 0.067647 0.102804
v 0.085904 0.065297 0.100731
v 0.083432 0.065701 0.097449
v 0.083268 0.066358 0.095627
v 0.082670 0.067854 0.094561
v 0.081866 0.069622 0.094635
v 0.081167 0.070978 0.095820
v 0.080838 0.071406 0.097688
v 0.081002 0.070750 0.099499
v 0.081600 0.069253 0.100575
v 0.082404 0.067484 0.100501
v 0.083103 0.066129 0.099305
v 0.092779 0.073361 0.098343
v 0.081375 0.068210 0.097513
v 0.072405 0.097455 0.216123
v 0.072240 0.098111 0.214311
v 0.071643 0.099608 0.213235
v 0.070843 0.101367 0.213309
v 0.070144 0.102722 0.214504
v 0.069811 0.103159 0.216362
v 0.069979 0.102493 0.218183
v 0.070577 0.100997 0.219249
v 0.071377 0.099238 0.219175
v 0.072076 0.097882 0.217990
v 0.071265 0.094419 0.215883
v 0.070979 0.095558 0.212744
v 0.069943 0.098152 0.210878
v 0.068555 0.101204 0.211006
v 0.067343 0.103553 0.213079
v 0.066773 0.104297 0.216297
v 0.067059 0.103157 0.219446
v 0.068095 0.100563 0.221302
v 0.069483 0.097512 0.221174
v 0.070694 0.095162 0.219111
v 0.068759 0.092371 0.215643
v 0.068431 0.093683 0.212010
v 0.067235 0.096676 0.209868
v 0.065631 0.100203 0.210016
v 0.064233 0.102915 0.212397
v 0.063572 0.103779 0.216121
v 0.063905 0.102457 0.219754
v 0.065100 0.099463 0.221906
v 0.066704 0.095936 0.221759
v 0.068102 0.093225 0.219367
v 0.065562 0.091843 0.215468
v 0.065276 0.092982 0.212329
v 0.064240 0.095577 0.210463
v 0.062853 0.098629 0.210591
v 0.061641 0.100978 0.212664
v 0.061071 0.101721 0.215882
v 0.061356 0.100582 0.219031
v 0.062393 0.097988 0.220887
v 0.063780 0.094936 0.220759
v 0.064992 0.092586 0.218696
v 0.062520 0.092990 0.215403
v 0.062356 0.093647 0.213592
v 0.061758 0.095143 0.212516
v 0.060958 0.096902 0.212589
v 0.060259 0.098258 0.213785
v 0.059927 0.098695 0.215642
v 0.060095 0.098029 0.217464
v 0.060693 0.096532 0.218529
v 0.061493 0.094774 0.218456
v 0.062192 0.093418 0.217270
v 0.071868 0.100650 0.216297
v 0.060463 0.095499 0.215467
v 0.099788 0.001239 0.283790
v 0.102418 -0.001218 0.283755
v 0.106010 -0.001108 0.283922
v 0.108462 0.001512 0.284195
v 0.108342 0.005102 0.284413
v 0.105713 0.007559 0.284448
v 0.102120 0.007449 0.284281
v 0.099668 0.004829 0.284008
v 0.102847 0.001832 0.302832
v 0.103082 0.001617 0.302829
v 0.103400 0.001623 0.302843
v 0.103614 0.001857 0.302867
v 0.103607 0.002175 0.302887
v 0.103372 0.002390 0.302890
v 0.103054 0.002384 0.302875
v 0.102840 0.002149 0.302851
v 0.104065 0.003171 0.284101
v 0.103227 0.002003 0.302859
v 0.144123 -0.084703 0.207991
v 0.145941 -0.084872 0.204896
v 0.149200 -0.083815 0.203787
v 0.151986 -0.082142 0.205336
v 0.152676 -0.080839 0.208614
v 0.150853 -0.080661 0.211719
v 0.147599 -0.081727 0.212818
v 0.144808 -0.083391 0.211279
v 0.155157 -0.099570 0.213387
v 0.155322 -0.099587 0.213121
v 0.155611 -0.099497 0.213013
v 0.155855 -0.099347 0.213159
v 0.155918 -0.099227 0.213442
v 0.155756 -0.099220 0.213718
v 0.155468 -0.099309 0.213815
v 0.155224 -0.099460 0.213680
v 0.148399 -0.082771 0.208302
v 0.155537 -0.099398 0.213415
v 0.133622 -0.042913 0.092932
v 0.133849 -0.039772 0.091177
v 0.136449 -0.037349 0.090627
v 0.139893 -0.037042 0.091617
v 0.142176 -0.039049 0.093554
v 0.141946 -0.042181 0.095309
v 0.139350 -0.044613 0.095849
v 0.135901 -0.044911 0.094870
v 0.142771 -0.050267 0.077621
v 0.142793 -0.049986 0.077461
v 0.143024 -0.049776 0.077411
v 0.143326 -0.049745 0.077500
v 0.143531 -0.049924 0.077676
v 0.143509 -0.050204 0.077826
v 0.143279 -0.050415 0.077876
v 0.142977 -0.050445 0.077787
v 0.137899 -0.040981 0.093243
v 0.143151 -0.050095 0.077649
v 0.082800 0.068854 0.097617
v 0.082857 0.071743 0.099759
v 0.085380 0.074075 0.100824
v 0.088901 0.074473 0.100199
v 0.091354 0.072717 0.098239
v 0.091302 0.069819 0.096096
v 0.088774 0.067497 0.095021
v 0.085257 0.067089 0.095656
v 0.082801 0.081617 0.083149
v 0.082808 0.081877 0.083333
v 0.083032 0.082078 0.083429
v 0.083340 0.082117 0.083372
v 0.083561 0.081960 0.083204
v 0.083555 0.081701 0.083009
v 0.083331 0.081500 0.082914
v 0.083022 0.081461 0.082971
v 0.087077 0.070786 0.097928
v 0.083181 0.081788 0.083176
v 0.061889 0.096143 0.215571
v 0.063430 0.095572 0.218780
v 0.066567 0.096476 0.220287
v 0.069475 0.098302 0.219220
v 0.070442 0.100007 0.216194
v 0.068905 0.100567 0.212994
v 0.065764 0.099674 0.211478
v 0.062860 0.097837 0.212554
v 0.058130 0.113809 0.222331
v 0.058266 0.113767 0.222617
v 0.058544 0.113842 0.222749
v 0.058798 0.114008 0.222656
v 0.058890 0.114153 0.222386
v 0.058749 0.114204 0.222110
v 0.058471 0.114129 0.221967
v 0.058217 0.113963 0.222071
v 0.066166 0.098075 0.215882
v 0.058510 0.113981 0.222358
v 0.156059 -0.094448 0.175528
v 0.158511 -0.091828 0.175801
v 0.158391 -0.088238 0.176019
v 0.155761 -0.085781 0.176054
v 0.152168 -0.085891 0.175887
v 0.149717 -0.088512 0.175614
v 0.149837 -0.092101 0.175396
v 0.152466 -0.094558 0.175361
v 0.156318 -0.092628 0.160674
v 0.158771 -0.090038 0.161123
v 0.158640 -0.086493 0.161767
v 0.156004 -0.084092 0.162239
v 0.152407 -0.084223 0.162249
v 0.149959 -0.086823 0.161799
v 0.150086 -0.090357 0.161145
v 0.152726 -0.092768 0.160683
v 0.155766 -0.089064 0.146143
v 0.158224 -0.086513 0.146768
v 0.158109 -0.083072 0.147837
v 0.155488 -0.080774 0.148733
v 0.151901 -0.080953 0.148918
v 0.149443 -0.083504 0.148293
v 0.149555 -0.086935 0.147214
v 0.152179 -0.089244 0.146328
v 0.154405 -0.083802 0.132196
v 0.156881 -0.081319 0.132986
v 0.156807 -0.078036 0.134465
v 0.154225 -0.075887 0.135763
v 0.150652 -0.076124 0.136112
v 0.148180 -0.078617 0.135323
v 0.148254 -0.081899 0.133843
v 0.150836 -0.084049 0.132546
v 0.152266 -0.076950 0.119058
v 0.154765 -0.074544 0.120011
v 0.154753 -0.071457 0.121869
v 0.152235 -0.069512 0.123544
v 0.148689 -0.069836 0.124057
v 0.146190 -0.072242 0.123104
v 0.146199 -0.075320 0.121246
v 0.148721 -0.077274 0.119571
v 0.149380 -0.068610 0.106963
v 0.151915 -0.066308 0.108058
v 0.151986 -0.063462 0.110272
v 0.149551 -0.061759 0.112303
v 0.146038 -0.062177 0.112959
v 0.143507 -0.064489 0.111863
v 0.143432 -0.067326 0.109650
v 0.145871 -0.069038 0.107618
v 0.145800 -0.058937 0.096116
v 0.148377 -0.056748 0.097342
v 0.148554 -0.054188 0.099868
v 0.146222 -0.052762 0.102211
v 0.142750 -0.053294 0.103008
v 0.140178 -0.055492 0.101771
v 0.140001 -0.058052 0.099245
v 0.142333 -0.059478 0.096902
v 0.141584 -0.048085 0.086708
v 0.144212 -0.046027 0.088044
v 0.144510 -0.043780 0.090849
v 0.142299 -0.042666 0.093461
v 0.138882 -0.043339 0.094367
v 0.136255 -0.045396 0.093021
v 0.135956 -0.047644 0.090226
v 0.138167 -0.048757 0.087604
v 0.136806 -0.036246 0.078887
v 0.139490 -0.034328 0.080322
v 0.139928 -0.032428 0.083352
v 0.137858 -0.031662 0.086190
v 0.134498 -0.032473 0.087185
v 0.131814 -0.034392 0.085750
v 0.131375 -0.036292 0.082730
v 0.133445 -0.037058 0.079882
v 0.131545 -0.023619 0.072803
v 0.134295 -0.021857 0.074304
v 0.134885 -0.020321 0.077507
v 0.132966 -0.019919 0.080529
v 0.129671 -0.020887 0.081600
v 0.126922 -0.022649 0.080089
v 0.126332 -0.024185 0.076885
v 0.128250 -0.024587 0.073864
v 0.125898 -0.010428 0.068539
v 0.128714 -0.008822 0.070096
v 0.129471 -0.007676 0.073430
v 0.127714 -0.007652 0.076571
v 0.124486 -0.008777 0.077688
v 0.121670 -0.010383 0.076131
v 0.120917 -0.011539 0.072807
v 0.122669 -0.011552 0.069656
v 0.119954 0.003110 0.066192
v 0.122842 0.004553 0.067773
v 0.123772 0.005304 0.071174
v 0.122189 0.004933 0.074382
v 0.119033 0.003644 0.075534
v 0.116145 0.002202 0.073942
v 0.115218 0.001441 0.070551
v 0.116797 0.001823 0.067333
v 0.113820 0.016757 0.065781
v 0.116781 0.018037 0.067377
v 0.117887 0.018397 0.070782
v 0.116485 0.017624 0.074005
v 0.113401 0.016173 0.075160
v 0.110440 0.014894 0.073565
v 0.109333 0.014534 0.070160
v 0.110736 0.015306 0.066937
v 0.107598 0.030282 0.067330
v 0.110634 0.031401 0.068898
v 0.111918 0.031373 0.072266
v 0.110699 0.030203 0.075441
v 0.107689 0.028591 0.076579
v 0.104654 0.027473 0.075001
v 0.103365 0.027510 0.071644
v 0.104589 0.028671 0.068458
v 0.101394 0.043459 0.070798
v 0.104505 0.044418 0.072328
v 0.105970 0.044005 0.075596
v 0.104932 0.042451 0.078671
v 0.101997 0.040680 0.079761
v 0.098887 0.039720 0.078231
v 0.097417 0.040142 0.074973
v 0.098460 0.041688 0.071888
v 0.095318 0.056051 0.076142
v 0.098500 0.056863 0.077603
v 0.100145 0.056079 0.080710
v 0.099281 0.054162 0.083634
v 0.096418 0.052242 0.084665
v 0.093236 0.051431 0.083194
v 0.091591 0.052215 0.080087
v 0.092455 0.054132 0.077163
v 0.089468 0.067858 0.083251
v 0.092722 0.068521 0.084632
v 0.094536 0.067397 0.087537
v 0.093841 0.065141 0.090248
v 0.091050 0.063074 0.091189
v 0.087796 0.062410 0.089808
v 0.085982 0.063534 0.086914
v 0.086678 0.065791 0.084192
v 0.083948 0.078664 0.092020
v 0.087268 0.079202 0.093292
v 0.089244 0.077760 0.095943
v 0.088710 0.075185 0.098400
v 0.085985 0.072991 0.099243
v 0.082666 0.072455 0.097960
v 0.080690 0.073896 0.095320
v 0.081223 0.076471 0.092852
v 0.078853 0.088291 0.102287
v 0.082234 0.088712 0.103439
v 0.084356 0.086994 0.105786
v 0.083970 0.084142 0.107949
v 0.081310 0.081822 0.108671
v 0.077925 0.081412 0.107509
v 0.075803 0.083130 0.105163
v 0.076189 0.085982 0.102999
v 0.074270 0.096568 0.113887
v 0.077705 0.096892 0.114899
v 0.079963 0.094928 0.116911
v 0.079708 0.091840 0.118741
v 0.077102 0.089424 0.119313
v 0.073663 0.089109 0.118301
v 0.071409 0.091064 0.116288
v 0.071660 0.094162 0.114459
v 0.070275 0.103363 0.126615
v 0.073759 0.103602 0.127478
v 0.076133 0.101441 0.129116
v 0.075993 0.098157 0.130572
v 0.073433 0.095665 0.130994
v 0.069948 0.095427 0.130132
v 0.067579 0.097578 0.128493
v 0.067714 0.100871 0.127038
v 0.066940 0.108548 0.140259
v 0.070462 0.108730 0.140951
v 0.072931 0.106423 0.142197
v 0.072890 0.102982 0.143260
v 0.070372 0.100424 0.143512
v 0.066846 0.100252 0.142820
v 0.064377 0.102559 0.141574
v 0.064417 0.106000 0.140511
v 0.064316 0.112051 0.154573
v 0.067871 0.112187 0.155097
v 0.070419 0.109772 0.155920
v 0.070453 0.106233 0.156571
v 0.067964 0.103638 0.156655
v 0.064408 0.103503 0.156131
v 0.061865 0.105909 0.155297
v 0.061826 0.109457 0.154657
v 0.062455 0.113793 0.169326
v 0.066032 0.113911 0.169671
v 0.068633 0.111447 0.170064
v 0.068721 0.107858 0.170285
v 0.066257 0.105236 0.170190
v 0.062676 0.105128 0.169845
v 0.060079 0.107583 0.169441
v 0.059987 0.111181 0.169231
v 0.061383 0.113760 0.184255
v 0.064976 0.113870 0.184422
v 0.067606 0.111413 0.184387
v 0.067726 0.107823 0.184169
v 0.065274 0.105203 0.183896
v 0.061681 0.105093 0.183729
v 0.059052 0.107550 0.183764
v 0.058932 0.111140 0.183982
v 0.061124 0.111939 0.199109
v 0.064717 0.112079 0.199100
v 0.067356 0.109668 0.198638
v 0.067483 0.106134 0.197984
v 0.065035 0.103535 0.197534
v 0.061439 0.103404 0.197544
v 0.058803 0.105805 0.198016
v 0.058672 0.109349 0.198660
v 0.061676 0.108376 0.213639
v 0.065264 0.108555 0.213454
v 0.067888 0.106247 0.212568
v 0.067999 0.102815 0.211490
v 0.065542 0.100265 0.210865
v 0.061954 0.100085 0.211050
v 0.059334 0.102383 0.211946
v 0.059219 0.105825 0.213014
v 0.063038 0.103113 0.227587
v 0.066607 0.103360 0.227237
v 0.069189 0.101211 0.225940
v 0.069262 0.097928 0.224460
v 0.066791 0.095436 0.223671
v 0.063218 0.095198 0.224020
v 0.060635 0.097348 0.225317
v 0.060562 0.100630 0.226797
v 0.065176 0.096262 0.240725
v 0.068722 0.096586 0.240212
v 0.071244 0.094632 0.238536
v 0.071252 0.091554 0.236679
v 0.068753 0.089148 0.235725
v 0.065207 0.088824 0.236239
v 0.062690 0.090768 0.237914
v 0.062677 0.093856 0.239772
v 0.068063 0.087922 0.252820
v 0.071572 0.088350 0.252164
v 0.074011 0.086637 0.250133
v 0.073936 0.083801 0.247920
v 0.071405 0.081489 0.246824
v 0.067891 0.081070 0.247480
v 0.065457 0.082774 0.249511
v 0.065527 0.085620 0.251724
v 0.071642 0.078249 0.263667
v 0.075110 0.078790 0.262881
v 0.077442 0.077363 0.260537
v 0.077265 0.074803 0.258012
v 0.074693 0.072606 0.256775
v 0.071220 0.072073 0.257572
v 0.068888 0.073500 0.259915
v 0.069065 0.076060 0.262441
v 0.075859 0.067397 0.273075
v 0.079275 0.068069 0.272179
v 0.081486 0.066955 0.269557
v 0.081188 0.064708 0.266762
v 0.078560 0.062650 0.265416
v 0.075143 0.061978 0.266322
v 0.072933 0.063092 0.268934
v 0.073231 0.065339 0.271739
v 0.080637 0.055558 0.280896
v 0.083998 0.056369 0.279901
v 0.086068 0.055603 0.277053
v 0.085629 0.053703 0.274033
v 0.082945 0.051785 0.272598
v 0.079584 0.050973 0.273593
v 0.077514 0.051740 0.276430
v 0.077953 0.053639 0.279461
v 0.085897 0.042931 0.286980
v 0.089192 0.043899 0.285919
v 0.091111 0.043496 0.282898
v 0.090521 0.041960 0.279694
v 0.087771 0.040199 0.278183
v 0.084476 0.039230 0.279254
v 0.082557 0.039633 0.282275
v 0.083148 0.041169 0.285479
v 0.091545 0.029740 0.291244
v 0.094773 0.030864 0.290127
v 0.096526 0.030851 0.286976
v 0.095773 0.029694 0.283652
v 0.092957 0.028088 0.282095
v 0.089728 0.026964 0.283212
v 0.087972 0.026987 0.286353
v 0.088729 0.028134 0.289687
v 0.097489 0.016201 0.293591
v 0.100645 0.017489 0.292450
v 0.102224 0.017871 0.289232
v 0.101298 0.017109 0.285841
v 0.098410 0.015667 0.284249
v 0.095253 0.014379 0.285401
v 0.093670 0.014007 0.288609
v 0.094601 0.014759 0.292010
v 0.103623 0.002555 0.294001
v 0.106707 0.004005 0.292846
v 0.108109 0.004778 0.289623
v 0.107003 0.004418 0.286218
v 0.104042 0.003138 0.284622
v 0.100958 0.001688 0.285778
v 0.099555 0.000915 0.289001
v 0.100662 0.001275 0.292406
v 0.109844 -0.010970 0.292452
v 0.112854 -0.009359 0.291324
v 0.114078 -0.008198 0.288139
v 0.112789 -0.008161 0.284782
v 0.109754 -0.009279 0.283203
v 0.106744 -0.010891 0.284342
v 0.105524 -0.012061 0.287516
v 0.106809 -0.012089 0.290884
v 0.116048 -0.024147 0.288985
v 0.118983 -0.022376 0.287895
v 0.120026 -0.020830 0.284809
v 0.118556 -0.020409 0.281552
v 0.115445 -0.021368 0.280022
v 0.112511 -0.023139 0.281112
v 0.111472 -0.024694 0.284187
v 0.112938 -0.025106 0.287455
v 0.122125 -0.036740 0.283641
v 0.124987 -0.034821 0.282620
v 0.125851 -0.032904 0.279696
v 0.124206 -0.032120 0.276589
v 0.121025 -0.032930 0.275118
v 0.118162 -0.034850 0.276149
v 0.117298 -0.036767 0.279073
v 0.118943 -0.037551 0.282180
v 0.127975 -0.048546 0.276532
v 0.130765 -0.046479 0.275590
v 0.131461 -0.044222 0.272869
v 0.129647 -0.043099 0.269975
v 0.126392 -0.043763 0.268593
v 0.123602 -0.045829 0.269535
v 0.122907 -0.048086 0.272246
v 0.124720 -0.049210 0.275150
v 0.133494 -0.059353 0.267762
v 0.136219 -0.057160 0.266930
v 0.136753 -0.054585 0.264463
v 0.134777 -0.053143 0.261822
v 0.131458 -0.053680 0.260540
v 0.128732 -0.055874 0.261382
v 0.128199 -0.058448 0.263840
v 0.130174 -0.059890 0.266490
v 0.138590 -0.068980 0.257496
v 0.141253 -0.066670 0.256784
v 0.141640 -0.063819 0.254620
v 0.139517 -0.062100 0.252274
v 0.136132 -0.062511 0.251111
v 0.133473 -0.064830 0.251834
v 0.133086 -0.067682 0.253997
v 0.135209 -0.069400 0.256344
v 0.143172 -0.077256 0.245896
v 0.145782 -0.074850 0.245324
v 0.146033 -0.071753 0.243494
v 0.143780 -0.069798 0.241482
v 0.140341 -0.070113 0.240470
v 0.137735 -0.072528 0.241042
v 0.137480 -0.075616 0.242872
v 0.139738 -0.077581 0.244884
v 0.147168 -0.084052 0.233168
v 0.149728 -0.081560 0.232745
v 0.149864 -0.078266 0.231290
v 0.147494 -0.076115 0.229651
v 0.144010 -0.076354 0.228789
v 0.141450 -0.078845 0.229211
v 0.141310 -0.082130 0.230667
v 0.143683 -0.084290 0.232305
v 0.150503 -0.089236 0.219524
v 0.153025 -0.086688 0.219271
v 0.153066 -0.083247 0.218209
v 0.150597 -0.080940 0.216963
v 0.147070 -0.081113 0.216271
v 0.144552 -0.083670 0.216523
v 0.144512 -0.087111 0.217586
v 0.146981 -0.089419 0.218831
v 0.153127 -0.092740 0.205210
v 0.155616 -0.090145 0.205126
v 0.155577 -0.086597 0.204486
v 0.153034 -0.084191 0.203652
v 0.149479 -0.084327 0.203128
v 0.146990 -0.086921 0.203212
v 0.147024 -0.090461 0.203863
v 0.149572 -0.092875 0.204686
v 0.154987 -0.094481 0.190457
v 0.157456 -0.091869 0.190552
v 0.157363 -0.088271 0.190342
v 0.154766 -0.085816 0.189938
v 0.151186 -0.085925 0.189593
v 0.148722 -0.088546 0.189498
v 0.148809 -0.092135 0.189719
v 0.151411 -0.094599 0.190112
v 0.147629 -0.075909 0.176305
v 0.148841 -0.074216 0.176465
v 0.147976 -0.072314 0.176544
v 0.145900 -0.072106 0.176464
v 0.144688 -0.073799 0.176305
v 0.145553 -0.075701 0.176225
v 0.147843 -0.074415 0.164091
v 0.149054 -0.072739 0.164386
v 0.148185 -0.070874 0.164735
v 0.146103 -0.070674 0.164791
v 0.144897 -0.072359 0.164496
v 0.145765 -0.074225 0.164146
v 0.147386 -0.071480 0.152157
v 0.148603 -0.069841 0.152586
v 0.147745 -0.068040 0.153194
v 0.145670 -0.067877 0.153384
v 0.144457 -0.069525 0.152955
v 0.145315 -0.071327 0.152346
v 0.146271 -0.067163 0.140688
v 0.147500 -0.065570 0.141240
v 0.146665 -0.063861 0.142117
v 0.144601 -0.063745 0.142430
v 0.143376 -0.065347 0.141877
v 0.144212 -0.067056 0.141001
v 0.144511 -0.061525 0.129891
v 0.145760 -0.059997 0.130566
v 0.144961 -0.058408 0.131678
v 0.142922 -0.058365 0.132113
v 0.141673 -0.059893 0.131438
v 0.142471 -0.061482 0.130327
v 0.142139 -0.054672 0.119950
v 0.143414 -0.053218 0.120736
v 0.142669 -0.051786 0.122071
v 0.140655 -0.051817 0.122619
v 0.139381 -0.053271 0.121832
v 0.140125 -0.054703 0.120497
v 0.139197 -0.046721 0.111036
v 0.140501 -0.045349 0.111924
v 0.139826 -0.044100 0.113450
v 0.137841 -0.044214 0.114098
v 0.136537 -0.045585 0.113210
v 0.137212 -0.046834 0.111685
v 0.135732 -0.037804 0.103302
v 0.137076 -0.036532 0.104269
v 0.136474 -0.035476 0.105975
v 0.134530 -0.035690 0.106703
v 0.133186 -0.036961 0.105736
v 0.133787 -0.038018 0.104030
v 0.131804 -0.028072 0.096877
v 0.133192 -0.026910 0.097913
v 0.132679 -0.026072 0.099766
v 0.130779 -0.026395 0.100562
v 0.129390 -0.027557 0.099526
v 0.129904 -0.028395 0.097673
v 0.127482 -0.017695 0.091868
v 0.128919 -0.016650 0.092962
v 0.128500 -0.016038 0.094921
v 0.126648 -0.016480 0.095785
v 0.125211 -0.017524 0.094681
v 0.125630 -0.018136 0.092723
v 0.122837 -0.006849 0.088374
v 0.124325 -0.005921 0.089504
v 0.124014 -0.005562 0.091536
v 0.122212 -0.006120 0.092437
v 0.120726 -0.007047 0.091296
v 0.121036 -0.007407 0.089265
v 0.117956 0.004272 0.086437
v 0.119498 0.005074 0.087593
v 0.119293 0.005192 0.089667
v 0.117546 0.004508 0.090594
v 0.116005 0.003707 0.089427
v 0.116209 0.003588 0.087354
v 0.112912 0.015492 0.086102
v 0.114510 0.016170 0.087264
v 0.114416 0.016041 0.089348
v 0.112726 0.015233 0.090271
v 0.111128 0.014555 0.089109
v 0.111221 0.014685 0.087025
v 0.107796 0.026613 0.087373
v 0.109451 0.027168 0.088519
v 0.109471 0.026793 0.090572
v 0.107836 0.025862 0.091489
v 0.106182 0.025307 0.090333
v 0.106162 0.025683 0.088280
v 0.102700 0.037436 0.090230
v 0.104412 0.037869 0.091339
v 0.104543 0.037259 0.093330
v 0.102966 0.036206 0.094211
v 0.101255 0.035774 0.093091
v 0.101124 0.036384 0.091100
v 0.097704 0.047791 0.094613
v 0.099470 0.048113 0.095676
v 0.099717 0.047261 0.097574
v 0.098193 0.046096 0.098408
v 0.096428 0.045775 0.097334
v 0.096181 0.046627 0.095437
v 0.092896 0.057493 0.100463
v 0.094717 0.057704 0.101459
v 0.095068 0.056641 0.103233
v 0.093600 0.055367 0.103989
v 0.091780 0.055155 0.102993
v 0.091428 0.056219 0.101220
v 0.088360 0.066376 0.107669
v 0.090231 0.066488 0.108587
v 0.090684 0.065225 0.110196
v 0.089267 0.063851 0.110875
v 0.087396 0.063739 0.109956
v 0.086942 0.065002 0.108348
v 0.084172 0.074287 0.116108
v 0.086090 0.074308 0.116939
v 0.086634 0.072876 0.118353
v 0.085264 0.071413 0.118945
v 0.083346 0.071391 0.118113
v 0.082802 0.072823 0.116700
v 0.080406 0.081090 0.125640
v 0.082363 0.081042 0.126364
v 0.082993 0.079452 0.127572
v 0.081662 0.077918 0.128056
v 0.079705 0.077966 0.127332
v 0.079074 0.079557 0.126124
v 0.077122 0.086673 0.136103
v 0.079115 0.086566 0.136709
v 0.079821 0.084847 0.137682
v 0.078525 0.083254 0.138049
v 0.076532 0.083361 0.137443
v 0.075827 0.085081 0.136470
v 0.074378 0.090942 0.147315
v 0.076403 0.090785 0.147794
v 0.077167 0.088976 0.148523
v 0.075907 0.087325 0.148762
v 0.073878 0.087491 0.148283
v 0.073114 0.089300 0.147555
v 0.072225 0.093812 0.159085
v 0.074272 0.093625 0.159437
v 0.075083 0.091757 0.159892
v 0.073846 0.090076 0.160005
v 0.071794 0.090272 0.159653
v 0.070984 0.092140 0.159198
v 0.070693 0.095251 0.171202
v 0.072760 0.095044 0.171418
v 0.073603 0.093144 0.171610
v 0.072385 0.091442 0.171586
v 0.070315 0.091659 0.171371
v 0.069471 0.093558 0.171179
v 0.069813 0.095221 0.183478
v 0.071890 0.095013 0.183558
v 0.072755 0.093111 0.183478
v 0.071543 0.091418 0.183318
v 0.069466 0.091626 0.183239
v 0.068602 0.093527 0.183318
v 0.069599 0.093727 0.195692
v 0.071677 0.093536 0.195637
v 0.072546 0.091671 0.195287
v 0.071340 0.089986 0.194992
v 0.069257 0.090186 0.195047
v 0.068389 0.092051 0.195397
v 0.070056 0.090791 0.207626
v 0.072128 0.090638 0.207436
v 0.072986 0.088836 0.206828
v 0.071773 0.087189 0.206399
v 0.069697 0.087351 0.206589
v 0.068839 0.089153 0.207197
v 0.071171 0.086475 0.219095
v 0.073231 0.086367 0.218782
v 0.074066 0.084658 0.217906
v 0.072842 0.083056 0.217353
v 0.070778 0.083173 0.217666
v 0.069942 0.084882 0.218542
v 0.072932 0.080837 0.229892
v 0.074971 0.080794 0.229456
v 0.075770 0.079205 0.228345
v 0.074521 0.077677 0.227670
v 0.072481 0.077719 0.228105
v 0.071683 0.079309 0.229217
v 0.075303 0.073984 0.239833
v 0.077317 0.074015 0.239286
v 0.078062 0.072583 0.237951
v 0.076787 0.071128 0.237164
v 0.074773 0.071097 0.237712
v 0.074029 0.072530 0.239046
v 0.078246 0.066032 0.248747
v 0.080230 0.066146 0.248098
v 0.080905 0.064897 0.246573
v 0.079601 0.063525 0.245685
v 0.077617 0.063412 0.246333
v 0.076942 0.064661 0.247859
v 0.081711 0.057115 0.256481
v 0.083655 0.057329 0.255753
v 0.084257 0.056273 0.254047
v 0.082913 0.055001 0.253080
v 0.080968 0.054787 0.253808
v 0.080367 0.055844 0.255513
v 0.085638 0.047384 0.262906
v 0.087539 0.047707 0.262109
v 0.088052 0.046869 0.260256
v 0.086664 0.045707 0.259221
v 0.084764 0.045384 0.260017
v 0.084250 0.046221 0.261870
v 0.089961 0.037006 0.267914
v 0.091812 0.037447 0.267060
v 0.092231 0.036835 0.265102
v 0.090795 0.035792 0.263998
v 0.088943 0.035350 0.264862
v 0.088524 0.035962 0.266821
v 0.094605 0.026161 0.271409
v 0.096407 0.026718 0.270518
v 0.096717 0.026359 0.268487
v 0.095230 0.025432 0.267346
v 0.093428 0.024873 0.268247
v 0.093118 0.025233 0.270279
v 0.099487 0.015040 0.273346
v 0.101233 0.015723 0.272429
v 0.101438 0.015605 0.270355
v 0.099897 0.014803 0.269188
v 0.098150 0.014119 0.270116
v 0.097945 0.014238 0.272190
v 0.104531 0.003819 0.273680
v 0.106222 0.004627 0.272758
v 0.106315 0.004756 0.270674
v 0.104717 0.004079 0.269512
v 0.103026 0.003271 0.270434
v 0.102933 0.003141 0.272519
v 0.109646 -0.007302 0.272410
v 0.111280 -0.006371 0.271503
v 0.111260 -0.005996 0.269450
v 0.109606 -0.006550 0.268293
v 0.107972 -0.007481 0.269211
v 0.107992 -0.007857 0.271264
v 0.114742 -0.018124 0.269553
v 0.116319 -0.017072 0.268683
v 0.116188 -0.016462 0.266692
v 0.114477 -0.016894 0.265572
v 0.112900 -0.017947 0.266452
v 0.113030 -0.018557 0.268443
v 0.119738 -0.028479 0.265170
v 0.121261 -0.027316 0.264346
v 0.121014 -0.026464 0.262449
v 0.119249 -0.026785 0.261375
v 0.117726 -0.027949 0.262209
v 0.117973 -0.028801 0.264106
v 0.124546 -0.038181 0.259320
v 0.126014 -0.036907 0.258563
v 0.125663 -0.035844 0.256790
v 0.123843 -0.036055 0.255794
v 0.122375 -0.037329 0.256550
v 0.122726 -0.038393 0.258324
v 0.129083 -0.047064 0.252114
v 0.130500 -0.045691 0.251435
v 0.130047 -0.044428 0.249826
v 0.128176 -0.044539 0.248908
v 0.126758 -0.045913 0.249587
v 0.127212 -0.047176 0.251195
v 0.133270 -0.054975 0.243675
v 0.134641 -0.053511 0.243083
v 0.134097 -0.052079 0.241670
v 0.132179 -0.052101 0.240838
v 0.130808 -0.053565 0.241430
v 0.131352 -0.054997 0.242843
v 0.137037 -0.061779 0.234143
v 0.138368 -0.060245 0.233658
v 0.137738 -0.058655 0.232450
v 0.135780 -0.058607 0.231726
v 0.134449 -0.060140 0.232211
v 0.135080 -0.061731 0.233419
v 0.140320 -0.067362 0.223680
v 0.141616 -0.065769 0.223313
v 0.140910 -0.064050 0.222340
v 0.138918 -0.063942 0.221734
v 0.137622 -0.065535 0.222101
v 0.138327 -0.067254 0.223074
v 0.143064 -0.071630 0.212468
v 0.144328 -0.069988 0.212228
v 0.143564 -0.068179 0.211500
v 0.141536 -0.068013 0.211021
v 0.140276 -0.069665 0.211260
v 0.141040 -0.071473 0.211989
v 0.145217 -0.074501 0.200698
v 0.146459 -0.072828 0.200585
v 0.145648 -0.070960 0.200130
v 0.143597 -0.070764 0.199778
v 0.142360 -0.072446 0.199891
v 0.143170 -0.074314 0.200346
v 0.146749 -0.075939 0.188580
v 0.147971 -0.074247 0.188604
v 0.147128 -0.072347 0.188412
v 0.145057 -0.072131 0.188197
v 0.143839 -0.073833 0.188173
v 0.144683 -0.075732 0.188365
v 0.152681 -0.088892 0.140094
v 0.153871 -0.087318 0.137656
v 0.156723 -0.086030 0.137864
v 0.158383 -0.086316 0.140509
v 0.157189 -0.087881 0.142947
v 0.154337 -0.089169 0.142740
v 0.161203 -0.100106 0.135238
v 0.161322 -0.099950 0.134991
v 0.161607 -0.099821 0.135012
v 0.161773 -0.099849 0.135280
v 0.161653 -0.100005 0.135526
v 0.161368 -0.100134 0.135506
v 0.155532 -0.087604 0.140301
v 0.161488 -0.099977 0.135259
v 0.137967 -0.047334 0.084371
v 0.138551 -0.044585 0.082964
v 0.141403 -0.043297 0.083172
v 0.143669 -0.044759 0.084786
v 0.143080 -0.047498 0.086193
v 0.140229 -0.048786 0.085985
v 0.144618 -0.053265 0.072423
v 0.144677 -0.052991 0.072285
v 0.144962 -0.052862 0.072306
v 0.145189 -0.053007 0.072464
v 0.145130 -0.053281 0.072602
v 0.144845 -0.053410 0.072581
v 0.140818 -0.046047 0.084578
v 0.144903 -0.053136 0.072443
v 0.110992 0.015502 0.065053
v 0.111293 0.018617 0.065260
v 0.114145 0.019905 0.065468
v 0.116694 0.018077 0.065468
v 0.116393 0.014962 0.065261
v 0.113541 0.013674 0.065053
v 0.114210 0.017569 0.050650
v 0.114240 0.017880 0.050671
v 0.114525 0.018009 0.050692
v 0.114780 0.017826 0.050692
v 0.114750 0.017515 0.050671
v 0.114465 0.017386 0.050650
v 0.113843 0.016789 0.065260
v 0.114495 0.017697 0.050671
v 0.082060 0.075613 0.089524
v 0.082507 0.078154 0.091306
v 0.085358 0.079442 0.091513
v 0.087763 0.078188 0.089939
v 0.087321 0.075638 0.088157
v 0.084469 0.074350 0.087949
v 0.081596 0.085331 0.078232
v 0.081641 0.085585 0.078407
v 0.081926 0.085714 0.078428
v 0.082166 0.085588 0.078273
v 0.082122 0.085334 0.078098
v 0.081837 0.085205 0.078077
v 0.084912 0.076900 0.089732
v 0.081881 0.085460 0.078252
v 0.062224 0.110037 0.148432
v 0.063189 0.111281 0.151142
v 0.066041 0.112569 0.151349
v 0.067927 0.112612 0.148847
v 0.066967 0.111358 0.146137
v 0.064115 0.110071 0.145929
v 0.059238 0.124131 0.144637
v 0.059335 0.124255 0.144911
v 0.059620 0.124384 0.144932
v 0.059808 0.124388 0.144678
v 0.059712 0.124264 0.144404
v 0.059427 0.124135 0.144383
v 0.065076 0.111324 0.148639
v 0.059523 0.124259 0.144658
v 0.059059 0.105628 0.219274
v 0.060720 0.105342 0.221919
v 0.063571 0.106629 0.222127
v 0.064762 0.108204 0.219689
v 0.063105 0.108480 0.217043
v 0.060254 0.107193 0.216836
v 0.055670 0.119160 0.224503
v 0.055835 0.119132 0.224771
v 0.056120 0.119261 0.224792
v 0.056240 0.119418 0.224545
v 0.056074 0.119446 0.224277
v 0.055789 0.119317 0.224256
v 0.061910 0.106916 0.219481
v 0.055955 0.119289 0.224524
v 0.073773 0.064070 0.274997
v 0.076040 0.062609 0.276611
v 0.078891 0.063897 0.276819
v 0.079476 0.066646 0.275412
v 0.077214 0.068098 0.273798
v 0.074362 0.066810 0.273590
v 0.072254 0.072319 0.287319
v 0.072480 0.072174 0.287477
v 0.072766 0.072303 0.287498
v 0.072824 0.072577 0.287360
v 0.072598 0.072722 0.287202
v 0.072313 0.072593 0.287181
v 0.076625 0.065358 0.275205
v 0.072539 0.072448 0.287340
v 0.100748 0.001234 0.294315
v 0.103298 -0.000594 0.294315
v 0.106149 0.000694 0.294523
v 0.106451 0.003810 0.294730
v 0.103901 0.005638 0.294730
v 0.101050 0.004350 0.294522
v 0.102662 0.001485 0.309091
v 0.102917 0.001303 0.309091
v 0.103203 0.001431 0.309112
v 0.103233 0.001743 0.309133
v 0.102978 0.001926 0.309133
v 0.102693 0.001797 0.309112
v 0.103599 0.002522 0.294522
v 0.102948 0.001614 0.309112
v 0.129680 -0.058877 0.269844
v 0.132084 -0.060130 0.268269
v 0.134936 -0.058842 0.268477
v 0.135382 -0.056301 0.270259
v 0.132973 -0.055038 0.271834
v 0.130122 -0.056326 0.271626
v 0.135276 -0.066277 0.281510
v 0.135516 -0.066402 0.281355
v 0.135802 -0.066274 0.281376
v 0.135846 -0.066019 0.281551
v 0.135606 -0.065894 0.281705
v 0.135321 -0.066022 0.281685
v 0.132531 -0.057589 0.270051
v 0.135561 -0.066148 0.281530
v 0.149516 -0.093301 0.210936
v 0.151402 -0.093257 0.208434
v 0.154253 -0.091969 0.208641
v 0.155218 -0.090725 0.211351
v 0.153327 -0.090759 0.213853
v 0.150476 -0.092047 0.213646
v 0.157634 -0.105076 0.215105
v 0.157823 -0.105072 0.214851
v 0.158108 -0.104943 0.214872
v 0.158204 -0.104819 0.215146
v 0.158016 -0.104823 0.215399
v 0.157730 -0.104952 0.215379
v 0.152367 -0.092013 0.211143
v 0.157919 -0.104948 0.215125
v 0.127851 -0.050296 0.265401
v 0.130702 -0.049008 0.265608
v 0.125903 -0.044794 0.258025
v 0.128755 -0.043506 0.258233
v 0.128415 -0.051389 0.264436
v 0.131267 -0.050101 0.264643
v 0.126467 -0.045887 0.257060
v 0.129319 -0.044600 0.257268
v 0.128818 -0.052024 0.262852
v 0.131669 -0.050737 0.263060
v 0.127194 -0.047438 0.256702
v 0.130045 -0.046150 0.256910
v 0.129386 -0.053127 0.261887
v 0.132237 -0.051839 0.262094
v 0.127762 -0.048541 0.255737
v 0.130613 -0.047253 0.255944
v 0.129788 -0.053763 0.260303
v 0.132639 -0.052475 0.260511
v 0.128488 -0.050092 0.255390
v 0.131339 -0.048804 0.255597
v 0.130352 -0.054856 0.259338
v 0.133204 -0.053568 0.259545
v 0.129057 -0.051194 0.254414
v 0.131908 -0.049906 0.254621
v 0.150822 -0.082061 0.146924
v 0.153674 -0.080773 0.147132
v 0.146992 -0.074103 0.150163
v 0.149844 -0.072815 0.150370
v 0.150690 -0.081531 0.145453
v 0.153541 -0.080243 0.145660
v 0.146860 -0.073574 0.148701
v 0.149711 -0.072286 0.148909
v 0.150235 -0.080332 0.144259
v 0.153087 -0.079044 0.144467
v 0.147045 -0.073704 0.146961
v 0.149896 -0.072416 0.147169
v 0.150103 -0.079802 0.142788
v 0.152954 -0.078514 0.142995
v 0.146908 -0.073164 0.145490
v 0.149760 -0.071876 0.145697
v 0.149648 -0.078603 0.141595
v 0.152500 -0.077315 0.141802
v 0.147094 -0.073294 0.143750
v 0.149945 -0.072006 0.143957
v 0.149516 -0.078073 0.140123
v 0.152367 -0.076785 0.140330
v 0.146961 -0.072765 0.142289
v 0.149812 -0.071477 0.142496
v 0.113643 0.012029 0.073865
v 0.116494 0.013317 0.074073
v 0.113224 0.011445 0.083244
v 0.116075 0.012733 0.083451
v 0.112994 0.013455 0.073925
v 0.115846 0.014743 0.074132
v 0.112575 0.012872 0.083304
v 0.115427 0.014159 0.083511
v 0.112311 0.014833 0.074766
v 0.115162 0.016120 0.074974
v 0.111962 0.014346 0.082582
v 0.114813 0.015634 0.082789
v 0.111663 0.016259 0.074826
v 0.114514 0.017547 0.075033
v 0.111313 0.015772 0.082642
v 0.114165 0.017060 0.082849
v 0.110979 0.017636 0.075667
v 0.113830 0.018924 0.075875
v 0.110700 0.017247 0.081920
v 0.113551 0.018535 0.082127
v 0.110331 0.019062 0.075727
v 0.113182 0.020350 0.075935
v 0.110051 0.018673 0.081980
v 0.112903 0.019961 0.082187
v 0.067693 0.101947 0.147187
v 0.070544 0.103235 0.147395
v 0.071264 0.093629 0.149743
v 0.074115 0.094917 0.149951
v 0.067423 0.102302 0.148686
v 0.070275 0.103590 0.148894
v 0.070994 0.093983 0.151252
v 0.073845 0.095271 0.151460
v 0.067454 0.101957 0.150406
v 0.070305 0.103245 0.150613
v 0.070433 0.095018 0.152539
v 0.073284 0.096306 0.152747
v 0.067189 0.102301 0.151914
v 0.070040 0.103589 0.152122
v 0.070163 0.095372 0.154048
v 0.073014 0.096660 0.154256
v 0.067220 0.101956 0.153634
v 0.070071 0.103244 0.153842
v 0.069602 0.096407 0.155335
v 0.072453 0.097695 0.155542
v 0.066955 0.102301 0.155132
v 0.069806 0.103589 0.155340
v 0.069332 0.096762 0.156844
v 0.072183 0.098049 0.157051
v 0.076473 0.063430 0.265560
v 0.079325 0.064718 0.265768
v 0.079099 0.058873 0.257763
v 0.081951 0.060161 0.257970
v 0.076956 0.062223 0.266429
v 0.079807 0.063511 0.266636
v 0.079581 0.057666 0.258632
v 0.082433 0.058953 0.258839
v 0.077656 0.060636 0.266655
v 0.080507 0.061924 0.266862
v 0.079845 0.056837 0.260154
v 0.082696 0.058125 0.260361
v 0.078142 0.059419 0.267523
v 0.080994 0.060707 0.267731
v 0.080331 0.055620 0.261022
v 0.083183 0.056908 0.261230
v 0.078843 0.057833 0.267739
v 0.081694 0.059121 0.267946
v 0.080595 0.054791 0.262544
v 0.083446 0.056079 0.262752
v 0.079329 0.056615 0.268618
v 0.082180 0.057903 0.268825
v 0.081077 0.053584 0.263413
v 0.083928 0.054872 0.263620
vn -0.1700 0.2216 0.9602
vn 0.1700 -0.2216 -0.9602
vn 0.3796 -0.8843 0.2719
vn -0.3796 0.8843 -0.2719
vn -0.9094 -0.4107 -0.0662
vn 0.9094 0.4107 0.0662
vn 0.3085 -0.7725 0.5550
vn -0.3082 0.7720 -0.5560
vn 0.2792 -0.4845 -0.8291
vn -0.2792 0.4845 0.8291
vn 0.3606 -0.6989 -0.6176
vn -0.3609 0.6996 0.6167
vn -0.2071 0.5849 -0.7842
vn 0.2071 -0.5849 0.7843
vn -0.0852 0.3397 -0.9367
vn 0.0852 -0.3397 0.9367
vn -0.4072 0.8459 0.3444
vn 0.4072 -0.8459 -0.3444
vn -0.4136 0.9096 0.0381
vn 0.4136 -0.9096 -0.0381
vn -0.0446 -0.0620 0.9971
vn 0.0446 0.0620 -0.9971
vn -0.9855 -0.1671 0.0290
vn 0.7657 0.6239 0.1564
vn -0.9510 -0.2646 0.1602
vn 0.8002 0.5263 0.2876
vn -0.8876 -0.4122 0.2057
vn 0.8635 0.3787 0.3332
vn -0.8196 -0.5534 0.1480
vn 0.9315 0.2375 0.2755
vn -0.7731 -0.6342 0.0094
vn 0.9781 0.1568 0.1369
vn -0.7657 -0.6239 -0.1564
vn 0.9855 0.1671 -0.0290
vn -0.8002 -0.5263 -0.2876
vn 0.9510 0.2646 -0.1602
vn -0.8635 -0.3787 -0.3332
vn 0.8876 0.4122 -0.2057
vn -0.9315 -0.2375 -0.2755
vn 0.8196 0.5534 -0.1480
vn -0.9781 -0.1568 -0.1369
vn 0.7731 0.6342 -0.0094
vn -0.9212 0.3307 0.2052
vn -0.8287 0.0695 0.5553
vn -0.6586 -0.3279 0.6773
vn -0.4753 -0.7077 0.5228
vn -0.3506 -0.9240 0.1526
vn -0.3306 -0.8961 -0.2963
vn -0.4231 -0.6349 -0.6465
vn -0.5940 -0.2379 -0.7685
vn -0.7765 0.1423 -0.6139
vn -0.9011 0.3586 -0.2437
vn -0.6188 0.7179 0.3189
vn -0.4961 0.3684 0.7863
vn -0.2692 -0.1622 0.9493
vn -0.0243 -0.6691 0.7428
vn 0.1433 -0.9579 0.2487
vn 0.1701 -0.9206 -0.3516
vn 0.0455 -0.5719 -0.8191
vn -0.1829 -0.0420 -0.9822
vn -0.4263 0.4656 -0.7756
vn -0.5919 0.7553 -0.2813
vn -0.1701 0.9206 0.3516
vn -0.0455 0.5719 0.8191
vn 0.1829 0.0420 0.9822
vn 0.4263 -0.4656 0.7756
vn 0.5919 -0.7553 0.2813
vn 0.6188 -0.7179 -0.3189
vn 0.4961 -0.3684 -0.7863
vn 0.2692 0.1622 -0.9493
vn 0.0243 0.6691 -0.7428
vn -0.1433 0.9579 -0.2487
vn 0.3306 0.8961 0.2963
vn 0.4231 0.6349 0.6465
vn 0.5940 0.2379 0.7685
vn 0.7765 -0.1423 0.6139
vn 0.9011 -0.3586 0.2437
vn 0.9212 -0.3307 -0.2052
vn 0.8287 -0.0695 -0.5553
vn 0.6586 0.3279 -0.6773
vn 0.4753 0.7077 -0.5228
vn 0.3506 0.9240 -0.1526
vn -0.9855 -0.1671 0.0304
vn 0.7655 0.6237 0.1579
vn -0.9510 -0.2643 0.1606
vn 0.7999 0.5265 0.2880
vn -0.7657 -0.6239 -0.1560
vn 0.9855 0.1670 -0.0285
vn -0.8007 -0.5253 -0.2880
vn 0.9506 0.2657 -0.1605
vn -0.9311 -0.2382 -0.2764
vn 0.8200 0.5527 -0.1489
vn -0.9780 -0.1567 -0.1378
vn 0.7731 0.6342 -0.0104
vn -0.8288 0.0684 0.5554
vn -0.4762 -0.7070 0.5229
vn -0.3514 -0.9239 0.1510
vn -0.3315 -0.8965 -0.2940
vn -0.4246 -0.6324 -0.6478
vn -0.7757 0.1396 -0.6155
vn -0.9013 0.3588 -0.2429
vn -0.6200 0.7175 0.3174
vn -0.4952 0.3670 0.7875
vn -0.2665 -0.1610 0.9503
vn -0.0247 -0.6676 0.7441
vn 0.1437 -0.9585 0.2461
vn 0.1708 -0.9215 -0.3487
vn 0.0452 -0.5703 -0.8202
vn -0.4253 0.4644 -0.7768
vn -0.5930 0.7551 -0.2796
vn -0.1688 0.9213 0.3503
vn -0.0452 0.5703 0.8202
vn 0.1801 0.0407 0.9828
vn 0.4253 -0.4644 0.7768
vn 0.5924 -0.7559 0.2788
vn 0.6187 -0.7193 -0.3161
vn 0.4952 -0.3670 -0.7875
vn 0.0247 0.6676 -0.7441
vn -0.1426 0.9585 -0.2468
vn 0.4239 0.6342 0.6466
vn 0.7765 -0.1412 0.6141
vn 0.9018 -0.3579 0.2422
vn 0.9218 -0.3305 -0.2028
vn 0.8281 -0.0666 -0.5567
vn 0.4770 0.7054 -0.5243
vn 0.3505 0.9242 -0.1517
vn -0.9855 -0.1670 0.0285
vn 0.7657 0.6239 0.1560
vn -0.9506 -0.2657 0.1605
vn 0.8007 0.5253 0.2880
vn -0.8202 -0.5524 0.1485
vn 0.9311 0.2386 0.2760
vn -0.7731 -0.6342 0.0089
vn 0.9782 0.1568 0.1364
vn -0.9209 0.3325 0.2034
vn -0.8274 0.0675 0.5575
vn -0.4770 -0.7054 0.5243
vn -0.3513 -0.9241 0.1502
vn -0.3315 -0.8962 -0.2948
vn -0.4239 -0.6342 -0.6466
vn -0.7758 0.1422 -0.6147
vn -0.9009 0.3600 -0.2426
vn -0.6197 0.7179 0.3171
vn 0.1443 -0.9585 0.2458
vn 0.1703 -0.9215 -0.3491
vn -0.1801 -0.0407 -0.9828
vn -0.5933 0.7547 -0.2800
vn -0.1693 0.9214 0.3499
vn 0.5921 -0.7563 0.2783
vn 0.6190 -0.7188 -0.3164
vn 0.2665 0.1610 -0.9503
vn -0.1421 0.9585 -0.2472
vn 0.3293 0.8971 0.2944
vn 0.4234 0.6325 0.6486
vn 0.7757 -0.1396 0.6155
vn 0.9019 -0.3581 0.2414
vn 0.9217 -0.3302 -0.2036
vn 0.8288 -0.0684 -0.5554
vn 0.4750 0.7072 -0.5237
vn 0.3494 0.9247 -0.1516
vn -0.9218 0.3305 0.2028
vn -0.8281 0.0666 0.5567
vn -0.4759 -0.7055 0.5251
vn -0.3492 -0.9248 0.1507
vn -0.3294 -0.8968 -0.2952
vn -0.4227 -0.6343 -0.6473
vn -0.7765 0.1412 -0.6141
vn -0.9018 0.3579 -0.2422
vn -0.6187 0.7193 0.3161
vn 0.1426 -0.9585 0.2468
vn 0.1688 -0.9213 -0.3503
vn -0.5924 0.7559 -0.2788
vn -0.1708 0.9215 0.3487
vn 0.5930 -0.7551 0.2796
vn 0.6200 -0.7175 -0.3174
vn -0.1437 0.9585 -0.2461
vn 0.3315 0.8965 0.2940
vn 0.4246 0.6324 0.6478
vn 0.7750 -0.1406 0.6162
vn 0.9010 -0.3602 0.2417
vn 0.9208 -0.3322 -0.2042
vn 0.8281 -0.0693 -0.5562
vn 0.4762 0.7070 -0.5229
vn 0.3514 0.9239 -0.1510
vn -0.8194 -0.5537 0.1485
vn 0.9315 0.2371 0.2759
vn -0.7731 -0.6342 0.0108
vn 0.9779 0.1566 0.1383
vn -0.7656 -0.6238 -0.1574
vn 0.9855 0.1671 -0.0299
vn -0.8004 -0.5255 -0.2884
vn 0.9506 0.2654 -0.1609
vn -0.9311 -0.2386 -0.2760
vn 0.8202 0.5524 -0.1485
vn -0.9782 -0.1568 -0.1364
vn 0.7731 0.6342 -0.0089
vn -0.9217 0.3302 0.2036
vn -0.3305 -0.8964 -0.2955
vn -0.9019 0.3581 -0.2414
vn -0.6190 0.7188 0.3164
vn 0.1421 -0.9585 0.2472
vn 0.1693 -0.9214 -0.3499
vn -0.5921 0.7563 -0.2783
vn -0.1703 0.9215 0.3491
vn 0.5933 -0.7547 0.2800
vn 0.6197 -0.7179 -0.3171
vn -0.1443 0.9585 -0.2458
vn 0.3315 0.8962 0.2948
vn 0.9212 -0.3310 -0.2044
vn 0.3513 0.9241 -0.1502
vn -0.6752 -0.7259 0.1312
vn 0.0226 -0.9890 0.1460
vn 0.7064 -0.6802 0.1958
vn 0.9679 0.0163 0.2508
vn 0.6568 0.7003 0.2795
vn -0.0410 0.9635 0.2647
vn -0.7248 0.6546 0.2149
vn -0.9862 -0.0418 0.1599
vn -0.6789 -0.6368 -0.3654
vn -0.3797 0.8844 -0.2715
vn 0.3763 -0.8799 0.2901
vn -0.1126 -0.5381 -0.8354
vn -0.3794 0.8844 -0.2717
vn 0.3802 -0.8793 0.2869
vn 0.5761 -0.2270 -0.7852
vn -0.3799 0.8842 -0.2717
vn 0.3737 -0.8822 0.2864
vn 0.9636 0.1051 -0.2459
vn 0.8363 0.2723 0.4759
vn -0.3793 0.8839 -0.2734
vn 0.3839 -0.8898 0.2467
vn 0.2642 0.1721 0.9490
vn -0.3813 0.8836 -0.2718
vn 0.3647 -0.8933 0.2626
vn -0.4155 -0.1349 0.8995
vn -0.3780 0.8851 -0.2716
vn 0.3972 -0.8786 0.2650
vn -0.8075 -0.4701 0.3562
vn -0.8801 -0.1815 -0.4388
vn -0.2788 0.4836 0.8297
vn 0.2817 -0.4908 -0.8245
vn -0.5618 0.4447 -0.6976
vn -0.2775 0.4861 0.8287
vn 0.2773 -0.4991 -0.8210
vn 0.1191 0.7522 -0.6480
vn -0.2814 0.4844 0.8284
vn 0.2903 -0.4932 -0.8200
vn 0.7638 0.5610 -0.3191
vn 0.9950 -0.0191 0.0978
vn -0.2794 0.4850 0.8287
vn 0.2728 -0.4685 -0.8403
vn 0.6768 -0.6443 0.3561
vn -0.2803 0.4832 0.8294
vn 0.2635 -0.4868 -0.8328
vn -0.0041 -0.9519 0.3065
vn -0.2775 0.4845 0.8296
vn 0.2916 -0.4741 -0.8308
vn -0.6481 -0.7612 -0.0218
vn -0.9999 0.0123 0.0107
vn 0.2073 -0.5854 0.7838
vn -0.1996 0.5704 -0.7967
vn -0.7093 0.5990 0.3715
vn 0.2082 -0.5837 0.7849
vn -0.1912 0.5876 -0.7863
vn -0.0284 0.9066 0.4211
vn 0.2054 -0.5849 0.7847
vn -0.2193 0.5749 -0.7883
vn 0.6433 0.7545 0.1303
vn 0.9146 0.2295 -0.3330
vn 0.2067 -0.5841 0.7849
vn -0.2100 0.5906 -0.7792
vn 0.6240 -0.3581 -0.6946
vn 0.2055 -0.5864 0.7835
vn -0.2061 0.5984 -0.7743
vn -0.0569 -0.6656 -0.7441
vn 0.2094 -0.5847 0.7838
vn -0.2190 0.5925 -0.7752
vn -0.7293 -0.5130 -0.4527
vn -0.8737 -0.3245 0.3624
vn 0.4070 -0.8454 -0.3459
vn -0.4092 0.8545 0.3198
vn -0.3465 -0.2867 0.8932
vn 0.4088 -0.8453 -0.3441
vn -0.3915 0.8560 0.3377
vn 0.3332 0.0203 0.9426
vn 0.4055 -0.8467 -0.3444
vn -0.4241 0.8413 0.3353
vn 0.7701 0.4180 0.4820
vn 0.7052 0.6734 -0.2220
vn 0.4072 -0.8461 -0.3440
vn -0.4054 0.8393 0.3622
vn 0.1833 0.6367 -0.7490
vn 0.4070 -0.8461 -0.3443
vn -0.4090 0.8391 0.3586
vn -0.5053 0.3256 -0.7992
vn 0.4074 -0.8459 -0.3442
vn -0.4025 0.8421 0.3591
vn -0.9373 -0.0685 -0.3416
vn 0.7312 -0.6785 -0.0701
vn 0.9992 0.0325 0.0216
vn 0.6799 0.7264 0.1008
vn -0.0359 0.9920 0.1207
vn -0.7321 0.6776 0.0700
vn -0.9993 -0.0320 -0.0214
vn -0.6802 -0.7260 -0.1007
vn 0.0372 -0.9920 -0.1206
vn 0.7295 -0.6573 -0.1890
vn 0.9987 0.0419 -0.0278
vn 0.6804 0.7173 0.1502
vn -0.0354 0.9702 0.2395
vn -0.7304 0.6563 0.1890
vn -0.9988 -0.0411 0.0280
vn -0.6810 -0.7167 -0.1500
vn 0.0368 -0.9702 -0.2395
vn 0.7216 -0.6216 -0.3048
vn 0.9955 0.0566 -0.0756
vn 0.6838 0.7023 0.1980
vn -0.0280 0.9345 0.3550
vn -0.7225 0.6208 0.3044
vn -0.9955 -0.0562 0.0757
vn -0.6841 -0.7021 -0.1979
vn 0.0292 -0.9343 -0.3552
vn 0.7077 -0.5725 -0.4140
vn 0.9896 0.0769 -0.1212
vn 0.6895 0.6820 0.2436
vn -0.0136 0.8856 0.4642
vn -0.7085 0.5717 0.4136
vn -0.9897 -0.0764 0.1214
vn -0.6899 -0.6817 -0.2435
vn 0.0148 -0.8855 -0.4644
vn 0.6876 -0.5107 -0.5161
vn 0.9812 0.1025 -0.1634
vn 0.6979 0.6566 0.2862
vn 0.0071 0.8239 0.5667
vn -0.6883 0.5098 0.5161
vn -0.9812 -0.1018 0.1640
vn -0.6985 -0.6561 -0.2856
vn -0.0060 -0.8240 -0.5666
vn 0.6613 -0.4380 -0.6090
vn 0.9704 0.1326 -0.2020
vn 0.7089 0.6262 0.3244
vn 0.0347 0.7514 0.6589
vn -0.6633 0.4361 0.6081
vn -0.9704 -0.1323 0.2022
vn -0.7092 -0.6260 -0.3242
vn -0.0319 -0.7511 -0.6594
vn 0.6296 -0.3547 -0.6912
vn 0.9572 0.1672 -0.2361
vn 0.7221 0.5915 0.3587
vn 0.0663 0.6684 0.7409
vn -0.6318 0.3531 0.6901
vn -0.9572 -0.1670 0.2365
vn -0.7224 -0.5914 -0.3584
vn -0.0635 -0.6678 -0.7416
vn 0.5934 -0.2628 -0.7608
vn 0.9422 0.2054 -0.2649
vn 0.7370 0.5536 0.3878
vn 0.1011 0.5766 0.8108
vn -0.5944 0.2625 0.7601
vn -0.9421 -0.2048 0.2656
vn -0.7376 -0.5533 -0.3871
vn -0.1001 -0.5761 -0.8112
vn 0.5525 -0.1639 -0.8172
vn 0.9253 0.2462 -0.2884
vn 0.7540 0.5124 0.4111
vn 0.1416 0.4771 0.8674
vn -0.5534 0.1632 0.8168
vn -0.9252 -0.2460 0.2888
vn -0.7542 -0.5124 -0.4106
vn -0.1404 -0.4769 -0.8677
vn 0.5082 -0.0599 -0.8591
vn 0.9070 0.2897 -0.3057
vn 0.7725 0.4689 0.4283
vn 0.1853 0.3729 0.9092
vn -0.5092 0.0592 0.8586
vn -0.9069 -0.2896 0.3061
vn -0.7726 -0.4689 -0.4280
vn -0.1841 -0.3726 -0.9095
vn 0.4613 0.0488 -0.8859
vn 0.8876 0.3346 -0.3166
vn 0.7918 0.4240 0.4397
vn 0.2326 0.2647 0.9359
vn -0.4624 -0.0492 0.8853
vn -0.8874 -0.3344 0.3174
vn -0.7922 -0.4240 -0.4389
vn -0.2314 -0.2641 -0.9363
vn 0.4131 0.1590 -0.8967
vn 0.8672 0.3803 -0.3216
vn 0.8121 0.3783 0.4443
vn 0.2821 0.1550 0.9468
vn -0.4142 -0.1595 0.8961
vn -0.8670 -0.3801 0.3221
vn -0.8123 -0.3783 -0.4439
vn -0.2809 -0.1544 -0.9472
vn 0.3631 0.2689 -0.8921
vn 0.8464 0.4258 -0.3197
vn 0.8329 0.3326 0.4424
vn 0.3320 0.0451 0.9422
vn -0.3642 -0.2694 0.8915
vn -0.8462 -0.4259 0.3202
vn -0.8330 -0.3327 -0.4420
vn -0.3309 -0.0446 -0.9426
vn 0.3122 0.3766 -0.8721
vn 0.8257 0.4707 -0.3109
vn 0.8538 0.2876 0.4339
vn 0.3817 -0.0632 0.9221
vn -0.3133 -0.3771 0.8716
vn -0.8253 -0.4708 0.3117
vn -0.8541 -0.2880 -0.4332
vn -0.3805 0.0637 -0.9226
vn 0.2622 0.4813 -0.8364
vn 0.8050 0.5140 -0.2963
vn 0.8745 0.2445 0.4189
vn 0.4312 -0.1678 0.8865
vn -0.2633 -0.4815 0.8360
vn -0.8048 -0.5140 0.2966
vn -0.8746 -0.2446 -0.4186
vn -0.4302 0.1686 -0.8868
vn 0.2143 0.5798 -0.7861
vn 0.7849 0.5551 -0.2754
vn 0.8945 0.2033 0.3981
vn 0.4795 -0.2661 0.8362
vn -0.2154 -0.5800 0.7856
vn -0.7847 -0.5551 0.2759
vn -0.8947 -0.2035 -0.3977
vn -0.4786 0.2668 -0.8365
vn 0.1686 0.6715 -0.7216
vn 0.7660 0.5928 -0.2486
vn 0.9136 0.1652 0.3715
vn 0.5259 -0.3578 0.7716
vn -0.1695 -0.6719 0.7210
vn -0.7655 -0.5932 0.2493
vn -0.9137 -0.1658 -0.3709
vn -0.5250 0.3582 -0.7721
vn 0.1254 0.7541 -0.6447
vn 0.7481 0.6272 -0.2168
vn 0.9314 0.1312 0.3394
vn 0.5699 -0.4392 0.6945
vn -0.1281 -0.7545 0.6436
vn -0.7479 -0.6273 0.2172
vn -0.9315 -0.1314 -0.3391
vn -0.5677 0.4410 -0.6952
vn 0.0862 0.8267 -0.5560
vn 0.7318 0.6574 -0.1800
vn 0.9478 0.1009 0.3024
vn 0.6091 -0.5117 0.6060
vn -0.0890 -0.8270 0.5552
vn -0.7315 -0.6576 0.1802
vn -0.9478 -0.1012 -0.3022
vn -0.6070 0.5137 -0.6064
vn 0.0517 0.8877 -0.4575
vn 0.7175 0.6826 -0.1390
vn 0.9622 0.0753 0.2618
vn 0.6426 -0.5735 0.5081
vn -0.0529 -0.8876 0.4575
vn -0.7169 -0.6831 0.1396
vn -0.9622 -0.0761 -0.2613
vn -0.6419 0.5744 -0.5080
vn 0.0216 0.9362 -0.3508
vn 0.7050 0.7028 -0.0950
vn 0.9745 0.0553 0.2174
vn 0.6721 -0.6224 0.4010
vn -0.0228 -0.9363 0.3504
vn -0.7047 -0.7031 0.0952
vn -0.9745 -0.0558 -0.2173
vn -0.6713 0.6233 -0.4012
vn -0.0027 0.9713 -0.2380
vn 0.6951 0.7174 -0.0479
vn 0.9846 0.0409 0.1703
vn 0.6960 -0.6577 0.2882
vn 0.0015 -0.9713 0.2377
vn -0.6948 -0.7176 0.0480
vn -0.9845 -0.0413 -0.1702
vn -0.6951 0.6585 -0.2884
vn -0.0207 0.9926 -0.1199
vn 0.6877 0.7260 0.0009
vn 0.9921 0.0318 0.1215
vn 0.7144 -0.6787 0.1704
vn 0.0194 -0.9926 0.1198
vn -0.6871 -0.7266 -0.0007
vn -0.9921 -0.0327 -0.1214
vn -0.7135 0.6797 -0.1703
vn -0.0318 0.9995 0.0002
vn 0.6825 0.7291 0.0508
vn 0.9970 0.0289 0.0716
vn 0.7267 -0.6851 0.0504
vn 0.0305 -0.9995 -0.0003
vn -0.6821 -0.7295 -0.0507
vn -0.9970 -0.0294 -0.0715
vn -0.7258 0.6860 -0.0503
vn -0.0372 0.9920 0.1206
vn 0.6802 0.7260 0.1007
vn 0.9993 0.0320 0.0214
vn 0.7321 -0.6776 -0.0700
vn 0.0359 -0.9920 -0.1207
vn -0.6799 -0.7264 -0.1008
vn -0.9992 -0.0325 -0.0216
vn -0.7312 0.6785 0.0701
vn -0.0368 0.9702 0.2395
vn 0.6810 0.7167 0.1500
vn 0.9988 0.0411 -0.0280
vn 0.7304 -0.6563 -0.1890
vn 0.0354 -0.9702 -0.2395
vn -0.6804 -0.7173 -0.1502
vn -0.9987 -0.0419 0.0278
vn -0.7295 0.6573 0.1890
vn -0.0292 0.9343 0.3552
vn 0.6841 0.7021 0.1979
vn 0.9955 0.0562 -0.0757
vn 0.7225 -0.6208 -0.3044
vn 0.0280 -0.9345 -0.3550
vn -0.6838 -0.7023 -0.1980
vn -0.9955 -0.0566 0.0756
vn -0.7216 0.6216 0.3048
vn -0.0148 0.8855 0.4644
vn 0.6899 0.6817 0.2435
vn 0.9897 0.0764 -0.1214
vn 0.7085 -0.5717 -0.4136
vn 0.0136 -0.8856 -0.4642
vn -0.6895 -0.6820 -0.2436
vn -0.9896 -0.0769 0.1212
vn -0.7077 0.5725 0.4140
vn 0.0060 0.8240 0.5666
vn 0.6985 0.6561 0.2856
vn 0.9812 0.1018 -0.1640
vn 0.6883 -0.5098 -0.5161
vn -0.0071 -0.8239 -0.5667
vn -0.6979 -0.6566 -0.2862
vn -0.9812 -0.1025 0.1634
vn -0.6876 0.5107 0.5161
vn 0.0319 0.7511 0.6594
vn 0.7092 0.6260 0.3242
vn 0.9704 0.1323 -0.2022
vn 0.6633 -0.4361 -0.6081
vn -0.0347 -0.7514 -0.6589
vn -0.7089 -0.6262 -0.3244
vn -0.9704 -0.1326 0.2020
vn -0.6613 0.4380 0.6090
vn 0.0635 0.6678 0.7416
vn 0.7224 0.5914 0.3584
vn 0.9572 0.1670 -0.2365
vn 0.6318 -0.3531 -0.6901
vn -0.0663 -0.6684 -0.7409
vn -0.7221 -0.5915 -0.3587
vn -0.9572 -0.1672 0.2361
vn -0.6296 0.3547 0.6912
vn 0.1001 0.5761 0.8112
vn 0.7376 0.5533 0.3871
vn 0.9421 0.2048 -0.2656
vn 0.5944 -0.2625 -0.7601
vn -0.1011 -0.5766 -0.8108
vn -0.7370 -0.5536 -0.3878
vn -0.9422 -0.2054 0.2649
vn -0.5934 0.2628 0.7608
vn 0.1404 0.4769 0.8677
vn 0.7542 0.5124 0.4106
vn 0.9252 0.2460 -0.2888
vn 0.5534 -0.1632 -0.8168
vn -0.1416 -0.4771 -0.8674
vn -0.7540 -0.5124 -0.4111
vn -0.9253 -0.2462 0.2884
vn -0.5525 0.1639 0.8172
vn 0.1841 0.3726 0.9095
vn 0.7726 0.4689 0.4280
vn 0.9069 0.2896 -0.3061
vn 0.5092 -0.0592 -0.8586
vn -0.1853 -0.3729 -0.9092
vn -0.7725 -0.4689 -0.4283
vn -0.9070 -0.2897 0.3057
vn -0.5082 0.0599 0.8591
vn 0.2314 0.2641 0.9363
vn 0.7922 0.4240 0.4389
vn 0.8874 0.3344 -0.3174
vn 0.4624 0.0492 -0.8853
vn -0.2326 -0.2647 -0.9359
vn -0.7918 -0.4240 -0.4397
vn -0.8876 -0.3346 0.3166
vn -0.4613 -0.0488 0.8859
vn 0.2809 0.1544 0.9472
vn 0.8123 0.3783 0.4439
vn 0.8670 0.3801 -0.3221
vn 0.4142 0.1595 -0.8961
vn -0.2821 -0.1550 -0.9468
vn -0.8121 -0.3783 -0.4443
vn -0.8672 -0.3803 0.3216
vn -0.4131 -0.1590 0.8967
vn 0.3309 0.0446 0.9426
vn 0.8330 0.3327 0.4420
vn 0.8462 0.4259 -0.3202
vn 0.3642 0.2694 -0.8915
vn -0.3320 -0.0451 -0.9422
vn -0.8329 -0.3326 -0.4424
vn -0.8464 -0.4258 0.3197
vn -0.3631 -0.2689 0.8921
vn 0.3805 -0.0637 0.9226
vn 0.8541 0.2880 0.4332
vn 0.8253 0.4708 -0.3117
vn 0.3133 0.3771 -0.8716
vn -0.3817 0.0632 -0.9221
vn -0.8538 -0.2876 -0.4339
vn -0.8257 -0.4707 0.3109
vn -0.3122 -0.3766 0.8721
vn 0.4302 -0.1686 0.8868
vn 0.8746 0.2446 0.4186
vn 0.8048 0.5140 -0.2967
vn 0.2633 0.4815 -0.8360
vn -0.4312 0.1678 -0.8865
vn -0.8745 -0.2445 -0.4189
vn -0.8050 -0.5140 0.2963
vn -0.2622 -0.4813 0.8364
vn 0.4786 -0.2668 0.8365
vn 0.8947 0.2035 0.3977
vn 0.7847 0.5551 -0.2759
vn 0.2154 0.5800 -0.7856
vn -0.4795 0.2661 -0.8362
vn -0.8945 -0.2033 -0.3981
vn -0.7849 -0.5551 0.2754
vn -0.2143 -0.5798 0.7861
vn 0.5250 -0.3582 0.7721
vn 0.9137 0.1658 0.3709
vn 0.7655 0.5932 -0.2493
vn 0.1695 0.6719 -0.7210
vn -0.5259 0.3578 -0.7716
vn -0.9136 -0.1652 -0.3715
vn -0.7660 -0.5928 0.2486
vn -0.1686 -0.6715 0.7216
vn 0.5677 -0.4410 0.6952
vn 0.9315 0.1314 0.3391
vn 0.7479 0.6273 -0.2172
vn 0.1281 0.7545 -0.6436
vn -0.5699 0.4392 -0.6945
vn -0.9314 -0.1312 -0.3394
vn -0.7481 -0.6272 0.2168
vn -0.1254 -0.7541 0.6447
vn 0.6070 -0.5137 0.6064
vn 0.9478 0.1012 0.3022
vn 0.7315 0.6576 -0.1802
vn 0.0890 0.8270 -0.5552
vn -0.6091 0.5117 -0.6060
vn -0.9478 -0.1009 -0.3024
vn -0.7318 -0.6574 0.1800
vn -0.0862 -0.8267 0.5560
vn 0.6419 -0.5744 0.5080
vn 0.9622 0.0761 0.2613
vn 0.7169 0.6831 -0.1396
vn 0.0529 0.8876 -0.4575
vn -0.6426 0.5735 -0.5081
vn -0.9622 -0.0753 -0.2618
vn -0.7175 -0.6826 0.1390
vn -0.0517 -0.8877 0.4575
vn 0.6713 -0.6233 0.4012
vn 0.9745 0.0558 0.2173
vn 0.7047 0.7031 -0.0952
vn 0.0228 0.9363 -0.3504
vn -0.6721 0.6224 -0.4010
vn -0.9745 -0.0553 -0.2174
vn -0.7050 -0.7028 0.0950
vn -0.0216 -0.9362 0.3508
vn 0.6951 -0.6585 0.2884
vn 0.9845 0.0413 0.1702
vn 0.6948 0.7176 -0.0480
vn -0.0015 0.9713 -0.2377
vn -0.6960 0.6577 -0.2882
vn -0.9846 -0.0409 -0.1703
vn -0.6951 -0.7174 0.0479
vn 0.0027 -0.9713 0.2380
vn 0.7135 -0.6797 0.1703
vn 0.9921 0.0327 0.1214
vn 0.6871 0.7266 0.0007
vn -0.0194 0.9926 -0.1198
vn -0.7144 0.6787 -0.1704
vn -0.9921 -0.0318 -0.1215
vn -0.6877 -0.7260 -0.0009
vn 0.0207 -0.9926 0.1199
vn 0.7258 -0.6860 0.0503
vn 0.9970 0.0294 0.0715
vn 0.6821 0.7295 0.0507
vn -0.0305 0.9995 0.0003
vn -0.7267 0.6851 -0.0504
vn -0.9970 -0.0289 -0.0716
vn -0.6825 -0.7291 -0.0508
vn 0.0318 -0.9995 -0.0002
vn 0.8142 -0.5778 -0.0563
vn 0.0961 0.9878 0.1225
vn -0.8155 0.5761 0.0561
vn -0.0940 -0.9880 -0.1225
vn 0.8124 -0.5583 -0.1683
vn 0.0981 0.9674 0.2337
vn -0.8149 0.5550 0.1672
vn -0.0939 -0.9676 -0.2342
vn 0.8048 -0.5254 -0.2760
vn 0.1047 0.9338 0.3420
vn -0.8072 0.5220 0.2757
vn -0.1005 -0.9343 -0.3419
vn 0.7915 -0.4793 -0.3793
vn 0.1157 0.8882 0.4447
vn -0.7926 0.4779 0.3786
vn -0.1138 -0.8882 -0.4452
vn 0.7728 -0.4212 -0.4748
vn 0.1335 0.8305 0.5408
vn -0.7728 0.4212 0.4748
vn -0.1335 -0.8305 -0.5408
vn 0.7495 -0.3513 -0.5611
vn 0.1600 0.7623 0.6271
vn -0.7495 0.3515 0.5609
vn -0.1600 -0.7621 -0.6273
vn 0.7200 -0.2737 -0.6377
vn 0.1896 0.6843 0.7042
vn -0.7199 0.2735 0.6380
vn -0.1895 -0.6845 -0.7040
vn 0.6845 -0.1888 -0.7042
vn 0.2218 0.5981 0.7701
vn -0.6845 0.1888 0.7041
vn -0.2218 -0.5981 -0.7701
vn 0.6460 -0.0964 -0.7572
vn 0.2611 0.5054 0.8224
vn -0.6473 0.0952 0.7563
vn -0.2593 -0.5052 -0.8231
vn 0.6045 0.0021 -0.7966
vn 0.3042 0.4084 0.8606
vn -0.6076 -0.0035 0.7943
vn -0.3009 -0.4068 -0.8625
vn 0.5611 0.1034 -0.8213
vn 0.3490 0.3069 0.8855
vn -0.5640 -0.1055 0.8190
vn -0.3452 -0.3059 -0.8873
vn 0.5160 0.2073 -0.8311
vn 0.3939 0.2038 0.8963
vn -0.5177 -0.2080 0.8299
vn -0.3922 -0.2029 -0.8972
vn 0.4692 0.3102 -0.8268
vn 0.4407 0.1008 0.8920
vn -0.4709 -0.3109 0.8256
vn -0.4390 -0.1000 -0.8929
vn 0.4210 0.4114 -0.8084
vn 0.4884 0.0002 0.8726
vn -0.4245 -0.4122 0.8062
vn -0.4853 0.0021 -0.8744
vn 0.3741 0.5087 -0.7754
vn 0.5346 -0.0982 0.8394
vn -0.3772 -0.5100 0.7730
vn -0.5313 0.0998 -0.8413
vn 0.3286 0.6018 -0.7280
vn 0.5780 -0.1916 0.7932
vn -0.3303 -0.6019 0.7271
vn -0.5767 0.1929 -0.7939
vn 0.2860 0.6876 -0.6674
vn 0.6203 -0.2783 0.7334
vn -0.2860 -0.6876 0.6674
vn -0.6203 0.2782 -0.7334
vn 0.2475 0.7653 -0.5942
vn 0.6619 -0.3543 0.6606
vn -0.2476 -0.7651 0.5944
vn -0.6620 0.3545 -0.6604
vn 0.2109 0.8330 -0.5115
vn 0.6987 -0.4224 0.5774
vn -0.2108 -0.8332 0.5112
vn -0.6986 0.4222 -0.5777
vn 0.1764 0.8903 -0.4198
vn 0.7298 -0.4809 0.4858
vn -0.1764 -0.8903 0.4198
vn -0.7299 0.4810 -0.4858
vn 0.1480 0.9358 -0.3200
vn 0.7585 -0.5255 0.3855
vn -0.1498 -0.9357 0.3193
vn -0.7573 0.5269 -0.3859
vn 0.1253 0.9689 -0.2134
vn 0.7824 -0.5566 0.2796
vn -0.1295 -0.9684 0.2132
vn -0.7800 0.5600 -0.2793
vn 0.1090 0.9887 -0.1034
vn 0.7999 -0.5759 0.1690
vn -0.1131 -0.9883 0.1025
vn -0.7973 0.5793 -0.1694
vn 0.0990 0.9950 0.0096
vn 0.8104 -0.5831 0.0567
vn -0.1012 -0.9948 -0.0097
vn -0.8092 0.5848 -0.0565
vn 0.0940 0.9880 0.1225
vn 0.8155 -0.5761 -0.0561
vn -0.0961 -0.9878 -0.1225
vn -0.8142 0.5778 0.0563
vn 0.0939 0.9676 0.2342
vn 0.8149 -0.5550 -0.1672
vn -0.0981 -0.9674 -0.2337
vn -0.8124 0.5583 0.1683
vn 0.1005 0.9343 0.3419
vn 0.8072 -0.5220 -0.2757
vn -0.1047 -0.9338 -0.3420
vn -0.8048 0.5254 0.2760
vn 0.1138 0.8882 0.4452
vn 0.7926 -0.4779 -0.3786
vn -0.1157 -0.8882 -0.4447
vn -0.7915 0.4793 0.3793
vn 0.1600 0.7621 0.6273
vn 0.7495 -0.3515 -0.5609
vn -0.1600 -0.7623 -0.6271
vn -0.7495 0.3513 0.5611
vn 0.1895 0.6845 0.7040
vn 0.7199 -0.2735 -0.6380
vn -0.1896 -0.6843 -0.7042
vn -0.7200 0.2737 0.6378
vn 0.6845 -0.1888 -0.7041
vn -0.6845 0.1888 0.7042
vn 0.2593 0.5052 0.8231
vn 0.6473 -0.0952 -0.7563
vn -0.2611 -0.5054 -0.8224
vn -0.6460 0.0964 0.7572
vn 0.3009 0.4068 0.8625
vn 0.6076 0.0035 -0.7943
vn -0.3042 -0.4084 -0.8606
vn -0.6045 -0.0021 0.7966
vn 0.3452 0.3059 0.8873
vn 0.5640 0.1055 -0.8190
vn -0.3490 -0.3069 -0.8855
vn -0.5611 -0.1034 0.8213
vn 0.3922 0.2029 0.8972
vn 0.5177 0.2080 -0.8299
vn -0.3939 -0.2038 -0.8963
vn -0.5160 -0.2073 0.8311
vn 0.4390 0.1000 0.8929
vn 0.4709 0.3109 -0.8256
vn -0.4407 -0.1008 -0.8920
vn -0.4692 -0.3102 0.8268
vn 0.4853 -0.0021 0.8744
vn 0.4245 0.4122 -0.8062
vn -0.4884 -0.0002 -0.8726
vn -0.4210 -0.4114 0.8084
vn 0.5313 -0.0998 0.8413
vn 0.3772 0.5100 -0.7730
vn -0.5346 0.0982 -0.8394
vn -0.3741 -0.5087 0.7754
vn 0.5767 -0.1929 0.7939
vn 0.3303 0.6019 -0.7271
vn -0.5780 0.1916 -0.7932
vn -0.3286 -0.6018 0.7280
vn 0.6203 -0.2782 0.7334
vn -0.6203 0.2783 -0.7334
vn 0.6620 -0.3545 0.6604
vn 0.2476 0.7651 -0.5944
vn -0.6619 0.3543 -0.6606
vn -0.2475 -0.7653 0.5942
vn 0.6986 -0.4222 0.5777
vn 0.2108 0.8332 -0.5112
vn -0.6987 0.4224 -0.5774
vn -0.2109 -0.8330 0.5115
vn 0.7299 -0.4810 0.4858
vn -0.7298 0.4810 -0.4858
vn 0.7573 -0.5269 0.3859
vn 0.1498 0.9357 -0.3193
vn -0.7585 0.5255 -0.3855
vn -0.1480 -0.9358 0.3200
vn 0.7800 -0.5600 0.2793
vn 0.1295 0.9684 -0.2132
vn -0.7824 0.5566 -0.2796
vn -0.1253 -0.9689 0.2134
vn 0.7973 -0.5793 0.1694
vn 0.1131 0.9883 -0.1025
vn -0.7999 0.5759 -0.1690
vn -0.1090 -0.9887 0.1034
vn 0.8092 -0.5848 0.0565
vn 0.1012 0.9948 0.0097
vn -0.8104 0.5831 -0.0567
vn -0.0990 -0.9950 -0.0096
vn -0.7521 -0.3225 -0.5748
vn -0.4069 0.8450 0.3469
vn 0.4075 -0.8475 -0.3401
vn -0.0174 0.1965 -0.9803
vn 0.8018 0.3794 -0.4617
vn 0.8860 0.0436 0.4616
vn -0.4072 0.8463 0.3435
vn 0.4075 -0.8475 -0.3402
vn 0.1514 -0.4749 0.8669
vn -0.6675 -0.6580 0.3486
vn -0.8830 -0.0504 -0.4667
vn -0.2789 0.4838 0.8296
vn 0.2767 -0.4782 -0.8335
vn -0.2581 0.6817 -0.6846
vn 0.6712 0.6516 -0.3535
vn 0.9748 -0.1102 0.1939
vn -0.2796 0.4855 0.8283
vn 0.3503 -0.8417 0.4109
vn -0.5784 -0.8117 0.0809
vn -0.9734 0.1077 -0.2020
vn -0.4006 0.9074 -0.1268
vn 0.5804 0.8095 -0.0889
vn 0.9881 -0.0872 -0.1265
vn 0.4153 -0.8870 -0.2020
vn -0.5657 -0.7890 -0.2396
vn -0.9888 0.0907 0.1187
vn 0.2076 -0.5858 0.7834
vn -0.2042 0.5792 -0.7892
vn -0.3900 0.7863 0.4792
vn 0.5645 0.7923 0.2317
vn 0.9207 0.1029 -0.3765
vn 0.2067 -0.5842 0.7848
vn 0.3216 -0.5932 -0.7380
vn -0.6335 -0.5991 -0.4897
vn -0.9233 -0.0955 0.3721
vn 0.3798 -0.8845 0.2710
vn -0.3804 0.8853 -0.2676
vn -0.2304 0.3648 0.9021
vn 0.6302 0.6061 0.4852
vn 0.7984 0.3869 -0.4614
vn 0.3792 -0.8837 0.2745
vn -0.3804 0.8853 -0.2675
vn 0.1055 -0.0738 -0.9917
vn -0.7555 -0.3149 -0.5745
vn -0.8018 -0.3794 0.4617
vn 0.4069 -0.8450 -0.3469
vn -0.4075 0.8475 0.3401
vn 0.0174 -0.1965 0.9803
vn 0.7521 0.3225 0.5748
vn 0.6675 0.6580 -0.3486
vn 0.4072 -0.8463 -0.3435
vn -0.4075 0.8475 0.3402
vn -0.1514 0.4749 -0.8669
vn -0.8860 -0.0436 -0.4616
vn -0.6712 -0.6516 0.3535
vn 0.2789 -0.4838 -0.8296
vn -0.2767 0.4782 0.8335
vn 0.2581 -0.6817 0.6846
vn 0.8830 0.0504 0.4667
vn 0.5784 0.8117 -0.0809
vn 0.2796 -0.4855 -0.8283
vn -0.3503 0.8417 -0.4109
vn -0.9748 0.1102 -0.1939
vn -0.5804 -0.8095 0.0889
vn 0.4006 -0.9074 0.1268
vn 0.9734 -0.1077 0.2020
vn 0.5657 0.7890 0.2396
vn -0.4153 0.8870 0.2020
vn -0.9881 0.0872 0.1265
vn -0.5645 -0.7923 -0.2317
vn -0.2076 0.5858 -0.7834
vn 0.2042 -0.5792 0.7892
vn 0.3900 -0.7863 -0.4792
vn 0.9888 -0.0907 -0.1187
vn 0.6335 0.5991 0.4897
vn -0.2067 0.5842 -0.7848
vn -0.3216 0.5932 0.7380
vn -0.9207 -0.1029 0.3765
vn -0.6302 -0.6061 -0.4852
vn -0.3798 0.8845 -0.2710
vn 0.3804 -0.8853 0.2676
vn 0.2304 -0.3648 -0.9021
vn 0.9233 0.0955 -0.3721
vn 0.7555 0.3149 0.5745
vn -0.3792 0.8837 -0.2745
vn 0.3804 -0.8853 0.2675
vn -0.1055 0.0738 0.9917
vn -0.7984 -0.3869 0.4614
vn -0.3608 0.6994 0.6170
vn 0.3608 -0.6994 -0.6170
vn 0.2073 -0.5852 0.7839
vn -0.2073 0.5852 -0.7839
vn -0.3608 0.6995 0.6169
vn 0.3608 -0.6995 -0.6169
vn 0.2058 -0.5825 0.7864
vn -0.2058 0.5825 -0.7864
vn -0.3606 0.6990 0.6176
vn 0.3611 -0.7003 -0.6158
vn -0.2078 0.5862 -0.7830
vn 0.0854 -0.3400 0.9365
vn -0.0858 0.3409 -0.9362
vn 0.4074 -0.8469 -0.3416
vn -0.4072 0.8462 0.3436
vn 0.0856 -0.3405 0.9364
vn -0.0855 0.3401 -0.9365
vn -0.4069 0.8448 0.3475
vn 0.0851 -0.3394 0.9368
vn -0.0858 0.3407 -0.9362
vn 0.1701 -0.2220 -0.9601
vn -0.1705 0.2229 0.9598
vn -0.3787 0.8831 -0.2771
vn 0.3790 -0.8835 0.2751
vn 0.1702 -0.2221 -0.9601
vn -0.1703 0.2225 0.9599
vn -0.3801 0.8849 -0.2690
vn 0.1699 -0.2213 -0.9603
vn -0.1707 0.2232 0.9597
vn -0.3084 0.7724 -0.5553
vn 0.3084 -0.7724 0.5553
vn -0.2793 0.4848 0.8288
vn 0.2793 -0.4848 -0.8288
vn -0.3085 0.7724 -0.5552
vn 0.3085 -0.7724 0.5552
vn -0.2781 0.4818 0.8310
vn 0.2781 -0.4818 -0.8310
vn -0.3082 0.7720 -0.5559
vn 0.3089 -0.7731 0.5540
vn -0.2798 0.4860 0.8280
s 0
usemtl flame.001
f 4039//1840 4040//1840 4042//1840 4041//1840
f 4043//1841 4045//1841 4046//1841 4044//1841
f 4039//1842 4043//1842 4044//1842 4040//1842
f 4041//1843 4042//1843 4046//1843 4045//1843
f 4039//1844 4041//1844 4045//1844 4043//1844
f 4040//1845 4044//1845 4046//1845 4042//1845
f 4047//1846 4048//1846 4050//1846 4049//1846
f 4051//1847 4053//1847 4054//1847 4052//1847
f 4047//1848 4051//1848 4052//1848 4048//1848
f 4049//1849 4050//1849 4054//1849 4053//1849
f 4047//1844 4049//1844 4053//1844 4051//1844
f 4048//1845 4052//1845 4054//1845 4050//1845
f 4055//1850 4056//1850 4058//1850 4057//1850
f 4059//1851 4061//1851 4062//1851 4060//1851
f 4055//1852 4059//1852 4060//1852 4056//1852
f 4057//1853 4058//1853 4062//1853 4061//1853
f 4055//1844 4057//1844 4061//1844 4059//1844
f 4056//1845 4060//1845 4062//1845 4058//1845
f 4063//1854 4064//1854 4066//1854 4065//1854
f 4067//1855 4069//1855 4070//1855 4068//1855
f 4063//1856 4067//1856 4068//1856 4064//1856
f 4065//1857 4066//1857 4070//1857 4069//1857
f 4063//1844 4065//1844 4069//1844 4067//1844
f 4064//1845 4068//1845 4070//1845 4066//1845
f 4071//1858 4072//1858 4074//1858 4073//1858
f 4075//1859 4077//1859 4078//1859 4076//1859
f 4071//1860 4075//1860 4076//1860 4072//1860
f 4073//1861 4074//1861 4078//1861 4077//1861
f 4071//1844 4073//1844 4077//1844 4075//1844
f 4072//1845 4076//1845 4078//1845 4074//1845
f 4129//1862 4080//1862 4079//1862
f 4130//1863 4119//1863 4120//1863
f 4129//1864 4081//1864 4080//1864
f 4130//1865 4120//1865 4121//1865
f 4129//1866 4082//1866 4081//1866
f 4130//1867 4121//1867 4122//1867
f 4129//1868 4083//1868 4082//1868
f 4130//1869 4122//1869 4123//1869
f 4129//1870 4084//1870 4083//1870
f 4130//1871 4123//1871 4124//1871
f 4129//1872 4085//1872 4084//1872
f 4130//1873 4124//1873 4125//1873
f 4129//1874 4086//1874 4085//1874
f 4130//1875 4125//1875 4126//1875
f 4129//1876 4087//1876 4086//1876
f 4130//1877 4126//1877 4127//1877
f 4129//1878 4088//1878 4087//1878
f 4130//1879 4127//1879 4128//1879
f 4129//1880 4079//1880 4088//1880
f 4130//1881 4128//1881 4119//1881
f 4079//1882 4080//1882 4090//1882 4089//1882
f 4080//1883 4081//1883 4091//1883 4090//1883
f 4081//1884 4082//1884 4092//1884 4091//1884
f 4082//1885 4083//1885 4093//1885 4092//1885
f 4083//1886 4084//1886 4094//1886 4093//1886
f 4084//1887 4085//1887 4095//1887 4094//1887
f 4085//1888 4086//1888 4096//1888 4095//1888
f 4086//1889 4087//1889 4097//1889 4096//1889
f 4087//1890 4088//1890 4098//1890 4097//1890
f 4088//1891 4079//1891 4089//1891 4098//1891
f 4089//1892 4090//1892 4100//1892 4099//1892
f 4090//1893 4091//1893 4101//1893 4100//1893
f 4091//1894 4092//1894 4102//1894 4101//1894
f 4092//1895 4093//1895 4103//1895 4102//1895
f 4093//1896 4094//1896 4104//1896 4103//1896
f 4094//1897 4095//1897 4105//1897 4104//1897
f 4095//1898 4096//1898 4106//1898 4105//1898
f 4096//1899 4097//1899 4107//1899 4106//1899
f 4097//1900 4098//1900 4108//1900 4107//1900
f 4098//1901 4089//1901 4099//1901 4108//1901
f 4099//1902 4100//1902 4110//1902 4109//1902
f 4100//1903 4101//1903 4111//1903 4110//1903
f 4101//1904 4102//1904 4112//1904 4111//1904
f 4102//1905 4103//1905 4113//1905 4112//1905
f 4103//1906 4104//1906 4114//1906 4113//1906
f 4104//1907 4105//1907 4115//1907 4114//1907
f 4105//1908 4106//1908 4116//1908 4115//1908
f 4106//1909 4107//1909 4117//1909 4116//1909
f 4107//1910 4108//1910 4118//1910 4117//1910
f 4108//1911 4099//1911 4109//1911 4118//1911
f 4109//1912 4110//1912 4120//1912 4119//1912
f 4110//1913 4111//1913 4121//1913 4120//1913
f 4111//1914 4112//1914 4122//1914 4121//1914
f 4112//1915 4113//1915 4123//1915 4122//1915
f 4113//1916 4114//1916 4124//1916 4123//1916
f 4114//1917 4115//1917 4125//1917 4124//1917
f 4115//1918 4116//1918 4126//1918 4125//1918
f 4116//1919 4117//1919 4127//1919 4126//1919
f 4117//1920 4118//1920 4128//1920 4127//1920
f 4118//1921 4109//1921 4119//1921 4128//1921
f 4181//1922 4132//1922 4131//1922
f 4182//1923 4171//1923 4172//1923
f 4181//1924 4133//1924 4132//1924
f 4182//1925 4172//1925 4173//1925
f 4181//1866 4134//1866 4133//1866
f 4182//1867 4173//1867 4174//1867
f 4181//1868 4135//1868 4134//1868
f 4182//1869 4174//1869 4175//1869
f 4181//1870 4136//1870 4135//1870
f 4182//1871 4175//1871 4176//1871
f 4181//1926 4137//1926 4136//1926
f 4182//1927 4176//1927 4177//1927
f 4181//1928 4138//1928 4137//1928
f 4182//1929 4177//1929 4178//1929
f 4181//1876 4139//1876 4138//1876
f 4182//1877 4178//1877 4179//1877
f 4181//1930 4140//1930 4139//1930
f 4182//1931 4179//1931 4180//1931
f 4181//1932 4131//1932 4140//1932
f 4182//1933 4180//1933 4171//1933
f 4131//1882 4132//1882 4142//1882 4141//1882
f 4132//1934 4133//1934 4143//1934 4142//1934
f 4133//1884 4134//1884 4144//1884 4143//1884
f 4134//1935 4135//1935 4145//1935 4144//1935
f 4135//1936 4136//1936 4146//1936 4145//1936
f 4136//1937 4137//1937 4147//1937 4146//1937
f 4137//1938 4138//1938 4148//1938 4147//1938
f 4138//1889 4139//1889 4149//1889 4148//1889
f 4139//1939 4140//1939 4150//1939 4149//1939
f 4140//1940 4131//1940 4141//1940 4150//1940
f 4141//1941 4142//1941 4152//1941 4151//1941
f 4142//1942 4143//1942 4153//1942 4152//1942
f 4143//1943 4144//1943 4154//1943 4153//1943
f 4144//1944 4145//1944 4155//1944 4154//1944
f 4145//1945 4146//1945 4156//1945 4155//1945
f 4146//1946 4147//1946 4157//1946 4156//1946
f 4147//1947 4148//1947 4158//1947 4157//1947
f 4148//1899 4149//1899 4159//1899 4158//1899
f 4149//1948 4150//1948 4160//1948 4159//1948
f 4150//1949 4141//1949 4151//1949 4160//1949
f 4151//1950 4152//1950 4162//1950 4161//1950
f 4152//1951 4153//1951 4163//1951 4162//1951
f 4153//1952 4154//1952 4164//1952 4163//1952
f 4154//1953 4155//1953 4165//1953 4164//1953
f 4155//1954 4156//1954 4166//1954 4165//1954
f 4156//1955 4157//1955 4167//1955 4166//1955
f 4157//1956 4158//1956 4168//1956 4167//1956
f 4158//1909 4159//1909 4169//1909 4168//1909
f 4159//1957 4160//1957 4170//1957 4169//1957
f 4160//1958 4151//1958 4161//1958 4170//1958
f 4161//1912 4162//1912 4172//1912 4171//1912
f 4162//1959 4163//1959 4173//1959 4172//1959
f 4163//1914 4164//1914 4174//1914 4173//1914
f 4164//1960 4165//1960 4175//1960 4174//1960
f 4165//1961 4166//1961 4176//1961 4175//1961
f 4166//1962 4167//1962 4177//1962 4176//1962
f 4167//1963 4168//1963 4178//1963 4177//1963
f 4168//1919 4169//1919 4179//1919 4178//1919
f 4169//1964 4170//1964 4180//1964 4179//1964
f 4170//1965 4161//1965 4171//1965 4180//1965
f 4233//1966 4184//1966 4183//1966
f 4234//1967 4223//1967 4224//1967
f 4233//1968 4185//1968 4184//1968
f 4234//1969 4224//1969 4225//1969
f 4233//1866 4186//1866 4185//1866
f 4234//1867 4225//1867 4226//1867
f 4233//1970 4187//1970 4186//1970
f 4234//1971 4226//1971 4227//1971
f 4233//1972 4188//1972 4187//1972
f 4234//1973 4227//1973 4228//1973
f 4233//1872 4189//1872 4188//1872
f 4234//1873 4228//1873 4229//1873
f 4233//1874 4190//1874 4189//1874
f 4234//1875 4229//1875 4230//1875
f 4233//1876 4191//1876 4190//1876
f 4234//1877 4230//1877 4231//1877
f 4233//1878 4192//1878 4191//1878
f 4234//1879 4231//1879 4232//1879
f 4233//1880 4183//1880 4192//1880
f 4234//1881 4232//1881 4223//1881
f 4183//1974 4184//1974 4194//1974 4193//1974
f 4184//1975 4185//1975 4195//1975 4194//1975
f 4185//1884 4186//1884 4196//1884 4195//1884
f 4186//1976 4187//1976 4197//1976 4196//1976
f 4187//1977 4188//1977 4198//1977 4197//1977
f 4188//1978 4189//1978 4199//1978 4198//1978
f 4189//1979 4190//1979 4200//1979 4199//1979
f 4190//1889 4191//1889 4201//1889 4200//1889
f 4191//1980 4192//1980 4202//1980 4201//1980
f 4192//1981 4183//1981 4193//1981 4202//1981
f 4193//1982 4194//1982 4204//1982 4203//1982
f 4194//1942 4195//1942 4205//1942 4204//1942
f 4195//1894 4196//1894 4206//1894 4205//1894
f 4196//1944 4197//1944 4207//1944 4206//1944
f 4197//1983 4198//1983 4208//1983 4207//1983
f 4198//1984 4199//1984 4209//1984 4208//1984
f 4199//1947 4200//1947 4210//1947 4209//1947
f 4200//1985 4201//1985 4211//1985 4210//1985
f 4201//1948 4202//1948 4212//1948 4211//1948
f 4202//1986 4193//1986 4203//1986 4212//1986
f 4203//1987 4204//1987 4214//1987 4213//1987
f 4204//1951 4205//1951 4215//1951 4214//1951
f 4205//1904 4206//1904 4216//1904 4215//1904
f 4206//1953 4207//1953 4217//1953 4216//1953
f 4207//1988 4208//1988 4218//1988 4217//1988
f 4208//1989 4209//1989 4219//1989 4218//1989
f 4209//1956 4210//1956 4220//1956 4219//1956
f 4210//1990 4211//1990 4221//1990 4220//1990
f 4211//1957 4212//1957 4222//1957 4221//1957
f 4212//1991 4203//1991 4213//1991 4222//1991
f 4213//1992 4214//1992 4224//1992 4223//1992
f 4214//1993 4215//1993 4225//1993 4224//1993
f 4215//1914 4216//1914 4226//1914 4225//1914
f 4216//1994 4217//1994 4227//1994 4226//1994
f 4217//1995 4218//1995 4228//1995 4227//1995
f 4218//1996 4219//1996 4229//1996 4228//1996
f 4219//1997 4220//1997 4230//1997 4229//1997
f 4220//1919 4221//1919 4231//1919 4230//1919
f 4221//1998 4222//1998 4232//1998 4231//1998
f 4222//1999 4213//1999 4223//1999 4232//1999
f 4285//1966 4236//1966 4235//1966
f 4286//1967 4275//1967 4276//1967
f 4285//1968 4237//1968 4236//1968
f 4286//1969 4276//1969 4277//1969
f 4285//1866 4238//1866 4237//1866
f 4286//1867 4277//1867 4278//1867
f 4285//1970 4239//1970 4238//1970
f 4286//1971 4278//1971 4279//1971
f 4285//1972 4240//1972 4239//1972
f 4286//1973 4279//1973 4280//1973
f 4285//1872 4241//1872 4240//1872
f 4286//1873 4280//1873 4281//1873
f 4285//1874 4242//1874 4241//1874
f 4286//1875 4281//1875 4282//1875
f 4285//1876 4243//1876 4242//1876
f 4286//1877 4282//1877 4283//1877
f 4285//1878 4244//1878 4243//1878
f 4286//1879 4283//1879 4284//1879
f 4285//1880 4235//1880 4244//1880
f 4286//1881 4284//1881 4275//1881
f 4235//2000 4236//2000 4246//2000 4245//2000
f 4236//2001 4237//2001 4247//2001 4246//2001
f 4237//1884 4238//1884 4248//1884 4247//1884
f 4238//2002 4239//2002 4249//2002 4248//2002
f 4239//2003 4240//2003 4250//2003 4249//2003
f 4240//2004 4241//2004 4251//2004 4250//2004
f 4241//2005 4242//2005 4252//2005 4251//2005
f 4242//1889 4243//1889 4253//1889 4252//1889
f 4243//2006 4244//2006 4254//2006 4253//2006
f 4244//2007 4235//2007 4245//2007 4254//2007
f 4245//2008 4246//2008 4256//2008 4255//2008
f 4246//1942 4247//1942 4257//1942 4256//1942
f 4247//1894 4248//1894 4258//1894 4257//1894
f 4248//1944 4249//1944 4259//1944 4258//1944
f 4249//2009 4250//2009 4260//2009 4259//2009
f 4250//2010 4251//2010 4261//2010 4260//2010
f 4251//1947 4252//1947 4262//1947 4261//1947
f 4252//1985 4253//1985 4263//1985 4262//1985
f 4253//1948 4254//1948 4264//1948 4263//1948
f 4254//2011 4245//2011 4255//2011 4264//2011
f 4255//2012 4256//2012 4266//2012 4265//2012
f 4256//1951 4257//1951 4267//1951 4266//1951
f 4257//1904 4258//1904 4268//1904 4267//1904
f 4258//1953 4259//1953 4269//1953 4268//1953
f 4259//2013 4260//2013 4270//2013 4269//2013
f 4260//2014 4261//2014 4271//2014 4270//2014
f 4261//1956 4262//1956 4272//1956 4271//1956
f 4262//1990 4263//1990 4273//1990 4272//1990
f 4263//1957 4264//1957 4274//1957 4273//1957
f 4264//2015 4255//2015 4265//2015 4274//2015
f 4265//2016 4266//2016 4276//2016 4275//2016
f 4266//2017 4267//2017 4277//2017 4276//2017
f 4267//1914 4268//1914 4278//1914 4277//1914
f 4268//2018 4269//2018 4279//2018 4278//2018
f 4269//2019 4270//2019 4280//2019 4279//2019
f 4270//2020 4271//2020 4281//2020 4280//2020
f 4271//2021 4272//2021 4282//2021 4281//2021
f 4272//1919 4273//1919 4283//1919 4282//1919
f 4273//2022 4274//2022 4284//2022 4283//2022
f 4274//2023 4265//2023 4275//2023 4284//2023
f 4337//1862 4288//1862 4287//1862
f 4338//1863 4327//1863 4328//1863
f 4337//1864 4289//1864 4288//1864
f 4338//1865 4328//1865 4329//1865
f 4337//1866 4290//1866 4289//1866
f 4338//1867 4329//1867 4330//1867
f 4337//2024 4291//2024 4290//2024
f 4338//2025 4330//2025 4331//2025
f 4337//2026 4292//2026 4291//2026
f 4338//2027 4331//2027 4332//2027
f 4337//2028 4293//2028 4292//2028
f 4338//2029 4332//2029 4333//2029
f 4337//2030 4294//2030 4293//2030
f 4338//2031 4333//2031 4334//2031
f 4337//1876 4295//1876 4294//1876
f 4338//1877 4334//1877 4335//1877
f 4337//2032 4296//2032 4295//2032
f 4338//2033 4335//2033 4336//2033
f 4337//2034 4287//2034 4296//2034
f 4338//2035 4336//2035 4327//2035
f 4287//2036 4288//2036 4298//2036 4297//2036
f 4288//1934 4289//1934 4299//1934 4298//1934
f 4289//1884 4290//1884 4300//1884 4299//1884
f 4290//1935 4291//1935 4301//1935 4300//1935
f 4291//1886 4292//1886 4302//1886 4301//1886
f 4292//2037 4293//2037 4303//2037 4302//2037
f 4293//1938 4294//1938 4304//1938 4303//1938
f 4294//1889 4295//1889 4305//1889 4304//1889
f 4295//1939 4296//1939 4306//1939 4305//1939
f 4296//2038 4287//2038 4297//2038 4306//2038
f 4297//2039 4298//2039 4308//2039 4307//2039
f 4298//1942 4299//1942 4309//1942 4308//1942
f 4299//1943 4300//1943 4310//1943 4309//1943
f 4300//1944 4301//1944 4311//1944 4310//1944
f 4301//2040 4302//2040 4312//2040 4311//2040
f 4302//2041 4303//2041 4313//2041 4312//2041
f 4303//1947 4304//1947 4314//1947 4313//1947
f 4304//1899 4305//1899 4315//1899 4314//1899
f 4305//1948 4306//1948 4316//1948 4315//1948
f 4306//2042 4297//2042 4307//2042 4316//2042
f 4307//2043 4308//2043 4318//2043 4317//2043
f 4308//1951 4309//1951 4319//1951 4318//1951
f 4309//1952 4310//1952 4320//1952 4319//1952
f 4310//1953 4311//1953 4321//1953 4320//1953
f 4311//2044 4312//2044 4322//2044 4321//2044
f 4312//2045 4313//2045 4323//2045 4322//2045
f 4313//1956 4314//1956 4324//1956 4323//1956
f 4314//1909 4315//1909 4325//1909 4324//1909
f 4315//1957 4316//1957 4326//1957 4325//1957
f 4316//2046 4307//2046 4317//2046 4326//2046
f 4317//2047 4318//2047 4328//2047 4327//2047
f 4318//1959 4319//1959 4329//1959 4328//1959
f 4319//1914 4320//1914 4330//1914 4329//1914
f 4320//1960 4321//1960 4331//1960 4330//1960
f 4321//1916 4322//1916 4332//1916 4331//1916
f 4322//2048 4323//2048 4333//2048 4332//2048
f 4323//1963 4324//1963 4334//1963 4333//1963
f 4324//1919 4325//1919 4335//1919 4334//1919
f 4325//1964 4326//1964 4336//1964 4335//1964
f 4326//2049 4317//2049 4327//2049 4336//2049
usemtl metal.001
f 4339//2050 4340//2050 4348//2050 4347//2050
f 4355//1861 4340//1861 4339//1861
f 4356//1860 4347//1860 4348//1860
f 4340//2051 4341//2051 4349//2051 4348//2051
f 4355//1861 4341//1861 4340//1861
f 4356//1860 4348//1860 4349//1860
f 4341//2052 4342//2052 4350//2052 4349//2052
f 4355//1861 4342//1861 4341//1861
f 4356//1860 4349//1860 4350//1860
f 4342//2053 4343//2053 4351//2053 4350//2053
f 4355//1861 4343//1861 4342//1861
f 4356//1860 4350//1860 4351//1860
f 4343//2054 4344//2054 4352//2054 4351//2054
f 4355//1861 4344//1861 4343//1861
f 4356//1860 4351//1860 4352//1860
f 4344//2055 4345//2055 4353//2055 4352//2055
f 4355//1861 4345//1861 4344//1861
f 4356//1860 4352//1860 4353//1860
f 4345//2056 4346//2056 4354//2056 4353//2056
f 4355//1861 4346//1861 4345//1861
f 4356//1860 4353//1860 4354//1860
f 4346//2057 4339//2057 4347//2057 4354//2057
f 4355//1861 4339//1861 4346//1861
f 4356//1860 4354//1860 4347//1860
f 4357//2058 4358//2058 4366//2058 4365//2058
f 4373//2059 4358//2059 4357//2059
f 4374//2060 4365//2060 4366//2060
f 4358//2061 4359//2061 4367//2061 4366//2061
f 4373//2062 4359//2062 4358//2062
f 4374//2063 4366//2063 4367//2063
f 4359//2064 4360//2064 4368//2064 4367//2064
f 4373//2065 4360//2065 4359//2065
f 4374//2066 4367//2066 4368//2066
f 4360//2067 4361//2067 4369//2067 4368//2067
f 4373//2059 4361//2059 4360//2059
f 4374//2060 4368//2060 4369//2060
f 4361//2068 4362//2068 4370//2068 4369//2068
f 4373//2069 4362//2069 4361//2069
f 4374//2070 4369//2070 4370//2070
f 4362//2071 4363//2071 4371//2071 4370//2071
f 4373//2072 4363//2072 4362//2072
f 4374//2073 4370//2073 4371//2073
f 4363//2074 4364//2074 4372//2074 4371//2074
f 4373//2075 4364//2075 4363//2075
f 4374//2076 4371//2076 4372//2076
f 4364//2077 4357//2077 4365//2077 4372//2077
f 4373//2069 4357//2069 4364//2069
f 4374//2070 4372//2070 4365//2070
f 4375//2078 4376//2078 4384//2078 4383//2078
f 4391//2079 4376//2079 4375//2079
f 4392//2080 4383//2080 4384//2080
f 4376//2081 4377//2081 4385//2081 4384//2081
f 4391//2082 4377//2082 4376//2082
f 4392//2083 4384//2083 4385//2083
f 4377//2084 4378//2084 4386//2084 4385//2084
f 4391//2085 4378//2085 4377//2085
f 4392//2086 4385//2086 4386//2086
f 4378//2087 4379//2087 4387//2087 4386//2087
f 4391//2079 4379//2079 4378//2079
f 4392//2080 4386//2080 4387//2080
f 4379//2088 4380//2088 4388//2088 4387//2088
f 4391//2089 4380//2089 4379//2089
f 4392//2090 4387//2090 4388//2090
f 4380//2091 4381//2091 4389//2091 4388//2091
f 4391//2092 4381//2092 4380//2092
f 4392//2093 4388//2093 4389//2093
f 4381//2094 4382//2094 4390//2094 4389//2094
f 4391//2095 4382//2095 4381//2095
f 4392//2096 4389//2096 4390//2096
f 4382//2097 4375//2097 4383//2097 4390//2097
f 4391//2089 4375//2089 4382//2089
f 4392//2090 4390//2090 4383//2090
f 4393//2098 4394//2098 4402//2098 4401//2098
f 4409//2099 4394//2099 4393//2099
f 4410//2100 4401//2100 4402//2100
f 4394//2101 4395//2101 4403//2101 4402//2101
f 4409//2102 4395//2102 4394//2102
f 4410//2103 4402//2103 4403//2103
f 4395//2104 4396//2104 4404//2104 4403//2104
f 4409//2105 4396//2105 4395//2105
f 4410//2106 4403//2106 4404//2106
f 4396//2107 4397//2107 4405//2107 4404//2107
f 4409//2099 4397//2099 4396//2099
f 4410//2100 4404//2100 4405//2100
f 4397//2108 4398//2108 4406//2108 4405//2108
f 4409//2109 4398//2109 4397//2109
f 4410//2110 4405//2110 4406//2110
f 4398//2111 4399//2111 4407//2111 4406//2111
f 4409//2112 4399//2112 4398//2112
f 4410//2113 4406//2113 4407//2113
f 4399//2114 4400//2114 4408//2114 4407//2114
f 4409//2115 4400//2115 4399//2115
f 4410//2116 4407//2116 4408//2116
f 4400//2117 4393//2117 4401//2117 4408//2117
f 4409//2109 4393//2109 4400//2109
f 4410//2110 4408//2110 4401//2110
f 4411//2118 4412//2118 4420//2118 4419//2118
f 4427//2119 4412//2119 4411//2119
f 4428//2120 4419//2120 4420//2120
f 4412//2121 4413//2121 4421//2121 4420//2121
f 4427//2122 4413//2122 4412//2122
f 4428//2123 4420//2123 4421//2123
f 4413//2124 4414//2124 4422//2124 4421//2124
f 4427//2125 4414//2125 4413//2125
f 4428//2126 4421//2126 4422//2126
f 4414//2127 4415//2127 4423//2127 4422//2127
f 4427//2119 4415//2119 4414//2119
f 4428//2120 4422//2120 4423//2120
f 4415//2128 4416//2128 4424//2128 4423//2128
f 4427//2129 4416//2129 4415//2129
f 4428//2130 4423//2130 4424//2130
f 4416//2131 4417//2131 4425//2131 4424//2131
f 4427//2132 4417//2132 4416//2132
f 4428//2133 4424//2133 4425//2133
f 4417//2134 4418//2134 4426//2134 4425//2134
f 4427//2135 4418//2135 4417//2135
f 4428//2136 4425//2136 4426//2136
f 4418//2137 4411//2137 4419//2137 4426//2137
f 4427//2129 4411//2129 4418//2129
f 4428//2130 4426//2130 4419//2130
f 4429//2138 4437//2138 4438//2138 4430//2138
f 4430//2139 4438//2139 4439//2139 4431//2139
f 4431//2140 4439//2140 4440//2140 4432//2140
f 4432//2141 4440//2141 4441//2141 4433//2141
f 4433//2142 4441//2142 4442//2142 4434//2142
f 4434//2143 4442//2143 4443//2143 4435//2143
f 4435//2144 4443//2144 4444//2144 4436//2144
f 4436//2145 4444//2145 4437//2145 4429//2145
f 4437//2146 4445//2146 4446//2146 4438//2146
f 4438//2147 4446//2147 4447//2147 4439//2147
f 4439//2148 4447//2148 4448//2148 4440//2148
f 4440//2149 4448//2149 4449//2149 4441//2149
f 4441//2150 4449//2150 4450//2150 4442//2150
f 4442//2151 4450//2151 4451//2151 4443//2151
f 4443//2152 4451//2152 4452//2152 4444//2152
f 4444//2153 4452//2153 4445//2153 4437//2153
f 4445//2154 4453//2154 4454//2154 4446//2154
f 4446//2155 4454//2155 4455//2155 4447//2155
f 4447//2156 4455//2156 4456//2156 4448//2156
f 4448//2157 4456//2157 4457//2157 4449//2157
f 4449//2158 4457//2158 4458//2158 4450//2158
f 4450//2159 4458//2159 4459//2159 4451//2159
f 4451//2160 4459//2160 4460//2160 4452//2160
f 4452//2161 4460//2161 4453//2161 4445//2161
f 4453//2162 4461//2162 4462//2162 4454//2162
f 4454//2163 4462//2163 4463//2163 4455//2163
f 4455//2164 4463//2164 4464//2164 4456//2164
f 4456//2165 4464//2165 4465//2165 4457//2165
f 4457//2166 4465//2166 4466//2166 4458//2166
f 4458//2167 4466//2167 4467//2167 4459//2167
f 4459//2168 4467//2168 4468//2168 4460//2168
f 4460//2169 4468//2169 4461//2169 4453//2169
f 4461//2170 4469//2170 4470//2170 4462//2170
f 4462//2171 4470//2171 4471//2171 4463//2171
f 4463//2172 4471//2172 4472//2172 4464//2172
f 4464//2173 4472//2173 4473//2173 4465//2173
f 4465//2174 4473//2174 4474//2174 4466//2174
f 4466//2175 4474//2175 4475//2175 4467//2175
f 4467//2176 4475//2176 4476//2176 4468//2176
f 4468//2177 4476//2177 4469//2177 4461//2177
f 4469//2178 4477//2178 4478//2178 4470//2178
f 4470//2179 4478//2179 4479//2179 4471//2179
f 4471//2180 4479//2180 4480//2180 4472//2180
f 4472//2181 4480//2181 4481//2181 4473//2181
f 4473//2182 4481//2182 4482//2182 4474//2182
f 4474//2183 4482//2183 4483//2183 4475//2183
f 4475//2184 4483//2184 4484//2184 4476//2184
f 4476//2185 4484//2185 4477//2185 4469//2185
f 4477//2186 4485//2186 4486//2186 4478//2186
f 4478//2187 4486//2187 4487//2187 4479//2187
f 4479//2188 4487//2188 4488//2188 4480//2188
f 4480//2189 4488//2189 4489//2189 4481//2189
f 4481//2190 4489//2190 4490//2190 4482//2190
f 4482//2191 4490//2191 4491//2191 4483//2191
f 4483//2192 4491//2192 4492//2192 4484//2192
f 4484//2193 4492//2193 4485//2193 4477//2193
f 4485//2194 4493//2194 4494//2194 4486//2194
f 4486//2195 4494//2195 4495//2195 4487//2195
f 4487//2196 4495//2196 4496//2196 4488//2196
f 4488//2197 4496//2197 4497//2197 4489//2197
f 4489//2198 4497//2198 4498//2198 4490//2198
f 4490//2199 4498//2199 4499//2199 4491//2199
f 4491//2200 4499//2200 4500//2200 4492//2200
f 4492//2201 4500//2201 4493//2201 4485//2201
f 4493//2202 4501//2202 4502//2202 4494//2202
f 4494//2203 4502//2203 4503//2203 4495//2203
f 4495//2204 4503//2204 4504//2204 4496//2204
f 4496//2205 4504//2205 4505//2205 4497//2205
f 4497//2206 4505//2206 4506//2206 4498//2206
f 4498//2207 4506//2207 4507//2207 4499//2207
f 4499//2208 4507//2208 4508//2208 4500//2208
f 4500//2209 4508//2209 4501//2209 4493//2209
f 4501//2210 4509//2210 4510//2210 4502//2210
f 4502//2211 4510//2211 4511//2211 4503//2211
f 4503//2212 4511//2212 4512//2212 4504//2212
f 4504//2213 4512//2213 4513//2213 4505//2213
f 4505//2214 4513//2214 4514//2214 4506//2214
f 4506//2215 4514//2215 4515//2215 4507//2215
f 4507//2216 4515//2216 4516//2216 4508//2216
f 4508//2217 4516//2217 4509//2217 4501//2217
f 4509//2218 4517//2218 4518//2218 4510//2218
f 4510//2219 4518//2219 4519//2219 4511//2219
f 4511//2220 4519//2220 4520//2220 4512//2220
f 4512//2221 4520//2221 4521//2221 4513//2221
f 4513//2222 4521//2222 4522//2222 4514//2222
f 4514//2223 4522//2223 4523//2223 4515//2223
f 4515//2224 4523//2224 4524//2224 4516//2224
f 4516//2225 4524//2225 4517//2225 4509//2225
f 4517//2226 4525//2226 4526//2226 4518//2226
f 4518//2227 4526//2227 4527//2227 4519//2227
f 4519//2228 4527//2228 4528//2228 4520//2228
f 4520//2229 4528//2229 4529//2229 4521//2229
f 4521//2230 4529//2230 4530//2230 4522//2230
f 4522//2231 4530//2231 4531//2231 4523//2231
f 4523//2232 4531//2232 4532//2232 4524//2232
f 4524//2233 4532//2233 4525//2233 4517//2233
f 4525//2234 4533//2234 4534//2234 4526//2234
f 4526//2235 4534//2235 4535//2235 4527//2235
f 4527//2236 4535//2236 4536//2236 4528//2236
f 4528//2237 4536//2237 4537//2237 4529//2237
f 4529//2238 4537//2238 4538//2238 4530//2238
f 4530//2239 4538//2239 4539//2239 4531//2239
f 4531//2240 4539//2240 4540//2240 4532//2240
f 4532//2241 4540//2241 4533//2241 4525//2241
f 4533//2242 4541//2242 4542//2242 4534//2242
f 4534//2243 4542//2243 4543//2243 4535//2243
f 4535//2244 4543//2244 4544//2244 4536//2244
f 4536//2245 4544//2245 4545//2245 4537//2245
f 4537//2246 4545//2246 4546//2246 4538//2246
f 4538//2247 4546//2247 4547//2247 4539//2247
f 4539//2248 4547//2248 4548//2248 4540//2248
f 4540//2249 4548//2249 4541//2249 4533//2249
f 4541//2250 4549//2250 4550//2250 4542//2250
f 4542//2251 4550//2251 4551//2251 4543//2251
f 4543//2252 4551//2252 4552//2252 4544//2252
f 4544//2253 4552//2253 4553//2253 4545//2253
f 4545//2254 4553//2254 4554//2254 4546//2254
f 4546//2255 4554//2255 4555//2255 4547//2255
f 4547//2256 4555//2256 4556//2256 4548//2256
f 4548//2257 4556//2257 4549//2257 4541//2257
f 4549//2258 4557//2258 4558//2258 4550//2258
f 4550//2259 4558//2259 4559//2259 4551//2259
f 4551//2260 4559//2260 4560//2260 4552//2260
f 4552//2261 4560//2261 4561//2261 4553//2261
f 4553//2262 4561//2262 4562//2262 4554//2262
f 4554//2263 4562//2263 4563//2263 4555//2263
f 4555//2264 4563//2264 4564//2264 4556//2264
f 4556//2265 4564//2265 4557//2265 4549//2265
f 4557//2266 4565//2266 4566//2266 4558//2266
f 4558//2267 4566//2267 4567//2267 4559//2267
f 4559//2268 4567//2268 4568//2268 4560//2268
f 4560//2269 4568//2269 4569//2269 4561//2269
f 4561//2270 4569//2270 4570//2270 4562//2270
f 4562//2271 4570//2271 4571//2271 4563//2271
f 4563//2272 4571//2272 4572//2272 4564//2272
f 4564//2273 4572//2273 4565//2273 4557//2273
f 4565//2274 4573//2274 4574//2274 4566//2274
f 4566//2275 4574//2275 4575//2275 4567//2275
f 4567//2276 4575//2276 4576//2276 4568//2276
f 4568//2277 4576//2277 4577//2277 4569//2277
f 4569//2278 4577//2278 4578//2278 4570//2278
f 4570//2279 4578//2279 4579//2279 4571//2279
f 4571//2280 4579//2280 4580//2280 4572//2280
f 4572//2281 4580//2281 4573//2281 4565//2281
f 4573//2282 4581//2282 4582//2282 4574//2282
f 4574//2283 4582//2283 4583//2283 4575//2283
f 4575//2284 4583//2284 4584//2284 4576//2284
f 4576//2285 4584//2285 4585//2285 4577//2285
f 4577//2286 4585//2286 4586//2286 4578//2286
f 4578//2287 4586//2287 4587//2287 4579//2287
f 4579//2288 4587//2288 4588//2288 4580//2288
f 4580//2289 4588//2289 4581//2289 4573//2289
f 4581//2290 4589//2290 4590//2290 4582//2290
f 4582//2291 4590//2291 4591//2291 4583//2291
f 4583//2292 4591//2292 4592//2292 4584//2292
f 4584//2293 4592//2293 4593//2293 4585//2293
f 4585//2294 4593//2294 4594//2294 4586//2294
f 4586//2295 4594//2295 4595//2295 4587//2295
f 4587//2296 4595//2296 4596//2296 4588//2296
f 4588//2297 4596//2297 4589//2297 4581//2297
f 4589//2298 4597//2298 4598//2298 4590//2298
f 4590//2299 4598//2299 4599//2299 4591//2299
f 4591//2300 4599//2300 4600//2300 4592//2300
f 4592//2301 4600//2301 4601//2301 4593//2301
f 4593//2302 4601//2302 4602//2302 4594//2302
f 4594//2303 4602//2303 4603//2303 4595//2303
f 4595//2304 4603//2304 4604//2304 4596//2304
f 4596//2305 4604//2305 4597//2305 4589//2305
f 4597//2306 4605//2306 4606//2306 4598//2306
f 4598//2307 4606//2307 4607//2307 4599//2307
f 4599//2308 4607//2308 4608//2308 4600//2308
f 4600//2309 4608//2309 4609//2309 4601//2309
f 4601//2310 4609//2310 4610//2310 4602//2310
f 4602//2311 4610//2311 4611//2311 4603//2311
f 4603//2312 4611//2312 4612//2312 4604//2312
f 4604//2313 4612//2313 4605//2313 4597//2313
f 4605//2314 4613//2314 4614//2314 4606//2314
f 4606//2315 4614//2315 4615//2315 4607//2315
f 4607//2316 4615//2316 4616//2316 4608//2316
f 4608//2317 4616//2317 4617//2317 4609//2317
f 4609//2318 4617//2318 4618//2318 4610//2318
f 4610//2319 4618//2319 4619//2319 4611//2319
f 4611//2320 4619//2320 4620//2320 4612//2320
f 4612//2321 4620//2321 4613//2321 4605//2321
f 4613//2322 4621//2322 4622//2322 4614//2322
f 4614//2323 4622//2323 4623//2323 4615//2323
f 4615//2324 4623//2324 4624//2324 4616//2324
f 4616//2325 4624//2325 4625//2325 4617//2325
f 4617//2326 4625//2326 4626//2326 4618//2326
f 4618//2327 4626//2327 4627//2327 4619//2327
f 4619//2328 4627//2328 4628//2328 4620//2328
f 4620//2329 4628//2329 4621//2329 4613//2329
f 4621//2330 4629//2330 4630//2330 4622//2330
f 4622//2331 4630//2331 4631//2331 4623//2331
f 4623//2332 4631//2332 4632//2332 4624//2332
f 4624//2333 4632//2333 4633//2333 4625//2333
f 4625//2334 4633//2334 4634//2334 4626//2334
f 4626//2335 4634//2335 4635//2335 4627//2335
f 4627//2336 4635//2336 4636//2336 4628//2336
f 4628//2337 4636//2337 4629//2337 4621//2337
f 4629//2338 4637//2338 4638//2338 4630//2338
f 4630//2339 4638//2339 4639//2339 4631//2339
f 4631//2340 4639//2340 4640//2340 4632//2340
f 4632//2341 4640//2341 4641//2341 4633//2341
f 4633//2342 4641//2342 4642//2342 4634//2342
f 4634//2343 4642//2343 4643//2343 4635//2343
f 4635//2344 4643//2344 4644//2344 4636//2344
f 4636//2345 4644//2345 4637//2345 4629//2345
f 4637//2346 4645//2346 4646//2346 4638//2346
f 4638//2347 4646//2347 4647//2347 4639//2347
f 4639//2348 4647//2348 4648//2348 4640//2348
f 4640//2349 4648//2349 4649//2349 4641//2349
f 4641//2350 4649//2350 4650//2350 4642//2350
f 4642//2351 4650//2351 4651//2351 4643//2351
f 4643//2352 4651//2352 4652//2352 4644//2352
f 4644//2353 4652//2353 4645//2353 4637//2353
f 4645//2354 4653//2354 4654//2354 4646//2354
f 4646//2355 4654//2355 4655//2355 4647//2355
f 4647//2356 4655//2356 4656//2356 4648//2356
f 4648//2357 4656//2357 4657//2357 4649//2357
f 4649//2358 4657//2358 4658//2358 4650//2358
f 4650//2359 4658//2359 4659//2359 4651//2359
f 4651//2360 4659//2360 4660//2360 4652//2360
f 4652//2361 4660//2361 4653//2361 4645//2361
f 4653//2362 4661//2362 4662//2362 4654//2362
f 4654//2363 4662//2363 4663//2363 4655//2363
f 4655//2364 4663//2364 4664//2364 4656//2364
f 4656//2365 4664//2365 4665//2365 4657//2365
f 4657//2366 4665//2366 4666//2366 4658//2366
f 4658//2367 4666//2367 4667//2367 4659//2367
f 4659//2368 4667//2368 4668//2368 4660//2368
f 4660//2369 4668//2369 4661//2369 4653//2369
f 4661//2370 4669//2370 4670//2370 4662//2370
f 4662//2371 4670//2371 4671//2371 4663//2371
f 4663//2372 4671//2372 4672//2372 4664//2372
f 4664//2373 4672//2373 4673//2373 4665//2373
f 4665//2374 4673//2374 4674//2374 4666//2374
f 4666//2375 4674//2375 4675//2375 4667//2375
f 4667//2376 4675//2376 4676//2376 4668//2376
f 4668//2377 4676//2377 4669//2377 4661//2377
f 4669//2378 4677//2378 4678//2378 4670//2378
f 4670//2379 4678//2379 4679//2379 4671//2379
f 4671//2380 4679//2380 4680//2380 4672//2380
f 4672//2381 4680//2381 4681//2381 4673//2381
f 4673//2382 4681//2382 4682//2382 4674//2382
f 4674//2383 4682//2383 4683//2383 4675//2383
f 4675//2384 4683//2384 4684//2384 4676//2384
f 4676//2385 4684//2385 4677//2385 4669//2385
f 4677//2386 4685//2386 4686//2386 4678//2386
f 4678//2387 4686//2387 4687//2387 4679//2387
f 4679//2388 4687//2388 4688//2388 4680//2388
f 4680//2389 4688//2389 4689//2389 4681//2389
f 4681//2390 4689//2390 4690//2390 4682//2390
f 4682//2391 4690//2391 4691//2391 4683//2391
f 4683//2392 4691//2392 4692//2392 4684//2392
f 4684//2393 4692//2393 4685//2393 4677//2393
f 4685//2394 4693//2394 4694//2394 4686//2394
f 4686//2395 4694//2395 4695//2395 4687//2395
f 4687//2396 4695//2396 4696//2396 4688//2396
f 4688//2397 4696//2397 4697//2397 4689//2397
f 4689//2398 4697//2398 4698//2398 4690//2398
f 4690//2399 4698//2399 4699//2399 4691//2399
f 4691//2400 4699//2400 4700//2400 4692//2400
f 4692//2401 4700//2401 4693//2401 4685//2401
f 4693//2402 4701//2402 4702//2402 4694//2402
f 4694//2403 4702//2403 4703//2403 4695//2403
f 4695//2404 4703//2404 4704//2404 4696//2404
f 4696//2405 4704//2405 4705//2405 4697//2405
f 4697//2406 4705//2406 4706//2406 4698//2406
f 4698//2407 4706//2407 4707//2407 4699//2407
f 4699//2408 4707//2408 4708//2408 4700//2408
f 4700//2409 4708//2409 4701//2409 4693//2409
f 4701//2410 4709//2410 4710//2410 4702//2410
f 4702//2411 4710//2411 4711//2411 4703//2411
f 4703//2412 4711//2412 4712//2412 4704//2412
f 4704//2413 4712//2413 4713//2413 4705//2413
f 4705//2414 4713//2414 4714//2414 4706//2414
f 4706//2415 4714//2415 4715//2415 4707//2415
f 4707//2416 4715//2416 4716//2416 4708//2416
f 4708//2417 4716//2417 4709//2417 4701//2417
f 4709//2418 4717//2418 4718//2418 4710//2418
f 4710//2419 4718//2419 4719//2419 4711//2419
f 4711//2420 4719//2420 4720//2420 4712//2420
f 4712//2421 4720//2421 4721//2421 4713//2421
f 4713//2422 4721//2422 4722//2422 4714//2422
f 4714//2423 4722//2423 4723//2423 4715//2423
f 4715//2424 4723//2424 4724//2424 4716//2424
f 4716//2425 4724//2425 4717//2425 4709//2425
f 4717//2426 4725//2426 4726//2426 4718//2426
f 4718//2427 4726//2427 4727//2427 4719//2427
f 4719//2428 4727//2428 4728//2428 4720//2428
f 4720//2429 4728//2429 4729//2429 4721//2429
f 4721//2430 4729//2430 4730//2430 4722//2430
f 4722//2431 4730//2431 4731//2431 4723//2431
f 4723//2432 4731//2432 4732//2432 4724//2432
f 4724//2433 4732//2433 4725//2433 4717//2433
f 4725//2434 4733//2434 4734//2434 4726//2434
f 4726//2435 4734//2435 4735//2435 4727//2435
f 4727//2436 4735//2436 4736//2436 4728//2436
f 4728//2437 4736//2437 4737//2437 4729//2437
f 4729//2438 4737//2438 4738//2438 4730//2438
f 4730//2439 4738//2439 4739//2439 4731//2439
f 4731//2440 4739//2440 4740//2440 4732//2440
f 4732//2441 4740//2441 4733//2441 4725//2441
f 4733//2442 4741//2442 4742//2442 4734//2442
f 4734//2443 4742//2443 4743//2443 4735//2443
f 4735//2444 4743//2444 4744//2444 4736//2444
f 4736//2445 4744//2445 4745//2445 4737//2445
f 4737//2446 4745//2446 4746//2446 4738//2446
f 4738//2447 4746//2447 4747//2447 4739//2447
f 4739//2448 4747//2448 4748//2448 4740//2448
f 4740//2449 4748//2449 4741//2449 4733//2449
f 4741//2450 4749//2450 4750//2450 4742//2450
f 4742//2451 4750//2451 4751//2451 4743//2451
f 4743//2452 4751//2452 4752//2452 4744//2452
f 4744//2453 4752//2453 4753//2453 4745//2453
f 4745//2454 4753//2454 4754//2454 4746//2454
f 4746//2455 4754//2455 4755//2455 4747//2455
f 4747//2456 4755//2456 4756//2456 4748//2456
f 4748//2457 4756//2457 4749//2457 4741//2457
f 4749//2458 4757//2458 4758//2458 4750//2458
f 4750//2459 4758//2459 4759//2459 4751//2459
f 4751//2460 4759//2460 4760//2460 4752//2460
f 4752//2461 4760//2461 4761//2461 4753//2461
f 4753//2462 4761//2462 4762//2462 4754//2462
f 4754//2463 4762//2463 4763//2463 4755//2463
f 4755//2464 4763//2464 4764//2464 4756//2464
f 4756//2465 4764//2465 4757//2465 4749//2465
f 4757//2466 4765//2466 4766//2466 4758//2466
f 4758//2467 4766//2467 4767//2467 4759//2467
f 4759//2468 4767//2468 4768//2468 4760//2468
f 4760//2469 4768//2469 4769//2469 4761//2469
f 4761//2470 4769//2470 4770//2470 4762//2470
f 4762//2471 4770//2471 4771//2471 4763//2471
f 4763//2472 4771//2472 4772//2472 4764//2472
f 4764//2473 4772//2473 4765//2473 4757//2473
f 4765//2474 4773//2474 4774//2474 4766//2474
f 4766//2475 4774//2475 4775//2475 4767//2475
f 4767//2476 4775//2476 4776//2476 4768//2476
f 4768//2477 4776//2477 4777//2477 4769//2477
f 4769//2478 4777//2478 4778//2478 4770//2478
f 4770//2479 4778//2479 4779//2479 4771//2479
f 4771//2480 4779//2480 4780//2480 4772//2480
f 4772//2481 4780//2481 4773//2481 4765//2481
f 4773//2482 4781//2482 4782//2482 4774//2482
f 4774//2483 4782//2483 4783//2483 4775//2483
f 4775//2484 4783//2484 4784//2484 4776//2484
f 4776//2485 4784//2485 4785//2485 4777//2485
f 4777//2486 4785//2486 4786//2486 4778//2486
f 4778//2487 4786//2487 4787//2487 4779//2487
f 4779//2488 4787//2488 4788//2488 4780//2488
f 4780//2489 4788//2489 4781//2489 4773//2489
f 4781//2490 4789//2490 4790//2490 4782//2490
f 4782//2491 4790//2491 4791//2491 4783//2491
f 4783//2492 4791//2492 4792//2492 4784//2492
f 4784//2493 4792//2493 4793//2493 4785//2493
f 4785//2494 4793//2494 4794//2494 4786//2494
f 4786//2495 4794//2495 4795//2495 4787//2495
f 4787//2496 4795//2496 4796//2496 4788//2496
f 4788//2497 4796//2497 4789//2497 4781//2497
f 4789//2498 4797//2498 4798//2498 4790//2498
f 4790//2499 4798//2499 4799//2499 4791//2499
f 4791//2500 4799//2500 4800//2500 4792//2500
f 4792//2501 4800//2501 4801//2501 4793//2501
f 4793//2502 4801//2502 4802//2502 4794//2502
f 4794//2503 4802//2503 4803//2503 4795//2503
f 4795//2504 4803//2504 4804//2504 4796//2504
f 4796//2505 4804//2505 4797//2505 4789//2505
f 4797//2506 4805//2506 4806//2506 4798//2506
f 4798//2507 4806//2507 4807//2507 4799//2507
f 4799//2508 4807//2508 4808//2508 4800//2508
f 4800//2509 4808//2509 4809//2509 4801//2509
f 4801//2510 4809//2510 4810//2510 4802//2510
f 4802//2511 4810//2511 4811//2511 4803//2511
f 4803//2512 4811//2512 4812//2512 4804//2512
f 4804//2513 4812//2513 4805//2513 4797//2513
f 4805//2514 4429//2514 4430//2514 4806//2514
f 4806//2515 4430//2515 4431//2515 4807//2515
f 4807//2516 4431//2516 4432//2516 4808//2516
f 4808//2517 4432//2517 4433//2517 4809//2517
f 4809//2518 4433//2518 4434//2518 4810//2518
f 4810//2519 4434//2519 4435//2519 4811//2519
f 4811//2520 4435//2520 4436//2520 4812//2520
f 4812//2521 4436//2521 4429//2521 4805//2521
f 5101//2704 5102//2704 5108//2704 5107//2704
f 5113//2705 5102//2705 5101//2705
f 5114//2706 5107//2706 5108//2706
f 5102//2707 5103//2707 5109//2707 5108//2707
f 5113//2705 5103//2705 5102//2705
f 5114//2706 5108//2706 5109//2706
f 5103//2708 5104//2708 5110//2708 5109//2708
f 5113//2705 5104//2705 5103//2705
f 5114//2706 5109//2706 5110//2706
f 5104//2709 5105//2709 5111//2709 5110//2709
f 5113//2710 5105//2710 5104//2710
f 5114//2711 5110//2711 5111//2711
f 5105//2712 5106//2712 5112//2712 5111//2712
f 5113//2710 5106//2710 5105//2710
f 5114//2711 5111//2711 5112//2711
f 5106//2713 5101//2713 5107//2713 5112//2713
f 5113//2710 5101//2710 5106//2710
f 5114//2711 5112//2711 5107//2711
f 5115//2714 5116//2714 5122//2714 5121//2714
f 5127//2715 5116//2715 5115//2715
f 5128//2716 5121//2716 5122//2716
f 5116//2717 5117//2717 5123//2717 5122//2717
f 5127//2715 5117//2715 5116//2715
f 5128//2716 5122//2716 5123//2716
f 5117//2718 5118//2718 5124//2718 5123//2718
f 5127//2715 5118//2715 5117//2715
f 5128//2716 5123//2716 5124//2716
f 5118//2719 5119//2719 5125//2719 5124//2719
f 5127//2720 5119//2720 5118//2720
f 5128//2716 5124//2716 5125//2716
f 5119//2721 5120//2721 5126//2721 5125//2721
f 5127//2720 5120//2720 5119//2720
f 5128//2716 5125//2716 5126//2716
f 5120//2722 5115//2722 5121//2722 5126//2722
f 5127//2720 5115//2720 5120//2720
f 5128//2716 5126//2716 5121//2716
f 5129//2723 5130//2723 5136//2723 5135//2723
f 5141//1860 5130//1860 5129//1860
f 5142//1861 5135//1861 5136//1861
f 5130//2724 5131//2724 5137//2724 5136//2724
f 5141//1860 5131//1860 5130//1860
f 5142//1861 5136//1861 5137//1861
f 5131//2725 5132//2725 5138//2725 5137//2725
f 5141//1860 5132//1860 5131//1860
f 5142//1861 5137//1861 5138//1861
f 5132//2726 5133//2726 5139//2726 5138//2726
f 5141//1860 5133//1860 5132//1860
f 5142//1861 5138//1861 5139//1861
f 5133//2727 5134//2727 5140//2727 5139//2727
f 5141//1860 5134//1860 5133//1860
f 5142//1861 5139//1861 5140//1861
f 5134//2728 5129//2728 5135//2728 5140//2728
f 5141//1860 5129//1860 5134//1860
f 5142//1861 5140//1861 5135//1861
f 5143//2729 5144//2729 5150//2729 5149//2729
f 5155//2730 5144//2730 5143//2730
f 5156//2731 5149//2731 5150//2731
f 5144//2732 5145//2732 5151//2732 5150//2732
f 5155//2730 5145//2730 5144//2730
f 5156//2731 5150//2731 5151//2731
f 5145//2733 5146//2733 5152//2733 5151//2733
f 5155//2730 5146//2730 5145//2730
f 5156//2731 5151//2731 5152//2731
f 5146//2734 5147//2734 5153//2734 5152//2734
f 5155//2735 5147//2735 5146//2735
f 5156//2731 5152//2731 5153//2731
f 5147//2736 5148//2736 5154//2736 5153//2736
f 5155//2735 5148//2735 5147//2735
f 5156//2731 5153//2731 5154//2731
f 5148//2737 5143//2737 5149//2737 5154//2737
f 5155//2735 5143//2735 5148//2735
f 5156//2731 5154//2731 5149//2731
f 5157//2738 5158//2738 5164//2738 5163//2738
f 5169//2739 5158//2739 5157//2739
f 5170//2740 5163//2740 5164//2740
f 5158//2741 5159//2741 5165//2741 5164//2741
f 5169//2739 5159//2739 5158//2739
f 5170//2740 5164//2740 5165//2740
f 5159//2742 5160//2742 5166//2742 5165//2742
f 5169//2739 5160//2739 5159//2739
f 5170//2740 5165//2740 5166//2740
f 5160//2743 5161//2743 5167//2743 5166//2743
f 5169//2744 5161//2744 5160//2744
f 5170//2745 5166//2745 5167//2745
f 5161//2746 5162//2746 5168//2746 5167//2746
f 5169//2744 5162//2744 5161//2744
f 5170//2745 5167//2745 5168//2745
f 5162//2747 5157//2747 5163//2747 5168//2747
f 5169//2744 5157//2744 5162//2744
f 5170//2745 5168//2745 5163//2745
f 5171//2748 5172//2748 5178//2748 5177//2748
f 5183//2749 5172//2749 5171//2749
f 5184//2750 5177//2750 5178//2750
f 5172//2751 5173//2751 5179//2751 5178//2751
f 5183//2749 5173//2749 5172//2749
f 5184//2750 5178//2750 5179//2750
f 5173//2752 5174//2752 5180//2752 5179//2752
f 5183//2749 5174//2749 5173//2749
f 5184//2750 5179//2750 5180//2750
f 5174//2753 5175//2753 5181//2753 5180//2753
f 5183//2754 5175//2754 5174//2754
f 5184//2755 5180//2755 5181//2755
f 5175//2756 5176//2756 5182//2756 5181//2756
f 5183//2754 5176//2754 5175//2754
f 5184//2755 5181//2755 5182//2755
f 5176//2757 5171//2757 5177//2757 5182//2757
f 5183//2754 5171//2754 5176//2754
f 5184//2755 5182//2755 5177//2755
f 5185//2758 5186//2758 5192//2758 5191//2758
f 5197//2759 5186//2759 5185//2759
f 5198//2760 5191//2760 5192//2760
f 5186//2761 5187//2761 5193//2761 5192//2761
f 5197//2759 5187//2759 5186//2759
f 5198//2760 5192//2760 5193//2760
f 5187//2762 5188//2762 5194//2762 5193//2762
f 5197//2759 5188//2759 5187//2759
f 5198//2760 5193//2760 5194//2760
f 5188//2763 5189//2763 5195//2763 5194//2763
f 5197//2764 5189//2764 5188//2764
f 5198//2760 5194//2760 5195//2760
f 5189//2765 5190//2765 5196//2765 5195//2765
f 5197//2764 5190//2764 5189//2764
f 5198//2760 5195//2760 5196//2760
f 5190//2766 5185//2766 5191//2766 5196//2766
f 5197//2764 5185//2764 5190//2764
f 5198//2760 5196//2760 5191//2760
f 5199//2767 5200//2767 5206//2767 5205//2767
f 5211//1861 5200//1861 5199//1861
f 5212//1860 5205//1860 5206//1860
f 5200//2768 5201//2768 5207//2768 5206//2768
f 5211//1861 5201//1861 5200//1861
f 5212//1860 5206//1860 5207//1860
f 5201//2769 5202//2769 5208//2769 5207//2769
f 5211//1861 5202//1861 5201//1861
f 5212//1860 5207//1860 5208//1860
f 5202//2770 5203//2770 5209//2770 5208//2770
f 5211//1861 5203//1861 5202//1861
f 5212//1860 5208//1860 5209//1860
f 5203//2771 5204//2771 5210//2771 5209//2771
f 5211//1861 5204//1861 5203//1861
f 5212//1860 5209//1860 5210//1860
f 5204//2772 5199//2772 5205//2772 5210//2772
f 5211//1861 5199//1861 5204//1861
f 5212//1860 5210//1860 5205//1860
f 5213//2773 5214//2773 5220//2773 5219//2773
f 5225//2774 5214//2774 5213//2774
f 5226//2775 5219//2775 5220//2775
f 5214//2776 5215//2776 5221//2776 5220//2776
f 5225//2774 5215//2774 5214//2774
f 5226//2775 5220//2775 5221//2775
f 5215//2777 5216//2777 5222//2777 5221//2777
f 5225//2774 5216//2774 5215//2774
f 5226//2775 5221//2775 5222//2775
f 5216//2778 5217//2778 5223//2778 5222//2778
f 5225//2779 5217//2779 5216//2779
f 5226//2775 5222//2775 5223//2775
f 5217//2780 5218//2780 5224//2780 5223//2780
f 5225//2779 5218//2779 5217//2779
f 5226//2775 5223//2775 5224//2775
f 5218//2781 5213//2781 5219//2781 5224//2781
f 5225//2779 5213//2779 5218//2779
f 5226//2775 5224//2775 5219//2775
f 5227//2782 5228//2782 5234//2782 5233//2782
f 5239//2783 5228//2783 5227//2783
f 5240//2784 5233//2784 5234//2784
f 5228//2785 5229//2785 5235//2785 5234//2785
f 5239//2783 5229//2783 5228//2783
f 5240//2784 5234//2784 5235//2784
f 5229//2786 5230//2786 5236//2786 5235//2786
f 5239//2783 5230//2783 5229//2783
f 5240//2784 5235//2784 5236//2784
f 5230//2787 5231//2787 5237//2787 5236//2787
f 5239//2788 5231//2788 5230//2788
f 5240//2789 5236//2789 5237//2789
f 5231//2790 5232//2790 5238//2790 5237//2790
f 5239//2788 5232//2788 5231//2788
f 5240//2789 5237//2789 5238//2789
f 5232//2791 5227//2791 5233//2791 5238//2791
f 5239//2788 5227//2788 5232//2788
f 5240//2789 5238//2789 5233//2789
usemtl chain.003
f 4813//2522 4819//2522 4820//2522 4814//2522
f 4814//1845 4820//1845 4821//1845 4815//1845
f 4815//2523 4821//2523 4822//2523 4816//2523
f 4816//2524 4822//2524 4823//2524 4817//2524
f 4817//1844 4823//1844 4824//1844 4818//1844
f 4818//2525 4824//2525 4819//2525 4813//2525
f 4819//2526 4825//2526 4826//2526 4820//2526
f 4820//1845 4826//1845 4827//1845 4821//1845
f 4821//2527 4827//2527 4828//2527 4822//2527
f 4822//2528 4828//2528 4829//2528 4823//2528
f 4823//1844 4829//1844 4830//1844 4824//1844
f 4824//2529 4830//2529 4825//2529 4819//2529
f 4825//2530 4831//2530 4832//2530 4826//2530
f 4826//1845 4832//1845 4833//1845 4827//1845
f 4827//2531 4833//2531 4834//2531 4828//2531
f 4828//2532 4834//2532 4835//2532 4829//2532
f 4829//1844 4835//1844 4836//1844 4830//1844
f 4830//2533 4836//2533 4831//2533 4825//2533
f 4831//2534 4837//2534 4838//2534 4832//2534
f 4832//1845 4838//1845 4839//1845 4833//1845
f 4833//2535 4839//2535 4840//2535 4834//2535
f 4834//2536 4840//2536 4841//2536 4835//2536
f 4835//1844 4841//1844 4842//1844 4836//1844
f 4836//2537 4842//2537 4837//2537 4831//2537
f 4837//2538 4843//2538 4844//2538 4838//2538
f 4838//1845 4844//1845 4845//1845 4839//1845
f 4839//2539 4845//2539 4846//2539 4840//2539
f 4840//2540 4846//2540 4847//2540 4841//2540
f 4841//1844 4847//1844 4848//1844 4842//1844
f 4842//2541 4848//2541 4843//2541 4837//2541
f 4843//2542 4849//2542 4850//2542 4844//2542
f 4844//1845 4850//1845 4851//1845 4845//1845
f 4845//2543 4851//2543 4852//2543 4846//2543
f 4846//2544 4852//2544 4853//2544 4847//2544
f 4847//1844 4853//1844 4854//1844 4848//1844
f 4848//2545 4854//2545 4849//2545 4843//2545
f 4849//2546 4855//2546 4856//2546 4850//2546
f 4850//1845 4856//1845 4857//1845 4851//1845
f 4851//2547 4857//2547 4858//2547 4852//2547
f 4852//2548 4858//2548 4859//2548 4853//2548
f 4853//1844 4859//1844 4860//1844 4854//1844
f 4854//2549 4860//2549 4855//2549 4849//2549
f 4855//2550 4861//2550 4862//2550 4856//2550
f 4856//1845 4862//1845 4863//1845 4857//1845
f 4857//2551 4863//2551 4864//2551 4858//2551
f 4858//2552 4864//2552 4865//2552 4859//2552
f 4859//1844 4865//1844 4866//1844 4860//1844
f 4860//2553 4866//2553 4861//2553 4855//2553
f 4861//2554 4867//2554 4868//2554 4862//2554
f 4862//1845 4868//1845 4869//1845 4863//1845
f 4863//2555 4869//2555 4870//2555 4864//2555
f 4864//2556 4870//2556 4871//2556 4865//2556
f 4865//1844 4871//1844 4872//1844 4866//1844
f 4866//2557 4872//2557 4867//2557 4861//2557
f 4867//2558 4873//2558 4874//2558 4868//2558
f 4868//1845 4874//1845 4875//1845 4869//1845
f 4869//2559 4875//2559 4876//2559 4870//2559
f 4870//2560 4876//2560 4877//2560 4871//2560
f 4871//1844 4877//1844 4878//1844 4872//1844
f 4872//2561 4878//2561 4873//2561 4867//2561
f 4873//2562 4879//2562 4880//2562 4874//2562
f 4874//1845 4880//1845 4881//1845 4875//1845
f 4875//2563 4881//2563 4882//2563 4876//2563
f 4876//2564 4882//2564 4883//2564 4877//2564
f 4877//1844 4883//1844 4884//1844 4878//1844
f 4878//2565 4884//2565 4879//2565 4873//2565
f 4879//2566 4885//2566 4886//2566 4880//2566
f 4880//1845 4886//1845 4887//1845 4881//1845
f 4881//2567 4887//2567 4888//2567 4882//2567
f 4882//2568 4888//2568 4889//2568 4883//2568
f 4883//1844 4889//1844 4890//1844 4884//1844
f 4884//2569 4890//2569 4885//2569 4879//2569
f 4885//2570 4891//2570 4892//2570 4886//2570
f 4886//1845 4892//1845 4893//1845 4887//1845
f 4887//2571 4893//2571 4894//2571 4888//2571
f 4888//2572 4894//2572 4895//2572 4889//2572
f 4889//1844 4895//1844 4896//1844 4890//1844
f 4890//2573 4896//2573 4891//2573 4885//2573
f 4891//2574 4897//2574 4898//2574 4892//2574
f 4892//1845 4898//1845 4899//1845 4893//1845
f 4893//2575 4899//2575 4900//2575 4894//2575
f 4894//2576 4900//2576 4901//2576 4895//2576
f 4895//1844 4901//1844 4902//1844 4896//1844
f 4896//2577 4902//2577 4897//2577 4891//2577
f 4897//2578 4903//2578 4904//2578 4898//2578
f 4898//1845 4904//1845 4905//1845 4899//1845
f 4899//2579 4905//2579 4906//2579 4900//2579
f 4900//2580 4906//2580 4907//2580 4901//2580
f 4901//1844 4907//1844 4908//1844 4902//1844
f 4902//2581 4908//2581 4903//2581 4897//2581
f 4903//2582 4909//2582 4910//2582 4904//2582
f 4904//1845 4910//1845 4911//1845 4905//1845
f 4905//2583 4911//2583 4912//2583 4906//2583
f 4906//2584 4912//2584 4913//2584 4907//2584
f 4907//1844 4913//1844 4914//1844 4908//1844
f 4908//2585 4914//2585 4909//2585 4903//2585
f 4909//2586 4915//2586 4916//2586 4910//2586
f 4910//1845 4916//1845 4917//1845 4911//1845
f 4911//2587 4917//2587 4918//2587 4912//2587
f 4912//2588 4918//2588 4919//2588 4913//2588
f 4913//1844 4919//1844 4920//1844 4914//1844
f 4914//2589 4920//2589 4915//2589 4909//2589
f 4915//2590 4921//2590 4922//2590 4916//2590
f 4916//1845 4922//1845 4923//1845 4917//1845
f 4917//2591 4923//2591 4924//2591 4918//2591
f 4918//2592 4924//2592 4925//2592 4919//2592
f 4919//1844 4925//1844 4926//1844 4920//1844
f 4920//2593 4926//2593 4921//2593 4915//2593
f 4921//2594 4927//2594 4928//2594 4922//2594
f 4922//1845 4928//1845 4929//1845 4923//1845
f 4923//2595 4929//2595 4930//2595 4924//2595
f 4924//2596 4930//2596 4931//2596 4925//2596
f 4925//1844 4931//1844 4932//1844 4926//1844
f 4926//2597 4932//2597 4927//2597 4921//2597
f 4927//2598 4933//2598 4934//2598 4928//2598
f 4928//1845 4934//1845 4935//1845 4929//1845
f 4929//2599 4935//2599 4936//2599 4930//2599
f 4930//2600 4936//2600 4937//2600 4931//2600
f 4931//1844 4937//1844 4938//1844 4932//1844
f 4932//2601 4938//2601 4933//2601 4927//2601
f 4933//2602 4939//2602 4940//2602 4934//2602
f 4934//1845 4940//1845 4941//1845 4935//1845
f 4935//2603 4941//2603 4942//2603 4936//2603
f 4936//2604 4942//2604 4943//2604 4937//2604
f 4937//1844 4943//1844 4944//1844 4938//1844
f 4938//2605 4944//2605 4939//2605 4933//2605
f 4939//2606 4945//2606 4946//2606 4940//2606
f 4940//1845 4946//1845 4947//1845 4941//1845
f 4941//2607 4947//2607 4948//2607 4942//2607
f 4942//2608 4948//2608 4949//2608 4943//2608
f 4943//1844 4949//1844 4950//1844 4944//1844
f 4944//2609 4950//2609 4945//2609 4939//2609
f 4945//2610 4951//2610 4952//2610 4946//2610
f 4946//1845 4952//1845 4953//1845 4947//1845
f 4947//2611 4953//2611 4954//2611 4948//2611
f 4948//2612 4954//2612 4955//2612 4949//2612
f 4949//1844 4955//1844 4956//1844 4950//1844
f 4950//2613 4956//2613 4951//2613 4945//2613
f 4951//2614 4957//2614 4958//2614 4952//2614
f 4952//1845 4958//1845 4959//1845 4953//1845
f 4953//2615 4959//2615 4960//2615 4954//2615
f 4954//2616 4960//2616 4961//2616 4955//2616
f 4955//1844 4961//1844 4962//1844 4956//1844
f 4956//2617 4962//2617 4957//2617 4951//2617
f 4957//2618 4963//2618 4964//2618 4958//2618
f 4958//1845 4964//1845 4965//1845 4959//1845
f 4959//2619 4965//2619 4966//2619 4960//2619
f 4960//2620 4966//2620 4967//2620 4961//2620
f 4961//1844 4967//1844 4968//1844 4962//1844
f 4962//2621 4968//2621 4963//2621 4957//2621
f 4963//2622 4969//2622 4970//2622 4964//2622
f 4964//1845 4970//1845 4971//1845 4965//1845
f 4965//2623 4971//2623 4972//2623 4966//2623
f 4966//2624 4972//2624 4973//2624 4967//2624
f 4967//1844 4973//1844 4974//1844 4968//1844
f 4968//2625 4974//2625 4969//2625 4963//2625
f 4969//2626 4975//2626 4976//2626 4970//2626
f 4970//1845 4976//1845 4977//1845 4971//1845
f 4971//2627 4977//2627 4978//2627 4972//2627
f 4972//2628 4978//2628 4979//2628 4973//2628
f 4973//1844 4979//1844 4980//1844 4974//1844
f 4974//2629 4980//2629 4975//2629 4969//2629
f 4975//2630 4981//2630 4982//2630 4976//2630
f 4976//1845 4982//1845 4983//1845 4977//1845
f 4977//2631 4983//2631 4984//2631 4978//2631
f 4978//2632 4984//2632 4985//2632 4979//2632
f 4979//1844 4985//1844 4986//1844 4980//1844
f 4980//2633 4986//2633 4981//2633 4975//2633
f 4981//2539 4987//2539 4988//2539 4982//2539
f 4982//1845 4988//1845 4989//1845 4983//1845
f 4983//2538 4989//2538 4990//2538 4984//2538
f 4984//2541 4990//2541 4991//2541 4985//2541
f 4985//1844 4991//1844 4992//1844 4986//1844
f 4986//2540 4992//2540 4987//2540 4981//2540
f 4987//2634 4993//2634 4994//2634 4988//2634
f 4988//1845 4994//1845 4995//1845 4989//1845
f 4989//2635 4995//2635 4996//2635 4990//2635
f 4990//2636 4996//2636 4997//2636 4991//2636
f 4991//1844 4997//1844 4998//1844 4992//1844
f 4992//2637 4998//2637 4993//2637 4987//2637
f 4993//2638 4999//2638 5000//2638 4994//2638
f 4994//1845 5000//1845 5001//1845 4995//1845
f 4995//2639 5001//2639 5002//2639 4996//2639
f 4996//2640 5002//2640 5003//2640 4997//2640
f 4997//1844 5003//1844 5004//1844 4998//1844
f 4998//2641 5004//2641 4999//2641 4993//2641
f 4999//2551 5005//2551 5006//2551 5000//2551
f 5000//1845 5006//1845 5007//1845 5001//1845
f 5001//2642 5007//2642 5008//2642 5002//2642
f 5002//2553 5008//2553 5009//2553 5003//2553
f 5003//1844 5009//1844 5010//1844 5004//1844
f 5004//2643 5010//2643 5005//2643 4999//2643
f 5005//2644 5011//2644 5012//2644 5006//2644
f 5006//1845 5012//1845 5013//1845 5007//1845
f 5007//2645 5013//2645 5014//2645 5008//2645
f 5008//2646 5014//2646 5015//2646 5009//2646
f 5009//1844 5015//1844 5016//1844 5010//1844
f 5010//2647 5016//2647 5011//2647 5005//2647
f 5011//2648 5017//2648 5018//2648 5012//2648
f 5012//1845 5018//1845 5019//1845 5013//1845
f 5013//2649 5019//2649 5020//2649 5014//2649
f 5014//2650 5020//2650 5021//2650 5015//2650
f 5015//1844 5021//1844 5022//1844 5016//1844
f 5016//2651 5022//2651 5017//2651 5011//2651
f 5017//2652 5023//2652 5024//2652 5018//2652
f 5018//1845 5024//1845 5025//1845 5019//1845
f 5019//2653 5025//2653 5026//2653 5020//2653
f 5020//2654 5026//2654 5027//2654 5021//2654
f 5021//1844 5027//1844 5028//1844 5022//1844
f 5022//2655 5028//2655 5023//2655 5017//2655
f 5023//2656 5029//2656 5030//2656 5024//2656
f 5024//1845 5030//1845 5031//1845 5025//1845
f 5025//2657 5031//2657 5032//2657 5026//2657
f 5026//2658 5032//2658 5033//2658 5027//2658
f 5027//1844 5033//1844 5034//1844 5028//1844
f 5028//2659 5034//2659 5029//2659 5023//2659
f 5029//2660 5035//2660 5036//2660 5030//2660
f 5030//1845 5036//1845 5037//1845 5031//1845
f 5031//2661 5037//2661 5038//2661 5032//2661
f 5032//2662 5038//2662 5039//2662 5033//2662
f 5033//1844 5039//1844 5040//1844 5034//1844
f 5034//2663 5040//2663 5035//2663 5029//2663
f 5035//2664 5041//2664 5042//2664 5036//2664
f 5036//1845 5042//1845 5043//1845 5037//1845
f 5037//2665 5043//2665 5044//2665 5038//2665
f 5038//2666 5044//2666 5045//2666 5039//2666
f 5039//1844 5045//1844 5046//1844 5040//1844
f 5040//2667 5046//2667 5041//2667 5035//2667
f 5041//2668 5047//2668 5048//2668 5042//2668
f 5042//1845 5048//1845 5049//1845 5043//1845
f 5043//2669 5049//2669 5050//2669 5044//2669
f 5044//2670 5050//2670 5051//2670 5045//2670
f 5045//1844 5051//1844 5052//1844 5046//1844
f 5046//2671 5052//2671 5047//2671 5041//2671
f 5047//2672 5053//2672 5054//2672 5048//2672
f 5048//1845 5054//1845 5055//1845 5049//1845
f 5049//2673 5055//2673 5056//2673 5050//2673
f 5050//2674 5056//2674 5057//2674 5051//2674
f 5051//1844 5057//1844 5058//1844 5052//1844
f 5052//2675 5058//2675 5053//2675 5047//2675
f 5053//2676 5059//2676 5060//2676 5054//2676
f 5054//1845 5060//1845 5061//1845 5055//1845
f 5055//2586 5061//2586 5062//2586 5056//2586
f 5056//2677 5062//2677 5063//2677 5057//2677
f 5057//1844 5063//1844 5064//1844 5058//1844
f 5058//2588 5064//2588 5059//2588 5053//2588
f 5059//2678 5065//2678 5066//2678 5060//2678
f 5060//1845 5066//1845 5067//1845 5061//1845
f 5061//2679 5067//2679 5068//2679 5062//2679
f 5062//2680 5068//2680 5069//2680 5063//2680
f 5063//1844 5069//1844 5070//1844 5064//1844
f 5064//2681 5070//2681 5065//2681 5059//2681
f 5065//2682 5071//2682 5072//2682 5066//2682
f 5066//1845 5072//1845 5073//1845 5067//1845
f 5067//2683 5073//2683 5074//2683 5068//2683
f 5068//2684 5074//2684 5075//2684 5069//2684
f 5069//1844 5075//1844 5076//1844 5070//1844
f 5070//2685 5076//2685 5071//2685 5065//2685
f 5071//2686 5077//2686 5078//2686 5072//2686
f 5072//1845 5078//1845 5079//1845 5073//1845
f 5073//2598 5079//2598 5080//2598 5074//2598
f 5074//2687 5080//2687 5081//2687 5075//2687
f 5075//1844 5081//1844 5082//1844 5076//1844
f 5076//2600 5082//2600 5077//2600 5071//2600
f 5077//2688 5083//2688 5084//2688 5078//2688
f 5078//1845 5084//1845 5085//1845 5079//1845
f 5079//2689 5085//2689 5086//2689 5080//2689
f 5080//2690 5086//2690 5087//2690 5081//2690
f 5081//1844 5087//1844 5088//1844 5082//1844
f 5082//2691 5088//2691 5083//2691 5077//2691
f 5083//2692 5089//2692 5090//2692 5084//2692
f 5084//1845 5090//1845 5091//1845 5085//1845
f 5085//2693 5091//2693 5092//2693 5086//2693
f 5086//2694 5092//2694 5093//2694 5087//2694
f 5087//1844 5093//1844 5094//1844 5088//1844
f 5088//2695 5094//2695 5089//2695 5083//2695
f 5089//2696 5095//2696 5096//2696 5090//2696
f 5090//1845 5096//1845 5097//1845 5091//1845
f 5091//2697 5097//2697 5098//2697 5092//2697
f 5092//2698 5098//2698 5099//2698 5093//2698
f 5093//1844 5099//1844 5100//1844 5094//1844
f 5094//2699 5100//2699 5095//2699 5089//2699
f 5095//2700 4813//2700 4814//2700 5096//2700
f 5096//1845 4814//1845 4815//1845 5097//1845
f 5097//2701 4815//2701 4816//2701 5098//2701
f 5098//2702 4816//2702 4817//2702 5099//2702
f 5099//1844 4817//1844 4818//1844 5100//1844
f 5100//2703 4818//2703 4813//2703 5095//2703
usemtl bone.001
f 5241//2792 5242//2792 5244//2792 5243//2792
f 5245//2793 5247//2793 5248//2793 5246//2793
f 5241//2794 5245//2794 5246//2794 5242//2794
f 5243//2795 5244//2795 5248//2795 5247//2795
f 5241//1844 5243//1844 5247//1844 5245//1844
f 5242//1845 5246//1845 5248//1845 5244//1845
f 5249//2796 5250//2796 5252//2796 5251//2796
f 5253//2797 5255//2797 5256//2797 5254//2797
f 5249//2798 5253//2798 5254//2798 5250//2798
f 5251//2799 5252//2799 5256//2799 5255//2799
f 5249//1844 5251//1844 5255//1844 5253//1844
f 5250//1845 5254//1845 5256//1845 5252//1845
f 5257//2800 5258//2800 5260//2800 5259//2800
f 5261//2801 5263//2801 5264//2801 5262//2801
f 5257//2794 5261//2794 5262//2794 5258//2794
f 5259//2802 5260//2802 5264//2802 5263//2802
f 5257//1844 5259//1844 5263//1844 5261//1844
f 5258//1845 5262//1845 5264//1845 5260//1845
f 5265//2803 5266//2803 5268//2803 5267//2803
f 5269//2804 5271//2804 5272//2804 5270//2804
f 5265//2805 5269//2805 5270//2805 5266//2805
f 5267//2806 5268//2806 5272//2806 5271//2806
f 5265//1844 5267//1844 5271//1844 5269//1844
f 5266//1845 5270//1845 5272//1845 5268//1845
f 5273//2807 5274//2807 5276//2807 5275//2807
f 5277//2808 5279//2808 5280//2808 5278//2808
f 5273//2805 5277//2805 5278//2805 5274//2805
f 5275//2809 5276//2809 5280//2809 5279//2809
f 5273//1844 5275//1844 5279//1844 5277//1844
f 5274//1845 5278//1845 5280//1845 5276//1845
f 5281//2810 5282//2810 5284//2810 5283//2810
f 5285//2811 5287//2811 5288//2811 5286//2811
f 5281//2805 5285//2805 5286//2805 5282//2805
f 5283//2806 5284//2806 5288//2806 5287//2806
f 5281//1844 5283//1844 5287//1844 5285//1844
f 5282//1845 5286//1845 5288//1845 5284//1845
f 5289//1859 5290//1859 5292//1859 5291//1859
f 5293//1858 5295//1858 5296//1858 5294//1858
f 5289//1861 5293//1861 5294//1861 5290//1861
f 5291//1860 5292//1860 5296//1860 5295//1860
f 5289//1844 5291//1844 5295//1844 5293//1844
f 5290//1845 5294//1845 5296//1845 5292//1845
f 5297//1859 5298//1859 5300//1859 5299//1859
f 5301//1858 5303//1858 5304//1858 5302//1858
f 5297//1861 5301//1861 5302//1861 5298//1861
f 5299//1860 5300//1860 5304//1860 5303//1860
f 5297//1844 5299//1844 5303//1844 5301//1844
f 5298//1845 5302//1845 5304//1845 5300//1845
f 5305//1859 5306//1859 5308//1859 5307//1859
f 5309//1858 5311//1858 5312//1858 5310//1858
f 5305//1861 5309//1861 5310//1861 5306//1861
f 5307//1860 5308//1860 5312//1860 5311//1860
f 5305//1844 5307//1844 5311//1844 5309//1844
f 5306//1845 5310//1845 5312//1845 5308//1845
f 5313//2812 5314//2812 5316//2812 5315//2812
f 5317//2813 5319//2813 5320//2813 5318//2813
f 5313//2814 5317//2814 5318//2814 5314//2814
f 5315//2815 5316//2815 5320//2815 5319//2815
f 5313//1844 5315//1844 5319//1844 5317//1844
f 5314//1845 5318//1845 5320//1845 5316//1845
f 5321//2816 5322//2816 5324//2816 5323//2816
f 5325//2817 5327//2817 5328//2817 5326//2817
f 5321//2818 5325//2818 5326//2818 5322//2818
f 5323//2815 5324//2815 5328//2815 5327//2815
f 5321//1844 5323//1844 5327//1844 5325//1844
f 5322//1845 5326//1845 5328//1845 5324//1845
f 5329//2819 5330//2819 5332//2819 5331//2819
f 5333//2820 5335//2820 5336//2820 5334//2820
f 5329//2783 5333//2783 5334//2783 5330//2783
f 5331//2815 5332//2815 5336//2815 5335//2815
f 5329//1844 5331//1844 5335//1844 5333//1844
f 5330//1845 5334//1845 5336//1845 5332//1845
f 5337//2821 5338//2821 5340//2821 5339//2821
f 5341//2822 5343//2822 5344//2822 5342//2822
f 5337//2823 5341//2823 5342//2823 5338//2823
f 5339//2824 5340//2824 5344//2824 5343//2824
f 5337//1844 5339//1844 5343//1844 5341//1844
f 5338//1845 5342//1845 5344//1845 5340//1845
f 5345//2825 5346//2825 5348//2825 5347//2825
f 5349//2826 5351//2826 5352//2826 5350//2826
f 5345//2827 5349//2827 5350//2827 5346//2827
f 5347//2828 5348//2828 5352//2828 5351//2828
f 5345//1844 5347//1844 5351//1844 5349//1844
f 5346//1845 5350//1845 5352//1845 5348//1845
f 5353//2829 5354//2829 5356//2829 5355//2829
f 5357//2830 5359//2830 5360//2830 5358//2830
f 5353//2831 5357//2831 5358//2831 5354//2831
f 5355//2824 5356//2824 5360//2824 5359//2824
f 5353//1844 5355//1844 5359//1844 5357//1844
f 5354//1845 5358//1845 5360//1845 5356//1845
