# Blender 5.2.2 LTS
# www.blender.org
mtllib supportcrosse.mtl
o RenderMesh_83280450351950
v 0.123060 0.035634 0.577692
v 0.088809 -0.015223 0.577692
v 0.103489 -0.037403 0.577692
v 0.088838 -0.025936 0.577692
v 0.101782 0.033190 0.577692
v 0.106111 0.038684 0.577692
v 0.105843 0.038630 0.577692
v 0.103489 -0.037403 0.577692
v 0.088838 -0.025936 0.577692
v 0.092502 -0.034459 0.577692
v -0.123060 0.035634 0.577692
v -0.088809 -0.015223 0.577692
v -0.101782 0.033190 0.577692
v -0.103489 -0.037403 0.577692
v -0.088838 -0.025936 0.577692
v -0.106111 0.038684 0.577692
v -0.105843 0.038630 0.577692
v -0.088838 -0.025936 0.577692
v -0.103489 -0.037403 0.577692
v -0.092502 -0.034459 0.577692
v -0.112494 0.039988 0.575278
v -0.124499 0.037756 0.575619
v -0.123060 0.035634 0.577692
v -0.106111 0.038684 0.577692
v 0.124499 0.037756 0.575619
v 0.112494 0.039988 0.575278
v 0.123060 0.035634 0.577692
v 0.106111 0.038684 0.577692
v 0.103489 -0.037403 0.577692
v 0.093717 -0.037284 0.575278
v 0.103810 -0.039989 0.575278
v 0.092502 -0.034459 0.577692
v -0.103489 -0.037403 0.577692
v -0.093717 -0.037284 0.575278
v -0.092502 -0.034459 0.577692
v -0.103810 -0.039989 0.575278
v -0.119751 -0.030539 0.313799
v -0.088809 -0.015223 0.313799
v -0.089334 -0.013263 0.313799
v -0.124136 -0.023585 0.313799
v -0.126940 -0.013263 0.313799
v -0.088838 -0.025936 0.313799
v -0.115572 -0.035198 0.313799
v -0.111139 -0.038213 0.313799
v -0.103810 -0.039989 0.313799
v -0.093717 -0.037284 0.313799
v 0.089334 -0.013263 0.313799
v 0.124136 -0.023585 0.313799
v 0.126940 -0.013263 0.313799
v 0.119751 -0.030539 0.313799
v 0.088809 -0.015223 0.313799
v 0.088838 -0.025936 0.313799
v 0.115572 -0.035198 0.313799
v 0.111139 -0.038213 0.313799
v 0.103810 -0.039989 0.313799
v 0.093717 -0.037284 0.313799
v -0.135060 0.016620 0.536986
v -0.103489 -0.037403 0.577692
v -0.133084 0.029098 0.549652
v -0.135161 0.021558 0.539896
v -0.131250 0.032886 0.556436
v -0.123060 0.035634 0.577692
v -0.127691 0.036227 0.567043
v -0.124499 0.037756 0.575619
v -0.124136 -0.023585 0.537346
v -0.111139 -0.038213 0.558960
v -0.103810 -0.039989 0.575278
v -0.115572 -0.035198 0.550328
v -0.121882 -0.028162 0.539793
v -0.131250 0.032886 0.556436
v -0.123060 0.035634 0.577692
v -0.127691 0.036227 0.567043
v 0.103489 -0.037403 0.577692
v 0.124136 -0.023585 0.537346
v 0.135060 0.016620 0.536986
v 0.115572 -0.035198 0.550328
v 0.121882 -0.028162 0.539793
v 0.111139 -0.038213 0.558960
v 0.103810 -0.039989 0.575278
v 0.133084 0.029098 0.549652
v 0.135161 0.021558 0.539896
v 0.131250 0.032886 0.556436
v 0.123060 0.035634 0.577692
v 0.127691 0.036227 0.567043
v 0.124499 0.037756 0.575619
v 0.123060 0.035634 0.577692
v 0.131250 0.032886 0.556436
v 0.127691 0.036227 0.567043
v -0.101782 0.033191 -0.577692
v -0.112494 0.039989 -0.577692
v -0.105843 0.038630 -0.577692
v -0.123687 0.037974 -0.577692
v -0.133084 0.029098 -0.577692
v -0.127691 0.036227 -0.577692
v -0.131250 0.032886 -0.577692
v -0.135161 0.021559 -0.577692
v -0.135060 0.016620 -0.577692
v -0.088809 -0.015223 -0.577692
v -0.124136 -0.023585 -0.577692
v -0.119751 -0.030538 -0.577692
v -0.088838 -0.025936 -0.577692
v -0.115572 -0.035198 -0.577692
v -0.111139 -0.038213 -0.577692
v -0.103810 -0.039988 -0.577692
v -0.093717 -0.037284 -0.577692
v -0.123687 0.037974 -0.577692
v -0.133084 0.029098 -0.577692
v -0.127691 0.036227 -0.577692
v 0.124136 -0.023585 -0.577692
v 0.088809 -0.015223 -0.577692
v 0.135060 0.016620 -0.577692
v 0.119751 -0.030538 -0.577692
v 0.101782 0.033191 -0.577692
v 0.088838 -0.025936 -0.577692
v 0.115572 -0.035198 -0.577692
v 0.111139 -0.038213 -0.577692
v 0.103810 -0.039988 -0.577692
v 0.093717 -0.037284 -0.577692
v 0.135161 0.021559 -0.577692
v 0.133084 0.029098 -0.577692
v 0.127691 0.036227 -0.577692
v 0.131250 0.032886 -0.577692
v 0.123687 0.037974 -0.577692
v 0.112494 0.039989 -0.577692
v 0.105843 0.038630 -0.577692
v 0.127691 0.036227 -0.577692
v 0.133084 0.029098 -0.577692
v 0.123687 0.037974 -0.577692
v 0.131492 0.003489 -0.559727
v 0.145670 0.003503 -0.555094
v 0.145294 0.000650 -0.557972
v 0.132434 0.006955 -0.556072
v 0.089334 -0.013263 -0.389994
v 0.119751 -0.030538 -0.389994
v 0.088809 -0.015223 -0.389994
v 0.124136 -0.023585 -0.389994
v 0.126940 -0.013263 -0.389994
v 0.088838 -0.025936 -0.389994
v 0.115572 -0.035198 -0.389994
v 0.111139 -0.038213 -0.389994
v 0.103810 -0.039988 -0.389994
v 0.093717 -0.037284 -0.389994
v -0.115572 -0.035198 -0.389994
v -0.088838 -0.025936 -0.389994
v -0.111139 -0.038213 -0.389994
v -0.103810 -0.039988 -0.389994
v -0.093717 -0.037284 -0.389994
v -0.119751 -0.030538 -0.389994
v -0.088809 -0.015223 -0.389994
v -0.089334 -0.013263 -0.389994
v -0.124136 -0.023585 -0.389994
v -0.126940 -0.013263 -0.389994
v -0.146644 0.002133 -0.554383
v -0.145188 -0.008928 -0.554383
v -0.145075 -0.009784 -0.551162
v -0.146336 -0.000205 -0.556740
v -0.145496 -0.006591 -0.556740
v -0.145916 -0.003398 -0.557603
v -0.146757 0.002988 -0.551162
v -0.146644 0.002133 -0.547942
v -0.145188 -0.008928 -0.547942
v -0.146336 -0.000205 -0.545584
v -0.145496 -0.006591 -0.545584
v -0.145916 -0.003398 -0.544721
v -0.145916 -0.003398 -0.544721
v -0.144268 -0.007146 -0.544352
v -0.144781 -0.003248 -0.543299
v -0.145496 -0.006591 -0.545584
v -0.146336 -0.000205 -0.545584
v -0.143892 -0.010000 -0.547231
v -0.145294 0.000650 -0.544352
v -0.145188 -0.008928 -0.547942
v -0.146644 0.002133 -0.547942
v -0.143754 -0.011044 -0.551162
v -0.145670 0.003503 -0.547230
v -0.145075 -0.009784 -0.551162
v -0.146757 0.002988 -0.551162
v -0.145188 -0.008928 -0.554383
v -0.145807 0.004548 -0.551162
v -0.143892 -0.010000 -0.555094
v -0.145670 0.003503 -0.555094
v -0.145496 -0.006591 -0.556740
v -0.146644 0.002133 -0.554383
v -0.144268 -0.007146 -0.557972
v -0.145294 0.000650 -0.557972
v -0.145916 -0.003398 -0.557603
v -0.146336 -0.000205 -0.556740
v -0.144781 -0.003248 -0.559026
v 0.146336 -0.000205 -0.556740
v 0.145496 -0.006591 -0.556740
v 0.145916 -0.003398 -0.557603
v 0.145188 -0.008928 -0.554383
v 0.146644 0.002133 -0.554383
v 0.146757 0.002988 -0.551162
v 0.145075 -0.009784 -0.551162
v 0.145188 -0.008928 -0.547942
v 0.146644 0.002133 -0.547942
v 0.146336 -0.000205 -0.545584
v 0.145496 -0.006591 -0.545584
v 0.145916 -0.003398 -0.544721
v 0.146644 0.002133 -0.547942
v 0.146757 0.002988 -0.551162
v 0.145670 0.003503 -0.547230
v 0.145807 0.004548 -0.551162
v 0.145294 0.000650 -0.544352
v 0.145670 0.003503 -0.555094
v 0.146336 -0.000205 -0.545584
v 0.146644 0.002133 -0.554383
v 0.144781 -0.003248 -0.543299
v 0.145294 0.000650 -0.557972
v 0.145916 -0.003398 -0.544721
v 0.146336 -0.000205 -0.556740
v 0.144268 -0.007146 -0.544352
v 0.144781 -0.003248 -0.559026
v 0.145496 -0.006591 -0.545584
v 0.145916 -0.003398 -0.557603
v 0.143892 -0.010000 -0.547231
v 0.144268 -0.007146 -0.557972
v 0.145188 -0.008928 -0.547942
v 0.145496 -0.006591 -0.556740
v 0.143754 -0.011044 -0.551162
v 0.143892 -0.010000 -0.555094
v 0.145075 -0.009784 -0.551162
v 0.145188 -0.008928 -0.554383
v -0.144268 -0.007146 -0.544352
v -0.130184 -0.001327 -0.541176
v -0.144781 -0.003248 -0.543299
v -0.128850 -0.006237 -0.542429
v -0.143892 -0.010000 -0.547231
v -0.127856 -0.009893 -0.546083
v -0.143754 -0.011044 -0.551162
v -0.127489 -0.011244 -0.551162
v -0.127856 -0.009893 -0.556241
v -0.143892 -0.010000 -0.555094
v -0.128723 -0.006701 -0.559432
v -0.127856 -0.009893 -0.556241
v -0.144268 -0.007146 -0.557972
v -0.128850 -0.006237 -0.559896
v -0.130184 -0.001327 -0.561148
v -0.144781 -0.003248 -0.559026
v -0.131492 0.003489 -0.559727
v -0.145294 0.000650 -0.557972
v -0.145670 0.003503 -0.555094
v -0.131492 0.003489 -0.559727
v -0.132434 0.006955 -0.556072
v -0.132775 0.008212 -0.551162
v -0.132434 0.006955 -0.556072
v -0.145807 0.004548 -0.551162
v -0.145670 0.003503 -0.547230
v -0.132434 0.006955 -0.546252
v -0.131492 0.003489 -0.542597
v -0.132434 0.006955 -0.546252
v -0.145294 0.000650 -0.544352
v -0.144781 -0.003248 -0.543299
v -0.130184 -0.001327 -0.541176
v 0.128850 -0.006237 -0.542429
v 0.144268 -0.007146 -0.544352
v 0.130184 -0.001327 -0.541176
v 0.144781 -0.003248 -0.543299
v 0.143892 -0.010000 -0.547231
v 0.127856 -0.009893 -0.546083
v 0.143754 -0.011044 -0.551162
v 0.127856 -0.009893 -0.556241
v 0.143892 -0.010000 -0.555094
v 0.128723 -0.006701 -0.559432
v 0.127856 -0.009893 -0.556241
v 0.144268 -0.007146 -0.557972
v 0.128850 -0.006237 -0.559896
v 0.130184 -0.001327 -0.561148
v 0.144781 -0.003248 -0.559026
v 0.131492 0.003489 -0.559727
v 0.145294 0.000650 -0.557972
v 0.127690 0.036227 -0.527898
v 0.127691 0.036227 0.567043
v 0.131250 0.032886 0.556436
v 0.123687 0.037974 -0.527898
v 0.124499 0.037756 0.575619
v 0.131250 0.032886 -0.527898
v 0.133084 0.029098 0.549652
v 0.127691 0.036227 -0.577692
v 0.123687 0.037974 -0.577692
v 0.131250 0.032886 -0.577692
v 0.112494 0.039989 -0.577692
v 0.133084 0.029098 -0.527898
v -0.133084 0.029098 -0.527898
v -0.133084 0.029098 -0.577692
v -0.135161 0.021559 -0.577692
v -0.131250 0.032886 -0.577692
v -0.135161 0.021559 -0.527898
v -0.135060 0.016620 -0.577692
v -0.135060 0.016620 -0.527898
v -0.135060 0.016620 0.536986
v -0.135161 0.021558 0.539896
v -0.133084 0.029098 0.549652
v -0.131250 0.032886 -0.527898
v -0.127691 0.036227 -0.577692
v -0.131250 0.032886 0.556436
v -0.127690 0.036227 -0.527898
v -0.123687 0.037974 -0.577692
v -0.127691 0.036227 0.567043
v -0.123687 0.037974 -0.527898
v -0.124499 0.037756 0.575619
v -0.112494 0.039989 -0.577692
v -0.112494 0.039988 0.575278
v -0.112494 0.039989 -0.527898
v -0.105843 0.038630 -0.577692
v -0.105843 0.038630 -0.527898
v -0.105843 0.038630 0.577692
v -0.106111 0.038684 0.577692
v -0.111139 -0.038213 0.360317
v -0.115572 -0.035198 0.550328
v -0.115572 -0.035198 0.360317
v -0.121882 -0.028162 0.539793
v -0.111139 -0.038213 0.558960
v -0.121882 -0.028162 0.360317
v -0.103810 -0.039989 0.360317
v -0.124136 -0.023585 0.537346
v -0.103810 -0.039989 0.575278
v -0.093717 -0.037284 0.360317
v -0.093717 -0.037284 0.575278
v -0.124136 -0.023585 0.360317
v -0.126940 -0.013263 0.360317
v -0.126940 -0.013263 0.313799
v -0.126940 -0.013263 -0.389994
v -0.124136 -0.023585 -0.389994
v -0.124136 -0.023585 0.313799
v -0.119751 -0.030538 -0.389994
v -0.119751 -0.030539 0.313799
v -0.115572 -0.035198 -0.389994
v -0.115572 -0.035198 0.313799
v -0.111139 -0.038213 -0.389994
v -0.111139 -0.038213 0.313799
v -0.103810 -0.039988 -0.389994
v -0.103810 -0.039989 0.313799
v -0.093717 -0.037284 0.313799
v -0.093717 -0.037284 -0.389994
v -0.126940 -0.013263 -0.436512
v -0.124136 -0.023585 -0.527898
v -0.124136 -0.023585 -0.436512
v 0.089334 -0.013263 -0.334501
v 0.119751 -0.030538 -0.334501
v 0.088809 -0.015223 -0.334501
v 0.124136 -0.023585 -0.334501
v 0.126940 -0.013263 -0.334501
v 0.088838 -0.025936 -0.334501
v 0.115572 -0.035198 -0.334501
v 0.111139 -0.038213 -0.334501
v 0.103810 -0.039988 -0.334501
v 0.093717 -0.037284 -0.334501
v 0.133084 0.029098 -0.577692
v 0.135161 0.021558 0.539896
v 0.135161 0.021559 -0.577692
v 0.135161 0.021559 -0.527898
v 0.135060 0.016620 0.536986
v 0.135060 0.016620 -0.577692
v 0.135060 0.016620 -0.527898
v 0.126940 -0.013263 0.313799
v 0.126940 -0.013263 0.360317
v 0.124136 -0.023585 0.537346
v 0.124136 -0.023585 0.360317
v 0.121882 -0.028162 0.360317
v 0.121882 -0.028162 0.539793
v 0.115572 -0.035198 0.360317
v 0.115572 -0.035198 0.550328
v 0.111139 -0.038213 0.360317
v 0.111139 -0.038213 0.558960
v 0.103810 -0.039989 0.360317
v 0.103810 -0.039989 0.575278
v 0.093717 -0.037284 0.360317
v 0.093717 -0.037284 0.575278
v 0.124136 -0.023585 0.313799
v 0.126940 -0.013263 -0.334501
v 0.124136 -0.023585 -0.334501
v 0.119751 -0.030538 -0.334501
v 0.119751 -0.030539 0.313799
v 0.115572 -0.035198 -0.334501
v 0.115572 -0.035198 0.313799
v 0.111139 -0.038213 -0.334501
v 0.111139 -0.038213 0.313799
v 0.103810 -0.039988 -0.334501
v 0.103810 -0.039989 0.313799
v 0.093717 -0.037284 -0.334501
v 0.093717 -0.037284 0.313799
v 0.126940 -0.013263 -0.363370
v 0.126940 -0.013263 -0.389994
v 0.124136 -0.023585 -0.389994
v 0.124136 -0.023585 -0.363370
v 0.119751 -0.030538 -0.363370
v 0.119751 -0.030538 -0.389994
v 0.115572 -0.035198 -0.363370
v 0.115572 -0.035198 -0.389994
v 0.111139 -0.038213 -0.363370
v 0.111139 -0.038213 -0.389994
v 0.103810 -0.039988 -0.389994
v 0.103810 -0.039988 -0.363370
v 0.093717 -0.037284 -0.389994
v 0.093717 -0.037284 -0.363370
v 0.126940 -0.013263 -0.436512
v 0.124136 -0.023585 -0.527898
v 0.124136 -0.023585 -0.436512
v 0.132434 0.006955 -0.546252
v 0.131492 0.003489 -0.542597
v 0.130184 -0.001327 -0.541176
v 0.132775 0.008212 -0.551162
v 0.128850 -0.006237 -0.542429
v 0.132434 0.006955 -0.556072
v 0.131492 0.003489 -0.559727
v 0.130184 -0.001327 -0.561148
v 0.127856 -0.009893 -0.546083
v 0.124136 -0.023585 -0.577692
v 0.127489 -0.011244 -0.551162
v 0.128850 -0.006237 -0.559896
v 0.127856 -0.009893 -0.556241
v 0.128723 -0.006701 -0.559432
v 0.119751 -0.030538 -0.577692
v 0.119751 -0.030538 -0.527898
v 0.115572 -0.035198 -0.577692
v 0.119751 -0.030538 -0.436512
v 0.115572 -0.035198 -0.527898
v 0.111139 -0.038213 -0.577692
v 0.115572 -0.035198 -0.436512
v 0.111139 -0.038213 -0.527898
v 0.103810 -0.039988 -0.577692
v 0.111139 -0.038213 -0.436512
v 0.103810 -0.039988 -0.527898
v 0.093717 -0.037284 -0.577692
v 0.103810 -0.039988 -0.436512
v 0.093717 -0.037284 -0.527898
v 0.093717 -0.037284 -0.436512
v -0.132434 0.006955 -0.546252
v -0.131492 0.003489 -0.542597
v -0.132775 0.008212 -0.551162
v -0.130184 -0.001327 -0.541176
v -0.128850 -0.006237 -0.542429
v -0.127856 -0.009893 -0.546083
v -0.127489 -0.011244 -0.551162
v -0.132434 0.006955 -0.556072
v -0.131492 0.003489 -0.559727
v -0.130184 -0.001327 -0.561148
v -0.124136 -0.023585 -0.577692
v -0.127856 -0.009893 -0.556241
v -0.128850 -0.006237 -0.559896
v -0.128723 -0.006701 -0.559432
v -0.119751 -0.030538 -0.577692
v -0.119751 -0.030538 -0.527898
v -0.115572 -0.035198 -0.577692
v -0.119751 -0.030538 -0.436512
v -0.115572 -0.035198 -0.527898
v -0.115572 -0.035198 -0.436512
v -0.111139 -0.038213 -0.577692
v -0.111139 -0.038213 -0.436512
v -0.111139 -0.038213 -0.527898
v -0.103810 -0.039988 -0.577692
v -0.103810 -0.039988 -0.436512
v -0.103810 -0.039988 -0.527898
v -0.093717 -0.037284 -0.577692
v -0.093717 -0.037284 -0.436512
v -0.093717 -0.037284 -0.527898
v 0.112494 0.039988 0.575278
v 0.112494 0.039989 -0.527898
v 0.105843 0.038630 -0.577692
v 0.105843 0.038630 -0.527898
v 0.105843 0.038630 0.577692
v 0.106111 0.038684 0.577692
v -0.089334 -0.013263 0.313799
v -0.089334 -0.013263 0.360317
v -0.126940 -0.013263 0.313799
v -0.126940 -0.013263 0.360317
v 0.126940 -0.013263 0.360317
v 0.089334 -0.013263 0.313799
v 0.126940 -0.013263 0.313799
v 0.089334 -0.013263 0.360317
v -0.089334 -0.013263 -0.389994
v -0.126940 -0.013263 -0.436512
v -0.089334 -0.013263 -0.436512
v -0.126940 -0.013263 -0.389994
v 0.126940 -0.013263 -0.436512
v 0.126940 -0.013263 -0.389994
v 0.089334 -0.013263 -0.436512
v 0.089334 -0.013263 -0.389994
v 0.089334 -0.013263 -0.363370
v 0.126940 -0.013263 -0.363370
v 0.126940 -0.013263 -0.334501
v 0.089334 -0.013263 -0.334501
v 0.143754 -0.011044 -0.551162
v 0.127856 -0.009893 -0.546083
v 0.127489 -0.011244 -0.551162
v 0.127856 -0.009893 -0.556241
v 0.088838 -0.025936 -0.577692
v 0.093717 -0.037284 -0.527898
v 0.088838 -0.025936 -0.527898
v 0.093717 -0.037284 -0.577692
v 0.093717 -0.037284 -0.436512
v 0.088838 -0.025936 -0.436512
v 0.088838 -0.025936 0.360317
v 0.093717 -0.037284 0.575278
v 0.088838 -0.025936 0.577692
v 0.092502 -0.034459 0.577692
v 0.093717 -0.037284 0.360317
v 0.088838 -0.025936 -0.363370
v 0.088838 -0.025936 -0.389994
v 0.093717 -0.037284 -0.389994
v 0.093717 -0.037284 -0.363370
v 0.088838 -0.025936 0.313799
v 0.088838 -0.025936 -0.334501
v 0.093717 -0.037284 -0.334501
v 0.093717 -0.037284 0.313799
v 0.089334 -0.013263 -0.389994
v 0.101782 0.033191 -0.527898
v 0.089334 -0.013263 -0.436512
v 0.089334 -0.013263 -0.363370
v 0.088809 -0.015223 -0.389994
v 0.088809 -0.015223 -0.363370
v 0.088838 -0.025936 -0.363370
v 0.088838 -0.025936 -0.389994
v 0.089334 -0.013263 -0.334501
v 0.089334 -0.013263 0.313799
v 0.088809 -0.015223 0.313799
v 0.088809 -0.015223 -0.334501
v 0.088838 -0.025936 -0.334501
v 0.088838 -0.025936 0.313799
v 0.101782 0.033190 0.577692
v 0.105843 0.038630 -0.527898
v 0.105843 0.038630 0.577692
v 0.089334 -0.013263 0.360317
v 0.088809 -0.015223 0.577692
v 0.088809 -0.015223 0.360317
v 0.088838 -0.025936 0.360317
v 0.088838 -0.025936 0.577692
v -0.088838 -0.025936 -0.577692
v -0.088838 -0.025936 -0.527898
v -0.093717 -0.037284 -0.527898
v -0.093717 -0.037284 -0.577692
v -0.093717 -0.037284 -0.436512
v -0.088838 -0.025936 -0.436512
v 0.101782 0.033191 -0.577692
v 0.088809 -0.015223 -0.577692
v 0.105843 0.038630 -0.577692
v 0.088838 -0.025936 -0.527898
v 0.088838 -0.025936 -0.577692
v 0.088809 -0.015223 -0.527898
v 0.088838 -0.025936 -0.436512
v 0.088809 -0.015223 -0.436512
v -0.088838 -0.025936 0.577692
v -0.093717 -0.037284 0.575278
v -0.088838 -0.025936 0.360317
v -0.093717 -0.037284 0.360317
v -0.092502 -0.034459 0.577692
v -0.088838 -0.025936 0.313799
v -0.093717 -0.037284 -0.389994
v -0.088838 -0.025936 -0.389994
v -0.093717 -0.037284 0.313799
v -0.088809 -0.015223 -0.577692
v -0.088809 -0.015223 -0.527898
v -0.088838 -0.025936 -0.527898
v -0.088838 -0.025936 -0.577692
v -0.088809 -0.015223 -0.436512
v -0.088838 -0.025936 -0.436512
v -0.089334 -0.013263 -0.436512
v -0.101782 0.033191 -0.527898
v -0.101782 0.033191 -0.577692
v -0.105843 0.038630 -0.577692
v -0.089334 -0.013263 -0.389994
v -0.105843 0.038630 -0.527898
v -0.089334 -0.013263 0.313799
v -0.088809 -0.015223 -0.389994
v -0.101782 0.033190 0.577692
v -0.105843 0.038630 0.577692
v -0.088809 -0.015223 0.313799
v -0.088838 -0.025936 -0.389994
v -0.088838 -0.025936 0.313799
v -0.089334 -0.013263 0.360317
v -0.088809 -0.015223 0.577692
v -0.088809 -0.015223 0.360317
v -0.088838 -0.025936 0.360317
v -0.088838 -0.025936 0.577692
v 0.130184 -0.001327 -0.541176
v 0.144781 -0.003248 -0.543299
v 0.131492 0.003489 -0.542597
v 0.145294 0.000650 -0.544352
v 0.145670 0.003503 -0.547230
v 0.132434 0.006955 -0.546252
v 0.132775 0.008212 -0.551162
v 0.132434 0.006955 -0.546252
v 0.145807 0.004548 -0.551162
v 0.145670 0.003503 -0.555094
v 0.132434 0.006955 -0.556072
v 0.089334 -0.013263 -0.363370
v 0.124136 -0.023585 -0.363370
v 0.126940 -0.013263 -0.363370
v 0.119751 -0.030538 -0.363370
v 0.088809 -0.015223 -0.363370
v 0.088838 -0.025936 -0.363370
v 0.115572 -0.035198 -0.363370
v 0.111139 -0.038213 -0.363370
v 0.103810 -0.039988 -0.363370
v 0.093717 -0.037284 -0.363370
v -0.089334 -0.013263 -0.436512
v -0.119751 -0.030538 -0.436512
v -0.088809 -0.015223 -0.436512
v -0.124136 -0.023585 -0.436512
v -0.126940 -0.013263 -0.436512
v -0.088838 -0.025936 -0.436512
v -0.115572 -0.035198 -0.436512
v -0.111139 -0.038213 -0.436512
v -0.103810 -0.039988 -0.436512
v -0.093717 -0.037284 -0.436512
v 0.089334 -0.013263 -0.436512
v 0.124136 -0.023585 -0.436512
v 0.126940 -0.013263 -0.436512
v 0.119751 -0.030538 -0.436512
v 0.088809 -0.015223 -0.436512
v 0.088838 -0.025936 -0.436512
v 0.115572 -0.035198 -0.436512
v 0.111139 -0.038213 -0.436512
v 0.103810 -0.039988 -0.436512
v 0.093717 -0.037284 -0.436512
v 0.115572 -0.035198 0.360317
v 0.088809 -0.015223 0.360317
v 0.121882 -0.028162 0.360317
v 0.089334 -0.013263 0.360317
v 0.124136 -0.023585 0.360317
v 0.126940 -0.013263 0.360317
v 0.088838 -0.025936 0.360317
v 0.111139 -0.038213 0.360317
v 0.103810 -0.039989 0.360317
v 0.093717 -0.037284 0.360317
v -0.089334 -0.013263 0.360317
v -0.124136 -0.023585 0.360317
v -0.126940 -0.013263 0.360317
v -0.121882 -0.028162 0.360317
v -0.088809 -0.015223 0.360317
v -0.115572 -0.035198 0.360317
v -0.088838 -0.025936 0.360317
v -0.111139 -0.038213 0.360317
v -0.103810 -0.039989 0.360317
v -0.093717 -0.037284 0.360317
vn 0.0002 0.0004 1.0000
vn 0.0003 0.0005 1.0000
vn 0.0002 0.0003 1.0000
vn -0.1160 0.6815 0.7226
vn -0.1160 0.6815 0.7225
vn 0.1155 0.6815 0.7226
vn 0.1156 0.6816 0.7226
vn -0.1834 -0.6833 0.7068
vn -0.1833 -0.6832 0.7068
vn -0.1834 -0.6833 0.7067
vn 0.1829 -0.6833 0.7068
vn 0.1829 -0.6834 0.7068
vn 0.1829 -0.6835 0.7067
vn 0.0002 -0.0004 1.0000
vn 0.0002 -0.0003 1.0000
vn -0.8951 -0.2398 0.3759
vn -0.8951 -0.2402 0.3756
vn -0.8951 -0.2402 0.3757
vn -0.8951 -0.2399 0.3759
vn -0.8951 -0.2398 0.3760
vn 0.8951 -0.2398 0.3759
vn 0.8952 -0.2399 0.3756
vn 0.8952 -0.2398 0.3756
vn 0.8951 -0.2398 0.3760
vn 0.0002 0.0003 -1.0000
vn 0.0002 0.0004 -1.0000
vn 0.0002 -0.0004 -1.0000
vn 0.0002 -0.0003 -1.0000
vn 0.2054 0.4666 -0.8603
vn 0.2534 0.8293 -0.4980
vn 0.2055 0.4666 -0.8603
vn -0.9914 -0.1305 -0.0001
vn -0.9915 -0.1305 -0.0002
vn -0.9915 -0.1304 -0.0005
vn -0.9915 -0.1304 -0.0004
vn -0.9915 -0.1305 -0.0003
vn -0.9915 -0.1305 -0.0004
vn -0.9915 -0.1304 -0.0006
vn -0.9915 -0.1304 -0.0003
vn -0.7725 -0.1021 0.6267
vn -0.7315 -0.4127 0.5427
vn -0.7314 -0.4126 0.5430
vn -0.8134 0.2096 0.5426
vn -0.7014 -0.6402 0.3134
vn -0.8134 0.2094 0.5427
vn -0.7013 -0.6405 0.3131
vn -0.8433 0.4366 0.3134
vn -0.6904 -0.7234 0.0004
vn -0.8432 0.4366 0.3135
vn -0.6904 -0.7234 0.0005
vn -0.8540 0.5203 0.0004
vn -0.7014 -0.6401 -0.3135
vn -0.8539 0.5204 0.0004
vn -0.7013 -0.6404 -0.3132
vn -0.8434 0.4365 -0.3134
vn -0.7314 -0.4125 -0.5431
vn -0.8434 0.4365 -0.3133
vn -0.7315 -0.4127 -0.5427
vn -0.8134 0.2095 -0.5427
vn -0.7725 -0.1021 -0.6267
vn -0.8134 0.2094 -0.5427
vn 0.9914 -0.1305 -0.0001
vn 0.9915 -0.1304 0.0002
vn 0.9914 -0.1305 0.0005
vn 0.9914 -0.1305 0.0004
vn 0.9914 -0.1305 0.0003
vn 0.9914 -0.1305 0.0001
vn 0.9915 -0.1304 -0.0000
vn 0.8435 0.4364 0.3132
vn 0.8541 0.5202 0.0005
vn 0.8436 0.4363 0.3131
vn 0.8541 0.5202 0.0004
vn 0.8133 0.2097 0.5428
vn 0.8435 0.4364 -0.3132
vn 0.8133 0.2095 0.5429
vn 0.8436 0.4363 -0.3132
vn 0.7723 -0.1020 0.6270
vn 0.8133 0.2094 -0.5429
vn 0.7723 -0.1021 0.6270
vn 0.8133 0.2094 -0.5428
vn 0.7313 -0.4131 0.5428
vn 0.7725 -0.1016 -0.6269
vn 0.7313 -0.4130 0.5429
vn 0.7725 -0.1017 -0.6269
vn 0.7015 -0.6402 0.3130
vn 0.7313 -0.4129 -0.5429
vn 0.7014 -0.6402 0.3134
vn 0.7313 -0.4130 -0.5429
vn 0.6902 -0.7236 0.0004
vn 0.7014 -0.6401 -0.3134
vn 0.6902 -0.7236 -0.0000
vn 0.7014 -0.6401 -0.3135
vn -0.0759 -0.5143 0.8543
vn -0.1404 -0.0250 0.9898
vn -0.0759 -0.5143 0.8542
vn -0.0291 -0.8701 0.4920
vn -0.0124 -0.9999 0.0005
vn -0.0291 -0.8701 -0.4919
vn -0.0290 -0.8701 -0.4919
vn -0.0291 -0.8701 -0.4920
vn -0.0454 -0.7125 -0.7002
vn -0.0759 -0.5143 -0.8542
vn -0.1404 -0.0249 -0.9898
vn -0.2049 0.4665 -0.8604
vn -0.2050 0.4666 -0.8604
vn -0.2529 0.8294 -0.4981
vn -0.2529 0.8295 -0.4980
vn -0.2705 0.9627 0.0003
vn -0.2704 0.9628 0.0005
vn -0.2529 0.8295 0.4980
vn -0.2529 0.8294 0.4981
vn -0.2050 0.4666 0.8604
vn -0.1404 -0.0248 0.9898
vn -0.1404 -0.0249 0.9898
vn 0.0764 -0.5143 0.8542
vn 0.1409 -0.0249 0.9897
vn 0.0296 -0.8701 0.4920
vn 0.0120 -0.9999 0.0005
vn 0.0120 -0.9999 0.0004
vn 0.0296 -0.8701 -0.4919
vn 0.0295 -0.8701 -0.4919
vn 0.0454 -0.7125 -0.7002
vn 0.0296 -0.8701 -0.4920
vn 0.0765 -0.5143 -0.8542
vn 0.0764 -0.5143 -0.8542
vn 0.1409 -0.0249 -0.9897
vn 0.2054 0.4665 -0.8603
vn 0.5696 0.8219 -0.0005
vn 0.5707 0.8211 -0.0005
vn 0.7967 0.6044 -0.0005
vn 0.2406 0.9706 0.0005
vn 0.7970 0.6039 0.0005
vn 0.9451 0.3269 0.0005
vn 0.5580 0.8298 0.0005
vn 0.2406 0.9706 -0.0000
vn 0.7975 0.6033 0.0005
vn 0.0364 0.9993 -0.0005
vn 0.9451 0.3268 -0.0005
vn -0.9451 0.3267 0.0005
vn -0.9876 0.1568 0.0005
vn -0.7973 0.6036 -0.0005
vn -0.9724 -0.2331 -0.0000
vn -0.9718 -0.2359 0.0005
vn -0.9716 -0.2368 0.0005
vn -0.9876 0.1569 0.0005
vn -0.7969 0.6042 0.0005
vn -0.5583 0.8296 0.0005
vn -0.7968 0.6042 -0.0005
vn -0.5700 0.8217 -0.0005
vn -0.2401 0.9707 0.0005
vn -0.5704 0.8214 -0.0005
vn -0.0369 0.9993 -0.0000
vn -0.0417 0.9991 0.0005
vn -0.0418 0.9991 0.0005
vn 0.5355 0.8445 0.0005
vn 0.2006 0.9797 0.0005
vn -0.3722 -0.9281 -0.0000
vn -0.6809 -0.7324 0.0005
vn -0.6808 -0.7324 -0.0005
vn -0.8035 -0.5953 -0.0005
vn -0.3722 -0.9282 -0.0005
vn -0.8035 -0.5952 -0.0000
vn 0.0579 -0.9983 -0.0000
vn -0.9639 -0.2662 -0.0009
vn 0.0579 -0.9983 -0.0005
vn 0.2589 -0.9659 -0.0000
vn 0.2591 -0.9658 -0.0004
vn -0.9639 -0.2662 0.0005
vn -0.9650 -0.2623 -0.0005
vn -0.9650 -0.2622 -0.0000
vn -0.9553 -0.2956 -0.0005
vn -0.9553 -0.2956 -0.0000
vn -0.8048 -0.5935 -0.0005
vn -0.6650 -0.7468 -0.0005
vn -0.3771 -0.9262 -0.0005
vn 0.0530 -0.9986 -0.0000
vn 0.0530 -0.9986 -0.0005
vn 0.2591 -0.9659 -0.0004
vn -0.9631 -0.2692 -0.0005
vn -0.9637 -0.2671 -0.0000
vn 0.9876 0.1568 -0.0005
vn 0.9876 0.1567 0.0005
vn 0.9876 0.1567 -0.0005
vn 0.9715 -0.2369 0.0010
vn 0.9725 -0.2330 0.0005
vn 0.9718 -0.2360 -0.0005
vn 0.9649 -0.2624 -0.0005
vn 0.9650 -0.2623 -0.0003
vn 0.9639 -0.2664 -0.0005
vn 0.9639 -0.2663 -0.0000
vn 0.8034 -0.5955 -0.0005
vn 0.8034 -0.5955 0.0005
vn 0.6811 -0.7322 -0.0005
vn 0.6811 -0.7322 0.0005
vn 0.3726 -0.9280 0.0005
vn 0.3726 -0.9280 -0.0005
vn -0.0584 -0.9983 -0.0005
vn -0.2588 -0.9659 -0.0003
vn -0.2587 -0.9660 -0.0005
vn 0.9559 -0.2936 0.0005
vn 0.9559 -0.2937 -0.0000
vn 0.8046 -0.5938 -0.0005
vn 0.8047 -0.5937 0.0005
vn 0.6653 -0.7466 -0.0005
vn 0.3775 -0.9260 -0.0005
vn -0.0535 -0.9986 -0.0005
vn -0.0535 -0.9986 -0.0000
vn -0.2587 -0.9660 -0.0006
vn 0.9647 -0.2634 -0.0000
vn 0.9647 -0.2634 -0.0005
vn -0.0534 -0.9986 -0.0005
vn 0.9631 -0.2693 -0.0000
vn 0.9636 -0.2672 -0.0005
vn 0.9650 -0.2624 0.0005
vn 0.9650 -0.2624 0.0004
vn 0.9649 -0.2625 0.0006
vn 0.9649 -0.2624 0.0005
vn 0.9650 -0.2624 -0.0005
vn 0.9490 -0.3152 -0.0000
vn 0.9650 -0.2624 -0.0006
vn 0.9649 -0.2624 -0.0004
vn 0.8046 -0.5937 -0.0005
vn 0.8046 -0.5938 0.0005
vn 0.3775 -0.9260 0.0005
vn 0.6653 -0.7466 0.0005
vn -0.2588 -0.9659 -0.0000
vn -0.2587 -0.9659 -0.0003
vn -0.9650 -0.2623 0.0004
vn -0.9650 -0.2623 0.0003
vn -0.9650 -0.2623 0.0005
vn -0.9650 -0.2623 -0.0003
vn -0.9491 -0.3150 0.0005
vn -0.9650 -0.2623 -0.0004
vn -0.9649 -0.2626 0.0005
vn -0.8048 -0.5936 0.0005
vn -0.6650 -0.7469 0.0005
vn 0.0530 -0.9986 0.0005
vn 0.2590 -0.9659 -0.0003
vn 0.0413 0.9991 0.0005
vn -0.5359 0.8443 0.0005
vn -0.2001 0.9798 0.0005
vn 0.0002 -1.0000 -0.0004
vn 0.0296 -0.8701 0.4919
vn -0.9761 -0.2175 -0.0005
vn -0.9187 -0.3950 -0.0000
vn -0.9187 -0.3950 -0.0003
vn -0.9187 -0.3950 -0.0005
vn -0.9187 -0.3949 -0.0002
vn -0.9761 -0.2175 0.0005
vn -0.9187 -0.3950 -0.0006
vn -0.9660 0.2586 0.0003
vn -0.9535 0.3015 0.0005
vn -0.9660 0.2584 0.0005
vn -0.9660 0.2585 0.0004
vn -0.9663 0.2575 0.0005
vn -0.9663 0.2575 -0.0000
vn -0.9761 -0.2174 -0.0005
vn -0.9732 0.2301 -0.0000
vn -0.9732 0.2301 0.0005
vn -0.9761 -0.2174 0.0005
vn -0.5360 0.8442 0.0005
vn -0.9686 0.2485 -0.0000
vn -0.9686 0.2485 0.0005
vn 0.9761 -0.2174 -0.0005
vn 0.9186 -0.3951 -0.0003
vn 0.9186 -0.3952 -0.0005
vn 0.9186 -0.3952 -0.0006
vn -0.9535 0.3015 -0.0000
vn -0.9769 0.2135 -0.0005
vn -0.9676 0.2525 0.0005
vn -0.9671 0.2545 -0.0000
vn 0.9761 -0.2174 0.0005
vn 0.9186 -0.3952 -0.0004
vn 0.9770 0.2134 -0.0000
vn 0.9676 0.2525 0.0005
vn 0.9761 -0.2173 -0.0005
vn 0.9671 0.2544 0.0005
vn 0.9660 0.2586 0.0004
vn 0.9535 0.3014 -0.0000
vn 0.9535 0.3014 0.0005
vn 0.5356 0.8445 0.0005
vn 0.9660 0.2585 0.0005
vn 0.9736 0.2281 -0.0000
vn 0.9736 0.2282 0.0005
vn 0.9686 0.2486 0.0005
vn 0.9686 0.2487 -0.0000
vn 0.9761 -0.2173 0.0005
vn 0.1409 -0.0248 0.9897
vn 0.2054 0.4666 0.8603
vn 0.2054 0.4665 0.8603
vn 0.2534 0.8293 0.4980
vn 0.2534 0.8294 0.4980
vn 0.2708 0.9626 0.0003
vn 0.2534 0.8294 0.4979
vn 0.2708 0.9626 0.0005
vn 0.2534 0.8294 -0.4980
vn 0.2534 0.8294 -0.4979
vt 0.617480 0.424844
vt 0.451761 0.375825
vt 0.383912 0.430104
vt 0.395109 0.377429
vt 0.599582 0.375825
vt 0.623308 0.378354
vt 0.623238 0.377577
vt 0.391506 0.398972
vt 0.624984 0.396886
vt 0.624963 0.424676
vt 0.305303 0.500055
vt 0.281440 0.500553
vt 0.307770 0.500058
vt 0.274755 0.500024
vt 0.516117 0.810707
vt 0.612650 0.827319
vt 0.625000 0.827037
vt 0.559942 0.808352
vt 0.625000 0.806847
vt 0.545123 0.827304
vt 0.486747 0.812950
vt 0.467744 0.815330
vt 0.456554 0.819265
vt 0.473601 0.824684
vt 0.625000 0.922961
vt 0.559942 0.941645
vt 0.625000 0.943151
vt 0.516117 0.939291
vt 0.612650 0.922679
vt 0.545123 0.922694
vt 0.486747 0.937048
vt 0.467744 0.934668
vt 0.456554 0.930733
vt 0.473601 0.925314
vt 0.598707 0.500000
vt 0.645455 0.484326
vt 0.628457 0.498659
vt 0.638024 0.467670
vt 0.624519 0.439937
vt 0.420923 0.500000
vt 0.340586 0.495020
vt 0.375023 0.432770
vt 0.370347 0.497229
vt 0.400108 0.499438
vt 0.599582 0.874175
vt 0.624989 0.853114
vt 0.617960 0.867149
vt 0.624974 0.825324
vt 0.645458 0.765700
vt 0.624531 0.810065
vt 0.638032 0.782346
vt 0.628457 0.751346
vt 0.598707 0.750000
vt 0.451761 0.874175
vt 0.420923 0.750000
vt 0.390056 0.751311
vt 0.418841 0.865023
vt 0.370347 0.752781
vt 0.340586 0.754999
vt 0.375016 0.817230
vt 0.390308 0.843889
vt 0.416667 1.000000
vt 0.333333 1.000000
vt 0.625000 0.327039
vt 0.516117 0.310709
vt 0.612650 0.327321
vt 0.559942 0.308355
vt 0.625000 0.306849
vt 0.545123 0.327306
vt 0.486747 0.312952
vt 0.467744 0.315332
vt 0.456554 0.319267
vt 0.473601 0.324686
vt 0.486747 0.437050
vt 0.545123 0.422696
vt 0.467744 0.434670
vt 0.456554 0.430735
vt 0.473601 0.425316
vt 0.516117 0.439293
vt 0.612650 0.422681
vt 0.625000 0.422963
vt 0.559942 0.441648
vt 0.625000 0.443153
vt 0.064805 0.143078
vt 0.435195 0.143078
vt 0.463845 0.250000
vt 0.143078 0.064805
vt 0.356922 0.064805
vt 0.250000 0.036155
vt 0.036155 0.250000
vt 0.064805 0.356923
vt 0.435195 0.356923
vt 0.143078 0.435195
vt 0.356922 0.435195
vt 0.250000 0.463845
vt 0.376927 0.469844
vt 0.250000 0.503854
vt 0.469844 0.376927
vt 0.123073 0.469844
vt 0.503854 0.250000
vt 0.030156 0.376927
vt -0.003854 0.250000
vt 0.469844 0.123073
vt 0.030156 0.123073
vt 0.376927 0.030156
vt 0.123073 0.030156
vt 0.250000 -0.003854
vt 0.916667 1.000000
vt 1.000000 1.000000
vt 0.833333 1.000000
vt 0.750000 1.000000
vt 0.666668 1.000000
vt 0.666667 1.000000
vt 0.593821 1.000000
vt 0.583334 1.000000
vt 0.583333 1.000000
vt 0.500000 1.000000
vt 0.250000 1.000000
vt 0.166667 1.000000
vt 0.166668 1.000000
vt 0.083333 1.000000
vt 0.000000 1.000000
vt 0.686632 0.739188
vt 0.686632 0.500122
vt 0.660378 0.490050
vt 0.700324 0.739197
vt 0.700324 0.500617
vt 0.660380 0.748360
vt 0.686632 0.749956
vt 0.700324 0.749965
vt 0.660380 0.759994
vt 0.728114 0.749985
vt 0.645458 0.753574
vt 0.628457 0.740456
vt 0.598707 0.739226
vt 0.728114 0.500563
vt 0.728114 0.739213
vt 0.749175 0.750000
vt 0.749175 0.739226
vt 0.749175 0.500000
vt 0.748327 0.500002
vt 0.340586 0.538754
vt 0.370347 0.538604
vt 0.400108 0.538127
vt 0.307770 0.545015
vt 0.281440 0.545419
vt 0.420923 0.538054
vt 0.466566 0.538037
vt 0.466566 0.548485
vt 0.466566 0.708253
vt 0.420923 0.708256
vt 0.420923 0.548501
vt 0.390056 0.709306
vt 0.390056 0.548785
vt 0.370347 0.710491
vt 0.370347 0.549154
vt 0.340586 0.712229
vt 0.340586 0.549401
vt 0.307770 0.709313
vt 0.307770 0.555100
vt 0.281440 0.555483
vt 0.281440 0.709382
vt 0.466566 0.718701
vt 0.420923 0.739226
vt 0.420923 0.718703
vt 0.625000 0.443469
vt 0.516117 0.427139
vt 0.612650 0.443750
vt 0.559942 0.424784
vt 0.625000 0.423279
vt 0.545123 0.443735
vt 0.486747 0.429382
vt 0.467744 0.431762
vt 0.456554 0.435697
vt 0.473601 0.441116
vt 0.466566 0.695790
vt 0.420923 0.695794
vt 0.390056 0.696784
vt 0.370347 0.697905
vt 0.340586 0.699527
vt 0.307770 0.697283
vt 0.281440 0.697376
vt 0.466566 0.702274
vt 0.420923 0.702277
vt 0.390056 0.703298
vt 0.370347 0.704453
vt 0.340586 0.706135
vt 0.307770 0.703541
vt 0.281440 0.703622
vt 0.555971 0.743197
vt 0.540642 0.742406
vt 0.519349 0.742099
vt 0.561528 0.744259
vt 0.497637 0.742370
vt 0.555971 0.745322
vt 0.540642 0.746113
vt 0.519349 0.746420
vt 0.481470 0.743160
vt 0.475493 0.744259
vt 0.497637 0.746149
vt 0.481470 0.745358
vt 0.495584 0.746049
vt 0.389227 0.740300
vt 0.390056 0.719802
vt 0.370347 0.741767
vt 0.370347 0.721041
vt 0.340586 0.743795
vt 0.307770 0.749979
vt 0.340586 0.722877
vt 0.307770 0.739208
vt 0.281440 0.749989
vt 0.307770 0.719397
vt 0.281440 0.739216
vt 0.281440 0.719445
vt 0.390056 0.719803
vt 0.702037 0.750000
vt 0.702037 0.500000
vt 0.681847 0.750000
vt 0.681847 0.500000
vt 0.818151 0.500000
vt 0.797961 0.750000
vt 0.818151 0.750000
vt 0.797961 0.500000
vt 0.681531 0.750000
vt 0.701721 0.750000
vt 0.701721 0.500000
vt 0.681531 0.500000
vt 0.254511 0.749999
vt 0.254511 0.739224
vt 0.254511 0.719451
vt 0.254511 0.545399
vt 0.254511 0.500004
vt 0.254511 0.703625
vt 0.254511 0.709386
vt 0.254511 0.555464
vt 0.254511 0.697378
vt 0.457743 0.061055
vt 0.599582 0.016197
vt 0.457743 0.045923
vt 0.457743 0.069715
vt 0.451761 0.061055
vt 0.451761 0.069715
vt 0.391003 0.070013
vt 0.390886 0.061315
vt 0.457743 0.079105
vt 0.457743 0.292451
vt 0.451761 0.292451
vt 0.451761 0.079105
vt 0.391128 0.079443
vt 0.393991 0.293698
vt 0.624924 0.016272
vt 0.457743 0.307582
vt 0.451761 0.307582
vt 0.394194 0.308894
vt 0.599582 0.000000
vt 0.451761 0.000000
vt 0.625000 0.000000
vt 0.390285 0.016266
vt 0.390067 0.000000
vt 0.451761 0.016197
vt 0.390683 0.046119
vt 0.451761 0.045923
vt 0.625000 0.806531
vt 0.559942 0.825216
vt 0.625000 0.826721
vt 0.516117 0.822861
vt 0.612650 0.806249
vt 0.545123 0.806265
vt 0.486747 0.820618
vt 0.467744 0.818238
vt 0.456554 0.814303
vt 0.473601 0.808884
vt 0.612650 0.827318
vt 0.559942 0.808353
vt 0.545123 0.827303
vt 0.531094 0.309565
vt 0.531094 0.440437
s 1
f 1/1/1 2/2/1 3/3/1
f 4/4/2 3/3/1 2/2/1
f 2/2/1 1/1/1 5/5/1
f 5/5/1 1/1/1 6/6/1
f 5/5/1 6/6/1 7/7/3
f 8/3/1 9/4/1 10/8/1
f 11/1/1 12/2/1 13/5/1
f 12/2/1 11/1/1 14/3/1
f 12/2/1 14/3/1 15/4/2
f 11/1/1 13/5/1 16/6/1
f 16/6/1 13/5/1 17/7/1
f 18/4/2 19/3/2 20/8/2
f 21/9/4 22/10/5 23/1/4
f 23/1/4 24/6/5 21/9/4
f 25/10/6 26/9/6 27/1/6
f 28/6/7 27/1/6 26/9/6
f 29/11/8 30/12/9 31/13/9
f 30/12/9 29/11/8 32/14/10
f 33/11/11 34/12/12 35/14/13
f 34/12/12 33/11/11 36/13/12
f 37/15/14 38/16/14 39/17/14
f 39/17/14 40/18/14 37/15/14
f 40/18/14 39/17/14 41/19/14
f 38/16/14 37/15/14 42/20/15
f 43/21/14 42/20/15 37/15/14
f 44/22/14 42/20/15 43/21/14
f 42/20/15 44/22/14 45/23/14
f 42/20/15 45/23/14 46/24/14
f 47/25/14 48/26/14 49/27/14
f 47/25/14 50/28/14 48/26/14
f 51/29/14 50/28/14 47/25/14
f 52/30/15 50/28/14 51/29/14
f 50/28/14 52/30/15 53/31/14
f 53/31/14 52/30/15 54/32/14
f 54/32/14 52/30/15 55/33/14
f 55/33/14 52/30/15 56/34/14
f 57/35/16 58/3/16 59/36/16
f 57/35/16 59/36/16 60/37/17
f 58/3/16 61/38/16 59/36/16
f 61/38/16 58/3/16 62/1/16
f 63/39/18 62/1/18 64/10/18
f 58/3/16 57/35/16 65/40/16
f 65/40/16 66/41/16 58/3/16
f 58/3/16 66/41/16 67/42/16
f 66/41/16 65/40/16 68/43/19
f 68/43/19 65/40/16 69/44/20
f 70/38/19 71/1/19 72/39/19
f 73/3/21 74/40/21 75/35/22
f 74/40/21 76/43/23 77/44/24
f 74/40/21 78/41/21 76/43/23
f 74/40/21 73/3/21 78/41/21
f 78/41/21 73/3/21 79/42/21
f 73/3/21 75/35/22 80/36/21
f 80/36/21 75/35/22 81/37/21
f 82/38/22 73/3/21 80/36/21
f 73/3/21 82/38/22 83/1/22
f 83/1/21 84/39/21 85/10/21
f 86/1/23 87/38/23 88/39/23
f 89/45/25 90/46/26 91/47/26
f 89/45/25 92/48/26 90/46/26
f 89/45/25 93/49/26 92/48/26
f 94/50/26 93/49/26 95/51/26
f 93/49/26 89/45/25 96/52/26
f 96/52/26 89/45/25 97/53/26
f 97/53/26 89/45/25 98/54/26
f 97/53/26 98/54/26 99/55/26
f 98/54/26 100/56/26 99/55/26
f 101/57/25 100/56/26 98/54/26
f 100/56/26 101/57/25 102/58/26
f 102/58/26 101/57/25 103/59/26
f 103/59/26 101/57/25 104/60/26
f 104/60/26 101/57/25 105/61/26
f 106/48/26 107/49/26 108/50/26
f 109/55/27 110/54/27 111/53/27
f 112/56/27 110/54/27 109/55/27
f 113/45/28 111/53/27 110/54/27
f 110/54/27 112/56/27 114/57/28
f 115/58/27 114/57/28 112/56/27
f 116/59/27 114/57/28 115/58/27
f 114/57/28 116/59/27 117/60/27
f 114/57/28 117/60/27 118/61/27
f 113/45/28 119/52/27 111/53/27
f 113/45/28 120/49/27 119/52/27
f 120/49/27 121/50/27 122/51/27
f 120/49/27 113/45/28 123/48/27
f 113/45/28 124/46/27 123/48/27
f 124/46/27 113/45/28 125/47/27
f 126/50/27 127/49/27 128/48/27
f 129/62/29 130/63/30 131/62/31
f 130/63/30 129/62/29 132/63/30
f 133/64/26 134/65/26 135/66/26
f 134/65/26 133/64/26 136/67/26
f 136/67/26 133/64/26 137/68/26
f 135/66/26 134/65/26 138/69/25
f 139/70/26 138/69/25 134/65/26
f 138/69/25 139/70/26 140/71/26
f 138/69/25 140/71/26 141/72/26
f 138/69/25 141/72/26 142/73/26
f 143/74/27 144/75/28 145/76/27
f 144/75/28 146/77/27 145/76/27
f 146/77/27 144/75/28 147/78/27
f 148/79/27 144/75/28 143/74/27
f 144/75/28 148/79/27 149/80/27
f 149/80/27 148/79/27 150/81/27
f 151/82/27 150/81/27 148/79/27
f 152/83/27 150/81/27 151/82/27
f 153/84/32 154/85/33 155/86/34
f 156/87/32 154/85/33 153/84/32
f 154/85/33 156/87/32 157/88/35
f 157/88/35 156/87/32 158/89/34
f 153/84/32 155/86/34 159/90/36
f 159/90/36 155/86/34 160/91/37
f 160/91/37 155/86/34 161/92/32
f 161/92/32 162/93/36 160/91/37
f 162/93/36 161/92/32 163/94/38
f 162/93/36 163/94/38 164/95/39
f 165/95/40 166/96/41 167/97/40
f 166/96/41 165/95/40 168/94/42
f 167/97/40 169/93/43 165/95/40
f 170/98/44 166/96/41 168/94/42
f 169/93/43 167/97/40 171/99/45
f 170/98/44 168/94/42 172/92/46
f 173/91/47 169/93/43 171/99/45
f 174/100/48 170/98/44 172/92/46
f 171/99/45 175/101/49 173/91/47
f 172/92/46 176/86/50 174/100/48
f 175/101/49 177/90/51 173/91/47
f 178/85/52 174/100/48 176/86/50
f 175/101/49 179/102/53 177/90/51
f 174/100/48 178/85/52 180/103/54
f 181/104/55 177/90/51 179/102/53
f 182/88/56 180/103/54 178/85/52
f 177/90/51 181/104/55 183/84/57
f 180/103/54 182/88/56 184/105/58
f 185/106/59 183/84/57 181/104/55
f 186/89/60 184/105/58 182/88/56
f 183/84/57 185/106/59 187/87/61
f 184/105/58 186/89/60 188/107/60
f 188/107/60 187/87/61 185/106/59
f 187/87/61 188/107/60 186/89/60
f 189/87/62 190/88/63 191/89/64
f 190/88/63 189/87/62 192/85/65
f 193/84/66 192/85/65 189/87/62
f 192/85/65 193/84/66 194/90/64
f 194/90/64 195/86/66 192/85/65
f 195/86/66 194/90/64 196/92/64
f 197/91/67 196/92/64 194/90/64
f 196/92/64 197/91/67 198/93/65
f 196/92/64 198/93/65 199/94/65
f 199/94/65 198/93/65 200/95/68
f 201/91/69 202/90/70 203/101/71
f 204/102/72 203/101/71 202/90/70
f 205/99/73 201/91/69 203/101/71
f 202/90/70 206/104/74 204/102/72
f 201/91/69 205/99/73 207/93/75
f 206/104/74 202/90/70 208/84/76
f 209/97/77 207/93/75 205/99/73
f 208/84/76 210/106/78 206/104/74
f 207/93/75 209/97/77 211/95/79
f 210/106/78 208/84/76 212/87/80
f 209/97/77 213/96/81 211/95/79
f 212/87/80 214/107/82 210/106/78
f 213/96/81 215/94/83 211/95/79
f 214/107/82 212/87/80 216/89/84
f 213/96/81 217/98/85 215/94/83
f 216/89/84 218/105/86 214/107/82
f 219/92/87 215/94/83 217/98/85
f 218/105/86 216/89/84 220/88/88
f 217/98/85 221/100/89 219/92/87
f 220/88/88 222/103/90 218/105/86
f 219/92/87 221/100/89 223/86/91
f 222/103/90 220/88/88 224/85/92
f 221/100/89 224/85/92 223/86/91
f 224/85/92 221/100/89 222/103/90
f 225/108/93 226/109/94 227/109/94
f 226/109/94 225/108/93 228/108/95
f 229/110/96 228/108/95 225/108/93
f 229/110/96 230/110/96 228/108/95
f 231/111/97 230/110/96 229/110/96
f 231/111/97 232/111/97 230/110/96
f 231/111/97 233/112/98 232/111/97
f 233/112/98 231/111/97 234/113/99
f 234/113/100 235/114/101 236/113/100
f 237/115/102 235/114/101 234/113/100
f 235/114/101 237/115/102 238/116/102
f 237/115/102 239/117/103 238/116/102
f 239/117/103 237/115/102 240/117/103
f 240/117/103 241/62/104 239/117/103
f 241/62/104 240/117/103 242/62/105
f 243/63/106 244/62/105 242/62/105
f 244/62/105 243/63/106 245/63/106
f 243/63/107 246/118/108 247/63/107
f 246/118/108 243/63/107 248/118/109
f 249/119/110 246/118/108 248/118/109
f 249/119/110 250/120/110 246/118/108
f 249/119/111 251/121/112 252/119/111
f 251/121/112 249/119/111 253/121/112
f 254/122/113 251/121/112 253/121/112
f 251/121/112 254/122/113 255/122/114
f 256/108/115 257/108/115 258/109/116
f 259/109/116 258/109/116 257/108/115
f 256/108/115 260/110/117 257/108/115
f 260/110/117 256/108/115 261/110/117
f 261/110/117 262/111/118 260/110/117
f 262/111/119 263/112/120 264/113/121
f 265/114/122 264/113/123 266/113/123
f 265/114/122 267/115/124 264/113/123
f 267/115/124 265/114/122 268/116/125
f 269/117/126 267/115/124 268/116/125
f 267/115/124 269/117/126 270/117/126
f 271/62/127 270/117/126 269/117/126
f 270/117/126 271/62/127 272/62/127
f 273/123/128 274/124/129 275/125/130
f 274/124/129 273/123/128 276/126/131
f 276/126/131 277/127/131 274/124/129
f 275/125/130 278/128/132 273/123/128
f 278/128/132 275/125/130 279/36/133
f 278/128/132 280/129/134 273/123/128
f 281/130/135 273/123/128 280/129/134
f 273/123/128 281/130/135 276/126/131
f 280/129/134 278/128/132 282/131/136
f 276/126/131 281/130/135 283/132/137
f 278/128/132 279/36/133 284/133/138
f 282/131/136 278/128/132 284/133/138
f 285/133/139 286/49/139 287/52/140
f 285/133/139 288/131/141 286/49/139
f 285/133/139 287/52/140 289/134/140
f 289/134/140 287/52/140 290/53/142
f 289/134/140 290/53/142 291/135/143
f 292/35/144 289/134/140 291/135/143
f 289/134/140 292/35/144 293/37/145
f 293/37/145 285/133/139 289/134/140
f 285/133/139 293/37/145 294/36/139
f 288/131/141 285/133/139 295/128/146
f 294/36/139 295/128/146 285/133/139
f 295/128/146 296/129/147 288/131/141
f 297/125/148 295/128/146 294/36/139
f 296/129/147 295/128/146 298/123/149
f 297/125/148 298/123/149 295/128/146
f 298/123/149 299/130/150 296/129/147
f 300/124/151 298/123/149 297/125/148
f 299/130/150 298/123/149 301/126/150
f 300/124/151 301/126/150 298/123/149
f 302/127/150 301/126/150 300/124/151
f 301/126/150 303/132/152 299/130/150
f 304/136/153 301/126/150 302/127/150
f 305/137/154 303/132/152 301/126/150
f 301/126/150 304/136/153 305/137/154
f 305/137/154 306/138/155 303/132/152
f 306/138/155 305/137/154 307/139/155
f 304/136/153 307/139/155 305/137/154
f 308/140/155 307/139/155 304/136/153
f 308/140/155 304/136/153 309/141/156
f 310/142/157 311/43/158 312/143/159
f 313/44/160 312/143/159 311/43/158
f 311/43/158 310/142/157 314/41/161
f 312/143/159 313/44/160 315/144/162
f 314/41/161 310/142/157 316/145/163
f 317/40/164 315/144/162 313/44/160
f 316/145/163 318/13/165 314/41/161
f 318/13/165 316/145/163 319/146/166
f 319/146/166 320/12/167 318/13/165
f 315/144/162 317/40/164 321/147/168
f 317/40/164 322/148/169 321/147/168
f 322/148/169 317/40/164 292/35/144
f 292/35/144 323/149/170 322/148/169
f 291/135/143 323/149/170 292/35/144
f 323/149/170 291/135/143 324/150/170
f 325/151/171 323/149/170 324/150/170
f 323/149/170 325/151/171 326/152/172
f 326/152/172 325/151/171 327/153/173
f 326/152/172 327/153/173 328/154/173
f 328/154/173 327/153/173 329/155/174
f 328/154/173 329/155/174 330/156/174
f 331/157/175 330/156/174 329/155/174
f 330/156/174 331/157/175 332/158/175
f 333/159/176 332/158/175 331/157/175
f 332/158/175 333/159/176 334/160/177
f 333/159/176 335/161/167 334/160/177
f 336/162/178 335/161/167 333/159/176
f 324/150/170 291/135/143 337/163/169
f 338/164/179 337/163/169 291/135/143
f 337/163/169 338/164/179 339/165/180
f 340/166/26 341/167/26 342/168/26
f 341/167/26 340/166/26 343/169/26
f 343/169/26 340/166/26 344/170/26
f 342/168/26 341/167/26 345/171/25
f 346/172/26 345/171/25 341/167/26
f 345/171/25 346/172/26 347/173/26
f 345/171/25 347/173/26 348/174/26
f 345/171/25 348/174/26 349/175/26
f 282/131/136 284/133/138 350/49/133
f 351/37/181 284/133/138 279/36/133
f 350/49/133 284/133/138 352/52/182
f 284/133/138 351/37/181 353/134/183
f 353/134/183 352/52/182 284/133/138
f 354/35/184 353/134/183 351/37/181
f 352/52/182 353/134/183 355/53/185
f 353/134/183 354/35/184 356/135/186
f 356/135/186 355/53/185 353/134/183
f 357/149/187 356/135/186 354/35/184
f 357/149/187 354/35/184 358/148/188
f 359/40/189 358/148/188 354/35/184
f 358/148/188 359/40/189 360/147/190
f 360/147/190 359/40/189 361/144/191
f 362/44/192 361/144/191 359/40/189
f 361/144/191 362/44/192 363/143/193
f 364/43/194 363/143/193 362/44/192
f 364/43/194 365/142/195 363/143/193
f 365/142/195 364/43/194 366/41/196
f 366/41/196 367/145/197 365/142/195
f 368/13/197 367/145/197 366/41/196
f 368/13/197 369/146/198 367/145/197
f 369/146/198 368/13/197 370/12/199
f 371/152/200 372/176/188 357/149/187
f 356/135/186 357/149/187 372/176/188
f 372/176/188 371/152/200 373/177/201
f 371/152/200 374/178/202 373/177/201
f 374/178/202 371/152/200 375/154/203
f 375/154/203 376/179/204 374/178/202
f 376/179/204 375/154/203 377/156/204
f 377/156/204 378/180/205 376/179/204
f 378/180/205 377/156/204 379/158/205
f 378/180/205 379/158/205 380/181/206
f 380/181/206 379/158/205 381/160/207
f 381/160/207 382/182/208 380/181/206
f 382/182/208 381/160/207 383/161/198
f 384/183/188 356/135/186 372/176/188
f 356/135/186 384/183/188 385/150/187
f 384/183/188 386/151/209 385/150/187
f 386/151/209 384/183/188 387/184/210
f 386/151/209 387/184/210 388/185/202
f 386/151/209 388/185/202 389/153/202
f 389/153/202 388/185/202 390/186/204
f 389/153/202 390/186/204 391/155/204
f 392/187/205 391/155/204 390/186/204
f 391/155/204 392/187/205 393/157/205
f 393/157/205 392/187/205 394/159/211
f 394/159/211 392/187/205 395/188/207
f 394/159/211 395/188/207 396/162/199
f 396/162/199 395/188/207 397/189/199
f 385/150/187 398/163/187 356/135/186
f 398/163/187 399/164/212 356/135/186
f 399/164/212 398/163/187 400/165/213
f 401/190/214 356/135/186 402/191/215
f 356/135/186 403/192/216 402/191/215
f 403/192/216 356/135/186 399/164/212
f 404/193/217 356/135/186 401/190/214
f 405/194/215 403/192/216 399/164/212
f 355/53/185 356/135/186 404/193/217
f 355/53/185 404/193/217 406/195/217
f 355/53/185 406/195/217 407/196/218
f 355/53/185 407/196/218 408/197/187
f 399/164/212 409/198/215 405/194/215
f 355/53/185 408/197/187 410/55/219
f 409/198/215 399/164/212 411/199/217
f 410/55/219 411/199/217 399/164/212
f 410/55/219 408/197/187 412/200/220
f 411/199/217 410/55/219 413/201/215
f 410/55/219 412/200/220 414/202/221
f 410/55/219 414/202/221 413/201/215
f 399/164/212 415/56/222 410/55/219
f 415/56/222 399/164/212 416/203/223
f 400/165/213 416/203/223 399/164/212
f 416/203/223 417/58/204 415/56/222
f 416/203/223 400/165/213 418/204/202
f 417/58/204 416/203/223 419/205/204
f 418/204/202 419/205/204 416/203/223
f 417/58/204 419/205/204 420/59/224
f 419/205/204 418/204/202 421/206/225
f 420/59/224 419/205/204 422/207/205
f 419/205/204 421/206/225 422/207/205
f 422/207/205 423/208/206 420/59/224
f 422/207/205 421/206/225 424/209/205
f 423/208/206 422/207/205 425/210/206
f 422/207/205 424/209/205 425/210/206
f 423/208/206 425/210/206 426/211/226
f 425/210/206 424/209/205 427/212/207
f 426/211/226 425/210/206 428/213/227
f 425/210/206 427/212/207 428/213/227
f 428/213/227 427/212/207 429/214/227
f 291/135/143 430/190/228 431/191/228
f 430/190/228 291/135/143 432/193/229
f 431/191/228 433/192/230 291/135/143
f 433/192/230 338/164/179 291/135/143
f 338/164/179 433/192/230 434/194/229
f 338/164/179 434/194/229 435/198/228
f 338/164/179 435/198/228 436/199/229
f 290/53/142 432/193/229 291/135/143
f 432/193/229 290/53/142 437/195/229
f 290/53/142 438/196/231 437/195/229
f 290/53/142 439/197/231 438/196/231
f 436/199/229 440/55/232 338/164/179
f 290/53/142 440/55/232 439/197/231
f 436/199/229 441/201/228 440/55/232
f 439/197/231 440/55/232 442/200/233
f 443/202/234 440/55/232 441/201/228
f 440/55/232 443/202/234 442/200/233
f 338/164/179 440/55/232 444/56/235
f 338/164/179 444/56/235 445/203/173
f 445/203/173 339/165/180 338/164/179
f 445/203/173 444/56/235 446/58/236
f 339/165/180 445/203/173 447/215/173
f 445/203/173 446/58/236 448/205/174
f 447/215/173 445/203/173 448/205/174
f 447/215/173 448/205/174 449/206/174
f 448/205/174 446/58/236 450/59/175
f 448/205/174 451/209/175 449/206/174
f 450/59/175 452/207/175 448/205/174
f 452/207/175 451/209/175 448/205/174
f 453/208/176 452/207/175 450/59/175
f 452/207/175 454/212/237 451/209/175
f 452/207/175 453/208/176 455/210/237
f 454/212/237 452/207/175 455/210/237
f 456/211/238 455/210/237 453/208/176
f 455/210/237 457/214/167 454/212/237
f 455/210/237 456/211/238 458/213/178
f 458/213/178 457/214/167 455/210/237
f 459/136/239 276/126/131 460/137/239
f 276/126/131 459/136/239 277/127/131
f 283/132/137 460/137/239 276/126/131
f 461/138/240 460/137/239 283/132/137
f 460/137/239 461/138/240 462/139/240
f 459/136/239 460/137/239 462/139/240
f 462/139/240 463/140/240 459/136/239
f 459/136/239 463/140/240 464/141/241
f 465/216/242 466/217/242 467/218/242
f 467/218/242 466/217/242 468/219/242
f 469/220/242 470/221/242 471/222/242
f 470/221/242 469/220/242 472/223/242
f 473/217/242 474/218/242 475/216/242
f 474/218/242 473/217/242 476/219/242
f 477/222/242 478/220/242 479/221/242
f 479/221/242 478/220/242 480/223/242
f 481/224/242 482/225/242 483/226/242
f 481/224/242 483/226/242 484/227/242
f 485/111/119 486/110/243 487/111/119
f 488/112/121 485/111/119 487/111/119
f 489/228/244 490/213/245 491/229/244
f 490/213/245 489/228/244 492/211/246
f 490/213/245 493/214/247 491/229/244
f 494/230/244 491/229/244 493/214/247
f 495/231/244 496/12/245 497/232/244
f 497/232/244 496/12/245 498/14/248
f 496/12/245 495/231/244 499/146/245
f 500/233/244 501/234/244 502/162/246
f 500/233/244 502/162/246 503/189/246
f 504/235/249 505/236/244 506/182/250
f 504/235/249 506/182/250 507/161/245
f 508/237/251 509/238/252 510/239/253
f 511/240/254 509/238/252 508/237/251
f 512/241/255 511/240/254 508/237/251
f 511/240/254 512/241/255 513/242/256
f 512/241/255 514/243/257 513/242/256
f 514/243/257 512/241/255 515/244/257
f 516/245/253 509/238/252 511/240/254
f 517/246/254 509/238/252 516/245/253
f 517/246/254 516/245/253 518/247/258
f 518/247/258 516/245/253 519/248/259
f 518/247/258 519/248/259 520/249/257
f 518/247/258 520/249/257 521/250/260
f 509/238/252 517/246/254 522/5/252
f 509/238/252 522/5/252 523/251/261
f 524/7/261 523/251/261 522/5/252
f 522/5/252 517/246/254 525/252/253
f 522/5/252 525/252/253 526/2/262
f 527/253/263 526/2/262 525/252/253
f 526/2/262 527/253/263 528/254/257
f 526/2/262 528/254/257 529/4/257
f 530/228/264 531/229/264 532/213/265
f 530/228/264 532/213/265 533/211/266
f 531/229/264 534/214/267 532/213/265
f 531/229/264 535/230/264 534/214/267
f 509/238/252 536/255/268 537/256/269
f 536/255/268 509/238/252 538/257/240
f 523/251/261 538/257/240 509/238/252
f 539/258/257 537/256/269 540/259/257
f 537/256/269 539/258/257 541/260/270
f 509/238/252 537/256/269 541/260/270
f 539/258/257 542/261/257 541/260/270
f 543/262/271 541/260/270 542/261/257
f 510/239/253 541/260/270 543/262/271
f 510/239/253 509/238/252 541/260/270
f 544/232/264 545/12/266 546/231/272
f 546/231/272 545/12/266 547/146/273
f 545/12/266 544/232/264 548/14/267
f 549/235/264 550/162/273 551/234/264
f 550/162/273 549/235/264 552/161/266
f 553/256/274 554/260/275 555/258/276
f 553/256/274 555/258/276 556/259/276
f 557/262/277 555/258/276 554/260/275
f 555/258/276 557/262/277 558/261/276
f 554/260/275 559/239/278 557/262/277
f 553/256/274 560/238/279 554/260/275
f 560/238/279 559/239/278 554/260/275
f 560/238/279 553/256/274 561/255/280
f 562/257/281 560/238/279 561/255/280
f 563/237/278 559/239/278 560/238/279
f 560/238/279 562/257/281 564/251/281
f 560/238/279 565/246/282 563/237/278
f 563/237/278 565/246/282 566/241/283
f 564/251/281 567/5/279 560/238/279
f 565/246/282 560/238/279 567/5/279
f 564/251/281 568/7/281 567/5/279
f 566/241/283 565/246/282 569/247/284
f 569/247/284 570/244/276 566/241/283
f 570/244/276 569/247/284 571/250/276
f 565/246/282 567/5/279 572/252/278
f 572/252/278 567/5/279 573/2/285
f 573/2/285 574/253/286 572/252/278
f 574/253/286 573/2/285 575/254/287
f 576/4/276 575/254/287 573/2/285
f 577/122/288 578/122/116 579/121/289
f 580/121/290 579/121/289 578/122/116
f 581/119/291 579/121/289 580/121/290
f 579/121/289 581/119/291 582/119/291
f 581/119/292 583/118/293 584/120/294
f 583/118/293 581/119/292 585/118/295
f 586/63/296 583/118/293 585/118/295
f 583/118/293 586/63/296 587/63/297
f 588/263/1 589/264/1 590/265/1
f 588/263/1 591/266/1 589/264/1
f 592/267/1 591/266/1 588/263/1
f 593/268/3 591/266/1 592/267/1
f 591/266/1 593/268/3 594/269/1
f 594/269/1 593/268/3 595/270/1
f 595/270/1 593/268/3 596/271/1
f 596/271/1 593/268/3 597/272/1
f 598/17/14 599/15/14 600/273/14
f 599/15/14 598/17/14 601/274/14
f 601/274/14 598/17/14 602/19/14
f 599/15/14 603/275/15 600/273/14
f 603/275/15 599/15/14 604/21/14
f 603/275/15 604/21/14 605/22/14
f 603/275/15 605/22/14 606/23/14
f 603/275/15 606/23/14 607/24/14
f 608/25/14 609/26/14 610/27/14
f 608/25/14 611/28/14 609/26/14
f 612/29/14 611/28/14 608/25/14
f 613/30/15 611/28/14 612/29/14
f 611/28/14 613/30/15 614/31/14
f 614/31/14 613/30/15 615/32/14
f 615/32/14 613/30/15 616/33/14
f 616/33/14 613/30/15 617/34/14
f 618/70/27 619/66/27 620/276/27
f 620/276/27 619/66/27 621/64/27
f 621/64/27 622/67/27 620/276/27
f 622/67/27 621/64/27 623/68/27
f 619/66/27 618/70/27 624/69/27
f 625/71/27 624/69/27 618/70/27
f 624/69/27 625/71/27 626/72/27
f 624/69/27 626/72/27 627/73/27
f 628/81/27 629/82/27 630/83/27
f 628/81/27 631/277/27 629/82/27
f 632/80/27 631/277/27 628/81/27
f 631/277/27 632/80/27 633/74/27
f 634/75/27 633/74/27 632/80/27
f 633/74/27 634/75/27 635/76/27
f 635/76/27 634/75/27 636/77/27
f 636/77/27 634/75/27 637/78/27
o hell_rifle.001
v 0.110017 0.036973 0.331028
v 0.118717 0.028473 0.331028
v 0.118717 0.011473 0.331028
v 0.110017 0.002973 0.331028
v 0.101317 0.011473 0.331028
v 0.101317 0.028473 0.331028
v 0.110017 0.029873 0.312828
v 0.118717 0.022273 0.314928
v 0.118717 0.006973 0.319328
v 0.110017 -0.000727 0.321528
v 0.101317 0.006973 0.319328
v 0.101317 0.022273 0.314928
v 0.110017 0.010073 0.298228
v 0.118717 0.004773 0.302128
v 0.118717 -0.005827 0.309928
v 0.110017 -0.011127 0.313828
v 0.101317 -0.005827 0.309928
v 0.101317 0.004773 0.302128
v 0.110017 -0.018527 0.290128
v 0.118717 -0.020427 0.294928
v 0.118717 -0.024227 0.304728
v 0.110017 -0.026127 0.309628
v 0.101317 -0.024227 0.304728
v 0.101317 -0.020427 0.294928
v 0.110017 -0.050327 0.290128
v 0.118717 -0.048427 0.294928
v 0.118717 -0.044627 0.304728
v 0.110017 -0.042727 0.309628
v 0.101317 -0.044627 0.304728
v 0.101317 -0.048427 0.294928
v 0.110017 -0.078927 0.298228
v 0.118717 -0.073627 0.302128
v 0.118717 -0.063027 0.309928
v 0.110017 -0.057727 0.313828
v 0.101317 -0.063027 0.309928
v 0.101317 -0.073627 0.302128
v 0.110017 -0.098727 0.312828
v 0.118717 -0.091127 0.314928
v 0.118717 -0.075827 0.319328
v 0.110017 -0.068127 0.321528
v 0.101317 -0.075827 0.319328
v 0.101317 -0.091127 0.314928
v 0.110017 -0.105827 0.331028
v 0.118717 -0.097327 0.331028
v 0.118717 -0.080327 0.331028
v 0.110017 -0.071827 0.331028
v 0.101317 -0.080327 0.331028
v 0.101317 -0.097327 0.331028
v 0.110017 -0.098727 0.349228
v 0.118717 -0.091127 0.347128
v 0.118717 -0.075827 0.342728
v 0.110017 -0.068127 0.340528
v 0.101317 -0.075827 0.342728
v 0.101317 -0.091127 0.347128
v 0.110017 -0.078927 0.363828
v 0.118717 -0.073627 0.359928
v 0.118717 -0.063027 0.352128
v 0.110017 -0.057727 0.348228
v 0.101317 -0.063027 0.352128
v 0.101317 -0.073627 0.359928
v 0.110017 -0.050327 0.371928
v 0.118717 -0.048427 0.367128
v 0.118717 -0.044627 0.357328
v 0.110017 -0.042727 0.352428
v 0.101317 -0.044627 0.357328
v 0.101317 -0.048427 0.367128
v 0.110017 -0.018527 0.371928
v 0.118717 -0.020427 0.367128
v 0.118717 -0.024227 0.357328
v 0.110017 -0.026127 0.352428
v 0.101317 -0.024227 0.357328
v 0.101317 -0.020427 0.367128
v 0.110017 0.010073 0.363828
v 0.118717 0.004773 0.359928
v 0.118717 -0.005827 0.352128
v 0.110017 -0.011127 0.348228
v 0.101317 -0.005827 0.352128
v 0.101317 0.004773 0.359928
v 0.110017 0.029873 0.349228
v 0.118717 0.022273 0.347128
v 0.118717 0.006973 0.342728
v 0.110017 -0.000727 0.340528
v 0.101317 0.006973 0.342728
v 0.101317 0.022273 0.347128
v 0.110017 -0.013027 0.331028
v 0.110017 -0.021527 0.322328
v 0.110017 -0.038527 0.322328
v 0.110017 -0.047027 0.331028
v 0.110017 -0.038527 0.339728
v 0.110017 -0.021527 0.339728
v 0.128217 -0.020127 0.331028
v 0.126117 -0.027727 0.322328
v 0.121717 -0.043027 0.322328
v 0.119517 -0.050727 0.331028
v 0.121717 -0.043027 0.339728
v 0.126117 -0.027727 0.339728
v 0.142817 -0.039927 0.331028
v 0.138917 -0.045227 0.322328
v 0.131117 -0.055827 0.322328
v 0.127217 -0.061127 0.331028
v 0.131117 -0.055827 0.339728
v 0.138917 -0.045227 0.339728
v 0.150917 -0.068527 0.331028
v 0.146117 -0.070427 0.322328
v 0.136317 -0.074227 0.322328
v 0.131417 -0.076127 0.331028
v 0.136317 -0.074227 0.339728
v 0.146117 -0.070427 0.339728
v 0.150917 -0.100327 0.331028
v 0.146117 -0.098427 0.322328
v 0.136317 -0.094627 0.322328
v 0.131417 -0.092727 0.331028
v 0.136317 -0.094627 0.339728
v 0.146117 -0.098427 0.339728
v 0.142817 -0.128927 0.331028
v 0.138917 -0.123627 0.322328
v 0.131117 -0.113027 0.322328
v 0.127217 -0.107727 0.331028
v 0.131117 -0.113027 0.339728
v 0.138917 -0.123627 0.339728
v 0.128217 -0.148727 0.331028
v 0.126117 -0.141127 0.322328
v 0.121717 -0.125827 0.322328
v 0.119517 -0.118127 0.331028
v 0.121717 -0.125827 0.339728
v 0.126117 -0.141127 0.339728
v 0.110017 -0.155827 0.331028
v 0.110017 -0.147327 0.322328
v 0.110017 -0.130327 0.322328
v 0.110017 -0.121827 0.331028
v 0.110017 -0.130327 0.339728
v 0.110017 -0.147327 0.339728
v 0.091817 -0.148727 0.331028
v 0.093917 -0.141127 0.322328
v 0.098317 -0.125827 0.322328
v 0.100517 -0.118127 0.331028
v 0.098317 -0.125827 0.339728
v 0.093917 -0.141127 0.339728
v 0.077217 -0.128927 0.331028
v 0.081117 -0.123627 0.322328
v 0.088917 -0.113027 0.322328
v 0.092817 -0.107727 0.331028
v 0.088917 -0.113027 0.339728
v 0.081117 -0.123627 0.339728
v 0.069117 -0.100327 0.331028
v 0.073917 -0.098427 0.322328
v 0.083717 -0.094627 0.322328
v 0.088617 -0.092727 0.331028
v 0.083717 -0.094627 0.339728
v 0.073917 -0.098427 0.339728
v 0.069117 -0.068527 0.331028
v 0.073917 -0.070427 0.322328
v 0.083717 -0.074227 0.322328
v 0.088617 -0.076127 0.331028
v 0.083717 -0.074227 0.339728
v 0.073917 -0.070427 0.339728
v 0.077217 -0.039927 0.331028
v 0.081117 -0.045227 0.322328
v 0.088917 -0.055827 0.322328
v 0.092817 -0.061127 0.331028
v 0.088917 -0.055827 0.339728
v 0.081117 -0.045227 0.339728
v 0.091817 -0.020127 0.331028
v 0.093917 -0.027727 0.322328
v 0.098317 -0.043027 0.322328
v 0.100517 -0.050727 0.331028
v 0.098317 -0.043027 0.339728
v 0.093917 -0.027727 0.339728
v 0.110017 -0.063027 0.331028
v 0.118717 -0.071527 0.331028
v 0.118717 -0.088527 0.331028
v 0.110017 -0.097027 0.331028
v 0.101317 -0.088527 0.331028
v 0.101317 -0.071527 0.331028
v 0.110017 -0.070127 0.312828
v 0.118717 -0.077727 0.314928
v 0.118717 -0.093027 0.319328
v 0.110017 -0.100727 0.321528
v 0.101317 -0.093027 0.319328
v 0.101317 -0.077727 0.314928
v 0.110017 -0.089927 0.298228
v 0.118717 -0.095227 0.302128
v 0.118717 -0.105827 0.309928
v 0.110017 -0.111127 0.313828
v 0.101317 -0.105827 0.309928
v 0.101317 -0.095227 0.302128
v 0.110017 -0.118527 0.290128
v 0.118717 -0.120427 0.294928
v 0.118717 -0.124227 0.304728
v 0.110017 -0.126127 0.309628
v 0.101317 -0.124227 0.304728
v 0.101317 -0.120427 0.294928
v 0.110017 -0.150327 0.290128
v 0.118717 -0.148427 0.294928
v 0.118717 -0.144627 0.304728
v 0.110017 -0.142727 0.309628
v 0.101317 -0.144627 0.304728
v 0.101317 -0.148427 0.294928
v 0.110017 -0.178927 0.298228
v 0.118717 -0.173627 0.302128
v 0.118717 -0.163027 0.309928
v 0.110017 -0.157727 0.313828
v 0.101317 -0.163027 0.309928
v 0.101317 -0.173627 0.302128
v 0.110017 -0.198727 0.312828
v 0.118717 -0.191127 0.314928
v 0.118717 -0.175827 0.319328
v 0.110017 -0.168127 0.321528
v 0.101317 -0.175827 0.319328
v 0.101317 -0.191127 0.314928
v 0.110017 -0.205827 0.331028
v 0.118717 -0.197327 0.331028
v 0.118717 -0.180327 0.331028
v 0.110017 -0.171827 0.331028
v 0.101317 -0.180327 0.331028
v 0.101317 -0.197327 0.331028
v 0.110017 -0.198727 0.349228
v 0.118717 -0.191127 0.347128
v 0.118717 -0.175827 0.342728
v 0.110017 -0.168127 0.340528
v 0.101317 -0.175827 0.342728
v 0.101317 -0.191127 0.347128
v 0.110017 -0.178927 0.363828
v 0.118717 -0.173627 0.359928
v 0.118717 -0.163027 0.352128
v 0.110017 -0.157727 0.348228
v 0.101317 -0.163027 0.352128
v 0.101317 -0.173627 0.359928
v 0.110017 -0.150327 0.371928
v 0.118717 -0.148427 0.367128
v 0.118717 -0.144627 0.357328
v 0.110017 -0.142727 0.352428
v 0.101317 -0.144627 0.357328
v 0.101317 -0.148427 0.367128
v 0.110017 -0.118527 0.371928
v 0.118717 -0.120427 0.367128
v 0.118717 -0.124227 0.357328
v 0.110017 -0.126127 0.352428
v 0.101317 -0.124227 0.357328
v 0.101317 -0.120427 0.367128
v 0.110017 -0.089927 0.363828
v 0.118717 -0.095227 0.359928
v 0.118717 -0.105827 0.352128
v 0.110017 -0.111127 0.348228
v 0.101317 -0.105827 0.352128
v 0.101317 -0.095227 0.359928
v 0.110017 -0.070127 0.349228
v 0.118717 -0.077727 0.347128
v 0.118717 -0.093027 0.342728
v 0.110017 -0.100727 0.340528
v 0.101317 -0.093027 0.342728
v 0.101317 -0.077727 0.347128
v 0.110017 -0.113027 0.331028
v 0.110017 -0.121527 0.322328
v 0.110017 -0.138527 0.322328
v 0.110017 -0.147027 0.331028
v 0.110017 -0.138527 0.339728
v 0.110017 -0.121527 0.339728
v 0.128217 -0.120127 0.331028
v 0.126117 -0.127727 0.322328
v 0.121717 -0.143027 0.322328
v 0.119517 -0.150727 0.331028
v 0.121717 -0.143027 0.339728
v 0.126117 -0.127727 0.339728
v 0.142817 -0.139927 0.331028
v 0.138917 -0.145227 0.322328
v 0.131117 -0.155827 0.322328
v 0.127217 -0.161127 0.331028
v 0.131117 -0.155827 0.339728
v 0.138917 -0.145227 0.339728
v 0.150917 -0.168527 0.331028
v 0.146117 -0.170427 0.322328
v 0.136317 -0.174227 0.322328
v 0.131417 -0.176127 0.331028
v 0.136317 -0.174227 0.339728
v 0.146117 -0.170427 0.339728
v 0.150917 -0.200327 0.331028
v 0.146117 -0.198427 0.322328
v 0.136317 -0.194627 0.322328
v 0.131417 -0.192727 0.331028
v 0.136317 -0.194627 0.339728
v 0.146117 -0.198427 0.339728
v 0.142817 -0.228927 0.331028
v 0.138917 -0.223627 0.322328
v 0.131117 -0.213027 0.322328
v 0.127217 -0.207727 0.331028
v 0.131117 -0.213027 0.339728
v 0.138917 -0.223627 0.339728
v 0.128217 -0.248727 0.331028
v 0.126117 -0.241127 0.322328
v 0.121717 -0.225827 0.322328
v 0.119517 -0.218127 0.331028
v 0.121717 -0.225827 0.339728
v 0.126117 -0.241127 0.339728
v 0.110017 -0.255827 0.331028
v 0.110017 -0.247327 0.322328
v 0.110017 -0.230327 0.322328
v 0.110017 -0.221827 0.331028
v 0.110017 -0.230327 0.339728
v 0.110017 -0.247327 0.339728
v 0.091817 -0.248727 0.331028
v 0.093917 -0.241127 0.322328
v 0.098317 -0.225827 0.322328
v 0.100517 -0.218127 0.331028
v 0.098317 -0.225827 0.339728
v 0.093917 -0.241127 0.339728
v 0.077217 -0.228927 0.331028
v 0.081117 -0.223627 0.322328
v 0.088917 -0.213027 0.322328
v 0.092817 -0.207727 0.331028
v 0.088917 -0.213027 0.339728
v 0.081117 -0.223627 0.339728
v 0.069117 -0.200327 0.331028
v 0.073917 -0.198427 0.322328
v 0.083717 -0.194627 0.322328
v 0.088617 -0.192727 0.331028
v 0.083717 -0.194627 0.339728
v 0.073917 -0.198427 0.339728
v 0.069117 -0.168527 0.331028
v 0.073917 -0.170427 0.322328
v 0.083717 -0.174227 0.322328
v 0.088617 -0.176127 0.331028
v 0.083717 -0.174227 0.339728
v 0.073917 -0.170427 0.339728
v 0.077217 -0.139927 0.331028
v 0.081117 -0.145227 0.322328
v 0.088917 -0.155827 0.322328
v 0.092817 -0.161127 0.331028
v 0.088917 -0.155827 0.339728
v 0.081117 -0.145227 0.339728
v 0.091817 -0.120127 0.331028
v 0.093917 -0.127727 0.322328
v 0.098317 -0.143027 0.322328
v 0.100517 -0.150727 0.331028
v 0.098317 -0.143027 0.339728
v 0.093917 -0.127727 0.339728
v 0.110017 -0.163027 0.331028
v 0.118717 -0.171527 0.331028
v 0.118717 -0.188527 0.331028
v 0.110017 -0.197027 0.331028
v 0.101317 -0.188527 0.331028
v 0.101317 -0.171527 0.331028
v 0.110017 -0.170127 0.312828
v 0.118717 -0.177727 0.314928
v 0.118717 -0.193027 0.319328
v 0.110017 -0.200727 0.321528
v 0.101317 -0.193027 0.319328
v 0.101317 -0.177727 0.314928
v 0.110017 -0.189927 0.298228
v 0.118717 -0.195227 0.302128
v 0.118717 -0.205827 0.309928
v 0.110017 -0.211127 0.313828
v 0.101317 -0.205827 0.309928
v 0.101317 -0.195227 0.302128
v 0.110017 -0.218527 0.290128
v 0.118717 -0.220427 0.294928
v 0.118717 -0.224227 0.304728
v 0.110017 -0.226127 0.309628
v 0.101317 -0.224227 0.304728
v 0.101317 -0.220427 0.294928
v 0.110017 -0.250327 0.290128
v 0.118717 -0.248427 0.294928
v 0.118717 -0.244627 0.304728
v 0.110017 -0.242727 0.309628
v 0.101317 -0.244627 0.304728
v 0.101317 -0.248427 0.294928
v 0.110017 -0.278927 0.298228
v 0.118717 -0.273627 0.302128
v 0.118717 -0.263027 0.309928
v 0.110017 -0.257727 0.313828
v 0.101317 -0.263027 0.309928
v 0.101317 -0.273627 0.302128
v 0.110017 -0.298727 0.312828
v 0.118717 -0.291127 0.314928
v 0.118717 -0.275827 0.319328
v 0.110017 -0.268127 0.321528
v 0.101317 -0.275827 0.319328
v 0.101317 -0.291127 0.314928
v 0.110017 -0.305827 0.331028
v 0.118717 -0.297327 0.331028
v 0.118717 -0.280327 0.331028
v 0.110017 -0.271827 0.331028
v 0.101317 -0.280327 0.331028
v 0.101317 -0.297327 0.331028
v 0.110017 -0.298727 0.349228
v 0.118717 -0.291127 0.347128
v 0.118717 -0.275827 0.342728
v 0.110017 -0.268127 0.340528
v 0.101317 -0.275827 0.342728
v 0.101317 -0.291127 0.347128
v 0.110017 -0.278927 0.363828
v 0.118717 -0.273627 0.359928
v 0.118717 -0.263027 0.352128
v 0.110017 -0.257727 0.348228
v 0.101317 -0.263027 0.352128
v 0.101317 -0.273627 0.359928
v 0.110017 -0.250327 0.371928
v 0.118717 -0.248427 0.367128
v 0.118717 -0.244627 0.357328
v 0.110017 -0.242727 0.352428
v 0.101317 -0.244627 0.357328
v 0.101317 -0.248427 0.367128
v 0.110017 -0.218527 0.371928
v 0.118717 -0.220427 0.367128
v 0.118717 -0.224227 0.357328
v 0.110017 -0.226127 0.352428
v 0.101317 -0.224227 0.357328
v 0.101317 -0.220427 0.367128
v 0.110017 -0.189927 0.363828
v 0.118717 -0.195227 0.359928
v 0.118717 -0.205827 0.352128
v 0.110017 -0.211127 0.348228
v 0.101317 -0.205827 0.352128
v 0.101317 -0.195227 0.359928
v 0.110017 -0.170127 0.349228
v 0.118717 -0.177727 0.347128
v 0.118717 -0.193027 0.342728
v 0.110017 -0.200727 0.340528
v 0.101317 -0.193027 0.342728
v 0.101317 -0.177727 0.347128
v 0.110017 -0.213027 0.331028
v 0.110017 -0.221527 0.322328
v 0.110017 -0.238527 0.322328
v 0.110017 -0.247027 0.331028
v 0.110017 -0.238527 0.339728
v 0.110017 -0.221527 0.339728
v 0.128217 -0.220127 0.331028
v 0.126117 -0.227727 0.322328
v 0.121717 -0.243027 0.322328
v 0.119517 -0.250727 0.331028
v 0.121717 -0.243027 0.339728
v 0.126117 -0.227727 0.339728
v 0.142817 -0.239927 0.331028
v 0.138917 -0.245227 0.322328
v 0.131117 -0.255827 0.322328
v 0.127217 -0.261127 0.331028
v 0.131117 -0.255827 0.339728
v 0.138917 -0.245227 0.339728
v 0.150917 -0.268527 0.331028
v 0.146117 -0.270427 0.322328
v 0.136317 -0.274227 0.322328
v 0.131417 -0.276127 0.331028
v 0.136317 -0.274227 0.339728
v 0.146117 -0.270427 0.339728
v 0.150917 -0.300327 0.331028
v 0.146117 -0.298427 0.322328
v 0.136317 -0.294627 0.322328
v 0.131417 -0.292727 0.331028
v 0.136317 -0.294627 0.339728
v 0.146117 -0.298427 0.339728
v 0.142817 -0.328927 0.331028
v 0.138917 -0.323627 0.322328
v 0.131117 -0.313027 0.322328
v 0.127217 -0.307727 0.331028
v 0.131117 -0.313027 0.339728
v 0.138917 -0.323627 0.339728
v 0.128217 -0.348727 0.331028
v 0.126117 -0.341127 0.322328
v 0.121717 -0.325827 0.322328
v 0.119517 -0.318127 0.331028
v 0.121717 -0.325827 0.339728
v 0.126117 -0.341127 0.339728
v 0.110017 -0.355827 0.331028
v 0.110017 -0.347327 0.322328
v 0.110017 -0.330327 0.322328
v 0.110017 -0.321827 0.331028
v 0.110017 -0.330327 0.339728
v 0.110017 -0.347327 0.339728
v 0.091817 -0.348727 0.331028
v 0.093917 -0.341127 0.322328
v 0.098317 -0.325827 0.322328
v 0.100517 -0.318127 0.331028
v 0.098317 -0.325827 0.339728
v 0.093917 -0.341127 0.339728
v 0.077217 -0.328927 0.331028
v 0.081117 -0.323627 0.322328
v 0.088917 -0.313027 0.322328
v 0.092817 -0.307727 0.331028
v 0.088917 -0.313027 0.339728
v 0.081117 -0.323627 0.339728
v 0.069117 -0.300327 0.331028
v 0.073917 -0.298427 0.322328
v 0.083717 -0.294627 0.322328
v 0.088617 -0.292727 0.331028
v 0.083717 -0.294627 0.339728
v 0.073917 -0.298427 0.339728
v 0.069117 -0.268527 0.331028
v 0.073917 -0.270427 0.322328
v 0.083717 -0.274227 0.322328
v 0.088617 -0.276127 0.331028
v 0.083717 -0.274227 0.339728
v 0.073917 -0.270427 0.339728
v 0.077217 -0.239927 0.331028
v 0.081117 -0.245227 0.322328
v 0.088917 -0.255827 0.322328
v 0.092817 -0.261127 0.331028
v 0.088917 -0.255827 0.339728
v 0.081117 -0.245227 0.339728
v 0.091817 -0.220127 0.331028
v 0.093917 -0.227727 0.322328
v 0.098317 -0.243027 0.322328
v 0.100517 -0.250727 0.331028
v 0.098317 -0.243027 0.339728
v 0.093917 -0.227727 0.339728
v 0.110017 -0.263027 0.331028
v 0.118717 -0.271527 0.331028
v 0.118717 -0.288527 0.331028
v 0.110017 -0.297027 0.331028
v 0.101317 -0.288527 0.331028
v 0.101317 -0.271527 0.331028
v 0.110017 -0.270127 0.312828
v 0.118717 -0.277727 0.314928
v 0.118717 -0.293027 0.319328
v 0.110017 -0.300727 0.321528
v 0.101317 -0.293027 0.319328
v 0.101317 -0.277727 0.314928
v 0.110017 -0.289927 0.298228
v 0.118717 -0.295227 0.302128
v 0.118717 -0.305827 0.309928
v 0.110017 -0.311127 0.313828
v 0.101317 -0.305827 0.309928
v 0.101317 -0.295227 0.302128
v 0.110017 -0.318527 0.290128
v 0.118717 -0.320427 0.294928
v 0.118717 -0.324227 0.304728
v 0.110017 -0.326127 0.309628
v 0.101317 -0.324227 0.304728
v 0.101317 -0.320427 0.294928
v 0.110017 -0.350327 0.290128
v 0.118717 -0.348427 0.294928
v 0.118717 -0.344627 0.304728
v 0.110017 -0.342727 0.309628
v 0.101317 -0.344627 0.304728
v 0.101317 -0.348427 0.294928
v 0.110017 -0.378927 0.298228
v 0.118717 -0.373627 0.302128
v 0.118717 -0.363027 0.309928
v 0.110017 -0.357727 0.313828
v 0.101317 -0.363027 0.309928
v 0.101317 -0.373627 0.302128
v 0.110017 -0.398727 0.312828
v 0.118717 -0.391127 0.314928
v 0.118717 -0.375827 0.319328
v 0.110017 -0.368127 0.321528
v 0.101317 -0.375827 0.319328
v 0.101317 -0.391127 0.314928
v 0.110017 -0.405827 0.331028
v 0.118717 -0.397327 0.331028
v 0.118717 -0.380327 0.331028
v 0.110017 -0.371827 0.331028
v 0.101317 -0.380327 0.331028
v 0.101317 -0.397327 0.331028
v 0.110017 -0.398727 0.349228
v 0.118717 -0.391127 0.347128
v 0.118717 -0.375827 0.342728
v 0.110017 -0.368127 0.340528
v 0.101317 -0.375827 0.342728
v 0.101317 -0.391127 0.347128
v 0.110017 -0.378927 0.363828
v 0.118717 -0.373627 0.359928
v 0.118717 -0.363027 0.352128
v 0.110017 -0.357727 0.348228
v 0.101317 -0.363027 0.352128
v 0.101317 -0.373627 0.359928
v 0.110017 -0.350327 0.371928
v 0.118717 -0.348427 0.367128
v 0.118717 -0.344627 0.357328
v 0.110017 -0.342727 0.352428
v 0.101317 -0.344627 0.357328
v 0.101317 -0.348427 0.367128
v 0.110017 -0.318527 0.371928
v 0.118717 -0.320427 0.367128
v 0.118717 -0.324227 0.357328
v 0.110017 -0.326127 0.352428
v 0.101317 -0.324227 0.357328
v 0.101317 -0.320427 0.367128
v 0.110017 -0.289927 0.363828
v 0.118717 -0.295227 0.359928
v 0.118717 -0.305827 0.352128
v 0.110017 -0.311127 0.348228
v 0.101317 -0.305827 0.352128
v 0.101317 -0.295227 0.359928
v 0.110017 -0.270127 0.349228
v 0.118717 -0.277727 0.347128
v 0.118717 -0.293027 0.342728
v 0.110017 -0.300727 0.340528
v 0.101317 -0.293027 0.342728
v 0.101317 -0.277727 0.347128
v 0.110017 -0.313027 0.331028
v 0.110017 -0.321527 0.322328
v 0.110017 -0.338527 0.322328
v 0.110017 -0.347027 0.331028
v 0.110017 -0.338527 0.339728
v 0.110017 -0.321527 0.339728
v 0.128217 -0.320127 0.331028
v 0.126117 -0.327727 0.322328
v 0.121717 -0.343027 0.322328
v 0.119517 -0.350727 0.331028
v 0.121717 -0.343027 0.339728
v 0.126117 -0.327727 0.339728
v 0.142817 -0.339927 0.331028
v 0.138917 -0.345227 0.322328
v 0.131117 -0.355827 0.322328
v 0.127217 -0.361127 0.331028
v 0.131117 -0.355827 0.339728
v 0.138917 -0.345227 0.339728
v 0.150917 -0.368527 0.331028
v 0.146117 -0.370427 0.322328
v 0.136317 -0.374227 0.322328
v 0.131417 -0.376127 0.331028
v 0.136317 -0.374227 0.339728
v 0.146117 -0.370427 0.339728
v 0.150917 -0.400327 0.331028
v 0.146117 -0.398427 0.322328
v 0.136317 -0.394627 0.322328
v 0.131417 -0.392727 0.331028
v 0.136317 -0.394627 0.339728
v 0.146117 -0.398427 0.339728
v 0.142817 -0.428927 0.331028
v 0.138917 -0.423627 0.322328
v 0.131117 -0.413027 0.322328
v 0.127217 -0.407727 0.331028
v 0.131117 -0.413027 0.339728
v 0.138917 -0.423627 0.339728
v 0.128217 -0.448727 0.331028
v 0.126117 -0.441127 0.322328
v 0.121717 -0.425827 0.322328
v 0.119517 -0.418127 0.331028
v 0.121717 -0.425827 0.339728
v 0.126117 -0.441127 0.339728
v 0.110017 -0.455827 0.331028
v 0.110017 -0.447327 0.322328
v 0.110017 -0.430327 0.322328
v 0.110017 -0.421827 0.331028
v 0.110017 -0.430327 0.339728
v 0.110017 -0.447327 0.339728
v 0.091817 -0.448727 0.331028
v 0.093917 -0.441127 0.322328
v 0.098317 -0.425827 0.322328
v 0.100517 -0.418127 0.331028
v 0.098317 -0.425827 0.339728
v 0.093917 -0.441127 0.339728
v 0.077217 -0.428927 0.331028
v 0.081117 -0.423627 0.322328
v 0.088917 -0.413027 0.322328
v 0.092817 -0.407727 0.331028
v 0.088917 -0.413027 0.339728
v 0.081117 -0.423627 0.339728
v 0.069117 -0.400327 0.331028
v 0.073917 -0.398427 0.322328
v 0.083717 -0.394627 0.322328
v 0.088617 -0.392727 0.331028
v 0.083717 -0.394627 0.339728
v 0.073917 -0.398427 0.339728
v 0.069117 -0.368527 0.331028
v 0.073917 -0.370427 0.322328
v 0.083717 -0.374227 0.322328
v 0.088617 -0.376127 0.331028
v 0.083717 -0.374227 0.339728
v 0.073917 -0.370427 0.339728
v 0.077217 -0.339927 0.331028
v 0.081117 -0.345227 0.322328
v 0.088917 -0.355827 0.322328
v 0.092817 -0.361127 0.331028
v 0.088917 -0.355827 0.339728
v 0.081117 -0.345227 0.339728
v 0.091817 -0.320127 0.331028
v 0.093917 -0.327727 0.322328
v 0.098317 -0.343027 0.322328
v 0.100517 -0.350727 0.331028
v 0.098317 -0.343027 0.339728
v 0.093917 -0.327727 0.339728
v 0.110017 -0.363027 0.331028
v 0.118717 -0.371527 0.331028
v 0.118717 -0.388527 0.331028
v 0.110017 -0.397027 0.331028
v 0.101317 -0.388527 0.331028
v 0.101317 -0.371527 0.331028
v 0.110017 -0.370127 0.312828
v 0.118717 -0.377727 0.314928
v 0.118717 -0.393027 0.319328
v 0.110017 -0.400727 0.321528
v 0.101317 -0.393027 0.319328
v 0.101317 -0.377727 0.314928
v 0.110017 -0.389927 0.298228
v 0.118717 -0.395227 0.302128
v 0.118717 -0.405827 0.309928
v 0.110017 -0.411127 0.313828
v 0.101317 -0.405827 0.309928
v 0.101317 -0.395227 0.302128
v 0.110017 -0.418527 0.290128
v 0.118717 -0.420427 0.294928
v 0.118717 -0.424227 0.304728
v 0.110017 -0.426127 0.309628
v 0.101317 -0.424227 0.304728
v 0.101317 -0.420427 0.294928
v 0.110017 -0.450327 0.290128
v 0.118717 -0.448427 0.294928
v 0.118717 -0.444627 0.304728
v 0.110017 -0.442727 0.309628
v 0.101317 -0.444627 0.304728
v 0.101317 -0.448427 0.294928
v 0.110017 -0.478927 0.298228
v 0.118717 -0.473627 0.302128
v 0.118717 -0.463027 0.309928
v 0.110017 -0.457727 0.313828
v 0.101317 -0.463027 0.309928
v 0.101317 -0.473627 0.302128
v 0.110017 -0.498727 0.312828
v 0.118717 -0.491127 0.314928
v 0.118717 -0.475827 0.319328
v 0.110017 -0.468127 0.321528
v 0.101317 -0.475827 0.319328
v 0.101317 -0.491127 0.314928
v 0.110017 -0.505827 0.331028
v 0.118717 -0.497327 0.331028
v 0.118717 -0.480327 0.331028
v 0.110017 -0.471827 0.331028
v 0.101317 -0.480327 0.331028
v 0.101317 -0.497327 0.331028
v 0.110017 -0.498727 0.349228
v 0.118717 -0.491127 0.347128
v 0.118717 -0.475827 0.342728
v 0.110017 -0.468127 0.340528
v 0.101317 -0.475827 0.342728
v 0.101317 -0.491127 0.347128
v 0.110017 -0.478927 0.363828
v 0.118717 -0.473627 0.359928
v 0.118717 -0.463027 0.352128
v 0.110017 -0.457727 0.348228
v 0.101317 -0.463027 0.352128
v 0.101317 -0.473627 0.359928
v 0.110017 -0.450327 0.371928
v 0.118717 -0.448427 0.367128
v 0.118717 -0.444627 0.357328
v 0.110017 -0.442727 0.352428
v 0.101317 -0.444627 0.357328
v 0.101317 -0.448427 0.367128
v 0.110017 -0.418527 0.371928
v 0.118717 -0.420427 0.367128
v 0.118717 -0.424227 0.357328
v 0.110017 -0.426127 0.352428
v 0.101317 -0.424227 0.357328
v 0.101317 -0.420427 0.367128
v 0.110017 -0.389927 0.363828
v 0.118717 -0.395227 0.359928
v 0.118717 -0.405827 0.352128
v 0.110017 -0.411127 0.348228
v 0.101317 -0.405827 0.352128
v 0.101317 -0.395227 0.359928
v 0.110017 -0.370127 0.349228
v 0.118717 -0.377727 0.347128
v 0.118717 -0.393027 0.342728
v 0.110017 -0.400727 0.340528
v 0.101317 -0.393027 0.342728
v 0.101317 -0.377727 0.347128
v 0.110017 -0.413027 0.331028
v 0.110017 -0.421527 0.322328
v 0.110017 -0.438527 0.322328
v 0.110017 -0.447027 0.331028
v 0.110017 -0.438527 0.339728
v 0.110017 -0.421527 0.339728
v 0.128217 -0.420127 0.331028
v 0.126117 -0.427727 0.322328
v 0.121717 -0.443027 0.322328
v 0.119517 -0.450727 0.331028
v 0.121717 -0.443027 0.339728
v 0.126117 -0.427727 0.339728
v 0.142817 -0.439927 0.331028
v 0.138917 -0.445227 0.322328
v 0.131117 -0.455827 0.322328
v 0.127217 -0.461127 0.331028
v 0.131117 -0.455827 0.339728
v 0.138917 -0.445227 0.339728
v 0.150917 -0.468527 0.331028
v 0.146117 -0.470427 0.322328
v 0.136317 -0.474227 0.322328
v 0.131417 -0.476127 0.331028
v 0.136317 -0.474227 0.339728
v 0.146117 -0.470427 0.339728
v 0.150917 -0.500327 0.331028
v 0.146117 -0.498427 0.322328
v 0.136317 -0.494627 0.322328
v 0.131417 -0.492727 0.331028
v 0.136317 -0.494627 0.339728
v 0.146117 -0.498427 0.339728
v 0.142817 -0.528927 0.331028
v 0.138917 -0.523627 0.322328
v 0.131117 -0.513027 0.322328
v 0.127217 -0.507727 0.331028
v 0.131117 -0.513027 0.339728
v 0.138917 -0.523627 0.339728
v 0.128217 -0.548727 0.331028
v 0.126117 -0.541127 0.322328
v 0.121717 -0.525827 0.322328
v 0.119517 -0.518127 0.331028
v 0.121717 -0.525827 0.339728
v 0.126117 -0.541127 0.339728
v 0.110017 -0.555827 0.331028
v 0.110017 -0.547327 0.322328
v 0.110017 -0.530327 0.322328
v 0.110017 -0.521827 0.331028
v 0.110017 -0.530327 0.339728
v 0.110017 -0.547327 0.339728
v 0.091817 -0.548727 0.331028
v 0.093917 -0.541127 0.322328
v 0.098317 -0.525827 0.322328
v 0.100517 -0.518127 0.331028
v 0.098317 -0.525827 0.339728
v 0.093917 -0.541127 0.339728
v 0.077217 -0.528927 0.331028
v 0.081117 -0.523627 0.322328
v 0.088917 -0.513027 0.322328
v 0.092817 -0.507727 0.331028
v 0.088917 -0.513027 0.339728
v 0.081117 -0.523627 0.339728
v 0.069117 -0.500327 0.331028
v 0.073917 -0.498427 0.322328
v 0.083717 -0.494627 0.322328
v 0.088617 -0.492727 0.331028
v 0.083717 -0.494627 0.339728
v 0.073917 -0.498427 0.339728
v 0.069117 -0.468527 0.331028
v 0.073917 -0.470427 0.322328
v 0.083717 -0.474227 0.322328
v 0.088617 -0.476127 0.331028
v 0.083717 -0.474227 0.339728
v 0.073917 -0.470427 0.339728
v 0.077217 -0.439927 0.331028
v 0.081117 -0.445227 0.322328
v 0.088917 -0.455827 0.322328
v 0.092817 -0.461127 0.331028
v 0.088917 -0.455827 0.339728
v 0.081117 -0.445227 0.339728
v 0.091817 -0.420127 0.331028
v 0.093917 -0.427727 0.322328
v 0.098317 -0.443027 0.322328
v 0.100517 -0.450727 0.331028
v 0.098317 -0.443027 0.339728
v 0.093917 -0.427727 0.339728
v 0.110017 -0.463027 0.331028
v 0.118717 -0.471527 0.331028
v 0.118717 -0.488527 0.331028
v 0.110017 -0.497027 0.331028
v 0.101317 -0.488527 0.331028
v 0.101317 -0.471527 0.331028
v 0.110017 -0.470127 0.312828
v 0.118717 -0.477727 0.314928
v 0.118717 -0.493027 0.319328
v 0.110017 -0.500727 0.321528
v 0.101317 -0.493027 0.319328
v 0.101317 -0.477727 0.314928
v 0.110017 -0.489927 0.298228
v 0.118717 -0.495227 0.302128
v 0.118717 -0.505827 0.309928
v 0.110017 -0.511127 0.313828
v 0.101317 -0.505827 0.309928
v 0.101317 -0.495227 0.302128
v 0.110017 -0.518527 0.290128
v 0.118717 -0.520427 0.294928
v 0.118717 -0.524227 0.304728
v 0.110017 -0.526127 0.309628
v 0.101317 -0.524227 0.304728
v 0.101317 -0.520427 0.294928
v 0.110017 -0.550327 0.290128
v 0.118717 -0.548427 0.294928
v 0.118717 -0.544627 0.304728
v 0.110017 -0.542727 0.309628
v 0.101317 -0.544627 0.304728
v 0.101317 -0.548427 0.294928
v 0.110017 -0.578927 0.298228
v 0.118717 -0.573627 0.302128
v 0.118717 -0.563027 0.309928
v 0.110017 -0.557727 0.313828
v 0.101317 -0.563027 0.309928
v 0.101317 -0.573627 0.302128
v 0.110017 -0.598727 0.312828
v 0.118717 -0.591127 0.314928
v 0.118717 -0.575827 0.319328
v 0.110017 -0.568127 0.321528
v 0.101317 -0.575827 0.319328
v 0.101317 -0.591127 0.314928
v 0.110017 -0.605827 0.331028
v 0.118717 -0.597327 0.331028
v 0.118717 -0.580327 0.331028
v 0.110017 -0.571827 0.331028
v 0.101317 -0.580327 0.331028
v 0.101317 -0.597327 0.331028
v 0.110017 -0.598727 0.349228
v 0.118717 -0.591127 0.347128
v 0.118717 -0.575827 0.342728
v 0.110017 -0.568127 0.340528
v 0.101317 -0.575827 0.342728
v 0.101317 -0.591127 0.347128
v 0.110017 -0.578927 0.363828
v 0.118717 -0.573627 0.359928
v 0.118717 -0.563027 0.352128
v 0.110017 -0.557727 0.348228
v 0.101317 -0.563027 0.352128
v 0.101317 -0.573627 0.359928
v 0.110017 -0.550327 0.371928
v 0.118717 -0.548427 0.367128
v 0.118717 -0.544627 0.357328
v 0.110017 -0.542727 0.352428
v 0.101317 -0.544627 0.357328
v 0.101317 -0.548427 0.367128
v 0.110017 -0.518527 0.371928
v 0.118717 -0.520427 0.367128
v 0.118717 -0.524227 0.357328
v 0.110017 -0.526127 0.352428
v 0.101317 -0.524227 0.357328
v 0.101317 -0.520427 0.367128
v 0.110017 -0.489927 0.363828
v 0.118717 -0.495227 0.359928
v 0.118717 -0.505827 0.352128
v 0.110017 -0.511127 0.348228
v 0.101317 -0.505827 0.352128
v 0.101317 -0.495227 0.359928
v 0.110017 -0.470127 0.349228
v 0.118717 -0.477727 0.347128
v 0.118717 -0.493027 0.342728
v 0.110017 -0.500727 0.340528
v 0.101317 -0.493027 0.342728
v 0.101317 -0.477727 0.347128
v 0.110017 -0.513027 0.331028
v 0.110017 -0.521527 0.322328
v 0.110017 -0.538527 0.322328
v 0.110017 -0.547027 0.331028
v 0.110017 -0.538527 0.339728
v 0.110017 -0.521527 0.339728
v 0.128217 -0.520127 0.331028
v 0.126117 -0.527727 0.322328
v 0.121717 -0.543027 0.322328
v 0.119517 -0.550727 0.331028
v 0.121717 -0.543027 0.339728
v 0.126117 -0.527727 0.339728
v 0.142817 -0.539927 0.331028
v 0.138917 -0.545227 0.322328
v 0.131117 -0.555827 0.322328
v 0.127217 -0.561127 0.331028
v 0.131117 -0.555827 0.339728
v 0.138917 -0.545227 0.339728
v 0.150917 -0.568527 0.331028
v 0.146117 -0.570427 0.322328
v 0.136317 -0.574227 0.322328
v 0.131417 -0.576127 0.331028
v 0.136317 -0.574227 0.339728
v 0.146117 -0.570427 0.339728
v 0.150917 -0.600327 0.331028
v 0.146117 -0.598427 0.322328
v 0.136317 -0.594627 0.322328
v 0.131417 -0.592727 0.331028
v 0.136317 -0.594627 0.339728
v 0.146117 -0.598427 0.339728
v 0.142817 -0.628927 0.331028
v 0.138917 -0.623627 0.322328
v 0.131117 -0.613027 0.322328
v 0.127217 -0.607727 0.331028
v 0.131117 -0.613027 0.339728
v 0.138917 -0.623627 0.339728
v 0.128217 -0.648727 0.331028
v 0.126117 -0.641127 0.322328
v 0.121717 -0.625827 0.322328
v 0.119517 -0.618127 0.331028
v 0.121717 -0.625827 0.339728
v 0.126117 -0.641127 0.339728
v 0.110017 -0.655827 0.331028
v 0.110017 -0.647327 0.322328
v 0.110017 -0.630327 0.322328
v 0.110017 -0.621827 0.331028
v 0.110017 -0.630327 0.339728
v 0.110017 -0.647327 0.339728
v 0.091817 -0.648727 0.331028
v 0.093917 -0.641127 0.322328
v 0.098317 -0.625827 0.322328
v 0.100517 -0.618127 0.331028
v 0.098317 -0.625827 0.339728
v 0.093917 -0.641127 0.339728
v 0.077217 -0.628927 0.331028
v 0.081117 -0.623627 0.322328
v 0.088917 -0.613027 0.322328
v 0.092817 -0.607727 0.331028
v 0.088917 -0.613027 0.339728
v 0.081117 -0.623627 0.339728
v 0.069117 -0.600327 0.331028
v 0.073917 -0.598427 0.322328
v 0.083717 -0.594627 0.322328
v 0.088617 -0.592727 0.331028
v 0.083717 -0.594627 0.339728
v 0.073917 -0.598427 0.339728
v 0.069117 -0.568527 0.331028
v 0.073917 -0.570427 0.322328
v 0.083717 -0.574227 0.322328
v 0.088617 -0.576127 0.331028
v 0.083717 -0.574227 0.339728
v 0.073917 -0.570427 0.339728
v 0.077217 -0.539927 0.331028
v 0.081117 -0.545227 0.322328
v 0.088917 -0.555827 0.322328
v 0.092817 -0.561127 0.331028
v 0.088917 -0.555827 0.339728
v 0.081117 -0.545227 0.339728
v 0.091817 -0.520127 0.331028
v 0.093917 -0.527727 0.322328
v 0.098317 -0.543027 0.322328
v 0.100517 -0.550727 0.331028
v 0.098317 -0.543027 0.339728
v 0.093917 -0.527727 0.339728
v 0.148317 -0.642027 0.331028
v 0.143117 -0.642027 0.311928
v 0.129117 -0.642027 0.297928
v 0.110017 -0.642027 0.292728
v 0.090917 -0.642027 0.297928
v 0.076917 -0.642027 0.311928
v 0.071717 -0.642027 0.331028
v 0.076917 -0.642027 0.350128
v 0.090917 -0.642027 0.364128
v 0.110017 -0.642027 0.369328
v 0.129117 -0.642027 0.364128
v 0.143117 -0.642027 0.350128
v 0.180717 -0.663727 0.331028
v 0.171217 -0.663727 0.295628
v 0.145417 -0.663727 0.269828
v 0.110017 -0.663727 0.260328
v 0.074617 -0.663727 0.269828
v 0.048817 -0.663727 0.295628
v 0.039317 -0.663727 0.331028
v 0.048817 -0.663727 0.366428
v 0.074617 -0.663727 0.392228
v 0.110017 -0.663727 0.401728
v 0.145417 -0.663727 0.392228
v 0.171217 -0.663727 0.366428
v 0.202417 -0.696127 0.331028
v 0.190017 -0.696127 0.284828
v 0.156217 -0.696127 0.251028
v 0.110017 -0.696127 0.238628
v 0.063817 -0.696127 0.251028
v 0.030017 -0.696127 0.284828
v 0.017617 -0.696127 0.331028
v 0.030017 -0.696127 0.377228
v 0.063817 -0.696127 0.411028
v 0.110017 -0.696127 0.423428
v 0.156217 -0.696127 0.411028
v 0.190017 -0.696127 0.377228
v 0.210017 -0.734427 0.331028
v 0.196617 -0.734427 0.281028
v 0.160017 -0.734427 0.244428
v 0.110017 -0.734427 0.231028
v 0.060017 -0.734427 0.244428
v 0.023417 -0.734427 0.281028
v 0.010017 -0.734427 0.331028
v 0.023417 -0.734427 0.381028
v 0.060017 -0.734427 0.417628
v 0.110017 -0.734427 0.431028
v 0.160017 -0.734427 0.417628
v 0.196617 -0.734427 0.381028
v 0.202417 -0.772727 0.331028
v 0.190017 -0.772727 0.284828
v 0.156217 -0.772727 0.251028
v 0.110017 -0.772727 0.238628
v 0.063817 -0.772727 0.251028
v 0.030017 -0.772727 0.284828
v 0.017617 -0.772727 0.331028
v 0.030017 -0.772727 0.377228
v 0.063817 -0.772727 0.411028
v 0.110017 -0.772727 0.423428
v 0.156217 -0.772727 0.411028
v 0.190017 -0.772727 0.377228
v 0.180717 -0.805127 0.331028
v 0.171217 -0.805127 0.295628
v 0.145417 -0.805127 0.269828
v 0.110017 -0.805127 0.260328
v 0.074617 -0.805127 0.269828
v 0.048817 -0.805127 0.295628
v 0.039317 -0.805127 0.331028
v 0.048817 -0.805127 0.366428
v 0.074617 -0.805127 0.392228
v 0.110017 -0.805127 0.401728
v 0.145417 -0.805127 0.392228
v 0.171217 -0.805127 0.366428
v 0.148317 -0.826827 0.331028
v 0.143117 -0.826827 0.311928
v 0.129117 -0.826827 0.297928
v 0.110017 -0.826827 0.292728
v 0.090917 -0.826827 0.297928
v 0.076917 -0.826827 0.311928
v 0.071717 -0.826827 0.331028
v 0.076917 -0.826827 0.350128
v 0.090917 -0.826827 0.364128
v 0.110017 -0.826827 0.369328
v 0.129117 -0.826827 0.364128
v 0.143117 -0.826827 0.350128
v 0.110017 -0.634427 0.331028
v 0.110017 -0.834427 0.331028
v 0.200017 -0.759427 0.331028
v 0.200017 -0.746927 0.309328
v 0.200017 -0.721927 0.309328
v 0.200017 -0.709427 0.331028
v 0.200017 -0.721927 0.352728
v 0.200017 -0.746927 0.352728
v 0.290017 -0.737427 0.331028
v 0.290017 -0.735927 0.328428
v 0.290017 -0.732927 0.328428
v 0.290017 -0.731427 0.331028
v 0.290017 -0.732927 0.333628
v 0.290017 -0.735927 0.333628
v 0.200017 -0.734427 0.331028
v 0.290017 -0.734427 0.331028
v 0.020017 -0.759427 0.331028
v 0.020017 -0.746927 0.352728
v 0.020017 -0.721927 0.352728
v 0.020017 -0.709427 0.331028
v 0.020017 -0.721927 0.309328
v 0.020017 -0.746927 0.309328
v -0.069983 -0.737427 0.331028
v -0.069983 -0.735927 0.333628
v -0.069983 -0.732927 0.333628
v -0.069983 -0.731427 0.331028
v -0.069983 -0.732927 0.328428
v -0.069983 -0.735927 0.328428
v 0.020017 -0.734427 0.331028
v -0.069983 -0.734427 0.331028
v 0.110017 -0.759427 0.241028
v 0.088317 -0.746927 0.241028
v 0.088317 -0.721927 0.241028
v 0.110017 -0.709427 0.241028
v 0.131717 -0.721927 0.241028
v 0.131717 -0.746927 0.241028
v 0.110017 -0.737427 0.151028
v 0.107417 -0.735927 0.151028
v 0.107417 -0.732927 0.151028
v 0.110017 -0.731427 0.151028
v 0.112617 -0.732927 0.151028
v 0.112617 -0.735927 0.151028
v 0.110017 -0.734427 0.241028
v 0.110017 -0.734427 0.151028
v 0.110017 -0.759427 0.421028
v 0.131717 -0.746927 0.421028
v 0.131717 -0.721927 0.421028
v 0.110017 -0.709427 0.421028
v 0.088317 -0.721927 0.421028
v 0.088317 -0.746927 0.421028
v 0.110017 -0.737427 0.511028
v 0.112617 -0.735927 0.511028
v 0.112617 -0.732927 0.511028
v 0.110017 -0.731427 0.511028
v 0.107417 -0.732927 0.511028
v 0.107417 -0.735927 0.511028
v 0.110017 -0.734427 0.421028
v 0.110017 -0.734427 0.511028
v 0.085017 -0.824427 0.331028
v 0.097517 -0.824427 0.309328
v 0.122517 -0.824427 0.309328
v 0.135017 -0.824427 0.331028
v 0.122517 -0.824427 0.352728
v 0.097517 -0.824427 0.352728
v 0.107017 -0.914427 0.331028
v 0.108517 -0.914427 0.328428
v 0.111517 -0.914427 0.328428
v 0.113017 -0.914427 0.331028
v 0.111517 -0.914427 0.333628
v 0.108517 -0.914427 0.333628
v 0.110017 -0.824427 0.331028
v 0.110017 -0.914427 0.331028
v 0.173617 -0.759427 0.267428
v 0.158317 -0.746927 0.252128
v 0.158317 -0.721927 0.252128
v 0.173617 -0.709427 0.267428
v 0.188917 -0.721927 0.282728
v 0.188917 -0.746927 0.282728
v 0.237317 -0.737427 0.203728
v 0.235417 -0.735927 0.201928
v 0.235417 -0.732927 0.201928
v 0.237317 -0.731427 0.203728
v 0.239117 -0.732927 0.205628
v 0.239117 -0.735927 0.205628
v 0.173617 -0.734427 0.267428
v 0.237317 -0.734427 0.203728
v 0.046417 -0.759427 0.267428
v 0.031117 -0.746927 0.282728
v 0.031117 -0.721927 0.282728
v 0.046417 -0.709427 0.267428
v 0.061717 -0.721927 0.252128
v 0.061717 -0.746927 0.252128
v -0.017283 -0.737427 0.203728
v -0.019083 -0.735927 0.205628
v -0.019083 -0.732927 0.205628
v -0.017283 -0.731427 0.203728
v -0.015383 -0.732927 0.201928
v -0.015383 -0.735927 0.201928
v 0.046417 -0.734427 0.267428
v -0.017283 -0.734427 0.203728
v 0.173617 -0.759427 0.394628
v 0.188917 -0.746927 0.379328
v 0.188917 -0.721927 0.379328
v 0.173617 -0.709427 0.394628
v 0.158317 -0.721927 0.409928
v 0.158317 -0.746927 0.409928
v 0.237317 -0.737427 0.458328
v 0.239117 -0.735927 0.456428
v 0.239117 -0.732927 0.456428
v 0.237317 -0.731427 0.458328
v 0.235417 -0.732927 0.460128
v 0.235417 -0.735927 0.460128
v 0.173617 -0.734427 0.394628
v 0.237317 -0.734427 0.458328
v 0.046417 -0.759427 0.394628
v 0.061717 -0.746927 0.409928
v 0.061717 -0.721927 0.409928
v 0.046417 -0.709427 0.394628
v 0.031117 -0.721927 0.379328
v 0.031117 -0.746927 0.379328
v -0.017283 -0.737427 0.458328
v -0.015383 -0.735927 0.460128
v -0.015383 -0.732927 0.460128
v -0.017283 -0.731427 0.458328
v -0.019083 -0.732927 0.456428
v -0.019083 -0.735927 0.456428
v 0.046417 -0.734427 0.394628
v -0.017283 -0.734427 0.458328
v 0.110017 -0.815727 0.285028
v 0.088317 -0.806927 0.276228
v 0.088317 -0.789227 0.258528
v 0.110017 -0.780427 0.249728
v 0.131717 -0.789227 0.258528
v 0.131717 -0.806927 0.276228
v 0.110017 -0.863827 0.205828
v 0.107417 -0.862727 0.204828
v 0.107417 -0.860627 0.202728
v 0.110017 -0.859627 0.201628
v 0.112617 -0.860627 0.202728
v 0.112617 -0.862727 0.204828
v 0.110017 -0.798027 0.267428
v 0.110017 -0.861727 0.203728
v 0.110017 -0.815727 0.377028
v 0.131717 -0.806927 0.385828
v 0.131717 -0.789227 0.403528
v 0.110017 -0.780427 0.412328
v 0.088317 -0.789227 0.403528
v 0.088317 -0.806927 0.385828
v 0.110017 -0.863827 0.456228
v 0.112617 -0.862727 0.457228
v 0.112617 -0.860627 0.459328
v 0.110017 -0.859627 0.460428
v 0.107417 -0.860627 0.459328
v 0.107417 -0.862727 0.457228
v 0.110017 -0.798027 0.394628
v 0.110017 -0.861727 0.458328
v 0.156017 -0.815727 0.331028
v 0.164817 -0.806927 0.309328
v 0.182517 -0.789227 0.309328
v 0.191317 -0.780427 0.331028
v 0.182517 -0.789227 0.352728
v 0.164817 -0.806927 0.352728
v 0.235217 -0.863827 0.331028
v 0.236217 -0.862727 0.328428
v 0.238317 -0.860627 0.328428
v 0.239417 -0.859627 0.331028
v 0.238317 -0.860627 0.333628
v 0.236217 -0.862727 0.333628
v 0.173617 -0.798027 0.331028
v 0.237317 -0.861727 0.331028
v 0.064017 -0.815727 0.331028
v 0.055217 -0.806927 0.352728
v 0.037517 -0.789227 0.352728
v 0.028717 -0.780427 0.331028
v 0.037517 -0.789227 0.309328
v 0.055217 -0.806927 0.309328
v -0.015183 -0.863827 0.331028
v -0.016183 -0.862727 0.333628
v -0.018283 -0.860627 0.333628
v -0.019383 -0.859627 0.331028
v -0.018283 -0.860627 0.328428
v -0.016183 -0.862727 0.328428
v 0.046417 -0.798027 0.331028
v -0.017283 -0.861727 0.331028
vn -0.6716 -0.6908 0.2679
vn -1.0000 -0.0000 -0.0000
vn -0.6746 0.6884 -0.2663
vn 0.6746 0.6884 -0.2663
vn 1.0000 -0.0000 -0.0000
vn 0.6716 -0.6908 0.2679
vn -0.5826 -0.4812 0.6550
vn -0.5872 0.4802 -0.6516
vn 0.5872 0.4802 -0.6516
vn 0.5826 -0.4812 0.6550
vn -0.5108 -0.2352 0.8269
vn -0.5138 0.2324 -0.8258
vn 0.5138 0.2324 -0.8258
vn 0.5108 -0.2352 0.8269
vn -0.4831 -0.0000 0.8756
vn -0.4907 -0.0000 -0.8713
vn 0.4907 -0.0000 -0.8713
vn 0.4831 -0.0000 0.8756
vn -0.5108 0.2352 0.8269
vn -0.5138 -0.2324 -0.8258
vn 0.5138 -0.2324 -0.8258
vn 0.5108 0.2352 0.8269
vn -0.5826 0.4812 0.6550
vn -0.5872 -0.4802 -0.6516
vn 0.5872 -0.4802 -0.6516
vn 0.5826 0.4812 0.6550
vn -0.6716 0.6908 0.2679
vn -0.6746 -0.6884 -0.2663
vn 0.6746 -0.6884 -0.2663
vn 0.6716 0.6908 0.2679
vn -0.6716 0.6908 -0.2679
vn -0.6746 -0.6884 0.2663
vn 0.6746 -0.6884 0.2663
vn 0.6716 0.6908 -0.2679
vn -0.5826 0.4812 -0.6550
vn -0.5872 -0.4802 0.6516
vn 0.5872 -0.4802 0.6516
vn 0.5826 0.4812 -0.6550
vn -0.5108 0.2352 -0.8269
vn -0.5138 -0.2324 0.8258
vn 0.5138 -0.2324 0.8258
vn 0.5108 0.2352 -0.8269
vn -0.4831 -0.0000 -0.8756
vn -0.4907 -0.0000 0.8713
vn 0.4907 -0.0000 0.8713
vn 0.4831 -0.0000 -0.8756
vn -0.5108 -0.2352 -0.8269
vn -0.5138 0.2324 0.8258
vn 0.5138 0.2324 0.8258
vn 0.5108 -0.2352 -0.8269
vn -0.5826 -0.4812 -0.6550
vn -0.5872 0.4802 0.6516
vn 0.5872 0.4802 0.6516
vn 0.5826 -0.4812 -0.6550
vn -0.6716 -0.6908 -0.2679
vn -0.6746 0.6884 0.2663
vn 0.6746 0.6884 0.2663
vn 0.6716 -0.6908 -0.2679
vn 0.2679 0.6908 -0.6716
vn -0.0000 -0.0000 -1.0000
vn -0.2663 -0.6884 -0.6746
vn -0.2663 -0.6884 0.6746
vn -0.0000 -0.0000 1.0000
vn 0.2679 0.6908 0.6716
vn 0.6550 0.4812 -0.5826
vn -0.6516 -0.4802 -0.5872
vn -0.6516 -0.4802 0.5872
vn 0.6550 0.4812 0.5826
vn 0.8269 0.2352 -0.5108
vn -0.8258 -0.2324 -0.5138
vn -0.8258 -0.2324 0.5138
vn 0.8269 0.2352 0.5108
vn 0.8756 -0.0000 -0.4831
vn -0.8713 -0.0000 -0.4907
vn -0.8713 -0.0000 0.4907
vn 0.8756 -0.0000 0.4831
vn 0.8269 -0.2352 -0.5108
vn -0.8258 0.2324 -0.5138
vn -0.8258 0.2324 0.5138
vn 0.8269 -0.2352 0.5108
vn 0.6550 -0.4812 -0.5826
vn -0.6516 0.4802 -0.5872
vn -0.6516 0.4803 0.5872
vn 0.6550 -0.4812 0.5826
vn 0.2679 -0.6908 -0.6716
vn -0.2663 0.6884 -0.6746
vn -0.2663 0.6884 0.6746
vn 0.2679 -0.6908 0.6716
vn -0.2679 -0.6908 -0.6716
vn 0.2663 0.6884 -0.6746
vn 0.2663 0.6884 0.6746
vn -0.2679 -0.6908 0.6716
vn -0.6550 -0.4812 -0.5826
vn 0.6516 0.4802 -0.5872
vn 0.6516 0.4802 0.5872
vn -0.6550 -0.4812 0.5826
vn -0.8269 -0.2352 -0.5108
vn 0.8258 0.2324 -0.5138
vn 0.8258 0.2324 0.5138
vn -0.8269 -0.2352 0.5108
vn -0.8756 -0.0000 -0.4831
vn 0.8713 -0.0000 -0.4907
vn 0.8713 -0.0000 0.4907
vn -0.8756 -0.0000 0.4831
vn -0.8269 0.2352 -0.5108
vn 0.8258 -0.2324 -0.5138
vn 0.8258 -0.2324 0.5138
vn -0.8269 0.2352 0.5108
vn -0.6550 0.4812 -0.5826
vn 0.6516 -0.4802 -0.5872
vn 0.6516 -0.4802 0.5872
vn -0.6550 0.4812 0.5826
vn -0.2679 0.6908 -0.6716
vn 0.2663 -0.6884 -0.6746
vn 0.2663 -0.6884 0.6746
vn -0.2679 0.6908 0.6716
vn -0.6516 -0.4803 0.5872
vn -0.6516 0.4802 0.5872
vn -0.1944 -0.9795 0.0529
vn -0.1944 0.9795 0.0529
vn -0.1426 -0.9795 0.1426
vn -0.1426 0.9795 0.1426
vn -0.0529 -0.9795 0.1944
vn -0.0529 0.9795 0.1944
vn 0.0529 -0.9795 0.1944
vn 0.0529 0.9795 0.1944
vn 0.1426 -0.9795 0.1426
vn 0.1426 0.9795 0.1426
vn 0.1944 -0.9795 0.0529
vn 0.1944 0.9795 0.0529
vn 0.1944 -0.9795 -0.0529
vn 0.1944 0.9795 -0.0529
vn 0.1426 -0.9795 -0.1426
vn 0.1426 0.9795 -0.1426
vn 0.0529 -0.9795 -0.1944
vn 0.0529 0.9795 -0.1944
vn -0.0529 -0.9795 -0.1944
vn -0.0529 0.9795 -0.1944
vn -0.1426 -0.9795 -0.1426
vn -0.1426 0.9795 -0.1426
vn -0.1944 -0.9795 -0.0529
vn -0.1944 0.9795 -0.0529
vn -0.5498 -0.8221 0.1483
vn -0.4020 -0.8226 0.4020
vn -0.1483 -0.8221 0.5498
vn 0.1483 -0.8221 0.5498
vn 0.4021 -0.8226 0.4020
vn 0.5498 -0.8221 0.1483
vn 0.5498 -0.8221 -0.1483
vn 0.4020 -0.8226 -0.4020
vn 0.1483 -0.8221 -0.5498
vn -0.1483 -0.8221 -0.5498
vn -0.4021 -0.8226 -0.4020
vn -0.5498 -0.8221 -0.1483
vn -0.8110 -0.5431 0.2176
vn -0.5940 -0.5426 0.5940
vn -0.2176 -0.5431 0.8110
vn 0.2176 -0.5431 0.8110
vn 0.5940 -0.5426 0.5940
vn 0.8110 -0.5431 0.2176
vn 0.8110 -0.5431 -0.2176
vn 0.5940 -0.5426 -0.5940
vn 0.2176 -0.5431 -0.8110
vn -0.2176 -0.5431 -0.8110
vn -0.5940 -0.5426 -0.5940
vn -0.8110 -0.5431 -0.2176
vn -0.9486 -0.1885 0.2544
vn -0.6944 -0.1886 0.6944
vn -0.2544 -0.1885 0.9486
vn 0.2544 -0.1885 0.9486
vn 0.6944 -0.1886 0.6944
vn 0.9486 -0.1885 0.2544
vn 0.9486 -0.1885 -0.2544
vn 0.6944 -0.1886 -0.6944
vn 0.2544 -0.1885 -0.9486
vn -0.2544 -0.1885 -0.9486
vn -0.6944 -0.1886 -0.6944
vn -0.9486 -0.1885 -0.2544
vn -0.9486 0.1885 0.2544
vn -0.6944 0.1886 0.6944
vn -0.2544 0.1885 0.9486
vn 0.2544 0.1885 0.9486
vn 0.6944 0.1886 0.6944
vn 0.9486 0.1885 0.2544
vn 0.9486 0.1885 -0.2544
vn 0.6944 0.1886 -0.6944
vn 0.2544 0.1885 -0.9486
vn -0.2544 0.1885 -0.9486
vn -0.6944 0.1886 -0.6944
vn -0.9486 0.1885 -0.2544
vn -0.8110 0.5431 0.2176
vn -0.5940 0.5426 0.5940
vn -0.2176 0.5431 0.8110
vn 0.2176 0.5431 0.8110
vn 0.5940 0.5426 0.5940
vn 0.8110 0.5431 0.2176
vn 0.8110 0.5431 -0.2176
vn 0.5940 0.5426 -0.5940
vn 0.2176 0.5431 -0.8110
vn -0.2176 0.5431 -0.8110
vn -0.5940 0.5426 -0.5940
vn -0.8110 0.5431 -0.2176
vn -0.5498 0.8221 0.1483
vn -0.4020 0.8226 0.4020
vn -0.1483 0.8221 0.5498
vn 0.1483 0.8221 0.5498
vn 0.4020 0.8226 0.4020
vn 0.5498 0.8221 0.1483
vn 0.5498 0.8221 -0.1483
vn 0.4021 0.8226 -0.4020
vn 0.1483 0.8221 -0.5498
vn -0.1483 0.8221 -0.5498
vn -0.4020 0.8226 -0.4020
vn -0.5498 0.8221 -0.1483
vn 0.2072 -0.8477 -0.4884
vn 0.2076 -0.0000 -0.9782
vn 0.2072 0.8477 -0.4884
vn 0.2072 0.8477 0.4884
vn 0.2076 -0.0000 0.9782
vn 0.2072 -0.8477 0.4884
vn -0.2072 -0.8477 0.4884
vn -0.2076 -0.0000 0.9782
vn -0.2072 0.8477 0.4884
vn -0.2072 0.8477 -0.4884
vn -0.2076 -0.0000 -0.9782
vn -0.2072 -0.8477 -0.4884
vn -0.4884 -0.8477 -0.2072
vn -0.9782 -0.0000 -0.2076
vn -0.4884 0.8477 -0.2072
vn 0.4884 0.8477 -0.2072
vn 0.9782 -0.0000 -0.2076
vn 0.4884 -0.8477 -0.2072
vn 0.4884 -0.8477 0.2072
vn 0.9782 -0.0000 0.2076
vn 0.4884 0.8477 0.2072
vn -0.4884 0.8477 0.2072
vn -0.9782 -0.0000 0.2076
vn -0.4884 -0.8477 0.2072
vn -0.8477 -0.2072 -0.4884
vn -0.0000 1.0000 -0.0000
vn -0.0000 -1.0000 -0.0000
vn -0.0000 -0.2076 -0.9782
vn 0.8477 -0.2072 -0.4884
vn 0.8477 -0.2072 0.4884
vn -0.0000 -0.2076 0.9782
vn -0.8477 -0.2072 0.4884
vn -0.1999 -0.8471 -0.4925
vn -0.7071 -0.0000 0.7071
vn 0.6877 -0.0000 -0.7260
vn -0.5456 -0.0000 -0.8380
vn 0.6878 -0.0000 -0.7259
vn -0.1999 0.8471 -0.4925
vn 0.4925 0.8471 0.1999
vn 0.7260 -0.0000 -0.6877
vn 0.8380 -0.0000 0.5456
vn 0.7259 -0.0000 -0.6878
vn 0.4925 -0.8471 0.1999
vn -0.4925 -0.8471 0.1999
vn 0.7071 -0.0000 0.7071
vn -0.7259 -0.0000 -0.6878
vn -0.8380 -0.0000 0.5456
vn -0.4925 0.8471 0.1999
vn 0.1999 0.8471 -0.4925
vn -0.6878 -0.0000 -0.7259
vn 0.5456 -0.0000 -0.8380
vn -0.6877 -0.0000 -0.7260
vn 0.1999 -0.8471 -0.4925
vn 0.4925 -0.8471 -0.1999
vn -0.7071 -0.0000 -0.7071
vn 0.7260 -0.0000 0.6877
vn 0.8380 -0.0000 -0.5456
vn 0.7259 -0.0000 0.6878
vn 0.4925 0.8471 -0.1999
vn -0.1999 0.8471 0.4925
vn 0.6877 -0.0000 0.7260
vn -0.5456 -0.0000 0.8380
vn 0.6878 -0.0000 0.7259
vn -0.1999 -0.8471 0.4925
vn 0.1999 -0.8471 0.4925
vn 0.7071 -0.0000 -0.7071
vn -0.6878 -0.0000 0.7259
vn 0.5456 -0.0000 0.8380
vn -0.6877 -0.0000 0.7260
vn 0.1999 0.8471 0.4925
vn -0.4925 0.8471 -0.1999
vn -0.7259 -0.0000 0.6878
vn -0.8380 -0.0000 -0.5456
vn -0.4925 -0.8471 -0.1999
vn -0.4870 -0.7466 0.4533
vn -0.0016 0.7051 0.7091
vn -0.0272 -0.7068 -0.7068
vn -0.9782 -0.1469 -0.1469
vn -0.0033 0.7071 0.7071
vn -0.0272 -0.7069 -0.7068
vn -0.4870 0.4533 -0.7466
vn -0.0016 0.7091 0.7051
vn -0.0271 -0.7069 -0.7068
vn 0.4870 0.4533 -0.7466
vn 0.0016 0.7091 0.7051
vn 0.0271 -0.7068 -0.7069
vn 0.9782 -0.1469 -0.1469
vn 0.0033 0.7071 0.7071
vn 0.0272 -0.7068 -0.7068
vn 0.4870 -0.7466 0.4533
vn 0.0016 0.7051 0.7091
vn 0.0272 -0.7068 -0.7069
vn 0.4870 -0.7466 -0.4533
vn 0.0016 0.7051 -0.7091
vn 0.0272 -0.7068 0.7069
vn 0.9782 -0.1469 0.1469
vn 0.0033 0.7071 -0.7071
vn 0.0272 -0.7068 0.7068
vn 0.4870 0.4533 0.7466
vn 0.0016 0.7091 -0.7051
vn 0.0271 -0.7068 0.7069
vn -0.4870 0.4533 0.7466
vn -0.0016 0.7091 -0.7051
vn -0.0271 -0.7069 0.7068
vn -0.9782 -0.1469 0.1469
vn -0.0033 0.7071 -0.7071
vn -0.0272 -0.7069 0.7068
vn -0.4870 -0.7466 -0.4533
vn -0.0016 0.7051 -0.7091
vn -0.0272 -0.7068 0.7068
vn -0.4533 -0.7466 -0.4870
vn -0.7091 0.7051 -0.0016
vn 0.7069 -0.7068 -0.0272
vn 0.1469 -0.1469 -0.9782
vn -0.7071 0.7071 -0.0033
vn 0.7068 -0.7069 -0.0272
vn 0.7466 0.4533 -0.4870
vn -0.7051 0.7091 -0.0016
vn 0.7466 0.4533 0.4870
vn -0.7051 0.7091 0.0016
vn 0.7068 -0.7069 0.0272
vn 0.1469 -0.1469 0.9782
vn -0.7071 0.7071 0.0033
vn -0.4533 -0.7466 0.4870
vn -0.7091 0.7051 0.0016
vn 0.7069 -0.7068 0.0272
vn 0.4533 -0.7466 0.4870
vn 0.7091 0.7051 0.0016
vn -0.7069 -0.7068 0.0272
vn -0.1469 -0.1469 0.9782
vn 0.7071 0.7071 0.0033
vn -0.7068 -0.7069 0.0271
vn -0.7466 0.4533 0.4870
vn 0.7051 0.7091 0.0016
vn -0.7068 -0.7069 0.0272
vn -0.7466 0.4533 -0.4870
vn 0.7051 0.7091 -0.0016
vn -0.7068 -0.7069 -0.0272
vn -0.1469 -0.1469 -0.9782
vn 0.7071 0.7071 -0.0033
vn -0.7068 -0.7069 -0.0271
vn 0.4533 -0.7466 -0.4870
vn 0.7091 0.7051 -0.0016
vn -0.7069 -0.7068 -0.0272
s 0
usemtl metal
f 1730//416 1647//416 1646//416
f 1731//417 1718//417 1719//417
f 1730//418 1648//418 1647//418
f 1731//419 1719//419 1720//419
f 1730//420 1649//420 1648//420
f 1731//421 1720//421 1721//421
f 1730//422 1650//422 1649//422
f 1731//423 1721//423 1722//423
f 1730//424 1651//424 1650//424
f 1731//425 1722//425 1723//425
f 1730//426 1652//426 1651//426
f 1731//427 1723//427 1724//427
f 1730//428 1653//428 1652//428
f 1731//429 1724//429 1725//429
f 1730//430 1654//430 1653//430
f 1731//431 1725//431 1726//431
f 1730//432 1655//432 1654//432
f 1731//433 1726//433 1727//433
f 1730//434 1656//434 1655//434
f 1731//435 1727//435 1728//435
f 1730//436 1657//436 1656//436
f 1731//437 1728//437 1729//437
f 1730//438 1646//438 1657//438
f 1731//439 1729//439 1718//439
f 1646//440 1647//440 1659//440 1658//440
f 1647//441 1648//441 1660//441 1659//441
f 1648//442 1649//442 1661//442 1660//442
f 1649//443 1650//443 1662//443 1661//443
f 1650//444 1651//444 1663//444 1662//444
f 1651//445 1652//445 1664//445 1663//445
f 1652//446 1653//446 1665//446 1664//446
f 1653//447 1654//447 1666//447 1665//447
f 1654//448 1655//448 1667//448 1666//448
f 1655//449 1656//449 1668//449 1667//449
f 1656//450 1657//450 1669//450 1668//450
f 1657//451 1646//451 1658//451 1669//451
f 1658//452 1659//452 1671//452 1670//452
f 1659//453 1660//453 1672//453 1671//453
f 1660//454 1661//454 1673//454 1672//454
f 1661//455 1662//455 1674//455 1673//455
f 1662//456 1663//456 1675//456 1674//456
f 1663//457 1664//457 1676//457 1675//457
f 1664//458 1665//458 1677//458 1676//458
f 1665//459 1666//459 1678//459 1677//459
f 1666//460 1667//460 1679//460 1678//460
f 1667//461 1668//461 1680//461 1679//461
f 1668//462 1669//462 1681//462 1680//462
f 1669//463 1658//463 1670//463 1681//463
f 1670//464 1671//464 1683//464 1682//464
f 1671//465 1672//465 1684//465 1683//465
f 1672//466 1673//466 1685//466 1684//466
f 1673//467 1674//467 1686//467 1685//467
f 1674//468 1675//468 1687//468 1686//468
f 1675//469 1676//469 1688//469 1687//469
f 1676//470 1677//470 1689//470 1688//470
f 1677//471 1678//471 1690//471 1689//471
f 1678//472 1679//472 1691//472 1690//472
f 1679//473 1680//473 1692//473 1691//473
f 1680//474 1681//474 1693//474 1692//474
f 1681//475 1670//475 1682//475 1693//475
f 1682//476 1683//476 1695//476 1694//476
f 1683//477 1684//477 1696//477 1695//477
f 1684//478 1685//478 1697//478 1696//478
f 1685//479 1686//479 1698//479 1697//479
f 1686//480 1687//480 1699//480 1698//480
f 1687//481 1688//481 1700//481 1699//481
f 1688//482 1689//482 1701//482 1700//482
f 1689//483 1690//483 1702//483 1701//483
f 1690//484 1691//484 1703//484 1702//484
f 1691//485 1692//485 1704//485 1703//485
f 1692//486 1693//486 1705//486 1704//486
f 1693//487 1682//487 1694//487 1705//487
f 1694//488 1695//488 1707//488 1706//488
f 1695//489 1696//489 1708//489 1707//489
f 1696//490 1697//490 1709//490 1708//490
f 1697//491 1698//491 1710//491 1709//491
f 1698//492 1699//492 1711//492 1710//492
f 1699//493 1700//493 1712//493 1711//493
f 1700//494 1701//494 1713//494 1712//494
f 1701//495 1702//495 1714//495 1713//495
f 1702//496 1703//496 1715//496 1714//496
f 1703//497 1704//497 1716//497 1715//497
f 1704//498 1705//498 1717//498 1716//498
f 1705//499 1694//499 1706//499 1717//499
f 1706//500 1707//500 1719//500 1718//500
f 1707//501 1708//501 1720//501 1719//501
f 1708//502 1709//502 1721//502 1720//502
f 1709//503 1710//503 1722//503 1721//503
f 1710//504 1711//504 1723//504 1722//504
f 1711//505 1712//505 1724//505 1723//505
f 1712//506 1713//506 1725//506 1724//506
f 1713//507 1714//507 1726//507 1725//507
f 1714//508 1715//508 1727//508 1726//508
f 1715//509 1716//509 1728//509 1727//509
f 1716//510 1717//510 1729//510 1728//510
f 1717//511 1706//511 1718//511 1729//511
f 1732//512 1733//512 1739//512 1738//512
f 1744//299 1733//299 1732//299
f 1745//302 1738//302 1739//302
f 1733//513 1734//513 1740//513 1739//513
f 1744//299 1734//299 1733//299
f 1745//302 1739//302 1740//302
f 1734//514 1735//514 1741//514 1740//514
f 1744//299 1735//299 1734//299
f 1745//302 1740//302 1741//302
f 1735//515 1736//515 1742//515 1741//515
f 1744//299 1736//299 1735//299
f 1745//302 1741//302 1742//302
f 1736//516 1737//516 1743//516 1742//516
f 1744//299 1737//299 1736//299
f 1745//302 1742//302 1743//302
f 1737//517 1732//517 1738//517 1743//517
f 1744//299 1732//299 1737//299
f 1745//302 1743//302 1738//302
f 1746//518 1747//518 1753//518 1752//518
f 1758//302 1747//302 1746//302
f 1759//299 1752//299 1753//299
f 1747//519 1748//519 1754//519 1753//519
f 1758//302 1748//302 1747//302
f 1759//299 1753//299 1754//299
f 1748//520 1749//520 1755//520 1754//520
f 1758//302 1749//302 1748//302
f 1759//299 1754//299 1755//299
f 1749//521 1750//521 1756//521 1755//521
f 1758//302 1750//302 1749//302
f 1759//299 1755//299 1756//299
f 1750//522 1751//522 1757//522 1756//522
f 1758//302 1751//302 1750//302
f 1759//299 1756//299 1757//299
f 1751//523 1746//523 1752//523 1757//523
f 1758//302 1746//302 1751//302
f 1759//299 1757//299 1752//299
f 1760//524 1761//524 1767//524 1766//524
f 1772//360 1761//360 1760//360
f 1773//357 1766//357 1767//357
f 1761//525 1762//525 1768//525 1767//525
f 1772//360 1762//360 1761//360
f 1773//357 1767//357 1768//357
f 1762//526 1763//526 1769//526 1768//526
f 1772//360 1763//360 1762//360
f 1773//357 1768//357 1769//357
f 1763//527 1764//527 1770//527 1769//527
f 1772//360 1764//360 1763//360
f 1773//357 1769//357 1770//357
f 1764//528 1765//528 1771//528 1770//528
f 1772//360 1765//360 1764//360
f 1773//357 1770//357 1771//357
f 1765//529 1760//529 1766//529 1771//529
f 1772//360 1760//360 1765//360
f 1773//357 1771//357 1766//357
f 1774//530 1775//530 1781//530 1780//530
f 1786//357 1775//357 1774//357
f 1787//360 1780//360 1781//360
f 1775//531 1776//531 1782//531 1781//531
f 1786//357 1776//357 1775//357
f 1787//360 1781//360 1782//360
f 1776//532 1777//532 1783//532 1782//532
f 1786//357 1777//357 1776//357
f 1787//360 1782//360 1783//360
f 1777//533 1778//533 1784//533 1783//533
f 1786//357 1778//357 1777//357
f 1787//360 1783//360 1784//360
f 1778//534 1779//534 1785//534 1784//534
f 1786//357 1779//357 1778//357
f 1787//360 1784//360 1785//360
f 1779//535 1774//535 1780//535 1785//535
f 1786//357 1774//357 1779//357
f 1787//360 1785//360 1780//360
f 1788//536 1789//536 1795//536 1794//536
f 1800//537 1789//537 1788//537
f 1801//538 1794//538 1795//538
f 1789//539 1790//539 1796//539 1795//539
f 1800//537 1790//537 1789//537
f 1801//538 1795//538 1796//538
f 1790//540 1791//540 1797//540 1796//540
f 1800//537 1791//537 1790//537
f 1801//538 1796//538 1797//538
f 1791//541 1792//541 1798//541 1797//541
f 1800//537 1792//537 1791//537
f 1801//538 1797//538 1798//538
f 1792//542 1793//542 1799//542 1798//542
f 1800//537 1793//537 1792//537
f 1801//538 1798//538 1799//538
f 1793//543 1788//543 1794//543 1799//543
f 1800//537 1788//537 1793//537
f 1801//538 1799//538 1794//538
f 1802//544 1803//544 1809//544 1808//544
f 1814//545 1803//545 1802//545
f 1815//546 1808//546 1809//546
f 1803//547 1804//547 1810//547 1809//547
f 1814//545 1804//545 1803//545
f 1815//548 1809//548 1810//548
f 1804//549 1805//549 1811//549 1810//549
f 1814//545 1805//545 1804//545
f 1815//546 1810//546 1811//546
f 1805//550 1806//550 1812//550 1811//550
f 1814//545 1806//545 1805//545
f 1815//551 1811//551 1812//551
f 1806//552 1807//552 1813//552 1812//552
f 1814//545 1807//545 1806//545
f 1815//553 1812//553 1813//553
f 1807//554 1802//554 1808//554 1813//554
f 1814//545 1802//545 1807//545
f 1815//551 1813//551 1808//551
f 1816//555 1817//555 1823//555 1822//555
f 1828//556 1817//556 1816//556
f 1829//557 1822//557 1823//557
f 1817//558 1818//558 1824//558 1823//558
f 1828//556 1818//556 1817//556
f 1829//557 1823//557 1824//557
f 1818//559 1819//559 1825//559 1824//559
f 1828//556 1819//556 1818//556
f 1829//557 1824//557 1825//557
f 1819//560 1820//560 1826//560 1825//560
f 1828//556 1820//556 1819//556
f 1829//561 1825//561 1826//561
f 1820//562 1821//562 1827//562 1826//562
f 1828//556 1821//556 1820//556
f 1829//563 1826//563 1827//563
f 1821//564 1816//564 1822//564 1827//564
f 1828//556 1816//556 1821//556
f 1829//561 1827//561 1822//561
f 1830//565 1831//565 1837//565 1836//565
f 1842//566 1831//566 1830//566
f 1843//567 1836//567 1837//567
f 1831//568 1832//568 1838//568 1837//568
f 1842//566 1832//566 1831//566
f 1843//569 1837//569 1838//569
f 1832//570 1833//570 1839//570 1838//570
f 1842//566 1833//566 1832//566
f 1843//567 1838//567 1839//567
f 1833//571 1834//571 1840//571 1839//571
f 1842//566 1834//566 1833//566
f 1843//572 1839//572 1840//572
f 1834//573 1835//573 1841//573 1840//573
f 1842//566 1835//566 1834//566
f 1843//574 1840//574 1841//574
f 1835//575 1830//575 1836//575 1841//575
f 1842//566 1830//566 1835//566
f 1843//572 1841//572 1836//572
f 1844//576 1845//576 1851//576 1850//576
f 1856//577 1845//577 1844//577
f 1857//578 1850//578 1851//578
f 1845//579 1846//579 1852//579 1851//579
f 1856//577 1846//577 1845//577
f 1857//580 1851//580 1852//580
f 1846//581 1847//581 1853//581 1852//581
f 1856//577 1847//577 1846//577
f 1857//578 1852//578 1853//578
f 1847//582 1848//582 1854//582 1853//582
f 1856//577 1848//577 1847//577
f 1857//583 1853//583 1854//583
f 1848//584 1849//584 1855//584 1854//584
f 1856//577 1849//577 1848//577
f 1857//583 1854//583 1855//583
f 1849//585 1844//585 1850//585 1855//585
f 1856//577 1844//577 1849//577
f 1857//583 1855//583 1850//583
f 1858//586 1859//586 1865//586 1864//586
f 1870//587 1859//587 1858//587
f 1871//588 1864//588 1865//588
f 1859//589 1860//589 1866//589 1865//589
f 1870//590 1860//590 1859//590
f 1871//591 1865//591 1866//591
f 1860//592 1861//592 1867//592 1866//592
f 1870//593 1861//593 1860//593
f 1871//594 1866//594 1867//594
f 1861//595 1862//595 1868//595 1867//595
f 1870//596 1862//596 1861//596
f 1871//597 1867//597 1868//597
f 1862//598 1863//598 1869//598 1868//598
f 1870//599 1863//599 1862//599
f 1871//600 1868//600 1869//600
f 1863//601 1858//601 1864//601 1869//601
f 1870//602 1858//602 1863//602
f 1871//603 1869//603 1864//603
f 1872//604 1873//604 1879//604 1878//604
f 1884//605 1873//605 1872//605
f 1885//606 1878//606 1879//606
f 1873//607 1874//607 1880//607 1879//607
f 1884//608 1874//608 1873//608
f 1885//609 1879//609 1880//609
f 1874//610 1875//610 1881//610 1880//610
f 1884//611 1875//611 1874//611
f 1885//612 1880//612 1881//612
f 1875//613 1876//613 1882//613 1881//613
f 1884//614 1876//614 1875//614
f 1885//615 1881//615 1882//615
f 1876//616 1877//616 1883//616 1882//616
f 1884//617 1877//617 1876//617
f 1885//618 1882//618 1883//618
f 1877//619 1872//619 1878//619 1883//619
f 1884//620 1872//620 1877//620
f 1885//621 1883//621 1878//621
f 1886//622 1887//622 1893//622 1892//622
f 1898//623 1887//623 1886//623
f 1899//624 1892//624 1893//624
f 1887//625 1888//625 1894//625 1893//625
f 1898//626 1888//626 1887//626
f 1899//627 1893//627 1894//627
f 1888//628 1889//628 1895//628 1894//628
f 1898//629 1889//629 1888//629
f 1899//627 1894//627 1895//627
f 1889//630 1890//630 1896//630 1895//630
f 1898//631 1890//631 1889//631
f 1899//632 1895//632 1896//632
f 1890//633 1891//633 1897//633 1896//633
f 1898//634 1891//634 1890//634
f 1899//632 1896//632 1897//632
f 1891//635 1886//635 1892//635 1897//635
f 1898//636 1886//636 1891//636
f 1899//637 1897//637 1892//637
f 1900//638 1901//638 1907//638 1906//638
f 1912//639 1901//639 1900//639
f 1913//640 1906//640 1907//640
f 1901//641 1902//641 1908//641 1907//641
f 1912//642 1902//642 1901//642
f 1913//643 1907//643 1908//643
f 1902//644 1903//644 1909//644 1908//644
f 1912//645 1903//645 1902//645
f 1913//646 1908//646 1909//646
f 1903//647 1904//647 1910//647 1909//647
f 1912//648 1904//648 1903//648
f 1913//649 1909//649 1910//649
f 1904//650 1905//650 1911//650 1910//650
f 1912//651 1905//651 1904//651
f 1913//652 1910//652 1911//652
f 1905//653 1900//653 1906//653 1911//653
f 1912//654 1900//654 1905//654
f 1913//655 1911//655 1906//655
usemtl chain.002
f 638//298 644//298 645//298 639//298
f 639//299 645//299 646//299 640//299
f 640//300 646//300 647//300 641//300
f 641//301 647//301 648//301 642//301
f 642//302 648//302 649//302 643//302
f 643//303 649//303 644//303 638//303
f 644//304 650//304 651//304 645//304
f 645//299 651//299 652//299 646//299
f 646//305 652//305 653//305 647//305
f 647//306 653//306 654//306 648//306
f 648//302 654//302 655//302 649//302
f 649//307 655//307 650//307 644//307
f 650//308 656//308 657//308 651//308
f 651//299 657//299 658//299 652//299
f 652//309 658//309 659//309 653//309
f 653//310 659//310 660//310 654//310
f 654//302 660//302 661//302 655//302
f 655//311 661//311 656//311 650//311
f 656//312 662//312 663//312 657//312
f 657//299 663//299 664//299 658//299
f 658//313 664//313 665//313 659//313
f 659//314 665//314 666//314 660//314
f 660//302 666//302 667//302 661//302
f 661//315 667//315 662//315 656//315
f 662//316 668//316 669//316 663//316
f 663//299 669//299 670//299 664//299
f 664//317 670//317 671//317 665//317
f 665//318 671//318 672//318 666//318
f 666//302 672//302 673//302 667//302
f 667//319 673//319 668//319 662//319
f 668//320 674//320 675//320 669//320
f 669//299 675//299 676//299 670//299
f 670//321 676//321 677//321 671//321
f 671//322 677//322 678//322 672//322
f 672//302 678//302 679//302 673//302
f 673//323 679//323 674//323 668//323
f 674//324 680//324 681//324 675//324
f 675//299 681//299 682//299 676//299
f 676//325 682//325 683//325 677//325
f 677//326 683//326 684//326 678//326
f 678//302 684//302 685//302 679//302
f 679//327 685//327 680//327 674//327
f 680//328 686//328 687//328 681//328
f 681//299 687//299 688//299 682//299
f 682//329 688//329 689//329 683//329
f 683//330 689//330 690//330 684//330
f 684//302 690//302 691//302 685//302
f 685//331 691//331 686//331 680//331
f 686//332 692//332 693//332 687//332
f 687//299 693//299 694//299 688//299
f 688//333 694//333 695//333 689//333
f 689//334 695//334 696//334 690//334
f 690//302 696//302 697//302 691//302
f 691//335 697//335 692//335 686//335
f 692//336 698//336 699//336 693//336
f 693//299 699//299 700//299 694//299
f 694//337 700//337 701//337 695//337
f 695//338 701//338 702//338 696//338
f 696//302 702//302 703//302 697//302
f 697//339 703//339 698//339 692//339
f 698//340 704//340 705//340 699//340
f 699//299 705//299 706//299 700//299
f 700//341 706//341 707//341 701//341
f 701//342 707//342 708//342 702//342
f 702//302 708//302 709//302 703//302
f 703//343 709//343 704//343 698//343
f 704//344 710//344 711//344 705//344
f 705//299 711//299 712//299 706//299
f 706//345 712//345 713//345 707//345
f 707//346 713//346 714//346 708//346
f 708//302 714//302 715//302 709//302
f 709//347 715//347 710//347 704//347
f 710//348 716//348 717//348 711//348
f 711//299 717//299 718//299 712//299
f 712//349 718//349 719//349 713//349
f 713//350 719//350 720//350 714//350
f 714//302 720//302 721//302 715//302
f 715//351 721//351 716//351 710//351
f 716//352 638//352 639//352 717//352
f 717//299 639//299 640//299 718//299
f 718//353 640//353 641//353 719//353
f 719//354 641//354 642//354 720//354
f 720//302 642//302 643//302 721//302
f 721//355 643//355 638//355 716//355
f 722//356 728//356 729//356 723//356
f 723//357 729//357 730//357 724//357
f 724//358 730//358 731//358 725//358
f 725//359 731//359 732//359 726//359
f 726//360 732//360 733//360 727//360
f 727//361 733//361 728//361 722//361
f 728//362 734//362 735//362 729//362
f 729//357 735//357 736//357 730//357
f 730//363 736//363 737//363 731//363
f 731//364 737//364 738//364 732//364
f 732//360 738//360 739//360 733//360
f 733//365 739//365 734//365 728//365
f 734//366 740//366 741//366 735//366
f 735//357 741//357 742//357 736//357
f 736//367 742//367 743//367 737//367
f 737//368 743//368 744//368 738//368
f 738//360 744//360 745//360 739//360
f 739//369 745//369 740//369 734//369
f 740//370 746//370 747//370 741//370
f 741//357 747//357 748//357 742//357
f 742//371 748//371 749//371 743//371
f 743//372 749//372 750//372 744//372
f 744//360 750//360 751//360 745//360
f 745//373 751//373 746//373 740//373
f 746//374 752//374 753//374 747//374
f 747//357 753//357 754//357 748//357
f 748//375 754//375 755//375 749//375
f 749//376 755//376 756//376 750//376
f 750//360 756//360 757//360 751//360
f 751//377 757//377 752//377 746//377
f 752//378 758//378 759//378 753//378
f 753//357 759//357 760//357 754//357
f 754//379 760//379 761//379 755//379
f 755//380 761//380 762//380 756//380
f 756//360 762//360 763//360 757//360
f 757//381 763//381 758//381 752//381
f 758//382 764//382 765//382 759//382
f 759//357 765//357 766//357 760//357
f 760//383 766//383 767//383 761//383
f 761//384 767//384 768//384 762//384
f 762//360 768//360 769//360 763//360
f 763//385 769//385 764//385 758//385
f 764//386 770//386 771//386 765//386
f 765//357 771//357 772//357 766//357
f 766//387 772//387 773//387 767//387
f 767//388 773//388 774//388 768//388
f 768//360 774//360 775//360 769//360
f 769//389 775//389 770//389 764//389
f 770//390 776//390 777//390 771//390
f 771//357 777//357 778//357 772//357
f 772//391 778//391 779//391 773//391
f 773//392 779//392 780//392 774//392
f 774//360 780//360 781//360 775//360
f 775//393 781//393 776//393 770//393
f 776//394 782//394 783//394 777//394
f 777//357 783//357 784//357 778//357
f 778//395 784//395 785//395 779//395
f 779//396 785//396 786//396 780//396
f 780//360 786//360 787//360 781//360
f 781//397 787//397 782//397 776//397
f 782//398 788//398 789//398 783//398
f 783//357 789//357 790//357 784//357
f 784//399 790//399 791//399 785//399
f 785//400 791//400 792//400 786//400
f 786//360 792//360 793//360 787//360
f 787//401 793//401 788//401 782//401
f 788//402 794//402 795//402 789//402
f 789//357 795//357 796//357 790//357
f 790//403 796//403 797//403 791//403
f 791//404 797//404 798//404 792//404
f 792//360 798//360 799//360 793//360
f 793//405 799//405 794//405 788//405
f 794//406 800//406 801//406 795//406
f 795//357 801//357 802//357 796//357
f 796//407 802//407 803//407 797//407
f 797//408 803//408 804//408 798//408
f 798//360 804//360 805//360 799//360
f 799//409 805//409 800//409 794//409
f 800//410 722//410 723//410 801//410
f 801//357 723//357 724//357 802//357
f 802//411 724//411 725//411 803//411
f 803//412 725//412 726//412 804//412
f 804//360 726//360 727//360 805//360
f 805//413 727//413 722//413 800//413
f 806//298 812//298 813//298 807//298
f 807//299 813//299 814//299 808//299
f 808//300 814//300 815//300 809//300
f 809//301 815//301 816//301 810//301
f 810//302 816//302 817//302 811//302
f 811//303 817//303 812//303 806//303
f 812//304 818//304 819//304 813//304
f 813//299 819//299 820//299 814//299
f 814//305 820//305 821//305 815//305
f 815//306 821//306 822//306 816//306
f 816//302 822//302 823//302 817//302
f 817//307 823//307 818//307 812//307
f 818//308 824//308 825//308 819//308
f 819//299 825//299 826//299 820//299
f 820//309 826//309 827//309 821//309
f 821//310 827//310 828//310 822//310
f 822//302 828//302 829//302 823//302
f 823//311 829//311 824//311 818//311
f 824//312 830//312 831//312 825//312
f 825//299 831//299 832//299 826//299
f 826//313 832//313 833//313 827//313
f 827//314 833//314 834//314 828//314
f 828//302 834//302 835//302 829//302
f 829//315 835//315 830//315 824//315
f 830//316 836//316 837//316 831//316
f 831//299 837//299 838//299 832//299
f 832//317 838//317 839//317 833//317
f 833//318 839//318 840//318 834//318
f 834//302 840//302 841//302 835//302
f 835//319 841//319 836//319 830//319
f 836//320 842//320 843//320 837//320
f 837//299 843//299 844//299 838//299
f 838//321 844//321 845//321 839//321
f 839//322 845//322 846//322 840//322
f 840//302 846//302 847//302 841//302
f 841//323 847//323 842//323 836//323
f 842//324 848//324 849//324 843//324
f 843//299 849//299 850//299 844//299
f 844//325 850//325 851//325 845//325
f 845//326 851//326 852//326 846//326
f 846//302 852//302 853//302 847//302
f 847//327 853//327 848//327 842//327
f 848//328 854//328 855//328 849//328
f 849//299 855//299 856//299 850//299
f 850//329 856//329 857//329 851//329
f 851//330 857//330 858//330 852//330
f 852//302 858//302 859//302 853//302
f 853//331 859//331 854//331 848//331
f 854//332 860//332 861//332 855//332
f 855//299 861//299 862//299 856//299
f 856//333 862//333 863//333 857//333
f 857//334 863//334 864//334 858//334
f 858//302 864//302 865//302 859//302
f 859//335 865//335 860//335 854//335
f 860//336 866//336 867//336 861//336
f 861//299 867//299 868//299 862//299
f 862//337 868//337 869//337 863//337
f 863//338 869//338 870//338 864//338
f 864//302 870//302 871//302 865//302
f 865//339 871//339 866//339 860//339
f 866//340 872//340 873//340 867//340
f 867//299 873//299 874//299 868//299
f 868//341 874//341 875//341 869//341
f 869//342 875//342 876//342 870//342
f 870//302 876//302 877//302 871//302
f 871//343 877//343 872//343 866//343
f 872//344 878//344 879//344 873//344
f 873//299 879//299 880//299 874//299
f 874//345 880//345 881//345 875//345
f 875//346 881//346 882//346 876//346
f 876//302 882//302 883//302 877//302
f 877//347 883//347 878//347 872//347
f 878//348 884//348 885//348 879//348
f 879//299 885//299 886//299 880//299
f 880//349 886//349 887//349 881//349
f 881//350 887//350 888//350 882//350
f 882//302 888//302 889//302 883//302
f 883//351 889//351 884//351 878//351
f 884//352 806//352 807//352 885//352
f 885//299 807//299 808//299 886//299
f 886//353 808//353 809//353 887//353
f 887//354 809//354 810//354 888//354
f 888//302 810//302 811//302 889//302
f 889//355 811//355 806//355 884//355
f 890//356 896//356 897//356 891//356
f 891//357 897//357 898//357 892//357
f 892//358 898//358 899//358 893//358
f 893//359 899//359 900//359 894//359
f 894//360 900//360 901//360 895//360
f 895//361 901//361 896//361 890//361
f 896//362 902//362 903//362 897//362
f 897//357 903//357 904//357 898//357
f 898//363 904//363 905//363 899//363
f 899//414 905//414 906//414 900//414
f 900//360 906//360 907//360 901//360
f 901//365 907//365 902//365 896//365
f 902//366 908//366 909//366 903//366
f 903//357 909//357 910//357 904//357
f 904//367 910//367 911//367 905//367
f 905//368 911//368 912//368 906//368
f 906//360 912//360 913//360 907//360
f 907//369 913//369 908//369 902//369
f 908//370 914//370 915//370 909//370
f 909//357 915//357 916//357 910//357
f 910//371 916//371 917//371 911//371
f 911//372 917//372 918//372 912//372
f 912//360 918//360 919//360 913//360
f 913//373 919//373 914//373 908//373
f 914//374 920//374 921//374 915//374
f 915//357 921//357 922//357 916//357
f 916//375 922//375 923//375 917//375
f 917//376 923//376 924//376 918//376
f 918//360 924//360 925//360 919//360
f 919//377 925//377 920//377 914//377
f 920//378 926//378 927//378 921//378
f 921//357 927//357 928//357 922//357
f 922//379 928//379 929//379 923//379
f 923//415 929//415 930//415 924//415
f 924//360 930//360 931//360 925//360
f 925//381 931//381 926//381 920//381
f 926//382 932//382 933//382 927//382
f 927//357 933//357 934//357 928//357
f 928//383 934//383 935//383 929//383
f 929//384 935//384 936//384 930//384
f 930//360 936//360 937//360 931//360
f 931//385 937//385 932//385 926//385
f 932//386 938//386 939//386 933//386
f 933//357 939//357 940//357 934//357
f 934//387 940//387 941//387 935//387
f 935//388 941//388 942//388 936//388
f 936//360 942//360 943//360 937//360
f 937//389 943//389 938//389 932//389
f 938//390 944//390 945//390 939//390
f 939//357 945//357 946//357 940//357
f 940//391 946//391 947//391 941//391
f 941//392 947//392 948//392 942//392
f 942//360 948//360 949//360 943//360
f 943//393 949//393 944//393 938//393
f 944//394 950//394 951//394 945//394
f 945//357 951//357 952//357 946//357
f 946//395 952//395 953//395 947//395
f 947//396 953//396 954//396 948//396
f 948//360 954//360 955//360 949//360
f 949//397 955//397 950//397 944//397
f 950//398 956//398 957//398 951//398
f 951//357 957//357 958//357 952//357
f 952//399 958//399 959//399 953//399
f 953//400 959//400 960//400 954//400
f 954//360 960//360 961//360 955//360
f 955//401 961//401 956//401 950//401
f 956//402 962//402 963//402 957//402
f 957//357 963//357 964//357 958//357
f 958//403 964//403 965//403 959//403
f 959//404 965//404 966//404 960//404
f 960//360 966//360 967//360 961//360
f 961//405 967//405 962//405 956//405
f 962//406 968//406 969//406 963//406
f 963//357 969//357 970//357 964//357
f 964//407 970//407 971//407 965//407
f 965//408 971//408 972//408 966//408
f 966//360 972//360 973//360 967//360
f 967//409 973//409 968//409 962//409
f 968//410 890//410 891//410 969//410
f 969//357 891//357 892//357 970//357
f 970//411 892//411 893//411 971//411
f 971//412 893//412 894//412 972//412
f 972//360 894//360 895//360 973//360
f 973//413 895//413 890//413 968//413
f 974//298 980//298 981//298 975//298
f 975//299 981//299 982//299 976//299
f 976//300 982//300 983//300 977//300
f 977//301 983//301 984//301 978//301
f 978//302 984//302 985//302 979//302
f 979//303 985//303 980//303 974//303
f 980//304 986//304 987//304 981//304
f 981//299 987//299 988//299 982//299
f 982//305 988//305 989//305 983//305
f 983//306 989//306 990//306 984//306
f 984//302 990//302 991//302 985//302
f 985//307 991//307 986//307 980//307
f 986//308 992//308 993//308 987//308
f 987//299 993//299 994//299 988//299
f 988//309 994//309 995//309 989//309
f 989//310 995//310 996//310 990//310
f 990//302 996//302 997//302 991//302
f 991//311 997//311 992//311 986//311
f 992//312 998//312 999//312 993//312
f 993//299 999//299 1000//299 994//299
f 994//313 1000//313 1001//313 995//313
f 995//314 1001//314 1002//314 996//314
f 996//302 1002//302 1003//302 997//302
f 997//315 1003//315 998//315 992//315
f 998//316 1004//316 1005//316 999//316
f 999//299 1005//299 1006//299 1000//299
f 1000//317 1006//317 1007//317 1001//317
f 1001//318 1007//318 1008//318 1002//318
f 1002//302 1008//302 1009//302 1003//302
f 1003//319 1009//319 1004//319 998//319
f 1004//320 1010//320 1011//320 1005//320
f 1005//299 1011//299 1012//299 1006//299
f 1006//321 1012//321 1013//321 1007//321
f 1007//322 1013//322 1014//322 1008//322
f 1008//302 1014//302 1015//302 1009//302
f 1009//323 1015//323 1010//323 1004//323
f 1010//324 1016//324 1017//324 1011//324
f 1011//299 1017//299 1018//299 1012//299
f 1012//325 1018//325 1019//325 1013//325
f 1013//326 1019//326 1020//326 1014//326
f 1014//302 1020//302 1021//302 1015//302
f 1015//327 1021//327 1016//327 1010//327
f 1016//328 1022//328 1023//328 1017//328
f 1017//299 1023//299 1024//299 1018//299
f 1018//329 1024//329 1025//329 1019//329
f 1019//330 1025//330 1026//330 1020//330
f 1020//302 1026//302 1027//302 1021//302
f 1021//331 1027//331 1022//331 1016//331
f 1022//332 1028//332 1029//332 1023//332
f 1023//299 1029//299 1030//299 1024//299
f 1024//333 1030//333 1031//333 1025//333
f 1025//334 1031//334 1032//334 1026//334
f 1026//302 1032//302 1033//302 1027//302
f 1027//335 1033//335 1028//335 1022//335
f 1028//336 1034//336 1035//336 1029//336
f 1029//299 1035//299 1036//299 1030//299
f 1030//337 1036//337 1037//337 1031//337
f 1031//338 1037//338 1038//338 1032//338
f 1032//302 1038//302 1039//302 1033//302
f 1033//339 1039//339 1034//339 1028//339
f 1034//340 1040//340 1041//340 1035//340
f 1035//299 1041//299 1042//299 1036//299
f 1036//341 1042//341 1043//341 1037//341
f 1037//342 1043//342 1044//342 1038//342
f 1038//302 1044//302 1045//302 1039//302
f 1039//343 1045//343 1040//343 1034//343
f 1040//344 1046//344 1047//344 1041//344
f 1041//299 1047//299 1048//299 1042//299
f 1042//345 1048//345 1049//345 1043//345
f 1043//346 1049//346 1050//346 1044//346
f 1044//302 1050//302 1051//302 1045//302
f 1045//347 1051//347 1046//347 1040//347
f 1046//348 1052//348 1053//348 1047//348
f 1047//299 1053//299 1054//299 1048//299
f 1048//349 1054//349 1055//349 1049//349
f 1049//350 1055//350 1056//350 1050//350
f 1050//302 1056//302 1057//302 1051//302
f 1051//351 1057//351 1052//351 1046//351
f 1052//352 974//352 975//352 1053//352
f 1053//299 975//299 976//299 1054//299
f 1054//353 976//353 977//353 1055//353
f 1055//354 977//354 978//354 1056//354
f 1056//302 978//302 979//302 1057//302
f 1057//355 979//355 974//355 1052//355
f 1058//356 1064//356 1065//356 1059//356
f 1059//357 1065//357 1066//357 1060//357
f 1060//358 1066//358 1067//358 1061//358
f 1061//359 1067//359 1068//359 1062//359
f 1062//360 1068//360 1069//360 1063//360
f 1063//361 1069//361 1064//361 1058//361
f 1064//362 1070//362 1071//362 1065//362
f 1065//357 1071//357 1072//357 1066//357
f 1066//363 1072//363 1073//363 1067//363
f 1067//364 1073//364 1074//364 1068//364
f 1068//360 1074//360 1075//360 1069//360
f 1069//365 1075//365 1070//365 1064//365
f 1070//366 1076//366 1077//366 1071//366
f 1071//357 1077//357 1078//357 1072//357
f 1072//367 1078//367 1079//367 1073//367
f 1073//368 1079//368 1080//368 1074//368
f 1074//360 1080//360 1081//360 1075//360
f 1075//369 1081//369 1076//369 1070//369
f 1076//370 1082//370 1083//370 1077//370
f 1077//357 1083//357 1084//357 1078//357
f 1078//371 1084//371 1085//371 1079//371
f 1079//372 1085//372 1086//372 1080//372
f 1080//360 1086//360 1087//360 1081//360
f 1081//373 1087//373 1082//373 1076//373
f 1082//374 1088//374 1089//374 1083//374
f 1083//357 1089//357 1090//357 1084//357
f 1084//375 1090//375 1091//375 1085//375
f 1085//376 1091//376 1092//376 1086//376
f 1086//360 1092//360 1093//360 1087//360
f 1087//377 1093//377 1088//377 1082//377
f 1088//378 1094//378 1095//378 1089//378
f 1089//357 1095//357 1096//357 1090//357
f 1090//379 1096//379 1097//379 1091//379
f 1091//415 1097//415 1098//415 1092//415
f 1092//360 1098//360 1099//360 1093//360
f 1093//381 1099//381 1094//381 1088//381
f 1094//382 1100//382 1101//382 1095//382
f 1095//357 1101//357 1102//357 1096//357
f 1096//383 1102//383 1103//383 1097//383
f 1097//384 1103//384 1104//384 1098//384
f 1098//360 1104//360 1105//360 1099//360
f 1099//385 1105//385 1100//385 1094//385
f 1100//386 1106//386 1107//386 1101//386
f 1101//357 1107//357 1108//357 1102//357
f 1102//387 1108//387 1109//387 1103//387
f 1103//388 1109//388 1110//388 1104//388
f 1104//360 1110//360 1111//360 1105//360
f 1105//389 1111//389 1106//389 1100//389
f 1106//390 1112//390 1113//390 1107//390
f 1107//357 1113//357 1114//357 1108//357
f 1108//391 1114//391 1115//391 1109//391
f 1109//392 1115//392 1116//392 1110//392
f 1110//360 1116//360 1117//360 1111//360
f 1111//393 1117//393 1112//393 1106//393
f 1112//394 1118//394 1119//394 1113//394
f 1113//357 1119//357 1120//357 1114//357
f 1114//395 1120//395 1121//395 1115//395
f 1115//396 1121//396 1122//396 1116//396
f 1116//360 1122//360 1123//360 1117//360
f 1117//397 1123//397 1118//397 1112//397
f 1118//398 1124//398 1125//398 1119//398
f 1119//357 1125//357 1126//357 1120//357
f 1120//399 1126//399 1127//399 1121//399
f 1121//400 1127//400 1128//400 1122//400
f 1122//360 1128//360 1129//360 1123//360
f 1123//401 1129//401 1124//401 1118//401
f 1124//402 1130//402 1131//402 1125//402
f 1125//357 1131//357 1132//357 1126//357
f 1126//403 1132//403 1133//403 1127//403
f 1127//404 1133//404 1134//404 1128//404
f 1128//360 1134//360 1135//360 1129//360
f 1129//405 1135//405 1130//405 1124//405
f 1130//406 1136//406 1137//406 1131//406
f 1131//357 1137//357 1138//357 1132//357
f 1132//407 1138//407 1139//407 1133//407
f 1133//408 1139//408 1140//408 1134//408
f 1134//360 1140//360 1141//360 1135//360
f 1135//409 1141//409 1136//409 1130//409
f 1136//410 1058//410 1059//410 1137//410
f 1137//357 1059//357 1060//357 1138//357
f 1138//411 1060//411 1061//411 1139//411
f 1139//412 1061//412 1062//412 1140//412
f 1140//360 1062//360 1063//360 1141//360
f 1141//413 1063//413 1058//413 1136//413
f 1142//298 1148//298 1149//298 1143//298
f 1143//299 1149//299 1150//299 1144//299
f 1144//300 1150//300 1151//300 1145//300
f 1145//301 1151//301 1152//301 1146//301
f 1146//302 1152//302 1153//302 1147//302
f 1147//303 1153//303 1148//303 1142//303
f 1148//304 1154//304 1155//304 1149//304
f 1149//299 1155//299 1156//299 1150//299
f 1150//305 1156//305 1157//305 1151//305
f 1151//306 1157//306 1158//306 1152//306
f 1152//302 1158//302 1159//302 1153//302
f 1153//307 1159//307 1154//307 1148//307
f 1154//308 1160//308 1161//308 1155//308
f 1155//299 1161//299 1162//299 1156//299
f 1156//309 1162//309 1163//309 1157//309
f 1157//310 1163//310 1164//310 1158//310
f 1158//302 1164//302 1165//302 1159//302
f 1159//311 1165//311 1160//311 1154//311
f 1160//312 1166//312 1167//312 1161//312
f 1161//299 1167//299 1168//299 1162//299
f 1162//313 1168//313 1169//313 1163//313
f 1163//314 1169//314 1170//314 1164//314
f 1164//302 1170//302 1171//302 1165//302
f 1165//315 1171//315 1166//315 1160//315
f 1166//316 1172//316 1173//316 1167//316
f 1167//299 1173//299 1174//299 1168//299
f 1168//317 1174//317 1175//317 1169//317
f 1169//318 1175//318 1176//318 1170//318
f 1170//302 1176//302 1177//302 1171//302
f 1171//319 1177//319 1172//319 1166//319
f 1172//320 1178//320 1179//320 1173//320
f 1173//299 1179//299 1180//299 1174//299
f 1174//321 1180//321 1181//321 1175//321
f 1175//322 1181//322 1182//322 1176//322
f 1176//302 1182//302 1183//302 1177//302
f 1177//323 1183//323 1178//323 1172//323
f 1178//324 1184//324 1185//324 1179//324
f 1179//299 1185//299 1186//299 1180//299
f 1180//325 1186//325 1187//325 1181//325
f 1181//326 1187//326 1188//326 1182//326
f 1182//302 1188//302 1189//302 1183//302
f 1183//327 1189//327 1184//327 1178//327
f 1184//328 1190//328 1191//328 1185//328
f 1185//299 1191//299 1192//299 1186//299
f 1186//329 1192//329 1193//329 1187//329
f 1187//330 1193//330 1194//330 1188//330
f 1188//302 1194//302 1195//302 1189//302
f 1189//331 1195//331 1190//331 1184//331
f 1190//332 1196//332 1197//332 1191//332
f 1191//299 1197//299 1198//299 1192//299
f 1192//333 1198//333 1199//333 1193//333
f 1193//334 1199//334 1200//334 1194//334
f 1194//302 1200//302 1201//302 1195//302
f 1195//335 1201//335 1196//335 1190//335
f 1196//336 1202//336 1203//336 1197//336
f 1197//299 1203//299 1204//299 1198//299
f 1198//337 1204//337 1205//337 1199//337
f 1199//338 1205//338 1206//338 1200//338
f 1200//302 1206//302 1207//302 1201//302
f 1201//339 1207//339 1202//339 1196//339
f 1202//340 1208//340 1209//340 1203//340
f 1203//299 1209//299 1210//299 1204//299
f 1204//341 1210//341 1211//341 1205//341
f 1205//342 1211//342 1212//342 1206//342
f 1206//302 1212//302 1213//302 1207//302
f 1207//343 1213//343 1208//343 1202//343
f 1208//344 1214//344 1215//344 1209//344
f 1209//299 1215//299 1216//299 1210//299
f 1210//345 1216//345 1217//345 1211//345
f 1211//346 1217//346 1218//346 1212//346
f 1212//302 1218//302 1219//302 1213//302
f 1213//347 1219//347 1214//347 1208//347
f 1214//348 1220//348 1221//348 1215//348
f 1215//299 1221//299 1222//299 1216//299
f 1216//349 1222//349 1223//349 1217//349
f 1217//350 1223//350 1224//350 1218//350
f 1218//302 1224//302 1225//302 1219//302
f 1219//351 1225//351 1220//351 1214//351
f 1220//352 1142//352 1143//352 1221//352
f 1221//299 1143//299 1144//299 1222//299
f 1222//353 1144//353 1145//353 1223//353
f 1223//354 1145//354 1146//354 1224//354
f 1224//302 1146//302 1147//302 1225//302
f 1225//355 1147//355 1142//355 1220//355
f 1226//356 1232//356 1233//356 1227//356
f 1227//357 1233//357 1234//357 1228//357
f 1228//358 1234//358 1235//358 1229//358
f 1229//359 1235//359 1236//359 1230//359
f 1230//360 1236//360 1237//360 1231//360
f 1231//361 1237//361 1232//361 1226//361
f 1232//362 1238//362 1239//362 1233//362
f 1233//357 1239//357 1240//357 1234//357
f 1234//363 1240//363 1241//363 1235//363
f 1235//364 1241//364 1242//364 1236//364
f 1236//360 1242//360 1243//360 1237//360
f 1237//365 1243//365 1238//365 1232//365
f 1238//366 1244//366 1245//366 1239//366
f 1239//357 1245//357 1246//357 1240//357
f 1240//367 1246//367 1247//367 1241//367
f 1241//368 1247//368 1248//368 1242//368
f 1242//360 1248//360 1249//360 1243//360
f 1243//369 1249//369 1244//369 1238//369
f 1244//370 1250//370 1251//370 1245//370
f 1245//357 1251//357 1252//357 1246//357
f 1246//371 1252//371 1253//371 1247//371
f 1247//372 1253//372 1254//372 1248//372
f 1248//360 1254//360 1255//360 1249//360
f 1249//373 1255//373 1250//373 1244//373
f 1250//374 1256//374 1257//374 1251//374
f 1251//357 1257//357 1258//357 1252//357
f 1252//375 1258//375 1259//375 1253//375
f 1253//376 1259//376 1260//376 1254//376
f 1254//360 1260//360 1261//360 1255//360
f 1255//377 1261//377 1256//377 1250//377
f 1256//378 1262//378 1263//378 1257//378
f 1257//357 1263//357 1264//357 1258//357
f 1258//379 1264//379 1265//379 1259//379
f 1259//415 1265//415 1266//415 1260//415
f 1260//360 1266//360 1267//360 1261//360
f 1261//381 1267//381 1262//381 1256//381
f 1262//382 1268//382 1269//382 1263//382
f 1263//357 1269//357 1270//357 1264//357
f 1264//383 1270//383 1271//383 1265//383
f 1265//384 1271//384 1272//384 1266//384
f 1266//360 1272//360 1273//360 1267//360
f 1267//385 1273//385 1268//385 1262//385
f 1268//386 1274//386 1275//386 1269//386
f 1269//357 1275//357 1276//357 1270//357
f 1270//387 1276//387 1277//387 1271//387
f 1271//388 1277//388 1278//388 1272//388
f 1272//360 1278//360 1279//360 1273//360
f 1273//389 1279//389 1274//389 1268//389
f 1274//390 1280//390 1281//390 1275//390
f 1275//357 1281//357 1282//357 1276//357
f 1276//391 1282//391 1283//391 1277//391
f 1277//392 1283//392 1284//392 1278//392
f 1278//360 1284//360 1285//360 1279//360
f 1279//393 1285//393 1280//393 1274//393
f 1280//394 1286//394 1287//394 1281//394
f 1281//357 1287//357 1288//357 1282//357
f 1282//395 1288//395 1289//395 1283//395
f 1283//396 1289//396 1290//396 1284//396
f 1284//360 1290//360 1291//360 1285//360
f 1285//397 1291//397 1286//397 1280//397
f 1286//398 1292//398 1293//398 1287//398
f 1287//357 1293//357 1294//357 1288//357
f 1288//399 1294//399 1295//399 1289//399
f 1289//400 1295//400 1296//400 1290//400
f 1290//360 1296//360 1297//360 1291//360
f 1291//401 1297//401 1292//401 1286//401
f 1292//402 1298//402 1299//402 1293//402
f 1293//357 1299//357 1300//357 1294//357
f 1294//403 1300//403 1301//403 1295//403
f 1295//404 1301//404 1302//404 1296//404
f 1296//360 1302//360 1303//360 1297//360
f 1297//405 1303//405 1298//405 1292//405
f 1298//406 1304//406 1305//406 1299//406
f 1299//357 1305//357 1306//357 1300//357
f 1300//407 1306//407 1307//407 1301//407
f 1301//408 1307//408 1308//408 1302//408
f 1302//360 1308//360 1309//360 1303//360
f 1303//409 1309//409 1304//409 1298//409
f 1304//410 1226//410 1227//410 1305//410
f 1305//357 1227//357 1228//357 1306//357
f 1306//411 1228//411 1229//411 1307//411
f 1307//412 1229//412 1230//412 1308//412
f 1308//360 1230//360 1231//360 1309//360
f 1309//413 1231//413 1226//413 1304//413
f 1310//298 1316//298 1317//298 1311//298
f 1311//299 1317//299 1318//299 1312//299
f 1312//300 1318//300 1319//300 1313//300
f 1313//301 1319//301 1320//301 1314//301
f 1314//302 1320//302 1321//302 1315//302
f 1315//303 1321//303 1316//303 1310//303
f 1316//304 1322//304 1323//304 1317//304
f 1317//299 1323//299 1324//299 1318//299
f 1318//305 1324//305 1325//305 1319//305
f 1319//306 1325//306 1326//306 1320//306
f 1320//302 1326//302 1327//302 1321//302
f 1321//307 1327//307 1322//307 1316//307
f 1322//308 1328//308 1329//308 1323//308
f 1323//299 1329//299 1330//299 1324//299
f 1324//309 1330//309 1331//309 1325//309
f 1325//310 1331//310 1332//310 1326//310
f 1326//302 1332//302 1333//302 1327//302
f 1327//311 1333//311 1328//311 1322//311
f 1328//312 1334//312 1335//312 1329//312
f 1329//299 1335//299 1336//299 1330//299
f 1330//313 1336//313 1337//313 1331//313
f 1331//314 1337//314 1338//314 1332//314
f 1332//302 1338//302 1339//302 1333//302
f 1333//315 1339//315 1334//315 1328//315
f 1334//316 1340//316 1341//316 1335//316
f 1335//299 1341//299 1342//299 1336//299
f 1336//317 1342//317 1343//317 1337//317
f 1337//318 1343//318 1344//318 1338//318
f 1338//302 1344//302 1345//302 1339//302
f 1339//319 1345//319 1340//319 1334//319
f 1340//320 1346//320 1347//320 1341//320
f 1341//299 1347//299 1348//299 1342//299
f 1342//321 1348//321 1349//321 1343//321
f 1343//322 1349//322 1350//322 1344//322
f 1344//302 1350//302 1351//302 1345//302
f 1345//323 1351//323 1346//323 1340//323
f 1346//324 1352//324 1353//324 1347//324
f 1347//299 1353//299 1354//299 1348//299
f 1348//325 1354//325 1355//325 1349//325
f 1349//326 1355//326 1356//326 1350//326
f 1350//302 1356//302 1357//302 1351//302
f 1351//327 1357//327 1352//327 1346//327
f 1352//328 1358//328 1359//328 1353//328
f 1353//299 1359//299 1360//299 1354//299
f 1354//329 1360//329 1361//329 1355//329
f 1355//330 1361//330 1362//330 1356//330
f 1356//302 1362//302 1363//302 1357//302
f 1357//331 1363//331 1358//331 1352//331
f 1358//332 1364//332 1365//332 1359//332
f 1359//299 1365//299 1366//299 1360//299
f 1360//333 1366//333 1367//333 1361//333
f 1361//334 1367//334 1368//334 1362//334
f 1362//302 1368//302 1369//302 1363//302
f 1363//335 1369//335 1364//335 1358//335
f 1364//336 1370//336 1371//336 1365//336
f 1365//299 1371//299 1372//299 1366//299
f 1366//337 1372//337 1373//337 1367//337
f 1367//338 1373//338 1374//338 1368//338
f 1368//302 1374//302 1375//302 1369//302
f 1369//339 1375//339 1370//339 1364//339
f 1370//340 1376//340 1377//340 1371//340
f 1371//299 1377//299 1378//299 1372//299
f 1372//341 1378//341 1379//341 1373//341
f 1373//342 1379//342 1380//342 1374//342
f 1374//302 1380//302 1381//302 1375//302
f 1375//343 1381//343 1376//343 1370//343
f 1376//344 1382//344 1383//344 1377//344
f 1377//299 1383//299 1384//299 1378//299
f 1378//345 1384//345 1385//345 1379//345
f 1379//346 1385//346 1386//346 1380//346
f 1380//302 1386//302 1387//302 1381//302
f 1381//347 1387//347 1382//347 1376//347
f 1382//348 1388//348 1389//348 1383//348
f 1383//299 1389//299 1390//299 1384//299
f 1384//349 1390//349 1391//349 1385//349
f 1385//350 1391//350 1392//350 1386//350
f 1386//302 1392//302 1393//302 1387//302
f 1387//351 1393//351 1388//351 1382//351
f 1388//352 1310//352 1311//352 1389//352
f 1389//299 1311//299 1312//299 1390//299
f 1390//353 1312//353 1313//353 1391//353
f 1391//354 1313//354 1314//354 1392//354
f 1392//302 1314//302 1315//302 1393//302
f 1393//355 1315//355 1310//355 1388//355
f 1394//356 1400//356 1401//356 1395//356
f 1395//357 1401//357 1402//357 1396//357
f 1396//358 1402//358 1403//358 1397//358
f 1397//359 1403//359 1404//359 1398//359
f 1398//360 1404//360 1405//360 1399//360
f 1399//361 1405//361 1400//361 1394//361
f 1400//362 1406//362 1407//362 1401//362
f 1401//357 1407//357 1408//357 1402//357
f 1402//363 1408//363 1409//363 1403//363
f 1403//364 1409//364 1410//364 1404//364
f 1404//360 1410//360 1411//360 1405//360
f 1405//365 1411//365 1406//365 1400//365
f 1406//366 1412//366 1413//366 1407//366
f 1407//357 1413//357 1414//357 1408//357
f 1408//367 1414//367 1415//367 1409//367
f 1409//368 1415//368 1416//368 1410//368
f 1410//360 1416//360 1417//360 1411//360
f 1411//369 1417//369 1412//369 1406//369
f 1412//370 1418//370 1419//370 1413//370
f 1413//357 1419//357 1420//357 1414//357
f 1414//371 1420//371 1421//371 1415//371
f 1415//372 1421//372 1422//372 1416//372
f 1416//360 1422//360 1423//360 1417//360
f 1417//373 1423//373 1418//373 1412//373
f 1418//374 1424//374 1425//374 1419//374
f 1419//357 1425//357 1426//357 1420//357
f 1420//375 1426//375 1427//375 1421//375
f 1421//376 1427//376 1428//376 1422//376
f 1422//360 1428//360 1429//360 1423//360
f 1423//377 1429//377 1424//377 1418//377
f 1424//378 1430//378 1431//378 1425//378
f 1425//357 1431//357 1432//357 1426//357
f 1426//379 1432//379 1433//379 1427//379
f 1427//415 1433//415 1434//415 1428//415
f 1428//360 1434//360 1435//360 1429//360
f 1429//381 1435//381 1430//381 1424//381
f 1430//382 1436//382 1437//382 1431//382
f 1431//357 1437//357 1438//357 1432//357
f 1432//383 1438//383 1439//383 1433//383
f 1433//384 1439//384 1440//384 1434//384
f 1434//360 1440//360 1441//360 1435//360
f 1435//385 1441//385 1436//385 1430//385
f 1436//386 1442//386 1443//386 1437//386
f 1437//357 1443//357 1444//357 1438//357
f 1438//387 1444//387 1445//387 1439//387
f 1439//388 1445//388 1446//388 1440//388
f 1440//360 1446//360 1447//360 1441//360
f 1441//389 1447//389 1442//389 1436//389
f 1442//390 1448//390 1449//390 1443//390
f 1443//357 1449//357 1450//357 1444//357
f 1444//391 1450//391 1451//391 1445//391
f 1445//392 1451//392 1452//392 1446//392
f 1446//360 1452//360 1453//360 1447//360
f 1447//393 1453//393 1448//393 1442//393
f 1448//394 1454//394 1455//394 1449//394
f 1449//357 1455//357 1456//357 1450//357
f 1450//395 1456//395 1457//395 1451//395
f 1451//396 1457//396 1458//396 1452//396
f 1452//360 1458//360 1459//360 1453//360
f 1453//397 1459//397 1454//397 1448//397
f 1454//398 1460//398 1461//398 1455//398
f 1455//357 1461//357 1462//357 1456//357
f 1456//399 1462//399 1463//399 1457//399
f 1457//400 1463//400 1464//400 1458//400
f 1458//360 1464//360 1465//360 1459//360
f 1459//401 1465//401 1460//401 1454//401
f 1460//402 1466//402 1467//402 1461//402
f 1461//357 1467//357 1468//357 1462//357
f 1462//403 1468//403 1469//403 1463//403
f 1463//404 1469//404 1470//404 1464//404
f 1464//360 1470//360 1471//360 1465//360
f 1465//405 1471//405 1466//405 1460//405
f 1466//406 1472//406 1473//406 1467//406
f 1467//357 1473//357 1474//357 1468//357
f 1468//407 1474//407 1475//407 1469//407
f 1469//408 1475//408 1476//408 1470//408
f 1470//360 1476//360 1477//360 1471//360
f 1471//409 1477//409 1472//409 1466//409
f 1472//410 1394//410 1395//410 1473//410
f 1473//357 1395//357 1396//357 1474//357
f 1474//411 1396//411 1397//411 1475//411
f 1475//412 1397//412 1398//412 1476//412
f 1476//360 1398//360 1399//360 1477//360
f 1477//413 1399//413 1394//413 1472//413
f 1478//298 1484//298 1485//298 1479//298
f 1479//299 1485//299 1486//299 1480//299
f 1480//300 1486//300 1487//300 1481//300
f 1481//301 1487//301 1488//301 1482//301
f 1482//302 1488//302 1489//302 1483//302
f 1483//303 1489//303 1484//303 1478//303
f 1484//304 1490//304 1491//304 1485//304
f 1485//299 1491//299 1492//299 1486//299
f 1486//305 1492//305 1493//305 1487//305
f 1487//306 1493//306 1494//306 1488//306
f 1488//302 1494//302 1495//302 1489//302
f 1489//307 1495//307 1490//307 1484//307
f 1490//308 1496//308 1497//308 1491//308
f 1491//299 1497//299 1498//299 1492//299
f 1492//309 1498//309 1499//309 1493//309
f 1493//310 1499//310 1500//310 1494//310
f 1494//302 1500//302 1501//302 1495//302
f 1495//311 1501//311 1496//311 1490//311
f 1496//312 1502//312 1503//312 1497//312
f 1497//299 1503//299 1504//299 1498//299
f 1498//313 1504//313 1505//313 1499//313
f 1499//314 1505//314 1506//314 1500//314
f 1500//302 1506//302 1507//302 1501//302
f 1501//315 1507//315 1502//315 1496//315
f 1502//316 1508//316 1509//316 1503//316
f 1503//299 1509//299 1510//299 1504//299
f 1504//317 1510//317 1511//317 1505//317
f 1505//318 1511//318 1512//318 1506//318
f 1506//302 1512//302 1513//302 1507//302
f 1507//319 1513//319 1508//319 1502//319
f 1508//320 1514//320 1515//320 1509//320
f 1509//299 1515//299 1516//299 1510//299
f 1510//321 1516//321 1517//321 1511//321
f 1511//322 1517//322 1518//322 1512//322
f 1512//302 1518//302 1519//302 1513//302
f 1513//323 1519//323 1514//323 1508//323
f 1514//324 1520//324 1521//324 1515//324
f 1515//299 1521//299 1522//299 1516//299
f 1516//325 1522//325 1523//325 1517//325
f 1517//326 1523//326 1524//326 1518//326
f 1518//302 1524//302 1525//302 1519//302
f 1519//327 1525//327 1520//327 1514//327
f 1520//328 1526//328 1527//328 1521//328
f 1521//299 1527//299 1528//299 1522//299
f 1522//329 1528//329 1529//329 1523//329
f 1523//330 1529//330 1530//330 1524//330
f 1524//302 1530//302 1531//302 1525//302
f 1525//331 1531//331 1526//331 1520//331
f 1526//332 1532//332 1533//332 1527//332
f 1527//299 1533//299 1534//299 1528//299
f 1528//333 1534//333 1535//333 1529//333
f 1529//334 1535//334 1536//334 1530//334
f 1530//302 1536//302 1537//302 1531//302
f 1531//335 1537//335 1532//335 1526//335
f 1532//336 1538//336 1539//336 1533//336
f 1533//299 1539//299 1540//299 1534//299
f 1534//337 1540//337 1541//337 1535//337
f 1535//338 1541//338 1542//338 1536//338
f 1536//302 1542//302 1543//302 1537//302
f 1537//339 1543//339 1538//339 1532//339
f 1538//340 1544//340 1545//340 1539//340
f 1539//299 1545//299 1546//299 1540//299
f 1540//341 1546//341 1547//341 1541//341
f 1541//342 1547//342 1548//342 1542//342
f 1542//302 1548//302 1549//302 1543//302
f 1543//343 1549//343 1544//343 1538//343
f 1544//344 1550//344 1551//344 1545//344
f 1545//299 1551//299 1552//299 1546//299
f 1546//345 1552//345 1553//345 1547//345
f 1547//346 1553//346 1554//346 1548//346
f 1548//302 1554//302 1555//302 1549//302
f 1549//347 1555//347 1550//347 1544//347
f 1550//348 1556//348 1557//348 1551//348
f 1551//299 1557//299 1558//299 1552//299
f 1552//349 1558//349 1559//349 1553//349
f 1553//350 1559//350 1560//350 1554//350
f 1554//302 1560//302 1561//302 1555//302
f 1555//351 1561//351 1556//351 1550//351
f 1556//352 1478//352 1479//352 1557//352
f 1557//299 1479//299 1480//299 1558//299
f 1558//353 1480//353 1481//353 1559//353
f 1559//354 1481//354 1482//354 1560//354
f 1560//302 1482//302 1483//302 1561//302
f 1561//355 1483//355 1478//355 1556//355
f 1562//356 1568//356 1569//356 1563//356
f 1563//357 1569//357 1570//357 1564//357
f 1564//358 1570//358 1571//358 1565//358
f 1565//359 1571//359 1572//359 1566//359
f 1566//360 1572//360 1573//360 1567//360
f 1567//361 1573//361 1568//361 1562//361
f 1568//362 1574//362 1575//362 1569//362
f 1569//357 1575//357 1576//357 1570//357
f 1570//363 1576//363 1577//363 1571//363
f 1571//364 1577//364 1578//364 1572//364
f 1572//360 1578//360 1579//360 1573//360
f 1573//365 1579//365 1574//365 1568//365
f 1574//366 1580//366 1581//366 1575//366
f 1575//357 1581//357 1582//357 1576//357
f 1576//367 1582//367 1583//367 1577//367
f 1577//368 1583//368 1584//368 1578//368
f 1578//360 1584//360 1585//360 1579//360
f 1579//369 1585//369 1580//369 1574//369
f 1580//370 1586//370 1587//370 1581//370
f 1581//357 1587//357 1588//357 1582//357
f 1582//371 1588//371 1589//371 1583//371
f 1583//372 1589//372 1590//372 1584//372
f 1584//360 1590//360 1591//360 1585//360
f 1585//373 1591//373 1586//373 1580//373
f 1586//374 1592//374 1593//374 1587//374
f 1587//357 1593//357 1594//357 1588//357
f 1588//375 1594//375 1595//375 1589//375
f 1589//376 1595//376 1596//376 1590//376
f 1590//360 1596//360 1597//360 1591//360
f 1591//377 1597//377 1592//377 1586//377
f 1592//378 1598//378 1599//378 1593//378
f 1593//357 1599//357 1600//357 1594//357
f 1594//379 1600//379 1601//379 1595//379
f 1595//415 1601//415 1602//415 1596//415
f 1596//360 1602//360 1603//360 1597//360
f 1597//381 1603//381 1598//381 1592//381
f 1598//382 1604//382 1605//382 1599//382
f 1599//357 1605//357 1606//357 1600//357
f 1600//383 1606//383 1607//383 1601//383
f 1601//384 1607//384 1608//384 1602//384
f 1602//360 1608//360 1609//360 1603//360
f 1603//385 1609//385 1604//385 1598//385
f 1604//386 1610//386 1611//386 1605//386
f 1605//357 1611//357 1612//357 1606//357
f 1606//387 1612//387 1613//387 1607//387
f 1607//388 1613//388 1614//388 1608//388
f 1608//360 1614//360 1615//360 1609//360
f 1609//389 1615//389 1610//389 1604//389
f 1610//390 1616//390 1617//390 1611//390
f 1611//357 1617//357 1618//357 1612//357
f 1612//391 1618//391 1619//391 1613//391
f 1613//392 1619//392 1620//392 1614//392
f 1614//360 1620//360 1621//360 1615//360
f 1615//393 1621//393 1616//393 1610//393
f 1616//394 1622//394 1623//394 1617//394
f 1617//357 1623//357 1624//357 1618//357
f 1618//395 1624//395 1625//395 1619//395
f 1619//396 1625//396 1626//396 1620//396
f 1620//360 1626//360 1627//360 1621//360
f 1621//397 1627//397 1622//397 1616//397
f 1622//398 1628//398 1629//398 1623//398
f 1623//357 1629//357 1630//357 1624//357
f 1624//399 1630//399 1631//399 1625//399
f 1625//400 1631//400 1632//400 1626//400
f 1626//360 1632//360 1633//360 1627//360
f 1627//401 1633//401 1628//401 1622//401
f 1628//402 1634//402 1635//402 1629//402
f 1629//357 1635//357 1636//357 1630//357
f 1630//403 1636//403 1637//403 1631//403
f 1631//404 1637//404 1638//404 1632//404
f 1632//360 1638//360 1639//360 1633//360
f 1633//405 1639//405 1634//405 1628//405
f 1634//406 1640//406 1641//406 1635//406
f 1635//357 1641//357 1642//357 1636//357
f 1636//407 1642//407 1643//407 1637//407
f 1637//408 1643//408 1644//408 1638//408
f 1638//360 1644//360 1645//360 1639//360
f 1639//409 1645//409 1640//409 1634//409
f 1640//410 1562//410 1563//410 1641//410
f 1641//357 1563//357 1564//357 1642//357
f 1642//411 1564//411 1565//411 1643//411
f 1643//412 1565//412 1566//412 1644//412
f 1644//360 1566//360 1567//360 1645//360
f 1645//413 1567//413 1562//413 1640//413
o hell_rifle.002
v 0.110017 0.036973 -0.385455
v 0.118717 0.028473 -0.385455
v 0.118717 0.011473 -0.385455
v 0.110017 0.002973 -0.385455
v 0.101317 0.011473 -0.385455
v 0.101317 0.028473 -0.385455
v 0.110017 0.029873 -0.403655
v 0.118717 0.022273 -0.401554
v 0.118717 0.006973 -0.397155
v 0.110017 -0.000727 -0.394955
v 0.101317 0.006973 -0.397155
v 0.101317 0.022273 -0.401554
v 0.110017 0.010073 -0.418254
v 0.118717 0.004773 -0.414355
v 0.118717 -0.005827 -0.406555
v 0.110017 -0.011127 -0.402654
v 0.101317 -0.005827 -0.406555
v 0.101317 0.004773 -0.414355
v 0.110017 -0.018527 -0.426354
v 0.118717 -0.020427 -0.421555
v 0.118717 -0.024227 -0.411755
v 0.110017 -0.026127 -0.406855
v 0.101317 -0.024227 -0.411755
v 0.101317 -0.020427 -0.421555
v 0.110017 -0.050327 -0.426354
v 0.118717 -0.048427 -0.421555
v 0.118717 -0.044627 -0.411755
v 0.110017 -0.042727 -0.406855
v 0.101317 -0.044627 -0.411755
v 0.101317 -0.048427 -0.421555
v 0.110017 -0.078927 -0.418254
v 0.118717 -0.073627 -0.414355
v 0.118717 -0.063027 -0.406555
v 0.110017 -0.057727 -0.402654
v 0.101317 -0.063027 -0.406555
v 0.101317 -0.073627 -0.414355
v 0.110017 -0.098727 -0.403655
v 0.118717 -0.091127 -0.401554
v 0.118717 -0.075827 -0.397155
v 0.110017 -0.068127 -0.394955
v 0.101317 -0.075827 -0.397155
v 0.101317 -0.091127 -0.401554
v 0.110017 -0.105827 -0.385455
v 0.118717 -0.097327 -0.385455
v 0.118717 -0.080327 -0.385455
v 0.110017 -0.071827 -0.385455
v 0.101317 -0.080327 -0.385455
v 0.101317 -0.097327 -0.385455
v 0.110017 -0.098727 -0.367254
v 0.118717 -0.091127 -0.369355
v 0.118717 -0.075827 -0.373755
v 0.110017 -0.068127 -0.375955
v 0.101317 -0.075827 -0.373755
v 0.101317 -0.091127 -0.369355
v 0.110017 -0.078927 -0.352655
v 0.118717 -0.073627 -0.356555
v 0.118717 -0.063027 -0.364354
v 0.110017 -0.057727 -0.368255
v 0.101317 -0.063027 -0.364354
v 0.101317 -0.073627 -0.356555
v 0.110017 -0.050327 -0.344555
v 0.118717 -0.048427 -0.349355
v 0.118717 -0.044627 -0.359154
v 0.110017 -0.042727 -0.364055
v 0.101317 -0.044627 -0.359154
v 0.101317 -0.048427 -0.349355
v 0.110017 -0.018527 -0.344555
v 0.118717 -0.020427 -0.349355
v 0.118717 -0.024227 -0.359154
v 0.110017 -0.026127 -0.364055
v 0.101317 -0.024227 -0.359154
v 0.101317 -0.020427 -0.349355
v 0.110017 0.010073 -0.352655
v 0.118717 0.004773 -0.356555
v 0.118717 -0.005827 -0.364354
v 0.110017 -0.011127 -0.368255
v 0.101317 -0.005827 -0.364354
v 0.101317 0.004773 -0.356555
v 0.110017 0.029873 -0.367254
v 0.118717 0.022273 -0.369355
v 0.118717 0.006973 -0.373755
v 0.110017 -0.000727 -0.375955
v 0.101317 0.006973 -0.373755
v 0.101317 0.022273 -0.369355
v 0.110017 -0.013027 -0.385455
v 0.110017 -0.021527 -0.394155
v 0.110017 -0.038527 -0.394155
v 0.110017 -0.047027 -0.385455
v 0.110017 -0.038527 -0.376754
v 0.110017 -0.021527 -0.376754
v 0.128217 -0.020127 -0.385455
v 0.126117 -0.027727 -0.394155
v 0.121717 -0.043027 -0.394155
v 0.119517 -0.050727 -0.385455
v 0.121717 -0.043027 -0.376754
v 0.126117 -0.027727 -0.376754
v 0.142817 -0.039927 -0.385455
v 0.138917 -0.045227 -0.394155
v 0.131117 -0.055827 -0.394155
v 0.127217 -0.061127 -0.385455
v 0.131117 -0.055827 -0.376754
v 0.138917 -0.045227 -0.376754
v 0.150917 -0.068527 -0.385455
v 0.146117 -0.070427 -0.394155
v 0.136317 -0.074227 -0.394155
v 0.131417 -0.076127 -0.385455
v 0.136317 -0.074227 -0.376754
v 0.146117 -0.070427 -0.376754
v 0.150917 -0.100327 -0.385455
v 0.146117 -0.098427 -0.394155
v 0.136317 -0.094627 -0.394155
v 0.131417 -0.092727 -0.385455
v 0.136317 -0.094627 -0.376754
v 0.146117 -0.098427 -0.376754
v 0.142817 -0.128927 -0.385455
v 0.138917 -0.123627 -0.394155
v 0.131117 -0.113027 -0.394155
v 0.127217 -0.107727 -0.385455
v 0.131117 -0.113027 -0.376754
v 0.138917 -0.123627 -0.376754
v 0.128217 -0.148727 -0.385455
v 0.126117 -0.141127 -0.394155
v 0.121717 -0.125827 -0.394155
v 0.119517 -0.118127 -0.385455
v 0.121717 -0.125827 -0.376754
v 0.126117 -0.141127 -0.376754
v 0.110017 -0.155827 -0.385455
v 0.110017 -0.147327 -0.394155
v 0.110017 -0.130327 -0.394155
v 0.110017 -0.121827 -0.385455
v 0.110017 -0.130327 -0.376754
v 0.110017 -0.147327 -0.376754
v 0.091817 -0.148727 -0.385455
v 0.093917 -0.141127 -0.394155
v 0.098317 -0.125827 -0.394155
v 0.100517 -0.118127 -0.385455
v 0.098317 -0.125827 -0.376754
v 0.093917 -0.141127 -0.376754
v 0.077217 -0.128927 -0.385455
v 0.081117 -0.123627 -0.394155
v 0.088917 -0.113027 -0.394155
v 0.092817 -0.107727 -0.385455
v 0.088917 -0.113027 -0.376754
v 0.081117 -0.123627 -0.376754
v 0.069117 -0.100327 -0.385455
v 0.073917 -0.098427 -0.394155
v 0.083717 -0.094627 -0.394155
v 0.088617 -0.092727 -0.385455
v 0.083717 -0.094627 -0.376754
v 0.073917 -0.098427 -0.376754
v 0.069117 -0.068527 -0.385455
v 0.073917 -0.070427 -0.394155
v 0.083717 -0.074227 -0.394155
v 0.088617 -0.076127 -0.385455
v 0.083717 -0.074227 -0.376754
v 0.073917 -0.070427 -0.376754
v 0.077217 -0.039927 -0.385455
v 0.081117 -0.045227 -0.394155
v 0.088917 -0.055827 -0.394155
v 0.092817 -0.061127 -0.385455
v 0.088917 -0.055827 -0.376754
v 0.081117 -0.045227 -0.376754
v 0.091817 -0.020127 -0.385455
v 0.093917 -0.027727 -0.394155
v 0.098317 -0.043027 -0.394155
v 0.100517 -0.050727 -0.385455
v 0.098317 -0.043027 -0.376754
v 0.093917 -0.027727 -0.376754
v 0.110017 -0.063027 -0.385455
v 0.118717 -0.071527 -0.385455
v 0.118717 -0.088527 -0.385455
v 0.110017 -0.097027 -0.385455
v 0.101317 -0.088527 -0.385455
v 0.101317 -0.071527 -0.385455
v 0.110017 -0.070127 -0.403655
v 0.118717 -0.077727 -0.401554
v 0.118717 -0.093027 -0.397155
v 0.110017 -0.100727 -0.394955
v 0.101317 -0.093027 -0.397155
v 0.101317 -0.077727 -0.401554
v 0.110017 -0.089927 -0.418254
v 0.118717 -0.095227 -0.414355
v 0.118717 -0.105827 -0.406555
v 0.110017 -0.111127 -0.402654
v 0.101317 -0.105827 -0.406555
v 0.101317 -0.095227 -0.414355
v 0.110017 -0.118527 -0.426354
v 0.118717 -0.120427 -0.421555
v 0.118717 -0.124227 -0.411755
v 0.110017 -0.126127 -0.406855
v 0.101317 -0.124227 -0.411755
v 0.101317 -0.120427 -0.421555
v 0.110017 -0.150327 -0.426354
v 0.118717 -0.148427 -0.421555
v 0.118717 -0.144627 -0.411755
v 0.110017 -0.142727 -0.406855
v 0.101317 -0.144627 -0.411755
v 0.101317 -0.148427 -0.421555
v 0.110017 -0.178927 -0.418254
v 0.118717 -0.173627 -0.414355
v 0.118717 -0.163027 -0.406555
v 0.110017 -0.157727 -0.402654
v 0.101317 -0.163027 -0.406555
v 0.101317 -0.173627 -0.414355
v 0.110017 -0.198727 -0.403655
v 0.118717 -0.191127 -0.401554
v 0.118717 -0.175827 -0.397155
v 0.110017 -0.168127 -0.394955
v 0.101317 -0.175827 -0.397155
v 0.101317 -0.191127 -0.401554
v 0.110017 -0.205827 -0.385455
v 0.118717 -0.197327 -0.385455
v 0.118717 -0.180327 -0.385455
v 0.110017 -0.171827 -0.385455
v 0.101317 -0.180327 -0.385455
v 0.101317 -0.197327 -0.385455
v 0.110017 -0.198727 -0.367254
v 0.118717 -0.191127 -0.369355
v 0.118717 -0.175827 -0.373755
v 0.110017 -0.168127 -0.375955
v 0.101317 -0.175827 -0.373755
v 0.101317 -0.191127 -0.369355
v 0.110017 -0.178927 -0.352655
v 0.118717 -0.173627 -0.356555
v 0.118717 -0.163027 -0.364354
v 0.110017 -0.157727 -0.368255
v 0.101317 -0.163027 -0.364354
v 0.101317 -0.173627 -0.356555
v 0.110017 -0.150327 -0.344555
v 0.118717 -0.148427 -0.349355
v 0.118717 -0.144627 -0.359154
v 0.110017 -0.142727 -0.364055
v 0.101317 -0.144627 -0.359154
v 0.101317 -0.148427 -0.349355
v 0.110017 -0.118527 -0.344555
v 0.118717 -0.120427 -0.349355
v 0.118717 -0.124227 -0.359154
v 0.110017 -0.126127 -0.364055
v 0.101317 -0.124227 -0.359154
v 0.101317 -0.120427 -0.349355
v 0.110017 -0.089927 -0.352655
v 0.118717 -0.095227 -0.356555
v 0.118717 -0.105827 -0.364354
v 0.110017 -0.111127 -0.368255
v 0.101317 -0.105827 -0.364354
v 0.101317 -0.095227 -0.356555
v 0.110017 -0.070127 -0.367254
v 0.118717 -0.077727 -0.369355
v 0.118717 -0.093027 -0.373755
v 0.110017 -0.100727 -0.375955
v 0.101317 -0.093027 -0.373755
v 0.101317 -0.077727 -0.369355
v 0.110017 -0.113027 -0.385455
v 0.110017 -0.121527 -0.394155
v 0.110017 -0.138527 -0.394155
v 0.110017 -0.147027 -0.385455
v 0.110017 -0.138527 -0.376754
v 0.110017 -0.121527 -0.376754
v 0.128217 -0.120127 -0.385455
v 0.126117 -0.127727 -0.394155
v 0.121717 -0.143027 -0.394155
v 0.119517 -0.150727 -0.385455
v 0.121717 -0.143027 -0.376754
v 0.126117 -0.127727 -0.376754
v 0.142817 -0.139927 -0.385455
v 0.138917 -0.145227 -0.394155
v 0.131117 -0.155827 -0.394155
v 0.127217 -0.161127 -0.385455
v 0.131117 -0.155827 -0.376754
v 0.138917 -0.145227 -0.376754
v 0.150917 -0.168527 -0.385455
v 0.146117 -0.170427 -0.394155
v 0.136317 -0.174227 -0.394155
v 0.131417 -0.176127 -0.385455
v 0.136317 -0.174227 -0.376754
v 0.146117 -0.170427 -0.376754
v 0.150917 -0.200327 -0.385455
v 0.146117 -0.198427 -0.394155
v 0.136317 -0.194627 -0.394155
v 0.131417 -0.192727 -0.385455
v 0.136317 -0.194627 -0.376754
v 0.146117 -0.198427 -0.376754
v 0.142817 -0.228927 -0.385455
v 0.138917 -0.223627 -0.394155
v 0.131117 -0.213027 -0.394155
v 0.127217 -0.207727 -0.385455
v 0.131117 -0.213027 -0.376754
v 0.138917 -0.223627 -0.376754
v 0.128217 -0.248727 -0.385455
v 0.126117 -0.241127 -0.394155
v 0.121717 -0.225827 -0.394155
v 0.119517 -0.218127 -0.385455
v 0.121717 -0.225827 -0.376754
v 0.126117 -0.241127 -0.376754
v 0.110017 -0.255827 -0.385455
v 0.110017 -0.247327 -0.394155
v 0.110017 -0.230327 -0.394155
v 0.110017 -0.221827 -0.385455
v 0.110017 -0.230327 -0.376754
v 0.110017 -0.247327 -0.376754
v 0.091817 -0.248727 -0.385455
v 0.093917 -0.241127 -0.394155
v 0.098317 -0.225827 -0.394155
v 0.100517 -0.218127 -0.385455
v 0.098317 -0.225827 -0.376754
v 0.093917 -0.241127 -0.376754
v 0.077217 -0.228927 -0.385455
v 0.081117 -0.223627 -0.394155
v 0.088917 -0.213027 -0.394155
v 0.092817 -0.207727 -0.385455
v 0.088917 -0.213027 -0.376754
v 0.081117 -0.223627 -0.376754
v 0.069117 -0.200327 -0.385455
v 0.073917 -0.198427 -0.394155
v 0.083717 -0.194627 -0.394155
v 0.088617 -0.192727 -0.385455
v 0.083717 -0.194627 -0.376754
v 0.073917 -0.198427 -0.376754
v 0.069117 -0.168527 -0.385455
v 0.073917 -0.170427 -0.394155
v 0.083717 -0.174227 -0.394155
v 0.088617 -0.176127 -0.385455
v 0.083717 -0.174227 -0.376754
v 0.073917 -0.170427 -0.376754
v 0.077217 -0.139927 -0.385455
v 0.081117 -0.145227 -0.394155
v 0.088917 -0.155827 -0.394155
v 0.092817 -0.161127 -0.385455
v 0.088917 -0.155827 -0.376754
v 0.081117 -0.145227 -0.376754
v 0.091817 -0.120127 -0.385455
v 0.093917 -0.127727 -0.394155
v 0.098317 -0.143027 -0.394155
v 0.100517 -0.150727 -0.385455
v 0.098317 -0.143027 -0.376754
v 0.093917 -0.127727 -0.376754
v 0.110017 -0.163027 -0.385455
v 0.118717 -0.171527 -0.385455
v 0.118717 -0.188527 -0.385455
v 0.110017 -0.197027 -0.385455
v 0.101317 -0.188527 -0.385455
v 0.101317 -0.171527 -0.385455
v 0.110017 -0.170127 -0.403655
v 0.118717 -0.177727 -0.401554
v 0.118717 -0.193027 -0.397155
v 0.110017 -0.200727 -0.394955
v 0.101317 -0.193027 -0.397155
v 0.101317 -0.177727 -0.401554
v 0.110017 -0.189927 -0.418254
v 0.118717 -0.195227 -0.414355
v 0.118717 -0.205827 -0.406555
v 0.110017 -0.211127 -0.402654
v 0.101317 -0.205827 -0.406555
v 0.101317 -0.195227 -0.414355
v 0.110017 -0.218527 -0.426354
v 0.118717 -0.220427 -0.421555
v 0.118717 -0.224227 -0.411755
v 0.110017 -0.226127 -0.406855
v 0.101317 -0.224227 -0.411755
v 0.101317 -0.220427 -0.421555
v 0.110017 -0.250327 -0.426354
v 0.118717 -0.248427 -0.421555
v 0.118717 -0.244627 -0.411755
v 0.110017 -0.242727 -0.406855
v 0.101317 -0.244627 -0.411755
v 0.101317 -0.248427 -0.421555
v 0.110017 -0.278927 -0.418254
v 0.118717 -0.273627 -0.414355
v 0.118717 -0.263027 -0.406555
v 0.110017 -0.257727 -0.402654
v 0.101317 -0.263027 -0.406555
v 0.101317 -0.273627 -0.414355
v 0.110017 -0.298727 -0.403655
v 0.118717 -0.291127 -0.401554
v 0.118717 -0.275827 -0.397155
v 0.110017 -0.268127 -0.394955
v 0.101317 -0.275827 -0.397155
v 0.101317 -0.291127 -0.401554
v 0.110017 -0.305827 -0.385455
v 0.118717 -0.297327 -0.385455
v 0.118717 -0.280327 -0.385455
v 0.110017 -0.271827 -0.385455
v 0.101317 -0.280327 -0.385455
v 0.101317 -0.297327 -0.385455
v 0.110017 -0.298727 -0.367254
v 0.118717 -0.291127 -0.369355
v 0.118717 -0.275827 -0.373755
v 0.110017 -0.268127 -0.375955
v 0.101317 -0.275827 -0.373755
v 0.101317 -0.291127 -0.369355
v 0.110017 -0.278927 -0.352655
v 0.118717 -0.273627 -0.356555
v 0.118717 -0.263027 -0.364354
v 0.110017 -0.257727 -0.368255
v 0.101317 -0.263027 -0.364354
v 0.101317 -0.273627 -0.356555
v 0.110017 -0.250327 -0.344555
v 0.118717 -0.248427 -0.349355
v 0.118717 -0.244627 -0.359154
v 0.110017 -0.242727 -0.364055
v 0.101317 -0.244627 -0.359154
v 0.101317 -0.248427 -0.349355
v 0.110017 -0.218527 -0.344555
v 0.118717 -0.220427 -0.349355
v 0.118717 -0.224227 -0.359154
v 0.110017 -0.226127 -0.364055
v 0.101317 -0.224227 -0.359154
v 0.101317 -0.220427 -0.349355
v 0.110017 -0.189927 -0.352655
v 0.118717 -0.195227 -0.356555
v 0.118717 -0.205827 -0.364354
v 0.110017 -0.211127 -0.368255
v 0.101317 -0.205827 -0.364354
v 0.101317 -0.195227 -0.356555
v 0.110017 -0.170127 -0.367254
v 0.118717 -0.177727 -0.369355
v 0.118717 -0.193027 -0.373755
v 0.110017 -0.200727 -0.375955
v 0.101317 -0.193027 -0.373755
v 0.101317 -0.177727 -0.369355
v 0.110017 -0.213027 -0.385455
v 0.110017 -0.221527 -0.394155
v 0.110017 -0.238527 -0.394155
v 0.110017 -0.247027 -0.385455
v 0.110017 -0.238527 -0.376754
v 0.110017 -0.221527 -0.376754
v 0.128217 -0.220127 -0.385455
v 0.126117 -0.227727 -0.394155
v 0.121717 -0.243027 -0.394155
v 0.119517 -0.250727 -0.385455
v 0.121717 -0.243027 -0.376754
v 0.126117 -0.227727 -0.376754
v 0.142817 -0.239927 -0.385455
v 0.138917 -0.245227 -0.394155
v 0.131117 -0.255827 -0.394155
v 0.127217 -0.261127 -0.385455
v 0.131117 -0.255827 -0.376754
v 0.138917 -0.245227 -0.376754
v 0.150917 -0.268527 -0.385455
v 0.146117 -0.270427 -0.394155
v 0.136317 -0.274227 -0.394155
v 0.131417 -0.276127 -0.385455
v 0.136317 -0.274227 -0.376754
v 0.146117 -0.270427 -0.376754
v 0.150917 -0.300327 -0.385455
v 0.146117 -0.298427 -0.394155
v 0.136317 -0.294627 -0.394155
v 0.131417 -0.292727 -0.385455
v 0.136317 -0.294627 -0.376754
v 0.146117 -0.298427 -0.376754
v 0.142817 -0.328927 -0.385455
v 0.138917 -0.323627 -0.394155
v 0.131117 -0.313027 -0.394155
v 0.127217 -0.307727 -0.385455
v 0.131117 -0.313027 -0.376754
v 0.138917 -0.323627 -0.376754
v 0.128217 -0.348727 -0.385455
v 0.126117 -0.341127 -0.394155
v 0.121717 -0.325827 -0.394155
v 0.119517 -0.318127 -0.385455
v 0.121717 -0.325827 -0.376754
v 0.126117 -0.341127 -0.376754
v 0.110017 -0.355827 -0.385455
v 0.110017 -0.347327 -0.394155
v 0.110017 -0.330327 -0.394155
v 0.110017 -0.321827 -0.385455
v 0.110017 -0.330327 -0.376754
v 0.110017 -0.347327 -0.376754
v 0.091817 -0.348727 -0.385455
v 0.093917 -0.341127 -0.394155
v 0.098317 -0.325827 -0.394155
v 0.100517 -0.318127 -0.385455
v 0.098317 -0.325827 -0.376754
v 0.093917 -0.341127 -0.376754
v 0.077217 -0.328927 -0.385455
v 0.081117 -0.323627 -0.394155
v 0.088917 -0.313027 -0.394155
v 0.092817 -0.307727 -0.385455
v 0.088917 -0.313027 -0.376754
v 0.081117 -0.323627 -0.376754
v 0.069117 -0.300327 -0.385455
v 0.073917 -0.298427 -0.394155
v 0.083717 -0.294627 -0.394155
v 0.088617 -0.292727 -0.385455
v 0.083717 -0.294627 -0.376754
v 0.073917 -0.298427 -0.376754
v 0.069117 -0.268527 -0.385455
v 0.073917 -0.270427 -0.394155
v 0.083717 -0.274227 -0.394155
v 0.088617 -0.276127 -0.385455
v 0.083717 -0.274227 -0.376754
v 0.073917 -0.270427 -0.376754
v 0.077217 -0.239927 -0.385455
v 0.081117 -0.245227 -0.394155
v 0.088917 -0.255827 -0.394155
v 0.092817 -0.261127 -0.385455
v 0.088917 -0.255827 -0.376754
v 0.081117 -0.245227 -0.376754
v 0.091817 -0.220127 -0.385455
v 0.093917 -0.227727 -0.394155
v 0.098317 -0.243027 -0.394155
v 0.100517 -0.250727 -0.385455
v 0.098317 -0.243027 -0.376754
v 0.093917 -0.227727 -0.376754
v 0.110017 -0.263027 -0.385455
v 0.118717 -0.271527 -0.385455
v 0.118717 -0.288527 -0.385455
v 0.110017 -0.297027 -0.385455
v 0.101317 -0.288527 -0.385455
v 0.101317 -0.271527 -0.385455
v 0.110017 -0.270127 -0.403655
v 0.118717 -0.277727 -0.401554
v 0.118717 -0.293027 -0.397155
v 0.110017 -0.300727 -0.394955
v 0.101317 -0.293027 -0.397155
v 0.101317 -0.277727 -0.401554
v 0.110017 -0.289927 -0.418254
v 0.118717 -0.295227 -0.414355
v 0.118717 -0.305827 -0.406555
v 0.110017 -0.311127 -0.402654
v 0.101317 -0.305827 -0.406555
v 0.101317 -0.295227 -0.414355
v 0.110017 -0.318527 -0.426354
v 0.118717 -0.320427 -0.421555
v 0.118717 -0.324227 -0.411755
v 0.110017 -0.326127 -0.406855
v 0.101317 -0.324227 -0.411755
v 0.101317 -0.320427 -0.421555
v 0.110017 -0.350327 -0.426354
v 0.118717 -0.348427 -0.421555
v 0.118717 -0.344627 -0.411755
v 0.110017 -0.342727 -0.406855
v 0.101317 -0.344627 -0.411755
v 0.101317 -0.348427 -0.421555
v 0.110017 -0.378927 -0.418254
v 0.118717 -0.373627 -0.414355
v 0.118717 -0.363027 -0.406555
v 0.110017 -0.357727 -0.402654
v 0.101317 -0.363027 -0.406555
v 0.101317 -0.373627 -0.414355
v 0.110017 -0.398727 -0.403655
v 0.118717 -0.391127 -0.401554
v 0.118717 -0.375827 -0.397155
v 0.110017 -0.368127 -0.394955
v 0.101317 -0.375827 -0.397155
v 0.101317 -0.391127 -0.401554
v 0.110017 -0.405827 -0.385455
v 0.118717 -0.397327 -0.385455
v 0.118717 -0.380327 -0.385455
v 0.110017 -0.371827 -0.385455
v 0.101317 -0.380327 -0.385455
v 0.101317 -0.397327 -0.385455
v 0.110017 -0.398727 -0.367254
v 0.118717 -0.391127 -0.369355
v 0.118717 -0.375827 -0.373755
v 0.110017 -0.368127 -0.375955
v 0.101317 -0.375827 -0.373755
v 0.101317 -0.391127 -0.369355
v 0.110017 -0.378927 -0.352655
v 0.118717 -0.373627 -0.356555
v 0.118717 -0.363027 -0.364354
v 0.110017 -0.357727 -0.368255
v 0.101317 -0.363027 -0.364354
v 0.101317 -0.373627 -0.356555
v 0.110017 -0.350327 -0.344555
v 0.118717 -0.348427 -0.349355
v 0.118717 -0.344627 -0.359154
v 0.110017 -0.342727 -0.364055
v 0.101317 -0.344627 -0.359154
v 0.101317 -0.348427 -0.349355
v 0.110017 -0.318527 -0.344555
v 0.118717 -0.320427 -0.349355
v 0.118717 -0.324227 -0.359154
v 0.110017 -0.326127 -0.364055
v 0.101317 -0.324227 -0.359154
v 0.101317 -0.320427 -0.349355
v 0.110017 -0.289927 -0.352655
v 0.118717 -0.295227 -0.356555
v 0.118717 -0.305827 -0.364354
v 0.110017 -0.311127 -0.368255
v 0.101317 -0.305827 -0.364354
v 0.101317 -0.295227 -0.356555
v 0.110017 -0.270127 -0.367254
v 0.118717 -0.277727 -0.369355
v 0.118717 -0.293027 -0.373755
v 0.110017 -0.300727 -0.375955
v 0.101317 -0.293027 -0.373755
v 0.101317 -0.277727 -0.369355
v 0.110017 -0.313027 -0.385455
v 0.110017 -0.321527 -0.394155
v 0.110017 -0.338527 -0.394155
v 0.110017 -0.347027 -0.385455
v 0.110017 -0.338527 -0.376754
v 0.110017 -0.321527 -0.376754
v 0.128217 -0.320127 -0.385455
v 0.126117 -0.327727 -0.394155
v 0.121717 -0.343027 -0.394155
v 0.119517 -0.350727 -0.385455
v 0.121717 -0.343027 -0.376754
v 0.126117 -0.327727 -0.376754
v 0.142817 -0.339927 -0.385455
v 0.138917 -0.345227 -0.394155
v 0.131117 -0.355827 -0.394155
v 0.127217 -0.361127 -0.385455
v 0.131117 -0.355827 -0.376754
v 0.138917 -0.345227 -0.376754
v 0.150917 -0.368527 -0.385455
v 0.146117 -0.370427 -0.394155
v 0.136317 -0.374227 -0.394155
v 0.131417 -0.376127 -0.385455
v 0.136317 -0.374227 -0.376754
v 0.146117 -0.370427 -0.376754
v 0.150917 -0.400327 -0.385455
v 0.146117 -0.398427 -0.394155
v 0.136317 -0.394627 -0.394155
v 0.131417 -0.392727 -0.385455
v 0.136317 -0.394627 -0.376754
v 0.146117 -0.398427 -0.376754
v 0.142817 -0.428927 -0.385455
v 0.138917 -0.423627 -0.394155
v 0.131117 -0.413027 -0.394155
v 0.127217 -0.407727 -0.385455
v 0.131117 -0.413027 -0.376754
v 0.138917 -0.423627 -0.376754
v 0.128217 -0.448727 -0.385455
v 0.126117 -0.441127 -0.394155
v 0.121717 -0.425827 -0.394155
v 0.119517 -0.418127 -0.385455
v 0.121717 -0.425827 -0.376754
v 0.126117 -0.441127 -0.376754
v 0.110017 -0.455827 -0.385455
v 0.110017 -0.447327 -0.394155
v 0.110017 -0.430327 -0.394155
v 0.110017 -0.421827 -0.385455
v 0.110017 -0.430327 -0.376754
v 0.110017 -0.447327 -0.376754
v 0.091817 -0.448727 -0.385455
v 0.093917 -0.441127 -0.394155
v 0.098317 -0.425827 -0.394155
v 0.100517 -0.418127 -0.385455
v 0.098317 -0.425827 -0.376754
v 0.093917 -0.441127 -0.376754
v 0.077217 -0.428927 -0.385455
v 0.081117 -0.423627 -0.394155
v 0.088917 -0.413027 -0.394155
v 0.092817 -0.407727 -0.385455
v 0.088917 -0.413027 -0.376754
v 0.081117 -0.423627 -0.376754
v 0.069117 -0.400327 -0.385455
v 0.073917 -0.398427 -0.394155
v 0.083717 -0.394627 -0.394155
v 0.088617 -0.392727 -0.385455
v 0.083717 -0.394627 -0.376754
v 0.073917 -0.398427 -0.376754
v 0.069117 -0.368527 -0.385455
v 0.073917 -0.370427 -0.394155
v 0.083717 -0.374227 -0.394155
v 0.088617 -0.376127 -0.385455
v 0.083717 -0.374227 -0.376754
v 0.073917 -0.370427 -0.376754
v 0.077217 -0.339927 -0.385455
v 0.081117 -0.345227 -0.394155
v 0.088917 -0.355827 -0.394155
v 0.092817 -0.361127 -0.385455
v 0.088917 -0.355827 -0.376754
v 0.081117 -0.345227 -0.376754
v 0.091817 -0.320127 -0.385455
v 0.093917 -0.327727 -0.394155
v 0.098317 -0.343027 -0.394155
v 0.100517 -0.350727 -0.385455
v 0.098317 -0.343027 -0.376754
v 0.093917 -0.327727 -0.376754
v 0.110017 -0.363027 -0.385455
v 0.118717 -0.371527 -0.385455
v 0.118717 -0.388527 -0.385455
v 0.110017 -0.397027 -0.385455
v 0.101317 -0.388527 -0.385455
v 0.101317 -0.371527 -0.385455
v 0.110017 -0.370127 -0.403655
v 0.118717 -0.377727 -0.401554
v 0.118717 -0.393027 -0.397155
v 0.110017 -0.400727 -0.394955
v 0.101317 -0.393027 -0.397155
v 0.101317 -0.377727 -0.401554
v 0.110017 -0.389927 -0.418254
v 0.118717 -0.395227 -0.414355
v 0.118717 -0.405827 -0.406555
v 0.110017 -0.411127 -0.402654
v 0.101317 -0.405827 -0.406555
v 0.101317 -0.395227 -0.414355
v 0.110017 -0.418527 -0.426354
v 0.118717 -0.420427 -0.421555
v 0.118717 -0.424227 -0.411755
v 0.110017 -0.426127 -0.406855
v 0.101317 -0.424227 -0.411755
v 0.101317 -0.420427 -0.421555
v 0.110017 -0.450327 -0.426354
v 0.118717 -0.448427 -0.421555
v 0.118717 -0.444627 -0.411755
v 0.110017 -0.442727 -0.406855
v 0.101317 -0.444627 -0.411755
v 0.101317 -0.448427 -0.421555
v 0.110017 -0.478927 -0.418254
v 0.118717 -0.473627 -0.414355
v 0.118717 -0.463027 -0.406555
v 0.110017 -0.457727 -0.402654
v 0.101317 -0.463027 -0.406555
v 0.101317 -0.473627 -0.414355
v 0.110017 -0.498727 -0.403655
v 0.118717 -0.491127 -0.401554
v 0.118717 -0.475827 -0.397155
v 0.110017 -0.468127 -0.394955
v 0.101317 -0.475827 -0.397155
v 0.101317 -0.491127 -0.401554
v 0.110017 -0.505827 -0.385455
v 0.118717 -0.497327 -0.385455
v 0.118717 -0.480327 -0.385455
v 0.110017 -0.471827 -0.385455
v 0.101317 -0.480327 -0.385455
v 0.101317 -0.497327 -0.385455
v 0.110017 -0.498727 -0.367254
v 0.118717 -0.491127 -0.369355
v 0.118717 -0.475827 -0.373755
v 0.110017 -0.468127 -0.375955
v 0.101317 -0.475827 -0.373755
v 0.101317 -0.491127 -0.369355
v 0.110017 -0.478927 -0.352655
v 0.118717 -0.473627 -0.356555
v 0.118717 -0.463027 -0.364354
v 0.110017 -0.457727 -0.368255
v 0.101317 -0.463027 -0.364354
v 0.101317 -0.473627 -0.356555
v 0.110017 -0.450327 -0.344555
v 0.118717 -0.448427 -0.349355
v 0.118717 -0.444627 -0.359154
v 0.110017 -0.442727 -0.364055
v 0.101317 -0.444627 -0.359154
v 0.101317 -0.448427 -0.349355
v 0.110017 -0.418527 -0.344555
v 0.118717 -0.420427 -0.349355
v 0.118717 -0.424227 -0.359154
v 0.110017 -0.426127 -0.364055
v 0.101317 -0.424227 -0.359154
v 0.101317 -0.420427 -0.349355
v 0.110017 -0.389927 -0.352655
v 0.118717 -0.395227 -0.356555
v 0.118717 -0.405827 -0.364354
v 0.110017 -0.411127 -0.368255
v 0.101317 -0.405827 -0.364354
v 0.101317 -0.395227 -0.356555
v 0.110017 -0.370127 -0.367254
v 0.118717 -0.377727 -0.369355
v 0.118717 -0.393027 -0.373755
v 0.110017 -0.400727 -0.375955
v 0.101317 -0.393027 -0.373755
v 0.101317 -0.377727 -0.369355
v 0.110017 -0.413027 -0.385455
v 0.110017 -0.421527 -0.394155
v 0.110017 -0.438527 -0.394155
v 0.110017 -0.447027 -0.385455
v 0.110017 -0.438527 -0.376754
v 0.110017 -0.421527 -0.376754
v 0.128217 -0.420127 -0.385455
v 0.126117 -0.427727 -0.394155
v 0.121717 -0.443027 -0.394155
v 0.119517 -0.450727 -0.385455
v 0.121717 -0.443027 -0.376754
v 0.126117 -0.427727 -0.376754
v 0.142817 -0.439927 -0.385455
v 0.138917 -0.445227 -0.394155
v 0.131117 -0.455827 -0.394155
v 0.127217 -0.461127 -0.385455
v 0.131117 -0.455827 -0.376754
v 0.138917 -0.445227 -0.376754
v 0.150917 -0.468527 -0.385455
v 0.146117 -0.470427 -0.394155
v 0.136317 -0.474227 -0.394155
v 0.131417 -0.476127 -0.385455
v 0.136317 -0.474227 -0.376754
v 0.146117 -0.470427 -0.376754
v 0.150917 -0.500327 -0.385455
v 0.146117 -0.498427 -0.394155
v 0.136317 -0.494627 -0.394155
v 0.131417 -0.492727 -0.385455
v 0.136317 -0.494627 -0.376754
v 0.146117 -0.498427 -0.376754
v 0.142817 -0.528927 -0.385455
v 0.138917 -0.523627 -0.394155
v 0.131117 -0.513027 -0.394155
v 0.127217 -0.507727 -0.385455
v 0.131117 -0.513027 -0.376754
v 0.138917 -0.523627 -0.376754
v 0.128217 -0.548727 -0.385455
v 0.126117 -0.541127 -0.394155
v 0.121717 -0.525827 -0.394155
v 0.119517 -0.518127 -0.385455
v 0.121717 -0.525827 -0.376754
v 0.126117 -0.541127 -0.376754
v 0.110017 -0.555827 -0.385455
v 0.110017 -0.547327 -0.394155
v 0.110017 -0.530327 -0.394155
v 0.110017 -0.521827 -0.385455
v 0.110017 -0.530327 -0.376754
v 0.110017 -0.547327 -0.376754
v 0.091817 -0.548727 -0.385455
v 0.093917 -0.541127 -0.394155
v 0.098317 -0.525827 -0.394155
v 0.100517 -0.518127 -0.385455
v 0.098317 -0.525827 -0.376754
v 0.093917 -0.541127 -0.376754
v 0.077217 -0.528927 -0.385455
v 0.081117 -0.523627 -0.394155
v 0.088917 -0.513027 -0.394155
v 0.092817 -0.507727 -0.385455
v 0.088917 -0.513027 -0.376754
v 0.081117 -0.523627 -0.376754
v 0.069117 -0.500327 -0.385455
v 0.073917 -0.498427 -0.394155
v 0.083717 -0.494627 -0.394155
v 0.088617 -0.492727 -0.385455
v 0.083717 -0.494627 -0.376754
v 0.073917 -0.498427 -0.376754
v 0.069117 -0.468527 -0.385455
v 0.073917 -0.470427 -0.394155
v 0.083717 -0.474227 -0.394155
v 0.088617 -0.476127 -0.385455
v 0.083717 -0.474227 -0.376754
v 0.073917 -0.470427 -0.376754
v 0.077217 -0.439927 -0.385455
v 0.081117 -0.445227 -0.394155
v 0.088917 -0.455827 -0.394155
v 0.092817 -0.461127 -0.385455
v 0.088917 -0.455827 -0.376754
v 0.081117 -0.445227 -0.376754
v 0.091817 -0.420127 -0.385455
v 0.093917 -0.427727 -0.394155
v 0.098317 -0.443027 -0.394155
v 0.100517 -0.450727 -0.385455
v 0.098317 -0.443027 -0.376754
v 0.093917 -0.427727 -0.376754
v 0.110017 -0.463027 -0.385455
v 0.118717 -0.471527 -0.385455
v 0.118717 -0.488527 -0.385455
v 0.110017 -0.497027 -0.385455
v 0.101317 -0.488527 -0.385455
v 0.101317 -0.471527 -0.385455
v 0.110017 -0.470127 -0.403655
v 0.118717 -0.477727 -0.401554
v 0.118717 -0.493027 -0.397155
v 0.110017 -0.500727 -0.394955
v 0.101317 -0.493027 -0.397155
v 0.101317 -0.477727 -0.401554
v 0.110017 -0.489927 -0.418254
v 0.118717 -0.495227 -0.414355
v 0.118717 -0.505827 -0.406555
v 0.110017 -0.511127 -0.402654
v 0.101317 -0.505827 -0.406555
v 0.101317 -0.495227 -0.414355
v 0.110017 -0.518527 -0.426354
v 0.118717 -0.520427 -0.421555
v 0.118717 -0.524227 -0.411755
v 0.110017 -0.526127 -0.406855
v 0.101317 -0.524227 -0.411755
v 0.101317 -0.520427 -0.421555
v 0.110017 -0.550327 -0.426354
v 0.118717 -0.548427 -0.421555
v 0.118717 -0.544627 -0.411755
v 0.110017 -0.542727 -0.406855
v 0.101317 -0.544627 -0.411755
v 0.101317 -0.548427 -0.421555
v 0.110017 -0.578927 -0.418254
v 0.118717 -0.573627 -0.414355
v 0.118717 -0.563027 -0.406555
v 0.110017 -0.557727 -0.402654
v 0.101317 -0.563027 -0.406555
v 0.101317 -0.573627 -0.414355
v 0.110017 -0.598727 -0.403655
v 0.118717 -0.591127 -0.401554
v 0.118717 -0.575827 -0.397155
v 0.110017 -0.568127 -0.394955
v 0.101317 -0.575827 -0.397155
v 0.101317 -0.591127 -0.401554
v 0.110017 -0.605827 -0.385455
v 0.118717 -0.597327 -0.385455
v 0.118717 -0.580327 -0.385455
v 0.110017 -0.571827 -0.385455
v 0.101317 -0.580327 -0.385455
v 0.101317 -0.597327 -0.385455
v 0.110017 -0.598727 -0.367254
v 0.118717 -0.591127 -0.369355
v 0.118717 -0.575827 -0.373755
v 0.110017 -0.568127 -0.375955
v 0.101317 -0.575827 -0.373755
v 0.101317 -0.591127 -0.369355
v 0.110017 -0.578927 -0.352655
v 0.118717 -0.573627 -0.356555
v 0.118717 -0.563027 -0.364354
v 0.110017 -0.557727 -0.368255
v 0.101317 -0.563027 -0.364354
v 0.101317 -0.573627 -0.356555
v 0.110017 -0.550327 -0.344555
v 0.118717 -0.548427 -0.349355
v 0.118717 -0.544627 -0.359154
v 0.110017 -0.542727 -0.364055
v 0.101317 -0.544627 -0.359154
v 0.101317 -0.548427 -0.349355
v 0.110017 -0.518527 -0.344555
v 0.118717 -0.520427 -0.349355
v 0.118717 -0.524227 -0.359154
v 0.110017 -0.526127 -0.364055
v 0.101317 -0.524227 -0.359154
v 0.101317 -0.520427 -0.349355
v 0.110017 -0.489927 -0.352655
v 0.118717 -0.495227 -0.356555
v 0.118717 -0.505827 -0.364354
v 0.110017 -0.511127 -0.368255
v 0.101317 -0.505827 -0.364354
v 0.101317 -0.495227 -0.356555
v 0.110017 -0.470127 -0.367254
v 0.118717 -0.477727 -0.369355
v 0.118717 -0.493027 -0.373755
v 0.110017 -0.500727 -0.375955
v 0.101317 -0.493027 -0.373755
v 0.101317 -0.477727 -0.369355
v 0.110017 -0.513027 -0.385455
v 0.110017 -0.521527 -0.394155
v 0.110017 -0.538527 -0.394155
v 0.110017 -0.547027 -0.385455
v 0.110017 -0.538527 -0.376754
v 0.110017 -0.521527 -0.376754
v 0.128217 -0.520127 -0.385455
v 0.126117 -0.527727 -0.394155
v 0.121717 -0.543027 -0.394155
v 0.119517 -0.550727 -0.385455
v 0.121717 -0.543027 -0.376754
v 0.126117 -0.527727 -0.376754
v 0.142817 -0.539927 -0.385455
v 0.138917 -0.545227 -0.394155
v 0.131117 -0.555827 -0.394155
v 0.127217 -0.561127 -0.385455
v 0.131117 -0.555827 -0.376754
v 0.138917 -0.545227 -0.376754
v 0.150917 -0.568527 -0.385455
v 0.146117 -0.570427 -0.394155
v 0.136317 -0.574227 -0.394155
v 0.131417 -0.576127 -0.385455
v 0.136317 -0.574227 -0.376754
v 0.146117 -0.570427 -0.376754
v 0.150917 -0.600327 -0.385455
v 0.146117 -0.598427 -0.394155
v 0.136317 -0.594627 -0.394155
v 0.131417 -0.592727 -0.385455
v 0.136317 -0.594627 -0.376754
v 0.146117 -0.598427 -0.376754
v 0.142817 -0.628927 -0.385455
v 0.138917 -0.623627 -0.394155
v 0.131117 -0.613027 -0.394155
v 0.127217 -0.607727 -0.385455
v 0.131117 -0.613027 -0.376754
v 0.138917 -0.623627 -0.376754
v 0.128217 -0.648727 -0.385455
v 0.126117 -0.641127 -0.394155
v 0.121717 -0.625827 -0.394155
v 0.119517 -0.618127 -0.385455
v 0.121717 -0.625827 -0.376754
v 0.126117 -0.641127 -0.376754
v 0.110017 -0.655827 -0.385455
v 0.110017 -0.647327 -0.394155
v 0.110017 -0.630327 -0.394155
v 0.110017 -0.621827 -0.385455
v 0.110017 -0.630327 -0.376754
v 0.110017 -0.647327 -0.376754
v 0.091817 -0.648727 -0.385455
v 0.093917 -0.641127 -0.394155
v 0.098317 -0.625827 -0.394155
v 0.100517 -0.618127 -0.385455
v 0.098317 -0.625827 -0.376754
v 0.093917 -0.641127 -0.376754
v 0.077217 -0.628927 -0.385455
v 0.081117 -0.623627 -0.394155
v 0.088917 -0.613027 -0.394155
v 0.092817 -0.607727 -0.385455
v 0.088917 -0.613027 -0.376754
v 0.081117 -0.623627 -0.376754
v 0.069117 -0.600327 -0.385455
v 0.073917 -0.598427 -0.394155
v 0.083717 -0.594627 -0.394155
v 0.088617 -0.592727 -0.385455
v 0.083717 -0.594627 -0.376754
v 0.073917 -0.598427 -0.376754
v 0.069117 -0.568527 -0.385455
v 0.073917 -0.570427 -0.394155
v 0.083717 -0.574227 -0.394155
v 0.088617 -0.576127 -0.385455
v 0.083717 -0.574227 -0.376754
v 0.073917 -0.570427 -0.376754
v 0.077217 -0.539927 -0.385455
v 0.081117 -0.545227 -0.394155
v 0.088917 -0.555827 -0.394155
v 0.092817 -0.561127 -0.385455
v 0.088917 -0.555827 -0.376754
v 0.081117 -0.545227 -0.376754
v 0.091817 -0.520127 -0.385455
v 0.093917 -0.527727 -0.394155
v 0.098317 -0.543027 -0.394155
v 0.100517 -0.550727 -0.385455
v 0.098317 -0.543027 -0.376754
v 0.093917 -0.527727 -0.376754
v 0.148317 -0.642027 -0.385455
v 0.143117 -0.642027 -0.404555
v 0.129117 -0.642027 -0.418555
v 0.110017 -0.642027 -0.423755
v 0.090917 -0.642027 -0.418555
v 0.076917 -0.642027 -0.404555
v 0.071717 -0.642027 -0.385455
v 0.076917 -0.642027 -0.366354
v 0.090917 -0.642027 -0.352354
v 0.110017 -0.642027 -0.347154
v 0.129117 -0.642027 -0.352354
v 0.143117 -0.642027 -0.366354
v 0.180717 -0.663727 -0.385455
v 0.171217 -0.663727 -0.420855
v 0.145417 -0.663727 -0.446654
v 0.110017 -0.663727 -0.456154
v 0.074617 -0.663727 -0.446654
v 0.048817 -0.663727 -0.420855
v 0.039317 -0.663727 -0.385455
v 0.048817 -0.663727 -0.350055
v 0.074617 -0.663727 -0.324255
v 0.110017 -0.663727 -0.314755
v 0.145417 -0.663727 -0.324255
v 0.171217 -0.663727 -0.350055
v 0.202417 -0.696127 -0.385455
v 0.190017 -0.696127 -0.431655
v 0.156217 -0.696127 -0.465455
v 0.110017 -0.696127 -0.477854
v 0.063817 -0.696127 -0.465455
v 0.030017 -0.696127 -0.431655
v 0.017617 -0.696127 -0.385455
v 0.030017 -0.696127 -0.339254
v 0.063817 -0.696127 -0.305454
v 0.110017 -0.696127 -0.293055
v 0.156217 -0.696127 -0.305454
v 0.190017 -0.696127 -0.339254
v 0.210017 -0.734427 -0.385455
v 0.196617 -0.734427 -0.435455
v 0.160017 -0.734427 -0.472055
v 0.110017 -0.734427 -0.485454
v 0.060017 -0.734427 -0.472055
v 0.023417 -0.734427 -0.435455
v 0.010017 -0.734427 -0.385455
v 0.023417 -0.734427 -0.335454
v 0.060017 -0.734427 -0.298855
v 0.110017 -0.734427 -0.285455
v 0.160017 -0.734427 -0.298855
v 0.196617 -0.734427 -0.335454
v 0.202417 -0.772727 -0.385455
v 0.190017 -0.772727 -0.431655
v 0.156217 -0.772727 -0.465455
v 0.110017 -0.772727 -0.477854
v 0.063817 -0.772727 -0.465455
v 0.030017 -0.772727 -0.431655
v 0.017617 -0.772727 -0.385455
v 0.030017 -0.772727 -0.339254
v 0.063817 -0.772727 -0.305454
v 0.110017 -0.772727 -0.293055
v 0.156217 -0.772727 -0.305454
v 0.190017 -0.772727 -0.339254
v 0.180717 -0.805127 -0.385455
v 0.171217 -0.805127 -0.420855
v 0.145417 -0.805127 -0.446654
v 0.110017 -0.805127 -0.456154
v 0.074617 -0.805127 -0.446654
v 0.048817 -0.805127 -0.420855
v 0.039317 -0.805127 -0.385455
v 0.048817 -0.805127 -0.350055
v 0.074617 -0.805127 -0.324255
v 0.110017 -0.805127 -0.314755
v 0.145417 -0.805127 -0.324255
v 0.171217 -0.805127 -0.350055
v 0.148317 -0.826827 -0.385455
v 0.143117 -0.826827 -0.404555
v 0.129117 -0.826827 -0.418555
v 0.110017 -0.826827 -0.423755
v 0.090917 -0.826827 -0.418555
v 0.076917 -0.826827 -0.404555
v 0.071717 -0.826827 -0.385455
v 0.076917 -0.826827 -0.366354
v 0.090917 -0.826827 -0.352354
v 0.110017 -0.826827 -0.347154
v 0.129117 -0.826827 -0.352354
v 0.143117 -0.826827 -0.366354
v 0.110017 -0.634427 -0.385455
v 0.110017 -0.834427 -0.385455
v 0.200017 -0.759427 -0.385455
v 0.200017 -0.746927 -0.407155
v 0.200017 -0.721927 -0.407155
v 0.200017 -0.709427 -0.385455
v 0.200017 -0.721927 -0.363755
v 0.200017 -0.746927 -0.363755
v 0.290017 -0.737427 -0.385455
v 0.290017 -0.735927 -0.388055
v 0.290017 -0.732927 -0.388055
v 0.290017 -0.731427 -0.385455
v 0.290017 -0.732927 -0.382854
v 0.290017 -0.735927 -0.382854
v 0.200017 -0.734427 -0.385455
v 0.290017 -0.734427 -0.385455
v 0.020017 -0.759427 -0.385455
v 0.020017 -0.746927 -0.363755
v 0.020017 -0.721927 -0.363755
v 0.020017 -0.709427 -0.385455
v 0.020017 -0.721927 -0.407155
v 0.020017 -0.746927 -0.407155
v -0.069983 -0.737427 -0.385455
v -0.069983 -0.735927 -0.382854
v -0.069983 -0.732927 -0.382854
v -0.069983 -0.731427 -0.385455
v -0.069983 -0.732927 -0.388055
v -0.069983 -0.735927 -0.388055
v 0.020017 -0.734427 -0.385455
v -0.069983 -0.734427 -0.385455
v 0.110017 -0.759427 -0.475455
v 0.088317 -0.746927 -0.475455
v 0.088317 -0.721927 -0.475455
v 0.110017 -0.709427 -0.475455
v 0.131717 -0.721927 -0.475455
v 0.131717 -0.746927 -0.475455
v 0.110017 -0.737427 -0.565454
v 0.107417 -0.735927 -0.565454
v 0.107417 -0.732927 -0.565454
v 0.110017 -0.731427 -0.565454
v 0.112617 -0.732927 -0.565454
v 0.112617 -0.735927 -0.565454
v 0.110017 -0.734427 -0.475455
v 0.110017 -0.734427 -0.565454
v 0.110017 -0.759427 -0.295455
v 0.131717 -0.746927 -0.295455
v 0.131717 -0.721927 -0.295455
v 0.110017 -0.709427 -0.295455
v 0.088317 -0.721927 -0.295455
v 0.088317 -0.746927 -0.295455
v 0.110017 -0.737427 -0.205454
v 0.112617 -0.735927 -0.205454
v 0.112617 -0.732927 -0.205454
v 0.110017 -0.731427 -0.205454
v 0.107417 -0.732927 -0.205454
v 0.107417 -0.735927 -0.205454
v 0.110017 -0.734427 -0.295455
v 0.110017 -0.734427 -0.205454
v 0.085017 -0.824427 -0.385455
v 0.097517 -0.824427 -0.407155
v 0.122517 -0.824427 -0.407155
v 0.135017 -0.824427 -0.385455
v 0.122517 -0.824427 -0.363755
v 0.097517 -0.824427 -0.363755
v 0.107017 -0.914427 -0.385455
v 0.108517 -0.914427 -0.388055
v 0.111517 -0.914427 -0.388055
v 0.113017 -0.914427 -0.385455
v 0.111517 -0.914427 -0.382854
v 0.108517 -0.914427 -0.382854
v 0.110017 -0.824427 -0.385455
v 0.110017 -0.914427 -0.385455
v 0.173617 -0.759427 -0.449055
v 0.158317 -0.746927 -0.464355
v 0.158317 -0.721927 -0.464355
v 0.173617 -0.709427 -0.449055
v 0.188917 -0.721927 -0.433755
v 0.188917 -0.746927 -0.433755
v 0.237317 -0.737427 -0.512754
v 0.235417 -0.735927 -0.514555
v 0.235417 -0.732927 -0.514555
v 0.237317 -0.731427 -0.512754
v 0.239117 -0.732927 -0.510854
v 0.239117 -0.735927 -0.510854
v 0.173617 -0.734427 -0.449055
v 0.237317 -0.734427 -0.512754
v 0.046417 -0.759427 -0.449055
v 0.031117 -0.746927 -0.433755
v 0.031117 -0.721927 -0.433755
v 0.046417 -0.709427 -0.449055
v 0.061717 -0.721927 -0.464355
v 0.061717 -0.746927 -0.464355
v -0.017283 -0.737427 -0.512754
v -0.019083 -0.735927 -0.510854
v -0.019083 -0.732927 -0.510854
v -0.017283 -0.731427 -0.512754
v -0.015383 -0.732927 -0.514555
v -0.015383 -0.735927 -0.514555
v 0.046417 -0.734427 -0.449055
v -0.017283 -0.734427 -0.512754
v 0.173617 -0.759427 -0.321855
v 0.188917 -0.746927 -0.337155
v 0.188917 -0.721927 -0.337155
v 0.173617 -0.709427 -0.321855
v 0.158317 -0.721927 -0.306554
v 0.158317 -0.746927 -0.306554
v 0.237317 -0.737427 -0.258155
v 0.239117 -0.735927 -0.260054
v 0.239117 -0.732927 -0.260054
v 0.237317 -0.731427 -0.258155
v 0.235417 -0.732927 -0.256355
v 0.235417 -0.735927 -0.256355
v 0.173617 -0.734427 -0.321855
v 0.237317 -0.734427 -0.258155
v 0.046417 -0.759427 -0.321855
v 0.061717 -0.746927 -0.306554
v 0.061717 -0.721927 -0.306554
v 0.046417 -0.709427 -0.321855
v 0.031117 -0.721927 -0.337155
v 0.031117 -0.746927 -0.337155
v -0.017283 -0.737427 -0.258155
v -0.015383 -0.735927 -0.256355
v -0.015383 -0.732927 -0.256355
v -0.017283 -0.731427 -0.258155
v -0.019083 -0.732927 -0.260054
v -0.019083 -0.735927 -0.260054
v 0.046417 -0.734427 -0.321855
v -0.017283 -0.734427 -0.258155
v 0.110017 -0.815727 -0.431455
v 0.088317 -0.806927 -0.440255
v 0.088317 -0.789227 -0.457954
v 0.110017 -0.780427 -0.466754
v 0.131717 -0.789227 -0.457954
v 0.131717 -0.806927 -0.440255
v 0.110017 -0.863827 -0.510655
v 0.107417 -0.862727 -0.511654
v 0.107417 -0.860627 -0.513754
v 0.110017 -0.859627 -0.514854
v 0.112617 -0.860627 -0.513754
v 0.112617 -0.862727 -0.511654
v 0.110017 -0.798027 -0.449055
v 0.110017 -0.861727 -0.512754
v 0.110017 -0.815727 -0.339455
v 0.131717 -0.806927 -0.330655
v 0.131717 -0.789227 -0.312955
v 0.110017 -0.780427 -0.304155
v 0.088317 -0.789227 -0.312955
v 0.088317 -0.806927 -0.330655
v 0.110017 -0.863827 -0.260255
v 0.112617 -0.862727 -0.259255
v 0.112617 -0.860627 -0.257155
v 0.110017 -0.859627 -0.256055
v 0.107417 -0.860627 -0.257155
v 0.107417 -0.862727 -0.259255
v 0.110017 -0.798027 -0.321855
v 0.110017 -0.861727 -0.258155
v 0.156017 -0.815727 -0.385455
v 0.164817 -0.806927 -0.407155
v 0.182517 -0.789227 -0.407155
v 0.191317 -0.780427 -0.385455
v 0.182517 -0.789227 -0.363755
v 0.164817 -0.806927 -0.363755
v 0.235217 -0.863827 -0.385455
v 0.236217 -0.862727 -0.388055
v 0.238317 -0.860627 -0.388055
v 0.239417 -0.859627 -0.385455
v 0.238317 -0.860627 -0.382854
v 0.236217 -0.862727 -0.382854
v 0.173617 -0.798027 -0.385455
v 0.237317 -0.861727 -0.385455
v 0.064017 -0.815727 -0.385455
v 0.055217 -0.806927 -0.363755
v 0.037517 -0.789227 -0.363755
v 0.028717 -0.780427 -0.385455
v 0.037517 -0.789227 -0.407155
v 0.055217 -0.806927 -0.407155
v -0.015183 -0.863827 -0.385455
v -0.016183 -0.862727 -0.382854
v -0.018283 -0.860627 -0.382854
v -0.019383 -0.859627 -0.385455
v -0.018283 -0.860627 -0.388055
v -0.016183 -0.862727 -0.388055
v 0.046417 -0.798027 -0.385455
v -0.017283 -0.861727 -0.385455
vn -0.6716 -0.6908 0.2679
vn -1.0000 -0.0000 -0.0000
vn -0.6746 0.6884 -0.2663
vn 0.6746 0.6884 -0.2663
vn 1.0000 -0.0000 -0.0000
vn 0.6716 -0.6908 0.2679
vn -0.5826 -0.4812 0.6550
vn -0.5872 0.4802 -0.6516
vn 0.5872 0.4802 -0.6516
vn 0.5826 -0.4812 0.6550
vn -0.5108 -0.2352 0.8269
vn -0.5138 0.2324 -0.8258
vn 0.5138 0.2324 -0.8258
vn 0.5108 -0.2352 0.8269
vn -0.4831 -0.0000 0.8756
vn -0.4907 -0.0000 -0.8713
vn 0.4907 -0.0000 -0.8713
vn 0.4831 -0.0000 0.8756
vn -0.5108 0.2352 0.8269
vn -0.5138 -0.2324 -0.8258
vn 0.5138 -0.2324 -0.8258
vn 0.5108 0.2352 0.8269
vn -0.5826 0.4812 0.6550
vn -0.5872 -0.4802 -0.6516
vn 0.5872 -0.4802 -0.6516
vn 0.5826 0.4812 0.6550
vn -0.6716 0.6908 0.2679
vn -0.6746 -0.6884 -0.2663
vn 0.6746 -0.6884 -0.2663
vn 0.6716 0.6908 0.2679
vn -0.6716 0.6908 -0.2679
vn -0.6746 -0.6884 0.2663
vn 0.6746 -0.6884 0.2663
vn 0.6716 0.6908 -0.2679
vn -0.5826 0.4812 -0.6550
vn -0.5872 -0.4802 0.6516
vn 0.5872 -0.4802 0.6516
vn 0.5826 0.4812 -0.6550
vn -0.5108 0.2352 -0.8269
vn -0.5138 -0.2324 0.8258
vn 0.5138 -0.2324 0.8258
vn 0.5108 0.2352 -0.8269
vn -0.4831 -0.0000 -0.8756
vn -0.4907 -0.0000 0.8713
vn 0.4907 -0.0000 0.8713
vn 0.4831 -0.0000 -0.8756
vn -0.5108 -0.2352 -0.8269
vn -0.5138 0.2324 0.8258
vn 0.5138 0.2324 0.8258
vn 0.5108 -0.2352 -0.8269
vn -0.5826 -0.4812 -0.6550
vn -0.5872 0.4802 0.6516
vn 0.5872 0.4802 0.6516
vn 0.5826 -0.4812 -0.6550
vn -0.6716 -0.6908 -0.2679
vn -0.6746 0.6884 0.2663
vn 0.6746 0.6884 0.2663
vn 0.6716 -0.6908 -0.2679
vn 0.2679 0.6908 -0.6716
vn -0.0000 -0.0000 -1.0000
vn -0.2663 -0.6884 -0.6746
vn -0.2663 -0.6884 0.6746
vn -0.0000 -0.0000 1.0000
vn 0.2679 0.6908 0.6716
vn 0.6550 0.4812 -0.5826
vn -0.6516 -0.4802 -0.5872
vn -0.6516 -0.4802 0.5872
vn 0.6550 0.4812 0.5826
vn 0.8269 0.2352 -0.5108
vn -0.8258 -0.2324 -0.5138
vn -0.8258 -0.2324 0.5138
vn 0.8269 0.2352 0.5108
vn 0.8756 -0.0000 -0.4831
vn -0.8713 -0.0000 -0.4907
vn -0.8713 -0.0000 0.4907
vn 0.8756 -0.0000 0.4831
vn 0.8269 -0.2352 -0.5108
vn -0.8258 0.2324 -0.5138
vn -0.8258 0.2324 0.5138
vn 0.8269 -0.2352 0.5108
vn 0.6550 -0.4812 -0.5826
vn -0.6516 0.4802 -0.5872
vn -0.6516 0.4803 0.5872
vn 0.6550 -0.4812 0.5826
vn 0.2679 -0.6908 -0.6716
vn -0.2663 0.6884 -0.6746
vn -0.2663 0.6884 0.6746
vn 0.2679 -0.6908 0.6716
vn -0.2679 -0.6908 -0.6716
vn 0.2663 0.6884 -0.6746
vn 0.2663 0.6884 0.6746
vn -0.2679 -0.6908 0.6716
vn -0.6550 -0.4812 -0.5826
vn 0.6516 0.4802 -0.5872
vn 0.6516 0.4802 0.5872
vn -0.6550 -0.4812 0.5826
vn -0.8269 -0.2352 -0.5108
vn 0.8258 0.2324 -0.5138
vn 0.8258 0.2324 0.5138
vn -0.8269 -0.2352 0.5108
vn -0.8756 -0.0000 -0.4831
vn 0.8713 -0.0000 -0.4907
vn 0.8713 -0.0000 0.4907
vn -0.8756 -0.0000 0.4831
vn -0.8269 0.2352 -0.5108
vn 0.8258 -0.2324 -0.5138
vn 0.8258 -0.2324 0.5138
vn -0.8269 0.2352 0.5108
vn -0.6550 0.4812 -0.5826
vn 0.6516 -0.4802 -0.5872
vn 0.6516 -0.4802 0.5872
vn -0.6550 0.4812 0.5826
vn -0.2679 0.6908 -0.6716
vn 0.2663 -0.6884 -0.6746
vn 0.2663 -0.6884 0.6746
vn -0.2679 0.6908 0.6716
vn -0.6516 -0.4803 0.5872
vn -0.6516 0.4802 0.5872
vn -0.1944 -0.9795 0.0529
vn -0.1944 0.9795 0.0529
vn -0.1426 -0.9795 0.1426
vn -0.1426 0.9795 0.1426
vn -0.0529 -0.9795 0.1944
vn -0.0529 0.9795 0.1944
vn 0.0529 -0.9795 0.1944
vn 0.0529 0.9795 0.1944
vn 0.1426 -0.9795 0.1426
vn 0.1426 0.9795 0.1426
vn 0.1944 -0.9795 0.0529
vn 0.1944 0.9795 0.0529
vn 0.1944 -0.9795 -0.0529
vn 0.1944 0.9795 -0.0529
vn 0.1426 -0.9795 -0.1426
vn 0.1426 0.9795 -0.1426
vn 0.0529 -0.9795 -0.1944
vn 0.0529 0.9795 -0.1944
vn -0.0529 -0.9795 -0.1944
vn -0.0529 0.9795 -0.1944
vn -0.1426 -0.9795 -0.1426
vn -0.1426 0.9795 -0.1426
vn -0.1944 -0.9795 -0.0529
vn -0.1944 0.9795 -0.0529
vn -0.5498 -0.8221 0.1483
vn -0.4020 -0.8226 0.4020
vn -0.1483 -0.8221 0.5498
vn 0.1483 -0.8221 0.5498
vn 0.4021 -0.8226 0.4020
vn 0.5498 -0.8221 0.1483
vn 0.5498 -0.8221 -0.1483
vn 0.4020 -0.8226 -0.4020
vn 0.1483 -0.8221 -0.5498
vn -0.1483 -0.8221 -0.5498
vn -0.4021 -0.8226 -0.4020
vn -0.5498 -0.8221 -0.1483
vn -0.8110 -0.5431 0.2176
vn -0.5940 -0.5426 0.5940
vn -0.2176 -0.5431 0.8110
vn 0.2176 -0.5431 0.8110
vn 0.5940 -0.5426 0.5940
vn 0.8110 -0.5431 0.2176
vn 0.8110 -0.5431 -0.2176
vn 0.5940 -0.5426 -0.5940
vn 0.2176 -0.5431 -0.8110
vn -0.2176 -0.5431 -0.8110
vn -0.5940 -0.5426 -0.5940
vn -0.8110 -0.5431 -0.2176
vn -0.9486 -0.1885 0.2544
vn -0.6944 -0.1886 0.6944
vn -0.2544 -0.1885 0.9486
vn 0.2544 -0.1885 0.9486
vn 0.6944 -0.1886 0.6944
vn 0.9486 -0.1885 0.2544
vn 0.9486 -0.1885 -0.2544
vn 0.6944 -0.1886 -0.6944
vn 0.2544 -0.1885 -0.9486
vn -0.2544 -0.1885 -0.9486
vn -0.6944 -0.1886 -0.6944
vn -0.9486 -0.1885 -0.2544
vn -0.9486 0.1885 0.2544
vn -0.6944 0.1886 0.6944
vn -0.2544 0.1885 0.9486
vn 0.2544 0.1885 0.9486
vn 0.6944 0.1886 0.6944
vn 0.9486 0.1885 0.2544
vn 0.9486 0.1885 -0.2544
vn 0.6944 0.1886 -0.6944
vn 0.2544 0.1885 -0.9486
vn -0.2544 0.1885 -0.9486
vn -0.6944 0.1886 -0.6944
vn -0.9486 0.1885 -0.2544
vn -0.8110 0.5431 0.2176
vn -0.5940 0.5426 0.5940
vn -0.2176 0.5431 0.8110
vn 0.2176 0.5431 0.8110
vn 0.5940 0.5426 0.5940
vn 0.8110 0.5431 0.2176
vn 0.8110 0.5431 -0.2176
vn 0.5940 0.5426 -0.5940
vn 0.2176 0.5431 -0.8110
vn -0.2176 0.5431 -0.8110
vn -0.5940 0.5426 -0.5940
vn -0.8110 0.5431 -0.2176
vn -0.5498 0.8221 0.1483
vn -0.4020 0.8226 0.4020
vn -0.1483 0.8221 0.5498
vn 0.1483 0.8221 0.5498
vn 0.4020 0.8226 0.4020
vn 0.5498 0.8221 0.1483
vn 0.5498 0.8221 -0.1483
vn 0.4021 0.8226 -0.4020
vn 0.1483 0.8221 -0.5498
vn -0.1483 0.8221 -0.5498
vn -0.4020 0.8226 -0.4020
vn -0.5498 0.8221 -0.1483
vn 0.2072 -0.8477 -0.4884
vn 0.2076 -0.0000 -0.9782
vn 0.2072 0.8477 -0.4884
vn 0.2072 0.8477 0.4884
vn 0.2076 -0.0000 0.9782
vn 0.2072 -0.8477 0.4884
vn -0.2072 -0.8477 0.4884
vn -0.2076 -0.0000 0.9782
vn -0.2072 0.8477 0.4884
vn -0.2072 0.8477 -0.4884
vn -0.2076 -0.0000 -0.9782
vn -0.2072 -0.8477 -0.4884
vn -0.4884 -0.8477 -0.2072
vn -0.9782 -0.0000 -0.2076
vn -0.4884 0.8477 -0.2072
vn 0.4884 0.8477 -0.2072
vn 0.9782 -0.0000 -0.2076
vn 0.4884 -0.8477 -0.2072
vn 0.4884 -0.8477 0.2072
vn 0.9782 -0.0000 0.2076
vn 0.4884 0.8477 0.2072
vn -0.4884 0.8477 0.2072
vn -0.9782 -0.0000 0.2076
vn -0.4884 -0.8477 0.2072
vn -0.8477 -0.2072 -0.4884
vn -0.0000 1.0000 -0.0000
vn -0.0000 -1.0000 -0.0000
vn -0.0000 -0.2076 -0.9782
vn 0.8477 -0.2072 -0.4884
vn 0.8477 -0.2072 0.4884
vn -0.0000 -0.2076 0.9782
vn -0.8477 -0.2072 0.4884
vn -0.1999 -0.8471 -0.4925
vn -0.7071 -0.0000 0.7071
vn 0.6877 -0.0000 -0.7260
vn -0.5456 -0.0000 -0.8380
vn 0.6878 -0.0000 -0.7259
vn -0.1999 0.8471 -0.4925
vn 0.4925 0.8471 0.1999
vn 0.7260 -0.0000 -0.6877
vn 0.8380 -0.0000 0.5456
vn 0.7259 -0.0000 -0.6878
vn 0.4925 -0.8471 0.1999
vn -0.4925 -0.8471 0.1999
vn 0.7071 -0.0000 0.7071
vn -0.7259 -0.0000 -0.6878
vn -0.8380 -0.0000 0.5456
vn -0.4925 0.8471 0.1999
vn 0.1999 0.8471 -0.4925
vn -0.6878 -0.0000 -0.7259
vn 0.5456 -0.0000 -0.8380
vn -0.6877 -0.0000 -0.7260
vn 0.1999 -0.8471 -0.4925
vn 0.4925 -0.8471 -0.1999
vn -0.7071 -0.0000 -0.7071
vn 0.7260 -0.0000 0.6877
vn 0.8380 -0.0000 -0.5456
vn 0.7259 -0.0000 0.6878
vn 0.4925 0.8471 -0.1999
vn -0.1999 0.8471 0.4925
vn 0.6877 -0.0000 0.7260
vn -0.5456 -0.0000 0.8380
vn 0.6878 -0.0000 0.7259
vn -0.1999 -0.8471 0.4925
vn 0.1999 -0.8471 0.4925
vn 0.7071 -0.0000 -0.7071
vn -0.6878 -0.0000 0.7259
vn 0.5456 -0.0000 0.8380
vn -0.6877 -0.0000 0.7260
vn 0.1999 0.8471 0.4925
vn -0.4925 0.8471 -0.1999
vn -0.7259 -0.0000 0.6878
vn -0.8380 -0.0000 -0.5456
vn -0.4925 -0.8471 -0.1999
vn -0.4870 -0.7466 0.4533
vn -0.0016 0.7051 0.7091
vn -0.0272 -0.7068 -0.7068
vn -0.9782 -0.1469 -0.1469
vn -0.0033 0.7071 0.7071
vn -0.0272 -0.7069 -0.7068
vn -0.4870 0.4533 -0.7466
vn -0.0016 0.7091 0.7051
vn -0.0271 -0.7069 -0.7068
vn 0.4870 0.4533 -0.7466
vn 0.0016 0.7091 0.7051
vn 0.0271 -0.7068 -0.7069
vn 0.9782 -0.1469 -0.1469
vn 0.0033 0.7071 0.7071
vn 0.0272 -0.7068 -0.7068
vn 0.4870 -0.7466 0.4533
vn 0.0016 0.7051 0.7091
vn 0.0272 -0.7068 -0.7069
vn 0.4870 -0.7466 -0.4533
vn 0.0016 0.7051 -0.7091
vn 0.0272 -0.7068 0.7069
vn 0.9782 -0.1469 0.1469
vn 0.0033 0.7071 -0.7071
vn 0.0272 -0.7068 0.7068
vn 0.4870 0.4533 0.7466
vn 0.0016 0.7091 -0.7051
vn 0.0271 -0.7068 0.7069
vn -0.4870 0.4533 0.7466
vn -0.0016 0.7091 -0.7051
vn -0.0271 -0.7069 0.7068
vn -0.9782 -0.1469 0.1469
vn -0.0033 0.7071 -0.7071
vn -0.0272 -0.7069 0.7068
vn -0.4870 -0.7466 -0.4533
vn -0.0016 0.7051 -0.7091
vn -0.0272 -0.7068 0.7068
vn -0.4533 -0.7466 -0.4870
vn -0.7091 0.7051 -0.0016
vn 0.7069 -0.7068 -0.0272
vn 0.1469 -0.1469 -0.9782
vn -0.7071 0.7071 -0.0033
vn 0.7068 -0.7069 -0.0272
vn 0.7466 0.4533 -0.4870
vn -0.7051 0.7091 -0.0016
vn 0.7466 0.4533 0.4870
vn -0.7051 0.7091 0.0016
vn 0.7068 -0.7069 0.0272
vn 0.1469 -0.1469 0.9782
vn -0.7071 0.7071 0.0033
vn -0.4533 -0.7466 0.4870
vn -0.7091 0.7051 0.0016
vn 0.7069 -0.7068 0.0272
vn 0.4533 -0.7466 0.4870
vn 0.7091 0.7051 0.0016
vn -0.7069 -0.7068 0.0272
vn -0.1469 -0.1469 0.9782
vn 0.7071 0.7071 0.0033
vn -0.7068 -0.7069 0.0271
vn -0.7466 0.4533 0.4870
vn 0.7051 0.7091 0.0016
vn -0.7068 -0.7069 0.0272
vn -0.7466 0.4533 -0.4870
vn 0.7051 0.7091 -0.0016
vn -0.7068 -0.7069 -0.0272
vn -0.1469 -0.1469 -0.9782
vn 0.7071 0.7071 -0.0033
vn -0.7068 -0.7069 -0.0271
vn 0.4533 -0.7466 -0.4870
vn 0.7091 0.7051 -0.0016
vn -0.7069 -0.7068 -0.0272
s 0
usemtl metal
f 3006//774 2923//774 2922//774
f 3007//775 2994//775 2995//775
f 3006//776 2924//776 2923//776
f 3007//777 2995//777 2996//777
f 3006//778 2925//778 2924//778
f 3007//779 2996//779 2997//779
f 3006//780 2926//780 2925//780
f 3007//781 2997//781 2998//781
f 3006//782 2927//782 2926//782
f 3007//783 2998//783 2999//783
f 3006//784 2928//784 2927//784
f 3007//785 2999//785 3000//785
f 3006//786 2929//786 2928//786
f 3007//787 3000//787 3001//787
f 3006//788 2930//788 2929//788
f 3007//789 3001//789 3002//789
f 3006//790 2931//790 2930//790
f 3007//791 3002//791 3003//791
f 3006//792 2932//792 2931//792
f 3007//793 3003//793 3004//793
f 3006//794 2933//794 2932//794
f 3007//795 3004//795 3005//795
f 3006//796 2922//796 2933//796
f 3007//797 3005//797 2994//797
f 2922//798 2923//798 2935//798 2934//798
f 2923//799 2924//799 2936//799 2935//799
f 2924//800 2925//800 2937//800 2936//800
f 2925//801 2926//801 2938//801 2937//801
f 2926//802 2927//802 2939//802 2938//802
f 2927//803 2928//803 2940//803 2939//803
f 2928//804 2929//804 2941//804 2940//804
f 2929//805 2930//805 2942//805 2941//805
f 2930//806 2931//806 2943//806 2942//806
f 2931//807 2932//807 2944//807 2943//807
f 2932//808 2933//808 2945//808 2944//808
f 2933//809 2922//809 2934//809 2945//809
f 2934//810 2935//810 2947//810 2946//810
f 2935//811 2936//811 2948//811 2947//811
f 2936//812 2937//812 2949//812 2948//812
f 2937//813 2938//813 2950//813 2949//813
f 2938//814 2939//814 2951//814 2950//814
f 2939//815 2940//815 2952//815 2951//815
f 2940//816 2941//816 2953//816 2952//816
f 2941//817 2942//817 2954//817 2953//817
f 2942//818 2943//818 2955//818 2954//818
f 2943//819 2944//819 2956//819 2955//819
f 2944//820 2945//820 2957//820 2956//820
f 2945//821 2934//821 2946//821 2957//821
f 2946//822 2947//822 2959//822 2958//822
f 2947//823 2948//823 2960//823 2959//823
f 2948//824 2949//824 2961//824 2960//824
f 2949//825 2950//825 2962//825 2961//825
f 2950//826 2951//826 2963//826 2962//826
f 2951//827 2952//827 2964//827 2963//827
f 2952//828 2953//828 2965//828 2964//828
f 2953//829 2954//829 2966//829 2965//829
f 2954//830 2955//830 2967//830 2966//830
f 2955//831 2956//831 2968//831 2967//831
f 2956//832 2957//832 2969//832 2968//832
f 2957//833 2946//833 2958//833 2969//833
f 2958//834 2959//834 2971//834 2970//834
f 2959//835 2960//835 2972//835 2971//835
f 2960//836 2961//836 2973//836 2972//836
f 2961//837 2962//837 2974//837 2973//837
f 2962//838 2963//838 2975//838 2974//838
f 2963//839 2964//839 2976//839 2975//839
f 2964//840 2965//840 2977//840 2976//840
f 2965//841 2966//841 2978//841 2977//841
f 2966//842 2967//842 2979//842 2978//842
f 2967//843 2968//843 2980//843 2979//843
f 2968//844 2969//844 2981//844 2980//844
f 2969//845 2958//845 2970//845 2981//845
f 2970//846 2971//846 2983//846 2982//846
f 2971//847 2972//847 2984//847 2983//847
f 2972//848 2973//848 2985//848 2984//848
f 2973//849 2974//849 2986//849 2985//849
f 2974//850 2975//850 2987//850 2986//850
f 2975//851 2976//851 2988//851 2987//851
f 2976//852 2977//852 2989//852 2988//852
f 2977//853 2978//853 2990//853 2989//853
f 2978//854 2979//854 2991//854 2990//854
f 2979//855 2980//855 2992//855 2991//855
f 2980//856 2981//856 2993//856 2992//856
f 2981//857 2970//857 2982//857 2993//857
f 2982//858 2983//858 2995//858 2994//858
f 2983//859 2984//859 2996//859 2995//859
f 2984//860 2985//860 2997//860 2996//860
f 2985//861 2986//861 2998//861 2997//861
f 2986//862 2987//862 2999//862 2998//862
f 2987//863 2988//863 3000//863 2999//863
f 2988//864 2989//864 3001//864 3000//864
f 2989//865 2990//865 3002//865 3001//865
f 2990//866 2991//866 3003//866 3002//866
f 2991//867 2992//867 3004//867 3003//867
f 2992//868 2993//868 3005//868 3004//868
f 2993//869 2982//869 2994//869 3005//869
f 3008//870 3009//870 3015//870 3014//870
f 3020//657 3009//657 3008//657
f 3021//660 3014//660 3015//660
f 3009//871 3010//871 3016//871 3015//871
f 3020//657 3010//657 3009//657
f 3021//660 3015//660 3016//660
f 3010//872 3011//872 3017//872 3016//872
f 3020//657 3011//657 3010//657
f 3021//660 3016//660 3017//660
f 3011//873 3012//873 3018//873 3017//873
f 3020//657 3012//657 3011//657
f 3021//660 3017//660 3018//660
f 3012//874 3013//874 3019//874 3018//874
f 3020//657 3013//657 3012//657
f 3021//660 3018//660 3019//660
f 3013//875 3008//875 3014//875 3019//875
f 3020//657 3008//657 3013//657
f 3021//660 3019//660 3014//660
f 3022//876 3023//876 3029//876 3028//876
f 3034//660 3023//660 3022//660
f 3035//657 3028//657 3029//657
f 3023//877 3024//877 3030//877 3029//877
f 3034//660 3024//660 3023//660
f 3035//657 3029//657 3030//657
f 3024//878 3025//878 3031//878 3030//878
f 3034//660 3025//660 3024//660
f 3035//657 3030//657 3031//657
f 3025//879 3026//879 3032//879 3031//879
f 3034//660 3026//660 3025//660
f 3035//657 3031//657 3032//657
f 3026//880 3027//880 3033//880 3032//880
f 3034//660 3027//660 3026//660
f 3035//657 3032//657 3033//657
f 3027//881 3022//881 3028//881 3033//881
f 3034//660 3022//660 3027//660
f 3035//657 3033//657 3028//657
f 3036//882 3037//882 3043//882 3042//882
f 3048//718 3037//718 3036//718
f 3049//715 3042//715 3043//715
f 3037//883 3038//883 3044//883 3043//883
f 3048//718 3038//718 3037//718
f 3049//715 3043//715 3044//715
f 3038//884 3039//884 3045//884 3044//884
f 3048//718 3039//718 3038//718
f 3049//715 3044//715 3045//715
f 3039//885 3040//885 3046//885 3045//885
f 3048//718 3040//718 3039//718
f 3049//715 3045//715 3046//715
f 3040//886 3041//886 3047//886 3046//886
f 3048//718 3041//718 3040//718
f 3049//715 3046//715 3047//715
f 3041//887 3036//887 3042//887 3047//887
f 3048//718 3036//718 3041//718
f 3049//715 3047//715 3042//715
f 3050//888 3051//888 3057//888 3056//888
f 3062//715 3051//715 3050//715
f 3063//718 3056//718 3057//718
f 3051//889 3052//889 3058//889 3057//889
f 3062//715 3052//715 3051//715
f 3063//718 3057//718 3058//718
f 3052//890 3053//890 3059//890 3058//890
f 3062//715 3053//715 3052//715
f 3063//718 3058//718 3059//718
f 3053//891 3054//891 3060//891 3059//891
f 3062//715 3054//715 3053//715
f 3063//718 3059//718 3060//718
f 3054//892 3055//892 3061//892 3060//892
f 3062//715 3055//715 3054//715
f 3063//718 3060//718 3061//718
f 3055//893 3050//893 3056//893 3061//893
f 3062//715 3050//715 3055//715
f 3063//718 3061//718 3056//718
f 3064//894 3065//894 3071//894 3070//894
f 3076//895 3065//895 3064//895
f 3077//896 3070//896 3071//896
f 3065//897 3066//897 3072//897 3071//897
f 3076//895 3066//895 3065//895
f 3077//896 3071//896 3072//896
f 3066//898 3067//898 3073//898 3072//898
f 3076//895 3067//895 3066//895
f 3077//896 3072//896 3073//896
f 3067//899 3068//899 3074//899 3073//899
f 3076//895 3068//895 3067//895
f 3077//896 3073//896 3074//896
f 3068//900 3069//900 3075//900 3074//900
f 3076//895 3069//895 3068//895
f 3077//896 3074//896 3075//896
f 3069//901 3064//901 3070//901 3075//901
f 3076//895 3064//895 3069//895
f 3077//896 3075//896 3070//896
f 3078//902 3079//902 3085//902 3084//902
f 3090//903 3079//903 3078//903
f 3091//904 3084//904 3085//904
f 3079//905 3080//905 3086//905 3085//905
f 3090//903 3080//903 3079//903
f 3091//906 3085//906 3086//906
f 3080//907 3081//907 3087//907 3086//907
f 3090//903 3081//903 3080//903
f 3091//904 3086//904 3087//904
f 3081//908 3082//908 3088//908 3087//908
f 3090//903 3082//903 3081//903
f 3091//909 3087//909 3088//909
f 3082//910 3083//910 3089//910 3088//910
f 3090//903 3083//903 3082//903
f 3091//911 3088//911 3089//911
f 3083//912 3078//912 3084//912 3089//912
f 3090//903 3078//903 3083//903
f 3091//909 3089//909 3084//909
f 3092//913 3093//913 3099//913 3098//913
f 3104//914 3093//914 3092//914
f 3105//915 3098//915 3099//915
f 3093//916 3094//916 3100//916 3099//916
f 3104//914 3094//914 3093//914
f 3105//915 3099//915 3100//915
f 3094//917 3095//917 3101//917 3100//917
f 3104//914 3095//914 3094//914
f 3105//915 3100//915 3101//915
f 3095//918 3096//918 3102//918 3101//918
f 3104//914 3096//914 3095//914
f 3105//919 3101//919 3102//919
f 3096//920 3097//920 3103//920 3102//920
f 3104//914 3097//914 3096//914
f 3105//921 3102//921 3103//921
f 3097//922 3092//922 3098//922 3103//922
f 3104//914 3092//914 3097//914
f 3105//919 3103//919 3098//919
f 3106//923 3107//923 3113//923 3112//923
f 3118//924 3107//924 3106//924
f 3119//925 3112//925 3113//925
f 3107//926 3108//926 3114//926 3113//926
f 3118//924 3108//924 3107//924
f 3119//927 3113//927 3114//927
f 3108//928 3109//928 3115//928 3114//928
f 3118//924 3109//924 3108//924
f 3119//925 3114//925 3115//925
f 3109//929 3110//929 3116//929 3115//929
f 3118//924 3110//924 3109//924
f 3119//930 3115//930 3116//930
f 3110//931 3111//931 3117//931 3116//931
f 3118//924 3111//924 3110//924
f 3119//932 3116//932 3117//932
f 3111//933 3106//933 3112//933 3117//933
f 3118//924 3106//924 3111//924
f 3119//930 3117//930 3112//930
f 3120//934 3121//934 3127//934 3126//934
f 3132//935 3121//935 3120//935
f 3133//936 3126//936 3127//936
f 3121//937 3122//937 3128//937 3127//937
f 3132//935 3122//935 3121//935
f 3133//938 3127//938 3128//938
f 3122//939 3123//939 3129//939 3128//939
f 3132//935 3123//935 3122//935
f 3133//936 3128//936 3129//936
f 3123//940 3124//940 3130//940 3129//940
f 3132//935 3124//935 3123//935
f 3133//941 3129//941 3130//941
f 3124//942 3125//942 3131//942 3130//942
f 3132//935 3125//935 3124//935
f 3133//941 3130//941 3131//941
f 3125//943 3120//943 3126//943 3131//943
f 3132//935 3120//935 3125//935
f 3133//941 3131//941 3126//941
f 3134//944 3135//944 3141//944 3140//944
f 3146//945 3135//945 3134//945
f 3147//946 3140//946 3141//946
f 3135//947 3136//947 3142//947 3141//947
f 3146//948 3136//948 3135//948
f 3147//949 3141//949 3142//949
f 3136//950 3137//950 3143//950 3142//950
f 3146//951 3137//951 3136//951
f 3147//952 3142//952 3143//952
f 3137//953 3138//953 3144//953 3143//953
f 3146//954 3138//954 3137//954
f 3147//955 3143//955 3144//955
f 3138//956 3139//956 3145//956 3144//956
f 3146//957 3139//957 3138//957
f 3147//958 3144//958 3145//958
f 3139//959 3134//959 3140//959 3145//959
f 3146//960 3134//960 3139//960
f 3147//961 3145//961 3140//961
f 3148//962 3149//962 3155//962 3154//962
f 3160//963 3149//963 3148//963
f 3161//964 3154//964 3155//964
f 3149//965 3150//965 3156//965 3155//965
f 3160//966 3150//966 3149//966
f 3161//967 3155//967 3156//967
f 3150//968 3151//968 3157//968 3156//968
f 3160//969 3151//969 3150//969
f 3161//970 3156//970 3157//970
f 3151//971 3152//971 3158//971 3157//971
f 3160//972 3152//972 3151//972
f 3161//973 3157//973 3158//973
f 3152//974 3153//974 3159//974 3158//974
f 3160//975 3153//975 3152//975
f 3161//976 3158//976 3159//976
f 3153//977 3148//977 3154//977 3159//977
f 3160//978 3148//978 3153//978
f 3161//979 3159//979 3154//979
f 3162//980 3163//980 3169//980 3168//980
f 3174//981 3163//981 3162//981
f 3175//982 3168//982 3169//982
f 3163//983 3164//983 3170//983 3169//983
f 3174//984 3164//984 3163//984
f 3175//985 3169//985 3170//985
f 3164//986 3165//986 3171//986 3170//986
f 3174//987 3165//987 3164//987
f 3175//985 3170//985 3171//985
f 3165//988 3166//988 3172//988 3171//988
f 3174//989 3166//989 3165//989
f 3175//990 3171//990 3172//990
f 3166//991 3167//991 3173//991 3172//991
f 3174//992 3167//992 3166//992
f 3175//990 3172//990 3173//990
f 3167//993 3162//993 3168//993 3173//993
f 3174//994 3162//994 3167//994
f 3175//995 3173//995 3168//995
f 3176//996 3177//996 3183//996 3182//996
f 3188//997 3177//997 3176//997
f 3189//998 3182//998 3183//998
f 3177//999 3178//999 3184//999 3183//999
f 3188//1000 3178//1000 3177//1000
f 3189//1001 3183//1001 3184//1001
f 3178//1002 3179//1002 3185//1002 3184//1002
f 3188//1003 3179//1003 3178//1003
f 3189//1004 3184//1004 3185//1004
f 3179//1005 3180//1005 3186//1005 3185//1005
f 3188//1006 3180//1006 3179//1006
f 3189//1007 3185//1007 3186//1007
f 3180//1008 3181//1008 3187//1008 3186//1008
f 3188//1009 3181//1009 3180//1009
f 3189//1010 3186//1010 3187//1010
f 3181//1011 3176//1011 3182//1011 3187//1011
f 3188//1012 3176//1012 3181//1012
f 3189//1013 3187//1013 3182//1013
usemtl chain.002
f 1914//656 1920//656 1921//656 1915//656
f 1915//657 1921//657 1922//657 1916//657
f 1916//658 1922//658 1923//658 1917//658
f 1917//659 1923//659 1924//659 1918//659
f 1918//660 1924//660 1925//660 1919//660
f 1919//661 1925//661 1920//661 1914//661
f 1920//662 1926//662 1927//662 1921//662
f 1921//657 1927//657 1928//657 1922//657
f 1922//663 1928//663 1929//663 1923//663
f 1923//664 1929//664 1930//664 1924//664
f 1924//660 1930//660 1931//660 1925//660
f 1925//665 1931//665 1926//665 1920//665
f 1926//666 1932//666 1933//666 1927//666
f 1927//657 1933//657 1934//657 1928//657
f 1928//667 1934//667 1935//667 1929//667
f 1929//668 1935//668 1936//668 1930//668
f 1930//660 1936//660 1937//660 1931//660
f 1931//669 1937//669 1932//669 1926//669
f 1932//670 1938//670 1939//670 1933//670
f 1933//657 1939//657 1940//657 1934//657
f 1934//671 1940//671 1941//671 1935//671
f 1935//672 1941//672 1942//672 1936//672
f 1936//660 1942//660 1943//660 1937//660
f 1937//673 1943//673 1938//673 1932//673
f 1938//674 1944//674 1945//674 1939//674
f 1939//657 1945//657 1946//657 1940//657
f 1940//675 1946//675 1947//675 1941//675
f 1941//676 1947//676 1948//676 1942//676
f 1942//660 1948//660 1949//660 1943//660
f 1943//677 1949//677 1944//677 1938//677
f 1944//678 1950//678 1951//678 1945//678
f 1945//657 1951//657 1952//657 1946//657
f 1946//679 1952//679 1953//679 1947//679
f 1947//680 1953//680 1954//680 1948//680
f 1948//660 1954//660 1955//660 1949//660
f 1949//681 1955//681 1950//681 1944//681
f 1950//682 1956//682 1957//682 1951//682
f 1951//657 1957//657 1958//657 1952//657
f 1952//683 1958//683 1959//683 1953//683
f 1953//684 1959//684 1960//684 1954//684
f 1954//660 1960//660 1961//660 1955//660
f 1955//685 1961//685 1956//685 1950//685
f 1956//686 1962//686 1963//686 1957//686
f 1957//657 1963//657 1964//657 1958//657
f 1958//687 1964//687 1965//687 1959//687
f 1959//688 1965//688 1966//688 1960//688
f 1960//660 1966//660 1967//660 1961//660
f 1961//689 1967//689 1962//689 1956//689
f 1962//690 1968//690 1969//690 1963//690
f 1963//657 1969//657 1970//657 1964//657
f 1964//691 1970//691 1971//691 1965//691
f 1965//692 1971//692 1972//692 1966//692
f 1966//660 1972//660 1973//660 1967//660
f 1967//693 1973//693 1968//693 1962//693
f 1968//694 1974//694 1975//694 1969//694
f 1969//657 1975//657 1976//657 1970//657
f 1970//695 1976//695 1977//695 1971//695
f 1971//696 1977//696 1978//696 1972//696
f 1972//660 1978//660 1979//660 1973//660
f 1973//697 1979//697 1974//697 1968//697
f 1974//698 1980//698 1981//698 1975//698
f 1975//657 1981//657 1982//657 1976//657
f 1976//699 1982//699 1983//699 1977//699
f 1977//700 1983//700 1984//700 1978//700
f 1978//660 1984//660 1985//660 1979//660
f 1979//701 1985//701 1980//701 1974//701
f 1980//702 1986//702 1987//702 1981//702
f 1981//657 1987//657 1988//657 1982//657
f 1982//703 1988//703 1989//703 1983//703
f 1983//704 1989//704 1990//704 1984//704
f 1984//660 1990//660 1991//660 1985//660
f 1985//705 1991//705 1986//705 1980//705
f 1986//706 1992//706 1993//706 1987//706
f 1987//657 1993//657 1994//657 1988//657
f 1988//707 1994//707 1995//707 1989//707
f 1989//708 1995//708 1996//708 1990//708
f 1990//660 1996//660 1997//660 1991//660
f 1991//709 1997//709 1992//709 1986//709
f 1992//710 1914//710 1915//710 1993//710
f 1993//657 1915//657 1916//657 1994//657
f 1994//711 1916//711 1917//711 1995//711
f 1995//712 1917//712 1918//712 1996//712
f 1996//660 1918//660 1919//660 1997//660
f 1997//713 1919//713 1914//713 1992//713
f 1998//714 2004//714 2005//714 1999//714
f 1999//715 2005//715 2006//715 2000//715
f 2000//716 2006//716 2007//716 2001//716
f 2001//717 2007//717 2008//717 2002//717
f 2002//718 2008//718 2009//718 2003//718
f 2003//719 2009//719 2004//719 1998//719
f 2004//720 2010//720 2011//720 2005//720
f 2005//715 2011//715 2012//715 2006//715
f 2006//721 2012//721 2013//721 2007//721
f 2007//722 2013//722 2014//722 2008//722
f 2008//718 2014//718 2015//718 2009//718
f 2009//723 2015//723 2010//723 2004//723
f 2010//724 2016//724 2017//724 2011//724
f 2011//715 2017//715 2018//715 2012//715
f 2012//725 2018//725 2019//725 2013//725
f 2013//726 2019//726 2020//726 2014//726
f 2014//718 2020//718 2021//718 2015//718
f 2015//727 2021//727 2016//727 2010//727
f 2016//728 2022//728 2023//728 2017//728
f 2017//715 2023//715 2024//715 2018//715
f 2018//729 2024//729 2025//729 2019//729
f 2019//730 2025//730 2026//730 2020//730
f 2020//718 2026//718 2027//718 2021//718
f 2021//731 2027//731 2022//731 2016//731
f 2022//732 2028//732 2029//732 2023//732
f 2023//715 2029//715 2030//715 2024//715
f 2024//733 2030//733 2031//733 2025//733
f 2025//734 2031//734 2032//734 2026//734
f 2026//718 2032//718 2033//718 2027//718
f 2027//735 2033//735 2028//735 2022//735
f 2028//736 2034//736 2035//736 2029//736
f 2029//715 2035//715 2036//715 2030//715
f 2030//737 2036//737 2037//737 2031//737
f 2031//738 2037//738 2038//738 2032//738
f 2032//718 2038//718 2039//718 2033//718
f 2033//739 2039//739 2034//739 2028//739
f 2034//740 2040//740 2041//740 2035//740
f 2035//715 2041//715 2042//715 2036//715
f 2036//741 2042//741 2043//741 2037//741
f 2037//742 2043//742 2044//742 2038//742
f 2038//718 2044//718 2045//718 2039//718
f 2039//743 2045//743 2040//743 2034//743
f 2040//744 2046//744 2047//744 2041//744
f 2041//715 2047//715 2048//715 2042//715
f 2042//745 2048//745 2049//745 2043//745
f 2043//746 2049//746 2050//746 2044//746
f 2044//718 2050//718 2051//718 2045//718
f 2045//747 2051//747 2046//747 2040//747
f 2046//748 2052//748 2053//748 2047//748
f 2047//715 2053//715 2054//715 2048//715
f 2048//749 2054//749 2055//749 2049//749
f 2049//750 2055//750 2056//750 2050//750
f 2050//718 2056//718 2057//718 2051//718
f 2051//751 2057//751 2052//751 2046//751
f 2052//752 2058//752 2059//752 2053//752
f 2053//715 2059//715 2060//715 2054//715
f 2054//753 2060//753 2061//753 2055//753
f 2055//754 2061//754 2062//754 2056//754
f 2056//718 2062//718 2063//718 2057//718
f 2057//755 2063//755 2058//755 2052//755
f 2058//756 2064//756 2065//756 2059//756
f 2059//715 2065//715 2066//715 2060//715
f 2060//757 2066//757 2067//757 2061//757
f 2061//758 2067//758 2068//758 2062//758
f 2062//718 2068//718 2069//718 2063//718
f 2063//759 2069//759 2064//759 2058//759
f 2064//760 2070//760 2071//760 2065//760
f 2065//715 2071//715 2072//715 2066//715
f 2066//761 2072//761 2073//761 2067//761
f 2067//762 2073//762 2074//762 2068//762
f 2068//718 2074//718 2075//718 2069//718
f 2069//763 2075//763 2070//763 2064//763
f 2070//764 2076//764 2077//764 2071//764
f 2071//715 2077//715 2078//715 2072//715
f 2072//765 2078//765 2079//765 2073//765
f 2073//766 2079//766 2080//766 2074//766
f 2074//718 2080//718 2081//718 2075//718
f 2075//767 2081//767 2076//767 2070//767
f 2076//768 1998//768 1999//768 2077//768
f 2077//715 1999//715 2000//715 2078//715
f 2078//769 2000//769 2001//769 2079//769
f 2079//770 2001//770 2002//770 2080//770
f 2080//718 2002//718 2003//718 2081//718
f 2081//771 2003//771 1998//771 2076//771
f 2082//656 2088//656 2089//656 2083//656
f 2083//657 2089//657 2090//657 2084//657
f 2084//658 2090//658 2091//658 2085//658
f 2085//659 2091//659 2092//659 2086//659
f 2086//660 2092//660 2093//660 2087//660
f 2087//661 2093//661 2088//661 2082//661
f 2088//662 2094//662 2095//662 2089//662
f 2089//657 2095//657 2096//657 2090//657
f 2090//663 2096//663 2097//663 2091//663
f 2091//664 2097//664 2098//664 2092//664
f 2092//660 2098//660 2099//660 2093//660
f 2093//665 2099//665 2094//665 2088//665
f 2094//666 2100//666 2101//666 2095//666
f 2095//657 2101//657 2102//657 2096//657
f 2096//667 2102//667 2103//667 2097//667
f 2097//668 2103//668 2104//668 2098//668
f 2098//660 2104//660 2105//660 2099//660
f 2099//669 2105//669 2100//669 2094//669
f 2100//670 2106//670 2107//670 2101//670
f 2101//657 2107//657 2108//657 2102//657
f 2102//671 2108//671 2109//671 2103//671
f 2103//672 2109//672 2110//672 2104//672
f 2104//660 2110//660 2111//660 2105//660
f 2105//673 2111//673 2106//673 2100//673
f 2106//674 2112//674 2113//674 2107//674
f 2107//657 2113//657 2114//657 2108//657
f 2108//675 2114//675 2115//675 2109//675
f 2109//676 2115//676 2116//676 2110//676
f 2110//660 2116//660 2117//660 2111//660
f 2111//677 2117//677 2112//677 2106//677
f 2112//678 2118//678 2119//678 2113//678
f 2113//657 2119//657 2120//657 2114//657
f 2114//679 2120//679 2121//679 2115//679
f 2115//680 2121//680 2122//680 2116//680
f 2116//660 2122//660 2123//660 2117//660
f 2117//681 2123//681 2118//681 2112//681
f 2118//682 2124//682 2125//682 2119//682
f 2119//657 2125//657 2126//657 2120//657
f 2120//683 2126//683 2127//683 2121//683
f 2121//684 2127//684 2128//684 2122//684
f 2122//660 2128//660 2129//660 2123//660
f 2123//685 2129//685 2124//685 2118//685
f 2124//686 2130//686 2131//686 2125//686
f 2125//657 2131//657 2132//657 2126//657
f 2126//687 2132//687 2133//687 2127//687
f 2127//688 2133//688 2134//688 2128//688
f 2128//660 2134//660 2135//660 2129//660
f 2129//689 2135//689 2130//689 2124//689
f 2130//690 2136//690 2137//690 2131//690
f 2131//657 2137//657 2138//657 2132//657
f 2132//691 2138//691 2139//691 2133//691
f 2133//692 2139//692 2140//692 2134//692
f 2134//660 2140//660 2141//660 2135//660
f 2135//693 2141//693 2136//693 2130//693
f 2136//694 2142//694 2143//694 2137//694
f 2137//657 2143//657 2144//657 2138//657
f 2138//695 2144//695 2145//695 2139//695
f 2139//696 2145//696 2146//696 2140//696
f 2140//660 2146//660 2147//660 2141//660
f 2141//697 2147//697 2142//697 2136//697
f 2142//698 2148//698 2149//698 2143//698
f 2143//657 2149//657 2150//657 2144//657
f 2144//699 2150//699 2151//699 2145//699
f 2145//700 2151//700 2152//700 2146//700
f 2146//660 2152//660 2153//660 2147//660
f 2147//701 2153//701 2148//701 2142//701
f 2148//702 2154//702 2155//702 2149//702
f 2149//657 2155//657 2156//657 2150//657
f 2150//703 2156//703 2157//703 2151//703
f 2151//704 2157//704 2158//704 2152//704
f 2152//660 2158//660 2159//660 2153//660
f 2153//705 2159//705 2154//705 2148//705
f 2154//706 2160//706 2161//706 2155//706
f 2155//657 2161//657 2162//657 2156//657
f 2156//707 2162//707 2163//707 2157//707
f 2157//708 2163//708 2164//708 2158//708
f 2158//660 2164//660 2165//660 2159//660
f 2159//709 2165//709 2160//709 2154//709
f 2160//710 2082//710 2083//710 2161//710
f 2161//657 2083//657 2084//657 2162//657
f 2162//711 2084//711 2085//711 2163//711
f 2163//712 2085//712 2086//712 2164//712
f 2164//660 2086//660 2087//660 2165//660
f 2165//713 2087//713 2082//713 2160//713
f 2166//714 2172//714 2173//714 2167//714
f 2167//715 2173//715 2174//715 2168//715
f 2168//716 2174//716 2175//716 2169//716
f 2169//717 2175//717 2176//717 2170//717
f 2170//718 2176//718 2177//718 2171//718
f 2171//719 2177//719 2172//719 2166//719
f 2172//720 2178//720 2179//720 2173//720
f 2173//715 2179//715 2180//715 2174//715
f 2174//721 2180//721 2181//721 2175//721
f 2175//772 2181//772 2182//772 2176//772
f 2176//718 2182//718 2183//718 2177//718
f 2177//723 2183//723 2178//723 2172//723
f 2178//724 2184//724 2185//724 2179//724
f 2179//715 2185//715 2186//715 2180//715
f 2180//725 2186//725 2187//725 2181//725
f 2181//726 2187//726 2188//726 2182//726
f 2182//718 2188//718 2189//718 2183//718
f 2183//727 2189//727 2184//727 2178//727
f 2184//728 2190//728 2191//728 2185//728
f 2185//715 2191//715 2192//715 2186//715
f 2186//729 2192//729 2193//729 2187//729
f 2187//730 2193//730 2194//730 2188//730
f 2188//718 2194//718 2195//718 2189//718
f 2189//731 2195//731 2190//731 2184//731
f 2190//732 2196//732 2197//732 2191//732
f 2191//715 2197//715 2198//715 2192//715
f 2192//733 2198//733 2199//733 2193//733
f 2193//734 2199//734 2200//734 2194//734
f 2194//718 2200//718 2201//718 2195//718
f 2195//735 2201//735 2196//735 2190//735
f 2196//736 2202//736 2203//736 2197//736
f 2197//715 2203//715 2204//715 2198//715
f 2198//737 2204//737 2205//737 2199//737
f 2199//773 2205//773 2206//773 2200//773
f 2200//718 2206//718 2207//718 2201//718
f 2201//739 2207//739 2202//739 2196//739
f 2202//740 2208//740 2209//740 2203//740
f 2203//715 2209//715 2210//715 2204//715
f 2204//741 2210//741 2211//741 2205//741
f 2205//742 2211//742 2212//742 2206//742
f 2206//718 2212//718 2213//718 2207//718
f 2207//743 2213//743 2208//743 2202//743
f 2208//744 2214//744 2215//744 2209//744
f 2209//715 2215//715 2216//715 2210//715
f 2210//745 2216//745 2217//745 2211//745
f 2211//746 2217//746 2218//746 2212//746
f 2212//718 2218//718 2219//718 2213//718
f 2213//747 2219//747 2214//747 2208//747
f 2214//748 2220//748 2221//748 2215//748
f 2215//715 2221//715 2222//715 2216//715
f 2216//749 2222//749 2223//749 2217//749
f 2217//750 2223//750 2224//750 2218//750
f 2218//718 2224//718 2225//718 2219//718
f 2219//751 2225//751 2220//751 2214//751
f 2220//752 2226//752 2227//752 2221//752
f 2221//715 2227//715 2228//715 2222//715
f 2222//753 2228//753 2229//753 2223//753
f 2223//754 2229//754 2230//754 2224//754
f 2224//718 2230//718 2231//718 2225//718
f 2225//755 2231//755 2226//755 2220//755
f 2226//756 2232//756 2233//756 2227//756
f 2227//715 2233//715 2234//715 2228//715
f 2228//757 2234//757 2235//757 2229//757
f 2229//758 2235//758 2236//758 2230//758
f 2230//718 2236//718 2237//718 2231//718
f 2231//759 2237//759 2232//759 2226//759
f 2232//760 2238//760 2239//760 2233//760
f 2233//715 2239//715 2240//715 2234//715
f 2234//761 2240//761 2241//761 2235//761
f 2235//762 2241//762 2242//762 2236//762
f 2236//718 2242//718 2243//718 2237//718
f 2237//763 2243//763 2238//763 2232//763
f 2238//764 2244//764 2245//764 2239//764
f 2239//715 2245//715 2246//715 2240//715
f 2240//765 2246//765 2247//765 2241//765
f 2241//766 2247//766 2248//766 2242//766
f 2242//718 2248//718 2249//718 2243//718
f 2243//767 2249//767 2244//767 2238//767
f 2244//768 2166//768 2167//768 2245//768
f 2245//715 2167//715 2168//715 2246//715
f 2246//769 2168//769 2169//769 2247//769
f 2247//770 2169//770 2170//770 2248//770
f 2248//718 2170//718 2171//718 2249//718
f 2249//771 2171//771 2166//771 2244//771
f 2250//656 2256//656 2257//656 2251//656
f 2251//657 2257//657 2258//657 2252//657
f 2252//658 2258//658 2259//658 2253//658
f 2253//659 2259//659 2260//659 2254//659
f 2254//660 2260//660 2261//660 2255//660
f 2255//661 2261//661 2256//661 2250//661
f 2256//662 2262//662 2263//662 2257//662
f 2257//657 2263//657 2264//657 2258//657
f 2258//663 2264//663 2265//663 2259//663
f 2259//664 2265//664 2266//664 2260//664
f 2260//660 2266//660 2267//660 2261//660
f 2261//665 2267//665 2262//665 2256//665
f 2262//666 2268//666 2269//666 2263//666
f 2263//657 2269//657 2270//657 2264//657
f 2264//667 2270//667 2271//667 2265//667
f 2265//668 2271//668 2272//668 2266//668
f 2266//660 2272//660 2273//660 2267//660
f 2267//669 2273//669 2268//669 2262//669
f 2268//670 2274//670 2275//670 2269//670
f 2269//657 2275//657 2276//657 2270//657
f 2270//671 2276//671 2277//671 2271//671
f 2271//672 2277//672 2278//672 2272//672
f 2272//660 2278//660 2279//660 2273//660
f 2273//673 2279//673 2274//673 2268//673
f 2274//674 2280//674 2281//674 2275//674
f 2275//657 2281//657 2282//657 2276//657
f 2276//675 2282//675 2283//675 2277//675
f 2277//676 2283//676 2284//676 2278//676
f 2278//660 2284//660 2285//660 2279//660
f 2279//677 2285//677 2280//677 2274//677
f 2280//678 2286//678 2287//678 2281//678
f 2281//657 2287//657 2288//657 2282//657
f 2282//679 2288//679 2289//679 2283//679
f 2283//680 2289//680 2290//680 2284//680
f 2284//660 2290//660 2291//660 2285//660
f 2285//681 2291//681 2286//681 2280//681
f 2286//682 2292//682 2293//682 2287//682
f 2287//657 2293//657 2294//657 2288//657
f 2288//683 2294//683 2295//683 2289//683
f 2289//684 2295//684 2296//684 2290//684
f 2290//660 2296//660 2297//660 2291//660
f 2291//685 2297//685 2292//685 2286//685
f 2292//686 2298//686 2299//686 2293//686
f 2293//657 2299//657 2300//657 2294//657
f 2294//687 2300//687 2301//687 2295//687
f 2295//688 2301//688 2302//688 2296//688
f 2296//660 2302//660 2303//660 2297//660
f 2297//689 2303//689 2298//689 2292//689
f 2298//690 2304//690 2305//690 2299//690
f 2299//657 2305//657 2306//657 2300//657
f 2300//691 2306//691 2307//691 2301//691
f 2301//692 2307//692 2308//692 2302//692
f 2302//660 2308//660 2309//660 2303//660
f 2303//693 2309//693 2304//693 2298//693
f 2304//694 2310//694 2311//694 2305//694
f 2305//657 2311//657 2312//657 2306//657
f 2306//695 2312//695 2313//695 2307//695
f 2307//696 2313//696 2314//696 2308//696
f 2308//660 2314//660 2315//660 2309//660
f 2309//697 2315//697 2310//697 2304//697
f 2310//698 2316//698 2317//698 2311//698
f 2311//657 2317//657 2318//657 2312//657
f 2312//699 2318//699 2319//699 2313//699
f 2313//700 2319//700 2320//700 2314//700
f 2314//660 2320//660 2321//660 2315//660
f 2315//701 2321//701 2316//701 2310//701
f 2316//702 2322//702 2323//702 2317//702
f 2317//657 2323//657 2324//657 2318//657
f 2318//703 2324//703 2325//703 2319//703
f 2319//704 2325//704 2326//704 2320//704
f 2320//660 2326//660 2327//660 2321//660
f 2321//705 2327//705 2322//705 2316//705
f 2322//706 2328//706 2329//706 2323//706
f 2323//657 2329//657 2330//657 2324//657
f 2324//707 2330//707 2331//707 2325//707
f 2325//708 2331//708 2332//708 2326//708
f 2326//660 2332//660 2333//660 2327//660
f 2327//709 2333//709 2328//709 2322//709
f 2328//710 2250//710 2251//710 2329//710
f 2329//657 2251//657 2252//657 2330//657
f 2330//711 2252//711 2253//711 2331//711
f 2331//712 2253//712 2254//712 2332//712
f 2332//660 2254//660 2255//660 2333//660
f 2333//713 2255//713 2250//713 2328//713
f 2334//714 2340//714 2341//714 2335//714
f 2335//715 2341//715 2342//715 2336//715
f 2336//716 2342//716 2343//716 2337//716
f 2337//717 2343//717 2344//717 2338//717
f 2338//718 2344//718 2345//718 2339//718
f 2339//719 2345//719 2340//719 2334//719
f 2340//720 2346//720 2347//720 2341//720
f 2341//715 2347//715 2348//715 2342//715
f 2342//721 2348//721 2349//721 2343//721
f 2343//722 2349//722 2350//722 2344//722
f 2344//718 2350//718 2351//718 2345//718
f 2345//723 2351//723 2346//723 2340//723
f 2346//724 2352//724 2353//724 2347//724
f 2347//715 2353//715 2354//715 2348//715
f 2348//725 2354//725 2355//725 2349//725
f 2349//726 2355//726 2356//726 2350//726
f 2350//718 2356//718 2357//718 2351//718
f 2351//727 2357//727 2352//727 2346//727
f 2352//728 2358//728 2359//728 2353//728
f 2353//715 2359//715 2360//715 2354//715
f 2354//729 2360//729 2361//729 2355//729
f 2355//730 2361//730 2362//730 2356//730
f 2356//718 2362//718 2363//718 2357//718
f 2357//731 2363//731 2358//731 2352//731
f 2358//732 2364//732 2365//732 2359//732
f 2359//715 2365//715 2366//715 2360//715
f 2360//733 2366//733 2367//733 2361//733
f 2361//734 2367//734 2368//734 2362//734
f 2362//718 2368//718 2369//718 2363//718
f 2363//735 2369//735 2364//735 2358//735
f 2364//736 2370//736 2371//736 2365//736
f 2365//715 2371//715 2372//715 2366//715
f 2366//737 2372//737 2373//737 2367//737
f 2367//773 2373//773 2374//773 2368//773
f 2368//718 2374//718 2375//718 2369//718
f 2369//739 2375//739 2370//739 2364//739
f 2370//740 2376//740 2377//740 2371//740
f 2371//715 2377//715 2378//715 2372//715
f 2372//741 2378//741 2379//741 2373//741
f 2373//742 2379//742 2380//742 2374//742
f 2374//718 2380//718 2381//718 2375//718
f 2375//743 2381//743 2376//743 2370//743
f 2376//744 2382//744 2383//744 2377//744
f 2377//715 2383//715 2384//715 2378//715
f 2378//745 2384//745 2385//745 2379//745
f 2379//746 2385//746 2386//746 2380//746
f 2380//718 2386//718 2387//718 2381//718
f 2381//747 2387//747 2382//747 2376//747
f 2382//748 2388//748 2389//748 2383//748
f 2383//715 2389//715 2390//715 2384//715
f 2384//749 2390//749 2391//749 2385//749
f 2385//750 2391//750 2392//750 2386//750
f 2386//718 2392//718 2393//718 2387//718
f 2387//751 2393//751 2388//751 2382//751
f 2388//752 2394//752 2395//752 2389//752
f 2389//715 2395//715 2396//715 2390//715
f 2390//753 2396//753 2397//753 2391//753
f 2391//754 2397//754 2398//754 2392//754
f 2392//718 2398//718 2399//718 2393//718
f 2393//755 2399//755 2394//755 2388//755
f 2394//756 2400//756 2401//756 2395//756
f 2395//715 2401//715 2402//715 2396//715
f 2396//757 2402//757 2403//757 2397//757
f 2397//758 2403//758 2404//758 2398//758
f 2398//718 2404//718 2405//718 2399//718
f 2399//759 2405//759 2400//759 2394//759
f 2400//760 2406//760 2407//760 2401//760
f 2401//715 2407//715 2408//715 2402//715
f 2402//761 2408//761 2409//761 2403//761
f 2403//762 2409//762 2410//762 2404//762
f 2404//718 2410//718 2411//718 2405//718
f 2405//763 2411//763 2406//763 2400//763
f 2406//764 2412//764 2413//764 2407//764
f 2407//715 2413//715 2414//715 2408//715
f 2408//765 2414//765 2415//765 2409//765
f 2409//766 2415//766 2416//766 2410//766
f 2410//718 2416//718 2417//718 2411//718
f 2411//767 2417//767 2412//767 2406//767
f 2412//768 2334//768 2335//768 2413//768
f 2413//715 2335//715 2336//715 2414//715
f 2414//769 2336//769 2337//769 2415//769
f 2415//770 2337//770 2338//770 2416//770
f 2416//718 2338//718 2339//718 2417//718
f 2417//771 2339//771 2334//771 2412//771
f 2418//656 2424//656 2425//656 2419//656
f 2419//657 2425//657 2426//657 2420//657
f 2420//658 2426//658 2427//658 2421//658
f 2421//659 2427//659 2428//659 2422//659
f 2422//660 2428//660 2429//660 2423//660
f 2423//661 2429//661 2424//661 2418//661
f 2424//662 2430//662 2431//662 2425//662
f 2425//657 2431//657 2432//657 2426//657
f 2426//663 2432//663 2433//663 2427//663
f 2427//664 2433//664 2434//664 2428//664
f 2428//660 2434//660 2435//660 2429//660
f 2429//665 2435//665 2430//665 2424//665
f 2430//666 2436//666 2437//666 2431//666
f 2431//657 2437//657 2438//657 2432//657
f 2432//667 2438//667 2439//667 2433//667
f 2433//668 2439//668 2440//668 2434//668
f 2434//660 2440//660 2441//660 2435//660
f 2435//669 2441//669 2436//669 2430//669
f 2436//670 2442//670 2443//670 2437//670
f 2437//657 2443//657 2444//657 2438//657
f 2438//671 2444//671 2445//671 2439//671
f 2439//672 2445//672 2446//672 2440//672
f 2440//660 2446//660 2447//660 2441//660
f 2441//673 2447//673 2442//673 2436//673
f 2442//674 2448//674 2449//674 2443//674
f 2443//657 2449//657 2450//657 2444//657
f 2444//675 2450//675 2451//675 2445//675
f 2445//676 2451//676 2452//676 2446//676
f 2446//660 2452//660 2453//660 2447//660
f 2447//677 2453//677 2448//677 2442//677
f 2448//678 2454//678 2455//678 2449//678
f 2449//657 2455//657 2456//657 2450//657
f 2450//679 2456//679 2457//679 2451//679
f 2451//680 2457//680 2458//680 2452//680
f 2452//660 2458//660 2459//660 2453//660
f 2453//681 2459//681 2454//681 2448//681
f 2454//682 2460//682 2461//682 2455//682
f 2455//657 2461//657 2462//657 2456//657
f 2456//683 2462//683 2463//683 2457//683
f 2457//684 2463//684 2464//684 2458//684
f 2458//660 2464//660 2465//660 2459//660
f 2459//685 2465//685 2460//685 2454//685
f 2460//686 2466//686 2467//686 2461//686
f 2461//657 2467//657 2468//657 2462//657
f 2462//687 2468//687 2469//687 2463//687
f 2463//688 2469//688 2470//688 2464//688
f 2464//660 2470//660 2471//660 2465//660
f 2465//689 2471//689 2466//689 2460//689
f 2466//690 2472//690 2473//690 2467//690
f 2467//657 2473//657 2474//657 2468//657
f 2468//691 2474//691 2475//691 2469//691
f 2469//692 2475//692 2476//692 2470//692
f 2470//660 2476//660 2477//660 2471//660
f 2471//693 2477//693 2472//693 2466//693
f 2472//694 2478//694 2479//694 2473//694
f 2473//657 2479//657 2480//657 2474//657
f 2474//695 2480//695 2481//695 2475//695
f 2475//696 2481//696 2482//696 2476//696
f 2476//660 2482//660 2483//660 2477//660
f 2477//697 2483//697 2478//697 2472//697
f 2478//698 2484//698 2485//698 2479//698
f 2479//657 2485//657 2486//657 2480//657
f 2480//699 2486//699 2487//699 2481//699
f 2481//700 2487//700 2488//700 2482//700
f 2482//660 2488//660 2489//660 2483//660
f 2483//701 2489//701 2484//701 2478//701
f 2484//702 2490//702 2491//702 2485//702
f 2485//657 2491//657 2492//657 2486//657
f 2486//703 2492//703 2493//703 2487//703
f 2487//704 2493//704 2494//704 2488//704
f 2488//660 2494//660 2495//660 2489//660
f 2489//705 2495//705 2490//705 2484//705
f 2490//706 2496//706 2497//706 2491//706
f 2491//657 2497//657 2498//657 2492//657
f 2492//707 2498//707 2499//707 2493//707
f 2493//708 2499//708 2500//708 2494//708
f 2494//660 2500//660 2501//660 2495//660
f 2495//709 2501//709 2496//709 2490//709
f 2496//710 2418//710 2419//710 2497//710
f 2497//657 2419//657 2420//657 2498//657
f 2498//711 2420//711 2421//711 2499//711
f 2499//712 2421//712 2422//712 2500//712
f 2500//660 2422//660 2423//660 2501//660
f 2501//713 2423//713 2418//713 2496//713
f 2502//714 2508//714 2509//714 2503//714
f 2503//715 2509//715 2510//715 2504//715
f 2504//716 2510//716 2511//716 2505//716
f 2505//717 2511//717 2512//717 2506//717
f 2506//718 2512//718 2513//718 2507//718
f 2507//719 2513//719 2508//719 2502//719
f 2508//720 2514//720 2515//720 2509//720
f 2509//715 2515//715 2516//715 2510//715
f 2510//721 2516//721 2517//721 2511//721
f 2511//722 2517//722 2518//722 2512//722
f 2512//718 2518//718 2519//718 2513//718
f 2513//723 2519//723 2514//723 2508//723
f 2514//724 2520//724 2521//724 2515//724
f 2515//715 2521//715 2522//715 2516//715
f 2516//725 2522//725 2523//725 2517//725
f 2517//726 2523//726 2524//726 2518//726
f 2518//718 2524//718 2525//718 2519//718
f 2519//727 2525//727 2520//727 2514//727
f 2520//728 2526//728 2527//728 2521//728
f 2521//715 2527//715 2528//715 2522//715
f 2522//729 2528//729 2529//729 2523//729
f 2523//730 2529//730 2530//730 2524//730
f 2524//718 2530//718 2531//718 2525//718
f 2525//731 2531//731 2526//731 2520//731
f 2526//732 2532//732 2533//732 2527//732
f 2527//715 2533//715 2534//715 2528//715
f 2528//733 2534//733 2535//733 2529//733
f 2529//734 2535//734 2536//734 2530//734
f 2530//718 2536//718 2537//718 2531//718
f 2531//735 2537//735 2532//735 2526//735
f 2532//736 2538//736 2539//736 2533//736
f 2533//715 2539//715 2540//715 2534//715
f 2534//737 2540//737 2541//737 2535//737
f 2535//773 2541//773 2542//773 2536//773
f 2536//718 2542//718 2543//718 2537//718
f 2537//739 2543//739 2538//739 2532//739
f 2538//740 2544//740 2545//740 2539//740
f 2539//715 2545//715 2546//715 2540//715
f 2540//741 2546//741 2547//741 2541//741
f 2541//742 2547//742 2548//742 2542//742
f 2542//718 2548//718 2549//718 2543//718
f 2543//743 2549//743 2544//743 2538//743
f 2544//744 2550//744 2551//744 2545//744
f 2545//715 2551//715 2552//715 2546//715
f 2546//745 2552//745 2553//745 2547//745
f 2547//746 2553//746 2554//746 2548//746
f 2548//718 2554//718 2555//718 2549//718
f 2549//747 2555//747 2550//747 2544//747
f 2550//748 2556//748 2557//748 2551//748
f 2551//715 2557//715 2558//715 2552//715
f 2552//749 2558//749 2559//749 2553//749
f 2553//750 2559//750 2560//750 2554//750
f 2554//718 2560//718 2561//718 2555//718
f 2555//751 2561//751 2556//751 2550//751
f 2556//752 2562//752 2563//752 2557//752
f 2557//715 2563//715 2564//715 2558//715
f 2558//753 2564//753 2565//753 2559//753
f 2559//754 2565//754 2566//754 2560//754
f 2560//718 2566//718 2567//718 2561//718
f 2561//755 2567//755 2562//755 2556//755
f 2562//756 2568//756 2569//756 2563//756
f 2563//715 2569//715 2570//715 2564//715
f 2564//757 2570//757 2571//757 2565//757
f 2565//758 2571//758 2572//758 2566//758
f 2566//718 2572//718 2573//718 2567//718
f 2567//759 2573//759 2568//759 2562//759
f 2568//760 2574//760 2575//760 2569//760
f 2569//715 2575//715 2576//715 2570//715
f 2570//761 2576//761 2577//761 2571//761
f 2571//762 2577//762 2578//762 2572//762
f 2572//718 2578//718 2579//718 2573//718
f 2573//763 2579//763 2574//763 2568//763
f 2574//764 2580//764 2581//764 2575//764
f 2575//715 2581//715 2582//715 2576//715
f 2576//765 2582//765 2583//765 2577//765
f 2577//766 2583//766 2584//766 2578//766
f 2578//718 2584//718 2585//718 2579//718
f 2579//767 2585//767 2580//767 2574//767
f 2580//768 2502//768 2503//768 2581//768
f 2581//715 2503//715 2504//715 2582//715
f 2582//769 2504//769 2505//769 2583//769
f 2583//770 2505//770 2506//770 2584//770
f 2584//718 2506//718 2507//718 2585//718
f 2585//771 2507//771 2502//771 2580//771
f 2586//656 2592//656 2593//656 2587//656
f 2587//657 2593//657 2594//657 2588//657
f 2588//658 2594//658 2595//658 2589//658
f 2589//659 2595//659 2596//659 2590//659
f 2590//660 2596//660 2597//660 2591//660
f 2591//661 2597//661 2592//661 2586//661
f 2592//662 2598//662 2599//662 2593//662
f 2593//657 2599//657 2600//657 2594//657
f 2594//663 2600//663 2601//663 2595//663
f 2595//664 2601//664 2602//664 2596//664
f 2596//660 2602//660 2603//660 2597//660
f 2597//665 2603//665 2598//665 2592//665
f 2598//666 2604//666 2605//666 2599//666
f 2599//657 2605//657 2606//657 2600//657
f 2600//667 2606//667 2607//667 2601//667
f 2601//668 2607//668 2608//668 2602//668
f 2602//660 2608//660 2609//660 2603//660
f 2603//669 2609//669 2604//669 2598//669
f 2604//670 2610//670 2611//670 2605//670
f 2605//657 2611//657 2612//657 2606//657
f 2606//671 2612//671 2613//671 2607//671
f 2607//672 2613//672 2614//672 2608//672
f 2608//660 2614//660 2615//660 2609//660
f 2609//673 2615//673 2610//673 2604//673
f 2610//674 2616//674 2617//674 2611//674
f 2611//657 2617//657 2618//657 2612//657
f 2612//675 2618//675 2619//675 2613//675
f 2613//676 2619//676 2620//676 2614//676
f 2614//660 2620//660 2621//660 2615//660
f 2615//677 2621//677 2616//677 2610//677
f 2616//678 2622//678 2623//678 2617//678
f 2617//657 2623//657 2624//657 2618//657
f 2618//679 2624//679 2625//679 2619//679
f 2619//680 2625//680 2626//680 2620//680
f 2620//660 2626//660 2627//660 2621//660
f 2621//681 2627//681 2622//681 2616//681
f 2622//682 2628//682 2629//682 2623//682
f 2623//657 2629//657 2630//657 2624//657
f 2624//683 2630//683 2631//683 2625//683
f 2625//684 2631//684 2632//684 2626//684
f 2626//660 2632//660 2633//660 2627//660
f 2627//685 2633//685 2628//685 2622//685
f 2628//686 2634//686 2635//686 2629//686
f 2629//657 2635//657 2636//657 2630//657
f 2630//687 2636//687 2637//687 2631//687
f 2631//688 2637//688 2638//688 2632//688
f 2632//660 2638//660 2639//660 2633//660
f 2633//689 2639//689 2634//689 2628//689
f 2634//690 2640//690 2641//690 2635//690
f 2635//657 2641//657 2642//657 2636//657
f 2636//691 2642//691 2643//691 2637//691
f 2637//692 2643//692 2644//692 2638//692
f 2638//660 2644//660 2645//660 2639//660
f 2639//693 2645//693 2640//693 2634//693
f 2640//694 2646//694 2647//694 2641//694
f 2641//657 2647//657 2648//657 2642//657
f 2642//695 2648//695 2649//695 2643//695
f 2643//696 2649//696 2650//696 2644//696
f 2644//660 2650//660 2651//660 2645//660
f 2645//697 2651//697 2646//697 2640//697
f 2646//698 2652//698 2653//698 2647//698
f 2647//657 2653//657 2654//657 2648//657
f 2648//699 2654//699 2655//699 2649//699
f 2649//700 2655//700 2656//700 2650//700
f 2650//660 2656//660 2657//660 2651//660
f 2651//701 2657//701 2652//701 2646//701
f 2652//702 2658//702 2659//702 2653//702
f 2653//657 2659//657 2660//657 2654//657
f 2654//703 2660//703 2661//703 2655//703
f 2655//704 2661//704 2662//704 2656//704
f 2656//660 2662//660 2663//660 2657//660
f 2657//705 2663//705 2658//705 2652//705
f 2658//706 2664//706 2665//706 2659//706
f 2659//657 2665//657 2666//657 2660//657
f 2660//707 2666//707 2667//707 2661//707
f 2661//708 2667//708 2668//708 2662//708
f 2662//660 2668//660 2669//660 2663//660
f 2663//709 2669//709 2664//709 2658//709
f 2664//710 2586//710 2587//710 2665//710
f 2665//657 2587//657 2588//657 2666//657
f 2666//711 2588//711 2589//711 2667//711
f 2667//712 2589//712 2590//712 2668//712
f 2668//660 2590//660 2591//660 2669//660
f 2669//713 2591//713 2586//713 2664//713
f 2670//714 2676//714 2677//714 2671//714
f 2671//715 2677//715 2678//715 2672//715
f 2672//716 2678//716 2679//716 2673//716
f 2673//717 2679//717 2680//717 2674//717
f 2674//718 2680//718 2681//718 2675//718
f 2675//719 2681//719 2676//719 2670//719
f 2676//720 2682//720 2683//720 2677//720
f 2677//715 2683//715 2684//715 2678//715
f 2678//721 2684//721 2685//721 2679//721
f 2679//722 2685//722 2686//722 2680//722
f 2680//718 2686//718 2687//718 2681//718
f 2681//723 2687//723 2682//723 2676//723
f 2682//724 2688//724 2689//724 2683//724
f 2683//715 2689//715 2690//715 2684//715
f 2684//725 2690//725 2691//725 2685//725
f 2685//726 2691//726 2692//726 2686//726
f 2686//718 2692//718 2693//718 2687//718
f 2687//727 2693//727 2688//727 2682//727
f 2688//728 2694//728 2695//728 2689//728
f 2689//715 2695//715 2696//715 2690//715
f 2690//729 2696//729 2697//729 2691//729
f 2691//730 2697//730 2698//730 2692//730
f 2692//718 2698//718 2699//718 2693//718
f 2693//731 2699//731 2694//731 2688//731
f 2694//732 2700//732 2701//732 2695//732
f 2695//715 2701//715 2702//715 2696//715
f 2696//733 2702//733 2703//733 2697//733
f 2697//734 2703//734 2704//734 2698//734
f 2698//718 2704//718 2705//718 2699//718
f 2699//735 2705//735 2700//735 2694//735
f 2700//736 2706//736 2707//736 2701//736
f 2701//715 2707//715 2708//715 2702//715
f 2702//737 2708//737 2709//737 2703//737
f 2703//773 2709//773 2710//773 2704//773
f 2704//718 2710//718 2711//718 2705//718
f 2705//739 2711//739 2706//739 2700//739
f 2706//740 2712//740 2713//740 2707//740
f 2707//715 2713//715 2714//715 2708//715
f 2708//741 2714//741 2715//741 2709//741
f 2709//742 2715//742 2716//742 2710//742
f 2710//718 2716//718 2717//718 2711//718
f 2711//743 2717//743 2712//743 2706//743
f 2712//744 2718//744 2719//744 2713//744
f 2713//715 2719//715 2720//715 2714//715
f 2714//745 2720//745 2721//745 2715//745
f 2715//746 2721//746 2722//746 2716//746
f 2716//718 2722//718 2723//718 2717//718
f 2717//747 2723//747 2718//747 2712//747
f 2718//748 2724//748 2725//748 2719//748
f 2719//715 2725//715 2726//715 2720//715
f 2720//749 2726//749 2727//749 2721//749
f 2721//750 2727//750 2728//750 2722//750
f 2722//718 2728//718 2729//718 2723//718
f 2723//751 2729//751 2724//751 2718//751
f 2724//752 2730//752 2731//752 2725//752
f 2725//715 2731//715 2732//715 2726//715
f 2726//753 2732//753 2733//753 2727//753
f 2727//754 2733//754 2734//754 2728//754
f 2728//718 2734//718 2735//718 2729//718
f 2729//755 2735//755 2730//755 2724//755
f 2730//756 2736//756 2737//756 2731//756
f 2731//715 2737//715 2738//715 2732//715
f 2732//757 2738//757 2739//757 2733//757
f 2733//758 2739//758 2740//758 2734//758
f 2734//718 2740//718 2741//718 2735//718
f 2735//759 2741//759 2736//759 2730//759
f 2736//760 2742//760 2743//760 2737//760
f 2737//715 2743//715 2744//715 2738//715
f 2738//761 2744//761 2745//761 2739//761
f 2739//762 2745//762 2746//762 2740//762
f 2740//718 2746//718 2747//718 2741//718
f 2741//763 2747//763 2742//763 2736//763
f 2742//764 2748//764 2749//764 2743//764
f 2743//715 2749//715 2750//715 2744//715
f 2744//765 2750//765 2751//765 2745//765
f 2745//766 2751//766 2752//766 2746//766
f 2746//718 2752//718 2753//718 2747//718
f 2747//767 2753//767 2748//767 2742//767
f 2748//768 2670//768 2671//768 2749//768
f 2749//715 2671//715 2672//715 2750//715
f 2750//769 2672//769 2673//769 2751//769
f 2751//770 2673//770 2674//770 2752//770
f 2752//718 2674//718 2675//718 2753//718
f 2753//771 2675//771 2670//771 2748//771
f 2754//656 2760//656 2761//656 2755//656
f 2755//657 2761//657 2762//657 2756//657
f 2756//658 2762//658 2763//658 2757//658
f 2757//659 2763//659 2764//659 2758//659
f 2758//660 2764//660 2765//660 2759//660
f 2759//661 2765//661 2760//661 2754//661
f 2760//662 2766//662 2767//662 2761//662
f 2761//657 2767//657 2768//657 2762//657
f 2762//663 2768//663 2769//663 2763//663
f 2763//664 2769//664 2770//664 2764//664
f 2764//660 2770//660 2771//660 2765//660
f 2765//665 2771//665 2766//665 2760//665
f 2766//666 2772//666 2773//666 2767//666
f 2767//657 2773//657 2774//657 2768//657
f 2768//667 2774//667 2775//667 2769//667
f 2769//668 2775//668 2776//668 2770//668
f 2770//660 2776//660 2777//660 2771//660
f 2771//669 2777//669 2772//669 2766//669
f 2772//670 2778//670 2779//670 2773//670
f 2773//657 2779//657 2780//657 2774//657
f 2774//671 2780//671 2781//671 2775//671
f 2775//672 2781//672 2782//672 2776//672
f 2776//660 2782//660 2783//660 2777//660
f 2777//673 2783//673 2778//673 2772//673
f 2778//674 2784//674 2785//674 2779//674
f 2779//657 2785//657 2786//657 2780//657
f 2780//675 2786//675 2787//675 2781//675
f 2781//676 2787//676 2788//676 2782//676
f 2782//660 2788//660 2789//660 2783//660
f 2783//677 2789//677 2784//677 2778//677
f 2784//678 2790//678 2791//678 2785//678
f 2785//657 2791//657 2792//657 2786//657
f 2786//679 2792//679 2793//679 2787//679
f 2787//680 2793//680 2794//680 2788//680
f 2788//660 2794//660 2795//660 2789//660
f 2789//681 2795//681 2790//681 2784//681
f 2790//682 2796//682 2797//682 2791//682
f 2791//657 2797//657 2798//657 2792//657
f 2792//683 2798//683 2799//683 2793//683
f 2793//684 2799//684 2800//684 2794//684
f 2794//660 2800//660 2801//660 2795//660
f 2795//685 2801//685 2796//685 2790//685
f 2796//686 2802//686 2803//686 2797//686
f 2797//657 2803//657 2804//657 2798//657
f 2798//687 2804//687 2805//687 2799//687
f 2799//688 2805//688 2806//688 2800//688
f 2800//660 2806//660 2807//660 2801//660
f 2801//689 2807//689 2802//689 2796//689
f 2802//690 2808//690 2809//690 2803//690
f 2803//657 2809//657 2810//657 2804//657
f 2804//691 2810//691 2811//691 2805//691
f 2805//692 2811//692 2812//692 2806//692
f 2806//660 2812//660 2813//660 2807//660
f 2807//693 2813//693 2808//693 2802//693
f 2808//694 2814//694 2815//694 2809//694
f 2809//657 2815//657 2816//657 2810//657
f 2810//695 2816//695 2817//695 2811//695
f 2811//696 2817//696 2818//696 2812//696
f 2812//660 2818//660 2819//660 2813//660
f 2813//697 2819//697 2814//697 2808//697
f 2814//698 2820//698 2821//698 2815//698
f 2815//657 2821//657 2822//657 2816//657
f 2816//699 2822//699 2823//699 2817//699
f 2817//700 2823//700 2824//700 2818//700
f 2818//660 2824//660 2825//660 2819//660
f 2819//701 2825//701 2820//701 2814//701
f 2820//702 2826//702 2827//702 2821//702
f 2821//657 2827//657 2828//657 2822//657
f 2822//703 2828//703 2829//703 2823//703
f 2823//704 2829//704 2830//704 2824//704
f 2824//660 2830//660 2831//660 2825//660
f 2825//705 2831//705 2826//705 2820//705
f 2826//706 2832//706 2833//706 2827//706
f 2827//657 2833//657 2834//657 2828//657
f 2828//707 2834//707 2835//707 2829//707
f 2829//708 2835//708 2836//708 2830//708
f 2830//660 2836//660 2837//660 2831//660
f 2831//709 2837//709 2832//709 2826//709
f 2832//710 2754//710 2755//710 2833//710
f 2833//657 2755//657 2756//657 2834//657
f 2834//711 2756//711 2757//711 2835//711
f 2835//712 2757//712 2758//712 2836//712
f 2836//660 2758//660 2759//660 2837//660
f 2837//713 2759//713 2754//713 2832//713
f 2838//714 2844//714 2845//714 2839//714
f 2839//715 2845//715 2846//715 2840//715
f 2840//716 2846//716 2847//716 2841//716
f 2841//717 2847//717 2848//717 2842//717
f 2842//718 2848//718 2849//718 2843//718
f 2843//719 2849//719 2844//719 2838//719
f 2844//720 2850//720 2851//720 2845//720
f 2845//715 2851//715 2852//715 2846//715
f 2846//721 2852//721 2853//721 2847//721
f 2847//722 2853//722 2854//722 2848//722
f 2848//718 2854//718 2855//718 2849//718
f 2849//723 2855//723 2850//723 2844//723
f 2850//724 2856//724 2857//724 2851//724
f 2851//715 2857//715 2858//715 2852//715
f 2852//725 2858//725 2859//725 2853//725
f 2853//726 2859//726 2860//726 2854//726
f 2854//718 2860//718 2861//718 2855//718
f 2855//727 2861//727 2856//727 2850//727
f 2856//728 2862//728 2863//728 2857//728
f 2857//715 2863//715 2864//715 2858//715
f 2858//729 2864//729 2865//729 2859//729
f 2859//730 2865//730 2866//730 2860//730
f 2860//718 2866//718 2867//718 2861//718
f 2861//731 2867//731 2862//731 2856//731
f 2862//732 2868//732 2869//732 2863//732
f 2863//715 2869//715 2870//715 2864//715
f 2864//733 2870//733 2871//733 2865//733
f 2865//734 2871//734 2872//734 2866//734
f 2866//718 2872//718 2873//718 2867//718
f 2867//735 2873//735 2868//735 2862//735
f 2868//736 2874//736 2875//736 2869//736
f 2869//715 2875//715 2876//715 2870//715
f 2870//737 2876//737 2877//737 2871//737
f 2871//773 2877//773 2878//773 2872//773
f 2872//718 2878//718 2879//718 2873//718
f 2873//739 2879//739 2874//739 2868//739
f 2874//740 2880//740 2881//740 2875//740
f 2875//715 2881//715 2882//715 2876//715
f 2876//741 2882//741 2883//741 2877//741
f 2877//742 2883//742 2884//742 2878//742
f 2878//718 2884//718 2885//718 2879//718
f 2879//743 2885//743 2880//743 2874//743
f 2880//744 2886//744 2887//744 2881//744
f 2881//715 2887//715 2888//715 2882//715
f 2882//745 2888//745 2889//745 2883//745
f 2883//746 2889//746 2890//746 2884//746
f 2884//718 2890//718 2891//718 2885//718
f 2885//747 2891//747 2886//747 2880//747
f 2886//748 2892//748 2893//748 2887//748
f 2887//715 2893//715 2894//715 2888//715
f 2888//749 2894//749 2895//749 2889//749
f 2889//750 2895//750 2896//750 2890//750
f 2890//718 2896//718 2897//718 2891//718
f 2891//751 2897//751 2892//751 2886//751
f 2892//752 2898//752 2899//752 2893//752
f 2893//715 2899//715 2900//715 2894//715
f 2894//753 2900//753 2901//753 2895//753
f 2895//754 2901//754 2902//754 2896//754
f 2896//718 2902//718 2903//718 2897//718
f 2897//755 2903//755 2898//755 2892//755
f 2898//756 2904//756 2905//756 2899//756
f 2899//715 2905//715 2906//715 2900//715
f 2900//757 2906//757 2907//757 2901//757
f 2901//758 2907//758 2908//758 2902//758
f 2902//718 2908//718 2909//718 2903//718
f 2903//759 2909//759 2904//759 2898//759
f 2904//760 2910//760 2911//760 2905//760
f 2905//715 2911//715 2912//715 2906//715
f 2906//761 2912//761 2913//761 2907//761
f 2907//762 2913//762 2914//762 2908//762
f 2908//718 2914//718 2915//718 2909//718
f 2909//763 2915//763 2910//763 2904//763
f 2910//764 2916//764 2917//764 2911//764
f 2911//715 2917//715 2918//715 2912//715
f 2912//765 2918//765 2919//765 2913//765
f 2913//766 2919//766 2920//766 2914//766
f 2914//718 2920//718 2921//718 2915//718
f 2915//767 2921//767 2916//767 2910//767
f 2916//768 2838//768 2839//768 2917//768
f 2917//715 2839//715 2840//715 2918//715
f 2918//769 2840//769 2841//769 2919//769
f 2919//770 2841//770 2842//770 2920//770
f 2920//718 2842//718 2843//718 2921//718
f 2921//771 2843//771 2838//771 2916//771
